Call: rda(X = structure(list(PCo1 = c(-0.105324758909984,
-0.400873242957443, -0.457637609399218, 0.248173482937293,
-0.46677543132504, -0.26137274801665, 0.297847622378116, 0.175672694999162,
-0.233077815842137, -0.263568562693912, 0.0311802635447922,
0.335933917142706, 0.225962174133681, 0.149789155748887,
-0.556117037485656, 0.0694821392603452, -0.198675469346171,
-0.150601562410049, 0.267233299820339, 0.249476095911484,
0.174657479574414, -0.196184638998287, 0.213742146091607,
0.314100275685524, -0.0567613382264294, -0.533309575581332,
0.186870952972176, -0.559763270000234, 0.282678987500174,
0.282786556222863, -0.351385774804734, 0.278402551855312,
0.272816780504567, 0.216257593852678, 0.15652447317618, -0.14979421953443,
0.197700791015293, -0.443212709602034, -0.142299142298351,
-0.369780569952801, -0.104953306172272, 0.0516339237418602,
0.201899043308297, 0.0865658066669003, -0.51202534047065,
-0.00640424070749197, 0.26767919038891, 0.286168818349697,
0.363407744406394, 0.133160591637865, -0.0228435132033098,
0.309244077917618, -0.394428385146275, 0.303449495461795,
0.210342771935037, -0.546113514035786, 0.179770264717837,
0.118428627919787, 0.0866660617701465, -0.569514872868045,
-0.357869073744616, 0.222561063005129, 0.267666384787742,
0.328427893493356, 0.191233329773653, -0.15411165302009, 0.298916751779208,
0.158895531803618, 0.288792649422806, 0.121588345915028,
-0.495403302839868, 0.287082915305908, 0.311141461076703,
0.105539037474964, 0.223398436084407, 0.101776116711624,
0.0591366242778829, 0.0551038194322284, 0.0125467872206694,
0.335821670206698, -0.203574543329761, 0.162267156687701,
0.256715289450178, 0.250707046895788, 0.31210215353601, 0.167000517672258,
0.196319614072128, -0.469889011769988, 0.274394555018898,
0.311155909529168, 0.310154870735436, -0.439296189329226,
-0.297821477762901, 0.295441832666978, 0.176638935928529,
-0.144134799659519, -0.37654537582467, 0.334974637323589,
0.202848351693593, -0.105370733151241, 0.331868159065044,
-0.412424014498374, 0.204988786003212, -0.104551711412029,
-0.34120910925014, 0.146788072632901, 0.0154310255311332,
-0.303988323035016, 0.297382927020705, 0.216460192742273,
0.0973514294134572, 0.238648990477728, 0.00594263869038796,
0.218134577818209, 0.323906653358174, 0.158845049944149,
-0.513235862065426, 0.149378800221753, 0.143515985753302,
0.192802614724487, 0.246641027139588, -0.241920087222251,
-0.433866250512351, 0.303520662199008, 0.0328253581066967,
0.207782058501921, 0.293261634440441, 0.288916919878001, 0.216011763719902,
0.315362568580978, 0.225241289942286, 0.214776296963945,
0.0373332188880943, -0.173680274953206, -0.0450933154670633,
0.189291331989537, -0.475303687195896, -0.0605460811927436,
-0.135064488085277, 0.100890534652967, -0.377039531885216,
0.239939829935151, 0.316657708330067, 0.0348076490411958,
0.0189190093854882, 0.273191957854592, 0.0979523785994514,
-0.495714887042354, 0.297379050909041, -0.487157315746593,
0.226489864470921, -0.102687471278433, 0.240657214848266,
0.0131864561352666, 0.108825646744617, 0.13924502918848,
-0.511447326353685, -0.387360671080639, 0.202602069005407,
0.176704546998879, -0.536818162500486, 0.175912531679546,
0.0436302409782225, 0.245856151756995, 0.167889473433575,
0.165142144608965, 0.269874597561476, 0.205420741087124,
-0.335922113202445, -0.119789850588397, 0.215157378041826,
0.233138866012882, 0.235490617431505, 0.28428178488272, 0.24596184390876,
-0.413689813610054, -0.195399227693661, 0.259404055104816,
-0.122411670729322, 0.236657079552006, 0.233300469127394,
0.210736547306511, -0.531031993953976, -0.045208420414871,
0.224862593484651, 0.178483093321377, 0.0794622179383414,
0.267098989926441, 0.262973815560174, 0.00152171448440405,
-0.329271340208599, 0.286649439992765, -0.209145561454663,
0.30426571673841, 0.312944845003134, 0.108728671264879, -0.203262995726767,
-0.449797198036373, 0.183620373747092, -0.082962843954879,
0.318873202263093, 0.256401056841292, 0.0601458167853206,
0.0812886827934296, 0.145972287074341, 0.209301276483518,
0.247852385301803, 0.129237388404075, -0.577041931222157,
-0.0168811406212436, 0.23515537552059, 0.284331909426611, 0.2272998837415,
-0.554428946683225, 0.285405325950349, -0.453404038537334,
0.26501260141438, 0.20972438640096, 0.00378625752578556, 0.128560135295261,
-0.431608411336447, 0.327719829666551, -0.491219210423363,
-0.159949264265288, 0.23663203533864, 0.363757846008756,
-0.418522087425336, -0.0168410180394784, 0.197560464235791,
-0.105420009180834, 0.243597808099549, 0.18234889695596,
-0.539020476844865, 0.343596034710631, -0.558045981216326,
0.299363610425972, 0.310058493124777, -0.498722391812463,
0.242925249977432, -0.41432929534167, 0.151829822083824,
-0.0315249218997493, -0.414168456830018, -0.398872780230381,
-0.281317084150178, -0.559464936928546, 0.0954946117541727,
0.229510322434158, 0.301206263134381, 0.28488112993176, -0.113972755227995,
0.264849196006813, -0.276929033504366, 0.322733566048646,
0.106631820054825, 0.238779068586899, 0.266359548685165,
-0.127507159857974, 0.187533480575814, 0.260841021185516,
-0.0901272975572133, -0.523212025003793, 0.050167334478182,
0.188653635156074, 0.155728840997045, -0.548857157499078, 0.10356123189524,
-0.355235553156022, 0.196193434560303, -0.528964944134994,
-0.460649601831246, -0.525106292954803, -0.23008364729406,
0.00704363432152914, -0.442158453604754, -0.559725995610197,
0.302801267812316, -0.317400427893069, -0.161825232438454,
-0.532998708878778, 0.291959550098624, -0.534263618794501,
0.251602350615322, -0.0440852584734606, -0.277930003855772,
-0.552153995064043, -0.125571801258859, -0.278496556913193,
0.193189415664023, -0.094504454262242, -0.483080975492085,
0.0803614868648164, -0.0284201551665403, 0.353621913261466,
0.0375194608244072, 0.203822683742656, 0.29667536708776,
-0.552838008765127, -0.539008422952443, -0.223915791321398,
0.299942044465752, 0.134760903318797, 0.173285075848452,
-0.373414419863495, -0.15758175399942, -0.52580726522444,
0.140647932513613, -0.557963886805464, 0.235370725591503,
-0.368514310809016, 0.317257867923765, 0.253112209271249,
-0.458529380819412, 0.222044933898319, 0.221639145686745,
-0.13160087454915, -0.352971451449662, 0.320532572298366,
0.233050020611962, 0.306844462270491, 0.266058127313217,
-0.134445663416351, 0.177013802678423, 0.321028280837001,
0.265160002355724, 0.184635441887974, -0.0610408019890745,
0.270037237180092, 0.123803872966114, 0.127926290924649, 0.262635988792333,
0.357007048338259, -0.292164894037407, 0.136381708245292,
0.171917806512932, -0.00742464385687695, -0.0515564898857636,
-0.53680962036613, -0.330924831651591, -0.315661249851518,
0.212031454028115, 0.299769400754847, -0.291742595426263,
-0.453848012291928, 0.168476999114379, 0.0498470209718198,
0.241008471304379, -0.42819679784299, -0.0322331075994427,
-0.468555755178313, -0.132058426753178, 0.25028168622461,
-0.529094956032504, 0.232463310886756, 0.289995246088395,
-0.522378125019718, -0.447600824881912, -0.159107087038942,
-0.103770242930332, -0.0874556108098746, 0.106377737755338,
0.228576690738104, 0.290087304388838, 0.266925160873188,
-0.0479627389682117, 0.320661294278197, -0.396156365041278,
-0.194736859253861, 0.208117109210978, -0.505200035701611,
-0.265692303504063, -0.252644490730909, -0.136629893369245,
0.124467691073621, 0.149508900421873, 0.328778809523856, 0.287223442004821,
0.22362353381867, 0.275034178139131, -0.55093548608175, -0.410759905900347,
0.254506963535375, -0.412353391424044, -0.482216127103394,
-0.283582259316623, 0.0680336534485529, -0.218870965863376,
0.075774605636263, -0.0440255850184055, -0.532601572155566,
0.187181506491593, 0.275389888754658, 0.064030422877408,
-0.521816538061489, 0.253774869426815, 0.309557640703642,
0.118004228751833, 0.251286903859244, 0.229134631130906, 0.287491001094536,
0.231799742230833, 0.00102438855943636, -0.0907695188081981,
-0.515917477616239, 0.296407528642083, -0.0674838375110583,
-0.381564122154934, -0.0383432329836691, -0.409416043388088,
0.313741729076415, 0.346353148396371, 0.255194528216329,
-0.543642627818979, 0.14270084622393, 0.18721153094647,
-0.00974726293461109, 0.130412605654597, -0.447018457711201,
0.128192904314182, 0.0362233648256497, 0.0380487481634887,
-0.308312552468978, -0.0517445419308645, 0.354745442756385,
0.193805915932254, -0.215301249615374, 0.225701066160073,
-0.529246048742725, 0.170616989982916, -0.13966565930587,
0.264018901442849, 0.124235171669735, 0.255961963944945,
-0.511960738307728, -0.142286789289277, -0.429882648999607,
0.330899017734164, 0.178062905735194, 0.137168400570314, 0.168720778755004,
-0.112769984657578, -0.46103078935244, -0.17330162414578,
0.203175587958348, -0.407195000991719, 0.264522272603597,
0.246359413769693, 0.0807606659418909, 0.122775924738423,
0.229824756456453, 0.0656621597631989, -0.16528762770194,
0.0402311403557067, -0.546859267029052, 0.0953659726607001,
0.14101677747693, 0.266170028605467, 0.227393976174424, -0.330544076111135,
0.294416905296108, -0.121474539604342, -0.359535680012648,
0.168070745137359, 0.243022126603269, -0.471008953368658,
-0.0723206489727755, -0.427886359251912, 0.00808979131196794,
-0.234944102719609, -0.0168275098559047, 0.340053493525751,
-0.312048311673828, -0.0851727565416787, 0.247925623181756,
-0.546674326853933, 0.254215817056037, 0.217170168407959,
0.230482748806933, 0.102335079516667, -0.196319449056811,
-0.480022728875005, 0.0570004920370906, 0.17523845013304,
0.143692268170625, 0.313883962588239, 0.240185393121212, 0.231316246230718,
-0.0585946570871196, 0.125900421093524, -0.134312354691607,
-0.529615083684973, 0.0874686007986148, 0.022813237969574,
0.282081218689124, -0.525536517958197, 0.275275238979058,
-0.541723566165462, -0.52168449897438, -0.539479325402298,
-0.100552860344415, 0.173155636469143, -0.497876540240938,
0.140820314973591, 0.260965569637332, 0.261412708512218, 0.30497455555366,
0.237340546085749, 0.319235891411666, 0.140886302324455, 0.244938995379108,
0.251593836008005, 0.24373935305499, -0.321419780525073, 0.196936737131232,
-0.445696236599542, 0.281141081305791, 0.259498852819596,
0.319556159932932, -0.284292979803925, 0.200990400947193,
0.221745553098442, -0.414273471073122, -0.450271711153809,
0.317819682851268, 0.30336843709607, 0.0251798783039602, 0.233435016159087,
-0.377128746659595, 0.314298466811448, 0.287728672808748,
0.0143984299620154, -0.28221078392623, -0.382358713193253,
-0.267518854414108, 0.295488294195959, -0.0788162212476304), PCo2 =
c(0.0617632910186773, -0.0428246202744939, 0.0168396977608932,
0.412810381614922, 0.17317314807243, 0.103148398513975, 0.31907935864885,
-0.345848153329548, -0.104876857981051, -0.011957368645053,
-0.158425827416659, 0.0413697302961969, 0.0161678836102387,
-0.334904108168834, 0.0972726709233856, 0.058116516466462,
-0.0506941065419928, -0.0622280064129377, 0.0236923932973074,
0.34290318646874, -0.211195397978172, 0.0591698821684527,
-0.31929130406514, 0.0466394856298821, -0.302174566310801,
0.068716723596855, 0.0249429424083508, 0.0975934578823503,
0.0628639382727425, 0.23228589935233, -0.0509432109870099,
-0.118711864792951, 0.23779633138602, 0.0532337549720216,
-0.437047069371406, -0.259908524629763, 0.369031336121881,
0.0319429808232787, -0.238208617988185, -0.0681250506298894,
0.309986447299502, -0.142521935299529, -0.316663552875836,
0.0353887561896987, 0.0548256297202583, -0.316968005955761,
0.108164073755611, 0.180084813246488, 0.0824707083361326,
-0.346749495457984, -0.239517974185164, -0.0184021859425234,
-0.0145483998431079, -0.208711206294162, -0.278888722826783,
0.0842812114404213, 0.0292073950272393, -0.392448870932771,
-0.0640712373826672, 0.110526646846401, -0.110806161292331,
0.153002168731501, -0.0104679150919731, 0.159359349671279,
0.217721358460496, -0.185232377381336, -0.0278389169775246,
0.0802301910016321, -0.0980211993301061, -0.0362119750931067,
0.0793790778790623, 0.309157159590641, 0.212375274774195,
-0.239716306494258, 0.204500293039997, 0.031645399070878,
-0.225798217394275, -0.0991624994347587, -0.100690390988598,
-0.128541410151587, 0.0591025917335397, 0.035977726018178,
0.464635311224693, 0.377917086348693, 0.377015834405567,
-0.379888462163077, 0.0937627233106171, 0.0551622554346535,
0.059524317089175, 0.15194949960976, 0.137591160535807,
-0.00501753510328764, -0.0404477055231808, 0.292072696370608,
0.210349152232289, 0.0618762620624461, 0.0629394340990843,
0.00490232522022385, 0.0326109805452921, -0.00614027610678006,
0.293798241444466, -0.00909032611471016, -0.185085980233644,
-0.347732542126982, -0.0487609326364027, -0.0591207960872389,
-0.00786773588905861, 0.279921434541293, -0.10700288028389,
-0.240150399734493, -0.0844692414055698, -0.166598825772793,
-0.0514280281207206, -0.205127100976766, 0.341671442831319,
-0.142718671021663, 0.125411539858996, 4.47293238155671e-05,
-0.0230884077525603, -0.312064081881786, -0.194257608528515,
-0.172797787533077, 0.0105948048223917, 0.454519199597621,
-0.0417564368783971, -0.0554956640037366, -0.141038714778632,
-0.181289587878555, -0.170931904338718, -0.0921687070028353,
-0.194286052177911, -0.246948110068281, -0.264239205220834,
-0.0180988140251788, -0.0288259106452359, 0.0733077867044274,
0.159821542746575, -0.344861661517931, 0.340936101458482,
0.0344948091896595, 0.00221514004015684, 0.0545822995281516,
0.135388210094129, -0.155864086754839, 0.166142295208161,
-0.178526682313818, 0.150450157642923, 0.0932245690902202,
0.216190209751021, 0.0539744285612526, 0.0606874626935819,
0.423116166117164, -0.260946479500417, -0.183175321751504,
-0.22513465137491, -0.184803483960146, 0.0619443543392694,
0.00512138029197856, 0.0821790724798469, -0.160513123919102,
0.0838618815107685, -0.264516096753003, -0.289534845160606,
-0.0871686136393457, 0.0749712874001526, 0.0797067526924419,
0.366087285930275, 0.117413738748038, -0.113665062267757,
-0.120431597223073, -0.257856229006423, 0.299892557985196,
0.279466368158937, 0.326368537285958, 0.126068344081657,
-0.0374060180096639, 0.127816579887711, 0.247285623409113,
-0.0441930797629563, 0.0369453747489049, -0.00722583587911093,
-0.222446264778065, 0.069128390111843, -0.269633499428494,
0.436956629894424, -0.326917841629302, -0.323581603886482,
-0.0417733000478577, 0.432056379227526, 0.150051062385788,
-0.103188629494036, -0.154846693431202, 0.0998290048943583,
-0.142000380684773, -0.131717040989796, -0.201270239091609,
-0.249029690324752, -0.0128130727658021, 0.164718160213802,
0.294125851279629, 0.425348659113113, -0.21548369177606,
-0.134328316176429, -0.248053256474408, -0.411961654104777,
-0.329284842864892, -0.13345350987237, 0.122631523570538, 0.11167946197465,
-0.234274343433497, -0.251011100849642, -0.0229012014031411,
0.0194150801395267, 0.0856950258403051, 0.24054352709594,
0.00628680597776521, 0.00265591039640577, -0.344262736937813,
-0.325487664930387, -0.28357172440056, -0.0216729546477183,
0.243606203270842, 0.0855535028283786, 0.173610027549112,
-0.25134847766793, 0.00192509405103648, 0.00789721583836947,
-0.389308764435994, -0.118384321043589, -0.113367334952652,
-0.0936917571694986, -0.403386310183495, 0.108496044382065,
0.156352859245639, 0.121233440081584, -0.140665056645893,
-0.0638456725545258, 0.122207254939444, -0.168291676172266,
-0.0431348752185982, -0.407000955261215, -0.0413841704545713,
-0.0157497333935886, 0.0214342833143315, 0.0114644749175044,
0.092456804675838, -0.203158837262083, 0.257436630859301,
0.339995715168606, -0.0200204018348151, -0.21476192122869,
-0.0924169310399079, -0.0767714242091441, 0.14848140003041,
-0.289282333880724, -0.147042430261356, -0.270954146861027,
0.409903187266233, 0.147272988420198, 0.21504839268399, -0.204318782462867,
0.0450718883642894, -0.21236546601135, -0.285863113012947,
-0.349864804283449, 0.077442052263451, 0.119583877632725,
0.0753920979734872, 0.206441471365032, 0.0883673611130944,
0.055482504942135, 0.108476555094285, -0.142876396577046,
0.0250581160295024, -0.00419409204729244, 0.098020110618187,
0.420639855161409, -0.0652355006919411, 0.0226858462213921,
0.122686877582328, 0.179549585614206, 0.0743865075925737, 0.13725905934617,
0.0270740789142832, -0.0570404381957126, 0.10078185586935,
-0.12766800167573, -0.0300825345163658, -0.339422782798019,
-0.225339771420039, 0.045663390604626, -0.230811583678827,
0.335645190191701, 0.11596033245348, -0.0867431180644132,
-0.37473775581205, 0.312747781412362, 0.116036780207037,
0.0759994942253468, -0.120244742100341, -0.0712923367038123,
-0.234889679931895, -0.123476704468402, 0.0839616667649103,
-0.329988773277572, 0.0594484063707352, -0.272589003651966,
0.110229950929033, 0.337142294105558, -0.0828254818935459,
-0.0386926823329435, -0.224899725621602, -0.0167423900445128,
0.336108552343494, -0.113601262114158, 0.213605485474061,
-0.0441610636458162, 0.192864072865188, 0.246582777621723,
0.0778235150232131, 0.438464393085753, -0.00985292572312103,
-0.301094792748809, -0.0412369704070054, 0.222489239004464,
-0.334787296640473, -0.0991728370241764, 0.398036129589932,
-0.245229851326862, -0.114525815866623, 0.1138879726666, 0.256105180128928,
-0.0822538161484677, 0.0231616411888979, 0.0313157749904671,
0.0778497151399772, 0.108346283122157, 0.126267379091753,
-0.148108893863378, 0.136569186584593, -0.0626912360039549,
0.28837181039559, 0.134138015302861, 0.0555218154239469, 0.218098550286331,
-0.0807098422624794, -0.117406655133833, 0.0127252963513354,
-0.2735254847433, -0.00437261865434126, -0.0876245448604537,
-0.127394367480718, 0.0688604159578379, 0.207207383151064,
0.176533279624258, 0.0508108977807715, 0.0280374752696529,
0.309243448377996, -0.0966289784126532, 0.34227346851659,
0.405257322653607, -0.081360851198981, 0.400331354592143,
-0.00426433089167836, 0.366161849111341, -0.0930975204247956,
0.0350015667839232, -0.245282470397766, -0.279911615700276,
0.0439195995798853, -0.149489620597787, -0.00693570704312428,
0.335944867163139, -0.145290737588692, -0.245742768629827,
0.0655999161120539, 0.161521078582121, 0.270480901068679,
0.429607817310617, 0.11158395461489, -0.0154146795835785,
0.457244888005454, 0.171865734368719, 0.0713412062463182,
0.0558395854789364, -0.434329293300884, 0.0552028619444946,
0.0744150518085568, -0.130256227272508, 0.0742513334912638,
-0.415866332175139, -0.0688754299874155, -0.267491404893367,
0.0904948201633579, 0.279267559701945, 0.153678571794182,
-0.346679400785973, 0.113438851332615, -0.267240670009509,
0.362522944598349, 0.00160662218724682, -0.244685497758869,
-0.0600544129271538, 0.0305543731167674, 0.411449456194934,
0.249551359902885, -0.0145988372566915, 0.0166003281727938,
0.022898963638218, 0.0067612819054515, 0.0742920608701668,
0.270711962977996, 0.0815342917263376, 0.209929928367345,
-0.296907475632128, -0.0794517081505395, -0.373725109254968,
-0.016286204628272, -0.243681392497373, -0.299282507033958,
-0.183476100693723, 0.0645353962455511, -0.0122188578013965,
0.21506297775199, -0.243623885412518, 0.240992150883862,
-0.302531940202119, 0.0667168380078047, -0.197950620510392,
-0.267073701507069, 0.172642408022931, -0.305210174859442, 0.3563989448611,
0.0817783124204362, -0.108470657730668, -0.0404672502709307,
0.338474786010079, -0.311050817018662, -0.174374096871708,
0.21097524992905, -0.296596434920687, 0.0536743133790234,
-0.0414357194864972, -0.0831420913307062, -0.0267843276388494,
0.0210401005167822, -0.237396818947658, 0.215892094656016,
-0.233416642160348, 0.28707196773265, -0.218812909226318,
-0.025485293560298, 0.0271934732987981, 0.109046823294852,
-0.0707632117695551, -0.117757419316497, 0.351011311213919,
0.194771554302511, 0.23193430237039, 0.263224173036406, 0.0782428396911249,
-0.112814205336743, 0.183589102588481, 0.20588845455387,
-0.00422246087591497, -0.379722086505196, 0.0153676557370949,
-0.213463806434321, -0.175711557232172, -0.216794134612706,
0.144930444388312, 0.137039066795668, -0.286245680658323,
-0.13948528754769, 0.0901561364561949, 0.400553483271567, 0.22818690166081,
0.100868777855794, -0.0330320578352013, -0.133616249619931,
0.0596994618685224, -0.0240170184078258, -0.221208517665327,
0.319259997390341, -0.152503227645711, -0.238045489754529,
0.17714964786529, 0.291903963407007, 0.246040625344112,
-0.0837857865956706, 0.105025133866957, -0.2421429669561,
-0.256162237280454, -0.0479651119769926, 0.0500024600315421,
0.224584891394773, 0.0653689019203955, 0.0742724609476322,
0.0807126960735424, -0.307696026405756, -0.237169425046749,
0.0976586459017228, 0.274801347110734, -0.0603248441397988,
0.212586372305595, 0.405361535568649, 0.390147902874634, 0.252160412739342,
-0.408706763236301, 0.0640277099668122, -0.186068461157677,
0.123234676318287, -0.0746219693966283, -0.302198911036372,
-0.00811458879051616, 0.171432623780721, -0.162667978245492,
0.46854055003614, -0.0684936681135679, -0.310470200140693,
-0.170841794656883, -0.0232183867881135, 0.0160173539308785,
0.0766454906119726, 0.103325792908462, -0.241074976018833,
-0.239629335216453, -0.0706289162220647, -0.110178698866669,
0.0208484164946902, -0.186034589384736, 0.061735093954442,
0.0142467379851784, 0.136252550251543, 0.228801907221915,
0.338065994754629), PCo3 = c(-0.149659706565246, 0.0857483003816823,
0.0452265364855459, 0.0403082417974526, -0.118044125331612,
0.0394325604936195, 0.0417597668295472, 0.000932525566710516,
0.239784574009472, -0.0410981756282199, 0.370163704086243,
-0.256672239591612, 0.234234740013378, 0.101950992031801,
-0.040136310743771, 0.11315161832632, 0.0468335965799627,
-0.0972242538928063, 0.020720210898257, -0.0283493968780808,
-0.0905844019115078, 0.0952755253165659, -0.0244873512349177,
-0.218036249496203, -0.270788800529526, -0.0457491723920456,
0.0131543776081812, -0.0851330866162735, 0.145489299011415,
0.187888464721058, 0.0980935288226193, -0.154040644951293,
-0.0461354911375595, -0.291157574425564, -0.10978270987898,
-0.150829131527734, -0.0609187545997213, 0.0304370562260604,
0.0831242070149386, -0.202965785869865, -0.121881409777377,
0.359734248358034, -0.19558395030941, 0.165218717259054,
-0.0382203012187078, -0.103288923000156, 0.23997739477152,
0.0507704736214994, -0.0789437378583684, -0.0638970042324089,
0.417990803760408, -0.235195615755412, -0.0816949876785821,
-0.100914774276188, -0.0963286722542816, -0.067812769888138,
0.0734875020202272, -0.211123779841565, 0.0777296096457506,
-0.0862603665738524, 0.154576858868428, 0.06529296642116,
0.0880909727317044, -0.233877870211563, -0.227852405456864,
-0.0334081430908683, 0.0754913651564983, 0.230309510637135,
-0.198185075774828, -0.248350945811287, -0.0391772357733379,
-0.0790238801113999, -0.108192083390565, -0.111551702123771,
-0.0777712635777239, 0.26410245527643, 0.383302007424605,
0.250162272172677, 0.166863978077613, -0.102900145946611,
0.00157881116852794, -0.0174191085137963, -0.0351573448336547,
-0.0228843884274541, 0.00174371572368465, -0.11829965381497,
0.177442474365443, 0.0712808963320221, 0.278495768697571,
-0.0406633182068023, -0.155417993548639, 0.0728062582474691,
0.0727639533512123, 0.0435065159983261, 0.112266095185722,
-0.0612422769956909, -0.0789109115915056, -0.255568464980266,
0.329824113312969, 0.0335732380423318, 0.0683031677531843,
0.0721445732790103, 0.185140642461068, -0.0551655467291966,
0.204792270041343, -0.0696196544600999, 0.114779950826156,
-0.108556106351036, -0.203344149623512, 0.013674372257411,
0.321133125856243, 0.0815615545337979, 0.315233278513268,
-0.217840082568615, 0.0710328778992652, -0.0414389494999445,
-0.0964792828150203, -0.0221487305790995, 0.353855618097901,
0.0191307176656381, -0.068750378098454, -0.0927486266709931,
0.0197225568823032, -0.023666360969823, -0.0595035423300228,
-0.157734313766062, -0.170392918581918, -0.122825895290404,
0.0827053020308464, -0.222518025055091, -0.25297511252078,
-0.344001353222042, 0.480321746623664, -0.259945786923852,
0.164695604708114, -0.0419843173395924, -0.0955856111274049,
-0.216285703476209, -0.130303609533344, 0.186658905012085,
-0.0667177256515591, 0.140842932904488, 0.200426819152495,
-0.158429992402252, 0.0138569713520316, -0.0689383528954689,
-0.0409782810959242, -0.0864797139571758, 0.097002492681133,
0.000243149273551861, 0.117375358665718, -0.120432600773071,
-0.00784376988002437, 0.233627731203193, 0.0944340339865026,
-0.0128354058996263, -0.0439038524417205, 0.0364466871080818,
-0.016971722783205, 0.108831213395551, -0.0672863127142146,
-0.281892004367142, -0.155705833328007, 0.184055987023201,
0.111869809801727, 0.0139000102583848, 0.00216849286163031,
-0.0305193660031481, -0.122187733673629, -0.176962678661971,
-0.203765365500492, -0.000582790675480513, 0.00725833852488897,
0.0574815263313988, 0.268145336864125, 0.104246944779451,
-0.0393927009518865, 0.10206924469191, 0.0205908742870436,
0.227851924481954, -0.0990786003417904, 0.0132633635902974,
-0.0598194198180118, -0.0981920022161222, -0.00627486683469776,
-0.153554798996763, 0.086810455093135, -0.0953302824040209,
-0.00755202634129018, -0.0859037318554815, 0.168828733800583,
-0.0731954088930069, 0.018706670016973, -0.14938122556404,
-0.0306212107481795, -0.23753900511955, 0.03380626275567,
0.0199339856668632, 0.157726557442144, -0.159530305293496,
-0.0151446126964249, 0.015659001200124, 0.307815207996013,
-0.332753827046473, -0.120469084492824, -0.15425451125547,
0.0796807258002308, 0.0148113500166901, -0.105723782289143,
0.419426829188647, 0.0204219968214632, -0.190334933500074,
0.218842034298764, -0.0917291169736698, 0.0848447589566885,
0.00945890799131567, -0.0500158478715252, -0.05941673090492,
-0.109616787446835, -0.187881354228977, 0.0403984410854421,
-0.214889550486458, -0.0494300178874301, -0.0216918053574827,
-0.127701111784955, -0.141243262811658, -0.0468054933544457,
-0.192188095742407, -0.154190879887887, -0.200140957791675,
0.211827598945167, -0.0321170607632253, -0.0704460427121743,
0.028430864224335, -0.0904420383197815, -0.0900959671028522,
-0.100462705791887, -0.0943023104676517, -0.287988882036958,
-0.295879840301092, -0.172738226140337, 0.202145714401204,
-0.132616081325172, 0.0522956762948632, 0.0673029127036865,
-0.0786944196936759, 0.230432628481314, -0.0989735988329379,
-0.044039392097066, -0.119826987047914, -0.196977503405635,
-0.0565353734412354, -0.0702349916538364, -0.244744079001026,
0.151959706689354, 0.164144566123824, -0.0519151022124139,
-0.115138055660294, 0.180174252215312, 0.159737745761782,
-0.268369662646404, 0.00805948521226179, 0.4502942822771,
-0.130384789376506, -0.248621449702854, -0.0760011351735219,
0.125837183694305, 0.0162672867830808, 0.0319624941139083,
-0.0617312878836597, 0.0281085024294781, -0.0716099652635459,
-0.0563581928297563, 0.0604958282507545, 0.0238623430384198,
-0.0997940448974143, -0.0596153591804722, 0.150973287402807,
0.121118109398614, -0.106395233121834, 0.187845567993967,
-0.00665289736781459, 0.0491593238277544, -0.000557331527766754,
0.12133580135251, -0.0856068939704205, 0.249791327293574,
-0.144503003363822, -0.132764212814152, 0.0738218798852715,
-0.00525239974473296, -0.131786278173581, -0.0742987733963596,
-0.232764614897883, 0.333332363426688, -0.118077039495352,
0.116086575368475, -0.0862710817303743, -0.0956612935141258,
0.200468492807998, -0.177980818804447, 0.140452068158286,
-0.337316502396759, -0.00588252494308264, -0.216884136879582,
-0.0574617325736911, -0.259159456543697, -0.0826865940842341,
0.0147097852932641, 0.134782676992521, -0.145221160425031,
-0.165554112252904, 0.0471312492719469, 0.074369931982391,
0.00331625614419076, -0.0779682774691861, 0.000641829577033602,
0.0290950338947507, 0.151476487404012, 0.12272312771234,
-0.0125050458127352, 0.0824948382100902, -0.25470716301857,
-0.169636466919474, -0.130572844522433, -0.239938535101256,
0.298539049227668, 0.023221902948479, -0.209217324265035,
0.294144524519333, 0.182612424017446, -0.211260759483998,
0.214702155009285, 0.166806174521611, 0.197496734873017,
-0.157012532587694, -0.0922267305129913, -0.0826471268861115,
-0.189239855951461, -0.0421530203792217, 0.0259177736591425,
0.0624900938779838, -0.111805788470576, -0.0147571277579179,
0.106113038022422, 0.0840896614546197, -0.246820108440441,
0.00833508702994356, -0.258596009381226, 0.0114250033524386,
0.287608635018007, 0.117399770999947, 0.00341973183605633,
-0.00418874851432694, 0.184557012049079, -0.00947601733269251,
-0.0267063076135122, -0.034520652301439, 0.257671123858563,
-0.0769206150799198, -0.0670591642702768, -0.2228926780988,
-0.0351821193954906, -0.11621443036333, -0.0267042534842036,
-0.120892767702185, -0.139061567925943, -0.131466108796573,
-0.0703879320784742, -0.0176360775398196, 0.270001369108939,
0.125822024414316, -0.122863434992707, 0.378755716226097,
0.184469853394913, -0.125379614418568, 0.217016244152721,
0.0195147015933866, -0.000529095961004306, -0.0862977254511534,
0.0764565816560736, -0.0283371855318197, -0.0979543127107556,
-0.070212805101747, 0.0742072938571006, 0.024945904843461,
0.109399269763263, 0.0508623860803279, 0.351515594156498,
-0.0778531260004526, -0.0719483722428956, -0.138280380458253,
0.27844423775234, -0.067084267995318, 0.033999182034549, 0.101704889398726,
-0.197737418850506, -0.139663242607012, -0.0117170588898716,
-0.0492900206421006, 0.0779996954391198, 0.454151169452075,
0.184268579283735, -0.00900904920083916, -0.0613844663161783,
-0.0175464473692318, 0.056759846961428, 0.0888293420920295,
0.0300810927812238, -0.243696411890177, -0.0674417474114952,
0.0479572893625447, -0.0622047910082309, 0.106337598856226,
-0.0361847060506697, 0.339288796722237, 0.00111556265339611,
0.109713044252016, 0.246654165446228, 0.101165515762711, 0.440421037372512,
0.0551520450142836, 0.236404536781886, -0.0535191200308671,
-0.141870238814834, -0.0490484167014198, -0.108460936661606,
-0.0381968212342914, -0.157226363824459, -0.255397488701693,
0.0799064566463652, 0.0552240805229344, 0.0522844687102881,
-0.063523879463565, 0.274142962877012, 0.118276688821345,
-0.0792122021314389, -0.101837000063297, 0.247759649030004,
0.129897259415907, -0.113971614952263, -0.0394111658345763,
0.190444103100958, 0.0119448593596777, 0.0833033526551943,
0.0398748288683878, 0.00181615521280147, -0.132914582563677,
0.205498856181769, 0.025246593776461, 0.434558137077997,
0.0722030792888496, -0.0916256140712041, -0.102541150384387,
0.273772839181853, 0.0774452838147964, 0.0277702171996228,
0.113962587234132, -0.0902797203394204, -0.030008128687987,
0.0787854376290992, -0.0151576783181312, 0.0774546135721293,
0.0513480784580066, -0.0129019674353259, -0.102627116481028,
-0.163361404439759, 0.486126335533094, -0.377493633743273,
0.442993124109729, -0.308240280370707, 0.00999711977659933,
0.0233729495383994, 0.119912662340494, -0.0860986113367956,
0.0171256055597822, 0.000201906967424612, 0.0774616125769448,
-0.000491861192433749, 0.286225465661138, -0.103275923638959,
0.149200651402681, -0.0849414573957182, 0.0158088675465984,
-0.0878216758902152, -0.0533869810338527, -0.085471531512327,
-0.0868526079660226, -0.0440279917848828, 0.297610603476793,
-0.109190315047462, 0.0181913646378114, 0.475388735940963,
-0.228767325081467, -0.0567944511255558, -0.0906764089998211,
-0.0306591891124252, -0.0939280359794883, -0.0761279879740117,
-0.12186180299757, -0.0298495355378621, -0.0673762959006696,
-0.110167652900329, 0.0592906320909653, 0.136047056689986,
-0.0884930705757896, -0.0557359630484449, -0.157994240768292,
-0.174021400864275, 0.185750524376168, -0.178656356958696,
-0.131024943821124, 0.103858732348564, -0.131342958494935,
0.0259424107832527, -0.00374276182136669, -0.111606318642861,
-0.0273443051999886, 0.208896333343661, 0.0194416172338408,
-0.0226945608894474, 0.0217925578947711, 0.0412472760925931,
-0.159983547825465, 0.102378637617495, 0.403460193129332,
-0.219022380320424, 0.0806786416355743, -0.0173569128670535,
0.167444973090744, 0.442094365418866, 0.170990754337148,
-0.0115811064842282, -0.000289086800137565, 0.00447195496168458,
-0.0729986953132419), PCo4 = c(0.125118719111514, -0.0506637262373856,
0.0307566418138767, -0.0715483008810815, 0.00460844545466653,
-0.180813989230444, 0.104544554898631, -0.190646760300209,
-0.0236667716298201, 0.0719554304153458, 0.0945292509032973,
0.0886080390812073, -0.016452611287713, -0.268832884831638,
0.00482284443692344, -0.184228514113073, 0.077364457059291,
0.249732969995063, -0.191577345652875, -0.031405540276858,
0.0429392084942144, -0.142750117649113, -0.217731319269896,
0.0454661642242963, -0.183463386095799, -0.0382493947276791,
-0.169019338158481, -0.0207879987330167, -0.0580399747354579,
-0.0263361713734026, -0.0356053482654144, 0.267369156394715,
0.122762682994161, 0.0820990236933238, -0.162057740823927,
0.152761788754129, -0.0622942144963822, 0.0614123361444683,
-0.310430295246319, 0.0239867595714998, 0.0414566878803163,
0.296828106296885, -0.16766741634538, 0.159839875061127,
-0.0588445184335297, 0.147136203919733, 0.0484242469139168,
-0.0372345802102117, 0.0945832998514054, -0.118558870278023,
-0.00385238557309418, 0.0823939356483081, -0.022608607108171,
-0.0838333180598851, 0.12217848122736, -0.0301952495962009,
0.170605980228021, 0.0289260160902914, -0.0738468520218034,
-0.00166551723200006, -0.0579057272209686, -0.0642685944290467,
-0.271888934969005, 0.0581980454456295, 0.0182467980045827,
0.0153124480942798, -0.0562303112640116, -0.0285886139487858,
-0.0399350546821249, 0.0325304379365448, 0.0463905731104553,
-0.130323049816414, 0.141844518858312, -0.00821587130702654,
-0.0647247746432932, -0.128365648613722, 0.049765211664213,
0.289902340906397, 0.102153412176855, 0.121735998392963, 0.180775938575854,
-0.074585498344518, -0.0511844641980362, -0.0275699795430315,
-0.0193744084807082, -0.164319095011242, -0.116841862520585,
0.0638238416719421, 0.0278731576860823, 0.191999743255606,
0.0857873079345976, 0.012666438919192, -0.0505584375203806,
0.0356856210051707, -0.184082761303153, 0.210726689715742,
-0.0427117006181787, 0.135225553795635, -0.0141849632076227,
-0.108710182982711, -0.0363233568975062, 0.0646211861681741,
-0.217652120687733, -0.136865613111033, 0.0913103005283877,
-0.213227140696938, 0.29323340218492, -0.0524002187845039,
-0.177448683420798, 0.126054358538232, -0.120271545547923,
-0.282090090159651, 0.271473917002902, 0.231239773737977,
-0.0107782907107626, -0.0838931430997783, -0.0383644122129772,
0.106085357631805, -0.015647639159772, 0.035660297998998,
-0.117538548181548, -0.268952498108347, -0.0512773180839647,
-0.110855454976365, -0.330460889088711, 0.203881671540969,
-0.0535863881285722, 0.233528760984637, -0.326806431641166,
0.12534343129578, -0.175937494449002, 0.151149016302283,
0.0266005611413459, 0.00390131353680578, 0.202737384542284,
-0.0411346736786473, -0.0349367595035602, -0.211160576377235,
0.0317252616103092, -0.166438369461732, 0.0647230561681315,
0.0207080359342021, -0.00259804642449637, -0.0614076351534396,
0.211224769328454, 0.162288181916926, 0.111970880902111,
0.0745079772992611, -0.0268310673402503, 0.0462362264978957,
-0.100954127651368, -0.177747213107351, -0.104472412954073,
-0.141723624350377, -0.133223715516877, 0.038667167169709,
5.82469562517878e-05, -0.160538993196005, -0.0451477030504638,
0.355929275772859, -0.024640410778624, 0.164357538229833,
0.169312908585318, -0.179862974719453, 0.203499019212334,
-0.0625907183512774, 0.0249545522712897, -0.0820313243972334,
-0.122697386065572, 0.197436702501095, -0.0489790019051379,
0.0067608498117151, 0.166440430895942, 0.0923120839992472,
-0.00628246392199545, 0.04995281329617, 0.0215132035906008,
0.0805641274984532, -0.0185282243193315, 0.0802631611023077,
-0.392449880078864, 0.32702796774519, -0.0623324629024182,
-0.110916511331306, -0.11688080210837, 0.200722669258346,
-0.290985758973063, -0.158060366171208, -0.111651721297341,
0.0679645573008447, 0.0537385972832211, 0.233697911022059,
0.140681152050261, 0.00396856428941248, 0.0276527206032384,
0.198965970798669, -0.127190438627718, -0.0479982007167687,
-0.0507850184773899, 0.0206033142213052, -0.0231466019750327,
-0.0119937793238573, -0.00919104420179193, 0.278721719045978,
-0.0692715400652582, -0.0664913967900603, -0.313209605546474,
0.115701562357276, -0.0346917115538016, 0.00719144423641567,
-0.237571389429894, 0.127972584016992, -0.0561891388494718,
-0.0259094963129573, 0.0866010004371113, 0.000911140863105761,
-0.0105900610667818, 0.203053323128623, -0.10753854867791,
-0.00348778979980868, 0.0168933169547157, 0.0216916240606163,
0.0315784085208085, -0.217956862369156, -0.0268133208749394,
0.123546425232473, 0.099693514533788, -0.0545620548916727,
-0.320617038706932, 0.101003286776899, -0.207124096278007,
-0.204811693804596, -0.0524726802546804, 0.0127789517031646,
0.038939269882195, -0.145548027990214, 0.00323310886916738,
0.0951602374873687, 0.235520648107184, 0.088611047876755,
-0.0964345056029608, 0.265361507049617, -0.113917347547335,
0.062381809443804, 0.0211795610811251, 0.0146538931754051,
-0.145785423242465, -0.0391369820015783, -0.0273564979433771,
-0.0166623859879899, 0.124228554451774, -0.00332129920059532,
-0.21699131241455, 0.0402956376592391, -0.320595347811475,
-0.236700331602941, 0.269206864668689, -0.159838218588514,
-0.139936209336806, -0.120796479013993, -0.111145160133782,
-0.0527840944459637, 0.139017075942614, 0.2030305414253,
-0.0285462924937949, -0.0327596059201004, -0.169223278240542,
0.0838030372792849, 0.0348068817007671, 0.016982767307019,
0.0498182617547901, 0.0469873067851414, 0.0990251205977911,
0.251531737115762, -0.0299360587136004, -0.0289975886655633,
-0.030531169668722, 0.0668744556309722, 0.194466569046169,
-0.00676562815876794, -0.0623107033680657, -0.00253436114206801,
0.0315138063176274, 0.271811240095429, 0.0424244827526553,
0.0120480227242222, 0.119058948904884, -0.183703657909618,
-0.194628000592423, -0.324975983052145, 0.057297953883198,
-0.217615953592422, -0.000257562915204132, 0.108386417116017,
0.0883373286035139, -0.0643893561810958, -0.0248067708284121,
0.0076601729987293, -0.05299074207054, 0.0288990786064746,
0.139465932505056, -0.09774586986791, -0.00510798721350277,
0.15799720252104, -0.0725682085179668, -0.0166132164943542,
0.168930160446731, -0.000512496453738579, 0.0289046973596142,
-0.0181766031480635, 0.0174416087749744, -0.187893543467482,
-0.0540274308400857, -0.0128514287805066, -0.00829253101593617,
0.0650530481749062, -0.124328162540556, -0.00968098341368365,
-0.0454257640471049, -0.068999911040199, -0.141974190401163,
0.219543981740894, 0.283442903699081, 0.247010128604593,
0.00361644584066896, 0.340440544946117, -0.0878019025757387,
-0.0640349654865585, 0.206870932487607, 0.0715434081457915,
-0.139080744555113, 0.0253881725684225, 0.105860025614046,
-0.148389727854118, 0.275450711755141, -0.200960733131852,
0.0934501057768814, 0.0732059510829172, -0.137724723934572,
0.148894788809485, 0.23247113298336, 0.0054496691023377,
0.00235457895132837, -0.0272033593981834, -0.192714503840689,
-0.288782997502568, 0.208163545431072, -0.119019476782153,
-0.015972164224337, -0.0244222650396084, 0.0670969853331751,
-0.30510989507789, -0.0129603693574456, -0.014882550146276,
0.0511806761936722, -0.0141577041942843, 0.00626927367305287,
-0.13354263958448, 0.13341019222615, -0.0616394235978848,
-0.0717548246601536, 0.158352857834682, 0.044797789029999,
0.202492499172208, -0.0873956169753598, -0.0808097761163756,
0.130587546522015, -0.0577575036113996, 0.257557629167087,
-0.0206654232328411, -0.0327013219234147, 0.116420382172236,
-0.0573374697896066, 0.0939387233768229, 0.277726546205915,
-0.000683929551817394, -0.0683439173105436, -0.00597037788823333,
-0.128415690850664, 0.00477327800009367, -0.110514359368088,
-0.0507195654368623, -0.0113836463638051, 0.0158495960333369,
0.182501398583554, -0.130287009972182, 0.168634080320659,
0.297556874491905, 0.0793383929403181, -0.0236710442431231,
-0.102951644689138, 0.113417270792769, -0.0544737599468179,
-0.0367357491957974, 0.130803192404351, -0.0719022681292751,
-0.0799421827718646, 0.0294888406699963, -0.0585708471242864,
-0.0420992521127865, 0.00375679739657108, 0.0905088541145662,
0.196173533950593, -0.0305498489021407, -0.0189782080150203,
-0.109862747313153, -0.128893287335967, 0.21243478473021,
0.054231688740083, -0.0556621940319802, 0.0769793406598204,
-0.128527446151952, 0.0188070546776712, -0.202676752610607,
-0.220096798005944, -0.0036675545535516, -0.149984950912934,
-1.64486559910443e-05, -0.0113205519233455, -0.109890277225423,
0.229288847116366, 0.149949086634987, 0.162525161449611,
0.0388628849510608, 0.174155781671677, 0.0320632550471062,
0.350217870075366, -0.0267069152138994, 0.176385837130922,
-0.0147927951055601, 0.0191416776142961, -0.285639411943628,
0.0249147448988228, -0.0046342169045913, 0.203327218299419,
-0.0554874799250716, -0.0056380622136699, 0.168272032105422,
0.0837610801529348, -0.178229577900071, -0.0622264055873168,
0.0733701912545356, 0.173035710941979, -0.300267046289103,
0.0496968985961434, 0.0882774363482359, 0.270346247861968,
-0.0620176921515778, -0.235275721388453, 0.207015456553493,
0.169034341676654, 0.161693257326232, -0.0231971640282434,
0.0285300095847437, 0.0665126580473785, -0.0874063559248679,
0.00222077529052987, 0.211091492538174, -0.0662581601684477,
-0.0327486452650545, 0.220363487419225, -0.122498699540238,
-0.112563495187783, 0.173490544000115, -0.129119468750077,
-0.161123662418425, 0.0575190513788003, 0.122639318243474,
0.169668358583392, 0.0751110268853084, 0.117947129274277,
-0.120382761990967, -0.292618879335668, -0.292517843568866,
-0.0379961139279501, -0.109009587875781, -0.131836227220394,
0.000421559582743782, 0.0614761919112185, 0.0923190211041882,
-0.0230961768092687, -0.163359779963335, -0.0445980417350618,
0.0265681277728358, -0.0670146540800921, 0.326202825475643,
0.0566743045298659, -0.11039019348323, -0.0235208051436763,
0.165976845500456, 0.0114363773425997, -0.0810836611465561,
0.0544434419979854, 0.042761638407966, -0.0243130467368758,
0.0107565879698194, -0.0264930698040675, -0.0109987940288519,
-0.064073286697707, -0.101552143599164, 0.0212113371802292,
0.0763800614924074, -0.0299648613165928, -0.288225359633893,
0.1700417766678, -0.0335980700668858, -0.0421784820081739,
0.0669256672994144, -0.189494581984968, 0.171729107737613,
0.0118514995988072, -0.0236828084324406, -0.0459021581724919,
-0.129487808531624, -0.0428541398120659, -0.0851683671287065,
0.110591956152289, -0.0552253704992245, -0.012810444130741,
-0.0720248690541112, -0.0515391628955891, -0.162632930610158,
0.0318662423463952, 0.00587662529074945, -0.0152436904058475,
0.0587276507185703, -0.113946013231658, -0.0585918694012986,
0.062733487621779, -0.0828845131326168, 0.212706955933571,
0.0736095748507136, 0.0736674745655175, -0.0676694842093004,
-0.0898578833904126, -0.0743399526781583 ), PCo5 = c(0.112194954040888,
-0.15101125586637, 0.135623601330373, -0.0245524331150656,
0.0545943367885038, 0.108843578897799, 0.0585142909313699,
-0.121551703555559, -0.183908594354118, -0.0536220610006423,
0.137610077562961, 0.0486865278522185, -0.0457295152832073,
-0.0459016842923113, 0.0499532177255364, -0.0705587468653384,
-0.25697860090923, -0.0771191709303469, 0.0414063638502732,
-0.118509488227707, -0.170413080197662, -0.040285332039743,
-0.0124120991194243, 0.0177246174246379, 0.0596369204093179,
0.0360917046579809, -0.356431617101896, 0.0715447518291699,
0.189299444628738, 0.194526927385789, 0.0676003895646694,
0.0878106700457228, -0.0871677354114369, 0.0574345209583725,
-0.0391457722484126, 0.106699972027394, -0.00471359112024981,
0.21991640716719, 0.0874752231376065, 0.103139961842246,
-0.087250798656318, 0.146016233943615, -0.0382961774181977,
0.140122870951267, 0.0679390936205268, 0.0559969954020748,
0.154494943271171, 0.0595450787004319, 0.221721083357418,
-0.148412072766944, -0.0634578698612832, 0.0536340885400214,
-0.0447817148126151, 0.123048494672804, -0.0389487273104424,
0.038645522051055, -0.111434463140942, -0.0256723879211562,
-0.472493156924526, 0.0643678370940539, 0.127512239091147,
-0.154235527636088, 0.0787696015914786, -0.0580191358115455,
-0.0116660147840607, 0.191289686223138, 0.0832407153162244,
0.00839702733968468, 0.0762044277628413, -0.191288884764757,
-0.0603158194014356, -0.137979935190759, 0.0202824044934678,
0.165530697640207, -0.22741355166608, 0.0407899593891028,
-0.034086550354559, -0.0616669903154766, -0.410917562912001,
0.226463120402844, -0.21186382695613, -0.33357729712818,
-0.00490150949253811, -0.0320365250429775, 0.0204394484918477,
0.00977583528802228, -0.132594583544875, 0.0101842720645371,
0.215464095281253, 0.115217598566125, 0.0108308719649956,
-0.0265981049291299, -0.0890243097345486, 0.00826876350574075,
-0.00905117547031195, -0.101398491433957, -0.0152277849614266,
0.0403044736470544, 0.150517499473107, -0.00233206582539863,
0.142462269716407, 0.0322422480743892, 0.0168568145702912,
0.0896774783730687, 0.116849065121455, -0.24672713413422,
-0.220764748056639, 0.097720514555619, 0.0280545965043766,
0.0766670252943623, 0.0467159483317518, 0.0323024300539876,
-0.0726596089188391, -0.00550798943376152, 0.0760683044216709,
-0.00777833454654817, 0.0731577747110872, -0.238483200925719,
0.152840633861473, -0.0571296837030792, -0.0448141381321456,
0.029428036688937, 0.00635692360813365, 0.0116226119263152,
0.0791198997662146, -0.223994505557822, 0.0516342820890821,
0.186613844295413, -0.0115847432280347, 0.0590683641068688,
-0.048869918171081, -0.116005053093965, -0.0312328833141475,
0.0661996321574415, -0.1436302982909, -0.28334712271662,
0.0801521680597039, 0.0388602368129614, -0.013435187423757,
-0.139563345566883, -0.0947240094496894, 0.10351392469467,
0.148409066568993, 0.154213339844271, -0.194569867105277,
0.0438983565591752, 0.191627660098931, 0.0277521510281752,
0.0782849551553611, 0.0916858190931904, -0.110385605718371,
0.147887462287963, 0.0346075978602211, -0.176782140998819,
-0.173939321552878, 0.156952456167274, -0.0121437221255195,
-0.0606851142166366, -0.00241699827073273, 0.144968332733752,
0.0330771635482887, -0.229183910533119, 0.0726611058735204,
0.120086842567451, -0.0878474806112204, -0.359821096765858,
-0.020672714458475, -0.108066954109596, 0.0162327657223419,
-0.0996673497586108, -0.0737494192543685, -0.039483134008798,
-0.0628643241073642, 0.0661494929139395, 0.2173458443243,
0.289627818261354, 0.120671061131101, 0.00616012240761589,
-0.0191991031455262, 0.136146657644716, -0.0966917876366194,
0.128869351430699, 0.0476100577922858, 0.124695028772154,
-0.0107487211665687, -0.0171600371040049, -0.174399066505867,
0.0464794618063405, -0.00299105298156173, -0.280564739823123,
0.0657474005022656, 0.106076810595556, -0.0651428701765758,
0.117237869691426, 0.207975829936393, -0.0976985366378987,
0.153249648524158, -0.102380496186089, -0.190195690836042,
0.0751259490647307, -0.033029488489651, 0.109142291639558,
-0.0338614610091938, -0.0567716108559005, 0.0256252105543367,
-0.0127372266772834, 0.00278943834861587, -0.294136116201014,
0.0752985153249353, -0.0130798662284995, 0.0192031449115415,
-0.017784528659374, 0.149956527296372, 0.0725980939478777,
0.027554915817031, -0.0277001071351884, -0.0546951301165385,
0.0799179643749394, 0.147609688514562, 0.0754051542920913,
0.00251147504679496, 0.05053490555278, 0.103118539364131,
-0.0283505194912324, -0.136473481689521, 0.205745152406093,
-0.0694948968008281, 0.107253859127918, -0.0534149407866142,
-0.00480105932515787, 0.0575965697992076, -0.0163586715390002,
0.0615207876202454, 0.182541251034352, 0.0368073865372089,
0.115948207736476, -0.00553132665926133, 0.00953692254090783,
-0.0310581963466824, 0.0876334863115161, 0.00286493750821152,
-0.18567372066168, 0.0196333112484119, -0.0751708362182864,
-0.221498389245932, 0.0145464841056484, -0.0524536647156346,
-0.13639223227134, -0.0764997585180498, 0.0121610240902356,
-0.167559523801895, 0.010991455616305, -0.0683325965566181,
0.0571021375029426, -0.132074655977711, 0.0746443369320336,
0.216876211405035, 0.143611972537677, 0.0805059714314018,
-0.0121827596565241, -0.162108925883538, 0.0045841597889583,
0.151556844783563, 0.0529279221003608, -0.00698850255137264,
0.0738168747706488, -0.0308570975249154, -0.138628049828316,
-0.0994393488099162, -0.0216004065702575, -0.00654704776499819,
-0.0135436899477541, 0.0928430437739633, -0.303114356917522,
-0.0919147716860612, 0.0619424262787843, -0.0144561795065467,
0.00431466400879107, -0.266351070083982, 0.0611414110563537,
0.187884005438132, 0.00194753507946108, -0.0160832248658631,
-0.252827950788215, -0.0637647512567623, 0.057080461600934,
-0.184833929177221, -0.0624208590156615, -0.0857201876113203,
0.064642468375871, 0.132152774433919, 0.110746354589005,
0.00141399922525347, 0.0827009255911433, 0.157878598593779,
-0.0182101396770765, 0.139647353886868, 0.048690261835576,
0.025558461424684, -0.0575547156734845, 0.114690765252224,
-0.167317222654179, -0.125201655854069, -0.166877219774414,
0.148861716678387, 0.128553821712398, -0.177074592939866,
0.0452847660507209, 0.0364373597232168, 0.0583690832059704,
0.0201706500859624, -0.0547930479699708, -0.000920215899575069,
0.0596969955971739, -0.168915155153184, -0.104558090152964,
0.0739110152024243, 0.0289453638651641, 0.086783624986597,
0.0483383406630275, 0.0267683465572461, -0.308919731830255,
0.0413816072086651, 0.138026957363331, -0.182051425052319,
0.0422532282035144, -0.128528910106363, 0.0063702173174098,
-0.211725909440696, 0.0448332776502999, 0.051047434195502,
0.0529505923292126, 0.268491993069698, -0.00647601636165501,
0.06044450609498, -0.00140320753231256, 0.0436661933986885,
0.00257869321988142, 0.0247580756815011, -0.11290446498074,
-0.0233536668601223, 0.0579562016525566, -0.154374127095248,
0.127103284866662, -0.0247471974498541, -0.124292399751187,
-0.105562533909158, -0.0970709419007909, 0.0173475936686382,
-0.0372745208165603, 0.172555621425494, 0.0541192352527969,
0.0153281790449051, -0.302569993985841, 0.102840174521273,
-0.012448327431379, 0.0885192829046574, 0.0504187839884794,
-0.364223529538932, 0.13730054885152, 0.074468762305509,
-0.0357208030111534, -0.0393936257843216, 0.0335701791011095,
0.13068498316484, 0.109588544109165, -0.0597582902900245, 0.21519622494761,
0.152711599638848, 0.0709147232530891, 0.187926613640585,
-0.206425671282092, 0.089625305340306, 0.0922124867990501,
0.19298966855754, 0.0255134230565955, 0.106032615138369,
0.00570825656491393, 0.0344421558872888, 0.0563733133164095,
-0.0264095023023624, -0.0068486125892013, 0.102823021077452,
0.0217570418184662, -0.233909731156234, 0.0561968435871399,
-0.00106333904907232, -0.157626034642474, -0.253703621615916,
0.00889099794582517, 0.0257339882722968, 0.144391667880457,
-0.0081934823543475, 0.0380930156847113, -0.0169543338017197,
0.126416886060041, -0.0843438496491874, -0.0220945219101426,
0.0921273526368952, -0.109866160072075, 0.229759538301195,
0.0510268787050516, -0.293600934095706, -0.00352232374982787,
-0.0256504232284664, 0.272464092785465, -0.0661327872940679,
-0.241552568936355, -0.172002133522722, -0.0575808704956748,
0.171381604323572, -0.177512018923418, 0.107527129003129,
-0.0119189468563957, 0.00281134121999801, -0.274824755906575,
-0.0727216703193713, -0.0523589772161166, -0.0753378678127443,
0.0835156923798967, 0.174354684795171, -0.151229266830779,
-0.217255918954755, 0.12885692552409, 0.00964561950855604,
0.00992179588430663, 0.194349422905364, -0.0022271251395459,
-0.0202763553302094, 0.0310913362077399, 0.131145515705191,
-0.0940073978034194, 0.0974842980104883, 0.0639906433152941,
0.219860787218988, 0.014528556568549, 0.070552110893286,
0.0195149712571923, 0.0536906113952246, 0.00661823849772737,
0.152160562213608, 0.120146410030163, -0.317623499466702,
-0.0466855703289751, 0.227202876311361, -0.062427384730434,
0.199537793265168, -0.000355188621350658, -0.0997168614471372,
-0.0443523208408569, 0.0830993798228763, -0.228821805313309,
0.187393111663214, 0.0341924046741756, -0.00647979564916675,
-0.166509975400349, 0.00569004865653328, 0.0209525643964741,
0.0279182739484565, 0.0672617210841436, -0.260677357810245,
-0.044702324785658, -0.153167396152261, 0.0487316280989166,
-0.0974573766274847, 0.133378869034892, 0.0871298284780563,
0.0830625270556674, 0.0265925641867249, 0.0265649934095471,
-0.0232808489935314, -0.0166352937818947, 0.016440566647298,
0.0576681242865055, 0.0759688109232809, -0.0587208739134433,
-0.183810044681365, -0.116430122709078, 0.197572701925937,
0.175774512236774, -0.0493198264384215, -0.0580191528165075,
-0.253692504986827, -0.103033631869946, 0.0996248876719849,
0.202454217858402, -0.259405991963269, 0.0776380044331243,
-0.0468024396348671, -0.101765922740259, 0.0140876918270009,
-0.147071537056362, -0.0182758355046836, -0.147026623274817,
0.0222362292471877, 0.0168109069037078, 0.063787031723387,
0.0735767261165711, 0.0670112278982499, 0.112179164642718,
-0.0121260795729591, -0.0373738008794025, 0.107914800608642,
-0.00542720291109615, 0.138086888603628, 0.0097990803927307,
-0.00911767229088596, -0.0568129965388602, -0.121894087021189,
0.119138156697501, -0.033960540175064, -0.0213852683842016,
-0.0204885079770921, -0.0707718599115915, -0.00230877291211122,
-0.0551178780930121, 0.0666215640004693, 0.013180076726222,
-0.102728795591658, 0.0550070055436324, -0.192055496554704,
-0.116194280371073, -0.119292117729315, 0.0143426125629817,
0.129844059154877, -0.00702430744760571, -0.0206656699719527,
0.0884500622564172, 0.111585159368818, 0.0812434212262057,
0.143824455947269, -0.107698035111215, 0.0325900525101448,
0.0567503724126398, 0.0185990112425286, 0.0453515727743907), PCo6 =
c(-0.0402288074402429, -0.0155636367374583, 0.0206584507302774,
-0.0481458493828316, 0.0736310921807583, 0.0875838886350657,
-0.0462972865879621, 0.177098827169712, -0.100576846128722,
-0.0888814804881337, -0.0346430773293176, -0.0828025221109131,
0.213233237548553, -0.0508160951062821, 0.0353595205116774,
0.0134176234296304, -0.252751183653613, -0.172345162184422,
-0.219233856041912, 0.0323405217959088, 0.255527718582377,
0.226656405587169, -0.0614611803079831, 0.0589812215238332,
-0.0682778974684921, -0.0120307452147221, 0.240173496320743,
0.0356745837657169, -0.0882810927691189, 0.0605283990153633,
-0.0289093288478821, 0.0492519198803683, -0.0234840941123281,
-0.091368396118737, -0.0768789989017348, 0.107789587389533,
0.00738283993342568, 0.0580705523650916, -0.0349523368819001,
0.00998184982155316, 0.0868889984720972, -0.047899426988535,
-0.113889283183729, 0.00841977640713891, 0.0064479884450353,
-0.139781399359769, 0.0939668335344712, 0.111375534391599,
-0.0423751334442365, -0.107765321241054, 0.0724304206308828,
-0.121158025668018, -0.105202372539012, -0.0517937616232913,
0.218018052719331, -0.0289060522954163, 0.169073109153001,
-0.184143926955526, 0.264250924560232, 0.0167727317393166,
0.199672752786561, 0.0728482789662231, -0.162855501678349,
0.09060781197995, 0.0720317281237898, 0.0142557539076298,
0.00470672246741259, -0.0424890291238814, -0.129901137108031,
0.209137430530572, -0.138857829397511, 0.0690724680409264,
-0.0266649084376238, 0.0216284971447823, 0.117416759279373,
0.0502851942059306, 0.148375845866808, -0.0631606415319633,
-0.0739873545157062, -0.00140172574807321, -0.0904677112607311,
0.170530093660086, -0.0627498341377895, -0.148851993090329,
-0.130729864471381, -0.105160611855124, 0.185804664668832,
-0.026777553134236, 0.0111783632416339, -0.0184582759446246,
0.076075569269892, -0.0462581278039958, 0.189793291659716,
0.0704228921954086, -0.011018776905079, -0.0718165939157974,
0.198021529455275, 0.0758067303477547, 0.00401190149844302,
-0.068924372327865, -0.0440717704016906, -0.0722831241348089,
-0.0960384566912899, 0.0353264966473099, 0.00813426174283797,
0.0781080658666743, -0.0806904583340117, -0.0217736709587877,
-0.0638255698237981, 0.0551150972098436, 0.108901979182246,
-0.0417500116952644, -0.0856533391050271, 0.121631404221163,
0.0501974110141971, 0.108007378339498, 0.0832052487705785,
-0.108360531680536, 0.0299891828459665, 0.233902481883989,
-0.0135010204657624, -0.0879852897329106, 0.000541746777941201,
-0.0742719536563855, -0.12857481856901, 0.173302814964098,
-0.11204266489405, 0.022906877698331, -0.0732377054403127,
-0.0326744594406478, -0.176677923370789, 0.0726257410653304,
0.0392312434324671, -0.0487477164329543, -0.177447696107801,
0.217700264605433, 0.0804617792314516, -0.0403387768255973,
0.0384701742231619, 0.115464509768522, -0.0755129164247877,
-0.153520947875949, 0.0258025542160955, -0.0655215373069872,
0.0665598044656782, 0.112119648360003, -0.0520106534831654,
-0.0739114052292725, -0.00390121204411221, 0.0405255649155838,
0.217495658353783, 0.033279674994422, -0.063238498836917,
0.139747390927713, 0.276298094439317, 0.0130284139135175,
-0.0805654431884111, 0.200515483380797, -0.0549739976451783,
-0.00759547876779874, -0.0347483782855525, 0.211390188994591,
-0.0826274851871289, -0.0943742981815798, 0.142800563035888,
0.243281022607547, 0.0273170573153155, -0.0718708822300709,
0.0102912200578707, -0.116028487665908, -0.04326131165228,
-0.0658258699119252, -0.0780396570598396, -0.103154315043335,
-0.00790862479121012, 0.107115008727817, -0.0403773657087504,
-0.120630998672927, -0.0769906990098117, 0.00730899597488649,
-0.20189092023908, 0.0411362776094086, 0.00682579349170771,
0.0252057426783587, -0.0172159381623321, 0.137554584320743,
-0.185636094621932, -0.198153658467047, -0.0140814424916164,
0.114289063384592, -0.0683417068767531, 0.0427897125906486,
-0.169135689101943, -0.0301173483598381, -0.0487592801811749,
0.0400461145651098, -0.0158394239910626, -0.0608169114477925,
0.129917574866211, -0.0467687644259166, -0.0393759358539428,
0.0621018998266328, 0.280461079812547, 0.103052122398689,
-0.0743986936973187, -0.107493733863622, -0.042852035561915,
0.12781497766254, 0.0580459686966691, 0.0356147621039302,
-0.0677532669346401, 0.0466750001229524, -0.0338514913516517,
0.0299722922064574, 0.0886790950364349, -0.0955527904562499,
0.176873497774454, 0.0461382109205042, -0.0411443902221075,
-0.116558730986794, -0.0541099962683528, -0.0059417766149808,
0.0768048354049405, 0.172168805715154, 0.204867316983063,
-0.0261550429896516, -0.119798679767768, -0.100868980211396,
-0.0928145351783432, 0.136170485874157, -0.0491528876363868,
-0.00494964018203467, 0.0767429736890105, -0.0186284512483457,
-0.0118369895129889, -0.100280752436766, 0.19417606162488,
-0.036985829387304, -0.0281032285319181, 0.11155115166783,
-0.117272578639678, -0.174373693170899, -0.177309748869022,
-0.0712059255101466, 0.0893261924960582, -0.0338813063459613,
0.183651219655728, 0.0554640648193662, 0.0383788213085177,
-0.0264400730356393, 0.1508374922576, 0.0215111567421824,
-0.198822204577376, -0.0774420414929119, -0.0919171928371472,
-0.0616831188446513, 0.0446190013810721, 0.0297761987975593,
0.016368257545588, 0.103089422251366, 0.154071064914202,
-0.0377036692793093, -0.00609201659923091, 0.00926519702710218,
-0.147579274890022, 0.0376243652550629, 0.0165455609821956,
-0.0556074655202309, -0.223257579184922, -0.0350544632166659,
-0.0347926674110113, -0.030292544983843, -0.0827961042118142,
-0.276947242549995, -0.097819866072305, 0.0718411133817117,
-0.0405008821022236, -0.0223452204457546, -0.182207659025314,
0.0465255019783447, -0.0372081307982113, -0.0184372688352923,
-0.0630570663436546, -0.204500670812886, 0.0371822806684388,
0.0249819459120734, -0.217518366287028, 0.0732221257889213,
-0.0567482727847151, -0.0216359271872196, 0.0065519507417966,
-0.0384456328815468, -0.0819142237913765, 0.0380138553153395,
0.160372822781971, -0.10327972312118, 0.0325234670853413,
0.041488938240393, 0.113635312999582, 0.0675065323847664,
0.0845662575054079, 0.266697606388117, 0.0981767202125584,
-0.192475939275471, -0.0852164396218021, 0.0628337747022789,
0.154819088998062, 0.0508781043282577, 0.0218705618292754,
0.060648775776122, 0.0075141899576076, -0.120052132276709,
0.0653081940239398, 0.0148003968883019, 0.266466244050563,
0.110192601022085, -0.100165416005615, 0.122158955536982,
0.0565140516861243, 0.00615754617206045, -0.0558437469687125,
-0.270895252600172, -0.0576716639111866, 0.00814001214709455,
0.101591756563358, 0.0853051646192733, 0.032927950409154,
-0.126446645925471, -0.0738134869134879, 0.192516159102544,
-0.0437902718148786, -0.00202082564595898, 0.102773109039682,
0.0675123499369888, -0.052175964722208, -0.15412598457765,
-0.0840002345585367, -0.0262400065933224, -0.0420684487920894,
-0.115117198581351, 0.184507787623547, -0.0578438145113173,
0.120549236315585, 0.103210295196597, 0.00224560101168387,
-0.000544205380731601, 0.113092008875682, 0.214297590748232,
0.117069049314553, 0.0617651188186844, -0.000207645070719697,
-0.0798569636647717, 0.00211765142234925, 0.186428190241553,
0.11331347428248, -0.0227926760605321, 0.0663295906130037,
0.0837579197798009, -0.271271394966919, 0.0466135736162022,
-0.104993564948195, 0.0327778927872475, -0.0977166787600075,
-0.0230706174890086, 0.0357469097557819, -0.071899601468361,
0.000574938193835948, 0.0494244342028728, 0.0357190895189016,
0.0306288634747534, 0.0694326787656986, -0.248700615205086,
-0.0622776150776542, 0.182559271339631, 0.0385133835571486,
-0.0338936076888974, 0.135166953674506, -0.161059195964813,
-0.0451242289028411, 0.0137654457402935, 0.0713596674182166,
-0.0529350536385177, 0.0749678797555439, -0.029066286326356,
-0.225201157872121, -0.125502241321355, -0.0607551277106849,
-0.124745339183759, -0.200196913458891, 0.0521659840727507,
-0.0506492300450409, 0.115003994213048, -0.0031686023527993,
-0.00785255246453766, -0.0523132527779014, -0.130082183668691,
-0.156586005175448, 0.108809569121215, -0.0257566397333609,
0.0669974241452616, 0.0036553807662696, -0.133666105087481,
-0.349809313449957, -0.0263297023470352, -0.00509969608529261,
-0.0169970455234803, 0.232026487467024, -0.177023981748189,
-0.175448157764691, 0.100775661811989, -0.0701560941267323,
0.155644075106269, 0.034800479302574, 5.01156718775791e-05,
-0.101616754115518, 0.128885689049373, -0.0589523743541339,
-0.107644637968778, 0.267234018347711, -0.156024948655694,
0.0537727895021978, -0.155601915589055, -0.186361899851089,
0.0315179006808857, 0.00278781990076083, 0.0365774173185315,
0.0480067521068881, 0.0600205172992232, 0.115734461577574,
-0.0916946968672022, 0.011102625799044, -0.0869674984399853,
-0.0162844998221486, 0.0880699113727493, 0.0292400181728661,
-0.0326046701166806, -0.0831127141982565, 0.00372344756456758,
0.188534122348733, -0.0047199810277075, -0.00723276559842575,
0.0893028325306382, -0.255052486969559, -0.227978400006904,
0.115299261342765, 0.174587798593342, 0.0518493652904037,
-0.0405456175864539, -0.0856030704263831, -0.0777768362702225,
-0.00442511071355187, -0.154705713076374, 0.0258947606898455,
0.0310618355335967, 0.186244279271735, 0.101495561839871,
-0.136328318133119, -0.0542135180543775, 0.140195226632448,
-0.104034703153674, -0.290091706006855, -0.181628278108638,
-0.0389031766547857, -0.0438789572648164, 0.189378607560551,
-0.0287273225577136, 0.100509655243927, 0.00267059325154175,
0.111448630830173, -0.0765323030133651, 0.0521792513674788,
0.165679562963052, -0.0855245470758827, -0.0824977654082769,
0.0413282650766951, 0.0320436737039497, 0.162842490435075,
-0.0341435222742214, 0.0712045476309224, 0.046795014527323,
0.157436717617585, 0.0120976047915531, 0.24592819500088,
0.0338255121786584, -0.00538726562701664, 0.0105784930252232,
0.162456406179631, -0.126856785469709, -0.00537254672751544,
-0.124956977396535, 0.0672107154873305, 0.149244396187598,
-0.00628595121542487, 0.191514006061832, -0.0432640215261766,
-0.130887152922288, 0.0333005257005694, 0.0325889904075273,
0.0515731752915, 0.0778420155943597, -0.107907294643669,
-0.0536508384130063, -0.101413195659613, -0.137163323703822,
0.00424146142298502, -0.0320765171557092, -0.106094406268751,
0.0461512178839726, -0.0803392583982038, 0.00996654464887845,
-0.0916982831483111, -0.134442172080571, -0.00625758500090936,
-0.126410869719948, 0.0120379142838991, 0.0831452928631246,
-0.0928036820978339, -0.0596052170452668, -0.100513405689834,
-0.0437925449724739, 0.265799333830342, 0.225404900029275,
-0.146704562571408, -0.0525920405503014, 0.113522595786233,
0.115978353675513, -0.0544723614208934, -0.00401712994517454,
0.0665128282012513, -0.0111770142131169, 0.00929050918191506,
-0.107693253902999, 0.0295689660862045, 0.0132925382661843,
-0.0951120915333759, 0.0676586174647701 ), PCo7 = c(0.0908985325398388,
-0.224107662775931, 0.0428626021417016, -0.0597822570029026,
0.0611616635707103, 0.0720743550461178, 0.0521296307338659,
0.128014722088468, -0.168055829612352, -0.0418597920954035,
0.0624977114271672, -0.135154660330166, -0.0258652820332637,
0.211900658706384, 0.00739320885072421, 0.200032569150871,
-0.0820414472811105, -0.0106360338117646, 0.0385302277477612,
-0.04458931675026, -0.0186491868836458, -0.197778560526142,
0.138092182200762, -0.170718556051393, 0.136510355992194,
0.0599325550760955, 0.0153656611984757, 0.0531308994570278,
0.0611541691314453, 0.0134368248733281, -0.0940741350548878,
-0.0479088047345899, -0.0735176813988077, -0.0142080452883628,
0.0781001979871036, -0.0986303845429162, 0.0446425227705054,
0.0735163656370249, 0.170320322502828, -0.0120969212406853,
0.163373619551284, 0.11148219512227, 0.10027827069338, 0.10131092853158,
0.0456699757335539, -0.106796474731165, 0.102583764330281,
-0.0753097188215388, -0.0681405825552606, -0.0270297054618014,
-0.153640554370937, -0.0544933923147448, 0.00485916001770624,
0.037615928807134, -0.00561030407150525, 0.029203671498636,
0.307920293019998, 0.0158390999300061, 0.0176650796592755,
0.0407421993425982, -0.104627158694454, -0.103712806982409,
0.0556843146165443, 0.0611602375155672, 0.0422188329847438,
-0.0163658476139684, -0.132622689987078, -0.0721963259757774,
-0.0273522366520982, 0.0459578519181101, 0.0296196519542808,
0.180886081009238, 0.00870369978269882, -0.0665164323317633,
0.2311702906758, 0.0715748073041538, -0.169150696477069, 0.133279435048344,
-0.219117093702228, -0.0240911730547459, 0.187500297762557,
0.0571108742662147, -0.0230468814245997, 0.01696637732216,
-0.0612085575232873, 0.0717820421668818, -0.200334110551189,
0.00972872279874848, 0.0587446117374017, 0.00390378284278855,
0.0435960039098101, -0.0815541646954047, -0.185334161476667,
0.11818909912813, 0.0393736364189119, 0.0639001175610903,
0.00291048233203352, 0.0151462552043257, -0.0547672487010726,
-0.101514615931505, -0.0149894805057415, -0.0259957276662567,
0.0228225768574928, -0.144523817954569, 0.0202268906511138,
0.374987156206708, 0.0786772312638508, 0.0220474000518918,
-0.0637433969168059, -0.0964991436275896, 0.0429969284697476,
0.0115822552398429, 0.0404015386121003, 0.0683930236132739,
0.0708616039779862, 0.270929478695093, 0.045086480822516,
-0.107731231408338, -0.0254711635116535, 0.0750722081032708,
-0.209910059475071, 0.188705579860424, -0.0710772197284906,
-0.05119767650049, 0.195044457464575, 0.0665034199931255,
-0.0917924109211188, 0.0227387376213661, 0.00867932448558984,
-0.126134801797863, 0.0341661211782448, 0.12474399578537,
-0.153943288227113, -0.100501909065044, 0.0257031641430894,
-0.0846125555853991, 0.0554460133615612, 0.120612828655685,
0.0700013934308327, -0.0374991395879203, -0.0129506453679227,
0.119270968254529, -0.0561137258791799, -0.0611260530677166,
0.253500325902472, -0.182899852354738, -0.0229225465740664,
0.0286080189851193, -0.103506619515658, 0.0236679411885734,
0.0807766951165432, -0.0701042248798458, -0.14573123710126,
-0.0828351510126493, 0.108918181185424, -0.0676801570994716,
0.0326410877747826, -0.166472149965687, -0.120117003295252,
0.110535618760886, 0.0132280269868752, -0.0960299949392954,
0.0244078517572329, 0.0498255141523206, 0.30042835440575,
0.0155574228255312, 0.0883807358077778, -0.208208169113333,
-0.0775958851776608, -0.0616864636303619, -0.108801462202901,
-0.0301152745700895, 0.0900379951165541, 0.0522028160228923,
0.0219474150210336, 0.0734402463485962, -0.0345390843492897,
0.0334638019684709, 0.0151826239669955, 0.0248666737483302,
0.191719560340757, 0.0352194685237209, 0.0632882097427485,
-0.0901778870871476, -0.0907979636681956, 0.060423920932541,
0.179608131844701, -0.0556388222620924, -0.0386701457213442,
0.300571639303889, -0.0524625232653917, -0.0388530135215719,
0.094443337747499, -0.0993818486527446, 0.0102169324491233,
-0.154673935606408, -0.0528017991111919, -0.12275418209247,
-0.222525018204402, -0.0147895644380787, -0.0160599253700059,
-0.121051819401207, -0.0882191031219405, 0.0476965470333333,
0.0442588197243866, -0.00595626043803172, 0.0421115481777821,
0.272617228513159, 0.0371784188334743, -0.123107136971387,
0.0181521050103958, -0.193967973245062, -0.0484043526244896,
0.0102729151655818, 0.156168273019225, -0.0723883711278086,
-0.0457981994497679, -0.101065397395477, -0.00858061753744487,
0.0120581161290115, -0.110761949925436, -0.0753041625485264,
0.0994669000997486, -0.222733910092949, 0.0414548876248917,
-0.0644062546125369, -0.0537523334605346, 0.0375121110876211,
0.0277135339524509, 0.0499833614500784, -0.0814242986348898,
0.103310435891053, 0.00286287256618461, -0.0670530337779193,
0.0403938471000443, -0.0903392076314305, -0.149328862497119,
0.0555231492612377, -0.110393666551762, -0.0247363555369373,
0.114761690427417, 0.0291910851161692, 0.0988284317273415,
-0.0981619266958848, -0.0584279096052813, -0.0131679349831801,
-0.0565485157307042, 0.107469669221375, 0.102713728269861,
-0.140574184259015, -0.225487815451904, -0.250145684238558,
0.0356439380020424, -0.090773289106123, 0.0820989934477745,
0.020780508017317, -0.0106370326991998, -0.0681751843992487,
0.052902628736969, -0.201406425125701, 0.142540551894002,
0.00919703676694331, 0.102350069476759, -0.0736476929286067,
0.075313317885318, 0.0179494992643866, 0.147910202991552,
0.0240230429876379, 0.0306394777895995, 0.0293015532147326,
0.0237087672787631, 0.0594610620501271, -0.0575212834773472,
0.0174238063304295, -0.0820542005182706, 0.018639742121666,
0.00283244612941478, -0.106780140756616, 0.0217437550162785,
0.0392224695668508, 0.0116899541424455, -0.00520969533500471,
0.00861014537871865, 0.149550932207914, -0.125957838521365,
0.0428506061929183, -0.150194424352717, 0.245987009459652,
0.131501029895022, -0.0021039063136753, 0.0496597209447828,
0.0580275295776151, 0.0625292738923141, -0.0595277083878804,
0.0944154426252271, -0.0266514614297947, -0.00869976798992664,
0.0347125056670455, -0.0116711551608736, -0.183833997324655,
0.0157993204285538, 0.00798350584639541, 0.105898460680578,
0.0485310063778504, 0.0293788223273332, 0.0487292474848988,
0.0436673141062513, 0.0239579519432652, 0.0776013405668877,
-0.146275430204083, -0.22194755702865, -0.0945706395755223,
-0.131287756622593, -0.0291933336109766, 0.0327090837844875,
0.192387539179424, 0.0495380684050339, 0.0655148250499044,
-0.0117065031280376, -0.17710412436709, -0.0637734382461188,
0.0173509355251751, -0.00936535206688174, -0.00957930630410348,
0.169113034253998, -0.00968731335082248, 0.102934957375392,
-0.00540469093809702, -0.134876598115455, 0.264549958428389,
-0.16825697391201, -0.0755341659159569, 0.131063465368308,
0.147965292882906, 0.218528541682862, 0.0883360974849046,
0.0448008760688251, 0.0474788840204793, -0.0351799436338259,
0.123309426927951, 0.210497178413872, -0.0151391416723885,
0.215520529188618, 0.0476449802304213, 0.0048524357378623,
0.237080442169435, 0.0420900806699731, -0.171458512074156,
0.163715238637261, -0.119607245301761, 0.02009260849232,
0.0434557544776702, -0.0448314643266992, 0.0743608326542903,
0.129847872515845, -0.0481855541351599, 0.0749856965336765,
-0.136508125548064, -0.218680714837766, 0.0258955382073534,
-0.0403780866764624, -0.124013814779184, 0.0178949792628734,
0.0145593410961711, -0.0545531049877959, -0.0488223185801085,
-0.0470767172651048, -0.0235934897744267, -0.0232293773762776,
0.0185225611555352, -0.0166466753016279, -0.0386499784309476,
-0.0529610713023826, 0.0102721128919449, 0.0679001889464077,
-0.204442178080732, -0.132628007357119, 0.0361050947443886,
-0.053757667246348, 0.0504588319368413, -0.110943274117516,
-0.0313274361141198, 0.0419740009002313, 0.0975873468061619,
0.0245378527412827, 0.0323291199126681, 0.0708593812398692,
0.193704633367451, -0.188650987115564, -0.0340730685197477,
0.0681632093940541, 0.0207216449256422, 0.0487884581813881,
0.0736772318125009, 0.0977047259445778, -0.0217029403107397,
0.128380226740784, -0.0744815733259637, -0.122447025200865,
-0.0306226365961166, -0.0897926437804881, -0.0409446905975395,
-0.101873501885975, -0.0474376117098044, 0.0321874438388659,
-0.00249802120695813, -0.182081580752583, 0.136342971047909,
-0.103443401282309, 0.141052137735477, 0.00631955894327109,
-0.201738083376138, 0.0496794241982778, 0.0462490750863873,
-0.0435032550230993, -0.224103465603081, 0.00309822308155158,
-0.112394507906462, -0.0539836336619597, 0.305816732443851,
0.150047373316776, 0.0186417137501083, -0.0637229515180188,
-0.0242373223929726, -0.0707220467026402, 0.0768031070751329,
0.00607098794674585, -0.0476289925171825, 0.0102542443281725,
-0.102546689684117, 0.00601382641276105, 0.31790293358208,
0.0280821249519089, 0.0233931704965954, 0.142942394718185,
-0.0894736452698741, -0.0722412795331626, -0.188832226769455,
0.198775770619947, 0.0283326778466612, -0.075306624765729,
0.12302544030662, -0.113827162357926, 0.162578594430659,
0.0313533300992458, 0.00740335453839865, 0.0315244740572907,
-0.0469258921844103, -0.0252454999472104, 0.0969032598565528,
0.0130761969308118, 0.00419650077441118, -0.0618538935516139,
0.028577235397066, 0.237146657116173, 0.414994466491143,
0.0335400247790378, 0.0921030626735621, -0.00780179906680294,
-0.0615726557271538, 0.0759979272399659, -0.0047685753651473,
-0.193514531829053, 0.0499292941595905, -0.190805207623528,
0.0222618933726671, 0.0376735781795224, -0.0164393063878042,
-0.114987002382365, -0.0546629479178362, -0.0393082382895488,
-0.152650142851024, 0.247789711893616, 0.0555549164929114,
0.0558296668298441, -0.131092322126076, -0.163294702032068,
-0.181886645599778, -0.0401493724188962, 0.0850217647605213,
0.041958305901661, 0.205956493034046, -0.0998515654612643,
0.0730245702963069, -0.149758459209701, 0.0125870631762721,
0.13887981036267, -0.0822874165784497, -0.159682111176312,
-0.015886069330842, 0.0328598923295488, -0.107846503618568,
-0.165430662893505, -0.148650940386016, -0.00222507475299609,
0.00355704953969144, -0.00567432299089386, 0.0337934241057799,
0.0619262058958904, -0.125772081365245, 0.0233293124626073,
-0.00941272176478054, -0.0441947291079474, 0.0503514014860337,
0.107122465393634, -0.0275445496738077, -0.0109205200017053,
-0.0705031554881369, 0.075322822617216, 0.138861605052681,
-0.0262523710861221, -0.175886231448951, -0.148799568047075,
-0.0641636070171068, -0.0877387252399118, 0.215865103293576,
0.0729785130570665, -0.031508355023887, -0.11963901781634,
-0.0647575475139964, -0.0303301683620989, -0.227689876355877,
-0.0878597307583676, -0.138242638362291, 0.0680551820500991,
-0.0935334578692787, -0.0277892164161402, -0.059091162201647,
-0.137396195218842, -0.102750411818167, 0.0515689565955622,
0.0234854931225058, 0.041340909775845, -0.0984645398249455,
-0.0915919924537488, -0.0791371898114467), PCo8 = c(-0.098583014301923,
-0.0438372901900528, 0.003295461595267, 0.0872170398719456,
-0.034423709286273, 0.305930759589551, -0.0859600047146476,
-0.0604579301637191, 0.13622936663217, -0.0105987727053432,
0.0309665832465378, 0.0389119720516254, -0.103883783469483,
-0.107319771910223, 0.0412218633218877, 0.347870208299473,
-0.105176731336684, -0.0232180214579167, -0.168182855271176,
-0.0174825173210589, 0.0224321326118767, -0.054856593178337,
-0.0581465423268841, 0.0707490435011108, -0.00847370563226118,
0.0956287790178957, -0.137247341452054, 0.0234313789190865,
-0.0952504987253775, -0.0314950561135568, -0.069972972697963,
0.00909580674264971, -0.100783248264643, 0.0685594397355154,
-0.00337003597820662, 0.210838512520007, 0.0189025431616094,
-0.0733689482080216, -0.0532612834659131, 0.159068761596402,
-0.0642994415155, -0.15687032146789, -0.031844103627038,
-0.158817968182992, 0.100353501488841, 0.127161888857037,
-0.0192415100874647, -0.040049319142187, 0.00734861086573015,
-0.144542541771964, 0.0270763028643858, 0.0991960568603815,
-0.0376885108490841, -0.0353973227324397, 0.0812652152949123,
0.0563772358075221, -0.0567341869667366, 0.0403068565391148,
-0.127940507047785, -0.00996239782711487, -0.131808524638649,
0.129116687281216, -0.0482990978181237, 0.0660476744394542,
0.0560353546393592, 0.052658026098345, -0.140549927562084,
0.12959772819671, -0.00480544008274826, -0.00628819653175315,
0.0278610399358816, -0.0167641425518557, -0.0135068135121954,
-0.0389853838093574, -0.0146982022974925, 0.351816445964868,
0.0307307701955876, -0.120770371144481, -0.154719697365165,
0.0541504639341211, -0.00865181333218678, -0.0298840693129794,
0.023934136783359, 0.0322009767631552, -0.051873067070112,
0.0564400485511023, -0.0130194655478087, 0.121785239442136,
-0.0124459520920679, -0.0614401679499912, 0.0439050799858495,
0.0263038266908267, -0.168424506041905, -0.0345695365553255,
0.333355810490679, -0.095272894483574, -0.0609153078649031,
0.0935996800392938, 0.0779743127020439, -0.172719868063137,
-0.00738637344505728, -0.0383117273356202, -0.114387126431841,
-0.0485242621830443, 0.112420994280453, -0.0496704512725872,
-0.0996468399097495, -0.00273605450888479, -0.0554184328931028,
-0.0247967660590038, 0.280835781799724, -0.0781237500561755,
0.12228288181975, 0.131763744258177, 0.00845340485028707,
-0.0204629374005502, 0.0102821509246817, -0.136870218786953,
0.0931249099271991, -0.0196421505577285, -0.013487559569181,
-0.0614854517322755, 0.0463974660265939, 0.0532545646363615,
-0.0506610855115699, 0.0299802944541789, 0.0211066821458885,
0.0260290155494296, -0.120597159818707, 0.0470150273510531,
0.0309036104360404, 0.111562213951948, 0.0360678133118949,
0.0469996957126131, 0.217599024037279, -0.0596554515803137,
-0.00247835383652886, 0.0487124779629289, -0.0615703524991196,
0.250738242470113, -0.0845902011621165, -0.0750179651252133,
-0.131705102484346, -0.0786725455538068, -0.0260308138336864,
-0.0930453963591282, -0.0798607668236755, -0.0793831876465574,
-0.093071562949891, -0.0623044193771682, -0.0781664339997734,
-0.00105448978362722, 0.00996340747654183, 0.324691941060858,
-0.124939803606413, 0.10878315468371, 0.064572911046883,
-0.0176932788702915, -0.0956023907827257, -0.0952002654511456,
0.0229539253498958, 0.0532822257084093, 0.141873736278307,
-0.108900867669674, -0.0959797329592014, -0.136111699023126,
-0.0388505549641114, -0.0599721209750796, 0.0837484143293985,
0.048738102391345, -0.00519958328494809, -0.0598940732486481,
-0.0913138099211071, -0.0772921506114326, 0.0150173684661412,
-0.0822860630530652, -0.0723286842651599, -0.0515310113627209,
-0.123974355250837, -0.107836390686771, -0.0179791413796422,
-0.0505823625499998, 0.0978387839957732, -0.111911659243668,
0.0333677909737436, 0.060525287065349, -0.0935462213618481,
0.0324600535333065, 0.0423177474958126, -0.00554108159489964,
-0.0703443126593472, -0.0608971605724116, -0.041925402458666,
-0.0507501424995936, 0.0502612732013671, 0.0301434509579262,
-0.0361823599289543, -0.0309078504807568, 0.037282881402943,
-0.0803431480783287, -0.00852079997694931, -0.0402473070676653,
-0.126177902336229, 0.143249043854427, 0.0712887271202461,
0.0440969522548858, -0.127342094463638, -0.022678901298557,
0.0173337396251783, 0.0886874999645793, -0.0703293312103108,
-0.0138506807898549, 0.047027381973779, -0.00413046243467735,
-0.0835437170106674, 0.0398954495518134, -0.00218016797070988,
-0.0458224990087666, -0.0189265814056915, -0.059159169901601,
-0.104938880819273, 0.134212499140024, -0.0320238809787102,
-0.0773606521175273, -0.00578688301881126, 0.026156276189792,
-0.105792307020427, -0.0410125820211577, 0.00443153195866312,
-0.000219109969066865, -0.122442266935969, -0.00151332929439362,
0.011852177342193, -0.00162397932630224, -0.0294451450618038,
-0.014483889705239, 0.0269390520930768, -0.0612234328229632,
0.0470127233765378, 0.0807600613764428, 0.00980962432548363,
0.105726741453807, -0.0828244993993221, -0.0531509761598444,
-0.0188393960268998, -0.0429425615694914, 0.198983357908935,
0.0482489641273498, -0.0242242243196206, 0.000929450674665756,
0.00311495820820444, -0.0408138621028322, -0.149152404784033,
0.200007767446068, -0.0179042906144066, -0.115569876090529,
0.0433609986097717, 0.00637165487484151, 0.281154619640786,
-0.0717113610645574, -0.0132035906149302, 0.17348583740971,
0.078441981773205, -0.013494894138709, 0.148016158654408,
0.0141415764604709, 0.354516234159978, -0.00929261853319516,
0.0287444164710092, 0.00934768384524706, 0.0662491398285958,
0.0158564174470433, 0.0546191154881103, -0.0813510098418931,
0.0169622779051133, -0.00467696475325355, 0.0477957506940584,
-0.0962950593434631, 0.0137820805243282, -0.031246372366304,
0.0276019645834382, 0.104474044562061, -0.0889532204116927,
-0.0226849738683419, -0.130812561504233, -0.0181858748875374,
0.0995299584369061, -0.0731026027601673, -0.00259270057998838,
-0.0950214993890525, -0.0376142712557411, -0.0230383297007049,
-0.00186184541530688, 0.114097861430145, -0.0362356377361261,
-0.108848911652217, -0.0289108708005353, 0.00603026617865985,
-0.0447653052555427, -0.169314977799476, 0.0997026508340058,
-0.133232147738191, 0.104715871702658, -0.0234675321043125,
-0.0286548759743693, -0.0160643507056808, 0.0933854953937164,
0.0119426872261568, -0.0222303739632435, -0.161980435235609,
0.044264698636733, -0.0702948965039092, 0.0104072111253288,
-0.0282808720973799, -0.0770939603392101, -0.0511416082693182,
0.0141654299807217, 0.0169161907010005, -0.0184709941833107,
-0.126034948700874, 0.0668972218244495, -0.0961007094931599,
0.111134030013272, 0.013676947088197, -0.00322252055323718,
0.0861507575759562, 0.489997372029142, 0.0949901563936356,
-0.0491321630605863, -0.0312537080845711, -0.0123447292878112,
0.108104319479372, -0.0771436400819562, 0.274743271267597,
-0.109867908390857, -0.0690122587430612, -0.0327086561053089,
-0.0124342891568098, -0.0028093078673934, -0.00310148685388072,
0.0329314332084059, -0.052546188038529, -0.0490161616287094,
-0.00543909586039475, 0.319665746816735, 0.278638120291875,
0.0711743906538555, -0.064533607821114, 0.0285722944846236,
-0.13135758996733, 0.0327058585788063, -0.127983264134681,
0.0660755624159517, -0.0975706962865657, -0.0210755519952872,
0.063177640276402, -0.005610737441449, 0.0176104275480576,
0.013654498094352, -0.032194427816125, -0.0206870622920019,
-0.0297502326978778, -0.050328016815362, -0.0618893288093811,
0.010836193854102, 0.0533988991964151, -0.0980986549385285,
-0.0595000858872148, 0.00325708716951625, 0.0245682683766783,
0.0851756476471655, 0.0482313123029472, -0.0720169905983522,
-0.104483684779092, 0.00475562152612994, -0.00336912134535675,
-0.11219840385735, 0.159202363401393, 0.0529986414299146,
0.0118479088069952, 0.110111650126409, 0.00888752590783692,
-0.0349356399321062, 0.056733781436811, -0.00557015370376211,
0.128189717019782, -0.0169358460351316, -0.0666481129045093,
0.16913288334374, -0.0416827198113589, 0.0104004259196128,
0.0729938934921071, 0.0673845280136375, 0.100380189308169,
-0.092821594434522, -0.122796441177457, 0.0993937494034496,
0.0262938318305213, 0.0124726261071514, -0.0295295024260699,
0.0772127279461283, 0.145554903963276, -0.00779982154370117,
-0.0214522611954614, 0.0151393203836779, -0.0823564170802917,
-0.0643439898961614, -0.0154103656874765, -0.0815426731540398,
0.102967616082614, -0.0426604997040401, -0.0953310165680829,
-0.0184617966185247, 0.328002963731179, -0.0471110269755575,
0.142444935876316, -0.16855074296707, 0.118766729856912,
-0.0860604711671906, -0.20766406664954, -0.000837698561254932,
-0.00227677600249933, 0.116012774335782, 0.0752110095653097,
-0.0365725152700397, 0.00262249342546498, 0.0221092784113509,
-0.0122829911522431, 0.202116740848515, 0.00544103475650528,
-0.0744772949498789, -0.0335428822395517, -0.0416242260406544,
-0.0188040253527945, -0.0896548696024865, 0.129078754907942,
0.016443148035591, 0.022960479739514, 0.0378883307722412,
0.332672992724764, -0.0486688082151675, -0.0685767822770982,
-0.0476917972408591, -0.0614851447780228, -0.119272281992594,
-0.106134210374001, -0.00382033988321847, -0.0433088720957022,
-0.0743858714194492, -0.114359282643753, -0.0706310967807534,
-0.124523396135557, 0.0573615988780983, -0.0348738249501058,
0.0219729412931861, -0.0357947693532713, 0.0726181611089738,
-0.136071763199104, -0.0329942255595905, 0.124453177857834,
-0.0103672424448389, -0.0937579610039079, -0.0415395648715545,
-0.0831428485893404, -0.0890251523060345, -0.0103332208129099,
0.0164988341492303, 0.135179106838526, 0.13845402788977, 0.16950699564415,
0.110715673182611, 0.000348097367931724, -0.0805001616438111,
-0.112335376986734, 0.0306228690532408, -0.00693398849020234,
-0.0454693371695279, -0.0925200673818333, -0.0531806671562809,
-0.024359046376357, -0.0601004048692064, 0.329135595633864,
0.00390661421343824, 0.00653908714881744, -0.0513578254892746,
-0.0233271657643109, -0.0466297485258086, 0.0357793842132976,
-0.0961967431791691, 0.162972893090535, -0.0349597040569475,
0.345147488031457, 0.0547511195226396, 0.0250557601334732,
0.015167218132932, 0.00751712449361358, 0.0611413719275922,
-0.0249945105614379, 0.0425089589833307, 0.00406146392124518,
-0.140820320256758, -0.0238456134684811, 0.0830310816125289,
-0.112659585067586, -0.13419645008939, 0.0440319235212746,
-0.055623695765889, -0.00532081965877332, -0.0354895066385398,
-0.157861328948548, -0.00339239038937157, 0.168464780438408,
-0.00944634059541674, -0.0601468095950933, -0.0734341554133321,
-0.0315035880254429, 0.00955623551323584, 0.0197962759648734,
0.190144778058521, -0.0241872262627248, -0.0718835335543417,
-0.110480278678733, 0.00195133805968846, 0.0723161922319138,
0.0414740577584518, -0.11509606774312, -0.0629130151619267,
0.0835331906285211, -0.0584788507724491, -0.152410095139831,
0.0323769534099269, 0.269658546670606, -0.00093101207509401,
-0.0391795353322307, -0.0172980756143189, -0.0582042874575771), PCo9 =
c(-0.0278575621982215, 0.0933158248861157, 0.0102193010650509,
0.0255774410649407, -0.0229958539080427, -0.26901105717687,
-0.0717162413837156, 0.0354424148918787, 0.0958379239022739,
0.102878041475319, 0.0306389275397296, -0.00818753681779202,
-0.00574649583841325, -0.0193256712788441, 0.0103334959377689,
-0.126042846065805, 0.0768381873981455, -0.0739004552457122,
-0.0246083247644996, -0.00809737986532011, 0.0381285320979199,
-0.0221429666372941, -0.0157365594388228, 0.0393574091304102,
-0.0303111350496612, -0.00446307998976928, 0.0176385651259049,
-0.0213080972653407, 0.0161898002599995, 0.06716774850702,
0.0247072119133146, -0.0641077487952366, -0.177302745926287,
-0.017806249667713, -0.00945274925195477, 0.154930460625462,
0.128353420815649, -0.0693418222856477, 0.0131838094972006,
-0.152254007996662, 0.104092021979371, -0.00270264202508024,
0.00999993463933086, 0.023151192397212, -0.0866459678356581,
-0.00101661324075838, 0.0749623203505387, 0.066306931394873,
-0.00553313139663918, -0.0481520810054196, 0.0306677876604011,
-0.0850597702941511, -0.0212726873133236, -0.000277582333624054,
0.058075396826911, -0.047620671869321, -0.00347805621086432,
0.0469603501514781, 0.00541746168565466, -0.0126526522795819,
-0.104811673918333, 0.10963396135767, 0.000229326287635244,
0.068242076371674, 0.105875197091123, 0.00381417025037387,
-0.0324027513528307, 0.051101471823148, 0.000143898757496603,
0.0779328531219489, 0.142471698473114, 0.0720077166064452,
-0.0810664700597972, 0.016819669820004, 0.0491008019571665,
-0.0689895334632043, -0.0185574109311692, -0.18686981196515,
-0.190919695434464, 0.0392407555963828, 0.0754233926214423,
0.060146556958733, 0.0654739180008468, -0.0158511283344354,
-0.0273271835956977, -0.0215336600071609, -0.0371484291653246,
0.0838510348771148, 0.0431119854053447, -0.0551340854924827,
0.0585151543743238, -0.0253527964249286, 0.00264297767150999,
0.0479476791690956, -0.101327457944734, -0.024531525286707,
-0.138672390874527, 0.0292911298874934, 0.0804741831964381,
-0.0231457591855196, 0.0315866771293812, 0.0445651119417651,
-0.0337058315672834, -0.040638046233622, 0.122523884496493,
0.0496326725080483, -0.22639226264719, -0.0719558122205706,
0.00360811337264569, -0.00161833431778095, -0.0866443724518861,
0.0281744414879483, -0.0593812072141529, 0.0569811231345351,
0.072377301294656, 0.119435311051142, -0.0418599373991742,
-0.136183914451832, 0.0898235389931723, 0.0891689432059053,
0.0299572903102385, -0.115098317135294, -0.0841749599684517,
0.0475647365619912, 0.0414543449711158, -0.0328572496436157,
-0.0412990585086028, -0.048419003808851, 0.0425939770530256,
-0.0441726105673317, 0.00903376508202776, 0.0354634429993654,
0.0231608406621321, 0.0145720177227283, -0.0853895004091716,
-0.0266337358019483, -0.0836093969115244, 0.00772770786190912,
0.0473294855719556, -0.217154162025505, 0.0900021037488424,
-0.103339999629337, -0.0280524145855613, 0.045970162588015,
0.0420016949707913, -0.0956577959774084, 0.0422774426814901,
0.0421492453768068, 0.0205066312755587, -0.039374431405602,
0.0728346160338356, 0.0476511377962078, 0.0360493187379965,
-0.110966281527447, 0.053604372231138, 0.0470188998800273,
0.0775541814716181, -0.12455795107802, 0.0461402400593454,
-0.10803630894892, -0.0372905308397694, 0.00463835757784371,
0.0128992596308382, 0.0146419954516779, -0.0405446556729338,
-0.0363759424773016, 0.031573532795869, 0.0522017485333626,
-0.0583745448400371, 0.0925145866006438, -0.0576636972682203,
-0.0238298196030577, -0.131688150419067, -0.157919430069981,
0.0683378048870947, -0.00539280405163977, -0.0479361887758589,
-0.0990287780859718, -0.173212377181938, 0.0171301900090231,
0.0529330579452816, -0.0515313530760616, -0.0578901625142202,
-0.0292212326272528, 0.07393040670535, 0.0645569394039395,
0.0155633882455034, 0.0280555420752507, 0.0218880232372326,
0.0765243015733776, 0.142157074009272, -0.0970429346626062,
-0.0174760062668214, -0.0320834220865877, 0.0174783386644418,
-0.0503346779365344, -0.0180219643489692, 0.0762560045407357,
-0.0673641307332742, 0.0229360882359058, -0.038317717286455,
0.0170008313639864, -0.0488047245667493, 0.0900032643660734,
-0.0313709920408465, -0.0503574347924245, 0.0239802758108157,
-0.0574569315689094, -0.0500474563520974, 0.0152145455470735,
-0.030785688960734, -0.0944002115893124, 0.113597172925465,
-0.0805700226412141, 0.0290641835063649, -0.00563717310955138,
0.0421808863567494, -0.0346135030612631, -0.00682742642356044,
0.00148863964552219, 0.0336487199200906, 0.0674592787249137,
-0.0197924768351636, -0.0268956778044753, 0.00186773191580101,
-0.000878213699301499, 0.118693941141913, 0.0847145247556363,
0.0382427570042924, 0.20181528068357, 0.00437509054563266,
0.0266550684475805, -0.0257363304659088, 0.0568779743425529,
0.0861870137596575, 0.0914657383008512, 0.0665872412549666,
0.0835810953386805, -0.0833034411820635, -0.0127511874540738,
-0.014756401021869, -0.0793387119748044, -0.0907728477464274,
0.102487466011438, -0.0262961272752819, 0.0374596481542202,
-0.109945365665685, 0.0392379544546907, 0.0530700922198412,
0.0077674879422034, 0.108322823356192, 0.0321219314167724,
-0.0301693927235877, -0.0195390577202595, -0.041733964301719,
-0.0179157698963073, 0.00868396278702272, 0.0656838358857362,
-0.0864035560767977, -0.023239062796281, 0.138658509610107,
0.00474819437134901, 0.0421393090972512, -0.0248068221522448,
-0.0527015585391602, -0.0832255570103576, -0.131761190520523,
0.101674306039423, -0.0989371564932752, 0.0984985057110613,
0.147713847686807, 0.139214926116078, 0.0665903377579832,
-0.111106876930804, 0.121889665430077, -0.087551316845419,
0.0105112996669172, 0.133198808744292, 0.0215760327111756,
0.0151808887359323, 0.0725692641351848, 0.0621968293541037,
0.0203047671471361, -0.109720917839165, -0.0472471954327721,
0.000375565068086498, 0.140216940414695, 0.0208330923289036,
0.0201800686201679, -0.0265744653191681, -0.00782957620164989,
0.0677408671634178, -0.0553885088601939, 0.0539999148165808,
0.0151808591137697, -0.0489913804630169, 0.0143103579563123,
0.0221617863185413, -0.0928393141755539, -0.0229560861692991,
0.0796559742558383, 0.0611078871352898, 0.101192379887078,
0.213131189272834, 0.0158900530932168, -0.109848773138507,
0.066246986298149, 0.0183478639689002, 0.0692052254876759,
-0.00114292197129462, -0.0250067069295272, 0.0168871985549351,
-0.0863821256126612, 0.000448230969580136, -0.0119673488159442,
0.136681476043956, -0.131006619131199, 0.0959155557507746,
0.0551098598313683, 0.0067614022576897, 0.0675093810105286,
0.0122605869116882, -0.0629038595559443, -0.0849140207591611,
0.0620784548791003, 0.0383577069905598, -0.10999505389369,
-0.0244113020849578, -0.19114136805448, 0.110029153716979,
-0.0268148266513102, 0.045783079922596, 0.0647851205224161,
-0.11880152659151, -0.188044199420039, 0.0110882136094252,
-0.0819176607379309, 0.165769592563113, -0.131032354781551,
0.0857296889452578, 0.00552027941463119, 0.0138242055721793,
0.168553705151587, -0.127362141649928, -0.116482951103654,
-0.124276387967134, 0.0270161914288751, -0.0846740081534024,
0.13726019612123, 0.00784258625549037, 0.0958632158481596,
0.0393087380527438, 0.0681917998182442, -0.051683274386202,
0.0653640369516084, 0.00180258967446347, -0.0995893181761712,
0.0120662170118197, 0.0678506021768239, 0.0573165191433734,
0.016260644809533, -0.0844329395341793, -0.0787115509390053,
-0.0714930965058789, 0.155512165813288, 0.0603652735460185,
0.0394542649630161, -0.137059653935678, 0.00378185153295138,
-0.120450604470115, 0.0550548755578492, 0.024412999252466,
0.0639432337013718, -0.00496613642640091, 0.0344979680705712,
-0.00704492742072963, 0.00119126215780027, -0.0452122812302575,
0.0606470099258305, 0.0295731860327528, -0.0722672263525405,
0.0597362241610784, -0.0790986389817444, -0.00518225397385402,
0.211330865398075, 0.103998928137551, -0.152113556438497,
-0.285941471898997, 0.0482578496546904, -0.00546403824265215,
0.013940355874443, 0.10410981314083, 0.109601006522441, 0.0158083748141508,
-0.103820865372462, -0.0520483181897898, -0.0591630664159846,
0.061404712617774, 0.0212733956676672, -0.0212696144050297,
0.0864802765708826, 0.114451528347354, 0.0524384590829405,
-0.0196803779289356, 0.0261112322104114, -0.00163341417640362,
-0.167671656796044, -0.154643844474997, 0.155988472420836,
0.124986102275436, -0.0368396782370897, 0.00514447868287366,
-0.0625379587284507, -0.092721575759492, 0.0137484880636443,
-0.0664741319840634, -0.0112649035574283, 0.0961978789449296,
0.045736351915588, 0.0328531093731006, 0.0549208387276245,
0.0800582433375448, 0.0346372943933029, 0.0529362907439189,
-0.0315828268376288, -0.137079221444095, -0.0128272099693476,
-0.0467969766816563, 0.0363861574326756, 0.0565620745059334,
0.0625201369042901, 0.0461944217354628, 0.0206798923953002,
-0.0526722406453893, -0.035961042537407, 0.00956130899809729,
-0.00607477784286285, -0.0152768212219398, 0.117760414996702,
-0.0941506820377011, -0.00731584649311116, 0.0631115806012193,
0.0994788824743453, -0.0304614875843184, -0.0465426746879105,
-0.0259815507960629, -0.00435515609397273, 0.094174383495979,
-0.0513912504829565, -0.178575334351311, 0.0327700659538429,
0.0480340123418129, 0.0575750575234583, 0.0371846371986976,
0.10742622695084, 0.0749418650989166, -0.0847598236831479,
-0.12995410103323, -0.0506466192378286, -0.00173114728997245,
-0.00225823095813579, 0.0510446550251839, -0.0124873077988433,
-0.100484913006373, -0.078364789661221, 0.0364526532545404,
-0.0796691122250311, 0.0700543539268347, 0.111823626864606,
0.109668553598089, 0.0519695936487067, -0.0884229735355419,
-0.0515050228268249, 0.0314983806080111, -0.108293434375088,
-0.0184735321917463, 0.0440243810729605, -0.122493681904847,
0.0180330057201424, -0.0329688662745921, 0.00837044436916615,
-0.146417548390865, 0.0250929218225205, -0.102271510515497,
-0.0208274198706119, -0.0637504751373393, -0.0369258053746121,
0.0879022084283181, 0.00294348002879502, -0.0250350111226921,
-0.0137755763155244, -0.163270427172685, 0.058502241969982,
0.0145651471969117, 0.00853558380792971, -0.0426469906013466,
-0.0550219610412597, -0.100160284801214, -0.111172374532133,
-0.0159027482268152, -0.0573813541119829, 0.0983419285474255,
0.0490572744976309, -0.0689558020762042, -0.0518741604639999,
0.0496630330281316, -0.00425597786202157, -0.0479795467592693,
-0.000944785260224842, -0.0607471883849795, -0.164498102477022,
0.09080520345751, 0.00474085138111516, 0.00726305429143889,
-0.0388657247174746, 0.0757268819518075, -0.133673578417724,
0.0185932129780284, 0.179489586203508, -0.05797616838714,
0.00923950179229311, -0.0979678759614213, 0.161002462004079,
-0.069983764488959, 0.129760269087209, 0.0122268697147527,
-0.0647615658397046, -0.0469651451126969, -0.0310142280009756,
-0.0147150136053381, 0.0959463512179072, 0.130467879762438,
-0.109549828847911, -0.0459869060196907, 0.0466289430368173,
0.0867302904691157), PCo10 = c(0.034609481175777, 0.0124348983356511,
0.0400830367619755, -0.0828195488939817, 0.00986407298454795,
-0.0885450767236158, -0.127490100525232, 0.0357815262953492,
-0.00637682204702894, -0.23058292577802, 0.0750959392595701,
-0.0924716155904472, 0.0294023029521977, 0.0648616291058259,
0.00142272388900113, -0.0869823053974545, 0.010270743503873,
0.0369212498333198, -0.0713151757975932, 0.0814435431522974,
0.0620967569190084, -0.00295021689662207, 0.044852640515184,
0.0832552506850508, -0.00475364549384665, 0.0951495831598068,
-0.0422853050876986, 0.0485280540602828, 0.00859879771962729,
0.00894372935661151, -0.129710239178679, -0.082158046929803,
-0.0744678990749824, 0.0801507224535304, 0.0622235549940627,
-0.00974783063713537, 0.061179561835127, -0.0119406970792359,
-0.00395240635659421, 0.0754344623575013, -0.041971805411931,
0.0134609646313569, -0.0796253302082487, -0.13119758227215,
0.0818688116628987, -0.0447645577753085, 0.0468066996893405,
0.0885745804789292, 0.00135061641883662, -0.0449879442655835,
0.107999066288187, 0.0837645052727346, -0.00186925144022604,
-0.0423414374516686, 0.0283578354520554, 0.0521051537343359,
-0.0128314288879422, -0.053123261529248, 0.0233122669942048,
0.0451653423751279, 0.0475336371432962, -0.0731110690762522,
0.0886883094174876, -0.0160703457931176, 0.0142705406156967,
0.0474752938325746, 0.0432419265497189, -0.19157117987447,
-0.0313935646766975, -0.00702171328598896, 0.0996168838924893,
-0.0526794608275025, -0.140150787145265, 0.0364475611498314,
-0.103035546780282, -0.0929111731183136, 0.0449484008342788,
0.147259562443522, 0.210818928479684, 0.0339551457769582,
-0.0683645694899478, -0.0890590068176123, 0.0456580107312864,
0.123316931273384, -0.015511250350629, 0.0414951622941505,
-0.0359096645316301, 0.0544382565755203, 0.0484566069174683,
-0.122031999786022, 0.00234853527360566, 0.0339282552619364,
0.00229859773531732, -0.0151966664186757, -0.0677702893930112,
0.0932267210212057, 0.0290585814181636, 0.0104149289012034,
-0.0851624403948391, -0.095730944710862, 0.0316761915442548,
-0.00517180519699844, 0.0745241111309175, 0.0217148554555603,
-0.0106166271339701, -0.0716242762018691, 0.0803794443969388,
-0.0242393054842392, 0.00746481146808823, -0.0426457112332663,
-0.0633829900837642, 0.10984597817527, -0.14347838905206,
0.00652529077107025, 0.0570908183836208, -0.0302954645820335,
0.0245054291963253, -0.00548785185058282, -0.0162824529647209,
0.0459476517702833, 0.0661450894222647, -0.0175777725190969,
-0.145396599285157, 0.051324083510788, 0.045018606303394,
0.0304740015007005, 0.0635200809598583, -0.0636294006313449,
-0.0256264179296327, 0.0296423899728214, 0.00111830535546313,
-0.0622248537409974, 0.0873371069048155, -0.0368916031136315,
0.152268951328465, 0.0412119942626525, 0.0293260400345174,
0.0145107498506238, -0.0120644862984566, -0.0274267119863012,
-0.187341506472413, 0.117570568082537, 0.0899645246979321,
-0.0319502795625034, 0.0374287736450726, -0.0384064660593764,
0.00651568700735955, -0.00983504289499262, -0.0478845167329528,
0.0201591715935539, 0.0225261961013366, 0.00769377703769514,
-0.0925951267618427, -0.0703628459901616, -0.0159133879574634,
0.127051861702486, 0.0782355829068524, -0.0174044844963201,
-0.154361077281875, 0.0569276326570969, -0.0294713977347367,
0.0438022655338738, 0.152655511997545, 0.0125244462127468,
-0.0668355475878787, -0.0141514808170525, -0.0205681671643899,
-0.158666122446481, -0.197049007781596, -0.113335634769036,
0.0735062357023741, -0.103498635180904, -0.19971759260294,
-0.0245165218782995, 0.0223540289802705, -0.019032829676522,
-0.195629289559868, 0.0724208506878567, -0.0438370987241714,
-0.123320273053429, -0.0354593278199331, 0.0549229458035254,
0.0757445312976702, -0.0163817735637184, 0.00767741355296616,
0.0486484826058662, -0.0456758483258684, 0.00308114183062,
-0.0165325434898383, -0.0430575987123398, 0.0396232504864046,
-0.0634379056133815, 0.0776244625168637, -0.0132137530515835,
0.105657415591866, 0.107505154389247, -0.0332434972062843,
-0.0221047827378638, -0.0859827964344432, 0.0025739737578835,
0.0485453817706497, 0.0431196198521308, 0.0915263098899327,
0.0278152716387216, 0.0759773765878279, -0.0211493333018862,
0.00999988621574271, -0.0488849742070227, 0.0168549323829185,
0.0639148323242655, 0.0670378960265434, -0.0353630237221753,
-0.10530523058219, -0.0622411959406573, -0.02464727221384,
-0.0788240035355749, 0.0863139678514404, -0.0519915617933512,
-0.0239884026093197, -0.00707332502226399, -0.102787914905117,
0.0744544761696209, 0.0588559926374982, -0.0696370317974691,
0.0133161159703454, 0.0177605763945648, -0.100109767985998,
-0.049230145606283, 0.0698563669546318, -0.0660135466963681,
0.0541488964937469, 0.0258048474609793, 0.0322454761194163,
0.0391313897858508, 0.0393651850509657, -0.0263658538028615,
0.0545548299556352, -0.0300723380600269, -0.157737801501481,
0.0481715990985049, 0.0376514476703858, -0.0936577437723657,
0.0301528853820219, -0.129747533401221, 0.146141196256906,
-0.00695889136150457, -0.0239397444932654, 0.0276659604010718,
-0.0386374441060167, -0.122610812797894, 0.0658239617804731,
-0.0866753544527176, 0.0281588825665201, 0.112214791000388,
0.031340081119679, 0.045326673195006, -0.0313799587779403,
-0.00775530380523337, -0.0565265385249946, 0.046532069590606,
-0.0275451714544671, 0.0242204085497307, 0.117856440568474,
-0.127666848190086, 0.0697501499779629, -0.0681367820718785,
-0.0734150068825501, -0.0310070435632803, 0.0708075430346939,
0.105668593103608, -0.0419549246291824, 0.12024328896441,
0.0102466293821089, 0.00935809494667194, -0.00556108223621507,
0.0226806576295469, 0.0493549434180631, -0.0889690635963666,
0.0471273116270556, -0.043040692455108, -0.00722818945583874,
0.0279748921976424, -0.17256347782757, 0.154121256765114,
0.0162748429598988, 0.0197299227086847, -0.233905175244731,
-0.005317369460192, 0.0217436096227737, -0.0769360546368591,
0.0575206898959779, 0.0664163569671043, 0.0987385756411528,
0.0129449699657975, 0.0391321615372328, -0.0219672286470649,
-0.00404020678064838, 0.0459241406512431, 0.0354744812991599,
0.061708631109496, 0.0282813629275625, 0.010712520665839,
-0.0607889679019196, 0.0504920065051539, -0.0279403707584163,
-0.0248313933184243, 0.0254072846535065, 0.0167493016371126,
0.0433851278361823, -0.0300041185007208, 0.135814700219966,
-0.0761809339765237, -0.0819216866679029, -0.0391457473387581,
0.00488023179195328, -0.0237206952989994, -0.053421379661552,
0.0425981356283132, 0.00901128568153552, 0.0231094426959183,
0.025985148010094, 0.0687002830615714, 0.0763093699774026,
-0.094157895514537, -0.0447985366700807, 0.0272886865168616,
-0.0688528829649698, 0.116311438590746, 0.161150824903587,
0.0124688716534924, 0.159021875631004, 0.0392450641344362,
0.044633716940373, -0.0729251587006725, 0.057106738450662,
0.00845380684060276, 0.0977907956455433, 0.0606393135052355,
-0.0153067279137677, 0.130169007171348, 0.0111892716594359,
-0.128426410306779, 0.0037151007323459, -0.0195201290044016,
-0.03794841772129, -0.105456671142431, -0.0576089650588112,
0.0347396793350164, -0.00686167926541429, 0.0534035229533525,
-0.0865451000729782, 0.0151752760877394, -0.0458320120715623,
-0.0159869632597603, 0.0454681498442638, -0.0551300420245212,
-0.0669200501007977, -0.0457989696930608, -0.0426035893056157,
0.0484902845429857, 0.0542880624560967, -0.0528800093922892,
-0.15416744317773, -0.164579819730135, -0.0360817132283212,
0.00576862932227541, -0.013524554785311, 0.00731960719395101,
-0.0317655600697829, 0.0144209311166218, 0.0541392721673501,
-0.060115011541695, -0.0766201286894352, 0.106749643778938,
-0.0256610627162165, 0.0383364641944868, 0.0420146883948774,
0.233649539209938, 0.0204978191814864, 0.0840546284675382,
0.0194158698496237, 0.0314084286653252, -0.103822786776084,
0.126354798006488, 0.0656403603934052, -0.0212083816538983,
0.00929635372051603, 0.0529519569253028, -0.0363208967576537,
0.00244312496710092, 0.0573854925971127, 0.0379622655219261,
-0.194251926789553, 0.132162771508689, -0.191912640889932,
0.0426510165389962, 0.0612740560316215, 0.0801932214863334,
-0.00507433797189527, 0.0518605794992189, 0.00668621439248176,
-0.0170065036247337, -0.0319780511769861, 0.00563360538685579,
0.0163864052427824, 0.0357885910753824, 0.0367037761652518,
0.131342737811046, 0.0060049380952191, -0.0020720623104705,
0.0318893466843381, 0.0975734308596346, 0.0335459125407542,
-0.0528149838426579, -0.0235105723531333, 0.0518410456200734,
-0.0323659330547238, -0.0634830065356678, 0.0644803094007095,
0.0257481631769284, 0.012929863298078, 0.0940076519216478,
-0.108305472619246, 0.0630621051299448, -0.142127480816815,
-0.0693353714516309, 0.00895316881454348, 0.023312855555766,
-0.0539649867690743, -0.0797573916472431, -0.098784848264656,
-0.0289453110797354, -0.0126771435522255, 0.0355645188103863,
0.0354459542674455, -0.018816972425733, 0.0233918134228181,
-0.138545261689099, 0.0153351731444185, -0.0533208854858201,
-0.0742706261497319, 0.0573645809227461, 0.0318194526531947,
0.0242322337073889, 0.0477857754869152, 0.0209659952624178,
-0.0417679393942911, -0.143719693462086, -0.0154522366441756,
-0.164340671117091, 0.0748243872900713, -0.147863757343873,
0.134779553429938, 0.0333321010106783, -0.00420578900990121,
-0.0162460615955932, 0.124684681286495, -0.188957778508249,
0.00180828876111495, 0.131159679642708, 0.174208810167271,
-0.0577311060335248, 0.080249141150746, -0.128262186967454,
0.0515721067258718, -0.0188739635661316, 0.00729493121239828,
-0.0164793161311354, 0.0157498624142914, -0.0362739941967041,
0.0137133513654236, -0.0118107270158314, 0.0197516958870987,
0.0308936921885607, -0.0290433732681813, -0.0138885501198369,
0.0522122927336915, 0.115689234874861, -0.0650488053272904,
0.107021910339576, 0.0290933472245081, -0.0808854436938316,
0.00470430178368267, -0.044374620717939, 0.0395583774327058,
-0.0559565799161034, -0.00281299068033743, 0.0276939060088988,
0.00192506780262085, 0.102326596522705, 0.0242008796840097,
0.00274343878325466, 0.0198907031192164, -0.00325454811973568,
-0.0347659783926391, 0.126256811690522, -0.0943384981179714,
-0.0976800139963185, 0.0257978531355268, -0.0215041411327081,
-0.0316599127386917, 0.0455518416987276, 0.153006839125428,
0.129357006405696, -0.106566092422051, 0.0374431911648146,
-0.026576856829784, 0.0078035593515366, -0.0574140555609565,
-0.15372246049563, 0.0978882526871509, 0.0341642096536995,
-0.166080487884756, -0.112961534670018, -0.0655806602933807,
-0.0397855964153424, 0.082209874464256, 0.0327643127937463,
-0.0781447341615911, 0.0494015837170075, -0.00104793046743691,
0.0791087468697263, 0.00605736098963279, 0.147994590361961,
0.0591744163357695, 0.107294971151206, -0.038720360132084,
-0.201984898194656, -0.0454975661464443, -0.0201424533873846,
-0.00807024418887282, 0.106895948475633, -0.0485004036171999,
-0.140945435452175, -0.0199073597416721, 0.0326807616153824 ), PCo11 =
c(0.108974346502462, 0.00571820144280546, 0.0201527024825253,
-0.0871533614022928, -0.00358777314627985, 0.0797544092009203,
0.0150794786856831, -0.0043598167781049, 0.0347929626922891,
0.0564664766357824, 0.0775867407887957, 0.0146808252217082,
0.00879128400166929, -0.00673074260125863, -0.050412553518527,
0.203275494416077, 0.0758805896918379, 0.0198249566057755,
-0.0253998938468929, 0.0358459417233976, 0.0057177534238415,
-0.0149324197235986, 0.000708944825656206, -0.0209279745461017,
-0.03881838536869, 0.0194533435618392, 4.07403505791131e-05,
0.00162313404370402, 0.040691151953877, -0.0412604359730032,
0.00244146809566623, 0.0150625870242695, 0.0543535011644748,
0.061486482143543, 0.00840544650045776, -0.068553505989236,
-0.0205095592426901, -0.015996205642131, -0.0666337097119105,
-0.0493550106508256, 0.101794030306295, -0.00957625821673631,
0.00208816626415326, 0.163705375495013, -0.0563360158737984,
-0.0758959616307146, -0.0560119752812051, -0.0212017905237194,
-0.00333373721209653, -0.0330460330921707, 0.0587800583803271,
0.0160649445792514, -0.0181203132244347, 0.0380047223887993,
-0.0229554019414415, -0.0449392143304021, -0.113578926799724,
-0.0710293602299138, 0.00145327612826679, 0.00729606133523151,
0.0245929097049567, -0.127500225423058, -0.0140716896437159,
-0.0853292573104734, -0.000869595966929521, 0.0348253240538897,
0.0288123748319032, -0.045162122768457, -0.0088231742729201,
0.0278839416701946, 0.0765283741274652, -0.0828175940518313,
0.039856841842659, 0.0655286024174742, -0.0462693048350212,
0.133350661403858, -0.071398280431597, -0.0384589168598793,
0.0311697581712453, 0.0189700246990761, 0.23010516915937,
0.000128590306706497, 0.00597702972207818, -0.00555789205709831,
-0.0565320142744747, 0.0177886001616309, -0.0426612785250669,
-0.0607607623402244, 0.010511444171736, 0.00392504068751759,
-0.0452726354942944, -0.0604918530330973, 0.13753513898433,
-0.073231178234411, 0.146386221442496, 0.14460564013818,
-0.0574264424615295, -0.0618613722787986, -0.0310621753451258,
0.0678710941274732, -0.0513270830582343, -0.041150998010675,
0.0643782715742155, -0.0544140468851586, -0.0464178319725178,
-0.0513901904438615, -0.110607912658814, 0.0192015479975572,
0.00222254546239692, 0.0707518724705148, 0.155757101785686,
0.00589620362949045, -0.180272939524377, -0.0523438072770482,
-0.0993455248481774, -0.0120071652989502, -0.0439255912327802,
0.0259822223633305, -0.060768147594573, -0.0178419185588521,
-0.000388586751780103, -0.0785259632786282, -0.0944704166053238,
-0.0632247858629091, 0.0160700171443769, -0.0639444611548586,
0.00644210734747098, 0.041074401116892, 0.00317732955425242,
-0.0162283506527167, -0.0235107892751097, -0.102297888535793,
-0.0518582672960954, -0.0136328587276904, -0.178314546539491,
0.0477862758480247, -0.0472947514213115, -0.0195540048318216,
0.0823926304130175, 0.24608249764373, 0.067683779122415,
0.00304810564620842, 0.0354082343432259, 0.0661212636853211,
0.0306590746195802, 0.0947077073787836, 0.105394391334096,
0.0803134372648415, 0.0486333939730443, -0.0264278709572586,
0.00942733802578915, -0.0625573537784846, -0.057176250118934,
0.154758466636134, 0.0169403539907411, 0.081844154701187,
0.0462175873136939, -0.0826268910502781, 0.0566665502464044,
-0.026657776379619, -0.0553695042588769, -0.0631311872326118,
0.0534444933617506, 0.00615374453724975, -0.0903018961491315,
0.0301730233118765, -0.0385092344575357, 0.0561400427882606,
-0.0659750617304978, 0.145213067888205, 0.0287964231739475,
0.0775766284918109, 0.0377887614883529, -0.0111549636639143,
0.0327105391711133, 0.0165345265812019, -0.0194778725733187,
-0.0295302741255543, -0.00912058038958312, 0.105495216770129,
-0.0676459371593306, -0.0206524806044756, -0.0130496576415631,
0.0209820291380196, -0.0256289653004564, -0.0624505644872027,
-0.086413594033266, -0.0408667991874498, -0.0694143411057086,
0.0304229483638476, 0.0553603335396937, 0.0497643700098632,
0.145545234952229, 0.00181563842090841, -0.018164091650225,
0.0715803599816288, -0.0835676399547892, 0.0242727159917943,
-0.0985331844671693, 0.0823425280665149, -0.0553207751831574,
0.0783402627658178, 0.0433531611087783, -0.0262883608206247,
0.0169756468283479, 0.0302108933477732, 0.00123100536244292,
-0.0722431576494513, -0.0281378493127842, -0.0351879811548652,
0.0315902136810086, 0.0723846114184481, 0.0306539464937882,
-0.0219597667760871, -0.0520979002035603, -0.0833902273167546,
0.00669626356718431, 0.0250048634666473, -0.00802599337594342,
0.0400612711953049, -0.0257253778541986, -0.0440248497722643,
-0.0111199654049028, 0.0217379319526147, -0.0160992842782977,
-0.00634789685464558, 0.0727886803371567, 0.00576463124505296,
-0.0204057998439991, -0.0181140833057538, 0.0212872428098018,
0.0204748449107502, -0.0744101694585553, -0.0442850133300968,
0.0830323548570619, -0.0464043484576291, -0.0326306268780781,
0.157587177545784, 0.0275110955682972, -0.0414242105177905,
0.0190443820551113, -0.289205880902649, -0.0394815411041769,
0.0937459350550121, 0.115315908895691, -0.0176056663694729,
0.210708921904453, -0.0117434782917038, -0.0676261996976179,
0.0458215703944745, 0.0747770545803797, 0.0498155690052264,
-0.0133510414285873, 0.00484110994724742, -0.0282306220089753,
0.0303710103146255, 0.0271806271983452, -0.045642608694775,
0.153268756987243, -0.0457206078055298, -0.00935663768572212,
-0.0795569492549235, 0.0307022702019323, 0.0635992844401367,
0.0170349864455705, -0.0454503048678052, 0.185907627799714,
0.199468495484721, -0.00714857959589723, 0.0811060017136129,
0.0519936426653147, 0.125833130583381, 0.0340133186050307,
-0.0838478072908436, 0.0623703255194575, -0.0504816610272012,
-0.0433895630172878, 0.0470792153298438, 0.133238270864936,
0.0690177134996034, 0.0139438907388745, -0.0303523831741964,
0.00185738966765881, 0.0438591952874771, 0.0548052606851613,
0.0226484483101944, -0.162716664072049, -0.0239077287245215,
-0.0352264391156106, -0.0388538118495356, -0.00396938782280149,
0.0260119014045046, 0.080008651993406, -0.0572516938545863,
0.00549352779806516, 0.00563904134915235, -0.0973316335567322,
0.00916322353918082, -0.0203279110088883, 0.0571842707328009,
-0.0319862490069117, 0.0389336640872873, -0.0208961996469974,
0.170176296835423, -0.0700009823508494, -0.0598689603936987,
-0.0354875814368671, -0.0262798586057392, -0.0279181943690345,
0.0111497814241642, -0.00252499896456661, -0.0279997886581561,
-0.0916233292798177, -0.0463651783956369, -0.011319502872329,
0.0848815954185344, -0.197185812306486, -0.0835393373922015,
0.00890467182893392, 0.00112260476863812, -0.0510209939654859,
0.0856559822686326, -0.01897550362177, 0.0340832777919078,
-0.0506389763403501, -0.0874691644267026, 0.135917212170163,
-0.0302621810926884, 0.00857302068888902, -0.0109769964625531,
0.0216336922623699, -0.0763214434928813, 0.0562713288712753,
0.187155472558809, -0.0541466500175174, 0.0541610425431575,
0.041074808687274, 0.114276082395153, -0.12649786044436, 0.141794931170477,
-0.0929166504549493, 0.0285223562046033, 0.0451845528383529,
-0.103175016441716, 0.175332192009855, 0.115237614040196,
-0.053560661834283, -0.0216345877492477, -0.0241956768221106,
0.0431045562379667, 0.0152167572296885, 0.00293401045826725,
-0.0867774869332232, -0.0308349965761301, -0.0932203265564114,
-0.100072570542077, -0.0956750457881862, -0.0690346975098042,
-0.17335633039787, -0.0102094924577937, 0.0186041834853757,
0.0918185303194997, 0.0203469229981347, 0.0120662943194859,
-0.0181160150101375, -0.0280093424538797, 0.157107760913391,
-0.0610296834952416, 0.0776487493092192, -0.0728323449070293,
-0.0123352745607905, -0.0553780852229453, 0.0986093963293196,
0.03583515143273, 0.0468909106130619, -0.0357310920074442,
-0.00271290550654124, -0.0164231549130671, -0.0613449539205116,
0.035739331168343, -0.080214851533483, -0.0172700729761459,
0.0140850474874624, 0.0465540767030378, 0.145363719194302,
-0.0274189129236487, -0.0160830485872343, -0.123475016477287,
-0.20650554556274, 0.00146030182451562, -0.0133819569945323,
-0.0623217658213342, 0.0228819426649116, 0.0537552600945712,
0.00369354020745795, -0.0217823838795362, 0.0236598348290917,
-0.00178521071331391, 0.0121214111898036, -0.0361165675220405,
-0.0268444796940146, -0.0865979133991043, -0.15649787448018,
-0.0264008979096784, -0.0387161566024202, -0.00926914041256393,
-0.073590598638289, -0.0876251960592687, 0.0922373277748966,
-0.0796370131048632, -0.00124934859081105, 0.0299109338194571,
-0.0244824441148403, 0.153751923301173, 0.0375084498499835,
-0.141154689819113, 0.00118367763668281, -0.0966137131080157,
0.0806723457518181, 0.036241406732166, -0.0975019144369542,
0.160359113028637, -0.192680138100715, -0.0658799090473863,
0.0846821866310083, -0.0350145991380179, 0.00326587410593264,
-0.0296915473695742, -0.111234041120719, 0.00206641805351438,
0.0874833077010002, -0.0403953098786091, -0.0211939137135297,
-0.00839473591818163, 0.0563685907448117, -0.1058859896611,
-0.061242701827941, 0.0468449643252066, -0.0173102063075353,
0.159670175136347, -0.0456031857688378, -0.0036605861695487,
0.0443923380063972, -0.0471807283281903, 0.00592320882178516,
-0.0167766648978363, 0.0527532462489768, 0.108616321515286,
0.00774589846909527, 0.0319177289941478, -0.028429702761772,
0.162254822334248, 0.0665029365886387, 0.0371897051975924,
-0.0305621497447163, -0.0929611635890484, -0.0174162499107255,
0.0362098221246269, -0.0205046858290656, -0.0221996615707135,
0.0780650692094073, -0.0222268068106234, -0.00981877487843964,
0.0548121633194065, 0.00173147744288043, -0.0334292838373675,
-0.0786090435070448, -0.0728268174782282, -0.0146219359642759,
-0.0834856074954427, -0.0528260592498327, -0.0777622531730285,
-0.065914318404736, 0.00641983035282864, -0.0332918856923063,
-0.0648895860236265, 0.0283734810825998, 0.0362638956706644,
0.0919894779065813, 0.0318775327688952, -0.0127492037558251,
0.208080387858225, 0.00121429739178528, -0.0423604414343001,
0.0200005234688141, 0.0466606375071377, -0.0550575032301809,
0.0154457629746022, 0.145233551511946, -0.134604670989848,
0.0196120291143061, 0.207737130427085, -0.0657519243075849,
0.000253430553398095, -0.0539595775687313, -0.0104326610401245,
-0.0799662905982682, -0.0206144890512047, -0.0931737376339057,
-0.0180252549749318, -0.0136697099078124, 0.0347685555510008,
0.0348948199211974, -0.00380473262435718, 0.0539399263856176,
-0.0434488682610944, 0.0515252645248262, -0.00567654539025267,
-0.0197907427376962, 0.0584227191170957, 0.0180833337451215,
-0.0660536892510319, -0.0445255583002769, -0.0612552232040988,
-0.0437397757789201, -0.078159804793988, -0.0238265397264138,
-0.0654334329949046, -0.0386358812302135, 0.0841962266144924,
-0.002220446505794, -0.00625910521887404, 0.042428653629806,
0.0156283305483195, -0.0623184469848915, 0.0914237180467184,
0.0189641599192656, -0.150465512548152, 0.0968307777233666,
0.0363267777675877, -0.0740752972823507, -0.0130592066695126,
-0.0560008484450557, 0.0089944723978296, -0.0481026106255029,
0.0501072628118405), PCo12 = c(-0.148148810574132, -0.0042203367087836,
0.0054236584198291, -0.0765434785298726, -0.0794638094266286,
0.0939216787481762, -0.0390457294686821, 0.0229253531532279,
-0.0672652097898732, -0.0624091322397717, 0.0401429187536273,
0.0373346568128342, -0.054048398742157, -0.0588339682524159,
-0.0731826943604034, 0.0669098459708635, 0.0408897125375763,
0.0736426787088849, -0.0169574699111999, -0.041846395241682,
0.0142296996771041, -0.156663172317557, -0.0200010619553627,
9.67634056380977e-05, -0.0349007172280633, 0.0225558481441342,
0.000483967570612179, 0.0199879274614824, -0.0166356815814988,
0.0575546457907473, 0.111385776411309, -0.0239974925844873,
-0.111062867571952, -0.100730954119414, -0.0307382697706973,
-0.167838957525106, 0.0334720495576259, 0.0289684962484186,
-0.0625239366667947, 0.094265965594531, -0.0918452136617957,
0.0983208796914332, -0.0246192899626234, -0.011615413149676,
0.0877144953930662, 0.167250868976947, -0.0420787000736586,
0.0570107443869534, 0.0168973547482367, 0.0491845466470978,
-0.0802218427699552, -0.0641256152066747, 0.0435278745506754,
-0.0380607034724352, 0.0113830283852963, 0.113150044339841,
0.00802619979082339, -0.0108436697254447, 0.0539783371903579,
0.0203008878984292, 0.0581454588820888, -0.134446047481213,
0.0180705534937982, 0.0376326814709267, -0.0107785724181585,
-0.0347005382867179, 0.0296377347148001, -0.183946306946907,
-0.0124790696790014, 0.00988387271290393, 0.0271852771678504,
0.028777240860811, -0.0414498897828673, -0.0473784953478221,
0.0275453749737638, -0.031492774578751, -0.143380174243212,
0.0431201463194977, 0.0483216405524906, 0.0208360268370576,
-0.00868098528945825, 0.0869132977194583, 0.0363326563354335,
-0.0260482587894003, 0.0509739384836072, -0.00917901126977439,
-0.142248408962246, -0.215587936329911, -0.031280745584625,
-0.0355057946830326, 0.0286179383665266, 0.050422493709738,
-0.059563115573844, 0.043705603902242, 0.0994679714939979,
-0.127541656942513, 0.0236606905051531, -0.0115982506386488,
-0.130168035217547, -0.0248787368164204, 0.0809088445857064,
0.113592253371291, -0.00745753906316145, 0.0299615034293148,
-0.191036299069841, 0.0274356511630277, -0.0163598526845961,
-0.0212587950226044, -0.0305355394393476, 0.0359467517662939,
-0.0133428681027703, -0.0205471978867496, -0.222357983497866,
0.0397433243496974, 0.0518491973207894, 0.0440515953897678,
-0.00688293480841063, -0.0327396578973235, -0.0543143264584773,
0.0587777953679665, 0.0669690841237706, -0.0294101961557053,
-0.00363162270789493, 0.0620200826342872, -0.0935270635791222,
0.0273990165557957, -0.0298127496390209, -0.0286123274879365,
0.0303236047493424, 0.00437824384470605, -0.0243152059791239,
0.0578329962682895, -0.00772375521871771, 0.0274333596806412,
-0.00782586325700577, -0.0274984165535464, -0.00978821489281293,
-0.0364038245267566, -0.123465841145386, 0.0355453485044395,
-0.0300786413081661, -0.0332648577956995, 0.0173628505764881,
-0.0263893822486333, -0.0163992902598805, -0.0320470667937733,
-0.0292011242227648, -0.0339446023765002, 0.0683824682071515,
0.0200050845426289, 0.0192027830335803, 0.0543414736536811,
-0.0574277261259862, 0.00701634104992851, 0.069939283984831,
-0.00830820601169518, 0.0461751519146958, 0.0255436799956759,
0.0800024551246181, 0.0180651624351328, 0.0957127151153482,
0.0377842400184691, -0.0180165452407326, -0.0493614702236981,
0.042179144161212, -0.0194645448624763, 0.018150870886188,
0.106641225673981, 0.151298852763235, -0.014166970464744,
-0.0420443351363918, -0.0380817828085871, -0.0851605952314818,
-0.102378837703015, 0.0377773306090377, 0.0534101492954682,
-0.0121099736567075, -0.0490477517919377, 0.119216370991586,
0.00581651575855772, 0.00798603233872951, 0.0413862220969741,
0.059945006134642, 0.00546092010800883, 0.0651244349547927,
0.0481080664949351, 0.0561349344085024, 0.0128724486690883,
0.0212575857870986, -0.00345856577698962, 0.0863230446906247,
0.000283172535782905, -0.109612955564125, -0.0232336108271336,
-0.0469739039982222, -0.049744029197491, -0.0232418464942749,
0.051305528050408, -0.270266538635485, -0.128117617176729,
-0.0233422010632625, -0.0463274556171714, -0.0122573063183497,
0.0661743137772988, -0.00717261222758641, -0.0165169691183054,
-0.0136860060988418, 0.0242783690821322, 0.04420140717082,
-0.0318259727563959, -0.0179068495846663, -0.0822655762851505,
0.00667926911350427, 0.0613382871385006, -0.00522767964604555,
0.0605979657764036, 0.00933419774911231, 0.0248743622000167,
-0.0394900844150512, -0.033763479656513, 0.0946668340094944,
0.0484065304905796, -0.00696132782591336, 0.0372975007242414,
-0.0112968796638114, 0.0147925833369132, 0.0323388771791735,
-0.0629207533692609, -0.0187556978145539, 0.0267045051509035,
-0.019790215652865, -0.0201412687230931, -0.0156275102999799,
0.100099378172841, -0.0287676151189178, 0.103339179153172,
0.0253382238772059, -0.0790595315108607, -0.0414591502513423,
0.00895938084976598, -0.0265886991439355, -0.174311831777832,
-0.0133055470332425, -0.0424947736869961, -0.0176537166533361,
0.0427294827158669, 0.0709352561912277, 0.0109123801637819,
0.049548038277535, 0.05761822313534, -0.0407635724500179,
0.089999559399433, -0.108914744903243, -0.00592092201958015,
-0.143826656701621, -0.0521978899699494, 0.00482756950477276,
0.0143123095514868, 0.109130373851423, 0.00586371074089475,
0.00863946743644768, -0.0227672833274321, 0.072587926595345,
0.0171304279775789, -0.0204111736762113, 0.0771396132756443,
0.0424792708677034, -0.025043746277395, -0.0166087438977536,
0.00340660556933193, -0.137545409740432, -0.081885895033559,
-0.0136098655802605, 0.0642726235347075, 0.0268641690567288,
0.0540702988573705, -0.00150324337958244, -0.00508743239711551,
0.039135416808429, -0.0363407658815496, 0.057239186344121,
-0.110343800310433, 0.0913932964114497, -0.0247183921686282,
-0.00288565734584714, -0.0151597097407809, -0.000738656130905578,
-0.0683609822437526, -0.00802517514354369, 0.0189621502252553,
0.0129605355471606, -0.0716291116975473, -0.125221236841998,
0.0374841589900695, 0.0176095959510245, 0.00199574718833938,
0.0290535379236733, -0.0464194390214791, 0.0414567679618373,
0.0896109646671356, 0.000239467203114483, 0.0645429233857781,
-0.00985037588559459, 0.0374175438230512, -0.0876456362537496,
0.0722048267206999, 0.0634558560463081, -0.0649004040334797,
-0.0293267098198583, 0.088258906143996, 0.00929169346553584,
0.0259994030228805, -0.0143430020799421, 0.0267707172241501,
0.000108511458533853, -0.083053618825127, -0.0637043301836074,
0.0644705125195624, 0.020665733250504, 0.106866187971124,
0.0865659947340519, 0.0767613609210267, -0.014795097246935,
-0.0459572003855379, 0.0314167028204394, 0.0842716060220208,
-0.0324453829080804, -0.0530616042925381, -0.0233595817050355,
0.0301820771556667, 0.0849925884469271, 0.0389603983362118,
0.0549116698290554, 0.0643479867085652, -0.0708778022485987,
-0.101005410568152, -0.063993426946055, -0.120912798798706,
-0.0211384685193274, -0.103216058811689, 0.0280824445962813,
0.0559395758863093, -0.0227060487021787, 0.0755900526576419,
0.10321774430349, 0.0582595016582408, 0.0466261084674346,
-0.0955740492454691, 0.0119732475788343, 0.0302266165257999,
-0.00685492927561317, -0.0146132437182179, -0.0804354347046228,
-0.0615729211413075, -0.0321711894005664, 0.00975905057164266,
0.0814663193367988, -0.1437971958243, 0.169207848324782,
-0.0351733303291758, -0.0248090904262641, -0.0851052115047449,
-0.0660384274352683, -0.0247563363070669, -0.0561635180304338,
0.0537905913457528, -0.0950635104721295, 0.0458287964774932,
0.0138964425936679, 0.0975938138701547, -0.0676943727955101,
0.281078562285034, -0.061497322103568, -0.0242755620886413,
0.00434055643093119, 0.0801604008187863, 0.0355679050740299,
-0.0148974176876605, 0.0865381806345597, -0.0201078655579764,
-0.112943680082928, 0.019353972158419, -0.0349652876462403,
-0.00975348110322077, 0.0828862933282061, -0.0591851908756016,
0.143896520025141, -0.112187786237257, -0.0549779838680824,
0.0278480535013358, -0.0214632393346382, 0.054731774880851,
-0.0645580945313907, -0.0248331268255067, -0.0836262220305828,
0.0105112530618371, -0.0140025210674526, 0.0152895797901724,
-0.0188439560793392, -0.0186691642853258, 0.119314197252276,
0.0149042835068039, 0.314235976614724, 0.103790863370939,
0.00169331071851026, 0.00448100234530567, 0.0312846755214794,
0.0571656329136177, 0.0953020660152634, 0.0921644687502896,
0.00835177414246235, 0.0166395211022239, 0.0494479792321708,
0.0893089537579943, 0.0128639831825769, -0.302139776091407,
0.0499708833065972, -0.0337772338061409, 0.0429971806396973,
-0.0505204558582089, -0.00831136696137608, 0.023117215237589,
-0.000332872834290634, 0.0587182107194365, 0.0146506258301215,
0.042757877015531, 0.0355938568411559, 0.000524154675263482,
-0.0479134810534999, -0.0473808947809741, 0.0531044116856802,
-0.0124318944098236, 0.034041052262675, 0.00483034916049634,
0.126329969825815, -0.0470439602567956, 0.0534984586114201,
0.0314762714119517, 0.029883423512803, 0.113457463590654,
0.0693261502604147, -0.0262189617478806, 0.181902689457238,
-0.0304922177572387, 0.0469433509777494, -0.02160884826756,
-0.00568351096382719, 0.00397711456788656, -0.114806823341272,
-0.113899121486859, 0.110328830599354, 0.058137796840343,
-0.00983863487554123, -0.0311741537874917, 0.0537123181802229,
0.0614121209362047, -0.0695615715016518, -0.0548524695312825,
-0.0721011654994328, 0.0644344238740387, 0.0894770487778441,
-0.0877207437801998, 0.113349027684479, -0.0770639262613573,
-0.0103642538206835, -0.0527433387277948, 0.0778981992926213,
-0.10592111425976, -0.0640000347999235, -0.0258485387933589,
0.00989302884275226, -0.174392979940478, 0.0335403811264258,
-0.0431885287497721, 0.0926688403673791, -0.00851971344902528,
0.00346771537713077, -0.0326683298998667, -0.0178316173828813,
0.15129916249906, 0.00278839707540231, 0.0650917089511899,
0.0576656088641052, -0.106628333314653, -0.0135977825646502,
-0.0204739406533636, -0.0141662671020996, 0.0191372304984922,
-0.0569854782415291, -0.00878433072799549, -0.0221042378332177,
0.05771818504701, -0.0487340609363809, -0.0124837549325473,
0.122810908555824, -0.0407629450505954, -0.0175224601655254,
0.0521761179120009, 0.0950734914131272, 0.00545164603116763,
0.035751593513986, -0.0170908322180294, 0.010596034730537,
-0.052548221043512, -0.0325029193414541, 0.0331057846257191,
-0.00606946638164978, -0.0361930593135952, 0.0183672477713564,
-0.0104861182648801, -0.0880523476886796, -0.00364106697956175,
0.000223451130840495, 0.00474081873533635, 0.0908422063191668,
0.0489107081291773, -0.0903037199361348, 0.0244166479944836,
-0.117109874139965, -0.0228833777923482, 0.0145683806051499,
-0.00828834155624479, 0.0361828777407309, 0.00078773081229613,
0.0545613636845998, 0.0656939931210466, -0.0697527527982873,
8.7088501478935e-05, -0.00691865917532008, 0.0419013200975325,
-0.137732318408859, -0.295433223555935, 0.0653759635505175,
0.00767115836977774, 0.133776343563741, -0.0403187987833972), PCo13 =
c(-0.070824159445882, -0.0322383659902301, -0.0341926054829132,
0.135709169060649, 0.0628005451376341, -0.0576828022668793,
-0.0238488299092811, 0.0648456347999304, -0.11874822552605,
-0.043459871640356, -0.0715136711440169, 0.0267212450018699,
-0.0823353191844318, 0.0488482684668224, 0.0444868229999598,
-0.00508634462697566, 0.0063230539444025, 0.0312175225850963,
-0.01644263219107, -0.0457169098197074, -0.0400969925975705,
0.0271946060472098, 0.0562396237997273, 0.0606126457256076,
0.0398945878606454, -0.0689869699448134, -0.055971436391864,
-0.00190096446453915, -0.0101826259798372, 0.134708395082259,
-0.0163921090435208, 0.0309113673321104, -0.0121084473174948,
-0.0533992057923326, 0.0745024351000986, 0.0294485569503466,
0.0150718108012546, 0.0154824907447845, -0.00758490724599625,
-0.112222216642515, -0.122958095121819, 0.104164421146689,
0.0692030173063716, -0.00885029658043621, -0.0791361506825509,
-0.1120436866396, -0.0742874475785575, 0.0383500309685116,
0.0573145165660765, 0.00768341977203944, -0.0575223516015179,
-0.0621736484196676, -0.135570421656596, 0.0425308707943869,
-0.0266941965612038, -0.0800443461850216, -0.0548678521265889,
0.0434416585777738, -0.0731663381354902, 0.0323313016026846,
-0.0376519383907056, -0.085632321951655, 0.0274634365506761,
-0.0487610313586601, -0.00433354219806973, -0.0645055882254331,
-0.0102285719590125, -0.0314102788146755, 0.0170025964510255,
-0.0252709013964666, -0.0902911205013571, -0.033347755791456,
-0.047927529542946, -0.0253238341843965, -0.0650573400486562,
-0.00853549845865918, 0.0820555079320714, 0.111167765172597,
-0.00339495992122374, -0.0100945653776724, 0.160461980720708,
-0.0630865643234957, 0.0273593194847462, -0.109042440967592,
0.0293641532564391, 0.0404561436530177, 0.0895037932868476,
0.0103990922264845, -0.0896474061999264, -0.0136341999730673,
-0.065382789980959, -0.0534244637629683, 0.00412157932642433,
-0.0955095587288052, 0.0302093978912676, 0.0339557812831638,
-0.0744562513686924, -0.0426296220664303, -0.0411469140723304,
-0.111917287232288, 0.0938800036865146, -0.0644162069112944,
-0.0972665002641204, -0.0228379694759965, -0.0193193617552728,
0.0316219459988146, 0.186988186358339, -0.108062254139165,
0.111951761473772, -0.0234204047058517, 0.0152513444501669,
-0.00425756384870442, 0.143718953812742, -0.021791258215813,
-0.0499039162849306, 0.00366656795506276, 0.0555785900374118,
-0.138153286209653, 0.0517168552265244, -0.019615261543561,
-0.0682032609861245, 0.00842078805744776, -0.0697053802184247,
0.0840965635426789, 0.0161767235687585, -0.0753404190058026,
-0.0603380926205684, 0.00383945669711348, 0.0509187791977418,
0.0105193655062443, 0.0571326429767129, 0.0603408023026476,
-0.0516036263828277, -0.176301939827585, -0.01214545440336,
-0.0761564033838237, 0.0277398659938216, 0.0464326115326251,
-0.0757979164919826, -0.0136438988725376, -0.0373188939499408,
-0.151031999956047, 0.00164709388018241, -0.0464467418476359,
-0.0581872152936194, -0.00517299433858158, -0.0349064420111766,
0.0420578340330986, 0.0870896226426972, 0.0383132171504552,
-0.0403538727169723, 0.0965160785923228, -0.0190165860866692,
-0.00680748360094592, 0.0273446518592599, -0.0800474771030329,
-0.102133296180234, 0.0486495404493716, 0.0102673887246648,
0.036878543291383, -0.0529191263524828, 0.0463439121869521,
-0.0607406033274133, -0.051366598927337, -0.0695039229838503,
-0.0842360274123214, -0.0816324523573131, -0.0312479953611726,
0.000852054409331508, 0.0840882648181425, -0.0644847309399606,
0.0372315007104635, -0.0577368438796311, -0.0201891403932572,
-0.0382062022312443, 0.0274312052759219, -0.101111376657083,
-0.148316946542236, -0.0672923311567713, -0.0563017886393326,
0.0767578921659659, 0.0563804076611984, -0.0784331033884492,
-0.0502874632483654, 0.198834304671712, 0.013532758896307,
0.0103646986782027, -0.0461762987216673, 0.186370085968871,
0.0119766659457769, -0.0976119954413684, -0.0306139033889537,
-0.057598212294065, 0.0185563556116943, -0.0751080606903376,
-0.0119316125970392, -0.0698816839346273, -0.113046838803767,
0.0787622703566193, -0.0257392725566247, -0.020003419844457,
-0.0465915888375746, 0.094872156431469, 0.053360755492516,
0.0163907824614375, -0.0424727163843099, 0.0439542367240349,
-0.0456093084390468, 0.0388883695374664, -0.0469545246316289,
0.00694449048214672, 0.0201972965649991, -0.0346958993678493,
0.0159072416172222, -0.0839280089902642, -0.0188911094276522,
-0.0637882667344167, 0.044268505852576, 0.0144829649566658,
0.0293961518769337, -0.0416035798605962, 0.0625699111714785,
0.0103814984748691, 0.00114697762536248, 0.0106035906694516,
0.0441481767175169, -0.0467694302986622, 0.0631431729646714,
0.0807112409426027, -0.089149126348598, -0.0612805348874054,
0.0497039922823418, 0.113674003711169, 0.0935752459468006,
0.0831773281460941, 0.0908098008248763, -0.00559876582123489,
0.0840543729108554, 0.029570210219947, 0.0402282190923826,
0.061095933095017, 0.141812575809255, -0.0691210253431956,
0.0180677986587445, 0.190102463134879, 0.0054689147913466,
0.00216313626177824, -0.0937523417753716, -0.0482932946292459,
0.0306770806759905, 0.0258547546426143, -0.00067077235412277,
-0.0842207181149641, -0.0709798520216658, 0.0257174737930047,
-0.00724433644898175, 0.0125893633236093, 0.102192283690871,
0.0534341446593954, 0.145660418614552, 0.0195767828848134,
-0.092731692219057, -0.0528079582633515, 0.0374105499043457,
0.0276578010972974, 0.0118492474288759, -0.0231229260929351,
0.121981287516272, -0.104955953568618, -0.00147353172488957,
0.0706793422423884, 0.0186770895645817, -0.11073392313674,
-0.00591256839938222, -0.11216522286795, 0.0329639159984584,
-0.00622906680855051, -0.0304002560428505, 0.109169661475291,
0.0789818139312389, 0.0373595685965186, 0.0048359409938832,
-0.0567048150728218, 0.165490094652396, 0.0345185140077415,
0.0384486777367403, -0.0301632262816491, 0.0750669845910347,
0.0641491050922594, -0.00338870877175299, -0.0139610766871724,
0.00245002993258898, -0.116459430120152, 0.015937918093757,
0.103680129835325, 0.0288755028754395, 0.151137480100003,
0.0760313323880773, 0.052486702177139, -0.00012427681263053,
-0.0175369760479291, 0.011159068757903, 0.0737441338374214,
0.0801264110387962, 0.0463480617208245, 0.00608260117573888,
0.0122659648145908, 0.0779341951681469, -0.0327181238364779,
-0.050862447507777, -0.0323015268263849, 0.0228483015156069,
-0.0105881135913024, 0.148838106293882, -0.0437647930456956,
-0.12221229851139, -0.101714508966853, -0.0324455119454623,
0.123866119106466, 0.00695991556596305, 0.17302164440181,
0.117356542517198, 0.0331567988414137, -0.014626876420716,
-0.107540335367929, 0.0812535315743775, 0.0387758959284271,
-0.095145668567537, 0.0198832662323391, -0.0481714547297255,
-0.0232768677087483, 0.0649639537047667, 0.0541864290267605,
-0.00366769535343907, 0.00830024706506549, -0.0891677937670673,
-0.13975392808405, 0.098680206001399, -0.0411425173896108,
0.097897000725545, -0.0772592889095146, 0.0222154212906994,
-0.0603709856187967, 0.0680225756723726, 0.0583518848909234,
0.0832245225830891, -0.0534089980043214, 0.0947799906858804,
0.0489219709157894, -0.000631993515456691, 0.0971469422608599,
0.0542524338087813, 0.0450851163608963, -0.121735485785925,
-0.0900202067835909, -0.0275327812784687, 0.0192825126720063,
0.0849749119628381, -0.0306588401863665, -0.0911957739236984,
0.0238107521710255, -8.53911556881456e-05, -0.00953108218477825,
-0.0423416581725867, 0.0991434730755532, 0.0449662661356398,
0.0625103408160371, -0.0209951046664372, 0.0474295741601584,
-0.0391682342867646, -0.0558476422137662, -0.0553520693666474,
-0.0551177236940379, 0.0554329222709755, 0.0157806350647949,
0.0200753688399999, 0.145832701608918, -0.115435308417686,
0.170330920023119, 0.015665757687762, -0.0340026880405871,
0.00142466581751426, -0.00741878909239384, -0.0798470753115464,
0.100539843458858, 0.0154699102692189, 0.0529136072620629,
0.119556539308459, -0.0980020737820123, 0.0446207784405788,
0.026511297928341, -0.00505696036057313, -0.0170369759593149,
-0.0539552845956307, -0.0585635445103207, 0.00760513296742785,
-0.0142942176800948, -0.0172119437930518, -0.0248004523375992,
-0.029990958619099, 0.026135843439481, -0.105855995400895,
-0.0145413648717641, -0.0726362437988395, -0.0381788409322138,
-0.0217424396488906, 0.0388613686673286, 0.167272962743113,
-0.0664540590407091, 0.0088038918812705, -0.0308890385923133,
-0.0326645269753479, 0.0144182973069833, 0.0548263110604126,
0.0101074878651097, 0.144083193708975, 0.0306143438752544,
-0.0899182651143066, -0.0480731338380185, 0.10182243740194,
0.107881685213207, 0.0345079622989491, 0.0811116530881874,
0.0376190537194452, 0.00291924567439467, 0.0292347359924552,
0.0705271079520541, 0.00709895172480535, -0.0141712440143612,
-0.0145157192886645, 0.0505553557995811, 0.0512650988609439,
-0.0149520829829165, 0.0685263491243049, 0.0885923952741272,
-0.0883693737313083, 0.0602033341247069, 0.022947496868206,
-0.0849062562145732, 0.0510867476987847, -0.0465125682758138,
0.0301861362812907, 0.0666836040335681, -0.00308575924135468,
0.0364678244496356, -0.0842479862917129, -0.0177447572927277,
0.0432161602751268, -0.0695612629684631, -0.0490307240211945,
-0.00626052361001302, 0.0790360632309115, -0.10210997110553,
0.0686968682551929, -0.0613580203278434, 0.00247671921053596,
-0.126245761968861, -0.0428520858100224, 0.0739316954235074,
-0.0318792139053131, 0.105895002154199, -0.0702794025470919,
0.103066130382285, 0.00939565075183002, 0.0367721804461578,
0.0491940127728738, -0.0210447507052755, -0.00302535249748095,
0.0869611498968705, -0.0867488027258087, -0.0464820528632836,
0.0783058105645531, 0.00565533317510867, 0.0324555742135264,
-0.00906441082593439, 0.191639893000905, 0.00676213008858444,
-0.139954411316302, -0.0025922513779469, -0.0535325233765358,
0.0072319182696639, 0.0144923444894332, -0.0244755322460023,
0.16183387468916, 0.0294016378350247, 0.0434278599956754,
-0.139349753797786, -0.081817360784935, 0.0346761957845642,
0.0172534694959889, 0.0752690083497747, 0.0171430859027318,
-0.0614962066656234, -0.0176194966943022, -0.0375260892088053,
-0.0920495352221452, 0.0266561059288943, 0.00497665823215521,
-0.0186189359991304, 0.0235776544636908, -0.043250237514889,
0.06626852962437, -0.0406576735826687, -0.00463459337499264,
-0.00571817312276617, 0.0738508342234482, 0.026408976305703,
-0.0339424654281027, 0.0925893953045557, -0.0701838698060433,
-0.0746464138240047, -0.0258870117450821, -0.0433502209148653,
-0.0180091922245847, -0.030970069225772, -0.0599137179092138,
-0.101682428839337, 0.0136321554568145, -0.0624154595246562,
-0.0693929179905632, -0.0533139956880244, 0.0656029306713571,
-0.084030373361573, -0.0665699947681841, -0.0426587443718233,
-0.0181629891574022, 0.0359824470686996, -0.0530630258147171,
0.0137297773389186, -0.0174315090697901, 0.105388550911553,
-0.00748278943537117, 0.0559097542787862, -0.126647974265082,
0.0613423808918749, -0.0619804066217754 ), PCo14 = c(0.0936808524204071,
0.139070877101676, -0.000778844518185634, 0.0496067667942475,
0.0458872841990023, 0.078948133602086, 0.0228852639097693,
0.028902485119005, 0.0442273415041118, -0.0400405231460426,
-0.102717474781447, -0.01436083867176, 0.0466524258932596,
-0.0541808480802339, 0.0162132266775732, 0.101487082197304,
0.0776480369696021, -0.0845017297370168, -0.0122212677397643,
-0.0720107457135543, -0.0199057348160184, 0.129009721401561,
-0.0370196434647333, -0.0029228171690253, 0.0419961771358614,
-0.0756419589265734, -0.0078052144496222, -0.0160283221925418,
-0.021223453505871, 0.0263630558839076, 0.104776806907486,
0.010648273531937, -0.0541280093778856, 0.00478812574382726,
-0.00835106300523493, 0.0302535012882961, -0.018943048403631,
0.0546883994992582, -0.0381252782582058, -0.0434911019578914,
0.0180586787243616, 0.109411051965746, 0.0304397993468119,
-0.02152623066386, -0.0472284686097638, -0.0520344815696825,
0.0244686407570685, 0.0296228430757527, 0.0311209244718892,
0.0406629404364519, 0.0107433311491466, 0.0107698471822271,
-0.0264855145068704, -0.0298217444385138, -0.0745752648730303,
-0.0278233383202277, 0.0220660327212293, 0.0659582579630028,
-0.0691203267897205, 0.024717339831554, 0.00351204300245758,
0.0722586662015401, -0.02809102348007, 0.0051513536058114,
-0.00690023988716864, -0.00935896654073706, -0.0164710900739378,
-0.114184303726656, 0.0616732378330983, 0.0247222214967381,
0.0462212722920522, -0.0336173373242555, -0.0239900291552905,
-0.0104329702702444, -0.0451608081479331, 0.0502307197312393,
-0.0271088698955038, 0.0690609138582249, -0.0820405605288107,
0.0131879100123555, -0.182917710120914, 0.0845278519959052,
-0.0470402953902583, -0.0716289041791934, 0.00383987867037924,
0.0137291687792812, 0.0959855166800426, 0.0700848806426639,
-0.0630484410842769, 0.0212150430045152, 0.0161886293525757,
0.049800691677431, 0.0619833313187336, 0.0228971545791417,
0.0678548460645036, 0.0425864477135502, -0.0884330947453991,
0.0453641084198586, -0.0789784046328681, 0.0650408824814728,
0.0325083785481875, 0.07794541490742, -0.0278972750484797,
0.000722105080009602, 0.0340810020834242, 0.0675786596929909,
0.00781215847040073, 0.0314489819230233, -0.00906870672042707,
-0.0564951461142868, 0.024604684246166, -0.0166522349951673,
0.00860352400218406, 0.0333341326250207, 0.00911823956889661,
0.0398900461312651, -0.0174153590676145, -0.0265186160289189,
-0.105046280096676, -0.0530981374077928, 0.095013778139389,
-0.0556420470807706, -0.110713817434722, -0.0235249554760776,
0.0216242919863525, -0.059927633541876, -0.0193380156214995,
0.0424834171045286, 0.0301342967045446, 0.0280569583659392,
-0.0181115999573715, 0.0196920658180785, 0.0531747577754728,
-0.0257797309928158, 0.040082197161314, -0.0649902665721481,
0.0122123169666166, 0.0147924525234969, 0.049793184271906,
0.0639608364374172, -0.0720989543591302, 0.0510532794582258,
0.00228050181097486, 0.107482395405206, -0.010097732499778,
-0.00132808314743493, 0.0498129118950393, 0.0250433140764637,
-0.0298194889602359, 0.124824040486773, -0.0496796922320486,
0.0433117599342355, -0.027755075456903, 0.158931853459655,
0.039964824552965, -0.0413027012778267, -0.0251039129680712,
-0.0230960946531349, -0.0330860443287474, 0.0699089065799905,
-0.0162658408026589, 0.00179414608960686, 0.0239582899166273,
-0.0850398651859474, 0.0688472775210939, -0.0624034661992269,
0.031321281607249, -0.0920981730922539, -0.0567176744879542,
-0.195832372883142, 0.0254281847043817, -0.044002150437029,
-0.0324321672806529, 0.12081310922667, -0.0454720557700637,
-0.00188738854785974, -0.00730177520825028, 0.147156723436856,
-0.0530133103980798, -0.0529044744091934, -0.0310787348349987,
0.0637571554799721, -0.0820654664331288, 0.0427111242401418,
-0.0417846086656014, -0.00210585820331379, 0.121875101229585,
-0.0294432511309854, -0.000161846971341789, -0.0818375027852729,
0.145416043208684, 0.00376525649541626, -0.0499002448300196,
0.0281440415761458, -0.0104383502364318, -0.0546884083081234,
-0.0342913544520256, 0.0234666267634971, -0.048119676484073,
0.0425034518240529, 0.00565183178006596, -0.0514185290939356,
0.00120222569450101, -5.03425484128821e-05, -0.00370071979704342,
-0.0385348788355147, -0.026650046260704, -0.0705092641090467,
-0.0309619896048337, -0.0122939591776921, 0.000915482972332666,
-0.0197782746793497, -0.165592922045176, -0.0763709083001662,
0.0625959393677016, -0.0582801127074684, -0.0376905904358242,
-0.0665123186727167, -0.0443207337120941, 0.0629879678741041,
0.0886889020989104, -0.0184019924525993, 0.0643880738293496,
-0.00491259149149369, 0.0237836106121907, 0.066921975367972,
0.0456379643800171, 0.0230684686888595, -0.0252371483413508,
0.105989613188739, -0.0391832868456768, -0.0525496649568402,
0.00105492631231392, 0.00803407284735802, 0.0148000697314097,
0.0231535979176361, 0.0243801079770062, -0.020102887134153,
0.00599652364034336, -0.0203476628622452, -0.0220583105197929,
0.0615439994433679, 0.00161669465253003, 0.0735554599335947,
-0.180160149988557, 0.0441120180178343, 0.105653133921039,
-0.067721247809021, -0.00605613575461182, -0.0431601341308644,
0.102017427012467, 0.0129358957123653, 0.0780675848701484,
-0.0581460157149824, 0.0386346167513566, -0.0631668647314822,
-0.00736373160903258, 0.0484120008151755, 0.105651594410447,
0.0618817426774053, 0.0988971628221756, -0.0175958759298487,
-0.0932089974744071, -0.074405820136243, -0.0376203066446437,
-0.103690416403356, 0.105804863666843, -0.115148911404711,
-0.00896155204005072, 0.0391075933833193, 0.0247501616546059,
0.0133090998362522, 0.00279233419345368, 0.149850991390946,
0.00154123138832997, -0.0632403094457704, -0.0192215325812052,
0.140965833111618, -0.117902420109807, -0.017446320066806,
-0.061098938994856, 0.000629972919490199, -0.0141119522640741,
-0.0871807094279789, -0.0084873659037412, -0.0114964964324098,
-0.0465477870912202, 0.0602021686814518, -0.0137100254083132,
-0.0214450209464227, 0.0325940991196219, -0.0117665875016022,
0.0142756554167555, 0.0516776637125576, -0.0593185447253867,
0.0469059718036416, 0.0843614717466362, 0.00270359751838098,
-0.0765327348060251, 0.0644875621858212, 0.0574994383668945,
0.0931056603216228, 0.0261050252165436, 0.00295417621617988,
0.0433890965508159, -0.028420223296325, -0.0826195069279707,
0.0201389840445683, 0.0393616781857511, 0.13768204142692,
-0.015939920725096, 0.0504463982853252, -0.0244622024054023,
0.027647427077759, -0.00508861295856017, 0.0329735872446383,
0.0186986705189314, -0.0368201695944084, 0.0704290659717496,
0.00603971803900547, -0.0184037991887852, 0.0301760256493764,
0.0241626248694434, 0.054276102861664, -0.0649438285677649,
0.0549894502155059, 0.0380402370774766, -0.0424330291657669,
-0.0914387171500918, -0.0492035465880802, 0.0165609942085442,
0.00185704626194278, 0.0480597219909851, 0.0558642438004859,
0.155518570540275, -0.0469792244911355, 0.0396573728915358,
0.0685523592795257, -0.0560465174808005, 0.00355661816381581,
-0.0142375443643043, -0.0185293743054189, -0.0123773156516628,
-0.02348889423329, 0.0421775455181587, 0.0805520496165288,
0.00625230221037339, -0.0389189027277259, 0.0956503805330182,
0.0572409462141116, -0.0199448541907764, -0.0747817477593021,
0.0526731765037027, -0.0485766542880734, 0.0282730083846382,
0.00218816113685977, -0.0450454779994402, 0.0289024537373115,
0.220960028125879, 0.111929045966305, 0.0185468170408687,
-0.0435963267724037, -0.0221359056188148, 0.0176322733419963,
0.102236127031335, -0.0341008768226707, -0.111706976773794,
-0.0659871777466866, -0.00811850076798418, -0.0819406448437823,
-0.0444131407550257, -0.141584925692863, -0.0455363769375378,
-0.0852720618034784, -0.0929764634735025, -0.0222340793357187,
-0.00183935585935012, -0.0371674634349202, -0.0128945629102823,
0.0125461581059879, -0.105020072229252, -0.0382893155971475,
0.0133670340897747, -0.0321039745321522, -0.0292236944737639,
-0.0286761156815091, -0.0449195611227556, 0.105176326073561,
0.0515361399387774, -0.0167493570199733, -0.0354298789292192,
0.0232471213534234, -0.101318582550159, -0.018692223898059,
0.0266537441726764, 0.0369728282709618, -0.069227531346266,
0.0361341782642065, -0.0356338225892152, 0.0238037768886763,
-0.0907639504762974, -0.0425521374274769, 0.104250197558532,
0.0070509770804508, -0.0375916502140725, 0.0872349766567206,
-0.0197611709567449, -0.0094428669806293, 0.104436533283123,
0.0185991807784931, 0.0534189994943236, 0.0141086228249531,
-0.0163066141223647, 0.0565105079627318, 0.0129840737260285,
-0.099300054006286, 0.044148713823082, 0.025919623820041,
0.00820924880160638, 0.0224910310806072, 0.0413296703706361,
-0.112610583705068, -0.0789406333610061, 0.00717190768241588,
-0.021320885990965, -0.108701568327431, 0.0290350854526772,
0.00715472987671458, 0.011889422303179, 0.0280965797255932,
-0.0425073200813225, -0.060095242165298, 0.053683972014561,
-0.00583611055239848, -0.0331381317135949, 0.000864064296663649,
-0.0103850810251165, -0.0931411196128112, -0.123676182103838,
0.0630490791265655, 0.0271386739674435, 0.0573795182990411,
0.0645443460379685, -0.0211657732304375, 0.0304206996250663,
0.0116474272816681, -0.0195368470407483, -0.0544840984701344,
-0.0403702217475845, 0.0339063684765878, 0.0193416748945642,
-0.129573757306908, -0.0143976186456966, 0.0118653351201816,
-0.116067379110854, 0.0132982327873885, 0.0160579069213619,
0.0446385081705489, 0.017448917323877, -0.0667517617869536,
0.00579040457932741, 0.0529859700800776, -0.0446633799104243,
0.0200802271973508, 0.0338312076678235, -0.00497697455224178,
-0.0326497380788202, -0.0733235513696483, 0.0766359302757618,
-0.00886936610569358, -0.00144209051718703, -0.013643365108892,
-0.0161804607672632, -0.0719462848120853, -0.100997684695627,
-0.047199607930905, -0.0414162346376399, 0.0425659141559707,
-0.0268104830763067, -0.0457256795556236, 0.0115302467438772,
0.0960467025878955, 0.0889073929471753, 0.0099757375594916,
0.00476831889087206, 0.018784546821325, -0.054102257798667,
0.0170371796073915, -0.078592598148975, 0.0448702821961947,
-0.0247035382562255, 0.115503119670375, -0.0412007024696119,
-0.0573131599069071, 0.0242350925886711, -0.0354818418582192,
-0.0800293322176666, -0.107450751500628, -0.0795628534453125,
0.0114557439208849, 0.117966856638478, 0.0483557615677642,
-0.0540294532286854, 0.0460668557651572, 0.0590512411938106,
-0.0158113813490958, -0.0437438550965435, -0.0594003412946853,
0.0276494973009419, 0.00999372614325453, 0.0202430820966378,
-0.0506588128151913, 0.0190175813527129, 0.0206028456378258,
0.043878933356378, 0.0349203649033211, 0.0299018019498448,
-0.00987394511964169, -0.0110870292429819, -0.0593841818832648,
0.0749389397863528, 0.0798898098073503, 0.0315484412831716,
-0.0436123129277434, -0.0385553808890222, -0.0668570262396092,
-0.00658885259166872, -0.120252800724088, -0.0219669171330606,
-0.0464828650582027, 0.0341535523847092, -0.028545344332331,
-0.0937838483344151, -0.0893557945619468, 0.00568560560899686,
0.0969334582008462)), class = "data.frame", row.names = c("N53_1_3",
"N38_2_4", "N24_1_4", "ZJH_N22_2_4", "ZJH_N50_1_4", "ZJH_N49_2_4",
"N58_1_3", "ZJH_N21_1_2", "N29_2_4", "N67_2_3", "N20_1_4", "N51_2_2",
"ZJH_N48_1_3", "N17_1_2", "N53_2_4", "ZJH_N47_1_4", "N38_2_3", "N07_2_3",
"N51_1_3", "ZJH_N31_2_2", "ZJH_N27_2_2", "ZJH_N18_2_4", "N20_1_3",
"ZJH_N50_2_2", "N13_2_2", "N25_2_4", "ZJH_N16_1_2", "N22_1_4", "N52_1_3",
"ZJH_N54_2_4", "N46_2_4", "N55_1_2", "N68_2_2", "N22_1_2", "N11_2_2",
"ZJH_N50_2_3", "ZJH_N36_2_3", "N52_1_4", "N21_1_3", "N22_2_3",
"ZJH_N58_1_3", "N38_1_4", "N50_2_2", "N63_1_3", "N23_2_4", "N10_2_3",
"ZJH_N43_2_3", "ZJH_N18_1_2", "N53_1_2", "N38_1_3", "N29_1_4", "N18_1_2",
"N15_2_3", "N52_2_2", "ZJH_N25_2_2", "N41_1_4", "ZJH_N13_1_2", "N31_2_2",
"ZJH_N16_1_3", "N43_1_4", "N54_1_4", "ZJH_N55_1_3", "N01_1_3",
"ZJH_N36_1_2", "ZJH_N13_2_2", "N01_2_3", "N36_2_2", "N61_1_4", "N29_2_3",
"ZJH_N16_2_3", "N22_2_4", "ZJH_N10_1_2", "N64_1_2", "N44_2_2",
"ZJH_N23_1_3", "ZJH_N53_1_4", "ZJH_N48_2_4", "N08_1_2", "N05_1_2",
"N31_1_2", "N66_2_3", "ZJH_N55_1_2", "ZJH_N56_2_3", "N14_1_3", "N37_1_3",
"N19_2_2", "ZJH_N30_2_4", "N31_1_4", "N44_1_2", "N57_2_3", "ZJH_N47_2_2",
"N19_1_4", "ZJH_N58_2_4", "ZJH_N29_1_2", "ZJH_N28_1_4", "N33_2_3",
"ZJH_N31_2_3", "ZJH_N32_2_2", "N55_1_4", "N50_2_3", "N42_1_2", "N45_1_4",
"N06_1_2", "N48_2_3", "N16_1_4", "ZJH_N49_2_2", "N32_1_2", "N39_1_4",
"N49_2_2", "N61_2_2", "ZJH_N15_1_4", "N25_1_2", "N68_2_4", "ZJH_N33_2_2",
"ZJH_N54_1_3", "ZJH_N36_2_2", "ZJH_N12_1_4", "N15_2_2", "N67_1_4",
"ZJH_N52_2_2", "N15_1_2", "N17_1_3", "N55_2_4", "ZJH_N14_1_3", "N22_1_3",
"ZJH_N19_2_2", "N10_2_2", "N68_1_3", "N46_2_2", "N30_2_2", "N14_2_2",
"ZJH_N17_1_2", "N11_1_4", "N16_2_3", "N30_1_4", "ZJH_N12_2_2",
"ZJH_N59_1_4", "N25_2_2", "ZJH_N27_2_3", "ZJH_N25_1_4", "N55_2_3",
"N09_1_2", "N32_1_3", "N23_2_3", "ZJH_N24_2_2", "N54_2_2", "N44_2_3",
"N52_2_3", "N64_2_2", "N37_1_4", "ZJH_N38_1_2", "ZJH_N59_2_4", "N34_2_3",
"ZJH_N55_1_4", "ZJH_N21_2_2", "N22_2_2", "N24_2_4", "ZJH_N55_2_4",
"N64_2_3", "N36_1_2", "N39_2_4", "ZJH_N28_2_2", "N28_1_2", "N42_2_2",
"ZJH_N40_1_2", "ZJH_N15_1_2", "ZJH_N57_1_2", "N62_2_3", "N62_2_4",
"N51_2_3", "N16_2_2", "N66_1_3", "N64_1_3", "N41_1_2", "N42_1_4",
"N63_1_4", "N65_2_3", "N11_1_3", "N36_2_3", "N67_1_2", "N13_1_3",
"N35_1_2", "N21_2_4", "N43_2_2", "ZJH_N11_1_4", "ZJH_N39_2_2", "N04_1_3",
"N03_2_3", "ZJH_N36_1_4", "ZJH_N12_1_3", "N06_1_4", "N62_1_2", "N12_1_3",
"N41_2_2", "N07_1_3", "N16_1_3", "N42_2_3", "N16_2_4", "ZJH_N25_2_4",
"N49_2_3", "ZJH_N39_2_3", "N40_2_2", "ZJH_N20_2_4", "ZJH_N46_2_2",
"N18_2_2", "N03_2_2", "N47_1_2", "ZJH_N11_2_3", "ZJH_N24_2_4", "N02_1_4",
"N02_1_2", "N53_2_2", "N57_1_4", "N57_2_4", "ZJH_N34_1_2", "N07_2_4",
"ZJH_N17_2_2", "N65_2_2", "N47_2_3", "N23_2_2", "N60_2_4", "ZJH_N18_1_3",
"ZJH_N59_1_3", "ZJH_N56_2_4", "ZJH_N10_2_2", "N49_1_2", "N60_2_3",
"N32_2_3", "N27_1_3", "ZJH_N53_2_3", "N48_1_2", "N27_1_2", "ZJH_N36_2_4",
"N40_1_2", "N58_2_4", "N39_1_2", "ZJH_N51_1_2", "N58_2_3", "N67_2_2",
"ZJH_N50_1_3", "N08_2_2", "N07_1_4", "N41_1_3", "N44_2_4", "ZJH_N23_2_4",
"N52_2_4", "ZJH_N28_2_4", "ZJH_N30_1_3", "ZJH_N11_1_2", "N61_2_3",
"ZJH_N51_2_3", "N62_2_2", "N11_2_3", "N20_1_2", "N29_1_3", "N46_1_2",
"N57_2_2", "ZJH_N13_2_4", "ZJH_N31_1_4", "ZJH_N48_1_4", "ZJH_N53_2_2",
"N21_1_4", "N23_1_4", "N58_2_2", "N20_2_2", "N66_2_4", "ZJH_N49_1_4",
"N14_2_4", "N18_1_3", "N28_2_4", "N32_2_4", "N20_2_4", "N17_2_3",
"N04_2_3", "N27_2_4", "ZJH_N31_2_4", "ZJH_N30_2_3", "N45_2_4", "N14_1_4",
"ZJH_N58_1_4", "N68_1_4", "N08_2_4", "N60_1_2", "N08_2_3", "N47_2_4",
"N58_1_4", "N35_2_4", "ZJH_N10_2_3", "N14_1_2", "N46_2_3", "N25_1_4",
"N21_1_2", "N13_2_3", "ZJH_N46_1_2", "ZJH_N52_1_4", "N29_2_2",
"ZJH_N42_1_4", "ZJH_N17_2_4", "ZJH_N18_1_4", "N48_2_4", "ZJH_N32_1_2",
"ZJH_N16_2_2", "ZJH_N14_2_3", "N17_2_4", "N24_2_3", "N62_1_4",
"ZJH_N23_2_2", "ZJH_N14_2_4", "ZJH_N42_2_2", "N43_2_4", "N16_1_2",
"N38_2_2", "N60_1_4", "ZJH_N21_1_4", "ZJH_N11_2_2", "ZJH_N24_2_3",
"N45_1_3", "ZJH_N24_1_2", "ZJH_N14_1_4", "N34_2_2", "ZJH_N13_1_4",
"N05_2_3", "N07_1_2", "N58_1_2", "ZJH_N26_1_2", "ZJH_N12_1_2",
"ZJH_N17_1_4", "N13_1_4", "N05_2_2", "ZJH_N45_2_2", "N01_1_2",
"ZJH_N14_1_2", "N65_1_4", "ZJH_N24_1_4", "N30_1_3", "N14_2_3", "N19_1_3",
"N33_2_4", "N41_2_3", "N27_1_4", "ZJH_N23_1_2", "N67_1_3", "ZJH_N58_1_2",
"ZJH_N46_2_4", "ZJH_N19_2_4", "ZJH_N23_1_4", "ZJH_N25_1_2", "ZJH_N12_2_4",
"ZJH_N14_2_2", "N42_2_4", "N44_1_4", "N47_1_3", "ZJH_N53_2_4",
"ZJH_N28_1_2", "ZJH_N49_1_2", "N41_2_4", "ZJH_N22_1_4", "ZJH_N27_2_4",
"N04_1_4", "ZJH_N59_2_3", "N43_1_2", "N66_2_2", "N68_2_3", "N61_1_2",
"ZJH_N33_2_4", "N45_1_2", "N54_2_3", "N39_2_3", "N65_1_2", "N17_1_4",
"N01_1_4", "N10_2_4", "N57_1_3", "ZJH_N11_2_4", "N56_1_2", "N35_2_2",
"ZJH_N52_2_4", "N29_1_2", "ZJH_N27_1_4", "N09_2_4", "N01_2_4",
"ZJH_N55_2_3", "ZJH_N57_1_4", "N21_2_3", "N18_2_4", "N19_2_3", "N36_2_4",
"N30_1_2", "N04_2_4", "N40_2_4", "N19_1_2", "ZJH_N22_2_2", "N59_1_4",
"N28_1_4", "N61_1_3", "N46_1_3", "N17_2_2", "ZJH_N18_2_2", "N48_2_2",
"ZJH_N28_2_3", "N64_1_4", "N30_2_4", "N05_1_4", "N11_2_4", "ZJH_N47_2_3",
"N43_1_3", "ZJH_N21_2_4", "N08_1_3", "N15_2_4", "ZJH_N37_1_2", "N31_1_3",
"ZJH_N58_2_2", "N53_1_4", "ZJH_N39_1_4", "N02_2_2", "ZJH_N30_1_4",
"N38_1_2", "N15_1_4", "ZJH_N56_2_2", "N33_1_3", "N66_1_4", "N12_1_4",
"N34_2_4", "ZJH_N47_1_2", "N60_2_2", "ZJH_N41_1_4", "N54_1_2", "N37_2_4",
"ZJH_N22_2_3", "N27_2_3", "N63_2_2", "N11_1_2", "ZJH_N52_2_3",
"ZJH_N51_1_4", "N36_1_4", "N02_2_4", "N37_1_2", "N55_2_2", "ZJH_N19_1_2",
"ZJH_N29_1_4", "N43_2_3", "ZJH_N42_2_3", "N05_2_4", "N09_1_3", "N47_1_4",
"ZJH_N48_2_2", "N59_1_2", "N63_2_3", "N12_1_2", "N54_1_3", "N35_1_4",
"N61_2_4", "N21_2_2", "N49_2_4", "ZJH_N54_1_2", "ZJH_N54_2_2", "N13_1_2",
"N63_1_2", "ZJH_N10_2_4", "N24_1_2", "N06_1_3", "N45_2_3", "N48_1_4",
"N53_2_3", "ZJH_N51_2_4", "N28_2_3", "ZJH_N46_2_3", "N08_1_4",
"ZJH_N18_2_3", "N03_1_4", "ZJH_N38_1_3", "ZJH_N50_2_4", "N10_1_3",
"N48_1_3", "N56_1_4", "ZJH_N26_2_4", "ZJH_N17_2_3", "N07_2_2", "N65_1_3",
"N10_1_4", "ZJH_N51_1_3", "ZJH_N54_1_4", "ZJH_N55_2_2", "ZJH_N32_1_4",
"N47_2_2", "N68_1_2", "ZJH_N20_2_3", "N02_2_3", "N57_1_2", "N26_1_4",
"ZJH_N23_2_3", "ZJH_N39_2_4", "N18_1_4", "ZJH_N26_2_2", "N31_2_4",
"N25_1_3", "N63_2_4", "N54_2_4", "N13_2_4", "N40_2_3", "N39_1_3",
"N51_2_4", "N24_1_3", "N04_1_2", "N56_1_3", "ZJH_N13_2_3", "N50_1_3",
"ZJH_N35_1_2", "N45_2_2", "N59_1_3", "N04_2_2", "N15_1_3", "N67_2_4",
"N35_2_3", "N50_2_4", "ZJH_N31_1_2", "N10_1_2", "ZJH_N56_1_2", "N03_2_4",
"N01_2_2", "ZJH_N20_2_2", "ZJH_N16_2_4", "N19_2_4", "N09_2_2",
"ZJH_N33_1_2", "N40_1_4", "N39_2_2", "N65_2_4", "N66_1_2", "N51_1_2",
"N49_1_4", "N32_1_4", "ZJH_N22_1_3", "N64_2_4", "N40_1_3", "ZJH_N58_2_3"
)), Y = structure(list(Location_Cincinnati = c(1L, 1L, 1L, 0L, 0L, 0L, 1L,
0L, 1L, 1L, 1L, 1L, 0L, 1L, 1L, 0L, 1L, 1L, 1L, 0L, 0L, 0L, 1L, 0L, 1L, 1L,
0L, 1L, 1L, 0L, 1L, 1L, 1L, 1L, 1L, 0L, 0L, 1L, 1L, 1L, 0L, 1L, 1L, 1L, 1L,
1L, 0L, 0L, 1L, 1L, 1L, 1L, 1L, 1L, 0L, 1L, 0L, 1L, 0L, 1L, 1L, 0L, 1L, 0L,
0L, 1L, 1L, 1L, 1L, 0L, 1L, 0L, 1L, 1L, 0L, 0L, 0L, 1L, 1L, 1L, 1L, 0L, 0L,
1L, 1L, 1L, 0L, 1L, 1L, 1L, 0L, 1L, 0L, 0L, 0L, 1L, 0L, 0L, 1L, 1L, 1L, 1L,
1L, 1L, 1L, 0L, 1L, 1L, 1L, 1L, 0L, 1L, 1L, 0L, 0L, 0L, 0L, 1L, 1L, 0L, 1L,
1L, 1L, 0L, 1L, 0L, 1L, 1L, 1L, 1L, 1L, 0L, 1L, 1L, 1L, 0L, 0L, 1L, 0L, 0L,
1L, 1L, 1L, 1L, 0L, 1L, 1L, 1L, 1L, 1L, 0L, 0L, 1L, 0L, 0L, 1L, 1L, 0L, 1L,
1L, 1L, 0L, 1L, 1L, 0L, 0L, 0L, 1L, 1L, 1L, 1L, 1L, 1L, 1L, 1L, 1L, 1L, 1L,
1L, 1L, 1L, 1L, 1L, 1L, 0L, 0L, 1L, 1L, 0L, 0L, 1L, 1L, 1L, 1L, 1L, 1L, 1L,
1L, 0L, 1L, 0L, 1L, 0L, 0L, 1L, 1L, 1L, 0L, 0L, 1L, 1L, 1L, 1L, 1L, 0L, 1L,
0L, 1L, 1L, 1L, 1L, 0L, 0L, 0L, 0L, 1L, 1L, 1L, 1L, 0L, 1L, 1L, 0L, 1L, 1L,
1L, 0L, 1L, 1L, 0L, 1L, 1L, 1L, 1L, 0L, 1L, 0L, 0L, 0L, 1L, 0L, 1L, 1L, 1L,
1L, 1L, 1L, 0L, 0L, 0L, 0L, 1L, 1L, 1L, 1L, 1L, 0L, 1L, 1L, 1L, 1L, 1L, 1L,
1L, 1L, 0L, 0L, 1L, 1L, 0L, 1L, 1L, 1L, 1L, 1L, 1L, 1L, 0L, 1L, 1L, 1L, 1L,
1L, 0L, 0L, 1L, 0L, 0L, 0L, 1L, 0L, 0L, 0L, 1L, 1L, 1L, 0L, 0L, 0L, 1L, 1L,
1L, 1L, 0L, 0L, 0L, 1L, 0L, 0L, 1L, 0L, 1L, 1L, 1L, 0L, 0L, 0L, 1L, 1L, 0L,
1L, 0L, 1L, 0L, 1L, 1L, 1L, 1L, 1L, 1L, 0L, 1L, 0L, 0L, 0L, 0L, 0L, 0L, 0L,
1L, 1L, 1L, 0L, 0L, 0L, 1L, 0L, 0L, 1L, 0L, 1L, 1L, 1L, 1L, 0L, 1L, 1L, 1L,
1L, 1L, 1L, 1L, 1L, 0L, 1L, 1L, 0L, 1L, 0L, 1L, 1L, 0L, 0L, 1L, 1L, 1L, 1L,
1L, 1L, 1L, 1L, 0L, 1L, 1L, 1L, 1L, 1L, 0L, 1L, 0L, 1L, 1L, 1L, 1L, 0L, 1L,
0L, 1L, 1L, 0L, 1L, 0L, 1L, 0L, 1L, 0L, 1L, 1L, 0L, 1L, 1L, 1L, 1L, 0L, 1L,
0L, 1L, 1L, 0L, 1L, 1L, 1L, 0L, 0L, 1L, 1L, 1L, 1L, 0L, 0L, 1L, 0L, 1L, 1L,
1L, 0L, 1L, 1L, 1L, 1L, 1L, 1L, 1L, 1L, 0L, 0L, 1L, 1L, 0L, 1L, 1L, 1L, 1L,
1L, 0L, 1L, 0L, 1L, 0L, 1L, 0L, 0L, 1L, 1L, 1L, 0L, 0L, 1L, 1L, 1L, 0L, 0L,
0L, 0L, 1L, 1L, 0L, 1L, 1L, 1L, 0L, 0L, 1L, 0L, 1L, 1L, 1L, 1L, 1L, 1L, 1L,
1L, 1L, 1L, 1L, 0L, 1L, 0L, 1L, 1L, 1L, 1L, 1L, 1L, 1L, 0L, 1L, 0L, 1L, 1L,
0L, 0L, 1L, 1L, 0L, 1L, 1L, 1L, 1L, 1L, 1L, 1L, 0L, 1L, 1L, 0L),
Location_Hangzhou = c(0L, 0L, 0L, 1L, 1L, 1L, 0L, 1L, 0L, 0L, 0L, 0L, 1L,
0L, 0L, 1L, 0L, 0L, 0L, 1L, 1L, 1L, 0L, 1L, 0L, 0L, 1L, 0L, 0L, 1L, 0L, 0L,
0L, 0L, 0L, 1L, 1L, 0L, 0L, 0L, 1L, 0L, 0L, 0L, 0L, 0L, 1L, 1L, 0L, 0L, 0L,
0L, 0L, 0L, 1L, 0L, 1L, 0L, 1L, 0L, 0L, 1L, 0L, 1L, 1L, 0L, 0L, 0L, 0L, 1L,
0L, 1L, 0L, 0L, 1L, 1L, 1L, 0L, 0L, 0L, 0L, 1L, 1L, 0L, 0L, 0L, 1L, 0L, 0L,
0L, 1L, 0L, 1L, 1L, 1L, 0L, 1L, 1L, 0L, 0L, 0L, 0L, 0L, 0L, 0L, 1L, 0L, 0L,
0L, 0L, 1L, 0L, 0L, 1L, 1L, 1L, 1L, 0L, 0L, 1L, 0L, 0L, 0L, 1L, 0L, 1L, 0L,
0L, 0L, 0L, 0L, 1L, 0L, 0L, 0L, 1L, 1L, 0L, 1L, 1L, 0L, 0L, 0L, 0L, 1L, 0L,
0L, 0L, 0L, 0L, 1L, 1L, 0L, 1L, 1L, 0L, 0L, 1L, 0L, 0L, 0L, 1L, 0L, 0L, 1L,
1L, 1L, 0L, 0L, 0L, 0L, 0L, 0L, 0L, 0L, 0L, 0L, 0L, 0L, 0L, 0L, 0L, 0L, 0L,
1L, 1L, 0L, 0L, 1L, 1L, 0L, 0L, 0L, 0L, 0L, 0L, 0L, 0L, 1L, 0L, 1L, 0L, 1L,
1L, 0L, 0L, 0L, 1L, 1L, 0L, 0L, 0L, 0L, 0L, 1L, 0L, 1L, 0L, 0L, 0L, 0L, 1L,
1L, 1L, 1L, 0L, 0L, 0L, 0L, 1L, 0L, 0L, 1L, 0L, 0L, 0L, 1L, 0L, 0L, 1L, 0L,
0L, 0L, 0L, 1L, 0L, 1L, 1L, 1L, 0L, 1L, 0L, 0L, 0L, 0L, 0L, 0L, 1L, 1L, 1L,
1L, 0L, 0L, 0L, 0L, 0L, 1L, 0L, 0L, 0L, 0L, 0L, 0L, 0L, 0L, 1L, 1L, 0L, 0L,
1L, 0L, 0L, 0L, 0L, 0L, 0L, 0L, 1L, 0L, 0L, 0L, 0L, 0L, 1L, 1L, 0L, 1L, 1L,
1L, 0L, 1L, 1L, 1L, 0L, 0L, 0L, 1L, 1L, 1L, 0L, 0L, 0L, 0L, 1L, 1L, 1L, 0L,
1L, 1L, 0L, 1L, 0L, 0L, 0L, 1L, 1L, 1L, 0L, 0L, 1L, 0L, 1L, 0L, 1L, 0L, 0L,
0L, 0L, 0L, 0L, 1L, 0L, 1L, 1L, 1L, 1L, 1L, 1L, 1L, 0L, 0L, 0L, 1L, 1L, 1L,
0L, 1L, 1L, 0L, 1L, 0L, 0L, 0L, 0L, 1L, 0L, 0L, 0L, 0L, 0L, 0L, 0L, 0L, 1L,
0L, 0L, 1L, 0L, 1L, 0L, 0L, 1L, 1L, 0L, 0L, 0L, 0L, 0L, 0L, 0L, 0L, 1L, 0L,
0L, 0L, 0L, 0L, 1L, 0L, 1L, 0L, 0L, 0L, 0L, 1L, 0L, 1L, 0L, 0L, 1L, 0L, 1L,
0L, 1L, 0L, 1L, 0L, 0L, 1L, 0L, 0L, 0L, 0L, 1L, 0L, 1L, 0L, 0L, 1L, 0L, 0L,
0L, 1L, 1L, 0L, 0L, 0L, 0L, 1L, 1L, 0L, 1L, 0L, 0L, 0L, 1L, 0L, 0L, 0L, 0L,
0L, 0L, 0L, 0L, 1L, 1L, 0L, 0L, 1L, 0L, 0L, 0L, 0L, 0L, 1L, 0L, 1L, 0L, 1L,
0L, 1L, 1L, 0L, 0L, 0L, 1L, 1L, 0L, 0L, 0L, 1L, 1L, 1L, 1L, 0L, 0L, 1L, 0L,
0L, 0L, 1L, 1L, 0L, 1L, 0L, 0L, 0L, 0L, 0L, 0L, 0L, 0L, 0L, 0L, 0L, 1L, 0L,
1L, 0L, 0L, 0L, 0L, 0L, 0L, 0L, 1L, 0L, 1L, 0L, 0L, 1L, 1L, 0L, 0L, 1L, 0L,
0L, 0L, 0L, 0L, 0L, 0L, 1L, 0L, 0L, 1L), SampleType_Axilla = c(0L, 0L, 0L,
0L, 0L, 0L, 0L, 1L, 0L, 0L, 0L, 1L, 0L, 1L, 0L, 0L, 0L, 0L, 0L, 1L, 1L, 0L,
0L, 1L, 1L, 0L, 1L, 0L, 0L, 0L, 0L, 1L, 1L, 1L, 1L, 0L, 0L, 0L, 0L, 0L, 0L,
0L, 1L, 0L, 0L, 0L, 0L, 1L, 1L, 0L, 0L, 1L, 0L, 1L, 1L, 0L, 1L, 1L, 0L, 0L,
0L, 0L, 0L, 1L, 1L, 0L, 1L, 0L, 0L, 0L, 0L, 1L, 1L, 1L, 0L, 0L, 0L, 1L, 1L,
1L, 0L, 1L, 0L, 0L, 0L, 1L, 0L, 0L, 1L, 0L, 1L, 0L, 0L, 1L, 0L, 0L, 0L, 1L,
0L, 0L, 1L, 0L, 1L, 0L, 0L, 1L, 1L, 0L, 1L, 1L, 0L, 1L, 0L, 1L, 0L, 1L, 0L,
1L, 0L, 1L, 1L, 0L, 0L, 0L, 0L, 1L, 1L, 0L, 1L, 1L, 1L, 1L, 0L, 0L, 0L, 1L,
0L, 1L, 0L, 0L, 0L, 1L, 0L, 0L, 1L, 1L, 0L, 0L, 1L, 0L, 1L, 0L, 0L, 0L, 1L,
1L, 0L, 0L, 0L, 1L, 0L, 1L, 1L, 1L, 1L, 1L, 1L, 0L, 0L, 0L, 1L, 0L, 0L, 1L,
0L, 0L, 0L, 0L, 0L, 1L, 0L, 1L, 0L, 1L, 0L, 1L, 0L, 0L, 0L, 0L, 0L, 1L, 0L,
1L, 0L, 0L, 0L, 0L, 0L, 0L, 0L, 1L, 0L, 1L, 1L, 1L, 1L, 0L, 0L, 0L, 1L, 1L,
0L, 0L, 1L, 0L, 1L, 1L, 0L, 1L, 0L, 0L, 0L, 0L, 1L, 1L, 0L, 0L, 0L, 0L, 1L,
1L, 0L, 1L, 0L, 1L, 1L, 0L, 1L, 0L, 1L, 0L, 0L, 0L, 0L, 0L, 0L, 0L, 1L, 0L,
0L, 1L, 0L, 1L, 0L, 1L, 1L, 0L, 0L, 0L, 1L, 0L, 0L, 1L, 1L, 0L, 0L, 0L, 0L,
0L, 0L, 0L, 0L, 0L, 0L, 0L, 0L, 0L, 0L, 0L, 0L, 0L, 1L, 0L, 0L, 0L, 0L, 0L,
1L, 0L, 0L, 1L, 0L, 1L, 0L, 1L, 0L, 0L, 0L, 0L, 1L, 1L, 0L, 0L, 0L, 0L, 1L,
0L, 1L, 0L, 1L, 1L, 0L, 0L, 1L, 0L, 0L, 1L, 0L, 1L, 0L, 0L, 1L, 1L, 1L, 1L,
0L, 0L, 1L, 1L, 1L, 1L, 0L, 0L, 0L, 0L, 0L, 0L, 0L, 0L, 1L, 0L, 1L, 0L, 0L,
0L, 1L, 0L, 1L, 0L, 0L, 0L, 0L, 1L, 1L, 0L, 0L, 0L, 0L, 0L, 1L, 1L, 0L, 1L,
0L, 1L, 0L, 0L, 1L, 0L, 0L, 0L, 0L, 0L, 1L, 1L, 0L, 1L, 0L, 0L, 0L, 0L, 0L,
0L, 0L, 0L, 0L, 1L, 0L, 0L, 1L, 1L, 0L, 0L, 0L, 0L, 1L, 1L, 1L, 0L, 0L, 0L,
0L, 0L, 0L, 0L, 0L, 0L, 0L, 1L, 0L, 1L, 0L, 0L, 1L, 0L, 1L, 0L, 1L, 0L, 0L,
0L, 0L, 1L, 1L, 0L, 1L, 0L, 0L, 0L, 1L, 1L, 0L, 0L, 0L, 0L, 1L, 1L, 1L, 0L,
0L, 0L, 0L, 0L, 0L, 1L, 1L, 0L, 1L, 0L, 0L, 0L, 1L, 0L, 1L, 1L, 1L, 1L, 0L,
1L, 0L, 0L, 0L, 0L, 0L, 0L, 0L, 0L, 0L, 0L, 0L, 0L, 0L, 0L, 0L, 0L, 0L, 1L,
0L, 0L, 0L, 0L, 1L, 0L, 1L, 1L, 0L, 0L, 1L, 0L, 0L, 0L, 0L, 1L, 0L, 0L, 0L,
0L, 0L, 0L, 0L, 0L, 0L, 1L, 0L, 0L, 0L, 1L, 1L, 0L, 1L, 0L, 0L, 0L, 0L, 1L,
1L, 1L, 0L, 1L, 1L, 0L, 0L, 1L, 1L, 0L, 1L, 0L, 1L, 1L, 0L, 0L, 0L, 0L, 0L,
0L ), SampleType_Groin = c(1L, 0L, 0L, 0L, 0L, 0L, 1L, 0L, 0L, 1L, 0L, 0L,
1L, 0L, 0L, 0L, 1L, 1L, 1L, 0L, 0L, 0L, 1L, 0L, 0L, 0L, 0L, 0L, 1L, 0L, 0L,
0L, 0L, 0L, 0L, 1L, 1L, 0L, 1L, 1L, 1L, 0L, 0L, 1L, 0L, 1L, 1L, 0L, 0L, 1L,
0L, 0L, 1L, 0L, 0L, 0L, 0L, 0L, 1L, 0L, 0L, 1L, 1L, 0L, 0L, 1L, 0L, 0L, 1L,
1L, 0L, 0L, 0L, 0L, 1L, 0L, 0L, 0L, 0L, 0L, 1L, 0L, 1L, 1L, 1L, 0L, 0L, 0L,
0L, 1L, 0L, 0L, 0L, 0L, 0L, 1L, 1L, 0L, 0L, 1L, 0L, 0L, 0L, 1L, 0L, 0L, 0L,
0L, 0L, 0L, 0L, 0L, 0L, 0L, 1L, 0L, 0L, 0L, 0L, 0L, 0L, 1L, 0L, 1L, 1L, 0L,
0L, 1L, 0L, 0L, 0L, 0L, 0L, 1L, 0L, 0L, 0L, 0L, 1L, 0L, 1L, 0L, 1L, 1L, 0L,
0L, 1L, 1L, 0L, 0L, 0L, 0L, 1L, 0L, 0L, 0L, 0L, 0L, 1L, 0L, 0L, 0L, 0L, 0L,
0L, 0L, 0L, 1L, 0L, 1L, 0L, 1L, 1L, 0L, 0L, 0L, 1L, 1L, 1L, 0L, 1L, 0L, 0L,
0L, 0L, 0L, 1L, 1L, 0L, 1L, 0L, 0L, 1L, 0L, 1L, 1L, 1L, 0L, 0L, 1L, 1L, 0L,
0L, 0L, 0L, 0L, 0L, 1L, 0L, 0L, 0L, 0L, 0L, 0L, 0L, 0L, 0L, 0L, 1L, 0L, 0L,
1L, 1L, 0L, 0L, 0L, 1L, 1L, 1L, 1L, 0L, 0L, 0L, 0L, 0L, 0L, 0L, 1L, 0L, 1L,
0L, 0L, 1L, 0L, 0L, 0L, 0L, 1L, 0L, 1L, 1L, 0L, 1L, 0L, 1L, 0L, 0L, 0L, 0L,
0L, 0L, 0L, 0L, 0L, 0L, 0L, 0L, 0L, 1L, 0L, 0L, 0L, 1L, 1L, 0L, 0L, 1L, 0L,
0L, 0L, 0L, 0L, 0L, 1L, 0L, 0L, 0L, 1L, 0L, 1L, 0L, 0L, 1L, 0L, 0L, 0L, 0L,
0L, 0L, 0L, 0L, 0L, 1L, 0L, 1L, 0L, 0L, 0L, 0L, 0L, 0L, 0L, 0L, 0L, 0L, 1L,
1L, 0L, 0L, 0L, 0L, 1L, 0L, 0L, 0L, 0L, 0L, 0L, 0L, 0L, 0L, 0L, 0L, 0L, 1L,
1L, 1L, 0L, 1L, 0L, 0L, 1L, 0L, 0L, 0L, 0L, 0L, 0L, 0L, 0L, 0L, 1L, 0L, 0L,
0L, 0L, 0L, 0L, 0L, 1L, 0L, 0L, 1L, 0L, 0L, 0L, 1L, 1L, 0L, 0L, 0L, 0L, 1L,
0L, 0L, 0L, 0L, 0L, 0L, 0L, 0L, 1L, 0L, 1L, 0L, 1L, 0L, 0L, 0L, 0L, 0L, 0L,
0L, 0L, 1L, 1L, 0L, 0L, 0L, 1L, 0L, 0L, 0L, 0L, 1L, 1L, 0L, 1L, 0L, 0L, 1L,
0L, 0L, 0L, 0L, 0L, 0L, 0L, 0L, 1L, 0L, 0L, 0L, 0L, 0L, 0L, 0L, 0L, 1L, 1L,
0L, 0L, 1L, 0L, 0L, 0L, 0L, 0L, 0L, 0L, 1L, 1L, 0L, 1L, 0L, 0L, 0L, 1L, 0L,
1L, 0L, 0L, 0L, 0L, 0L, 0L, 0L, 0L, 0L, 0L, 1L, 1L, 0L, 1L, 0L, 1L, 1L, 0L,
1L, 0L, 1L, 0L, 1L, 1L, 0L, 0L, 1L, 0L, 1L, 0L, 1L, 0L, 0L, 0L, 0L, 0L, 1L,
1L, 0L, 0L, 1L, 0L, 0L, 0L, 0L, 1L, 0L, 0L, 0L, 1L, 1L, 0L, 1L, 0L, 1L, 1L,
1L, 0L, 0L, 1L, 0L, 1L, 0L, 1L, 0L, 0L, 0L, 0L, 0L, 0L, 0L, 0L, 0L, 0L, 0L,
0L, 0L, 0L, 0L, 0L, 0L, 0L, 1L, 0L, 1L, 1L), SampleType_Stool = c(0L, 1L,
1L, 1L, 1L, 1L, 0L, 0L, 1L, 0L, 1L, 0L, 0L, 0L, 1L, 1L, 0L, 0L, 0L, 0L, 0L,
1L, 0L, 0L, 0L, 1L, 0L, 1L, 0L, 1L, 1L, 0L, 0L, 0L, 0L, 0L, 0L, 1L, 0L, 0L,
0L, 1L, 0L, 0L, 1L, 0L, 0L, 0L, 0L, 0L, 1L, 0L, 0L, 0L, 0L, 1L, 0L, 0L, 0L,
1L, 1L, 0L, 0L, 0L, 0L, 0L, 0L, 1L, 0L, 0L, 1L, 0L, 0L, 0L, 0L, 1L, 1L, 0L,
0L, 0L, 0L, 0L, 0L, 0L, 0L, 0L, 1L, 1L, 0L, 0L, 0L, 1L, 1L, 0L, 1L, 0L, 0L,
0L, 1L, 0L, 0L, 1L, 0L, 0L, 1L, 0L, 0L, 1L, 0L, 0L, 1L, 0L, 1L, 0L, 0L, 0L,
1L, 0L, 1L, 0L, 0L, 0L, 1L, 0L, 0L, 0L, 0L, 0L, 0L, 0L, 0L, 0L, 1L, 0L, 1L,
0L, 1L, 0L, 0L, 1L, 0L, 0L, 0L, 0L, 0L, 0L, 0L, 0L, 0L, 1L, 0L, 1L, 0L, 1L,
0L, 0L, 1L, 1L, 0L, 0L, 1L, 0L, 0L, 0L, 0L, 0L, 0L, 0L, 1L, 0L, 0L, 0L, 0L,
0L, 1L, 1L, 0L, 0L, 0L, 0L, 0L, 0L, 1L, 0L, 1L, 0L, 0L, 0L, 1L, 0L, 1L, 0L,
0L, 0L, 0L, 0L, 0L, 1L, 1L, 0L, 0L, 0L, 1L, 0L, 0L, 0L, 0L, 0L, 1L, 1L, 0L,
0L, 1L, 1L, 0L, 1L, 0L, 0L, 0L, 0L, 1L, 0L, 0L, 1L, 0L, 0L, 0L, 0L, 0L, 0L,
0L, 0L, 1L, 0L, 1L, 0L, 0L, 0L, 0L, 0L, 0L, 1L, 0L, 1L, 1L, 1L, 1L, 0L, 0L,
0L, 0L, 0L, 0L, 0L, 0L, 0L, 0L, 1L, 1L, 1L, 0L, 1L, 1L, 0L, 0L, 1L, 1L, 1L,
0L, 1L, 1L, 1L, 0L, 0L, 1L, 1L, 0L, 1L, 1L, 1L, 1L, 1L, 0L, 0L, 1L, 1L, 1L,
0L, 0L, 0L, 1L, 0L, 0L, 0L, 1L, 0L, 1L, 1L, 1L, 1L, 0L, 0L, 0L, 1L, 0L, 1L,
0L, 1L, 0L, 1L, 0L, 0L, 1L, 1L, 0L, 0L, 0L, 0L, 1L, 0L, 1L, 0L, 0L, 0L, 0L,
0L, 1L, 1L, 0L, 0L, 0L, 0L, 1L, 1L, 0L, 0L, 0L, 1L, 0L, 1L, 0L, 0L, 0L, 1L,
1L, 1L, 0L, 1L, 0L, 1L, 1L, 0L, 1L, 0L, 0L, 1L, 1L, 1L, 1L, 0L, 0L, 0L, 0L,
0L, 1L, 0L, 0L, 0L, 0L, 1L, 1L, 1L, 0L, 1L, 0L, 0L, 1L, 0L, 1L, 1L, 1L, 0L,
1L, 0L, 1L, 0L, 1L, 0L, 1L, 1L, 0L, 0L, 1L, 1L, 0L, 0L, 0L, 0L, 0L, 0L, 1L,
1L, 1L, 1L, 0L, 0L, 1L, 0L, 1L, 0L, 0L, 0L, 1L, 1L, 0L, 1L, 0L, 1L, 0L, 0L,
1L, 1L, 1L, 0L, 0L, 1L, 0L, 1L, 0L, 0L, 0L, 0L, 0L, 1L, 1L, 1L, 0L, 0L, 0L,
1L, 0L, 0L, 1L, 0L, 1L, 0L, 0L, 0L, 0L, 0L, 1L, 1L, 0L, 1L, 0L, 0L, 0L, 0L,
1L, 0L, 0L, 0L, 1L, 0L, 1L, 0L, 0L, 1L, 0L, 1L, 0L, 1L, 0L, 0L, 1L, 1L, 0L,
0L, 0L, 1L, 0L, 1L, 0L, 1L, 0L, 0L, 0L, 0L, 0L, 1L, 0L, 1L, 1L, 0L, 1L, 0L,
1L, 1L, 1L, 0L, 0L, 1L, 0L, 0L, 0L, 0L, 0L, 0L, 0L, 0L, 0L, 0L, 1L, 0L, 1L,
0L, 0L, 0L, 1L, 0L, 0L, 1L, 1L, 0L, 0L, 1L, 0L, 1L, 0L, 0L, 1L, 1L, 0L, 1L,
0L, 0L), SampleCollectionWeek_Week.1 = c(1L, 0L, 1L, 0L, 1L, 0L, 1L, 1L,
0L, 0L, 1L, 0L, 1L, 1L, 0L, 1L, 0L, 0L, 1L, 0L, 0L, 0L, 1L, 0L, 0L, 0L, 1L,
1L, 1L, 0L, 0L, 1L, 0L, 1L, 0L, 0L, 0L, 1L, 1L, 0L, 1L, 1L, 0L, 1L, 0L, 0L,
0L, 1L, 1L, 1L, 1L, 1L, 0L, 0L, 0L, 1L, 1L, 0L, 1L, 1L, 1L, 1L, 1L, 1L, 0L,
0L, 0L, 1L, 0L, 0L, 0L, 1L, 1L, 0L, 1L, 1L, 0L, 1L, 1L, 1L, 0L, 1L, 0L, 1L,
1L, 0L, 0L, 1L, 1L, 0L, 0L, 1L, 0L, 1L, 1L, 0L, 0L, 0L, 1L, 0L, 1L, 1L, 1L,
0L, 1L, 0L, 1L, 1L, 0L, 0L, 1L, 1L, 0L, 0L, 1L, 0L, 1L, 0L, 1L, 0L, 1L, 1L,
0L, 1L, 1L, 0L, 0L, 1L, 0L, 0L, 0L, 1L, 1L, 0L, 1L, 0L, 1L, 0L, 0L, 1L, 0L,
1L, 1L, 0L, 0L, 0L, 0L, 0L, 0L, 1L, 1L, 0L, 0L, 1L, 0L, 0L, 0L, 0L, 0L, 1L,
0L, 0L, 1L, 0L, 1L, 1L, 1L, 0L, 0L, 0L, 0L, 1L, 1L, 1L, 1L, 1L, 0L, 1L, 0L,
1L, 1L, 1L, 0L, 0L, 1L, 0L, 1L, 0L, 1L, 1L, 1L, 1L, 1L, 0L, 0L, 1L, 0L, 0L,
0L, 0L, 0L, 0L, 0L, 0L, 0L, 0L, 1L, 0L, 0L, 1L, 1L, 0L, 1L, 0L, 1L, 0L, 0L,
0L, 0L, 0L, 0L, 1L, 1L, 0L, 0L, 1L, 0L, 0L, 1L, 0L, 1L, 1L, 0L, 1L, 0L, 1L,
1L, 0L, 0L, 1L, 0L, 1L, 1L, 0L, 0L, 0L, 0L, 1L, 1L, 0L, 0L, 0L, 0L, 1L, 1L,
1L, 0L, 0L, 1L, 1L, 0L, 1L, 1L, 0L, 0L, 0L, 1L, 0L, 1L, 0L, 0L, 0L, 0L, 0L,
0L, 0L, 0L, 0L, 1L, 1L, 1L, 0L, 1L, 0L, 0L, 1L, 0L, 0L, 1L, 0L, 1L, 1L, 0L,
1L, 1L, 0L, 1L, 0L, 1L, 0L, 1L, 0L, 0L, 0L, 0L, 1L, 0L, 0L, 0L, 0L, 1L, 0L,
1L, 1L, 0L, 0L, 1L, 1L, 1L, 0L, 1L, 0L, 0L, 1L, 1L, 1L, 1L, 1L, 0L, 0L, 1L,
1L, 1L, 1L, 1L, 0L, 1L, 0L, 0L, 1L, 1L, 1L, 1L, 0L, 0L, 1L, 1L, 0L, 0L, 0L,
1L, 1L, 0L, 1L, 1L, 0L, 1L, 0L, 1L, 0L, 1L, 0L, 0L, 1L, 0L, 1L, 0L, 0L, 1L,
1L, 1L, 0L, 1L, 0L, 1L, 0L, 0L, 1L, 1L, 0L, 0L, 0L, 1L, 0L, 0L, 0L, 0L, 1L,
0L, 0L, 1L, 0L, 1L, 1L, 1L, 1L, 0L, 0L, 0L, 0L, 1L, 0L, 1L, 0L, 0L, 1L, 0L,
1L, 0L, 1L, 1L, 0L, 1L, 1L, 0L, 1L, 1L, 1L, 0L, 1L, 1L, 1L, 0L, 1L, 0L, 1L,
1L, 0L, 0L, 0L, 0L, 1L, 0L, 1L, 1L, 0L, 1L, 0L, 1L, 1L, 0L, 0L, 0L, 1L, 1L,
0L, 1L, 0L, 1L, 1L, 1L, 0L, 0L, 0L, 1L, 0L, 1L, 1L, 0L, 1L, 1L, 0L, 1L, 0L,
0L, 0L, 0L, 1L, 0L, 1L, 1L, 0L, 1L, 1L, 1L, 0L, 0L, 0L, 1L, 1L, 1L, 1L, 0L,
1L, 0L, 1L, 0L, 0L, 1L, 1L, 0L, 0L, 1L, 0L, 0L, 1L, 0L, 0L, 0L, 0L, 1L, 0L,
1L, 1L, 1L, 0L, 1L, 1L, 0L, 1L, 0L, 1L, 0L, 0L, 0L, 1L, 1L, 1L, 0L, 0L, 0L,
0L, 0L, 0L, 1L, 1L, 0L, 0L, 1L, 1L, 1L, 1L, 1L, 0L, 1L, 0L),
SampleCollectionWeek_Week.3 = c(0L, 1L, 0L, 1L, 0L, 1L, 0L, 0L, 1L, 1L, 0L,
1L, 0L, 0L, 1L, 0L, 1L, 1L, 0L, 1L, 1L, 1L, 0L, 1L, 1L, 1L, 0L, 0L, 0L, 1L,
1L, 0L, 1L, 0L, 1L, 1L, 1L, 0L, 0L, 1L, 0L, 0L, 1L, 0L, 1L, 1L, 1L, 0L, 0L,
0L, 0L, 0L, 1L, 1L, 1L, 0L, 0L, 1L, 0L, 0L, 0L, 0L, 0L, 0L, 1L, 1L, 1L, 0L,
1L, 1L, 1L, 0L, 0L, 1L, 0L, 0L, 1L, 0L, 0L, 0L, 1L, 0L, 1L, 0L, 0L, 1L, 1L,
0L, 0L, 1L, 1L, 0L, 1L, 0L, 0L, 1L, 1L, 1L, 0L, 1L, 0L, 0L, 0L, 1L, 0L, 1L,
0L, 0L, 1L, 1L, 0L, 0L, 1L, 1L, 0L, 1L, 0L, 1L, 0L, 1L, 0L, 0L, 1L, 0L, 0L,
1L, 1L, 0L, 1L, 1L, 1L, 0L, 0L, 1L, 0L, 1L, 0L, 1L, 1L, 0L, 1L, 0L, 0L, 1L,
1L, 1L, 1L, 1L, 1L, 0L, 0L, 1L, 1L, 0L, 1L, 1L, 1L, 1L, 1L, 0L, 1L, 1L, 0L,
1L, 0L, 0L, 0L, 1L, 1L, 1L, 1L, 0L, 0L, 0L, 0L, 0L, 1L, 0L, 1L, 0L, 0L, 0L,
1L, 1L, 0L, 1L, 0L, 1L, 0L, 0L, 0L, 0L, 0L, 1L, 1L, 0L, 1L, 1L, 1L, 1L, 1L,
1L, 1L, 1L, 1L, 1L, 0L, 1L, 1L, 0L, 0L, 1L, 0L, 1L, 0L, 1L, 1L, 1L, 1L, 1L,
1L, 0L, 0L, 1L, 1L, 0L, 1L, 1L, 0L, 1L, 0L, 0L, 1L, 0L, 1L, 0L, 0L, 1L, 1L,
0L, 1L, 0L, 0L, 1L, 1L, 1L, 1L, 0L, 0L, 1L, 1L, 1L, 1L, 0L, 0L, 0L, 1L, 1L,
0L, 0L, 1L, 0L, 0L, 1L, 1L, 1L, 0L, 1L, 0L, 1L, 1L, 1L, 1L, 1L, 1L, 1L, 1L,
1L, 0L, 0L, 0L, 1L, 0L, 1L, 1L, 0L, 1L, 1L, 0L, 1L, 0L, 0L, 1L, 0L, 0L, 1L,
0L, 1L, 0L, 1L, 0L, 1L, 1L, 1L, 1L, 0L, 1L, 1L, 1L, 1L, 0L, 1L, 0L, 0L, 1L,
1L, 0L, 0L, 0L, 1L, 0L, 1L, 1L, 0L, 0L, 0L, 0L, 0L, 1L, 1L, 0L, 0L, 0L, 0L,
0L, 1L, 0L, 1L, 1L, 0L, 0L, 0L, 0L, 1L, 1L, 0L, 0L, 1L, 1L, 1L, 0L, 0L, 1L,
0L, 0L, 1L, 0L, 1L, 0L, 1L, 0L, 1L, 1L, 0L, 1L, 0L, 1L, 1L, 0L, 0L, 0L, 1L,
0L, 1L, 0L, 1L, 1L, 0L, 0L, 1L, 1L, 1L, 0L, 1L, 1L, 1L, 1L, 0L, 1L, 1L, 0L,
1L, 0L, 0L, 0L, 0L, 1L, 1L, 1L, 1L, 0L, 1L, 0L, 1L, 1L, 0L, 1L, 0L, 1L, 0L,
0L, 1L, 0L, 0L, 1L, 0L, 0L, 0L, 1L, 0L, 0L, 0L, 1L, 0L, 1L, 0L, 0L, 1L, 1L,
1L, 1L, 0L, 1L, 0L, 0L, 1L, 0L, 1L, 0L, 0L, 1L, 1L, 1L, 0L, 0L, 1L, 0L, 1L,
0L, 0L, 0L, 1L, 1L, 1L, 0L, 1L, 0L, 0L, 1L, 0L, 0L, 1L, 0L, 1L, 1L, 1L, 1L,
0L, 1L, 0L, 0L, 1L, 0L, 0L, 0L, 1L, 1L, 1L, 0L, 0L, 0L, 0L, 1L, 0L, 1L, 0L,
1L, 1L, 0L, 0L, 1L, 1L, 0L, 1L, 1L, 0L, 1L, 1L, 1L, 1L, 0L, 1L, 0L, 0L, 0L,
1L, 0L, 0L, 1L, 0L, 1L, 0L, 1L, 1L, 1L, 0L, 0L, 0L, 1L, 1L, 1L, 1L, 1L, 1L,
0L, 0L, 1L, 1L, 0L, 0L, 0L, 0L, 0L, 1L, 0L, 1L), `GestationCohort_23-27
Weeks` = c(0L, 0L, 0L, 0L, 0L, 0L, 0L, 0L, 0L, 0L, 0L, 0L, 0L, 0L, 0L, 1L,
0L, 0L, 0L, 0L, 0L, 0L, 0L, 0L, 0L, 0L, 0L, 1L, 0L, 0L, 0L, 0L, 0L, 1L, 0L,
0L, 0L, 0L, 1L, 1L, 0L, 0L, 0L, 0L, 0L, 0L, 1L, 0L, 0L, 0L, 0L, 0L, 0L, 0L,
1L, 0L, 0L, 0L, 0L, 0L, 0L, 0L, 0L, 0L, 0L, 0L, 0L, 0L, 0L, 0L, 1L, 0L, 0L,
0L, 0L, 0L, 0L, 0L, 0L, 0L, 0L, 0L, 0L, 0L, 0L, 0L, 0L, 0L, 0L, 1L, 1L, 0L,
0L, 0L, 0L, 0L, 0L, 1L, 0L, 0L, 0L, 0L, 0L, 0L, 0L, 0L, 0L, 0L, 0L, 0L, 0L,
0L, 0L, 0L, 0L, 0L, 0L, 0L, 0L, 0L, 0L, 0L, 0L, 0L, 1L, 0L, 0L, 0L, 0L, 1L,
0L, 0L, 0L, 0L, 1L, 0L, 0L, 0L, 0L, 1L, 0L, 0L, 0L, 0L, 0L, 0L, 0L, 0L, 0L,
0L, 0L, 0L, 0L, 0L, 0L, 1L, 0L, 0L, 0L, 0L, 0L, 0L, 0L, 0L, 0L, 0L, 0L, 0L,
0L, 0L, 0L, 0L, 0L, 0L, 0L, 0L, 0L, 0L, 0L, 0L, 0L, 0L, 1L, 0L, 0L, 0L, 0L,
0L, 0L, 0L, 0L, 0L, 0L, 0L, 0L, 0L, 0L, 0L, 1L, 0L, 0L, 0L, 0L, 0L, 0L, 0L,
0L, 0L, 0L, 0L, 0L, 0L, 1L, 1L, 0L, 0L, 0L, 0L, 0L, 0L, 0L, 0L, 0L, 0L, 0L,
0L, 0L, 0L, 0L, 0L, 0L, 0L, 0L, 0L, 0L, 0L, 0L, 0L, 0L, 0L, 0L, 0L, 0L, 0L,
0L, 0L, 0L, 0L, 0L, 0L, 0L, 0L, 0L, 0L, 0L, 0L, 1L, 0L, 0L, 0L, 0L, 1L, 0L,
0L, 0L, 0L, 0L, 0L, 0L, 0L, 0L, 0L, 0L, 0L, 0L, 0L, 0L, 0L, 0L, 0L, 0L, 0L,
0L, 0L, 0L, 0L, 0L, 0L, 0L, 0L, 0L, 1L, 0L, 0L, 0L, 0L, 1L, 0L, 0L, 0L, 1L,
0L, 0L, 0L, 0L, 0L, 0L, 0L, 1L, 0L, 0L, 0L, 0L, 0L, 0L, 0L, 0L, 0L, 0L, 0L,
0L, 0L, 0L, 0L, 1L, 0L, 0L, 0L, 0L, 0L, 0L, 0L, 0L, 0L, 1L, 0L, 0L, 0L, 0L,
0L, 0L, 0L, 0L, 0L, 0L, 0L, 1L, 0L, 0L, 0L, 0L, 0L, 0L, 0L, 0L, 0L, 0L, 0L,
0L, 0L, 0L, 0L, 0L, 0L, 0L, 0L, 0L, 0L, 0L, 0L, 0L, 0L, 1L, 0L, 1L, 0L, 0L,
0L, 0L, 0L, 0L, 0L, 0L, 1L, 0L, 0L, 0L, 1L, 0L, 0L, 0L, 0L, 0L, 0L, 0L, 0L,
0L, 0L, 0L, 0L, 0L, 1L, 0L, 0L, 1L, 0L, 0L, 0L, 0L, 0L, 0L, 0L, 0L, 0L, 0L,
0L, 0L, 0L, 0L, 0L, 0L, 0L, 0L, 1L, 0L, 0L, 0L, 0L, 0L, 0L, 0L, 0L, 0L, 0L,
0L, 0L, 0L, 0L, 0L, 0L, 0L, 1L, 0L, 0L, 0L, 0L, 0L, 0L, 0L, 0L, 0L, 0L, 1L,
0L, 0L, 0L, 0L, 0L, 0L, 0L, 0L, 0L, 0L, 0L, 0L, 0L, 0L, 0L, 0L, 0L, 0L, 0L,
0L, 0L, 1L, 1L, 0L, 0L, 0L, 0L, 0L, 0L, 0L, 1L, 0L, 0L, 0L, 0L, 1L, 0L, 0L,
0L, 0L, 1L, 0L, 0L, 0L, 0L, 0L, 0L, 0L, 0L, 0L, 0L, 1L, 0L, 0L, 0L, 0L, 0L,
0L, 0L, 0L, 0L, 0L, 0L, 0L, 0L, 0L, 0L, 0L, 0L, 0L, 0L, 0L, 0L, 0L, 0L, 0L,
0L, 0L, 0L, 0L, 0L, 0L, 0L), `GestationCohort_28-32 Weeks` = c(1L, 0L, 0L,
1L, 1L, 1L, 1L, 0L, 1L, 1L, 1L, 1L, 1L, 1L, 1L, 0L, 0L, 1L, 1L, 1L, 1L, 1L,
1L, 1L, 1L, 0L, 0L, 0L, 1L, 1L, 1L, 1L, 1L, 0L, 0L, 1L, 1L, 1L, 0L, 0L, 1L,
0L, 0L, 1L, 1L, 1L, 0L, 1L, 1L, 0L, 1L, 1L, 1L, 1L, 0L, 1L, 1L, 1L, 0L, 1L,
1L, 0L, 1L, 1L, 1L, 1L, 1L, 1L, 1L, 0L, 0L, 1L, 1L, 1L, 1L, 1L, 1L, 1L, 0L,
1L, 1L, 0L, 1L, 0L, 1L, 1L, 1L, 1L, 1L, 0L, 0L, 1L, 1L, 1L, 1L, 1L, 1L, 0L,
1L, 0L, 1L, 0L, 0L, 1L, 1L, 1L, 1L, 1L, 1L, 1L, 1L, 0L, 1L, 1L, 1L, 1L, 1L,
1L, 1L, 1L, 1L, 1L, 1L, 1L, 0L, 1L, 1L, 1L, 1L, 0L, 0L, 1L, 0L, 1L, 0L, 1L,
1L, 0L, 1L, 0L, 1L, 1L, 1L, 1L, 1L, 1L, 1L, 1L, 1L, 1L, 1L, 1L, 1L, 0L, 0L,
0L, 0L, 0L, 1L, 1L, 1L, 1L, 1L, 1L, 1L, 1L, 1L, 1L, 1L, 1L, 1L, 1L, 1L, 1L,
1L, 1L, 1L, 0L, 1L, 1L, 1L, 1L, 0L, 1L, 1L, 1L, 1L, 1L, 1L, 1L, 0L, 1L, 0L,
1L, 1L, 1L, 1L, 1L, 0L, 1L, 1L, 1L, 1L, 1L, 1L, 1L, 1L, 1L, 1L, 1L, 1L, 1L,
0L, 0L, 1L, 1L, 1L, 1L, 1L, 1L, 1L, 1L, 1L, 1L, 1L, 1L, 1L, 1L, 0L, 1L, 1L,
0L, 1L, 1L, 1L, 1L, 0L, 1L, 1L, 1L, 1L, 1L, 1L, 1L, 1L, 1L, 1L, 1L, 1L, 1L,
0L, 1L, 0L, 1L, 1L, 1L, 0L, 1L, 1L, 1L, 1L, 0L, 1L, 1L, 1L, 1L, 1L, 0L, 1L,
1L, 1L, 1L, 1L, 1L, 0L, 1L, 1L, 0L, 0L, 1L, 1L, 1L, 1L, 1L, 1L, 1L, 1L, 1L,
0L, 1L, 0L, 0L, 1L, 1L, 1L, 1L, 0L, 1L, 1L, 1L, 0L, 0L, 1L, 1L, 0L, 1L, 1L,
1L, 0L, 1L, 1L, 0L, 1L, 0L, 1L, 1L, 0L, 1L, 1L, 1L, 1L, 0L, 1L, 1L, 0L, 1L,
1L, 1L, 0L, 1L, 1L, 1L, 1L, 1L, 0L, 0L, 1L, 1L, 1L, 0L, 1L, 1L, 1L, 1L, 1L,
1L, 0L, 1L, 1L, 1L, 1L, 1L, 1L, 1L, 1L, 1L, 1L, 1L, 1L, 1L, 1L, 1L, 1L, 1L,
1L, 0L, 1L, 1L, 1L, 1L, 1L, 1L, 0L, 1L, 0L, 1L, 1L, 1L, 1L, 1L, 1L, 0L, 1L,
0L, 1L, 1L, 1L, 0L, 1L, 1L, 1L, 1L, 1L, 1L, 1L, 1L, 1L, 1L, 1L, 1L, 1L, 0L,
0L, 0L, 0L, 1L, 0L, 1L, 1L, 1L, 1L, 1L, 1L, 1L, 1L, 1L, 0L, 1L, 1L, 1L, 1L,
0L, 1L, 0L, 1L, 1L, 1L, 1L, 1L, 0L, 1L, 0L, 1L, 0L, 1L, 1L, 1L, 1L, 1L, 1L,
1L, 0L, 0L, 1L, 1L, 1L, 1L, 1L, 0L, 1L, 1L, 1L, 0L, 1L, 1L, 1L, 1L, 1L, 1L,
0L, 0L, 0L, 1L, 1L, 0L, 1L, 1L, 1L, 1L, 1L, 1L, 1L, 1L, 1L, 0L, 0L, 1L, 1L,
1L, 1L, 0L, 1L, 0L, 0L, 1L, 1L, 1L, 1L, 0L, 0L, 1L, 1L, 1L, 0L, 1L, 0L, 1L,
1L, 1L, 1L, 1L, 1L, 0L, 1L, 0L, 1L, 0L, 1L, 0L, 1L, 1L, 1L, 1L, 1L, 0L, 1L,
1L, 1L, 1L, 1L, 1L, 0L, 1L, 1L, 1L, 1L, 1L, 1L, 1L, 1L, 1L, 1L, 1L, 1L, 1L,
1L), `GestationCohort_33-36 Weeks` = c(0L, 1L, 1L, 0L, 0L, 0L, 0L, 1L, 0L,
0L, 0L, 0L, 0L, 0L, 0L, 0L, 1L, 0L, 0L, 0L, 0L, 0L, 0L, 0L, 0L, 1L, 1L, 0L,
0L, 0L, 0L, 0L, 0L, 0L, 1L, 0L, 0L, 0L, 0L, 0L, 0L, 1L, 1L, 0L, 0L, 0L, 0L,
0L, 0L, 1L, 0L, 0L, 0L, 0L, 0L, 0L, 0L, 0L, 1L, 0L, 0L, 1L, 0L, 0L, 0L, 0L,
0L, 0L, 0L, 1L, 0L, 0L, 0L, 0L, 0L, 0L, 0L, 0L, 1L, 0L, 0L, 1L, 0L, 1L, 0L,
0L, 0L, 0L, 0L, 0L, 0L, 0L, 0L, 0L, 0L, 0L, 0L, 0L, 0L, 1L, 0L, 1L, 1L, 0L,
0L, 0L, 0L, 0L, 0L, 0L, 0L, 1L, 0L, 0L, 0L, 0L, 0L, 0L, 0L, 0L, 0L, 0L, 0L,
0L, 0L, 0L, 0L, 0L, 0L, 0L, 1L, 0L, 1L, 0L, 0L, 0L, 0L, 1L, 0L, 0L, 0L, 0L,
0L, 0L, 0L, 0L, 0L, 0L, 0L, 0L, 0L, 0L, 0L, 1L, 1L, 0L, 1L, 1L, 0L, 0L, 0L,
0L, 0L, 0L, 0L, 0L, 0L, 0L, 0L, 0L, 0L, 0L, 0L, 0L, 0L, 0L, 0L, 1L, 0L, 0L,
0L, 0L, 0L, 0L, 0L, 0L, 0L, 0L, 0L, 0L, 1L, 0L, 1L, 0L, 0L, 0L, 0L, 0L, 0L,
0L, 0L, 0L, 0L, 0L, 0L, 0L, 0L, 0L, 0L, 0L, 0L, 0L, 0L, 0L, 0L, 0L, 0L, 0L,
0L, 0L, 0L, 0L, 0L, 0L, 0L, 0L, 0L, 0L, 1L, 0L, 0L, 1L, 0L, 0L, 0L, 0L, 1L,
0L, 0L, 0L, 0L, 0L, 0L, 0L, 0L, 0L, 0L, 0L, 0L, 0L, 1L, 0L, 1L, 0L, 0L, 0L,
0L, 0L, 0L, 0L, 0L, 0L, 0L, 0L, 0L, 0L, 0L, 1L, 0L, 0L, 0L, 0L, 0L, 0L, 1L,
0L, 0L, 1L, 1L, 0L, 0L, 0L, 0L, 0L, 0L, 0L, 0L, 0L, 1L, 0L, 1L, 0L, 0L, 0L,
0L, 0L, 0L, 0L, 0L, 0L, 0L, 1L, 0L, 0L, 1L, 0L, 0L, 0L, 0L, 0L, 0L, 1L, 0L,
1L, 0L, 0L, 1L, 0L, 0L, 0L, 0L, 1L, 0L, 0L, 0L, 0L, 0L, 0L, 1L, 0L, 0L, 0L,
0L, 0L, 0L, 1L, 0L, 0L, 0L, 1L, 0L, 0L, 0L, 0L, 0L, 0L, 0L, 0L, 0L, 0L, 0L,
0L, 0L, 0L, 0L, 0L, 0L, 0L, 0L, 0L, 0L, 0L, 0L, 0L, 0L, 1L, 0L, 0L, 0L, 0L,
0L, 0L, 0L, 0L, 0L, 0L, 0L, 0L, 0L, 0L, 0L, 1L, 0L, 0L, 0L, 0L, 0L, 0L, 0L,
0L, 0L, 0L, 0L, 0L, 0L, 0L, 0L, 0L, 0L, 0L, 0L, 0L, 1L, 1L, 0L, 0L, 1L, 0L,
0L, 0L, 0L, 0L, 0L, 0L, 0L, 0L, 1L, 0L, 0L, 0L, 0L, 1L, 0L, 0L, 0L, 0L, 0L,
0L, 0L, 1L, 0L, 1L, 0L, 1L, 0L, 0L, 0L, 0L, 0L, 0L, 0L, 0L, 1L, 0L, 0L, 0L,
0L, 0L, 1L, 0L, 0L, 0L, 0L, 0L, 0L, 0L, 0L, 0L, 0L, 1L, 1L, 1L, 0L, 0L, 1L,
0L, 0L, 0L, 0L, 0L, 0L, 0L, 0L, 0L, 0L, 0L, 0L, 0L, 0L, 0L, 1L, 0L, 1L, 0L,
0L, 0L, 0L, 0L, 0L, 1L, 0L, 0L, 0L, 0L, 0L, 1L, 0L, 0L, 0L, 0L, 0L, 0L, 1L,
0L, 0L, 0L, 1L, 0L, 1L, 0L, 0L, 0L, 0L, 0L, 1L, 0L, 0L, 0L, 0L, 0L, 0L, 1L,
0L, 0L, 0L, 0L, 0L, 0L, 0L, 0L, 0L, 0L, 0L, 0L, 0L, 0L),
PostNatalAntibiotics_Infant.Abx = c(1L, 0L, 0L, 1L, 1L, 1L, 1L, 0L, 0L, 0L,
1L, 0L, 0L, 0L, 1L, 1L, 0L, 0L, 0L, 0L, 1L, 0L, 1L, 1L, 1L, 0L, 1L, 1L, 1L,
0L, 0L, 0L, 1L, 1L, 0L, 1L, 1L, 1L, 1L, 1L, 0L, 0L, 0L, 0L, 1L, 0L, 1L, 0L,
1L, 0L, 0L, 0L, 0L, 1L, 1L, 1L, 1L, 1L, 1L, 0L, 1L, 1L, 0L, 1L, 1L, 0L, 0L,
1L, 0L, 1L, 1L, 1L, 0L, 0L, 1L, 1L, 0L, 0L, 0L, 0L, 0L, 1L, 0L, 0L, 0L, 0L,
1L, 0L, 0L, 1L, 1L, 0L, 0L, 1L, 1L, 1L, 0L, 1L, 0L, 0L, 0L, 0L, 0L, 0L, 0L,
1L, 0L, 1L, 0L, 1L, 1L, 0L, 1L, 1L, 0L, 1L, 1L, 0L, 0L, 1L, 0L, 0L, 0L, 1L,
1L, 1L, 0L, 1L, 0L, 1L, 0L, 1L, 0L, 0L, 1L, 1L, 1L, 0L, 1L, 1L, 0L, 1L, 0L,
1L, 1L, 1L, 0L, 1L, 0L, 0L, 1L, 1L, 1L, 1L, 0L, 1L, 0L, 1L, 0L, 0L, 1L, 1L,
0L, 0L, 1L, 1L, 1L, 1L, 1L, 0L, 0L, 0L, 0L, 1L, 0L, 0L, 0L, 0L, 0L, 0L, 1L,
0L, 1L, 0L, 1L, 1L, 0L, 0L, 1L, 1L, 0L, 1L, 0L, 1L, 0L, 0L, 0L, 0L, 1L, 0L,
1L, 0L, 1L, 1L, 0L, 0L, 0L, 1L, 1L, 0L, 0L, 1L, 1L, 1L, 1L, 0L, 1L, 0L, 0L,
1L, 0L, 0L, 1L, 0L, 1L, 0L, 0L, 0L, 0L, 1L, 0L, 0L, 1L, 0L, 1L, 1L, 1L, 1L,
0L, 1L, 0L, 0L, 1L, 0L, 1L, 1L, 1L, 1L, 1L, 1L, 1L, 1L, 0L, 1L, 0L, 0L, 1L,
1L, 0L, 0L, 1L, 1L, 1L, 1L, 1L, 0L, 1L, 0L, 0L, 0L, 0L, 1L, 0L, 0L, 0L, 0L,
1L, 0L, 0L, 0L, 1L, 0L, 0L, 0L, 0L, 1L, 0L, 1L, 0L, 0L, 0L, 1L, 1L, 1L, 1L,
0L, 0L, 1L, 0L, 0L, 1L, 1L, 1L, 0L, 0L, 1L, 1L, 1L, 0L, 0L, 0L, 0L, 0L, 0L,
1L, 1L, 0L, 1L, 1L, 1L, 1L, 0L, 0L, 1L, 1L, 1L, 1L, 1L, 0L, 1L, 0L, 1L, 0L,
1L, 1L, 0L, 0L, 1L, 1L, 0L, 1L, 0L, 0L, 1L, 1L, 1L, 1L, 1L, 1L, 0L, 0L, 0L,
1L, 1L, 1L, 1L, 1L, 1L, 0L, 1L, 0L, 0L, 1L, 1L, 1L, 0L, 1L, 1L, 0L, 0L, 0L,
0L, 1L, 1L, 1L, 0L, 1L, 0L, 1L, 1L, 0L, 1L, 1L, 1L, 0L, 0L, 0L, 1L, 0L, 0L,
0L, 1L, 1L, 0L, 1L, 0L, 0L, 0L, 0L, 1L, 0L, 1L, 0L, 0L, 1L, 0L, 0L, 0L, 0L,
1L, 0L, 0L, 1L, 1L, 0L, 1L, 0L, 0L, 0L, 1L, 0L, 0L, 1L, 1L, 0L, 1L, 1L, 0L,
1L, 0L, 0L, 0L, 1L, 1L, 0L, 0L, 0L, 0L, 1L, 1L, 0L, 0L, 0L, 1L, 0L, 0L, 1L,
0L, 0L, 1L, 0L, 1L, 1L, 0L, 0L, 0L, 1L, 0L, 1L, 0L, 0L, 0L, 0L, 1L, 1L, 0L,
1L, 0L, 0L, 0L, 1L, 1L, 0L, 0L, 1L, 1L, 1L, 0L, 0L, 0L, 1L, 0L, 1L, 1L, 0L,
1L, 1L, 0L, 1L, 0L, 1L, 1L, 0L, 1L, 1L, 0L, 0L, 1L, 1L, 0L, 1L, 0L, 0L, 0L,
1L, 1L, 0L, 1L, 0L, 1L, 0L, 0L, 0L, 0L, 0L, 0L, 0L, 0L, 0L, 0L, 1L, 1L, 0L,
1L, 1L, 0L, 1L, 0L, 0L, 0L, 0L, 0L, 1L, 0L, 0L, 0L),
PostNatalAntibiotics_No.Infant.Abx = c(0L, 1L, 1L, 0L, 0L, 0L, 0L, 1L, 1L,
1L, 0L, 1L, 1L, 1L, 0L, 0L, 1L, 1L, 1L, 1L, 0L, 1L, 0L, 0L, 0L, 1L, 0L, 0L,
0L, 1L, 1L, 1L, 0L, 0L, 1L, 0L, 0L, 0L, 0L, 0L, 1L, 1L, 1L, 1L, 0L, 1L, 0L,
1L, 0L, 1L, 1L, 1L, 1L, 0L, 0L, 0L, 0L, 0L, 0L, 1L, 0L, 0L, 1L, 0L, 0L, 1L,
1L, 0L, 1L, 0L, 0L, 0L, 1L, 1L, 0L, 0L, 1L, 1L, 1L, 1L, 1L, 0L, 1L, 1L, 1L,
1L, 0L, 1L, 1L, 0L, 0L, 1L, 1L, 0L, 0L, 0L, 1L, 0L, 1L, 1L, 1L, 1L, 1L, 1L,
1L, 0L, 1L, 0L, 1L, 0L, 0L, 1L, 0L, 0L, 1L, 0L, 0L, 1L, 1L, 0L, 1L, 1L, 1L,
0L, 0L, 0L, 1L, 0L, 1L, 0L, 1L, 0L, 1L, 1L, 0L, 0L, 0L, 1L, 0L, 0L, 1L, 0L,
1L, 0L, 0L, 0L, 1L, 0L, 1L, 1L, 0L, 0L, 0L, 0L, 1L, 0L, 1L, 0L, 1L, 1L, 0L,
0L, 1L, 1L, 0L, 0L, 0L, 0L, 0L, 1L, 1L, 1L, 1L, 0L, 1L, 1L, 1L, 1L, 1L, 1L,
0L, 1L, 0L, 1L, 0L, 0L, 1L, 1L, 0L, 0L, 1L, 0L, 1L, 0L, 1L, 1L, 1L, 1L, 0L,
1L, 0L, 1L, 0L, 0L, 1L, 1L, 1L, 0L, 0L, 1L, 1L, 0L, 0L, 0L, 0L, 1L, 0L, 1L,
1L, 0L, 1L, 1L, 0L, 1L, 0L, 1L, 1L, 1L, 1L, 0L, 1L, 1L, 0L, 1L, 0L, 0L, 0L,
0L, 1L, 0L, 1L, 1L, 0L, 1L, 0L, 0L, 0L, 0L, 0L, 0L, 0L, 0L, 1L, 0L, 1L, 1L,
0L, 0L, 1L, 1L, 0L, 0L, 0L, 0L, 0L, 1L, 0L, 1L, 1L, 1L, 1L, 0L, 1L, 1L, 1L,
1L, 0L, 1L, 1L, 1L, 0L, 1L, 1L, 1L, 1L, 0L, 1L, 0L, 1L, 1L, 1L, 0L, 0L, 0L,
0L, 1L, 1L, 0L, 1L, 1L, 0L, 0L, 0L, 1L, 1L, 0L, 0L, 0L, 1L, 1L, 1L, 1L, 1L,
1L, 0L, 0L, 1L, 0L, 0L, 0L, 0L, 1L, 1L, 0L, 0L, 0L, 0L, 0L, 1L, 0L, 1L, 0L,
1L, 0L, 0L, 1L, 1L, 0L, 0L, 1L, 0L, 1L, 1L, 0L, 0L, 0L, 0L, 0L, 0L, 1L, 1L,
1L, 0L, 0L, 0L, 0L, 0L, 0L, 1L, 0L, 1L, 1L, 0L, 0L, 0L, 1L, 0L, 0L, 1L, 1L,
1L, 1L, 0L, 0L, 0L, 1L, 0L, 1L, 0L, 0L, 1L, 0L, 0L, 0L, 1L, 1L, 1L, 0L, 1L,
1L, 1L, 0L, 0L, 1L, 0L, 1L, 1L, 1L, 1L, 0L, 1L, 0L, 1L, 1L, 0L, 1L, 1L, 1L,
1L, 0L, 1L, 1L, 0L, 0L, 1L, 0L, 1L, 1L, 1L, 0L, 1L, 1L, 0L, 0L, 1L, 0L, 0L,
1L, 0L, 1L, 1L, 1L, 0L, 0L, 1L, 1L, 1L, 1L, 0L, 0L, 1L, 1L, 1L, 0L, 1L, 1L,
0L, 1L, 1L, 0L, 1L, 0L, 0L, 1L, 1L, 1L, 0L, 1L, 0L, 1L, 1L, 1L, 1L, 0L, 0L,
1L, 0L, 1L, 1L, 1L, 0L, 0L, 1L, 1L, 0L, 0L, 0L, 1L, 1L, 1L, 0L, 1L, 0L, 0L,
1L, 0L, 0L, 1L, 0L, 1L, 0L, 0L, 1L, 0L, 0L, 1L, 1L, 0L, 0L, 1L, 0L, 1L, 1L,
1L, 0L, 0L, 1L, 0L, 1L, 0L, 1L, 1L, 1L, 1L, 1L, 1L, 1L, 1L, 1L, 1L, 0L, 0L,
1L, 0L, 0L, 1L, 0L, 1L, 1L, 1L, 1L, 1L, 0L, 1L, 1L, 1L),
MaternalAntibiotics_Mat.Abx = c(1L, 0L, 1L, 0L, 0L, 1L, 1L, 1L, 1L, 1L, 1L,
1L, 1L, 1L, 1L, 1L, 0L, 1L, 1L, 0L, 1L, 1L, 1L, 0L, 1L, 1L, 1L, 1L, 1L, 0L,
1L, 1L, 1L, 1L, 1L, 0L, 1L, 1L, 1L, 1L, 0L, 0L, 1L, 1L, 1L, 1L, 1L, 1L, 1L,
0L, 1L, 1L, 1L, 1L, 1L, 1L, 0L, 0L, 1L, 1L, 1L, 0L, 1L, 1L, 0L, 1L, 1L, 1L,
1L, 1L, 1L, 1L, 1L, 1L, 1L, 0L, 1L, 1L, 0L, 0L, 1L, 0L, 0L, 1L, 1L, 1L, 0L,
0L, 1L, 1L, 1L, 1L, 0L, 0L, 0L, 1L, 0L, 1L, 1L, 1L, 0L, 1L, 0L, 1L, 1L, 1L,
0L, 1L, 1L, 1L, 1L, 1L, 1L, 1L, 0L, 1L, 1L, 1L, 1L, 0L, 1L, 1L, 1L, 1L, 1L,
1L, 1L, 1L, 1L, 0L, 1L, 1L, 1L, 1L, 0L, 1L, 0L, 1L, 1L, 1L, 1L, 1L, 0L, 1L,
1L, 1L, 1L, 1L, 1L, 1L, 1L, 0L, 1L, 0L, 1L, 1L, 1L, 0L, 1L, 1L, 1L, 0L, 1L,
0L, 0L, 1L, 0L, 1L, 1L, 1L, 1L, 1L, 1L, 1L, 0L, 1L, 1L, 1L, 1L, 1L, 1L, 1L,
1L, 1L, 1L, 0L, 0L, 0L, 1L, 1L, 0L, 1L, 1L, 1L, 1L, 1L, 0L, 1L, 1L, 1L, 0L,
1L, 1L, 1L, 1L, 0L, 1L, 1L, 1L, 1L, 1L, 1L, 1L, 1L, 1L, 1L, 1L, 1L, 1L, 1L,
1L, 1L, 0L, 0L, 1L, 1L, 1L, 0L, 1L, 0L, 1L, 1L, 1L, 1L, 1L, 1L, 0L, 1L, 1L,
0L, 1L, 1L, 1L, 1L, 1L, 1L, 0L, 0L, 1L, 1L, 0L, 1L, 1L, 1L, 1L, 1L, 1L, 0L,
0L, 1L, 0L, 1L, 1L, 1L, 1L, 1L, 1L, 1L, 1L, 1L, 0L, 1L, 1L, 0L, 1L, 0L, 0L,
1L, 1L, 0L, 1L, 1L, 1L, 1L, 1L, 1L, 1L, 1L, 1L, 1L, 1L, 1L, 1L, 1L, 0L, 1L,
1L, 1L, 1L, 1L, 1L, 1L, 1L, 1L, 1L, 1L, 1L, 1L, 1L, 1L, 1L, 0L, 1L, 1L, 1L,
1L, 1L, 1L, 1L, 1L, 0L, 0L, 1L, 1L, 1L, 1L, 1L, 1L, 0L, 1L, 1L, 1L, 1L, 1L,
0L, 1L, 1L, 1L, 1L, 1L, 1L, 1L, 0L, 1L, 1L, 1L, 1L, 1L, 1L, 0L, 1L, 1L, 0L,
0L, 1L, 1L, 0L, 1L, 0L, 0L, 1L, 1L, 1L, 1L, 1L, 1L, 1L, 1L, 1L, 1L, 1L, 1L,
1L, 1L, 1L, 1L, 0L, 1L, 1L, 1L, 1L, 0L, 0L, 1L, 1L, 1L, 1L, 0L, 0L, 1L, 1L,
0L, 1L, 1L, 1L, 1L, 1L, 1L, 1L, 0L, 1L, 0L, 0L, 1L, 1L, 1L, 1L, 1L, 1L, 1L,
0L, 0L, 1L, 0L, 1L, 0L, 0L, 1L, 0L, 1L, 1L, 1L, 1L, 1L, 1L, 1L, 1L, 1L, 0L,
1L, 1L, 1L, 0L, 0L, 1L, 1L, 1L, 1L, 1L, 0L, 1L, 1L, 0L, 1L, 1L, 1L, 1L, 1L,
1L, 1L, 1L, 1L, 1L, 1L, 0L, 0L, 1L, 1L, 1L, 1L, 0L, 1L, 1L, 1L, 0L, 1L, 1L,
1L, 1L, 0L, 1L, 0L, 1L, 1L, 1L, 1L, 1L, 1L, 1L, 1L, 0L, 0L, 0L, 1L, 1L, 1L,
1L, 1L, 1L, 1L, 1L, 0L, 1L, 1L, 0L, 1L, 1L, 1L, 1L, 1L, 1L, 1L, 1L, 0L, 1L,
0L, 1L, 1L, 1L, 1L, 0L, 1L, 1L, 1L, 1L, 0L, 1L, 0L, 0L, 1L, 1L, 1L, 1L, 1L,
1L, 1L, 1L, 1L, 1L, 1L, 1L, 0L, 0L, 1L, 1L, 0L),
MaternalAntibiotics_None.Mat.Abx = c(0L, 1L, 0L, 1L, 1L, 0L, 0L, 0L, 0L,
0L, 0L, 0L, 0L, 0L, 0L, 0L, 1L, 0L, 0L, 1L, 0L, 0L, 0L, 1L, 0L, 0L, 0L, 0L,
0L, 1L, 0L, 0L, 0L, 0L, 0L, 1L, 0L, 0L, 0L, 0L, 1L, 1L, 0L, 0L, 0L, 0L, 0L,
0L, 0L, 1L, 0L, 0L, 0L, 0L, 0L, 0L, 1L, 1L, 0L, 0L, 0L, 1L, 0L, 0L, 1L, 0L,
0L, 0L, 0L, 0L, 0L, 0L, 0L, 0L, 0L, 1L, 0L, 0L, 1L, 1L, 0L, 1L, 1L, 0L, 0L,
0L, 1L, 1L, 0L, 0L, 0L, 0L, 1L, 1L, 1L, 0L, 1L, 0L, 0L, 0L, 1L, 0L, 1L, 0L,
0L, 0L, 1L, 0L, 0L, 0L, 0L, 0L, 0L, 0L, 1L, 0L, 0L, 0L, 0L, 1L, 0L, 0L, 0L,
0L, 0L, 0L, 0L, 0L, 0L, 1L, 0L, 0L, 0L, 0L, 1L, 0L, 1L, 0L, 0L, 0L, 0L, 0L,
1L, 0L, 0L, 0L, 0L, 0L, 0L, 0L, 0L, 1L, 0L, 1L, 0L, 0L, 0L, 1L, 0L, 0L, 0L,
1L, 0L, 1L, 1L, 0L, 1L, 0L, 0L, 0L, 0L, 0L, 0L, 0L, 1L, 0L, 0L, 0L, 0L, 0L,
0L, 0L, 0L, 0L, 0L, 1L, 1L, 1L, 0L, 0L, 1L, 0L, 0L, 0L, 0L, 0L, 1L, 0L, 0L,
0L, 1L, 0L, 0L, 0L, 0L, 1L, 0L, 0L, 0L, 0L, 0L, 0L, 0L, 0L, 0L, 0L, 0L, 0L,
0L, 0L, 0L, 0L, 1L, 1L, 0L, 0L, 0L, 1L, 0L, 1L, 0L, 0L, 0L, 0L, 0L, 0L, 1L,
0L, 0L, 1L, 0L, 0L, 0L, 0L, 0L, 0L, 1L, 1L, 0L, 0L, 1L, 0L, 0L, 0L, 0L, 0L,
0L, 1L, 1L, 0L, 1L, 0L, 0L, 0L, 0L, 0L, 0L, 0L, 0L, 0L, 1L, 0L, 0L, 1L, 0L,
1L, 1L, 0L, 0L, 1L, 0L, 0L, 0L, 0L, 0L, 0L, 0L, 0L, 0L, 0L, 0L, 0L, 0L, 0L,
1L, 0L, 0L, 0L, 0L, 0L, 0L, 0L, 0L, 0L, 0L, 0L, 0L, 0L, 0L, 0L, 0L, 1L, 0L,
0L, 0L, 0L, 0L, 0L, 0L, 0L, 1L, 1L, 0L, 0L, 0L, 0L, 0L, 0L, 1L, 0L, 0L, 0L,
0L, 0L, 1L, 0L, 0L, 0L, 0L, 0L, 0L, 0L, 1L, 0L, 0L, 0L, 0L, 0L, 0L, 1L, 0L,
0L, 1L, 1L, 0L, 0L, 1L, 0L, 1L, 1L, 0L, 0L, 0L, 0L, 0L, 0L, 0L, 0L, 0L, 0L,
0L, 0L, 0L, 0L, 0L, 0L, 1L, 0L, 0L, 0L, 0L, 1L, 1L, 0L, 0L, 0L, 0L, 1L, 1L,
0L, 0L, 1L, 0L, 0L, 0L, 0L, 0L, 0L, 0L, 1L, 0L, 1L, 1L, 0L, 0L, 0L, 0L, 0L,
0L, 0L, 1L, 1L, 0L, 1L, 0L, 1L, 1L, 0L, 1L, 0L, 0L, 0L, 0L, 0L, 0L, 0L, 0L,
0L, 1L, 0L, 0L, 0L, 1L, 1L, 0L, 0L, 0L, 0L, 0L, 1L, 0L, 0L, 1L, 0L, 0L, 0L,
0L, 0L, 0L, 0L, 0L, 0L, 0L, 0L, 1L, 1L, 0L, 0L, 0L, 0L, 1L, 0L, 0L, 0L, 1L,
0L, 0L, 0L, 0L, 1L, 0L, 1L, 0L, 0L, 0L, 0L, 0L, 0L, 0L, 0L, 1L, 1L, 1L, 0L,
0L, 0L, 0L, 0L, 0L, 0L, 0L, 1L, 0L, 0L, 1L, 0L, 0L, 0L, 0L, 0L, 0L, 0L, 0L,
1L, 0L, 1L, 0L, 0L, 0L, 0L, 1L, 0L, 0L, 0L, 0L, 1L, 0L, 1L, 1L, 0L, 0L, 0L,
0L, 0L, 0L, 0L, 0L, 0L, 0L, 0L, 0L, 1L, 1L, 0L, 0L, 1L), AnyMilk_Donor =
c(0L, 0L, 0L, 0L, 0L, 0L, 1L, 0L, 0L, 0L, 1L, 0L, 0L, 1L, 0L, 0L, 0L, 0L,
0L, 0L, 0L, 0L, 1L, 0L, 0L, 0L, 0L, 0L, 0L, 0L, 1L, 0L, 0L, 0L, 0L, 0L, 0L,
0L, 0L, 0L, 0L, 0L, 0L, 0L, 0L, 1L, 0L, 0L, 0L, 0L, 0L, 0L, 0L, 0L, 0L, 0L,
0L, 0L, 0L, 0L, 0L, 0L, 0L, 0L, 0L, 0L, 0L, 0L, 0L, 0L, 0L, 0L, 0L, 0L, 0L,
0L, 0L, 0L, 0L, 0L, 0L, 0L, 0L, 0L, 0L, 0L, 0L, 0L, 0L, 0L, 0L, 0L, 0L, 0L,
0L, 0L, 0L, 0L, 0L, 0L, 0L, 0L, 0L, 0L, 0L, 0L, 0L, 0L, 1L, 0L, 0L, 0L, 0L,
0L, 0L, 0L, 0L, 0L, 0L, 0L, 0L, 1L, 0L, 0L, 0L, 0L, 1L, 0L, 1L, 1L, 0L, 0L,
0L, 0L, 1L, 0L, 0L, 0L, 0L, 0L, 0L, 0L, 0L, 0L, 0L, 0L, 0L, 0L, 0L, 0L, 0L,
0L, 0L, 0L, 0L, 0L, 0L, 0L, 0L, 0L, 0L, 0L, 0L, 0L, 0L, 0L, 0L, 0L, 0L, 0L,
0L, 0L, 0L, 0L, 0L, 0L, 0L, 0L, 0L, 0L, 0L, 0L, 0L, 0L, 0L, 0L, 0L, 0L, 0L,
0L, 0L, 0L, 0L, 0L, 0L, 0L, 0L, 0L, 0L, 1L, 0L, 0L, 0L, 0L, 0L, 0L, 1L, 0L,
0L, 0L, 0L, 0L, 0L, 0L, 0L, 0L, 0L, 0L, 1L, 0L, 0L, 0L, 0L, 0L, 0L, 1L, 0L,
0L, 0L, 0L, 0L, 0L, 0L, 0L, 1L, 0L, 0L, 1L, 0L, 0L, 0L, 0L, 0L, 0L, 0L, 0L,
0L, 0L, 0L, 0L, 0L, 0L, 0L, 1L, 0L, 1L, 0L, 0L, 0L, 0L, 0L, 0L, 0L, 1L, 1L,
0L, 0L, 0L, 0L, 0L, 0L, 1L, 1L, 0L, 0L, 0L, 0L, 0L, 0L, 0L, 0L, 0L, 0L, 0L,
1L, 1L, 0L, 0L, 0L, 1L, 0L, 0L, 0L, 0L, 0L, 0L, 0L, 0L, 0L, 0L, 0L, 0L, 0L,
1L, 0L, 0L, 0L, 0L, 0L, 0L, 0L, 0L, 0L, 0L, 0L, 0L, 0L, 0L, 0L, 0L, 0L, 0L,
0L, 1L, 0L, 0L, 0L, 0L, 0L, 0L, 0L, 0L, 0L, 0L, 1L, 0L, 0L, 0L, 0L, 0L, 0L,
0L, 0L, 0L, 0L, 0L, 0L, 0L, 0L, 0L, 0L, 1L, 0L, 0L, 0L, 0L, 0L, 0L, 0L, 0L,
0L, 0L, 0L, 0L, 0L, 0L, 0L, 0L, 0L, 1L, 0L, 1L, 0L, 0L, 0L, 0L, 0L, 0L, 0L,
0L, 0L, 0L, 0L, 0L, 0L, 0L, 0L, 1L, 0L, 0L, 0L, 0L, 0L, 0L, 0L, 1L, 1L, 0L,
0L, 0L, 0L, 1L, 0L, 0L, 0L, 0L, 0L, 0L, 0L, 0L, 0L, 0L, 0L, 0L, 0L, 0L, 0L,
0L, 0L, 0L, 0L, 0L, 0L, 0L, 0L, 0L, 0L, 0L, 0L, 0L, 0L, 0L, 0L, 0L, 0L, 0L,
0L, 0L, 0L, 0L, 0L, 0L, 0L, 0L, 1L, 0L, 0L, 0L, 0L, 0L, 0L, 0L, 0L, 1L, 0L,
0L, 0L, 0L, 0L, 0L, 0L, 0L, 0L, 0L, 0L, 0L, 0L, 0L, 0L, 0L, 0L, 0L, 1L, 0L,
0L, 0L, 0L, 0L, 0L, 1L, 0L, 0L, 0L, 0L, 1L, 0L, 0L, 0L, 0L, 0L, 0L, 0L, 0L,
0L, 0L, 0L, 0L, 0L, 0L, 0L, 0L, 0L, 0L, 0L, 0L, 0L, 0L, 0L, 0L, 0L, 0L, 0L,
0L, 0L, 0L, 0L, 1L, 0L, 0L, 0L, 0L, 0L, 0L, 0L, 0L, 0L, 0L, 0L, 0L, 0L, 1L,
0L, 0L, 0L, 0L, 0L), AnyMilk_Mother = c(1L, 0L, 1L, 1L, 1L, 0L, 0L, 0L, 1L,
1L, 0L, 1L, 0L, 0L, 1L, 0L, 0L, 1L, 1L, 0L, 1L, 1L, 0L, 1L, 1L, 1L, 1L, 1L,
1L, 1L, 0L, 1L, 1L, 1L, 0L, 1L, 1L, 1L, 1L, 1L, 1L, 0L, 1L, 1L, 1L, 0L, 1L,
1L, 1L, 0L, 1L, 1L, 1L, 1L, 1L, 1L, 1L, 1L, 1L, 1L, 1L, 1L, 1L, 1L, 1L, 1L,
1L, 1L, 1L, 1L, 1L, 1L, 1L, 1L, 1L, 1L, 0L, 1L, 1L, 1L, 1L, 1L, 1L, 1L, 1L,
1L, 1L, 1L, 1L, 1L, 0L, 1L, 1L, 1L, 0L, 1L, 0L, 1L, 1L, 1L, 1L, 1L, 1L, 1L,
1L, 0L, 1L, 1L, 0L, 1L, 0L, 1L, 1L, 1L, 1L, 1L, 1L, 1L, 1L, 1L, 1L, 0L, 1L,
0L, 1L, 0L, 0L, 1L, 0L, 0L, 1L, 0L, 0L, 1L, 0L, 1L, 1L, 1L, 1L, 1L, 1L, 1L,
1L, 1L, 1L, 1L, 1L, 1L, 1L, 1L, 1L, 1L, 1L, 1L, 0L, 1L, 1L, 1L, 1L, 1L, 1L,
0L, 1L, 1L, 0L, 0L, 0L, 1L, 1L, 1L, 1L, 1L, 1L, 1L, 1L, 1L, 1L, 0L, 1L, 1L,
1L, 1L, 1L, 1L, 1L, 1L, 1L, 1L, 1L, 1L, 1L, 1L, 1L, 1L, 1L, 1L, 1L, 1L, 1L,
0L, 1L, 1L, 1L, 1L, 1L, 1L, 0L, 1L, 1L, 1L, 1L, 1L, 1L, 1L, 0L, 1L, 0L, 1L,
0L, 1L, 1L, 1L, 1L, 1L, 1L, 0L, 1L, 1L, 1L, 1L, 1L, 1L, 1L, 1L, 0L, 1L, 0L,
0L, 1L, 1L, 1L, 1L, 1L, 1L, 1L, 1L, 0L, 1L, 1L, 1L, 0L, 1L, 0L, 0L, 1L, 0L,
1L, 1L, 0L, 0L, 1L, 1L, 1L, 0L, 0L, 1L, 0L, 1L, 1L, 1L, 1L, 0L, 0L, 1L, 1L,
0L, 1L, 1L, 1L, 1L, 1L, 1L, 1L, 1L, 0L, 0L, 1L, 1L, 1L, 0L, 1L, 1L, 1L, 1L,
1L, 1L, 0L, 0L, 1L, 1L, 1L, 1L, 0L, 0L, 1L, 1L, 1L, 0L, 0L, 1L, 1L, 0L, 1L,
0L, 1L, 1L, 1L, 1L, 0L, 1L, 1L, 1L, 1L, 0L, 1L, 1L, 0L, 1L, 1L, 1L, 1L, 0L,
1L, 1L, 0L, 1L, 1L, 1L, 1L, 1L, 1L, 1L, 1L, 1L, 0L, 1L, 1L, 1L, 0L, 1L, 1L,
0L, 1L, 0L, 0L, 1L, 1L, 1L, 1L, 1L, 1L, 1L, 1L, 1L, 1L, 1L, 1L, 1L, 1L, 0L,
1L, 0L, 1L, 1L, 1L, 1L, 1L, 1L, 1L, 1L, 1L, 1L, 0L, 1L, 1L, 1L, 1L, 0L, 1L,
1L, 1L, 1L, 1L, 1L, 1L, 0L, 0L, 1L, 1L, 0L, 1L, 0L, 1L, 0L, 0L, 1L, 0L, 1L,
1L, 0L, 1L, 1L, 1L, 1L, 1L, 1L, 0L, 1L, 1L, 1L, 1L, 1L, 1L, 0L, 1L, 1L, 1L,
1L, 1L, 1L, 1L, 0L, 1L, 0L, 1L, 1L, 1L, 1L, 0L, 1L, 1L, 0L, 1L, 1L, 0L, 0L,
1L, 1L, 1L, 1L, 1L, 1L, 1L, 0L, 1L, 1L, 1L, 1L, 1L, 1L, 1L, 1L, 1L, 1L, 0L,
1L, 1L, 1L, 1L, 1L, 1L, 1L, 0L, 1L, 1L, 1L, 0L, 1L, 1L, 0L, 0L, 1L, 1L, 1L,
0L, 1L, 1L, 1L, 1L, 1L, 1L, 1L, 1L, 1L, 1L, 1L, 1L, 1L, 1L, 1L, 1L, 1L, 1L,
1L, 1L, 1L, 1L, 1L, 1L, 1L, 1L, 1L, 1L, 1L, 1L, 0L, 0L, 1L, 1L, 1L, 1L, 1L,
1L, 1L, 1L, 1L, 1L, 1L, 1L, 1L, 0L, 1L, 1L, 1L, 1L, 1L), AnyMilk_No.Milk =
c(0L, 1L, 0L, 0L, 0L, 1L, 0L, 1L, 0L, 0L, 0L, 0L, 1L, 0L, 0L, 1L, 1L, 0L,
0L, 1L, 0L, 0L, 0L, 0L, 0L, 0L, 0L, 0L, 0L, 0L, 0L, 0L, 0L, 0L, 1L, 0L, 0L,
0L, 0L, 0L, 0L, 1L, 0L, 0L, 0L, 0L, 0L, 0L, 0L, 1L, 0L, 0L, 0L, 0L, 0L, 0L,
0L, 0L, 0L, 0L, 0L, 0L, 0L, 0L, 0L, 0L, 0L, 0L, 0L, 0L, 0L, 0L, 0L, 0L, 0L,
0L, 1L, 0L, 0L, 0L, 0L, 0L, 0L, 0L, 0L, 0L, 0L, 0L, 0L, 0L, 1L, 0L, 0L, 0L,
1L, 0L, 1L, 0L, 0L, 0L, 0L, 0L, 0L, 0L, 0L, 1L, 0L, 0L, 0L, 0L, 1L, 0L, 0L,
0L, 0L, 0L, 0L, 0L, 0L, 0L, 0L, 0L, 0L, 1L, 0L, 1L, 0L, 0L, 0L, 0L, 0L, 1L,
1L, 0L, 0L, 0L, 0L, 0L, 0L, 0L, 0L, 0L, 0L, 0L, 0L, 0L, 0L, 0L, 0L, 0L, 0L,
0L, 0L, 0L, 1L, 0L, 0L, 0L, 0L, 0L, 0L, 1L, 0L, 0L, 1L, 1L, 1L, 0L, 0L, 0L,
0L, 0L, 0L, 0L, 0L, 0L, 0L, 1L, 0L, 0L, 0L, 0L, 0L, 0L, 0L, 0L, 0L, 0L, 0L,
0L, 0L, 0L, 0L, 0L, 0L, 0L, 0L, 0L, 0L, 0L, 0L, 0L, 0L, 0L, 0L, 0L, 0L, 0L,
0L, 0L, 0L, 0L, 0L, 0L, 1L, 0L, 1L, 0L, 0L, 0L, 0L, 0L, 0L, 0L, 0L, 0L, 0L,
0L, 0L, 0L, 0L, 0L, 0L, 0L, 0L, 0L, 1L, 0L, 0L, 0L, 0L, 0L, 0L, 0L, 0L, 0L,
1L, 0L, 0L, 0L, 1L, 0L, 1L, 0L, 0L, 0L, 0L, 0L, 1L, 1L, 0L, 0L, 0L, 0L, 0L,
0L, 1L, 0L, 0L, 0L, 0L, 0L, 0L, 0L, 0L, 1L, 0L, 0L, 0L, 0L, 0L, 0L, 0L, 0L,
0L, 0L, 0L, 0L, 0L, 0L, 0L, 0L, 0L, 0L, 0L, 0L, 1L, 1L, 0L, 0L, 0L, 0L, 1L,
0L, 0L, 0L, 0L, 1L, 1L, 0L, 0L, 1L, 0L, 1L, 0L, 0L, 0L, 0L, 1L, 0L, 0L, 0L,
0L, 0L, 0L, 0L, 1L, 0L, 0L, 0L, 0L, 1L, 0L, 0L, 0L, 0L, 0L, 0L, 0L, 0L, 0L,
0L, 0L, 0L, 1L, 0L, 0L, 0L, 1L, 0L, 0L, 0L, 0L, 1L, 1L, 0L, 0L, 0L, 0L, 0L,
0L, 0L, 0L, 0L, 0L, 0L, 0L, 0L, 0L, 0L, 0L, 0L, 0L, 0L, 0L, 0L, 0L, 0L, 0L,
0L, 0L, 0L, 1L, 0L, 0L, 0L, 0L, 0L, 0L, 0L, 0L, 0L, 0L, 0L, 0L, 0L, 0L, 0L,
0L, 1L, 0L, 0L, 0L, 1L, 1L, 0L, 1L, 0L, 0L, 1L, 0L, 0L, 0L, 0L, 0L, 0L, 1L,
0L, 0L, 0L, 0L, 0L, 0L, 1L, 0L, 0L, 0L, 0L, 0L, 0L, 0L, 1L, 0L, 1L, 0L, 0L,
0L, 0L, 1L, 0L, 0L, 1L, 0L, 0L, 0L, 1L, 0L, 0L, 0L, 0L, 0L, 0L, 0L, 0L, 0L,
0L, 0L, 0L, 0L, 0L, 0L, 0L, 0L, 0L, 1L, 0L, 0L, 0L, 0L, 0L, 0L, 0L, 0L, 0L,
0L, 0L, 1L, 0L, 0L, 0L, 1L, 0L, 0L, 0L, 0L, 0L, 0L, 0L, 0L, 0L, 0L, 0L, 0L,
0L, 0L, 0L, 0L, 0L, 0L, 0L, 0L, 0L, 0L, 0L, 0L, 0L, 0L, 0L, 0L, 0L, 0L, 0L,
0L, 0L, 0L, 1L, 0L, 0L, 0L, 0L, 0L, 0L, 0L, 0L, 0L, 0L, 0L, 0L, 0L, 0L, 0L,
0L, 0L, 0L, 0L, 0L)), class = "data.frame", row.names = c("N53_1_3",
"N38_2_4", "N24_1_4", "ZJH_N22_2_4", "ZJH_N50_1_4", "ZJH_N49_2_4",
"N58_1_3", "ZJH_N21_1_2", "N29_2_4", "N67_2_3", "N20_1_4", "N51_2_2",
"ZJH_N48_1_3", "N17_1_2", "N53_2_4", "ZJH_N47_1_4", "N38_2_3", "N07_2_3",
"N51_1_3", "ZJH_N31_2_2", "ZJH_N27_2_2", "ZJH_N18_2_4", "N20_1_3",
"ZJH_N50_2_2", "N13_2_2", "N25_2_4", "ZJH_N16_1_2", "N22_1_4", "N52_1_3",
"ZJH_N54_2_4", "N46_2_4", "N55_1_2", "N68_2_2", "N22_1_2", "N11_2_2",
"ZJH_N50_2_3", "ZJH_N36_2_3", "N52_1_4", "N21_1_3", "N22_2_3",
"ZJH_N58_1_3", "N38_1_4", "N50_2_2", "N63_1_3", "N23_2_4", "N10_2_3",
"ZJH_N43_2_3", "ZJH_N18_1_2", "N53_1_2", "N38_1_3", "N29_1_4", "N18_1_2",
"N15_2_3", "N52_2_2", "ZJH_N25_2_2", "N41_1_4", "ZJH_N13_1_2", "N31_2_2",
"ZJH_N16_1_3", "N43_1_4", "N54_1_4", "ZJH_N55_1_3", "N01_1_3",
"ZJH_N36_1_2", "ZJH_N13_2_2", "N01_2_3", "N36_2_2", "N61_1_4", "N29_2_3",
"ZJH_N16_2_3", "N22_2_4", "ZJH_N10_1_2", "N64_1_2", "N44_2_2",
"ZJH_N23_1_3", "ZJH_N53_1_4", "ZJH_N48_2_4", "N08_1_2", "N05_1_2",
"N31_1_2", "N66_2_3", "ZJH_N55_1_2", "ZJH_N56_2_3", "N14_1_3", "N37_1_3",
"N19_2_2", "ZJH_N30_2_4", "N31_1_4", "N44_1_2", "N57_2_3", "ZJH_N47_2_2",
"N19_1_4", "ZJH_N58_2_4", "ZJH_N29_1_2", "ZJH_N28_1_4", "N33_2_3",
"ZJH_N31_2_3", "ZJH_N32_2_2", "N55_1_4", "N50_2_3", "N42_1_2", "N45_1_4",
"N06_1_2", "N48_2_3", "N16_1_4", "ZJH_N49_2_2", "N32_1_2", "N39_1_4",
"N49_2_2", "N61_2_2", "ZJH_N15_1_4", "N25_1_2", "N68_2_4", "ZJH_N33_2_2",
"ZJH_N54_1_3", "ZJH_N36_2_2", "ZJH_N12_1_4", "N15_2_2", "N67_1_4",
"ZJH_N52_2_2", "N15_1_2", "N17_1_3", "N55_2_4", "ZJH_N14_1_3", "N22_1_3",
"ZJH_N19_2_2", "N10_2_2", "N68_1_3", "N46_2_2", "N30_2_2", "N14_2_2",
"ZJH_N17_1_2", "N11_1_4", "N16_2_3", "N30_1_4", "ZJH_N12_2_2",
"ZJH_N59_1_4", "N25_2_2", "ZJH_N27_2_3", "ZJH_N25_1_4", "N55_2_3",
"N09_1_2", "N32_1_3", "N23_2_3", "ZJH_N24_2_2", "N54_2_2", "N44_2_3",
"N52_2_3", "N64_2_2", "N37_1_4", "ZJH_N38_1_2", "ZJH_N59_2_4", "N34_2_3",
"ZJH_N55_1_4", "ZJH_N21_2_2", "N22_2_2", "N24_2_4", "ZJH_N55_2_4",
"N64_2_3", "N36_1_2", "N39_2_4", "ZJH_N28_2_2", "N28_1_2", "N42_2_2",
"ZJH_N40_1_2", "ZJH_N15_1_2", "ZJH_N57_1_2", "N62_2_3", "N62_2_4",
"N51_2_3", "N16_2_2", "N66_1_3", "N64_1_3", "N41_1_2", "N42_1_4",
"N63_1_4", "N65_2_3", "N11_1_3", "N36_2_3", "N67_1_2", "N13_1_3",
"N35_1_2", "N21_2_4", "N43_2_2", "ZJH_N11_1_4", "ZJH_N39_2_2", "N04_1_3",
"N03_2_3", "ZJH_N36_1_4", "ZJH_N12_1_3", "N06_1_4", "N62_1_2", "N12_1_3",
"N41_2_2", "N07_1_3", "N16_1_3", "N42_2_3", "N16_2_4", "ZJH_N25_2_4",
"N49_2_3", "ZJH_N39_2_3", "N40_2_2", "ZJH_N20_2_4", "ZJH_N46_2_2",
"N18_2_2", "N03_2_2", "N47_1_2", "ZJH_N11_2_3", "ZJH_N24_2_4", "N02_1_4",
"N02_1_2", "N53_2_2", "N57_1_4", "N57_2_4", "ZJH_N34_1_2", "N07_2_4",
"ZJH_N17_2_2", "N65_2_2", "N47_2_3", "N23_2_2", "N60_2_4", "ZJH_N18_1_3",
"ZJH_N59_1_3", "ZJH_N56_2_4", "ZJH_N10_2_2", "N49_1_2", "N60_2_3",
"N32_2_3", "N27_1_3", "ZJH_N53_2_3", "N48_1_2", "N27_1_2", "ZJH_N36_2_4",
"N40_1_2", "N58_2_4", "N39_1_2", "ZJH_N51_1_2", "N58_2_3", "N67_2_2",
"ZJH_N50_1_3", "N08_2_2", "N07_1_4", "N41_1_3", "N44_2_4", "ZJH_N23_2_4",
"N52_2_4", "ZJH_N28_2_4", "ZJH_N30_1_3", "ZJH_N11_1_2", "N61_2_3",
"ZJH_N51_2_3", "N62_2_2", "N11_2_3", "N20_1_2", "N29_1_3", "N46_1_2",
"N57_2_2", "ZJH_N13_2_4", "ZJH_N31_1_4", "ZJH_N48_1_4", "ZJH_N53_2_2",
"N21_1_4", "N23_1_4", "N58_2_2", "N20_2_2", "N66_2_4", "ZJH_N49_1_4",
"N14_2_4", "N18_1_3", "N28_2_4", "N32_2_4", "N20_2_4", "N17_2_3",
"N04_2_3", "N27_2_4", "ZJH_N31_2_4", "ZJH_N30_2_3", "N45_2_4", "N14_1_4",
"ZJH_N58_1_4", "N68_1_4", "N08_2_4", "N60_1_2", "N08_2_3", "N47_2_4",
"N58_1_4", "N35_2_4", "ZJH_N10_2_3", "N14_1_2", "N46_2_3", "N25_1_4",
"N21_1_2", "N13_2_3", "ZJH_N46_1_2", "ZJH_N52_1_4", "N29_2_2",
"ZJH_N42_1_4", "ZJH_N17_2_4", "ZJH_N18_1_4", "N48_2_4", "ZJH_N32_1_2",
"ZJH_N16_2_2", "ZJH_N14_2_3", "N17_2_4", "N24_2_3", "N62_1_4",
"ZJH_N23_2_2", "ZJH_N14_2_4", "ZJH_N42_2_2", "N43_2_4", "N16_1_2",
"N38_2_2", "N60_1_4", "ZJH_N21_1_4", "ZJH_N11_2_2", "ZJH_N24_2_3",
"N45_1_3", "ZJH_N24_1_2", "ZJH_N14_1_4", "N34_2_2", "ZJH_N13_1_4",
"N05_2_3", "N07_1_2", "N58_1_2", "ZJH_N26_1_2", "ZJH_N12_1_2",
"ZJH_N17_1_4", "N13_1_4", "N05_2_2", "ZJH_N45_2_2", "N01_1_2",
"ZJH_N14_1_2", "N65_1_4", "ZJH_N24_1_4", "N30_1_3", "N14_2_3", "N19_1_3",
"N33_2_4", "N41_2_3", "N27_1_4", "ZJH_N23_1_2", "N67_1_3", "ZJH_N58_1_2",
"ZJH_N46_2_4", "ZJH_N19_2_4", "ZJH_N23_1_4", "ZJH_N25_1_2", "ZJH_N12_2_4",
"ZJH_N14_2_2", "N42_2_4", "N44_1_4", "N47_1_3", "ZJH_N53_2_4",
"ZJH_N28_1_2", "ZJH_N49_1_2", "N41_2_4", "ZJH_N22_1_4", "ZJH_N27_2_4",
"N04_1_4", "ZJH_N59_2_3", "N43_1_2", "N66_2_2", "N68_2_3", "N61_1_2",
"ZJH_N33_2_4", "N45_1_2", "N54_2_3", "N39_2_3", "N65_1_2", "N17_1_4",
"N01_1_4", "N10_2_4", "N57_1_3", "ZJH_N11_2_4", "N56_1_2", "N35_2_2",
"ZJH_N52_2_4", "N29_1_2", "ZJH_N27_1_4", "N09_2_4", "N01_2_4",
"ZJH_N55_2_3", "ZJH_N57_1_4", "N21_2_3", "N18_2_4", "N19_2_3", "N36_2_4",
"N30_1_2", "N04_2_4", "N40_2_4", "N19_1_2", "ZJH_N22_2_2", "N59_1_4",
"N28_1_4", "N61_1_3", "N46_1_3", "N17_2_2", "ZJH_N18_2_2", "N48_2_2",
"ZJH_N28_2_3", "N64_1_4", "N30_2_4", "N05_1_4", "N11_2_4", "ZJH_N47_2_3",
"N43_1_3", "ZJH_N21_2_4", "N08_1_3", "N15_2_4", "ZJH_N37_1_2", "N31_1_3",
"ZJH_N58_2_2", "N53_1_4", "ZJH_N39_1_4", "N02_2_2", "ZJH_N30_1_4",
"N38_1_2", "N15_1_4", "ZJH_N56_2_2", "N33_1_3", "N66_1_4", "N12_1_4",
"N34_2_4", "ZJH_N47_1_2", "N60_2_2", "ZJH_N41_1_4", "N54_1_2", "N37_2_4",
"ZJH_N22_2_3", "N27_2_3", "N63_2_2", "N11_1_2", "ZJH_N52_2_3",
"ZJH_N51_1_4", "N36_1_4", "N02_2_4", "N37_1_2", "N55_2_2", "ZJH_N19_1_2",
"ZJH_N29_1_4", "N43_2_3", "ZJH_N42_2_3", "N05_2_4", "N09_1_3", "N47_1_4",
"ZJH_N48_2_2", "N59_1_2", "N63_2_3", "N12_1_2", "N54_1_3", "N35_1_4",
"N61_2_4", "N21_2_2", "N49_2_4", "ZJH_N54_1_2", "ZJH_N54_2_2", "N13_1_2",
"N63_1_2", "ZJH_N10_2_4", "N24_1_2", "N06_1_3", "N45_2_3", "N48_1_4",
"N53_2_3", "ZJH_N51_2_4", "N28_2_3", "ZJH_N46_2_3", "N08_1_4",
"ZJH_N18_2_3", "N03_1_4", "ZJH_N38_1_3", "ZJH_N50_2_4", "N10_1_3",
"N48_1_3", "N56_1_4", "ZJH_N26_2_4", "ZJH_N17_2_3", "N07_2_2", "N65_1_3",
"N10_1_4", "ZJH_N51_1_3", "ZJH_N54_1_4", "ZJH_N55_2_2", "ZJH_N32_1_4",
"N47_2_2", "N68_1_2", "ZJH_N20_2_3", "N02_2_3", "N57_1_2", "N26_1_4",
"ZJH_N23_2_3", "ZJH_N39_2_4", "N18_1_4", "ZJH_N26_2_2", "N31_2_4",
"N25_1_3", "N63_2_4", "N54_2_4", "N13_2_4", "N40_2_3", "N39_1_3",
"N51_2_4", "N24_1_3", "N04_1_2", "N56_1_3", "ZJH_N13_2_3", "N50_1_3",
"ZJH_N35_1_2", "N45_2_2", "N59_1_3", "N04_2_2", "N15_1_3", "N67_2_4",
"N35_2_3", "N50_2_4", "ZJH_N31_1_2", "N10_1_2", "ZJH_N56_1_2", "N03_2_4",
"N01_2_2", "ZJH_N20_2_2", "ZJH_N16_2_4", "N19_2_4", "N09_2_2",
"ZJH_N33_1_2", "N40_1_4", "N39_2_2", "N65_2_4", "N66_1_2", "N51_1_2",
"N49_1_4", "N32_1_4", "ZJH_N22_1_3", "N64_2_4", "N40_1_3", "ZJH_N58_2_3"
)), scale = TRUE)

-- Model Summary --

              Inertia Proportion Rank
Total         14.0000     1.0000     
Constrained    2.4539     0.1753   10
Unconstrained 11.5461     0.8247   14

Inertia is correlations

-- Note --

Some constraints or conditions were aliased because they were redundant.
This can happen if terms are linearly dependent (collinear):
‘Location_Hangzhou’, ‘SampleType_Stool’, ‘SampleCollectionWeek_Week.3’,
‘`GestationCohort_33-36 Weeks`’, ‘PostNatalAntibiotics_No.Infant.Abx’,
‘MaternalAntibiotics_None.Mat.Abx’, ‘AnyMilk_No.Milk’

-- Eigenvalues --

Eigenvalues for constrained axes:
  RDA1   RDA2   RDA3   RDA4   RDA5   RDA6   RDA7   RDA8   RDA9  RDA10 
0.8062 0.8038 0.3467 0.2079 0.1429 0.0581 0.0460 0.0273 0.0086 0.0065 

Eigenvalues for unconstrained axes:
   PC1    PC2    PC3    PC4    PC5    PC6    PC7    PC8    PC9   PC10   PC11 
1.0000 1.0000 1.0000 1.0000 0.9935 0.9914 0.9727 0.9540 0.9419 0.8571 0.7921 
  PC12   PC13   PC14 
0.6533 0.1962 0.1938 

