sample_name	LHR_hdeD	LHR_hsp20A	LHR_hsp20B	LHR_kefB	LHR_psiE	LHR_trx	LHR_yfdX1	LHR_yfdX2	MerP_Gneg	SMR_efflux_emrE	aac(3)-XI	aac(6')-Ie	aac(6')_Entco	aacA-ENT1	aadA1	aadA21	aadA22	aadA25	aadE	acrB	acrF	acrR	ampD	ant(2'')-Ia	ant(4')-Ia	ant(9)-Ia	aph(2'')-Ia	aph(3'')-Ib	aph(3')-IIIa	aph(3')-Ia	aph(6)-Id	ariR	arnC	arsA	arsB_R773	arsB_pI258	arsB_pKW301	arsB_pYV	arsC_gluta	arsC_thio	arsD	arsH	arsR_R46	arsR_pKW301	arsR_pYV	aur	baeR	baeS	basR	blaACT	blaCTX-M	blaEC	blaI_of_Z	blaNDM	blaOXA-2_fam	blaR1	blaR1-2	blaSHV	blaTEM	blaZ	ble-MBL	bleO	cadD	cirA	clbB_Ec	clbN	clpK	clpL	cls	cmx	cpxA	crrB	cyaA	dfrB	dfrC	dfrG	dfrK	dltC	eat(A)	emrD	emrR	envZ	erm(33)	erm(A)	erm(B)	erm(C)	erm(X)	fabG	fabI	fdeC	fieF	folP	fosA5_fam	fosA_gen	fosB-Sepi	fosB_gen	fos_A3_A4	fos_A_A2	ftsI	fusA	fusE	gdpP	glpT	gshF	gyrA	gyrB	hld	hlgA	hlgB	hlgC	icaC	ileS	iroB	iroC	iroN	iss	iucA	iucB	iucC	iucD	iutA	kdeA	lamB	lapB	liaF	liaR	liaS	lmrS	lon	lpxM	lsa(A)	lukD	lukE	marR	mco	mdrA	mdtM	mecA	mecA-ceftar	mecA2	mecI_of_mecA	mecR1	mef(A)	mepA	merA	merD	merE	merR_Ps	merT	mgrB	mph(C)	mprF	mreE	msr(A)	msr(C)	msr(D)	mupA	murA	murG	ncrC	nfsA	nfsB	ompC	ompF	ompK35	ompK36	ompR	oqxA	oqxB	oqxR	parC	parE	pbp2	pbp2b	pbp2m	pbp2x	pbp4	pbp5	pcoA	pcoB	pcoC	pcoD	pcoE	pcoR	pcoS	pgsA	phoP	phoQ	pmrA	pmrB	ptsI	qacA	qacB	qacC	qacE	qacE_gen	qacR	ramR	rmtB	rplC	rplD	rpoB	rpoC	rpsJ	rpsL	rseA	sasG	sat4	sdeY	sei	sel26	selV	selX	sem	senB	seo	silA	silB	silC	silF	silP	silR	silS	soxR	soxS	splA	splB	sul1	sul2	terC	terD	tet(38)	tet(A)	tet(K)	tet(L)	tet(M)	tet(O/W)	tet(O/W/O)	tet(W)	tet(W/N/W)	tetAB_A	tetAB_B	tufA	uhpA	uhpT	vga(A)	walK	ybtP	ybtQ	yybT
N01_1_2	0.0	0.0	0.0	0.0	0.0	0.0	0.0	0.0	0.0	0.0	0.0	1.69592	0.0	0.0	0.0	0.0	0.0	0.0	0.0	0.0	0.0	0.0	0.0	0.0	10.4119875	0.0	1.69592	0.0	0.0	0.0	0.0	0.0	0.0	0.0	0.0	5.0714500000000005	0.0	0.0	0.0	1.10887	0.0	0.0	0.0	0.0	0.0	0.0	0.0	0.0	0.0	0.0	0.0	0.0	0.733811	0.0	0.0	10.534266666666667	10.8604	0.0	0.0	0.9845303750000001	0.0	3.7669	0.0	0.0	0.0	0.0	0.0	0.0	0.0	0.0	0.0	0.0	0.0	0.0	6.75106	0.0	0.0	0.0	0.0	0.0	0.0	0.0	0.0	0.0	0.0	76.24458	0.0	0.0	0.0	0.0	0.0	0.68489	0.0	0.0	1.0028774999999999	0.0	0.0	0.0	1.53285	14.6599	2.78848	9.37647	3.22877	0.0	8.5693	11.8388	0.114148	0.0	0.0	0.0	0.0	8.43067	0.0	0.0	0.0	0.0	0.0	0.0	0.0	0.0	0.0	0.0	0.0	0.0	0.0	0.0	0.0	0.0	0.0	0.0	0.0	0.0	0.0	0.0	0.0	0.0	0.0	8.033873333333332	8.07192	6.261855	0.0	0.0	2.6603561904761905	0.0	6.45754	0.0	0.0	0.0	0.0	0.0	0.0	0.0	0.0	0.0	0.0	3.5141400000000003	7.09351	3.44076	0.0	0.0	0.0	0.0	0.0	0.0	0.0	0.0	0.0	0.0	0.0	0.0	3.147235	3.815815	0.0	2.8781683333333334	0.0	5.35546	0.0	0.0	0.0	0.0	0.0	0.0	0.0	0.0	0.0	0.0	0.0	0.0	1.516545	0.0	0.0	38.6963	38.45985	0.342445	0.0	0.0	2.25035	0.0	0.0	2.03836	1.76115	18.75297	22.0306	1.1333285	1.01103	0.0	0.0	0.0	0.0	0.0	0.0	0.0	0.0	0.0	0.0	0.0	0.0	0.0	0.0	0.0	0.0	0.0	0.0	0.0	0.0	0.0	0.0	0.0	0.0	0.0	0.0	0.0	0.0	0.0	0.0	0.0	0.0	0.0	0.0	0.0	0.0	0.0	3.7832	0.0	5.4302	0.0	6.8326	0.0	0.0	0.0
N01_1_3	0.0	0.0	0.0	0.0	0.0	0.0	0.0	0.0	0.0	0.0	0.0	2.83474	0.0	0.0	0.0	0.0	0.0	0.0	0.0	0.0	0.0	0.0	0.0	0.0	10.3886575	0.0	2.83474	0.0	0.0	0.6684179166666667	0.0	0.0	0.0	0.0	0.0	7.344545	0.0	0.0	0.0	1.70728	0.0	0.0	0.0	0.0	0.0	0.0	0.0	0.0	0.0	0.0	0.0	0.0	2.27101	0.0	0.0	17.5775	18.4419	0.0	0.35929799999999995	3.1790125	0.0	4.9769	1.44958	0.0	0.0	0.0	0.0	0.0	0.0	0.0	0.0	0.0	0.0	0.0	11.4034	0.0	0.0	0.0	0.0	0.0	0.0	0.0	0.0	0.0	0.0	85.31482666666668	0.0	0.0	0.0	0.0	0.0	0.0	0.0	0.0	2.488445	0.0	0.0	0.0	0.0	17.5077	3.94608	10.4531	3.9944	0.0	17.1051	16.638	0.1288515	0.0	0.0	0.0	0.0	11.8382	0.0	0.0	0.0	0.0	0.0	0.0	0.0	0.0	0.0	0.0	0.0	0.0	0.0	0.0	0.0	0.0	0.0	0.0	0.0	0.0	0.0	0.0	0.0	0.0	0.0	13.231483333333331	13.2838	10.332249999999998	0.0	0.0	0.0	0.0	0.0	0.0	0.0	0.0	0.0	0.0	0.0	0.0	0.0	0.0	0.0	0.0	14.528	5.33124	0.0	0.0	0.0	0.0	0.0	0.0	0.0	0.0	0.0	0.0	0.0	0.0	0.0	8.13376	6.29762	0.0	0.0	0.0	0.0	0.0	0.0	0.0	0.0	0.0	0.0	0.0	0.0	0.0	0.0	0.0	0.0	0.0	0.0	50.99305	50.6387	0.418768	0.0	0.0	3.36625	0.0	0.0	3.2535	0.0	32.22095	29.201	2.04552	0.0	0.0	0.0	0.0	0.0	0.0	0.0	0.0	0.0	0.0	0.0	0.0	0.0	0.0	0.0	0.0	0.0	0.0	0.0	0.0	0.0	0.0	0.0	0.0	0.0	0.0	0.0	0.0	0.0	0.0	0.0	0.0	0.0	0.0	0.0	0.0	0.0	0.0	2.2388	0.0	7.28012	0.0	9.40617	0.0	0.0	0.0
N01_1_4	0.0	0.0	0.0	0.0	0.0	0.0	0.0	0.0	0.0	0.0	0.0	0.0	0.0	0.0	0.0	0.0	0.0	0.0	0.0	49.98126666666667	34.7908	0.0	3.99485	0.0	0.0	0.0	0.0	11.27655	0.0	0.0	13.927280000000001	0.0	0.0	25.96196666666667	31.0696	82.75635	32.9165	27.8135	8.4719575	0.0	3.9811699999999997	0.0	4.35056	3.92645	0.0	0.0	6.32062	11.154593333333333	0.0	7.037770387096774	0.0	0.0	2.18896	0.0	0.0	10.274423333333333	12.8328	0.0	0.0	11.81525	0.0	0.0	12.2855	0.0	0.0	0.0	0.0	3.74859	14.939649999999999	0.0	15.0901	0.0	28.5386	0.0	41.2893	18.6746	16.6087	0.0	0.0	9.508293333333333	4.51473	13.2022	0.0	0.0	0.0	0.0	3.07822625	7.03203	6.89522	0.0	8.694275000000001	6.47111	0.0	0.0	13.571549999999998	0.0	0.0	4.52841	18.05665	159.042	33.6553	95.4113	40.5915	17.8674	48.634455555555554	66.53983333333333	1.2791700000000001	0.0	0.0	0.0	0.0	108.655	0.0	0.0	0.0	0.0	0.0	0.0	0.0	0.0	0.0	10.4796	0.0	8.16756	4.40528	4.27531	8.57799	0.0	25.9665	0.0	6.6352875000000004	0.0	0.0	4.77467	21.7254	20.2205	0.0	80.75438333333334	80.96074999999999	64.41015	3.96065	48.3623	0.0	0.0	16.1208	4.7267875	3.064543333333333	0.0	0.0	0.0	92.69105	0.0	0.0	127.102	0.0	0.0	0.0	28.709600000000002	0.0	0.0	3.47497	4.28215	11.8614	0.0	0.0	11.8614	9.11155	9.148856363636362	23.994296	3.35185	29.228471428571428	39.478833333333334	68.8565	0.0	0.0	0.0	0.0	0.0	30.3581	12.4223	4.99357	26.5548	6.90891	14.2146	23.4082	14.4198	6.3343	8.57799	0.0	0.0	19.6049	184.3375	184.796	0.0	0.0	0.0	11.2184	0.0	0.0	26.2949	0.0	167.39514	210.8445	9.843485	8.577975	4.88412	0.0	0.0	0.0	0.0	0.0	0.0	0.0	0.0	0.0	0.0	49.9767	23.5997	20.4189	4.76099	36.8156	10.4386	23.9554	4.11114	5.014085	0.0	0.0	0.0	0.0	17.197	8.4275	0.0	0.0	0.0	0.0	0.0	0.0	0.0	0.0	0.0	0.0	0.0	40.4821	5.9786	42.3906	0.0	84.5212	0.0	0.0	15.0081
N01_2_3	0.0	2.95704	0.0	0.0	0.0	0.0	0.0	0.0	0.0	0.0	0.537643	0.0	0.0	0.0	0.0	0.0	0.0	0.0	0.0	35.88765	30.7284	6.21391	2.48143	0.0	1.1424925	0.0	0.0	2.50211	0.0	0.0	2.2663680000000004	0.0	6.32764	18.3557	23.3668	29.177500000000002	26.7167	21.2576	7.95608	5.41779	3.1328	0.0	3.74282	4.48725	0.0	7.65107	5.27304	5.9605999999999995	3.12246	1.104236	0.0	0.0	1.11664	0.0	0.0	5.603895	7.07207	2.019369655172414	0.0	5.054435714285715	0.0	0.516964	6.84461	8.25075	0.0	0.0	18.9416	0.0	6.420695	0.0	12.5933	12.4692	22.2915	0.0	11.9936	11.3732	9.973963333333332	0.0	0.0	9.305343333333333	5.87271	11.3732	0.0	0.0	0.0	6.796356	4.15639125	7.71311	4.83879	0.0	7.93023	6.217356666666666	1.6611766666666667	1.42682	6.06916	0.0	0.0	1.4475	16.68415	63.4625	10.939	30.3975	13.8753	7.25818	23.79351090909091	39.39953333333333	0.7754465	0.0	0.0	0.0	0.0	37.2628	0.0	0.0	0.0	0.0	0.0	0.0	0.0	0.0	0.0	8.00261	10.0911	6.57579	1.53021	1.643945	3.01907	11.8075	23.5942	5.52118	3.6962975	0.0	0.0	3.41196	0.0	15.7984	0.0	39.67183333333333	40.013025	29.4566	3.46366	23.5322	0.0	0.0	2.1367833333333333	0.625527	0.29983899999999997	0.0	0.0	1.30275	46.89554999999999	0.0	0.0	57.24242	0.0	0.0	0.0	12.08665	0.0	0.0	2.50211	0.0	13.834	0.0	7.36157	15.7157	6.61714	7.681150909090909	19.810077307692307	3.63943	17.514752857142856	19.7894	0.0	0.0	6.12086	0.0	0.0	0.0	29.3015	14.3509	5.72796	28.2676	5.97611	11.8488	29.3222	0.0	5.02489	7.91989	4.02198	2.80815	19.8307	88.78345	88.9179	0.0	0.0	0.0	4.36318	2.81229	0.0	8.95382	0.0	63.948483333333336	88.93870000000001	5.5935500000000005	7.19614	4.77675	0.0	0.0	28.4537	0.0	0.0	0.0	0.0	0.0	0.0	0.0	51.6758	31.0592	21.267899999999997	7.65107	29.4876	13.5651	27.9368	3.163825	6.007125	0.0	0.0	0.0	0.0	2.66754	1.40614	0.0	0.0	0.0	0.0	0.0	0.0	0.0	0.0	0.0	1.81971	1.69564	36.0221	4.96286	21.205849999999998	0.0	30.687	0.0	0.0	7.07207
N01_2_4	0.0	10.5955	0.0	0.0	0.0	0.0	0.0	0.0	0.0	0.0	0.0	0.0	0.0	0.0	0.0	0.0	0.0	0.0	0.0	93.5610475	92.2551	12.2054	9.01853	0.0	0.0	0.0	0.0	9.67562	0.0	0.0	11.52862	0.0	15.0309	57.068066666666674	78.4891	0.0	85.0436	71.1298	22.74345	0.0	9.544215	0.0	15.2444	17.3307	0.0	0.591379	7.063689999999999	16.5618866	3.69612	6.6360383333333335	0.0	0.0	0.0	0.0	0.0	0.0	0.0	6.2455135483870965	0.0	0.0	0.0	0.0	0.0	24.148	0.0	0.0	55.0968	0.0	9.26494	0.0	32.3944	15.3266	65.5609	0.0	0.0	0.0	0.0	0.0	0.0	25.440266666666663	11.6633	36.8791	0.0	0.0	0.0	0.8542141333333333	0.0	13.5032	15.1623	0.0	26.570999999999998	10.72696	5.886411666666667	5.33884	0.0	0.0	2.34909	6.373755	41.94097571428572	13.7003	0.509243	0.870641	0.657088	25.3143	44.66106818181818	48.56974333333333	0.0	0.443534	0.394253	0.0	0.0	0.0	0.0	0.0	0.0	0.0	0.0	0.0	0.0	0.0	0.0	26.7763	25.0022	21.6346	6.81729	5.650955	11.4005	0.0	62.834	16.7065	11.33065	0.0	0.468175	6.768	0.0	46.4725	7.88505	0.0	0.0	0.0	0.0	0.0	0.0	0.52567	14.883066666666666	4.020555	2.4421766666666667	0.164272	0.0	1.905555	0.0	0.0	0.0	0.0	0.0	0.0	0.0	16.2136485	0.0	0.0	8.90354	8.73927	26.0371	0.0	19.2855	32.4273	23.2445	26.727054545454543	63.33443076923077	11.499	32.63171888888889	32.21920666666667	0.0	0.0	0.0	0.0	0.0	0.0	74.2345	33.1665	14.4724	49.9222	14.3738	31.2281	54.604	0.0	14.8502	27.8112	5.765932666666667	6.2127704	41.7744	0.673515	0.673515	0.0	0.0	0.0	0.0	9.33065	0.0	0.739224	2.28338	71.20643333333334	60.5835	5.642745	19.5319	12.074	0.0	0.0	86.4235	0.0	0.0	0.0	0.0	0.0	0.0	0.0	144.379	52.2549	49.5362	13.7167	87.3105	34.5628	62.3905	8.731055	9.93024	0.0	0.0	0.0	0.0	16.575	8.00004	0.903496	0.0	0.0	0.0	0.0	0.0	0.0	0.0	0.0	0.0	0.0	75.138	13.5196	18.1027525	0.0	0.837787	0.0	0.0	23.7866
N01_2_2	0.0	0.0	0.0	0.0	0.0	0.0	0.0	0.0	0.0	0.0	1.42801	9.09015	0.0	0.0	0.0	0.0	0.0	0.0	0.0	39.017	0.0	0.0	0.0	0.0	169.07	0.0	9.09015	3.12666	0.0	5.307065833333334	3.4778999999999995	0.0	0.0	0.0	0.0	50.2914	0.0	0.0	0.0	16.2149	0.0	0.0	0.0	0.0	0.0	20.8444	0.0	0.0	0.0	0.0	0.0	0.0	7.30129	0.0	0.0	87.35446666666667	91.2316	0.0	0.0	5.939500000000001	0.0	70.6175	0.0	0.0	0.0	0.0	0.0	0.0	19.5085	0.0	0.0	0.0	0.0	0.0	50.3259	0.0	0.0	0.0	0.0	0.0	0.0	0.0	0.0	0.0	0.0	209.5755333333333	3.5815475	0.0	0.0	0.0	0.0	0.0	0.0	0.0	9.56999	0.0	0.0	0.0	0.0	164.912	22.7561	93.7882	35.9998	0.0	82.0303	146.44	0.690974	0.0	0.0	0.690974	0.0	89.2048	0.0	0.0	0.0	0.0	0.0	0.0	0.0	0.0	0.0	0.0	0.0	0.0	0.0	0.0	0.0	32.2685	0.0	0.0	0.0	0.0	0.0	0.0	0.0	0.0	0.0	83.08963333333334	83.412075	62.3604	0.0	0.0	0.7623747	0.0	0.0	0.0	0.0	0.0	0.0	0.0	0.0	0.0	0.0	0.0	0.0	1.33588	60.74815	34.5487	0.0	0.0	0.0	0.0	0.0	0.0	0.0	0.0	0.0	0.0	0.0	0.0	22.859734999999997	62.6253	54.0342	0.0	8.9366	1.4011416666666667	0.0	0.0	0.0	0.0	0.0	0.0	0.0	0.0	0.0	12.76	0.0	0.0	0.0	0.0	0.0	410.6225	405.947	4.74469	0.0	0.0	10.5949	0.0	0.0	25.7964	5.09018	162.53445	250.801	18.9097	0.0	0.0	0.0	0.0	0.0	0.0	0.0	0.0	0.0	0.0	0.0	0.0	0.0	0.0	0.0	0.0	0.0	0.0	0.0	0.0	0.0	0.0	0.0	0.0	0.0	0.0	0.0	0.0	0.0	0.0	0.0	1.92007	6.58729	6.37999	8.452916666666667	6.34545	0.0	0.0	14.3032	0.0	71.3085	0.0	89.9188	0.0	0.0	0.0
N02_1_3	0.0	0.0	0.0	0.0	0.0	0.0	0.0	0.0	0.0	0.0	0.0	0.0	0.0	0.0	0.0	0.0	0.0	0.0	0.0	0.0	0.0	0.0	0.0	0.0	0.0	0.0	0.0	0.0	0.0	0.0	0.0	0.0	0.0	0.0	0.0	0.0	0.0	0.0	0.0	0.0	0.0	0.0	0.0	0.0	0.0	0.0	0.0	0.0	0.0	0.0	0.0	0.0	0.0	0.0	0.0	0.0	0.0	0.0	0.0	0.0	0.0	0.0	0.0	0.0	0.0	0.0	0.0	0.0	0.0	0.0	0.0	0.0	0.0	0.0	0.0	0.0	0.0	0.0	0.0	0.0	0.0	0.0	0.0	0.0	0.0	0.0	0.0	0.0	0.0	0.0	0.0	0.0	0.0	0.0	0.0	0.0	0.0	0.0	0.0	0.0	0.0	0.0	0.0	0.0	0.0	0.0	0.0	0.0	0.0	0.0	0.0	0.0	0.0	0.0	0.0	0.0	0.0	0.0	0.0	0.0	0.0	0.0	0.0	0.0	0.0	0.0	0.0	0.0	0.0	0.0	0.0	0.0	0.0	0.0	0.0	0.0	0.0	0.0	0.0	0.0	0.0	0.0	0.0	0.0	0.0	0.0	0.0	0.0	0.0	0.0	0.0	0.0	0.0	0.0	0.0	0.0	0.0	0.0	0.0	0.0	0.0	0.0	0.0	0.0	0.0	0.0	0.0	0.0	0.0	0.0	0.0	0.0	0.0	0.0	0.0	0.0	0.0	0.0	0.0	0.0	0.0	0.0	0.0	0.0	0.0	0.0	0.0	0.0	0.0	0.0	0.0	0.684993	0.684993	0.0	0.0	0.0	0.0	0.0	0.0	0.0	0.0	0.0	0.0	0.0	0.0	0.0	0.0	0.0	0.0	0.0	0.0	0.0	0.0	0.0	0.0	0.0	0.0	0.0	0.0	0.0	0.0	0.0	0.0	0.0	0.0	0.0	0.0	0.0	0.0	0.0	0.0	0.0	0.0	0.0	0.0	0.0	0.0	0.0	0.0	0.0	0.0	0.0	0.0	0.0	0.0	0.0	0.0	0.0	0.0	0.0
N02_1_4	0.0	0.0	0.0	0.0	0.0	0.0	0.0	0.0	0.0	0.0	0.0	0.0	0.0	0.0	0.0	0.0	0.0	0.0	0.0	0.0	0.0	0.0	0.0	0.0	0.0	0.0	0.0	0.0	0.0	0.0	0.0	0.0	0.0	0.0	0.0	20.82255	0.0	0.0	0.0	4.9223	0.0	0.0	0.0	0.0	0.0	0.0	0.0	0.0	0.0	0.0	0.0	0.0	1.30099	0.0	0.0	8.81633	9.93849	0.0	0.0	7.09005875	0.0	0.0	9.30811	0.0	0.0	0.0	0.0	0.0	22.606375	0.0	0.0	0.0	0.0	0.0	18.1066	0.0	0.0	0.0	0.0	0.0	0.0	0.0	0.0	0.0	0.0	10.895233333333334	0.0	0.0	0.0	0.0	0.0	1.8643049999999999	0.0	0.0	6.15623	0.0	0.0	0.0	13.7476	91.6192	14.0963	33.1551	14.834	115.386	82.90122500000001	72.9091	0.4426045	0.0	0.0	0.0	0.0	54.883	0.0	0.0	0.0	0.0	0.0	0.0	0.0	0.0	0.0	0.0	0.0	0.0	28.2194	24.645000000000003	56.7071	0.0	0.0	0.0	50.249025	0.0	0.0	0.0	0.0	0.0	0.0	31.232699999999998	31.401475	23.733	0.0	0.0	0.41175660000000003	0.0	0.0	0.0	0.0	0.0	0.0	0.0	0.0	0.0	0.0	0.0	0.0	0.576727	7.09509	17.0738	0.0	0.0	0.0	0.0	0.0	0.0	0.0	0.0	0.0	0.0	0.0	0.0	64.33845	32.216300000000004	0.0	0.0	0.0	0.0	0.0	0.0	0.0	0.0	0.0	0.0	0.0	0.0	0.0	0.0	0.0	0.0	0.0	0.0	0.0	8.731385	8.69115	0.0	0.0	0.0	0.549903	0.0	0.0	11.7491	8.69115	149.18465999999998	212.0885	11.0383	12.0576	0.0	0.0	0.0	0.0	0.0	0.0	0.0	0.0	0.0	0.0	0.0	0.0	0.0	0.0	0.0	0.0	0.0	0.0	0.0	0.0	0.0	0.0	0.0	0.0	0.0	0.0	0.0	0.0	0.0	0.0	0.0	0.0	0.0	0.0	0.0	0.0	0.0	58.169	0.0	24.3701	0.0	30.2312	0.0	0.0	103.435
N02_2_2	0.0	0.0	0.0	0.0	0.0	0.0	0.0	0.0	0.0	0.0	2.19194	0.0	0.0	0.0	0.0	0.0	0.0	0.0	0.0	1.6008566666666668	0.0	0.0	0.0	0.0	5.781555	0.0	0.0	5.29514	3.041625	9.61335	5.644866	0.0	0.0	0.0	0.0	14.11215	1.74863	0.0	0.0	2.80766	0.0	0.0	0.0	0.0	0.0	0.0	0.0	0.0	0.0	0.0	0.0	0.0	3.20171	0.0	0.0	25.8764	25.7861	0.0	0.541828	10.9874375	0.0	3.94057	3.76817	0.0	0.0	0.0	3.00468	0.0	0.0	0.0	0.0	0.0	0.0	0.0	4.85183	0.0	0.0	0.0	0.0	0.0	0.0	0.0	0.0	0.0	0.0	21.54342666666667	6.07709875	0.0	0.0	0.0	0.541828	0.0	0.0	0.0	2.142685	0.0	0.0	0.0	0.0	31.4014	4.72868	15.5899	4.33463	0.0	21.55	18.631520000000002	0.123143	0.0	0.0	0.0	0.0	20.4663	0.0	0.0	0.0	0.0	0.0	0.0	0.0	0.0	0.0	0.0	0.0	0.0	0.0	0.0	0.0	0.0	1.25606	0.0	0.0	0.0	0.0	0.0	7.11766	0.0	0.0	17.084016666666667	17.17845	12.2404	0.0	6.69897	2.0441714285714285	0.0	0.0	0.0	0.0	0.0	0.221657	0.0	6.3254366666666675	0.0	0.0	11.33404	0.0	3.805115	30.39165	7.31468	0.0	0.0	0.0	0.0	0.0	0.0	0.0	0.0	0.0	0.0	0.0	0.0	3.25097	14.0383	0.0	2.80766	13.0285	0.0	0.0	0.0	0.0	0.0	0.0	0.0	0.0	0.0	0.0	2.9308	0.0	0.0	0.8496855	0.0	0.0	57.97565	57.9264	0.763485	0.0	0.0	3.54651	0.0	0.0	4.53166	1.45309	28.347482000000003	58.4436	4.60554	1.724	0.0	0.0	2.5367433333333334	0.0	0.0	0.0	0.0	0.0	0.0	0.0	0.0	1.8964	0.0	0.0	0.0	0.0	0.5172	0.738857	0.0	0.0	0.0	0.0	0.0	0.0	0.0	0.0	0.0	0.0	4.38388	2.7140700000000004	4.500869583333333	9.50663	9.6544	12.739805555555556	9.087935	0.0	0.0	6.08326	0.0	6.79748	0.0	14.8264	0.0	0.0	0.0
N02_1_2	0.0	0.0	0.0	0.0	0.0	0.0	0.0	0.0	0.0	0.0	0.77238	0.0	0.0	0.0	0.0	0.0	0.0	0.0	0.0	0.0	0.0	0.0	0.0	0.0	22.9783	0.0	0.0	1.2602	0.0	2.5525824999999998	1.6667200000000002	0.0	0.0	0.0	0.0	18.7912	0.0	0.0	0.0	3.94321	0.0	0.0	0.0	0.0	0.0	0.0	0.0	0.0	0.0	0.0	0.0	0.0	5.50829	0.0	0.0	37.0946	39.4117	0.0	0.0	22.6581875	0.0	12.6223	9.10596	0.0	0.0	0.0	0.0	0.0	7.86608	0.0	0.0	0.0	0.0	0.0	11.4028	0.0	0.0	0.0	0.0	0.0	0.0	0.0	0.0	0.0	1.7451128571428571	6.71429	2.02241625	0.0	0.0	0.0	0.0	0.0	0.0	0.0	8.384395	0.0	0.0	0.0	0.0	44.4932	7.84576	24.9601	13.0695	0.0	22.927509999999998	42.1557	0.6300995	0.0	0.0	0.0	0.0	29.4927	0.0	0.0	0.0	0.0	0.0	0.0	0.0	0.0	0.0	0.0	0.0	0.0	0.0	0.0	0.0	0.0	0.0	0.0	0.0	0.0	0.0	0.0	11.1589	0.0	0.0	34.76728333333333	35.041675	26.00685	0.0	0.0	1.6202561904761903	0.0	0.0	0.0	0.0	0.0	0.0	0.0	17.92396666666667	0.0	0.0	28.224400000000003	0.0	2.113885	4.6850950000000005	13.0492	0.0	0.0	0.0	0.0	0.0	0.0	0.0	0.0	0.0	0.0	0.0	0.0	4.30907	23.6999	0.0	3.9330433333333334	3.98386	2.187056	0.0	0.0	0.0	0.0	0.0	0.0	0.0	0.0	0.0	4.04483	0.0	0.0	1.758185	0.0	0.0	78.54905	78.8743	0.0	0.0	0.0	10.3458	0.0	0.0	8.61814	2.80496	53.572	80.4495	5.6709	0.0	0.0	0.0	0.0	0.0	0.0	0.0	0.0	0.0	0.0	0.0	0.0	0.0	0.0	0.0	0.0	0.0	0.0	0.0	0.0	0.0	0.0	0.0	0.0	0.0	0.0	0.0	0.0	0.0	0.0	19.413674999999998	3.6106018181818182	2.01225	0.0	2.635577777777778	2.19519	0.0	0.0	6.07741	0.0	2.88626	0.0	26.5048	0.0	0.0	0.0
N02_2_4	0.0	5.96779	0.0	0.0	0.0	0.0	0.0	0.0	0.0	0.0	0.0	0.0	0.0	0.0	0.0	0.0	0.0	0.0	0.0	106.86166666666668	78.85	8.45829	7.01725	0.0	0.0	0.0	0.0	1.14344	0.0	0.0	1.234286	0.0	15.3972	33.41546666666667	41.4456	0.0	45.5494	38.2033	12.139185	0.0	6.59433	0.0	9.46075	10.0246	0.0	0.0	13.8309	15.8554	9.99331	0.9521752631578947	0.0	0.0	0.0	0.0	0.0	0.0	0.0	3.6202893548387096	0.0	0.0	0.0	0.0	0.0	15.6635	0.0	0.0	31.8752	0.0	13.4863	0.0	29.6197	11.6536	58.6755	0.0	0.67353	0.0	0.0	0.0	0.0	21.3389	9.13182	30.0426	0.0	0.0	0.0	0.0	0.0	12.7501	13.22	0.0	20.746299999999998	16.8539	3.130088333333333	2.6158	0.328933	0.0	0.0	1.47237	34.43058728571429	19.2191	1.34706	0.0	0.0	44.9072	43.89910454545455	44.52609999999999	0.0	0.0	0.0	0.0	0.0	8.74023	0.0	0.0	0.0	0.0	0.0	0.0	0.0	0.0	0.0	21.6	19.8613	18.6082	11.0114	9.33545	20.3939	0.0	52.0655	14.0032	20.922525	0.0	0.0	6.57867	0.0	39.3154	14.2694	1.814355	1.83263	1.495865	0.0	0.0	0.0	0.0	1.7177633333333333	0.501232	0.172298	0.0	0.0	1.1199400000000002	0.0	0.0	0.0	0.0	0.0	0.0	0.0	14.833345	0.0	0.0	7.22087	6.81362	27.6931	0.0	13.1573	29.2281	16.619	20.964872727272727	52.55223076923077	8.80289	38.431514285714286	30.34018	0.0	0.0	0.0	0.0	0.0	0.0	48.7918	25.5942	7.76909	39.8323	7.28353	21.0047	40.4431	0.0	12.7031	21.412	10.267399999999999	8.220203999999999	36.9032	0.0	0.0	0.0	0.0	0.0	0.0	5.607530000000001	0.0	1.08078	0.0	69.12556666666667	78.9362	5.36475	16.3997	8.44263	0.0	0.0	76.4692	0.0	0.0	0.0	0.0	0.0	0.0	0.0	120.687	36.8719	34.216899999999995	8.5836	62.3251	28.022	42.3541	9.68004	9.452919999999999	0.0	0.0	0.0	0.0	1.75431	0.67353	0.0	3.1682972727272727	0.0	0.0	0.0	0.0	0.0	0.0	0.0	0.0	0.0	70.987	11.591	17.37081	0.0	1.91095	0.0	0.0	39.6913
N02_2_3	0.0	1.90802	0.0	0.0	0.0	0.0	0.0	0.0	0.0	0.0	0.0	0.0	0.0	0.0	0.0	0.0	0.0	0.0	0.0	20.317533333333333	14.6224	1.326945	1.04074	0.0	0.0	0.0	0.0	0.0	0.0	0.312222	0.378135	0.0	2.86203	6.932480000000001	9.27992	0.0	10.1472	8.25653	2.91407	0.0	1.45703	0.0	1.89068	1.87333	0.0	0.0	2.49777	2.9531	1.405	0.0	0.0	0.0	0.0	0.0	0.0	0.0	0.0	0.99799425	0.0	0.0	0.0	0.0	0.0	4.00685	0.0	0.0	8.98505	0.0	0.711172	0.0	4.61394	2.49777	10.1992	0.0	0.312222	0.0	0.0	0.0	0.0	4.243906666666667	1.99475	4.75271	0.0	0.0	0.0	0.0	0.358477	2.0121	2.65388	0.0	4.162955	2.81	1.05808	0.954011	0.0	0.0	0.0	0.0	7.233135	2.08148	0.0	0.0	0.0	2.04679	7.429722222222223	7.603180000000001	0.0	0.0	0.0	0.0	0.0	0.0	0.0	0.0	0.0	0.0	0.0	0.0	0.0	0.0	0.0	3.95481	4.1803	3.26098	0.659135	0.46833250000000004	0.954011	0.0	9.22789	2.93142	0.9410015	0.0	0.0	0.815246	0.0	7.19845	0.0	0.7603179999999999	0.7588725000000001	0.0	0.0	0.0	0.0	0.0	0.0	0.0	0.0	0.0	0.0	0.251512	0.0	0.0	0.0	0.0	0.0	0.0	0.0	5.29042	0.0	0.0	0.0	0.0	4.42314	0.0	2.72327	4.99555	3.26098	4.01	9.414019615384616	1.7866	6.4872733333333334	6.95561	0.0	0.0	0.0	0.0	0.0	0.0	10.9971	5.35981	2.54981	7.47598	1.47438	3.93746	8.18715	0.0	2.13352	3.74666	1.630495	1.7345659999999998	5.75876	0.624444	0.624444	0.0	0.0	0.0	0.0	0.954009	0.0	0.0	0.0	10.393516	7.11172	0.754538	2.72327	1.50907	0.0	0.0	14.2755	0.0	0.0	0.0	0.0	0.0	0.0	0.0	24.4574	7.33721	7.7274899999999995	1.99475	12.4715	5.75876	9.59215	1.855985	1.83864	0.0	0.0	0.0	0.0	0.0	0.0	0.0	1.004471909090909	0.884628	0.0	0.0	0.0	0.0	0.0	0.0	0.0	0.0	12.1593	1.82129	3.4084205	1.0349583333333332	0.0	0.0	0.0	2.13352
N03_1_4	0.0	0.0	0.0	0.0	0.0	0.0	0.0	0.0	0.0	0.0	0.0	0.0	1.72382	1.7491691666666667	0.0	0.0	0.0	0.0	4.38923	0.0	0.0	0.0	0.0	0.0	12.504950000000001	0.0	0.0	0.0	3.53818	0.0	0.0	0.0	0.0	0.0	0.0	9.517235	0.0	0.0	0.0	1.92662	0.0	0.0	0.0	0.0	0.0	0.0	0.0	0.0	0.0	0.0	0.0	0.0	2.3612	0.0	0.0	16.359399999999997	17.4555	0.0	0.0	10.1709	0.0	5.67847	3.60699	0.0	0.0	0.0	0.0	22.8008	8.220735	0.0	0.0	0.0	0.0	0.0	6.50417	0.0	0.0	0.420091	6.30136	0.0	0.0	0.0	0.0	0.0	12.173321428571429	62.10972	18.1218375	0.0	0.0	0.0	0.0	0.0	0.0	0.0	3.2376	0.0	0.0	0.0	0.0	41.3283	5.72193	14.1237	7.185	25.6835	29.268725	30.1017	0.1883165	0.0	0.0	0.0	0.0	19.7443	0.0	0.0	0.0	0.0	0.0	0.0	0.0	0.0	0.0	0.0	0.0	0.0	5.685715	7.757200000000001	9.09712	0.0	0.0	0.0	13.131475	0.0	0.0	0.0	0.0	0.0	0.0	14.959100000000001	14.982050000000001	11.44385	0.0	0.0	0.0	0.0	0.0	0.0	0.0	0.0	0.0	0.0	0.7267088333333334	0.0	11.2266	0.7996212	3.4404000000000003	0.0	0.0	8.1121	4.28782	0.0	0.0	0.0	0.0	0.0	0.0	0.0	0.0	0.0	0.0	0.0	20.87415	21.2073	0.0	0.0	0.0	0.0	0.0	4.14297	0.0	0.0	0.0	0.0	0.0	0.0	0.0	2.6654	0.0	0.0	0.0	0.0	0.0	36.1858	35.968450000000004	0.0	0.0	0.0	0.0	0.0	0.0	5.47567	0.0	83.3337	103.22649999999999	6.30136	0.0	0.0	0.0	3.0420366666666667	0.0	0.0	0.0	0.0	0.0	0.0	0.0	0.0	0.0	0.0	0.0	0.0	0.0	0.0	0.0	0.0	0.0	0.0	0.0	0.0	0.0	0.0	0.0	0.0	0.0	14.428	0.0	26.7536409375	0.0	0.0	0.0	0.0	0.0	0.0	0.0	0.0	11.5453	0.0	12.7331	0.0	0.0	26.0312
N03_2_2	0.0	0.0	0.0	0.0	0.0	0.0	0.0	0.0	0.0	0.0	6.89452	0.0	0.0	0.0	3.4077400000000004	0.0	2.7134400000000003	3.4131299999999998	0.0	0.0	0.0	0.0	0.0	3.8119300000000003	2.12467	6.38255	0.0	15.179875	0.0	18.479266666666664	16.56734	0.0	0.0	0.0	0.0	2.15027	0.0	0.0	0.0	0.0	0.0	0.0	0.0	0.0	0.0	0.0	0.0	0.0	0.0	0.0	0.0	0.0	1.36525	0.0	4.257225384615385	10.011856666666667	10.5807	0.0	0.0	5.69139625	0.0	0.0	0.0	0.0	0.0	0.0	0.0	0.0	0.0	0.0	0.0	0.0	0.0	0.0	5.49514	0.0	0.0	0.0	0.0	0.0	0.0	0.0	14.6765	6.47357	0.0	18.264799999999997	21.1699375	0.0	0.0	0.0	0.0	0.0	0.0	0.0	0.51197	0.0	0.0	0.0	0.0	15.6663	2.45745	0.0	0.0	0.0	26.9979	12.8675	0.0	0.0	0.0	0.0	0.0	10.8879	0.0	0.0	0.0	0.0	0.0	0.0	0.0	0.0	0.0	0.0	0.0	0.0	0.0	0.0	0.0	0.0	0.0	0.0	0.0	0.0	0.0	0.0	0.0	0.0	0.0	8.913955	8.993595	6.740935	0.0	4.09576	0.0	0.0	0.0	0.0	0.0	0.0	0.0	0.0	0.0	0.0	0.0	0.0	0.0	0.0	7.06518	4.12989	0.0	0.0	0.0	0.0	0.0	0.0	0.0	0.0	0.0	0.0	0.0	0.0	0.0	7.95259	0.0	0.0	35.8379	0.0	0.0	0.0	0.0	0.0	0.0	0.0	0.0	0.0	0.0	2.08201	0.0	0.0	0.0	0.0	0.0	5.52927	5.49514	0.0	1.348185	1.84309	0.0	0.0	0.0	1.77483	0.0	44.2683	45.5994	2.49159	0.0	0.0	0.0	0.0	0.0	0.0	0.0	0.0	0.0	0.0	0.0	0.0	0.0	0.0	0.0	0.0	0.0	0.0	0.0	0.0	0.0	0.0	0.0	5.276994782608695	0.0	0.0	0.0	0.0	0.0	0.0	0.0	0.0	27.6122	26.1104	34.01183888888889	25.32545	0.0	0.0	0.0	0.0	0.0	0.0	6.38255	0.0	0.0	0.0
N03_2_4	0.0	1.39718	0.0	0.0	0.0	0.0	0.0	0.0	0.0	0.0	0.0	0.0	0.0	0.0	0.0	0.0	0.0	0.0	5.6265	10.604766666666668	8.32647	1.43495	0.849639	0.0	0.339856	0.0	0.0	0.0	0.0	0.0	0.0	0.0	2.24682	7.778919999999999	8.81737	0.0	9.45932	7.53347	2.4309125	0.0	1.41607	0.0	2.1713	1.81256	0.0	0.0	1.09509	2.24682	0.0	0.0	0.0	0.0	0.0	0.0	0.0	0.0	0.0	0.9251625925925926	0.0	0.0	0.0	0.0	0.0	2.86989	0.0	0.0	8.1943	12.1404	17.8991	0.0	2.51116	0.0	5.41881	0.0	0.0	0.0	0.0	0.0	0.0	2.404166666666667	1.03845	2.83213	0.0	0.0	20.713671428571427	0.8660028666666667	30.0677625	1.07621	1.00069	0.0	2.33179	1.227255	0.925163	0.792997	0.0	0.0	0.0	0.0	4.521968333333334	23.6766	0.0	0.0	0.0	45.3519	15.187789	14.0520775	0.0	0.0	0.0	0.0	0.0	0.0	0.0	0.0	0.0	0.0	0.0	0.0	0.0	0.0	0.0	2.22794	2.94542	1.49159	13.8397	10.62048	21.5997	0.0	5.47545	1.86921	19.046075000000002	0.0	0.0	0.0	0.0	4.19155	0.0	0.0	0.0	0.0	0.0	0.0	0.0	0.0	0.0	0.0	0.0	0.0	0.0	0.377618	0.0	0.0	15.9355	0.0	0.0	0.0	0.0	2.75661	5.06007	0.0	0.585307	0.0	0.0	0.0	2.5678	2.92654	1.79368	2.39787	5.383228076923077	0.755235	10.88347	6.262153333333333	0.0	0.0	0.0	0.0	0.0	1.03845	4.98455	2.28459	0.906282	2.94542	0.849639	2.26571	4.07827	0.0	1.13285	3.00206	1.64264	1.604875	4.26708	1.6804	1.6804	0.0	0.0	0.0	0.0	1.17061	0.0	0.0	0.0	63.13768	91.40233333333333	0.415379	7.08033	0.944044	0.0	0.0	0.0	0.0	0.0	0.0	0.0	0.0	0.0	0.0	11.6873	4.26708	3.1814299999999998	1.03845	6.55166	2.92654	4.60693	0.0	0.8024374999999999	0.0	0.0	0.0	0.0	0.0	0.0	0.0	0.0	0.0	0.0	41.2824403125	0.0	0.0	0.0	0.0	0.0	0.0	36.1946	1.15173	3.03982	0.0	0.0	0.0	0.0	39.1212
N03_2_3	0.0	0.0	0.0	0.0	0.0	0.0	0.0	0.0	0.0	0.0	0.570642	0.0	0.0	0.0	0.0	0.0	0.0	0.0	0.0	0.0	0.0	0.0	0.0	0.0	1.450385	0.0	0.0	1.47416	0.0	2.5718525	1.849834	0.0	0.0	0.0	0.0	0.0	0.0	0.0	0.0	0.0	0.0	0.0	0.0	0.0	0.0	0.0	0.0	0.0	0.0	0.0	0.0	0.0	0.0	0.0	0.0	0.0	0.0	0.0	0.0	0.0	0.0	0.546866	0.0	0.0	0.0	0.0	0.0	0.0	0.0	1.09373	0.0	0.0	0.0	0.0	1.49794	0.0	0.0	0.0	0.0	0.0	0.0	0.0	0.0	0.0	0.7041580000000001	5.98065	2.46683875	0.0	0.0	0.0	0.0	0.0	0.0	0.0	0.0	0.0	0.0	0.0	0.0	7.84633	1.54549	3.87561	0.0	1.28395	4.628543333333334	6.30084	0.0	0.0	0.0	0.0	0.0	4.47003	0.0	0.0	0.0	0.0	0.0	0.0	0.0	0.0	0.0	0.0	0.0	0.0	0.0	0.0	0.0	0.0	0.0	0.0	0.0	0.0	0.0	0.0	0.0	0.0	0.0	0.0	0.0	0.0	0.0	0.0	0.0	0.0	0.0	0.0	0.0	0.0	0.0	0.0	1.9655466666666666	0.0	0.0	2.7581	0.0	0.0	0.0	1.61682	0.0	0.0	0.0	0.0	0.0	0.0	0.0	0.0	0.0	0.0	0.0	0.0	1.92592	3.30497	0.0	0.0	4.94557	0.0	0.0	0.0	0.0	0.0	0.0	0.0	0.0	0.0	0.0	0.0	0.0	0.0	0.0	0.0	0.0	5.63509	5.58754	2.3539	0.0	0.0	0.0	0.0	0.0	1.11751	0.0	11.858675	12.684899999999999	1.47416	0.0	0.0	0.0	0.0	0.0	0.0	0.0	0.0	0.0	0.0	0.0	0.0	0.0	0.0	0.0	0.0	0.0	0.0	0.0	0.0	0.0	0.0	0.0	0.0	0.0	0.0	0.0	0.0	0.0	0.0	0.0	1.4707635714285714	3.04343	2.82944	3.652375	3.18609	0.0	0.0	2.16369	0.0	1.99725	0.0	3.20986	0.0	0.0	1.14128
N04_1_2	0.0	0.0	0.0	0.0	0.0	0.0	0.0	0.0	0.0	0.0	0.0	0.0	0.0	0.0	0.0	0.0	0.0	0.0	0.0	7.87986	0.0	0.0	0.0	0.0	2.0225775	10.3584	0.0	0.0	0.0	0.0	0.0	0.0	0.0	0.0	0.0	0.0	0.0	0.0	0.0	0.210441	0.0	0.0	0.0	0.0	0.0	3.36706	0.0	0.0	0.0	0.0	0.0	0.0	1.35618	0.0	0.0	13.577366666666668	14.3568	0.0	0.42088300000000006	7.62558	0.0	1.07559	0.0	0.0	0.0	0.0	0.0	0.0	0.0	0.0	0.0	0.0	0.0	0.0	9.75045	0.0	0.0	0.0	0.0	0.0	0.0	0.0	9.98428	9.364645	0.0	4.381860666666666	0.0	0.0	0.0	0.0	0.0	1.84721	0.0	0.0	0.0	0.0	0.0	0.0	0.0	25.5569	3.55412	13.9125	1.56662	0.0	24.6684	20.7636	0.0	0.0	0.0	0.397501	0.0	18.4253	0.0	0.0	0.0	0.0	0.0	0.0	0.0	0.0	0.0	0.0	0.0	0.0	0.0	0.0	0.0	4.65309	0.0	0.0	0.0	0.0	0.0	0.0	0.0	0.0	0.0	12.439433333333334	12.4862	10.3818	0.619633	6.85104	0.6483297272727273	0.0	0.0	0.0	0.0	0.0	0.0	0.0	0.0	0.0	0.0	0.0	0.0	0.701472	8.53457	7.4356	0.0	0.0	0.0	0.0	0.0	0.0	0.0	0.0	0.0	0.0	0.0	0.0	10.5455	12.7668	8.32413	0.0	0.0	0.0	0.0	0.0	0.0	0.0	0.0	0.0	0.0	0.0	0.0	2.89942	0.0	0.0	0.0	0.0	0.0	9.04898	8.967145	0.0	0.0	0.0	0.0	0.0	0.0	3.41383	0.841766	36.6519	36.9675	3.13324	0.0	0.0	0.0	0.0	0.0	0.0	0.0	0.0	0.0	0.0	0.0	0.0	0.0	0.0	0.0	0.0	0.0	0.0	0.0	0.0	0.0	0.0	0.0	0.0	0.0	0.0	0.0	0.0	0.0	0.0	0.0	0.0	0.0	0.0	0.0	0.0	0.0	0.0	0.0	0.0	3.13324	0.0	11.7613	0.0	0.0	0.0
N04_1_3	0.0	0.0	0.0	0.0	0.0	0.0	0.0	0.0	1.1507100000000001	0.0	0.0	5.93766	0.0	0.0	0.0	0.0	0.0	0.0	0.0	0.0	0.0	0.0	0.0	0.0	3.831865	7.04234	5.93766	0.0	0.0	0.0	0.0	0.0	0.0	0.0	0.0	0.0	0.0	0.0	0.0	0.0	0.0	0.0	0.0	0.0	0.0	0.0	0.0	0.0	0.0	0.0	0.0	0.0	2.48553	0.0	0.0	13.072066666666666	13.3252	0.0	2.7460104545454547	6.12753	0.0	3.17596	0.0	0.0	0.0	0.0	8.35415	0.0	4.79846	0.0	0.0	0.0	0.0	0.0	11.323	0.0	0.0	0.0	0.0	0.0	0.0	0.0	6.83521	4.7294149999999995	0.0	7.461199333333334	0.0	0.0	0.0	0.0	0.0	0.0	0.0	0.0	0.0	0.0	0.0	0.0	0.0	16.0179	2.96883	8.69936	2.62362	6.42096	12.7383575	15.4655	0.207128	0.0	0.0	0.0	0.0	12.2205	0.0	0.0	0.0	0.0	0.0	0.0	0.0	0.0	0.0	0.0	0.0	0.0	1.72606	1.89867	2.89979	0.0	0.0	0.0	3.5556900000000002	0.0	0.0	0.0	0.0	0.0	0.0	13.313749999999999	13.35975	11.0123	0.0	7.18043	1.6915399999999998	0.0	8.56128	0.759468	0.0	2.5775883333333334	2.540766	0.0	0.0	0.0	0.0	0.0	0.0	3.03787	11.5991	4.2116	0.0	0.0	0.0	0.0	0.0	0.0	0.0	0.0	0.0	0.0	0.0	0.0	9.38981	11.3575	0.0	0.0	0.0	0.0	0.0	0.0	0.0	0.0	0.0	0.0	0.0	0.0	0.0	2.96883	0.0	0.0	0.0	0.0	0.0	22.2317	22.09365	0.0	0.0	0.0	1.44989	0.0	0.0	4.48777	1.44989	35.8676	37.52465	2.312925	4.971064999999999	0.0	0.0	0.0	0.0	0.0	0.0	0.0	0.0	0.0	0.0	0.0	0.0	0.0	0.0	0.0	0.0	0.0	0.0	0.0	0.0	0.0	0.0	0.0	0.0	0.0	0.0	0.0	0.0	0.0	0.0	6.666442777777778	0.0	0.0	0.0	0.0	0.0	0.0	34.2451	0.0	3.03787	0.0	9.04458	0.0	0.0	7.52564
N04_2_2	0.0	0.0	0.0	0.0	0.0	0.0	0.0	0.0	0.0	0.0	2.51563	0.0	0.0	0.0	0.0	0.0	0.0	0.0	0.0	2.7789	0.0	0.0	0.0	0.0	2.00373	2.07686	0.0	3.4151175	0.0	6.152576666666666	3.42243	0.0	0.0	0.0	0.0	0.0	0.0	0.0	0.0	0.0	0.0	0.0	0.0	0.0	0.0	1.8136	0.0	0.0	0.0	0.0	0.0	0.0	0.0	0.0	0.0	0.0	0.0	0.0	0.0	0.0	0.0	0.965302	0.0	0.0	0.0	0.0	0.0	0.0	0.0	0.0	0.0	0.0	0.0	0.0	1.34557	0.0	0.0	0.0	0.0	0.0	0.0	0.0	3.94896	1.740465	0.0	4.51644	4.76069	0.0	0.0	0.0	0.0	1.52108	0.0	0.0	0.0	0.0	0.0	0.0	0.0	14.5965	2.10611	8.27819	0.760541	0.0	11.75915	9.27275	0.0	0.0	0.0	0.0	0.0	7.22514	0.0	0.0	0.0	0.0	0.0	0.0	0.0	0.0	0.0	0.0	0.0	0.0	0.0	0.0	0.0	0.0	0.0	0.0	0.0	0.0	0.0	0.0	0.0	0.0	0.0	0.0	0.0	0.0	0.0	0.0	0.0	0.0	0.0	0.0	0.0	0.0	0.0	0.0	0.0	0.0	0.0	0.0	0.0	0.0	0.0	1.14081	0.0	0.0	0.0	0.0	0.0	0.0	0.0	0.0	0.0	0.0	0.0	0.0	0.0	1.46258	0.0	0.0	9.65302	0.0	0.0	0.0	0.0	0.0	0.0	0.0	0.0	0.0	0.0	0.0	0.0	0.0	0.0	0.0	0.0	2.04761	2.01836	0.0	0.0	0.0	0.0	0.0	0.0	3.8027	1.19931	28.191200000000002	32.7032	2.63264	0.0	0.0	0.0	0.0	0.0	0.0	0.0	0.0	0.0	0.0	0.0	0.0	0.0	0.0	0.0	0.0	0.0	0.0	0.0	0.0	0.0	0.0	0.0	0.0	0.0	0.0	0.0	0.0	0.0	0.0	0.0	0.0	8.21969	7.45915	9.618887222222222	7.07888	0.0	0.0	0.0	0.0	1.57958	0.0	13.7482	0.0	0.0	0.0
N04_2_3	0.0	0.0	0.0	0.0	0.0	0.0	0.0	0.0	0.0	0.0	1.12696	0.0	0.0	0.0	0.0	0.0	0.0	0.0	0.0	15.8234	0.0	0.0	0.0	0.0	3.812115	0.0	0.0	2.36892	0.0	3.4019641666666662	2.25392	0.0	0.0	0.0	0.0	0.0	0.0	0.0	0.0	0.0	0.0	0.0	0.0	0.0	0.0	6.48577	0.0	0.0	0.0	0.0	0.0	0.0	0.0	0.0	0.0	0.0	0.0	0.0	0.0	1.17296	0.0	1.63294	0.85097	0.0	0.0	0.0	0.0	0.0	3.093391	0.0	0.0	0.0	0.0	1.54095	0.505982	0.0	0.0	0.0	0.0	0.0	0.0	0.0	0.0	0.0	0.0	4.719432	3.4815	0.0	0.0	0.0	0.0	5.08282	0.0	0.0	0.0	0.0	0.0	0.0	0.0	17.5254	5.5428	13.1095	5.10582	3.77187	12.542213333333335	16.8354	0.0	0.0	0.528981	0.55198	0.0	12.0056	0.0	0.0	0.0	0.0	0.0	0.0	0.0	0.0	0.0	0.0	0.0	0.0	0.804972	1.195955	2.9209	6.14078	0.0	0.0	2.8289	1.01196	1.586945	0.0	0.0	0.0	0.0	0.0	0.0	0.0	0.0	0.0	0.9031014666666667	4.41584	0.0	0.0	0.0	0.0	0.0	0.0	0.0	5.47381	0.0	0.0	0.0	0.0	0.0	2.8749	0.0	0.0	0.0	0.0	0.0	0.0	0.0	0.0	0.0	0.0	0.0	0.0	6.094785	5.5888	1.63294	0.0	5.40481	0.0	4.73783	0.0	0.0	0.0	0.0	0.0	0.0	0.0	0.0	0.0	0.0	0.0	0.0	0.0	0.0	3.81786	3.806365	0.0	0.0	0.0	0.0	0.0	0.0	4.66883	0.0	34.47005	30.51995	3.26588	0.0	0.0	7.19875	0.0	0.0	0.0	0.0	0.0	0.804972	0.0	0.0	0.0	0.0	0.0	0.0	0.0	0.0	0.0	0.0	0.0	0.0	0.597979	0.0	0.0	0.0	0.0	0.0	4.23185	0.0	0.0	0.0	4.8045305	4.87583	4.43884	5.606690555555556	4.1743500000000004	0.0	0.0	0.0	0.0	8.23371	0.0	12.7875	0.0	0.0	6.73876
N04_2_4	0.0	0.0	0.0	0.0	0.0	0.0	0.0	0.0	0.0	0.0	0.0	0.0	0.0	0.0	0.0	0.0	0.0	0.0	0.0	6.84254	0.0	0.0	0.0	0.0	0.0	0.0	0.0	0.0	0.0	0.0	0.0	0.0	0.0	0.0	0.0	0.0	0.0	0.0	0.0	0.0	0.0	0.0	0.0	0.0	0.0	3.97226	0.0	0.0	0.0	0.0	0.0	0.0	0.0	0.0	0.0	2.56275	2.53712	0.0	0.0	1.8900237500000001	0.0	0.0	0.0	0.0	0.0	0.0	0.0	0.0	12.634375	0.0	0.0	0.0	0.0	1.0251	0.0	0.0	0.0	0.0	0.0	0.0	0.0	0.0	0.41004	0.0	0.0	0.0	0.0	0.0	0.0	0.0	0.0	2.40898	0.0	0.0	0.0	0.0	0.0	0.0	0.0	41.1578	3.45971	6.68878	4.45918	64.8888	39.35103	27.2933	0.0	1.74267	1.97332	1.7683	0.0	13.9926	0.0	0.0	0.0	0.0	0.0	0.0	0.0	0.0	0.0	0.0	0.0	0.0	15.8378	14.940850000000001	31.4193	3.15218	0.0	0.0	31.470575	1.79392	1.74267	0.0	0.0	0.0	0.0	0.0	0.0	0.0	0.0	0.0	1.4387985714285716	2.56275	0.0	0.0	0.0	0.0	0.0	0.0	0.0	3.86975	0.0	0.0	0.0	1.217305	0.0	4.40793	0.0	0.0	0.0	0.0	0.0	0.0	0.0	0.0	0.0	0.0	0.0	0.0	32.44443	8.149564999999999	5.71493	0.0	0.0	0.0	2.76777	0.0	0.0	0.0	0.0	0.0	0.0	0.0	0.0	0.948217	0.0	0.0	0.0	0.0	0.0	0.0	0.0	0.0	0.0	0.0	0.0	0.0	0.0	1.89643	4.74109	87.594725	131.9685	4.087585	0.0	0.0	0.0	0.0	0.0	0.0	0.0	0.0	0.486922	0.0	0.0	0.0	0.0	0.0	0.0	0.0	0.0	0.0	0.0	0.0	0.0	0.999472	0.92259	0.0	0.0	0.0	0.0	3.3315700000000006	0.0	0.0	0.0	67.021509375	0.0	0.0	0.0	0.0	0.0	0.0	34.0846	0.0	4.8436	0.0	4.71546	0.0	0.0	60.1221
N04_1_4	0.0	0.0	0.0	0.0	0.0	0.0	0.0	0.0	0.0	0.0	0.0	0.0	0.0	0.0	0.0	0.0	0.0	0.0	0.0	7.4878	0.0	0.0	0.0	0.0	0.0	0.0	0.0	0.0	0.0	0.0	0.0	0.0	0.0	0.0	0.0	2.61697	0.0	0.0	0.0	0.0	0.0	0.0	0.0	0.0	0.0	4.05693	0.0	0.0	0.0	0.0	0.0	0.0	0.0	0.0	0.0	0.0	0.0	0.0	0.0	1.29283875	0.0	0.0	3.70634	0.0	0.0	0.0	0.0	0.0	13.998904999999999	0.0	0.0	0.0	0.0	1.15197	1.07684	0.0	0.0	0.0	0.0	0.0	0.0	0.0	0.0	0.0	0.0	0.0	0.0	0.0	0.0	0.0	0.0	1.82812	0.0	0.0	0.0	0.0	0.0	0.0	21.1862	38.4157	3.78146	5.88506	4.15711	74.8529	50.505075	24.9677	0.0751284	1.72795	1.60274	0.0	0.0	18.732	0.0	0.0	0.0	0.0	0.0	0.0	0.0	0.0	0.0	0.0	0.0	0.0	18.4565	15.81455	34.4339	3.13035	0.0	0.0	35.62965	1.25214	1.389875	0.0	0.0	0.0	0.0	2.024295	2.0159475000000002	0.0	0.0	0.0	4.129678095238096	2.00342	0.0	0.0	0.0	0.0	0.0	0.0	0.968321	3.30565	0.0	1.32727	0.0	4.88335	0.0	4.70805	0.0	0.0	0.0	0.0	0.0	0.0	0.0	0.0	0.0	0.0	0.0	0.0	37.89810333333333	22.4509	5.08369	0.0	0.0	0.0	1.85317	0.0	0.0	0.0	0.0	0.0	0.0	0.0	0.0	1.15197	0.0	0.0	0.0	0.0	0.0	0.0	0.0	0.0	0.0	0.0	0.0	0.0	0.0	2.4542	6.21062	100.24126	133.3405	7.725709999999999	12.1958	0.0	4.18215	0.5926796666666666	0.0	0.0	0.0	0.0	0.0	0.0	0.0	0.0	0.0	0.0	0.0	0.0	0.0	0.0	0.0	0.0	0.0	0.901541	0.751284	0.0	0.0	0.0	0.0	0.0	0.0	0.0	0.0	62.322051724137935	0.0	0.0	0.0	0.0	0.0	0.0	70.0948	0.0	5.3842	0.0	5.28403	0.0	0.0	65.9127
N05_1_2	0.0	0.0	0.0	0.0	0.0	0.0	0.0	0.0	0.0	0.0	0.0	0.0	0.0	0.0	0.0	0.0	0.0	0.0	0.0	0.0	0.0	0.0	0.0	0.0	0.0	0.0	0.0	0.0	0.0	0.0	0.0	0.0	0.0	0.0	0.0	1.90497	0.0	0.0	0.0	0.0	0.0	0.0	0.0	0.0	0.0	0.0	0.0	0.0	0.0	0.0	0.0	0.0	0.0	0.0	0.0	0.0	0.0	0.0	0.0	0.0	0.0	0.0	0.0	0.0	0.0	0.0	0.0	0.0	0.0	0.0	0.0	0.0	0.0	0.0	0.512875	0.0	0.0	0.0	0.0	0.0	0.0	0.0	0.0	0.0	0.0	0.0	0.0	0.0	0.0	0.0	0.0	0.0	0.0	0.0	0.0	0.0	0.0	0.0	3.07725	14.6536	1.64853	2.23467	0.0	0.0	6.319355	5.75153	0.0	0.0	0.0	0.0	0.0	0.0	0.0	0.0	0.0	0.0	0.0	0.0	0.0	0.0	0.0	0.0	0.0	0.0	0.0	0.0	0.0	0.0	0.0	0.0	0.0	0.0	0.0	0.0	0.0	0.0	0.0	0.0	0.0	0.0	0.0	0.0	21.251166666666666	0.0	0.0	0.0	0.0	0.0	0.0	0.0	1.917175	0.0	0.0	2.681606	0.0	30.16805	0.0	0.0	0.0	0.0	0.0	0.0	0.0	0.0	0.0	0.0	0.0	0.0	0.0	0.0	13.627825	4.3777550000000005	0.0	21.0401	0.0	22.035316666666663	0.0	0.0	0.0	0.0	0.0	0.0	0.0	0.0	0.0	0.0	0.0	0.0	10.697099999999999	0.0	0.0	2.45447	2.45447	0.0	0.0	0.0	0.0	0.0	0.0	0.0	10.7337	15.853325000000002	23.116	1.09902	1.90497	0.0	0.0	0.0	0.0	0.0	0.0	0.0	0.0	0.0	0.0	0.0	0.0	0.0	0.0	0.0	0.0	0.0	0.0	0.0	0.0	0.0	0.0	0.0	0.0	0.0	0.0	0.0	0.0	0.0	0.0	17.025987999999998	0.0	0.0	0.0	0.0	0.0	0.0	11.1734	0.0	1.97823	0.0	2.41784	0.0	0.0	0.0
N05_1_4	0.0	0.0	0.0	0.0	0.0	0.0	0.0	0.0	0.0	0.0	0.0	0.0	0.0	0.0	0.0	0.0	0.0	0.0	11.2102	6.85532	0.0	0.0	0.0	0.0	0.0	0.0	0.0	0.0	0.0	0.0	0.0	0.0	0.0	0.0	0.0	7.907579999999999	0.0	0.0	0.0	0.0	0.0	0.0	0.0	0.0	0.0	2.72962	0.0	0.0	0.0	0.0	0.0	0.0	0.0	0.0	0.0	0.0	0.0	0.0	0.0	1.021	0.0	0.0	2.70879	0.0	0.0	0.0	0.0	0.0	2.18787	0.0	0.0	0.0	0.0	0.0	3.68812	0.0	0.0	0.0	0.0	0.0	0.0	0.0	0.0	0.0	8.947931428571428	0.0	3.61518875	0.0	0.0	0.0	0.0	0.0	0.0	0.0	1.29188	0.0	0.0	0.0	8.1472	31.1927	3.52142	9.43908	3.81314	0.0	20.9063	31.224	0.0	0.0	0.0	0.0	0.0	11.0435	0.0	0.0	0.0	0.0	0.0	0.0	0.0	0.0	0.0	0.0	0.0	0.0	0.0	0.0	0.0	4.70912	0.0	0.0	0.0	0.0	0.0	0.0	0.0	0.0	0.0	5.327283333333333	5.35507	4.365315	0.0	0.0	0.0	0.0	0.0	0.0	0.0	0.0	0.0	0.0	8.112473333333334	0.0	29.8175	11.78528	0.0	0.0	0.0	5.29255	8.95984	0.0	0.0	0.0	0.0	0.0	0.0	0.0	0.0	0.0	0.0	0.0	8.949435	11.095614999999999	7.25122	0.0	0.0	0.0	0.0	0.0	0.0	0.0	0.0	0.0	0.0	0.0	0.0	0.0	0.0	0.0	0.0	0.0	0.0	15.5547	15.6172	0.0	0.0	0.0	0.0	0.0	0.0	3.04218	0.916821	69.05326	102.7465	3.667285	9.25155	0.0	0.0	0.0	0.0	0.0	0.0	0.0	0.0	0.0	0.0	0.0	0.0	0.0	0.0	0.0	0.0	0.0	0.0	0.0	0.0	0.0	0.0	0.0	0.0	0.0	0.0	0.0	0.0	0.0	0.0	18.815657142857145	0.0	0.0	0.0	0.0	0.0	0.0	51.9045	0.0	2.52126	0.0	7.79297	0.0	0.0	0.0
N05_2_2	0.0	0.0	0.0	0.0	0.0	0.0	0.0	0.0	0.0	0.0	10.9822	0.0	0.0	0.0	0.0	0.0	0.0	0.0	0.0	0.0	0.0	0.0	0.0	0.0	1.01213	0.0	0.0	17.770474999999998	0.0	19.342983333333333	20.94536	0.0	0.0	0.0	0.0	0.0	0.0	0.0	0.0	0.0	0.0	0.0	0.0	0.0	0.0	0.0	0.0	0.0	0.0	0.0	0.0	0.0	0.0	0.0	0.0	0.0	0.0	0.0	0.349011	0.0	0.0	0.442081	0.0	0.0	0.0	0.0	0.0	0.0	0.0	0.0	0.0	0.0	0.0	0.0	0.0	0.0	0.0	0.0	0.0	0.0	0.0	0.0	0.0	0.0	0.0	8.472447333333333	19.9722	0.0	0.0	0.0	0.0	0.0	0.0	0.0	0.0	0.0	0.0	0.0	0.0	5.42131	0.372279	0.0	0.0	0.0	42.9284	2.001	0.0	0.0	0.0	0.0	0.0	0.0	0.0	0.0	0.0	0.0	0.0	0.0	0.0	0.0	0.0	0.0	0.0	0.0	0.0	0.0	0.0	0.0	0.0	0.0	0.0	0.0	0.0	0.0	0.0	0.0	0.0	0.0	0.0	0.0	0.0	0.0	3.4147738095238096	0.0	0.0	0.0	0.0	0.0	0.232674	0.0	0.0	0.0	0.0	0.0	0.0	4.129965	0.0	0.0	0.0	0.0	0.0	0.0	0.0	0.0	0.0	0.0	0.0	0.0	0.0	0.0	5.2119	0.0	0.0	3.501746666666667	38.2284	3.334996666666667	0.0	0.0	0.0	0.0	0.0	0.0	0.0	0.0	0.0	0.0	0.0	0.0	1.7799550000000002	0.0	0.0	2.02427	2.02427	0.0	0.0	0.0	0.0	0.0	0.0	1.04703	2.83863	30.9224	21.6852	0.930697	0.0	0.0	0.0	0.0	0.0	0.0	0.0	0.0	0.0	0.0	0.0	0.0	0.0	0.0	0.0	0.0	0.0	0.0	0.0	0.0	0.0	0.0	0.0	0.0	0.0	0.0	0.0	0.0	0.0	0.0	0.0	0.0	33.8308	31.7135	40.66887777777778	29.3751	0.0	0.0	7.18964	0.0	0.0	0.0	1.34951	0.0	0.0	0.0
N05_2_3	0.0	0.0	0.0	0.0	0.0	0.0	0.0	0.0	0.0	0.0	0.0	0.0	0.249349	0.24934899999999996	0.0	0.0	0.0	0.0	0.0	48.18186666666666	35.7911	3.03055	2.24414	0.0	0.0	0.0	0.0	0.0	0.28771	0.0	0.0	0.0	11.7578	0.0	12.2181	0.0	13.6375	10.9905	4.99337	0.0	0.0	0.0	0.0	0.0	0.0	0.0	5.46649	9.0341	0.0	0.0	0.0	0.0	0.0	0.0	0.0	0.0	0.0	0.0	0.0	0.0	0.0	0.0	1.49609	16.9174	0.0	0.0	0.0	2.03315	0.0	0.0	16.8215	0.0	28.1956	0.0	0.0	0.0	0.0	0.0	0.84395	12.313966666666667	3.72105	15.8624	0.0	0.0	0.0	0.0	0.0	5.44731	6.38717	0.0	12.17015	7.76817	2.253728333333333	1.87971	0.613782	0.0	0.0	0.0	17.5791	9.09164	1.36183	4.20057	0.632962	0.0	20.38054222222222	20.676753333333334	0.0	0.0	0.0	0.0	0.0	2.64693	0.0	0.0	0.0	0.0	0.0	0.0	0.0	0.0	0.0	8.95738	0.0	9.57116	0.345252	0.2877105	0.0	0.0	22.3455	6.78996	0.0	0.0	0.0	0.0	0.0	17.0708	0.0	0.978215	0.978215	0.8151785	0.0	0.0	0.7736208571428571	0.0	0.0	0.0	0.0	0.0	0.0	1.13166	3.0145633333333333	0.0	0.0	2.9614939999999996	0.48910750000000003	0.0	0.0	7.116020000000001	0.0	0.0	0.0	0.0	6.82832	0.0	8.24769	11.6427	8.84229	7.691450000000001	20.605432	3.54843	18.912138333333335	13.362540000000001	0.0	0.0	0.0	0.0	0.0	0.0	0.0	0.0	0.0	0.0	0.0	0.0	0.0	0.0	6.52143	10.3384	5.71584	6.588565	13.2922	5.74461	5.7542	0.0	0.0	0.0	0.364433	3.08809	0.0	1.47691	1.1892	28.602240000000002	19.60265	2.196185	5.88847	5.31305	0.0	0.17901966666666666	0.0	0.0	0.0	0.0	0.0	0.0	0.0	0.0	0.0	0.0	0.0	0.0	0.0	0.0	0.0	0.0	3.70187	0.0	0.0	0.0	0.0	0.0	0.0	0.0	0.0	0.0	0.0	0.0	0.0	0.0	0.0	0.0	0.0	0.0	32.0317	6.3488	8.736775	0.0	4.565	10.2617	10.722	0.0
N05_1_3	0.0	0.0	0.0	0.0	0.0	0.0	0.0	0.0	0.0	0.0	0.0	0.0	0.0	0.0	0.0	0.0	0.0	0.0	0.0	0.0	0.0	0.0	0.0	0.0	0.0	0.0	0.0	0.0	0.0	0.0	0.0	0.0	0.0	0.0	0.0	2.396565	0.0	0.0	0.0	0.0	0.0	0.0	0.0	0.0	0.0	0.0	0.0	0.0	0.0	0.0	0.0	0.0	0.0	0.0	0.0	0.0	0.0	0.0	0.0	0.0	0.0	0.0	0.840033	0.0	0.0	0.0	0.0	0.0	0.0	0.0	0.0	0.0	0.0	0.0	1.0871	0.0	0.0	0.0	0.0	0.0	0.0	0.0	0.0	0.0	0.0	0.0	0.0	0.0	0.0	0.0	0.0	0.0	0.0	0.0	0.0	0.0	0.0	0.0	0.0	2.96482	0.741205	0.0	0.0	0.0	3.21189	3.01423	0.0	0.0	0.0	0.0	0.0	0.0	0.0	0.0	0.0	0.0	0.0	0.0	0.0	0.0	0.0	0.0	0.0	0.0	0.0	0.0	0.0	0.0	0.0	0.0	0.0	0.0	0.0	0.0	0.0	0.0	0.0	0.0	0.0	0.0	0.0	0.0	0.0	0.0	0.0	0.0	0.0	0.0	0.0	0.0	2.7177550000000004	0.0	0.0	4.723946	0.0	0.0	0.0	1.28476	0.0	0.0	0.0	0.0	0.0	0.0	0.0	0.0	0.0	0.0	0.0	0.0	0.0	0.0	0.0	0.0	0.0	0.0	0.0	0.0	0.0	0.0	0.0	0.0	0.0	0.0	0.0	0.0	0.0	0.0	0.0	0.0	0.0	5.5590399999999995	5.608455	0.0	0.0	0.0	0.0	0.0	0.0	0.0	0.0	6.9673300000000005	8.49915	0.444723	0.0	0.0	0.0	0.0	0.0	0.0	0.0	0.0	0.0	0.0	0.0	0.0	0.0	0.0	0.0	0.0	0.0	0.0	0.0	0.0	0.0	0.0	0.0	0.0	0.0	0.0	0.0	0.0	0.0	0.0	0.0	0.0	0.0	0.0	0.0	0.0	0.0	0.0	0.0	0.0	0.0	0.0	0.0	0.0	0.0	0.0
N05_2_4	0.0	0.0	0.0	0.0	0.0	0.0	0.0	0.0	0.0	0.0	0.0	0.0	0.680713	0.6784439999999999	0.0	0.0	0.0	0.0	9.17602	49.800999999999995	36.5952	2.42334	0.0	0.0	0.0	0.0	0.0	0.0	0.0	0.0	0.0	0.0	11.3271	0.0	12.2801	3.25381	13.3148	11.082	4.047973333333334	0.0	0.0	0.0	0.0	0.0	0.0	0.0	5.47294	8.44085	0.0	0.0	0.0	0.0	0.0	0.0	0.0	0.0	0.0	0.0	0.0	0.0	0.0	0.0	0.0	15.5203	0.0	0.0	0.0	6.77991	1.25251	0.0	14.6762	0.0	26.5478	0.0	0.544571	0.0	0.0	0.0	0.789628	11.181866666666666	4.35657	13.5326	0.0	0.0	8.468072857142857	0.0	0.0	6.28979	5.82691	0.0	9.706980000000001	5.41848	2.387035	2.0966	0.0	0.0	0.0	0.0	16.06485	25.4315	0.952999	3.34911	0.0	0.0	23.612078181818184	28.2428	0.0	0.0	0.0	0.0	0.0	3.40357	0.0	0.0	0.0	0.0	0.0	0.0	0.0	0.0	0.0	7.84182	0.0	8.84927	0.544571	0.408428	0.0	0.0	25.4042	5.66354	0.0	0.0	0.0	0.0	0.0	16.7183	0.0	0.0	0.0	0.0	0.0	0.0	1.6024	0.0	0.0	0.0	0.0	0.0	0.0	2.314425	2.42334	0.0	24.3968	3.670404	1.1027550000000002	2.25997	0.0	7.17472	7.89628	0.0	0.0	0.0	6.83436	0.0	8.14133	12.5251	8.05965	7.851721818181818	22.056212000000002	2.94068	16.395464285714286	15.819766666666666	0.0	0.0	0.0	0.0	0.0	0.0	0.0	0.0	0.0	0.0	0.0	0.0	0.0	0.0	6.09919	12.7974	5.69076	5.132575	16.6366	9.77504	9.76143	0.0	0.0	0.0	0.0	3.10405	0.0	0.789628	0.871313	75.82246666666667	102.80579999999999	5.6635349999999995	18.4065	5.58185	0.0	0.0	0.0	0.0	0.0	0.0	0.0	0.0	0.0	0.0	0.0	0.0	0.0	0.0	0.0	0.0	0.0	0.0	3.34911	0.0	0.0	0.0	0.0	0.0	0.0	0.0	0.0	0.0	0.0	17.488500000000002	0.0	0.0	0.0	0.0	0.0	0.0	61.3731	5.01005	12.389	0.0	2.75008	9.50276	10.4013	0.0
N06_1_2	0.0	0.0	0.0	0.0	0.0	0.0	0.0	0.0	0.0	0.0	0.0	0.0	0.0	0.0	0.0	0.0	0.0	0.0	0.0	0.0	0.0	0.0	0.0	0.0	96.804775	0.0	0.0	0.0	0.0	0.0	0.0	0.0	0.0	0.0	0.0	37.2254	0.0	0.0	0.0	10.2691	0.0	0.0	0.0	0.0	0.0	0.0	0.0	0.0	0.0	0.0	0.0	0.0	3.25604	0.0	0.0	47.3518	49.5921	0.0	0.0	6.41816375	0.0	35.8165	0.0	0.0	0.0	0.0	0.0	0.0	0.0	0.0	0.0	0.0	0.0	0.0	30.9742	0.0	0.0	0.0	0.0	0.0	0.0	0.0	0.0	0.0	0.0	110.37566666666666	0.0	0.0	0.0	0.0	0.0	0.0	0.0	0.0	6.84604	0.0	0.0	0.0	0.0	105.216	16.6142	60.362	20.4338	0.0	99.1632	97.3682	0.573982	0.0	0.0	0.0	0.0	54.0587	0.0	0.0	0.0	0.0	0.0	0.0	0.0	0.0	0.0	0.0	0.0	0.0	0.0	0.0	0.0	0.0	0.0	0.0	0.0	0.0	0.0	0.0	0.0	0.0	0.0	49.672066666666666	49.941649999999996	38.70725	0.0	0.0	1.4693960000000001	0.0	0.0	0.0	0.0	0.0	0.0	0.0	0.0	0.0	0.0	0.0	0.0	3.15168	35.9939	21.9157	0.0	0.0	0.0	0.0	0.0	0.0	0.0	0.0	0.0	0.0	0.0	0.0	2.62988	35.3364	0.0	0.0	0.0	0.0	0.0	0.0	0.0	0.0	0.0	0.0	0.0	0.0	0.0	0.0	0.0	0.0	0.0	0.0	0.0	260.8805	258.866	2.92209	0.0	0.0	7.76441	0.0	0.0	18.0752	3.31866	175.8265	165.62	12.565	0.0	0.0	0.0	0.0	0.0	0.0	0.0	0.0	0.0	0.0	0.0	0.0	0.0	0.0	0.0	0.0	0.0	0.0	0.0	0.0	0.0	0.0	0.0	0.0	0.0	0.0	0.0	0.0	0.0	0.0	0.0	0.0	0.0	0.0	0.0	0.0	0.0	0.0	0.0	0.0	40.2831	0.0	58.3792	0.0	0.0	0.0
N06_1_3	0.0	4.02229	0.0	0.0	0.0	0.0	0.0	0.0	0.0	0.0	0.0	0.0	0.0	0.0	0.0	0.0	0.0	0.0	0.0	29.67963333333333	23.8595	4.72314	0.0	0.0	1.04366375	0.0	0.0	0.0	0.0	0.0	0.0	0.0	6.03344	9.618956666666667	14.078	0.0	15.0226	12.3106	3.4357075	0.0	2.22445	0.0	3.13861	3.93087	0.0	0.0	3.41285	5.195455	0.0	0.0	0.0	0.0	0.0	0.0	0.0	0.0	0.0	2.5501834482758623	0.0	0.0	0.0	0.365663	0.0	8.86732	0.0	0.0	20.3248	0.0	0.0	0.0	7.55703	0.0	14.1085	0.0	1.49312	0.0	0.0	0.0	0.0	7.323416666666667	2.95577	8.53213	0.0	0.0	0.0	3.305184666666667	0.0	3.56521	2.62058	0.0	6.109615	3.595685	2.55964	2.40728	0.0	0.0	0.0	0.0	10.314743333333334	7.22184	1.15793	0.0	0.0	0.0	10.628589	12.848983333333331	0.0	0.0	0.0	0.0	0.0	0.0	0.0	0.0	0.0	0.0	0.0	0.0	0.0	0.0	0.0	6.30768	0.0	5.02786	0.578966	0.457078	0.0	0.0	12.4935	4.78409	0.0	0.0	0.0	0.0	0.0	10.269	0.0	2.19398	2.19398	0.0	0.0	0.0	0.0	0.0	0.0	0.0	0.0	0.0	0.0	0.548494	2.3209400000000002	0.0	0.0	3.8028959999999996	1.0665149999999999	0.0	0.0	4.2813	0.0	0.0	2.04162	0.0	3.56521	0.0	7.13042	6.21627	5.51541	6.03344	16.119636	2.68153	12.925146666666668	7.435133333333333	0.0	0.0	0.0	0.0	0.0	0.0	16.1501	7.34373	2.40728	18.923	3.16908	6.42957	14.2304	0.0	3.13861	8.04458	4.02229	5.698245	11.5184	9.857655000000001	9.84242	0.0	2.5748800000000003	3.38238	0.0	3.16908	0.0	0.792269	0.0	17.265386	10.71088	1.49312	3.71757	2.86436	0.0	0.0	20.2333	0.0	0.0	0.0	0.0	0.0	0.0	0.0	34.0066	13.7124	9.141570000000002	2.89483	19.1973	8.86732	15.7235	1.98067	2.68153	0.0	0.0	6.460038695652173	9.93387	0.0	0.0	0.0	0.0	0.0	0.0	0.0	0.0	0.0	0.0	0.0	0.0	0.0	19.2582	3.6871	10.2081	0.0	2.62058	8.71496	9.59865	0.0
N06_1_4	0.0	5.97645	0.0	0.0	0.0	0.0	0.0	0.0	0.0	0.0	0.0	0.0	0.0	0.0	0.0	0.0	0.0	0.0	1.60262	46.68756666666667	36.5932	4.27366	2.7712	0.0	0.0	0.0	0.0	0.0	0.0	0.0	0.0	0.0	10.2835	16.248833333333334	22.7372	10.5506	24.1061	19.8659	6.1183475	0.0	2.92145	0.0	5.80951	6.84454	0.0	0.0	4.67432	12.7208	0.0	0.0	0.0	0.0	0.0	0.0	0.0	1.64714	1.6694	4.929181333333333	0.0	1.00164	0.0	0.0	3.50574	14.3234	0.0	0.0	38.5631	0.0	0.0	0.0	12.8878	0.0	25.3081	0.0	4.77448	0.0	0.0	0.0	0.0	13.054699999999999	3.80623	13.856	0.0	0.0	1.20197	0.0	0.0	5.14175	4.37383	0.0	10.61739	5.07497	4.256965	3.80623	1.53585	0.0	1.6694	0.0	17.584366666666668	32.5867	4.1735	11.1182	4.94142	0.0	22.036082999999998	23.1212	0.116858	0.0	0.0	0.0	0.0	12.22	0.0	0.0	0.0	0.0	0.0	0.0	0.0	0.0	0.0	10.1166	0.0	7.97973	0.0	0.0	0.0	0.0	23.405	8.31361	0.0	0.0	0.0	0.0	0.0	17.3618	0.0	6.0321	6.04323	4.691015	0.0	0.0	0.0	0.0	0.0	0.0	0.0	0.0	0.0	1.1018	11.4966	0.0	5.2753	15.21824	0.0	0.0	0.0	8.747630000000001	1.80295	0.0	3.43896	0.0	6.41049	0.0	9.94962	10.6508	9.34864	10.8177	27.742756	4.14011	20.016085	14.022966666666667	0.0	0.0	0.0	0.0	0.0	0.0	22.1028	10.3503	3.80623	15.4253	3.83962	9.98301	15.7925	0.0	4.97481	13.4887	8.41377	10.41705	14.9244	25.15785	25.2079	0.0	2.687735	4.10672	0.734536	4.70771	0.0	3.87301	1.46907	64.26520000000001	79.6749	2.72112	12.1198	6.11	0.0	0.0	0.0	0.0	0.0	0.0	0.0	0.0	0.0	0.0	49.5478	15.3251	13.4887	3.3388	26.4767	12.5205	18.8976	3.50574	3.43896	0.0	0.0	10.036735217391305	13.994692307692308	0.0	0.0	0.0	0.0	0.0	0.0	4.020217727272727	0.0	0.0	0.0	0.0	0.0	0.0	53.1203	5.34208	12.1866	0.0	9.98301	14.7909	17.5955	0.0
N07_1_3	0.0	0.0	0.0	0.0	0.0	0.0	0.0	0.0	0.0	0.0	3.15944	0.0	0.0	0.0	0.0	0.0	0.0	0.0	0.0	0.0	0.0	0.0	0.0	0.0	53.34285	0.0	0.0	5.2839	56.917675	7.170031666666667	6.12823	0.0	0.0	0.0	0.0	6.9998	0.0	0.0	0.0	0.0	0.0	0.0	0.0	0.0	0.0	0.0	0.0	0.0	0.0	0.0	0.0	0.0	2.47853	0.0	0.0	36.814766666666664	37.5048	0.0	0.0	19.634175	0.0	26.7463	0.0	0.0	0.0	0.0	0.0	0.0	0.0	0.0	0.0	0.0	0.0	0.0	3.40457	0.0	0.0	0.0	0.0	0.0	0.0	0.0	0.0	0.0	0.0	22.86057333333333	6.38016875	0.0	0.0	0.0	0.0	0.0	0.0	0.0	7.68072	0.0	0.0	0.0	0.0	31.5127	14.4354	37.5048	3.24115	1.33459	22.43386	30.859	0.12256449999999999	0.0	0.0	0.0	0.0	21.5714	0.0	0.0	0.0	0.0	0.0	0.0	0.0	0.0	0.0	0.0	0.0	0.0	0.490259	0.531113	1.44354	0.0	0.0	0.0	1.6342	0.0	0.0	0.0	0.0	0.0	0.0	12.347216666666666	12.3858	10.1048	0.0	0.0	0.0	0.0	0.0	0.0	0.0	0.0	0.0	0.0	23.16926666666667	0.0	0.0	42.7723	0.0	0.0	0.0	9.72346	0.0	0.0	0.0	0.0	0.0	0.0	0.0	0.0	0.0	0.0	0.0	0.0	2.50577	5.74692	0.0	0.0	13.6455	0.0	0.0	0.0	0.0	0.0	0.0	0.0	0.0	0.0	0.0	0.0	0.0	0.0	0.0	0.0	0.0	95.5187	95.46424999999999	0.0	0.0	0.0	5.17495	0.0	0.0	27.9992	0.0	90.6026	62.943749999999994	14.8984	0.0	0.0	0.0	53.5562	0.0	0.0	0.0	0.0	0.0	0.0	0.0	0.0	0.0	0.0	0.0	0.0	0.0	0.0	0.0	0.0	0.0	0.0	0.0	0.0	0.0	0.0	0.0	0.0	0.0	0.0	0.0	2.7982005263157896	13.128	12.4471	16.098333333333333	12.48795	0.0	0.0	0.0	0.0	2.36958	0.0	109.219	0.0	0.0	3.40457
N07_1_4	0.0	0.0	0.0	0.0	0.0	0.0	0.0	0.0	0.0	0.0	0.0	0.0	0.0	0.0	0.0	0.0	0.0	0.0	0.0	0.0	0.0	0.0	0.0	0.0	0.0	1.33709	0.0	0.71519	0.0	0.7696062499999999	0.77738	0.0	0.0	0.0	0.0	8.846585000000001	0.0	0.0	0.0	0.0	0.0	0.0	0.0	0.0	0.0	0.0	0.0	0.0	0.0	0.0	0.0	0.0	0.0	0.0	0.0	3.57595	3.54485	0.0	0.0	2.1922125	0.0	0.0	2.20776	0.0	0.0	0.0	0.0	0.0	35.7906	0.0	0.0	0.0	0.0	0.0	3.76252	0.0	0.0	0.0	0.0	0.0	0.0	0.0	5.69042	0.8706659999999999	0.0	10.595206666666666	5.4300025000000005	0.0	0.0	0.0	0.0	0.0	0.0	0.0	1.6014050000000002	0.0	0.0	0.0	0.0	47.0471	5.28619	0.0	6.03247	96.4262	76.19363333333334	34.3913	0.0	0.0	0.0	0.0	0.0	22.1087	0.0	0.0	0.0	0.0	0.0	0.0	0.0	0.0	0.0	0.0	0.0	0.0	25.4981	21.2691	42.5072	0.0	0.0	0.0	39.31985	0.0	0.0	0.0	0.0	0.0	0.0	7.374746666666667	7.40066	6.1724	0.310952	2.95405	0.0	0.0	0.0	0.0	0.0	0.0	0.0	0.0	0.0	0.0	0.0	0.0	0.0	0.0	11.1943	6.28123	0.0	0.0	0.0	0.0	0.0	0.0	0.0	0.0	0.0	0.0	0.0	0.0	81.8737	23.2592	0.0	0.0	1.49257	0.0	0.0	0.0	0.0	0.0	0.0	0.0	0.0	0.0	0.0	0.0	0.0	0.0	0.0	0.0	0.0	16.4805	16.402749999999997	0.0	0.0	0.0	0.0	0.0	0.0	5.877	0.0	133.31533333333334	150.983	11.1632	0.0	0.0	0.0	0.0	0.0	0.0	0.0	0.0	0.0	0.0	0.0	0.0	0.0	0.0	0.0	0.0	0.0	0.0	0.0	0.0	0.0	0.0	0.0	0.0	0.0	0.0	0.0	0.0	0.0	0.0	1.0999945	85.57066428571429	1.2749	1.36819	1.6100422222222222	1.36819	0.0	0.0	0.0	0.0	7.24518	0.0	11.8162	0.0	0.0	87.4708
N07_2_2	0.0	0.0	0.0	0.0	0.0	0.0	0.0	0.0	0.0	0.0	0.288785	0.0	0.0	0.0	0.0	0.0	0.0	0.0	0.0	0.0	0.0	0.0	0.0	0.0	2.7996175	0.0	0.0	0.0	0.0	0.0	0.577571	0.0	0.0	0.0	0.0	2.6471999999999998	0.0	0.0	0.0	0.0	0.0	0.0	0.0	0.0	0.0	0.0	0.0	0.0	0.0	0.0	0.0	0.0	0.0	0.0	0.0	2.3530666666666664	2.40654	0.0	0.0	0.0	0.0	0.93053	0.0	0.0	0.0	0.0	0.0	0.0	0.0	0.0	0.0	0.0	0.0	0.0	1.34766	0.0	0.0	0.0	0.0	0.0	0.0	0.0	7.70094	0.0	0.0	16.09498	0.6032406	0.0	0.0	0.0	0.0	0.0	0.0	0.0	0.35296	0.0	0.0	0.0	0.0	4.26761	0.70592	2.24611	1.09097	0.0	3.91465	4.97352	0.0	0.0	0.0	0.0	0.0	2.91994	0.0	0.0	0.0	0.0	0.0	0.0	0.0	0.0	0.0	0.0	0.0	0.0	0.0	0.0	0.0	0.0	0.0	0.0	0.0	0.0	0.0	0.0	0.0	0.0	0.0	0.0	0.0	0.0	0.0	0.0	1.5249071428571428	0.0	0.0	0.0	0.0	0.0	0.0	0.0	0.0	0.0	0.0	0.0	0.0	3.160595	0.0	0.962618	0.0	0.0	0.0	0.0	0.0	0.0	0.0	0.0	0.0	0.0	0.0	0.0	0.0	1.44393	0.0	0.0	1.5081	0.0	0.0	0.0	0.0	0.0	0.0	0.0	0.0	0.0	0.0	0.0	0.0	0.0	0.0	0.0	0.0	10.63695	10.63695	0.0	0.0	0.0	0.609658	0.0	0.0	0.70592	0.770094	7.497723333333333	9.94705	0.866356	0.0	0.0	0.0	0.0	0.0	0.0	0.0	0.0	0.0	0.0	0.0	0.0	0.0	0.0	0.0	0.0	0.0	0.0	0.0	0.0	0.0	0.0	0.0	0.0	0.0	0.0	0.0	0.0	0.0	0.0	0.0	1.435905	1.2514	1.2514	1.5918822222222222	1.37975	0.0	0.0	1.41184	0.0	1.54019	1.31558	2.47072	0.0	0.0	0.0
N07_2_3	0.0	0.0	0.0	0.0	0.0	0.0	0.0	0.0	1.94517	0.0	4.60389	0.0	0.0	0.0	0.0	0.0	0.0	0.0	0.0	40.10563333333334	25.5706	0.0	0.0	0.0	7.27238	0.0	0.0	8.94386	1.6201575	7.792889166666666	7.530436	0.0	0.0	78.57886666666667	81.2572	8.269404999999999	85.0986	71.9028	25.56086666666667	0.938372	11.685645000000001	4.51592	25.512	19.9404	2.28728	0.0	4.83848	7.487423333333332	6.53928	0.0	0.0	0.0	0.586483	0.0	0.0	8.59197	8.73859	0.0	0.0	3.34294875	0.0	3.02039	0.615807	0.0	0.0	0.0	0.0	0.0	3.95876	0.0	11.3484	0.0	22.7555	0.0	3.69484	0.0	0.0	0.0	0.0	8.435573333333332	3.22565	10.498	2.81512	2.81512	0.0	1.7418546666666666	10.241455	5.30767	5.33699	0.0	7.565625000000001	5.64489	0.0	0.0	0.0	0.0	0.0	0.0	16.098933333333335	21.084	3.90011	10.1755	3.34295	10.9965	17.4747425	21.651	0.0	0.0	0.0	0.0	0.0	9.85291	0.0	0.0	0.0	0.0	0.0	0.0	0.0	0.0	0.0	5.89415	0.0	4.86781	2.22863	2.1846449999999997	5.24902	0.0	18.3276	0.0	4.6698675000000005	0.0	0.0	2.25796	0.0	13.8996	5.27834	8.044581666666668	8.0861275	6.55394	0.0	0.0	0.0	0.0	15.141	3.3136225	1.158305	3.797473333333333	2.903086666666667	0.0	4.755398333333333	0.0	0.0	8.304592	0.0	0.0	0.0	8.1081	0.0	6.89117	2.87376	0.0	7.80022	3.95876	0.0	6.07009	6.97914	0.0	0.0	0.0	16.548583333333333	13.57705	4.92645	0.0	17.5652	0.0	0.0	0.0	30.7024	15.3072	5.60091	29.4414	4.92645	14.3102	26.1278	0.0	4.1347	0.0	6.65658	4.80916	11.671	37.256299999999996	37.314949999999996	0.0	0.0	0.0	0.8504	0.0	0.0	2.5512	0.0	37.91121666666667	45.950950000000006	3.152345	7.62427	0.0	0.0	1.6323766666666666	25.1601	0.0	0.0	0.0	0.0	0.0	0.0	0.0	69.4982	21.5532	24.0751	6.53928	41.259	15.0726	27.7699	4.33997	2.49255	0.0	0.0	0.0	0.0	0.0	0.0	0.0	0.0	0.0	0.0	14.9775868	15.2192	13.4011	17.89423888888889	13.4011	0.0	0.0	28.4737	5.92347	8.298725000000001	0.0	7.15509	0.0	0.0	12.668
N07_2_4	0.0	0.0	0.0	0.0	0.0	0.0	0.0	0.0	4.827459999999999	0.0	0.0	0.0	0.0	0.0	0.0	0.0	0.0	0.0	0.0	137.61633333333336	87.8058	7.29183	0.0	0.0	0.0	0.0	0.0	0.0	0.0	0.0	0.0	0.0	0.0	233.05166666666665	244.833	0.0	254.758	212.932	88.53163333333333	0.0	34.2311	12.9126	79.0961	57.8789	6.32972	0.0	13.8747	24.20483333333333	23.5972	0.0	0.0	0.0	0.0	0.0	0.0	0.0	0.0	0.0	0.0	0.0	0.0	0.0	0.0	0.0	0.0	0.0	0.0	0.0	4.40548	0.0	32.9145	0.0	77.577	0.0	0.0	0.0	0.0	0.0	0.0	23.44526666666667	12.9633	33.6234	0.0	2.12678	0.0	0.0	1.088710875	14.1279	16.0522	0.0	27.87605	16.583849999999998	0.0	0.0	0.0	0.0	0.0	0.0	46.40945	6.02589	0.0	0.0	0.0	13.7228	49.61372222222222	64.74035	0.0	0.0	0.0	0.0	0.0	0.0	0.0	0.0	0.0	0.0	0.0	0.0	0.0	0.0	0.0	19.9006	0.0	16.1534	2.88635	2.88635	5.97525	0.0	55.2458	0.0	4.81058	0.0	0.0	8.55777	0.0	48.1565	18.3309	0.0	0.0	0.0	0.0	0.0	0.0	0.0	35.269149999999996	7.722255	2.455925	12.279666666666666	6.785453333333334	0.0	0.0	0.0	0.0	0.0	0.0	0.0	0.0	38.7885	0.0	24.2048	8.15267	0.0	28.0533	14.1786	0.0	22.8376	23.2427	0.0	0.0	0.0	38.29658571428571	53.65065	0.0	0.0	0.0	0.0	0.0	0.0	98.4397	46.4348	16.913	82.2357	13.0645	43.751	87.4007	0.0	14.0773	0.0	23.901	14.7356	40.0544	0.0	0.0	0.0	0.0	0.0	0.0	0.0	0.0	0.0	0.0	68.79147499999999	34.2311	9.46925	23.5465	0.0	0.0	0.0	89.2237	0.0	0.0	0.0	0.0	0.0	0.0	0.0	209.488	71.3485	74.4374	20.2045	131.304	49.7262	91.5024	17.546	9.595849999999999	0.0	0.0	0.0	0.0	0.0	0.0	0.0	0.0	0.0	0.0	16.807321304347827	0.0	0.0	0.0	0.0	0.0	0.0	76.1591	16.356	42.7889	0.0	0.0	0.0	0.0	12.4569
N07_1_2	0.0	0.0	0.0	0.0	0.0	0.0	0.0	0.0	0.0	0.0	21.6976	0.0	0.0	0.0	0.0	0.0	0.0	0.0	0.0	0.0	0.0	0.0	0.0	0.0	10.623215	0.0	0.0	39.936400000000006	8.08825	48.26095833333333	43.9107	0.0	0.0	0.0	0.0	0.0	0.0	0.0	0.0	0.0	0.0	0.0	0.0	0.0	0.0	0.0	0.0	0.0	0.0	0.0	0.0	0.0	0.515586	0.0	0.0	4.582983333333334	4.64027	0.0	0.0	1.16007	0.0	5.37068	0.0	0.0	0.0	0.0	0.0	0.0	0.0	0.0	0.0	0.0	0.0	0.0	0.0	0.0	0.0	0.0	0.0	0.0	0.0	0.0	0.0	0.0	0.0	48.00387333333333	45.6293	0.0	0.0	0.0	0.0	0.0	0.0	0.0	0.859309	0.0	0.0	0.0	0.0	9.02275	1.89048	7.86268	0.0	0.0	56.0912	5.75737	0.0	0.0	0.0	0.0	0.0	4.29655	0.0	0.0	0.0	0.0	0.0	0.0	0.0	0.0	0.0	0.0	0.0	0.0	0.0	0.0	0.0	0.0	0.0	0.0	0.0	0.0	0.0	0.0	0.0	0.0	0.0	1.67565	1.67565	0.0	0.0	0.0	0.0	0.0	0.0	0.0	0.0	0.0	0.0	0.0	2.549281666666667	0.0	0.0	3.6778440000000003	0.0	0.0	0.0	1.63269	0.0	0.0	0.0	0.0	0.0	0.0	0.0	0.0	0.0	0.0	0.0	0.0	0.0	0.0	0.0	0.0	107.628	0.0	0.0	0.0	0.0	0.0	0.0	0.0	0.0	0.0	0.0	0.0	0.0	0.0	0.0	0.0	0.0	12.5889	12.5244	0.0	0.0	0.0	0.0	0.0	0.0	6.14406	0.0	82.59400000000001	48.7658	2.27717	0.0	0.0	0.0	4.7834900000000005	0.0	0.0	0.0	0.0	0.0	0.0	0.0	0.0	0.0	0.0	0.0	0.0	0.0	0.0	0.0	0.0	0.0	0.0	0.0	0.0	0.0	0.0	0.0	0.0	0.0	0.0	0.0	0.0	95.6841	85.9309	113.36672222222222	87.24135000000001	0.0	0.0	0.0	0.0	5.19882	0.0	20.3656	0.0	0.0	0.0
N08_1_2	0.0	0.0	0.0	0.0	0.0	0.0	0.0	0.0	0.0	0.0	0.0	12.124633333333334	0.0	0.0	0.0	0.0	0.0	0.0	0.0	48.4863	0.0	0.0	0.0	0.0	13.112725000000001	63.8142	12.124633333333334	0.0	0.0	0.0	0.0	0.0	0.0	0.0	0.0	21.7312	0.0	0.0	0.0	0.0	0.0	0.0	0.0	0.0	0.0	0.0	0.0	0.0	0.0	0.0	0.0	0.0	8.78746	0.0	0.0	103.90899999999999	107.222	0.0	0.0	49.7766125	0.0	7.19805	1.69903	0.0	0.0	0.0	0.0	0.0	27.1297	0.0	0.0	0.0	0.0	0.0	53.6017	0.0	0.0	0.0	0.0	0.0	0.0	0.0	66.5911	56.68915	0.0	43.995779999999996	0.0	0.0	0.0	0.0	0.0	0.0	0.0	0.0	3.717775	0.0	0.0	0.0	0.0	114.274	23.7316	69.8064	6.8144	0.0	126.624	105.486	0.2283645	0.0	0.0	0.0	0.0	94.9265	0.0	0.0	0.0	0.0	0.0	0.0	0.0	0.0	0.0	0.0	0.0	0.0	0.0	0.0	0.0	0.0	0.0	0.0	0.0	0.0	0.0	0.0	0.0	0.0	0.0	93.7238	94.1227	74.4103	4.092295	53.0719	1.2440425714285714	0.0	0.931727	0.0	0.0	0.0	0.0	0.0	3.845658333333333	0.0	0.0	5.648824	0.0	2.00961	63.2204	44.1931	0.0	0.0	0.0	0.0	0.0	0.0	0.0	0.0	0.0	0.0	0.0	0.0	29.248925	69.0757	50.094	0.0	0.0	0.9987111666666667	0.0	0.0	0.0	0.0	0.0	0.0	0.0	0.0	0.0	15.3826	0.0	0.0	0.0	0.0	0.0	64.26175	64.0608	0.602882	0.0	0.0	2.92307	0.0	0.0	18.5797	4.12883	199.5815	192.904	12.5144	0.0	0.0	0.0	0.0	0.0	0.0	0.0	0.0	0.0	0.0	0.0	0.0	0.0	0.0	0.0	0.0	0.0	0.0	0.0	0.0	0.0	0.0	0.0	0.0	0.0	0.0	0.0	0.0	0.0	0.0	0.0	1.052761125	0.0	0.0	0.0	0.0	0.0	0.0	0.0	0.0	14.9807	0.6181061666666666	59.9228	0.0	0.0	0.0
N08_1_3	0.0	0.0	0.0	0.0	0.0	0.0	0.0	0.0	0.0	0.0	0.0	2.57775	0.0	0.0	0.0	0.0	0.0	0.0	14.4295	0.0	0.0	0.0	0.0	0.0	0.0	0.0	2.57775	0.0	7.1036225	0.0	0.0	0.0	0.0	0.0	0.0	0.0	0.0	0.0	0.0	0.0	0.0	0.0	0.0	0.0	0.0	0.0	0.0	0.0	0.0	0.0	0.0	0.0	0.0	0.0	0.0	0.0	0.0	0.0	0.0	0.625919	0.0	0.0	0.948138	0.0	0.0	0.0	0.0	0.0	9.33323	0.0	0.0	0.0	0.0	0.0	1.89628	3.9407	3.40737	0.0	0.0	0.0	0.0	0.0	0.0	0.0	19.959564285714286	0.0	0.0	0.0	0.0	0.0	0.0	0.0	0.0	0.0	0.0	0.0	0.0	0.0	0.0	17.8072	2.13331	4.97772	1.95553	25.8368	23.488625	23.081200000000003	0.0	0.0	0.0	0.0	0.0	7.22955	0.0	0.0	0.0	0.0	0.0	0.0	0.0	0.0	0.0	0.0	0.0	0.0	6.51845	5.525865	11.911	0.0	0.0	0.0	11.8147	0.0	0.0	0.0	0.0	0.0	0.0	4.79995	4.82958	3.629585	0.0	0.0	0.0	0.0	0.0	0.0	0.0	0.2444415	0.0	0.0	2.281455	0.0	35.9107	3.282924	0.0	0.0	0.0	3.05182	11.9406	0.0	0.0	0.0	0.0	0.0	0.0	0.0	0.0	0.0	0.0	0.0	20.5331	8.47398	0.0	0.0	0.0	0.0	0.0	0.0	0.0	0.0	0.0	0.0	0.0	0.0	0.0	0.0	0.0	0.0	0.0	0.0	0.0	1.83702	1.83702	0.0	0.0	0.0	0.0	0.0	0.0	1.24443	0.0	51.858675	61.243766666666666	4.68143	0.0	0.0	0.0	5.619693333333333	0.0	0.0	0.0	0.0	0.0	0.0	0.0	0.0	0.0	0.0	0.0	0.0	0.0	0.0	0.0	0.0	0.0	0.0	0.0	0.0	0.0	0.0	0.0	0.0	0.0	0.0	0.0	37.5287	0.0	0.0	0.0	0.0	0.0	0.0	0.0	0.0	3.67403	0.0	4.08884	0.0	0.0	25.9553
N08_1_4	0.0	0.0	0.0	0.0	0.0	0.0	0.0	0.0	0.0	0.0	0.0	4.79883	0.0	0.0	0.0	0.0	0.0	0.0	37.3838	0.0	0.0	0.0	0.0	0.0	0.0	0.0	4.79883	0.0	23.147975000000002	0.0	0.0	0.0	0.0	0.0	0.0	5.52723	0.0	0.0	0.0	0.0	0.0	0.0	0.0	0.0	0.0	0.0	0.0	0.0	0.0	0.0	0.0	0.0	0.599854	0.0	0.0	2.592226666666667	2.84931	0.0	0.0	2.73147875	0.0	0.0	3.96332	0.0	0.0	0.0	0.0	0.0	21.4019	0.0	0.0	0.0	0.0	0.0	6.8769	7.00544	6.26276	0.0	0.0	0.0	0.0	0.0	0.0	0.0	41.28740714285714	0.0	0.0	0.0	0.0	0.0	0.0	0.0	0.0	0.0	3.738375	0.0	0.0	0.0	0.0	57.3075	7.2411	20.0737	10.6474	58.293	57.61814999999999	61.3458	0.2892155	0.0	0.0	0.0	0.0	27.8932	0.0	0.0	0.0	0.0	0.0	0.0	0.0	0.0	0.0	0.0	0.0	0.0	16.3674	13.271799999999999	25.3867	0.0	0.0	0.0	26.76315	0.0	0.0	0.0	0.0	0.0	0.0	18.920383333333334	18.9704	15.5855	0.0	0.0	0.0	0.0	0.0	0.0	0.0	0.0	0.0	0.0	13.386033333333335	0.0	93.0416	14.242239999999999	0.0	0.0	0.0	10.9473	32.6278	0.0	0.0	0.0	0.0	0.0	0.0	0.0	0.0	0.0	0.0	0.0	49.0381	28.643	13.4753	0.0	0.0	0.0	0.0	0.0	0.0	0.0	0.0	0.0	0.0	0.0	0.0	3.12781	0.0	0.0	0.0	0.0	0.0	5.18445	5.18445	0.0	0.0	0.0	0.0	0.0	0.0	7.56245	0.0	142.07425	164.517	12.8969	0.0	0.0	0.0	18.781133333333333	0.0	0.0	0.0	0.0	0.0	0.0	0.0	0.0	0.0	0.0	0.0	0.0	0.0	0.0	0.0	0.0	0.0	0.0	0.0	0.0	0.0	0.0	0.0	0.0	0.0	0.0	0.0	90.88001666666668	0.0	0.0	0.0	0.0	0.0	0.0	0.0	0.0	15.3605	0.0	21.1449	0.0	0.0	50.8376
N08_2_3	0.0	1.64274	0.0	0.0	0.0	0.0	0.0	0.0	0.0	0.0	1.3142	0.0	0.0	0.0	0.0	0.0	0.0	0.0	0.0	15.062733333333334	11.6256	3.28549	0.808736	0.0	0.0	0.0	0.0	2.83058	0.0	6.2234783333333334	2.50203	0.0	2.85585	5.332603333333334	5.9897	0.0	6.97535	5.48424	2.5841625	0.0	1.1120095	0.0	1.46583	1.81966	0.0	0.0	1.61747	3.33604	0.0	0.0	0.0	0.0	0.0	0.0	0.0	0.0	0.0	1.7176610357142859	0.0	0.0	0.0	0.0	0.0	4.44805	0.0	0.0	11.1959	0.0	0.0	0.0	4.14477	0.0	6.84898	0.0	0.0	0.0	0.0	0.0	0.0	3.2180933333333335	1.97129	4.57441	0.0	0.0	0.0	0.0	5.3799875	1.97129	1.49111	0.0	3.083305	1.996565	1.16256	0.935101	0.0	0.0	0.0	0.0	4.6586566666666664	0.0	0.0	0.0	0.0	0.0	6.160995555555555	8.605455	0.0	0.0	0.0	0.0	0.0	0.0	0.0	0.0	0.0	0.0	0.0	0.0	0.0	0.0	0.0	2.85585	0.0	2.42621	0.0	0.0	1.03619	0.0	6.79844	1.92075	1.3142	0.0	0.0	0.0	0.0	4.6755	0.0	0.0	0.0	0.0	0.0	0.0	0.0	0.0	0.0	0.0	0.0	0.0	0.0	0.49282349999999997	0.0	0.0	0.0	0.0	0.0	0.0	0.0	3.51295	0.0	0.0	0.0	0.0	2.90639	0.0	3.61404	4.44805	2.67894	2.95694	7.9276316	1.66802	5.7470799999999995	5.16833	0.0	0.0	9.24992	0.0	0.0	0.0	9.55319	5.43369	1.5922	12.409	1.74384	3.36131	7.88517	0.0	1.64274	3.48767	2.29984	2.79267	6.49516	0.0	0.0	0.0	2.23666	2.60312	0.0	1.2131	0.0	0.0	0.0	8.25162	5.73697	0.808736	1.71856	1.51638	0.0	0.0	0.0	0.0	0.0	0.0	0.0	0.0	0.0	0.0	16.9835	7.50608	6.29298	2.50203	9.19937	4.27114	8.97191	1.18783	1.9207450000000001	0.0	0.0	2.371264782608695	0.631825	0.0	0.0	0.0	0.0	0.0	0.0	0.0	0.0	0.0	0.0	0.0	0.0	0.0	10.6147	1.89547	5.07987	0.0	0.0	4.06895	4.90296	1.28892
N08_2_4	0.0	19.2316	0.0	0.0	0.0	0.0	0.0	0.0	0.0	0.0	0.0	0.0	0.0	0.0	0.0	0.0	0.0	17.145	4.31233	153.992	116.537	18.8838	0.0	0.0	0.0	0.0	0.0	0.0	1.42585	0.0	0.0	0.0	30.8123	47.29656666666667	70.4927	0.0	76.7526	62.807	21.3762	0.0	8.86812	0.0	17.8058	21.2487	0.0	0.0	15.1975	28.377950000000002	0.0	0.0	0.0	0.0	0.0	0.0	0.0	0.0	0.0	14.2704775	0.0	0.0	0.0	0.0	0.0	48.5137	0.0	0.0	100.888	6.32939	4.45144	0.0	38.8805	0.0	80.7171	0.0	0.0	0.625984	0.6027993333333334	0.0	0.0	38.7646	14.1194	45.0013	0.0	0.0	4.7892728571428576	0.0	0.0	15.3366	17.7014	0.0	33.768299999999996	17.1102	12.8153	11.7198	0.0	0.0	4.6079349999999994	0.0	52.930416666666666	0.0	0.0	0.0	0.0	12.9718	56.38489666666666	52.32763333333333	0.0	0.0	0.0	0.0	0.0	0.0	0.0	0.0	0.0	0.0	0.0	0.0	0.0	0.0	0.0	32.2382	0.0	26.9869	3.3038	2.74737	4.6601	0.0	62.1115	22.605	5.694715	0.0	0.0	0.0	0.0	53.4173	0.0	0.0	0.0	0.0	0.0	0.0	0.0	0.0	0.0	0.0	0.0	0.0	0.0	2.486545	0.0	0.0	10.6417	0.0	0.0	0.0	0.0	37.4895	4.10367	0.0	0.0	0.0	23.2657	0.0	33.2815	36.7939	26.0827	35.45658181818182	86.43723200000001	13.4934	56.31535	47.818200000000004	0.0	0.0	0.0	0.0	0.0	0.0	66.8759	32.7598	12.6588	56.1299	12.7979	29.0039	50.6351	0.0	17.3189	44.8274	22.5354	32.359899999999996	49.557	1.04331	1.04331	0.0	9.82447	13.3543	0.0	16.9711	0.0	0.0	0.0	59.23081666666667	37.674933333333335	7.09448	21.0748	16.3799	0.0	1.1476333333333333	104.157	0.0	0.0	0.0	0.0	0.0	0.0	0.0	163.834	48.7572	45.522949999999994	12.311	84.6121	40.7237	61.9724	10.2592	10.6069	0.0	0.0	29.052278260869567	0.0	0.0	0.0	0.0	0.0	0.0	0.0	15.798478125	0.0	0.0	0.0	0.0	0.0	0.0	79.1869	15.1279	42.1843	0.0	0.0	47.2618	49.3484	10.6069
N08_2_2	0.0	0.554405	0.0	0.0	0.0	0.0	0.0	0.0	0.0	0.0	21.9746	0.0	0.0	0.0	0.0	0.0	0.0	0.0	0.0	2.8812200000000003	2.11682	0.378003	0.0	0.0	8.6310675	4.73764	0.0	36.313500000000005	0.0	48.241600000000005	37.8759	0.0	0.504004	1.03321	1.41121	0.0	1.53721	0.0	0.487204	0.327603	0.226802	0.0	0.0	0.0	0.0	0.0	0.0	1.08361	0.0	0.0	0.0	0.0	1.66321	0.0	0.0	11.508099999999999	11.9449	0.43848380000000003	0.0	3.7485299999999997	0.0	4.08243	0.0	0.0	0.0	0.0	3.80523	0.0	0.0	0.0	1.18441	0.0	1.56241	0.0	3.95643	0.0	0.0	0.0	0.0	0.722406	0.0	1.15921	71.1402	3.66663	0.0	115.08613333333332	74.4855125	0.0	0.0	0.0	0.9072075	0.579605	0.0	0.0	0.0	0.0	0.0	0.0	0.0	21.8486	4.61164	12.9277	0.0	0.0	12.577704444444445	6.9552466666666675	0.0	0.0	0.0	0.0	0.0	14.5405	0.0	0.0	0.0	0.0	0.0	0.0	0.0	0.0	0.0	0.0	0.0	0.0	0.0	0.0	0.0	0.0	1.28521	0.604805	0.0	0.0	0.0	0.0	0.0	0.0	0.0	4.94764	4.98964	3.9186300000000003	0.0	0.0	0.0	0.0	0.0	0.0	0.0	0.0	0.252002	0.0	0.0	0.0	0.0	0.0	0.0	0.0	0.0	1.663215	0.0	0.0	0.0	0.0	0.0	0.0	0.604805	0.730806	0.529204	0.655205	1.717642	0.0	1.2398500000000001	2.0832166666666665	0.0	0.0	87.1927	0.0	0.0	0.0	0.932408	0.604805	0.252002	1.18441	0.0	0.428404	0.705606	0.0	0.0	0.0	0.478804	0.7686059999999999	0.0	17.5393	17.4889	0.0	0.0	0.226802	1.31041	0.0	0.0	10.1305	1.63801	71.619	77.9442	6.85446	2.64602	0.0	0.0	0.0	0.0	0.0	0.0	0.0	0.0	0.0	0.0	0.0	3.40203	0.907207	1.43641	0.378003	1.73881	0.504004	1.03321	0.0	0.403203	0.0	0.0	0.5018126956521739	0.0	0.0	0.0	0.0	0.0	0.0	0.0	0.0	5.89685	5.69525	7.364059444444444	6.09845	0.0	0.0	13.6081	0.529204	5.8464540000000005	0.0	34.0203	0.882007	1.20961	0.0
N09_1_2	0.0	0.0	0.0	0.0	0.0	0.0	0.0	0.0	0.0	0.0	0.0	6.561240000000001	0.0	0.0	0.0	0.0	0.0	0.0	0.0	34.7336	0.0	0.0	0.0	0.0	13.091725	0.0	6.561240000000001	0.0	0.0	0.0	0.0	0.0	0.0	0.0	0.0	0.0	0.0	0.0	0.0	1.02519	0.0	0.0	0.0	0.0	0.0	16.3211	0.0	0.0	0.0	0.0	0.0	0.0	3.1576	0.0	0.0	38.615633333333335	39.8185	0.0	0.0	14.839675	0.0	7.79147	7.79147	0.0	0.0	0.0	0.0	0.0	15.624	0.0	0.0	0.0	0.0	7.50442	8.52961	0.0	0.0	0.0	0.0	0.0	0.0	0.0	0.0	0.0	0.0	78.72121333333332	0.0	0.0	0.0	0.0	0.0	10.375	0.0	0.0	1.43527	1.35326	0.0	0.0	0.0	41.5819	11.3591	35.6767	15.2549	0.0	54.0482	39.2444	0.26655049999999997	6.80729	7.29938	7.9145	3.81372	35.7998	0.0	0.0	0.0	0.0	0.0	0.0	0.0	0.0	0.0	0.0	0.0	0.0	0.0	0.0	0.0	14.1067	0.0	0.0	0.0	7.66845	7.073835	0.0	0.0	0.0	0.0	24.19458333333333	24.30735	18.3715	1.02519	12.5074	0.0	9.698335	0.0	0.0	0.0	0.0	0.0	0.0	0.0	17.3463	0.0	0.0	0.0	0.0	7.70946	18.1664	0.0	0.0	0.0	0.0	0.0	0.0	0.0	0.0	0.0	0.0	0.0	0.0	22.3492	22.2672	24.4816	0.0	0.0	0.0	11.4412	0.0	0.0	0.0	0.0	0.0	0.0	0.0	0.0	6.52023	0.0	0.0	0.0	0.0	0.0	81.6464	81.2569	0.779147	0.0	0.0	3.89574	0.0	0.0	8.16054	0.0	40.146575	72.3787	4.55186	0.0	0.0	32.6832	0.0	0.0	0.0	0.0	0.0	2.58349	2.58349	0.0	3.48566	0.0	0.0	0.0	0.0	0.0	0.0	0.0	0.0	0.0	6.02814	2.6655	0.0	0.0	0.0	0.0	14.585133333333333	0.0	0.0	0.0	0.0	0.0	0.0	0.0	0.0	0.0	0.0	0.0	0.0	24.7687	0.0	22.2262	0.0	0.0	0.0
N09_1_4	0.0	0.0	0.0	0.0	0.0	0.0	0.0	0.0	0.0	0.0	0.0	0.0	0.0	0.0	0.0	0.0	0.0	0.0	0.0	0.0	0.0	0.0	0.0	0.0	0.0	0.0	0.0	0.0	0.0	0.0	0.0	0.0	0.0	0.0	0.0	0.0	0.0	0.0	0.0	0.0	0.0	0.0	0.0	0.0	0.0	0.0	0.0	0.0	0.0	0.0	0.0	0.0	0.0	0.0	0.0	0.0	0.0	0.0	0.0	0.0	0.0	0.0	0.0	0.0	0.0	0.0	0.0	0.0	0.0	0.0	0.0	0.0	0.0	0.0	0.0	0.0	0.0	0.0	0.0	0.0	0.0	0.0	0.0	0.0	0.0	0.0	0.0	0.0	0.0	0.0	0.0	0.0	0.0	0.0	0.0	0.0	0.0	0.0	0.0	0.0	0.0	0.0	0.0	0.0	0.0	0.0	0.0	0.0	0.0	0.0	0.0	0.0	0.0	0.0	0.0	0.0	0.0	0.0	0.0	0.0	0.0	0.0	0.0	0.0	0.0	0.0	0.0	0.0	0.0	0.0	0.0	0.0	0.0	0.0	0.0	0.0	0.0	0.0	0.0	0.0	0.0	0.0	0.0	0.0	0.0	0.0	0.0	0.0	0.0	0.0	0.0	0.0	0.0	0.0	0.0	0.0	0.0	0.0	0.0	0.0	0.0	0.0	0.0	0.0	0.0	0.0	0.0	0.0	0.0	0.0	0.0	0.0	0.0	0.0	0.0	0.0	0.0	0.0	0.0	0.0	0.0	0.0	0.0	0.0	0.0	0.0	0.0	0.0	0.0	0.0	0.0	0.0	0.0	0.0	0.0	0.0	0.0	0.0	0.0	0.0	0.0	0.0	0.0	0.0	0.0	0.0	0.0	0.0	0.0	0.0	0.0	0.0	0.0	0.0	0.0	0.0	0.0	0.0	0.0	0.0	0.0	0.0	0.0	0.0	0.0	0.0	0.0	0.0	0.0	0.0	0.0	0.0	0.0	0.0	0.0	0.0	0.0	0.0	0.0	0.0	0.0	0.0	0.0	0.0	0.0	0.0	0.0	0.0	0.0	0.0
N09_2_2	0.0	0.0	0.0	0.0	0.0	0.0	0.0	0.0	0.0	0.0	1.37172	0.0	0.0	0.0	0.0	0.0	0.0	0.0	0.0	0.0	0.0	0.0	0.0	0.0	3.766515	0.0	0.0	2.211895	0.0	3.429296666666667	2.350208	0.0	0.0	0.0	0.0	0.0	0.0	0.0	0.0	0.0	0.0	0.0	0.0	0.0	0.0	0.0	0.0	0.0	0.0	0.0	0.0	0.0	0.0	0.0	0.0	0.0	0.0	0.0	0.0	0.0	0.0	1.34886	0.0	0.0	0.0	0.0	0.0	0.0	0.0	0.0	0.0	0.0	0.0	0.0	0.0	0.0	0.0	0.0	0.0	0.0	0.0	0.0	7.91025	0.0	0.0	12.81948	2.660565	0.0	0.0	0.0	0.0	0.0	0.0	0.0	0.0	0.0	0.0	0.0	0.0	5.2354	0.823032	0.0	0.0	0.0	3.7093575	2.3090599999999997	0.0	0.0	0.0	0.0	0.0	0.0	0.0	0.0	0.0	0.0	0.0	0.0	0.0	0.0	0.0	0.0	0.0	0.0	0.0	0.0	0.0	0.0	0.0	0.0	0.0	0.0	0.0	0.0	0.0	0.0	0.0	0.0	0.0	0.0	0.0	0.0	0.0	0.0	0.0	0.0	0.0	0.0	0.0	0.0	0.0	0.0	0.0	0.0	0.0	0.0	0.0	0.0	0.0	0.0	0.0	0.0	0.0	0.0	0.0	0.0	0.0	0.0	0.0	0.0	1.28027	1.34886	0.0	0.0	6.51567	0.0	0.0	0.0	0.0	0.0	0.0	0.0	0.0	0.0	0.0	0.0	0.0	0.0	0.0	0.0	0.0	3.36071	3.36071	0.0	0.0	0.0	0.0	0.0	0.0	1.25741	0.6287050000000001	11.755635999999999	12.8027	0.617274	0.617274	0.0	0.0	0.0	0.0	0.0	0.0	0.0	0.0	0.0	0.0	0.0	0.0	0.0	0.0	0.0	0.0	0.0	0.0	0.0	0.0	0.0	0.0	0.0	0.0	0.0	0.0	0.0	0.0	0.0	0.0	0.0	6.14988	5.5326	6.957664444444444	5.201105	0.0	0.0	0.0	0.0	2.88061	0.0	5.46402	0.0	0.0	0.0
N09_2_3	0.0	0.0	0.0	0.0	0.0	0.0	0.0	0.0	0.0	0.0	0.0	0.0	0.0	0.0	0.0	0.0	0.0	0.0	0.0	0.0	0.0	0.0	0.0	0.0	0.0	0.0	0.0	0.0	0.0	0.0	0.0	0.0	0.0	0.0	0.0	0.0	0.0	0.0	0.0	0.0	0.0	0.0	0.0	0.0	0.0	0.0	0.0	0.0	0.0	0.0	0.0	0.0	0.0	0.0	0.0	0.0	0.0	0.0	0.0	0.0	0.0	0.0	0.0	0.0	0.0	0.0	0.0	0.0	0.0	0.0	0.0	0.0	0.0	0.0	0.0	0.0	0.0	0.0	0.0	0.0	0.0	0.0	0.0	0.0	0.0	0.0	0.0	0.0	0.0	0.0	0.0	0.0	0.0	0.0	0.0	0.0	0.0	0.0	0.0	0.0	0.0	0.0	0.0	0.0	0.0	0.0	0.0	0.0	0.0	0.0	0.0	0.0	0.0	0.0	0.0	0.0	0.0	0.0	0.0	0.0	0.0	0.0	0.0	0.0	0.0	0.0	0.0	0.0	0.0	0.0	0.0	0.0	0.0	0.0	0.0	0.0	0.0	0.0	0.0	0.0	0.0	0.0	0.0	0.0	0.0	0.0	0.0	0.0	0.0	0.0	0.0	0.0	0.0	0.0	0.0	0.0	0.0	0.0	0.0	0.0	0.0	0.0	0.0	0.0	0.0	0.0	0.0	0.0	0.0	0.0	0.0	0.0	0.0	0.0	0.0	0.0	0.0	0.0	0.0	0.0	0.0	0.0	0.0	0.0	0.0	0.0	0.0	0.0	0.0	0.0	0.0	0.0	0.0	0.0	0.0	0.0	0.0	0.0	0.0	0.0	0.0	0.0	0.0	0.0	0.0	0.0	0.0	0.0	0.0	0.0	0.0	0.0	0.0	0.0	0.0	0.0	0.0	0.0	0.0	0.0	0.0	0.0	0.0	0.0	0.0	0.0	0.0	0.0	0.0	0.0	0.0	0.0	0.0	0.0	0.0	0.0	0.0	0.0	0.0	0.0	0.0	0.0	0.0	0.0	0.0	0.0	0.0	0.0	0.0	0.0
N09_2_4	0.0	24.3567	0.0	0.0	0.0	0.0	0.0	0.0	0.0	0.0	0.0	0.0	0.0	0.0	0.0	0.0	0.0	0.0	0.0	166.297	127.662	20.837	10.8409	0.0	0.0	0.0	0.0	0.0	0.0	0.0	0.0	0.0	31.2555	67.87266666666666	89.5427	0.0	97.4621	78.7722	22.60565	0.0	12.213555	0.0	20.7666	24.9903	0.0	1.33751	18.6195	30.8859	0.0	0.0	0.0	0.0	0.0	0.0	0.0	0.0	0.0	17.450064516129032	0.0	0.9591343750000001	0.0	0.0	0.0	57.9704	0.0	0.0	127.415	0.0	0.0	0.0	41.5331	0.0	86.2341	0.457569	0.0	0.0	0.0	0.0	0.0	40.782266666666665	15.5221	50.227	0.0	0.0	0.527964	2.2409153333333336	0.0	19.4291	19.1827	0.0	36.341499999999996	12.952715666666668	13.750566666666666	12.2488	0.0	0.0	5.13885	0.0	62.8101	4.64608	0.668754	1.72468	1.54869	0.0	63.25006555555555	51.76391	0.0	0.0	0.0	0.0	0.0	2.39344	0.0	0.0	0.0	0.0	0.0	0.0	0.0	0.0	0.0	37.5206	0.0	32.241	0.0	0.0	1.05593	0.0	73.3166	30.6219	0.0	0.0	0.7215505	0.0	0.0	62.7221	0.0	0.0	0.0	0.0	0.0	0.0	0.0	0.0	0.0	0.0	0.0	0.0	0.0	4.1005199999999995	0.0	0.0	0.0	0.0	0.0	0.0	0.0	20.643410000000003	0.0	0.0	0.0	0.0	27.4541	0.0	42.0259	45.6161	29.8124	37.687	93.66780399999999	16.1909	59.70684833333333	35.76072666666666	1.4783	0.0	0.0	0.0	0.0	0.0	89.8594	43.2578	18.1268	86.0581	17.0708	40.5828	77.1179	0.0	19.6403	54.7322	27.4893	35.4088	56.4569	2.49903	2.48143	0.0	11.896799999999999	16.1557	0.0	21.013	0.0	0.527964	0.0	53.54964	17.3348	3.9597295000000003	20.5554	17.9508	0.0	0.0	112.949	0.0	0.0	0.0	0.0	0.0	0.0	0.0	201.365	68.9521	62.4229	16.4373	113.336	50.051	86.6917	11.1224	11.6856	0.0	0.0	38.31642608695652	0.0	0.0	0.0	0.0	0.0	0.0	0.0	1.30231	0.0	0.0	0.0	0.0	0.0	0.0	77.5051	17.5636	23.96956	0.0	1.30231	54.1339	59.7303	1.68948
N09_1_3	0.0	0.0	0.0	0.0	0.0	0.0	0.0	0.0	0.0	0.0	0.0	0.0	0.0	0.0	0.0	0.0	0.0	0.0	0.0	8.11014	0.0	0.0	0.0	0.0	0.0	0.0	0.0	0.0	0.0	1.7099725000000001	0.0	0.0	0.0	0.0	0.0	0.0	0.0	0.0	0.0	0.0	0.0	0.0	0.0	0.0	0.0	0.0	0.0	0.0	0.0	0.0	0.0	0.0	0.423421	0.0	0.0	0.0	0.0	0.0	0.91449	3.8352175	0.0	0.521134	0.0	0.0	0.0	0.0	0.0	0.0	0.0	0.0	0.0	0.0	0.0	0.0	0.0	0.0	0.0	0.0	0.0	0.0	0.0	0.0	0.0	0.0	0.0	20.21782	0.0	0.0	0.0	0.0	0.0	0.0	0.0	0.0	0.0	0.0	0.0	0.0	0.0	7.29587	0.944555	0.0	0.0	0.0	4.9182	6.31875	0.0	0.0	0.0	0.0	0.0	3.48508	0.0	0.0	0.0	0.0	0.0	0.0	0.0	0.0	0.0	0.0	0.0	0.0	0.0	0.0	0.0	0.0	0.0	0.0	0.0	0.0	0.0	0.0	0.0	0.0	0.0	0.0	0.0	0.0	0.0	0.0	0.0	0.0	0.0	0.0	0.0	0.0	0.0	0.0	0.0	0.0	0.0	0.0	0.0	0.0	0.0	4.88563	0.0	0.0	0.0	0.0	0.0	0.0	0.0	0.0	0.0	0.0	0.0	0.0	0.0	5.30905	0.0	0.0	0.0	0.0	0.0	0.0	0.0	0.0	0.0	0.0	0.0	0.0	0.0	0.0	0.0	0.0	0.0	0.0	0.0	10.4878	10.4878	0.0	0.0	0.0	0.0	0.0	0.0	0.0	0.0	8.45214	11.1067	1.319118	0.0	0.0	0.0	0.0	0.0	0.0	0.0	0.0	0.0	0.0	0.0	0.0	0.0	0.0	0.0	0.0	0.0	0.0	0.0	0.0	0.0	0.0	0.0	0.0	0.0	0.0	0.0	0.0	0.0	0.0	0.0	0.0	0.0	0.0	0.0	0.0	0.0	0.0	0.0	0.0	0.0	0.0	3.9085	0.0	0.0	0.0
N10_1_2	0.0	0.0	0.0	0.0	0.0	0.0	0.0	0.0	0.0	0.0	1.64516	0.0	0.0	0.0	0.0	0.0	0.0	0.0	0.0	0.0	0.0	0.0	0.0	0.0	0.77851125	1.55702	0.0	2.812925	0.0	3.094460833333333	3.37845	0.0	0.0	0.0	0.0	0.0	0.0	0.0	0.0	0.0	0.0	0.0	0.0	0.0	0.0	0.0	0.0	0.0	0.0	0.0	0.0	0.0	0.323156	0.0	0.0	3.05529	3.14342	0.0	0.0	1.26691375	0.0	0.293778	0.5288	0.0	0.0	0.0	0.0	0.0	0.0	0.0	0.0	0.0	0.0	0.0	1.8508	0.0	0.0	0.0	0.0	0.0	0.0	0.0	4.81796	1.73329	0.0	6.498367333333333	3.260935	0.0	0.0	0.0	0.0	0.0	0.0	0.0	0.822578	0.0	0.0	0.0	0.0	13.5138	2.76151	8.60769	0.0	0.0	8.989615	6.25747	0.0	0.0	0.0	0.0	0.0	6.96253	0.0	0.0	0.0	0.0	0.0	0.0	0.0	0.0	0.0	0.0	0.0	0.0	0.0	0.0	0.0	0.0	0.0	0.0	0.0	0.0	0.0	0.0	0.0	0.0	0.0	0.0	0.0	0.0	0.0	1.322	0.0	0.0	0.0	0.0	0.0	0.0	0.0	0.0	0.0	0.0	0.0	0.0	0.0	0.0	0.0	1.96831	0.0	0.0	0.0	0.0	0.0	0.0	0.0	0.0	0.0	0.0	0.0	0.0	0.0	1.38076	0.0	0.0	7.16818	0.0	0.0	0.0	0.0	0.0	0.0	0.0	0.0	0.0	0.0	0.0	0.0	0.0	0.0	0.0	0.0	1.73329	1.73329	0.0	0.0	0.0	0.0	0.0	0.0	9.13649	0.0	40.93306666666667	31.3461	4.2304	0.0	0.0	0.0	0.0	0.0	0.0	0.0	0.0	0.0	0.0	0.0	0.0	0.0	0.0	0.0	0.0	0.0	0.0	0.0	0.0	0.0	0.0	0.0	0.0	0.0	0.0	0.0	0.0	0.0	0.0	0.0	0.0	6.31622	5.3908249999999995	7.621901666666667	5.890245	0.0	0.0	0.0	0.0	13.0437	0.0	37.1629	0.0	0.0	0.0
N10_1_4	15.7453	16.2949	13.9994	53.0555	15.3573	12.6738	24.798	21.7589	0.0	0.0	0.0	0.0	0.0	0.0	0.0	0.0	0.0	0.0	0.0	55.80363333333333	0.0	0.0	0.0	0.0	0.0	0.0	0.0	0.0	0.0	0.0	0.0	0.0	0.0	0.0	0.0	54.898399999999995	19.2047	0.0	0.0	0.0	0.0	0.0	0.0	0.0	0.0	0.0	0.0	0.0	0.0	0.0	0.0	0.0	0.0	0.0	0.0	11.165066666666666	10.6693	0.0	0.0	5.48014125	0.0	0.0	16.7799	0.0	0.0	0.0	87.4236	0.0	0.0	0.0	30.8763	0.0	47.7532	0.0	25.1213	0.0	0.0	0.0	0.0	0.0	0.0	31.6846	0.0	0.0	0.0	0.0	0.0	15.228	16.8122	0.0	0.0	12.0272	0.0	0.0	7.79182	0.0	0.0	0.0	34.4489	105.27	21.2739	57.9698	24.0544	0.0	66.8771	69.85696666666666	0.6304585	0.0	0.0	0.0	0.0	64.5008	0.0	0.0	0.0	0.0	0.0	0.0	0.0	0.0	0.0	0.0	0.0	0.0	0.0	0.0	0.0	0.0	51.4713	0.0	0.0	0.0	0.0	0.0	0.0	24.7657	0.0	40.43018333333333	40.640325000000004	32.2019	1.665055	23.0845	0.0	0.0	0.0	0.0	0.0	0.0	0.0	0.0	0.0	0.0	0.0	0.0	0.0	0.0	0.0	30.552999999999997	0.0	0.0	0.0	0.0	0.0	0.0	0.0	0.0	22.7612	0.0	0.0	0.0	47.761275	48.38906666666667	48.9818	0.0	0.0	0.0	0.0	0.0	0.0	0.0	0.0	0.0	0.0	0.0	0.0	0.0	0.0	0.0	0.0	0.0	29.2921	60.2977	60.08755	0.0	0.0	0.0	0.0	0.0	0.0	19.7867	0.0	167.9283333333333	171.161	9.650865	16.8446	0.0	0.0	0.0	0.0	0.0	0.0	0.0	0.0	0.0	0.0	0.0	0.0	0.0	0.0	0.0	0.0	0.0	0.0	0.0	0.0	0.0	0.0	0.0	0.0	0.0	0.0	0.0	0.0	0.0	0.0	0.0	0.0	0.0	0.0	0.0	0.0	0.0	74.2324	0.0	39.6057	0.0	49.0464	0.0	0.0	0.0
N10_2_2	0.0	0.0	0.0	0.0	0.0	0.0	0.0	0.0	0.0	0.0	6.87878	0.0	0.0	0.0	0.0	0.0	0.0	0.0	0.0	0.0	0.0	0.0	0.0	0.0	1.6348425	4.02771	0.0	13.321950000000001	0.0	19.648266666666668	14.4816	0.0	0.0	0.0	0.0	0.0	0.0	0.0	0.0	0.0	0.0	0.0	0.0	0.0	0.0	0.0	0.0	0.0	0.0	0.0	0.0	0.0	0.429924	0.0	0.0	0.0	0.0	0.0	0.0	2.681365	0.0	0.791965	0.0	0.0	0.0	0.0	0.0	0.0	0.0	8.48533	0.0	0.0	0.0	0.0	4.66128	0.0	0.0	0.0	0.0	0.0	0.0	0.0	0.0	4.02771	0.0	1.2083126666666668	13.760375	0.0	0.0	0.0	0.0	0.0	0.0	0.0	0.0	0.0	0.0	0.0	0.0	12.8751	1.24452	5.22697	0.746709	0.0	20.9871	9.0284	0.0	0.0	0.0	0.0	0.0	7.17294	0.0	0.0	0.0	0.0	0.0	0.0	0.0	0.0	0.0	0.0	0.0	0.0	0.0	0.0	0.0	0.0	0.0	0.0	0.0	0.0	0.0	0.0	0.0	0.0	0.0	4.340721666666667	4.3784350000000005	0.0	0.0	2.55691	0.0	0.0	0.0	0.0	0.0	0.0	0.0	0.0	1.0257848333333333	0.0	0.0	1.65181	0.0	0.0	0.0	2.67005	0.0	0.0	0.0	0.0	0.0	0.0	0.0	0.0	0.0	0.0	0.0	0.0	0.0	4.66128	0.0	0.0	36.9056	0.0	0.0	0.0	0.0	0.0	0.0	0.0	0.0	0.0	0.0	1.15401	0.0	0.0	0.0	0.0	0.0	7.19556	7.1842500000000005	0.0	0.0	0.0	0.0	0.0	0.0	1.47079	0.0	30.96206666666667	26.4516	1.40291	0.0	0.0	0.0	0.0	0.0	0.0	0.0	0.0	0.0	0.0	0.0	0.0	0.0	0.0	0.0	0.0	0.0	0.0	0.0	0.0	0.0	0.0	0.0	0.0	0.0	0.0	0.0	0.0	0.0	0.0	0.8688984	0.0	27.1078	24.302	31.76671052631579	24.40385	0.0	0.0	0.0	0.0	0.0	0.0	4.81967	0.0	0.0	0.0
N10_2_3	4.44941	5.07432	3.99947	16.4728	5.04933	3.54953	7.87395	7.12405	0.0	0.0	0.924877	0.0	0.0	0.0	0.0	0.0	0.0	0.0	0.0	17.339366666666667	0.0	0.0	0.0	0.0	1.2685825	5.72424	0.0	3.99947	0.0	7.234451666666668	3.09959	0.0	0.0	0.0	0.0	4.36192	0.0	0.0	0.924877	0.0	0.0	0.0	0.0	0.0	0.0	0.0	0.0	0.0	0.0	0.0	0.0	0.0	0.324957	0.0	0.0	0.0	0.0	0.0	0.0	3.73387625	0.0	0.649913	1.27483	0.0	0.0	0.0	29.2211	0.0	0.97487	3.3745500000000006	8.42388	0.0	15.5729	0.0	4.92434	0.0	0.0	0.0	0.0	0.0	0.0	10.1236	0.0	3.19957	1.506942142857143	0.0	8.13329	4.4744	4.17444	0.0	0.0	3.87448	0.0	0.0	0.0	0.0	0.0	0.0	10.140316666666667	32.4707	2.49967	8.44887	1.72477	3.0246	17.645146	22.580333333333332	0.0	0.0	0.0	0.0	0.0	13.3232	0.0	0.0	0.0	0.0	0.0	0.0	0.0	0.0	0.0	0.0	0.0	0.0	0.97487	0.712405	1.72477	0.0	16.7478	0.0	1.4748	0.0	0.0	0.0	0.0	5.87422	0.0	7.5156616666666665	7.54899	5.949205	0.0	3.27456	0.0	0.0	0.0	0.0	0.0	0.0	0.0	0.0	0.9582056666666666	0.0	0.0	0.0	0.0	0.0	0.0	6.936575	0.0	0.0	0.0	0.0	0.0	0.0	0.0	0.0	6.14918	0.0	0.0	0.0	11.9671525	12.789933333333332	0.0	0.0	13.2232	0.0	0.0	0.0	0.0	0.0	0.0	0.0	0.0	0.0	0.0	0.0	2.49967	0.0	0.0	0.0	8.79883	8.09892	8.08642	0.0	0.0	0.0	0.0	0.0	0.0	2.54966	0.0	53.13458333333333	71.99035	2.68714	9.62372	0.0	0.0	0.0	0.0	0.0	0.0	0.0	0.0	0.0	0.0	0.0	0.0	0.0	0.0	0.0	0.0	0.0	0.0	0.0	0.0	0.0	0.0	0.0	0.0	0.0	0.0	0.0	0.0	0.0	1.01861425	0.0	3.29956	3.07459	3.9466944444444447	3.037095	0.0	0.0	47.2687	0.0	2.57466	0.0	7.14905	0.0	0.0	2.72464
N10_1_3	17.9385	20.1351	15.8793	61.1375	17.1835	13.0192	28.1205	26.4044	0.0	0.0	0.0	0.0	0.0	0.0	0.0	0.0	0.0	0.0	0.0	55.996900000000004	0.0	0.0	0.0	0.0	0.0	1.00675	0.0	0.0	0.0	0.0	0.0	0.0	0.0	0.0	0.0	2.6541699999999997	20.0207	0.0	0.0	0.0	0.0	0.0	0.0	0.0	0.0	0.0	0.0	0.0	0.0	0.0	0.0	0.0	0.228808	0.0	0.0	1.55589	1.57877	0.0	0.8990244166666667	0.8809105	0.0	0.0	2.51689	0.0	0.0	0.0	101.659	0.0	0.0	0.0	34.7788	0.0	57.3164	0.0	1.16692	0.0	0.0	0.0	0.0	0.0	0.0	35.0762	0.617781	0.755066	0.0	0.0	0.0	16.4284	18.3504	0.0	0.0	11.200130000000001	0.0	0.0	1.69318	0.0	0.0	0.0	39.6829	16.4284	3.34059	0.0	0.0	0.0	59.83895750000001	49.94113333333334	0.0	0.0	0.0	0.0	0.0	6.56679	0.0	0.0	0.0	0.0	0.0	0.0	0.0	0.0	0.0	0.0	0.0	0.0	0.0	0.0	0.0	0.0	60.3824	0.0	0.0	0.0	0.0	0.0	0.0	25.6265	0.0	4.419803333333333	4.43887	3.374915	0.366093	2.05927	0.0	0.0	0.0	0.0	0.0	0.0	0.28219666666666665	0.0	0.0	0.0	0.0	0.0	0.0	0.0	0.0	19.643165	0.0	0.0	0.0	0.0	0.0	0.0	0.0	0.0	24.757	0.0	0.0	0.0	52.328375	35.320323333333334	0.0	0.0	0.0	0.0	0.0	0.0	0.0	0.0	0.0	0.0	0.0	0.0	0.0	0.0	10.0218	0.0	0.0	0.0	29.7908	2.69993	2.68849	0.0	0.0	0.0	0.0	0.0	0.0	12.1955	4.62192	87.57236666666665	46.5166	5.777395	15.7649	0.0	0.0	0.0	0.0	0.0	0.0	0.0	0.0	0.0	0.0	0.0	0.0	0.0	0.0	0.0	0.0	0.0	0.0	0.0	0.0	0.0	0.0	0.0	0.0	0.0	0.0	0.0	0.0	0.0	0.0	0.0	0.0	0.0	0.0	0.0	0.0	0.0	84.0182	0.0	22.2172	0.0	35.0534	0.0	0.0	0.0
N10_2_4	3.58878	4.51491	3.24148	12.4642	3.39583	2.73982	6.63731	4.97798	0.0	0.0	0.0	0.0	0.0	0.0	0.0	0.0	0.0	0.0	0.0	13.9692	0.0	0.0	0.0	0.0	0.0	0.0	0.0	0.0	0.0	0.0	0.0	0.0	0.0	0.0	0.0	0.0	0.0	0.0	0.0	0.0	0.0	0.0	0.0	0.0	0.0	0.0	0.0	0.0	0.0	0.0	0.0	0.0	0.0	0.0	0.0	0.0	0.0	0.0	0.0	0.0	0.0	0.0	0.0	0.0	0.0	0.0	19.6032	0.0	0.0	0.0	7.87216	0.0	13.7377	0.0	0.0	0.0	0.0	0.0	0.0	0.0	0.0	7.94933	0.0	0.0	0.848958	0.0	0.0	3.70454	4.43774	0.0	0.0	0.0	0.0	0.0	0.0	0.0	0.0	0.0	8.4124	0.0	0.0	0.0	0.0	1.73651	14.65418375	19.6418	0.0	0.0	0.0	0.0	0.0	0.0	0.0	0.0	0.0	0.0	0.0	0.0	0.0	0.0	0.0	0.0	0.0	0.0	0.540246	0.0	0.848958	0.0	14.9339	0.0	0.0	0.0	0.0	0.0	0.0	5.63399	0.0	0.0	0.0	0.0	0.0	0.0	0.0	0.0	0.0	0.0	0.0	0.0	0.0	0.0	0.0	0.0	0.0	0.0	0.0	0.0	0.0	9.57007	0.0	0.0	0.0	0.0	0.0	0.0	0.0	0.0	5.86553	0.0	0.0	0.0	6.96533	10.592649999999999	0.0	0.0	0.0	0.0	0.0	0.0	0.0	0.0	0.0	0.0	0.0	0.0	0.0	0.0	0.0	0.0	0.0	0.0	7.79498	0.0	0.0	0.0	0.0	0.0	0.0	0.0	0.0	0.0	0.0	55.50383333333334	70.7722	2.08381	11.1908	0.0	0.0	0.0	0.0	0.0	0.0	0.0	0.0	0.0	0.0	0.0	0.0	0.0	0.0	0.0	0.0	0.0	0.0	0.0	0.0	0.0	0.0	0.0	0.0	0.0	0.0	0.0	0.0	0.0	0.0	0.0	0.0	0.0	0.0	0.0	0.0	0.0	53.2914	0.0	0.0	0.0	0.0	0.0	0.0	2.1224
N11_1_2	0.0	0.0	0.0	0.0	0.0	0.0	0.0	0.0	0.0	0.0	0.0	3.8498299999999994	0.0	0.0	0.0	0.0	0.0	0.0	0.0	0.0	0.0	0.0	0.0	0.0	0.0	20.775	3.8498299999999994	0.0	0.0	0.3736368333333333	0.0	0.0	0.0	0.0	0.0	0.0	0.0	0.0	0.0	0.0	0.0	0.0	0.0	0.0	0.0	0.0	0.0	0.0	0.0	0.0	0.0	0.0	7.13627	0.0	0.0	39.6955	41.2918	0.0	0.8674925909090909	24.513337500000002	0.0	0.0	0.0	0.0	0.0	0.0	0.0	0.0	0.0	0.0	0.0	0.0	0.0	0.0	9.06118	0.0	0.0	0.0	0.0	0.0	0.0	0.0	15.0237	20.657600000000002	0.0	2.416318	0.0	0.0	0.0	0.0	0.0	0.0	0.0	0.0	0.0	0.0	0.0	0.0	0.0	64.9541	11.4556	41.057	0.0	0.0	80.2126	53.9915	0.0	0.0	0.0	0.0	0.0	40.611	0.0	0.0	0.0	0.0	0.0	0.0	0.0	0.0	0.0	0.0	0.0	0.0	0.0	0.0	0.0	0.0	0.0	0.0	0.0	0.0	0.0	0.0	0.0	0.0	0.0	16.760833333333334	16.8547	11.9955	1.31458	11.9016	0.0	0.0	1.4084750000000001	0.0	0.0	0.363856	0.492966	0.0	0.0	0.0	0.0	0.0	0.0	0.0	20.03555	9.92974	0.0	0.0	0.0	0.0	0.0	0.0	0.0	0.0	0.0	0.0	0.0	0.0	10.0471	13.1927	0.0	0.0	0.0	0.0	0.0	0.0	0.0	0.0	0.0	0.0	0.0	0.0	0.0	2.65263	0.0	0.0	0.0	0.0	0.0	0.680763	0.680763	0.0	0.0	0.0	0.0	0.0	0.0	40.4232	0.0	198.7475	156.364	13.6153	0.0	0.0	0.0	0.0	0.0	0.0	0.0	0.0	0.0	0.0	0.0	0.0	0.0	0.0	0.0	0.0	0.0	0.0	0.0	0.0	0.0	0.0	0.0	0.0	0.0	0.0	0.0	0.0	0.0	0.0	0.0	0.0	0.0	0.0	0.0	0.0	0.0	0.0	0.0	0.0	0.0	0.0	110.424	0.0	0.0	0.0
N11_1_3	0.0	0.0	0.0	0.0	0.0	0.0	0.0	0.0	0.0	0.0	0.0	0.0	0.0	0.0	0.0	0.0	0.0	0.0	0.0	0.0	0.0	0.0	0.0	0.0	4.7199075	0.0	0.0	0.0	0.0	0.0	0.0	0.0	0.0	0.0	0.0	1.66858	0.0	0.0	0.0	0.0	0.0	0.0	0.0	0.0	0.0	0.0	0.0	0.0	0.0	0.0	0.0	0.0	0.0	0.0	0.0	0.0	0.0	0.0	0.0	0.0	0.0	0.0	1.85397	0.0	0.0	0.0	0.0	0.0	0.0	0.0	0.0	0.0	0.0	0.0	0.0	0.0	0.0	0.0	0.0	0.0	0.0	0.0	0.0	0.0	0.0	0.0	0.0	0.0	0.0	0.0	0.0	0.0	0.0	0.0	1.17418	0.0	0.0	0.0	0.0	7.94119	2.81186	4.44954	0.0	0.0	4.72763	3.27535	0.0	0.0	0.0	0.0	0.0	3.64615	0.0	0.0	0.0	0.0	0.0	0.0	0.0	0.0	0.0	0.0	0.0	0.0	0.0	0.0	0.0	0.0	0.0	0.0	0.0	0.0	0.0	0.0	0.0	0.0	0.0	1.76128	1.76128	1.54498	0.0	1.29778	0.0	0.0	0.0	0.0	0.0	0.0	0.0	0.0	1.42138	0.0	0.0	2.3360100000000004	0.0	0.0	6.05632	2.47197	0.0	0.0	0.0	0.0	0.0	0.0	0.0	0.0	0.0	0.0	0.0	0.0	0.0	0.0	0.0	0.0	0.0	0.0	0.0	0.0	0.0	0.0	0.0	0.0	0.0	0.0	0.0	0.0	0.0	0.0	0.0	0.0	0.0	7.0142	6.9833	0.370795	0.0	0.0	0.679791	0.0	0.0	3.30625	0.0	22.8966	15.2026	1.60678	0.0	0.0	0.0	0.0	0.0	0.0	0.0	0.0	0.0	0.0	0.0	0.0	0.0	0.0	0.0	0.0	0.0	0.0	0.0	0.0	0.0	0.0	0.0	0.0	0.0	0.0	0.0	0.0	0.0	0.0	0.0	0.0	0.0	0.0	0.0	0.0	0.0	0.0	0.0	0.0	5.46922	0.0	9.42437	0.0	0.0	0.0
N11_1_4	0.0	0.0	0.0	0.0	0.0	0.0	0.0	0.0	0.0	0.0	0.0	0.0	0.0	0.0	0.0	0.0	0.0	0.0	0.0	0.0	0.0	0.0	0.0	0.0	26.691125	0.0	0.0	0.0	0.0	0.0	0.0	0.0	0.0	20.4375	0.0	61.19265	0.0	0.0	0.0	0.0	2.15551	0.0	0.0	0.0	0.0	0.0	0.0	0.0	0.0	0.0	0.0	0.0	1.6499	0.0	0.0	20.889866666666666	21.3156	0.0	0.0	11.91855	0.0	0.0	18.6279	0.0	0.0	0.0	0.0	21.7414	6.49315	0.0	0.0	0.0	0.0	0.0	24.8549	4.31103	3.99169	0.0	0.0	0.0	0.0	0.0	0.0	0.0	0.0	20.783426666666667	0.0	0.0	0.0	0.0	0.0	0.0	0.0	0.0	8.83495	0.0	0.0	0.0	4.63036	136.995	27.9685	69.1095	23.2583	23.4445	59.280923333333334	108.947	0.7318104999999999	0.0	0.0	0.0	0.0	76.7469	0.0	0.0	0.0	0.0	0.0	0.0	0.0	0.0	0.0	0.0	0.0	0.0	5.16259	5.73473	11.842	0.0	0.0	0.0	10.957175000000001	0.0	0.0	0.0	0.0	0.0	0.0	46.121766666666666	46.21715	37.867850000000004	1.104365	22.9655	0.0	0.0	0.0	0.0	0.0	0.0	0.0	0.0	45.61618333333333	0.0	0.0	66.46968	0.0	0.0	80.75195	29.4055	0.0	0.0	0.0	0.0	0.0	0.0	0.0	0.0	0.0	0.0	0.0	0.0	21.60834	30.456635	0.0	0.0	0.0	0.0	0.0	0.0	0.0	0.0	0.0	0.0	0.0	0.0	0.0	11.2832	0.0	0.0	0.0	0.0	0.0	165.4155	164.897	2.10229	0.0	0.0	5.08276	0.0	0.0	16.2861	0.0	134.28584	190.058	8.861535	5.24242	0.0	0.0	0.0	0.0	0.0	0.0	0.0	0.0	0.0	0.0	0.0	0.0	0.0	0.0	0.0	0.0	0.0	0.0	0.0	0.0	0.0	0.0	0.0	0.0	0.0	0.0	0.0	0.0	23.6308	0.0	0.0	0.0	0.0	0.0	0.0	0.0	0.0	22.1406	0.0	38.8259	0.0	52.85	0.0	0.0	23.551
N11_2_3	4.97402	5.49214	4.9222	17.5645	6.16571	4.04139	7.61646	7.30559	0.0	0.0	0.0	0.0	0.0	0.0	0.0	0.0	0.0	0.0	1.34713	76.38916666666667	52.3308	0.0	6.26933	0.0	0.0	0.0	0.0	0.0	0.0	0.0	0.0	0.0	3.93776	5.15536	33.2119	0.0	33.3674	33.8855	9.447189999999999	0.0	0.8030965	8.13459	1.34713	1.13988	3.57507	0.0	9.63716	14.9739	1.08807	5.205118095238095	0.0	0.0	0.0	0.0	0.0	0.0	0.0	0.0	1.091768	0.0	0.0	0.0	0.0	3.93776	0.0	0.0	28.497	7.3574	2.12432	0.0	21.9686	0.0	37.2533	0.0	0.0	0.0	0.0	0.0	0.0	15.664700000000002	6.73565	22.0722	0.0	0.0	0.0	2.120866	0.0	8.54909	11.347	0.0	15.595600000000001	7.87553	0.673565	0.0	0.0	0.0	0.0	5.828925	27.529833333333332	0.0	0.0	0.0	0.0	7.30559	29.35835125	38.28955	0.0	0.0	0.0	0.0	0.0	0.0	0.0	0.0	0.0	0.0	0.0	0.0	0.0	0.0	0.0	12.9532	0.0	10.8807	3.00514	2.33157	4.66314	0.0	34.1964	6.16571	4.4688425	0.0	0.0	4.14501	0.0	26.1654	0.0	0.0	0.0	0.0	0.0	0.0	0.0	0.0	0.0	2.621724	0.0	3.4196383333333333	0.0	0.310876	0.0	0.0	0.0	0.0	0.0	0.0	0.0	16.6319	0.0	0.0	5.28489	5.59577	9.7926	0.0	0.0	10.6216	14.8184	12.75060909090909	31.955996	4.19683	23.125713333333334	26.0877	0.0	0.0	0.0	0.0	0.0	0.0	34.6109	17.15	6.42477	32.1239	5.02583	13.3677	26.1654	0.0	7.72009	9.99985	0.984441	0.0	20.8287	0.0	0.0	0.0	0.0	0.0	0.0	0.0	0.0	0.0	0.0	43.988949999999996	21.7613	3.73051	9.53353	4.81858	0.0	0.0	53.108	0.0	0.0	0.0	0.0	0.0	0.0	0.0	66.7347	25.5436	25.7509	5.02583	42.2791	15.2847	26.5281	7.020615	6.4247700000000005	0.0	0.0	0.0	0.0	0.0	0.0	0.0	0.0	0.0	0.0	0.0	0.0	0.0	0.0	0.0	0.0	0.0	40.8284	7.92734	20.0515	0.0	0.0	0.0	0.0	6.63202
N11_2_4	10.619	9.24039	9.83654	27.1623	10.9543	6.74399	15.7981	14.5313	0.0	0.0	0.0	0.0	0.0	0.0	0.0	0.0	0.0	0.0	2.34736	139.89733333333334	101.346	0.0	14.9784	0.0	0.0	0.0	0.0	0.0	0.0	0.0	0.0	0.0	6.52044	9.88621	59.6154	0.0	60.2488	59.5409	18.257233333333335	0.0	1.86298	18.7416	3.72596	2.64543	10.5445	0.0	16.4315	26.653066666666664	2.08654	9.722359677419355	0.0	0.0	0.0	0.0	0.0	0.0	0.0	0.0	0.0	0.0	0.0	0.0	0.0	4.73197	0.0	0.0	45.1587	0.0	0.0	0.0	38.4892	0.0	75.1527	0.0	0.0	0.0	0.0	0.0	0.0	25.1316	13.7115	41.6563	0.0	0.0	1.67668	0.933975	0.0	19.4868	19.375	0.0	29.93815	19.7849	0.0	0.0	0.0	0.0	0.0	11.40145	57.8456	4.09856	0.0	0.0	0.0	0.0	59.35460125	40.613015	0.0	0.0	0.0	0.0	0.0	0.0	0.0	0.0	0.0	0.0	0.0	0.0	0.0	0.0	0.0	25.3738	0.0	20.1947	0.0	0.0	0.0	0.0	71.0169	11.6623	0.0	0.0	0.0	10.5072	0.0	55.4423	2.19832	0.0	0.0	0.0	0.0	0.0	0.0	0.0	0.0	3.189426	0.0	3.5893466666666662	0.0	0.819712	0.0	0.0	6.5577	0.0	0.0	0.0	0.0	34.2043	2.38462	0.0	8.86779	9.91106	24.8149	0.0	5.55169	27.1623	27.0505	22.575954545454547	50.76195769230769	8.94231	50.63586	51.15745	0.0	0.0	0.0	0.0	0.0	0.0	71.6875	29.8822	15.9844	50.7104	12.8546	29.2488	55.4796	0.0	16.6551	18.518	1.5090160000000001	2.08654	51.083	0.0	0.0	0.0	0.0	0.0	0.0	0.0	0.0	0.0	0.0	59.07878000000001	27.06915	4.247598	23.25	0.0	0.0	0.0	99.446	0.0	0.0	0.0	0.0	0.0	0.0	0.0	126.385	52.5361	51.53005	14.8666	82.1575	30.2176	58.982	13.46935	10.749400000000001	0.0	0.0	0.0	0.0	0.0	0.0	0.0	0.0	0.0	0.0	5.116990416666667	0.0	0.0	0.0	0.0	0.0	0.0	76.8294	12.1094	36.7753	0.0	0.0	0.0	0.0	0.0
N11_2_2	0.0	0.0	0.0	0.0	0.0	0.0	0.0	0.0	0.0	0.0	17.3345	2.8025800000000003	0.0	0.0	0.0	0.0	0.0	0.0	0.0	14.7395	0.0	0.0	0.0	0.0	0.8978635	15.6322	2.8025800000000003	34.829825	0.0	43.43479166666666	35.1298	0.0	0.0	0.0	0.0	0.0	0.0	0.0	0.0	0.0	0.0	0.0	0.0	0.0	0.0	0.0	0.0	0.0	0.0	0.0	0.0	0.0	5.77124	0.0	0.0	32.55143333333333	33.7555	0.0	0.5439080000000001	21.099775	0.0	0.0	0.0	0.0	0.0	0.0	0.0	0.0	6.08263	0.0	0.0	0.0	0.0	0.0	6.45631	0.0	0.0	0.0	0.0	0.0	0.0	0.0	15.7982	16.9608	0.0	6.279158	37.009625	0.0	0.0	0.0	0.0	0.0	0.0	0.0	0.0	0.0	0.0	0.0	0.0	41.6442	10.2138	38.2396	0.0	0.0	53.965199999999996	36.5788	0.0	0.0	0.0	0.0	0.0	35.0011	0.0	0.0	0.0	0.0	0.0	0.0	0.0	0.0	0.0	0.0	0.0	0.0	0.0	0.0	0.0	0.0	0.0	0.0	0.0	0.0	0.0	0.0	0.0	0.0	0.0	9.13087	9.17585	7.369745	0.0	6.47707	0.55844	0.0	0.0	0.0	0.0	0.0	0.0	0.0	0.970523	0.0	0.0	0.0	0.0	0.0	13.7015	4.79552	0.0	0.0	0.0	0.0	0.0	0.0	0.0	0.0	0.0	0.0	0.0	0.0	0.0	8.07558	6.91303	0.0	80.6935	0.0	0.0	0.0	0.0	0.0	0.0	0.0	0.0	0.0	0.0	3.36309	0.0	0.0	0.0	0.0	0.0	3.73677	3.73677	0.0	0.0	0.0	0.539756	0.0	0.0	20.9052	2.69878	132.42033333333333	125.535	11.5425	0.0	0.0	0.0	0.0	0.0	0.0	0.0	0.0	0.0	0.0	0.0	0.0	0.0	0.0	0.0	0.0	0.0	0.0	0.0	0.0	0.0	0.0	0.0	0.0	0.0	0.0	0.0	0.0	0.0	0.0	0.0	0.0	65.6634	59.67415	79.70282222222221	59.63265	0.0	0.0	0.0	0.0	1.78535	0.0	75.0676	0.0	0.0	0.0
N12_1_2	0.0	0.0	0.0	0.0	0.0	0.0	0.0	0.0	0.0	0.0	0.0	0.0	0.0	0.0	0.0	0.0	0.0	0.0	0.0	0.0	0.0	0.0	0.0	0.0	0.6521895	7.80019	0.0	0.0	0.0	0.0	0.0	0.0	0.0	0.0	0.0	88.3195	0.0	0.0	0.0	0.0	0.0	0.0	0.0	0.0	0.0	0.0	0.0	0.0	0.0	0.0	0.0	0.0	2.7392	0.0	0.0	0.0	0.0	0.0	0.0	20.3157125	0.0	0.0	9.05239	0.0	0.0	0.0	0.0	0.0	5.42622	0.0	0.0	0.0	0.0	0.0	9.00022	0.0	0.0	0.0	0.0	0.0	0.0	0.0	5.79144	5.63492	3.029886428571429	2.820936666666667	0.0	0.0	0.0	0.0	0.0	0.0	0.0	0.0	0.0	0.0	0.0	0.0	0.0	197.9	24.8354	95.8719	0.0	12.7307	98.38915	177.004	0.0	0.0	0.0	0.0	0.0	108.316	0.0	0.0	0.0	0.0	0.0	0.0	0.0	0.0	0.0	0.0	0.0	0.0	3.20877	3.078335	6.67842	0.0	0.0	0.0	7.578445	0.0	0.0	0.0	0.0	0.0	0.0	6.6566833333333335	6.66538	5.60883	0.0	4.04358	6.868489047619048	0.0	0.0	0.0	0.0	0.0	0.182613	0.0	199.50466666666668	0.0	0.0	265.30039999999997	0.0	8.77847	0.0	29.6094	0.0	0.0	0.0	0.0	0.0	0.0	0.0	0.0	0.0	0.0	0.0	0.0	29.539833333333334	61.6189	0.0	6.426243333333333	0.0	6.9327725	0.0	0.0	0.0	0.0	0.0	0.0	0.0	0.0	0.0	11.6611	0.0	0.0	2.178315	0.0	0.0	360.9735	361.352	0.0	0.0	0.0	17.1656	0.0	0.0	23.4527	4.33054	224.60566666666668	225.59250000000003	23.6875	0.0	0.0	0.0	0.0	0.0	0.0	0.0	0.0	0.0	0.0	0.0	0.0	0.0	0.0	0.0	0.0	0.0	0.0	0.0	0.0	0.0	0.0	0.0	0.0	0.0	0.0	0.0	0.0	0.0	0.0	0.0	10.515906	0.0	0.0	0.0	0.0	0.0	0.0	0.0	0.0	0.0	0.0	73.9583	0.0	0.0	13.3829
N12_1_3	0.0	0.0	0.0	0.0	0.0	0.0	0.0	0.0	0.294725	0.0	0.0	0.0	0.0	0.0	0.0	0.0	0.0	0.0	0.861505	8.131396666666667	5.84916	0.0	0.634793	0.0	0.0	0.0	0.0	0.0	0.0	0.0	0.0	0.0	1.24691	0.0	2.17643	0.0	2.24445	2.47116	0.0	0.0	0.0	1.4963	0.0	0.0	0.521437	0.0	1.38294	1.79858	0.0	1.4110115714285714	0.0	0.0	0.0	0.0	0.0	0.0	0.0	0.0	0.0	0.0	0.0	0.0	0.0	0.0	0.0	0.0	0.0	0.0	0.0	0.0	2.90191	0.0	4.67026	0.0	0.408081	0.0	0.0	0.0	0.0	2.08575	0.634793	2.47116	0.0	0.0	0.77082	1.636858	0.0	1.06555	0.861505	0.0	2.07441	1.1789	0.0	0.0	0.0	0.0	0.0	0.816162	2.6563083333333335	3.24198	0.317396	0.0	0.0	0.0	4.068215555555556	5.13502	0.0	0.0	0.0	0.0	0.0	0.0	1.45096	5.16903	3.773491111111111	0.0	0.0	0.0	0.0	0.0	0.0	2.08575	0.0	1.15623	0.0	0.0	0.0	0.0	3.8541	0.0	0.0	0.0	0.0	0.544108	0.0	2.76588	0.0	0.0	0.0	0.0	0.0	0.0	33.78974761904762	0.0	4.148825	0.8388335	0.5554435	0.9257395	0.7390802	0.0	0.0	0.0	2.01773	0.0	0.0	45.0703	0.0	2.24445	0.725478	0.0	0.476095	0.838833	1.54164	0.0	0.0	1.3376	1.4963	0.0	0.0	0.0	3.3644019999999997	3.35533	0.0	0.0	0.0	0.0	0.0	0.0	3.89944	2.06308	0.816162	3.78609	0.657464	1.70034	3.51403	0.0	1.08822	0.0	0.0	0.0	2.24445	1.40561	1.40561	0.0	0.0	0.0	0.0	0.0	0.0	0.0	0.0	14.016449999999999	13.7463	0.464759	2.01773	0.0	0.0	0.0	0.0	0.0	0.0	0.0	0.0	0.0	0.0	0.0	7.00539	2.96992	2.6752	0.884176	5.57711	1.60965	3.55937	0.748149	1.1562299999999999	0.0	0.0	0.0	0.0	0.0	0.0	0.0	0.0	0.0	0.0	1.7048720000000002	0.0	0.0	0.0	0.0	0.0	0.0	10.3834	0.952189	2.62986	0.0	0.0	0.0	0.0	0.0
N12_1_4	0.0	0.0	0.0	0.0	0.0	0.0	0.0	0.0	0.0	0.0	0.0	0.0	0.0	0.0	0.0	0.0	0.0	0.0	0.0	9.735876666666668	6.48508	0.0	0.866328	0.0	0.0	0.0	0.0	0.0	0.0	0.0	0.0	0.0	1.33662	0.0	2.07919	0.0	2.15344	2.57423	0.0	0.0	0.0	1.85642	0.0	0.0	0.569301	0.0	1.16335	2.2441999999999998	0.0	1.8168134999999999	0.0	0.0	0.0	0.0	0.0	0.0	0.0	0.0	0.0	0.0	0.0	0.0	0.0	0.0	0.0	0.0	0.0	0.0	0.0	0.0	3.11878	0.0	5.69301	0.0	0.346531	0.0	0.0	0.0	0.0	2.178195	1.03959	3.19304	0.0	0.0	0.0	0.0	0.0	0.940585	0.940585	0.0	2.2277050000000003	0.6806865	0.0	0.0	0.0	0.0	0.0	0.965337	4.001611666666666	2.84651	0.0	0.0	0.0	0.0	5.08348875	5.428986666666667	0.0	0.0	0.0	0.0	0.0	0.0	2.40097	5.64351	3.811844444444444	0.0	0.0	0.0	0.0	0.0	0.0	2.02968	0.0	1.06435	0.0	0.0	0.0	0.0	5.51975	0.0	0.0	0.0	0.0	1.01484	0.0	3.68808	0.0	0.0	0.0	0.0	0.0	0.0	44.796819047619046	0.0	3.242545	0.69306225	0.8044475	0.8044474999999999	0.6633595999999999	0.0	0.4909195	0.0	0.0	0.0	0.0	54.2693	0.0	2.54948	0.0	0.0	0.569301	0.792071	2.00493	0.0	0.0	1.90592	2.10394	0.0	0.0	0.0	4.509856	3.81184	0.0	0.0	0.0	0.0	0.0	0.0	5.56925	1.75741	0.618806	4.4554	0.643558	2.15344	3.66333	0.0	1.06435	0.0	0.0	0.0	3.44056	0.0	0.0	0.0	0.0	0.0	0.0	0.0	0.0	0.0	0.0	13.483775	10.38355	0.457916	2.62374	0.0	0.0	0.0	0.0	0.0	0.0	0.0	0.0	0.0	0.0	0.0	7.12864	3.19304	2.7475	0.569301	5.84153	2.25245	3.9356	1.0891	1.3984999999999999	0.0	0.0	0.0	0.0	0.0	0.0	0.0	0.0	0.0	0.0	1.1317271111111111	0.0	0.0	0.0	0.0	0.0	0.0	12.6236	1.1386	3.56432	0.0	0.0	0.0	0.0	0.0
N13_1_2	0.0	0.0	0.0	0.0	0.0	0.0	0.0	0.0	0.0	0.0	0.0	1.5271099999999997	0.0	0.0	0.0	0.0	0.0	0.0	0.0	0.0	0.0	0.0	0.0	0.0	0.0	0.0	1.5271099999999997	0.0	0.0	0.0	0.0	0.0	0.0	0.0	0.0	0.0	0.0	0.0	0.0	0.0	0.0	0.0	0.0	0.0	0.0	0.0	0.0	0.0	0.0	0.0	0.0	0.0	0.0	0.0	0.0	2.14926	2.14926	0.0	0.0	0.0	0.0	0.0	0.0	0.0	0.0	0.0	0.0	0.0	0.0	0.0	0.0	0.0	0.0	0.0	0.0	0.0	0.0	0.0	0.0	0.0	0.0	0.0	0.0	0.0	0.0	7.024692	0.0	0.0	0.0	0.0	0.0	0.0	0.0	0.0	0.0	0.0	0.0	0.0	0.0	2.43206	0.565595	1.9513	0.0	0.0	4.27024	3.30873	0.0	0.0	0.0	0.0	0.0	0.0	0.0	0.0	0.0	0.0	0.0	0.0	0.0	0.0	0.0	0.0	0.0	0.0	0.0	0.0	0.0	0.0	0.0	0.0	0.0	0.0	0.0	0.0	0.0	0.0	0.0	0.0	0.0	0.0	0.0	0.0	0.0	0.0	0.0	0.0	0.0	0.0	0.0	0.0	0.0	0.0	0.0	0.0	0.0	0.0	0.0	1.18775	0.0	0.0	0.0	0.0	0.0	0.0	0.0	0.0	0.0	0.0	0.0	0.0	0.0	0.0	0.0	0.0	0.0	0.0	0.0	0.0	0.0	0.0	0.0	0.0	0.0	0.0	0.0	0.0	0.0	0.0	0.0	0.0	0.0	4.94896	4.94896	0.0	0.0	0.0	0.0	0.0	0.0	0.0	0.0	4.340945	4.92068	0.339357	0.0	0.0	0.0	0.0	0.0	0.0	0.0	0.0	0.0	0.0	0.0	0.0	0.0	0.0	0.0	0.0	0.0	0.0	0.0	0.0	0.0	0.0	0.0	0.0	0.0	0.0	0.0	0.0	0.0	0.0	0.0	0.0	0.0	0.0	0.0	0.0	0.0	0.0	0.0	0.0	0.0	0.0	1.32915	0.0	0.0	0.0
N13_1_3	0.0	0.0	0.0	0.0	0.0	0.0	0.0	0.0	0.0	0.0	0.0	0.0	0.0	0.0	0.0	0.0	0.0	0.0	0.0	0.0	0.0	0.0	0.0	0.0	0.0	0.0	0.0	0.0	0.0	0.0	0.0	0.0	0.0	0.0	0.0	0.0	0.0	0.0	0.0	0.0	0.0	0.0	0.0	0.0	0.0	0.0	0.0	0.0	0.0	0.0	0.0	0.0	0.0	0.0	0.0	0.0	0.0	0.0	0.8818802380952381	0.0	0.0	0.0	0.0	0.0	0.0	0.0	0.0	0.0	0.0	0.0	0.0	0.0	0.0	0.0	0.0	0.0	0.0	0.0	0.0	0.0	0.0	0.0	0.0	0.0	0.0	0.0	0.0	0.0	0.0	0.0	0.0	0.0	0.0	0.0	0.0	0.0	0.0	0.0	0.0	0.0	0.0	0.0	0.0	0.0	0.0	0.0	0.0	0.0	0.0	0.0	0.0	0.0	0.0	0.0	0.0	0.0	0.0	0.0	0.0	0.0	0.0	0.0	0.0	0.0	0.0	0.0	0.0	0.0	0.0	0.0	0.0	0.0	0.0	0.0	0.0	0.0	0.0	0.0	0.0	0.0	0.0	0.0	0.0	0.0	1.77631	0.0	0.0	0.481323	0.618843	0.0	0.0	0.0	0.0	0.0	0.0	0.0	0.0	0.0	0.0	0.0	0.0	0.0	0.0	0.0	0.0	0.0	0.0	0.0	0.0	0.0	0.0	0.0	0.0	0.0	0.0	0.0	0.0	0.0	0.0	0.0	0.0	0.0	0.0	0.0	0.0	0.0	0.0	0.0	0.0	0.0	0.0	0.0	0.0	0.0	0.0	0.0	0.0	0.0	0.0	0.0	0.0	0.0	0.0	0.0	0.0	0.0	0.0	0.0	0.0	0.0	0.0	0.0	0.0	0.0	0.0	0.0	0.0	0.0	0.0	0.0	0.0	0.0	0.0	0.0	0.0	0.0	0.0	0.0	0.0	0.0	0.0	0.0	0.0	0.0	0.0	0.0	0.0	0.0	0.0	0.0	0.0	0.0	0.0	0.0	0.0	0.0	0.0	0.0	0.0	0.0
N13_1_4	0.0	0.0	0.0	0.0	0.0	0.0	0.0	0.0	0.0	0.0	0.0	0.0	0.0	0.0	0.0	0.0	0.0	0.0	0.0	0.0	0.0	0.0	0.0	0.0	0.0	0.0	0.0	0.0	0.0	0.0	0.0	0.0	0.0	0.0	0.0	0.0	0.0	0.0	0.0	0.0	0.0	0.0	0.0	0.0	0.0	0.0	0.0	0.0	0.0	0.0	0.0	0.0	0.0	0.0	0.0	0.0	0.0	0.0	0.0	0.0	0.0	0.0	0.0	0.0	0.0	0.0	0.0	0.0	0.0	0.0	0.0	0.0	0.0	0.0	0.0	0.0	0.0	0.0	0.0	0.0	0.0	0.0	0.0	0.0	0.0	0.0	0.0	0.0	0.0	0.0	0.0	0.0	0.0	0.0	0.0	0.0	0.0	0.0	0.0	0.0	0.0	0.0	0.0	0.0	0.0	0.0	0.0	0.0	0.0	0.0	0.0	0.0	0.0	0.0	0.0	0.0	0.0	0.0	0.0	0.0	0.0	0.0	0.0	0.0	0.0	0.0	0.0	0.0	0.0	0.0	0.0	0.0	0.0	0.0	0.0	0.0	0.0	0.0	0.0	0.0	0.0	0.0	0.0	0.0	0.0	0.0	0.0	0.0	0.0	0.0	0.0	0.0	0.0	0.0	0.0	0.0	0.0	0.0	0.0	0.0	0.0	0.0	0.0	0.0	0.0	0.0	0.0	0.0	0.0	0.0	0.0	0.0	0.0	0.0	0.0	0.0	0.0	0.0	0.0	0.0	0.0	0.0	0.0	0.0	0.0	0.0	0.0	0.0	0.0	0.0	0.0	0.0	0.0	0.0	0.0	0.0	0.0	0.0	0.0	0.0	0.0	0.0	0.0	0.0	0.0	0.0	0.0	0.0	0.0	0.0	0.0	0.0	0.0	0.0	0.0	0.0	0.0	0.0	0.0	0.0	0.0	0.0	0.0	0.0	0.0	0.0	0.0	0.0	0.0	0.0	0.0	0.0	0.0	0.0	0.0	0.0	0.0	0.0	0.0	0.0	0.0	0.0	0.0	0.0	0.0	0.0	0.0	0.0	0.0	0.0
N13_2_3	0.0	0.0	0.0	0.0	0.0	0.0	0.0	0.0	0.0	0.0	0.0	0.0	0.0	0.0	0.0	0.0	0.0	0.0	0.0	5.57177	4.28146	0.0	0.850428	0.0	0.0	0.0	0.0	0.0	0.0	0.0	0.0	0.0	0.762453	0.0	1.02638	0.0	0.967728	0.997053	0.0	0.0	0.0	0.0	0.0	0.0	0.0	0.0	0.498527	1.231651	0.0	0.79910925	0.0	0.0	0.0	0.0	0.0	0.0	0.0	0.0	0.0	0.0	0.0	0.0	0.0	0.0	0.0	0.0	0.0	0.0	0.0	0.0	1.55423	0.0	3.69496	0.0	0.0	0.0	0.0	0.0	0.0	1.5102449999999998	0.615827	1.78883	0.0	0.0	0.0	0.0	0.0	0.615827	0.762453	0.0	1.392945	0.997053	0.0	0.0	0.0	0.0	0.0	0.498527	2.5757183333333336	0.0	0.0	0.0	0.0	0.0	2.5722271428571424	3.225765	0.0	0.0	0.0	0.0	0.0	0.0	0.0	0.0	0.0	0.0	0.0	0.0	0.0	0.0	0.0	1.37828	0.0	0.0	0.0	0.0	0.0	0.0	3.25509	0.0	0.0	0.0	0.0	0.498527	0.0	2.02343	0.0	0.0	0.0	0.0	0.0	0.0	0.0	0.0	0.0	0.0	0.0	0.0	0.0	0.0	0.0	0.0	0.0	0.0	0.0	0.0	0.0	1.26098	0.0	0.0	0.469202	0.351901	0.0	0.0	0.0	0.0	1.11435	1.077030909090909	2.563012	0.469202	2.5102260000000003	2.140735	0.0	0.0	0.0	0.0	0.0	0.0	0.0	0.0	0.0	0.0	0.0	0.0	0.0	0.0	0.615827	0.0	0.0	0.0	1.84748	0.0	0.0	0.0	0.0	0.0	0.0	0.0	0.0	0.0	0.0	5.36649	0.0	0.381226	0.909078	0.0	0.0	0.0	0.0	0.0	0.0	0.0	0.0	0.0	0.0	0.0	3.10846	0.879753	1.02638	0.0	0.0	0.645152	0.938403	0.527852	0.454539	0.0	0.0	0.0	0.0	0.0	0.0	0.0	0.0	0.0	0.0	0.0	0.0	0.0	0.0	0.0	0.0	0.0	2.96184	0.381226	1.46626	0.0	0.0	0.0	0.0	0.0
N13_2_4	0.518348	0.46281	0.46281	1.40694	0.481323	0.277686	0.721984	0.629422	0.0	0.0	0.0	0.0	0.0	0.0	0.0	0.0	0.0	0.0	0.0	192.46133333333333	125.718	0.0	18.9197	0.0	0.0	0.0	0.0	0.0	0.0	0.0	0.0	0.0	23.5663	0.0	33.1928	0.0	32.767	31.4896	7.966503333333333	0.0	0.0	0.0	0.0	0.0	0.0	0.0	23.122	41.338233333333335	0.0	16.806087931034483	0.0	0.0	0.0	0.0	0.0	0.0	0.0	0.0	0.0	0.0	0.0	0.0	0.0	0.0	0.0	0.0	4.05422	0.0	0.0	0.0	55.0744	0.0	99.3562	0.0	0.0	0.0	0.0	0.0	0.0	33.766666666666666	16.7537	52.3901	0.0	0.0	0.0	0.0	0.0	26.7504	28.6202	0.0	31.36005	24.603	0.0	0.0	0.0	0.0	0.0	14.23605	76.94071666666666	0.0	0.0	0.0	0.0	0.0	100.14682857142857	91.7568	0.0	0.0	0.0	0.0	0.0	0.0	0.0	0.0	0.0	0.0	0.0	0.0	0.0	0.0	0.0	37.4691	0.0	34.322	0.0	0.0	0.0	0.0	100.245	14.3286	0.0	0.0	0.0	16.9389	0.0	76.012	0.0	0.0	0.0	0.0	0.0	0.0	0.0	0.0	0.0	0.0	0.0	0.0	0.0	0.0	0.0	0.0	0.0	0.0	0.0	0.0	0.0	42.1528	0.0	5.77587	16.1243	14.6989	38.5429	0.0	0.0	46.7068	30.9898	36.17664545454546	90.80839615384616	14.8099	71.6764	65.25625	0.0	0.0	0.0	0.0	0.0	0.0	1.35141	0.703472	0.351736	1.20331	0.46281	0.777522	1.35141	0.0	23.5478	26.9541	0.0	0.0	67.2001	0.0	0.0	0.0	0.0	0.0	0.0	0.0	0.0	0.0	0.0	181.922	0.0	10.8668	23.6589	0.0	0.0	0.0	128.291	0.0	0.0	0.0	0.0	0.0	0.0	0.0	113.166	36.9323	41.042	1.29587	2.01785	24.9918	42.2083	16.62415	14.7081	0.0	0.0	0.0	0.0	11.5332	0.0	0.0	0.0	0.0	0.0	0.0	0.0	0.0	0.0	0.0	0.0	0.0	97.1161	18.2718	46.8364	0.0	0.0	0.0	0.0	0.0
N13_2_2	0.0	0.0	0.0	0.0	0.0	0.0	0.0	0.0	0.0	0.0	7.49128	0.0	0.0	0.0	0.0	0.0	0.0	0.0	0.0	23.061366666666668	14.8434	0.0	2.2729	0.0	4.824105	0.0	0.0	16.0842	0.0	13.888633333333333	17.761059999999997	0.0	2.66717	0.0	3.38615	0.0	3.36296	3.20061	1.1132555	0.0	0.0	0.0	0.0	0.0	0.0	0.0	2.01777	3.826813333333334	0.0	2.5843414285714283	0.0	0.0	0.834941	0.0	0.0	4.344786666666667	4.4994	0.0	0.6139991052631579	0.0	0.0	2.18012	0.0	0.0	0.0	0.0	3.06145	0.0	0.0	0.0	7.81598	0.0	12.4545	0.0	0.417471	0.0	0.0	0.0	0.0	4.824103333333333	1.46115	5.98374	0.0	0.0	0.0	66.25101333333333	15.39425	2.2497	2.78314	0.0	3.339765	2.92229	0.0	0.0	0.57982	0.0	0.0	1.635095	8.418988333333333	6.37802	0.881327	4.73133	0.997291	0.0	11.617011111111111	8.013115	0.0	0.0	0.0	0.0	0.0	3.17741	0.0	0.0	0.0	0.0	0.0	0.0	0.0	0.0	0.0	3.29338	0.0	2.13374	0.0	0.0	0.0	0.0	10.3672	0.0	0.0	0.0	0.0	0.997291	0.0	7.88555	0.0	3.0150633333333334	3.0324600000000004	2.44684	0.0	0.0	0.0	0.0	0.0	0.0	0.0	0.0	0.0	0.0	0.0	0.0	0.0	0.0	0.0	0.0	2.38886	5.61266	0.0	0.0	1.43795	1.48434	2.82952	0.0	0.0	3.68766	3.89639	3.067773636363636	7.9449284	1.90181	9.249292	7.491276666666667	0.0	0.0	32.7251	0.0	0.0	0.0	0.0	0.0	0.0	0.0	0.0	0.0	0.0	0.0	1.97139	0.0	0.0	0.0	7.07381	11.5732	11.55	0.231928	0.0	0.0	1.57711	0.0	0.0	2.80633	0.0	26.3992	23.3783	1.275605	3.85001	0.0	0.0	0.0	0.0	0.0	0.0	0.0	0.0	0.0	0.0	0.0	10.5063	2.73675	3.10784	0.0	0.0	1.83223	3.27019	2.2149150000000004	1.35678	0.0	0.0	0.0	0.0	0.0	0.0	0.0	0.0	0.0	0.0	0.0	28.3648	26.6717	34.894872222222226	26.27745	0.0	0.0	18.1368	3.57169	5.856185	0.0	8.67411	0.0	0.0	0.0
N14_1_2	0.0	0.0	0.0	0.0	0.0	0.0	0.0	0.0	0.0	0.0	0.0	0.0	0.0	0.0	8.228714499999999	4.65605	6.974	8.61672	0.0	0.0	0.0	0.0	0.0	8.158963684210526	0.6802670000000001	1.39077	0.0	0.0	0.0	42.54443333333334	0.0	0.0	0.0	0.0	0.0	2.489275	0.0	0.0	0.0	0.0	0.0	0.0	0.0	0.0	0.0	0.0	0.0	0.0	0.0	0.0	0.0	0.0	0.0	0.0	10.247041923076923	0.0	0.0	0.0	0.4744429230769231	0.967491	0.0	0.302341	0.0	0.0	0.0	0.0	0.0	0.0	0.0	0.0	0.0	0.0	0.0	0.0	0.0	0.0	0.0	0.0	0.0	0.0	0.0	0.0	102.897	2.317945	0.0	194.92120000000003	10.670135	0.0	0.0	0.0	0.0	0.0	0.0	0.0	0.0	0.0	0.0	0.0	0.0	6.6515	0.0	0.0	0.0	0.0	15.73179	8.74773	0.0	0.0	0.0	0.0	0.0	0.0	0.0	0.0	0.0	0.0	0.0	0.0	0.0	0.0	0.0	0.0	0.0	0.0	0.0	0.0	0.0	0.0	0.0	0.0	0.0	0.0	0.0	0.0	0.0	0.0	0.0	0.0	0.0	0.0	0.0	0.0	0.0	0.0	0.0	0.0	0.0	0.0	0.0	0.0	11.727466666666666	0.0	0.0	19.29742	0.0	0.0	0.0	0.0	0.0	0.0	0.0	0.0	0.0	0.0	0.0	0.0	0.0	0.0	0.0	0.0	0.0	0.0	0.0	0.0	52.4864	0.0	0.0	0.0	0.0	0.0	0.0	0.0	0.0	0.0	0.0	0.0	0.0	0.0	0.0	0.0	0.0	42.972750000000005	42.87195	0.0	6.67166	7.78024	3.3056	0.0	0.0	0.362809	0.0	24.462766666666667	19.8537	0.56437	0.0	0.0	0.0	0.0	0.0	0.0	0.0	0.0	0.0	0.0	0.0	0.0	0.0	0.0	0.0	0.0	0.0	0.0	0.0	0.0	0.0	0.0	0.0	10.069262608695652	0.0	0.0	0.0	0.0	0.0	0.0	0.0	0.0	0.0	0.0	0.0	0.0	0.0	0.0	0.0	0.0	0.967491	0.0	25.3765	0.0	0.0	0.0
N14_1_4	0.0	0.0	0.0	0.0	0.0	0.0	0.0	0.0	0.0	7.05672	0.0	0.0	0.0	0.0	0.0	0.0	0.0	0.0	1.5738	3.24914	3.60451	2.33532	0.0	0.0	0.0	0.0	0.0	0.0	0.0	0.0	0.0	0.609213	0.0	0.0	0.0	0.0	0.0	0.0	0.0	0.0	0.0	0.0	0.0	0.0	0.0	0.0	0.0	0.0	0.0	0.0	0.0	0.0	0.0	0.0	0.0	0.0	0.0	0.0	3.0279360714285715	0.0	0.0	0.0	0.0	0.0	0.0	0.0	0.0	0.0	0.0	0.0	0.0	0.0	0.0	0.0	0.0	0.0	0.0	0.0	0.0	0.0	0.0	0.0	0.0	0.0	0.0	0.0	0.0	0.0	0.0	0.0	0.91382	0.0	0.0	0.0	0.0	0.0	0.0	0.0	0.0	0.0	0.0	0.0	0.0	0.0	0.0	0.0	0.0	0.0	0.0	0.0	0.0	0.0	0.0	0.0	0.0	0.0	0.0	0.0	0.0	2.94453	0.0	0.0	0.0	0.0	0.0	0.0	0.0	0.0	0.0	0.0	0.0	0.0	0.0	0.558446	0.0	0.0	0.0	0.0	0.0	0.0	0.0	0.0	0.0	0.0	0.0	0.0	0.0	0.0	0.0	0.0	0.0	0.0	0.0	0.0	0.0	0.0	0.0	0.0	0.0	0.0	0.0	0.0	1.52303	0.0	0.0	0.0	0.0	0.0	0.0	0.0	0.0	0.0	0.0	0.0	0.0	0.0	0.0	0.0	0.0	0.0	0.0	1.06612	0.0	0.0	0.0	0.0	0.761517	0.0	0.0	0.0	0.0	0.0	0.0	0.0	0.0	0.0	0.0	0.0	0.0	0.0	0.0	5.73676	9.59511	0.0	1.7261	0.0	0.0	0.0	0.0	0.0	0.0	0.0	0.0	0.0	1.97994	0.0	0.0	0.0	0.0	0.0	0.0	0.0	0.0	0.0	0.0	0.0	0.0	0.0	0.0	0.0	0.0	0.0	0.0	0.0	0.0	3.316826666666667	0.0	0.0	0.0	0.0	0.0	0.0	6.65058	0.0	0.0	0.0	0.0	0.0	0.0	0.0
N14_2_2	0.0	0.0	0.0	0.0	0.0	0.0	0.0	0.0	0.0	0.0	1.85612	0.0	0.0	0.0	2.5970778947368425	1.41569	2.1078	2.59542	0.0	0.0	0.0	0.0	0.0	2.734506315789474	0.0	0.0	0.0	0.0	0.0	12.298108333333333	0.0	0.0	0.0	0.0	0.0	0.0	0.0	0.0	0.0	0.0	0.0	0.0	0.0	0.0	0.0	0.0	0.0	0.0	0.0	0.0	0.0	0.0	0.0	0.0	3.1374950000000004	0.0	0.0	0.0	0.36965112499999997	0.0	0.0	0.0	0.0	0.0	0.0	0.0	0.0	0.0	0.0	0.0	0.0	0.0	0.0	0.0	0.519085	0.0	0.0	0.0	0.0	0.0	0.0	0.0	0.0	0.0	0.0	5.5956253333333335	6.93882125	0.0	0.0	0.0	0.0	0.0	0.0	0.0	0.0	0.0	0.0	0.0	0.0	0.0	0.0	0.0	0.0	0.0	15.431	0.0	0.0	0.0	0.0	0.0	0.0	0.0	0.0	0.0	0.0	0.0	0.0	0.0	0.0	0.0	0.0	0.0	0.0	0.0	0.0	0.0	0.0	0.0	0.0	0.0	0.0	0.0	0.0	0.0	0.0	0.0	0.0	0.0	0.0	0.0	0.0	0.0	0.0	0.0	0.0	0.0	0.0	0.0	0.0	0.0	0.0	0.0	0.0	0.0	0.0	0.0	0.0	0.0	0.0	0.0	0.0	0.0	0.0	0.0	0.0	0.0	0.0	0.0	0.0	0.0	0.0	0.0	0.0	0.0	17.2556	0.0	0.0	0.0	0.0	0.0	0.0	0.0	0.0	0.0	0.0	0.0	0.0	0.0	0.0	0.0	0.0	1.06963	1.06963	0.0	1.40782	1.7932	0.0	0.0	0.0	0.235948	0.0	9.731523333333334	7.20426	0.0	0.0	0.0	0.0	0.0	0.0	0.0	0.0	0.0	0.0	0.0	0.0	0.0	0.0	0.0	0.0	0.0	0.0	0.0	0.0	0.0	0.0	0.0	0.0	4.226542608695652	0.0	0.0	0.0	0.0	0.0	0.0	0.0	0.0	0.0	0.0	0.0	0.0	0.0	0.0	2.95721	0.0	0.0	0.0	0.723572	0.0	0.0	0.0
N14_2_3	1.21591	1.3439	1.15191	4.22368	1.06659	1.38656	1.66387	2.02651	0.0	0.0	0.0	0.0	0.0	0.0	0.0	0.0	0.0	0.0	0.0	9.2864	5.58891	0.42663399999999996	0.74661	0.0	0.0	0.0	0.0	0.0	0.0	0.60973175	0.0	0.0	1.70654	2.8371133333333334	4.88496	0.0	5.18361	4.65031	1.4292266666666666	0.0	0.351973	0.469298	0.981259	0.8746	0.511961	0.0	0.938595	1.1252475	0.0	0.6171975333333334	0.0	0.0	0.0	0.0	0.0	0.0	0.0	0.0	0.8222402727272727	0.0	0.0	0.0	0.0	1.73853	0.0	0.0	8.59668	0.0	0.0	0.0	2.53847	0.0	5.46092	0.0	0.0	0.0	0.0	0.0	0.0	2.26827	0.682615	2.66646	0.0	0.0	0.0	0.8945098666666667	0.0	1.15191	0.853268	0.0	2.31449	1.13058	0.43374466666666667	0.341307	0.0	0.0	0.0	0.266646	3.2317516666666664	0.0	0.0	0.0	0.0	0.0	4.376047142857143	5.791555000000001	0.0	0.0	0.0	0.0	0.0	0.0	0.0	0.0	0.0	0.0	0.0	0.0	0.0	0.0	0.0	1.55721	1.21591	1.19458	0.0	0.0	0.0	0.0	4.26634	0.8746	0.0	0.0	0.0	0.405302	0.0	3.05043	0.554624	0.0	0.0	0.0	0.0	0.0	0.0	0.0	0.0	0.0	0.0	0.0	0.0	0.138656	0.0	0.0	0.0	0.0	0.0	0.0	0.0	2.36782	0.0	1.2799	0.789273	0.597288	1.06659	0.0	0.682615	1.51455	1.62121	1.7860427272727273	3.0862716	0.511961	3.673322	3.15709	0.0	0.0	1.15191	0.0	0.0	0.0	3.19976	1.49322	0.575956	2.09051	0.447966	1.23724	2.13317	0.0	0.917263	1.64254	0.61862	0.533293	2.64513	0.0	0.0	0.0	0.234649	0.277312	0.0	0.362639	0.0	0.0	0.0	6.90081	0.0	0.490629	1.53588	0.938595	0.0	0.0	0.0	0.0	0.0	0.0	0.0	0.0	0.0	0.0	8.746	1.89852	2.47448	0.234649	3.88237	1.94119	2.30382	0.778607	0.7572755	0.0	0.0	0.533293	0.0	1.21591	0.405302	0.0	0.0	0.0	0.0	0.0	4.03169	3.6797199999999997	4.734452222222222	3.80771	0.0	0.0	6.27152	0.959927	2.28249	0.0	0.0	1.17324	0.810605	0.0
N14_2_4	2.07589	2.1717	1.62877	4.75857	1.75652	1.46909	2.36332	3.44916	0.0	0.28743	0.0	0.0	0.0	0.0	0.0	0.0	0.0	0.0	0.0	13.157933333333332	8.97421	1.02197	0.990038	0.0	0.0	0.0	0.0	0.0	0.798418	0.0	0.0	0.0	2.13976	7.058013333333332	11.5611	0.0	12.1679	11.0501	3.26819	0.0	1.18166	0.0	2.523	2.33138	0.510987	0.0	1.75652	1.6846625	0.0	0.7771263333333334	0.0	0.0	0.0	0.0	0.0	0.0	0.0	0.0	0.510987	0.0	0.0	0.0	0.0	3.16173	0.0	0.0	15.7767	0.0	0.0	0.0	3.1298	0.0	7.50513	0.0	0.0	0.0	0.0	0.0	0.0	2.9701133333333334	1.02197	3.86434	0.0	0.0	0.0	0.0	0.0	1.3094	1.5649	0.0	2.954145	1.62877	0.415177	0.0	0.0	0.0	0.0	0.0	4.311455	0.0	0.0	0.0	0.0	0.0	6.008095	9.852475	0.0	0.0	0.0	0.0	0.0	0.0	0.0	0.0	0.0	0.0	0.0	0.0	0.0	0.0	0.0	2.23557	1.59684	1.72458	0.0	0.0	0.0	0.0	6.64284	1.24553	0.0	0.0	0.0	0.542924	0.0	4.18371	0.0	0.0	0.0	0.0	0.0	0.0	0.0	0.0	0.0	0.0	0.0	0.0	0.0	0.33533500000000005	0.0	0.0	0.0	0.0	0.0	0.0	0.0	3.8324	0.0	2.13976	0.958101	0.0	1.78846	0.0	1.69265	3.06592	1.85233	1.5649	4.303792	0.798418	4.3540383333333335	5.36537	0.0	0.0	0.0	0.0	0.0	0.0	5.87635	3.03399	0.958101	4.0879	1.18166	2.65075	4.98213	0.0	1.43715	2.1717	0.958101	0.926165	4.24758	0.0	0.0	0.0	0.0	0.0	0.0	0.638734	0.0	0.0	0.0	21.0942	0.0	0.862291	2.97011	1.50103	0.0	0.734544	0.0	0.0	0.0	0.0	0.0	0.0	0.0	0.0	11.9443	4.37533	4.75857	0.894228	6.45121	3.03399	5.14181	1.27747	0.9740694999999999	0.0	0.0	0.0	0.0	2.58687	0.926165	0.0	0.0	0.0	0.0	0.0	11.9443	11.8645	11.275422222222222	9.05406	0.0	0.0	16.9584	1.37328	3.92822	0.0	0.0	1.3094	1.66071	0.0
N14_1_3	0.0	0.0	0.0	0.0	0.0	0.0	0.0	0.0	0.0	0.269384	0.0	0.0	0.0	0.0	0.0	0.0	0.0	0.0	0.0	0.0	0.0	0.0	0.0	0.0	0.0	0.0	0.0	0.0	0.0	0.0	0.0	0.0	0.0	0.0	0.0	0.0	0.0	0.0	0.0	0.0	0.0	0.0	0.0	0.0	0.0	0.0	0.0	0.0	0.0	0.0	0.0	0.0	0.0	0.0	0.0	0.0	0.0	0.0	0.5020330714285715	0.0	0.0	0.0	0.0	0.0	0.0	0.0	0.0	0.0	0.0	0.0	0.0	0.0	0.0	0.0	0.0	0.0	0.0	0.0	0.0	0.0	0.0	0.0	0.0	0.0	0.0	1.3918183333333332	0.0	0.0	0.0	0.0	0.0	0.0	0.0	0.0	0.0	0.0	0.0	0.0	0.0	0.0	0.0	0.0	0.0	0.0	0.0	0.0	0.0	0.0	0.0	0.0	0.0	0.0	0.0	0.0	0.0	0.0	0.0	0.0	0.0	0.0	0.0	0.0	0.0	0.0	0.0	0.0	0.0	0.0	0.0	0.0	0.0	0.0	0.0	0.0	0.0	0.0	0.0	0.0	0.0	0.0	0.0	0.0	0.0	0.0	0.0	0.0	0.0	0.0	0.0	0.0	0.0	0.0	0.0	0.0	0.0	0.0	0.0	0.0	0.0	0.0	0.0	0.0	0.0	0.0	0.0	0.0	0.0	0.0	0.0	0.0	0.0	0.0	0.0	0.0	0.0	0.0	0.0	0.0	0.0	0.0	0.0	0.0	0.0	0.0	0.0	0.0	0.0	0.0	0.0	0.0	0.0	0.0	0.0	0.0	0.0	0.0	0.0	0.0	0.0	0.0	0.0	0.0	0.0	0.0	0.0	0.0	0.0	0.0	0.0	0.0	0.0	0.0	0.0	0.0	0.0	0.0	0.0	0.0	0.0	0.0	0.0	0.0	0.0	0.0	0.0	0.0	0.0	0.0	0.0	0.0	0.0	0.0	0.0	0.0	0.0	0.0	0.0	0.0	0.0	0.0	0.0	0.0	0.0	0.0	0.0	0.0	0.0	0.0	0.0	0.0
N15_1_3	0.0	0.0	0.0	0.0	0.0	0.0	0.0	0.0	0.0	0.0	0.489063	0.0	0.0	0.0	0.0	0.0	0.0	0.0	0.0	0.0	0.0	0.0	0.0	0.0	0.0	0.0	0.0	0.861683	0.0	0.9257268333333334	0.721951	0.0	0.0	0.0	0.0	0.0	0.0	0.0	0.0	0.0	0.0	0.0	0.0	0.0	0.0	0.0	0.0	0.0	0.0	0.0	0.0	0.0	0.0	0.0	0.0	0.0	0.0	0.0	0.0	0.0	0.0	0.0	0.0	0.0	0.0	0.0	0.0	0.0	0.9548405	1.7388966666666665	0.0	0.0	0.0	0.0	0.0	0.0	0.0	0.0	0.0	0.0	0.0	0.55893	0.0	0.0	0.0	3.249553333333333	3.86884125	0.0	0.0	0.0	0.0	0.0	0.0	0.0	0.0	0.0	0.0	0.0	0.0	2.51518	0.0	1.09457	0.0	8.57026	9.812323333333334	0.0	0.0	0.0	0.0	0.0	0.0	0.0	0.0	0.0	0.0	0.0	0.0	0.0	0.0	0.0	0.0	0.0	0.0	0.0	1.72337	1.4322599999999999	3.58647	0.0	0.0	0.0	5.298185	0.0	0.0	0.0	0.0	0.0	0.0	0.0	0.0	0.0	0.0	0.0	0.0	0.0	0.0	0.0	0.0	0.0	0.0	0.0	0.0	0.0	0.0	0.0	0.0	0.0	0.0	0.0	0.0	0.0	0.0	0.0	0.0	0.0	0.0	0.0	0.0	0.0	0.0	0.0	6.91675	0.0	0.0	0.0	3.67962	0.0	0.0	0.0	0.0	0.0	0.0	0.675373	0.0	0.349331	0.0	0.0	0.0	0.0	0.0	0.0	0.0	0.0	0.0	0.0	0.0	0.0	0.0	0.0	0.0	0.37262	0.0	8.28614	15.35895	2.02612	0.0	0.0	0.0	0.0	0.0	0.0	0.0	0.0	0.0	0.0	0.0	0.0	0.0	0.0	0.0	0.0	0.0	0.279465	0.0	0.0	0.0	0.0	0.0	0.0	0.0	0.0	0.0	0.0	0.0	0.0	0.0	6.921743928571429	3.37687	4.9255700000000004	1.6974922222222224	1.32746	1.09457	0.884972	2.84123	0.0	0.0	0.0	1.21101	0.0	0.0	9.68811
N15_1_4	0.0	0.0	0.0	0.0	0.0	0.0	0.0	0.0	0.0	0.0	0.0	0.0	0.0	0.0	0.0	0.0	0.0	0.0	4.6285	51.83923333333333	37.8215	0.0	0.0	0.0	0.0	0.0	0.0	0.0	0.0	0.0	0.0	0.0	8.51644	12.2457	23.0632	0.0	24.2798	21.582	7.440866666666667	0.0	2.71098	3.14738	6.13607	5.92448	0.74056	0.0	6.21542	7.017690000000001	0.0	2.2578736842105265	0.0	0.0	0.0	0.0	0.0	0.0	0.0	0.0	0.502523	0.0	0.0	0.0	0.0	11.082	0.0	0.0	0.0	0.0	9.60083	0.0	13.8062	0.0	30.0191	0.0	0.317383	0.0	0.0	0.0	0.0	10.879166666666668	3.57056	13.5681	0.0	0.0	6.9805407142857145	2.0136173333333334	0.0	7.69654	7.22046	0.0	10.672	7.24691	0.0	0.0	0.0	0.0	0.0	1.2166350000000001	19.148766666666667	14.0442	1.21663	0.0	0.0	32.0028	24.279798181818183	19.86948	0.0	0.0	0.0	0.0	0.0	0.0	2.61841	8.35775	9.483283333333334	0.0	0.0	0.0	0.0	0.0	0.0	7.85523	0.0	8.19906	7.00887	6.7179400000000005	16.2923	0.0	25.3642	5.58065	15.3402	0.0	0.0	0.0	0.0	16.3452	0.0	0.0	0.0	0.0	0.0	0.0	0.0	0.0	5.2235949999999995	1.646425	0.5686445	1.1945933333333334	1.1954734	1.150515	0.0	0.0	14.8641	0.0	0.0	0.0	0.0	6.6518045	4.31112	0.0	2.32748	0.0	7.4056	0.0	6.50635	12.1399	9.57439	5.212774545454545	14.421880000000002	2.40682	21.56441666666667	18.97685	0.0	0.0	0.0	0.0	0.0	0.0	21.8465	10.9762	2.85645	26.4486	3.59701	9.91822	19.4397	0.0	5.52775	11.1877	4.28467	3.6498999999999997	16.0807	1.34888	1.34888	0.0	0.0	0.0	0.0	0.0	0.0	0.0	0.0	48.32595	63.06223333333333	3.38542	9.15121	6.10962	0.0	0.0	0.0	0.0	0.0	0.0	0.0	0.0	0.0	0.0	39.3555	17.4561	13.8326	4.12598	27.0569	9.83887	18.514	4.059855000000001	3.54411	0.0	0.0	0.0	0.0	2.7771	0.608317	0.0	0.0	0.0	0.0	33.60705625	0.0	0.0	0.0	0.0	0.0	0.0	43.5873	3.78215	12.854	0.0	0.0	7.53785	8.14616	31.8441
N15_2_2	0.0	0.0	0.0	0.0	0.0	0.0	0.0	0.0	0.0	0.0	0.284594	0.0	0.0	0.0	0.0	0.0	0.0	0.0	0.0	0.0	0.0	0.0	0.0	0.0	0.608714	0.0	0.0	0.0	0.0	0.59553875	0.505944	0.0	0.0	0.0	0.0	0.0	0.0	0.0	0.0	0.0	0.0	0.0	0.0	0.0	0.0	0.0	0.0	0.0	0.0	0.0	0.0	0.0	0.0	0.0	0.0	0.0	0.0	0.0	0.6324304285714286	0.0	0.0	0.442701	0.0	0.0	0.0	0.0	0.0	0.0	0.0	1.01189	0.0	0.0	0.0	0.0	0.0	0.0	0.0	0.0	0.0	0.0	0.0	0.0	0.0	0.0	0.0	36.77162666666666	1.3557750000000002	0.0	0.0	0.0	0.0	0.0	0.0	0.0	0.0	0.0	0.0	0.0	0.0	0.0	0.0	1.48621	0.0	0.0	0.0	0.0	0.0	0.0	0.0	0.0	0.0	0.0	0.0	0.0	0.0	0.0	0.0	0.0	0.0	0.0	0.0	0.0	0.0	0.0	0.0	0.0	0.0	0.0	0.0	0.0	0.0	0.0	0.0	0.0	0.0	0.0	0.0	0.0	0.0	0.0	0.0	0.0	0.0	0.0	0.0	0.0	0.0	0.0	0.0	0.0	0.0	0.0	0.0	0.0	0.0	0.0	0.0	0.0	0.0	0.0	0.0	0.0	0.0	0.0	0.0	0.0	0.0	0.0	0.0	0.0	0.0	0.0	0.0	0.0	1.3281	0.0	0.0	0.0	0.0	0.0	0.0	0.0	0.0	0.0	0.0	0.0	0.0	0.0	0.0	0.0	0.0	2.40324	2.40324	0.0	0.0	0.0	0.0	0.0	0.0	0.63243	0.727295	3.3729633333333333	3.13053	0.316215	0.0	0.0	0.0	0.0	0.0	0.0	0.0	0.0	0.0	0.0	0.0	0.0	0.0	0.0	0.0	0.0	0.0	0.0	0.0	0.0	0.0	0.0	0.0	0.0	0.0	0.0	0.0	0.0	0.0	0.0	0.0	0.0	0.0	0.0	0.0	0.0	0.0	0.0	0.0	0.0	1.17	0.0	3.32026	0.0	0.0	0.0
N15_1_2	0.0	0.0	0.0	0.0	0.0	0.0	0.0	0.0	0.0	0.0	3.4543	2.05531	0.0	0.0	0.0	0.0	0.0	0.0	0.0	0.0	0.0	0.0	0.0	0.0	3.756555	0.0	2.05531	6.6970325	0.0	8.238513333333334	7.533834000000001	0.0	0.0	0.0	0.0	0.0	0.0	0.0	0.0	0.0	0.0	0.0	0.0	0.0	0.0	0.0	0.0	0.0	0.0	0.0	0.0	0.0	0.362702	0.0	0.0	4.939653333333333	5.0951	0.0	0.0	0.878688125	0.0	1.58898	1.15719	0.0	0.0	0.0	0.0	0.0	0.0	10.7256	0.0	0.0	0.0	0.0	0.56996	0.0	0.0	0.0	0.0	0.0	0.0	0.0	0.0	0.0	0.0	131.16906666666668	20.8078625	0.0	0.0	0.0	0.0	1.390355	0.0	0.0	1.46808	0.0	0.0	0.0	0.0	9.8793	2.98797	14.9226	0.725404	0.0	7.198764	5.4837050000000005	0.0	0.0	0.0	0.0	0.0	4.49059	0.0	0.0	0.0	0.0	0.0	0.0	0.0	0.0	0.0	0.0	0.0	0.0	0.0	0.0	0.0	8.68757	0.0	0.0	0.0	0.0	0.0	0.0	0.0	0.0	0.0	2.7720749999999996	2.78071	2.2539350000000002	0.0	0.0	8.208080476190476	0.0	0.0	0.0	0.0	0.0	0.0	0.0	0.0	0.0	0.0	0.0	0.0	10.81195	2.3662	0.863576	0.0	0.0	0.0	0.0	0.0	0.0	0.0	0.0	0.0	0.0	0.0	0.0	5.293715	2.7893499999999998	0.0	5.020253333333334	17.0643	3.4989216666666665	0.0	0.0	0.0	0.0	0.0	0.0	0.0	0.0	0.0	0.0	0.0	0.0	0.0	0.0	0.0	23.5756	23.5324	0.0	0.0	0.0	0.898119	0.0	0.0	3.817	2.99661	19.51187285714286	24.4219	2.469827	2.10712	0.0	0.0	0.0	0.0	0.0	0.0	0.0	0.0	0.0	0.0	0.0	0.0	0.0	0.0	0.0	0.0	0.0	0.0	0.0	0.0	0.0	0.0	0.0	0.0	0.0	0.0	0.0	0.0	0.0	0.0	0.7541895	8.99846	8.01398	10.520275555555555	8.281690000000001	5.12964	5.42325	8.29033	0.0	8.10034	0.0	19.0505	0.0	0.0	0.0
N15_2_4	0.0	0.0	0.0	0.0	0.0	0.0	0.0	0.0	0.0	16.1775	0.0	0.0	0.0	0.0	0.0	0.0	0.0	0.0	0.0	108.52433333333333	107.36	20.0381	8.2726	0.0	0.0	0.0	0.0	0.0	0.0	0.0	0.0	6.52616	9.00794	0.0	0.0	0.0	0.0	0.0	8.487076666666667	0.0	0.0	0.0	0.0	0.0	0.0	0.0	13.3281	17.066033333333333	12.4089	0.0	0.0	27.282881818181817	0.0	0.0	0.0	0.0	0.0	0.0	96.3052	0.0	0.0	0.0	0.0	24.817800000000002	205.804	87.3219	0.0	0.0	0.0	0.0	25.6451	0.0	65.3535	0.0	0.0	0.0	0.0	0.0	0.0	23.01006666666667	13.0523	23.531	0.0	0.0	2.291375	0.0	0.0	16.5452	10.9382	77.2109	21.96835	15.717949999999998	0.0	0.0	0.0	0.0	0.0	0.0	35.648783333333334	0.0	0.0	0.0	0.0	5.42315	36.7556225	37.99265333333333	0.0	0.0	0.0	0.0	0.0	0.0	0.0	0.0	0.0	8.54835	36.7671	18.8431	35.8479	45.1316	40.7196	13.7877	0.0	12.2251	0.0	1.51664	2.5737	0.0	42.8337	0.0	0.0	0.0	0.0	10.6625	0.0	38.2378	20.3138	0.0	0.0	0.0	0.0	0.0	0.0	0.0	0.0	0.0	0.0	0.0	0.0	0.0	0.0	0.0	0.0	0.0	0.0	0.0	0.0	25.9208	0.0	0.0	11.3978	9.46753	25.3693	27.1157	0.0	23.7148	15.7179	0.0	0.0	0.0	37.670966666666665	41.7766	0.0	0.0	0.0	0.0	0.0	0.0	0.0	0.0	0.0	0.0	0.0	0.0	0.0	0.0	11.9493	0.0	11.8574	20.344466666666666	32.2631	0.0	0.0	0.0	0.0	0.0	0.0	0.0	0.0	0.0	0.0	57.655300000000004	34.2394	5.1474	14.7068	0.0	0.0	0.0	0.0	0.0	0.0	0.0	0.0	0.0	0.0	0.0	31.344	0.0	0.0	0.0	0.0	7.2615	3.86055	11.030149999999999	7.950885	0.0	0.0	0.0	0.0	0.0	0.0	0.0	0.0	0.0	0.0	10.967766785714286	0.0	0.0	0.0	0.0	0.0	0.0	60.6657	6.71	35.1126	0.0	0.0	26.6562	30.4248	4.77972
N15_2_3	0.0	0.0	0.0	0.0	0.0	0.0	0.0	0.0	0.0	3.79715	0.0	0.0	0.0	0.0	0.0	0.0	0.0	0.0	0.568077	108.26366666666667	98.5465	9.92641	0.0	0.0	0.0	0.0	0.0	0.0	0.0	0.0	0.0	1.01656	8.85005	0.0	8.43147	0.0	8.58096	6.96642	7.2953075	0.0	0.0	0.0	0.0	0.0	0.0	0.0	12.3183	17.431	14.0225	0.0	0.0	21.502663636363636	0.0	0.0	0.0	0.0	0.0	0.0	94.81257863636364	0.0	0.0	0.0	0.0	29.3905	174.908	87.1251	0.0	0.0	0.0	0.0	29.0915	0.0	64.7907	0.0	0.0	0.0	0.0	0.0	0.0	21.248099999999997	7.5644	23.7098	0.0	0.0	0.0	0.0	0.0	17.8795	18.5373	66.5249	20.34615	14.2767	0.0	0.0	0.0	0.0	0.0	0.0	39.84016666666667	0.0	0.0	0.0	0.0	2.4517	50.11040625	69.72405	0.0	0.0	0.0	0.0	0.0	0.0	0.0	0.0	0.0	2.8583299999999996	28.4637	17.4011	30.736	20.9292	41.38	11.6605	0.0	12.707	0.777369	0.5381785	0.867066	0.0	59.5285	0.0	1.73413	0.0	0.0	6.69733	0.0	40.5727	16.0258	0.0	0.0	0.0	0.0	0.0	0.0	0.0	0.0	0.0	0.0	0.0	0.0	0.179393	0.0	0.0	0.0	0.0	0.0	0.0	0.0	32.5598	0.0	0.0	12.8864	8.52116	18.5373	15.5175	0.0	15.5474	24.0984	0.0	0.0	0.0	37.60773666666666	41.40985	0.0	0.0	0.0	0.0	0.0	0.0	0.0	0.0	0.0	0.0	0.0	0.0	0.0	0.0	9.05934	0.0	12.6173	18.2582	35.161	0.0	0.0	0.0	0.0	0.0	0.0	0.0	0.0	0.0	0.0	65.59055000000001	19.6734	8.96964	15.8763	0.0	0.0	0.0	0.0	0.0	0.0	0.0	0.0	0.0	0.0	0.0	27.4471	0.0	0.0	0.0	0.0	6.72723	0.0	9.358329999999999	5.620975	0.0	0.0	0.0	0.0	9.11914	5.47148	0.0	0.0	0.0	0.0	2.235511153846154	0.0	0.0	0.0	0.0	0.0	0.0	78.1256	9.32843	24.5768	0.0	0.0	25.8027	29.1214	2.6012
N16_1_2	0.0	0.0	0.0	0.0	0.0	0.0	0.0	0.0	0.0	0.0	3.00673	0.0	0.0	0.0	0.0	0.0	0.0	0.0	0.0	2.08531	0.0	0.0	0.0	0.0	0.478895	0.0	0.0	6.01347	0.0	8.409960833333335	6.61481	0.0	0.0	0.0	0.0	0.0	0.0	0.0	0.0	0.0	0.0	0.0	0.0	0.0	0.0	2.32779	0.0	0.0	0.0	0.0	0.0	0.0	0.0	0.0	0.0	0.0	0.0	0.0	0.0	0.0	0.0	0.242478	0.0	0.0	0.0	0.0	0.0	0.0	7.08037	9.0202	0.0	0.0	0.0	0.0	0.0	0.0	0.0	0.0	0.0	0.0	0.0	0.0	0.0	0.0	0.0	58.51490666666667	15.1155	0.0	0.0	0.0	0.0	4.02514	0.0	0.0	0.0	0.5577	0.0	0.0	0.0	2.61877	1.74584	14.2335	0.0	0.0	9.784004999999999	2.49753	0.0	0.0	0.0	0.0	0.0	3.17647	0.0	0.0	0.0	0.0	0.0	0.0	0.0	0.0	0.0	0.0	0.0	0.0	0.0	0.0	0.0	9.18993	0.0	0.0	0.0	0.0	0.0	0.0	0.0	0.0	0.0	0.0	0.0	0.0	0.0	0.0	0.668028	0.0	0.0	0.0	0.0	0.0	0.0	0.0	0.0	2.08531	0.0	0.0	0.0	0.0	0.0	2.7885	0.0	0.0	0.0	0.0	0.0	0.0	0.0	0.0	0.0	0.0	0.0	0.0	1.879205	1.47912	0.0	0.0	15.5186	0.0	0.0	0.0	0.0	0.0	0.0	0.0	0.0	0.0	0.0	0.290974	0.0	0.0	0.0	0.0	0.0	4.14638	4.14638	0.0	0.0	0.0	0.533453	0.0	0.0	1.86708	2.03682	15.041733333333333	10.7175	1.7216	0.0	0.0	6.1347	0.0	0.0	1.28514	0.0	2.01257	0.412213	2.06107	0.0	3.07948	0.0	0.0	0.0	0.0	0.0	0.0	0.0	0.0	0.0	0.0	0.0	0.0	0.0	0.0	0.0	0.67894	0.0	0.0	0.0	0.0	9.40816	8.159395	11.427466666666668	9.299055	4.02514	4.26762	0.0	0.0	2.837	0.0	15.9308	0.0	0.0	0.0
N16_1_3	0.0	0.0	0.0	0.0	0.0	0.0	0.0	0.0	0.0	0.0	5.9176	0.0	0.0	0.0	0.0	0.0	0.0	0.0	0.0	5.1106575	3.09329	0.504341	0.0	0.0	1.21042	0.0	0.0	2.72344	0.0	5.5337425	4.06835	0.0	0.874191	0.0	1.782	0.0	1.98374	1.68114	0.762115	0.0	0.0	0.0	0.504341	0.470718	0.0	4.63994	0.0	0.0	0.0	0.0	0.0	0.0	0.0	0.0	0.0	0.0	0.0	0.0	0.0	0.0	0.0	0.706077	0.0	0.0	0.0	0.0	0.0	0.0	6.75817	8.97727	0.0	0.0	2.55533	0.0	0.0	0.0	0.0	0.0	0.0	1.2664566666666668	0.0	0.0	0.0	0.0	0.0	0.7397000000000001	20.6653625	0.605209	0.571586	0.0	1.008683	2.084611	0.0	0.0	0.0	1.07593	0.0	0.0	1.7483816666666667	8.17032	2.38721	11.2636	1.31129	0.0	6.011001111111111	3.900233333333334	0.0	1.07593	0.874191	1.0423	0.0	5.68224	0.0	0.0	0.0	0.0	0.0	0.0	0.0	0.0	0.0	0.941436	0.0	0.840568	0.0	0.0	0.0	7.8341	1.782	0.7397	0.0	1.58027	2.23591	0.0	0.0	1.54665	0.0	0.0	0.0	0.0	0.0	0.0	0.0	1.84925	0.0	0.0	0.0	0.0	0.0	0.0	0.0	4.1356	0.0	0.0	0.0	0.0	0.0	2.9588	0.0	0.0	0.0	0.0	0.0	0.0	1.0423	1.58027	0.941436	0.0	1.88287	0.0	2.1686666666666667	2.1406466666666666	1.71476	0.0	34.5642	0.0	0.941436	0.0	1.782	1.0423	0.0	2.15185	0.0	1.21042	1.9165	0.0	0.0	0.0	0.638832	0.0	0.0	0.0	0.0	0.0	0.0	0.0	0.0	0.470718	0.0	3.3959	0.907814	20.704886	27.0663	1.143171	1.84925	0.0	9.04451	0.0	0.0	0.0	0.0	0.0	1.34491	1.74838	0.0	2.9588	3.63125	1.51302	1.37853	0.504341	2.38721	0.907814	1.4794	0.0	0.0	1.21042	0.840568	0.0	0.0	0.0	0.437095	2.58895	0.0	0.0	0.0	7.22889	26.9318	29.55435	25.91752222222222	20.8797	5.54775	4.53907	8.64104	0.437095	2.35359	0.0	11.9361	0.0	0.0	0.0
N16_2_2	0.0	0.0	0.0	0.0	0.0	0.0	0.0	0.0	0.0	0.0	10.6519	0.0	0.0	0.0	0.0	0.0	0.0	0.0	0.0	0.0	0.0	0.0	0.0	0.0	0.0	1.11733	0.0	24.422975	0.0	32.776558333333334	26.570100000000004	0.0	0.0	0.0	0.0	0.0	0.0	0.0	0.0	0.0	0.0	0.0	0.0	0.0	0.0	0.0	0.0	0.0	0.0	0.0	0.0	0.0	0.0	0.0	0.0	0.0	0.0	0.0	0.0	0.0	0.0	0.186222	0.0	0.0	0.0	0.0	0.0	0.0	0.0	55.38856666666667	0.0	0.0	0.0	0.0	1.04284	0.0	0.0	0.0	0.0	0.0	0.0	0.0	5.13972	1.30355	0.0	6.975865333333333	85.189425	0.0	0.0	0.0	0.0	0.0	0.0	0.0	0.0	0.0	0.0	0.0	0.0	5.51216	0.949731	5.73563	0.0	0.0	30.90351	3.59408	0.0	0.0	0.0	0.0	0.0	3.85479	0.0	0.0	0.0	0.0	0.0	0.0	0.0	0.0	0.0	0.0	0.0	0.0	0.0	0.0	0.0	3.37061	0.0	0.0	0.0	0.0	0.0	0.0	0.0	0.0	0.0	0.0	0.0	0.0	0.0	0.0	0.0	0.0	0.0	0.0	0.0	0.0	0.0	0.0	0.0	0.0	0.0	0.0	0.0	0.0	0.0	0.670398	0.0	0.0	0.0	0.0	0.0	0.0	0.0	0.0	0.0	0.0	0.0	0.0	0.0	1.39666	0.0	0.0	60.5779	0.0	0.0	0.0	0.0	0.0	0.0	0.0	0.0	0.0	0.0	0.0	0.0	0.0	0.0	0.0	0.0	1.89946	1.89946	0.0	0.0	0.0	0.0	0.0	0.0	2.7747	0.875242	45.89126666666667	27.8774	2.02982	0.0	0.0	0.0	0.0	0.0	0.0	0.0	0.0	0.0	0.0	0.0	0.0	0.0	0.0	0.0	0.0	0.0	0.0	0.0	0.0	0.0	0.0	0.0	0.0	0.0	0.0	0.0	0.0	0.0	0.0	0.0	0.0	6.81571	6.53638	8.236173333333333	6.303605	33.7806	33.2033	0.0	0.0	1.24769	0.0	11.8251	0.0	0.0	0.0
N16_2_3	2.40092	2.64101	2.0808	8.02975	2.90778	2.05412	4.05489	3.06785	0.0	7.52289	0.666923	0.0	0.0	0.0	0.0	0.0	0.0	0.0	0.960369	80.6443	71.7075	7.65627	4.64178	0.0	0.0	0.0	0.0	1.30717	0.0	2.4476058333333333	1.52058	2.37425	9.17686	1.41388	8.48326	0.0	8.75003	7.44286	4.2749749999999995	0.0	0.0	0.0	1.60061	1.46723	0.0	0.0	7.9764	9.8371	6.18904	0.0	0.0	11.8615	0.0	0.0	0.0	0.0	0.0	1.7778264285714285	76.26864023809523	0.0	0.0	0.0	0.0	15.7794	95.8768	41.2158	14.2188	0.0	0.0	3.2545799999999994	18.5938	6.40246	45.6976	0.0	0.0	0.0	0.0	0.0	0.0	12.609266666666665	7.49621	16.5664	1.12043	0.0	0.0	1.6397413333333333	5.228675	14.4589	13.8453	35.4803	13.5119	7.709623000000001	2.0096633333333336	1.68065	0.0	0.0	0.426831	0.0	26.943700000000003	4.18828	0.480184	2.18751	0.0	1.52058	32.32353888888889	46.4979	0.0	0.0	0.0	0.0	0.0	0.0	0.0	0.0	0.0	4.705808	13.9253	8.3232	16.0328	22.7821	20.5412	9.07015	9.0168	9.7104	0.0	0.0	0.0	1.36052	43.8302	7.33615	1.06708	0.0	0.0	6.18904	0.0	26.1167	12.1113	0.0	0.0	0.0	0.0	0.0	0.0	0.0	0.0	0.0	0.0	0.0	0.0	1.1337700000000002	0.0	0.0	0.0	0.0	0.0	0.0	0.0	21.0748	0.0	0.0	6.936	5.70886	16.2729	15.0191	7.14941	17.26	17.6868	4.091267272727273	10.867095999999998	1.49391	30.98256	26.65025	0.0	0.0	4.66846	0.0	0.0	0.0	4.53508	2.00077	0.533538	5.44209	0.6936	1.76068	4.18828	0.0	7.76298	10.9909	5.348725	7.362826	28.2242	0.0	0.0	0.0	0.0	0.0	0.0	1.97409	0.0	0.453508	0.0	43.1099	22.80875	3.094521	12.138	3.70809	0.0	0.0	57.5154	0.0	0.0	0.0	0.0	0.0	0.0	0.0	28.1708	4.24163	3.52135	0.826984	5.41541	7.49621	5.17532	6.18904	4.76183	0.0	0.0	0.0	0.0	11.8445	6.48249	0.0	0.0	0.0	0.0	3.689417	4.1616	6.7626	1.889613888888889	1.41388	2.00077	1.52058	60.5566	6.21572	18.9139	0.0	3.04117	11.7378	12.6182	1.92074
N16_2_4	1.19645	1.86945	1.45817	5.19706	1.90684	1.57034	2.46767	2.28072	0.0	8.82379	0.0	0.0	0.0	0.0	0.0	0.0	0.0	0.0	2.39289	101.461	93.2106	8.244245	5.94484	0.0	0.0	0.0	0.0	0.0	0.0	0.0	0.0	2.3555	10.3567	2.8789466666666663	5.42139	0.0	5.90745	4.89795	8.0105775	0.0	0.48605600000000004	0.0	2.05639	2.16856	0.0	0.0	9.72112	13.45065	12.2636	0.0	0.0	18.524527272727273	0.0	0.0	0.0	0.0	0.0	1.1327456296296297	65.51942749999999	0.0	0.0	0.0	0.0	20.395699999999998	161.184	70.1416	8.74901	0.0	1.30861	0.0	24.9758	3.0285	60.7944	0.0	0.0	0.0	0.0	0.0	0.0	19.7164	7.7769	23.4055	0.0	0.0	1.53295	0.0	0.0	11.8897	10.282	55.8217	20.41435	14.5256	1.9192966666666667	1.57034	0.0	0.0	0.0	0.0	31.338166666666666	0.0	0.0	0.0	0.0	4.22495	29.578372	38.485679999999995	0.0	0.0	0.0	0.0	0.0	0.0	0.0	0.0	0.0	4.93534	26.434	15.5538	29.4999	27.0322	36.529	12.5253	11.1419	11.2915	1.23383	0.598223	1.71989	0.0	41.0157	7.40301	2.3461525	0.0	0.0	7.88906	0.0	34.2856	17.3111	0.0	0.0	0.0	0.0	0.0	3.4166361904761904	0.0	0.0	0.0	0.0	0.0	0.0	0.6916955	0.0	0.0	4.33712	0.0	0.0	3.10328	0.0	22.9194	1.64511	0.0	11.1045	9.01073	19.5544	18.9562	5.60834	20.863	15.9277	4.330321818181818	9.730088	1.71989	34.60344833333333	36.00555	0.0	0.0	0.0	0.0	0.0	0.0	3.73889	2.24334	0.635612	4.038	0.0	2.16856	3.51456	0.0	9.30984	13.46	8.7116	12.181328	30.7711	0.0	0.0	0.0	0.0	0.0	0.0	1.6825	0.0	0.0	0.0	55.746875	39.5762	3.196752	16.152	5.49617	0.0	0.0	0.0	0.0	0.0	0.0	0.0	0.0	0.0	0.0	32.3414	3.92584	3.73889	0.448667	5.53356	8.48729	5.90745	7.963845	5.53356	0.0	0.0	0.0	0.0	3.51456	2.019	0.0	0.0	0.0	0.0	9.910560333333333	0.0	0.0	0.0	0.0	0.0	0.0	60.7196	10.6558	25.5366	0.0	0.0	19.8909	23.4055	3.73889
N16_1_4	2.23182	2.23182	1.39825	5.109	2.31249	1.10247	3.25362	2.66206	0.0	0.0	0.0	0.0	0.0	0.0	0.0	0.0	0.0	0.0	0.0	22.1703675	19.9789	2.93095	1.66715	0.0	0.0	1.0218	0.0	0.0	0.0	0.0	0.0	0.0	4.97455	6.283170000000001	11.3742	4.2216450000000005	11.8582	10.218	3.8631166666666665	0.0	1.6537000000000002	0.0	3.5763	3.44185	0.0	2.07049	3.52252	5.64679	0.0	0.0	0.0	0.0	0.349563	0.0	0.0	1.9091499999999997	2.0436	0.9909271851851851	0.0	1.3007737499999998	0.0	0.0	0.672236	8.38951	0.0	0.0	10.6213	0.0	13.06828	0.0	7.82483	3.97964	15.2463	0.0	2.47383	0.618457	0.618457	0.0	0.0	6.36384	2.23182	7.79794	2.15116	0.9007965	0.0	3.2177693333333335	0.0	3.36118	3.41496	0.0	6.10391	2.2049335	1.4834016666666667	1.23691	0.9545755	0.0	0.0	0.0	11.145650000000002	26.5399	2.71583	5.43167	3.25362	60.3668	23.227120000000003	15.093933333333332	0.0	0.618457	0.0	0.0	0.0	13.5254	0.0	0.0	0.0	0.0	0.0	0.0	0.0	0.0	0.0	4.22164	4.54432	5.21655	17.2093	13.8615	27.5617	2.36627	11.9389	3.87208	27.844050000000003	0.48401	0.6722360000000001	0.0	0.0	9.84154	0.0	4.037901666666667	4.06031	3.3208450000000003	0.349563	3.22673	0.0	0.0	0.0	0.0	0.0	0.0	0.0	0.96802	2.0211916666666667	2.07049	0.0	2.39316	0.0	0.0	4.8401	5.37789	0.0	0.0	0.0	0.0	4.51743	0.0	5.96946	8.47018	5.75434	4.810765454545455	13.227452000000001	2.7965	17.286067142857142	10.6751	4.78632	0.0	0.0	0.0	0.887352	0.0	14.1976	6.3728	2.5545	10.4331	2.0436	5.48545	10.702	0.99491	3.84519	7.50216	3.52252	4.23509	9.9491	7.1526	7.1526	0.403342	0.0	0.0	0.403342	2.12427	0.0	3.09229	0.0	66.46402499999999	95.99529999999999	4.369535	5.78123	3.52252	0.0	0.0	0.0	0.0	0.0	0.0	0.0	0.0	0.0	0.0	28.2877	11.8045	9.290305	3.14607	17.3975	6.85681	12.2885	0.0	0.0	0.0	0.0	0.0	0.0	5.64679	2.82339	0.941131	0.0	0.0	0.0	9.64960448275862	0.0	0.0	0.0	0.0	0.0	0.0	27.2121	2.2856	6.359360000000001	0.0	5.75434	3.46874	4.67877	54.8814
N17_1_2	0.0	0.0	0.0	0.0	0.0	0.0	0.0	0.0	0.0	0.0	0.0	1.40731	0.0	0.0	0.0	0.0	0.0	0.0	0.0	0.0	0.0	0.0	0.0	0.0	11.636785	1.43386	1.40731	0.0	0.0	0.0	0.0	0.0	0.0	0.0	0.0	3.6643049999999997	0.0	0.0	0.0	0.0	0.0	0.0	0.0	0.0	0.0	0.0	0.0	0.0	0.0	0.0	0.0	0.0	2.78806	0.0	0.0	13.294166666666667	13.4623	0.0	0.81676756	2.98388375	0.0	5.12471	0.743482	0.0	0.0	0.0	0.0	0.0	0.0	0.0	0.0	0.0	0.0	0.0	1.56662	0.0	0.0	0.0	0.0	0.0	0.0	0.0	97.1306	0.9691815	0.0	225.01126666666667	0.5689908571428571	0.0	0.0	0.0	0.0	0.0	0.0	0.0	1.75249	0.0	0.0	0.0	0.0	18.7198	3.1598	16.5159	0.982458	0.0	14.4182	9.50595	0.0	0.0	0.0	0.0	0.0	9.42629	0.0	0.0	0.0	0.0	0.0	0.0	0.0	0.0	0.0	0.0	0.0	0.0	0.0	0.0	0.0	0.0	0.0	0.0	0.0	0.0	0.0	0.0	0.0	0.0	0.0	7.111758333333333	7.1493775	5.4167950000000005	0.0	2.81461	0.0	0.0	0.0	0.0	0.0	0.0	0.0	0.0	0.531058	0.0	0.0	0.0	0.0	0.0	5.164545	1.64628	0.0	0.0	0.0	0.0	0.0	0.0	0.0	0.0	0.0	0.0	0.0	0.0	2.33666	2.68185	0.0	0.0	0.0	0.0	0.0	0.0	0.0	0.0	0.0	0.0	0.0	0.0	0.0	1.19488	0.0	0.0	0.0	0.0	0.0	22.0124	21.919449999999998	4.48744	0.0	0.0	2.73495	0.0	0.0	14.1793	7.30205	55.044200000000004	42.405	4.85919	0.0	0.0	0.0	0.0	0.0	0.0	0.0	0.0	0.0	0.0	0.0	0.0	0.0	0.0	0.0	0.0	0.0	0.0	0.0	0.0	0.0	0.0	0.0	0.0	0.0	0.0	0.0	0.0	0.0	0.716929	0.0	0.0	0.0	0.0	0.0	0.0	0.0	0.0	0.0	0.0	12.3471	0.0	39.2983	0.0	0.0	0.0
N17_1_3	0.0	0.0	0.0	0.0	0.0	0.0	0.0	0.0	0.0	0.0	0.0	0.0	0.0	0.0	0.0	0.0	0.0	0.0	2.9596	71.74263333333333	47.9417	0.0	6.64441	0.0	0.0	0.0	0.0	0.0	0.0	0.0	0.0	0.0	10.7996	0.0	12.0932	2.9204	12.1324	11.4072	4.057205	0.0	0.0	0.0	0.0	0.0	0.0	0.0	8.46721	14.412533333333334	0.0	10.01204181818182	0.0	0.0	0.882001	0.0	0.0	4.671343333333334	4.80201	0.0	0.5338127647058823	3.77301	0.0	0.2156	1.47	11.466	0.0	0.0	0.0	0.0	0.0	0.0	21.8932	0.0	42.6301	0.0	0.0	0.0	0.0	0.0	0.0	16.2092	6.27201	21.6384	0.0	0.0	0.0	0.0	0.0	8.25161	8.58481	0.0	12.769400000000001	10.1136	0.0	0.0	0.0	0.0	0.0	6.66401	27.747066666666665	1.8424	0.0	6.11521	0.0	0.0	27.440067777777777	20.67315	0.0	0.0	0.0	0.0	0.0	0.0	0.0	0.0	0.0	0.0	0.0	0.0	0.0	0.0	0.0	13.2104	0.0	10.9564	0.0	0.0	0.0	0.0	35.4565	0.0	0.0	0.0	0.0	4.31201	0.0	25.088	0.0	2.2899333333333334	2.2785	2.0678	0.0	0.0	0.0	0.0	0.0	0.0	0.0	0.0	0.0	0.0	2.1331333333333333	0.0	0.0	3.80633	0.0	0.0	0.0	16.0328	0.0	0.0	5.76241	5.68401	13.034	0.0	0.0	15.7976	11.662	11.407200000000001	31.755196	4.35121	30.63482	25.8818	0.0	0.0	0.0	0.0	0.0	0.0	0.0	0.0	0.0	0.0	0.0	0.0	0.0	0.0	7.17361	0.0	0.0	0.0	23.6572	6.15441	6.14461	0.0	0.0	0.0	0.470401	0.0	0.0	0.0	0.0	33.2939	12.6126	2.156005	8.68281	0.0	0.0	0.0	0.0	0.0	0.0	0.0	0.0	0.0	0.0	0.0	34.8881	11.7012	12.1324	0.0	0.0	7.48721	13.0144	7.1246100000000006	5.566409999999999	0.0	0.0	0.0	0.0	0.0	0.0	0.0	0.0	5.17441	0.0	1.0409784074074073	0.0	0.0	0.0	0.0	0.0	0.0	42.7085	8.83961	12.446005	0.0	9.89802	0.0	0.0	0.0
N17_2_2	0.0	0.0	0.0	0.0	0.0	0.0	0.0	0.0	0.0	0.0	4.35334	0.0	0.0	0.0	0.0	0.0	0.0	0.0	0.0	0.0	0.0	0.0	0.0	0.0	3.35138	0.0	0.0	8.551205	0.0	14.482308333333334	8.27826	0.0	0.0	0.0	0.0	0.0	0.0	0.0	0.0	0.0	0.0	0.0	0.0	0.0	0.0	0.0	0.0	0.0	0.0	0.0	0.0	0.0	0.0	0.0	0.0	0.0	0.0	0.0	0.0	0.0	0.0	1.45111	0.0	0.0	0.0	0.0	0.0	0.0	0.0	0.0	0.0	0.0	0.0	0.0	0.0	0.0	0.0	0.0	0.0	0.0	0.0	0.0	0.0	0.0	0.0	55.51083333333334	8.81033375	0.0	0.0	0.0	0.0	0.0	0.0	0.0	0.0	0.0	0.0	0.0	0.0	6.91007	1.58931	0.0	0.0	0.0	11.505275	3.52413	0.0	0.0	0.0	0.0	0.0	0.0	0.0	0.0	0.0	0.0	0.0	0.0	0.0	0.0	0.0	0.0	0.0	0.0	0.0	0.0	0.0	0.0	0.0	0.0	0.0	0.0	0.0	0.0	0.0	0.0	0.0	0.0	0.0	0.0	0.0	0.0	0.0	0.0	0.0	0.0	0.0	0.0	0.0	0.0	0.0	0.0	0.0	0.0	0.0	0.0	0.0	0.0	0.0	0.0	0.0	0.0	0.0	0.0	0.0	0.0	0.0	0.0	0.0	0.0	0.0	0.0	0.0	0.0	19.6246	0.0	0.0	0.0	0.0	0.0	0.0	0.0	0.0	0.0	0.0	0.0	0.0	0.0	0.0	0.0	0.0	6.56456	6.46091	0.0	0.0	0.0	0.0	0.0	0.0	3.31683	0.0	24.89923333333333	18.8645	1.52021	1.31291	0.0	0.0	0.0	0.0	0.0	0.0	0.0	0.0	0.0	0.0	0.0	0.0	0.0	0.0	0.0	0.0	0.0	0.0	0.0	0.0	0.0	0.0	0.0	0.0	0.0	0.0	0.0	0.0	0.0	0.0	0.0	15.2712	14.6493	18.99886111111111	13.267299999999999	0.0	0.0	0.0	0.0	4.42244	0.0	7.39377	0.0	0.0	0.0
N17_2_3	0.0	0.0	0.0	0.0	0.0	0.0	0.0	0.0	1.4898733333333334	0.0	1.77244	3.23662	0.0	0.0	0.0	0.0	0.0	0.0	0.0	27.870933333333337	0.0	2.23481	0.0	0.0	7.4943275	0.0	3.23662	2.38894	0.0	4.7971425000000005	2.758838	0.0	7.01269	11.918996666666667	12.6383	0.0	13.7942	10.6346	2.94764	0.0	1.38713	0.0	4.85494	3.62194	0.0	0.0	3.15956	6.126469999999999	1.46419	0.0	0.0	0.0	0.0	0.0	0.0	5.21456	5.31731	3.344513	0.0	3.410015	0.0	4.39256	4.54669	7.01269	0.0	0.0	0.0	0.0	0.0	0.0	9.17044	0.0	17.0308	1.46419	2.23481	2.77425	2.466	0.0	0.0	8.81082	3.31369	9.40162	0.0	18.6491	0.0	0.0	2.21554875	3.62194	3.54488	0.0	8.130095	3.7375350000000003	2.7485633333333332	2.08069	3.699	0.0	0.0	0.0	12.342883333333333	20.4986	5.47144	11.0199	3.93019	0.0	14.170955555555556	17.313366666666667	0.0	0.0	0.0	0.0	0.0	8.93925	0.0	0.0	0.0	0.0	0.0	0.0	0.0	0.0	0.0	8.55394	6.93563	4.54669	0.0	0.0	2.466	5.08612	12.6383	4.39256	0.0	0.0	0.0	0.0	0.0	10.4805	3.699	4.752188333333334	4.8356725	3.0825	0.0	0.0	0.0	0.0	9.350223333333334	3.0247025	1.078875	2.6458133333333334	1.510424	0.693563	2.435178	0.0	0.0	5.795102	0.0	0.0	8.24569	7.128285	0.0	0.0	0.0	0.0	4.23844	0.0	5.62556	7.32094	5.85675	8.469873636363637	13.717141153846153	2.69719	12.97732	9.81265	0.0	0.0	6.93563	0.0	0.0	0.0	13.7171	6.165	3.00544	18.0326	1.77244	5.47144	13.4859	0.0	4.08431	7.86037	3.04397	6.126469999999999	9.40162	9.17044	9.17044	0.0	0.6165	0.847687	1.61831	3.23662	0.0	4.08431	0.0	35.232960000000006	56.1015	2.7742500000000003	6.70444	2.92838	0.0	0.0	0.0	0.0	0.0	0.0	0.0	0.0	0.0	0.0	27.9737	9.2475	11.8676	2.466	16.1831	7.47506	12.9465	2.08069	3.0825	0.0	0.0	1.6920195652173913	0.0	0.0	0.0	0.0	0.0	12.5612	0.0	58.021908	8.32275	7.55212	9.667063888888888	6.6273800000000005	0.0	0.0	27.7425	2.92838	9.863995	0.0	14.6419	8.0145	7.93744	3.39075
N17_2_4	0.0	0.0	0.0	0.0	0.0	0.0	0.0	0.0	0.0	0.0	0.0	0.0	0.0	0.0	0.0	0.0	0.0	0.0	0.0	71.4046	56.2524	11.3641	0.0	0.0	0.0	0.0	0.0	0.0	0.0	0.0	0.0	0.0	13.0687	26.7057	31.8196	0.0	33.5242	23.8647	10.93795	0.0	0.0	0.0	15.3416	9.65951	0.0	0.0	0.0	18.1826	0.0	0.0	0.0	0.0	0.0	0.0	0.0	0.0	0.0	0.0	0.0	0.0	0.0	0.0	0.0	0.0	0.0	0.0	0.0	0.0	0.0	0.0	0.0	0.0	47.1611	0.0	0.0	0.0	0.0	0.0	0.0	18.7508	12.5005	23.2965	0.0	0.0	0.0	0.0	0.0	0.0	10.2277	0.0	23.8647	0.0	6.81848	0.0	0.0	0.0	0.0	0.0	25.664	0.0	0.0	0.0	0.0	0.0	38.183440000000004	33.8083	0.0	0.0	0.0	0.0	0.0	0.0	0.0	0.0	0.0	0.0	0.0	0.0	0.0	0.0	0.0	16.478	0.0	0.0	0.0	0.0	0.0	0.0	34.0924	0.0	0.0	0.0	0.0	0.0	0.0	0.0	0.0	0.0	0.0	0.0	0.0	0.0	0.0	0.0	16.478	0.0	0.0	0.0	4.261545	0.0	0.0	0.0	0.0	0.0	0.0	0.0	0.0	0.0	0.0	0.0	0.0	0.0	0.0	0.0	14.7734	23.8647	16.478	14.256854545454546	0.0	0.0	27.700049999999997	28.126199999999997	0.0	0.0	0.0	0.0	0.0	0.0	43.1837	14.7734	11.3641	38.0698	0.0	17.6144	30.1149	0.0	8.5231	0.0	11.3641	0.0	23.2965	0.0	0.0	0.0	0.0	0.0	0.0	0.0	0.0	0.0	0.0	86.9356	0.0	0.0	13.0687	0.0	0.0	0.0	0.0	0.0	0.0	0.0	0.0	0.0	0.0	0.0	74.435	30.6831	25.0011	8.5231	30.6831	18.7508	36.3652	0.0	7.38668	0.0	0.0	0.0	0.0	0.0	0.0	0.0	0.0	0.0	0.0	0.0	0.0	0.0	0.0	0.0	0.0	0.0	55.116	0.0	20.4554	0.0	0.0	0.0	0.0	0.0
N17_1_4	0.0	0.0	0.0	0.0	0.0	0.0	0.0	0.0	0.0	0.0	0.0	0.0	0.0	0.0	0.0	0.0	0.0	0.0	1.99855	186.02533333333335	123.573	0.0	19.2872	0.0	0.0	0.0	0.0	0.0	0.0	0.0	0.0	0.0	23.4528	0.0	29.2799	0.0	28.991	27.9315	10.18535	0.0	0.0	0.0	0.0	0.0	0.0	0.0	21.4784	39.0961	0.0	22.109581428571428	0.0	0.0	0.0	0.0	0.0	0.0	0.0	0.0	0.0	0.0	0.0	0.0	0.0	0.0	0.0	0.0	0.0	0.0	0.0	0.0	54.3942	0.0	95.3765	0.0	0.794604	0.0	0.0	0.0	0.0	34.04753333333333	14.3992	52.3234	0.0	0.0	1.6597207142857144	0.0	0.0	21.7914	24.0789	0.0	30.3996	25.2828	0.0	0.0	0.0	0.0	0.0	15.61515	73.62925	4.3342	0.0	0.0	0.0	0.0	78.78917875	48.597235	0.0	0.0	0.0	0.0	0.0	0.0	0.0	0.0	0.0	0.0	0.0	0.0	0.0	0.0	0.0	36.3591	0.0	32.2898	0.0	0.0	0.0	0.0	95.0635	13.6046	0.0	0.0	0.0	13.725	0.0	68.2878	0.0	0.0	0.0	0.0	0.0	0.0	0.0	0.0	0.0	0.0	0.0	0.0	0.0	0.0	0.5618408333333333	0.0	6.1642	0.0	0.0	0.0	0.0	39.5857	1.80592	0.0	14.3992	14.4473	36.1665	0.0	0.0	42.3307	28.7502	34.01910909090909	84.61878076923077	15.1697	70.01180000000001	45.436883333333334	0.0	0.0	0.0	0.0	0.0	0.0	0.0	0.0	0.0	0.0	0.0	0.0	0.0	0.0	18.8779	25.331	0.0	0.0	62.8941	2.35973	2.33565	0.0	0.0	0.0	0.0	0.0	0.0	0.0	0.0	70.20924	25.102249999999998	5.5622075	22.4897	0.0	0.0	0.0	124.921	0.0	0.0	0.0	0.0	0.0	0.0	0.0	98.3864	30.8451	32.4824	0.0	0.0	20.2744	32.5306	16.45795	15.88005	0.0	0.0	0.0	0.0	0.0	0.0	0.0	0.0	0.0	0.0	3.7181833333333336	0.0	0.0	0.0	0.0	0.0	0.0	92.6797	17.4572	45.5814	0.0	0.794604	0.0	0.0	0.0
N18_1_3	0.0	0.0	0.0	0.0	0.0	0.0	0.0	0.0	0.0	0.0	0.0	0.0	0.0	0.0	0.0	0.0	0.0	0.0	0.0	0.0	0.0	0.0	0.0	0.0	0.39444875	0.0	0.0	0.0	0.0	0.0	0.0	0.0	0.0	0.0	0.0	0.0	0.0	0.0	0.0	0.0	0.0	0.0	0.0	0.0	0.0	0.0	0.0	0.0	0.0	0.0	0.0	0.0	0.0	0.0	0.0	0.0	0.0	0.0	0.0	0.340309	0.0	0.278435	0.0	0.0	0.0	0.0	0.0	0.0	0.0	0.0	0.0	0.0	0.0	0.0	0.0	0.0	0.0	0.0	0.0	0.0	0.0	0.0	0.0	0.0	0.0	3.458774	0.0	0.0	0.0	0.0	0.0	0.0	0.0	0.0	0.0	0.0	0.0	0.0	0.0	1.11374	0.0	1.39217	0.0	0.0	0.0	1.43858	0.0	0.0	0.0	0.0	0.0	0.0	0.0	0.0	0.0	0.0	0.0	0.0	0.0	0.0	0.0	0.0	0.0	0.0	0.0	0.0	0.0	0.0	0.0	0.0	0.0	0.0	0.0	0.0	0.0	0.0	0.0	0.0	0.0	0.0	0.0	0.0	0.0	0.0	0.0	0.0	0.0	0.0	0.0	0.0	0.0	0.0	0.0	0.0	0.0	0.0	0.0	0.0	0.0	0.0	0.0	0.0	0.0	0.0	0.0	0.0	0.0	0.0	0.0	0.0	0.0	0.0	0.0	0.0	0.0	0.0	0.0	0.0	0.0	0.0	0.0	0.0	0.0	0.0	0.0	0.0	0.0	0.0	0.0	0.0	0.0	1.60873	1.60873	0.0	0.0	0.0	0.0	0.0	0.0	0.402183	0.0	2.0367	1.9877099999999999	0.21656	0.0	0.0	0.0	0.0	0.0	0.0	0.0	0.0	0.0	0.0	0.0	0.0	0.0	0.0	0.0	0.0	0.0	0.0	0.0	0.0	0.0	0.0	0.0	0.0	0.0	0.0	0.0	0.0	0.0	0.0	0.599407875	0.0	0.0	0.0	0.0	0.0	0.0	0.0	0.0	0.0	0.959052	0.0	1.63967	0.0	0.0	0.0
N18_1_4	0.0	0.0	0.0	0.0	0.0	0.0	0.0	0.0	0.0	0.0	0.0	0.0	0.0	0.0	0.0	0.0	0.0	0.0	4.48682	43.424	0.0	0.0	0.0	0.0	5.440035	0.0	0.0	0.0	45.681824999999996	0.0	0.0	0.0	0.0	0.0	0.0	17.48515	0.0	0.0	0.0	0.0	0.0	0.0	0.0	0.0	0.0	17.5236	0.0	0.0	0.0	0.0	0.0	0.0	1.25169	0.0	0.0	12.208766666666667	12.3821	0.0	0.0	8.21300875	0.0	1.71385	4.9875	0.0	0.0	0.0	0.0	0.0	24.263550000000002	0.0	0.0	0.0	0.0	9.18547	9.80169	22.4726	20.469933333333334	0.0	0.0	0.0	0.0	0.0	0.0	0.0	30.0598	28.561613333333334	0.0	0.0	0.0	0.0	0.0	10.2253	0.0	0.0	3.35068	2.36858	0.0	0.0	0.0	82.5345	15.3284	43.2122	20.1426	100.559	70.8936825	45.31115	0.202196	6.60507	7.95304	8.78108	4.62162	57.1348	0.0	0.0	0.0	0.0	0.0	0.0	0.0	0.0	0.0	0.0	0.0	0.0	29.2318	23.84945	53.3027	20.6047	0.0	0.0	49.735375000000005	6.87466	8.13598	0.0	0.0	0.0	0.0	15.745616666666665	15.8098	12.91165	0.308108	5.16081	0.0	12.2473	0.0	0.0	0.0	0.0	0.0	0.0	2.561148333333333	21.3557	8.64628	4.325066	0.0	0.0	4.958615	23.9939	3.06182	0.0	0.0	0.0	0.0	0.0	0.0	0.0	0.0	0.0	0.0	0.0	64.75085	42.8463	32.5054	0.789527	0.0	0.0	11.7466	0.0	0.0	0.0	0.0	0.0	0.0	0.0	0.0	6.5473	0.0	0.0	0.0	0.0	0.0	7.62568	7.56791	1.02061	0.0	0.0	0.0	0.0	0.0	10.9186	7.37534	121.34848	157.61656666666667	16.8882	0.0	0.0	0.0	47.85946666666666	0.0	0.0	1.50203	0.0	3.00405	0.0	0.0	0.0	0.0	0.0	0.0	0.0	0.0	0.0	0.0	0.0	0.0	4.48682	3.52399	0.0	0.0	0.0	0.0	14.0959	0.0	1.96419	8.65591	94.68174193548387	0.0	0.0	0.0	0.0	0.0	0.0	0.0	0.0	32.0047	0.0	30.3294	0.0	0.0	102.484
N18_2_2	0.0	0.0	0.0	0.0	0.0	0.0	0.0	0.0	0.0	0.0	15.4418	0.0	0.0	0.0	0.0	0.0	0.0	0.0	0.0	0.0	0.0	0.0	0.0	0.0	10.166450000000001	0.0	0.0	29.82385	0.0	49.48130833333334	32.33692	0.0	0.0	0.0	0.0	0.0	0.0	0.0	0.0	0.0	0.0	0.0	0.0	0.0	0.0	0.0	0.0	0.0	0.0	0.0	0.0	0.0	1.70023	0.0	0.0	11.3271	11.6687	0.0	0.0	0.0	0.0	4.86778	0.0	0.0	0.0	0.0	0.0	0.0	0.0	0.0	0.0	0.0	0.0	0.0	0.0	0.0	0.0	0.0	0.0	0.0	0.0	0.0	0.0	0.0	0.0	151.10906666666668	29.7860125	0.0	0.0	0.0	0.0	0.0	0.0	0.0	1.8050350000000002	0.0	0.0	0.0	0.0	12.251	2.23592	5.84599	0.0	0.0	35.308825	7.52293	0.0	0.0	0.0	0.0	0.0	3.58678	0.0	0.0	0.0	0.0	0.0	0.0	0.0	0.0	0.0	0.0	0.0	0.0	0.0	0.0	0.0	0.0	0.0	0.0	0.0	0.0	0.0	0.0	0.0	0.0	0.0	2.9229950000000002	2.95793	2.0030099999999997	0.0	0.0	0.0	0.0	0.0	0.0	0.0	0.0	0.0	0.0	0.0	0.0	0.0	0.0	0.0	0.0	2.49212	0.978213	0.0	0.0	0.0	0.0	0.0	0.0	0.0	0.0	0.0	0.0	0.0	0.0	0.0	1.37416	0.0	0.0	81.3082	0.0	0.0	0.0	0.0	0.0	0.0	0.0	0.0	0.0	0.0	0.0	0.0	0.0	0.0	0.0	0.0	12.0297	11.95985	0.0	0.0	0.0	2.14275	0.0	0.0	3.00451	1.09467	56.876133333333335	40.4328	1.49061	0.0	0.0	0.0	0.0	0.0	0.0	0.0	0.0	0.0	0.0	0.0	0.0	0.0	0.0	0.0	0.0	0.0	0.0	0.0	0.0	0.0	0.0	0.0	0.0	0.0	0.0	0.0	0.0	0.0	0.0	0.0	0.0	67.4967	59.7642	80.03576842105262	60.69585	0.0	0.0	0.0	0.0	9.43277	0.0	11.3659	0.0	0.0	0.0
N18_1_2	0.0	0.0	0.0	0.0	0.0	0.0	0.0	0.0	0.0	0.0	2.47746	0.0	0.0	0.0	0.0	0.0	0.0	0.0	0.0	0.0	0.0	0.0	0.0	0.0	2.2559	0.0	0.0	5.332575	0.0	7.0815633333333325	5.369834	0.0	0.0	0.0	0.0	0.0	0.0	0.0	0.0	0.0	0.0	0.0	0.0	0.0	0.0	0.0	0.0	0.0	0.0	0.0	0.0	0.0	0.0	0.0	0.0	0.0	0.0	0.0	0.0	0.0	0.0	0.825819	0.0	0.0	0.0	0.0	0.0	0.0	0.0	0.0	0.0	0.0	0.0	0.0	0.362555	0.0	0.0	0.0	0.0	0.0	0.0	0.0	0.0	0.0	0.0	48.51652	5.4962275	0.0	0.0	0.0	0.0	0.0	0.0	0.0	0.0	0.0	0.0	0.0	0.0	3.18242	0.684825	6.28428	0.0	0.0	7.563305	2.39689	0.0	0.0	0.0	0.0	0.0	0.0	0.0	0.0	0.0	0.0	0.0	0.0	0.0	0.0	0.0	0.0	0.0	0.0	0.0	0.0	0.0	0.0	0.0	0.0	0.0	0.0	0.0	0.0	0.0	0.0	0.0	0.0	0.0	0.0	0.0	0.0	0.0	0.0	0.0	0.0	0.0	0.0	0.0	0.0	0.0	0.0	0.0	0.0	0.0	0.0	0.0	0.0	0.0	0.0	0.0	0.0	0.0	0.0	0.0	0.0	0.0	0.0	0.0	0.0	0.0	0.0	0.0	0.0	14.8245	0.0	0.0	0.0	0.0	0.0	0.0	0.0	0.0	0.0	0.0	0.0	0.0	0.0	0.0	0.0	0.0	7.53308	7.52301	0.0	0.0	0.0	0.0	0.0	0.0	0.906387	0.0	11.554763333333334	9.18472	0.52369	0.0	0.0	0.0	0.0	0.0	0.0	0.0	0.0	0.0	0.0	0.0	0.0	0.0	0.0	0.0	0.0	0.0	0.0	0.0	0.0	0.0	0.0	0.0	0.0	0.0	0.0	0.0	0.0	0.0	0.0	0.0	0.0	12.065	10.4134	13.859877777777777	10.81621	0.0	0.0	0.0	0.0	2.75944	0.0	8.25819	0.0	0.0	0.0
N18_2_4	0.0	0.0	0.0	0.0	0.0	0.0	0.0	0.0	0.0	0.0	0.0	0.0	0.0	0.0	0.0	0.0	0.0	0.0	0.0	0.0	0.0	0.0	0.0	0.0	0.0	0.0	0.0	0.0	0.0	0.0	0.0	0.0	0.0	0.0	0.0	0.0	18.6953	16.5587	9.080594999999999	0.0	0.0	0.0	0.0	0.0	0.0	0.0	0.0	0.0	0.0	0.0	0.0	0.0	0.0	0.0	0.0	0.0	0.0	0.0	0.0	0.0	0.0	0.0	0.0	0.0	0.0	0.0	0.0	0.0	0.0	0.0	0.0	0.0	0.0	0.0	0.0	0.0	0.0	0.0	0.0	0.0	0.0	0.0	0.0	0.0	0.0	0.0	0.0	0.0	9.61475	0.0	0.0	0.0	0.0	0.0	0.0	0.0	0.0	0.0	0.0	0.0	0.0	0.0	0.0	0.0	0.0	0.0	0.0	0.0	0.0	0.0	0.0	0.0	0.0	0.0	0.0	0.0	0.0	0.0	0.0	0.0	0.0	0.0	0.0	0.0	0.0	0.0	0.0	0.0	0.0	0.0	0.0	0.0	0.0	0.0	0.0	0.0	0.0	0.0	0.0	0.0	0.0	0.0	0.0	0.0	0.0	0.0	0.0	0.0	0.0	0.0	0.0	0.0	0.0	0.0	0.0	0.0	0.0	0.0	0.0	0.0	0.0	0.0	0.0	0.0	0.0	0.0	8.01229	0.0	0.0	0.0	0.0	0.0	0.0	0.0	0.0	0.0	0.0	0.0	0.0	0.0	6.40983	16.5587	0.0	0.0	19.7636	0.0	0.0	0.0	0.0	0.0	20.832	0.0	0.0	0.0	0.0	0.0	0.0	0.0	0.0	0.0	0.0	0.0	0.0	0.0	6.94398	0.0	0.0	0.0	0.0	0.0	0.0	0.0	0.0	0.0	0.0	0.0	0.0	16.5587	19.7636	6.40983	0.0	0.0	22.4344	0.0	0.0	0.0	0.0	0.0	0.0	0.0	0.0	0.0	0.0	0.0	0.0	0.0	0.0	0.0	0.0	0.0	0.0	0.0	24.571	0.0	0.0	0.0	0.0	0.0	0.0	0.0
N18_2_3	0.0	0.0	0.0	0.0	0.0	0.0	0.0	0.0	0.0	0.0	0.0	0.0	0.0	0.0	0.0	0.0	0.0	0.0	0.0	0.0	0.0	0.0	0.0	0.0	0.0	0.0	0.0	0.0	0.0	0.0	0.0	0.0	0.0	0.0	0.0	0.0	0.0	0.0	0.0	0.0	0.0	0.0	0.0	0.0	0.0	0.0	0.0	0.0	0.0	0.0	0.0	0.0	0.0	0.0	0.0	0.0	0.0	0.0	0.0	0.0	0.0	0.0	0.0	0.0	0.0	0.0	0.0	0.0	0.0	0.0	0.0	0.0	0.0	0.0	0.0	0.0	0.0	0.0	0.0	0.0	0.0	0.0	0.0	0.0	0.0	0.0	0.0	0.0	0.0	0.0	0.0	0.0	0.0	0.0	0.0	0.0	0.0	0.0	0.0	0.0	0.0	0.0	0.0	0.0	0.0	0.0	0.0	0.0	0.0	0.0	0.0	0.0	0.0	0.0	0.0	0.0	0.0	0.0	0.0	0.0	0.0	0.0	0.0	0.0	0.0	0.0	0.0	0.0	0.0	0.0	0.0	0.0	0.0	0.0	0.0	0.0	0.0	0.0	0.0	0.0	0.0	0.0	0.0	0.0	0.0	0.0	0.0	0.0	0.0	0.0	0.0	0.0	0.0	0.0	0.0	0.0	0.0	0.0	0.0	0.0	0.0	0.0	0.0	0.0	0.0	0.0	0.0	0.0	0.0	0.0	0.0	0.0	0.0	0.0	0.0	0.0	0.0	0.0	0.0	0.0	0.0	0.0	0.0	0.0	0.0	0.0	0.0	0.0	0.0	0.0	0.0	0.0	0.0	0.0	0.0	0.0	0.0	0.0	0.0	0.0	0.0	0.0	0.0	0.0	0.0	0.0	0.0	0.0	0.0	0.0	0.0	0.0	0.0	0.0	0.0	0.0	0.0	0.0	0.0	0.0	0.0	0.0	0.0	0.0	0.0	0.0	0.0	0.0	0.0	0.0	0.0	0.0	0.0	0.0	0.0	0.0	0.0	0.0	0.0	0.0	0.0	0.0	0.0	0.0	0.0	0.0	0.0	0.0	0.0	0.0
N19_1_2	0.0	0.0	0.0	0.0	0.0	0.0	0.0	0.0	0.0	0.0	21.4509	0.890336	0.0	0.0	0.0	0.0	0.0	0.0	0.0	0.0	0.0	0.0	0.0	0.0	18.940350000000002	0.0	0.890336	35.93435	0.0	37.50799166666666	44.5375	0.0	0.0	0.0	0.0	0.0	0.0	0.0	0.0	0.0	0.0	0.0	0.0	0.0	0.0	0.0	0.0	0.0	0.0	0.0	0.0	0.0	2.91947	0.0	0.0	18.0966	18.5935	0.0	0.0	0.0	0.0	9.54523	0.0	0.0	0.0	0.0	0.0	0.0	0.0	0.0	0.0	0.0	0.0	0.0	1.98773	0.0	0.0	0.0	0.0	0.0	0.0	0.0	0.0	0.0	0.0	436.3351333333333	43.4737875	0.0	0.0	0.0	0.0	0.0	0.0	0.0	1.4183249999999998	0.0	0.0	0.0	0.0	12.0713	2.69171	21.513	1.40797	0.0	48.93745	9.29677	0.0	0.0	0.0	0.0	0.0	4.61733	0.0	0.0	0.0	0.0	0.0	0.0	0.0	0.0	0.0	0.0	0.0	0.0	0.0	0.0	0.0	0.0	0.0	0.0	0.0	0.0	0.0	0.0	0.0	0.0	0.0	8.744616666666666	8.75842	7.412565000000001	0.0	0.0	0.0	0.0	3.89263	0.0	0.0	0.0	0.0	0.0	0.0	0.0	0.0	0.0	0.0	0.0	4.74156	2.00843	0.0	0.0	0.0	0.0	0.0	0.0	0.0	0.0	0.0	0.0	0.0	0.0	0.0	2.52607	0.0	0.0	87.9362	0.0	0.0	0.0	0.0	0.0	0.0	0.0	0.0	0.0	0.0	0.0	0.0	0.0	0.0	0.0	0.0	57.509550000000004	57.34385	0.351993	0.0	0.0	4.07898	0.0	0.0	3.66487	2.07055	66.98233333333333	49.4861	2.40184	0.0	0.0	0.0	0.0	0.0	0.0	0.0	0.0	0.0	0.0	0.0	0.0	0.0	0.0	0.0	0.0	0.0	0.0	0.0	0.0	0.0	0.0	0.0	0.0	0.0	0.0	0.0	0.0	0.0	0.0	0.0	0.0	81.3726	74.6847	94.31571578947369	74.00145	0.0	0.724692	15.1564	0.0	14.6595	0.0	40.6656	0.0	0.0	0.0
N19_1_3	2.43474	2.83575	2.40609	7.21827	2.97897	1.54677	3.83829	3.23677	0.0	0.0	0.0	0.0	0.0	0.0	0.0	0.0	0.0	0.0	0.0	39.98693333333333	25.1494	0.0	5.04133	0.0	2.11965	0.0	0.0	0.544235	0.0	0.8521570833333333	0.48694699999999996	0.0	6.75997	26.505200000000002	27.2117	0.0	28.0711	22.8006	11.104333333333335	0.0	5.127269999999999	0.0	9.65301	8.13488	0.0	0.0	5.27049	9.271116666666666	0.0	7.597807	0.0	0.0	0.401015	0.0	0.0	2.4824733333333335	2.49202	0.0	0.0	1.11711	0.0	1.11711	0.0	0.0	0.0	0.0	13.1189	0.0	0.0	0.0	11.5149	0.0	23.0297	0.0	0.458303	0.0	0.0	0.0	0.0	9.00852	4.98405	12.3169	0.0	0.0	0.0	9.362749333333333	0.8056108750000001	6.41624	6.96048	0.0	8.091915	6.98912	0.0	0.0	0.572879	0.0	0.0	3.422955	14.985549999999998	3.17948	0.744743	2.86439	0.744743	0.0	19.7034675	16.54666	0.0	0.0	0.0	0.0	0.0	1.54677	0.0	0.0	0.0	0.0	0.0	0.0	0.0	0.0	0.0	7.44743	0.0	7.13234	0.0	0.0	0.0	0.0	21.4543	0.0	0.0	0.0	0.0	3.52321	0.0	16.2698	0.0	1.8284366666666667	1.83321	1.46084	0.0	0.0	0.0	0.0	0.0	0.0	0.0	0.0	0.0	0.0	0.0	0.0	0.0	0.0	0.0	0.0	0.0	10.2545	0.0	0.0	4.06744	3.00761	7.04641	0.0	0.0	9.65301	8.30674	8.27289	21.959588	3.63778	18.3264	14.9808	0.0	0.0	2.26287	0.0	0.0	0.0	19.5925	9.73894	4.64032	13.5486	4.38252	8.79369	15.8687	0.0	7.53336	0.0	0.0	0.0	15.2959	0.830674	0.830674	1.11711	0.0	0.0	0.0	0.0	0.0	0.94525	0.0	15.983325	8.206489999999999	1.3033005	7.39014	0.0	0.0	0.0	0.0	0.0	0.0	0.0	0.0	0.0	0.0	0.0	52.934	21.2252	18.7045	5.61421	21.1679	12.7179	22.3709	4.92676	4.69761	0.0	0.0	0.0	0.0	14.6657	5.90065	0.0	0.0	0.0	4.28584875	0.0	1.60406	1.60406	1.9064100000000002	1.71864	0.0	0.0	21.8553	4.41117	6.917495	0.0	4.35388	0.0	0.0	0.0
N19_1_4	10.0333	9.88535	9.11583	30.2776	10.9508	8.13913	16.6334	13.8217	0.0	0.0	0.0	0.0	0.0	0.0	0.0	0.0	0.0	0.0	0.0	86.6002575	70.0261	0.0	13.2298	0.0	0.0	0.0	0.0	0.0	0.0	0.0	0.0	0.0	17.6693	70.68713333333334	65.9418	2.4417400000000002	68.6055	55.2277	26.568133333333332	0.0	11.9571	0.0	22.9671	18.7644	0.0	2.60452	11.7795	22.414666666666665	0.0	19.707266666666666	0.0	0.0	0.325565	0.0	0.0	1.3614500000000003	1.33186	0.0	0.0	0.799115	0.0	0.0	0.503146	0.0	0.0	0.0	48.8644	7.66558	2.36775	0.0	28.2354	0.0	58.4242	0.917502	0.0	0.0	0.0	0.0	0.0	22.62675	10.7437	29.4193	0.0	0.0	0.0	0.5011728666666666	0.0	15.272	17.9357	0.0	18.09845	10.24051	0.0	0.0	0.0	0.503146	0.0	8.908645	39.5414	10.0629	1.74621	4.88348	3.01888	8.73107	54.32097454545454	62.2027	0.0	0.0	1.50944	1.65742	0.828712	6.5705	0.0	0.0	0.0	0.0	0.0	0.0	0.0	0.0	0.0	19.8003	0.0	20.1259	2.27896	1.9681899999999999	3.69961	1.8942	83.7887	0.0	3.49243	1.33186	1.746215	7.69518	0.0	38.1207	0.0	0.0	0.0	0.0	0.0	0.0	0.0	1.9681899999999999	0.0	0.0	0.0	0.0	0.0	0.0	0.0	3.7588	0.0	0.0	0.0	0.0	0.0	17.018169999999998	0.0	0.0	9.61897	8.64228	15.5087	0.0	0.0	20.8066	18.8532	24.471218181818184	52.15082	6.89606	45.09077625	36.559485	3.52202	0.0	0.0	0.0	2.8413	0.0	47.5621	22.4344	10.0925	31.4614	10.6253	19.9779	36.7001	0.532743	15.8343	0.0	0.0	0.0	46.3487	0.0	0.0	0.0	0.0	0.0	0.0	0.0	0.0	1.45025	0.0	95.43796	36.5077	9.722555	35.3386	0.0	0.0	0.0	0.0	0.0	0.0	0.0	0.739921	0.0	0.0	0.0	128.894	47.2366	42.871	9.3822	53.2447	32.9117	56.9739	10.862	9.515385	0.680727	0.739921	0.0	0.0	37.6472	15.0944	2.07178	0.0	0.0	0.0	7.717632413793104	0.0	0.0	0.0	0.0	0.0	0.0	137.152	10.1813	14.961215	0.0	3.7292	0.0	0.0	8.07994
N19_2_3	0.0	0.0	0.0	0.0	0.0	0.0	0.0	0.0	0.0	0.0	3.0202	0.0	0.0	0.0	0.0	0.0	0.0	0.0	0.314605	0.0	0.0	0.0	0.0	0.0	24.098725	1.21647	0.0	5.133297499999999	0.0	15.253091666666668	5.524458	0.0	0.0	0.0	3.98499	51.68955	4.23668	3.56552	0.300622	9.878605	0.0	0.0	0.0	0.23071	0.0	0.0	0.0	0.0	0.0	0.0	0.0	0.0	0.901866	0.0	0.0	9.808670000000001	10.2561	0.0	0.5144711176470588	4.5696325	0.0	3.88012	10.5078	0.0	0.0	0.0	6.41793	21.2673	8.295075	0.0	0.0	0.0	0.0	0.0	4.25765	0.0	0.0	0.0	0.0	0.0	0.0	0.0	15.2478	0.0	0.0	26.47292666666667	14.1440875	0.0	0.0	0.0	0.503367	8.22167	0.0	0.0	8.735520000000001	0.0	0.0	0.0	0.0	79.8676	23.847	68.416	3.75428	24.9586	21.504966666666668	25.084490000000002	0.314605	0.0	0.0	0.0	0.0	40.2904	0.0	0.0	0.0	0.0	0.0	0.0	0.0	0.0	0.0	0.0	0.0	0.0	5.78872	5.84116	14.1362	26.7624	1.61497	0.0	17.602125	0.0	0.0	0.0	0.0	0.0	0.0	36.22845	36.389275	26.37435	0.0	2.32807	0.0	0.0	15.6673	0.0	0.0	0.0	0.0	0.0	12.671566666666665	0.0	0.0	21.06172	0.0	0.0	68.6048	11.8082	0.0	0.0	0.0	0.0	0.0	0.0	0.0	0.0	0.0	0.0	0.0	0.0	15.6673	21.8336	0.0	0.0	35.047	0.0	0.0	0.0	0.0	0.440446	0.0	0.817972	0.0	0.0	0.566288	4.82394	0.0	0.0	0.0	0.0	0.0	56.0206	55.88425	2.76852	0.0	0.0	4.63517	0.0	0.0	25.1264	2.93631	108.97546666666666	156.4425	23.113	2.68463	0.0	0.0	0.0	0.0	0.0	0.0	0.0	0.0	0.0	0.0	0.0	1.63594	0.0	0.8284590000000001	0.0	0.0	0.419473	0.880893	0.0	0.188763	0.0	0.0	0.0	0.0	0.0	0.0	0.0	0.0	40.3428	15.2426125	25.7969234375	12.9407	12.21715	16.604127777777776	11.975950000000001	0.0	0.0	12.5213	0.0	35.3406	0.0	87.1245	0.0	0.0	31.5234
N19_2_4	4.02177	6.61646	5.05964	16.2168	6.61646	3.63257	5.57858	7.00566	0.0	0.0	0.0	0.0	0.0	0.0	0.0	0.0	0.0	0.0	0.0	37.666266666666665	31.266	5.31911	0.0	0.0	0.0	0.0	0.0	0.0	0.0	0.0	0.0	0.0	6.35699	15.827599999999999	25.2982	0.0	26.855	23.7414	8.951676666666666	0.0	3.24336	5.31911	7.65433	6.48672	2.20549	0.0	4.1515	6.940795	0.0	0.0	0.0	0.0	0.0	0.0	0.0	0.0	0.0	3.0950942857142856	0.0	0.0	0.0	0.0	0.0	8.88681	0.0	0.0	26.7253	16.4763	0.0	0.0	10.8977	11.6761	27.6334	0.0	0.0	0.0	0.0	0.0	0.0	9.730086666666667	6.35699	13.4924	0.0	0.0	0.0	0.0	0.0	5.31911	5.44885	0.0	11.092300000000002	6.55159	3.3730966666666666	2.98389	0.0	0.0	0.0	0.0	17.773583333333335	0.0	0.0	0.0	0.0	0.0	18.74662625	18.897966666666665	0.0	0.0	0.0	0.0	0.0	0.0	0.0	0.0	0.0	0.0	0.0	0.0	0.0	0.0	0.0	9.21115	8.82194	5.31911	2.20549	2.7892900000000003	5.18938	0.0	21.1467	7.5246	0.0	0.0	0.0	2.85416	0.0	17.3844	4.28124	0.0	0.0	0.0	0.0	0.0	0.0	0.0	0.0	0.0	0.0	0.0	0.0	1.68655	0.0	0.0	0.0	0.0	0.0	0.0	0.0	9.85982	0.0	12.195	4.41097	2.33522	10.5085	4.28124	9.21115	15.1789	8.56247	9.671111818181817	14.436864	3.24336	16.000601666666665	14.400549999999999	0.0	0.0	0.0	0.0	0.0	0.0	23.3522	10.8977	4.54071	28.4118	3.3731	8.69221	20.2386	0.0	5.05964	10.8977	4.92991	5.838055	16.9952	0.0	0.0	0.0	0.0	0.0	0.0	3.11363	0.0	0.0	0.0	40.7042	38.855450000000005	3.7623	11.9356	3.89203	0.0	0.0	0.0	0.0	0.0	0.0	0.0	0.0	0.0	0.0	42.4232	17.6439	17.31955	3.63257	25.2982	10.768	20.3683	2.72442	3.3731	0.0	0.0	0.0	0.0	0.0	0.0	0.0	0.0	0.0	0.0	60.09063939393939	0.0	0.0	0.0	0.0	0.0	0.0	35.4175	3.11363	14.5303	0.0	0.0	0.0	6.87593	8.56247
N19_2_2	0.0	0.0	0.0	0.0	0.0	0.0	0.0	0.0	0.0	0.0	13.3466	0.0	0.0	0.0	0.0	0.0	0.0	0.0	0.0	0.0	0.0	0.0	0.0	0.0	9.25689	0.0	0.0	26.5031	0.0	43.13046666666667	29.290999999999997	0.0	0.0	0.0	0.0	0.0	0.0	0.0	0.0	0.0	0.0	0.0	0.0	0.0	0.0	0.0	0.0	0.0	0.0	0.0	0.0	0.0	0.536847	0.0	0.0	4.518466666666666	4.62285	0.0	0.3728106666666667	0.0	0.0	3.51933	0.0	0.0	0.0	0.0	0.0	0.0	0.0	0.0	0.0	0.0	0.0	0.0	0.55176	0.0	0.0	0.0	0.0	0.0	0.0	0.0	0.0	0.0	0.0	79.9475	25.8823875	0.0	0.0	0.0	0.0	0.0	0.0	0.0	0.775446	0.0	0.0	0.0	0.0	9.93168	1.47633	2.78862	0.0	0.0	27.662565	5.07022	0.0	0.0	0.0	0.0	0.0	0.0	0.0	0.0	0.0	0.0	0.0	0.0	0.0	0.0	0.0	0.0	0.0	0.0	0.0	0.0	0.0	0.0	0.0	0.0	0.0	0.0	0.0	0.0	0.0	0.0	0.0	1.1805633333333334	1.19299	0.0	0.0	0.0	0.0	0.0	0.0	0.0	0.0	0.0	0.0	0.0	0.0	0.0	0.0	0.0	0.0	0.0	1.67019	1.64037	0.0	0.0	0.0	0.0	0.0	0.0	0.0	0.0	0.0	0.0	0.0	0.0	0.0	1.64037	0.0	0.0	71.1621	0.0	0.0	0.0	0.0	0.0	0.0	0.0	0.0	0.0	0.0	0.0	0.0	0.0	0.0	0.0	0.0	9.954045	9.827285	0.0	0.0	0.0	0.850008	0.0	0.0	2.22195	0.0	46.616233333333334	28.6915	1.38686	0.0	0.0	0.0	0.0	0.0	0.0	0.0	0.0	0.0	0.0	0.0	0.0	0.0	0.0	0.0	0.0	0.0	0.0	0.0	0.0	0.0	0.0	0.0	0.0	0.0	0.0	0.0	0.0	0.0	0.0	0.0	0.0	54.4005	49.4869	66.02044736842106	48.808400000000006	0.0	0.0	0.0	0.0	7.88867	0.0	8.41061	0.0	0.0	0.0
N20_1_2	0.0	0.0	0.0	0.0	0.0	0.0	0.0	0.0	0.0	0.0	1.34924	0.0	0.0	0.0	0.0	0.0	0.0	0.0	0.0	0.0	0.0	0.0	0.0	0.0	0.0	0.0	0.0	2.9341375	0.0	1.8991049999999998	2.25489	0.0	0.0	0.0	0.0	0.0	0.0	0.0	0.0	0.0	0.0	0.0	0.0	0.0	0.0	0.0	0.0	0.0	0.0	0.0	0.0	0.0	0.0	0.0	0.0	0.0	0.0	0.0	0.0	0.0	0.0	0.0	0.0	0.0	0.0	0.0	0.0	0.0	0.0	0.0	0.0	0.0	0.0	0.0	0.0	0.0	0.0	0.0	0.0	0.0	0.0	0.0	0.0	0.0	0.0	0.4201742	2.43740875	0.0	0.0	0.0	0.0	0.0	0.0	0.0	0.0	0.0	0.0	0.0	0.0	0.0	0.0	0.0	0.0	0.0	5.61875	0.0	0.0	0.0	0.0	0.0	0.0	0.0	0.0	0.0	0.0	0.0	0.0	0.0	0.0	0.0	0.0	0.0	0.0	0.0	0.0	0.0	0.0	0.0	0.0	0.0	0.0	0.0	0.0	0.0	0.0	0.0	0.0	0.0	0.0	0.0	0.0	0.0	0.0	0.0	0.0	0.0	0.0	0.0	0.0	0.0	0.0	0.0	0.0	0.0	0.0	0.0	0.0	0.0	0.0	0.0	0.0	0.0	0.0	0.0	0.0	0.0	0.0	0.0	0.0	0.0	0.0	0.0	0.0	0.0	5.85903	0.0	0.0	0.0	0.0	0.0	0.0	0.0	0.0	0.0	0.0	0.0	0.0	0.0	0.0	0.0	0.0	0.0	0.0	0.0	0.0	0.0	0.0	0.0	0.0	0.0	0.0	9.40772	0.0	0.0	0.0	0.0	0.0	0.0	0.0	0.0	0.0	0.0	0.0	0.0	0.0	0.0	0.0	0.0	0.0	0.0	0.0	0.0	0.0	0.0	0.0	0.0	0.0	0.0	0.0	0.0	0.0	0.0	0.0	0.0	0.0	0.0	5.37848	4.52827	6.091090555555556	4.6946200000000005	0.0	0.0	0.0	0.0	0.0	0.0	0.0	0.0	0.0	0.0
N20_1_4	0.0	0.0	0.0	0.0	0.0	0.0	0.0	0.0	0.0	0.0	0.0	20.084533333333336	0.0	0.0	0.0	0.0	0.0	0.0	0.0	0.0	0.0	0.0	0.0	0.0	111.175	0.891326	20.084533333333336	0.0	0.0	0.0	0.0	0.0	0.0	0.0	0.0	84.05205000000001	0.0	0.0	0.0	16.953	0.0	0.0	0.0	0.0	0.0	0.0	0.0	0.0	0.0	0.0	0.0	0.0	6.82756	0.0	0.0	89.61986666666667	92.5018	0.0	0.0	18.042675	0.0	36.9009	4.81316	0.0	0.0	0.0	0.0	0.0	28.0768	0.0	0.0	0.0	0.0	0.0	92.787	0.0	0.0	0.0	0.0	0.0	0.0	0.0	301.357	0.998285	0.0	462.68853333333334	0.0	0.0	0.0	0.0	0.0	0.0	0.0	0.0	17.80865	0.0	0.0	0.0	0.0	237.449	45.5646	142.541	50.5738	0.0	227.074	203.401	1.39047	0.0	0.0	0.0	0.0	132.95	0.0	0.0	0.0	0.0	0.0	0.0	0.0	0.0	0.0	0.0	0.0	0.0	0.0	0.0	0.0	0.0	0.0	0.0	0.0	0.0	0.0	0.0	29.3959	0.0	0.0	106.70366666666666	106.928	87.54605000000001	0.0	0.0	0.0	0.0	0.0	0.0	0.0	0.0	0.0	0.0	0.0	0.0	0.0	0.0	0.0	0.0	75.27244999999999	55.8327	0.0	0.0	0.0	0.0	0.0	0.0	0.0	0.0	0.0	0.0	0.0	0.0	66.2255	89.7209	87.956	0.0	0.0	0.0	0.0	0.0	0.0	0.0	0.0	0.0	0.0	0.0	0.0	0.0	0.0	0.0	0.0	0.0	0.0	489.472	487.54650000000004	4.18923	0.0	0.0	18.3257	0.0	0.0	37.097	0.0	412.5945	370.578	24.0301	0.0	0.0	0.0	0.0	0.0	0.0	0.0	0.0	0.0	0.0	0.0	0.0	0.0	0.0	0.0	0.0	0.0	0.0	0.0	0.0	0.0	0.0	0.0	0.0	0.0	0.0	0.0	0.0	0.0	13.1025	0.0	0.0	0.0	0.0	0.0	0.0	0.0	0.0	0.0	0.0	97.4219	0.0	120.222	0.0	0.0	0.0
N20_2_2	0.0	0.0	0.0	0.0	0.0	0.0	0.0	0.0	0.0	0.0	10.1756	0.0	0.0	0.0	0.0	0.0	0.0	0.0	0.0	0.0	0.0	0.0	0.0	0.0	0.6699602499999999	0.0	0.0	19.661875000000002	0.0	35.29915	21.03868	0.0	0.0	0.0	0.0	0.0	0.0	0.0	0.0	0.0	0.0	0.0	0.0	0.0	0.0	0.0	0.0	0.0	0.0	0.0	0.0	0.0	0.291287	0.0	0.0	1.3075566666666667	1.4176	0.0	0.0	0.0	0.0	0.660251	0.0	0.0	0.0	0.0	0.0	0.0	0.0	0.0	0.0	0.0	0.0	0.0	0.0	0.0	0.0	0.0	0.0	0.0	0.0	0.0	0.0	0.0	0.0	18.949186666666666	18.734625	0.0	0.0	0.0	0.0	0.0	0.0	0.0	0.0	0.0	0.0	0.0	0.0	3.18474	0.427221	0.0	0.0	0.0	38.4305	1.94191	0.0	0.0	0.0	0.0	0.0	0.0	0.0	0.0	0.0	0.0	0.0	0.0	0.0	0.0	0.0	0.0	0.0	0.0	0.0	0.0	0.0	0.0	0.0	0.0	0.0	0.0	0.0	0.0	0.0	0.0	0.0	1.4499666666666666	1.45644	0.0	0.0	0.0	0.0	0.0	0.0	0.0	0.0	0.0	0.0	0.0	0.0	0.0	0.0	0.0	0.0	0.0	0.0	0.0	0.0	0.0	0.0	0.0	0.0	0.0	0.0	0.0	0.0	0.0	0.0	0.0	0.0	0.0	0.0	0.0	48.7809	0.0	0.0	0.0	0.0	0.0	0.0	0.0	0.0	0.0	0.0	0.0	0.0	0.0	0.0	0.0	0.0	3.70906	3.64109	0.0	0.0	0.0	0.0	0.0	0.0	0.854442	0.0	27.814666666666664	19.3997	1.14573	1.02921	0.0	0.0	0.0	0.0	0.0	0.0	0.0	0.0	0.0	0.0	0.0	0.0	0.0	0.0	0.0	0.0	0.0	0.0	0.0	0.0	0.0	0.0	0.0	0.0	0.0	0.0	0.0	0.0	0.0	0.0	0.0	37.8479	37.9256	48.20585	34.56605	0.0	0.0	0.0	0.0	1.37876	0.0	2.83519	0.0	0.0	0.0
N20_2_3	0.0	0.0	0.0	0.0	0.0	0.0	0.0	0.0	0.0	0.0	0.0	0.0	0.0	0.0	0.0	0.0	0.0	0.0	0.0	0.0	0.0	0.0	0.0	0.0	0.0	0.0	0.0	0.0	0.0	0.0	0.0	0.0	0.0	0.0	0.0	0.0	0.0	0.0	0.0	0.0	0.0	0.0	0.0	0.0	0.0	0.0	0.0	0.0	0.0	0.0	0.0	0.0	0.0	0.0	0.0	0.0	0.0	0.0	0.0	0.0	0.0	0.0	0.0	0.0	0.0	0.0	0.0	0.0	0.0	0.0	0.0	0.0	0.0	0.0	0.0	0.0	0.0	0.0	0.0	0.0	0.0	0.0	0.0	0.0	0.0	0.0	0.0	0.0	0.0	0.0	0.0	0.0	0.0	0.0	0.0	0.0	0.0	0.0	0.0	0.0	0.0	0.0	0.0	0.0	0.0	0.0	0.0	0.0	0.0	0.0	0.0	0.0	0.0	0.0	0.0	0.0	0.0	0.0	0.0	0.0	0.0	0.0	0.0	0.0	0.0	0.0	0.0	0.0	0.0	0.0	0.0	0.0	0.0	0.0	0.0	0.0	0.0	0.0	0.0	0.0	0.0	0.0	0.0	0.0	0.0	0.0	0.0	0.0	0.0	0.0	0.0	0.0	0.0	0.0	0.0	0.0	0.0	0.0	0.0	0.0	0.0	0.0	0.0	0.0	0.0	0.0	0.0	0.0	0.0	0.0	0.0	0.0	0.0	0.0	0.0	0.0	0.0	0.0	0.0	0.0	0.0	0.0	0.0	0.0	0.0	0.0	0.0	0.0	0.0	0.0	0.0	0.0	0.0	0.0	0.0	0.0	0.0	0.0	0.0	0.0	0.0	0.0	0.0	0.0	0.0	0.0	0.0	0.0	0.0	0.0	0.0	0.0	0.0	0.0	0.0	0.0	0.0	0.0	0.0	0.0	0.0	0.0	0.0	0.0	0.0	0.0	0.0	0.0	0.0	0.0	0.0	0.0	0.0	0.0	0.0	0.0	0.0	0.0	0.0	0.0	0.0	0.0	0.0	0.0	0.0	0.0	0.0	0.0	0.0	0.0
N20_1_3	0.0	0.0	0.0	0.0	0.0	0.0	0.0	0.0	0.0	0.0	0.557746	2.24739	0.0	0.0	0.0	0.0	0.0	0.0	0.0	0.0	0.0	0.0	0.0	0.0	12.844575	0.902237	2.24739	1.06628	0.0	1.3752300000000002	1.00066	0.0	0.0	0.0	0.0	0.0	0.0	0.0	0.0	0.0	0.0	0.0	0.0	0.0	0.0	0.0	0.0	0.0	0.0	0.0	0.0	0.0	1.67324	0.0	0.0	22.069266666666664	22.6051	0.0	0.5070421818181818	0.6541215	0.0	7.07025	0.0	0.0	0.0	0.0	0.0	0.0	0.0	0.984258	0.0	0.0	0.0	0.0	2.31301	0.0	0.0	0.0	0.0	0.0	0.0	0.0	55.0857	0.902237	0.0	99.25916666666667	1.01296725	0.0	0.0	0.0	0.0	0.0	0.0	0.0	2.00953	0.0	0.0	0.0	0.0	13.3695	2.34582	34.0225	2.14896	0.0	8.94036	14.9771	0.0	0.0	0.0	0.0	0.0	5.77431	0.0	0.0	0.0	0.0	0.0	0.0	0.0	0.0	0.0	0.0	0.0	0.0	0.0	0.0	0.0	0.0	0.0	0.0	0.0	0.0	0.0	0.0	0.0	0.0	0.0	16.631249999999998	16.6914	13.065999999999999	0.0	0.0	0.0	0.0	0.7299914999999999	0.0	0.0	0.0	0.164043	0.0	0.0	0.0	0.0	0.0	0.0	0.0	7.28351	4.00265	0.0	0.0	0.0	0.0	0.0	0.0	0.0	0.0	0.0	0.0	0.0	0.0	0.0	2.83794	0.0	0.0	2.69031	0.0	0.0	0.0	0.0	0.0	0.0	0.0	0.0	0.0	0.0	0.0	0.0	0.0	0.0	0.0	0.0	73.53229999999999	73.2452	0.574151	0.0	0.0	5.31499	0.0	0.0	1.1483	1.08268	22.30984666666667	26.8538	0.935045	0.0	0.0	0.0	0.0	0.0	0.0	0.0	0.0	0.0	0.0	0.0	0.0	0.0	0.0	0.0	0.0	0.0	0.0	0.0	0.0	0.0	0.0	0.0	0.0	0.0	0.0	0.0	0.0	0.0	0.0	0.0	0.0	1.09909	1.00066	1.4463105555555555	1.23032	0.0	0.0	0.0	0.0	18.3728	0.0	41.306	0.0	0.0	0.0
N20_2_4	0.0	0.0	0.0	0.0	0.0	0.0	0.0	0.0	0.0	0.0	0.0	0.0	0.0	0.0	0.0	0.0	0.0	0.0	0.0	95.4688	68.2864	14.0231	0.0	0.0	0.0	0.0	0.0	0.0	0.0	0.0	0.0	0.0	21.6443	34.24483333333333	41.612	0.0	48.3187	39.1732	15.05195	0.0	6.55427	0.0	13.1085	9.90762	0.0	0.0	6.85912	29.2656	0.0	0.0	0.0	0.0	0.0	0.0	0.0	0.0	0.0	10.150369999999999	0.0	0.0	0.0	0.0	0.0	31.3995	0.0	0.0	0.0	0.0	0.0	0.0	29.418	32.1617	61.7321	0.0	0.0	0.0	0.0	0.0	0.0	28.35105	15.5473	32.7714	0.0	0.0	0.0	0.0	0.0	15.0901	16.7667	0.0	39.09695	10.9746	14.2263	10.3649	0.0	0.0	4.115475	0.0	43.5935	0.0	0.0	0.0	0.0	0.0	49.42921428571429	66.0	0.0	0.0	0.0	0.0	0.0	0.0	0.0	0.0	0.0	0.0	0.0	0.0	0.0	0.0	0.0	19.5104	27.4365	18.5958	0.0	0.0	0.0	0.0	55.1778	18.7483	0.0	0.0	0.0	0.0	0.0	37.9538	0.0	0.0	0.0	0.0	0.0	0.0	0.0	0.0	0.0	0.0	0.0	0.0	0.0	3.50577	0.0	0.0	0.0	0.0	0.0	0.0	0.0	23.7783	0.0	0.0	0.0	0.0	0.0	0.0	21.7968	33.2286	22.7113	37.9538	51.22063461538461	15.0901	45.27018	40.4688	0.0	0.0	0.0	0.0	0.0	0.0	51.3672	29.418	13.1085	50.3002	5.03002	21.7968	43.5935	0.0	9.75519	34.1432	16.157	19.0531	46.3372	0.0	0.0	0.0	0.0	0.0	0.0	14.1755	0.0	0.0	0.0	67.01606666666667	0.0	7.01155	19.358	9.90762	0.0	0.0	0.0	0.0	0.0	0.0	0.0	0.0	0.0	0.0	97.8568	34.448	38.1062	13.1085	63.866	26.8268	53.6536	0.0	8.53579	0.0	0.0	0.0	0.0	0.0	0.0	0.0	0.0	0.0	0.0	7.020512352941176	0.0	0.0	0.0	0.0	0.0	0.0	56.3972	6.85912	31.7044	0.0	0.0	36.7344	41.0023	0.0
N21_1_3	0.0	0.0	0.0	0.0	0.0	0.0	0.0	0.0	7.94654	0.0	0.0	18.2539	0.0	0.0	0.0	0.0	0.0	0.0	0.0	73.50019999999999	68.61	3.773025	6.17596	0.0	0.39521925	0.779899	18.2539	24.435075	2.35551	0.0	19.26138	0.632351	8.68428	14.052266666666668	24.6828	8.325949999999999	27.3597	21.3734	4.6741275	0.0	2.4450895	0.0	0.0	0.0	0.0	0.0	10.5181	17.4476	11.8671	0.0	0.0	10.4587	4.04704	0.0	0.0	22.1674	22.4274	1.5793707142857143	6.695305166666667	14.5756875	0.0	0.231862	4.89018	19.27615	22.3852	10.4549	0.0	0.0	0.716664	0.0	27.7391	0.0	43.864	0.0	2.61372	0.0	0.0	0.0	0.0	24.53516666666667	4.36322	27.17	13.4269	0.76936	1.01176	25.919353333333333	0.0	10.3705	11.2769	39.7748	17.0735	11.96195	1.6897833333333334	1.41225	2.6874900000000004	0.0	0.421567	0.0	31.476983333333333	16.3568	4.21567	80.709	2.95097	8.81075	29.275709999999997	40.997366666666665	0.210784	0.0	0.0	0.0	0.0	8.91614	0.0	0.0	0.0	1.395386	23.9872	15.2607	27.1068	8.55781	24.7249	13.996	8.28379	8.59997	0.463724	0.6112725	0.822056	0.0	31.4278	5.81763	4.63197	0.0	0.0	4.53185	2.76126	27.5705	21.6264	22.71898333333333	22.8068	18.32765	0.779899	12.0568	0.0	0.0	37.688100000000006	7.300136666666667	0.0	12.68565	12.912600000000001	0.2002445	0.0	0.0	0.0	4.61616	0.0	0.0	0.0	12.056825	0.0	0.0	10.4338	8.91614	8.64212	6.95586	3.20391	7.63036	16.1671	3.41469	8.36162076923077	1.37009	32.34825333333333	22.933226666666666	5.60684	0.0	0.0	0.0	0.0	0.0	0.0	0.0	0.0	0.0	0.0	0.0	0.0	1.30686	3.98381	10.0333	7.6408949999999995	11.500357999999999	14.8392	108.6275	108.269	0.0	3.762485	6.30243	10.0755	1.89705	0.0	3.47793	2.76126	43.35394	40.2175	3.762485	6.93478	4.04704	0.0	2.1991733333333334	49.6817	0.0	0.0	0.0	0.0	0.0	8.6632	0.0	32.2499	0.0	0.0	0.0	0.0	7.56713	0.0	7.767375	5.691155	0.0	0.0	29.815804347826088	28.49467692307692	0.0	0.0	0.0	0.0	0.0	0.0	2.7662823809523807	0.0	0.0	0.0	0.0	0.0	0.0	39.7748	12.5205	18.8967	0.0	121.727	32.4817	39.6905	10.5603
N21_1_4	0.0	0.0	0.0	0.0	0.0	0.0	0.0	0.0	2.5678	0.0	0.0	0.0	0.0	0.0	0.0	0.0	0.0	0.0	0.0	92.52626666666667	87.4977	12.26125	5.64915	0.0	0.0	0.0	0.0	11.79585	4.7825225	0.0	14.2513	8.08856	11.6835	15.064406666666665	17.5252	0.0	20.3498	15.9845	3.445126666666667	0.0	4.04428	0.0	0.0	0.0	0.0	0.0	11.2341	16.530175	10.3354	0.0	0.0	15.208336363636363	0.0	0.0	0.0	0.0	0.0	3.321492222222222	14.737801842105263	0.0	0.0	0.0	0.0	21.184350000000002	109.196	42.6254	0.0	0.0	3.14555	0.0	24.715	0.0	57.5828	0.0	0.0	0.0	0.0	0.0	0.0	19.4083	11.6193	25.4212	0.0	0.0	6.263590714285714	0.0	0.0	13.7377	13.6735	37.4256	19.4511	10.881015	4.097771666666667	3.53072	0.0	0.0	0.0	0.0	37.7573	0.0	0.0	0.0	0.0	10.207	38.9502625	45.70675	0.0	0.0	0.0	0.0	0.0	0.0	0.0	0.0	0.0	5.032882	19.3227	10.207	18.6165	30.8136	28.6309	13.4167	15.5352	11.8119	2.82458	3.723305	8.7947	0.0	42.3686	9.11568	5.53681	0.0	0.0	8.15275	0.0	37.233	18.4881	0.0	0.0	0.0	0.0	0.0	0.0	0.0	13.41675	4.49364	0.0	4.3652516666666665	7.587836	1.315995	0.0	0.0	0.0	0.0	0.0	0.0	0.0	22.083	0.0	0.0	8.34534	5.97013	27.7964	20.3498	10.1428	29.9148	17.9104	10.195327272727273	18.917742307692308	4.36525	34.19448333333333	33.28505	0.0	0.0	0.0	0.0	0.0	0.0	0.0	0.0	0.0	0.0	0.0	0.0	0.0	0.0	9.75763	17.3326	9.532945000000002	12.13284	37.875	0.0	0.0	0.0	7.5108049999999995	9.11568	0.0	4.75042	0.0	0.0	0.0	61.006533333333344	26.1273	5.13559	15.4068	6.61208	0.0	5.542163333333334	0.0	0.0	0.0	0.0	0.0	0.0	65.1578	0.0	29.4655	0.0	0.0	0.0	0.0	6.48369	0.0	8.890995	6.67627	0.0	0.0	14.245717391304348	14.749992307692308	0.0	0.0	0.0	0.0	0.0	0.0	15.766823043478261	0.0	0.0	0.0	0.0	0.0	0.0	51.2917	9.11568	29.4655	0.0	0.0	26.9619	29.979	15.0216
N21_2_2	0.0	0.0	0.0	0.0	0.0	0.0	0.0	0.0	0.440616	0.0	0.936309	1.5880533333333335	0.0	0.0	0.0	0.0	0.0	0.0	0.0	10.978699999999998	9.99648	1.060235	0.0	0.0	5.6660474999999995	0.0	1.5880533333333335	3.77278	0.0	3.499686666666667	3.596528	0.0	0.936309	1.803775	2.58862	0.0	2.75385	0.0	0.6058473333333333	0.0	0.440616	0.0	0.0	0.0	0.0	0.0	1.23923	2.0378475	1.5697	0.0	0.0	2.4208845454545456	2.2857	0.0	0.0	10.18922	10.5472	0.6165566111111112	1.2159294615384615	0.898443875	0.0	2.89154	0.0	2.2857	6.85709	3.55247	0.0	0.0	0.0	0.0	3.96555	0.0	8.75725	0.0	1.18416	0.0	0.0	0.0	0.0	3.3872366666666665	1.10154	3.16693	25.1702	0.0	0.0	59.597	1.824425	1.04646	1.074	4.84678	3.387235	1.45954	0.4635651666666667	0.358001	1.3631600000000001	0.0	0.0	0.0	3.8967000000000005	5.75555	1.12908	4.70909	0.908771	0.0	3.9900233333333333	6.2696	0.0	0.0	0.0	0.0	0.0	2.58862	0.0	0.0	0.0	0.4020624	3.13939	1.34939	2.56108	1.432	3.69016	1.73493	1.40446	1.432	0.0	0.0	0.0	0.0	4.98447	0.963848	0.0	0.0	0.0	0.523232	0.0	4.02062	2.36831	3.4285416666666664	3.44231	2.53354	0.0	0.0	0.0	0.0	1.81754	0.702232	0.0	0.7527193333333333	0.925291	0.0	0.0	0.0	0.0	0.0	0.0	0.0	3.41478	1.88639	0.0	0.0	1.15662	0.605847	2.148	1.21169	0.881232	2.42339	2.17554	0.8461833636363636	2.3099296	0.302924	4.538348	4.55762	0.0	0.0	5.48016	0.0	0.0	0.0	0.0	0.0	0.0	0.0	0.0	0.0	0.0	0.0	0.881232	1.40446	1.1015385	1.4760664000000001	3.74524	17.3217	17.22535	0.716001	0.660924	0.798617	3.11185	0.302924	0.0	3.7177	0.0	15.7038275	15.5593	0.867462	1.65231	0.605847	0.0	0.0	0.0	0.0	0.0	0.0	0.0	0.0	4.10324	0.0	3.58001	0.0	0.0	0.0	0.0	0.771078	0.0	1.52839	0.9638475	0.0	0.0	2.303652608695652	1.6989161538461537	0.0	0.0	0.0	0.0	0.0	0.0	0.0	5.20478	4.29601	6.281838333333334	5.03955	0.0	0.0	7.60063	1.37693	6.32009	0.0	16.771	2.67124	4.04816	0.0
N21_1_2	0.0	0.0	0.0	0.0	0.0	0.0	0.0	0.0	0.0	0.0	2.94033	2.35226	0.0	0.0	0.0	0.0	0.0	0.0	0.0	16.3239	12.6536	1.60197	0.912516	0.0	3.2242275	11.3963	2.35226	5.31287	0.0	5.51396	6.124	0.0	3.10255	0.0	0.0	4.97828	2.79838	0.0	0.0	0.0	0.0	0.0	0.0	0.0	0.0	0.0	1.4803	2.676715	0.0	0.0	0.0	0.0	3.427	0.0	0.0	29.42356666666667	30.3766	1.563669925925926	0.40556300000000006	16.0374625	0.0	1.50058	0.0	3.69062	27.1524	13.343	0.0	0.0	0.0	0.0	4.68425	0.0	8.49654	0.0	10.0985	0.0	0.0	0.0	0.0	4.19081	1.41947	4.98842	57.7116	11.5484	0.0	86.16178	5.85784375	1.84531	1.4803	0.0	3.5283949999999997	2.1900399999999998	1.27752	1.09502	1.62225	0.0	0.0	0.0	5.451436666666667	33.5806	10.5649	45.7272	0.770569	0.0	10.22919	13.64042	0.0	0.0	0.0	0.0	0.0	31.715	0.0	0.0	0.0	0.0	0.0	0.0	0.0	0.0	0.0	3.02144	4.29896	2.69699	0.0	0.0	0.0	0.0	6.28622	2.55504	0.0	0.0	0.0	0.0	0.0	5.1912	0.0	11.436866666666667	11.487549999999999	8.91224	0.304172	5.21148	0.0	0.0	0.0	0.0	0.0	0.223059	0.27375499999999997	0.334589	0.0	0.0	0.0	0.0	0.0	0.0	10.85895	4.81606	0.0	0.0	0.0	0.0	1.82503	0.0	3.00116	3.65006	3.08228	3.7127436363636366	7.879615384615385	1.66281	6.703950000000001	5.387223333333334	6.28622	0.0	13.8094	0.0	0.0	0.0	0.0	0.0	0.0	0.0	0.0	0.0	0.0	2.92005	1.41947	4.0759	2.27115	2.869355	4.52202	14.8233	14.78275	0.0	0.0	0.0	0.953072	1.92642	0.0	19.8726	4.11646	81.72595000000001	86.8107	7.259589999999999	2.63616	1.64253	0.0	0.0	0.0	0.0	0.0	0.0	0.0	0.0	7.30013	0.0	6.32678	0.0	0.0	0.0	0.0	1.17613	0.0	1.27752	1.034185	0.0	0.0	0.0	0.0	0.0	0.0	0.0	0.0	0.0	0.0	0.0	11.9844	11.4166	14.711783333333333	11.46727	0.0	0.0	12.248	2.19004	5.71843	0.0	100.336	4.27869	5.3737	0.0
N21_2_4	0.0	0.0	0.0	0.0	0.0	0.0	0.0	0.0	4.48422	0.0	0.0	0.0	0.0	0.0	0.0	0.0	0.0	0.0	0.0	116.63166666666666	109.2	13.86316	0.0	0.0	0.0	0.0	0.0	22.5948	0.0	0.0	25.16214	6.56843	12.8211	15.284210000000002	25.0737	0.0	28.8632	22.6106	6.90001	0.0	0.0	0.0	0.0	0.0	0.0	0.0	13.3263	24.88425	13.8316	0.0	0.0	24.252654545454547	0.0	0.0	0.0	0.0	0.0	2.8399324137931035	21.784246944444444	0.0	0.0	0.0	0.0	26.05265	65.8106	30.379	0.0	0.0	0.0	0.0	29.6211	0.0	74.7791	0.0	0.0	0.0	0.0	0.0	0.0	24.105266666666665	13.2632	31.0737	0.0	0.0	0.0	0.0	0.0	14.0211	17.0527	61.7054	26.33685	15.72635	2.4947399999999997	2.02106	0.0	0.0	0.0	0.0	48.64218333333333	0.0	0.0	0.0	0.0	0.0	47.30532857142857	63.4738	0.0	0.0	0.0	0.0	0.0	0.0	0.0	0.0	0.0	6.404222	33.1579	18.0632	33.6632	36.6316	49.8317	14.2105	14.2737	12.6316	0.0	0.0	1.51579	0.0	49.2632	9.60002	0.0	0.0	0.0	11.1158	0.0	42.5685	26.3369	0.0	0.0	0.0	0.0	0.0	0.0	0.0	26.52635	8.105276666666667	0.0	8.031591666666666	12.36634	1.073685	0.0	0.0	0.0	0.0	0.0	0.0	0.0	27.5369	0.0	0.0	13.9579	9.53686	35.8106	28.9895	7.83159	34.2316	22.7369	7.9464263636363635	11.812977692307694	2.58948	47.962180000000004	45.4106	0.0	0.0	0.0	0.0	0.0	0.0	0.0	0.0	0.0	0.0	0.0	0.0	0.0	0.0	13.6421	16.3579	10.04213	14.412655999999998	44.7159	0.0	0.0	0.0	9.063175	11.2421	0.0	2.71579	0.0	0.0	0.0	94.4211	0.0	7.0737	20.3369	6.3158	0.0	0.0	77.3685	0.0	0.0	0.0	0.0	0.0	74.4001	0.0	32.6527	0.0	0.0	0.0	0.0	0.0	0.0	13.2316	7.200010000000001	0.0	0.0	24.724995652173913	20.11825384615385	0.0	0.0	0.0	0.0	0.0	0.0	2.613165	0.0	0.0	0.0	0.0	0.0	0.0	58.0422	10.1053	34.5474	0.0	0.0	33.979	39.2211	0.0
N21_2_3	0.0	0.0	0.0	0.0	0.0	0.0	0.0	0.0	0.0	0.0	0.0	0.0	0.0	0.0	0.0	0.0	0.0	0.0	0.0	123.731	131.516	13.83192	7.1427	0.0	0.0	0.0	0.0	34.0696	0.0	0.0	34.171580000000006	5.89557	12.1313	26.6434	31.7454	0.0	35.1466	25.8498	7.0576725	0.0	0.0	0.0	0.0	0.0	0.0	0.0	15.7593	25.282925	21.2014	0.0	0.0	30.951718181818183	0.0	0.0	0.0	0.0	0.0	0.0	29.68838942857143	0.0	0.0	0.0	0.0	29.76125	0.0	0.0	0.0	0.0	0.0	0.0	30.8383	0.0	85.4857	0.0	0.0	0.0	0.0	0.0	0.0	32.19886666666667	14.6255	30.1581	0.0	0.0	0.0	0.0	0.0	13.6052	17.2332	79.1366	27.04025	17.7434	0.0	0.0	0.0	0.0	0.0	0.0	55.55436666666666	0.0	0.0	0.0	0.0	0.0	44.57307142857143	69.8965	0.0	0.0	0.0	0.0	0.0	0.0	0.0	0.0	0.0	5.646136	39.9084	21.6549	44.2167	43.5365	52.72	14.172	12.5848	13.1516	0.0	0.0	0.0	0.0	54.534	8.04972	0.0	0.0	0.0	10.3172	0.0	48.4117	33.446	0.0	0.0	0.0	0.0	0.0	0.0	0.0	36.450450000000004	10.997503333333334	0.0	13.094966666666666	14.648219999999998	0.0	0.0	0.0	0.0	0.0	0.0	0.0	0.0	34.2396	0.0	0.0	14.8523	12.1313	40.1352	28.9109	4.42167	31.9721	26.3033	0.0	0.0	0.0	51.49548	52.776650000000004	0.0	0.0	0.0	0.0	0.0	0.0	0.0	0.0	0.0	0.0	0.0	0.0	0.0	0.0	16.0994	16.5529	11.507715	16.575608	47.2779	0.0	0.0	0.0	12.30135	16.0994	0.0	0.0	0.0	0.0	0.0	61.4877	11.5644	6.46245	17.3466	5.89557	0.0	0.0	0.0	0.0	0.0	0.0	0.0	0.0	75.3952	0.0	36.5072	0.0	0.0	0.0	0.0	7.25608	0.0	14.342099999999999	7.59621	0.0	0.0	30.710178260869565	33.49832307692308	0.0	0.0	0.0	0.0	0.0	0.0	0.0	0.0	0.0	0.0	0.0	0.0	0.0	57.5951	15.5325	41.6091	0.0	0.0	34.353	45.5773	0.0
N22_1_2	0.0	0.0	0.0	0.0	0.0	0.0	0.0	0.0	0.0	0.0	2.36552	0.0	0.0	0.0	0.0	0.0	0.0	0.0	0.0	3.6627433333333332	3.33208	0.0	0.0	0.0	0.0	0.457843	0.0	3.9171	0.0	4.805229166666667	5.18888	0.0	1.17004	0.0	0.0	0.0	0.0	0.0	0.0	0.0	0.0	0.0	0.0	0.0	0.0	0.0	0.483278	1.11917	0.0	0.0	0.0	0.0	0.0	0.0	0.0	0.0	0.0	0.0	0.0	0.0	0.0	0.0	0.0	1.37353	6.86764	3.63731	0.0	0.0	0.0	0.0	1.29722	0.0	2.64531	0.0	0.0	0.0	0.0	0.0	0.0	1.1276533333333332	0.406971	1.4244	1.60245	0.610457	0.0	2.558834	4.2859162500000005	0.0	0.432407	0.0	1.437115	0.5850215000000001	0.38153599999999993	0.305228	0.0	0.0	0.0	0.0	1.7762566666666668	1.67876	0.661328	0.0	0.0	0.0	2.89649125	2.3485633333333333	0.0	0.0	0.0	0.0	0.0	0.0	0.0	0.0	0.0	0.0	0.0	0.0	0.0	0.0	0.0	1.01743	1.19548	0.0	0.0	0.0	0.0	0.0	1.52614	0.0	0.0	0.0	0.0	0.0	0.0	1.44984	0.0	0.0	0.0	0.0	0.0	0.0	0.0	0.0	0.0	0.0	0.0	0.0	0.0	0.0	0.0	0.0	0.0	0.0	0.0	0.0	0.0	1.22091	0.0	0.0	0.0	0.0	0.0	0.0	0.635893	1.19548	0.610457	1.11917	1.9738107999999999	0.3561	2.32991	1.30994	0.0	0.0	10.1743	0.0	0.0	0.0	0.0	0.0	0.0	0.0	0.0	0.0	0.0	0.0	0.0	0.941121	0.432407	0.813942	1.24635	0.0	0.0	0.0	0.0	0.0	0.0	0.381536	0.0	1.29722	0.0	10.26331	7.73245	0.330664	0.788507	0.432407	0.0	0.0	0.0	0.0	0.0	0.0	0.0	0.0	1.60245	0.0	0.0	0.0	0.0	0.0	0.0	0.432407	0.0	0.457843	0.317946	0.0	0.0	0.0	0.0	0.0	0.0	0.0	0.0	0.0	0.0	0.0	9.86905	9.3349	11.97315	9.563805	0.0	0.0	3.35751	0.457843	1.44984	0.0	5.62129	0.0	1.75506	0.0
N22_1_3	0.0	0.0	0.0	0.0	0.0	0.0	0.0	0.0	0.0	0.0	0.0	1.8135000000000001	0.0	0.0	0.0	0.0	0.0	0.0	0.0	13.040666666666667	9.96647	1.798	0.0	0.0	0.480499	4.63449	1.8135000000000001	0.0	0.0	0.294499	0.0	0.0	2.66599	0.0	0.0	1.43375	2.04599	1.5965	0.0	0.0	0.0	0.0	0.0	0.0	0.0	0.0	0.805998	2.309495	0.0	0.0	0.0	0.0	1.1935	0.0	0.0	7.062813333333334	7.25398	1.1836829	0.37303233333333335	3.9389275	0.0	0.0	0.0	3.61149	21.8549	10.1835	0.0	0.0	5.56449	0.0	3.76649	0.0	6.72698	0.0	4.60349	0.0	0.0	0.0	0.0	3.2653233333333334	1.2245	3.73549	8.47848	4.62674	0.0	9.142913333333333	0.0	1.302	1.3175	0.0	2.91399	1.68175	1.116	0.883498	0.0	0.0	0.0	0.0	4.637073333333333	42.7489	5.40949	22.5679	0.0	0.0	11.6792225	13.174953333333335	0.0	0.0	0.0	0.0	0.0	12.3225	0.0	0.0	0.0	0.0	0.0	0.0	0.0	0.0	0.0	2.29399	3.67349	2.47999	0.0	0.0	0.0	0.0	5.70398	2.13899	0.0	0.0	0.0	0.0	0.0	3.82849	0.0	4.848906666666667	4.88249	4.18499	0.309999	3.64249	0.0	0.0	0.0	0.0	0.0	0.0	0.2092495	0.263499	0.0	0.0	0.0	0.0	0.0	0.0	4.72749	6.261985	0.0	0.0	0.0	0.0	0.0	0.0	2.86749	2.96049	2.32499	3.0224899999999995	6.211903461538461	1.2245	6.094063333333334	5.76082	4.88249	0.0	0.0	0.0	0.0	0.0	0.0	0.0	0.0	0.0	0.0	0.0	0.0	2.29399	1.2865	3.48749	1.798	2.29399	3.75099	1.4105	1.4105	0.0	0.0	0.0	0.0	1.4415	0.0	8.49398	0.0	48.123525	87.5128	2.665994	2.55749	1.457	0.0	0.0	0.0	0.0	0.0	0.0	0.0	0.0	7.25398	0.0	4.83599	0.0	0.0	0.0	0.0	1.178	0.0	0.960997	0.7207479999999999	0.0	0.0	0.0	0.0	0.0	0.0	0.0	0.0	0.0	0.0	0.0	0.0	0.0	0.0	0.0	0.0	0.0	10.9895	2.12349	4.40199	0.0	28.7989	3.81299	3.58049	0.0
N22_2_2	0.0	0.0	0.0	0.0	0.0	0.0	0.0	0.0	0.0	0.0	2.74969	1.3065900000000001	0.0	0.0	0.0	0.0	0.0	0.0	0.0	2.6229299999999998	0.0	0.0	0.0	0.0	37.120775	0.7313	1.3065900000000001	4.146475	0.0	8.619593333333333	5.171758	0.0	0.848308	0.0	0.0	9.25826	0.0	0.0	0.0	0.0	0.0	0.0	0.0	0.0	0.0	0.0	0.0	1.02382	0.0	0.0	0.0	0.0	4.68032	0.0	0.0	45.545366666666666	47.359	0.5733392	0.0	2.5229825	0.0	17.8145	2.1939	0.0	5.99666	2.77894	0.0	0.0	2.16465	0.0	0.0	0.0	1.87213	0.0	4.88509	0.0	0.0	0.0	0.0	0.7313	0.0	0.848308	619.967	0.643544	0.0	1235.112	5.75167625	0.555788	0.0	0.0	0.7751779999999999	0.0	0.43878	0.0	6.02591	0.0	0.0	0.0	1.3309666666666666	36.214	10.0042	26.0343	3.18847	0.0	9.12297125	11.700793333333332	0.0	0.0	0.0	0.0	0.0	16.4396	0.0	0.0	0.0	0.0	0.0	0.0	0.0	0.0	0.0	0.0	0.0	0.0	0.0	0.0	0.0	0.0	3.45174	0.0	0.0	0.0	0.0	0.0	0.0	0.0	0.0	12.193183333333332	12.205375	9.58003	0.0	0.0	0.0	0.0	0.0	0.0	0.0	0.0	0.0	0.0	0.0	0.0	0.0	0.0	0.0	0.0	6.5232	5.67489	0.0	0.0	0.0	0.0	0.0	0.0	0.0	0.0	0.672796	0.87756	1.854251111111111	0.351024	2.4669183333333335	2.7935675	0.0	0.0	15.3866	0.0	0.0	0.0	0.0	0.0	0.0	0.0	0.0	0.0	0.0	1.34559	0.0	0.0	0.848308	0.0	2.1939	108.10050000000001	107.47200000000001	0.29252	0.0	0.0	7.16674	0.43878	0.0	15.0355	0.0	76.45884	86.937	4.885083	2.89595	0.0	0.0	0.0	0.0	0.0	0.0	0.0	0.0	0.0	1.95988	0.0	0.0	0.0	0.0	0.0	0.0	0.0	0.0	0.0	0.468032	0.0	0.0	0.0	0.0	0.0	0.0	0.0	0.0	0.0	0.0	0.0	12.6369	11.2913	14.834011111111112	10.837869999999999	0.0	0.0	12.6076	0.43878	51.9223	0.0	76.494	0.0	1.19933	0.0
N22_2_3	0.0	0.0	0.0	0.0	0.0	0.0	0.0	0.0	0.0	0.0	1.46548	0.0	0.0	0.0	0.0	0.0	0.0	0.0	0.0	86.33833333333332	86.5254	17.118005	6.04898	0.0	0.592426	0.530065	0.0	1.83964	0.0	5.170733333333334	2.4071179999999996	8.16924	9.9777	0.0	23.7594	0.0	25.7549	20.6726	6.314015	0.0	0.0	0.0	0.0	0.0	0.0	0.0	10.196	16.790625	11.8485	0.0	0.0	18.67419090909091	0.0	0.0	0.0	0.0	0.0	2.1781685714285715	0.0	0.0	0.0	0.280623	0.0	21.888599999999997	55.5633	20.7349	0.0	0.0	0.0	0.0	28.2182	0.0	66.7883	0.0	0.374164	0.0	0.0	0.0	0.0	19.841066666666666	11.4432	24.1024	1.40311	0.0	0.0	0.0	1.9526675	16.3073	13.0022	51.1981	20.54785	14.2806	3.0192933333333336	2.58797	0.0	0.0	0.810688	0.0	36.56933333333333	4.20934	0.779508	0.0	0.0	0.0	28.273614444444444	33.71631333333333	0.0	0.0	0.0	0.0	0.0	0.0	0.0	0.0	0.0	8.044522	0.0	0.0	0.0	0.0	0.0	11.2561	13.4387	10.2271	0.0	0.0	0.0	0.0	39.4743	7.23384	0.0	0.0	0.0	10.2271	0.0	34.8596	21.8574	0.0	0.0	0.0	0.0	0.0	0.0	0.0	0.0	0.0	0.0	0.0	0.0	1.24721	0.0	0.0	0.0	0.0	0.0	0.0	0.0	23.3541	0.0	0.0	10.0401	9.51	31.6792	25.2249	8.76167	32.1781	18.1469	5.436718181818182	10.609706923076923	3.05567	39.424400000000006	33.22265	0.0	0.0	6.23606	0.0	0.0	0.0	0.0	0.0	0.0	0.0	0.0	0.0	0.0	0.0	12.5033	12.1603	7.82626	10.869471999999998	38.4453	2.49443	2.49443	0.0	0.0	0.0	0.0	2.15144	0.0	0.561246	0.0	30.104596666666666	14.3429	2.9621325	12.7216	5.5501	0.0	0.0	56.2493	0.0	0.0	0.0	0.0	0.0	20.7037	0.0	24.3518	0.0	0.0	0.0	0.0	6.23606	2.71269	10.7728	9.073475	0.0	0.0	0.0	0.0	0.0	0.0	0.0	0.0	0.0	0.0	0.0	5.30065	5.11357	6.665660555555556	4.97326	0.0	0.0	44.5255	7.42092	32.3652	0.0	2.49443	6.1737	6.51669	0.0
N22_2_4	0.0	0.0	0.0	0.0	0.0	0.0	0.0	0.0	0.0	0.0	0.0	0.0	0.0	0.0	0.0	0.0	0.0	0.0	0.0	98.00779999999999	92.5478	16.05253	0.0	0.0	0.0	0.0	0.0	0.0	0.0	0.0	0.0	6.87966	9.33668	12.1213	20.9666	0.0	23.2598	18.8372	7.2618599999999995	0.0	1.47421	0.0	0.0	4.09503	0.0	0.0	10.3195	18.796174999999998	12.9403	0.0	0.0	17.452245454545455	0.0	0.0	0.0	0.0	0.0	3.87663	0.0	0.0	0.0	0.0	0.0	17.60865	68.6328	30.7947	0.0	0.0	0.0	0.0	26.6996	0.0	61.7531	0.0	0.0	0.0	0.0	0.0	0.0	21.02116666666667	10.9747	25.553	0.0	0.0	5.76815	0.0	0.0	13.1041	11.6299	47.6662	19.7381	13.5136	2.48432	0.0	0.0	0.0	0.0	0.0	36.9099	0.0	0.0	0.0	0.0	0.0	39.148514285714285	44.9635	0.0	0.0	0.0	0.0	0.0	0.0	0.0	0.0	0.0	6.4865319999999995	0.0	0.0	0.0	0.0	0.0	12.1213	11.3023	11.6299	0.0	0.0	0.0	0.0	40.1313	7.86246	0.0	0.0	0.0	11.1385	0.0	38.1657	18.1819	0.0	0.0	0.0	0.0	0.0	0.0	0.0	0.0	0.0	0.0	0.0	0.0	1.47421	0.0	0.0	0.0	0.0	0.0	0.0	0.0	22.9322	0.0	0.0	13.1041	11.4661	31.9413	25.7168	8.68147	31.9413	15.7249	5.40544	12.337516	3.76743	40.68823999999999	33.6612	0.0	0.0	0.0	0.0	0.0	0.0	0.0	0.0	0.0	0.0	0.0	0.0	0.0	0.0	9.82808	13.2679	8.43577	11.7937	36.8553	0.0	0.0	0.0	0.0	0.0	0.0	2.94842	0.0	0.0	0.0	80.26275	0.0	5.56925	13.9231	5.24164	0.0	3.11223	0.0	0.0	0.0	0.0	0.0	0.0	20.8028	0.0	27.6824	0.0	0.0	0.0	0.0	0.0	0.0	9.58238	7.289160000000001	0.0	0.0	0.0	0.0	0.0	0.0	0.0	0.0	0.0	0.0	9.21967857142857	0.0	0.0	0.0	0.0	0.0	0.0	53.563	6.22445	29.3204	0.0	0.0	0.0	8.02627	0.0
N22_1_4	0.0	0.0	0.0	0.0	0.0	0.0	0.0	0.0	0.0	0.0	0.0	0.0	0.0	0.0	0.0	0.0	0.0	0.0	0.0	175.956	131.911	19.9705	0.0	0.0	0.0	0.0	0.0	0.0	0.0	0.0	0.0	0.0	33.6096	0.0	0.0	0.0	26.9027	21.3469	0.0	0.0	0.0	0.0	0.0	0.0	0.0	0.0	15.8663	29.768100000000004	0.0	0.0	0.0	0.0	0.0	0.0	0.0	0.0	0.0	16.405921875	0.0	0.0	0.0	0.0	0.0	53.3298	404.516	178.383	0.0	0.0	0.0	0.0	42.8691	0.0	89.2668	0.0	0.0	0.0	0.0	0.0	0.0	39.815933333333334	14.64	53.3298	0.0	0.0	0.0	0.0	0.0	18.3188	18.0686	0.0	39.72835	22.32295	13.964383333333332	12.0123	0.0	0.0	4.32945	0.0	63.23585	2.6277	0.0	0.0	0.0	0.0	79.06342857142856	79.44415000000001	0.0	0.0	0.0	0.0	0.0	0.0	0.0	0.0	0.0	0.0	0.0	0.0	0.0	0.0	0.0	36.4375	44.6209	29.8056	0.0	0.0	0.0	0.0	72.8249	25.8766	0.0	0.0	0.0	0.0	0.0	60.6874	0.0	0.0	0.0	0.0	0.0	0.0	0.0	0.0	0.0	0.0	0.0	0.0	0.0	3.616215	0.0	0.0	0.0	0.0	0.0	0.0	0.0	40.5417	0.0	0.0	0.0	0.0	27.4032	0.0	41.8931	50.7772	29.9558	38.35304545454546	92.54898076923077	15.3157	70.62764	49.8137	0.0	0.0	0.0	0.0	0.0	0.0	0.0	0.0	0.0	0.0	0.0	0.0	0.0	0.0	18.3689	51.2277	25.7014	30.13095	56.6833	0.0	0.0	0.0	0.0	0.0	0.0	18.0686	0.0	0.0	0.0	70.290975	0.0	8.10834	20.6712	17.9685	0.0	0.0	120.349	0.0	0.0	0.0	0.0	0.0	106.509	0.0	56.8585	0.0	0.0	0.0	0.0	15.7412	0.0	10.9112	12.4878	0.0	0.0	0.0	0.0	0.0	0.0	0.0	0.0	0.0	0.0	0.0	0.0	0.0	0.0	0.0	0.0	0.0	82.9853	17.4429	48.9253	0.0	0.0	50.2767	55.457	0.0
N23_2_2	0.0	1.18036	0.0	0.0	0.0	0.0	0.0	0.0	0.0	0.0	9.40601	1.89965	0.0	0.0	0.0	0.0	0.0	0.0	0.0	8.311716666666667	6.28912	0.977488	0.0	0.0	12.541375	0.0	1.89965	22.122574999999998	0.0	25.37166666666667	26.0417	0.0	1.69677	3.0677133333333333	3.98372	3.10767	4.27881	3.55953	0.8483856666666666	1.08815	0.636289	0.0	0.995931	1.32791	0.0	0.0	0.793056	2.3054	0.0	0.0	0.0	0.0	3.246	0.0	0.0	14.324166666666668	14.4594	0.6847023333333334	0.0	1.34635	0.0	6.16002	0.0	2.10252	0.0	0.0	6.8793	0.0	1.77054	0.0	2.25007	0.0	4.42636	0.0	1.8812	0.0	0.0	0.0	0.0	2.3176900000000002	0.70084	2.45294	9.3138	0.0	0.0	20.395699999999998	27.355825	1.18036	0.866829	0.0	1.9273099999999999	1.12503	0.571738	0.534852	0.737727	0.0	0.0	0.0	3.485758333333333	8.7605	1.43857	4.37103	1.8812	0.0	9.050062	5.508356666666667	0.1014374	0.0	0.0	0.0	0.0	4.1866	0.0	0.0	0.0	0.0	0.0	0.0	0.0	0.0	0.0	1.89965	0.0	1.65988	0.0	0.0	0.0	0.0	4.14971	1.77054	0.0	0.0	0.0	0.0	1.78899	2.80336	0.0	6.372108333333333	6.376720000000001	5.4038450000000005	0.0	2.8218	0.0	0.0	0.0	0.0	0.0	0.0	0.0	0.239761	0.682397	0.0	0.0	0.0	0.0	0.0	6.04936	2.176295	0.0	0.0	0.0	0.0	0.0	0.0	1.8812	2.41605	1.8812	1.91809	3.9483132	1.14348	3.5072766666666664	2.73881	0.0	0.0	51.0876	0.0	0.0	0.0	4.37103	2.23162	1.23569	2.65582	0.885272	1.97342	3.13534	0.719283	1.0697	2.3054	1.14348	1.45701	2.95091	29.1955	29.1402	0.442636	0.8207205	1.05126	3.85462	0.959045	0.0	1.73366	0.0	25.01632	28.4394	0.70084	3.3751	0.774613	0.0	0.0	0.0	0.0	0.0	0.0	0.0	0.0	0.0	0.0	10.3097	3.52264	2.91402	1.01437	5.18253	2.50827	3.78085	0.0	0.516409	0.0	0.0	1.4185165217391305	0.0	0.0	0.0	0.0	0.0	0.0	0.0	0.0	43.5812	39.9663	50.95642222222222	40.16	0.0	0.0	16.4329	0.848386	3.743965	0.0	5.14564	3.15378	2.61893	0.0
N23_2_3	0.0	4.70011	0.0	0.0	0.0	0.0	0.0	0.0	0.0	0.0	5.5651	6.186916666666666	0.0	0.0	0.0	0.0	0.0	0.0	0.0	26.066895	25.2201	4.39789	0.0	0.0	7.1309375	2.19895	6.186916666666666	12.2427	0.0	15.963208333333332	16.20342	0.0	6.28419	10.282603333333334	14.6006	4.39268	15.4135	12.5267	3.987976666666667	0.0	2.04262	0.0	3.92892	4.75222	0.0	0.0	3.19941	6.6281	0.0	0.0	0.0	0.0	3.83513	0.0	0.0	20.023233333333334	20.3428	2.069933448275862	0.28138164285714284	8.222596249999999	0.0	2.66791	0.323068	10.2652	0.0	0.0	17.0392	0.0	3.14731	0.0	7.4514	0.0	16.0388	0.0	3.98103	0.0	0.0	0.0	0.0	6.67326	3.51206	8.18091	7.39929	1.5475949999999998	0.0	15.632280000000002	14.9197375	3.9185	3.7726	0.0	6.054915	4.14256	2.51159	2.34485	0.969203	0.0	0.7711939999999999	0.0	11.908349999999999	11.7555	2.4178	6.76358	2.42822	0.0	15.6624	13.690466666666666	0.10942635	0.0	0.0	0.0	0.0	7.86826	0.0	0.0	0.0	0.0	0.0	0.0	0.0	0.0	0.0	6.94075	0.0	5.36709	0.0	0.0	0.0	0.0	15.8303	5.09613	0.0	0.0	0.0	0.0	2.06347	10.5466	0.0	8.939941666666666	8.96252	7.946425	0.656557	5.92986	0.0	0.0	0.0	0.0	0.0	0.0	0.0	1.115105	0.5975015	0.0	0.0	0.7044964	0.0	0.0	17.7062	6.466564999999999	0.0	0.0	0.0	0.0	5.37751	0.0	7.64941	8.2226	4.75222	6.283242727272727	16.76158	3.01183	12.06294	7.711939999999999	4.92939	0.0	32.213	0.0	0.0	0.0	14.413	7.18044	3.52248	8.86873	3.01183	5.39836	12.954	1.53197	4.14777	8.5144	3.92892	5.309775	10.2027	27.1377	27.12205	0.27096	2.240635	2.93887	3.25152	3.65796	0.0	2.8555	0.719086	27.59208	31.744	1.47465	4.40831	3.93934	0.0	0.0	23.709	0.0	0.0	0.0	0.0	0.0	0.0	0.0	36.8193	12.2349	10.9322	3.26194	17.998	8.54566	14.4964	2.60539	2.40738	0.0	0.0	5.740456956521739	0.0	0.0	0.0	0.0	0.0	0.0	0.0	0.479391	27.4503	25.1993	32.08561666666667	25.79335	0.0	0.0	23.1567	2.67834	6.727105	0.0	7.21171	9.03548	11.0468	0.0
N23_2_4	0.0	15.2782	0.0	0.0	0.0	0.0	0.0	0.0	0.0	0.0	0.0	0.0	0.0	0.0	0.0	0.0	0.0	0.0	0.0	103.17733333333332	75.1609	17.5005	6.46844	0.0	0.0	0.0	0.0	0.0	0.0	0.0	0.0	0.0	20.4768	38.09636666666666	50.6761	0.0	57.2239	47.1839	15.4171	0.0	7.50022	0.0	12.6591	15.3179	0.0	0.0	10.8733	22.2229	0.0	0.0	0.0	0.0	0.0	0.0	0.0	0.0	0.0	11.304015882352942	0.0	0.0	0.0	0.0	0.0	34.247	0.0	0.0	81.1135	0.0	0.0	0.0	25.9928	0.0	57.8588	0.0	0.952409	0.0	0.0	0.0	0.0	23.056233333333335	11.9448	32.8978	0.0	0.0	0.0	0.0	0.0	13.6115	14.4449	0.0	26.469	11.1908	11.964616666666666	9.7225	0.0	0.0	3.09533	0.0	40.66255	3.49216	0.0	0.0	0.0	0.0	51.42438571428571	35.68889	0.0	0.0	0.0	0.0	0.0	0.0	0.0	0.0	0.0	0.0	0.0	0.0	0.0	0.0	0.0	23.7308	0.0	19.9609	0.0	0.0	0.0	0.0	48.7713	18.8498	0.0	0.0	0.0	0.0	0.0	40.4774	0.0	0.0	0.0	0.0	0.0	0.0	0.0	0.0	0.0	0.0	0.0	0.0	0.0	2.71833	0.0	0.0	0.0	0.0	0.0	0.0	0.0	21.9451	0.0	0.0	0.0	0.0	20.6355	0.0	30.0009	33.6915	20.1593	29.896245454545454	58.29993076923077	13.929	47.033120000000004	36.528850000000006	0.0	0.0	0.0	0.0	0.0	0.0	59.4462	29.5644	11.1908	98.9711	11.3099	24.2071	53.1365	0.0	12.0638	38.4138	19.8815	22.084	47.303	2.02387	2.02387	0.0	10.63525	13.0163	0.0	14.0083	0.0	0.0	0.0	45.5567725	9.52409	6.38907	16.429	14.048	0.0	0.0	66.5892	0.0	0.0	0.0	0.0	0.0	0.0	0.0	112.979	41.271	41.5091	10.8733	68.2163	28.2151	59.1287	0.0	9.52409	0.0	0.0	22.583478260869562	0.0	0.0	0.0	0.0	0.0	0.0	0.0	0.0	0.0	0.0	0.0	0.0	0.0	0.0	54.327	8.45263	27.3817	0.0	0.0	36.7074	42.3425	0.0
N23_1_4	0.0	0.0	0.0	0.0	0.0	0.0	0.0	0.0	0.0	0.0	0.0	15.9326	0.0	0.0	0.0	0.0	0.0	0.0	19.6669	64.5396	0.0	0.0	0.0	0.0	0.0	0.0	15.9326	0.0	0.0	0.0	0.0	0.0	0.0	0.0	0.0	47.922399999999996	0.0	0.0	0.0	0.0	0.0	0.0	0.0	0.0	0.0	24.5213	0.0	0.0	0.0	0.0	0.0	0.0	5.04119	0.0	0.0	45.764833333333335	48.1091	0.0	0.0	31.740812499999997	0.0	0.0	7.84185	0.0	0.0	0.0	0.0	0.0	17.9865	0.0	0.0	0.0	0.0	0.0	29.0024	0.0	0.0	0.0	0.0	0.0	0.0	0.0	0.0	0.0	11.673864285714286	107.3794	0.0	0.0	0.0	0.0	0.0	11.4516	0.0	0.0	12.22955	1.74263	0.0	0.0	0.0	124.66	24.7703	87.8162	33.8569	0.0	80.0364	90.0569	1.058028	4.79224	5.35237	5.72579	6.22369	82.0904	0.0	0.0	0.0	0.0	0.0	0.0	0.0	0.0	0.0	0.0	0.0	0.0	0.0	0.0	0.0	39.3959	0.0	0.0	0.0	4.35658	4.60553	0.0	0.0	0.0	0.0	55.56713333333334	55.79535	41.8232	3.29855	36.5953	0.0	11.1715	0.0	0.0	0.0	0.0	0.0	0.0	31.460733333333334	22.2808	45.9931	60.46934	0.0	0.0	57.6002	36.5953	14.3767	0.0	0.0	0.0	0.0	0.0	0.0	0.0	0.0	0.0	0.0	0.0	48.0469	56.4488	50.3496	0.0	0.0	0.0	10.1446	0.0	0.0	0.0	0.0	0.0	0.0	0.0	0.0	12.074	0.0	0.0	0.0	0.0	0.0	133.716	132.84449999999998	0.0	0.0	0.0	6.03698	0.0	0.0	19.3557	0.0	207.22799999999998	189.4495	16.3061	0.0	0.0	0.0	0.0	0.0	0.0	0.0	0.0	2.55171	0.0	0.0	0.0	0.0	0.0	0.0	0.0	0.0	0.0	0.0	0.0	0.0	2.61395	0.0	0.0	0.0	0.0	0.0	14.024033333333334	0.0	0.0	0.0	34.385864285714284	0.0	0.0	0.0	0.0	0.0	0.0	0.0	0.0	60.5565	0.0	61.6767	0.0	0.0	0.0
N24_1_2	0.0	0.0	0.0	0.0	0.0	0.0	0.0	0.0	0.0	0.0	0.249659	0.0	0.0	0.0	0.0	0.0	0.0	0.0	0.0	0.0	0.0	0.0	0.0	0.0	0.4837135	0.0	0.0	0.436903	0.0	1.1251987499999998	0.457707	0.0	0.0	0.0	0.0	0.0	0.0	0.0	0.0	0.0	0.0	0.0	0.0	0.0	0.0	0.89461	0.0	0.0	0.0	0.0	0.0	0.0	0.0	0.0	0.0	0.0	0.0	0.0	0.0	0.0	0.0	0.0	0.0	0.0	0.0	0.0	0.0	0.0	0.0	0.0	0.0	0.0	0.0	0.0	0.0	0.0	0.0	0.0	0.0	0.0	0.0	0.0	0.0	0.0	0.0	0.0	0.478512	0.0	0.0	0.0	0.0	0.603342	0.0	0.0	0.0	0.0	0.0	0.0	0.0	3.70327	1.20668	2.80866	0.0	0.0	2.454975	2.41337	0.0	0.0	0.0	0.0	0.0	1.81002	0.0	0.0	0.0	0.0	0.0	0.0	0.0	0.0	0.0	0.0	0.0	0.0	0.0	0.0	0.0	0.0	0.0	0.0	0.0	0.0	0.0	0.0	0.0	0.0	0.0	0.0	0.0	0.0	0.0	0.0	0.0	0.0	0.0	0.0	0.0	0.0	0.0	0.0	0.7073659999999999	0.0	0.0	0.0	0.0	0.0	0.0	0.853	0.0	0.0	0.0	0.0	0.0	0.0	0.0	0.0	0.0	0.0	0.0	0.0	0.0	0.0	0.0	0.0	1.95566	0.0	0.0	0.0	0.0	0.0	0.0	0.0	0.0	0.0	0.0	0.0	0.0	0.0	0.0	0.0	0.0	2.01807	2.028475	0.0	0.0	0.0	0.0	0.0	0.0	0.665756	0.0	8.155529999999999	7.71861	0.769781	0.0	0.0	0.0	0.0	0.0	0.0	0.0	0.0	0.0	0.0	0.0	0.0	0.0	0.0	0.0	0.0	0.0	0.0	0.0	0.0	0.0	0.0	0.0	0.0	0.0	0.0	0.0	0.0	0.0	0.0	0.0	0.0	1.47715	1.22749	1.6805744444444446	1.51876	0.0	0.0	0.0	0.0	2.68383	0.0	3.37039	0.0	0.0	0.0
N24_1_3	0.0	0.0	0.0	0.0	0.0	0.0	0.0	0.0	0.0	0.0	0.282651	0.0	0.0	0.0	0.0	0.0	0.0	0.0	0.0	5.386073333333333	3.74513	0.753736	0.0	0.0	0.0	0.0	0.0	0.706627	0.0	1.7096416666666665	0.706627	0.0	0.824399	0.0	0.871507	0.0	0.895061	0.989278	0.518193	0.0	0.0	0.0	0.0	0.0	0.0	0.0	0.61241	0.0	0.0	0.0	0.0	0.0	0.0	0.0	0.0	0.0	0.0	0.0	0.0	0.0	0.0	0.0	0.0	1.20127	12.5309	4.33398	0.0	0.0	0.0	0.0	0.706627	0.0	2.2141	0.0	0.0	0.0	0.0	0.0	0.0	0.8793586666666666	0.565302	0.77729	0.0	0.0	0.0	0.0	0.721348875	0.683073	0.565302	0.0	0.7184045	0.0	0.565302	0.541748	0.0	0.0	0.0	0.0	1.3818516666666667	0.0	0.353314	0.0	0.0	0.0	1.72535	2.01389	0.0	0.0	0.0	0.0	0.0	0.0	0.518193	0.0	2.028281111111111	0.0	0.0	0.0	0.0	0.0	0.0	0.871507	0.0	0.730182	0.0	0.0	0.0	0.0	1.79012	0.518193	0.0	0.0	0.0	0.0	0.0	1.36615	0.0	0.0	0.0	0.0	0.0	0.0	0.0	0.0	0.0	0.0	0.0	0.0	0.0	0.270874	0.6124105000000001	0.0	0.0	0.0	0.0	0.0	0.0	1.20127	0.0	0.0	0.0	0.0	0.0	0.0	0.918616	0.918616	0.659519	0.706627	1.539216956521739	0.0	1.620532	1.319035	0.0	0.0	1.86079	0.0	0.0	0.0	0.0	0.0	0.0	0.0	0.0	0.0	0.0	0.0	0.565302	0.965724	0.0	0.0	1.69591	1.29548	1.29548	0.0	0.0	0.0	0.0	0.376868	0.0	0.376868	0.0	3.23871	0.0	0.235542	0.659519	0.353314	0.0	0.0	0.0	0.0	0.0	0.0	0.0	0.0	0.0	0.0	0.0	0.0	0.0	0.0	0.0	0.353314	0.0	0.400422	0.7301815	0.0	0.0	0.0	0.0	0.0	0.0	0.0	0.0	0.0	0.0	0.0	1.46036	0.0	1.6645016666666668	1.41325	0.0	0.0	2.56741	0.353314	1.22482	0.0	2.28476	1.48392	1.36615	0.0
N24_1_4	4.19133	5.23916	3.47439	15.552	4.41192	3.94316	6.56274	6.48001	0.0	0.0	0.0	0.0	0.0	0.0	0.0	0.0	0.0	0.0	16.9859	128.80066666666667	92.3195	12.767	8.27236	0.0	0.0	0.0	0.0	0.0	0.0	0.0	0.0	0.0	22.7214	14.669666666666666	35.902	2.8401750000000003	36.619	36.2329	9.1892175	0.0	2.412775	0.0	4.49465	5.57006	4.93584	0.0	15.552	15.3728	0.0	0.0	0.0	0.0	0.0	0.0	0.0	0.0	0.0	4.351260333333333	0.0	0.85481	0.0	0.0	0.0	37.6668	208.215	83.6335	26.637	0.0	0.0	0.0	27.8503	14.0079	58.651	0.0	1.32358	0.0	0.0	0.0	0.0	23.851966666666666	10.4507	32.1519	0.0	0.0	12.619292857142856	3.2464406666666665	0.0	16.7377	14.4766	0.0	21.080750000000002	13.0703	11.1907	10.0647	0.0	0.0	0.0	0.0	40.957366666666665	15.6072	1.04783	3.19865	1.32358	0.0	49.87925777777778	40.1623	0.0	0.0	0.0	0.0	0.0	3.63984	13.6218	35.7366	36.13488888888889	0.0	0.0	0.0	0.0	0.0	0.0	23.9071	17.1514	23.9623	0.0	0.0	0.0	0.0	53.3843	19.964	0.0	0.0	0.0	0.0	0.0	46.987	0.0	2.8585583333333333	2.86775	2.15081	0.0	1.79234	0.0	0.0	0.0	0.0	0.0	0.0	0.0	3.901795	2.7942183333333332	0.0	43.0438	4.163752000000001	0.0	0.0	0.0	13.938925	14.2836	0.0	8.43781	0.0	17.951	0.0	27.8227	35.1851	19.4125	15.258736363636364	32.842368	4.41192	48.33264	26.949496666666665	0.0	0.0	0.0	0.0	0.0	0.0	18.4198	9.76138	3.72256	21.6184	3.00562	8.6584	16.6826	0.0	15.8278	34.2751	16.5999	17.46845	39.3764	8.5481	8.56189	0.0	0.0	0.0	0.0	12.2707	0.0	1.1857	0.0	73.93824	72.46585	4.260265	17.4271	13.0703	0.0	0.0	85.8671	0.0	0.0	0.0	0.0	0.0	0.0	0.0	68.247	15.7726	13.69075	3.11592	24.1277	21.2048	20.0743	7.66572	10.726500000000001	0.0	0.0	0.0	0.0	7.83117	4.60495	0.0	0.0	0.0	0.0	27.107145000000003	0.0	0.0	0.0	0.0	0.0	0.0	73.8722	11.278	18.36464	0.0	2.53686	24.9274	27.7124	0.0
N24_2_4	0.0	1.03882	0.0	0.0	0.0	0.0	0.0	0.0	0.0	0.0	0.0	0.0	0.0	0.0	0.0	0.0	0.0	0.0	0.0	108.25766666666668	82.3501	9.06606	0.0	0.0	0.0	0.0	0.0	0.0	0.0	0.0	0.0	0.0	23.7984	0.0	23.7984	0.0	23.704	27.2926	10.60853	0.0	0.0	0.0	0.0	1.03882	1.88876	0.0	13.3158	15.251750000000001	0.0	0.0	0.0	0.0	0.0	0.0	0.0	0.0	0.0	0.0	0.0	0.0	0.0	0.0	0.0	27.1038	264.616	125.981	0.0	0.0	0.0	0.0	27.1982	0.0	63.1791	0.0	0.0	0.0	0.0	0.0	0.0	24.427999999999997	13.5047	38.8141	0.0	0.0	1.6661614285714283	0.0	0.0	12.4658	12.1825	0.0	26.017699999999998	15.299	14.779583333333335	12.7492	0.0	0.0	0.0	0.0	38.43633333333333	0.0	0.0	0.0	0.0	0.0	46.546192500000004	39.88439666666667	0.0	0.0	0.0	0.0	0.0	0.0	13.8824	46.4636	46.77836666666666	0.0	0.0	0.0	0.0	0.0	0.0	21.5319	0.0	24.5539	0.0	0.0	0.0	0.0	48.6357	15.8656	0.0	0.0	0.0	0.0	0.0	39.7585	0.0	0.0	0.0	0.0	0.0	0.0	0.0	0.0	0.0	0.0	0.0	0.0	0.0	3.02202	0.0	0.0	0.0	0.0	0.0	0.0	0.0	26.4427	0.0	0.0	0.0	0.0	15.5823	0.0	22.193	27.1038	18.6043	20.295609090909092	41.96076	7.83837	49.976659999999995	37.350300000000004	0.0	0.0	0.0	0.0	0.0	0.0	0.0	0.0	0.0	2.36095	0.0	0.0	0.0	0.0	16.2434	23.9873	13.6935	12.8908	36.642	0.0	0.0	0.0	0.0	0.0	0.0	11.6159	0.0	0.0	0.0	65.77625	17.4711	7.36618	17.5655	11.8048	0.0	0.0	71.8674	0.0	0.0	0.0	0.0	0.0	0.0	0.0	35.3199	0.0	3.1636800000000003	0.0	0.0	11.5215	3.49421	6.79955	13.079699999999999	0.0	0.0	0.0	0.0	8.21612	5.9496	0.0	0.0	0.0	0.0	3.9664	0.0	0.0	0.0	0.0	0.0	0.0	56.7573	9.44382	33.7144	0.0	0.0	28.5203	38.153	0.0
N24_2_3	0.498289	0.306639	0.249144	0.996578	0.344969	0.0	0.594114	0.364134	0.0	0.0	6.49692	0.0	0.0	0.0	0.0	0.0	0.0	0.0	0.0	121.54433333333334	88.5613	10.0233	0.0	0.0	2.735795	0.0	0.0	14.253924999999999	0.0	16.330158333333333	16.3285	0.0	24.5886	1.3096066666666666	26.9268	2.5681	25.9685	29.9357	8.327175	0.0	0.0	0.0	0.421629	0.344969	0.0	0.0	16.3477	16.545733333333335	0.0	0.0	0.0	0.0	0.555784	0.0	0.0	3.4177500000000003	3.43053	0.3136080909090909	0.424024625	1.52121875	0.0	1.72485	0.632444	38.3107	216.832	103.337	2.43395	0.0	2.376455	0.0	28.345	0.0	56.9391	0.0	1.49487	0.996578	0.7857629999999999	0.0	0.0	25.6938	10.8282	31.4114	0.440794	0.0	2.7939742857142855	0.8202599999999999	16.1943875	15.3128	14.8912	0.0	19.2416	15.8303	10.924	9.96578	0.881588	0.0	0.0	0.0	42.418416666666666	9.56331	1.0924	4.13963	2.08898	8.79671	41.093152727272724	40.144193333333334	0.0	0.0	0.0	0.0	0.0	4.69541	21.7906	51.5729	58.3871	0.0	0.0	0.0	0.0	0.0	0.0	26.4668	12.2081	21.3306	2.43395	1.9548299999999998	3.58385	0.0	54.7543	20.5257	3.79466	0.0	0.0	0.0	0.939083	42.6037	0.0	4.784846666666666	4.8104	3.90965	0.210815	2.49144	0.0	0.0	0.0	0.0	0.0	0.0	0.172485	3.344285	3.759525	0.0	0.0	3.763996	0.0	0.0	0.977413	14.92952	0.0	0.0	8.79671	0.0	11.3265	0.0	22.653	26.3518	18.4942	19.78170909090909	60.123540000000006	8.27926	41.945706666666666	25.86628333333333	0.0	0.0	32.9829	0.0	0.0	0.0	1.20739	0.843258	0.268309	0.881588	0.383299	0.536619	1.16906	0.0	15.8303	29.3799	13.6263	16.5873	34.7269	11.1732	11.182749999999999	0.0	0.0	0.0	1.07324	13.128	0.0	1.18823	0.0	49.0751	34.564	3.97673	11.6906	12.0739	0.0	0.0	0.0	0.0	0.0	0.0	0.0	0.0	0.0	0.0	46.3984	2.60643	3.1718	0.325804	1.45654	12.2464	5.15537	8.56674	8.528405	0.0	0.0	0.0	0.0	11.6331	0.0	0.0	0.0	0.0	0.888774875	1.0878389523809524	29.1499	24.79945	33.478	26.20805	0.0	0.0	61.4237	11.0773	18.2738	0.0	5.07871	38.7132	39.3457	6.78439
N25_1_2	0.0	0.0	0.0	0.0	0.0	0.0	0.0	0.0	0.0	0.0	0.0	1.62488	0.0	0.0	0.0	0.0	0.0	0.0	0.0	0.0	0.0	0.0	0.0	0.0	10.9946775	5.28532	1.62488	0.571386	0.0	0.374972	0.42853899999999995	0.0	0.0	0.0	0.0	11.31165	0.0	0.0	0.0	0.0	0.0	0.0	0.0	0.0	0.0	0.0	0.0	0.0	0.0	0.0	0.0	0.0	4.83892	0.0	0.0	34.175999999999995	35.4616	0.0	0.4035413333333333	24.781625	0.0	6.60665	4.85678	0.0	0.0	0.0	0.0	0.0	4.69608	0.0	0.0	0.0	0.0	0.0	11.4991	0.0	0.0	0.0	0.0	0.0	0.0	0.0	48.8892	5.44602	0.0	79.61428666666667	0.4999625	0.0	0.0	0.0	0.0	0.0	0.0	0.0	5.74957	0.0	0.0	0.0	0.0	43.4253	13.4633	42.4075	2.10699	0.0	42.9432	35.3902	0.16963	0.0	0.0	0.0	0.0	32.1226	0.0	0.0	0.0	0.0	0.0	0.0	0.0	0.0	0.0	0.0	0.0	0.0	0.0	0.0	0.0	0.0	0.0	0.0	0.0	0.0	0.0	0.0	0.0	0.0	0.0	14.862	14.936399999999999	12.0527	0.24105300000000002	5.5353	0.9948232857142857	0.0	0.0	0.0	0.0	0.0	0.0	0.0	6.823891666666667	0.0	0.0	9.074318	0.0	0.464251	4.17826	7.96369	0.0	0.0	0.0	0.0	0.0	0.0	0.0	0.0	0.0	0.0	0.0	0.0	3.428315	7.41016	4.83892	2.955133333333333	0.999925	0.0	0.0	0.0	0.0	0.0	0.0	0.0	0.0	0.0	0.0	2.9105	0.0	0.0	1.16063	0.0	0.0	48.6214	48.5767	0.0	0.0	0.0	3.08905	0.0	0.0	25.7659	8.19582	70.927695	95.3143	15.1774	0.0	0.0	0.0	0.0	0.0	0.0	0.0	0.0	0.0	0.0	0.0	0.0	0.0	0.0	0.0	0.0	0.0	0.0	0.0	0.0	0.0	0.0	0.0	0.0	0.0	0.0	0.0	0.0	0.0	0.0	0.0	0.0	1.07135	0.0	1.206255	1.01778	0.0	0.0	0.0	0.0	19.9271	0.0	85.44	0.0	0.0	0.0
N25_1_3	0.0	0.0	0.0	0.0	0.0	0.0	0.0	0.0	0.0	0.0	0.451676	0.0	0.0	0.0	0.0	0.0	0.0	0.0	0.0	0.0	0.0	0.0	0.0	0.0	0.0	0.0	0.0	0.611091	0.0	0.8944955833333333	0.584522	0.0	0.0	0.0	0.0	0.0	0.0	0.0	0.0	0.0	0.0	0.0	0.0	0.0	0.0	0.0	0.0	0.0	0.0	0.0	0.0	0.0	0.0	0.0	0.0	0.0	0.0	0.0	0.0	0.0	0.0	0.265692	0.0	0.0	0.0	0.0	0.0	0.0	0.0	0.0	0.0	0.0	0.0	0.0	0.0	0.0	0.0	0.0	0.0	0.0	0.0	0.0	0.0	0.0	0.0	5.172133333333334	0.727331125	0.0	0.0	0.0	0.0	0.0	0.0	0.0	0.0	0.0	0.0	0.0	0.0	0.0	0.0	0.0	0.0	0.0	1.96612	0.0	0.0	0.0	0.0	0.0	0.0	0.0	0.0	0.0	0.0	0.0	0.0	0.0	0.0	0.0	0.0	0.0	0.0	0.0	0.0	0.0	0.0	0.0	0.0	0.0	0.0	0.0	0.0	0.0	0.0	0.0	0.0	0.0	0.0	0.0	0.0	0.0	0.0	0.0	0.0	0.0	0.0	0.0	0.0	0.0	0.0	0.0	0.0	0.0	0.0	0.0	0.0	0.0	0.0	0.0	0.0	0.0	0.0	0.0	0.0	0.0	0.0	0.0	0.0	0.0	0.0	0.0	0.0	0.0	2.09896	0.0	0.0	0.0	0.0	0.0	0.0	0.0	0.0	0.0	0.0	0.0	0.0	0.0	0.0	0.0	0.0	0.850213	0.850213	0.0	0.0	0.0	0.0	0.0	0.0	0.717368	0.0	2.8340433333333337	2.52407	0.0	0.0	0.0	0.0	0.0	0.0	0.0	0.0	0.0	0.0	0.0	0.0	0.0	0.0	0.0	0.0	0.0	0.0	0.0	0.0	0.0	0.0	0.0	0.0	0.0	0.0	0.0	0.0	0.0	0.0	0.0	0.0	0.0	1.91298	1.70043	2.132911111111111	1.91298	0.0	0.0	0.690798	0.0	0.717368	0.0	2.36466	0.0	0.0	0.0
N25_2_2	0.0	0.423024	0.211512	0.0	0.0	0.359571	0.0	0.0	0.0	0.0	17.0267	0.740293	0.0	0.0	0.0	0.0	0.0	0.0	0.0	13.170166666666667	9.36999	0.782595	0.0	0.0	0.0	0.571083	0.740293	28.607025	0.0	32.83195833333333	32.05678	0.0	3.21498	1.046985	3.68031	0.0	3.80722	4.16679	0.809034	0.0	0.338419	0.0	0.296117	0.253815	0.253815	0.0	2.05167	1.6180675	0.0	0.0	0.0	0.0	0.317268	0.0	0.0	2.05872	2.11512	0.0	0.6476301428571429	1.1686062499999998	0.0	0.0	0.0	3.57456	20.7282	9.64495	3.57456	0.0	0.0	0.0	4.69557	0.0	8.01631	0.0	0.69799	0.0	0.0	0.0	0.0	3.1515299999999997	1.31138	4.71672	1.56519	0.655688	0.0	3.0105233333333334	31.51265	1.60749	1.52289	0.0	2.686205	1.861305	1.7132499999999997	1.33253	0.317268	0.0	0.0	0.0	5.573345	6.38767	0.719141	0.0	0.0	0.0	12.764762	7.0786066666666665	0.0634536	0.0	0.0	0.0	0.0	1.7767	2.19973	6.0704	5.6168233333333335	0.0	0.0	0.0	0.0	0.0	0.0	3.36304	0.0	2.34778	0.0	0.0	0.0	0.0	7.00105	2.09397	0.0	0.0	0.0	0.274966	0.0	4.88593	0.0	0.0	0.0	0.0	0.0	0.0	0.0	0.0	0.0	0.0	0.0	0.0	0.0	0.105756	0.0	0.0	0.0	0.0	0.0	0.0	0.0	4.08218	0.0	0.0	0.0	0.0	1.6921	0.0	3.02462	2.62275	2.24203	2.0708972727272728	5.418940800000001	0.634536	6.8741460000000005	4.346575	0.0	0.0	67.3032	0.0	0.0	0.0	1.24792	0.507629	0.274966	0.52878	0.0	0.507629	1.07871	0.0	2.17858	2.89772	1.121015	1.62864	4.08218	1.54404	1.54404	0.951805	0.0	0.0	0.423024	1.20562	0.0	1.35368	0.655688	36.697375	28.9983	0.8989265	2.91887	1.48059	0.0	0.0	0.0	0.0	0.0	0.0	0.0	0.0	0.0	0.0	7.0222	1.43828	1.385405	0.0	1.35368	1.79785	1.24792	1.12101	0.920078	0.0	0.0	0.0	0.0	0.0	1.05756	0.0	0.0	0.0	0.0	0.0	57.0871	54.2952	68.84052631578948	51.185950000000005	0.0	0.0	14.7635	1.819	4.46291	0.0	4.06103	3.89182	4.69557	0.0
N25_2_3	0.0	0.0	0.0	0.0	0.0	0.0	0.0	0.0	0.0	0.0	0.0	0.0	0.0	0.0	0.0	0.0	0.0	0.0	0.0	0.0	0.0	0.0	0.0	0.0	0.0	0.0	0.0	0.0	0.0	0.0	0.0	0.0	0.0	0.0	0.0	0.0	0.0	0.0	0.0	0.0	0.0	0.0	0.0	0.0	0.0	0.0	0.0	0.0	0.0	0.0	0.0	0.0	0.0	0.0	0.0	0.0	0.0	0.0	0.0	0.0	0.0	0.0	0.0	0.0	0.0	0.0	0.0	0.0	0.0	0.0	0.0	0.0	0.0	0.0	0.0	0.0	0.0	0.0	0.0	0.0	0.0	0.0	0.0	0.0	0.0	0.0	0.0	0.0	0.0	0.0	0.0	0.0	0.0	0.0	0.0	0.0	0.0	0.0	0.0	0.0	0.0	0.0	0.0	0.0	0.0	0.0	0.0	0.0	0.0	0.0	0.0	0.0	0.0	0.0	0.0	0.0	0.0	0.0	0.0	0.0	0.0	0.0	0.0	0.0	0.0	0.0	0.0	0.0	0.0	0.0	0.0	0.0	0.0	0.0	0.0	0.0	0.0	0.0	0.0	0.0	0.0	0.0	0.0	0.0	0.0	0.0	0.0	0.0	0.0	0.0	0.0	0.0	0.0	0.0	0.0	0.0	0.0	0.0	0.0	0.0	0.0	0.0	0.0	0.0	0.0	0.0	0.0	0.0	0.0	0.0	0.0	0.0	0.0	0.0	0.0	0.0	0.0	0.0	0.0	0.0	0.0	0.0	0.0	0.0	0.0	0.0	0.0	0.0	0.0	0.0	0.0	0.0	0.0	0.0	0.0	0.0	0.0	0.0	0.0	0.0	0.0	0.0	0.0	0.0	0.0	0.0	0.0	0.0	0.0	0.0	0.0	0.0	0.0	0.0	0.0	0.0	0.0	0.0	0.0	0.0	0.0	0.0	0.0	0.0	0.0	0.0	0.0	0.0	0.0	0.0	0.0	0.0	0.0	0.0	0.0	0.0	0.0	0.0	0.0	0.0	0.0	0.0	0.0	0.0	0.0	0.0	0.0	0.0	0.0	0.0
N25_2_4	1.31796	0.0	0.0	3.16311	1.77925	0.790777	1.84515	1.84515	0.0	0.0	0.0	0.0	0.0	0.0	0.0	0.0	0.0	0.0	1.58155	113.015	81.8455	9.81882	0.0	0.0	0.0	0.0	0.0	0.0	0.0	0.0	0.0	0.0	22.5372	3.7781566666666664	29.1929	0.0	29.1929	32.356	7.8254025	0.0	0.0	2.50413	1.58155	1.44976	0.0	0.0	14.4976	13.014899999999999	0.0	0.0	0.0	0.0	0.0	0.0	0.0	0.0	0.0	0.0	0.0	0.0	0.0	0.0	0.0	27.7431	236.97	112.422	10.7414	0.0	0.0	0.0	28.9293	0.0	57.6609	0.0	0.0	0.0	0.0	0.0	0.0	22.778766666666666	12.3888	33.2127	0.0	0.0	2.0663757142857144	0.0	0.0	15.2225	12.5865	0.0	21.1533	11.49925	14.475633333333334	11.7958	0.0	0.0	0.0	0.0	39.95623333333334	0.0	0.0	0.0	0.0	0.0	44.00530555555556	41.42795666666667	0.0	0.0	0.0	0.0	0.0	0.0	14.1022	37.2983	40.70307777777778	0.0	0.0	0.0	0.0	0.0	0.0	22.3395	0.0	23.7892	1.25206	0.0	1.77925	0.0	47.0513	15.7497	0.0	0.0	0.0	0.0	0.0	41.3181	0.0	0.0	0.0	0.0	0.0	0.0	0.0	0.0	0.0	0.0	0.0	0.0	0.0	2.14169	0.0	0.0	4.67877	0.0	0.0	0.0	0.0	25.6344	0.0	0.0	6.45802	0.0	16.7381	0.0	21.9441	27.809	19.5058	22.3395	38.271012	9.42343	45.52242	32.6196	0.0	0.0	0.0	0.0	0.0	0.0	3.5585	0.0	0.988472	3.16311	0.0	2.63592	3.16311	0.0	18.0561	29.9177	11.66399	13.311399999999999	36.9688	0.0	0.0	0.0	0.0	0.0	0.0	12.3888	0.0	0.0	0.0	47.215925	12.981950000000001	8.83035	16.6722	13.3114	0.0	0.0	0.0	0.0	0.0	0.0	0.0	0.0	0.0	0.0	37.5619	4.81056	4.6458200000000005	0.658981	3.69029	14.4976	4.87646	7.841875	12.421800000000001	0.0	0.0	0.0	0.0	0.0	0.0	0.0	0.0	0.0	0.0	4.225715833333333	0.0	0.0	0.0	0.0	0.0	0.0	51.8618	8.50086	33.3444	0.0	0.0	28.3362	36.837	3.4267
N25_1_4	7.44493	9.61073	7.41109	25.042	9.30616	6.63276	11.4381	11.5396	0.0	0.0	0.0	0.0	0.0	0.0	0.0	0.0	0.0	0.0	3.72247	166.46166666666667	123.214	17.6648	11.3028	0.0	0.0	0.0	0.0	0.0	0.0	0.0	0.0	0.0	27.3094	28.71936666666667	57.2583	0.0	59.7287	57.5629	17.199475	0.0	4.85613	0.0	8.8324	10.3214	9.71225	0.0	21.2857	20.152075	0.0	0.0	0.0	0.0	0.0	0.0	0.0	0.0	0.0	7.082203125	0.0	0.0	0.0	0.0	0.0	49.475	228.018	106.902	42.47	0.0	0.0	0.0	37.5631	17.1572	81.522	0.0	0.778334	0.0	0.0	0.0	0.0	34.39333333333334	15.1606	41.7255	0.0	0.0	3.0456499999999997	0.6068749333333333	0.0	19.323	19.4583	0.0	34.04365	19.762900000000002	14.128466666666668	12.7579	0.0	0.0	0.0	0.0	58.69651666666667	6.05747	0.744493	0.0	0.0	0.0	59.04056666666666	41.3447525	0.0	0.0	0.0	0.0	0.0	2.335	13.8746	37.8676	49.83215555555555	0.0	0.0	0.0	0.0	0.0	0.0	33.4007	23.1808	30.8965	0.0	0.0	0.0	0.0	66.6998	27.0725	0.0	0.0	0.0	0.0	0.0	61.3868	0.0	0.0	0.0	0.0	0.0	0.0	0.0	0.0	0.0	0.0	0.0	0.0	0.0	4.246995	1.31414	0.0	8.42631	0.0	0.0	0.0	0.0	18.510825	2.87645	0.0	11.4381	0.0	23.3162	0.0	38.5106	45.4141	26.8356	17.4956	39.79386	7.005	60.764179999999996	34.291803333333334	0.0	0.0	0.0	0.0	0.0	0.0	35.4311	15.8036	5.9221	24.839	5.4145	15.0252	28.866	0.0	21.1165	47.0384	23.3839	25.075899999999997	52.8252	4.46696	4.46696	0.0	0.0	0.0	0.0	17.4279	0.0	0.0	0.0	53.817800000000005	25.21125	4.856127000000001	21.658	15.6682	0.0	0.0	116.141	0.0	0.0	0.0	0.0	0.0	0.0	0.0	109.644	27.4786	27.817	5.5837	45.211	29.7797	33.7052	11.1336	11.353549999999998	0.0	0.0	0.0	0.0	7.58029	0.0	0.0	0.0	0.0	0.0	5.967225555555555	0.0	0.0	0.0	0.0	0.0	0.0	78.8824	14.1115	43.4513	0.0	1.72587	29.5767	32.1824	0.0
N26_1_4	0.0	0.0	0.0	0.0	0.0	0.0	0.0	0.0	0.0	0.0	0.0	0.0	0.0	0.0	0.0	0.0	0.0	0.0	0.0	0.0	5.79863	0.0	0.0	0.0	0.0	0.0	0.0	0.0	0.0	0.0	0.0	0.0	0.0	0.0	0.0	7.547415	0.0	0.0	0.0	0.0	0.0	0.0	0.0	0.0	0.0	0.0	0.0	0.0	0.0	0.0	0.0	0.0	0.0	0.0	0.0	0.0	0.0	0.0	0.0	0.0	0.0	0.0	12.7938	0.0	0.0	0.0	0.0	12.8858	4.32596	0.0	0.0	0.0	0.0	0.0	3.03738	0.0	0.0	0.0	0.0	0.0	0.0	0.0	0.0	0.0	0.0	0.0	0.0	0.0	2.57717	0.0	0.0	0.0	0.0	0.0	1.28858	0.0	0.0	0.0	52.1876	22.6423	2.39308	0.0	0.0	13.8063	37.46105	40.80513333333334	0.0	0.0	0.0	0.0	0.0	10.2166	0.0	0.0	0.0	0.0	0.0	0.0	0.0	0.0	0.0	0.0	0.0	0.0	3.589625	2.85329	6.07475	0.0	47.3094	0.0	6.35088	0.0	0.0	0.0	0.0	0.0	0.0	8.16103	8.19171	6.857105	0.0	6.44292	0.0	0.0	0.0	0.0	0.0	0.0	0.0	0.0	0.0	0.0	0.0	0.0	0.0	0.0	0.0	4.78617	0.0	0.0	0.0	0.0	0.0	0.0	0.0	0.0	1.74879	0.0	0.0	0.0	32.60574	36.724615	0.0	0.0	0.0	0.0	0.0	0.0	0.0	0.0	0.0	0.0	0.0	0.0	0.0	0.0	0.0	0.0	0.0	0.0	18.8685	0.0	0.0	0.0	0.0	0.0	0.0	0.0	0.0	2.66921	0.0	101.92699999999999	44.91635	9.80246	31.9385	0.0	0.0	0.0	0.0	0.0	0.0	0.0	0.0	0.0	4.04983	0.0	0.0	0.0	0.0	0.0	0.0	0.0	0.0	0.0	0.0	0.0	0.0	0.0	0.0	0.0	0.0	0.0	0.0	0.0	0.0	18.29000476190476	0.0	0.0	0.0	0.0	0.0	0.0	116.433	0.0	5.43046	0.0	6.81108	0.0	0.0	13.6222
N27_1_3	0.0	0.0	0.0	0.0	0.0	0.0	0.0	0.0	0.0	0.0	1.42898	0.0	0.0	0.0	0.0	0.0	0.0	0.0	0.0	6.605886666666667	4.7946	0.601675	0.0	0.0	0.0	0.0	0.0	2.14347	0.0	1.9037383333333333	2.75642	0.0	1.10934	2.851686666666667	5.17064	0.0	5.71591	4.8134	1.1156066666666666	0.282035	0.48886050000000003	0.0	0.864907	0.733291	0.0	0.0	0.620477	1.37257	0.0	0.0	0.0	0.0	0.0	0.0	0.0	0.0	0.0	0.0	0.9242078846153846	0.0	0.0	0.0	0.0	1.54179	0.0	0.0	0.0	0.0	0.0	0.0	1.80502	1.25976	2.57592	0.0	0.0	0.0	0.0	0.0	0.0	0.990258	0.620477	2.23748	0.0	0.0	0.714489	4.110191333333334	2.7310362500000003	0.507663	0.846105	0.0	1.38197	0.470058	0.47005800000000003	0.451256	0.0	0.0	0.0	0.0	1.7360816666666665	2.06826	0.0	0.0	0.0	0.0	3.87892	3.826275	0.0	0.0	0.0	0.0	0.0	0.0	0.0	0.0	0.0	0.0	0.0	0.0	0.0	0.0	0.0	1.18455	1.25976	0.752093	0.0	0.0	0.0	0.0	3.32801	0.958919	2.2515799999999997	0.0	0.0	0.0	0.0	2.3879	0.0	0.0	0.0	0.0	0.0	0.0	0.0	0.0	1.18455	0.0	0.0	0.0	0.470058	0.0	0.0	0.0	0.0	0.0	0.0	0.0	0.0	1.35377	0.0	0.0	0.0	0.0	0.0	0.0	1.05293	1.31616	0.958919	1.27856	3.316732	0.31964	2.79528	2.4161	0.0	1.33497	4.34334	0.0	0.0	0.0	3.12119	2.29388	0.601675	2.83915	0.507663	1.89904	2.76394	0.0	0.357244	1.52299	0.8085003333333334	1.2597550000000002	2.48191	0.0	0.0	0.0	0.0	0.0	0.0	0.545268	0.0	0.921314	1.97425	6.853451666666667	7.314105	0.7614939999999999	1.29736	0.8085	0.0	0.0	0.0	0.0	0.0	0.0	0.0	0.0	0.0	0.0	8.51746	2.53832	2.90496	0.676884	5.24585	1.99305	2.83915	0.432454	0.451256	0.0	0.0	0.0	0.0	0.0	0.0	0.0	0.0	0.0	0.0	0.0	4.32454	4.36214	5.40358	4.051905	0.0	0.0	5.69711	0.620477	1.84263	0.0	1.03413	0.0	0.0	0.0
N27_1_4	0.0	0.0	0.0	0.0	0.0	0.0	0.0	0.0	0.0	0.0	0.0	0.0	0.0	0.0	0.0	0.0	0.0	0.0	0.0	66.7987	49.6549	11.2506	0.0	0.0	0.0	0.0	0.0	0.0	0.0	0.0	0.0	0.0	15.0572	32.9059	54.9842	0.0	57.7757	48.0477	16.579833333333333	0.0	6.85187	0.0	13.9575	10.9122	0.0	0.0	7.02105	14.6342	0.0	0.0	0.0	0.0	0.0	0.0	0.0	0.0	0.0	0.0	0.0	0.0	0.0	0.0	0.0	21.0632	0.0	0.0	0.0	0.0	0.0	0.0	13.45	18.1871	35.4436	0.0	0.0	0.0	0.0	0.0	0.0	15.592933333333335	6.17514	21.1478	0.0	0.0	0.0	0.0	0.0	6.34433	8.37451	0.0	15.56475	5.41382	3.8066	3.722	0.0	0.0	0.0	0.0	24.432666666666666	0.0	0.0	0.0	0.0	0.0	31.7337	37.1777	0.0	0.0	0.0	0.0	0.0	0.0	0.0	0.0	0.0	0.0	0.0	0.0	0.0	0.0	0.0	12.6887	16.0723	15.9031	0.0	0.0	0.0	0.0	31.1295	10.4893	0.0	0.0	0.0	0.0	0.0	25.8003	0.0	0.0	0.0	0.0	0.0	0.0	0.0	0.0	0.0	0.0	0.0	0.0	0.0	3.29905	0.0	0.0	0.0	0.0	0.0	0.0	0.0	15.9031	0.0	0.0	0.0	0.0	10.2355	0.0	15.1418	19.1176	10.7431	15.956936363636363	35.609412	6.51351	27.830419999999997	21.8245	0.0	0.0	0.0	0.0	0.0	0.0	49.9933	20.8094	9.3896	42.5493	7.02105	22.5858	40.7729	0.0	6.5981	19.033	9.89715	11.2506	24.7006	0.0	0.0	0.0	0.0	0.0	0.0	7.69778	0.0	0.0	0.0	63.5278	0.0	5.07546	11.4198	6.25973	0.0	0.0	0.0	0.0	0.0	0.0	0.0	0.0	0.0	0.0	95.4187	36.1204	31.9754	8.79746	57.2681	24.7006	38.5735	0.0	6.09055	0.0	0.0	0.0	0.0	0.0	0.0	0.0	0.0	0.0	0.0	0.0	0.0	0.0	0.0	0.0	0.0	0.0	32.06	5.32923	20.2173	0.0	0.0	0.0	0.0	0.0
N27_2_3	0.0	4.02336	0.0	0.0	0.0	0.0	0.0	0.0	0.494097	0.0	4.10806	0.0	0.0	0.0	1.5335572105263158	0.0	1.2846549999999999	1.6375799999999998	0.0	39.11363333333333	28.9964	5.16684	0.0	0.0	0.0	0.0	0.0	13.248850000000001	0.0	8.914919166666666	15.763060000000001	0.0	8.87963	10.634856666666666	19.8627	0.0	20.9356	17.5616	4.376283333333333	0.0	2.2728450000000002	0.0	3.71279	4.03748	0.0	0.0	3.99513	9.769	0.0	0.0	0.0	0.0	0.0	0.0	0.0	0.62115	0.607033	2.8862541935483867	0.0	0.254107	0.0	0.0	0.0	15.19	0.0	0.0	23.1237	0.0	0.663502	0.0	12.3807	0.367043	20.4838	0.0	0.169405	0.0	0.0	0.0	0.0	10.517186666666667	3.57161	12.1971	0.0	14.0747	3.1894421428571427	0.7783202666666666	20.5156125	4.46099	4.05159	0.0	7.94084	6.08445	2.69636	2.54107	0.0	0.0	0.924667	0.0	13.747683333333333	0.0	0.423512	0.0	0.0	1.1576	15.16313	21.832050000000002	0.0	0.0	0.0	0.0	0.0	0.0	0.0	0.0	0.0	0.0	0.0	0.0	0.0	0.0	0.0	9.48666	11.8866	6.25386	0.296458	0.4729215	0.663502	0.0	18.2957	6.36679	0.71997	0.0	0.0	0.0	0.0	14.2441	0.0	0.578799	0.578799	0.0	0.0	0.423512	0.0	0.0	2.25167	0.404689	0.0	0.807025	1.0220766000000001	1.0375999999999999	1.34112	0.0	0.0	1.185832	0.0	0.0	0.0	9.37372	0.0	0.0	0.0	0.0	0.0	0.0	8.442	9.55725	7.43969	7.530808181818182	22.212096153846154	3.59985	15.175823333333334	12.874749999999999	0.0	0.0	19.8627	0.0	0.0	0.0	14.0041	7.14323	2.99282	7.14323	3.31751	5.85858	10.3619	0.0	3.89631	10.3902	5.68917	7.5738	11.7877	2.25873	2.25873	0.0	0.550565	0.748204	0.183522	4.85627	0.0	0.155288	1.72228	40.7524	0.0	2.32931	8.251415	3.89631	0.0	0.0	0.0	0.0	0.0	0.0	0.0	0.0	0.0	0.0	39.0195	10.9407	12.2113	2.72459	16.164	8.45612	11.7736	0.0	3.077515	0.0	0.0	1.720438695652174	0.0	0.0	0.0	0.0	2.75283	0.0	2.5375437499999998	38.06928125	22.0508	19.2133	25.73461111111111	20.3003	0.0	0.0	45.9934	5.2939	12.7618	0.0	0.0	0.0	0.0	1.36935
N27_1_2	0.0	0.0	0.0	0.0	0.0	0.0	0.0	0.0	0.0	0.0	4.20879	1.6770699999999998	0.0	0.0	0.0	0.0	0.0	0.0	0.0	0.0	0.0	0.0	0.0	0.0	16.303025	0.790156	1.6770699999999998	9.23193	0.0	7.987568333333333	9.101313999999999	0.0	0.0	0.0	0.0	6.7889	0.499895	0.0	0.0	0.0	0.0	0.0	0.0	0.0	0.0	0.0	0.0	0.0	0.0	0.0	0.0	0.0	2.35434	0.0	0.0	15.2656	15.5451	0.0	1.0468235416666667	1.6105450000000001	0.0	7.57905	0.774031	0.0	0.0	0.0	0.0	0.0	0.0	0.0	0.0	0.0	0.0	0.0	2.06408	0.0	0.0	0.0	0.0	0.0	0.0	0.0	278.441	1.273925	0.0	543.0053333333333	10.5078675	0.0	0.0	0.0	0.0	0.0	0.0	0.0	2.80586	0.0	0.0	0.0	0.0	20.028	7.06303	30.1227	1.30618	0.0	17.9317	12.578	0.0806282	0.0	0.0	0.0	0.0	13.61	0.0	0.0	0.0	0.0	0.0	0.0	0.0	0.0	0.0	0.0	0.0	0.0	0.0	0.0	0.0	0.0	0.0	0.0	0.0	0.0	0.0	0.0	0.0	0.0	0.0	12.268916666666668	12.315975	10.046275	0.0	4.43455	0.5088538888888888	0.0	0.0	0.0	0.0	0.0	0.0	0.0	0.5724603333333333	0.0	0.0	0.8965858000000001	0.0	0.88691	6.69214	2.25759	0.0	0.0	0.0	0.0	0.0	0.0	0.0	0.0	0.0	0.0	0.0	0.0	0.935287	3.0155	0.0	0.9352870000000001	17.9962	0.0	0.0	0.0	0.0	0.0	0.0	0.0	0.0	0.0	0.0	0.0	0.0	0.0	0.451518	0.0	0.0	44.78895	44.684200000000004	0.306387	0.0	0.0	3.04775	0.0	0.0	15.1904	4.3378	56.06886666666667	56.085	6.65989	0.0	0.0	0.0	0.0	0.0	0.0	0.0	0.0	0.0	0.0	0.0	0.0	0.0	0.0	0.0	0.0	0.0	0.0	0.0	0.0	0.0	0.0	0.0	0.0	0.0	0.0	0.0	0.0	0.0	0.0	0.0	0.0	18.5767	16.6417	21.9712	16.1498	0.0	0.0	7.65968	0.0	19.5604	0.0	57.5202	0.0	0.0	0.0
N27_2_4	0.0	6.76607	0.0	0.0	0.0	0.0	0.0	0.0	0.0	0.0	0.0	0.0	0.0	0.0	1.78455	0.0	0.0	0.0	1.43779	58.4419	42.7954	7.95013	0.0	0.0	0.0	0.0	0.0	8.96504	0.0	0.0	10.3183	0.0	10.4874	16.0412	33.9149	0.0	37.8054	31.8851	11.164	0.0	3.89049	0.0	6.34319	7.6964	0.0	0.0	5.66658	17.1689	0.0	0.0	0.0	0.0	0.0	0.0	0.0	0.0	0.0	5.976692666666667	0.0	0.0	0.0	0.0	0.0	18.2684	0.0	0.0	35.7756	0.0	0.0	0.0	15.9003	0.0	36.5368	0.0	0.0	0.0	0.0	0.0	0.0	10.515593333333333	6.76607	19.1987	0.0	0.0	17.91197142857143	0.0	0.0	6.85064	7.95013	0.0	17.8878	5.83573	4.14422	3.72134	0.0	0.0	1.60694	0.0	26.06345	0.0	0.0	0.0	0.0	0.0	28.05802875	24.301473333333334	0.0	0.0	0.0	0.0	0.0	0.0	0.0	0.0	0.0	0.0	0.0	0.0	0.0	0.0	0.0	13.2784	15.2237	11.756	0.0	0.0	0.0	0.0	29.1787	10.7411	0.0	0.0	0.0	0.0	0.0	25.4573	0.0	0.0	0.0	0.0	0.0	0.0	19.653819047619045	0.0	0.0	0.0	0.0	0.0	0.7329910000000001	1.43779	0.0	0.0	0.0	0.0	0.0	22.539450000000002	0.0	13.5321	0.0	0.0	0.0	0.0	9.89537	0.0	14.1242	16.2386	12.2635	14.770036363636365	30.79536923076923	6.17404	27.80854	20.17135	0.0	0.0	0.0	0.0	0.0	0.0	24.1887	10.8257	4.73625	22.6663	4.9054	10.572	21.3977	0.0	7.01979	19.7062	10.0645	12.13665	20.2136	0.0	0.0	0.0	0.0	1.01491	0.0	6.51234	0.0	0.0	1.35321	42.816525	33.196	4.05964	11.9252	6.59692	0.0	0.0	0.0	0.0	0.0	0.0	0.0	0.0	0.0	0.0	55.3126	17.4226	16.746	4.39794	26.726	15.3928	23.935	3.04473	5.32828	0.0	0.0	2.5262478260869567	0.0	0.0	0.0	0.0	2.644918181818182	0.0	5.2859875	37.53124827586207	4.73625	4.2710799999999995	5.281290555555556	4.39794	0.0	0.0	48.8003	5.49743	14.8853	0.0	0.0	0.0	0.0	0.0
N28_1_2	0.0	0.0	0.0	0.0	0.0	0.0	0.0	0.0	0.0	0.0	7.51983	0.0	0.0	0.0	0.0	0.0	0.0	0.0	0.0	6.972930000000001	0.0	0.0	0.0	0.0	52.2286	0.0	0.0	11.1943	0.0	17.75705	12.223139999999999	0.0	1.91414	0.0	3.55483	0.0	4.37517	3.69155	1.0482166666666668	0.0	0.0	0.0	0.0	0.0	0.0	0.0	0.0	0.0	0.0	0.0	0.0	0.0	3.07629	0.0	0.0	20.303533333333334	20.5086	0.0	0.0	0.0	0.0	20.8504	0.0	0.0	0.0	0.0	6.08422	0.0	0.0	0.0	0.0	0.0	4.5119	0.0	1.29888	0.0	0.0	0.0	0.0	2.39267	0.0	2.5294	0.0	0.0	0.0	387.22546666666665	13.5954875	0.0	0.0	0.0	2.6661200000000003	0.0	1.446995	1.09379	2.66612	0.0	0.0	0.0	3.00793	21.6708	3.965	8.61362	0.0	0.0	10.504975	6.608333333333334	0.0	0.0	0.0	0.0	0.0	6.35767	0.0	0.0	0.0	0.0	0.0	0.0	0.0	0.0	0.0	1.84578	0.0	0.0	0.0	0.0	0.0	0.0	3.89664	0.0	0.0	0.0	0.0	0.0	0.0	0.0	0.0	5.4347883333333336	5.46897	3.9308199999999998	0.0	0.0	0.0	0.0	0.0	0.0	0.0	0.0	0.0	0.0	0.0	0.0	0.0	0.0	0.0	0.0	5.46897	4.44353	0.0	0.0	0.0	0.0	0.0	0.0	0.0	0.0	0.0	0.0	0.0	0.0	3.1788350000000003	3.2130166666666664	0.0	0.0	32.8138	0.0	0.0	0.0	0.0	0.0	0.0	1.70905	0.0	1.29888	0.0	0.0	0.0	0.0	1.29888	0.0	3.14465	30.7971	30.489449999999998	0.0	0.0	0.0	4.71698	0.751983	0.0	11.0747	1.16216	39.30818333333333	41.5641	2.6661215	3.07629	0.0	0.0	0.0	0.0	0.0	0.0	0.0	0.0	0.0	0.0	0.0	6.69948	0.0	2.80284	0.615259	0.0	1.77741	2.46103	0.0	0.0	0.0	0.0	0.0	0.0	0.0	0.0	0.0	0.0	0.0	0.0	0.0	26.4561	23.2431	32.05421666666667	22.183500000000002	0.0	0.0	9.63905	0.0	17.022135	0.0	40.6754	2.32431	3.34974	0.0
N28_1_3	0.0	0.0	0.0	0.0	0.0	0.0	0.0	0.0	0.0	0.0	0.0	0.0	0.0	0.0	0.0	0.0	0.0	0.0	0.0	0.0	0.0	0.0	0.0	0.0	0.0	0.0	0.0	0.0	0.0	0.0	0.0	0.0	0.0	0.0	0.0	0.0	0.0	0.0	0.0	0.0	0.0	0.0	0.0	0.0	0.0	0.0	0.0	0.0	0.0	0.0	0.0	0.0	0.0	0.0	0.0	0.0	0.0	0.0	0.0	0.0	0.0	0.0	0.0	0.0	0.0	0.0	0.0	0.0	0.0	0.0	0.0	0.0	0.0	0.0	0.0	0.0	0.0	0.0	0.0	0.0	0.0	0.0	0.0	0.0	0.0	2.722042666666667	0.0	0.0	0.0	0.0	0.0	0.0	0.0	0.0	0.0	0.0	0.0	0.0	0.0	0.0	0.0	0.0	0.0	0.0	0.0	0.0	0.0	0.0	0.0	0.0	0.0	0.0	0.0	0.0	0.0	0.0	0.0	0.0	0.0	0.0	0.0	0.0	0.0	0.0	0.0	0.0	0.0	0.0	0.0	0.0	0.0	0.0	0.0	0.0	0.0	0.0	0.0	0.0	0.0	0.0	0.0	0.0	0.0	0.0	0.0	0.0	0.0	0.0	0.0	0.0	0.0	0.0	0.0	0.0	0.0	0.0	0.0	0.0	0.0	0.0	0.0	0.0	0.0	0.0	0.0	0.0	0.0	0.0	0.0	0.0	0.0	0.0	0.0	0.0	0.0	0.0	0.0	0.0	0.0	0.0	0.0	0.0	0.0	0.0	0.0	0.0	0.0	0.0	0.0	0.0	0.0	0.0	0.0	0.0	0.0	0.0	0.0	0.0	0.0	0.0	0.0	0.0	0.0	0.0	0.0	0.0	0.0	0.0	0.0	0.0	0.0	0.0	0.0	0.0	0.0	0.0	0.0	0.0	0.0	0.0	0.0	0.0	0.0	0.0	0.0	0.0	0.0	0.0	0.0	0.0	0.0	0.0	0.0	0.0	0.0	0.0	0.0	0.0	0.0	0.0	0.0	0.0	0.0	0.0	0.0	0.0	0.0	0.0	0.0	0.0
N28_1_4	0.0	11.2766	0.0	0.0	0.0	0.0	0.0	0.0	0.0	0.0	0.0	0.0	0.0	0.0	0.0	0.0	0.0	0.0	0.0	89.74256666666666	64.6287	15.2233	5.5678	0.0	0.0	0.0	0.0	0.0	0.0	0.0	0.0	0.0	18.5358	35.07476666666667	52.6474	0.0	60.4705	48.9121	13.866655	0.0	6.02591	0.0	10.1489	12.3337	0.0	0.0	10.0079	19.17015	0.0	0.0	0.0	0.0	0.0	0.0	0.0	0.0	0.0	11.062765	0.0	0.0	0.0	0.0	0.0	26.4999	0.0	0.0	68.3641	0.0	0.0	0.0	24.597	0.0	54.9732	0.0	0.0	0.0	0.0	0.0	0.0	22.48265	12.968	31.9972	0.0	0.0	0.0	0.0	0.0	12.8271	12.4042	0.0	26.7113	0.0	9.714283333333332	7.61167	0.0	0.0	2.88962	0.0	39.90255	0.0	0.0	0.0	0.0	0.0	47.61324285714286	48.912049999999994	0.0	0.0	0.0	0.0	0.0	0.0	0.0	0.0	0.0	0.0	0.0	0.0	0.0	0.0	0.0	19.3111	24.8789	17.4082	0.0	0.0	0.0	0.0	45.952	14.6595	0.0	0.0	0.0	0.0	0.0	34.8164	0.0	0.0	0.0	0.0	0.0	0.0	0.0	0.0	0.0	0.0	0.0	0.0	0.0	2.2200699999999998	0.0	0.0	0.0	0.0	0.0	0.0	0.0	24.9494	0.0	0.0	0.0	0.0	17.8311	0.0	25.5132	28.7552	19.0997	29.43436363636364	51.053503846153845	14.4481	43.7671	36.22595	0.0	0.0	0.0	0.0	0.0	0.0	43.2033	23.4693	11.1356	81.1207	9.86698	19.3816	43.6262	0.0	9.44411	28.7552	14.6595	19.87495	42.2166	0.0	0.0	0.0	0.0	0.0	0.0	9.65555	0.0	0.0	0.0	97.4717	0.0	7.25928	14.1662	12.6156	0.0	0.0	0.0	0.0	0.0	0.0	0.0	0.0	0.0	0.0	87.6047	36.3669	35.1688	8.38694	52.7884	25.3018	52.6474	0.0	10.1489	0.0	0.0	0.0	0.0	0.0	0.0	0.0	0.0	0.0	0.0	0.0	0.0	0.0	0.0	0.0	0.0	0.0	52.0131	9.51459	27.0637	0.0	0.0	27.4161	40.1022	0.0
N28_2_3	0.0	9.8768	0.0	0.0	0.0	0.0	0.0	0.0	0.0	0.0	10.7108	9.74561	0.0	0.0	0.7738286315789474	0.47791	0.777774	0.8339989999999999	0.0	53.3314	49.056	8.1432	0.0	0.777774	4.746295	0.0	9.74561	22.4149	0.131191	25.698575	24.85694	0.0	13.9906	23.008399999999998	42.6839	20.5595	45.3733	37.961	9.708113333333333	0.0	4.39958	0.0	7.4404	8.2088	0.0	0.0	7.00934	11.924320000000002	0.0	0.0	0.0	0.0	10.4203	0.0	1.1720692307692309	48.91546666666667	49.2247	5.2303559375	0.0	29.1829375	0.0	1.83667	20.775	22.0869	0.0	0.0	42.3372	0.740291	5.43505	13.540799999999999	18.198	0.0	32.4416	0.0	8.96783	0.140562	0.084337	0.0	0.0	14.930766666666665	6.26905	18.7978	3.37348	0.674696	0.0	7.556595333333333	26.2123875	8.30251	6.94374	0.0	12.13985	9.127134999999999	4.494846666666667	3.74831	6.30653	0.0	0.0	0.0	22.088483333333333	52.5607	8.89287	31.8138	14.1874	1.63989	32.903621	38.310833333333335	0.7074935	0.0	0.0	0.0	0.0	33.4068	0.0	0.0	0.0	0.0	0.0	0.0	0.0	0.0	0.0	14.5434	19.0602	11.5729	0.48728	0.33266249999999997	1.34939	10.2141	29.443	10.2985	0.787145	0.0	0.0	0.0	2.03346	23.3426	0.0	36.1962	36.2602	30.77365	0.0	0.0	0.0	0.0	0.468539	0.0	0.0	0.0	0.0	1.8273	43.27266666666667	0.0	0.0	53.58208	0.0	0.0	3.79516	15.11505	0.0	0.0	0.0	0.0	9.50197	0.0	13.85	14.6934	10.4484	12.18029090909091	33.42160384615384	5.94107	22.53137142857143	21.999466666666667	18.1137	0.0	48.2033	0.0	0.215528	0.0	29.2837	16.7362	6.70948	16.5207	5.86611	12.3226	23.5862	4.08566	7.17801	18.5822	8.24628	10.991900000000001	18.4323	86.2533	86.2205	0.253011	0.41699949999999997	0.552876	9.35203	8.54615	0.0	12.6224	3.336	69.85445	88.18375	4.690075	8.68671	6.86878	0.0	0.0	44.9329	0.0	0.0	0.0	0.0	0.0	0.0	0.0	75.4629	22.5836	24.3734	6.25031	38.2515	18.2824	28.6183	5.14456	4.02006	0.0	0.0	1.0197804347826087	0.0	0.0	0.0	0.281123	0.0	0.0	0.0	0.0	42.2622	39.3479	50.12739444444444	39.174499999999995	0.0	0.0	44.2582	7.48725	24.8654	0.0	36.3773	19.9504	21.1124	1.47121
N28_2_4	0.0	19.3085	0.0	0.0	0.0	0.0	0.0	0.0	0.0	0.0	0.0	0.0	0.0	0.0	0.0	0.0	0.0	0.0	0.0	118.96366666666667	86.5727	14.6391	0.0	0.0	0.0	0.0	0.0	0.0	0.0	0.0	0.0	0.0	24.8612	47.2826	79.3793	0.0	89.6014	74.5837	21.35925	0.0	9.84354	0.0	15.9011	20.3181	0.0	0.0	11.3579	20.75975	0.0	0.0	0.0	0.0	0.0	0.0	0.0	0.0	0.0	13.4086584375	0.0	0.0	0.0	0.0	0.0	34.3262	0.0	0.0	90.4848	0.0	0.0	0.0	27.6376	0.0	72.0597	0.0	0.0	0.0	0.0	0.0	0.0	24.903333333333336	11.6103	36.724	0.0	0.0	0.0	0.0	0.0	14.0081	13.8819	0.0	36.597750000000005	13.755700000000001	10.495533333333334	8.70775	0.0	0.0	3.15498	0.0	47.261583333333334	0.0	0.0	0.0	0.0	0.0	58.37614285714286	71.74425	0.0	0.0	0.0	0.0	0.0	0.0	0.0	0.0	0.0	0.0	0.0	0.0	0.0	0.0	0.0	27.0066	27.7638	24.4826	0.0	0.0	0.0	0.0	54.1395	23.8517	0.0	0.0	0.0	0.0	0.0	39.8789	0.0	0.0	0.0	0.0	0.0	0.0	0.0	0.0	0.0	0.0	0.0	0.0	0.0	1.45129	0.0	0.0	0.0	0.0	0.0	0.0	0.0	31.2974	0.0	0.0	0.0	0.0	21.7063	0.0	31.045	36.093	22.2111	34.73921818181818	62.13854230769231	13.7557	55.527660000000004	44.358999999999995	0.0	0.0	0.0	0.0	0.0	0.0	71.3026	31.045	13.5033	64.3616	13.1247	27.0066	60.4494	0.0	8.70775	37.8598	18.1727	22.4004	42.9077	0.0	0.0	0.0	0.0	0.0	0.0	14.5129	0.0	0.0	0.0	70.86095	11.3579	5.42657	22.4635	12.4937	0.0	0.0	0.0	0.0	0.0	0.0	0.0	0.0	0.0	0.0	133.14	48.9653	47.2616	12.8723	84.4273	33.6952	67.0118	0.0	8.58155	0.0	0.0	0.0	0.0	0.0	0.0	0.0	0.0	0.0	0.0	0.0	0.0	0.0	0.0	0.0	0.0	0.0	69.1572	11.8627	32.307	0.0	0.0	35.5882	40.5099	0.0
N29_1_2	0.0	0.0	0.0	0.0	0.0	0.0	0.0	0.0	0.0	0.0	0.0	0.0	0.0	0.0	0.0	0.0	0.0	0.0	0.0	0.0	0.0	0.0	0.0	0.0	1.1582225	0.0	0.0	0.0	0.0	0.6610033333333334	0.0	0.0	0.0	0.0	0.0	0.0	0.0	0.0	0.0	0.0	0.0	0.0	0.0	0.0	0.0	0.0	0.0	0.0	0.0	0.0	0.0	0.0	0.0	0.0	0.0	2.53872	2.63231	0.0	0.0	0.0	0.0	0.596658	0.0	0.0	0.0	0.0	0.0	0.0	0.0	0.0	0.0	0.0	0.0	0.0	0.0	0.0	0.0	0.0	0.0	0.0	0.0	0.0	0.0	0.0	0.0	159.32873333333333	0.85988875	0.0	0.0	0.0	0.0	0.0	0.0	0.0	0.0	0.0	0.0	0.0	0.0	0.0	0.0	0.0	0.0	0.0	0.0	0.0	0.0	0.0	0.0	0.0	0.0	0.0	0.0	0.0	0.0	0.0	0.0	0.0	0.0	0.0	0.0	0.0	0.0	0.0	0.0	0.0	0.0	0.0	0.0	0.0	0.0	0.0	0.0	0.0	0.0	0.0	0.0	1.61449	1.61449	0.0	0.0	0.0	0.0	0.0	0.0	0.0	0.0	0.0	0.0	0.0	0.0	0.0	0.0	0.0	0.0	0.0	0.0	0.0	0.0	0.0	0.0	0.0	0.0	0.0	0.0	0.0	0.0	0.0	0.0	0.0	0.0	0.0	0.0	0.0	1.86017	0.0	0.0	0.0	0.0	0.0	0.0	0.0	0.0	0.0	0.0	0.0	0.0	0.0	0.0	0.0	0.0	9.26574	9.2131	0.0	0.0	0.0	0.631755	0.0	0.0	0.0	0.0	0.0	0.0	0.0	0.0	0.0	0.0	0.0	0.0	0.0	0.0	0.0	0.0	0.0	0.0	0.0	0.0	0.0	0.0	0.0	0.0	0.0	0.0	0.0	0.0	0.0	0.0	0.0	0.0	0.0	0.0	0.0	0.0	0.0	0.0	0.0	0.0	0.0	0.0	0.0	0.0	0.0	0.0	0.0	0.0	0.0	3.08858	0.0	0.0	0.0
N29_1_4	0.0	0.0	0.0	0.0	0.0	0.0	0.0	0.0	0.0	0.0	0.0	0.0	0.0	0.0	0.0	0.0	0.0	0.0	0.0	0.0	0.0	0.0	0.0	0.0	1.3577425	0.0	0.0	0.0	10.143175	0.0	0.0	0.0	0.0	17.5708	0.0	13.078299999999999	0.0	0.0	0.0	0.0	4.35277	0.0	0.0	0.0	0.0	0.0	0.0	0.0	0.0	0.0	0.0	0.0	0.678873	0.0	0.0	4.685553333333334	5.39105	0.0	0.0	4.9767375000000005	0.0	0.479205	3.9135	0.0	0.0	0.0	0.0	0.0	3.7937	0.0	0.0	0.0	0.0	0.0	9.06495	4.59238	3.8602600000000002	0.0	0.0	0.0	0.0	0.0	0.0	0.0	7.350655714285715	7.198716666666667	0.0	0.0	0.0	0.0	0.0	0.0	0.0	0.0	4.612345	0.0	0.0	0.0	0.0	53.3914	10.7422	19.288	7.90687	11.461	28.283049999999996	36.4994	0.359403	0.0	0.0	0.0	0.0	23.8804	0.0	0.0	0.0	0.0	0.0	0.0	0.0	0.0	0.0	0.0	0.0	0.0	2.79536	2.97506	5.83032	0.0	0.0	0.0	4.3028575	0.0	0.0	0.0	0.0	0.0	0.0	18.695616666666666	18.788775	13.6174	1.377715	16.6124	61.57588095238095	0.0	0.0	0.0	0.0	0.0	0.0	0.0	7.846973333333334	0.0	0.0	14.71156	0.0	80.88575	37.6176	8.90522	0.0	0.0	0.0	0.0	0.0	0.0	0.0	0.0	0.0	0.0	0.0	0.0	23.4012	25.1582	0.0	0.0	0.0	0.0	0.0	0.0	0.0	0.0	0.0	0.0	0.0	0.0	0.0	2.67556	0.0	0.0	0.0	0.0	0.0	54.4895	54.6293	1.03828	0.0	0.0	3.59403	0.0	0.0	7.38774	21.0451	66.4397	92.786	6.30953	0.0	0.0	0.0	11.381099999999998	0.0	0.0	0.0	0.0	0.0	0.0	0.0	0.0	0.0	0.0	0.0	0.0	0.0	0.0	0.0	0.37937	0.0	0.0	0.0	0.0	0.0	0.0	0.0	0.0	0.0	0.0	0.0	19.964202666666665	0.0	0.0	0.0	0.0	0.0	0.0	9.90356	0.0	13.6973	0.0	18.649	0.0	0.0	11.2214
N29_2_2	0.0	0.0	0.0	0.0	0.0	0.0	0.0	0.0	0.0	0.0	0.251731	2.03063	0.0	0.0	0.0	0.0	0.0	0.0	0.0	3.10469	0.0	0.0	0.0	0.0	10.585335	0.0	2.03063	29.0582	0.0	31.04688333333333	35.13164	0.0	0.0	0.0	0.0	0.0	0.0	0.0	0.0	0.0	0.0	0.0	0.0	0.0	0.0	1.25866	0.0	0.0	0.0	0.0	0.0	0.0	1.91316	0.0	0.0	11.238433333333333	11.3111	0.0	0.0	0.80763875	0.0	4.7829	0.0	0.0	0.0	0.0	0.0	0.0	1.56074	0.0	0.0	0.0	0.0	0.0	2.81939	0.0	0.0	0.0	0.0	0.0	0.0	0.0	5.63878	0.0	0.0	14.3968	69.584875	0.0	0.0	0.0	0.0	0.0	0.0	0.0	0.839105	0.0	0.0	0.0	0.0	10.5559	1.39291	0.0	2.95365	0.0	34.361345	7.75333	0.0671284	0.0	0.0	0.0	0.0	5.52131	0.0	0.0	0.0	0.0	0.0	0.0	0.0	0.0	0.0	0.0	0.0	0.0	0.0	0.0	0.0	1.84603	0.0	0.0	0.0	0.0	0.0	0.0	2.13133	0.0	0.0	5.7031133333333335	5.70591	4.90876	0.0	0.0	0.0	0.0	0.0	0.0	0.0	0.0	0.0	0.0	0.0	0.0	0.0	0.0	0.0	0.0	5.53809	3.05434	0.0	0.0	0.0	0.0	0.0	0.0	0.0	0.0	0.0	0.0	0.0	0.0	0.0	4.01092	3.38998	0.0	71.1393	0.0	0.0	0.0	0.0	0.0	0.0	0.0	0.0	0.0	0.0	0.990144	0.0	0.0	0.0	0.0	0.0	24.3173	24.3173	0.436335	0.0	0.0	2.73548	0.0	0.0	1.62786	0.855887	44.4446	36.5514	0.923015	0.0	0.0	0.0	0.0	0.0	0.0	0.0	0.0	0.0	0.0	0.0	0.0	0.0	0.0	0.0	0.0	0.0	0.0	0.0	0.0	0.0	0.0	0.0	0.0	0.0	0.0	0.0	0.0	0.0	0.0	0.0	0.0	1.09084	0.839105	1.20831	1.10762	0.0	0.0	0.0	0.0	4.43047	0.0	5.622	0.0	0.0	0.0
N29_2_3	0.0	0.0	0.0	0.0	0.0	0.0	0.0	0.0	0.0	0.0	0.0	0.0	0.0	0.0	0.0	0.0	0.0	0.0	0.0	2.11238	1.37742	0.0	0.154188	0.0	3.2996375	0.164468	0.0	5.60989	1.04848	6.010783333333333	7.35993	0.0	0.0	1.44937	0.0	0.0	0.431728	0.0	0.0	0.0	0.318656	0.0	0.0	0.0	0.0	0.997085	0.226143	0.4385806666666667	0.0	0.35908793333333333	0.0	0.0	0.555079	0.0	0.0	3.31334	3.43326	0.0	0.0	1.23351	0.0	1.39798	0.421448	0.0	0.0	0.0	0.0	0.0	0.914852	0.0	0.390611	0.0	1.09988	0.0	1.0382	0.164468	0.0	0.0	0.0	0.0	0.13363	0.442007	1.34658	0.2706863333333333	0.585916	2.6040720000000004	10.737935	0.26726	0.26726	0.0	0.2980975	0.2621205	0.0	0.0	0.277539	0.0	0.0	0.0	0.5002558333333333	5.79749	0.812059	2.9193	1.42881	1.20267	3.3327566666666666	1.9530555	0.0	0.0	0.328935	0.308377	0.0	2.82679	0.0	0.0	0.0	0.0	0.0	0.0	0.0	0.0	0.0	0.0	0.0	0.0	0.298098	0.334075	0.596195	0.0	0.822339	0.0	0.642452	0.287818	0.0	0.226143	1.07932	0.750384	0.0	2.191193333333333	2.19719	1.94277	0.102792	0.914852	0.0	0.0	0.5653575	0.1603562	0.066815	0.18297020000000003	0.1274626	0.0	0.3460675	0.0	0.0	0.4091132	0.0	0.0	3.84443	0.889154	0.0	0.0	0.0	0.143909	0.328935	0.0	0.0	0.0	0.370052	0.226143	0.93869936	0.164468	1.0088332857142857	1.3191686666666669	2.0764	0.0	14.4834	0.0	0.318656	0.0	0.513962	0.195305	0.236422	0.380332	0.318656	0.205585	0.955969	0.513962	0.154188	0.0	0.0	0.0	0.709267	9.27187	9.26159	0.123351	0.0	0.0	1.27462	0.0	0.0	0.863455	0.0	10.369682000000001	12.98265	0.42658799999999997	0.0	0.0	0.0	0.6647236666666666	0.0	0.0	0.0	0.0	0.0	0.0	0.0	0.0	0.863455	0.349494	0.277539	0.123351	0.0	0.236422	0.421448	0.164468	0.09765255	0.123351	0.185026	0.0	0.0	0.246702	0.0	0.606475	0.0	0.0	0.0	0.9915778571428572	0.0	0.0	0.0	0.0	1.18211	1.0896	7.00016	0.0	1.259205	0.0	3.60801	0.0	0.0	1.3363
N29_2_4	0.0	0.0	0.0	0.0	0.0	0.0	0.0	0.0	0.0	0.0	0.0	0.0	0.0	0.0	0.0	0.0	0.0	0.0	3.83937	12.0794	0.0	0.0	1.07772	0.0	1.6165725	0.0	0.0	0.0	17.428725	0.0	0.0	0.0	0.0	54.5594	2.49222	0.0	2.82901	0.0	0.0	0.0	9.56474	0.0	0.0	0.0	0.0	0.0	0.0	2.8626899999999997	0.0	1.9896315384615382	0.0	0.0	0.0	0.0	0.0	0.0	0.0	0.0	0.0	1.4987	0.0	0.0	0.0	0.0	0.0	0.0	0.0	0.0	12.8653	0.0	3.23315	0.0	6.66838	0.0	1.01036	0.0	0.0	0.0	0.0	0.0	1.14507	2.22279	0.0	0.0	20.048414285714284	0.0	0.0	1.81865	2.35751	0.0	2.22279	2.08808	0.0	0.0	0.0	0.0	0.0	0.0	5.759049999999999	16.031	1.14507	0.0	0.0	31.3212	12.179436363636365	11.248660000000001	0.0	0.0	0.0	0.0	0.0	0.0	0.0	0.0	0.0	0.0	0.0	0.0	0.0	0.0	0.0	0.0	0.0	0.0	9.6321	6.196875	17.1761	0.0	8.15024	0.0	14.801775	0.0	0.0	0.875645	0.0	4.84973	0.0	0.0	0.0	0.0	0.0	0.0	4.362191904761905	0.0	2.391185	0.0	0.0	0.0	0.0	0.0	0.0	0.0	12.3938	0.0	0.0	4.546620000000001	0.0	3.30051	4.1088	0.0	0.0	0.0	0.0	0.0	0.0	0.0	2.82901	2.5350854545454546	0.0	0.673573	9.463698333333333	5.5233	0.0	0.0	0.0	0.0	0.0	0.0	4.84973	2.62694	1.07772	4.71501	1.68393	2.02072	7.61138	0.0	1.21243	0.0	0.0	0.0	6.06216	3.401545	3.43522	0.0	0.0	0.0	0.0	0.0	0.0	0.0	3.56994	35.856566666666666	49.462766666666674	1.68393	3.97408	0.0	0.0	17.445566666666664	0.0	0.0	0.0	0.0	0.0	0.0	0.0	0.0	7.88081	3.36787	3.83937	0.0	6.53366	1.27979	5.25387	1.0440399999999999	0.538859	0.0	0.0	0.0	0.0	0.0	0.0	0.0	0.0	0.0	0.0	39.684003125000004	0.0	0.0	0.0	0.0	0.0	0.0	23.5077	1.68393	3.09844	0.0	0.0	0.0	0.0	30.5129
N29_1_3	0.0	0.0	0.0	0.0	0.0	0.0	0.0	0.0	0.0	0.0	0.0	0.0	0.0	0.0	0.0	0.0	0.0	0.0	0.0	0.0	0.0	0.0	0.0	0.0	1.0532487499999998	0.0	0.0	0.0	5.601655	0.0	0.0	0.0	0.0	2.8176	0.0	0.0	0.0	0.0	0.0	0.0	0.0	0.0	0.0	0.0	0.0	0.0	0.0	0.0	0.0	0.0	0.0	0.0	0.0	0.0	0.0	2.4687533333333334	2.79076	0.0	0.0	0.0	0.0	0.456183	0.0	0.0	0.0	0.0	0.0	0.0	2.0394	0.0	0.0	0.0	0.0	0.0	1.31488	0.0	0.0	0.0	0.0	0.0	0.0	0.0	0.0	0.0	3.047605	128.32153333333335	0.701045625	0.0	0.0	0.0	0.0	0.0	0.0	0.0	1.39538	0.0	0.0	0.0	0.0	8.29179	0.831863	5.60836	0.0	15.1077	24.204549999999998	5.6352	0.0	0.0	0.0	0.0	0.0	0.0	0.0	0.0	0.0	0.0	0.0	0.0	0.0	0.0	0.0	0.0	0.0	0.0	1.44905	0.97945	2.7371	0.0	0.0	0.0	8.466215	0.0	0.0	0.0	0.0	0.0	0.0	5.492085	5.47419	4.28007	0.241508	3.86414	7.223530952380953	0.0	0.0	0.0	0.0	0.0	0.0	0.0	1.12704	0.0	0.0	0.0	0.0	8.761395	4.18615	0.0	0.0	0.0	0.0	0.0	0.0	0.0	0.0	0.0	0.0	0.0	0.0	0.0	7.91611	0.0	0.0	0.0	0.0	0.0	0.0	0.0	0.0	0.0	0.0	0.0	0.0	0.0	0.0	0.0	0.0	0.0	0.0	0.0	0.0	11.1362	11.1094	0.724525	0.0	0.0	1.20754	0.0	0.0	0.9392	7.32576	18.148899999999998	24.593600000000002	2.41508	0.0	0.0	0.0	8.971593333333333	0.0	0.0	0.0	0.0	0.0	0.0	0.0	0.0	0.0	0.0	0.0	0.0	0.0	0.0	0.0	0.0	0.0	0.0	0.0	0.0	0.0	0.0	0.0	0.0	0.0	0.0	0.0	5.587970400000001	0.0	0.0	0.0	0.0	0.0	0.0	0.0	0.0	5.68887	0.0	11.4314	0.0	0.0	15.7517
N30_1_3	0.0	0.0	0.0	0.0	0.0	0.0	0.0	0.0	0.0	0.0	0.0	19.978	0.0	0.0	0.0	0.0	0.0	0.0	0.0	0.0	0.0	0.0	0.0	0.0	0.0	8.54278	19.978	0.0	0.0	0.0	0.0	0.0	0.0	0.0	0.0	0.0	0.0	0.0	0.0	0.0	0.0	0.0	0.0	0.0	0.0	0.0	0.0	0.0	0.0	0.0	0.0	0.0	8.34098	0.0	0.0	51.34630000000001	51.4584	0.0	0.0	27.4108625	0.0	0.0	0.0	0.0	0.0	0.0	0.0	0.0	14.1931	0.0	0.0	0.0	0.0	0.0	9.55176	0.0	0.0	0.0	0.0	0.0	0.0	0.0	18.5654	6.18847	0.0	31.538766666666668	0.0	0.0	0.0	0.0	0.0	0.0	0.0	0.0	0.0	0.0	0.0	0.0	0.0	55.1581	9.75356	38.8797	0.0	0.0	66.8624	59.3958	0.0	0.0	0.0	0.0	0.0	44.9337	0.0	0.0	0.0	0.0	0.0	0.0	0.0	0.0	0.0	0.0	0.0	0.0	0.0	0.0	0.0	0.0	0.0	0.0	0.0	0.0	0.0	0.0	0.0	0.0	0.0	35.796683333333334	35.8191	31.581400000000002	1.14352	21.7942	0.0	0.0	0.0	0.0	0.0	0.0	0.0	0.0	0.0	0.0	0.0	0.0	0.0	0.0	11.0316	22.0632	0.0	0.0	0.0	0.0	0.0	0.0	0.0	0.0	0.0	0.0	0.0	0.0	23.005	31.5477	33.4984	0.0	0.0	0.0	0.0	0.0	0.0	0.0	0.0	0.0	0.0	0.0	0.0	6.79386	0.0	0.0	0.0	0.0	0.0	76.7504	76.7504	0.0	0.0	0.0	6.72659	0.0	0.0	12.1751	0.0	98.57820000000001	87.5803	7.06292	0.0	0.0	0.0	0.0	0.0	0.0	0.0	0.0	0.0	0.0	0.0	0.0	0.0	0.0	0.0	0.0	0.0	0.0	0.0	0.0	0.0	0.0	0.0	0.0	0.0	0.0	0.0	0.0	0.0	0.0	0.0	0.0	0.0	0.0	0.0	0.0	0.0	0.0	0.0	0.0	0.0	0.0	40.4941	0.0	0.0	0.0
N30_1_4	0.0	0.0	0.0	0.0	0.0	0.0	0.0	0.0	0.0	0.0	0.0	7.338910000000001	0.0	0.0	0.0	0.0	0.0	0.0	0.0	0.0	0.0	0.0	0.0	0.0	0.0	0.0	7.338910000000001	0.0	3.04041	0.0	0.0	0.0	0.0	0.0	0.0	2.987985	0.0	0.0	0.0	0.0	0.0	0.0	0.0	0.0	0.0	0.0	0.0	0.0	0.0	0.0	0.0	0.0	0.0	0.0	0.0	0.0	0.0	0.0	0.0	0.0	0.0	0.0	0.0	0.0	0.0	0.0	0.0	0.0	5.5566	0.0	0.0	0.0	0.0	0.0	0.0	0.0	0.0	0.0	0.0	0.0	0.0	0.0	0.0	0.0	10.132167857142859	4.633998	0.0	0.0	0.0	0.0	0.0	0.0	0.0	0.0	0.0	0.0	0.0	0.0	19.8151	8.70185	0.0	0.0	0.0	13.4197	32.5009	0.0	0.0	0.0	0.0	0.0	0.0	0.0	0.0	0.0	0.0	0.0	0.0	0.0	0.0	0.0	0.0	0.0	0.0	0.0	3.14525	2.62104	7.54859	0.0	0.0	0.0	5.084820000000001	0.0	0.0	0.0	0.0	0.0	0.0	0.0	0.0	0.0	0.0	3.7743	0.0	0.0	0.0	0.0	0.0	0.0	0.0	0.0	2.7782999999999998	0.0	0.0	5.45176	0.0	0.0	7.33891	0.0	0.0	0.0	0.0	0.0	0.0	0.0	0.0	0.0	0.0	0.0	0.0	0.0	27.9927	27.5733	0.0	0.0	0.0	0.0	0.0	0.0	0.0	0.0	0.0	0.0	0.0	0.0	0.0	0.0	0.0	0.0	0.0	0.0	0.0	8.0728	8.02038	0.0	0.0	0.0	0.0	0.0	0.0	0.0	0.0	54.245000000000005	28.41205	6.185655	16.7747	0.0	0.0	3.9839800000000003	0.0	0.0	0.0	0.0	0.0	0.0	0.0	0.0	0.0	0.0	0.0	0.0	0.0	0.0	0.0	0.0	0.0	0.0	0.0	0.0	0.0	0.0	0.0	0.0	0.0	0.0	0.0	16.4011625	0.0	0.0	0.0	0.0	0.0	0.0	68.147	0.0	0.0	0.0	0.0	0.0	0.0	12.0568
N30_2_2	0.0	0.0	0.0	0.0	0.0	0.0	0.0	0.0	0.0	0.0	12.5162	1.4141699999999997	0.0	0.0	0.0	0.0	0.0	0.0	0.0	2.30818	0.0	0.0	0.0	0.0	0.0	1.3654	1.4141699999999997	14.9056	0.0	19.551766666666666	17.51944	0.0	0.0	0.0	0.0	1.422295	0.0	0.0	0.0	0.0	0.0	0.0	0.0	0.0	0.0	0.536408	0.0	0.0	0.0	0.0	0.0	0.0	0.682701	0.0	0.0	4.421303333333333	4.45381	0.0	0.0	2.71455	0.0	0.0	0.0	0.0	0.0	0.0	0.0	0.0	1.65799	0.0	0.0	0.0	0.0	0.0	1.26787	0.0	0.0	0.0	0.0	0.0	0.0	0.0	2.60076	1.162215	0.0	3.7971179999999998	46.50695	0.0	0.0	0.0	0.0	0.0	0.0	0.0	0.0	0.0	0.0	0.0	0.0	7.54222	1.07282	4.32377	0.0	0.0	35.638594999999995	6.53442	0.0	0.0	0.0	0.0	0.0	4.89269	0.0	0.0	0.0	0.0	0.0	0.0	0.0	0.0	0.0	0.0	0.0	0.0	0.0	0.0	0.0	1.64173	0.0	0.0	0.0	0.0	0.0	0.0	0.0	0.0	0.0	3.1425933333333336	3.15343	2.535745	0.0	1.80428	0.0	0.5932995000000001	0.0	0.0	0.0	0.0	0.0	0.0	0.438879	0.0	0.0	0.659944	0.0	0.0	1.99934	2.14563	0.0	0.0	0.0	0.0	0.0	0.0	0.0	0.0	0.0	0.0	0.0	0.0	2.50324	3.02339	3.03964	0.0	94.9279	0.0	0.520153	0.0	0.0	0.0	0.0	0.0	0.0	0.0	0.0	0.666446	0.0	0.0	0.0	0.0	0.0	9.05391	9.05391	0.0	0.0	0.0	0.276331	0.0	0.0	1.62548	0.438879	47.095499999999994	36.9309	0.975287	0.0	0.0	0.0	0.0	0.0	0.0	0.0	0.0	0.0	0.0	0.0	0.0	0.0	0.0	0.0	0.0	0.0	0.0	0.0	0.0	0.0	0.0	0.0	0.0	0.0	0.0	0.0	0.0	0.0	0.0	0.0	0.0	61.3293	54.9249	71.72872777777778	57.87515	0.0	0.0	0.0	0.0	0.0	0.0	3.78736	0.0	0.0	0.0
N30_1_2	0.0	0.0	0.0	0.0	0.0	0.0	0.0	0.0	0.0	0.0	0.0	6.964850000000001	0.0	0.0	0.0	0.0	0.0	0.0	0.0	0.0	0.0	0.0	0.0	0.0	0.0	0.0	6.964850000000001	0.0	0.0	0.0	0.0	0.0	0.0	0.0	0.0	0.0	0.0	0.0	0.0	0.0	0.0	0.0	0.0	0.0	0.0	0.0	0.0	0.0	0.0	0.0	0.0	0.0	2.66739	0.0	0.0	11.657499999999999	11.7069	0.0	0.0	5.63115	0.0	0.0	0.0	0.0	0.0	0.0	0.0	0.0	0.0	0.0	0.0	0.0	0.0	0.0	0.0	0.0	0.0	0.0	0.0	0.0	0.0	0.0	0.0	0.0	0.0	7.231592000000001	0.0	0.0	0.0	0.0	0.0	0.0	0.0	0.0	0.0	0.0	0.0	0.0	0.0	9.78043	2.66739	0.0	0.0	0.0	16.3007	13.9297	0.0	0.0	0.0	0.0	0.0	9.03948	0.0	0.0	0.0	0.0	0.0	0.0	0.0	0.0	0.0	0.0	0.0	0.0	0.0	0.0	0.0	0.0	0.0	0.0	0.0	0.0	0.0	0.0	0.0	0.0	0.0	7.532901666666667	7.5576	7.038945	0.0	0.0	0.0	0.0	0.0	0.0	0.0	0.0	0.0	0.0	0.0	0.0	0.0	0.0	0.0	0.0	0.0	3.8529	0.0	0.0	0.0	0.0	0.0	0.0	0.0	0.0	0.0	0.0	0.0	0.0	0.0	5.63115	6.07572	0.0	0.0	0.0	0.0	0.0	0.0	0.0	0.0	0.0	0.0	0.0	0.0	1.77826	0.0	0.0	0.0	0.0	0.0	27.1185	27.1185	0.0	0.0	0.0	3.11195	0.0	0.0	2.22282	0.0	24.08055	19.2645	1.48188	0.0	0.0	0.0	0.0	0.0	0.0	0.0	0.0	0.0	0.0	0.0	0.0	0.0	0.0	0.0	0.0	0.0	0.0	0.0	0.0	0.0	0.0	0.0	0.0	0.0	0.0	0.0	0.0	0.0	0.0	0.0	0.0	0.0	0.0	0.0	0.0	0.0	0.0	0.0	0.0	0.0	0.0	7.85398	0.0	0.0	0.0
N30_2_4	0.0	0.0	0.0	0.0	0.0	0.0	0.0	0.0	0.0	0.0	0.0	6.21152	0.0	0.0	0.0	0.0	0.0	0.0	0.0	25.8834	0.0	0.0	0.0	0.0	0.0	0.0	6.21152	0.0	7.1065575	0.0	0.0	0.0	0.0	0.0	0.0	29.185299999999998	0.0	0.0	0.0	0.0	0.0	0.0	0.0	0.0	0.0	8.27359	0.0	0.0	0.0	0.0	0.0	0.0	1.63195	0.0	0.0	13.283299999999999	12.6381	0.0	0.0	8.2593575	0.0	0.493379	6.94526	0.0	0.0	0.0	0.0	0.0	9.924515	0.0	0.0	0.0	0.0	0.0	12.3724	0.0	0.0	0.0	0.0	0.0	0.0	0.0	0.0	0.0	15.73392142857143	6.191276	0.0	0.0	0.0	0.0	0.0	2.4669	0.0	0.0	6.774475000000001	0.493379	0.0	0.0	0.0	62.1278	10.9682	32.4492	14.8773	31.1967	31.813477499999998	32.18355	0.3795225	0.796997	1.02471	1.6699	1.25242	36.7757	0.0	0.0	0.0	0.0	0.0	0.0	0.0	0.0	0.0	0.0	0.0	0.0	9.18444	6.4898299999999995	17.8376	16.0538	0.0	0.0	12.505225	1.44219	1.593995	0.0	0.0	0.0	0.0	33.379	33.48335	25.63675	2.65666	26.984	0.0	2.4669	0.0	0.0	0.0	0.0	0.0	0.0	26.300916666666666	9.41216	0.0	41.663979999999995	0.0	0.0	59.2245	16.8888	0.0	0.0	0.0	0.0	0.0	0.0	0.0	0.0	0.0	0.0	0.0	0.0	19.418893333333333	17.097465	21.5948	0.0	0.0	0.0	2.77051	0.0	0.0	0.0	0.0	0.0	0.0	0.0	0.0	4.44041	0.0	0.0	0.0	0.0	0.0	69.168	68.88335000000001	0.0	0.0	0.0	5.31331	0.0	0.0	10.8923	0.0	86.90115	94.90596666666666	4.9527665	0.0	0.0	5.57898	5.616933333333333	0.0	0.0	0.0	0.0	1.10062	0.759045	0.0	0.0	0.0	0.0	0.0	0.0	0.0	0.0	0.0	0.0	0.0	0.759045	1.10062	0.0	0.0	0.0	0.0	3.1879900000000005	0.0	0.0	0.0	28.777285714285714	0.0	0.0	0.0	0.0	0.0	0.0	20.7599	0.0	24.5172	0.0	31.007	0.0	0.0	29.7546
N31_1_2	0.0	0.0	0.0	0.0	0.0	0.0	0.0	0.0	0.0	0.0	10.4503	5.19753	0.0	0.0	0.0	0.0	0.0	0.0	0.0	14.5697	0.0	0.0	0.0	0.0	51.570975000000004	1.34085	5.19753	20.9283	0.0	22.929258333333333	25.30478	0.0	0.0	0.0	0.0	12.4893	0.0	0.0	0.0	0.0	0.0	0.0	0.0	0.0	0.0	5.51546	0.0	0.0	0.0	0.0	0.0	0.0	7.78247	0.0	0.0	53.458933333333334	53.952	0.0	0.0	6.75955	0.0	24.3427	0.0	0.0	0.0	0.0	0.0	0.0	7.40924	0.0	0.0	0.0	0.0	0.0	13.1873	0.0	0.0	0.0	0.0	0.0	0.0	0.0	37.8203	1.32703	0.0	83.37794000000001	25.312037500000002	0.0	0.0	0.0	0.0	1.42379	0.0	0.0	3.62168	0.138232	0.0	0.0	0.0	33.7978	6.23427	20.721	9.92507	0.0	39.6588	28.462	0.207348	0.38705	0.483812	0.594398	1.38232	25.9738	0.0	0.0	0.0	0.0	0.0	0.0	0.0	0.0	0.0	0.0	0.0	0.0	0.0	0.0	0.0	8.03129	0.0	0.0	0.0	0.552929	0.5736635	0.0	7.28483	0.0	0.0	23.296733333333332	23.3889	19.6635	0.0	10.3674	0.0	0.8224815000000001	0.0	0.0	0.0	0.0	0.0	0.0	0.276464	4.85195	0.0	0.414696	0.0	0.0	21.2325	11.7774	0.0	0.0	0.0	0.0	0.0	0.0	0.0	0.0	0.0	0.0	0.0	0.0	11.9571	20.0022	14.777	0.0	54.3252	0.0	0.539105	0.0	0.0	0.0	0.0	0.0	0.0	0.0	0.0	4.39578	0.0	0.0	0.0	0.0	0.0	127.92	127.86449999999999	1.9076	0.0	0.0	9.92507	0.0	0.0	8.72245	0.0	63.83096666666666	73.3183	3.84285	0.0	0.0	2.59876	0.0	0.0	0.0	0.0	0.0	0.0	0.0	0.0	0.0	0.0	0.0	0.0	0.0	0.0	0.0	0.0	0.0	0.0	0.331757	0.262641	0.0	0.0	0.0	0.0	0.691161	0.0	0.0	0.0	0.0	42.3129	39.0368	49.89335555555556	38.705	0.0	0.0	0.0	0.0	16.6293	0.0	21.9236	0.0	0.0	0.0
N31_1_3	0.0	0.0	0.0	0.0	0.0	0.0	0.0	0.0	0.0	0.0	0.440781	1.59783	0.0	0.0	0.0	0.0	0.0	0.0	0.0	3.87061	0.0	0.0	0.0	0.0	3.5021425	1.55651	1.59783	1.21215	0.0	1.5771724999999999	1.32234	0.0	0.0	0.0	0.0	2.01106	0.0	0.0	0.0	0.0	0.0	0.0	0.0	0.0	0.0	2.05239	0.0	0.0	0.0	0.0	0.0	0.0	1.44631	0.0	0.0	8.52176	8.59523	0.0	0.0	3.383335	0.0	2.21768	0.0	0.0	0.0	0.0	0.0	0.0	1.96974	0.0	0.0	0.0	0.0	0.0	1.96974	0.0	0.0	0.0	0.0	0.0	0.0	0.0	2.9064	1.267245	0.0	4.3086313333333335	1.04513325	0.0	0.0	0.0	0.0	0.757592	0.0	0.0	0.261714	0.0	0.0	0.0	0.0	7.83764	1.44631	4.95878	1.95597	0.0	5.006995	7.20401	0.0413232	0.550976	0.826464	0.895336	0.440781	5.73015	0.0	0.0	0.0	0.0	0.0	0.0	0.0	0.0	0.0	0.0	0.0	0.0	0.0	0.0	0.0	2.13503	0.0	0.0	0.0	0.661171	0.7369304999999999	0.0	0.0	0.0	0.0	5.56256	5.57863	4.76594	0.46833	3.08547	0.0	0.606074	0.0	0.0	0.0	0.0	0.0	0.0	0.6083694999999999	2.10748	0.0	0.5812798	0.0	0.0	5.66128	2.89262	0.0	0.0	0.0	0.0	0.0	0.0	0.0	0.0	0.0	0.0	0.0	0.0	3.11301	3.9808	3.69154	0.0	3.08547	0.0	0.661171	0.0	0.0	0.0	0.0	0.0	0.0	0.0	0.0	1.0744	0.0	0.0	0.0	0.0	0.0	13.554	13.53335	0.151518	0.0	0.0	1.33612	0.0	0.0	2.02484	0.0	9.651263333333334	13.4851	0.936659	0.0	0.0	2.43807	0.0	0.0	0.0	0.0	0.234165	0.234165	0.206616	0.0	0.0	0.0	0.0	0.0	0.0	0.0	0.0	0.0	0.0	0.0	0.440781	0.289262	0.0	0.0	0.0	0.0	0.798915	0.0	0.0	0.0	0.0	2.64469	2.43807	3.19107	2.348535	0.0	0.0	0.0	0.0	2.43807	0.0	5.19295	0.0	0.0	0.0
N31_1_4	7.56222	8.561	6.70612	31.6757	12.1281	5.9927	14.9818	12.2708	0.0	0.0	0.0	0.0	0.0	0.0	0.0	0.0	0.0	0.0	0.0	62.11486666666667	41.0928	0.0	0.0	0.0	0.0	0.0	0.0	0.0	0.0	0.0	0.0	0.0	0.0	18.406133333333333	48.5124	0.0	50.0819	46.5148	13.1744	0.0	4.70855	16.694	4.70855	3.99514	5.42197	0.0	6.8488	10.939063333333332	0.0	8.769543846153846	0.0	0.0	0.0	0.0	0.0	0.0	0.0	0.0	0.0	0.0	0.0	0.0	0.0	0.0	0.0	0.0	55.9319	0.0	14.2683	0.0	15.4098	0.0	33.5306	0.0	0.0	0.0	0.0	0.0	0.0	7.41954	7.13417	18.9769	0.0	0.0	11.516628571428571	13.069833333333333	0.0	7.56222	8.27564	0.0	8.917715000000001	5.42197	0.0	0.0	0.0	0.0	0.0	0.0	25.397666666666666	22.2586	1.85488	7.56222	0.0	41.5209	39.00013333333333	29.0123	0.0	0.0	0.0	0.0	0.0	10.8439	0.0	0.0	0.0	0.0	0.0	0.0	0.0	0.0	0.0	15.1244	0.0	8.84637	10.1305	8.346979999999999	25.9684	0.0	39.9514	0.0	16.836624999999998	0.0	0.0	4.70855	0.0	26.5391	0.0	0.0	0.0	0.0	0.0	0.0	0.0	0.0	22.615299999999998	4.0664774999999995	2.425615	7.0770979999999994	4.565868	0.0	3.2817175	0.0	0.0	4.85124	0.0	0.0	0.0	9.845175	0.0	25.1123	3.70977	0.0	15.1244	0.0	0.0	14.2683	17.8354	13.036090909090909	26.350763999999998	5.56465	27.775716666666668	19.785456666666665	0.0	0.0	0.0	0.0	0.0	0.0	46.6575	17.4074	8.84637	54.077	15.1244	23.9708	64.3502	0.0	7.13417	0.0	0.0	0.0	25.9684	12.9842	12.9842	0.0	0.0	0.0	0.0	0.0	0.0	1.99757	0.0	60.283725	62.70935	5.564655	17.8354	0.0	0.0	0.0	0.0	0.0	0.0	0.0	0.0	0.0	0.0	0.0	57.6441	27.2525	30.53425	7.84759	51.5087	16.8366	38.2392	3.70977	4.70855	0.0	0.0	0.0	0.0	0.0	2.28293	0.0	0.0	0.0	0.0	46.916900000000005	0.0	0.0	0.0	0.0	0.0	0.0	52.3648	6.27807	10.487235	0.0	0.0	0.0	0.0	39.2379
N31_2_4	0.366329	0.0	0.244219	0.410732	0.0	0.0	0.466236	0.477337	6.749323333333334	0.0	0.0	0.0	0.0	0.0	0.0	0.0	0.0	0.0	0.0	112.76633333333332	90.5053	13.7096	7.51529	0.0	0.0	0.0	0.0	0.288622	0.0	0.0	0.25532	0.0	19.8039	0.0	0.0	0.0	21.3248	16.9732	0.0	0.0	0.0	0.410732	0.0	0.0	0.13321	0.0	9.87977	15.478299999999999	0.0	0.31539511764705885	0.0	0.0	0.0	0.0	0.0	0.0	0.0	8.845593548387097	0.0	0.0	0.0	0.0	0.0	32.2924	0.0	0.0	1.72063	0.0	0.0	0.0	23.1897	0.0	54.2166	0.0	0.0	0.0	0.0	0.0	0.0	23.948266666666665	10.0796	30.161	0.0	0.0	0.199816	0.0	0.0	13.4098	12.7549	0.0	24.960250000000002	12.74935	5.1952	4.80667	0.0	0.0	1.2655	0.0	34.32072157142857	0.0	0.0	0.0	0.0	0.521741	43.56535	53.02885	0.0	0.0	0.0	0.0	0.0	0.0	0.0	0.821464	12.442866666666667	0.0	0.0	0.0	0.0	0.0	0.0	21.1805	28.729	17.9945	0.25532	0.0	0.25532	0.0	47.1676	17.5838	0.0	0.0	0.0	0.0	0.0	37.8317	0.0	0.0	0.0	0.0	0.0	0.0	0.0	0.0	20.688333333333333	6.052745	3.7779933333333333	8.716025	6.622777999999999	3.130445	0.0	0.0	0.0	0.0	0.0	0.0	0.0	25.8095	0.0	3.8742	7.06015	0.0	18.9381	0.0	25.1657	29.7059	19.8594	20.5477	57.28045	7.7151	34.937599999999996	30.92145	0.0	0.0	0.0	0.0	0.0	0.0	71.8004	31.9816	14.9751	47.8336	11.445	26.9862	54.4164	0.0	11.2785	32.4367	15.3525	18.21095	34.5126	0.0	0.0	0.0	0.0	0.0	0.0	10.8788	0.0	0.0	0.0	87.68186666666666	48.6218	7.09345	19.7817	10.6235	0.0	0.0	82.5016	0.0	0.0	0.0	0.0	0.0	0.0	0.0	141.991	49.0103	44.30355	14.1647	82.1242	34.9011	56.4035	6.53841	7.7539549999999995	0.0	0.0	0.0	0.0	1.70953	0.932473	0.0	0.0	0.0	0.0	0.0	0.0	0.0	0.0	0.0	0.0	0.0	85.5322	9.87977	30.0944	0.0	0.0	30.6273	32.8475	0.421833
N31_2_2	0.0	0.0	0.0	0.0	0.0	0.0	0.0	0.0	0.0	0.0	24.1745	0.563426	0.0	0.0	0.0	0.0	0.0	0.0	0.0	0.848073	0.0	0.0	0.0	0.0	1.85974	0.0	0.563426	52.557	0.226691	58.14285833333333	60.286500000000004	0.0	0.184874	0.0	0.0	0.0	0.0	0.0	0.0	0.228892	0.0	0.0	0.0	0.0	0.0	0.0	0.0	0.0	0.0	0.0	0.0	0.0	0.431373	0.0	0.0	2.347606666666667	2.36815	0.0	0.0	0.272909	0.0	0.977191	0.0	0.0	0.0	0.0	0.0	0.0	0.739496	0.0	0.404962	0.0	0.730693	0.0	0.44898	0.0	0.0	0.0	0.0	0.0	0.0	0.0	1.59344	0.0	0.545819	3.111753333333333	61.8172375	0.14966	0.255302	0.0	0.0	0.0	0.0	0.0	0.16286499999999998	0.0	0.0	0.0	0.44017599999999996	5.29972	0.360945	1.19728	0.581033	1.68147	18.388112857142858	1.9925300000000001	0.0528211	0.0	0.0	0.0	0.0	1.54942	0.0	0.0	0.0	0.0	0.0	0.0	0.0	0.0	0.0	0.0	0.0	0.0	0.642657	0.277311	0.739496	0.396159	1.64626	0.0	0.77471	0.0	0.0	0.0	0.0	0.352141	0.0	1.0549533333333334	1.05642	0.884754	0.0	0.0	0.0	0.0	0.0	0.0	0.0	0.0	0.08803526	0.0	0.0	0.0	0.0	0.0	0.0	0.0	1.07403	0.5062025	0.0	0.0	0.0	0.0	0.0	0.0	0.0	0.0	0.184874	0.0	0.0	0.0	1.4144323333333333	1.1488595	0.765907	0.0	128.822	0.0	0.0	0.0	0.0	0.14966	0.0	0.184874	0.0	0.184874	0.334534	0.0	0.0	0.0	0.0	0.0	0.537015	4.70108	4.70108	0.114446	0.0	0.0	0.343337	0.0	0.0	0.413766	0.0	89.884	0.0	0.5282115000000001	0.0	0.0	0.0	0.22595733333333334	0.0	0.0	0.0	0.0	0.0	0.0	0.0	0.0	0.730693	0.0	0.334534	0.0792317	0.0	0.0	0.264106	0.0	0.0	0.0	0.0	0.0	0.0	0.0	0.167267	0.0	0.0	0.0	0.0	1.570451	105.105	96.7243	120.51515263157894	96.80330000000001	0.0	0.0	21.8592	0.0	0.77471	0.0	1.0036	0.0	0.0	1.83113
N32_1_2	0.0	0.0	0.0	0.0	0.0	0.0	0.0	0.0	0.0	0.0	0.0	0.0	0.0	0.0	0.0	0.0	0.0	0.0	0.0	0.0	0.0	0.0	0.0	0.0	36.9691	0.0	0.0	0.0	0.0	0.0	0.0	0.0	0.0	0.0	0.0	9.509115	0.0	0.0	0.0	0.0	0.0	0.0	0.0	0.0	0.0	0.0	0.0	0.0	0.0	0.0	0.0	0.0	0.0	0.0	0.0	26.263266666666667	27.1689	0.0	0.0	0.0	0.0	9.70318	0.0	0.0	0.0	0.0	0.0	0.0	0.0	0.0	0.0	0.0	0.0	0.0	104.018	0.0	0.0	0.0	0.0	0.0	0.0	0.0	0.0	0.0	0.0	44.09124	0.0	0.0	0.0	0.0	0.0	0.0	0.0	0.0	0.0	0.0	0.0	0.0	0.0	24.0639	7.37441	0.0	0.0	0.0	24.452	26.0045	0.0	0.0	0.0	0.0	0.0	23.6757	0.0	0.0	0.0	0.0	0.0	0.0	0.0	0.0	0.0	0.0	0.0	0.0	0.0	0.0	0.0	0.0	0.0	0.0	0.0	0.0	0.0	0.0	0.0	0.0	0.0	17.78911666666667	17.8538	15.137	0.0	12.0319	0.0	0.0	0.0	0.0	0.0	0.0	0.0	0.0	0.0	0.0	0.0	0.0	0.0	0.0	0.0	14.7488	0.0	0.0	0.0	0.0	0.0	0.0	0.0	0.0	0.0	0.0	0.0	0.0	0.0	0.0	0.0	0.0	0.0	0.0	0.0	0.0	0.0	0.0	0.0	0.0	0.0	0.0	0.0	0.0	0.0	0.0	0.0	0.0	0.0	117.991	117.991	0.0	0.0	0.0	7.37441	0.0	0.0	5.43378	0.0	52.7853	46.5752	0.0	0.0	0.0	0.0	0.0	0.0	0.0	0.0	0.0	0.0	0.0	0.0	0.0	0.0	0.0	0.0	0.0	0.0	0.0	0.0	0.0	0.0	0.0	0.0	0.0	0.0	0.0	0.0	0.0	0.0	0.0	0.0	0.0	0.0	0.0	0.0	0.0	0.0	0.0	0.0	0.0	25.2283	116.7615	18.6301	0.0	0.0	0.0
N32_1_3	0.0	0.0	0.0	0.0	0.0	0.0	0.0	0.0	0.0	0.0	0.0	2.66515	0.0	0.0	0.0	0.0	0.0	0.0	0.0	8.84603	0.0	0.0	0.0	0.0	19.9461	0.0	2.66515	0.0	2.8919724999999996	0.0	0.0	0.0	0.0	0.0	0.0	9.398905	0.0	0.0	0.0	0.0	0.0	0.0	0.0	0.0	0.0	0.0	0.0	0.0	0.0	0.0	0.0	0.0	3.78508	0.0	0.0	21.9922	22.3135	0.0	0.0	3.37574	0.0	9.93761	1.3184	0.0	0.0	0.0	0.0	0.0	4.2529	0.0	0.0	0.0	0.0	0.0	7.41422	1.0774	0.8836583333333333	0.0	0.0	0.0	0.0	0.0	0.0	0.0	0.0	16.412406666666666	0.0	0.0	0.0	0.0	0.0	1.04905	0.0	0.0	2.48086	0.0	0.0	0.0	0.0	20.499	4.11114	13.8219	7.30081	0.0	21.2929	19.0246	0.21264499999999997	0.0	0.0	0.0	0.893109	16.4445	0.0	0.0	0.0	0.0	0.0	0.0	0.0	0.0	0.0	0.0	0.0	0.0	0.0	0.0	0.0	4.94754	0.0	0.0	0.0	0.0	0.0	0.0	5.58547	0.0	0.0	15.995616666666665	16.03695	13.63055	0.510348	8.53415	0.311879	0.0	0.0	0.0	0.0	0.0	0.0	0.0	2.9415866666666663	0.0	0.0	4.077114	0.0	0.0	10.8732	7.28663	0.0	0.0	0.0	0.0	0.0	0.0	0.0	0.0	0.0	0.0	0.0	0.0	4.295427	12.6595	9.22879	0.0	0.0	0.0	0.0	0.0	0.0	0.0	0.0	0.0	0.0	0.0	0.0	2.12645	0.0	0.0	0.0	0.0	0.0	49.7589	49.73765	4.38049	0.0	0.0	4.29543	0.0	0.0	5.8123	1.3751	34.66825	35.455	2.77856	0.0	0.0	0.0	1.5924733333333334	0.0	0.0	0.0	0.0	0.0	0.0	0.0	0.0	0.0	0.0	0.0	0.0	0.0	0.0	0.0	0.0	0.0	0.0	0.0	0.0	0.0	0.0	0.0	0.0	0.0	0.0	0.0	0.6615620833333333	0.0	0.0	0.0	0.0	0.0	0.0	0.0	0.0	12.1066	1.2782333333333333	15.7641	0.0	0.0	0.0
N32_1_4	0.0	1.14511	0.916084	2.97727	1.83217	1.06876	2.21387	1.75583	0.0	0.0	0.0	0.0	0.0	0.0	0.0	0.0	0.0	0.0	0.0	10.611333333333333	0.0	0.0	0.0	0.0	0.0	0.0	0.0	0.0	0.0	0.0	0.0	0.0	0.0	13.054208	7.02331	0.0	7.40501	7.32867	2.25204	0.0	2.2138696666666666	2.82459	1.75583	1.75583	0.0	0.0	0.0	0.0	0.0	2.239316666666667	0.0	0.0	0.0	0.0	0.0	0.0	0.0	0.0	0.0	0.0	0.0	0.0	0.0	0.0	0.0	0.0	6.94697	0.0	12.1381	0.0	2.44289	0.0	7.86306	0.0	0.0	0.0	0.0	0.0	0.0	0.0	0.0	2.59557	0.0	0.0	16.843964285714286	0.0	0.0	1.22145	1.37413	0.0	1.90851	0.0	0.0	0.0	0.0	0.0	0.0	0.0	4.42774	0.0	0.0	0.0	0.0	32.1393	11.941817142857143	5.22931	0.0	0.0	0.0	0.0	0.0	0.0	0.0	0.0	0.0	0.0	0.0	0.0	0.0	0.0	0.0	2.67191	0.0	0.0	10.0769	6.870635	19.2378	0.0	7.32867	0.0	11.71825	0.0	0.0	0.0	0.0	3.9697	0.0	0.0	0.0	0.0	0.0	0.0	0.0	0.0	0.0	0.687063	0.458042	0.941531	0.0	0.0	0.0	0.0	0.0	0.0	0.0	0.0	0.0	2.06119	0.0	3.12995	0.0	0.0	0.0	0.0	0.0	0.0	2.06119	0.0	0.0	0.763404	26.5664	3.89336	0.0	0.0	0.0	0.0	0.0	0.0	4.7331	3.20629	1.06876	7.55769	1.22145	3.20629	7.63404	0.0	1.14511	0.0	0.0	0.0	3.66434	0.0	0.0	0.0	0.0	0.0	0.0	0.0	0.0	0.0	0.0	35.8036	46.644	0.0	2.44289	0.0	0.0	0.0	0.0	0.0	0.0	0.0	0.0	0.0	0.0	0.0	7.78672	4.04604	3.66434	0.916084	5.95455	0.0	5.03846	1.45047	1.29779	0.0	0.0	0.0	0.0	0.0	0.0	0.0	0.0	0.0	0.0	39.308929166666665	0.0	0.0	0.0	0.0	0.0	0.0	11.9091	0.0	0.0	0.0	0.0	0.0	0.0	30.7652
N32_2_4	1.22254	18.7086	1.03731	0.0	0.0	0.629794	1.81529	1.51891	0.0	0.0	0.0	0.0	0.0	0.0	0.0	0.0	0.0	0.0	0.0	137.45566666666664	110.844	16.0412	8.63188	0.0	0.0	0.0	0.0	0.0	0.0	0.0	0.0	0.0	24.9695	57.447066666666665	104.805	0.0	110.881	95.5064	24.043300000000002	0.0	13.7443	23.0801	19.4866	22.6355	0.0	0.0	11.3363	17.060025	0.0	0.0	0.0	0.0	0.0	0.0	0.0	0.0	0.0	11.080548064516128	0.0	0.0	0.0	0.0	0.0	40.0475	0.0	0.0	83.0216	10.9288	5.37177	0.0	32.3047	0.0	70.9444	0.0	0.0	0.0	0.0	0.0	0.0	32.070100000000004	11.5956	36.3799	0.0	0.0	0.0	0.889121	0.0	17.0044	15.4855	0.0	28.09995	16.8007	7.52048	6.7425	0.0	0.0	0.0	0.0	44.23993333333334	12.7441	0.0	0.0	0.0	13.3368	46.456545999999996	74.3342	0.0	0.0	0.0	0.0	0.0	0.0	0.0	0.0	0.0	0.0	0.0	0.0	0.0	0.0	0.0	24.8213	34.6387	21.0425	4.85312	3.2786299999999997	7.00183	0.0	61.2011	22.6726	6.7425	0.0	0.0	0.0	0.0	42.1221	0.0	0.0	0.0	0.0	0.0	0.0	0.0	0.0	0.0	0.0	0.0	0.0	0.0	2.79703	0.0	0.0	0.0	0.0	0.0	0.0	0.0	34.8239	0.0	0.0	0.0	0.0	20.598	0.0	28.2666	31.8972	25.9327	23.92208181818182	66.69830384615385	9.55805	42.18561428571429	41.93685	0.0	0.0	0.0	0.0	0.0	0.0	78.9465	38.1951	17.2267	49.8278	16.4858	34.12	60.8677	0.0	13.7814	36.6762	17.9676	22.7652	42.4926	0.0	0.0	0.0	0.0	0.0	0.0	13.1516	0.0	0.0	0.0	106.21276666666667	49.3277	10.4472	20.0052	11.3363	0.0	0.0	0.0	0.0	0.0	0.0	0.0	0.0	0.0	0.0	167.155	59.4599	52.7175	15.893	94.7284	41.5293	66.0543	9.85442	9.761800000000001	0.0	0.0	0.0	0.0	2.63032	1.92643	0.0	0.0	0.0	0.0	0.0	0.0	0.0	0.0	0.0	0.0	0.0	85.0592	14.0407	37.7876	0.0	0.0	36.3799	37.1208	11.5956
N32_2_3	0.0	3.63077	0.0	0.0	0.0	0.0	0.0	0.0	0.0	0.0	11.0402	0.578234	0.0	0.0	7.387518947368422	4.38382	5.984045	7.301880000000001	0.0	25.5947	20.2113	3.09288	1.06234	6.904832105263158	2.7667825	0.0	0.578234	22.507424999999998	0.34963	24.028058333333334	26.007060000000003	0.0	5.59408	6.70684	16.083	3.435785	16.7015	14.5096	3.3887199999999997	0.0	1.445585	0.0	2.95841	3.37527	0.0	0.0	2.90462	5.05618	0.0	0.0	0.0	0.0	1.07578	0.0	10.894896153846153	4.477946666666667	4.57208	1.6702472413793104	0.240370625	1.3312825	0.0	1.34473	1.65402	6.88502	0.0	0.0	16.325	1.69436	1.33128	0.0	8.00114	0.0	13.7028	0.0	1.57333	0.215157	0.0	0.0	0.0	4.675176666666666	2.28604	7.31533	1.15647	0.0	0.0	2.615050666666667	36.3715625	3.7518	3.41561	0.0	4.30986	2.9516799999999996	1.27749	1.12957	1.11613	0.0	0.268946	0.0	7.884598333333333	11.2419	1.15647	3.88627	2.46086	2.33983	18.683683000000002	13.711766666666668	0.0	0.0	0.0	0.0	0.0	5.90336	0.0	0.0	0.0	0.0	0.0	0.0	0.0	0.0	0.0	3.89972	5.93026	4.10143	0.591681	0.685812	0.900969	0.0	14.8324	3.55009	1.30439	0.0	0.0	0.0	1.92296	7.92046	0.0	5.479776666666667	5.4865	4.7334499999999995	0.403419	4.30313	0.0	0.0	0.0	0.0	0.0	0.134473	0.15598879999999998	0.510997	5.287028333333334	0.0	0.0	6.642962	0.0	0.0	13.74315	5.022565	0.0	0.0	0.0	0.0	0.0	0.0	4.30313	4.2359	5.41926	3.856926363636364	10.451642307692309	1.93641	9.619315	7.019486666666666	0.0	0.0	118.269	0.0	0.0	0.0	10.3813	5.39237	2.60878	5.47305	2.35328	4.58553	8.86177	0.551339	2.13812	5.44616	2.62222	3.57698	8.2163	15.5854	15.5787	0.524445	3.55681	4.73345	1.74815	2.25915	0.0	2.00365	0.0	40.671416666666666	49.123	1.93641	6.65641	2.17846	0.0	0.336182	0.0	0.0	0.0	0.0	0.0	0.0	0.0	0.0	23.3714	8.41801	8.31043	2.52809	13.2456	5.4865	8.48524	0.0	1.31783	0.0	0.0	9.31195695652174	0.0	2.20536	1.5061	0.0	0.0	0.0	0.0	0.6296498235294118	42.6952	39.1585	49.38414210526316	39.0577	0.0	0.0	34.573	2.71635	5.109975	0.8494208333333333	4.38382	5.83613	6.30678	2.12467
N33_1_3	0.0	0.989496	0.0	0.0	0.0	0.0	0.0	0.0	0.0	0.0	0.0	12.492399999999998	0.0	0.0	0.0	0.0	0.0	0.0	0.0	9.163146666666666	7.60675	1.48424	0.0	0.0	27.157025	12.4305	12.492399999999998	0.0	0.0	0.0	0.0	0.0	1.66977	2.4222033333333335	3.86522	11.13185	4.42181	3.49416	0.8864233333333335	0.0	0.649357	0.0	0.803966	0.958574	0.0	0.0	0.865809	1.66977	0.0	0.0	0.0	0.0	13.1417	0.0	0.0	65.12123333333334	65.9561	0.7716383181818182	0.6324904545454545	19.612125	0.0	13.9148	0.896731	4.73103	0.0	0.0	10.0186	0.0	10.5752	0.0	3.40139	0.0	5.38038	0.0	15.399	0.0	0.0	0.0	0.0	2.5252766666666666	1.17503	2.69019	14.7806	9.307445	0.0	21.88230666666667	0.0	1.02042	1.08226	0.0	1.468785	1.1441050000000001	0.7421219999999998	0.618435	2.56651	0.0	0.0	0.0	3.684841666666667	44.4346	8.28703	23.7788	7.17385	0.0	11.00427125	15.708256666666665	0.38652200000000003	0.0	0.0	0.0	0.0	29.2211	0.0	0.0	0.0	0.0	0.0	0.0	0.0	0.0	0.0	1.91715	2.78296	1.36056	0.0	0.0	0.0	0.0	3.64877	2.16452	0.0	0.0	0.0	0.0	6.21527	3.52508	0.0	30.05078333333333	30.125525	25.20125	1.36056	17.6563	0.0	0.0	0.0	0.0	0.0	0.0	0.247374	0.0	1.6852349999999998	0.0	0.0	1.335824	0.0	0.0	37.3226	7.91596	0.0	0.0	0.432905	0.0	0.0	0.0	2.07176	2.1336	0.927652	2.00991	5.207936538461539	1.08226	6.137973333333334	8.555033333333332	0.0	0.0	0.927652	0.0	0.0	0.0	3.49416	2.16452	1.05134	2.47374	1.17503	2.16452	4.20536	4.88564	1.48424	2.75204	0.958574	1.60793	2.8448	72.1095	72.06315000000001	1.4224	0.0	0.0	8.84362	0.680278	0.0	11.3792	0.0	53.721399999999996	67.5949	2.999409	0.0	1.1441	0.0	0.0	0.0	0.0	0.0	0.0	0.0	0.0	0.0	0.0	12.6161	3.46324	4.29812	0.773044	4.45273	3.03033	3.61784	0.834887	0.680278	0.0	0.0	0.0	0.0	0.0	0.0	0.0	0.0	0.0	0.0	0.0	0.0	0.0	0.0	0.0	0.0	0.0	24.3973	1.36056	7.51399	0.0	27.7677	2.96849	3.09218	0.0
N33_2_3	0.0	5.95756	0.0	0.0	0.0	0.0	0.0	0.0	0.0	0.0	0.0	1.74842	0.0	0.0	0.0	0.0	0.0	0.0	0.0	46.73233333333334	36.5872	5.69854	0.0	0.0	0.0	0.0	1.74842	0.0	0.0	0.0	0.0	0.0	6.99366	19.621133333333333	35.0331	2.266465	36.2634	31.5362	8.720493333333334	0.0	3.56159	0.0	6.73464	7.70598	0.0	0.0	4.01488	8.87159	0.0	0.0	0.0	0.0	1.68366	0.0	0.0	3.6479266666666668	3.62634	3.8397985185185184	0.0	1.68366	0.0	0.0	1.35988	12.6274	0.0	0.0	25.9672	0.0	0.0	0.0	9.64866	0.0	22.4056	0.0	0.0	0.0	0.0	0.0	0.0	9.022686666666667	3.82061	13.7931	0.0	0.0	0.0	3.263706	0.0	5.69854	5.56903	0.0	10.522895	6.31372	2.97878	2.52549	0.0	0.0	0.0	0.0	17.9806	2.46073	0.0	0.0	0.0	0.0	21.054985714285714	15.843653333333334	0.0	0.0	0.0	0.0	0.0	0.0	0.0	0.0	0.0	0.0	0.0	0.0	0.0	0.0	0.0	10.0372	11.5913	8.61256	0.0	0.0	0.0	0.0	18.9735	6.79939	0.0	0.0	0.0	0.0	0.0	17.2251	0.0	0.0	0.0	0.0	0.0	0.0	0.0	0.0	0.0	0.0	0.0	0.0	0.0	1.0361	1.4246299999999998	0.0	0.0	4.118487999999999	0.0	0.0	6.21659	10.8143	0.0	0.0	0.0	0.0	0.0	0.0	10.62	11.5913	9.45439	9.45439	23.494023076923078	3.82061	20.5277	13.9873	0.0	0.0	2.78451	0.0	0.0	0.0	29.5935	11.8504	5.05098	19.9449	4.92146	10.4905	20.0096	0.0	5.69854	14.3111	7.57647	9.13061	13.6635	5.37476	5.37476	0.518049	0.0	0.0	0.0	3.75585	0.0	0.0	0.0	18.153306666666666	6.73464	2.13695	7.70598	4.79195	0.0	0.0	0.0	0.0	0.0	0.0	0.0	0.0	0.0	0.0	59.3166	18.7145	16.9661	6.86415	33.4789	14.5054	23.2474	3.10829	3.95012	0.0	0.0	0.0	0.0	0.0	0.0	0.0	0.0	0.0	0.0	0.0	0.0	0.0	0.0	0.0	0.0	0.0	25.1901	4.79195	11.8504	0.0	0.0	13.8578	13.1455	0.0
N33_2_4	0.0	28.6989	0.0	0.0	0.0	0.0	0.0	0.0	0.0	0.0	0.0	0.0	0.0	0.0	0.0	0.0	0.0	0.0	0.0	190.43800000000002	148.701	21.1368	13.5747	0.0	0.0	0.0	0.0	0.0	0.0	0.0	0.0	0.0	36.571	78.84456666666667	127.998	0.0	134.197	116.469	30.517133333333334	0.0	15.3412	0.0	28.0791	32.9139	0.0	0.0	18.8434	30.6824	0.0	0.0	0.0	0.0	0.0	0.0	0.0	0.0	0.0	16.36976875	0.0	0.0	0.0	0.0	0.0	56.4681	0.0	0.0	118.143	9.7316	3.2232	0.0	38.5545	0.0	89.4439	0.0	0.0	0.0	0.0	0.0	0.0	44.0918	13.9466	51.1374	0.0	0.0	0.0	0.0	0.0	19.2153	18.7814	0.0	38.39955	21.72565	9.989866666666666	8.67786	0.0	0.0	2.4174	0.0	66.23066666666666	0.0	0.0	0.0	0.0	10.4134	71.700825	84.4542	0.0	0.0	0.0	0.0	0.0	0.0	0.0	0.0	0.0	0.0	0.0	0.0	0.0	0.0	0.0	36.385	48.472	27.5212	3.2232	1.952515	4.89679	0.0	77.4809	28.1411	4.21496	0.0	0.0	0.0	0.0	62.8525	0.0	0.0	0.0	0.0	0.0	0.0	0.0	0.0	0.0	0.0	0.0	0.0	0.0	5.29969	0.0	0.0	0.0	0.0	0.0	0.0	0.0	44.0091	0.0	0.0	0.0	0.0	29.6907	0.0	41.0959	47.0464	30.5585	40.2281	96.8773076923077	15.0623	63.317364999999995	56.15815	0.0	0.0	0.0	0.0	0.0	0.0	110.085	49.4018	20.455	70.4146	18.1615	44.2571	82.0677	0.0	19.8971	53.8027	26.8394	32.9139	54.3606	0.0	0.0	0.0	0.0	0.0	0.0	20.393	0.0	0.0	0.0	101.7996	30.2485	9.66961	22.3765	17.5417	0.0	0.0	0.0	0.0	0.0	0.0	0.0	0.0	0.0	0.0	241.182	74.6296	70.6626	19.4012	124.961	62.4186	89.8778	0.0	14.38045	0.0	0.0	0.0	0.0	0.0	0.0	0.0	0.0	0.0	0.0	0.0	0.0	0.0	0.0	0.0	0.0	0.0	103.329	17.2937	48.9679	0.0	0.0	53.6168	59.3813	10.7853
N33_1_4	0.0	0.0	0.0	0.0	0.0	0.0	0.0	0.0	0.0	0.0	0.0	0.0	0.0	0.0	0.0	0.0	0.0	0.0	0.0	0.0	0.0	0.0	0.0	0.0	0.0	0.0	0.0	0.0	0.0	0.0	0.0	0.0	0.0	0.0	0.0	0.0	0.0	0.0	0.0	0.0	0.0	0.0	0.0	0.0	0.0	0.0	0.0	0.0	0.0	0.0	0.0	0.0	0.0	0.0	0.0	0.0	0.0	0.0	0.0	0.0	0.0	0.0	0.0	0.0	0.0	0.0	0.0	0.0	0.0	0.0	0.0	0.0	0.0	0.0	0.0	0.0	0.0	0.0	0.0	0.0	0.0	0.0	0.0	0.0	0.0	0.0	0.0	0.0	0.0	0.0	0.0	0.0	0.0	0.0	0.0	0.0	0.0	0.0	0.0	0.0	0.0	0.0	0.0	0.0	0.0	0.0	0.0	0.0	0.0	0.0	0.0	0.0	0.0	0.0	0.0	0.0	0.0	0.0	0.0	0.0	0.0	0.0	0.0	0.0	0.0	0.0	0.0	0.0	0.0	0.0	0.0	0.0	0.0	0.0	0.0	0.0	0.0	0.0	0.0	0.0	0.0	0.0	0.0	0.0	0.0	0.0	0.0	0.0	0.0	0.0	0.0	0.0	0.0	0.0	0.0	0.0	0.0	0.0	0.0	0.0	0.0	0.0	0.0	0.0	0.0	0.0	0.0	0.0	0.0	0.0	0.0	0.0	0.0	0.0	0.0	0.0	0.0	0.0	0.0	0.0	0.0	0.0	0.0	0.0	0.0	0.0	0.0	0.0	0.0	0.0	0.0	0.0	0.0	0.0	0.0	0.0	0.0	0.0	0.0	0.0	0.0	0.0	0.0	0.0	0.0	0.0	0.0	0.0	0.0	0.0	0.0	0.0	0.0	0.0	0.0	0.0	0.0	0.0	0.0	0.0	0.0	0.0	0.0	0.0	0.0	0.0	0.0	0.0	0.0	0.0	0.0	0.0	0.0	0.0	0.0	0.0	0.0	0.0	0.0	0.0	0.0	0.0	0.0	0.0	0.0	0.0	0.0	0.0	0.0	0.0
N34_1_2	0.0	0.0	0.0	0.0	0.0	0.0	0.0	0.0	0.0	0.0	0.0	0.0	0.0	0.0	0.0	0.0	0.0	0.0	0.0	0.0	0.0	0.0	0.0	0.0	0.0	0.0	0.0	0.0	0.0	0.0	0.0	0.0	0.0	0.0	0.0	0.0	0.0	0.0	0.0	0.0	0.0	0.0	0.0	0.0	0.0	0.0	0.0	0.0	0.0	0.0	0.0	0.0	0.0	0.0	0.0	0.0	0.0	0.0	0.0	0.0	0.0	0.0	0.0	0.0	0.0	0.0	0.0	0.0	0.0	0.0	0.0	0.0	0.0	0.0	0.0	0.0	0.0	0.0	0.0	0.0	0.0	0.0	0.0	0.0	0.0	0.0	0.0	0.0	0.0	0.0	0.0	0.0	0.0	0.0	0.0	0.0	0.0	0.0	0.0	0.0	0.0	0.0	0.0	0.0	0.0	0.0	0.0	0.0	0.0	0.0	0.0	0.0	0.0	0.0	0.0	0.0	0.0	0.0	0.0	0.0	0.0	0.0	0.0	0.0	0.0	0.0	0.0	0.0	0.0	0.0	0.0	0.0	0.0	0.0	0.0	0.0	0.0	0.0	0.0	0.0	0.0	0.0	0.0	0.0	0.0	0.0	0.0	0.0	0.0	0.0	0.0	0.0	0.0	0.0	0.0	0.0	0.0	0.0	0.0	0.0	0.0	0.0	0.0	0.0	0.0	0.0	0.0	0.0	0.0	0.0	0.0	0.0	0.0	0.0	0.0	0.0	0.0	0.0	0.0	0.0	0.0	0.0	0.0	0.0	0.0	0.0	0.0	0.0	0.0	0.0	0.0	0.0	0.0	0.0	0.0	0.0	0.0	0.0	0.0	0.0	0.0	0.0	0.0	0.0	0.0	0.0	0.0	0.0	0.0	0.0	0.0	0.0	0.0	0.0	0.0	0.0	0.0	0.0	0.0	0.0	0.0	0.0	0.0	0.0	0.0	0.0	0.0	0.0	0.0	0.0	0.0	0.0	0.0	0.0	0.0	0.0	0.0	0.0	0.0	0.0	0.0	0.0	0.0	0.0	0.0	0.0	0.0	0.0	0.0	0.0
N34_1_4	0.0	0.0	0.0	0.0	0.0	0.0	0.0	0.0	0.0	0.0	0.0	0.0	0.0	0.0	0.0	0.0	0.0	0.0	0.0	0.0	0.0	0.0	0.0	0.0	0.0	0.0	0.0	0.0	0.0	0.0	0.0	0.0	0.0	0.0	0.0	0.0	0.0	0.0	0.0	0.0	0.0	0.0	0.0	0.0	0.0	0.0	0.0	0.0	0.0	0.0	0.0	0.0	0.0	0.0	0.0	0.0	0.0	0.0	0.0	0.0	0.0	0.0	0.0	0.0	0.0	0.0	0.0	0.0	0.0	0.0	0.0	0.0	0.0	0.0	0.0	0.0	0.0	0.0	0.0	0.0	0.0	0.0	0.0	0.0	0.0	0.0	0.0	0.0	0.0	0.0	0.0	0.0	0.0	0.0	0.0	0.0	0.0	0.0	0.0	0.0	0.0	0.0	0.0	0.0	0.0	0.0	0.0	0.0	0.0	0.0	0.0	0.0	0.0	0.0	0.0	0.0	0.0	0.0	0.0	0.0	0.0	0.0	0.0	0.0	0.0	0.0	0.0	0.0	0.0	0.0	0.0	0.0	0.0	0.0	0.0	0.0	0.0	0.0	0.0	0.0	0.0	0.0	0.0	0.0	0.0	0.0	0.0	0.0	0.0	0.0	0.0	0.0	0.0	0.0	0.0	0.0	0.0	0.0	0.0	0.0	0.0	0.0	0.0	0.0	0.0	0.0	0.0	0.0	0.0	0.0	0.0	0.0	0.0	0.0	0.0	0.0	0.0	0.0	0.0	0.0	0.0	0.0	0.0	0.0	0.0	0.0	0.0	0.0	0.0	0.0	0.0	0.0	0.0	0.0	0.0	0.0	0.0	0.0	0.0	0.0	0.0	0.0	0.0	0.0	0.0	0.0	0.0	0.0	0.0	0.0	0.0	0.0	0.0	0.0	0.0	0.0	0.0	0.0	0.0	0.0	0.0	0.0	0.0	0.0	0.0	0.0	0.0	0.0	0.0	0.0	0.0	0.0	0.0	0.0	0.0	0.0	0.0	0.0	0.0	0.0	0.0	0.0	0.0	0.0	0.0	0.803318	0.0	0.0	0.0	0.0
N34_2_2	0.0	0.0	0.0	0.0	0.0	0.0	0.0	0.0	0.0	0.0	0.0	2.03982	0.0	0.0	0.0	0.0	0.0	0.0	0.0	0.0	0.0	0.0	0.0	0.0	13.532174999999999	0.0	2.03982	0.281744	0.0	0.23478666666666667	0.259204	0.0	0.0	0.0	0.0	3.9782200000000003	0.0	0.0	0.0	0.0	0.0	0.0	0.0	0.0	0.0	0.0	0.0	0.0	0.0	0.0	0.0	0.0	2.32157	0.0	0.0	12.8663	12.9715	0.0	0.0	0.822691375	0.0	5.56725	0.0	0.0	0.0	0.0	0.0	0.0	1.57776	0.0	0.0	0.0	0.0	0.0	3.74156	0.0	0.0	0.0	0.0	0.0	0.0	0.0	0.0	0.0	0.0	21.199133333333332	0.37471875	0.0	0.0	0.0	0.0	0.0	0.0	0.0	1.00301	0.0	0.0	0.0	0.383171	9.28627	1.6003	6.04058	3.0541	0.0	5.448919999999999	8.63263	0.084523	0.0	0.0	0.0	0.0	6.50264	0.0	0.0	0.0	0.0	0.0	0.0	0.0	0.0	0.0	0.0	0.0	0.0	0.0	0.0	0.0	0.0	0.0	0.0	0.0	0.0	0.0	0.0	2.20887	0.0	0.0	6.500763333333334	6.51391	5.708125000000001	0.0	4.0233	0.5264581428571429	0.0	0.43952	0.0	0.0	0.0	0.0	0.0	0.0	0.0	0.0	0.0	0.0	0.833961	6.76185	3.40346	0.0	0.0	0.0	0.0	0.0	0.0	0.0	0.0	0.0	0.0	0.0	0.0	0.9241215	2.4117279999999996	3.66267	1.0236716666666668	0.935389	1.075325	0.0	0.0	0.0	0.0	0.0	0.0	0.0	0.0	0.0	0.0	0.0	0.0	0.608566	0.0	0.0	34.7559	34.739000000000004	0.42825	0.0	0.0	2.95267	0.0	0.0	2.07363	0.631106	11.510176666666666	15.4621	0.574757	0.349362	0.0	0.0	0.0	0.0	0.0	0.0	0.0	0.0	0.0	0.0	0.0	0.0	0.0	0.0	0.0	0.0	0.0	0.0	0.0	0.0	0.0	0.0	0.0	0.0	0.0	0.0	0.0	0.0	0.0	0.0	0.0	0.552218	0.0	0.6292277222222222	0.597297	0.0	0.0	1.87078	0.0	5.38694	0.0	6.90835	0.0	0.0	0.0
N34_2_3	0.0	0.0	0.0	0.0	0.0	0.0	0.0	0.0	0.0	0.0	2.67524	1.33762	0.0	0.0	0.0	0.0	0.0	0.0	0.0	4.29747	0.0	0.0	0.0	0.0	3.42588	0.0	1.33762	5.7880625	0.0	7.1244966666666665	6.80195	0.0	0.0	0.0	0.0	4.703025	0.0	0.0	0.0	0.0	0.0	0.0	0.0	0.0	0.0	1.97797	0.0	0.0	0.0	0.0	0.0	0.0	2.36218	0.0	0.0	12.4228	12.6078	0.0	0.0	5.0481025	0.0	1.423	0.910721	0.0	0.0	0.0	0.0	0.0	5.435865	0.0	0.0	0.0	0.0	0.0	2.23411	0.21345	0.0	0.0	0.0	0.0	0.0	0.0	1.46569	0.626121	0.0	2.4589440000000002	10.1655725	0.0	0.0	0.0	0.0	0.0	0.0	0.0	1.53684	0.0	0.0	0.0	0.0	19.1251	2.19142	7.11501	3.23021	19.3528	15.701432	15.2688	0.15653	0.0	0.0	0.0	0.0	9.10721	0.0	0.0	0.0	0.0	0.0	0.0	0.0	0.0	0.0	0.0	0.0	0.0	6.21852	4.418425	8.89376	0.0	0.0	0.0	9.7368875	0.0	0.0	0.0	2.02066	0.0	0.0	7.5727416666666665	7.5846	6.638305	0.0	0.0	0.6125686190476191	0.0	1.01033	0.0	0.0	0.0	0.0	0.0	0.398441	0.0	0.0	9.721945999999999	0.0	0.988986	21.0747	3.04522	0.0	0.0	0.0	0.0	0.0	0.0	0.0	0.0	0.0	0.0	0.0	0.0	8.758575	4.667445	4.22632	1.16686	14.9984	1.1704174999999999	0.0	0.0	0.0	0.0	0.0	0.0	0.0	0.0	0.0	1.19532	0.0	0.0	0.668811	0.0	0.0	5.40741	5.40741	0.640351	0.0	0.0	0.512281	0.0	0.0	2.47602	3.18752	33.17255	57.724050000000005	2.9456154999999997	0.0	0.0	0.0	0.0	0.0	0.0	0.0	0.0	0.0	0.0	0.0	0.0	0.0	0.0	0.0	0.0	0.0	0.0	0.0	0.0	0.0	0.0	0.0	0.0	0.0	0.0	0.0	0.0	0.0	1.1384	0.0	1.8026822727272729	18.5986	15.453800000000001	22.58935	17.55275	0.0	0.0	15.6673	0.0	5.99084	30.139183333333335	7.59883	0.0	0.0	17.6595
N34_1_3	0.0	0.0	0.0	0.0	0.0	0.0	0.0	0.0	0.0	0.0	0.0	0.0	0.0	0.0	0.0	0.0	0.0	0.0	0.0	0.0	0.0	0.0	0.0	0.0	0.0	0.0	0.0	0.0	0.0	0.0	0.0	0.0	0.0	0.0	0.0	0.0	0.0	0.0	0.0	0.0	0.0	0.0	0.0	0.0	0.0	0.0	0.0	0.0	0.0	0.0	0.0	0.0	0.0	0.0	0.0	0.0	0.0	0.0	0.0	0.0	0.0	0.0	0.0	0.0	0.0	0.0	0.0	0.0	0.0	0.0	0.0	0.0	0.0	0.0	0.0	0.0	0.0	0.0	0.0	0.0	0.0	0.0	0.0	0.0	0.0	0.0	0.0	0.0	0.0	0.0	0.0	0.0	0.0	0.0	0.0	0.0	0.0	0.0	0.0	0.0	0.0	0.0	0.0	0.0	0.0	0.0	0.0	0.0	0.0	0.0	0.0	0.0	0.0	0.0	0.0	0.0	0.0	0.0	0.0	0.0	0.0	0.0	0.0	0.0	0.0	0.0	0.0	0.0	0.0	0.0	0.0	0.0	0.0	0.0	0.0	0.0	0.0	0.0	0.0	0.0	0.0	0.0	0.0	0.0	0.0	0.0	0.0	0.0	0.0	0.0	0.0	0.0	0.0	0.0	0.0	0.0	0.0	0.0	0.0	0.0	0.0	0.0	0.0	0.0	0.0	0.0	0.0	0.0	0.0	0.0	0.0	0.0	0.0	0.0	0.0	0.0	0.0	0.0	0.0	0.0	0.0	0.0	0.0	0.0	0.0	0.0	0.0	0.0	0.0	0.0	0.0	0.0	0.0	0.0	0.0	0.0	0.0	0.0	0.0	0.0	0.0	0.0	0.0	0.0	0.0	0.0	0.0	0.0	0.0	0.0	0.0	0.0	0.0	0.0	0.0	0.0	0.0	0.0	0.0	0.0	0.0	0.0	0.0	0.0	0.0	0.0	0.0	0.0	0.0	0.0	0.0	0.0	0.0	0.0	0.0	0.0	0.0	0.0	0.0	0.0	0.0	0.0	0.0	0.0	0.0	0.0	0.0	0.0	0.0	0.0
N35_1_3	0.0	0.0	0.0	0.0	0.0	0.0	0.0	0.0	0.0	0.0	0.0	0.0	0.0	0.0	0.0	0.0	0.0	0.0	0.0	0.0	0.0	0.0	0.0	0.0	0.7584779999999999	0.0	0.0	0.0	0.0	0.0	0.0	0.0	0.0	0.0	0.0	0.0	0.0	0.0	0.0	0.0	0.0	0.0	0.0	0.0	0.0	0.0	0.0	0.0	0.0	0.0	0.0	0.0	0.0	0.0	0.0	1.3484	1.3484	0.0	0.0	0.91649375	0.0	0.0	0.463514	0.0	0.0	0.0	0.0	0.0	0.0	0.0	0.0	0.0	0.0	0.0	0.0	0.0	0.0	0.0	0.0	0.0	0.0	0.0	0.0	0.0	0.0	0.0	0.0	0.0	0.0	0.0	0.0	0.0	0.0	0.0	0.0	0.0	0.0	0.0	0.0	0.0	0.0	0.0	0.0	0.0	0.0	0.0	0.0	0.0	0.0	0.0	0.0	0.0	0.0	0.0	0.0	0.0	0.0	0.0	0.0	0.0	0.0	0.0	0.0	0.0	0.0	0.0	0.0	0.0	0.0	0.0	0.0	0.0	0.0	0.0	0.0	0.0	0.0	0.0	0.0	0.0	0.0	0.0	0.0	0.0	0.0	0.0	0.0	0.0	0.0	0.0	0.0	0.0	0.0	0.0	0.0	0.0	0.0	0.0	0.0	0.0	0.0	0.0	0.0	0.0	0.0	0.0	0.0	0.0	0.0	0.0	0.0	0.0	0.0	0.0	0.0	0.0	0.0	0.0	0.0	0.0	0.0	0.0	0.0	0.0	0.0	0.0	0.0	0.0	0.0	0.0	0.0	1.64337	1.64337	0.0	0.0	0.0	0.0	0.0	0.0	0.0	0.0	0.0	0.0	0.0	0.0	0.0	0.0	0.0	0.0	0.0	0.0	0.0	0.0	0.0	0.0	0.0	0.0	0.0	0.0	0.0	0.0	0.0	0.0	0.0	0.0	0.0	0.0	0.0	0.0	0.0	0.0	0.0	0.0	0.0	0.0	0.0	0.0	0.0	0.0	0.0	0.0	0.0	0.0	0.0	0.0	0.0	0.0	0.0	0.0	0.0
N35_1_4	0.0	0.0	0.0	0.0	0.0	0.0	0.0	0.0	0.0	0.0	0.0	4.21816	0.0	0.0	0.0	0.0	0.0	0.0	0.0	97.9451	0.0	0.0	0.0	0.0	2.8495	0.0	4.21816	0.0	0.0	0.0	0.0	0.0	0.0	0.0	0.0	74.26650000000001	0.0	0.0	0.0	0.0	0.0	0.0	0.0	0.0	0.0	40.7157	0.0	0.0	0.0	0.0	0.0	0.0	10.0817	0.0	0.0	79.77606666666667	81.1622	0.0	0.0	48.0039875	0.0	1.10689	16.3641	0.0	0.0	0.0	0.0	0.0	40.2969	0.0	0.0	0.0	0.0	0.0	41.314	0.0	0.0	0.0	0.0	0.0	0.0	0.0	0.0	0.0	0.0	14.441473333333333	0.0	0.0	0.0	0.0	0.0	17.8299	0.0	0.0	16.498649999999998	1.52572	0.0	0.0	25.0098	205.703	43.5278	134.891	76.1363	0.0	130.02994999999999	181.8	0.792775	5.53446	7.77817	8.34657	3.88908	148.174	0.0	0.0	0.0	0.0	0.0	0.0	0.0	0.0	0.0	0.0	0.0	0.0	0.0	0.0	0.0	60.6099	0.0	0.0	0.0	5.92337	6.61144	0.0	11.5775	0.0	0.0	86.45731666666666	86.554575	75.22385	1.91463	43.5876	0.0	9.69279	0.0	0.0	0.0	0.0	0.0	0.0	31.022949999999998	32.8179	0.0	91.24983999999999	0.0	0.0	146.09500000000003	71.6788	0.0	0.0	0.0	0.0	0.0	0.0	0.0	0.0	0.0	0.0	0.0	0.0	54.49205	71.8132	100.428	0.0	0.0	0.0	13.3425	0.0	0.0	0.0	0.0	0.0	0.0	0.0	0.0	21.7489	0.0	0.0	0.0	0.0	0.0	88.7309	88.71594999999999	35.2411	0.0	0.0	4.36774	0.0	0.0	47.4169	0.0	233.000925	350.227	15.511455	11.9664	0.0	0.0	0.0	0.0	0.0	2.18387	0.0	3.23093	0.0	0.0	0.0	0.0	0.0	0.0	0.0	0.0	0.0	0.0	0.0	0.0	3.97883	5.08572	0.0	0.0	0.0	0.0	11.398000000000001	0.0	0.987229	0.0	1.0491962857142858	0.0	0.0	0.0	0.0	0.0	0.0	71.0506	0.0	113.95	98.91731666666665	123.583	0.0	0.0	0.0
N35_2_2	0.0	0.0	0.0	0.0	0.0	0.0	0.0	0.0	0.0	0.0	0.644705	0.58501	0.0	0.0	0.0	0.0	0.0	0.0	0.0	1.44462	0.0	0.0	0.0	0.0	0.64172025	0.179085	0.58501	1.513265	0.0	1.5978308333333333	1.55207	0.0	0.0	0.0	0.0	1.0148125	0.0	0.0	0.0	0.0	0.0	0.0	0.0	0.0	0.0	0.764095	0.0	0.0	0.0	0.0	0.0	0.0	0.310413	0.0	0.0	1.95799	1.96993	0.0	0.0	0.919301	0.0	0.334291	0.155207	0.0	0.0	0.0	0.0	0.0	0.525315	0.0	0.0	0.0	0.0	0.202963	0.405925	0.0	0.0	0.0	0.0	0.0	0.0	0.0	1.32523	0.250719	0.0	2.54539	1.871435	0.0	0.0	0.0	0.0	0.405925	0.0	0.0	0.0	0.0	0.0	0.0	0.0	3.3071	0.382047	2.01769	0.58501	0.0	2.467392	2.68627	0.0	0.0	0.0	0.310413	0.0	1.56401	0.0	0.0	0.0	0.0	0.0	0.0	0.0	0.0	0.0	0.0	0.0	0.0	0.0	0.0	0.0	0.764095	0.0	0.0	0.0	0.0	0.0	0.0	0.0	0.0	0.0	1.12226	1.12226	0.895423	0.0	0.489498	0.0	0.0	0.0	0.0	0.0	0.0	0.0	0.0	0.382047	0.0	0.0	0.37727140000000003	0.0	0.0	2.13708	0.847667	0.0	0.0	0.0	0.0	0.0	0.0	0.0	0.0	0.0	0.0	0.0	0.0	0.835728	0.907362	0.990935	0.0	3.49812	0.0	0.382047	0.0	0.0	0.0	0.0	0.0	0.0	0.0	0.0	0.0	0.0	0.0	0.0	0.0	0.0	5.39642	5.39642	0.0	0.0	0.0	0.34623	0.0	0.0	0.620827	0.334291	4.2084875	5.61132	0.2447489	0.334291	0.0	0.0	0.0	0.0	0.0	0.0	0.0	0.0	0.0	0.0	0.0	0.0	0.0	0.0	0.0	0.0	0.0	0.0	0.0	0.0	0.0	0.0	0.0	0.0	0.0	0.0	0.322352	0.0	0.0	0.0	0.0	2.543	2.29228	3.0258677777777776	2.405705	0.0	0.0	2.08932	0.0	1.28941	0.0	1.87442	0.0	0.0	0.0
N35_1_2	0.0	0.0	0.0	0.0	0.0	0.0	0.0	0.0	0.0	0.0	0.0	4.77818	0.0	0.0	4.26554	2.38909	3.39986	3.95119	0.0	0.0	0.0	0.0	0.0	4.22685	47.621	0.0	4.77818	0.0	0.0	0.0	0.0	0.0	0.0	0.0	0.0	41.34965	0.0	0.0	0.0	0.0	0.0	0.0	0.0	0.0	0.0	0.0	0.0	0.0	0.0	0.0	0.0	0.0	34.5499	0.0	5.382520384615384	157.833	158.783	0.0	0.0	65.79186250000001	0.0	24.9017	31.5176	0.0	0.0	0.0	0.0	0.0	0.0	0.0	0.0	0.0	0.0	0.0	25.453	0.0	0.0	0.0	0.0	0.0	0.0	0.0	16.3561	0.0	0.0	30.604846666666667	6.78823125	0.0	0.0	0.0	0.0	0.0	0.0	0.0	10.7509	0.0	0.0	0.0	0.0	47.3224	12.4968	30.1393	23.3396	0.0	32.804050000000004	46.3116	1.5621	0.0	0.0	0.0	0.0	35.285	0.0	0.0	0.0	0.0	0.0	0.0	0.0	0.0	0.0	0.0	0.0	0.0	0.0	0.0	0.0	0.0	0.0	0.0	0.0	0.0	0.0	0.0	12.4968	0.0	0.0	38.74616666666667	38.7768	34.779650000000004	0.0	35.285	0.0	0.0	0.0	0.0	0.0	0.0	0.0	0.0	0.0	0.0	0.0	3.30797	0.0	0.0	9.2807	17.7344	0.0	0.0	0.0	0.0	0.0	0.0	0.0	0.0	0.0	0.0	0.0	0.0	0.0	25.9124	0.0	0.0	66.6189	0.0	0.0	0.0	0.0	0.0	0.0	0.0	0.0	0.0	0.0	5.14573	0.0	0.0	0.0	0.0	0.0	125.519	125.519	0.0	2.57287	3.76741	19.7559	0.0	0.0	11.3022	0.0	61.136199999999995	74.7969	5.97273	0.0	0.0	0.0	0.0	0.0	0.0	0.0	0.0	0.0	0.0	0.0	0.0	0.0	0.0	0.0	0.0	0.0	0.0	0.0	0.0	0.0	0.0	0.0	4.13496	0.0	0.0	0.0	0.0	0.0	0.0	0.0	0.0	0.0	0.0	0.0	0.0	0.0	0.0	0.0	0.0	29.2204	0.0	44.1063	0.0	0.0	0.0
N35_2_3	0.0	0.0	0.0	0.0	0.0	0.0	0.0	0.0	0.0	0.0	0.358903	0.0	0.0	0.0	0.0	0.0	0.0	0.0	0.0	0.0	0.0	0.0	0.0	0.0	0.49585275	0.623357	0.0	1.34116	0.0	1.8448841666666667	1.47339	0.0	0.0	0.0	0.0	1.6339549999999998	0.0	0.0	0.0	0.0	0.0	0.0	0.0	0.0	0.0	0.755585	0.0	0.0	0.0	0.0	0.0	0.0	0.47224	0.0	0.0	2.22897	2.28564	0.0	0.340013076923077	1.89604375	0.0	0.283344	0.47224	0.0	0.0	0.0	0.0	0.0	1.7661799999999999	0.0	0.0	0.0	0.0	0.0	0.793364	0.0	0.0	0.0	0.0	0.0	0.0	0.0	1.07671	0.434461	0.0	1.5628026666666666	7.846275	0.0	0.0	0.0	0.0	0.358903	0.0	0.0	0.340013	0.0	0.0	0.0	0.0	7.51807	0.623357	2.94678	0.887812	3.40013	5.36937	5.15687	0.0	0.0	0.0	0.0	0.0	3.75903	0.0	0.0	0.0	0.0	0.0	0.0	0.0	0.0	0.0	0.0	0.0	0.0	0.793364	1.020041	1.6434	0.0	0.0	0.0	1.87007	0.0	0.0	0.0	0.0	0.0	0.0	2.4304633333333334	2.43676	2.13453	0.321123	1.41672	0.0	0.0	0.0	0.0	0.0	0.0	0.0	0.0	0.8216985	0.0	0.0	1.3940519999999998	0.0	0.0	2.32342	1.05782	0.0	0.0	0.0	0.0	0.0	0.0	0.0	0.0	0.0	0.0	0.0	0.0	1.8322933333333336	2.31398	0.0	0.0	1.77562	0.0	0.0	0.0	0.0	0.0	0.0	0.0	0.0	0.0	0.0	0.0	0.0	0.0	0.0	0.0	0.0	4.30683	4.30683	0.0	0.0	0.0	0.377792	0.0	0.0	1.19005	0.0	13.653412	18.88965	0.6139125	0.0	0.0	0.0	0.0	0.0	0.0	0.0	0.0	0.0	0.0	0.0	0.0	0.0	0.0	0.0	0.0	0.0	0.0	0.0	0.0	0.0	0.0	0.0	0.0	0.0	0.0	0.0	0.0	0.0	0.0	0.0	0.0	2.13453	2.02119	2.550100555555556	2.11564	0.0	0.0	0.0	0.0	1.00115	1.37894	2.53121	0.0	0.0	3.55125
N36_1_2	0.0	0.0	0.0	0.0	0.0	0.0	0.0	0.0	0.0	0.0	2.80122	0.0	0.0	0.0	0.0	0.0	0.0	0.0	0.0	0.0	0.0	0.0	0.0	0.0	5.8439175	0.0	0.0	4.34671	0.0	3.7269025	2.80122	0.0	0.0	0.0	0.0	20.0432	0.0	0.0	0.0	0.0	0.0	0.0	0.0	0.0	0.0	0.0	0.0	0.0	0.0	0.0	0.0	0.0	8.40365	0.0	0.0	37.027566666666665	37.8647	0.0	0.0	15.937925	0.0	4.25012	5.98881	0.0	0.0	0.0	0.0	0.0	0.0	0.0	0.0	0.0	0.0	0.0	15.1652	0.0	0.0	0.0	0.0	0.0	0.0	0.0	0.0	0.0	0.0	6.47177	2.63217875	0.0	0.0	0.0	0.0	0.0	0.0	0.0	6.95474	0.0	0.0	0.0	0.0	30.5236	8.59683	18.2562	12.6538	0.0	28.4951	28.1088	0.482968	0.0	0.0	0.0	0.0	19.4153	0.0	0.0	0.0	0.0	0.0	0.0	0.0	0.0	0.0	0.0	0.0	0.0	0.0	0.0	0.0	0.0	0.0	0.0	0.0	0.0	0.0	0.0	0.0	0.0	0.0	18.7231	18.7392	16.276	0.0	0.0	0.0	0.0	0.0	0.0	0.0	0.0	0.0	0.0	0.0	0.0	0.0	0.0	0.0	0.0	0.0	11.2049	0.0	0.0	0.0	0.0	0.0	0.0	0.0	0.0	0.0	0.0	0.0	0.0	0.0	13.6197	0.0	0.0	7.24452	0.0	0.0	0.0	0.0	0.0	0.0	0.0	0.0	0.0	0.0	2.80122	0.0	0.0	0.0	0.0	0.0	54.4788	54.4788	4.05693	0.0	0.0	10.8185	0.0	0.0	4.82968	0.0	41.92163333333333	48.3934	2.41484	0.0	0.0	0.0	0.0	0.0	0.0	0.0	0.0	0.0	0.0	0.0	0.0	0.0	0.0	0.0	0.0	0.0	0.0	0.0	0.0	0.0	0.0	0.0	0.0	0.0	0.0	0.0	0.0	0.0	0.0	0.0	0.0	5.98881	5.31265	7.0459733333333325	6.47177	0.0	0.0	0.0	0.0	16.0345	0.0	22.4097	0.0	0.0	0.0
N36_1_3	0.0	0.0	0.0	0.0	0.0	0.0	0.0	0.0	0.0	0.0	0.0	0.0	0.0	0.0	0.0	0.0	0.0	0.0	0.0	0.0	0.0	0.0	0.0	0.0	0.0	0.0	0.0	0.0	0.0	0.0	0.0	0.0	0.0	0.0	0.0	0.0	0.0	0.0	0.0	0.0	0.0	0.0	0.0	0.0	0.0	0.0	0.0	0.0	0.0	0.0	0.0	0.0	0.0	0.0	0.0	5.70849	5.54539	0.0	0.0	0.0	0.0	2.1203	0.0	0.0	0.0	0.0	0.0	0.0	0.0	0.0	0.0	0.0	0.0	0.0	0.0	0.0	0.0	0.0	0.0	0.0	0.0	0.0	0.0	0.0	0.0	2.77269	0.0	0.0	0.0	0.0	0.0	0.0	0.0	0.0	0.0	0.0	0.0	0.0	0.0	7.01329	1.7941	0.0	0.0	0.0	0.0	0.0	0.0	0.0	0.0	0.0	0.0	0.0	0.0	0.0	0.0	0.0	0.0	0.0	0.0	0.0	0.0	0.0	0.0	0.0	0.0	0.0	0.0	0.0	0.0	0.0	0.0	0.0	0.0	0.0	0.0	0.0	0.0	0.0	0.0	0.0	0.0	0.0	0.0	0.0	0.0	0.0	0.0	0.0	0.0	0.0	0.0	0.0	0.0	0.0	0.0	0.0	0.0	0.0	0.0	0.0	0.0	0.0	0.0	0.0	0.0	0.0	0.0	0.0	0.0	0.0	0.0	0.0	0.0	0.0	0.0	0.0	0.0	0.0	0.0	0.0	0.0	0.0	0.0	0.0	0.0	0.0	0.0	0.0	0.0	0.0	0.0	9.13358	9.13358	1.7941	0.0	0.0	0.0	0.0	0.0	0.0	0.0	0.0	10.1122	0.0	0.0	0.0	0.0	0.0	0.0	0.0	0.0	0.0	0.0	0.0	0.0	0.0	0.0	0.0	0.0	0.0	0.0	0.0	0.0	0.0	0.0	0.0	0.0	0.0	0.0	0.0	0.0	0.0	0.0	0.0	0.0	0.0	0.0	0.0	0.0	0.0	0.0	0.0	0.0	0.0	0.0	0.0	0.0	0.0	0.0	0.0
N36_2_2	0.0	0.0	0.0	0.0	0.0	0.0	0.0	0.0	0.0	0.0	0.651596	3.1161333333333334	0.0	0.0	0.0	0.0	0.0	0.0	0.0	4.04255	0.0	0.0	0.0	0.0	13.374325	0.0	3.1161333333333334	0.398936	0.0	0.3169326666666667	0.345745	0.0	0.0	0.0	0.0	4.86037	0.0	0.0	0.0	0.0	0.0	0.0	0.0	0.0	0.0	1.62234	0.0	0.0	0.0	0.0	0.0	0.0	5.02659	0.0	0.0	19.210966666666668	19.3883	0.0	0.0	2.749335	0.0	6.62234	0.425532	0.0	0.0	0.0	0.0	0.0	2.60638	0.0	0.0	0.0	0.0	0.0	4.09574	0.0	0.0	0.0	0.0	0.0	0.0	0.0	0.0	0.0	0.0	16.772166666666667	0.9192155	0.0	0.0	0.0	0.0	0.0	0.0	0.0	1.47606	0.0	0.0	0.0	0.0	11.0106	2.11436	7.08776	3.59042	0.0	6.662255	9.72074	0.10638275	0.0	0.0	0.0	0.0	7.5133	0.0	0.0	0.0	0.0	0.0	0.0	0.0	0.0	0.0	0.0	0.0	0.0	0.0	0.0	0.0	0.0	0.0	0.0	0.0	0.0	0.0	0.0	3.05851	0.0	0.0	9.266396666666667	9.28191	8.17154	0.0	5.06649	0.3597812777777778	0.0	0.0	0.0	0.0	0.0	0.0	0.0	0.0	0.0	0.0	0.0	0.0	0.505319	10.2261	4.00266	0.0	0.0	0.0	0.0	0.0	0.0	0.0	0.0	0.0	0.0	0.0	0.0	1.13032	6.03723	0.0	1.1125883333333333	2.83245	1.061615	0.0	0.0	0.0	0.0	0.0	0.0	0.0	0.0	0.0	1.17021	0.0	0.0	0.731383	0.0	0.0	37.134299999999996	37.1011	0.877659	0.0	0.0	4.61436	0.0	0.0	2.10106	0.851064	13.014176666666666	18.484	1.18351	0.0	0.0	0.0	0.0	0.0	0.0	0.0	0.0	0.0	0.0	0.0	0.0	0.0	0.0	0.0	0.0	0.0	0.0	0.0	0.0	0.0	0.0	0.0	0.0	0.0	0.0	0.0	0.0	0.0	0.0	0.0	0.0	2.26064	1.9680849999999999	2.673611111111111	2.4867	0.0	0.0	0.0	0.0	5.74468	0.0	8.43085	0.0	0.0	0.0
N36_2_3	0.0	0.0	0.0	0.0	0.0	0.0	0.0	0.0	0.0	0.0	0.0924658	0.0	0.0	0.0	0.0	0.0	0.0	0.0	0.0	0.752936	0.0	0.0	0.0	0.0	1.0534475	0.0	0.0	0.0	0.0	0.0	0.0	0.0	0.0	0.0	0.0	0.4821435	11.796	0.0	0.0	0.0	0.0	0.0	0.0	0.0	0.0	0.515167	0.0	0.0	0.0	0.0	0.0	0.0	0.211351	0.0	0.0	1.5895333333333335	1.62476	0.0	0.0	0.465631625	0.0	0.43591	0.0	0.0	0.0	0.0	0.0	0.0	0.488748	0.0	0.0	0.0	56.0607	0.184932	0.290607	0.0	0.0	0.0	0.0	0.0	0.0	29.7212	0.0	0.0	0.0	1.03033	0.0	10.2637	0.0	0.0	0.0	0.250979	0.0	0.0	0.0	0.0	0.0	0.0	29.129399999999997	2.87965	0.356654	1.04354	0.89824	0.0	48.977172499999995	41.34986333333333	0.0	0.0	0.0	0.0	0.0	0.766146	0.0	0.0	0.0	0.0	0.0	0.0	0.0	0.0	0.0	0.0	0.0	0.0	0.0	0.0	0.0	0.0	59.614	0.0	0.0	0.0	0.0	0.0	0.0	0.0	0.0	1.1073883333333334	1.10959	1.036935	0.0	0.0	0.0	0.0	0.0	0.0	0.0	0.0	0.0	0.0	0.0	0.0	0.0	0.0	0.0	0.0	0.0	15.692793	0.0	0.0	0.0	0.0	0.0	0.0	0.0	0.0	27.9247	0.0	36.829948	0.0	34.42106	27.726542333333338	0.0	0.0	0.0	0.0	0.0	0.0	0.0	0.0	0.0	0.0	0.0	0.0	0.0	0.0	7.33122	0.0	0.0	0.0	28.1625	3.43445	3.43445	0.132094	0.0	0.0	0.356654	0.0	0.0	0.396282	0.0	65.41617500000001	17.476	5.3233865	19.1801	0.0	0.0	0.0	96.2305	0.0	0.0	0.0	0.0	0.0	0.0	0.0	0.0	0.0	0.0	0.0	0.0	0.0	0.0	0.0	0.0	0.0	0.0	0.0	0.0	0.0	0.0	0.303816	0.0	0.0	0.0	0.0	0.0	0.0	0.0	0.0	0.0	0.0	78.2657	0.0	1.03033	0.0	0.924658	0.0	0.0	0.0
N36_1_4	0.0	0.0	0.0	0.0	0.0	0.0	0.0	0.0	0.0	0.0	0.0	0.0	0.0	0.0	0.0	0.0	0.0	0.0	0.0	0.0	0.0	0.0	0.0	0.0	1.1563375	0.0	0.0	0.0	0.0	0.0	0.0	0.0	0.0	0.0	0.0	34.949250000000006	15.0602	0.0	0.0	0.0	0.0	0.0	0.0	0.0	0.0	0.0	0.0	0.0	0.0	0.0	0.0	0.0	5.80946	0.0	0.0	33.01893333333334	33.1916	0.0	0.0	16.332175	0.0	0.370029	0.0	0.0	0.0	0.0	0.0	0.0	0.0	0.0	0.0	0.0	52.9882	0.0	15.0972	0.0	0.0	0.0	0.0	0.0	0.0	28.8623	0.0	0.0	0.0	4.95099	0.0	10.7678	0.0	0.0	0.0	0.0	0.0	0.0	5.88346	0.0	0.0	0.0	0.0	59.9077	12.84	38.668	21.3137	0.0	63.1871	60.45043333333333	0.481038	0.0	0.0	0.0	0.0	46.8087	0.0	0.0	0.0	0.0	0.0	0.0	0.0	0.0	0.0	0.0	0.0	0.0	0.0	0.0	0.0	0.0	57.7245	0.0	0.0	0.0	0.0	0.0	0.0	0.0	0.0	36.719233333333335	36.7624	31.933500000000002	0.0	0.0	0.0	0.0	0.0	0.0	0.0	0.0	0.0	0.0	0.0	0.0	0.0	0.0	0.0	0.0	0.0	27.23415	0.0	0.0	0.0	0.0	0.0	0.0	0.0	0.0	26.4201	0.0	46.26135	0.0	36.58356666666666	40.13583333333333	0.0	0.0	0.0	0.0	0.0	0.0	0.0	0.0	0.0	0.0	0.0	0.0	0.0	6.3275	0.0	0.0	0.0	0.0	31.4155	4.14433	4.14433	3.07124	0.0	0.0	0.0	0.0	0.0	13.8391	0.0	121.67766666666667	106.716	8.02961	20.3146	0.0	0.0	0.0	106.198	0.0	0.0	0.0	0.0	0.0	0.0	0.0	0.0	0.0	0.0	0.0	0.0	0.0	0.0	0.0	0.0	0.0	0.0	0.0	0.0	0.0	0.0	0.0	0.0	0.0	0.0	0.0	0.0	0.0	0.0	0.0	0.0	0.0	80.8884	0.0	33.6726	0.0	42.6644	0.0	0.0	0.0
N37_1_2	0.0	0.0	0.0	0.0	0.0	0.0	0.0	0.0	0.0	0.0	0.150194	0.35815400000000003	0.0	0.0	0.0	0.0	0.0	0.0	0.0	1.54815	0.0	0.0	0.0	0.0	0.36681874999999997	0.0	0.35815400000000003	0.219514	0.0	0.22817866666666667	0.369707	0.0	0.0	0.0	0.0	0.0	0.0	0.0	0.0	0.0	0.0	0.0	0.0	0.0	0.0	1.08602	0.0	0.0	0.0	0.0	0.0	0.0	0.0	0.0	0.0	0.9011619999999999	0.901162	0.0	0.0	0.519901	0.0	0.439027	0.0	0.0	0.0	0.0	0.0	0.0	0.577668	0.0	0.0	0.0	0.0	0.323494	0.288834	0.0	0.0	0.0	0.0	0.0	0.0	0.0	0.0	0.0	0.0	0.2865234	0.362486625	0.0	0.0	0.0	0.0	0.439027	0.0	0.0	0.115534	0.13864	0.0	0.0	0.0	2.19514	0.358154	1.98718	0.970482	0.0	2.34533	1.99873	0.0346601	0.358154	0.543008	0.392814	0.485241	1.35174	0.0	0.0	0.0	0.0	0.0	0.0	0.0	0.0	0.0	0.0	0.0	0.0	0.0	0.0	0.0	0.993589	0.0	0.0	0.0	0.300387	0.34660100000000005	0.0	0.0	0.0	0.0	1.4557200000000001	1.45572	1.32286	0.0808735	0.785628	0.0	0.762521	0.0	0.0	0.0	0.0	0.0	0.0	0.0	0.878055	0.0	0.0	0.0	0.0	0.0	0.878055	0.0	0.0	0.0	0.0	0.0	0.0	0.0	0.0	0.0	0.0	0.0	0.0	1.17844	0.854948	1.24776	0.0	0.750968	0.0	0.750968	0.0	0.0	0.0	0.0	0.0	0.0	0.0	0.0	0.219514	0.0	0.0	0.0	0.0	0.0	3.30426	3.30426	0.0	0.0	0.0	0.323494	0.0	0.0	0.439027	0.0	2.7111866666666664	3.28115	0.254174	0.0	0.0	1.733	0.0	0.0	0.196407	0.0	0.231067	0.0	0.20796	0.0	0.161747	0.0	0.0	0.0	0.0	0.0	0.0	0.0	0.0	0.0	0.231067	0.0	0.0	0.0	0.0	0.0	0.808735	0.0	0.0	0.0	0.0	0.739415	0.658541	0.8485295	0.808735	0.0	0.0	0.0	0.0	1.64058	0.0	1.45572	0.0	0.0	0.0
N37_1_3	0.0	0.0	0.0	0.0	0.0	0.0	0.0	0.0	0.0	0.0	0.0	0.303949	0.0	0.0	0.0	0.0	0.0	0.0	0.0	1.41843	0.0	0.0	0.0	0.0	0.32294575000000003	0.0	0.303949	0.0	0.0	0.0	0.0	0.0	0.0	0.0	0.0	0.487585	0.0	0.0	0.0	0.0	0.0	0.0	0.0	0.0	0.0	0.569904	0.0	0.0	0.0	0.0	0.0	0.0	0.0	0.0	0.0	1.02583	1.02583	0.0	0.0	0.291284	0.0	0.405265	0.0	0.0	0.0	0.0	0.0	0.0	0.519246	0.0	0.0	0.0	0.0	0.189968	0.240626	0.0	0.0	0.0	0.0	0.0	0.0	0.0	0.0	0.0	0.0	1.970604	0.0	0.0	0.0	0.0	0.0	0.303949	0.0	0.0	0.126645	0.13931	0.0	0.0	0.0	1.50708	0.189968	1.32978	0.683885	0.0	2.001	1.7857	0.0	0.0	0.265955	0.227962	0.265955	1.48175	0.0	0.0	0.0	0.0	0.0	0.0	0.0	0.0	0.0	0.0	0.0	0.0	0.0	0.0	0.0	0.734543	0.0	0.0	0.0	0.0	0.3229455	0.0	0.0	0.0	0.0	0.8844071666666666	0.886518	0.7662045	0.101316	0.633227	0.0	0.303949	0.0	0.0	0.0	0.0	0.0	0.0	0.265955	0.721879	0.0	0.39006799999999997	0.0	0.0	0.747208	0.721879	0.0	0.0	0.0	0.0	0.0	0.0	0.0	0.0	0.0	0.0	0.0	0.0	0.607898	0.785201	0.911847	0.0	0.0	0.0	0.405265	0.0	0.0	0.0	0.0	0.0	0.0	0.0	0.0	0.13931	0.0	0.0	0.0	0.0	0.0	3.12814	3.12814	0.0	0.0	0.0	0.189968	0.0	0.0	0.189968	0.0	2.6912149999999997	2.73554	0.126645	0.0	0.0	0.861189	0.0	0.0	0.0	0.0	0.0	0.0	0.0	0.0	0.0	0.0	0.0	0.0	0.0	0.0	0.0	0.0	0.0	0.0	0.0	0.202633	0.0	0.0	0.0	0.0	0.405265	0.0	0.0	0.0	0.0	0.0	0.0	0.0	0.0	0.0	0.0	0.0	0.0	0.962505	0.0	1.12714	0.0	0.0	0.0
N38_1_2	0.0	0.0	0.0	0.0	0.0	0.0	0.0	0.0	0.299997	0.0	0.0	2.42725	0.0	0.0	0.0	0.0	0.0	0.0	0.0	1.66362	0.0	0.0	0.0	0.0	10.827124999999999	4.22723	2.42725	0.0	0.0	0.463632	0.0	0.0	0.0	0.0	0.0	4.895405	0.0	0.0	0.0	1.33635	0.0	0.0	0.490904	0.490904	0.0	0.0	0.0	0.0	0.0	0.0	0.0	0.0	3.70906	0.0	0.0	20.9907	21.2453	0.0	0.44804771428571427	6.466982499999999	0.0	5.91813	0.0	0.0	0.0	0.0	0.0	0.0	0.0	0.0	0.0	0.0	0.0	0.0	5.6454	0.0	0.0	0.0	0.0	0.0	0.0	0.0	12.1908	2.918155	0.0	22.352526666666666	0.0	0.0	0.0	0.0	0.0	0.0	0.0	0.0	1.213625	0.0	0.0	0.0	0.0	19.8816	3.57269	9.21809	2.3727	0.0	4.827223333333333	8.659025	0.163635	0.0	0.0	0.0	0.0	11.2908	0.0	0.0	0.0	0.0	0.0	0.0	0.0	0.0	0.0	0.0	0.681812	0.0	0.0	0.0	0.0	0.0	0.0	0.0	0.0	0.0	0.0	0.0	2.23634	0.0	0.0	11.7044	11.7544	9.88627	0.32727	4.93632	0.0	0.0	0.0	0.0	0.0	0.272725	0.3272698	0.0	0.0	0.0	0.0	0.0	0.0	0.0	11.2635	5.20904	0.0	0.681812	0.0	0.0	0.0	0.0	0.0	0.0	0.0	0.0	0.0	0.0	0.0	8.18174	0.0	0.0	0.0	0.0	0.0	0.0	1.00908	0.463632	0.0	0.518177	0.0	0.0	0.0	0.0	0.0	0.0	0.0	0.0	0.0	30.5724	30.5724	0.545449	0.0	0.0	2.31816	0.0	0.0	4.19996	1.63635	26.699766666666665	37.5815	0.695446	0.0	0.0	0.0	0.0	0.0	0.0	0.0	0.0	0.0	0.0	0.0	0.0	0.0	0.681812	0.0	0.0	1.60908	0.0	0.736357	0.0	0.0	0.0	0.0	0.0	0.0	0.0	0.0	0.0	0.0	0.0	0.0	0.0	0.0	0.0	0.0	0.0	0.0	0.0	0.0	0.0	4.30905	0.0	10.3635	0.0	0.0	0.0
N38_1_4	0.0	0.0	0.0	0.0	0.0	0.0	0.0	0.0	0.0	0.0	0.0	43.6073	0.0	0.0	0.0	0.0	0.0	0.0	0.0	0.0	0.0	0.0	0.0	0.0	4.2609225	0.0	43.6073	0.0	0.0	0.0	0.0	0.0	0.0	0.0	0.0	85.6023	0.0	0.0	0.0	0.0	0.0	0.0	0.0	0.0	0.0	0.0	0.0	0.0	0.0	0.0	0.0	0.0	42.686	0.0	0.0	243.06433333333334	243.832	0.0	0.0	96.600075	0.0	1.68901	27.4849	0.0	0.0	0.0	0.0	0.0	30.7093	0.0	0.0	0.0	0.0	0.0	36.237	0.0	0.0	0.0	0.0	0.0	0.0	0.0	227.71	0.0	0.0	520.0936	0.0	0.0	0.0	0.0	0.0	0.0	0.0	0.0	20.57525	0.0	0.0	0.0	0.0	121.455	40.0757	71.8599	46.064	0.0	133.279	112.55	2.379975	0.0	0.0	0.0	0.0	99.3447	0.0	0.0	0.0	0.0	0.0	0.0	0.0	0.0	0.0	0.0	0.0	0.0	0.0	0.0	0.0	0.0	0.0	0.0	0.0	0.0	0.0	1.53547	25.0281	0.0	0.0	109.73483333333333	109.786	92.7422	0.0	0.0	0.0	0.0	0.0	0.0	0.0	0.0	0.0	0.0	0.0	0.0	0.0	0.0	0.0	0.0	0.0	42.5324	0.0	0.0	0.0	0.0	0.0	0.0	0.0	0.0	0.0	0.0	0.0	0.0	0.0	84.7578	0.0	0.0	0.0	0.0	0.0	0.0	0.0	0.0	0.0	0.0	0.0	0.0	0.0	13.6657	0.0	0.0	0.0	0.0	0.0	329.051	329.051	0.0	0.0	0.0	50.3633	0.0	0.0	32.0913	0.0	204.8315	204.371	11.6695	2.14965	0.0	0.0	0.0	0.0	0.0	0.0	0.0	0.0	0.0	0.0	0.0	0.0	0.0	0.0	0.0	0.0	0.0	0.0	0.0	0.0	0.0	0.0	0.0	0.0	0.0	0.0	0.0	0.0	60.4974	0.0	0.0	0.0	0.0	0.0	0.0	0.0	0.0	0.0	0.0	26.1029	0.0	102.262	0.0	0.0	0.0
N38_2_2	0.0	0.0	0.0	0.0	0.0	0.0	0.0	0.0	0.0	0.0	0.861811	0.682267	0.0	0.0	0.0	0.0	0.0	0.0	0.0	0.0	0.0	0.0	0.0	0.0	1.678735	0.454845	0.682267	10.68285	0.0	12.745616666666669	10.617	0.0	0.0	0.0	0.0	0.0	0.0	0.0	0.0	0.0	0.0	0.0	0.0	0.0	0.0	0.0	0.0	0.0	0.0	0.0	0.0	0.0	1.04135	0.0	0.0	3.68664	3.71057	0.0	0.21545283333333334	0.9710346249999999	0.0	0.670297	0.0	0.0	0.0	0.0	0.0	0.0	0.58651	0.0	0.0	0.0	0.0	0.0	0.490753	0.0	0.0	0.0	0.0	0.0	0.0	0.0	1.97498	0.6264086666666667	0.0	3.91406	26.173025	0.0	0.0	0.0	0.0	0.0	0.0	0.0	0.0	0.0	0.0	0.0	0.0	2.80089	0.119696	1.14908	0.394997	0.0	17.050685	1.96301	0.0359088	0.0	0.0	0.0	0.0	1.38847	0.0	0.0	0.0	0.0	0.0	0.0	0.0	0.0	0.0	0.0	0.0	0.0	0.0	0.0	0.0	0.0	0.0	0.0	0.0	0.0	0.0	0.0	0.0	0.0	0.0	0.8019630000000001	0.801963	0.73613	0.107726	0.670297	0.0	0.0	0.0	0.0	0.0	0.0	0.0	0.0	0.0	0.0	0.0	0.0	0.0	0.0	1.6518	0.466814	0.0	0.0	0.0	0.0	0.0	0.0	0.0	0.0	0.0	0.0	0.0	0.0	0.0	0.909689	0.813933	0.0	32.6411	0.0	0.0	0.0	0.0	0.0	0.0	0.0	0.0	0.0	0.0	0.0	0.0	0.0	0.0	0.0	0.0	3.938	3.938	0.0	0.0	0.0	0.526662	0.0	0.0	0.335149	0.215453	19.231146666666667	14.3515	0.383027	0.0	0.0	0.0	0.0	0.0	0.0	0.0	0.0	0.0	0.0	0.0	0.0	0.0	0.0	0.0	0.0	0.0	0.0	0.0	0.0	0.0	0.0	0.0	0.0	0.0	0.0	0.0	0.0	0.0	0.0	0.0	0.0	3.62679	3.56694	4.453356111111111	3.459215	0.0	0.0	0.0	0.0	0.514693	0.0	0.837872	0.0	0.0	0.0
N38_2_3	0.0	8.01972	0.0	0.0	0.0	0.0	0.0	0.0	9.113316666666668	0.0	0.0	0.0	2.43022	2.43022	0.0	0.0	0.0	0.0	0.0	58.93279999999999	47.1462	8.38425	0.0	0.0	0.0	0.0	0.0	0.0	0.0	0.0	0.0	0.0	11.422	0.0	0.0	0.0	9.72087	0.0	0.0	0.0	0.0	0.0	0.0	0.0	0.0	0.0	4.98195	11.3005	0.0	0.0	0.0	0.0	0.0	0.0	0.0	0.0	0.0	3.286076956521739	0.0	0.0	0.0	0.0	0.0	17.133	0.0	0.0	27.9475	0.0	5.10346	0.0	11.7866	13.2447	28.4335	0.0	0.0	0.0	0.0	1.57964	6.31857	12.434633333333332	4.37439	17.133	0.0	0.0	0.0	2.770448	0.0	6.44008	6.80461	0.0	9.84238	5.832520000000001	3.28079	3.03777	0.0	0.0	0.0	0.0	22.965533333333337	0.0	0.0	0.0	0.0	0.0	19.657766666666664	26.48935	0.0	0.0	0.0	0.0	0.0	0.0	0.0	0.0	0.0	0.0	0.0	0.0	0.0	0.0	0.0	13.1232	16.404	9.35634	2.43022	2.7947499999999996	3.28079	0.0	25.5173	10.0854	0.0	0.0	0.0	0.0	0.0	16.0394	0.0	0.0	0.0	0.0	0.0	0.0	0.0	0.0	28.00825	6.440079999999999	3.76684	15.857149999999999	11.106118	2.9162600000000003	0.0	0.0	0.0	0.0	4.4959	0.0	0.0	11.3005	0.0	0.0	0.0	0.0	0.0	0.0	13.8522	13.9738	9.35634	10.8145	26.466007692307695	3.88835	15.86584	17.92285	0.0	0.0	0.0	0.0	0.0	6.31857	39.8556	20.0493	7.53367	30.3777	10.3284	16.7685	34.1446	0.0	4.00986	16.2825	6.6831	7.53367	19.5633	0.0	0.0	0.0	0.0	0.0	0.0	3.52382	0.0	0.0	0.0	54.679899999999996	44.1084	2.4909749999999997	13.4877	4.25288	0.0	0.0	0.0	0.0	0.0	0.0	0.0	0.0	0.0	0.0	80.0757	27.7045	29.2841	9.11332	50.67	16.5255	26.4894	3.52382	4.13137	0.0	0.0	0.0	0.0	0.0	0.0	0.0	0.0	0.0	0.0	0.0	0.0	0.0	0.0	0.0	0.0	0.0	46.0526	5.22497	15.5534	0.0	0.0	0.0	0.0	0.0
N38_1_3	0.0	0.0	0.0	0.0	0.0	0.0	0.0	0.0	0.0	0.0	0.0	0.0	0.0	0.0	0.0	0.0	0.0	0.0	0.0	0.0	0.0	0.0	0.0	0.0	1.6247575	0.0	0.0	0.0	0.0	0.0	0.0	0.0	0.0	0.0	0.0	1.4783849999999998	0.0	0.0	0.0	0.0	0.0	0.0	0.0	0.0	0.0	0.0	0.0	0.0	0.0	0.0	0.0	0.0	0.468399	0.0	0.0	2.9958000000000005	3.01532	0.0	0.0	0.702598	0.0	0.702598	0.0	0.0	0.0	0.0	0.0	0.0	0.907522	0.0	0.0	0.0	0.0	0.0	0.995347	0.0	0.0	0.0	0.0	0.0	0.0	0.0	0.0	0.0	0.0	2.306864	0.5123107499999999	0.0	0.0	0.0	0.0	0.0	0.0	0.0	0.0	0.0	0.0	0.0	0.0	7.75785	0.439124	0.0	0.731873	0.0	3.42516	4.42051	0.0	0.0	0.0	0.0	0.0	0.0	0.0	0.0	0.0	0.0	0.0	0.0	0.0	0.0	0.0	0.0	0.0	0.0	0.0	0.0	0.0	0.0	0.0	0.0	0.0	0.0	0.0	0.0	0.0	0.0	0.0	1.72722	1.72722	1.58084	0.0	0.936797	0.0	0.0	0.0	0.0	0.0	0.0	0.0	0.0	0.0	0.0	0.0	0.0	0.0	0.0	0.0	1.02462	0.0	0.0	0.0	0.0	0.0	0.0	0.0	0.0	0.0	0.0	0.0	0.0	0.0	2.10779	0.0	0.0	0.0	0.0	0.0	0.0	0.0	0.0	0.0	0.0	0.0	0.0	0.0	0.0	0.0	0.0	0.0	0.0	0.0	6.6454	6.6454	0.0	0.0	0.0	0.614773	0.0	0.0	1.25882	0.0	14.9302	21.195	0.292749	0.0	0.0	0.0	0.0	0.0	0.0	0.0	0.0	0.0	0.0	0.0	0.0	0.0	0.0	0.0	0.0	0.0	0.0	0.0	0.0	0.0	0.0	0.0	0.0	0.0	0.0	0.0	0.0	0.0	0.0	0.0	0.0	0.0	0.0	0.0	0.0	0.0	0.0	0.0	0.0	1.02462	0.0	1.63939	0.0	0.0	0.0
N38_2_4	0.0	9.65726	0.0	0.0	0.0	0.0	0.0	0.0	12.289209999999999	0.0	0.0	0.0	3.27982	3.2760241666666663	0.0	0.0	0.0	0.0	0.0	75.81556666666667	57.6247	8.82212	4.96529	0.0	0.0	0.0	0.0	0.0	0.0	0.0	0.0	0.0	13.1952	0.0	0.0	0.0	10.7505	8.91323	0.0	0.0	0.0	0.0	0.0	0.0	0.0	0.0	6.83297	10.826435	0.0	0.0	0.0	0.0	0.0	0.0	0.0	1.08315	1.06291	4.5122064516129035	0.0	0.607375	0.0	0.0	0.0	21.2885	0.0	0.0	36.5488	0.0	4.190885	0.0	15.154	16.3839	38.2798	0.0	0.258134	0.0	0.0	0.956615	7.19739	17.0166	5.90672	21.41	0.0	0.0	0.0	3.9975359999999998	0.0	8.00216	7.47071	0.0	18.01625	8.465285	4.81345	4.50976	0.0	0.0	1.12364	0.0	25.33765	13.9848	0.394794	0.0	0.59219	1.38178	24.026222	36.98155	0.0	0.0	0.0	0.0	0.0	0.0	0.0	0.0	0.0	0.0	0.0	0.0	0.0	0.0	0.0	14.1366	21.167	10.9024	4.91974	2.5965249999999997	3.621475	0.0	30.1258	11.7223	1.10846175	0.0	0.0	0.0	0.0	23.9761	0.0	0.0	0.0	0.0	0.0	0.0	0.4058369090909091	0.0	39.18325	8.83224	5.534705000000001	16.953366666666668	13.754015999999998	1.98915	0.0	0.0	0.0	0.0	5.618220000000001	0.531453	1.92841	17.4165	0.0	0.0	3.82646	0.0	9.14099	0.0	17.705	19.5271	12.8612	13.407800000000002	38.04677692307692	5.70932	22.427318749999998	22.5488	0.0	0.0	0.0	0.0	0.0	8.57917	43.9436	19.6486	7.72884	30.8698	6.75704	16.5813	33.7093	0.0	6.8937	18.9956	6.506500000000001	12.762450000000001	20.5445	1.41215	1.41215	0.0	0.0	0.0	0.0	6.63557	0.0	0.212581	0.0	56.285439999999994	57.465199999999996	3.78091	13.2408	6.22559	0.0	0.0	0.0	0.0	0.0	0.0	0.0	0.0	0.0	0.0	91.8503	29.3818	25.98805	7.66811	52.4316	20.5445	32.2364	4.69197	5.587845	0.0	0.0	0.0	0.0	0.0	0.0	0.0	0.0	0.713665	0.0	0.9096815454545454	0.0	0.0	0.0	0.0	0.0	0.0	61.6637	6.43817	11.350292	0.744034	0.895878	0.0	0.0	1.82212
N39_1_3	0.0	0.0	0.0	0.0	0.0	0.0	0.0	0.0	0.0	0.0	0.48122	5.22926	0.0	0.0	0.0	0.0	0.0	0.0	0.0	0.0	0.0	0.0	0.0	0.0	0.0	1.95696	5.22926	0.898278	0.0	0.5747905833333333	0.834115	0.0	0.0	0.0	0.0	3.2723	0.0	0.0	0.0	0.0	0.0	0.0	0.0	0.0	0.0	0.0	0.0	0.0	0.0	0.0	0.0	0.0	3.52895	0.0	0.0	15.281433333333334	15.3349	0.0	0.6026708571428571	9.37176	0.0	0.0	0.0	0.0	0.0	0.0	0.0	0.0	2.34194	0.0	0.802034	0.0	0.0	0.0	3.17605	0.0	0.0	0.0	0.0	0.0	0.0	0.0	6.38419	1.79656	0.0	10.766480000000001	0.5654336249999999	0.0	0.0	0.0	0.0	0.0	0.0	0.0	0.513301	0.0	0.0	0.0	0.0	11.5814	1.44366	7.15414	1.98904	0.0	10.2339	9.94522	0.0	0.0	0.0	0.0	0.0	7.7316	0.0	0.0	0.0	0.0	0.0	0.0	0.0	0.0	0.0	0.0	0.0	0.0	0.0	0.0	0.0	0.0	0.0	0.0	0.0	0.0	0.0	0.0	1.8928	0.0	0.0	7.282468333333333	7.31455	5.6784	0.898278	5.64632	0.0	0.0	0.0	0.0	0.0	0.0	0.0	0.0	0.0	0.0	0.0	0.0	0.0	0.0	15.4311	3.11189	0.0	0.0	0.0	0.0	0.0	0.0	0.0	0.0	0.0	0.0	0.0	0.0	0.0	6.06337	4.8122	0.0	0.0	0.0	0.0	0.0	0.0	0.0	0.0	0.0	0.0	0.0	0.0	0.0	0.0	0.0	0.0	0.0	0.0	14.3404	14.324349999999999	0.0	0.0	0.0	1.95696	0.0	0.0	3.20813	0.0	14.939216666666667	21.8795	1.31534	0.0	0.0	0.0	0.0	0.0	0.0	0.0	0.0	0.0	0.0	0.866196	0.0	0.0	0.0	0.0	0.0	0.0	0.0	0.0	0.0	0.0	0.0	0.0	0.732291695652174	0.0	0.0	0.0	0.0	0.70579	0.0	0.0	0.0	0.0	0.0	1.0266	0.0	0.0	0.0	0.0	0.0	2.27778	0.0	7.60328	0.0	0.0	0.0
N39_1_4	0.0	0.0	0.0	0.0	0.0	0.0	0.0	0.0	0.0	36.7953	0.0	0.0	0.0	0.0	0.0	0.0	0.0	0.0	0.0	153.569	143.459	16.9983	10.1328	0.0	0.0	0.0	0.0	33.44175	0.0	0.0	38.047039999999996	4.17721	12.7522	0.0	0.0	0.0	0.0	0.0	10.25689	0.0	0.0	0.0	0.0	0.0	0.0	0.0	14.4755	23.58353333333333	19.5212	0.0	0.0	34.734854545454546	0.0	0.0	0.0	0.0	0.0	0.0	30.54252263157895	0.0	0.0	0.0	0.0	43.4816	0.0	0.0	0.0	0.0	0.0	0.0	34.9203	0.0	83.9164	0.0	0.0	0.0	0.0	0.0	0.0	28.28	11.7458	34.0105	0.0	0.0	0.0	0.0	0.0	16.2677	17.3981	98.447	28.42015	20.25875	0.0	0.0	0.0	0.0	0.0	0.0	46.24798333333334	0.0	0.0	0.0	0.0	0.0	53.192928571428574	65.73245	0.0	0.0	0.0	0.0	0.0	0.0	0.0	0.0	0.0	6.56773	44.419	29.2818	52.9113	40.7795	52.4426	20.1829	0.0	14.31	0.0	0.0	0.0	0.0	54.152	9.51245	0.0	0.0	0.0	11.8975	0.0	55.0344	32.9489	0.0	0.0	0.0	0.0	0.0	0.0	0.0	0.0	0.0	0.0	0.0	0.0	0.0	0.0	0.0	0.0	0.0	0.0	0.0	0.0	36.8091	0.0	0.0	16.6261	12.7936	30.1641	31.0327	0.0	23.8363	22.0854	0.0	0.0	0.0	56.21168	49.34065	0.0	0.0	0.0	0.0	0.0	0.0	0.0	0.0	0.0	0.0	0.0	0.0	0.0	0.0	14.9442	0.0	17.9772	25.996133333333333	44.9567	0.0	0.0	0.0	12.17315	15.9092	0.0	0.0	0.0	0.0	0.0	100.14955	0.0	7.60996	16.0333	0.0	0.0	0.0	104.651	0.0	0.0	0.0	0.0	0.0	61.762	0.0	42.2822	0.0	0.0	0.0	0.0	9.6641	0.0	12.7798	7.20327	0.0	0.0	32.65285652173913	29.717646153846154	0.0	0.0	0.0	49.72166363636364	0.0	0.0	0.0	0.0	0.0	0.0	0.0	0.0	0.0	73.2183	14.3238	37.6087	0.0	0.0	35.2788	36.3955	0.0
N39_2_4	7.11347	5.8027	4.46249	16.8632	5.75852	3.59355	8.36532	7.49639	0.0	39.4849	0.0	0.0	0.0	0.0	0.0	0.0	0.0	0.0	0.0	197.37066666666666	176.997	18.5863	12.2387	0.0	0.0	0.0	0.0	32.3236	0.0	5.702069166666667	40.704359999999994	4.05011	20.2358	86.44163333333334	88.7048	0.0	92.2542	73.9477	43.33866666666666	0.0	13.4758	0.0	28.9841	22.5775	0.0	0.0	19.8235	27.415575	21.0753	0.0	0.0	35.76951818181818	0.0	0.0	0.0	0.0	0.0	0.0	30.072078749999996	0.0	0.0	0.0	0.0	44.514399999999995	0.0	0.0	26.2447	0.0	0.0	0.0	45.1551	0.0	105.568	0.0	0.0	0.0	0.0	0.0	0.0	38.5374	14.4773	44.1536	0.0	0.0	0.0	0.0	0.0	21.09	23.2697	99.5002	40.33175	24.27855	0.0	0.0	0.0	0.0	0.0	0.0	57.38393333333334	0.0	0.0	0.0	0.0	0.0	76.07687142857142	83.0715	0.0	0.0	0.0	0.0	0.0	0.0	0.0	0.0	0.0	6.477231999999999	47.2169	29.6174	53.756	44.3892	54.08	26.0974	21.7822	22.5186	0.0	0.0	0.0	0.0	74.1539	16.4508	0.0	0.0	0.0	13.7115	0.0	70.0006	37.8501	0.0	0.0	0.0	0.0	0.0	0.0	0.0	0.0	0.0	0.0	0.0	0.0	1.48013	0.0	0.0	0.0	0.0	0.0	0.0	0.0	44.728	0.0	14.875	19.9413	15.1548	38.5865	31.2816	9.61717	36.4952	28.2182	5.537605454545455	15.506484	2.31225	71.9565	62.81355	0.0	0.0	0.0	0.0	0.0	0.0	26.5245	10.9574	3.5641	15.8175	3.68192	10.3977	19.8087	0.0	21.8853	28.7926	14.62456	21.237312	56.9372	0.0	0.0	0.0	12.51855	16.8926	0.0	2.1797	0.0	0.0	0.0	134.5815	0.0	9.76445	22.6806	11.1341	0.0	0.0	136.732	0.0	0.0	0.0	0.0	0.0	66.4513	0.0	93.2704	17.8941	17.717350000000003	4.50667	32.2094	21.311	23.4906	17.23875	9.926465	0.0	0.0	33.07578260869565	29.939115384615384	0.0	0.0	0.0	48.700390909090906	0.0	0.0	0.0	0.0	0.0	0.0	0.0	0.0	0.0	94.8021	16.8632	50.8694	0.0	0.0	44.566	45.9945	0.0
N39_1_2	0.0	0.0	0.0	0.0	0.0	0.0	0.0	0.0	0.0	0.0	3.55895	3.95109	0.0	0.0	0.0	0.0	0.0	0.0	0.0	0.0	0.0	0.0	0.0	0.0	0.42035975000000003	0.487202	3.95109	8.239355	0.76942225	9.826720833333333	9.351898	0.0	0.0	0.0	0.0	2.9499449999999996	0.0	0.0	0.0	0.0	0.0	0.0	0.0	0.0	0.0	0.0	0.0	0.0	0.0	0.0	0.0	0.0	2.65584	0.0	0.0	12.203833333333334	12.3167	0.0	0.0	8.07225	0.0	0.178245	0.0	0.0	0.0	0.0	0.0	0.0	1.47943	0.0	0.0	0.0	0.0	0.0	1.22395	0.0	0.0	0.0	0.0	0.0	0.0	0.0	3.96891	0.350548	0.0	7.608668	8.817905	0.0	0.0	0.0	0.0	0.0	0.0	0.0	0.510968	0.0	0.0	0.0	0.0	8.66863	1.35466	5.13938	1.73491	0.0	13.04158	7.70611	0.07129769999999999	0.0	0.0	0.0	0.0	5.16909	0.0	0.0	0.0	0.0	0.0	0.0	0.0	0.0	0.0	0.0	0.0	0.0	0.0	0.0	0.0	0.0	0.0	0.0	0.0	0.0	0.0	0.0	1.62797	0.0	0.0	3.8886983333333327	3.89761	3.383675	0.380255	2.47166	0.0	0.0	0.0	0.0	0.0	0.0	0.0	0.0	0.8298271666666667	0.0	0.0	0.999357	0.0	0.0	16.5708	2.32906	0.0	0.0	0.0	0.0	0.0	0.0	0.0	0.0	0.0	0.0	0.0	0.0	2.39442	4.26004	3.33911	0.0	18.5077	0.0	0.0	0.0	0.0	0.0	0.0	0.0	0.0	0.0	0.0	0.92093	0.0	0.0	0.0	0.0	0.0	27.5923	27.583350000000003	0.0	0.0	0.0	2.02605	0.0	0.0	1.9191	0.0	19.173166666666667	20.2783	0.974404	0.0	0.0	0.0	0.598109	0.0	0.0	0.0	0.0	0.0	0.0	0.0	0.0	0.0	0.0	0.0	0.0	0.0	0.0	0.0	0.0	0.0	0.0	0.0	0.0	0.0	0.0	0.0	0.0	0.0	0.0	0.0	0.0	15.8756	14.4913	19.076122222222224	15.436	0.0	0.0	0.0	0.0	2.88162	0.0	5.31763	0.0	0.0	0.0
N39_2_3	9.5165	9.16175	8.91497	21.6859	9.42396	3.54748	13.7272	11.537	0.0	15.6089	0.508986	5.21325	0.0	0.0	0.4032227857142857	0.0	0.262205	0.2930525	0.0	105.12504249999999	122.218	11.9843	8.89955	0.28818226315789475	0.46657099999999996	1.55781	5.21325	16.65385	0.0	11.87505	19.4803	2.17476	17.5677	152.737	152.326	10.4959	156.876	131.226	66.53836666666666	0.0	32.8527	0.0	46.5954	37.4953	0.0	3.08476	13.3879	19.580550000000002	13.8969	0.0	0.0	19.033	2.99222	0.0	0.5077998846153846	15.979100000000003	16.1179	0.0	13.057305945945945	7.60202	0.0	0.262205	4.68884	30.53915	0.0	0.0	40.7806	0.0	3.82511	0.0	36.5699	0.0	76.1937	0.0	4.38037	0.0	0.0	0.0	0.0	30.148433333333333	11.8146	34.6728	6.97157	1.511535	0.0	12.391506666666666	2.0224475	16.0099	15.9482	49.7881	28.549500000000002	18.6937	2.2133149999999997	0.0	1.78916	0.0	0.0	0.0	46.63135	18.416	3.53206	12.848	5.78393	0.0	45.36488777777778	52.615833333333335	0.13881445	0.0	0.0	0.0	0.0	11.537	0.0	0.0	0.0	4.010196	22.4417	13.4342	25.9274	19.0176	25.9583	18.4006	22.9198	16.1642	0.0	0.0	0.0	4.55003	58.3483	15.9945	0.0	0.0	0.0	6.8636	1.18763	48.1223	24.7552	14.750300000000001	14.776	13.03315	0.539834	8.45226	0.0	0.0	0.0	0.0	0.0	0.0	0.0	1.8585699999999998	9.130905	2.85341	0.0	11.64808	0.0	0.0	10.0872	20.976385	0.0	18.5086	10.5653	9.02294	21.7322	12.1848	12.9869	26.4519	25.5881	7.676854545454546	24.797196	3.97935	44.23038	34.071236666666664	6.46258	0.0	7.21835	0.0	0.0	0.0	36.4465	17.3364	7.92785	21.4391	6.09241	14.6064	32.0199	1.52696	15.1616	21.4391	11.444475	13.65934	37.8038	30.9556	30.978749999999998	0.0	6.1618200000000005	7.95869	2.39069	0.0	0.0	3.96392	0.0	54.60543333333334	42.7394	4.71198	15.177	9.63989	0.0	0.0	95.8282	0.0	0.0	0.0	0.0	0.0	27.6858	0.0	80.2193	29.0431	26.606099999999998	8.34429	44.4515	19.6037	29.4904	12.84035	8.760729999999999	0.0	0.215934	14.210052173913045	15.417907692307693	0.0	0.0	0.0	19.972427272727273	0.0	0.0	0.0	4.17986	3.77884	4.9227694444444445	3.9639249999999997	0.0	0.0	77.0883	14.6989	23.41336	0.0	14.375	29.0893	31.4029	0.0
N39_2_2	0.0	0.0	0.0	0.0	0.0	0.0	0.0	0.0	0.0	0.902575	11.0243	1.35386	0.0	0.0	0.0	0.0	0.0	0.0	0.0	4.77076	4.29798	0.365328	0.0	0.0	0.451288	0.795126	1.35386	24.6489	0.0	24.670375000000003	28.332299999999996	0.0	0.0	0.0	0.0	1.149705	0.0	0.0	0.32951166666666665	0.0	0.0	0.0	0.0	0.0	0.0	0.0	0.0	0.7199115	0.343838	0.0	0.0	1.0901190909090908	0.494267	0.0	0.0	3.8753433333333334	3.91116	0.0	0.8868692307692307	1.7138175	0.0	0.257879	0.0	1.22492	0.0	0.0	0.0	0.0	0.0	0.0	1.07449	0.0	2.14899	0.644697	1.16045	0.0	0.0	0.0	0.0	0.6948396666666666	0.322348	0.967045	3.56732	1.09598	0.0	6.475623333333334	26.0323125	0.601717	0.580227	2.72922	0.6446965	0.666187	0.0	0.0	0.193409	0.0	0.0	0.0	1.278645	6.91974	1.053	3.54583	1.09598	0.0	10.30441125	3.2306466666666664	0.0859596	0.0	0.0	0.0	0.429798	3.73924	0.0	0.0	0.0	0.128939	0.967045	0.773636	1.37535	1.2679	1.39684	0.752146	0.0	0.0	0.0	0.0	0.0	1.31088	1.52578	0.0	0.0	0.0	0.0	0.472778	0.0	1.4828	0.945555	2.811598333333333	2.81518	2.396125	0.0	1.95558	0.451288	0.0	0.0	0.0	0.0	0.0	0.0	0.0	0.0	1.16045	0.0	0.0	0.0	0.515757	3.8252	1.2679	0.0	0.0	0.343838	0.0	0.773636	0.687676	0.0	0.666187	0.773636	0.0	0.0	0.0	2.23495	1.93409	1.67621	0.0	61.9768	0.816616	0.0	0.0	0.0	0.0	0.0	0.0	0.0	0.0	0.0	0.408308	0.408308	0.0	0.343838	0.590972	0.988535	5.22204	5.24353	0.0	0.419053	0.472778	0.300858	0.0	0.0	0.709166	0.472778	32.15423	28.646	0.3653285	1.35386	0.0	0.0	0.0	0.0	0.0	0.0	0.0	0.0	0.0	1.24641	0.0	1.35386	0.0	0.0	0.0	0.0	0.365328	0.0	0.300858	0.257879	0.0	0.0	1.0903739130434782	0.684369923076923	0.0	0.0	0.0	1.3519063636363635	0.0	0.0	0.0	53.209	44.3551	59.627266666666664	49.38375	0.0	0.0	10.4011	0.537247	1.171198	0.0	3.54583	1.18194	0.924065	0.0
N40_1_2	0.0	0.0	0.0	0.0	0.0	0.0	0.0	0.0	0.0	0.0	0.924935	3.762	0.0	0.0	0.0	0.0	0.0	0.0	0.0	15.5549	0.0	0.0	0.0	0.0	4.43569	0.0	3.762	0.0	0.0	0.0	0.0	0.0	0.0	0.0	0.0	3.6241450000000004	0.0	0.0	0.0	0.160085	0.0	0.0	0.0	0.0	0.0	9.15152	0.0	0.0	0.0	0.0	0.0	0.0	1.20064	0.0	0.0	8.140616666666666	8.14655	0.0	0.0	3.1594525	0.0	3.72642	0.0	0.0	0.0	0.0	0.0	0.0	5.39842	0.0	0.0	0.0	0.0	2.30344	1.78762	0.0	0.0	0.0	0.0	0.0	0.0	0.0	0.0	0.0	0.0	8.811196666666666	2.20228	0.0	0.0	0.0	0.0	4.3134	0.0	0.0	0.275702	0.818212	0.0	0.0	0.0	15.4037	3.50408	15.7506	9.41833	0.0	14.18976	15.8751	0.057808450000000004	3.23727	4.00212	4.40234	2.85485	13.0469	0.0	0.0	0.0	0.0	0.0	0.0	0.0	0.0	0.0	0.0	0.0	0.0	0.0	0.0	0.0	6.71467	0.0	0.0	0.0	3.21949	3.263955	0.0	0.418	0.0	0.0	9.12929	9.14263	8.173225	0.65368	6.90144	0.0	6.04765	0.0	0.0	0.0	0.0	0.0	0.0	0.0	8.67127	0.0	0.0	0.0	0.0	1.43187	7.7908	0.0	0.0	0.0	0.0	0.0	0.0	0.0	0.0	0.0	0.0	0.0	0.0	8.7691	7.72855	11.2771	0.0	6.63463	0.0	6.84808	0.0	0.0	0.0	0.0	0.0	0.0	0.0	0.0	1.57417	0.0	0.0	0.0	0.0	0.0	32.25265	32.2393	0.133404	0.0	0.0	1.56528	0.0	0.0	3.64638	0.0	21.76263	25.6225	1.79651	0.0	0.0	15.3593	0.0	0.0	0.933829	0.871574	1.19174	1.79651	1.15617	0.0	0.98719	0.0	0.0	0.0	0.0	0.0	0.0	0.0	0.0	0.0	2.10779	2.21451	0.0	0.0	0.0	0.0	7.13267	0.0	0.0	0.0	0.0	5.04268	4.27783	5.814938333333333	4.84257	0.0	0.0	0.0	0.0	10.4945	0.0	11.7573	0.0	0.0	0.0
N40_1_3	0.0	0.0	0.0	0.0	0.0	0.0	0.0	0.0	0.0	0.0	0.0	0.647464	0.0	0.0	0.0	0.0	0.0	0.0	0.0	3.27467	0.0	0.0	0.0	0.0	0.28326525	0.0	0.647464	0.0	0.0	0.0	0.0	0.0	0.0	0.0	0.0	0.0	0.0	0.0	0.0	0.0435793	0.0	0.0	0.0	0.0	0.0	2.05445	0.0	0.0	0.0	0.0	0.0	0.0	0.217897	0.0	0.0	1.33851	1.33851	0.0	0.0	0.768085375	0.0	0.821781	0.0	0.0	0.0	0.0	0.0	0.0	1.36964	0.0	0.0	0.0	0.0	0.398439	0.205445	0.0	0.0	0.0	0.0	0.0	0.0	0.0	0.0	0.0	0.0	0.8176306	0.0	0.0	0.0	0.0	0.0	0.952519	0.0	0.0	0.0	0.174317	0.0	0.0	0.0	3.2809	0.622562	2.62098	1.66224	0.0	4.10268	2.88869	0.0	0.715946	0.759525	0.828007	0.25525	2.49647	0.0	0.0	0.0	0.0	0.0	0.0	0.0	0.0	0.0	0.0	0.0	0.0	0.0	0.0	0.0	1.18287	0.0	0.0	0.0	0.666141	0.6754795	0.0	0.0	0.0	0.0	1.8739133333333333	1.88014	1.56574	0.0622562	0.933842	0.0	1.32606	0.0	0.0	0.0	0.0	0.0	0.0	0.0	1.56263	0.0	0.0	0.0	0.0	0.0	1.22022	0.0	0.0	0.0	0.0	0.0	0.0	0.0	0.0	0.0	0.0	0.0	0.0	1.63111	1.57508	1.93617	0.0	0.0	0.0	1.43812	0.0	0.0	0.0	0.0	0.0	0.0	0.0	0.0	0.442019	0.0	0.0	0.0	0.0	0.0	4.84353	4.84353	0.0	0.0	0.0	0.261476	0.0	0.0	1.021	0.0	5.185935	5.04897	0.491824	0.0	0.0	4.7626	0.0	0.0	0.230348	0.0	0.273927	0.273927	0.267701	0.0	0.0	0.0	0.0	0.0	0.0	0.0	0.0	0.0	0.0	0.0	0.734623	0.466921	0.0	0.0	0.0	0.0	1.17042	0.0	0.0	0.0	0.0	0.0	0.0	0.0	0.0	0.0	0.0	0.0	0.0	2.06068	0.0	2.06068	0.0	0.0	0.0
N40_1_4	0.0	0.0	0.0	0.0	0.0	0.0	0.0	0.0	0.0	0.0	0.0	41.6971	0.0	0.0	0.0	0.0	0.0	0.0	0.0	240.908	0.0	0.0	0.0	0.0	2.18681	0.0	41.6971	0.0	0.197802	0.0	0.0	0.0	0.0	0.0	0.0	0.0	0.0	0.0	0.0586079	0.0	0.0	0.0	0.0	0.0	0.0	128.615	0.0	0.0	0.0	0.0	0.0	0.0	10.3956	0.0	0.0	59.650666666666666	59.6629	0.0	0.0	31.956875	0.0	34.9596	0.0	0.0	0.0	0.0	0.0	0.0	43.37350300000001	0.0	0.0	0.0	0.0	31.8241	0.0	0.0	0.0	0.0	0.0	0.0	0.0	0.0	0.0	0.0	0.168498	69.61400666666667	0.0	0.0	0.0	0.0	0.0	69.4431	0.0	0.0	0.304029	23.5164	0.0	0.0	0.0	222.388	49.2819	199.465	129.707	0.468863	40.82780714285714	204.051	1.2124515	57.6702	72.5346	74.9449	53.6849	190.087	0.0	0.0	0.0	0.0	0.0	0.0	0.0	0.0	0.0	0.0	0.0	0.0	0.124542	0.205128	0.695969	115.707	0.0	0.0	0.0	65.4357	65.40645	0.0	0.659339	0.0	0.0	132.63716666666667	132.80175	118.7105	12.09155	117.89	1.176344761904762	106.465	0.0	0.0	0.0	0.0	0.0	0.0	0.0	155.787	0.0	0.0	0.0	1.28937	1.8315	114.571	0.0	0.0	0.0	0.0	0.0	0.0	0.0	0.0	0.0	0.0	0.0	0.0	25.879015999999996	121.406	165.531	1.42857	0.0	1.8571391666666666	113.069	0.0	0.0	0.0	0.0	0.0	0.0	0.0	0.0	24.1172	0.0	0.0	0.688643	0.0	0.0	188.022	187.97	0.153846	0.0	0.0	12.6447	0.0	0.0	49.89	14.4322	247.35482499999998	251.2045	27.9706	0.0	0.0	232.161	0.131868	0.0	25.6922	20.8791	31.7728	40.5347	30.0366	0.0	20.1318	0.0	0.0	0.0	0.0	0.0	0.0	0.0	0.0	0.0	36.6006	48.6959	0.0	0.0	0.0	0.0	114.979	0.0	0.0	0.0	0.3373623	0.0	0.0	0.0	0.0	0.0	0.0	0.0	0.0	147.494	0.0	142.571	0.0	0.0	0.388277
N40_2_2	0.0	0.0	0.0	0.0	0.0	0.0	0.0	0.0	0.0	0.0	0.903651	14.2648	0.0	0.0	0.4152491333333333	0.0	0.282391	0.387279	0.0	9.2019115	0.0	0.0	0.0	0.467962	111.8065	0.0	14.2648	2.54959	0.0	4.258724166666667	2.87232	0.0	0.0	0.0	0.0	40.696600000000004	0.0	0.0	0.0	0.0	0.0	0.0	0.0	0.0	0.0	0.0	0.0	0.0	0.0	0.0	0.0	0.0	15.5718	0.0	0.56865468	92.9685	93.8829	0.0	0.0	6.74107625	0.0	48.8294	0.0	0.0	0.0	0.0	0.0	0.0	14.3455	1.59753	0.0	0.0	0.0	0.0	29.7237	0.0	0.0	0.0	0.0	0.0	0.0	0.0	0.0	0.0	0.0	232.12980000000002	3.6408275	0.0	0.0	0.0	0.371142	0.0	0.0	0.0	8.95583	0.0	0.0	0.0	0.0	87.1055	16.1366	60.7544	28.4489	0.0	47.877359999999996	81.7159	0.395347	0.403416	0.467962	0.419552	3.53392	54.1222	0.0	0.0	0.0	0.0	0.0	0.0	0.0	0.0	0.0	0.0	0.0	0.0	0.0	0.0	0.0	22.0104	0.0	0.0	0.0	0.355006	0.33080050000000005	0.0	17.6373	0.0	0.0	58.06228333333333	58.12815	50.61255	0.0	29.6269	0.6277918095238095	0.548645	0.0	0.0	0.0	0.0	0.0	0.0	0.9493715000000001	9.31083	0.0	1.258658	0.0	0.822968	52.3795	24.9956	0.0	0.0	0.0	0.0	0.0	0.0	0.0	0.0	0.0	0.0	0.0	0.0	13.974305000000001	38.5343	29.4978	0.8498623333333333	9.9563	0.7678345833333333	0.613192	0.0	0.0	0.274323	0.0	0.0	0.0	0.0	0.613192	6.64829	0.0	0.0	0.435689	0.0	0.0	293.509	293.37199999999996	5.2444	0.19364	0.225913	20.2837	0.0	0.0	16.3303	5.45418	85.709625	146.472	7.6649	0.0	0.0	2.27526	0.0	0.0	0.0	0.0	0.0	0.209776	0.0	0.0	0.0	0.0	0.0	0.0	0.0	0.0	0.274323	0.726148	0.0	0.0	0.290459	0.306596	0.40201278260869566	0.0	0.0	0.0	1.00047	0.0	0.0	0.0	0.0	5.80919	5.32509	6.953096111111112	5.615550000000001	0.0	0.0	0.0	0.0	52.1213	0.0	67.5318	0.0	0.0	0.0
N40_2_3	0.0	12.7321	0.0	0.0	0.0	0.0	0.0	0.0	0.0	0.0	2.38278	1.7512	0.0	0.0	0.0	0.0	0.0	0.0	0.0	67.0480775	66.0289	10.1771	0.0	0.0	10.07659	0.0	1.7512	11.806225	1.883975	24.890024999999998	14.89384	0.0	18.1005	0.0	0.0	5.748825	13.7656	11.3972	0.0	0.0	0.0	0.0	0.0	0.0	0.0	3.77513	9.17228	13.97373	0.0	0.0	0.0	0.0	1.33493	0.0	0.0	9.033523333333333	9.15793	6.908637	0.0	1.76914375	0.0	4.95217	0.918664	27.5599	0.0	0.0	59.6701	0.0	2.16747	13.1197	21.9905	0.0	41.4403	0.0	4.11963	0.617227	0.545457	0.0	0.0	20.851766666666666	7.17706	25.2058	6.14356	4.80863	0.0	7.3339973333333335	28.961225	9.5742	9.14357	0.0	18.0718	7.6220566666666665	6.459353333333333	5.79906	1.2201	0.129187	1.80862	0.0	29.885266666666666	22.2489	3.18661	13.9091	5.87083	3.63159	31.840608888888887	32.9092	0.129187	0.473686	0.803831	0.789477	0.746414	11.4833	0.0	0.0	0.0	0.0	0.0	0.0	0.0	0.0	0.0	17.2537	22.9092	15.1005	0.832539	0.9114865	1.36364	4.30624	38.6269	14.1388	1.46412	0.602873	0.6244045	0.0	1.73685	29.8996	0.0	10.354083333333334	10.385200000000001	9.007204999999999	0.272728	5.21055	1.1913938095238095	0.73206	0.0	0.0	0.0	0.0	0.0	2.0957	3.34451	2.45455	0.0	3.990444	0.0	1.34929	8.74166	12.911515	0.0	0.0	0.0	0.0	0.0	0.0	18.0001	21.1867	14.0814	17.997481818181818	49.07838846153846	7.76558	24.6280775	19.650763333333334	6.6316	1.1172283333333335	14.4402	1.4976116666666668	1.07656	0.0	43.1628	21.158	8.85649	23.8135	7.23448	17.8996	35.024	1.53589	9.01439	22.335	4.894768999999999	16.9953	25.6221	36.359	36.3231	0.344499	0.0	0.0	2.2823	10.2775	0.0	3.88997	2.19618	55.603049999999996	53.1031	3.523935	11.6268	9.12922	3.14355	0.8660316666666666	0.0	0.0	0.0	0.0	0.272728	0.272728	0.0	0.0	101.613	33.2011	30.15085	7.70816	52.2633	25.4499	35.5982	5.84213	5.32538	0.401915	0.287082	0.0	0.0	0.0	0.0	1.07656	0.0	0.0	0.0	3.0649826315789475	10.2775	9.45936	11.954583333333334	9.531125	0.0	0.0	54.4308	9.44501	17.0455	6.808636666666668	12.3445	0.0	0.0	3.1292
N41_1_2	0.0	0.0	0.0	0.0	0.0	0.0	0.0	0.0	0.0	0.0	0.0	4.12295	0.0	0.0	0.0	0.0	0.0	0.0	0.0	13.4267	0.0	0.0	0.0	0.0	2.4276575	0.0	4.12295	0.0	0.0	0.0	0.0	0.0	0.0	0.0	0.0	0.0	0.0	0.0	0.0	0.0	0.0	0.0	0.0	0.0	0.0	6.99816	0.0	0.0	0.0	0.0	0.0	0.0	1.46473	0.0	0.0	9.62925	9.65637	0.0	0.0	3.62791875	0.0	2.84809	0.0	0.0	0.0	0.0	0.0	0.0	5.34355	0.0	0.0	0.0	0.0	1.43761	1.08499	0.0	0.0	0.0	0.0	0.0	0.0	0.0	0.0	0.0	0.0	9.475538	0.0	0.0	0.0	0.0	0.0	3.71608	0.0	0.0	0.271246	0.895113	0.0	0.0	0.0	10.0904	2.76671	11.6636	7.54065	0.0	15.678	12.8571	0.135623	3.39058	3.93307	4.23144	2.33272	9.98187	0.0	0.0	0.0	0.0	0.0	0.0	0.0	0.0	0.0	0.0	0.0	0.0	0.0	0.0	0.0	6.64554	0.0	0.0	0.0	2.76671	2.86165	0.0	0.0	0.0	0.0	9.701578333333334	9.71062	8.327265	0.650991	6.53704	0.0	5.34355	0.0	0.0	0.0	0.0	0.0	0.0	0.0	7.62202	0.0	0.0	0.0	0.0	0.0	6.40142	0.0	0.0	0.0	0.0	0.0	0.0	0.0	0.0	0.0	0.0	0.0	0.0	7.45928	6.88966	7.51353	0.0	0.0	0.0	5.04518	0.0	0.0	0.0	0.0	0.0	0.0	0.0	0.0	1.5461	0.0	0.0	0.0	0.0	0.0	25.6328	25.5921	0.0	0.0	0.0	1.62748	0.0	0.0	2.90234	0.0	19.367	18.933	1.9801	0.0	0.0	14.5659	0.0	0.0	1.19348	1.19348	1.30198	1.60035	1.51898	0.0	0.75949	0.0	0.0	0.0	0.0	0.0	0.0	0.0	0.0	0.0	1.68173	2.71246	0.0	0.0	0.0	0.0	5.804669999999999	0.0	0.0	0.0	0.0	0.0	0.0	0.0	0.0	0.0	0.0	1.73598	0.0	7.64915	0.0	8.54426	0.0	0.0	0.0
N41_1_4	0.0	0.0	0.0	0.0	0.0	0.0	0.0	0.0	8.28538	0.0	0.0	0.0	0.0	0.0	0.0	0.0	0.0	0.0	0.0	202.946	190.77	24.8837	15.6211	0.0	0.0	0.0	0.0	28.93	0.0	0.0	33.50762	5.95942	18.4701	46.927533333333336	44.5374	0.0	47.7029	37.8485	13.89385	0.0	11.093	0.0	0.0	0.0	0.0	0.0	20.8648	33.15525	30.1549	0.0	0.0	46.09384545454546	0.0	0.0	0.0	0.0	0.0	0.0	24.57029076923077	0.0	0.0	0.0	0.0	63.5579	0.0	0.0	0.0	0.0	0.0	0.0	47.7304	0.0	113.022	0.0	0.0	0.0	0.0	0.0	0.0	41.86273333333333	17.2727	44.73	0.0	0.0	0.0	0.0	0.0	23.4523	26.5352	121.817	39.6721	28.46895	0.0	0.0	0.0	0.0	0.0	0.0	66.38396666666667	0.0	0.0	0.0	0.0	0.0	72.6514	91.96495	0.0	0.0	0.0	0.0	0.0	0.0	88.7719	289.754	157.26933333333332	19.210500000000003	62.801	38.2201	68.4576	53.387	71.0313	27.3197	0.0	24.0716	0.0	0.0	0.0	0.0	80.5829	0.0	0.0	0.0	0.0	15.8138	0.0	74.1005	0.0	0.0	0.0	0.0	0.0	0.0	0.0	0.0	30.79263333333333	8.294556666666667	0.0	12.148216666666665	13.341919999999998	0.0	0.0	0.0	0.0	0.0	0.0	0.0	0.0	48.4323	0.0	0.0	24.2368	20.9337	54.5294	43.161	0.0	42.1976	30.6642	0.0	0.0	0.0	79.51759999999999	66.923	0.0	0.0	0.0	0.0	0.0	0.0	0.0	0.0	0.0	0.0	0.0	0.0	0.0	0.0	20.7134	0.0	27.2922	38.26136666666667	60.8604	0.0	0.0	0.0	10.3911	13.942	0.0	0.0	0.0	0.0	0.0	132.71085	0.0	10.6251	19.4197	0.0	0.0	0.0	136.819	0.0	0.0	0.0	0.0	0.0	0.0	0.0	70.9212	0.0	0.0	0.0	0.0	14.3274	0.0	21.8489	10.7696	0.0	0.0	28.57573913043478	27.029638461538465	0.0	0.0	0.0	44.7513	0.0	0.0	0.0	0.0	0.0	0.0	0.0	0.0	0.0	95.4608	22.1586	51.5152	0.0	0.0	54.2816	58.3142	0.0
N41_2_2	0.0	0.0	0.0	0.0	0.0	0.0	0.0	0.0	0.0	0.0	8.26077	3.13644	0.0	0.0	0.0	0.0	0.0	0.0	0.0	6.38332	0.0	0.0	0.0	0.0	14.0864	0.0	3.13644	16.118475	0.0	18.794749999999997	19.39732	0.0	0.0	0.0	0.0	5.455640000000001	0.0	0.0	0.0	0.0	0.0	0.0	0.0	0.0	0.0	2.73887	0.0	0.0	0.0	0.0	0.0	0.0	2.38546	0.0	0.0	13.046433333333335	13.0759	0.0	0.0	1.750445	0.0	6.27288	0.0	0.0	0.0	0.0	0.0	0.0	2.71678	0.0	0.0	0.0	0.0	0.0	4.26291	0.0	0.0	0.0	0.0	0.0	0.0	0.0	34.4125	0.596366	0.0	73.41926	17.55965	0.0	0.0	0.0	0.0	0.993943	0.0	0.0	1.14856	0.46384	0.0	0.0	0.0	12.2365	3.026	9.36515	5.21268	0.0	27.5322	12.3691	0.110438	0.331314	0.92768	0.905592	1.06021	8.06198	0.0	0.0	0.0	0.0	0.0	0.0	0.0	0.0	0.0	0.0	0.0	0.0	0.0	0.0	0.0	3.84325	0.0	0.0	0.0	0.485928	0.717848	0.0	2.09832	0.0	0.0	8.470605	8.48165	7.730665	0.0	5.3452	0.0	1.12647	0.0	0.0	0.0	0.0	0.0	0.0	0.0	2.40755	0.0	0.0	0.0	0.0	6.9576	4.8151	0.0	0.0	0.0	0.0	0.0	0.0	0.0	0.0	0.0	0.0	0.0	0.0	5.36729	6.02992	4.85928	0.0	45.2354	0.0	1.01603	0.0	0.0	0.0	0.0	0.0	0.0	0.0	0.0	1.03812	0.0	0.0	0.0	0.0	0.0	40.0449	39.96755	0.728891	0.0	0.0	2.93765	0.0	0.0	3.35732	0.0	40.26573333333334	33.8382	1.45778	0.0	0.0	2.40755	0.0	0.0	0.419665	0.0	0.0	0.485928	0.0	0.0	0.0	0.0	0.0	0.0	0.0	0.0	0.0	0.0	0.0	0.0	0.552191	0.0	0.0	0.0	0.0	0.0	1.54613	0.0	0.0	0.0	3.392457727272727	36.4667	31.9166	41.788555555555554	34.103300000000004	0.0	0.0	0.0	0.0	7.73067	0.0	9.60812	0.0	0.0	0.0
N41_1_3	0.0	0.0	0.0	0.0	0.0	0.0	0.0	0.0	10.5931	0.0	0.0	0.0	0.0	0.0	0.0	0.0	0.0	0.0	0.0	168.14666666666668	158.016	21.2563	11.6706	0.0	0.0	0.0	0.0	30.548	0.0	0.0	35.1463	3.21852	16.7223	40.609366666666666	39.5878	0.0	42.2886	34.2143	13.853666666666667	0.0	0.0	0.0	0.0	0.0	0.0	0.0	19.675	33.101825000000005	27.3015	0.0	0.0	40.5903	0.0	0.0	0.0	0.0	0.0	0.0	21.222365263157894	0.0	0.0	0.0	0.0	59.8366	0.0	0.0	0.0	0.0	0.0	0.0	47.7881	0.0	101.188	0.0	0.0	0.0	0.0	0.0	0.0	37.98323333333334	16.7643	43.7999	0.0	0.0	0.0	0.0	0.0	21.816	23.5932	99.1165	28.5749	29.400550000000003	0.0	0.0	0.0	0.0	0.0	0.0	59.815583333333336	0.0	0.0	0.0	0.0	0.0	63.876714285714286	87.20805	0.0	0.0	0.0	0.0	0.0	0.0	66.6794	229.971	135.30077777777777	17.161700000000003	56.8279	30.1002	55.0787	40.3295	55.3866	26.7277	0.0	17.0862	0.0	0.0	0.0	0.0	68.8344	0.0	0.0	0.0	0.0	10.5652	0.0	56.8839	0.0	0.0	0.0	0.0	0.0	0.0	0.0	0.0	32.8919	7.8748875	0.0	14.481	14.5673	0.0	0.0	0.0	0.0	0.0	0.0	0.0	0.0	44.8074	0.0	0.0	22.1518	17.366	38.1325	31.2757	0.0	0.0	30.1842	0.0	0.0	0.0	65.81739999999999	60.55025	0.0	0.0	0.0	0.0	0.0	0.0	0.0	0.0	0.0	0.0	0.0	0.0	0.0	0.0	18.8633	0.0	25.5103	37.3209	47.998	0.0	0.0	0.0	11.0549	15.4629	0.0	0.0	0.0	0.0	0.0	118.47665	0.0	8.99787	15.0431	0.0	0.0	0.0	0.0	0.0	0.0	0.0	0.0	0.0	0.0	0.0	60.6622	0.0	0.0	0.0	0.0	0.0	0.0	19.4511	10.173300000000001	0.0	0.0	31.387613043478265	27.946269230769232	0.0	0.0	0.0	42.45780909090909	0.0	0.0	0.0	0.0	0.0	0.0	0.0	0.0	0.0	83.3038	23.1314	46.1089	0.0	0.0	49.6073	51.3844	0.0
N41_2_3	0.0	8.39986	0.0	0.0	0.0	0.0	0.0	0.0	0.0	0.0	0.0	0.0	0.0	0.0	0.4457941578947368	0.0	0.0	0.449491	0.0	161.36733333333333	143.514	14.3767	0.0	0.4738874210526316	0.65667775	0.0	0.0	20.817025	0.0	0.0	22.42958	2.40197	21.8705	44.2046	60.7936	0.0	64.6564	53.8827	15.5449	0.0	11.7851	0.0	11.6165	11.167	0.0	0.0	19.9602	30.814675	18.9207	0.0	0.0	26.282418181818183	0.0	0.0	0.5590537600000001	0.646143	0.632096	5.661650625	13.247038684210526	0.0	0.0	0.337118	0.0	41.2197	0.0	0.0	35.3974	0.0	2.02271	0.0	43.0247	0.0	95.1094	0.0	0.0	0.0	0.0	0.0	0.0	38.58593333333334	16.6873	44.1765	0.0	0.0	0.0	0.4906936	0.84630675	20.4378	20.4659	65.0076	30.073700000000002	25.8457	4.09926	3.51165	0.0	0.0	1.03945	0.0	59.538783333333335	2.4722	0.0	0.0	0.0	4.56514	48.434028999999995	80.29724999999999	0.0	0.0	0.0	0.0	0.0	0.856842	46.8032	162.912	93.96225555555556	11.54068	37.2234	21.2244	37.8274	26.6745	36.0997	26.9554	23.7668	21.407	1.26419	0.9411225	1.53108	0.0	73.7165	17.4178	2.2474525	0.0	0.0	9.2286	0.0	59.8525	0.0	0.0	0.0	0.0	0.0	0.0	0.0	0.0	21.097949999999997	4.452763333333333	0.0	9.003858333333334	9.298836	1.418705	0.0	0.0	0.0	0.0	0.0	0.0	0.0	40.7772	0.0	0.0	17.4318	15.4512	34.8074	20.6204	12.4172	33.9506	30.3547	11.837454545454545	29.502149999999997	5.22533	57.03147666666666	40.22472333333334	0.0	0.0	2.54243	0.0	0.0	0.0	24.413	12.4172	5.35175	13.6954	4.74774	10.2259	19.3702	0.0	19.005	28.3601	15.0509	19.87874	50.5536	1.91034	1.91034	0.0	6.96008	9.72023	0.0	6.91092	0.0	0.0	0.0	54.97826	19.9602	8.96172	15.0298	9.39716	0.0	0.0	109.395	0.0	0.0	0.0	0.0	0.0	0.0	0.0	100.489	18.4572	19.8127	4.74774	30.7901	23.4297	25.8879	17.1649	9.30586	0.0	0.0	21.33674347826087	19.209246153846156	0.0	0.0	0.0	28.282163636363634	0.0	0.0	4.16046380952381	0.0	0.0	0.0	0.0	0.0	0.0	82.5939	20.0445	22.8608185	0.0	0.688283	50.4413	52.3937	4.84607
N42_1_4	0.0	0.0	0.0	0.0	0.0	0.0	0.0	0.0	0.0	0.0	0.0	23.9931	0.0	0.0	0.0	0.0	0.0	0.0	0.0	117.275	0.0	0.0	0.0	0.0	33.697649999999996	0.0	23.9931	0.0	0.0	0.0	0.0	0.0	0.0	0.0	0.0	56.98465	0.0	0.0	0.0	0.0	0.0	0.0	0.0	0.0	0.0	55.1048	0.0	0.0	0.0	0.0	0.0	0.0	6.35242	0.0	0.0	47.57040000000001	47.514	0.0	0.0	22.87605	0.0	26.3273	7.50173	0.0	0.0	0.0	0.0	0.0	39.7627	0.0	0.0	0.0	0.0	18.389	18.1663	0.0	0.0	0.0	0.0	0.0	0.0	0.0	0.0	0.0	0.0	117.12313333333333	0.0	0.0	0.0	0.0	0.0	26.9956	0.0	0.0	8.423855	8.85597	0.0	0.0	0.0	138.194	28.4211	115.555	71.4357	0.0	174.999	136.065	0.801848	20.1264	24.5722	27.343	24.002	107.189	0.0	0.0	0.0	0.0	0.0	0.0	0.0	0.0	0.0	0.0	0.0	0.0	0.0	0.0	0.0	62.366	0.0	0.0	0.0	21.8726	22.082	0.0	9.6489	0.0	0.0	87.24106666666667	87.42815	74.81245	7.5507349999999995	76.5052	0.0	39.1836	0.0	0.0	0.0	0.0	0.0	0.0	29.160516666666666	61.0295	0.0	35.297340000000005	0.0	0.0	66.62915000000001	63.9429	0.0	0.0	0.0	0.0	0.0	0.0	0.0	0.0	0.0	0.0	0.0	0.0	72.9503	72.2287	79.3829	0.0	0.0	0.0	41.8565	0.0	0.0	0.0	0.0	0.0	0.0	0.0	0.0	13.7027	0.0	0.0	0.0	0.0	0.0	171.208	171.101	0.213826	0.0	0.0	13.7116	0.0	0.0	28.6972	0.0	240.9685	210.343	14.5936	0.0	0.0	77.6545	0.0	0.0	7.78683	6.29005	10.3349	13.2394	9.87164	0.0	9.84491	0.0	0.0	0.0	0.0	0.0	0.0	0.0	0.0	0.0	12.8028	16.1706	0.0	0.0	0.0	0.0	46.85016666666667	0.0	0.0	0.0	0.0	0.0	0.0	0.0	0.0	0.0	0.0	0.0	0.0	88.8447	0.0	99.9726	0.0	0.0	0.0
N42_2_2	0.0	0.0	0.0	0.0	0.0	0.0	0.0	0.0	0.0	0.0	0.0	5.267823333333333	0.0	0.0	0.0	0.0	0.0	0.0	0.0	46.7714	0.0	0.0	0.0	0.0	75.4027	0.0	5.267823333333333	0.0	0.0	0.0	0.0	0.0	0.0	0.0	0.0	46.48515	0.0	0.0	0.0	0.0	0.0	0.0	0.0	0.0	0.0	21.1956	0.0	0.0	0.0	0.0	0.0	0.0	8.8803	0.0	0.0	62.17543333333333	63.0275	0.0	0.0	30.595100000000002	0.0	33.4709	7.69537	0.0	0.0	0.0	0.0	0.0	18.6127	0.0	0.0	0.0	0.0	0.0	34.536	0.0	0.0	0.0	0.0	0.0	0.0	0.0	9.3596	1.19824	0.0	21.006520000000002	0.0	0.0	0.0	0.0	0.0	9.29303	0.0	0.0	7.66209	1.34469	0.0	0.0	0.0	88.6699	19.4515	67.2613	32.7519	0.0	94.3815	81.7334	0.42604149999999996	4.20716	5.39209	5.4054	3.182	61.31	0.0	0.0	0.0	0.0	0.0	0.0	0.0	0.0	0.0	0.0	0.0	0.0	0.0	0.0	0.0	27.0936	0.0	0.0	0.0	4.31367	4.473435	0.0	0.0	0.0	0.0	51.156016666666666	51.2714	44.05535	0.911995	29.4901	0.0	7.41579	0.0	0.0	0.0	0.0	0.0	0.0	0.7122881666666667	17.7739	0.0	0.8227924	0.0	0.0	2.26335	30.3022	0.0	0.0	0.0	0.0	0.0	0.0	0.0	0.0	0.0	0.0	0.0	0.0	33.0582	43.4962	35.4147	0.0	0.0	0.0	7.60218	0.0	0.0	0.0	0.0	0.0	0.0	0.0	0.0	8.08148	0.0	0.0	0.0	0.0	0.0	176.64049999999997	176.70749999999998	0.0	0.0	0.0	10.9439	0.0	0.0	20.1704	0.0	150.905	146.651	10.7975	0.0	0.0	20.9959	0.0	0.0	1.5444	1.42458	2.0237	2.11689	2.01038	0.0	1.19824	0.0	0.0	0.0	0.0	0.0	0.0	0.0	0.0	0.0	3.14206	3.28851	0.0	0.0	0.0	0.0	8.42763	0.0	0.0	0.0	8.269533749999999	0.0	0.0	0.0	0.0	0.0	0.0	0.0	0.0	51.5377	0.0	61.989	0.0	0.0	0.0
N42_1_2	0.0	0.0	0.0	0.0	0.0	0.0	0.0	0.0	0.0	0.0	0.0	4.923513333333333	0.0	0.0	0.0	0.0	0.0	0.0	0.0	19.9119	0.0	0.0	0.0	0.0	0.4802785	0.0	4.923513333333333	0.0	0.0	0.0	0.0	0.0	0.0	0.0	0.0	0.0	0.0	0.0	0.0	0.0	0.0	0.0	0.0	0.0	0.0	11.5582	0.0	0.0	0.0	0.0	0.0	0.0	1.48808	0.0	0.0	8.18836	8.18836	0.0	0.0	4.8598662500000005	0.0	3.52729	0.0	0.0	0.0	0.0	0.0	0.0	7.62147	0.0	0.0	0.0	0.0	2.37777	0.0	0.0	0.0	0.0	0.0	0.0	0.0	0.0	0.0	0.0	0.0	3.3692973333333334	0.0	0.0	0.0	0.0	0.0	5.62162	0.0	0.0	0.0	1.72428	0.0	0.0	0.0	17.2664	3.94458	18.2585	9.952	0.0	26.6751	18.5813	0.1023546	4.78704	6.16489	5.77909	3.92096	13.6998	0.0	0.0	0.0	0.0	0.0	0.0	0.0	0.0	0.0	0.0	0.0	0.0	0.0	0.0	0.0	8.71588	0.0	0.0	0.0	4.99962	4.55871	0.0	0.0	0.0	0.0	12.501666666666667	12.51875	11.0779	1.058975	9.73942	0.0	8.3537	0.0	0.0	0.0	0.0	0.0	0.0	0.47240533333333334	10.4244	0.0	0.5416912	0.0	0.0	0.929064	8.70013	0.0	0.0	0.0	0.0	0.0	0.0	0.0	0.0	0.0	0.0	0.0	0.0	9.95988	8.99145	11.2432	0.0	0.0	0.0	7.51124	0.0	0.0	0.0	0.0	0.0	0.0	0.0	0.0	2.15732	0.0	0.0	0.0	0.0	0.0	24.5572	24.5493	0.0	0.0	0.0	1.60618	0.0	0.0	4.46423	0.0	28.675	26.7933	2.2518	0.0	0.0	22.9904	0.0	0.0	1.66917	1.58256	1.88962	2.96041	1.88962	0.0	1.33061	0.0	0.0	0.0	0.0	0.0	0.0	0.0	0.0	0.0	2.74782	3.40919	0.0	0.0	0.0	0.0	8.887778333333333	0.0	0.0	0.0	0.0	0.0	0.0	0.0	0.0	0.0	0.0	0.0	0.0	11.9519	0.0	12.9124	0.0	0.0	0.0
N42_2_3	0.0	13.063	0.0	0.0	0.0	0.0	0.0	0.0	0.0	0.0	0.0	0.47593099999999994	0.0	0.0	0.0	0.0	0.0	0.0	0.0	75.80764	73.9321	12.3992	5.76127	0.0	14.28105	0.0	0.47593099999999994	0.0	0.0	0.0	0.0	0.0	19.5382	0.0	0.0	10.1887	14.303	11.4223	0.0	0.0	0.0	0.0	0.0	0.0	0.0	2.73034	9.38085	18.0979	0.0	0.0	0.0	0.0	2.36713	0.0	0.0	14.632800000000001	14.7664	6.179758275862069	0.0	7.3644025	0.0	7.3143	2.46733	29.0819	0.0	0.0	59.1657	0.0	3.444235	0.0	26.5018	0.0	48.7829	0.0	6.61293	0.0	0.0	0.0	0.0	22.94073333333333	8.65443	27.0905	0.0	0.0	0.0	3.145316	3.1655675	11.1218	9.58124	0.0	20.8157	8.700366666666667	5.844763333333333	5.16009	1.847365	0.162818	1.3776950000000001	0.0	32.58246666666667	20.3398	4.15813	10.5957	5.97418	7.05129	27.733779090909092	40.8883	0.1127205	0.350686	0.538553	0.663798	0.313112	11.8607	0.0	0.0	0.0	0.0	0.0	0.0	0.0	0.0	0.0	17.0333	26.4267	15.1045	2.10412	1.33386	2.95578	3.95774	42.7837	15.1922	2.96831	0.36321	0.35694800000000004	0.0	0.0	32.9269	0.0	12.881433333333334	12.89395	11.315850000000001	0.288063	6.63798	7.341144285714286	0.638749	0.0	0.0	0.0	0.0	0.0	2.799225	1.8557133333333333	2.66772	0.0	2.4047039999999997	0.0	9.38711	5.37301	14.52216	0.0	0.0	0.0	0.0	0.0	0.0	19.8764	24.3351	15.9061	19.686227272727276	51.29600384615385	9.11783	30.24128285714286	20.719713333333335	6.27477	0.0	0.6137	0.0	0.526029	0.0	52.7281	26.577	12.5746	30.1465	8.32879	20.8408	41.6314	1.36517	8.52918	23.6087	13.1382	17.1085	26.9652	31.7997	31.7872	0.0	0.0	0.0	3.08103	10.1448	0.0	4.73426	1.66576	63.36152	57.7755	4.92839	14.3781	8.71705	2.12916	0.0	68.5591	0.0	0.0	0.263014	0.25049	0.275539	0.0	0.0	113.121	39.8154	38.51905	10.5331	66.1794	31.1108	46.2404	0.0	6.67556	0.237965	0.225441	0.0	0.0	0.0	0.0	0.663798	0.0	0.0	0.0	15.781287333333333	0.0	0.0	0.0	0.0	0.0	0.0	67.3442	9.68143	18.692825	0.0	12.1613	0.0	0.0	6.19962
N43_1_2	0.0	0.0	0.0	0.0	0.0	0.0	0.0	0.0	0.0	0.0	0.0	0.0	0.0	0.0	0.0	0.0	0.0	0.0	0.0	5.56447	3.91615	0.0	0.0	0.0	0.348471	0.0	0.0	0.0	0.0	0.0	0.0	0.0	0.680348	0.0	0.763317	0.0	0.796504	0.746723	0.182532	0.0	0.0	0.0	0.0	0.0	0.0	0.0	0.547597	1.29432	0.0	1.342355052631579	0.0	0.0	0.0	0.0	0.0	0.481221	0.481221	0.0	0.0	0.0	0.0	0.0	0.0	0.0	0.0	0.0	0.0	0.0	0.0	0.0	1.64279	0.0	3.2358	0.0	0.0	0.0	0.0	0.0	0.0	1.0122255	0.514409	1.8917	0.0	0.0	0.0	0.8097791999999999	0.0	0.796504	0.630566	0.0	1.0537115000000001	0.696941	0.0	0.0	0.0	0.0	0.0	0.638863	1.8861666666666668	0.0	0.0	0.0	0.0	0.0	4.832497777777778	8.61773	0.0	0.0	0.0	0.0	0.0	0.0	1.0786	3.73361	2.520421111111111	0.0	0.0	0.0	0.0	0.0	0.0	1.14498	0.0	0.846286	0.0	0.0	0.0	0.0	4.89518	0.0	0.0	0.0	0.0	0.248908	0.0	1.8917	0.0	0.0	0.0	0.0	0.0	0.0	0.0	0.0	0.0	0.0	0.0	0.0	0.0	0.0	0.0	0.0	0.0	0.0	0.0	0.0	0.0	1.67598	0.0	0.0	0.0	0.630566	0.86288	0.0	0.0	0.846286	1.26113	0.9292549999999999	2.8919772	0.464628	3.4266199999999998	4.740313333333333	0.0	0.0	0.0	0.0	0.0	0.0	0.0	0.0	0.0	0.0	0.0	0.0	0.0	0.0	0.564191	0.0	0.0	0.0	1.6262	0.531003	0.531003	0.0	0.0	0.0	0.0	0.0	0.0	0.0	3.88296	17.775334	2.53886	1.3689900000000002	3.46811	0.0	0.0	0.0	0.0	0.0	0.0	0.0	0.0	0.0	0.0	0.0	0.0	0.0	0.0	0.0	0.0	0.0	0.0	0.763317	0.696941	0.0	0.0	0.0	0.0	0.0	0.0	0.0	0.0	0.0	0.0	14.8826864	0.0	0.0	0.0	0.0	0.0	0.0	13.8725	0.879474	1.44366	0.0	0.0	0.0	0.0	0.0
N43_1_3	0.0	0.0	0.0	0.0	0.0	0.0	0.0	0.0	0.0	0.0	0.0	2.39775	0.0	0.0	0.0	0.0	0.0	0.0	0.0	32.42543333333333	24.0194	0.0	0.0	0.0	0.0	0.0	2.39775	0.0	0.0	0.0	0.0	0.0	4.64216	0.0	5.71558	2.99022	6.44048	5.99439	1.7564950000000001	0.0	0.0	0.0	0.0	0.0	0.0	0.0	3.63845	6.723933333333334	0.0	5.8708231818181815	0.0	0.0	0.64126	0.0	0.0	3.9637266666666666	4.01484	0.0	0.0	1.8349125000000002	0.0	0.0	0.97583	0.0	0.0	0.0	0.0	0.0	0.0	0.0	8.93582	0.0	16.8958	0.0	0.710962	0.0	0.0	0.0	0.0	6.977185	3.05295	10.1905	0.0	0.0	0.0	1.3986866666666666	0.0	4.34941	4.23789	0.0	6.6077650000000006	4.73975	0.0	0.0	0.585498	0.0	0.0	2.04924	11.01525	4.61428	0.97583	3.24812	1.77043	0.0	14.71935	12.104930000000001	0.0836426	0.0	0.0	0.0	0.0	3.24812	6.28714	18.1226	15.162544444444443	0.0	0.0	0.0	0.0	0.0	0.0	6.64959	0.0	5.22766	0.0	0.0	0.0	0.0	16.4079	0.0	0.0	0.0	0.0	2.70444	0.0	13.2574	0.0	3.14357	3.15054	2.82991	0.0	2.27229	0.0	0.0	0.0	0.0	0.0	0.0	0.0	0.0	0.5343831666666666	0.0	0.0	0.9841946	0.0	0.0	0.0	4.893095000000001	0.0	0.0	2.64868	2.99719	6.63565	0.0	0.0	6.38472	6.53806	5.470986363636364	15.273704	2.11895	11.35308	7.458136666666667	0.0	0.0	0.0	0.0	0.0	0.0	0.0	0.0	0.0	0.0	0.0	0.0	0.0	0.0	4.3773	5.52041	0.0	0.0	10.2602	14.602599999999999	14.6235	0.864307	0.0	0.0	1.33828	0.0	0.0	0.96189	0.0	17.68113333333333	10.302	1.3313119999999998	4.16819	0.0	0.0	0.0	0.0	0.0	0.0	0.0	0.0	0.0	0.0	0.0	0.0	0.0	0.0	0.0	0.0	0.0	0.0	2.7671799999999998	2.7253499999999997	0.0	0.0	0.0	0.0	0.0	0.0	0.0	0.0	0.0	1.3138874999999999	0.0	0.0	0.0	0.0	0.0	0.0	0.0	18.8056	3.76392	4.4539695	0.0	3.51299	0.0	0.0	0.0
N43_2_2	0.0	0.0	0.0	0.0	0.0	0.0	0.0	0.0	0.0	0.0	1.72521	5.00815	0.0	0.0	0.0	0.0	0.0	0.0	0.0	42.81209	39.9647	0.0	0.0	0.0	39.181625	0.0	5.00815	3.50068	0.0	3.3094516666666665	2.91109	0.0	10.033	0.0	10.1335	9.73992	11.1553	10.2173	3.09031	0.0	0.0	0.0	0.0	0.0	0.0	0.0	6.81711	13.667733333333333	0.0	10.79386346153846	0.0	0.0	8.19058	0.0	0.0	43.08013333333333	43.4988	0.0	0.0	4.00107625	0.0	18.4414	0.0	0.0	0.0	0.0	0.0	0.0	5.20914	0.0	17.3694	0.0	32.0421	0.0	8.15708	0.0	0.0	0.0	0.0	12.981	5.30964	17.1516	0.0	0.0	0.0	60.81686666666667	4.18113125	6.71661	6.44862	0.0	10.62765	4.8155269999999994	0.0	0.0	2.94794	0.0	0.0	3.68492	19.317966666666667	26.297	4.5894	16.4482	8.57582	0.0	25.347803333333335	27.458266666666663	0.24286999999999997	0.0	0.519239	0.0	0.0	16.3979	10.0498	29.7641	25.872644444444447	0.0	0.0	0.0	0.0	0.0	0.0	10.3178	0.0	8.02308	0.0	0.0	0.0	5.99638	29.7976	0.0	0.0	0.0	0.0	3.46718	7.2191	22.1263	0.0	18.991316666666666	19.056925	16.3393	0.0	8.49207	0.5623097619047619	0.418741	0.0	0.0	0.0	0.0	0.0	0.0	0.0	0.0	0.0	0.0	0.0	0.787234	19.9321	12.60415	0.0	0.0	4.47216	5.46039	9.21231	0.0	0.0	8.82707	10.301	11.073027272727273	29.165844000000003	4.9914	17.93888	17.252133333333333	10.0163	0.0	8.57582	1.2059758333333332	0.0	0.0	0.0	0.0	0.0	0.0	0.0	0.0	0.0	2.88094	7.4201	8.05658	0.48574	0.0	17.6541	101.2515	101.201	2.02671	0.0	0.0	9.4803	0.0	0.0	5.51064	2.16071	38.483979999999995	51.2539	2.470575	7.1521	0.0	0.0	0.0	0.0	0.0	0.0	0.0	0.0	0.0	0.0	0.0	0.0	0.0	0.0	0.0	0.0	0.0	0.0	5.167265	4.262785	0.0	0.0	0.0	0.0	0.0	0.0	0.0	0.0	0.0	0.0	0.6508435714285714	6.29787	5.99638	7.686229999999999	6.03825	0.0	0.0	33.2481	8.24083	16.1969	0.0	19.1784	0.0	0.0	0.0
N43_2_3	0.0	0.0	0.0	0.0	0.0	0.0	0.0	0.0	0.612859	6.08263	3.5699	2.52804	0.0	0.0	0.0	0.0	1.37127	1.06484	0.0	70.107225	80.3918	8.58003	0.0	0.0	4.0640225	0.0	2.52804	15.536	0.0	16.524224999999998	17.52472	1.96115	8.87113	0.0	18.9833	7.67606	19.7494	16.3174	6.389055	0.0	0.0	0.0	0.0	2.14501	0.0	5.19398	11.8435	16.309725	8.54938	4.5320920000000005	0.0	12.638827272727271	2.80383	0.0	0.0	13.564599999999999	13.8046	0.0	1.2062718076923078	9.3097125	0.0	2.69658	2.40547	22.4306	0.0	0.0	0.0	0.0	2.451438	0.0	22.4153	0.0	44.7387	2.05308	3.23283	0.0	0.0	0.0	0.0	18.4726	8.3502	20.684	4.42791	1.39425	0.4443230000000001	8.812912	8.16826125	11.7669	11.6137	43.6049	13.758700000000001	10.485003333333333	0.0	0.0	1.4249	0.62818	0.0	1.97647	29.675166666666666	18.6769	3.0643	11.3226	5.89877	1.68536	28.815102000000003	32.946266666666666	0.229822	1.19508	2.29822	1.83858	1.01122	12.6862	5.91409	21.3888	17.212833333333336	6.879340000000001	3.98358	1.96115	4.53516	3.03365	3.98358	14.1877	7.2777	10.5871	0.429001	0.367715	0.903967	4.94884	37.5683	5.89877	1.01888	1.6394	1.39425	6.22052	3.53926	30.8575	16.5932	13.120249999999999	13.1611	11.0238	1.11081	10.0049	0.0	2.17565	1.74665	0.0	0.0	0.7936523999999999	0.6588234	0.0	13.230083333333333	4.29001	0.0	18.9067	0.0	0.0	0.0	13.62078	0.0	0.0	9.86703	9.07031	17.3592	13.1918	0.0	13.6974	13.8046	4.310907272727273	12.475956000000002	2.0684	25.203812857142857	24.483733333333333	7.98249	0.0	14.8925	0.0	1.47086	0.0	0.0	0.0	0.0	0.0	0.0	0.0	0.0	2.25226	9.74446	10.8323	7.79863	13.002833333333333	28.2068	45.6886	45.6886	1.24104	0.697127	0.980574	5.37784	0.0	0.0	5.08673	0.0	46.2862	39.1004	3.34774	8.04377	0.0	7.72202	0.0	0.0	0.597538	0.566895	0.536252	0.597538	0.505609	0.0	0.291108	18.9986	0.0	0.0	0.0	0.0	0.0	0.0	9.12394	5.6383	1.19508	0.82736	1.5141647826086955	8.264167692307693	0.0	0.0	2.02243	2.8261136363636363	0.0	1.48809625	1.1544148076923078	11.9967	11.0621	13.9187	10.594805000000001	0.0	0.0	54.0082	10.1275	15.398075	2.3084333333333333	13.3603	15.3062	17.3439	1.37893
N44_1_3	0.0	0.0	0.0	0.0	0.0	0.0	0.0	0.0	0.0	0.0	0.0	0.0	0.0	0.0	0.0	0.0	0.0	0.0	0.0	0.0	0.0	0.0	0.0	0.0	0.0	0.0	0.0	0.0	0.0	0.0	0.0	0.0	0.0	0.0	0.0	0.389731	0.0	0.0	0.0	0.0	0.0	0.0	0.0	0.0	0.0	0.0	0.0	0.0	0.0	0.0	0.0	0.0	0.0	0.0	0.0	0.0	0.0	0.0	0.0	0.0	0.0	0.0	0.0	0.0	0.0	0.0	0.0	0.0	0.0	0.0	0.0	0.0	0.0	0.0	0.0	0.0	0.0	0.0	0.0	0.0	0.0	0.0	0.0	0.0	0.0	0.0	0.0	0.0	0.0	0.0	0.0	0.0	0.0	0.0	0.0	0.0	0.0	0.0	0.0	0.0	0.0	0.0	0.0	0.0	0.0	0.0	0.0	0.0	0.0	0.0	0.0	0.0	0.0	0.0	0.0	0.0	0.0	0.0	0.0	0.0	0.0	0.0	0.0	0.0	0.0	0.0	0.0	0.0	0.0	0.0	0.0	0.0	0.0	0.0	0.0	0.0	0.0	0.0	0.0	0.0	0.0	0.0	0.0	0.0	0.0	0.0	0.0	0.0	0.0	0.0	0.0	0.0	0.0	0.0	0.0	0.0	0.0	0.0	0.0	0.0	0.0	0.0	0.0	0.0	0.0	0.0	0.0	0.0	0.0	0.0	0.0	0.0	0.0	0.0	0.0	0.0	0.0	0.0	0.0	0.0	0.0	0.0	0.0	0.0	0.0	0.0	0.0	0.0	0.0	0.0	0.0	0.965854	0.965854	0.0	0.0	0.0	0.0	0.0	0.0	0.0	0.0	0.0	0.0	0.0	0.0	0.0	0.0	0.0	0.0	0.0	0.0	0.0	0.0	0.0	0.0	0.0	0.0	0.0	0.0	0.0	0.0	0.0	0.0	0.0	0.0	0.0	0.0	0.0	0.0	0.0	0.0	0.0	0.0	0.0	0.0	0.0	0.0	0.0	0.0	0.0	0.0	0.0	0.0	0.0	0.0	0.0	0.0	0.0	0.0	0.0
N44_2_2	0.0	0.0	0.0	0.0	0.0	0.0	0.0	0.0	0.0	0.0	13.932	3.90152	0.0	0.0	0.0	0.0	0.0	0.0	0.0	6.30864	4.72439	0.0	0.581681	0.0	25.952225	0.26956	3.90152	25.459200000000003	1.1704575000000002	30.593825	30.1084	0.0	0.879616	0.0	1.40455	10.37095	1.50386	1.40455	0.3121215	0.0	0.0	0.0	0.0	0.0	0.0	0.0	0.794491	1.1775484999999999	0.0	1.2160587619047618	0.0	0.0	4.4832	0.0	0.0	27.58966666666667	27.7505	0.0	0.0	4.077087499999999	0.0	12.1869	0.879616	0.0	0.0	0.0	1.33361	0.0	4.05758	0.0	2.02879	0.0	3.26309	0.0	7.51929	0.0	0.0	0.0	0.0	1.41873	0.751929	1.64573	22.3309	0.340496	0.0	53.16758	36.9917125	0.652618	1.09243	0.0	1.2059250000000001	1.07824	0.127686	0.0	2.17066	0.0	0.0	0.4610885	2.41894	24.2462	4.42645	14.159	6.38431	0.0	13.072854444444443	10.106126666666666	0.262466	0.0	0.0	0.0	0.0	15.4075	1.13499	3.41915	3.1590511111111113	0.0	0.0	0.0	0.0	0.0	0.0	1.3478	0.893803	1.19174	0.0	0.0	0.0	0.0	3.43334	0.0	0.0	0.0	0.0	0.553307	4.68182	2.82328	0.0	15.885100000000001	15.911100000000001	13.577300000000001	0.0	8.64009	0.0	0.0	0.0	0.0	0.0	0.0	0.0	0.0	1.8963733333333332	0.0	0.0	2.718296	0.0	0.0	14.8825	4.412265	0.0	0.0	0.468182	0.0	1.20592	0.0	0.411433	1.31942	1.07824	1.18529	3.1251892	0.439808	2.394824	5.5709100000000005	8.99478	0.0	72.0575	0.0	0.0	0.0	0.0	0.0	0.0	0.0	0.0	0.0	0.0	2.19904	0.893803	1.17755	0.0	0.0	2.08554	69.3407	69.32650000000001	1.06405	0.0	0.0	6.27081	0.0	0.0	5.24932	0.0	52.603125	60.4949	1.4612965	1.84436	0.0	0.0	0.898532	0.0	0.0	0.0	0.0	0.0	0.0	0.0	0.0	0.90799	0.0	0.0	0.0	0.0	0.0	0.0	0.666805	0.33340250000000005	0.0	0.0	0.0	0.0	0.0	0.0	0.0	0.0	0.567494	0.0	0.0	53.9403	48.6768	62.81843333333333	49.9111	5.00813	4.92301	14.2441	0.737742	6.5971	0.893803	17.1383	0.0	0.0	0.0
N44_2_3	0.407234	0.389528	0.495763	1.08006	0.548881	0.265588	0.566587	0.354117	0.0	0.0	0.283293	0.0	0.0	0.0	0.0	0.0	0.0	0.0	0.0	5.37077	3.96611	0.389528	0.0	0.0	1.3323625	0.0	0.0	0.814469	0.0	0.8233210833333332	0.832174	0.0	0.672822	1.33974	2.62046	2.92146	2.70899	2.74441	0.5901949999999999	0.0	0.221323	0.0	0.42494	0.283293	0.0	0.0	0.354117	0.90742375	0.0	0.348215	0.0	0.0	0.318705	0.0	0.0	2.6027566666666666	2.62046	0.35057546666666667	0.0	1.31687125	0.0	0.336411	0.725939	1.505	0.0	0.0	1.8237	0.0	0.0	0.0	1.27482	0.725939	2.76211	0.0	0.991527	0.0	0.0	0.0	0.0	0.97382	0.442646	1.54041	0.0	0.0	0.247882	3.6344166666666666	0.7724172499999999	0.885292	0.584293	0.0	1.15088	0.584293	0.37772466666666665	0.389528	0.743645	0.0	0.0	0.0	1.7823866666666668	5.4711	1.04464	3.82446	1.89452	1.16859	2.324776	3.6178933333333334	0.0708234	0.0	0.0	0.0	0.0	3.85987	0.0	0.0	1.4282722222222222	0.0	0.0	0.0	0.0	0.0	0.0	0.991527	0.991527	0.938409	0.371823	0.0	0.442646	0.0	2.16011	0.867586	0.0	0.0	0.0	0.0	0.0	2.31946	0.0	3.3257483333333333	3.3287	2.92146	0.0	0.0	0.0	0.0	0.0	0.0	0.0	0.0	0.0	0.141647	2.91851	0.0	0.0	3.2437080000000003	0.0	0.0	1.04464	1.45188	0.0	0.0	0.0	0.0	0.761351	0.0	1.00923	1.29253	1.11547	0.0	0.0	0.0	1.7941909999999999	2.03617	0.0	0.0	1.68205	0.0	0.0	0.0	1.96535	0.885292	0.655116	1.11547	0.21247	0.566587	1.29253	0.0	0.548881	1.27482	0.531175	0.725939	1.505	10.4642	10.4642	0.0	0.0	0.0	0.761351	0.584293	0.0	1.09776	0.0	7.149618000000001	9.109670000000001	0.628557	0.902998	0.495763	0.0	0.0	0.0	0.0	0.0	0.0	0.0	0.0	0.0	0.0	3.61199	1.204	1.34564	0.407234	1.91223	1.04464	1.41647	0.354117	0.336411	0.0	0.0	0.0	0.0	0.0	0.0	0.0	0.0	0.0	0.0	0.6492140000000001	1.87682	1.66435	2.116832222222222	1.779435	0.0	0.0	3.73593	0.548881	1.34564	1.496145	4.19628	0.0	0.0	0.672822
N44_1_2	0.0	0.0	0.0	0.0	0.0	0.0	0.0	0.0	0.0	0.0	0.0	21.7192	0.0	0.0	0.0	0.0	0.0	0.0	0.0	0.0	0.0	0.0	0.0	0.0	141.63075	0.494831	21.7192	0.0	0.305631	0.0	0.0	0.0	0.0	0.0	0.0	52.9978	0.0	0.0	0.0	0.0	0.0	0.0	0.0	0.0	0.0	0.0	0.0	0.0	0.0	0.0	0.0	0.0	20.8265	0.0	0.0	121.88866666666667	122.893	0.0	0.0	9.01610625	0.0	60.7332	0.0	0.0	0.0	0.0	0.0	0.0	20.1716	0.0	0.0	0.0	0.0	0.0	49.2211	0.0	0.0	0.0	0.0	0.0	0.0	0.0	113.869	0.320185	0.0	259.0185333333333	0.0	0.0	0.0	0.0	0.0	0.0	0.0	0.0	12.887450000000001	0.0	0.0	0.0	0.0	107.771	23.0969	75.8983	39.7174	0.0	106.869	100.975	0.7931855	0.0	0.0	0.0	0.0	77.4992	0.0	0.0	0.0	0.0	0.0	0.0	0.0	0.0	0.0	0.0	0.0	0.0	0.0	0.0	0.0	0.0	0.0	0.0	0.0	0.0	0.0	0.0	21.8599	0.0	0.0	73.51388333333334	73.6206	64.48805	0.0	44.6512	0.0	0.0	0.0	0.0	0.0	0.0	0.0	0.0	0.8611026666666666	0.0	0.0	1.07698	0.0	0.0	71.4157	41.6531	0.0	0.0	0.0	0.0	0.0	0.0	0.0	0.0	0.0	0.0	0.0	0.0	0.0	58.2881	44.4038	0.0	0.0	0.0	0.0	0.0	0.0	0.0	0.0	0.0	0.0	0.0	0.0	9.98394	0.0	0.0	0.0	0.0	0.0	389.6135	389.308	6.4328	0.0	0.0	28.5983	0.0	0.0	23.7082	0.0	188.3485	183.087	11.9633	0.0	0.0	0.0	0.21830800000000003	0.0	0.0	0.0	0.0	0.0	0.0	0.0	0.0	0.0	0.0	0.0	0.0	0.0	0.0	0.0	0.0	0.0	0.0	0.0	0.0	0.0	0.0	0.0	0.0	0.0	0.305631	0.0	0.0	0.0	0.0	0.0	0.0	0.0	0.0	0.0	0.0	65.9871	0.422061	84.5869	0.0	0.0	0.0
N45_1_3	0.0	0.0	0.0	0.0	0.0	0.0	0.0	0.0	0.0	10.9198	0.0	0.648496	0.0	0.0	0.0	0.0	0.0	0.0	0.0	153.896	146.497	17.9487	13.6184	0.0	0.0	0.0	0.648496	0.0	0.0	0.0	0.0	2.36387	0.0	0.0	41.8385	0.0	43.4911	36.002	13.737	0.0	0.0	0.0	0.0	0.0	0.0	0.0	16.3379	31.246366666666663	24.3918	0.0	0.0	37.78394545454545	0.376546	0.0	0.0	2.029166666666667	2.11284	0.0	0.0	1.38067	0.0	0.0	0.0	44.3279	0.0	0.0	0.0	0.0	8.40953	0.0	41.9012	0.0	101.626	0.0	0.732173	0.983204	0.878608	0.0	0.0	31.344000000000005	13.0745	38.4496	0.0	0.0	1.65262	6.424999333333333	0.0	16.7354	17.7186	99.2618	31.002299999999998	25.24955	0.0	0.0	0.0	0.0	0.0	0.0	52.71301666666667	9.9994	1.02504	3.13789	1.1924	20.6682	42.945112	57.57672666666667	0.0	0.0	0.0	0.0	0.0	4.74867	0.0	0.0	0.0	0.0	0.0	0.0	0.0	0.0	0.0	20.1661	0.0	15.2292	5.31349	4.257065	7.6146	0.0	60.1637	0.0	9.732679999999998	0.0	0.0	10.7734	0.0	55.164	37.822	1.40159	1.40159	1.33883	0.0	0.983204	0.0	0.0	0.0	0.0	0.0	0.0	0.0	0.0	0.0	0.0	0.0	0.0	0.0	0.0	3.34708	21.191184999999997	0.0	0.0	16.3379	12.8653	31.2324	25.2495	0.0	0.0	27.6971	0.0	0.0	0.0	49.66576666666666	36.957330000000006	1.65262	0.0	0.0	0.0	0.0	0.0	0.0	0.0	0.0	0.0	0.0	0.0	0.0	0.0	14.1623	0.0	22.7811	33.387100000000004	45.8341	6.348990000000001	6.33853	0.0	0.0	0.0	0.292869	0.0	0.0	1.04596	0.0	72.9202	45.938649999999996	7.67736	16.9237	0.0	0.0	0.0	107.588	0.0	0.0	0.0	0.0	0.0	0.0	0.0	44.4952	0.0	0.0	0.0	0.0	0.0	0.0	16.4216	8.28402	0.0	0.0	0.0	0.0	0.0	0.0	0.0	0.0	0.0	0.0	14.501212666666667	0.0	0.0	0.0	0.0	0.0	0.0	83.0285	17.1956	22.74967	0.0	2.80318	0.0	0.0	18.9528
N45_1_4	0.0	0.0	0.0	0.0	0.0	0.0	0.0	0.0	0.0	9.47801	0.0	16.3985	0.0	0.0	0.0	0.0	0.0	0.0	0.0	117.74535	133.595	18.3241	0.0	0.0	0.0	0.0	16.3985	0.0	0.0	0.0	0.0	5.47618	0.0	0.0	31.7739	0.0	32.7367	25.6358	11.4739	0.0	0.0	0.0	0.0	0.0	0.0	18.1135	16.6693	27.6918	20.972	0.0	0.0	33.11695454545455	4.90449	0.0	0.0	22.376099999999997	22.3861	0.0	1.1157974166666667	11.6105375	0.0	4.36289	0.0	46.3971	0.0	0.0	0.0	0.0	7.085933499999999	0.0	34.0907	0.0	82.2631	4.27263	0.0	0.0	0.0	0.0	0.0	29.767933333333332	13.2993	30.6004	0.0	0.0	2.04605	210.33153333333334	0.0	17.1808	18.3843	95.9836	28.689799999999998	17.421499999999998	0.0	0.0	0.0	4.69387	0.0	0.0	42.92399571428571	31.5332	5.56645	30.8411	18.4144	1.80533	43.535622000000004	55.79486666666667	0.45133349999999994	9.35765	10.7718	11.4338	11.8851	23.7402	0.0	0.0	0.0	0.0	0.0	0.0	0.0	0.0	0.0	19.3472	0.0	17.602	0.0	0.46637850000000003	1.26373	18.6852	57.53	0.0	0.0	10.4108	9.974475	11.1931	0.0	53.3476	33.0978	24.341916666666666	24.372	21.889699999999998	3.46022	20.972	0.0	16.0374	0.0	0.0	0.0	0.0	0.0	0.0	0.0	24.011	0.0	0.0	0.0	0.0	0.0	26.628700000000002	0.0	0.0	16.9701	12.9683	31.8942	26.7791	0.0	0.0	23.4092	0.0	0.0	0.0	38.33702625	37.65123333333333	21.5437	0.0	0.0	7.13107	15.8869	0.0	0.0	0.0	0.0	0.0	0.0	0.0	0.0	4.54343	15.6161	0.0	19.618	28.032833333333333	45.3741	39.2359	39.2209	0.0	0.0	0.0	5.80716	0.0	0.0	6.73992	3.09916	83.49072	63.53275000000001	6.559385	18.0834	0.0	32.496	0.0	0.0	4.6036	4.21245	4.99476	8.45498	4.93458	0.0	4.00182	44.2307	0.0	0.0	0.0	0.0	10.0798	0.0	13.5701	7.2965599999999995	4.57351	6.70983	0.0	0.0	0.0	0.0	20.7613	0.0	0.0	0.0	8.593654782608697	0.0	0.0	0.0	0.0	0.0	0.0	84.941	14.1117	28.67475	0.0	23.6198	0.0	0.0	2.01596
N45_2_2	0.0	0.0	0.0	0.0	0.0	0.0	0.0	0.0	0.0	0.0	24.7777	1.14262	0.0	0.0	0.0	0.0	0.0	0.0	0.0	0.0	0.0	0.0	0.0	0.0	0.262177	0.0	1.14262	53.934125	0.0	55.882825	56.42048	0.0	0.0	0.0	0.0	0.0	0.0	0.0	0.0	0.187828	0.0	0.0	0.0	0.0	0.0	0.0	0.0	0.0	0.0	0.0	0.0	0.0	0.704356	0.0	0.0	3.54787	3.58439	0.0	0.9963331153846154	2.3732900000000003	0.0	0.0	0.0	0.0	0.0	0.0	0.0	0.0	0.0	0.0	0.0	0.0	0.0	0.0	0.610442	0.0	0.0	0.0	0.0	0.0	0.0	0.0	3.77222	0.0	0.0	8.495054	52.9617	0.0	0.0	0.0	0.0	0.0	0.0	0.0	0.328699	0.0	0.0	0.0	0.0	5.77572	0.406961	1.18958	0.626094	0.0	53.429539999999996	3.17743	0.0	0.0	0.0	0.0	0.0	1.76872	0.0	0.0	0.0	0.0	0.0	0.0	0.0	0.0	0.0	0.0	0.0	0.0	0.0	0.0	0.0	0.0	0.0	0.0	0.0	0.0	0.0	0.0	0.0	0.0	0.0	1.9356716666666667	1.95654	1.6747999999999998	0.0	1.25219	0.0	0.0	1.72176	0.0	0.0	0.0	0.62218125	0.0	0.0	0.0	0.0	0.0	0.0	0.0	4.46092	0.860879	0.0	0.0	0.0	0.0	0.0	0.0	0.0	0.0	0.0	0.0	0.0	0.0	0.0	1.61219	0.0	0.0	110.85	0.0	0.0	0.0	0.0	0.0	0.0	0.0	0.0	0.0	0.0	0.0	0.0	0.0	0.0	0.0	0.0	4.86788	4.86788	0.0	0.0	0.0	0.500875	0.0	0.0	0.720008	0.234785	58.8841	43.9675	0.328699	0.0	0.0	0.0	0.0	0.0	0.0	0.0	0.0	0.0	0.0	0.0	0.0	0.0	0.0	0.0	0.0	0.0	0.0	0.0	0.0	0.0	0.0	0.0	0.0	0.0	0.0	0.0	0.0	0.0	0.0	0.0	0.0	91.6602	81.33745	105.58746315789475	82.08875	0.0	0.0	0.0	0.0	1.04871	0.0	1.51828	0.0	0.0	0.0
N45_1_2	0.0	0.0	0.0	0.0	0.0	0.0	0.0	0.0	0.0	0.0	1.55915	8.41315	0.0	0.0	0.0	0.0	0.0	0.0	0.0	32.9829	0.0	0.0	0.0	0.0	0.0	3.58919	8.41315	7.94226	0.0	6.635116666666666	7.990396	0.0	0.0	0.0	0.0	5.378555	0.0	0.0	0.0	0.167426	0.0	0.0	0.0	0.0	0.0	18.2808	0.0	0.0	0.0	0.0	0.0	0.0	2.01957	0.0	0.0	13.481266666666665	13.5196	0.0	0.0	6.67217625	0.0	5.09602	0.0	0.0	0.0	0.0	0.0	0.0	12.7034	0.0	0.0	0.0	0.0	5.13788	3.9659	0.0	0.0	0.0	0.0	0.0	0.0	0.0	17.1507	3.28573	0.0	29.720166666666668	7.5995625	0.0	0.0	0.0	0.0	10.6106	0.0	0.0	0.109873	1.65333	0.0	0.0	0.0	40.088	8.20386	35.6512	17.6739	0.0	38.1626	37.2208	0.1621935	7.38766	7.18884	9.19795	5.23206	26.9974	0.0	0.0	0.0	0.0	0.0	0.0	0.0	0.0	0.0	0.0	0.0	0.0	0.0	0.0	0.0	14.6393	0.0	0.0	0.0	5.7448	6.8225999999999996	0.0	0.0	0.0	0.0	17.384416666666667	17.3914	14.879950000000001	1.43358	11.8035	0.0	10.8199	0.0	0.0	0.0	0.0	0.0	0.0	0.0	14.2417	0.0	0.0	0.0	0.0	4.61467	16.8472	0.0	0.0	0.0	0.0	0.0	0.0	0.0	0.0	0.0	0.0	0.0	0.0	16.46	17.1507	21.734	0.0	8.35036	0.0	13.6243	0.0	0.0	0.0	0.0	0.0	0.0	0.0	0.0	2.56371	0.0	0.0	0.0	0.0	0.0	41.3856	41.3594	0.0	0.0	0.0	2.34396	0.0	0.0	8.84217	0.0	60.297666666666665	65.6309	5.40995	0.0	0.0	36.3419	0.0	0.0	1.94632	1.53822	2.57417	3.25434	2.26025	0.0	1.99865	0.0	0.0	0.0	0.0	0.0	0.0	0.0	0.0	0.0	4.07054	3.76708	0.0	0.0	0.0	0.0	14.205016666666666	0.0	0.0	0.0	0.0	7.14699	6.173825000000001	8.066086111111112	6.534834999999999	0.0	0.0	0.0	0.0	22.5502	0.0	25.4801	0.0	0.0	0.0
N45_2_3	0.0	0.0	0.0	0.0	0.0	0.0	0.0	0.0	0.0	1.73918	0.0	1.22766	0.0	0.0	0.0	0.0	0.0	0.0	0.388759	47.135333333333335	40.922	4.214965	0.0	0.0	0.0	0.0	1.22766	0.0	0.0	0.0	0.0	0.716135	7.55011	0.0	9.55529	0.0	10.1896	8.20486	2.373476666666667	0.0	0.0	0.0	0.0	0.0	0.0	0.0	6.03599	8.4350475	5.15617	0.0	0.0	5.414723636363636	0.511525	0.0	0.0	2.48942	2.57809	0.0	0.0	1.2046425	0.0	0.0	0.0	12.02085	0.0	0.0	0.0	0.0	1.90287	0.0	12.5631	0.0	28.6454	0.0	0.368298	0.0	0.0	0.0	0.0	10.612400000000001	4.13312	13.6066	0.0	0.0	0.920745	6.621176	0.0	5.79046	6.15876	14.5887	10.2919	6.6089	1.88241	1.80057	0.0	0.0	0.368298	0.0	15.41055	9.73943	0.40922	0.0	0.777518	4.35819	17.15769777777778	18.544493333333335	0.0	0.0	0.0	0.0	0.0	0.0	0.0	0.0	0.0	0.0	0.0	0.0	0.0	0.0	0.0	9.78036	8.71638	6.9772	1.10489	0.9514370000000001	2.08702	0.0	19.3152	6.34291	2.4144	0.0	0.0	2.76223	0.0	17.4328	6.64982	1.2651700000000001	1.26858	1.16628	0.0	0.879823	0.0	0.0	0.0	0.0	0.0	0.0	0.0	0.930976	0.0	0.0	1.12535	0.0	0.0	0.0	4.58326	12.072	0.491064	0.0	4.17404	4.25589	8.08209	4.44004	5.01294	9.55529	8.57316	5.35334	14.04198	2.18933	16.208524999999998	11.007996666666665	0.0	0.0	0.0	1.69826	0.0	0.0	0.0	0.0	0.163688	0.0	0.0	0.286454	0.0	0.0	5.17663	9.73943	5.289165000000001	5.139802	14.5273	4.70603	4.70603	0.0	0.0	0.0	0.675213	2.7827	0.0	0.40922	0.654752	38.93046666666667	53.38956666666667	2.332555	8.96192	3.64206	0.0	0.0	0.0	0.0	0.0	0.0	0.0	0.0	0.0	0.0	16.021	0.859362	0.9207449999999999	0.0	0.0	4.80833	1.43227	4.31727	3.61137	0.0	0.0	0.0	0.0	0.0	0.0	0.0	0.0	0.0	0.0	5.085198125	56.902	48.38	63.887842105263154	52.2983	0.0	0.0	46.2009	4.70603	7.6114895	0.0	0.961667	0.0	0.0	4.05128
N46_1_2	0.0	0.0	0.0	0.0	0.0	0.0	0.0	0.0	0.0	0.0	0.0	9.66315	0.0	0.0	0.0	0.0	0.0	0.0	0.0	0.0	0.0	0.0	0.0	0.0	83.59915000000001	6.47762	9.66315	0.0	0.0	0.0	0.0	0.0	0.0	0.0	0.0	39.303200000000004	0.0	0.0	0.0	0.0	0.0	0.0	0.0	0.0	0.0	0.0	0.0	0.0	0.0	0.0	0.0	0.0	14.4863	0.0	0.0	76.16106666666667	77.3276	0.0	0.0	23.759	0.0	37.0318	5.43447	0.0	0.0	0.0	0.0	0.0	15.8996	0.0	0.0	0.0	0.0	0.0	28.9894	0.0	0.0	0.0	0.0	0.0	0.0	0.0	17.498	4.542745	0.0	30.355633333333333	0.0	0.0	0.0	0.0	0.0	0.0	0.0	0.0	7.47029	0.0	0.0	0.0	0.0	94.1021	14.1498	59.5604	21.822	0.0	91.5111	43.921635	0.6729989999999999	0.0	0.0	0.0	0.0	61.0579	0.0	0.0	0.0	0.0	0.0	0.0	0.0	0.0	0.0	0.0	0.0	0.0	0.0	0.0	0.0	0.0	0.0	0.0	0.0	0.0	0.0	0.0	16.7913	0.0	0.0	58.95191666666667	59.0893	49.297200000000004	0.605699	21.6874	1.5318752380952383	0.0	0.0	0.0	0.0	0.0	0.0	0.0	6.65989	0.0	0.0	9.331138	0.0	1.48901	48.42230000000001	27.3238	0.0	0.0	0.0	0.0	0.0	0.0	0.0	0.0	0.0	0.0	0.0	0.0	9.640706666666667	45.2256	32.59	1.4301199999999998	0.0	1.594165	0.0	0.0	0.0	0.0	0.0	0.0	0.0	0.0	0.0	9.08549	0.0	0.0	0.572049	0.0	0.0	185.361	185.142	2.87707	0.0	0.0	15.1088	0.0	0.0	22.882	3.0032575	83.30865	161.352	5.9812625	0.0	0.0	0.0	0.0	0.0	0.0	0.0	0.0	0.0	0.0	0.0	0.0	0.0	0.0	0.0	0.0	0.0	0.0	0.0	0.0	0.0	0.0	0.0	0.0	0.0	0.0	0.0	0.0	0.0	0.0	0.0	0.6197198333333334	0.0	0.0	0.0	0.0	0.0	0.0	0.0	0.0	40.4473	0.6898240000000001	62.3197	0.0	0.0	0.0
N46_1_3	0.0	0.0	0.0	0.0	0.0	0.0	0.0	0.0	0.0	0.0	0.0	0.0	0.0	0.0	0.0	0.0	0.0	0.0	0.0	0.0	0.0	0.0	0.0	0.0	4.48475	0.0	0.0	0.0	0.0	0.0	0.0	0.0	0.0	0.0	0.0	3.10859	0.0	0.0	0.0	0.0	0.0	0.0	0.0	0.0	0.0	0.0	0.0	0.0	0.0	0.0	0.0	0.0	0.58679	0.0	0.0	4.2193	4.27518	0.0	0.0	1.7708475	0.0	2.13759	0.656646	0.0	0.0	0.0	0.0	0.0	1.14564	0.0	0.0	0.0	0.0	0.0	2.33319	0.0	0.0	0.0	0.0	0.0	0.0	0.0	0.0	0.0	0.0	0.0	0.0	0.0	0.0	0.0	0.0	0.0	0.0	0.0	0.544876	0.0	0.0	0.0	0.0	4.87594	1.20152	3.40897	1.85817	0.0	4.42887	4.58255	0.0698559	0.0	0.0	0.0	0.0	4.03767	0.0	0.0	0.0	0.0	0.0	0.0	0.0	0.0	0.0	0.0	0.0	0.0	0.0	0.0	0.0	0.0	0.0	0.0	0.0	0.0	0.0	0.0	0.0	0.0	0.0	3.5416950000000003	3.54868	3.10859	0.0	0.0	0.0	0.0	0.0	0.0	0.0	0.0	0.0	0.0	0.0	0.0	0.0	0.0	0.0	0.0	0.0	1.62066	0.0	0.0	0.0	0.0	0.0	0.0	0.0	0.0	0.0	0.0	0.0	0.0	0.0	2.5707	0.0	0.0	0.0	0.0	0.0	0.0	0.0	0.0	0.0	0.0	0.0	0.0	0.0	0.0	0.0	0.0	0.0	0.0	0.0	9.52835	9.52835	0.0	0.0	0.0	0.58679	0.0	0.0	1.453	0.0	8.64118	8.88568	0.516934	0.0	0.0	0.0	0.0	0.0	0.0	0.0	0.0	0.0	0.0	0.0	0.0	0.0	0.0	0.0	0.0	0.0	0.0	0.0	0.0	0.0	0.0	0.0	0.0	0.0	0.0	0.0	0.0	0.0	0.0	0.0	0.0	0.0	0.0	0.0	0.0	0.0	0.0	0.0	0.0	3.5906	0.0	3.5906	0.0	0.0	0.0
N46_2_2	0.0	0.0	0.0	0.0	0.0	0.0	0.0	0.0	0.0	0.0	0.0	0.7720439999999998	0.0	0.0	0.0	0.0	0.0	0.0	0.0	11.568	0.0	0.0	0.0	0.0	25.1895	4.32851	0.7720439999999998	0.0	0.0	0.0	0.0	0.0	0.0	0.0	0.0	14.8777	0.0	0.0	0.0	0.0	0.0	0.0	0.0	0.0	0.0	0.0	0.189847	0.0	0.0	0.0	0.0	0.0	2.98693	0.0	0.0	20.900033333333333	21.3894	0.0	0.28772373333333334	10.9272875	0.0	11.0364	2.29082	0.0	0.0	0.0	0.0	0.0	5.61947	0.0	0.0	0.0	0.0	0.0	13.9727	0.0	0.0	0.0	0.0	0.0	0.0	0.0	2.30348	2.75278	0.0	0.7889194666666666	0.0	0.0	0.0	0.0	0.0	0.0	0.0	0.0	2.96161	0.0	0.0	0.0	0.480946	34.0712	5.78401	21.1363	7.45466	0.0	18.01013	30.4515	0.15820565	0.0	0.0	0.0	0.0	21.7185	0.0	0.0	0.0	0.0	0.0	0.0	0.0	0.0	0.0	0.0	0.0	0.0	0.0	0.0	0.0	0.0	0.0	0.0	0.0	0.0	0.0	0.0	0.0	0.0	0.0	15.94085	15.9725	13.637350000000001	0.291099	8.06217	1.4651361904761904	0.0	0.784701	0.0	0.0	0.18731559999999997	0.0	0.0	0.0	0.0	0.0	0.0	0.0	2.11363	3.48053	9.47969	0.0	0.0	0.0	0.0	0.0	0.0	0.0	0.0	0.0	0.0	0.0	0.0	3.881315666666667	14.8713	11.0618	0.468289	0.0	0.7340750000000001	0.0	0.0	0.0	0.0	0.0	0.0	0.0	0.0	0.0	2.92364	0.0	0.0	0.39235	0.0	0.0	45.721500000000006	45.70885	0.164534	0.0	0.0	2.99958	0.0	0.0	6.6573	2.39207	39.39115	56.9794	1.7908905	0.847983	0.0	0.0	0.0	0.0	0.0	0.0	0.0	0.0	0.0	0.0	0.0	0.0	0.0	0.0	0.0	0.0	0.0	0.0	0.0	0.0	0.0	0.0	0.0	0.0	0.0	0.0	0.0	0.0	0.0	0.0	0.5591858181818182	0.0	0.0	0.0	0.0	0.0	0.0	0.0	0.0	12.6691	0.0	21.4907	0.0	0.0	0.0
N46_2_3	0.0	0.0	0.0	0.0	0.0	0.0	0.0	0.0	0.0	0.0	0.0	0.0	0.0	0.0	0.0	0.0	0.0	0.0	0.209807	88.40493333333332	63.5333	0.0	7.47675	0.0	45.17285	0.0	0.0	0.0	0.17166	0.0	0.0	0.0	12.6647	0.0	14.6579	27.828000000000003	16.0502	14.7628	3.09942	0.0	0.0	0.0	0.0	0.0	0.0	0.0	9.9086	19.5025	0.0	14.101169375	0.0	0.0	6.96177	0.0	0.0	41.74836666666667	42.6385	0.0	0.31885647826086955	23.684325	0.0	21.9439	5.99857	0.0	0.0	0.0	0.0	0.0	8.80235	0.0	27.3607	0.0	47.0063	0.0	20.5611	0.267027	0.247953	0.0	0.0	17.4378	8.73559	24.6714	0.0	0.610347	0.219343	0.0	0.0	10.9862	11.8541	0.0	16.5175	13.3418	0.0	0.0	5.640945	0.0	0.0	5.77922	32.869733333333336	53.0239	8.77374	32.3675	14.2096	0.448224	37.43250555555555	49.53663333333333	0.3051735	0.0	0.0	0.0	0.0	31.3184	16.6033	47.6834	41.367955555555554	0.0	0.0	0.0	0.0	0.0	0.0	16.3745	0.0	13.0939	0.162123	0.16212300000000002	0.696177	0.0	41.9518	0.0	0.0	0.0	0.0	6.26559	0.553127	33.426	0.0	32.919016666666664	33.006425	28.0855	0.0	13.2178	0.38419180952380955	0.0	0.37193	0.0	0.0	0.174839	0.17165999999999998	0.0	0.713661	0.0	0.62942	1.110066	0.0	0.619884	1.7166	18.587	0.276563	0.0	6.80918	7.88683	14.4099	0.0	0.0	14.6483	15.1442	15.254345454545454	41.7996	7.55304	29.318916666666667	27.8884	16.26	0.0	0.0	0.0	0.0	0.0	0.0	0.0	0.0	0.0	0.0	0.0	0.0	4.0817	10.786	12.2451	0.0	0.0	29.0296	87.1842	87.189	1.69753	0.0	0.0	7.6198	0.0	0.0	11.1293	3.03266	69.24170000000001	75.594	5.397755	9.71787	0.0	0.0	0.18755433333333335	61.3494	0.0	0.0	0.0	0.0	0.0	0.0	0.0	0.0	0.0	0.0	0.0	0.0	0.0	0.0	8.53055	7.367075	0.0	0.0	0.0	0.0	0.0	0.0	0.0	0.0	0.48637	0.0	3.54436459375	0.0	0.0	0.0	0.0	0.0	0.0	58.2786	11.6634	25.496299999999998	1.017245	34.2271	0.0	0.0	0.524517
N46_2_4	0.0	0.0	0.0	0.0	0.0	0.0	0.0	0.0	0.0	0.0	0.0	0.0	0.0	0.0	0.0	0.0	0.0	0.0	1.21172	92.898815	95.9627	0.0	12.1451	0.0	0.0	0.0	0.0	0.0	0.0	0.0	0.0	0.0	15.432	0.0	22.8834	2.04739	24.3041	23.552	3.91372	0.0	0.0	0.0	0.0	0.0	0.0	0.766031	11.393	22.210233333333335	0.0	22.038796428571427	0.0	0.0	0.0	0.0	0.0	0.0	0.0	0.0	0.0	0.250701	0.0	0.0	0.0	0.0	0.0	0.0	0.0	0.0	0.766031	0.0	30.6412	0.0	63.3855	0.417835	0.752103	0.362124	0.32034	0.0	0.0	25.6551	11.2258	35.3349	0.0	0.0	0.766031	0.0	0.0	15.7802	13.5239	0.0	29.69415	8.906870000000001	0.0	0.0	0.362124	0.0	0.0	7.66031	44.59456666666666	12.2843	0.668536	2.36773	1.36493	0.598897	45.95412222222222	34.161475	0.0	0.0	0.0	0.0	0.0	2.68807	23.2873	61.5749	55.37858888888889	0.0	0.0	0.0	0.0	0.0	0.0	23.4405	0.0	19.5825	0.0	0.0	0.348196	1.26743	58.0651	0.0	0.0	0.0	0.0	10.5155	0.0	46.8532	0.0	1.508845	1.51813	1.33707	0.0	0.0	0.0	0.0	0.0	0.0	0.0	0.0	0.0	0.0	0.0	0.821742	3.4541	0.0	0.0	0.0	0.0	15.81506	1.2535	0.0	8.52383	9.20629	24.6662	0.0	0.0	24.6383	22.2427	17.431336363636362	55.91522	7.39568	29.763778285714288	25.831486666666667	1.74098	0.0	0.0	0.0	0.0	0.0	0.0	0.0	0.0	0.0	0.0	0.0	0.0	0.0	14.4153	22.4099	0.0	0.0	39.2625	0.0	0.0	4.61011	0.0	0.0	0.0	0.0	0.0	0.919237	0.0	69.39117999999999	50.70193333333333	3.9137190000000004	21.8667	0.0	0.0	0.0	0.0	0.0	0.0	0.0	0.0	0.0	0.0	0.0	0.0	0.0	0.0	0.0	0.0	0.0	0.0	10.021049999999999	10.17425	0.0	0.0	0.0	0.0	0.0	0.0	0.0	0.0	0.0	0.0	3.153138695652174	0.0	0.0	0.0	0.0	0.0	0.0	89.542	11.9779	29.4016	0.0	2.50701	0.0	0.0	0.0
N47_1_2	0.0	0.0	0.0	0.0	0.0	0.0	0.0	0.0	0.0	0.0	0.0	6.45871	0.0	0.0	0.0	0.0	0.0	0.0	0.0	0.0	0.0	0.0	0.0	0.0	5.80328	26.451	6.45871	0.0	0.0	0.0	0.0	0.0	0.0	0.0	0.0	6.737030000000001	0.0	0.0	0.0	0.0	0.0	0.0	0.0	0.0	0.0	0.0	0.0	0.0	0.0	0.0	0.0	0.0	7.10033	0.0	0.0	42.32583333333333	42.6402	0.0	0.191212	19.8350375	0.0	2.81719	0.0	0.0	0.0	0.0	0.0	0.0	12.2885	0.0	0.0	0.0	0.0	0.0	17.6807	0.0	0.0	0.0	0.0	0.0	0.0	0.0	20.8166	21.2436	0.0	15.323273333333333	0.0	0.0	0.0	0.0	0.0	0.0	0.0	0.0	0.65012	0.0	0.0	0.0	0.0	55.2347	9.08894	35.9861	1.70816	0.0	62.8832	49.0777	0.0637373	0.0	0.0	0.0	0.0	38.8925	0.0	0.0	0.0	0.0	0.0	0.0	0.0	0.0	0.0	0.0	0.0	0.0	0.0	0.0	0.0	0.0	0.0	0.0	0.0	0.0	0.0	0.0	0.0	0.0	0.0	32.86718333333334	32.9394	28.15275	2.84268	21.6707	3.021147142857143	0.0	4.65282	0.0	0.0	0.0	0.0	0.0	0.0	0.0	0.0	0.0	0.0	3.6393950000000004	30.3262	17.4003	0.0	0.0	0.0	0.0	0.0	0.0	0.0	0.0	0.0	0.0	0.0	0.0	13.39119	29.9055	21.8491	6.388598333333333	0.0	6.049730833333332	0.0	0.0	0.0	0.0	0.0	0.0	0.0	0.0	0.0	6.0168	0.0	0.0	2.676965	0.0	0.0	17.0179	17.0051	0.331434	0.0	0.0	0.956059	0.0	0.0	11.5874	4.09193	87.92555	91.2845	5.41767	0.0	0.0	0.0	0.0	0.0	0.0	0.0	0.0	0.0	0.0	0.0	0.0	0.0	0.0	0.0	0.0	0.0	0.0	0.0	0.0	0.0	0.0	0.0	0.0	0.0	0.0	0.0	0.0	0.0	0.0	0.0	0.0	0.0	0.0	0.0	0.0	0.0	0.0	0.0	0.0	3.16137	0.0	32.7227	0.0	0.0	0.0
N47_2_2	0.0	0.0	0.0	0.0	0.0	0.0	0.0	0.0	0.0	0.0	6.27078	1.5007	0.0	0.0	0.0	0.0	0.0	0.0	0.0	0.0	0.0	0.0	0.0	0.0	6.5019175	2.78701	1.5007	12.1932	0.0	13.740808333333334	15.207999999999998	0.0	0.0	0.0	0.0	4.448505	0.0	0.0	0.0	0.0	0.0	0.0	0.0	0.0	0.0	0.0	0.0	0.0	0.0	0.0	0.0	0.0	1.64809	0.0	0.0	9.339176666666667	9.39277	0.0	0.0	2.30465	0.0	2.42524	0.964736	0.0	0.0	0.0	0.0	0.0	2.76022	0.0	0.0	0.0	0.0	0.0	3.80535	0.0	0.0	0.0	0.0	0.0	0.0	0.0	12.1664	2.28455	0.482368	26.808026666666667	14.2851	0.0	0.0	0.0	0.0	0.535964	0.0	0.0	0.844144	0.0	0.0	0.0	0.0	14.3906	2.21085	8.9506	2.18405	0.0	23.05985	13.3991	0.07369505	0.0	0.0	0.0	0.0	9.78135	0.0	0.0	0.0	0.0	0.0	0.0	0.0	0.0	0.0	0.0	0.0	0.0	0.0	0.0	0.0	3.49717	0.0	0.0	0.0	0.0	0.0	0.0	1.42031	0.0	0.0	7.930036666666666	7.94567	7.0077300000000005	0.482368	6.52536	0.7822523333333334	0.0	0.0	0.0	0.0	0.0	0.0	0.0	0.0	0.0	0.0	0.0	0.0	1.00493	5.9358	4.23412	0.0	0.0	0.0	0.0	0.0	0.0	0.0	0.0	0.0	0.0	0.0	0.0	3.33638	6.29758	5.29265	1.8736383333333333	31.3539	1.8669441666666666	0.0	0.0	0.0	0.0	0.0	0.0	0.0	0.0	0.0	1.07193	0.0	0.0	0.9982325	0.0	0.0	17.0705	17.0705	0.29478	0.0	0.0	1.01833	0.0	0.0	2.82721	1.38011	22.271988	33.8461	1.38011	0.0	0.0	0.0	0.0	0.0	0.0	0.0	0.0	0.0	0.0	0.0	0.0	0.0	0.0	0.0	0.0	0.0	0.0	0.0	0.0	0.0	0.0	0.0	0.0	0.0	0.0	0.0	0.0	0.0	0.0	0.0	1.7100595	28.0443	23.53555	32.143677777777775	26.16845	0.0	0.0	0.0	0.0	4.23412	0.0	9.63396	0.0	0.0	0.0
N47_2_3	5.25368	5.42964	4.91433	13.7626	5.41708	2.86565	7.84282	7.07613	0.0	0.0	10.4948	1.20659	0.0	0.0	0.0	0.0	0.0	0.0	0.326784	28.43335	22.3219	0.0	4.00939	0.0	2.2183625	0.175961	1.20659	19.936975	0.0	21.673541666666665	22.887459999999997	0.0	6.17119	8.83574	8.24501	5.530195	8.47125	6.92531	3.0960699999999997	0.0	2.18694	0.0	2.32519	2.1241	0.0	7.692	3.89627	6.879226666666667	0.0	6.566580416666667	0.0	0.0	1.0432	0.0	0.0	4.80121	4.81378	0.0	0.0	2.43831125	0.0	1.09347	3.0039	0.0	0.0	0.0	27.7515	0.0	5.59304	0.0	12.6692	0.0	19.1043	2.06125	2.23721	0.0	0.0	0.0	0.0	7.74646	3.28041	11.2741	5.68102	2.1618	0.389627	9.919153999999999	22.8529125	3.65747	3.846	0.0	5.27882	4.625255	0.0	0.0	0.955215	0.201098	0.0	3.663755	11.6888	22.2716	3.67004	14.6173	7.22696	0.0	17.973133999999998	17.149865	0.1382545	3.10445	3.21757	3.19243	2.30006	12.9582	0.0	0.0	0.0	0.0	0.0	0.0	0.0	0.0	0.0	5.45478	0.0	3.97168	0.0	0.0	0.0	5.99523	16.3266	0.0	0.0	0.980352	0.9363604999999999	1.62135	2.01098	10.8216	0.0	7.407103333333333	7.44062	6.171195	0.490176	5.17827	0.0	4.46186	0.0	0.0	0.0	0.1106042	0.125686	0.0	0.46084949999999997	5.69358	0.766686	1.0130322	0.0	0.0	1.42025	7.459474999999999	0.414764	10.3188	2.72739	3.16729	2.57657	0.0	0.0	3.6449	6.76192	5.351946363636364	13.943632000000001	1.78474	14.135508333333334	11.915066666666666	8.3707	0.0	42.7584	0.0	3.2427	0.0	14.5419	7.76741	2.97876	7.22696	3.21757	5.79413	11.0981	1.77218	3.98425	3.58206	0.0	0.0	9.36362	13.0965	13.0965	0.0	0.0	0.0	1.20659	0.0	0.0	4.97717	0.0	50.49653333333333	65.06775	3.2489850000000002	5.89468	0.0	4.32361	0.0	0.0	0.0	1.11861	0.0	1.05576	0.263941	0.0	0.0	37.1403	13.5615	13.04625	2.57657	17.8851	8.47125	22.5984	3.349535	2.96619	0.36449	0.301647	0.0	0.0	0.0	0.0	4.81378	0.0	0.0	0.0	5.2226545625	38.2463	33.13085	45.836355555555556	34.78365	0.0	0.0	34.8528	5.55533	10.92215	0.427333	13.2725	0.0	0.0	0.0
N47_1_3	0.0	0.0	0.0	0.0	0.0	0.0	0.0	0.0	0.0	0.0	0.0	7.8559366666666675	0.0	0.0	0.0	0.0	0.0	0.0	0.0	0.0	0.0	0.0	0.0	0.0	56.296775	1.23559	7.8559366666666675	0.0	0.0	0.0	0.0	0.0	0.0	0.0	0.0	24.58035	0.0	0.0	0.0	0.0	0.0	0.0	0.0	0.0	0.0	0.0	0.0	0.0	0.0	0.0	0.0	0.0	8.72924	0.0	0.0	56.32633333333333	56.803	0.0	0.24864426666666664	8.65774	0.0	25.2725	4.73644	0.0	0.0	0.0	0.0	0.0	9.88475	0.0	0.0	0.0	0.0	0.0	19.6322	0.0	0.0	0.0	0.0	0.0	0.0	0.0	43.0284	0.812289	0.0	98.21142	0.0	0.0	0.0	0.0	0.0	0.0	0.0	0.0	5.94344	0.0	0.0	0.0	0.0	55.1784	9.77035	36.8276	16.6691	0.0	58.2789	53.4738	0.33178	0.0	0.0	0.0	0.0	37.1021	0.0	0.0	0.0	0.0	0.0	0.0	0.0	0.0	0.0	0.0	0.0	0.0	0.0	0.0	0.0	0.0	0.0	0.0	0.0	0.0	0.0	0.0	11.8411	0.0	0.0	36.77035	36.824725	31.7994	0.343221	19.7009	0.2740045	0.0	0.0	0.0	0.0	0.125848	0.137288	0.0	0.5415258333333334	0.0	0.0	0.8260172000000001	0.0	0.0	29.7801	17.0352	0.0	0.0	0.0	0.0	0.0	0.0	0.0	0.0	0.0	0.0	0.0	0.0	8.998120499999999	27.6865	21.4742	0.43283916666666666	0.0	0.45000025	0.0	0.0	0.0	0.0	0.0	0.0	0.0	0.0	0.0	5.35424	0.0	0.0	0.0	0.0	0.0	153.906	153.8145	3.02034	0.0	0.0	11.9898	0.0	0.0	12.3674	3.48941	91.36535	95.198	5.81187	0.0	0.0	0.0	0.0	0.0	0.0	0.0	0.0	0.0	0.0	0.0	0.0	0.0	0.0	0.0	0.0	0.0	0.0	0.0	0.0	0.0	0.0	0.0	0.0	0.0	0.0	0.0	0.0	0.0	0.0	0.0	0.0	0.0	0.0	0.0	0.0	0.0	0.0	0.0	0.0	32.1712	0.0	42.1589	0.0	0.0	0.0
N47_2_4	7.97746	7.9924	7.05124	18.0912	7.9177	3.68995	11.1296	9.15764	0.0	0.0	0.0	4.28751	0.0	0.0	0.0	0.0	0.0	0.0	10.532	48.63037	42.7108	0.0	7.73843	0.0	0.0	0.0	4.28751	0.0	0.0	0.0	0.0	0.0	8.96343	15.1731	15.7458	1.673175	15.8802	14.2967	6.77237	0.0	2.84589	0.0	5.60215	5.3183	0.0	1.34452	6.45367	9.974323333333333	0.0	10.967870869565218	0.0	0.0	0.0	0.0	0.0	1.2997	1.2997	0.0	0.0	0.567684	0.0	0.0	0.239025	0.0	0.0	0.0	29.7735	0.0	1.61342	0.0	17.9269	0.0	33.4784	0.582623	0.47805	0.0	0.0	0.0	0.0	11.747066666666667	5.82623	17.2098	0.0	0.0	9.654898571428573	19.929726666666667	0.0	7.09605	8.29118	0.0	11.68235	4.9971125	0.0	0.0	0.194208	0.0	0.0	4.24269	20.50135	17.9567	0.537806	3.57043	1.97196	0.0	28.322799999999997	33.64275	0.0	0.717075	0.806709	1.13537	1.32958	2.85336	0.0	0.0	0.0	0.0	0.0	0.0	0.0	0.0	0.0	10.4573	0.0	9.94941	0.0	0.0	0.0	1.77775	30.0873	0.0	0.0	0.0	0.492989	4.64605	0.0	20.0183	0.0	0.642379	0.642379	0.612501	0.0	0.62744	0.298781	1.23994	0.0	0.0	0.0	0.0	0.0	0.0	0.0	2.33049	38.5577	0.403355	0.0	0.0	0.0	9.224885	13.3555	21.6168	4.87013	5.393	8.88874	0.0	0.0	0.0	10.039	8.592676363636365	26.253888000000003	3.54056	20.461523333333332	15.471883333333333	2.33049	0.0	0.0	0.0	1.2997	0.0	31.9696	14.1174	6.24453	22.5879	5.84117	12.8476	25.9342	0.388415	7.94758	0.0	0.42576349999999996	0.0	18.9278	3.2119	3.2119	0.0	0.0	0.0	0.388415	0.0	0.0	0.672258	0.388415	75.09435714285713	113.26775	3.61525	14.6104	0.0	0.866465	0.0	0.0	0.0	0.358537	0.298781	0.552745	0.283842	0.0	0.224086	83.7484	32.5373	26.3301	6.45367	38.229	18.6589	51.0019	6.528370000000001	5.46769	0.0	0.0	0.0	0.0	0.0	0.0	1.62836	0.0	0.0	0.0	22.47720375	0.0	0.0	0.0	0.0	0.0	0.0	72.2752	5.81129	8.11938	0.0	2.42013	0.0	0.0	0.0
N48_1_2	0.0	0.0	0.0	0.0	0.0	0.0	0.0	0.0	0.0	0.0	0.0	22.249399999999998	0.0	0.0	0.0	0.0	0.0	0.0	0.0	0.0	0.0	0.0	0.0	0.0	99.90115	0.0	22.249399999999998	0.0	0.0	0.0	0.0	0.0	0.0	0.0	0.0	44.935050000000004	0.0	0.0	0.0	0.0	0.0	0.0	0.0	0.0	0.0	0.0	0.0	0.0	0.0	0.0	0.0	0.0	20.8287	0.0	0.0	104.94166666666666	106.023	0.0	0.0	8.9811325	0.0	45.7293	0.0	0.0	0.0	0.0	0.0	0.0	17.1708	0.0	0.0	0.0	0.0	0.0	30.8516	0.0	0.0	0.0	0.0	0.0	0.0	0.0	0.0	0.0	1.6707385714285714	320.5955333333333	0.0	0.0	0.0	0.0	0.0	0.0	0.0	0.0	12.1147	0.0	0.0	0.0	0.0	101.012	17.8979	68.1688	30.3482	0.0	106.336	49.7283225	0.7606625	0.0	0.0	0.0	0.0	61.5466	0.0	0.0	0.0	0.0	0.0	0.0	0.0	0.0	0.0	0.0	0.0	0.0	0.0	0.0	0.0	0.0	0.0	0.0	0.0	0.0	0.0	0.0	24.3412	0.0	0.0	74.29514999999999	74.4135	64.58924999999999	0.0	0.0	2.9797961904761907	0.0	0.0	0.0	0.0	0.0	0.0	0.0	0.0	0.0	0.0	0.0	0.0	3.6131450000000003	76.8269	30.1245	0.0	0.0	0.0	0.0	0.0	0.0	0.0	0.0	0.0	0.0	0.0	0.0	6.85715	46.7136	33.6146	5.826155	0.0	4.958291666666667	0.0	0.0	0.0	0.0	0.0	0.0	0.0	0.0	0.0	8.05408	0.0	0.0	3.143325	0.0	0.0	277.6475	277.4685	7.12562	0.0	0.0	29.4086	0.0	0.0	21.5447	7.72968	76.28764	173.073	5.296660500000001	0.0	0.0	0.0	0.0	0.0	0.0	0.0	0.0	0.0	0.0	0.0	0.0	0.0	0.0	0.0	0.0	0.0	0.0	0.0	0.0	0.0	0.0	0.0	0.0	0.0	0.0	0.0	0.0	0.0	0.0	0.0	4.219868095238096	0.0	0.0	0.0	0.0	0.0	0.0	0.0	0.0	60.4839	0.0	76.7934	0.0	0.0	0.0
N48_1_3	0.0	0.0	0.0	0.0	0.0	0.0	0.0	0.0	0.0	0.0	0.0	8.63365	0.0	0.0	0.0	0.0	0.0	0.0	0.0	0.0	0.0	0.0	0.0	0.0	123.40475	0.0	8.63365	0.0	17.575675	0.0	0.0	0.0	0.0	0.0	0.0	36.359700000000004	0.0	0.0	0.0	0.0	0.0	0.0	0.0	0.0	0.0	0.0	0.0	0.0	0.0	0.0	0.0	0.0	24.1842	0.0	0.0	124.48233333333333	125.921	0.0	0.7194711111111112	42.972425	0.0	56.6688	0.0	0.0	0.0	0.0	0.0	0.0	18.584	0.0	0.0	0.0	0.0	0.0	25.7509	0.0	0.0	0.0	0.0	0.0	0.0	0.0	0.0	0.0	0.250009	17.282846666666668	0.0	0.0	0.0	0.0	0.0	0.0	0.0	0.0	10.1504	0.0	0.0	0.0	0.0	89.9366	17.1673	54.052	26.7177	0.0	86.9865	81.453	0.8750345	0.0	0.0	0.0	0.0	67.2691	0.0	0.0	0.0	0.0	0.0	0.0	0.0	0.0	0.0	0.0	0.0	0.0	0.0	0.0	0.0	0.0	0.0	0.0	0.0	0.0	0.0	0.0	25.7343	0.0	0.0	67.26083333333334	67.4525	56.652100000000004	0.0	0.0	0.5250193888888889	0.0	0.0	0.0	0.0	0.0	0.216675	0.0	17.647883333333336	0.0	0.0	21.984119999999997	0.0	0.716693	34.82625	29.2844	0.0	0.0	0.0	0.0	0.0	0.0	0.0	0.0	0.0	0.0	0.0	0.0	1.61673	54.052	41.2015	1.0639316666666667	0.0	0.0	0.0	0.0	0.0	0.0	0.0	0.0	0.0	0.0	0.0	9.10034	0.0	0.0	0.650024	0.0	0.0	266.693	266.55150000000003	3.05011	0.0	0.0	27.551	0.0	0.0	25.9176	6.03356	145.68900000000002	152.556	12.1504	0.0	0.0	0.0	10.211476666666668	0.0	0.0	0.0	0.0	0.0	0.0	0.0	0.0	0.0	0.0	0.0	0.0	0.0	0.0	0.0	0.0	0.0	0.0	0.0	0.0	0.0	0.0	0.0	0.0	0.0	0.0	0.0	0.6011332666666667	0.0	0.0	0.0	0.0	0.0	0.0	0.0	0.0	27.151	0.0	61.5689	0.0	0.0	0.0
N48_2_3	12.5051	20.1754	10.3861	29.1439	12.535	6.50626	17.6087	13.8482	1.2535	0.0	0.28353	0.716285	0.0	0.0	0.35726482352941175	0.0	0.223839	0.268607	0.805821	80.9923575	81.5521	4.13356	6.67041	0.298452	8.9349125	0.0	0.716285	0.701363	1.9959	0.7685146666666666	0.9550470000000001	0.0	9.72954	19.717766666666666	32.6656	8.86403	33.934	32.8148	10.440856666666667	0.0	4.79016	10.3861	5.4766	4.28279	3.90972	4.10372	11.8038	17.269175	16.1463	0.9284461739130434	0.0	0.0	1.44749	0.0	0.56467136	8.575526666666667	8.61035	0.0	0.0	4.74912125	0.0	5.02892	1.52211	0.0	0.0	0.0	99.8472	0.0	4.23802	0.820744	36.3067	0.0	69.4797	1.64149	2.47715	0.0	0.0	0.0	0.0	24.1199	11.2218	33.2774	4.32756	0.999815	0.716285	8.087060000000001	6.2022087500000005	12.8484	11.3412	0.0	21.3692	12.35095	0.0	0.0	1.41765	0.193994	0.0	0.34322	38.851	27.2636	4.07387	12.9827	6.46149	0.0	30.025633636363636	39.0673975	0.1343035	0.940124	1.01474	1.10427	0.492446	13.7586	0.0	0.0	0.0	0.0	0.0	0.0	0.0	0.0	0.0	17.5042	0.0	10.5951	0.0	0.0	0.0	4.80508	50.0504	0.0	0.0	0.74613	0.805821	5.98397	0.0	35.9187	17.9519	8.187541666666666	8.1962425	6.9464749999999995	0.313375	4.53647	0.4058948	1.22365	15.703533333333334	3.500846	2.5144599999999997	5.95661	3.990308	0.0	5.83474	3.17852	1.67133	7.315062	0.0	0.537214	5.60344	18.735335	0.895357	2.44731	6.9987	0.0	14.848	9.19233	0.0	13.9676	21.1155	0.8329529090909091	2.083196	0.328297	31.626604999999998	32.01896666666667	8.14775	1.10427	5.9392	0.9848927500000001	1.31319	0.0	24.1448	7.58069	5.35722	7.7896	0.0	10.0131	18.116	1.74595	10.8189	0.0	8.192509999999999	15.9523	31.621	34.12055	34.128	0.462601	0.119381	0.164149	2.79053	0.0	0.0	4.92446	4.84985	64.5179	64.8611	5.789975	11.4606	0.0	5.19307	1.2236566666666666	67.689	0.373065	0.0	0.298452	0.358143	0.34322	0.0	0.0	82.8056	19.8918	22.2272	0.0	24.9655	20.9513	21.1453	11.67695	8.69242	0.537214	0.238762	0.0	0.0	0.0	0.0	1.37288	0.0	0.0	0.0	2.52552275862069	4.01418	3.5515800000000004	5.290065555555556	3.850035	0.0	0.432756	77.4782	17.9668	22.137704999999997	0.0	13.7437	0.0	0.0	0.0
N48_2_4	7.64376	15.1814	6.68829	20.0914	9.8732	5.0693	11.1737	9.97936	0.902389	0.0	0.0	5.14892	0.0	0.0	0.0	0.0	0.0	0.0	8.17458	83.47762	88.1422	3.45031	6.05131	0.0	0.0	0.0	5.14892	0.0	0.0	0.0	0.0	0.0	9.15659	23.0817	31.9286	6.84754	32.4595	30.9201	10.289023333333333	0.0	4.180185	11.4126	6.21056	4.37924	4.96314	2.12327	10.8817	17.357699999999998	15.4468	0.0	0.0	0.0	0.822766	0.0	0.0	3.928046666666667	3.95459	0.0	0.0	1.8810825	0.0	0.31849	1.61899	0.0	0.0	0.0	62.5302	0.0	2.78679	0.0	27.5229	0.0	54.9661	0.769685	1.43321	0.0	0.0	0.0	0.0	20.135666666666665	10.7756	26.5143	0.0	0.0	8.934791428571428	17.699186666666666	0.0	9.63433	10.4836	0.0	21.3123	7.457973666666667	0.0	0.0	0.902389	0.31849	0.0	0.0	34.6712	19.9587	1.45975	6.31672	3.7688	0.0	32.98764	36.4804	0.1459745	0.875848	0.902389	0.0	1.48629	7.19257	0.0	0.0	0.0	0.0	0.0	0.0	0.0	0.0	0.0	16.588	0.0	10.3509	0.0	0.0	0.0	3.74226	42.7308	0.0	0.0	0.663521	0.716603	6.15748	0.0	32.9903	15.3141	1.64553	1.64553	1.47302	0.238868	1.61899	0.0	1.22088	11.837200000000001	3.11855	1.33589	4.153643333333334	2.9141880000000002	0.0	0.0	2.89295	33.3353	0.0	0.0	0.0	0.0	15.884694999999999	11.4126	0.0	5.46742	0.0	15.3406	9.63433	0.0	14.1197	17.0392	0.0	0.0	0.0	24.38439625	30.69004666666667	4.83043	0.0	0.0	0.0	1.59245	0.0	25.5588	5.49396	4.27308	0.0	0.0	10.404	20.171	0.849307	8.97081	0.0	15.606	14.7302	25.0546	15.6856	15.6989	0.0	0.0	0.0	2.54792	0.0	0.0	2.0171	2.4683	84.88289999999999	87.70439999999999	5.89207	17.0127	0.0	2.62754	0.0	0.0	0.477735	0.504276	0.61044	0.63698	0.63698	0.0	0.583899	74.7125	19.4544	18.7246	0.0	21.79	18.0212	17.6497	10.2182	7.749925	0.0	0.477735	0.0	0.0	0.0	0.0	1.9640200000000003	0.0	0.0	0.0	20.6952371875	0.0	0.0	0.0	0.0	0.0	0.0	89.7081	12.023	15.300795	0.0	6.66175	0.0	0.0	0.0
N48_2_2	0.0	0.0	0.0	0.0	0.0	0.0	0.0	0.0	0.0	0.0	10.6321	7.51749	0.0	0.0	0.0	0.0	0.0	0.0	0.0	17.8493	0.0	0.0	0.0	0.0	62.478925000000004	0.0	7.51749	21.817625	0.0	22.933958333333333	26.0348	0.0	0.0	0.0	0.0	18.91255	0.0	0.0	0.0	0.0	0.0	0.0	0.0	0.0	0.0	0.0	0.0	0.0	0.0	0.0	0.0	0.0	9.4938	0.0	0.0	56.32483333333332	57.0754	0.0	0.0	5.858571250000001	0.0	30.0825	1.52601	0.0	0.0	0.0	0.0	0.0	9.45627	0.0	0.0	0.0	0.0	0.0	16.7986	0.0	0.0	0.0	0.0	0.0	0.0	0.0	12.9711	4.04018	0.0	24.472906666666667	26.3878125	0.0	0.0	0.0	0.0	0.0	0.0	0.0	4.746895	0.100066	0.0	0.0	0.0	50.6961	9.35621	31.2582	14.1469	0.0	50.164500000000004	44.5921	0.35023249999999995	0.450299	0.43779	0.462807	2.17644	34.1226	0.0	0.0	0.0	0.0	0.0	0.0	0.0	0.0	0.0	0.0	0.0	0.0	0.0	0.0	0.0	11.6953	0.0	0.0	0.0	0.250166	0.35648599999999997	0.0	10.9197	0.0	0.0	35.504799999999996	35.57985	30.2701	0.100066	14.9349	0.0	0.637923	0.0	0.0	0.0	0.0	0.0	0.0	0.0	5.32853	0.0	0.0	0.0	0.0	29.338250000000002	16.3984	0.0	0.0	0.0	0.0	0.0	0.0	0.0	0.0	0.0	0.0	0.0	0.0	14.0093	24.0159	20.0383	0.0	50.1958	0.0	0.500332	0.0	0.0	0.0	0.0	0.0	0.0	0.0	0.0	5.11589	0.0	0.0	0.0	0.0	0.0	160.1	159.99349999999998	2.68928	0.0	0.0	13.0336	0.0	0.0	12.4708	2.77684	83.693	104.707	5.80385	0.0	0.0	2.97697	0.0	0.0	0.0	0.0	0.0	0.175116	0.0	0.0	0.0	0.0	0.0	0.0	0.0	0.0	0.0	0.0	0.0	0.0	0.325216	0.275183	0.0	0.0	0.0	0.0	0.537857	0.0	0.0	0.0	0.9443745	42.3281	38.8132	49.38412777777778	38.9696	0.0	0.0	0.0	0.0	27.6308	0.0	35.7987	0.0	0.0	0.0
N49_1_2	0.0	0.0	0.0	0.0	0.0	0.0	0.0	0.0	0.0	0.0	3.23154	1.10125	0.0	0.0	0.0	0.0	0.0	0.0	0.0	3.84535	0.0	0.0	0.0	0.0	6.4359975	0.0	1.10125	6.69777	0.0	9.846568333333334	9.03387	0.0	0.0	0.0	0.0	3.44818	0.0	0.0	0.0	0.0	0.0	0.0	0.0	0.0	0.0	0.0	0.0	0.0	0.0	0.0	0.0	0.0	0.704079	0.0	0.0	5.644666666666666	5.66874	0.0	0.0	1.03355125	0.0	2.58162	0.0	0.0	0.0	0.0	0.0	0.0	1.31789	0.0	0.0	0.0	0.0	0.0	2.38304	0.0	0.0	0.0	0.0	0.0	0.0	0.0	0.0	0.0	0.0	19.31822	8.13978	0.0	0.0	0.0	0.0	0.451332	0.0	0.0	0.559652	0.0	0.0	0.0	0.0	8.99054	1.51648	5.65068	2.4372	0.0	13.80172	7.87124	0.0	0.0	0.0	0.0	0.0	5.30767	0.0	0.0	0.0	0.0	0.0	0.0	0.0	0.0	0.0	0.0	0.0	0.0	0.0	0.0	0.0	2.45525	0.0	0.0	0.0	0.0	0.0	0.0	1.29984	0.0	0.0	4.835271666666666	4.83828	4.350845	0.0	0.0	0.0	0.0	0.0	0.0	0.0	0.0	0.0	0.0	0.0	1.24568	0.0	0.0	0.0	0.0	3.2857	2.27472	0.0	0.0	0.0	0.0	0.0	0.0	0.0	0.0	0.0	0.0	0.0	0.0	3.15933	3.46623	2.88853	0.0	22.5486	0.0	0.0	0.0	0.0	0.0	0.0	0.0	0.0	0.0	0.0	0.505492	0.0	0.0	0.0	0.0	0.0	21.1404	21.1043	0.288853	0.0	0.0	1.02904	0.0	0.0	1.69701	0.0	19.455433333333335	19.9308	0.577706	0.0	0.0	0.0	0.0	0.0	0.0	0.0	0.0	0.0	0.0	0.0	0.0	0.0	0.0	0.0	0.0	0.0	0.0	0.0	0.0	0.0	0.0	0.0	0.0	0.0	0.0	0.0	0.0	0.0	0.0	0.0	0.0	19.5698	16.609	22.324894444444443	18.35115	0.0	0.0	0.0	0.0	3.80925	0.0	5.57847	0.0	0.0	0.0
N49_1_3	0.0	0.0	0.0	0.0	0.0	0.0	0.0	0.0	0.0	0.0	0.0	0.0	0.0	0.0	0.0	0.0	0.0	0.0	0.0	0.0	0.0	0.0	0.0	0.0	0.0	0.0	0.0	0.0	0.0	0.0	0.0	0.0	0.0	0.0	0.0	0.0	0.0	0.0	0.0	0.0	0.0	0.0	0.0	0.0	0.0	0.0	0.0	0.0	0.0	0.0	0.0	0.0	0.0	0.0	0.0	0.0	0.0	0.0	0.0	0.0	0.0	0.0	0.0	0.0	0.0	0.0	0.0	0.0	0.0	0.0	0.0	0.0	0.0	0.0	0.0	0.0	0.0	0.0	0.0	0.0	0.0	0.0	0.0	0.0	0.0	0.0	0.0	0.0	0.0	0.0	0.0	0.0	0.0	0.0	0.0	0.0	0.0	0.0	0.0	0.0	0.0	0.0	0.0	0.0	0.0	0.0	0.0	0.0	0.0	0.0	0.0	0.0	0.0	0.0	0.0	0.0	0.0	0.0	0.0	0.0	0.0	0.0	0.0	0.0	0.0	0.0	0.0	0.0	0.0	0.0	0.0	0.0	0.0	0.0	0.0	0.0	0.0	0.0	0.0	0.0	0.0	0.0	0.0	0.0	0.0	0.0	0.0	0.0	0.0	0.0	0.0	0.0	0.0	0.0	0.0	0.0	0.0	0.0	0.0	0.0	0.0	0.0	0.0	0.0	0.0	0.0	0.0	0.0	0.0	0.0	0.0	0.0	0.0	0.0	0.0	0.0	0.0	0.0	0.0	0.0	0.0	0.0	0.0	0.0	0.0	0.0	0.0	0.0	0.0	0.0	0.0	0.0	0.0	0.0	0.0	0.0	0.0	0.0	0.0	0.0	0.0	1.0050314999999999	0.87857	0.0931817	0.0	0.0	0.0	0.0	0.0	0.0	0.0	0.0	0.0	0.0	0.0	0.0	0.0	0.0	0.0	0.0	0.0	0.0	0.0	0.0	0.0	0.0	0.0	0.0	0.0	0.0	0.0	0.0	0.0	0.0	0.0	0.0	0.0	0.0	0.0	0.0	0.0	0.0	0.0	0.0	0.0	0.0	0.0	0.0	0.0	0.0
N49_2_2	0.0	0.0	0.0	0.0	0.0	0.0	0.0	0.0	0.0	0.0	4.28402	0.553286	0.0	0.0	0.0	0.0	0.0	0.0	0.0	1.940455	1.28046	0.0	0.0	0.0	1.43064	0.0	0.553286	8.58384	0.0	11.097358333333332	11.5716	0.0	0.316164	0.798313	0.885258	1.849555	0.916874	0.774601	0.2898163333333333	0.0	0.0	0.0	0.0	0.0	0.0	1.23304	0.252931	0.553286	0.0	0.0	0.0	0.0	0.553286	0.0	0.0	2.845473333333333	2.90871	0.0	0.221315	0.588854875	0.0	0.916874	0.331972	0.0	0.0	0.0	0.0	0.0	0.774601	6.52878	0.52167	0.0	0.837834	0.505862	0.790409	0.0	0.0	0.0	0.0	0.3635885	0.0	0.727176	0.0	0.0	0.0	8.504804	11.044	0.0	0.0	0.0	0.4031085	0.3267023333333333	0.0	0.0	0.205506	0.126465	0.0	0.0	0.679752	5.13766	0.648135	2.92451	1.42274	0.0	4.143713624999999	1.8759023333333333	0.0	0.284547	0.458437	0.379396	0.0	2.63997	0.0	0.0	0.0	0.0	0.0	0.0	0.0	0.0	0.0	0.0	0.0	0.0	0.0	0.0	0.0	1.28046	0.837834	0.0	0.0	0.379396	0.3793965	0.0	0.0	0.0	0.0	2.46608	2.46608	2.1578150000000003	0.0	1.53339	0.0	0.52167	1.13819	0.0	0.0	0.0	0.0	0.0790409	0.0	1.21723	0.0	0.0	0.0	0.0	2.6162549999999998	1.62824	0.0	0.0	0.0	0.0	0.0	0.0	0.316164	0.363588	0.268739	0.426821	0.0	0.0	0.9597835714285713	1.1171106666666668	1.64405	1.3437	23.238	1.686205	0.648135	0.0	0.901066	0.0	0.142274	0.505862	0.0	0.284547	0.490054	0.284547	0.268739	0.426821	0.5954413333333334	0.379396	0.0	6.71848	6.71848	0.0	0.0	0.0	0.600711	0.0	0.0	0.679752	0.774601	12.9824675	14.1483	0.727176	0.0	0.0	0.0	0.0	0.0	0.0	0.0	0.0	0.284547	0.0	0.0	0.0	1.86537	0.584903	0.490054	0.158082	1.02753	0.300355	0.569094	0.268739	0.158082	0.0	0.0	0.0	0.0	0.0	0.0	0.7113679999999999	0.0	0.0	0.0	0.0	21.4991	19.2227	24.654611111111112	19.82345	0.0	0.0	4.50533	0.237123	1.3911185000000001	0.0	3.38295	0.0	0.0	0.0
N49_2_3	0.0	0.0	0.0	0.0	0.0	0.0	0.0	0.0	0.0	0.0	0.0	0.0	0.0	0.0	0.0	0.0	0.0	0.0	0.0	56.94533333333334	45.0564	5.53917	3.67026	0.0	0.0	0.0	0.0	0.0	0.0	0.0	0.0	0.0	11.2134	19.432133333333333	27.2905	0.0	28.7316	24.0706	6.477373333333333	0.0	4.54842	0.0	6.68753	7.63324	0.0	0.0	5.35903	8.905455	0.0	0.0	0.0	0.0	0.0	0.0	0.0	0.0	0.0	4.33559935483871	0.0	0.0	0.0	0.0	0.0	17.2705	0.0	0.0	0.0	0.0	0.0	0.0	14.0506	9.79487	27.2455	0.0	0.270203	0.0	0.0	0.0	0.0	13.224933333333333	4.84114	16.0771	0.0	0.0	0.0	1.1393540000000002	0.71491275	5.62923	5.80937	0.0	11.6975	6.84515	4.0230266666666665	3.76033	0.0	0.0	0.0	0.0	17.157933333333332	0.0	0.0	0.0	0.0	0.0	21.0899285	18.636520333333333	0.0	0.0	0.0	0.0	0.0	0.0	0.0	0.0	0.0	0.0	0.0	0.0	0.0	0.0	0.0	12.0015	15.4917	9.16439	0.0	0.0	0.0	0.0	23.3501	9.59222	0.0	0.0	0.0	0.0	0.0	19.2069	0.0	0.0	0.0	0.0	0.0	0.0	0.0	0.0	0.0	0.0	0.0	0.0	0.0	1.57619	0.0	0.0	0.0	0.0	0.0	0.0	0.0	12.7446	0.0	0.0	0.0	0.0	0.0	0.0	11.6413	12.3168	10.4704	10.871609090909091	30.353688461538464	4.84114	23.12942	15.4579	0.0	0.0	0.923194	0.0	0.0	0.0	27.6733	12.3618	4.79611	16.0996	5.56168	11.1234	20.4003	0.0	4.93121	16.1672	7.34052	9.794865	14.681	0.675508	0.675508	0.0	0.0	0.0	0.0	5.92195	0.0	0.0	0.0	30.375333333333334	6.214675	1.5874460000000001	5.69679	5.20141	0.0	0.22516900000000004	0.0	0.0	0.0	0.0	0.0	0.0	0.0	0.0	64.6011	19.297	16.1897	4.27822	32.2443	15.4917	20.8732	4.03053	4.154375	0.0	0.0	0.0	0.0	0.0	0.0	0.0	0.0	0.0	0.0	0.0	0.0	0.0	0.0	0.0	0.0	0.0	30.0151	6.5074	16.2122	0.0	0.0	0.0	0.0	0.0
N49_2_4	0.0	0.0	0.0	0.0	0.0	0.0	0.0	0.0	0.0	0.505545	0.0	0.0	0.0	0.0	0.0	0.0	0.0	0.0	0.0	219.78933333333336	170.038	25.6273	0.0	0.0	0.0	0.0	0.0	0.0	0.388881	0.0	0.0	0.330549	34.4938	85.97506666666668	112.814	0.0	116.664	97.2397	29.470699999999997	0.0	17.6358	0.0	28.0578	31.9466	0.0	0.0	17.3247	24.164075	8.22484	0.0	0.0	1.3769936363636364	0.0	0.0	0.0	0.0	0.0	12.7072896875	0.72331895	0.0	0.0	0.0	0.0	48.6879	14.6803	6.08599	0.0	0.0	0.0	0.0	40.5214	48.2796	103.267	0.0	0.0	0.0	0.0	0.0	0.0	42.1482	20.144	52.1101	0.0	0.0	0.486101	2.127182	0.0	24.0134	22.0884	4.49158	43.09775	23.93565	10.12065	9.23593	0.0	0.155552	2.945775	0.0	72.73371666666667	1.06942	0.0	0.0	0.544434	0.0	71.20414	93.14675	0.0	0.0	0.427769	0.0	0.0	0.0	1.34164	4.80268	22.339066666666668	0.194441	0.0	0.0	0.0	0.0	0.0	39.8214	52.6739	30.8966	0.0	0.0	0.0	0.0	81.9761	32.4521	0.0	0.0	0.0	0.0	0.0	71.9819	0.0	0.0	0.0	0.0	0.0	0.0	0.0	0.0	0.0	0.38888100000000003	0.0	0.48610116666666664	0.524989	6.18321	0.0	0.0	0.0	0.0	0.0	0.0	0.0	42.5825	0.0	0.0	10.0137	0.0	38.1881	2.83883	49.0574	57.2627	32.8993	35.61442727272727	98.28668846153846	15.2053	71.68244	51.925349999999995	0.0	0.0	0.0	0.0	0.0	0.0	124.423	53.8795	27.105	91.1148	25.9384	47.1518	93.837	0.0	21.2718	60.0238	20.67875	19.375992500000002	63.096	0.0	0.0	0.0	0.0	0.0	0.0	17.1302	0.0	0.0	0.0	81.09728	0.0	12.6581	31.0716	16.7802	0.0	0.5379523333333333	0.0	0.0	0.0	0.0	0.272217	0.0	4.45269	0.0	244.14	85.9038	72.1763	25.1412	146.919	60.2377	99.8063	11.6081	14.398299999999999	0.0	0.0	0.0	0.0	0.0	0.0	0.0	0.9492237272727273	0.0	0.0	0.7496762222222222	0.0	0.0	0.0	0.0	0.0	0.0	116.275	16.3719	25.9481005	0.0	0.0	1.43886	1.28331	0.661098
N49_1_4	0.0	0.0	0.0	0.0	0.0	0.0	0.0	0.0	0.0	0.0	0.0	67.9802	0.0	0.0	0.0	0.0	0.0	0.0	0.0	12.4645975	1.74069	0.404089	0.0	0.0	2.0048999999999997	0.0	67.9802	0.0	49.881675	0.0	0.0	0.0	0.714927	1.11902	0.994681	41.325900000000004	1.02576	0.0	0.3833663333333333	0.0	0.0	0.0	0.404089	0.404089	0.0	12.993	0.0	0.0	0.0	0.0	0.0	0.0	13.8012	0.0	0.0	50.4386	51.195	0.0	0.0	28.3756	0.0	1.80286	13.7701	0.0	0.0	0.0	0.0	0.0	28.86125	0.0	0.0	0.0	0.0	10.755	22.6912	0.0	0.0	0.0	0.0	0.652759	0.0	0.0	0.0	0.0	39.773892857142854	131.621	0.0	0.0	0.0	0.0	0.0	6.43434	0.0	0.0	6.83843	2.26911	0.0	0.0	0.0	85.5425	16.2568	47.8068	24.2453	93.0337	89.32433333333334	74.1037	0.8703474999999999	4.6004	5.22207	5.06665	7.11818	64.7164	0.0	0.0	0.0	0.0	0.0	0.0	0.0	0.0	0.0	0.0	0.683843	0.0	34.3476	20.43755	49.4232	26.701	0.0	0.0	40.3467	5.28424	5.253159999999999	0.0	9.48055	0.0	0.0	33.85021666666667	33.8813	30.073549999999997	1.77177	27.6335	0.0	9.54272	0.0	0.0	0.0	0.0	0.0	0.0	0.0	19.3652	0.0	3.10838	0.0	0.0	33.1042	14.407339	0.0	0.0	0.0	0.0	0.0	0.0	0.714927	0.0	0.0	0.0	0.0	0.0	62.85135	56.6346	35.7152	0.0	0.0	0.0	7.39794	0.0	1.1501	0.0	0.0	0.0	0.0	0.404089	1.27443	8.45478	0.0	0.0	0.0	0.0	0.0	60.0228	60.0228	0.186503	0.0	0.0	8.73454	0.0	0.0	14.9824	0.0	141.881825	199.791	17.1582	2.05153	0.0	13.9255	46.32516666666667	0.0	1.74069	1.86503	2.79754	3.32596	2.89079	0.0	2.02044	2.42453	1.18118	0.777094	0.24867	2.54887	0.714927	0.901429	0.0	0.0	3.01513	2.89079	0.0	0.0	0.0	0.0	7.92636	0.0	0.0	0.0	104.53481923076923	0.0	0.0	0.0	0.0	0.0	0.0	23.2817	0.0	16.3034145	1.57491	48.1177	0.0	0.0	86.6926
N50_1_3	0.0	0.0	0.0	0.0	0.0	0.0	0.0	0.0	0.0	0.0	0.0	0.0	0.0	0.0	0.0	0.0	0.0	0.0	0.0	0.0	0.0	0.0	0.0	0.0	0.0	0.0	0.0	0.0	0.0	0.0	0.0	0.0	0.0	0.0	0.0	0.0	0.0	0.0	0.0	0.0	0.0	0.0	0.0	0.0	0.0	0.0	0.0	0.0	0.0	0.0	0.0	0.0	0.0	0.0	0.0	0.0	0.0	0.0	0.0	0.0	0.0	0.0	0.0	0.0	0.0	0.0	0.0	0.0	0.0	0.0	0.0	0.0	0.0	0.0	0.0	0.0	0.0	0.0	0.0	0.0	0.0	0.0	0.0	0.0	0.0	0.0	0.0	0.0	0.0	0.0	0.0	0.0	0.0	0.0	0.0	0.0	0.0	0.0	0.0	0.0	0.0	0.0	0.0	0.0	0.0	0.0	0.0	0.0	0.0	0.0	0.0	0.0	0.0	0.0	0.0	0.0	0.0	0.0	0.0	0.0	0.0	0.0	0.0	0.0	0.0	0.0	0.0	0.0	0.0	0.0	0.0	0.0	0.0	0.0	0.0	0.0	0.0	0.0	0.0	0.0	0.0	0.0	0.0	0.0	0.0	0.0	0.0	0.0	0.0	0.0	0.0	0.0	0.0	0.0	0.0	0.0	0.0	0.0	0.0	0.0	0.0	0.0	0.0	0.0	0.0	0.0	0.0	0.0	0.0	0.0	0.0	0.0	0.0	0.0	0.0	0.0	0.0	0.0	0.0	0.0	0.0	0.0	0.0	0.0	0.0	0.0	0.0	0.0	0.0	0.0	0.0	0.0	0.0	0.0	0.0	0.0	0.0	0.0	0.0	0.0	0.0	0.0	0.0	0.0	0.0	0.0	0.0	0.0	0.0	0.0	0.0	0.0	0.0	0.0	0.0	0.0	0.0	0.0	0.0	0.0	0.0	0.0	0.0	0.0	0.0	0.0	0.0	0.0	0.0	0.0	0.0	0.0	0.0	0.0	0.0	0.0	0.0	0.0	0.0	0.0	0.0	0.0	0.0	0.0	0.0	0.0	0.0	0.0	0.0	0.0
N50_2_2	0.0	0.0	0.0	0.0	0.0	0.0	0.0	0.0	0.0	0.0	21.7509	0.0	0.0	0.0	0.0	0.0	0.0	0.0	0.0	0.0	0.0	0.0	0.0	0.0	2.1241125	0.32441	0.0	48.395025	0.0	51.883716666666665	59.391740000000006	0.0	0.0	0.0	0.0	1.66839	0.0	0.0	0.0	0.0	0.0	0.0	0.0	0.0	0.0	0.0	0.0	0.0	0.0	0.0	0.0	0.0	0.339858	0.0	0.0	1.9979566666666664	2.03915	0.0	0.7717869199999999	0.926886	0.0	0.0	0.57158	0.0	0.0	0.0	0.0	0.0	0.0	32.4564	0.0	0.0	0.0	0.0	0.988678	0.0	0.0	0.0	0.0	0.0	0.0	0.0	0.602476	0.432547	0.0	0.40165	59.027175	0.0	0.0	0.0	0.0	0.0	0.0	0.0	0.231721	0.0	0.0	0.0	0.0	6.36462	0.540683	0.0	0.695164	0.0	55.01091	3.6303	0.0	0.0	0.0	0.0	0.0	2.0237	0.0	0.0	0.0	0.0	0.0	0.0	0.0	0.0	0.0	0.0	0.0	0.0	0.0	0.0	0.0	0.0	0.0	0.0	0.0	0.0	0.0	0.0	0.0	0.0	0.0	2.098365	2.10094	1.88467	0.0	0.988678	0.0	0.0	1.31309	0.0	0.0	0.0	0.355306	0.0	1.8254483333333333	0.0	0.0	1.9124780000000001	0.0	0.0	3.22865	1.06592	0.0	0.0	0.0	0.0	0.0	0.0	0.0	0.0	0.0	0.0	0.0	0.0	0.0	1.73019	0.0	0.0	99.8565	0.0	0.0	0.0	0.0	0.0	0.0	0.0	0.0	0.0	0.0	0.0	0.0	0.0	0.0	0.0	0.0	4.26367	4.26367	0.24717	0.0	0.0	0.293514	0.0	0.0	0.587028	0.0	61.67393333333333	42.7758	0.339858	0.0	0.0	0.0	0.0	0.0	0.0	0.0	0.0	0.0	0.0	0.0	0.0	0.0	0.0	0.0	0.0	0.0	0.0	0.0	0.0	0.0	0.0	0.0	0.0	0.0	0.0	0.0	0.0	0.0	1.26674	0.0	0.0	88.9501	79.5577	106.06928333333333	83.30385	0.0	0.0	0.0	0.0	1.59115	1.7894033333333332	2.19363	0.0	0.0	0.0
N50_1_2	0.0	0.0	0.0	0.0	0.0	0.0	0.0	0.0	0.0	0.0	0.0	0.0	0.0	0.0	0.0	0.0	0.0	0.0	0.0	0.0	0.0	0.0	0.0	0.0	0.0	0.0	0.0	0.0	0.0	0.0	0.0	0.0	0.0	0.0	0.0	0.0	0.0	0.0	0.0	0.0	0.0	0.0	0.0	0.0	0.0	0.0	0.0	0.0	0.0	0.0	0.0	0.0	0.0	0.0	0.0	0.0	0.0	0.0	0.0	0.0	0.0	0.0	0.0	0.0	0.0	0.0	0.0	0.0	0.0	0.0	0.0	0.0	0.0	0.0	0.0	0.0	0.0	0.0	0.0	0.0	0.0	0.0	0.0	0.0	0.0	0.0	0.0	0.0	0.0	0.0	0.0	0.0	0.0	0.0	0.0	0.0	0.0	0.0	0.0	0.0	0.0	0.0	0.0	0.0	0.0	0.0	0.0	0.0	0.0	0.0	0.0	0.0	0.0	0.0	0.0	0.0	0.0	0.0	0.0	0.0	0.0	0.0	0.0	0.0	0.0	0.0	0.0	0.0	0.0	0.0	0.0	0.0	0.0	0.0	0.0	0.0	0.0	0.0	0.0	0.0	0.0	0.0	0.0	0.0	0.0	0.0	0.0	0.0	0.0	0.0	0.0	0.0	0.0	0.0	0.0	0.0	0.0	0.0	0.0	0.0	0.0	0.0	0.0	0.0	0.0	0.0	0.0	0.0	0.0	0.0	0.0	0.0	0.0	0.0	0.0	0.0	0.0	0.0	0.0	0.0	0.0	0.0	0.0	0.0	0.0	0.0	0.0	0.0	0.0	0.0	0.0	0.0	0.0	0.0	0.0	0.0	0.0	0.0	0.0	0.0	0.0	0.0	0.0	0.0	0.0	0.0	0.0	0.0	0.0	0.0	0.0	0.0	0.0	0.0	0.0	0.0	0.0	0.0	0.0	0.0	0.0	0.0	0.0	0.0	0.0	0.0	0.0	0.0	0.0	0.0	0.0	0.0	0.0	0.0	0.0	0.0	0.0	0.0	0.0	0.0	0.0	0.0	0.0	0.0	0.0	0.0	0.0	0.0	0.0	0.0
N50_2_4	14.5404	14.2941	12.5352	33.7243	14.259	9.96719	18.3396	17.1318	0.0	0.0	0.0	0.0	0.0	0.0	0.0	0.0	0.0	0.0	0.0	171.30666666666664	136.093	7.22328	9.18155	0.0	0.0	0.0	0.0	0.0	0.0	0.0	0.0	0.0	17.8237	95.90390000000001	122.174	1.049485	125.012	107.728	38.543733333333336	0.0	16.06475	27.357	32.8448	28.5765	7.58679	0.0	19.9813	26.9378	21.4353	0.8774065	0.0	0.0	0.0	0.0	0.0	0.0	0.0	0.0	0.0	0.0	0.0	0.0	0.269701	4.81943	0.0	0.0	56.5199	0.0	0.0	0.0	39.7046	0.0	81.0978	0.0	0.363509	0.0	0.0	0.0	0.0	32.622033333333334	14.9625	41.1235	0.0	0.0	0.175892	0.0	0.0	18.5742	19.3012	0.0	31.0449	20.3565	0.0	0.0	0.105535	0.0	0.0	0.644936	52.183150000000005	6.64871	0.328331	0.0	0.316605	0.0	55.92703222222222	44.29344666666666	0.0	0.0	0.0	0.0	0.0	1.02017	0.680115	1.841	6.99902125	0.0	0.0	0.0	0.0	0.0	0.0	29.2684	0.0	19.4067	0.0	0.0	0.0	0.0	66.9913	15.9592	0.0	0.0	0.0	9.09946	0.0	52.7206	21.1305	0.7465623333333333	0.750471	0.621484	0.0	0.621484	0.0	0.0	0.0	0.0	0.0	0.0	0.0	0.615621	1.4462216666666665	0.0	0.0	1.559574	0.0	0.0	0.0	19.78197	0.0	39.2356	10.9874	0.0	26.4541	14.341	4.81943	27.2163	26.6065	3.527429090909091	12.012041538461538	1.64166	54.51472	38.70787666666667	0.0	0.0	0.0	0.0	0.0	0.0	122.35	33.2435	19.9813	45.7436	0.0	45.3801	83.4196	0.0	16.7918	0.0	15.355335	16.9325	47.7135	2.53284	2.53284	0.0	0.0	0.0	0.0	0.0	0.0	0.257974	0.0	75.70660000000001	36.0812	5.288475	22.0451	0.0	0.0	0.105535	120.017	0.0	0.0	0.0	0.0	0.0	0.0	0.0	231.016	75.8914	73.4993	11.5385	105.031	54.8313	74.6133	16.38725	9.849935	0.0	0.0	0.0	0.0	7.22328	2.52111	0.0	0.0	0.0	0.0	0.0	0.0	0.0	0.0	0.0	0.0	0.0	89.6227	16.4048	20.280301	0.0	0.891185	3.01361	2.53284	0.0
N50_2_3	8.19886	6.34751	6.33195	21.6406	7.09427	5.60074	10.3614	9.66128	0.0	0.0	0.0	0.373383	0.0	0.0	0.0	0.0	0.0	0.0	0.0	88.95326666666666	69.527	2.95595	0.0	0.0	1.326285	0.0	0.373383	0.0	0.280037	0.0	0.0	0.0	9.61461	50.86306666666667	68.7491	3.98275	70.616	60.4569	19.58706666666667	0.3889405	9.070095	12.555	13.8152	12.1349	2.83149	0.0	10.7503	14.830325	11.8705	0.0	0.0	0.0	0.0	0.0	0.0	0.731208	0.746766	0.0	0.0	0.26448	0.0	0.342268	0.622305	4.72952	0.0	0.0	30.8352	0.0	0.0	0.0	26.4946	0.0	45.2882	0.0	0.637862	0.0	0.0	0.0	0.0	19.037333333333333	7.60768	25.8412	0.0	0.0	0.0	0.0	0.0	8.74338	9.44347	0.0	18.52915	12.990649999999999	0.0	0.0	0.248922	0.0	0.0	0.342268	29.411649999999998	14.8109	0.622305	0.0	1.0268	0.71565	29.794582222222225	29.517970000000002	0.0	0.0	0.0	0.0	0.0	2.90927	0.0	0.0	0.0	0.0	0.0	0.0	0.0	0.0	0.0	14.7486	0.0	9.179	0.357825	0.26448	0.357825	0.0	36.4359	8.51002	0.0	0.0	0.0	4.23167	0.871227	27.817	13.084	2.452915	2.4581	2.224735	0.233364	1.19794	0.0	0.0	0.0	0.0	0.0	0.0	0.0	0.3967195	2.543668333333333	0.0	0.0	2.9341660000000003	0.0	0.0	0.0	11.792665000000001	0.0	22.963	5.25848	0.0	11.2015	6.37862	3.29822	11.4037	16.3666	2.3237418181818184	6.7862324	0.9179	28.107435	23.263830000000002	0.0	0.0	0.0	0.0	0.0	0.0	63.1173	18.6536	10.797	22.0763	0.0	25.2033	45.5527	0.420056	8.27665	14.7175	8.813395	4.83842	22.9164	7.73214	7.73214	0.0	0.0	0.0	0.295595	0.0	0.0	0.933457	2.20918	49.04696	48.251949999999994	3.6482599999999996	11.3882	4.21611	0.0	0.24373599999999998	59.819	0.0	0.0	0.0	0.0	0.0	0.0	0.0	140.252	46.4395	43.397949999999994	6.98537	63.5373	31.8153	40.5898	9.27234	6.39418	0.0	0.0	0.0	0.0	0.933457	0.497844	0.0	0.0	0.451171	0.0	0.5669887777777778	0.0	0.0	0.0	0.0	0.0	0.0	55.8207	10.8125	14.227465	0.0	3.59381	2.73814	2.76926	0.808996
N51_1_2	0.0	0.0	0.0	0.0	0.0	0.0	0.0	0.0	0.0	0.0	0.0	7.447156666666667	0.0	0.0	0.0	0.0	0.0	0.0	0.0	23.6066	0.0	0.0	0.0	0.0	57.7477	0.342341	7.447156666666667	0.0	0.0	0.0	0.0	0.0	0.0	0.0	0.0	22.460549999999998	0.0	0.0	0.0	0.0	0.0	0.0	0.0	0.0	0.0	9.52601	0.0	0.0	0.0	0.0	0.0	0.0	6.47471	0.0	0.0	45.705033333333326	45.963	0.0	0.0	5.090461250000001	0.0	25.9881	0.0	0.0	0.0	0.0	0.0	0.0	10.3447	0.0	0.0	0.0	0.0	0.0	21.7312	0.0	0.0	0.0	0.0	0.0	0.0	0.0	61.5172	0.253035	0.0	129.36526666666666	0.0	0.0	0.0	0.0	0.0	2.47081	0.0	0.0	5.73049	0.253035	0.0	0.0	0.0	57.8705	12.101	38.104	20.7042	0.0	57.7068	50.1455	0.2455925	0.654913	0.699566	0.654913	2.26243	40.292	0.0	0.0	0.0	0.0	0.0	0.0	0.0	0.0	0.0	0.0	0.0	0.0	0.0	0.0	0.0	16.611	0.0	0.0	0.0	0.759104	0.6325864999999999	0.0	9.13902	0.0	0.0	30.11361666666667	30.14835	25.8914	0.148844	15.063	0.6145128095238095	1.22052	0.0	0.0	0.0	0.0	0.0	0.0	0.0	7.21893	0.0	0.0	0.0	0.699566	25.45975	20.1386	0.0	0.0	0.0	0.0	0.0	0.0	0.0	0.0	0.0	0.0	0.0	0.0	10.26278	28.2506	24.8123	0.7094895	0.0	1.2850208333333333	0.937717	0.0	0.0	0.0	0.0	0.0	0.0	0.0	0.0	5.76026	0.0	0.0	0.6995665	0.0	0.0	154.917	154.8345	2.2922	0.0	0.0	10.6721	0.0	0.0	12.6666	4.27182	100.26115	96.5848	5.56676	0.0	0.0	3.30433	0.0	0.0	0.0	0.0	0.401879	0.282803	0.431647	0.0	0.0	0.0	0.0	0.0	0.0	0.0	0.0	0.0	0.0	0.0	0.461416	0.342341	0.0	0.0	0.0	0.0	1.26517	0.0	0.0	0.0	0.0	0.0	0.0	0.0	0.0	0.0	0.0	0.0	0.0	33.6685	0.0	39.3543	0.0	0.0	0.0
N51_1_3	0.0	0.0	0.0	0.0	0.0	0.0	0.0	0.0	0.0	0.0	0.0	0.827063	0.0	0.0	0.0	0.0	0.0	0.0	0.0	0.0	0.0	0.0	0.0	0.0	2.98202	0.0	0.827063	0.0	0.0	0.0	0.0	0.0	0.0	0.0	0.0	2.46281	0.0	0.0	0.0	0.45948	0.0	0.0	0.0	0.0	0.0	0.0	0.0	0.0	0.0	0.0	0.0	0.0	0.808684	0.0	0.0	3.9699000000000004	4.00666	0.0	0.32163566666666665	0.69381425	0.0	1.54385	0.312446	0.0	0.0	0.0	0.0	0.0	1.01086	0.0	0.0	0.0	0.0	0.0	1.23141	0.0	0.0	0.0	0.0	0.0	0.0	0.0	0.0	0.0	0.0	9.929662	0.0	0.0	0.0	0.0	0.0	0.0	0.0	0.0	0.569755	0.0	0.0	0.0	0.0	4.66831	0.808684	3.19798	1.47033	0.0	5.14617	4.66831	0.0	0.0	0.0	0.0	0.0	3.63908	0.0	0.0	0.0	0.0	0.0	0.0	0.0	0.0	0.0	0.0	0.0	0.0	0.0	0.0	0.0	0.0	0.0	0.0	0.0	0.0	0.0	0.0	1.26816	0.0	0.0	3.60232	3.61151	3.2071699999999996	0.0	0.0	0.0	0.0	0.0	0.0	0.0	0.0	0.0	0.0	0.7075985	0.0	0.0	0.8748494000000001	0.0	0.0	2.11361	1.63575	0.0	0.0	0.0	0.0	0.0	0.0	0.0	0.0	0.0	0.0	0.0	0.0	0.0	2.35254	0.0	0.0	0.0	0.0	0.0	0.0	0.0	0.0	0.0	0.0	0.0	0.0	0.0	0.0	0.0	0.0	0.0	0.0	0.0	9.90638	9.90638	0.0	0.0	0.0	1.10275	0.0	0.0	1.19465	0.312446	8.445235	7.90305	0.294067	0.0	0.0	0.0	0.0	0.0	0.0	0.0	0.0	0.0	0.0	0.0	0.0	0.0	0.0	0.0	0.0	0.0	0.0	0.0	0.0	0.0	0.0	0.0	0.0	0.0	0.0	0.0	0.0	0.0	0.0	0.0	0.0	0.0	0.0	0.0	0.0	0.0	0.0	0.0	0.0	1.63575	0.0	3.63908	0.0	0.0	0.0
N51_1_4	0.0	0.0	0.0	0.0	0.0	0.0	0.0	0.0	0.0	0.0	0.0	0.0	0.0	0.0	0.0	0.0	0.0	0.0	0.0	0.0	0.0	0.0	0.0	0.0	0.0	0.0	0.0	0.0	0.0	0.0	0.0	0.0	0.0	0.0	0.0	0.0	0.0	0.0	0.0	0.0	0.0	0.0	0.13569	0.150767	0.0	0.0	0.0	0.0	0.0	0.0	0.0	0.0	0.0	0.0	0.0	0.0	0.0	0.0	0.0	0.0	0.0	0.0	0.0	0.0	0.0	0.0	0.0	0.0	0.0	0.0	0.0	0.0	0.0	0.0	0.0	0.0	0.0	0.0	0.0	0.0	0.0	0.0	0.0	0.0	0.0	0.0	0.0	0.0	0.0	0.0	0.0	0.0	0.0	0.0	0.0	0.0	0.0	0.0	0.0	0.0	0.0	0.0	0.0	0.0	0.0	0.0	0.0	0.0	0.0	0.0	0.0	0.0	0.0	0.0	0.0	0.0	0.0	0.0	0.0	0.0	0.0	0.0	0.0	0.0	0.0	0.0	0.0	0.0	0.0	0.0	0.0	0.0	0.0	0.0	0.0	0.0	0.0	0.0	0.0	0.0	0.0	0.0	0.0	0.0	0.0	0.0	0.0	0.0	0.0	0.0	0.0	0.0	0.0	0.0	0.0	0.0	0.0	0.0	0.0	0.0	0.0	0.0	0.0	0.0	0.0	0.0	0.0	0.0	0.0	0.0	0.0	0.0	0.0	0.0	0.0	0.0	0.0	0.0	0.0	0.0	0.0	0.0	0.0	0.0	0.0	0.0	0.0	0.0	0.0	0.0	0.0	0.0	0.0	0.0	0.0	0.0	0.0	0.0	0.0	0.0	0.0	0.0	0.0	0.0	0.0	0.0	0.0	0.0	0.0	0.0	0.0	0.0	0.0	0.0	0.0	0.0	0.0	0.0	0.0	0.0	0.0	0.0	0.0	0.0	0.0	0.0	0.0	0.0	0.0	0.0	0.0	0.0	0.0	0.0	0.0	0.0	0.0	0.0	0.0	0.0	0.0	0.0	0.0	0.0	0.0	0.0	0.0	0.0	0.0	0.0
N51_2_2	0.0	0.0	0.0	0.0	0.0	0.0	0.0	0.0	0.0	0.0	2.79096	0.0	0.0	0.0	0.0	0.0	0.0	0.0	0.0	0.0	0.0	0.0	0.0	0.0	3.2145824999999997	0.0	0.0	7.30134	0.0	7.822575	8.038952	0.0	0.0	0.0	0.0	0.0	0.0	0.0	0.0	0.0	0.0	0.0	0.0	0.0	0.0	0.0	0.0	0.0	0.0	0.0	0.0	0.0	0.398708	0.0	0.0	1.99354	1.99354	0.0	0.0	0.0	0.0	1.34564	0.0	0.0	0.0	0.0	0.0	0.0	0.0	0.0	0.0	0.0	0.0	0.0	1.32072	0.0	0.0	0.0	0.0	0.0	0.0	0.0	0.0	0.0	0.0	5.905869999999999	8.34795625	0.0	0.0	0.0	0.0	0.0	0.0	0.0	0.199354	0.0	0.0	0.0	0.0	3.04015	0.398708	1.99354	1.32072	0.0	9.56901	2.69128	0.0	0.0	0.0	0.0	0.0	1.74435	0.0	0.0	0.0	0.0	0.0	0.0	0.0	0.0	0.0	0.0	0.0	0.0	0.0	0.0	0.0	0.0	0.0	0.0	0.0	0.0	0.0	0.0	0.0	0.0	0.0	1.6654366666666665	1.66959	1.5076200000000002	0.0	0.0	0.0	0.0	0.0	0.0	0.0	0.0	0.0	0.0	0.0	0.0	0.0	0.0	0.0	0.0	1.32072	0.772497	0.0	0.0	0.0	0.0	0.0	0.0	0.0	0.0	0.0	0.0	0.0	0.0	0.0	1.44532	0.0	0.0	17.8671	0.0	0.0	0.0	0.0	0.0	0.0	0.0	0.0	0.0	0.0	0.0	0.0	0.0	0.0	0.0	0.0	7.32626	7.32626	0.0	0.0	0.0	0.647901	0.0	0.0	0.67282	0.0	12.750356666666667	10.2418	0.398708	0.0	0.0	0.0	0.0	0.0	0.0	0.0	0.0	0.0	0.0	0.0	0.0	0.0	0.0	0.0	0.0	0.0	0.0	0.0	0.0	0.0	0.0	0.0	0.0	0.0	0.0	0.0	0.0	0.0	0.0	0.0	0.0	15.3752	13.6308	17.361811111111113	14.278749999999999	0.0	0.0	2.79096	0.0	1.86895	0.0	1.96862	0.0	0.0	0.0
N51_2_3	0.0	1.85751	0.0	0.0	0.0	0.0	0.0	0.0	1.4732	0.0	0.0	0.0	0.0	0.0	0.0	0.0	0.0	0.0	0.0	30.4888	27.8626	3.8751499999999997	0.0	0.0	0.0	0.0	0.0	0.0	0.0	0.0	0.0	1.08888	4.93201	0.0	4.03528	0.0	4.99606	0.0	1.66535	0.0	0.0	0.0	0.0	0.0	0.0	0.0	5.06011	7.5421275	2.88234	0.0	0.0	3.604382727272727	0.0	0.0	0.0	0.0	0.0	0.0	2.6741725	0.0	0.0	0.0	0.0	10.5045	0.0	0.0	17.6784	0.0	0.0	0.0	15.2444	0.0	19.4078	0.0	0.0	0.0	0.0	0.0	0.0	10.675333333333333	5.89279	12.1699	0.0	10.0562	0.0	0.0	16.3813	8.19866	4.22744	12.6183	8.93526	6.757490000000001	1.4732	1.21699	0.0	0.0	0.0	0.0	10.5472	0.0	0.0	0.0	0.0	0.0	18.0787	25.0123	0.0	0.0	0.0	0.0	0.0	0.0	0.0	0.0	0.0	0.768625	5.06011	4.09933	6.91762	3.58691	0.0	6.72546	7.36599	6.46926	0.0	0.0	0.0	0.0	18.5751	8.96729	0.0	0.0	0.0	1.02483	0.0	14.6039	7.68625	0.0	0.0	0.0	0.0	0.0	0.0	0.0	5.63658	1.28104	0.960781	2.3912783333333336	3.202602	0.448364	0.0	0.0	0.0	0.0	0.0	0.0	0.0	9.60781	0.0	0.0	4.99606	3.65097	4.5477	2.69019	3.71502	5.50848	8.83918	6.0092445454545445	12.472211999999999	2.62613	17.33248	14.764	0.0	0.0	80.2572	0.0	0.0	0.0	6.02089	5.57253	1.98561	6.08494	0.0	2.88234	6.21305	0.0	3.90717	6.53331	3.202605	3.1545625	9.22349	0.0	0.0	0.0	1.28104	1.66535	0.0	2.04967	0.0	0.0	0.0	45.0286	0.0	1.66535	7.7503	4.03528	0.0	0.0	0.0	0.0	0.0	0.0	0.0	0.0	5.38037	0.0	33.0509	9.03134	10.2483	1.85751	10.5686	8.77513	9.03134	5.220245	2.94639	0.0	0.0	3.6899552173913044	0.0	0.0	0.0	0.0	0.0	0.0	0.0	0.0	0.0	0.0	0.0	0.0	0.0	0.0	35.1646	8.13461	10.8248	0.0	0.0	4.73985	6.21305	0.0
N51_2_4	0.0	5.01992	0.0	0.0	0.0	0.0	0.0	0.0	4.1334	13.0318	0.0	0.0	0.432179	0.4321789999999999	0.0	0.0	0.0	0.0	0.0	214.38266666666667	188.796	17.004550000000002	0.0	0.0	0.0	0.0	0.0	0.0	0.0	0.0	0.0	5.01992	21.5424	0.0	0.0	0.0	6.6489	0.0	16.589	0.0	0.0	0.0	0.0	0.0	0.0	0.0	17.952	32.7209	25.0664	0.0	0.0	37.25805454545454	0.0	0.0	0.0	0.0	0.0	0.0	24.6726240625	0.0	0.0	0.0	0.0	40.89075	0.0	0.0	21.1435	0.0	0.0	0.0	46.0436	0.0	116.057	0.0	0.0	0.0	0.0	0.0	0.0	40.336666666666666	16.855	50.9971	0.0	0.0	0.0	0.565157	0.0	20.9773	21.6089	101.529	47.556250000000006	24.0524	1.96143	1.92818	0.0	0.0	0.0	0.0	63.58011666666667	0.0	0.0	0.0	0.0	0.0	66.0651625	93.11789999999999	0.0	0.0	0.0	0.0	0.0	0.0	0.0	0.0	0.0	8.12496	44.6806	28.6235	54.0223	44.4147	57.9452	29.5876	22.9387	23.2379	0.731379	0.432179	0.0	0.0	74.5342	16.3895	0.0	0.0	0.0	12.8324	0.0	69.747	35.0065	0.0	0.0	0.0	0.0	0.0	0.0	0.0	11.7187	3.02525	1.7785799999999998	4.947891666666666	3.77658	1.562495	0.0	0.0	0.0	0.0	0.0	0.0	0.0	48.67	0.0	0.0	20.3124	15.0598	37.1009	30.7512	11.6688	36.0038	29.2884	8.07842	19.800934615384616	3.62365	53.86561571428572	62.0509	0.0	0.0	0.0	0.0	0.0	1.13031	27.2937	12.3005	4.78721	17.3204	4.12232	10.1728	19.2153	0.0	23.9693	31.4161	18.301099999999998	25.08632	54.8867	1.16356	1.16356	0.0	8.64357	11.5691	0.0	4.28854	0.0	0.0	0.0	69.6206	16.2898	10.5053	23.7366	10.0398	0.0	0.0	0.0	0.0	0.0	0.0	0.0	0.0	64.0954	0.0	99.8998	18.4839	16.07375	4.15556	32.9786	24.069	23.0052	19.2486	10.987300000000001	0.0	0.0	20.5827	0.0	0.0	0.0	0.0	0.0	0.0	0.897602	1.7047033333333335	0.0	0.0	0.0	0.0	0.0	0.0	103.723	18.1847	49.4678	0.0	0.0	34.7073	36.8349	0.0
N52_1_2	0.0	0.0	0.0	0.0	0.0	0.0	0.0	0.0	0.0	0.0	0.0	0.0	0.0	0.0	0.0	0.0	0.0	0.0	0.0	0.0	0.0	0.0	0.0	0.0	0.0	0.0	0.0	0.0	0.0	0.0	0.0	0.0	0.0	0.0	0.0	0.0	0.0	0.0	0.0	0.0	0.0	0.0	0.0	0.0	0.0	0.0	0.0	0.0	0.0	0.0	0.0	0.0	0.0	0.0	0.0	0.0	0.0	0.0	0.0	0.0	0.0	0.0	0.0	0.0	0.0	0.0	0.0	0.0	0.0	0.0	0.0	0.0	0.0	0.0	0.0	0.0	0.0	0.0	0.0	0.0	0.0	0.0	0.0	0.0	0.0	0.9398502	0.0	0.0	0.0	0.0	0.0	0.0	0.0	0.0	0.0	0.0	0.0	0.0	0.0	0.0	0.0	0.0	0.0	0.0	0.0	0.671321	0.0	0.0	0.0	0.0	0.0	0.0	0.0	0.0	0.0	0.0	0.0	0.0	0.0	0.0	0.0	0.0	0.0	0.0	0.0	0.0	0.0	0.0	0.0	0.0	0.0	0.0	0.0	0.0	0.0	0.0	0.0	0.0	0.0	0.0	0.0	0.0	0.0	0.0	0.0	0.0	0.0	0.0	0.0	0.0	0.0	0.0	0.0	0.0	0.0	0.0	0.0	0.0	0.0	0.0	0.0	0.0	0.0	0.0	0.0	0.0	0.0	0.0	0.0	0.0	0.0	0.0	0.0	0.0	0.0	0.0	0.0	0.0	0.0	0.0	0.0	0.0	0.0	0.0	0.0	0.0	0.0	0.0	0.0	0.0	0.0	1.12492	1.12492	0.0	0.0	0.0	0.0	0.0	0.0	0.0	0.0	0.0	0.0	0.0	0.0	0.0	0.0	0.0	0.0	0.0	0.0	0.0	0.0	0.0	0.0	0.0	0.0	0.0	0.0	0.0	0.0	0.0	0.0	0.0	0.0	0.0	0.0	0.0	0.0	0.0	0.0	0.0	0.0	0.0	0.0	0.0	0.0	0.0	0.0	0.0	0.0	0.0	0.0	0.0	0.0	0.0	0.0	0.0	0.0	0.0
N52_1_3	0.0	0.0	0.0	0.0	0.0	0.0	0.0	0.0	0.0	0.0	0.0	17.9426	0.0	0.0	0.0	0.0	0.0	0.0	0.0	11.72507	0.0	0.0	0.0	0.0	5.095205	2.07968	17.9426	0.0	0.0	0.0	0.0	0.0	0.272509	0.0	0.846213	34.5441	0.874898	0.874898	0.193625	0.0	0.0	0.0	0.0	0.0	0.0	21.2414	0.0	0.0	0.0	0.0	0.0	0.0	9.99679	0.0	0.0	52.26916666666667	50.3282	0.0	0.0	30.911875000000002	0.0	5.13465	10.9434	0.0	0.0	0.0	0.0	0.0	27.6238	0.0	0.0	0.0	0.0	9.95376	16.5657	0.0	0.0	0.0	0.0	0.0	0.0	0.0	4.36015	1.2980049999999999	0.0	7.8645206666666665	0.0	0.0	0.0	0.0	0.0	9.79599	0.0	0.0	7.336235	1.57768	0.0	0.0	0.0	79.3289	16.8239	54.9034	28.5274	0.0	12.623532714285714	24.922632000000004	0.47330550000000005	4.83345	5.2207	6.25337	3.37051	60.3536	0.0	0.0	0.0	0.0	0.0	0.0	0.0	0.0	0.0	0.0	0.0	0.0	0.0	0.0	0.0	22.0876	0.0	0.0	0.0	4.97688	4.733055	0.0	13.7689	0.0	0.0	51.88431666666667	52.0098	44.168000000000006	1.31952	28.2836	0.0	7.47249	0.0	0.0	0.0	0.0	0.1835854	0.0	38.605466666666665	17.1537	0.0	43.24004	0.0	0.0	85.5249	15.540175000000001	0.0	0.0	0.0	0.0	0.0	0.0	0.0	0.0	0.229481	0.0	0.0	0.0	30.2629	45.4804	38.0509	0.0	0.0	0.0	7.19998	0.0	0.516333	0.0	0.0	0.0	0.0	0.0	0.0	9.43742	0.0	0.0	0.0	0.0	0.0	119.237	119.20849999999999	2.85418	0.0	0.0	9.07886	0.0	0.0	20.725	0.0	92.51439999999998	136.871	9.55217	0.0	0.0	27.9107	0.0	0.0	2.10836	1.50597	2.18007	2.26613	2.26613	0.0	1.40557	0.0	0.358565	0.38725	0.0	0.0	0.272509	0.0	0.0	0.0	2.79681	3.04063	0.0	0.0	0.0	0.0	8.39042	0.0	0.0	0.0	0.0	0.0	0.0	0.0	0.0	0.0	0.0	0.0	0.0	47.1871	0.0	53.8995	0.0	0.0	0.0
N52_1_4	0.0	0.0	0.0	0.0	0.0	0.0	0.0	0.0	6.79431	0.0	0.0	0.382893	0.0	0.0	0.0	0.0	0.0	0.0	0.0	146.79477749999998	144.212	14.8676	13.2709	0.0	0.0	0.0	0.382893	0.0	0.0	0.0	0.0	0.0	34.5663	0.0	103.202	2.297355	110.738	90.1509	34.63145	0.0	0.0	0.0	0.0	0.0	0.0	2.32994	20.4888	30.5011	0.0	0.0	0.0	0.0	0.14664	0.0	0.0	1.29532	1.29532	0.0	0.0	0.651733	0.0	0.34216	0.19552	60.9614	0.0	0.0	0.0	0.0	1.5723	0.0	39.2506	0.0	80.6356	0.741346	0.806519	0.0	0.0	0.0	0.0	37.65926666666667	13.3198	43.9512	0.0	0.0	0.0	0.985745	0.0	20.5214	20.6762	0.0	39.230199999999996	12.342160000000002	6.131716666666667	0.0	0.228106	0.2444	0.0	0.0	58.44546666666667	5.46641	0.985745	3.8941	2.32994	0.0	76.30463875	51.50588333333334	0.0325866	0.822812	0.725052	0.969452	0.480653	4.19553	0.0	0.0	0.0	0.0	0.0	0.0	0.0	0.0	0.0	26.4522	0.0	27.886	0.0	0.0	0.0	2.0611	84.1305	23.3728	0.0	0.545826	0.7250525	0.0	0.0	68.4726	0.0	2.5268216666666667	2.53361	2.1833	0.26884	1.77597	0.0	1.23829	39.337466666666664	9.202462	6.004086666666666	24.875816666666665	21.85096	6.423640000000001	1.2763099999999998	2.15072	0.0	1.616292	0.0	0.0	1.89817	21.66197	0.0	0.0	0.0	0.0	31.9919	0.0	27.772	52.9777	29.5968	28.415536363636363	80.29898	12.9613	53.75978166666667	37.81132	3.07129	0.0	0.0	0.0	1.37678	0.0	86.6641	39.1365	16.9613	56.049	13.9145	34.5255	67.0877	0.431773	23.7964	47.5765	22.3544	21.478650000000002	53.0918	5.57231	5.57231	0.0	0.0	0.0	0.407333	15.7068	0.0	1.15683	0.0	72.44205000000001	21.5235	5.4501295	20.611	18.5662	2.76986	0.0	0.0	0.276986	0.211813	0.334013	0.399186	0.325866	0.0	0.14664	136.701	59.1529	50.9247	14.8758	101.01	33.7842	64.8392	0.0	12.9695	0.488799	0.325866	0.0	0.0	0.0	0.0	1.31976	0.0	0.0	0.0	0.0	0.0	0.0	0.0	0.0	0.0	0.0	86.5256	15.0469	22.78622	0.0	3.10388	0.0	0.0	0.0
N52_2_2	0.0	0.0	0.0	0.0	0.0	0.0	0.0	0.0	0.0	0.0	10.5848	10.1159	0.0	0.0	0.0	0.0	0.0	0.0	0.0	19.9192	0.0	0.0	0.0	0.0	65.932	0.0	10.1159	21.5716	0.0	17.483225	24.899	0.0	0.0	0.0	0.0	24.0727	0.0	0.0	0.0	5.69438	0.0	0.0	0.0	0.0	0.0	0.0	0.0	0.0	0.0	0.0	0.0	0.0	11.0761	0.0	0.0	62.48929999999999	63.1518	0.0	0.0	7.87164125	0.0	29.1195	1.63016	0.0	0.0	0.0	0.0	0.0	10.0042	0.0	0.0	0.0	0.0	0.0	18.1774	0.0	0.0	0.0	0.0	0.0	0.0	0.0	0.0	0.0	0.0	22.388953333333333	24.3853375	0.0	0.0	0.0	0.0	0.0	0.0	0.0	5.67205	0.0	0.0	0.0	0.0	58.2613	10.3615	35.4838	17.7754	0.0	53.8063	57.3904	0.5136105	0.468949	0.0	0.379625	2.81369	40.2179	0.0	0.0	0.0	0.0	0.0	0.0	0.0	0.0	0.0	0.0	0.0	0.0	0.0	0.0	0.0	12.6616	0.0	0.0	0.0	0.0	0.0	0.0	15.2297	0.0	0.0	41.30468333333334	41.4461	34.065799999999996	0.0	18.9143	0.0	0.0	0.0	0.0	0.0	0.0	0.0	0.0	1.8497383333333335	0.0	0.0	2.175032	0.0	0.0	45.1084	19.1822	0.0	0.0	0.0	0.0	0.0	0.0	0.0	0.0	0.0	0.0	0.0	0.0	16.8375	30.2137	20.9017	0.0	41.8704	0.0	0.0	0.0	0.0	0.0	0.0	0.0	0.0	0.0	0.0	5.44874	0.0	0.0	0.0	0.0	0.0	163.06	162.95999999999998	3.70693	0.0	0.0	14.0908	0.0	0.0	13.8452	0.0	94.18436666666666	113.128	6.141	0.0	0.0	0.0	0.0	0.0	0.0	0.0	0.0	0.0	0.0	0.0	0.0	0.0	0.0	0.0	0.0	0.0	0.0	0.0	0.0	0.0	0.0	0.0	0.0	0.0	0.0	0.0	0.0	0.0	0.0	0.0	0.0	39.8606	36.8236	46.434622222222224	34.0993	0.0	0.0	0.0	0.0	34.7022	0.0	40.8209	0.0	0.0	0.0
N52_2_3	14.4065	13.9331	13.6625	37.9439	11.3291	8.69125	16.8076	14.508	9.818536666666667	0.0	0.0	0.0	0.0	0.0	0.0	0.0	0.0	0.0	0.0	254.52599999999998	198.614	0.0	19.8174	0.0	0.0	0.0	0.0	0.0	0.0	0.0	0.0	0.0	36.253	46.17296666666667	150.355	0.0	155.766	139.838	43.7775	0.0	5.715255	27.6294	18.769	19.3439	9.23234	0.0	28.9821	35.90356666666667	0.0	15.91141076923077	0.0	0.0	0.0	0.0	0.0	0.0	0.0	0.0	0.0	0.0	0.0	0.0	0.0	51.7755	0.0	0.0	61.5489	0.0	0.0	0.0	72.0325	0.0	138.992	0.0	0.541089	0.0	0.0	0.0	0.0	66.76816666666667	18.228	71.4576	0.0	0.0	0.0	1.650326	0.0	28.1367	26.8516	0.0	58.8435	35.4075	7.31598	0.0	0.0	0.0	0.0	0.0	83.73361666666666	2.8069	0.338181	0.0	0.0	0.0	96.30551249999999	90.18166333333333	0.0	0.0	0.0	0.0	0.0	0.0	0.0	0.0	0.0	0.0	0.0	0.0	0.0	0.0	0.0	43.2195	0.0	37.9777	0.0	0.0	0.0	0.0	104.836	28.6101	0.0	0.0	0.0	11.8701	0.0	87.3183	0.0	1.08218	1.08218	0.0	0.0	0.0	0.0	0.0	74.50126666666667	20.358475	11.340346666666667	36.811	32.16098	4.43017	0.0	0.0	0.0	0.0	0.0	0.0	0.0	60.4329	0.0	40.7508	14.4403	0.0	42.9152	0.0	26.3781	56.882	48.4613	39.972981818181815	110.034688	14.7785	88.71162	81.77215	0.0	0.0	0.0	0.0	0.0	0.0	136.828	62.2929	25.4312	82.2794	21.001	51.6064	98.2754	0.0	30.5377	52.4519	17.8898	18.76905	67.5685	1.72472	1.72472	0.0	0.0	0.0	0.0	45.8235	0.0	0.0	0.0	109.36765	0.0	7.3216265	29.7937	26.4119	0.0	0.0	181.637	0.0	0.0	0.0	0.0	0.0	0.0	0.0	223.166	86.1685	82.3132	24.721	165.269	52.3166	96.3139	24.7548	18.9719	0.0	0.0	0.0	0.0	0.0	0.0	0.0	0.0	0.0	0.0	0.0	0.0	0.0	0.0	0.0	0.0	0.0	129.084	26.7163	36.625012500000004	0.0	0.0	0.0	0.0	0.0
N52_2_4	21.4966	20.4043	18.2852	51.8846	22.0427	11.8624	29.1209	25.0794	5.585326666666667	0.0	0.0	0.0	0.0	0.0	0.0	0.0	0.0	0.0	0.0	203.846	155.479	0.0	17.3021	0.0	0.0	0.0	0.0	0.0	0.0	0.0	0.0	0.0	9.91814	57.4626	148.816	0.0	150.52	142.743	39.1046	0.0	11.8406	41.9009	21.3	19.6397	14.0471	0.0	20.448	30.857675	0.0	21.267554838709678	0.0	0.0	0.0	0.0	0.0	0.0	0.0	0.0	0.0	0.0	0.0	0.0	0.0	15.9695	0.0	0.0	85.746	0.0	0.567999	0.0	48.8698	0.0	96.5162	0.0	0.0	0.0	0.0	0.0	0.0	42.19943333333333	15.9258	51.5132	0.0	0.0	0.7599327142857143	0.0	0.0	23.8997	22.4141	0.0	43.5721	27.0892	1.85692	0.0	0.0	0.0	0.0	0.0	68.25824999999999	0.0	0.0	0.0	0.0	1.52923	85.29813375	98.5042	0.0	0.0	0.0	0.0	0.0	0.0	0.0	0.0	0.0	0.0	0.0	0.0	0.0	0.0	0.0	37.1384	0.0	28.0286	0.458769	0.0	1.04861	0.0	96.691	21.2563	0.699076	0.0	0.0	14.0034	0.0	74.6919	0.0	0.0	0.0	0.0	0.0	0.0	0.0	0.0	60.572	15.849400000000001	8.978755	23.342583333333334	20.190199999999997	2.315685	0.0	0.0	0.0	0.0	0.0	0.0	0.0	48.4547	0.0	58.2418	13.1295	0.0	41.2236	0.0	10.8357	46.707	35.6529	32.850618181818184	87.26130800000001	14.0252	57.662845000000004	65.95345	0.0	0.0	0.0	0.0	0.0	0.0	129.111	53.5885	25.4944	85.5276	24.5769	48.8916	97.9799	0.0	22.8729	41.4639	6.42276	6.663065	60.9507	0.0	0.0	0.0	0.0	0.0	0.0	18.5037	0.0	0.0	0.0	114.23356666666666	19.7707	10.1584	27.3732	19.3775	0.0	0.0	0.0	0.0	0.0	0.0	0.0	0.0	0.0	0.0	194.278	82.0104	74.3424	26.3027	146.893	44.6316	91.3168	16.2972	15.762	0.0	0.0	0.0	0.0	0.0	0.0	0.0	0.0	0.0	1.22338125	1.5575005882352941	0.0	0.0	0.0	0.0	0.0	0.0	107.461	18.8969	47.4279	0.0	0.0	0.0	0.0	1.68215
N53_1_2	0.0	0.0	0.0	0.0	0.0	0.0	0.0	0.0	0.0	0.0	1.10564	2.94837	0.0	0.0	0.0	0.0	0.0	0.0	0.0	10.7931	0.0	0.0	0.0	0.0	10.0472775	0.0	2.94837	2.56228	0.0	3.2423325	3.4222200000000003	0.0	0.0	0.0	0.0	5.773899999999999	0.0	0.0	0.0	0.0	0.0	0.0	0.0	0.0	0.0	5.458	0.0	0.0	0.0	0.0	0.0	0.0	2.86062	0.0	0.0	16.169233333333334	16.2862	0.0	0.0	4.712135	0.0	5.26495	2.36923	0.0	0.0	0.0	0.0	0.0	4.22951	0.0	0.0	0.0	0.0	2.59738	3.75567	0.0	0.0	0.0	0.0	0.0	0.0	0.0	0.0	0.0	0.0	49.396926666666666	2.663185	0.0	0.0	0.0	0.0	2.17618	0.0	0.0	1.05299	0.666894	0.0	0.0	0.0	14.97	2.94837	12.0918	7.33583	0.0	12.47792	13.6713	0.11407400000000001	1.91293	1.98313	1.86028	2.01823	12.1094	0.0	0.0	0.0	0.0	0.0	0.0	0.0	0.0	0.0	0.0	0.0	0.0	0.0	0.0	0.0	6.47589	0.0	0.0	0.0	1.56194	1.74621	0.0	1.33379	0.0	0.0	9.359910000000001	9.37161	8.21332	0.386096	6.70404	0.0	3.03612	0.0	0.0	0.0	0.0	0.0	0.0	0.0	5.54575	0.0	0.0	0.0	0.0	4.26461	6.63384	0.0	0.0	0.0	0.0	0.0	0.0	0.0	0.0	0.0	0.0	0.0	0.0	6.94974	7.75703	7.51133	0.0	8.33617	0.0	2.98347	0.0	0.0	0.0	0.0	0.0	0.0	0.0	0.0	1.56194	0.0	0.0	0.0	0.0	0.0	34.0467	34.0379	0.859942	0.0	0.0	2.73777	0.0	0.0	3.58017	0.0	22.305833333333336	25.3244	1.36889	0.0	0.0	6.26529	0.0	0.0	0.789743	0.596694	0.842392	1.03544	0.684444	0.0	0.684444	0.0	0.0	0.0	0.0	0.0	0.0	0.0	0.0	0.0	0.666894	1.19339	0.0	0.0	0.0	0.0	4.01891	0.0	1.82518	0.0	0.0	5.7388	4.9315	6.5860650000000005	5.58962	0.0	0.0	0.0	0.0	10.0912	0.456296	10.8809	0.0	0.0	0.0
N53_1_3	0.0	0.0	0.0	0.0	0.0	0.0	0.0	0.0	6.02017	0.0	0.63573	2.10947	0.0	0.0	0.0	0.0	0.0	0.0	0.0	97.38954000000001	95.3884	9.27588	0.0	0.0	5.3964775	0.0	2.10947	0.982492	0.0	0.8909849166666666	1.04029	0.0	21.8749	0.0	63.284	6.7474050000000005	68.2543	55.8575	21.97605	0.9102494999999999	0.0	0.0	0.0	0.0	0.0	2.08057	13.7549	21.0947	0.0	0.0	0.0	0.0	1.06918	0.0	0.0	5.972006666666666	5.92385	0.0	0.0	2.65851	0.0	0.63573	1.8494	35.1385	0.0	0.0	0.0	0.0	2.60071	0.0	26.9318	0.0	56.1465	0.809111	0.577936	0.404555	0.375659	0.0	0.0	24.793466666666664	7.74435	30.3705	0.0	0.0	0.0	6.794605333333334	1.0330595	13.6393	12.8591	0.0	26.51285	8.495685	3.689156666666667	0.0	0.0	0.404555	0.0	0.0	36.535183333333336	9.21808	2.19616	5.83716	2.13836	0.0	44.26669888888889	35.234833333333334	0.0	0.953595	1.50263	1.21367	0.664627	6.84854	0.0	0.0	0.0	0.0	0.0	0.0	0.0	0.0	0.0	17.0491	0.0	20.2567	0.0	0.0	0.0	2.08057	54.0081	17.1069	0.0	1.30036	1.3581500000000002	0.0	0.0	44.3566	0.0	5.745653333333333	5.75047	4.724625	0.0	2.08057	0.0	1.96498	33.539566666666666	8.907440000000001	5.143633333333333	20.116983333333334	18.71938	4.363415	3.5254083333333335	2.6874	0.0	4.721738	0.0	0.0	7.36869	14.144975	0.0	0.0	0.0	0.0	21.1525	0.0	19.1875	33.5203	19.592	20.561363636363637	53.297264	7.05082	34.84953333333333	23.965069999999997	4.10335	0.0	2.57182	0.0	2.19616	0.0	67.214	27.5676	11.8477	41.3224	10.2295	25.7182	51.0896	1.12698	14.853	29.5903	15.2575	14.5351	32.769	19.0719	19.05745	0.0	0.0	0.0	1.24256	10.2584	0.0	1.87829	0.0	59.50575	25.198	3.915519	14.1594	14.1305	4.10335	0.0	0.0	0.0	0.0	0.0	0.577936	0.0	0.0	0.0	112.553	45.3969	41.178	12.3967	73.9758	27.3942	52.0432	0.0	7.59986	0.520143	0.751317	0.0	0.0	0.0	0.0	1.93609	0.0	0.809111	0.0	0.0	2.25395	2.05167	2.5059933333333335	2.10947	0.0	0.0	62.7928	10.2006	14.983005	0.0	5.89495	0.0	0.0	0.0
N53_1_4	0.0	0.0	0.0	0.0	0.0	0.0	0.0	0.0	9.30159	0.0	0.0	0.0	0.0	0.0	0.0	0.0	0.0	0.0	0.0	199.8646666666667	151.462	15.4356	0.0	0.0	0.0	0.0	0.0	0.0	0.0	0.0	0.0	0.0	39.1197	0.0	101.505	0.0	109.73	89.6313	34.5413	0.0	0.0	0.0	0.0	0.0	0.0	0.0	21.5295	32.5515	0.0	0.0	0.0	0.0	0.0	0.0	0.0	0.0	0.0	0.0	0.0	0.0	0.0	0.0	0.0	61.4612	0.0	0.0	0.0	0.0	0.0	0.0	45.3583	0.0	91.3115	0.0	0.0	0.0	0.0	0.0	0.0	39.784333333333336	13.3132	47.2234	0.0	0.0	0.241182	0.0	0.0	21.4491	21.835	0.0	39.2725	23.7645	7.76874	0.0	0.0	0.0	2.4681	0.0	64.33931666666666	0.0	0.0	0.0	0.0	0.0	75.24273637499999	80.36585	0.0	0.0	0.0	0.0	0.0	0.0	0.0	0.0	0.0	0.0	0.0	0.0	0.0	0.0	0.0	28.7489	0.0	30.2442	0.0	0.1125515	0.0	0.0	85.7723	24.078	0.0	0.0	0.0	0.0	0.0	68.1098	0.0	0.0	0.0	0.0	0.0	0.0	0.0	0.0	50.13903333333334	12.54145	7.562396666666667	31.462183333333332	28.158800000000003	5.772285	0.13667	0.0	0.0	0.0	0.0	0.0	0.0	44.7071	0.0	0.0	0.0	0.0	31.2893	0.0	29.577	51.7175	30.1558	28.658254545454543	77.970596	11.5767	68.44582	59.6041	0.0	0.0	0.0	0.0	0.0	0.0	97.6948	44.8116	19.4795	60.81	15.918	38.8866	72.6038	0.0	23.869	47.4244	15.23868	23.527299999999997	56.7099	0.27334	0.27334	0.0	0.0	0.0	0.0	14.897	0.0	0.0	0.0	94.29423333333334	0.0	5.4386667	22.1807	20.2432	0.0	0.0	0.0	0.0	0.0	0.0	0.0	0.0	0.0	0.0	157.862	68.9941	61.79485	19.6724	116.234	40.4543	77.2506	0.0	13.5946	0.0	0.0	0.0	0.0	0.0	0.0	0.0	0.0	0.0	0.192946	0.29209822222222226	0.0	0.0	0.0	0.0	0.0	0.0	97.5822	16.0949	45.704	0.0	0.0	0.0	0.0	0.361773
N53_2_2	0.0	0.0	0.0	0.0	0.0	0.510546	0.0	0.765819	0.0	0.0	6.09008	0.0	0.0	0.0	0.0	0.0	0.0	0.0	0.0	2.89917	0.0	0.0	0.0	0.0	1.9327825	0.0	0.0	10.803525	0.0	12.672441666666666	14.79852	0.0	0.0	1.20343	1.3493	2.26099	1.38577	1.38577	0.0	0.0	0.0	0.437611	0.0	0.0	0.218805	2.29746	0.0	0.0	0.0	0.0	0.0	0.0	0.619948	0.0	0.0	3.57382	3.64675	0.0	0.0	1.71397	0.0	0.656416	1.16696	0.0	0.0	0.0	0.0	0.0	0.911689	0.0	0.0	0.0	1.49517	0.0	0.656416	0.0	0.0	0.0	0.0	0.0	0.0	1.09403	0.0	0.0	0.0	6.56416	14.140325	0.0	0.0	0.0	0.656416	0.838754	0.0	0.0	0.0	0.0	0.0	0.0	1.075795	6.81943	1.20343	4.30317	1.85985	0.0	18.47079	4.44904	0.0	0.0	0.0	0.0	0.0	3.09974	0.0	0.0	0.0	0.0	0.0	0.0	0.0	0.0	0.0	0.0	0.0	0.0	0.0	0.0	0.0	1.93278	0.0	0.0	0.0	0.0	0.765819	0.0	0.0	0.0	0.0	2.5466516666666665	2.55273	2.2062850000000003	0.0	2.51626	0.0	0.0	0.0	0.0	0.0	0.0	0.0	0.0	1.148725	0.0	0.0	1.123198	0.0	1.89631	2.66213	1.60457	0.0	0.0	0.0	0.0	0.0	0.0	0.0	0.0	0.0	0.0	0.0	0.0	3.64675	2.55273	2.11512	0.0	29.6481	2.1424708333333333	0.0	0.0	0.0	0.0	0.0	1.27636	0.0	0.583481	0.0	0.0	0.0	0.0	1.568105	0.0	0.0	7.32998	7.32998	1.20343	0.0	0.0	0.547013	0.0	0.0	0.838754	0.875221	19.191022500000003	19.0361	0.619948	0.0	0.0	0.0	0.0	0.0	0.0	0.0	0.0	0.0	0.0	0.0	0.0	2.26099	0.0	0.984624	0.0	0.0	0.0	0.0	0.29174	0.0	0.437611	0.0	0.0	0.0	0.0	0.0	0.0	0.0	0.0	0.0	0.0	28.3718	25.0897	32.09546666666667	26.147199999999998	0.0	0.0	6.7465	0.0	2.95387	2.6560516666666665	3.97496	0.0	0.0	0.0
N53_2_3	0.0	0.0	0.0	0.0	0.344755	0.0	0.0	0.0	0.0	0.0	0.0	1.2258	0.0	0.0	0.0	0.0	0.0	0.0	0.0	3.6103525000000003	0.0	0.0	0.0	0.0	7.0579075	0.0	1.2258	0.0	0.0	0.7629308333333333	0.0	0.0	0.0	0.0	1.64716	7.259015	1.83869	1.95361	0.0	1.264105	0.0	0.0	0.0	0.0	0.306449	1.72378	0.0	0.0	0.0	0.0	0.0	0.0	0.651204	0.0	0.0	3.9583	3.94553	0.0	0.0	1.6423725	0.0	0.574592	1.53225	0.0	0.0	0.0	0.0	0.0	2.03023	0.0	0.0	0.0	0.0	0.0	0.919347	0.421368	0.0	0.0	0.0	0.0	0.0	0.0	2.87296	0.651204	0.459674	5.071736	0.9097705	0.0	0.0	0.0	0.0	0.7086635	0.0	0.0	0.421368	0.0	0.0	0.0	0.0	9.49992	1.41733	7.85276	2.33667	0.0	10.3427	8.96364	0.0	0.0	0.0	0.0	0.0	5.78423	0.0	0.0	0.0	0.0	0.0	0.0	0.0	0.0	0.0	0.0	0.0	0.0	0.0	0.0	0.0	2.79635	0.0	0.0	0.0	0.0	0.0	0.0	0.0	0.0	0.0	6.001291666666667	6.01406	5.382015	0.0	2.33667	0.0	1.57055	1.18749	0.344755	0.0	0.689511	0.0	0.0	5.841685000000001	0.0	0.0	6.7418819999999995	0.0	0.0	11.0705	2.202605	0.0	0.0	0.0	0.0	0.0	0.0	0.0	0.0	0.766123	0.0	0.0	0.0	3.90723	2.1579099999999998	2.98788	0.0	1.30241	0.0	0.0	0.0	1.53225	0.0	0.0	0.0	0.536286	0.0	1.11088	0.957653	0.0	0.0	0.0	0.0	0.0	18.3869	18.3869	0.536286	0.0	0.0	0.0	0.0	0.0	1.76208	0.0	10.764025999999998	13.771049999999999	1.03427	0.306449	0.0	0.0	0.0	0.0	0.0	0.0	0.0	0.0	0.0	0.0	0.0	2.26006	0.0	1.07257	0.0	2.06853	0.689511	1.14918	0.0	0.0	0.0	0.0	0.0	0.0	0.0	0.0	0.0	0.0	0.0	0.0	0.0	1.34071	0.0	1.55991	0.0	0.0	0.0	2.52821	0.0	2.1643	0.0	7.39309	0.0	0.0	0.0
N53_2_4	17.5857	16.1394	14.7561	44.3311	18.2355	9.51598	22.8048	23.6013	3.297753333333333	5.30296	0.0	0.0	0.0	0.0	0.0	0.0	0.0	0.0	0.0	214.48	174.872	16.9569	18.487	0.0	0.0	1.19474	0.0	0.0	0.0	0.0	0.0	2.32659	10.2496	45.826233333333334	109.79	0.0	109.727	105.892	33.522533333333335	0.0	10.95175	34.857	16.9569	15.5106	11.0461	0.0	19.7446	30.429125	9.3483	17.74780333333333	0.0	14.988527272727271	0.0	0.0	0.0	0.0	0.0	0.0	0.0	0.0	0.0	0.0	0.0	20.68785	113.877	52.5685	68.4145	0.0	1.0061	0.0	49.5921	0.0	107.002	0.0	0.0	0.0	0.0	0.0	0.0	43.01056666666667	16.7892	49.6759	0.0	0.922254	2.26371	0.0	0.0	21.6101	23.5175	47.2026	41.3233	26.955	0.6497698	0.0	0.0	0.0	0.0	0.0	66.35685	0.0	0.0	0.0	0.0	3.10213	75.7243875	97.85325	0.0	0.0	0.0	0.0	0.0	0.0	0.0	0.0	0.0	7.41995	0.0	0.0	0.0	0.0	0.0	35.8841	0.0	28.0449	0.985135	1.13186	1.80259	0.0	89.7521	17.1665	1.1895	0.0	0.0	14.5465	0.0	72.5856	0.0	0.0	0.0	0.0	0.0	0.0	0.0	0.0	41.37566666666667	11.6225	6.742233333333334	15.835516666666665	12.90738	1.1737799999999998	0.0	0.0	0.0	0.0	0.0	0.0	0.0	50.9964	0.0	45.6935	16.0766	16.5586	42.8638	20.9603	5.99465	42.5494	36.1775	24.47973636363636	67.71104	10.8784	58.33255166666667	65.9726	0.0	0.0	0.0	0.0	0.0	0.0	92.6656	39.9923	17.0198	60.6382	16.5586	34.9199	72.6694	0.0	22.1131	35.6325	6.854025	9.713022	63.4049	0.0	0.0	0.0	0.0	0.0	0.0	6.68634	0.0	0.0	0.0	117.60816666666666	26.431	11.0042	26.4519	0.0	0.0	0.0	152.989	0.0	0.0	0.0	0.0	0.0	29.072	0.0	155.777	60.5963	54.9579	16.2442	107.002	37.7705	68.3097	16.5062	14.3264	0.0	0.0	0.0	0.0	0.0	0.0	0.0	0.0	0.0	1.9571675000000002	5.0103532	0.0	0.0	0.0	0.0	0.0	0.0	110.188	19.3044	49.3825	0.0	0.0	14.0434	16.0556	2.70388
N54_1_3	0.0	0.0	0.0	0.0	0.0	0.0	0.0	0.0	0.0	0.0	0.0	0.0	0.0	0.0	0.0	0.0	0.0	0.0	0.0	0.0	0.0	0.0	0.0	0.0	2.8422925	0.0	0.0	0.0	0.0	0.0	0.0	0.0	0.0	0.0	0.0	0.0	0.0	0.0	0.0	0.0	0.0	0.0	0.0	0.0	0.0	0.0	0.0	0.0	0.0	0.0	0.0	0.0	1.00612	0.0	0.0	4.69523	4.72877	0.0	0.0	1.314245	0.0	0.955815	0.0	0.0	0.0	0.0	0.0	0.0	0.0	0.0	0.0	0.0	0.0	0.0	1.35826	0.0	0.0	0.0	0.0	0.0	0.0	0.0	0.0	0.0	0.0	18.07331333333333	0.0	0.0	0.0	0.0	0.0	0.0	0.0	0.0	0.0	0.0	0.0	0.0	0.0	2.5153	0.0	0.0	1.91163	0.0	4.27602	3.16928	0.0	0.0	0.0	0.0	0.0	0.0	0.0	0.0	0.0	0.0	0.0	0.0	0.0	0.0	0.0	0.0	0.0	0.0	0.0	0.0	0.0	0.0	0.0	0.0	0.0	0.0	0.0	0.0	0.0	0.0	0.0	3.2531233333333334	3.232165	2.8926	0.0	2.41469	0.0	0.0	0.0	0.0	0.0	0.0	0.0	0.0	0.0	0.0	0.0	0.0	0.0	0.0	5.03061	0.0	0.0	0.0	0.0	0.0	0.0	0.0	0.0	0.0	0.0	0.0	0.0	0.0	0.0	0.0	0.0	0.0	0.0	0.0	0.0	0.0	0.0	0.0	0.0	0.0	0.0	0.0	0.0	0.0	0.0	0.0	0.0	0.0	0.0	11.8219	11.8219	0.0	0.0	0.0	1.00612	0.0	0.0	1.05643	0.0	8.879024999999999	8.14958	0.0	0.0	0.0	0.0	0.0	0.0	0.0	0.0	0.0	0.0	0.0	0.0	0.0	0.0	0.0	0.0	0.0	0.0	0.0	0.0	0.0	0.0	0.0	0.0	0.0	0.0	0.0	0.0	0.0	0.0	0.0	0.0	0.0	0.0	0.0	0.0	0.0	0.0	0.0	0.0	0.0	2.11285	0.0	3.82326	0.0	0.0	0.0
N54_1_4	0.0	0.0	0.0	0.0	0.0	0.0	0.0	0.0	5.890666666666667	0.0	0.0	0.8467539999999999	0.0	0.0	0.0	0.0	0.0	0.0	0.0	158.56733333333332	126.093	11.5754	0.0	0.0	3.8687525000000003	0.0	0.8467539999999999	0.0	0.0	0.0	0.0	0.0	33.2294	0.0	79.9565	4.428295	85.7785	70.6193	25.951900000000002	0.0	0.0	0.0	0.0	0.0	0.0	0.0	14.7747	20.7752	0.0	0.0	0.0	0.0	0.12358	0.0	0.0	0.984067	1.0573	0.0	0.0	0.9594644999999999	0.0	0.0	0.384472	40.6305	0.0	0.0	0.0	0.0	0.0	0.0	38.0765	0.0	84.0758	0.0	4.86083	0.0	0.0	0.0	0.0	37.35333333333333	10.0787	41.0424	0.0	0.0	7.739466428571428	10.037474	0.0	14.7473	13.6076	0.0	39.435900000000004	20.7478	5.551963333333333	0.0	0.919987	0.0	0.0	0.0	49.47561666666667	19.7179	2.82862	6.85184	3.32294	0.0	53.843275	58.71896666666667	0.0549246	0.0	0.0	0.0	0.0	7.09901	0.0	0.0	0.0	0.0	0.0	0.0	0.0	0.0	0.0	18.3311	0.0	19.0588	0.0	0.0	0.0	0.0	61.3783	16.0792	0.0	0.0	0.0	0.0	0.0	48.7593	0.0	3.7119866666666668	3.72114	3.2199549999999997	0.0	0.0	17.630138095238095	0.0	33.284299999999995	7.970935	5.547385	20.566983333333333	17.4715	4.613664999999999	0.9749120000000001	0.0	0.0	0.8760477999999999	0.0	20.39765	6.33006	20.507460000000002	0.0	0.0	0.0	0.0	22.066	0.0	20.0612	34.7947	27.1602	18.005281818181817	46.54366	7.3187	55.91326	36.01681666666667	0.0	0.0	0.0	0.0	0.0	0.0	71.6491	33.3667	14.6923	48.7456	12.4404	30.1536	57.3001	0.0	16.4087	31.4993	14.3902	15.22785	41.9349	9.96882	9.96195	0.0	0.0	0.0	0.384472	10.8064	0.0	2.27937	7.46975	80.9932	45.1068	6.0142549999999995	20.4731	14.967	0.0	0.0	0.0	0.0	0.0	0.0	0.0	0.0	0.0	0.0	113.09	52.3294	46.91245	12.8661	87.028	28.0115	57.6983	0.0	12.001	0.0	0.0	0.0	0.0	0.0	0.0	0.0	0.0	0.0	0.0	29.506456521739132	0.0	0.0	0.0	0.0	0.0	0.0	84.7899	13.5664	24.819075	0.0	5.30022	0.0	0.0	0.0
N54_2_2	0.0	0.0	0.0	0.0	0.0	0.0	0.0	0.0	0.0	0.0	4.07326	3.22634	0.0	0.0	0.0	0.0	0.0	0.0	0.0	10.9696	0.0	0.0	0.0	0.0	18.813625	0.0	3.22634	6.73499	0.0	7.8675725000000005	9.19508	0.0	0.0	0.0	0.0	11.3325	0.0	0.0	0.0	1.97613	0.0	0.0	0.0	0.0	0.0	4.43622	0.0	0.0	0.0	0.0	0.0	0.0	2.29877	0.0	0.0	17.825533333333336	18.1078	0.0	0.0	2.8180087499999997	0.0	8.83211	0.0	0.0	0.0	0.0	0.0	0.0	5.04116	0.0	0.0	0.0	0.0	0.0	7.21894	0.0	0.0	0.0	0.0	0.0	0.0	0.0	0.0	0.0	0.0	57.80258	13.1170875	0.0	0.0	0.0	0.0	1.73416	0.0	0.0	2.21811	0.0	0.0	0.0	0.0	26.1737	4.15392	18.2288	8.63047	0.0	25.4478	23.149	0.0	1.29054	1.53251	1.04856	1.45185	15.9704	0.0	0.0	0.0	0.0	0.0	0.0	0.0	0.0	0.0	0.0	0.0	0.0	0.0	0.0	0.0	7.09795	0.0	0.0	0.0	0.0	1.3107000000000002	0.0	0.0	0.0	0.0	15.533499999999998	15.5671	13.67165	0.0	8.34816	0.0	1.33087	0.0	0.0	0.0	0.0	0.0	0.0	0.0	3.95227	0.0	0.0	0.0	0.0	12.7441	7.54158	0.0	0.0	0.0	0.0	0.0	0.0	0.0	0.0	0.0	0.0	0.0	0.0	6.089725	10.042	8.54981	4.55721	21.7778	5.7805333333333335	1.25021	0.0	0.0	0.0	0.0	0.0	0.0	0.0	0.0	0.0	0.0	0.0	2.560905	0.0	0.0	58.8807	58.82025	0.967903	0.0	0.0	3.34733	0.0	0.0	5.32346	2.6214	42.29196666666667	51.8635	2.17778	0.0	0.0	3.66996	0.0	0.0	0.0	0.0	0.0	0.645268	0.0	0.0	0.0	0.0	0.0	0.0	0.0	0.0	0.0	0.0	0.0	0.0	0.0	0.0	0.0	0.0	0.0	0.0	1.93581	0.0	0.0	0.0	0.0	17.7852	15.6074	20.305783333333334	16.4543	2.98437	3.34733	0.0	0.0	15.3251	0.0	18.9548	0.0	0.0	0.0
N54_2_3	7.84082	8.5465	8.23286	27.2861	8.23286	5.17494	12.0749	10.4283	8.20673	0.0	0.0	0.0	0.0	0.0	0.0	0.0	0.0	0.0	0.0	250.93266666666668	197.118	11.486815	0.0	0.0	0.0	0.0	0.0	0.0	0.0	0.0	0.0	0.0	44.6927	37.296166666666664	110.791	0.0	118.004	98.4807	34.94393333333333	0.0	6.35107	0.0	17.8771	20.4645	4.7829	0.0	24.6202	36.40756666666667	10.4283	0.0	0.0	1.7820054545454547	0.0	0.0	0.0	0.0	0.0	3.432537777777778	0.0	0.0	0.0	0.0	0.0	47.633	0.0	0.0	42.6541	0.0	0.0	0.0	59.7471	9.72262	117.377	0.0	0.0	0.0	0.0	0.0	0.0	49.73696666666667	14.1919	64.2163	0.0	0.0	0.0	6.649018	1.56816	24.5418	26.4236	0.0	52.3767	35.2053	9.435128333333333	7.44878	0.0	0.0	3.13633	0.0	77.72871666666667	0.0	0.0	0.0	0.0	0.0	100.58667142857144	106.2435	0.0	0.0	0.0	0.0	0.0	0.0	0.0	0.0	0.0	0.0	0.0	0.0	0.0	0.0	0.0	36.2246	30.9712	37.9496	0.0	0.0	0.0	0.0	95.5796	30.8144	0.0	0.0	0.0	0.0	0.0	77.3889	25.9531	0.0	0.0	0.0	0.0	0.0	0.0	0.0	41.84383333333333	12.3885	8.78172	24.98608333333333	24.4947	5.880615000000001	0.0	0.0	0.0	0.0	0.0	0.0	0.0	53.8665	0.0	0.0	12.2317	0.0	34.0292	4.54768	31.3633	52.5335	39.9882	35.811218181818184	95.934032	12.6237	83.09704	74.60544999999999	0.0	0.0	2.58747	0.0	0.0	0.0	98.5591	42.9677	20.3861	63.4323	16.5441	37.0871	80.8389	0.0	28.227	54.1017	19.2492	14.960275999999999	55.4346	3.68519	3.68519	0.0	0.0	0.0	0.0	17.9555	0.0	0.0	0.0	165.8725	24.385	13.7998	28.7758	20.2293	0.0	0.0	0.0	0.0	0.0	0.0	0.0	0.0	0.0	0.0	193.982	66.9606	61.668099999999995	16.701	136.195	46.104	77.7026	21.0134	17.289	0.0	0.0	0.0	0.0	0.0	0.0	0.0	0.0	0.0	0.0	0.0	0.0	0.0	0.0	2.43066	0.0	0.0	113.3	21.7975	61.6289	0.0	0.0	0.0	0.0	0.0
N54_2_4	19.8858	12.6002	12.8881	45.4406	15.1247	11.6702	22.4988	20.373	4.022923333333333	3.52098	0.0	0.0	0.0	0.0	0.0	0.0	0.0	0.0	0.0	189.88199999999998	155.277	14.8811	12.6888	0.0	0.0	0.0	0.0	0.0	0.0	0.0	0.0	0.0	30.9359	45.979366666666664	86.5851	0.0	90.8368	77.0629	25.3038	0.0	8.248835	2.90093	20.0851	21.0816	7.55128	0.0	18.3135	23.7832	15.9662	0.0	0.0	9.816074545454546	0.0	0.0	0.0	0.0	0.0	6.3083303225806455	0.0	0.0	0.0	0.0	0.0	34.1136	0.0	0.0	66.2121	0.0	0.0	0.0	45.817	18.8893	95.8858	0.0	0.0	0.0	0.0	0.0	0.0	39.542766666666665	16.8077	47.7214	0.0	0.0	0.465035	0.0	0.0	19.9301	21.9231	0.0	43.4033	22.93065	7.2080400000000004	6.08974	0.0	0.0	2.17016	0.0	62.13014999999999	0.0	0.0	0.0	0.0	0.0	76.80352857142857	80.79425	0.0	0.0	0.0	0.0	0.0	0.0	0.0	0.0	0.0	0.0	0.0	0.0	0.0	0.0	0.0	32.5082	30.338	24.6911	0.0	0.0	0.44289	0.0	70.9732	21.4359	0.0	0.0	0.0	10.4522	0.0	63.2447	23.7168	0.0	0.0	0.0	0.0	0.0	0.0	0.0	27.304199999999998	6.61014	3.91958	9.175211666666668	9.889742000000002	4.749995	0.0	0.0	0.0	0.0	0.0	0.0	0.0	43.0932	0.0	0.0	13.7296	13.331	35.2098	12.7552	23.1632	46.7692	34.1247	21.683490909090906	50.036884	7.63986	66.35382	55.93705	0.0	0.0	0.0	0.0	0.0	0.0	86.3858	38.2214	19.8858	66.2564	14.7925	31.9324	65.0384	0.0	19.1993	39.8601	18.2028	14.726099999999999	55.5163	0.0	0.0	0.0	0.0	0.0	0.0	10.6294	0.0	0.0	0.0	94.68986666666666	0.0	12.0909	26.7949	14.8147	0.0	0.0	135.458	0.0	0.0	0.0	0.0	0.0	0.0	0.0	176.16	56.5571	59.5687	20.1072	97.9895	44.4219	68.5151	14.537849999999999	12.29025	0.0	0.0	0.0	0.0	0.0	0.0	0.0	0.0	0.0	0.667103875	1.003317076923077	0.0	0.0	0.0	0.0	0.0	0.0	93.2949	17.1399	50.2238	0.0	0.0	0.0	0.0	0.0
N54_1_2	0.0	0.0	0.0	0.0	0.0	0.0	0.0	0.0	0.0	0.0	9.23056	10.3382	0.0	0.0	1.599964	0.0	1.10767	1.47689	0.0	0.0	0.0	0.0	0.0	1.18151	57.6356	1.18151	10.3382	10.4859	0.0	10.276715000000001	16.1719	0.0	0.0	0.0	0.0	27.10095	0.0	0.0	0.0	0.0	0.0	0.0	0.0	0.0	0.0	0.0	0.0	0.0	0.0	0.0	0.0	0.0	8.86134	0.0	1.7427284	57.377199999999995	57.8941	0.0	0.0	11.205924999999999	0.0	20.4549	0.0	0.0	0.0	0.0	0.0	0.0	0.0	9.67363	0.0	0.0	0.0	0.0	21.4149	0.0	0.0	0.0	0.0	0.0	0.0	0.0	97.1055	1.55073	0.0	233.49646666666666	42.3406	0.0	0.0	0.0	0.0	0.0	0.0	0.0	6.05525	0.0	0.0	0.0	0.0	56.7126	10.3382	35.2238	23.1872	0.0	61.733999999999995	44.3806	0.0	0.0	0.0	0.0	0.0	39.2114	0.0	0.0	0.0	0.0	0.0	0.0	0.0	0.0	0.0	0.0	0.0	0.0	0.0	0.0	0.0	0.0	0.0	0.0	0.0	0.0	0.0	0.0	10.1905	0.0	0.0	32.45468333333333	32.4916	28.0609	0.0	25.9194	0.0	0.0	0.0	0.0	0.0	0.0	0.0	0.0	0.0	0.0	0.0	0.0	0.0	0.0	36.11	18.535	0.0	0.0	0.0	0.0	0.0	0.0	0.0	0.0	0.0	0.0	0.0	0.0	0.0	26.0671	0.0	0.0	76.6506	0.0	0.0	0.0	0.0	0.0	0.0	0.0	0.0	0.0	0.0	4.79989	0.0	0.0	0.0	0.0	0.0	154.261	154.261	2.28918	0.590756	0.81229	10.6336	0.0	0.0	10.7813	0.0	103.8993	104.416	6.20294	0.0	0.0	0.0	0.0	0.0	0.0	0.0	0.0	0.0	0.0	0.0	0.0	0.0	0.0	0.0	0.0	0.0	0.0	0.0	0.0	0.0	0.0	0.0	1.4030500000000001	0.0	0.0	0.0	0.0	0.0	0.0	0.0	0.0	24.8118	22.818	29.361383333333336	24.44255	22.7441	20.7503	0.0	0.0	31.6793	0.0	42.1652	0.0	0.0	0.0
N55_1_2	0.0	0.0	0.0	0.0	0.0	0.0	0.0	0.0	0.0	0.0	0.0	0.0	0.0	0.0	0.0	0.0	0.0	0.0	0.0	0.0	0.0	0.0	0.0	0.0	3.05098	0.0	0.0	0.0	0.0	40.53665	0.0	0.0	0.0	0.0	0.0	7.981265	0.0	0.0	0.0	0.0	0.0	0.0	0.0	0.0	0.0	0.0	0.0	0.0	0.0	0.0	0.0	0.0	0.603235	0.0	0.0	4.73308	4.73308	0.0	0.0	2.22153	0.0	0.0	2.50575	0.0	0.0	0.0	0.0	0.0	0.0	0.0	0.0	0.0	0.0	0.0	1.53129	0.0	0.0	0.0	0.0	0.0	0.0	0.0	0.0	0.0	0.0	0.0	47.139325	0.0	0.0	0.0	0.0	0.0	0.0	0.0	1.57769	0.0	0.0	0.0	0.0	11.9719	2.22733	6.8676	4.87228	0.0	22.94615	10.4406	0.0	0.0	0.0	0.0	0.0	7.47084	0.0	0.0	0.0	0.0	0.0	0.0	0.0	0.0	0.0	0.0	0.0	0.0	0.0	0.0	0.0	0.0	0.0	0.0	0.0	0.0	0.0	0.0	0.0	0.0	0.0	6.58918	6.58918	5.42912	0.51043	4.68667	0.0	0.0	0.0	0.0	0.0	0.0	0.0	0.0	10.2086	0.0	0.0	10.80252	0.0	0.0	20.51	4.45466	0.0	0.0	0.0	0.0	0.0	0.0	0.0	0.0	0.0	0.0	0.0	0.0	0.0	5.70753	0.0	0.0	122.318	0.0	0.0	0.0	0.0	0.0	0.0	0.0	0.0	0.0	0.0	0.0	0.0	0.0	0.0	0.0	0.0	20.4636	20.4636	0.696041	15.730500000000001	17.5866	2.36654	0.0	0.0	2.50575	0.0	33.8585	30.9042	1.11366	0.0	0.0	0.0	0.0	0.0	0.0	0.0	0.0	0.0	0.0	0.0	0.0	0.0	0.0	0.0	0.0	0.0	0.0	0.0	0.0	0.0	0.0	0.0	31.680969565217396	0.0	0.0	0.0	0.0	0.0	2.87697	0.0	0.0	0.0	0.0	0.0	0.0	0.0	0.0	0.0	0.0	6.17156	0.0	8.5845	0.0	0.0	0.0
N55_1_3	0.0	0.0	0.0	0.0	0.0	0.0	0.0	0.0	0.0	0.0	0.0	0.0	0.0	0.0	0.0	0.0	0.0	0.0	0.0	0.0	0.0	0.0	0.0	0.0	0.0	0.0	0.0	0.0	0.0	0.0	0.0	0.0	0.0	0.0	0.0	0.0	0.0	0.0	0.0	0.0	0.0	0.0	0.0	0.0	0.0	0.0	0.0	0.0	0.0	0.0	0.0	0.0	0.0	0.0	0.0	0.0	0.0	0.0	0.0	0.0	0.0	0.0	0.0	0.0	0.0	0.0	0.0	0.0	0.0	0.0	0.0	0.0	0.0	0.0	0.0	0.0	0.0	0.0	0.0	0.0	0.0	0.0	0.0	0.0	0.0	0.0	0.0	0.0	0.0	0.0	0.0	0.0	0.0	0.0	0.0	0.0	0.0	0.0	0.0	0.0	0.0	0.0	0.0	0.0	0.0	0.0	0.0	0.0	0.0	0.0	0.0	0.0	0.0	0.0	0.0	0.0	0.0	0.0	0.0	0.0	0.0	0.0	0.0	0.0	0.0	0.0	0.0	0.0	0.0	0.0	0.0	0.0	0.0	0.0	0.0	0.0	0.0	0.0	0.0	0.0	0.0	0.0	0.0	0.0	0.0	0.0	0.0	0.0	0.0	0.0	1.313475	0.0	0.0	0.0	0.0	0.0	0.0	0.0	0.0	0.0	0.0	0.0	0.0	0.0	0.0	0.0	0.0	0.0	0.0	0.0	0.0	0.0	0.0	0.0	0.0	0.0	0.0	0.0	0.0	0.0	0.0	0.0	0.0	0.0	0.0	0.0	0.0	0.0	0.0	0.0	0.0	2.56857	2.56857	0.0	0.0	0.0	0.0	0.0	0.0	0.0	0.0	0.0	0.0	0.0	0.0	0.0	0.0	0.0	0.0	0.0	0.0	0.0	0.0	0.0	0.0	0.0	0.0	0.0	0.0	0.0	0.0	0.0	0.0	0.0	0.0	0.0	0.0	0.0	0.0	0.0	0.0	0.0	0.0	0.0	0.0	0.0	0.0	0.0	0.0	0.0	0.0	0.0	0.0	0.0	0.0	0.0	0.0	0.0	0.0	0.0
N55_1_4	0.0	0.0	0.0	0.0	0.0	0.0	0.0	0.0	0.0	0.0	0.0	0.0	0.0	0.0	0.0	0.0	0.0	0.0	0.0	0.0	0.0	0.0	0.0	0.0	6.925185	0.0	0.0	0.0	1.4728125	0.0	0.0	0.0	0.0	0.0	0.0	30.875700000000002	0.0	0.0	0.0	0.0	0.0	0.0	0.0	0.0	0.0	0.0	0.0	0.0	0.0	0.0	0.0	0.0	2.79143	0.0	0.0	15.4148	15.4121	0.0	0.0	7.730785	0.0	0.0	8.08169	0.0	0.0	0.0	0.0	0.0	14.807195	0.0	0.0	0.0	0.0	0.0	10.4303	1.03591	0.904116	0.0	0.0	0.0	0.0	0.0	0.0	0.0	0.0	0.0	0.0	0.0	0.0	0.0	0.0	0.0	0.0	0.0	5.7331	0.0	0.0	0.0	0.0	54.0809	9.78185	28.3492	17.136	44.3623	50.49870000000001	46.3709	0.3598015	0.0	0.0	0.0	0.0	36.3518	0.0	0.0	0.0	0.0	0.0	0.0	0.0	0.0	0.0	0.0	0.0	0.0	15.0721	10.327485	23.7469	0.0	0.0	0.0	20.6471	0.0	0.0	0.0	8.54034	0.0	0.0	26.3749	26.4118	23.205199999999998	2.55419	21.509	0.0	0.0	0.0	0.0	0.0	0.0	0.0	0.0	37.44965	0.0	0.0	49.25088	0.0	0.0	77.15559999999999	17.4998	0.0	0.0	0.0	0.0	0.0	0.0	0.0	0.0	0.0	0.0	0.0	0.0	45.5564	32.6035	19.3818	0.0	0.0	0.0	0.0	0.0	0.0	0.0	0.0	0.0	0.0	0.0	0.0	4.25435	0.0	0.0	0.0	0.0	0.0	79.46074999999999	79.46074999999999	1.04382	0.0	0.0	6.57922	0.0	0.0	10.8889	0.0	103.101	106.849	10.5805	0.0	0.0	0.0	1.3179533333333333	0.0	0.0	0.0	0.0	0.0	0.0	0.0	0.0	0.0	0.0	0.0	0.0	0.0	0.0	0.0	0.0	0.0	0.0	0.0	0.0	0.0	0.0	0.0	0.0	0.0	9.046434999999999	0.0	44.66623	0.0	0.0	0.0	0.0	0.0	0.0	0.0	0.0	27.9933	0.0	32.2161	0.0	0.0	45.1215
N55_2_3	0.0	0.0	0.0	0.0	0.0	0.0	0.0	0.0	8.861836666666667	0.0	0.0	0.0	0.4487	0.44869999999999993	0.0	0.0	0.0	0.0	0.0	205.55466666666666	155.849	12.8627	0.0	0.0	0.0	0.0	0.0	0.0	0.0	0.0	0.0	0.0	39.0369	0.0	89.441	0.0	96.9941	78.5226	30.6051	0.0	0.0	0.0	0.0	0.0	0.0	0.0	22.3602	37.8778	0.0	0.0	0.0	0.0	0.0	0.0	0.0	0.0	0.0	0.0	0.0	0.0	0.0	0.0	0.0	58.7424	0.0	0.0	0.0	0.0	1.04697	0.0	54.1058	0.0	97.2184	0.0	0.0	0.0	0.0	0.0	0.0	43.41173333333333	12.0027	49.9179	0.0	0.0	0.0	0.0	0.0	20.1541	23.1455	0.0	41.4674	26.7351	7.989363333333333	0.0	0.0	0.0	0.0	0.0	65.42923333333333	0.0	0.0	0.0	0.0	2.61742	69.8767788888889	90.5814	0.0	0.0	0.0	0.0	0.0	0.0	0.0	0.0	0.0	0.0	0.0	0.0	0.0	0.0	0.0	28.642	0.0	31.9699	0.635659	0.841313	0.972184	0.0	82.8974	28.9786	1.30871	0.0	0.0	0.0	0.0	67.3051	0.0	0.0	0.0	0.0	0.0	0.0	0.0	0.0	53.69446666666667	13.244119999999999	10.937100000000001	34.0888	29.726440000000004	5.62745	0.0	0.0	0.0	0.0	1.00958	0.0	0.0	49.5814	0.0	0.0	0.0	0.0	28.0438	0.0	24.7159	43.2248	34.4004	29.2199	82.95724	11.9653	51.66999571428572	61.995400000000004	0.0	0.0	0.0	0.0	0.0	0.0	85.7018	40.3456	17.5367	47.7492	13.461	34.176	62.7807	0.0	24.1176	43.0005	23.2576	22.9959	49.0579	0.0	0.0	0.0	0.0	0.0	0.0	14.5828	0.0	0.0	0.0	105.53186666666666	26.9594	11.2923	21.2011	21.9863	0.0	0.0	144.369	0.0	0.0	0.0	0.0	0.0	0.0	0.0	150.763	64.8372	56.8728	13.9471	111.726	35.6343	66.7442	0.0	13.0871	0.0	0.0	0.0	0.0	0.0	0.0	0.0	0.0	0.0	0.0	2.452108947368421	0.0	0.0	0.0	0.0	0.0	0.0	105.445	19.3689	51.3762	0.0	0.0	0.0	0.0	2.72959
N55_2_4	0.0	0.0	0.0	0.0	0.0	0.0	0.0	0.0	7.004716666666667	0.0	0.0	0.0	0.59494	0.59494	0.0	0.0	0.0	0.0	0.0	135.78833333333333	101.827	8.39291	7.74131	0.0	0.0	0.0	0.0	0.0	0.0	0.0	0.0	0.0	29.2796	0.0	62.9929	0.0	69.5584	55.1311	20.4865	0.0	0.0	0.0	0.0	0.0	0.0	0.0	14.661	25.4266	0.0	0.0	0.0	0.0	0.0	0.0	0.0	0.0	0.0	0.0	0.0	0.0	0.0	0.0	0.0	43.8131	0.0	0.0	0.0	0.0	1.48027	0.0	41.0934	0.0	67.7949	0.0	0.0	0.0	0.0	0.141652	1.26071	30.710233333333335	10.6948	36.6526	0.0	0.0	0.0	0.0	0.0	16.0776	15.9855	0.0	26.45005	17.2462	7.4674466666666675	0.0	0.0	0.0	0.0	0.0	45.07028333333333	0.0	0.0	0.0	0.0	2.91096	48.817366666666665	67.6249	0.0	0.0	0.0	0.0	0.0	0.0	0.0	0.0	0.0	0.0	0.0	0.0	0.0	0.0	0.0	21.3895	0.0	22.9265	0.7011799999999999	1.0800999999999998	1.3244500000000001	0.0	61.5834	18.514	1.5794275	0.0	0.0	0.0	0.0	45.9237	0.0	0.0	0.0	0.0	0.0	0.0	0.0	0.0	35.68696666666667	7.603902000000001	5.41467	23.61465	22.08362	3.091565	0.0	0.0	0.0	0.0	1.15801	0.0	0.0	33.9966	0.0	0.0	0.0	0.0	17.7278	0.0	20.9575	29.9878	22.7069	20.070863636363637	58.423148	9.172	41.622544285714284	47.428799999999995	0.0	0.0	0.0	0.0	0.0	1.23946	53.9058	29.0458	12.7841	29.9241	10.2486	23.3939	44.2806	0.0	16.3042	28.0684	13.7615	15.90755	39.5635	0.0	0.0	0.0	0.0	0.0	0.0	8.95952	0.0	0.0	0.0	60.940599999999996	27.6435	7.96087	14.1582	15.2985	0.0	0.0	0.0	0.0	0.0	0.0	0.0	0.0	0.0	0.0	100.432	43.4377	43.68565	10.4823	71.1237	23.6276	49.5005	0.0	0.0	0.0	0.0	0.0	0.0	0.0	0.0	0.0	0.0	0.0	0.0	1.8237755	0.0	0.0	0.0	0.0	0.0	0.0	79.7433	15.688	36.9784	0.0	0.0	0.0	0.0	2.55683
N55_2_2	0.0	0.0	0.0	0.0	0.0	0.0	0.0	0.0	0.0	0.0	8.31731	0.0	0.0	0.0	0.0	0.0	0.0	0.0	0.0	0.0	0.0	0.0	0.0	0.0	1.2009925	0.0	0.0	17.6384	0.0	23.53288333333333	25.0595	0.0	0.0	0.0	0.0	7.761625	0.0	0.0	0.0	0.0	0.0	0.0	0.0	0.0	0.0	0.0	0.0	0.0	0.0	0.0	0.0	0.0	0.286804	0.0	0.0	2.28248	2.33028	0.0	0.0	1.39817	0.0	0.0	1.14721	0.0	0.0	0.0	0.0	0.0	0.0	0.0	0.0	0.0	0.0	0.0	2.18688	0.0	0.0	0.0	0.0	0.0	0.0	0.0	0.0	12.3326	0.0	0.896262	37.6564375	0.0	0.0	0.0	0.0	0.0	0.0	0.0	0.860411	0.0	0.0	0.0	0.0	22.3707	2.36613	0.0	4.33791	0.0	33.14375	13.7666	0.0	0.0	0.0	0.0	0.0	8.06635	0.0	0.0	0.0	0.0	0.0	0.0	0.0	0.0	0.0	0.0	0.0	0.0	0.0	0.0	0.0	0.0	0.0	0.0	0.0	0.0	0.0	0.0	0.0	0.0	0.0	7.0864400000000005	7.09839	6.291755	0.358505	5.12662	0.0	0.0	0.0	0.0	0.0	0.0	0.0	0.0	8.717635	0.0	0.0	10.9559	0.0	0.0	14.5911	2.79634	0.0	0.0	0.0	0.0	0.0	0.0	0.0	0.0	0.0	0.0	0.0	0.0	0.0	6.59648	0.0	0.0	55.8909	0.0	0.0	0.0	0.0	0.0	0.0	0.0	0.0	0.0	0.0	0.0	0.0	0.0	0.0	0.0	0.0	20.5423	20.5423	0.0	2.312355	2.40198	1.29062	0.0	0.0	2.76049	2.00763	70.85243333333334	83.1014	6.34553	0.0	0.0	0.0	0.0	0.0	0.0	0.0	0.0	0.0	0.0	0.0	0.0	0.0	0.0	0.0	0.0	0.0	0.0	0.0	0.0	0.0	0.0	0.0	4.549892608695652	0.0	0.0	0.0	0.0	0.0	0.0	0.0	40.14326129032258	39.5431	35.5995	45.446416666666664	35.7608	0.0	0.0	0.0	0.0	6.48893	0.0	8.31731	0.0	0.0	0.0
N56_1_2	0.0	0.0	0.0	0.0	0.0	0.0	0.0	0.0	0.0	0.0	1.40218	123.89799999999998	0.0	0.0	0.0	0.0	0.0	0.0	0.0	0.0	0.0	0.0	0.0	0.0	0.6913535	0.0	123.89799999999998	3.4665	0.0	2.7848858333333335	3.5444000000000004	0.0	0.0	0.0	0.0	196.539	0.0	0.0	0.0	34.392399999999995	0.0	0.0	0.0	0.0	0.0	0.0	0.0	0.0	0.0	0.0	0.0	0.0	38.0147	0.0	0.0	236.52733333333333	240.864	0.0	0.0	140.242625	0.0	0.0	36.1062	0.0	0.0	0.0	0.0	0.0	50.5564	0.0	0.0	0.0	0.0	0.0	43.974	0.0	0.0	0.0	0.0	0.0	0.0	0.0	0.0	0.0	0.0	328.29993333333334	6.2659987500000005	0.0	0.0	0.0	0.0	0.0	0.0	0.0	15.9303	0.0	0.0	0.0	0.0	206.9	54.1787	141.426	56.321	0.0	114.277855	203.316	0.9932105	0.0	0.0	0.0	0.0	186.568	0.0	0.0	0.0	0.0	0.0	0.0	0.0	0.0	0.0	0.0	0.0	0.0	0.0	0.0	0.0	0.0	0.0	0.0	0.0	0.0	0.0	0.0	27.3425	0.0	0.0	150.05283333333333	150.306	133.032	7.3225	105.943	0.0	0.0	0.0	0.0	0.0	0.0	0.0	0.0	2.564178333333333	0.0	0.0	2.91342	0.0	0.0	273.328	90.8691	0.0	0.0	0.0	0.0	0.0	0.0	0.0	0.0	0.0	0.0	0.0	0.0	101.191	133.869	126.079	0.0	7.82885	0.0	0.0	0.0	0.0	0.0	0.0	0.0	0.0	0.0	0.0	24.0708	0.0	0.0	0.0	0.0	0.0	638.616	638.5185	0.0	0.0	0.0	38.3652	0.0	0.0	55.1525	0.0	385.54150000000004	351.87	24.8498	0.0	0.0	0.0	0.0	0.0	0.0	0.0	0.0	0.0	0.0	0.0	0.0	0.0	0.0	0.0	0.0	0.0	0.0	0.0	0.0	0.0	0.0	0.0	0.0	0.0	0.0	0.0	0.0	0.0	0.0	0.0	0.0	0.0	0.0	0.0	0.0	0.0	0.0	0.0	0.0	84.8709	0.0	160.004	0.0	0.0	0.0
N56_1_4	0.0	0.0	0.0	0.0	0.0	0.0	0.0	0.0	0.0	18.6077	0.0	0.0	0.0	0.0	0.0	0.0	0.0	0.0	0.0	203.82433333333333	194.292	29.3334	0.0	0.0	0.0	0.0	0.0	38.3476	0.0	0.0	44.55664	6.60046	17.8177	0.0	0.0	0.0	0.0	0.0	15.6293	0.0	0.0	0.0	0.0	0.0	0.0	0.0	22.0308	33.5333	28.1924	0.0	0.0	49.74442727272728	0.0	0.0	0.0	0.0	0.0	0.0	35.56116744186047	0.0	0.0	0.0	0.0	63.3714	386.478	180.407	0.0	0.0	0.0	0.0	45.7995	0.0	110.224	0.0	0.0	0.0	0.0	0.0	0.0	38.853766666666665	17.4491	46.0452	0.0	0.0	0.0	0.0	0.0	22.259	24.3655	148.545	42.22715	28.5259	0.0	0.0	0.0	0.0	0.0	0.0	67.50843333333333	0.0	0.0	0.0	0.0	0.0	74.22508571428571	88.86925	0.0	0.0	0.0	0.0	0.0	0.0	0.0	0.0	0.0	11.82466	78.6438	47.0634	91.5112	86.8592	105.713	28.4908	0.0	22.8032	0.0	0.0	0.0	0.0	77.0112	0.0	0.0	0.0	0.0	16.5012	0.0	74.9925	0.0	0.0	0.0	0.0	0.0	0.0	0.0	0.0	0.0	0.0	0.0	0.0	0.0	0.0	0.0	0.0	0.0	0.0	0.0	0.0	0.0	49.6614	0.0	0.0	25.7699	18.1513	47.3969	42.0604	0.0	0.0	30.2111	0.0	0.0	0.0	72.48922	66.70675	0.0	0.0	0.0	0.0	0.0	0.0	0.0	0.0	0.0	0.0	0.0	0.0	0.0	0.0	23.6809	0.0	26.7705	40.2113	61.2298	0.0	0.0	0.0	0.0	0.0	0.0	0.0	0.0	0.0	0.0	134.792	0.0	11.7439	23.4878	0.0	0.0	0.0	145.263	0.0	0.0	0.0	0.0	0.0	0.0	0.0	62.4059	0.0	0.0	0.0	0.0	0.0	0.0	20.9073	11.910699999999999	0.0	0.0	0.0	35.292484615384616	0.0	0.0	0.0	0.0	0.0	0.0	0.0	0.0	0.0	0.0	0.0	0.0	0.0	91.9676	16.624	52.0488	0.0	0.0	49.0997	51.1536	0.0
N56_1_3	0.0	0.0	0.0	0.0	0.0	0.0	0.0	0.0	0.0	0.0	0.0	9.12346	0.0	0.0	0.0	0.0	0.0	0.0	0.0	2.739656666666667	3.18535	0.0	0.0	0.0	0.0	1.21908	9.12346	0.66853	0.0	0.0	0.0	0.0	0.0	0.0	0.0	12.03355	0.0	0.0	0.0	1.7106500000000002	0.0	0.0	0.0	0.0	0.0	0.0	0.511228	0.0	0.0	0.0	0.0	0.0	3.5786	0.0	0.0	20.055866666666667	20.2918	0.0	0.6899799090909091	11.330612499999999	0.0	0.0	2.28087	0.0	6.76395	3.02805	0.0	0.0	0.0	0.0	0.0	0.0	1.69099	0.0	3.8932	0.0	0.0	0.0	0.0	1.2453	0.0	0.0	27.1738	0.8454935	0.0	63.71743333333333	0.0	0.0	0.0	0.0	0.6685295	0.0	0.0	0.0	1.25841	0.0	0.0	0.0	1.4484766666666669	19.5053	3.264	15.4548	3.53927	0.0	20.9604	7.498016666666667	0.196626	0.0	0.0	0.0	0.0	17.3818	0.0	0.0	0.0	0.0	1.53369	0.786505	1.21908	1.25841	0.0	0.0	0.0	0.0	0.0	0.0	0.0	0.0	0.0	0.0	0.0	0.0	0.0	0.0	0.0	0.0	0.0	13.003583333333333	13.0167	11.6403	1.02246	8.41561	0.0	0.0	0.0	0.0	0.0	0.0	0.0	0.0	1.37638	0.0	0.0	1.75391	0.0	0.0	24.3423	4.3061155	0.0	0.0	0.629204	0.550554	0.0	0.0	0.0	0.0	0.865156	0.0	0.0	0.0	0.0	11.5223	10.1852	0.0	0.0	0.0	0.0	0.0	0.0	0.0	0.0	0.0	0.0	0.0	0.0	2.28087	0.0	0.0	0.0	0.825831	1.37638	39.4432	39.4432	0.0	0.0	0.0	2.91007	0.0	0.0	3.4213	0.0	26.347949999999997	35.1961	2.00559	0.0	0.0	0.0	0.0	0.0	0.0	0.0	0.0	0.0	0.0	0.0	0.0	0.0	0.0	0.0	0.0	0.0	0.0	0.0	0.0	0.0	0.0	0.0	0.0	0.6652528333333333	0.0	0.0	0.0	0.0	0.0	0.0	0.0	0.0	0.0	0.0	0.0	0.0	0.0	3.06737	0.432578	6.13474	0.0	15.6515	0.0	0.0	0.0
N57_1_3	0.0	9.67125	0.0	0.0	0.0	0.0	0.0	0.0	1.619935	0.0	0.0	0.0	0.0	0.0	0.0	0.0	0.0	0.0	0.0	66.61876666666667	52.0313	7.59193	3.94103	0.0	0.0	0.0	0.0	0.0	0.0	0.0	0.0	0.0	13.443	27.4502	37.1134	0.0	39.4103	32.5921	10.2515	0.0	5.403805	8.34145	8.75248	9.84049	0.38685	0.0	5.48843	9.471765	2.49035	0.0	0.0	0.0	0.0	0.0	0.0	0.0	0.0	5.5664261290322585	0.0	0.0	0.0	0.0	0.0	19.8019	122.172	54.7151	48.2837	0.0	0.0	0.0	16.9005	0.0	34.7439	0.0	0.0	0.0	0.0	0.0	0.0	15.764133333333334	5.0774	18.8831	0.0	0.0	0.0	0.0	0.0	7.08419	6.23795	0.0	13.11665	8.945905	3.6992500000000006	3.33658	0.0	0.0	0.0	0.0	22.247883333333334	0.0	0.0	0.0	0.0	0.0	27.580299999999998	31.697499999999998	0.0	0.0	0.0	0.0	0.0	0.0	0.0	0.0	0.0	0.0	0.0	0.0	0.0	0.0	0.0	11.0252	16.7796	8.9459	0.0	0.0	0.0	0.0	26.4992	9.42946	0.0	0.0	0.0	0.0	0.0	22.9934	0.0	0.0	0.0	0.0	0.0	0.0	0.0	0.0	23.55756666666667	6.16542	3.4695549999999997	7.128515	6.383024	1.595755	0.0	0.0	0.0	0.0	0.0	0.0	0.0	14.8212	0.0	0.0	4.0861	0.0	0.0	0.0	12.0891	15.7883	12.4759	14.12	35.15591538461538	5.70603	25.740019999999998	20.4184	0.0	0.0	0.0	0.0	0.0	0.0	35.4693	18.4963	6.93912	21.18	7.08419	12.6452	28.4093	0.0	6.89076	16.9005	5.8994599999999995	5.89341	17.2874	0.0	0.0	0.0	0.0	0.0	0.0	7.20508	0.0	0.0	0.0	36.0415	0.0	3.19151	7.01165	6.57645	0.0	0.0	47.3407	0.0	0.0	0.0	0.0	0.0	0.0	0.0	86.5818	24.3232	24.7221	5.97199	46.3253	20.1887	29.7149	5.27083	4.074015	0.0	0.0	0.531918	0.0	0.0	0.0	0.0	0.0	0.0	0.0	0.857224	0.0	0.0	0.0	0.0	0.0	0.0	33.9944	8.41398	19.004	0.0	0.0	17.505	20.4305	0.0
N57_1_4	0.0	0.0	0.0	0.0	0.0	0.0	0.0	0.0	0.0	0.0	0.0	13.4981	0.0	0.0	0.0	0.0	0.0	0.0	0.0	43.8401	0.0	0.0	0.0	0.0	0.0	0.0	13.4981	0.0	0.0	0.0	0.0	0.0	0.0	0.0	0.0	43.3413	0.0	0.0	0.0	0.0	0.0	0.0	0.0	0.0	0.0	0.0	0.0	0.0	0.0	0.0	0.0	0.0	12.6156	0.0	0.0	76.0928	78.3412	0.0	0.0	53.58765	0.0	0.153475	0.0	0.0	0.0	0.0	0.0	0.0	23.6198	0.0	0.0	0.0	0.0	0.0	26.7583	0.0	0.0	0.0	0.0	0.0	0.0	0.0	0.0	0.0	0.0	37.52764666666667	0.2091095	0.0	0.0	0.0	0.0	0.0	0.0	0.0	8.8555	0.0	0.0	0.0	0.0	119.242	24.5329	77.6276	39.2512	0.0	114.016	102.759	0.629247	0.0	0.191843	0.0	0.0	87.5574	0.0	0.0	0.0	0.0	0.0	0.0	0.0	0.0	0.0	0.0	0.0	0.0	0.0	0.0	0.0	30.2883	0.0	0.0	0.0	0.0	0.0	0.0	22.4841	0.0	0.0	63.54111666666666	63.653675	55.6845	4.059405	32.5674	0.0	0.237886	0.0	0.0	0.0	0.0	0.0	0.0	0.8978275	0.0	0.0	0.8748064	0.0	0.0	127.5185	42.0598	0.0	0.0	0.0	0.0	0.0	0.0	0.0	0.0	0.0	0.0	0.0	0.0	38.1308	68.2733	58.5506	0.0	0.0	0.0	0.0	0.0	0.0	0.0	0.0	0.0	0.0	0.0	0.0	14.3883	0.0	0.0	0.0	0.0	0.0	108.5795	108.4915	0.0	0.0	0.0	4.47379	0.0	0.0	31.5314	0.0	151.08583333333334	153.5285	14.6031	0.0	0.0	0.0	0.0	0.0	0.0	0.0	0.0	0.0	0.0	0.0	0.0	0.0	0.0	0.0	0.0	0.0	0.0	0.0	0.0	0.0	0.0	0.0	0.0	0.0	0.0	0.0	0.222538	0.0	0.0	0.0	0.0	0.0	0.0	0.0	0.0	0.0	0.0	0.0	0.0	65.0426	0.0	76.7604	0.0	0.0	0.0
N57_2_2	0.0	0.0	0.0	0.0	0.0	0.0	0.0	0.0	0.0	0.0	6.21811	18.9247	0.0	0.0	0.0	0.0	0.0	0.0	0.0	37.5404	0.0	0.0	0.0	0.0	6.69122	0.0	18.9247	10.9686	0.0	13.07345	14.0969	0.0	0.0	0.0	0.0	36.47825	0.0	0.0	0.0	0.0	0.0	0.0	0.0	0.0	0.0	0.0	0.0	0.0	0.0	0.0	0.0	0.0	10.7755	0.0	0.0	56.4908	57.7782	0.0	0.0	31.317425	0.0	1.85385	14.7535	0.0	0.0	0.0	0.0	0.0	20.8171	0.0	0.0	0.0	0.0	0.0	18.4998	0.579327	0.0	0.0	0.0	0.0	0.0	0.0	30.9747	0.0	0.0	77.16113999999999	23.6317	0.0	0.0	0.0	0.0	4.90497	0.0	0.0	9.77131	0.0	0.0	0.0	0.0	80.4878	18.8088	53.2981	32.8285	0.0	59.651349999999994	70.4461	0.46346149999999997	0.0	0.0	0.0	0.0	69.442	0.0	0.0	0.0	0.0	0.0	0.0	0.0	0.0	0.0	0.0	0.0	0.0	0.502083	0.0	0.0	21.7441	0.0	0.0	0.0	0.0	0.0	0.0	15.2942	0.0	0.0	46.27535	46.4041	39.123850000000004	2.70352	22.2848	0.0	0.0	0.0	0.0	0.0	0.0	0.0	0.0	36.07273333333333	0.0	0.0	39.20882	0.0	0.0	84.4851	31.6312	0.0	0.0	0.0	0.0	0.0	0.0	0.0	0.0	0.0	0.0	0.0	0.0	34.8368	54.9588	39.008	0.0	36.459	0.0	0.0	0.0	0.0	0.0	0.0	0.0	0.0	0.0	0.0	10.5051	0.0	0.0	0.0	0.0	0.0	137.5515	137.494	1.42901	0.0	0.0	10.8913	0.0	0.0	21.7441	0.0	106.59605	121.71664999999999	9.15336	0.0	0.0	0.0	0.0	0.0	0.0	0.0	0.0	0.0	0.0	0.0	0.0	0.0	0.0	0.0	0.0	0.0	0.0	0.0	0.0	0.0	0.0	0.0	0.849679	0.0	0.0	0.0	0.0	0.0	2.93526	0.0	0.0	23.8296	22.0144	27.835583333333332	22.41995	5.48429	4.32564	0.0	0.0	45.342	106.30924285714286	60.6362	0.0	0.0	0.0
N57_1_2	0.0	0.637892	0.0	0.0	0.0	0.0	0.0	0.0	0.0	0.0	0.0	0.0	0.0	0.0	0.0	0.0	0.0	0.0	0.0	8.641306666666667	7.68022	1.07166	0.739954	0.0	2.1050424999999997	0.0	0.0	0.0	0.0	0.5060604166666667	0.58686	0.0	1.81161	2.8577533333333336	3.9039	0.0	4.10802	3.34255	1.20774	0.0	0.7271965	0.0	1.22475	1.3013	0.0	0.0	0.969595	2.24538	0.0	0.0	0.0	0.0	0.0	0.0	0.0	1.36934	1.40336	0.47783881818181817	0.0	0.0	0.0	0.76547	0.0	1.86264	15.2329	7.1699	4.31215	0.0	0.0	0.0	1.7861	0.0	4.66937	0.0	0.893048	0.0	0.0	0.0	0.0	2.1773366666666667	0.688923	2.4495	2.39847	0.0	0.0	4.699988	0.0	0.842017	0.535829	0.0	2.24538	1.0461420000000001	0.688923	0.663407	0.0	0.0	0.0	0.0	3.06613	2.70466	0.357219	1.99022	0.0	0.0	3.25324875	2.9470625	0.0	0.0	0.0	0.0	0.0	1.35233	0.0	0.0	0.0	0.0	0.0	0.0	0.0	0.0	0.0	1.40336	2.32193	0.995111	0.0	0.0	0.0	0.0	3.59771	0.893048	0.0	0.0	0.0	0.0	0.0	3.11291	0.0	1.14821	1.14821	1.02063	0.0	0.0	0.7727601428571428	0.0	3.40634	0.637892	0.3444615	1.0546483333333334	0.775676	0.0	0.0	0.0	0.0	0.0	0.0	1.02063	1.27578	1.55646	0.0	0.0	0.0	0.0	0.0	0.0	1.68403	2.14332	1.73507	1.9855809090909091	3.8921215384615384	0.637892	3.3680683333333334	2.1178025	0.0	0.0	1.14821	1.09717	0.0	0.0	4.21009	1.60749	0.561345	2.24538	0.739954	1.91368	2.78121	0.0	0.714439	1.37785	0.8845426666666668	1.7861	1.7861	4.97556	4.97556	0.0	0.0	0.0	0.0	0.58686	0.0	0.459282	0.714439	6.67661	6.30237	0.688923	1.60749	0.357219	0.0	0.0	0.0	0.0	0.0	0.0	0.0	0.0	0.0	0.0	8.90497	2.34744	2.29641	0.58686	4.84798	1.83713	3.16394	0.663407	0.5230710000000001	0.0	0.0	0.0	0.0	0.0	0.0	0.0	0.0	0.0	0.0	0.0	0.0	0.867533	1.19924	0.0	0.0	0.0	6.17479	1.37785	1.849885	0.0	1.42888	1.86264	2.39847	0.0
N57_2_4	0.0	12.8586	0.0	0.0	0.0	0.0	0.0	0.0	2.3477	0.0	0.0	0.0	0.0	0.0	0.0	0.0	0.0	0.0	0.0	205.27233333333334	161.316	13.5952	10.3728	0.0	0.0	0.0	0.0	0.0	0.0	0.0	0.0	0.0	28.5867	34.66816666666667	117.86	0.0	120.899	123.691	30.9497	0.0	7.104465	50.5292	13.7026	13.7946	18.8583	0.0	22.3261	29.369225	20.2239	0.0	0.0	0.0	0.0	0.0	0.0	0.0	0.0	5.4726828125	0.0	0.0	0.0	0.0	0.0	24.5511	135.307	63.1423	58.2321	0.0	0.0	0.0	52.5546	0.0	99.0636	0.0	0.0	0.0	0.0	0.0	0.0	39.6551	19.0271	54.1965	0.0	0.0	0.0	0.0	0.0	21.8198	19.5948	0.0	40.1717	27.15195	5.713236666666667	5.17107	0.0	0.0	1.825985	0.0	68.7353	0.0	0.0	0.0	0.0	0.0	68.485970625	87.99255	0.0	0.0	0.0	0.0	0.0	0.0	0.0	0.0	0.0	0.0	0.0	0.0	0.0	0.0	0.0	35.6144	33.2514	23.5076	0.230166	0.0	0.0	0.0	82.6911	20.5155	0.0	0.0	0.0	8.47012	0.0	63.1269	23.032	0.0	0.0	0.0	0.0	0.0	0.0	0.0	28.648	6.9011525	4.54195	9.160616666666668	6.785302	1.8183150000000001	0.0	0.0	0.0	0.0	0.0	0.0	0.0	49.409	0.0	0.0	12.8893	0.0	32.1619	10.4342	16.5413	39.9722	34.0646	15.550836363636364	38.63665	6.39862	72.36120000000001	65.9273	0.0	0.0	0.0	0.0	0.0	0.0	45.7877	22.1113	10.204	31.5788	8.59287	19.4874	37.3483	0.0	20.4081	35.9827	19.3263	15.7536	58.094	0.0	0.0	0.0	0.928337	1.39634	0.0	9.78974	0.0	0.0	0.0	99.80526666666667	0.0	12.0147	23.2928	13.365	0.0	0.0	141.491	0.0	0.0	0.0	0.0	0.0	0.0	0.0	138.207	35.7371	39.27405	9.39078	55.7309	33.2514	45.4502	17.4006	13.17315	0.0	0.0	2.6939473913043477	0.0	0.398955	0.0	0.0	0.0	0.0	0.0	0.5514962352941177	0.0	0.0	0.0	0.0	0.0	0.0	102.363	21.2367	55.1632	0.0	0.0	20.7763	20.9298	0.0
N57_2_3	0.0	0.0	0.0	0.0	0.0	0.0	0.0	0.0	0.0	0.0	1.18058	10.3403	0.0	0.0	0.0	0.0	0.0	0.0	0.0	14.5741	0.0	0.0	0.0	0.0	0.0	0.0	10.3403	0.0	0.0	0.651357	0.651357	0.0	0.0	0.0	0.0	0.0	0.0	0.0	0.0	0.0	0.0	0.0	0.0	0.0	0.0	8.79332	0.0	0.0	0.0	0.0	0.0	0.0	2.84969	0.0	0.0	16.2975	16.6096	0.0	0.0	10.345387500000001	0.0	1.99478	0.0	0.0	0.0	0.0	0.0	0.0	5.94363	0.0	0.0	0.0	0.0	2.97182	2.56472	0.0	0.0	0.0	0.0	0.0	0.0	0.0	0.0	0.0	0.0	16.373506666666668	2.7988025	0.0	0.0	0.0	0.0	3.01253	0.0	0.0	0.732777	1.01775	0.0	0.0	0.0	19.4186	4.11169	17.8716	10.8288	0.0	15.286535	20.5585	0.0	2.68685	3.90814	3.82672	4.31524	16.2025	0.0	0.0	0.0	0.0	0.0	0.0	0.0	0.0	0.0	0.0	0.0	0.0	0.0	0.0	0.0	8.54906	0.0	0.0	0.0	3.05324	3.216075	0.0	2.19833	0.0	0.0	14.302750000000001	14.3299	12.96605	1.05846	12.1722	0.0	5.61796	0.0	0.0	0.0	0.0	0.0	0.0	0.0	8.42693	0.0	0.0	0.0	0.0	15.6733	8.67119	0.0	0.0	0.0	0.0	0.0	0.0	0.0	0.0	0.0	0.0	0.0	0.0	10.6253	10.4624	11.7651	0.0	6.35073	0.0	5.57725	0.0	0.0	0.0	0.0	0.0	0.0	0.0	0.0	1.99478	0.0	0.0	0.0	0.0	0.0	38.2672	38.2265	0.0	0.0	0.0	2.40188	0.0	0.0	4.5595	0.0	28.157633333333337	30.2881	1.83194	0.0	0.0	11.3173	0.0	0.0	1.34342	0.936326	2.15762	2.23904	1.87265	0.0	1.13988	0.0	0.0	0.0	0.0	0.0	0.0	0.0	0.0	0.0	2.0762	2.64614	0.0	0.0	0.0	0.0	6.310019999999999	0.0	0.0	0.0	0.0	3.01253	2.76827	3.401536666666667	2.97182	0.0	0.0	0.0	0.0	13.5564	0.0	15.6326	0.0	0.0	0.0
N58_1_2	0.0	0.0	0.0	0.0	0.0	0.0	0.0	0.0	0.0	0.0	4.84847	3.63636	0.0	0.0	0.0	0.0	0.0	0.0	0.0	0.0	0.0	0.0	0.0	0.0	10.595225	8.70128	3.63636	11.9913	0.0	13.517249999999999	16.1472	0.0	0.0	0.0	0.0	0.0	0.0	0.0	0.0	0.0	0.0	0.0	0.0	0.0	0.0	0.0	0.0	0.0	0.0	0.0	0.0	0.0	2.72727	0.0	0.0	22.554099999999995	22.5974	0.0	0.0	6.94262375	0.0	4.37228	0.0	0.0	0.0	0.0	0.0	0.0	6.23375	0.0	0.0	0.0	0.0	0.0	10.4762	0.0	0.0	0.0	0.0	0.0	0.0	0.0	9.56708	8.636345	0.0	8.545436	14.8971625	0.0	0.0	0.0	0.0	0.0	0.0	0.0	1.25541	0.0	0.0	0.0	0.0	28.4848	4.32899	16.7965	2.85714	0.0	32.0995	23.5064	0.0	0.0	0.0	0.0	0.0	19.5238	0.0	0.0	0.0	0.0	0.0	0.0	0.0	0.0	0.0	0.0	0.0	0.0	0.0	0.0	0.0	0.0	0.0	0.0	0.0	0.0	0.0	0.0	0.0	0.0	0.0	15.21645	15.2381	14.0259	1.08225	13.2034	0.0	0.0	0.0	0.0	0.0	0.0	0.0	0.0	0.0	0.0	0.0	0.0	0.0	0.0	16.8831	10.4329	0.0	0.0	0.0	0.0	0.0	0.0	0.0	0.0	0.0	0.0	0.0	0.0	11.8614	14.5021	11.6017	0.0	37.619	0.0	0.0	0.0	0.0	0.0	0.0	0.0	0.0	0.0	0.0	0.0	0.0	0.0	0.0	0.0	0.0	30.8224	30.8224	0.0	0.0	0.0	1.64502	0.0	0.0	4.7186	0.0	49.03306666666666	52.3808	2.1645	0.0	0.0	0.0	0.0	0.0	0.0	0.0	0.0	0.0	0.0	0.0	0.0	0.0	0.0	0.0	0.0	0.0	0.0	0.0	0.0	0.0	0.0	0.0	0.0	0.0	0.0	0.0	0.0	0.0	0.0	0.0	0.0	32.2943	28.0086	36.0894	29.1125	0.0	0.0	0.0	0.0	4.84847	0.0	16.8398	0.0	0.0	0.0
N58_1_3	0.0	0.0	0.0	0.0	0.0	0.0	0.0	0.0	0.0	0.0	0.0	0.9856380000000001	0.0	0.0	0.0	0.0	0.0	0.0	0.0	0.0	0.0	0.0	0.0	0.0	6.142635	0.0	0.9856380000000001	0.0	0.0	0.0	0.0	0.0	0.0	0.0	0.0	3.731345	0.0	0.0	0.0	0.457618	0.0	0.0	0.0	0.0	0.0	0.0	0.0	0.0	0.0	0.0	0.0	0.0	0.880034	0.0	0.0	6.65306	6.72346	0.0	0.0	0.875633875	0.0	3.20332	0.0	0.0	0.0	0.0	0.0	0.0	0.0	0.0	0.0	0.0	0.0	0.0	2.92171	0.0	0.0	0.0	0.0	0.0	0.0	0.0	2.39369	0.0	0.0	5.198066666666667	0.0	0.0	0.0	0.0	0.0	0.0	0.0	0.0	0.387215	0.0	0.0	0.0	0.0	5.245	1.58406	4.43537	2.14728	0.0	7.7091	7.07547	0.0	0.0	0.0	0.0	0.0	3.90735	0.0	0.0	0.0	0.0	0.0	0.0	0.0	0.0	0.0	0.0	0.0	0.0	0.0	0.0	0.0	0.0	0.0	0.0	0.0	0.0	0.0	0.0	1.58406	0.0	0.0	6.013563333333333	6.01943	5.245	0.0	0.0	0.0	0.0	0.0	0.0	0.0	0.0	0.0	0.0	0.0	0.0	0.0	0.0	0.0	0.0	3.97775	2.5345	0.0	0.0	0.0	0.0	0.0	0.0	0.0	0.0	0.0	0.0	0.0	0.0	0.0	3.83695	0.0	0.0	0.0	0.0	0.0	0.0	0.0	0.0	0.0	0.0	0.0	0.0	0.0	0.0	0.0	0.0	0.0	0.0	0.0	17.4951	17.4951	0.563222	0.0	0.0	1.23205	0.0	0.0	2.28809	0.0	11.3524	9.25796	0.492819	0.0	0.0	0.0	0.0	0.0	0.0	0.0	0.0	0.0	0.0	0.0	0.0	0.0	0.0	0.0	0.0	0.0	0.0	0.0	0.0	0.0	0.0	0.0	0.0	0.0	0.0	0.0	0.0	0.0	0.0	0.0	0.0	0.0	0.0	0.0	0.0	0.0	0.0	0.0	0.0	4.11856	0.0	4.64658	0.0	0.0	0.0
N58_2_2	0.0	0.0	0.0	0.0	0.0	0.0	0.0	0.0	0.0	0.0	20.1502	2.09534	0.0	0.0	0.0	0.0	0.0	0.0	0.0	0.0	0.0	0.0	0.0	0.0	16.806324999999998	0.0	2.09534	40.6146	0.0	42.32290833333334	51.1123	0.0	0.0	0.0	0.0	6.4431650000000005	0.0	0.0	0.0	0.0	0.0	0.0	0.0	0.0	0.0	0.0	0.0	0.0	0.0	0.0	0.0	0.0	1.74612	0.0	0.0	15.004933333333334	15.0515	0.0	0.0	1.2135500000000001	0.0	7.5083	0.0	0.0	0.0	0.0	0.0	0.0	0.0	0.0	0.0	0.0	0.0	0.0	5.09866	0.0	0.0	0.0	0.0	0.0	0.0	0.0	16.9373	0.919622	0.0	36.29589333333333	46.4728625	0.0	0.0	0.0	0.0	0.0	0.0	0.0	1.50166	0.0	0.0	0.0	0.0	18.5437	2.40964	10.1275	4.43513	0.0	55.80585	15.8198	0.0	0.0	0.0	0.0	0.0	9.21949	0.0	0.0	0.0	0.0	0.0	0.0	0.0	0.0	0.0	0.0	0.0	0.0	0.0	0.0	0.0	0.0	0.0	0.0	0.0	0.0	0.0	0.0	3.14301	0.0	0.0	8.707298333333332	8.704382500000001	7.57814	0.0	5.02881	0.0	0.0	0.0	0.0	0.0	0.0	0.0	0.0	0.0	0.0	0.0	0.0	0.0	0.0	8.66073	4.67959	0.0	0.0	0.0	0.0	0.0	0.0	0.0	0.0	0.0	0.0	0.0	0.0	0.0	8.10197	5.97171	0.0	98.0269	0.0	0.0	0.0	0.0	0.0	0.0	0.0	0.0	0.0	0.0	0.0	0.0	0.0	0.0	0.0	0.0	44.4212	44.4212	0.733368	0.0	0.0	2.26995	0.0	0.0	2.54933	0.0	76.52640000000001	59.6822	1.64135	0.0	0.0	0.0	0.0	0.0	0.0	0.0	0.0	0.0	0.0	0.0	0.0	0.0	0.0	0.0	0.0	0.0	0.0	0.0	0.0	0.0	0.0	0.0	0.0	0.0	0.0	0.0	0.0	0.0	0.0	0.0	0.0	89.1566	81.1245	103.72125	82.45155	0.0	0.0	0.0	0.0	8.87027	0.0	10.8608	0.0	0.0	0.0
N58_2_3	0.0	0.0	0.0	0.0	0.0	0.0	0.0	0.0	0.0	0.0	0.0	0.0	0.0	0.0	0.0	0.0	0.0	0.0	0.0	277.57666666666665	214.041	25.0032	0.0	0.0	0.0	0.0	0.0	0.0	0.0	0.0	0.0	0.0	45.8018	0.0	57.967	0.0	55.2761	62.9004	19.20085	0.0	0.0	0.0	0.0	0.0	0.0	0.0	33.8608	34.827875	0.0	4.431764736842105	0.0	0.0	0.0	0.0	0.0	0.0	0.0	0.0	0.0	0.0	0.0	0.0	0.0	78.1489	488.515	230.915	0.0	0.0	0.0	0.0	64.6383	0.0	131.463	0.0	0.0	0.0	0.0	0.0	0.0	54.6594	22.2001	67.8337	0.0	0.0	0.0	0.0	0.0	29.8244	30.8896	0.0	46.75485	37.6169	19.98575	18.6683	0.0	0.0	0.0	3.111385	92.20156666666666	0.0	0.0	0.0	0.0	0.0	121.74828571428573	113.7755	0.0	0.0	0.0	0.0	0.0	0.0	0.0	0.0	0.0	0.0	0.0	0.0	0.0	0.0	0.0	51.52	0.0	48.8851	0.0	0.0	0.0	0.0	120.755	42.0457	0.0	0.0	0.0	0.0	0.0	93.6778	0.0	0.0	0.0	0.0	0.0	0.0	0.0	0.0	0.0	0.0	0.0	0.0	0.0	6.39095	0.0	0.0	0.0	0.0	0.0	0.0	0.0	61.8352	0.0	0.0	19.7895	0.0	29.8805	0.0	52.6973	64.0216	49.5018	39.62998181818182	131.87792	16.538	96.44724	80.44745	0.0	0.0	0.0	0.0	0.0	0.0	0.0	0.0	0.0	0.0	0.0	0.0	0.0	0.0	32.1229	63.7413	28.0305	31.898650000000004	72.3747	0.0	0.0	0.0	0.0	0.0	0.0	28.7032	0.0	0.0	0.0	191.8125	0.0	12.1092	29.432	25.9562	0.0	0.0	0.0	0.0	0.0	0.0	0.0	0.0	0.0	0.0	77.308	0.0	0.0	0.0	0.0	23.882	0.0	20.7986	16.2857	0.0	0.0	0.0	0.0	23.4895	0.0	0.0	0.0	0.0	0.0	0.0	0.0	0.0	0.0	0.0	0.0	0.0	126.305	24.9471	76.0186	0.0	0.0	71.8141	76.0186	0.0
N58_2_4	0.0	0.0	0.0	0.0	0.0	0.0	0.0	0.0	0.0	0.0	0.0	0.0	0.0	0.0	0.0	0.0	0.0	0.0	0.0	200.62866666666665	147.835	18.8594	12.7788	0.0	0.0	0.0	0.0	0.0	0.0	0.0	0.0	0.0	31.4957	0.0	46.7447	0.0	45.3195	50.1175	21.590899999999998	0.0	0.0	0.0	0.0	0.0	0.0	0.0	24.4174	18.990025	0.0	2.829925238095238	0.0	0.0	0.0	0.0	0.0	0.0	0.0	0.0	0.0	0.0	0.0	0.0	0.0	52.3027	409.111	195.672	0.0	0.0	0.0	0.0	39.999	0.0	84.5585	0.0	0.0	0.0	0.0	0.0	0.0	38.288833333333336	18.4318	40.4741	0.0	0.0	0.0	0.0	0.0	24.94	21.7572	0.0	39.0964	23.7524	16.9592	15.2015	0.0	0.0	0.0	1.09261	58.462500000000006	0.0	0.0	0.0	0.0	0.0	70.33081125	58.33584333333334	0.0	0.0	0.0	0.0	0.0	0.0	0.0	0.0	0.0	0.0	0.0	0.0	0.0	0.0	0.0	38.1938	0.0	32.6358	0.0	0.0	0.0	0.0	74.725	26.6027	0.0	0.0	0.0	0.0	0.0	68.8819	0.0	0.0	0.0	0.0	0.0	0.0	0.0	0.0	0.0	0.0	0.0	0.0	0.0	5.724325	0.0	0.0	3.94289	0.0	0.0	0.0	0.0	38.7164	1.47265	0.0	13.3963	0.0	23.2773	0.0	39.809	45.8421	31.2106	29.712090909090907	73.16874	12.1137	59.513940000000005	51.68515	0.0	0.0	0.0	0.0	0.0	0.0	0.0	0.0	0.0	0.0	0.0	0.0	0.0	0.0	25.1775	40.379	21.2346	22.77855	54.0604	0.0	0.0	0.0	0.0	0.0	0.0	18.9069	0.0	0.0	0.0	102.07176666666665	23.0398	10.5461	25.5576	16.2941	0.0	0.0	0.0	0.0	0.0	0.0	0.0	0.0	0.0	0.0	51.5902	0.0	0.0	0.0	0.0	17.0067	0.0	12.7788	12.9213	0.0	0.0	0.0	0.0	21.8997	0.0	0.0	0.0	0.0	0.0	0.0	0.0	0.0	0.0	0.0	0.0	0.0	90.6866	14.964	50.5451	0.0	0.0	51.8277	54.1554	0.0
N58_1_4	0.0	0.0	0.0	0.0	0.0	0.0	0.0	0.0	0.0	0.0	0.0	0.0	0.0	0.0	0.0	0.0	0.0	0.0	0.0	201.12800000000001	148.475	19.1752	0.0	0.0	0.0	0.0	0.0	0.0	0.0	0.0	0.0	0.0	32.1351	0.0	45.3022	0.0	43.0693	48.7551	21.67275	0.0	0.0	0.0	0.0	0.0	0.0	0.0	23.6409	20.596600000000002	0.0	2.3940174117647057	0.0	0.0	0.0	0.0	0.0	0.0	0.0	0.0	0.0	0.0	0.0	0.0	0.0	56.1213	441.742	210.627	0.0	0.0	0.897756	0.0	38.2582	0.0	86.0925	0.0	0.0	0.0	0.0	0.0	0.0	39.969366666666666	18.991	37.1533	0.0	0.0	0.529446	0.437368	0.0	24.4006	21.8454	0.0	41.055099999999996	22.8352	17.655866666666668	16.0215	0.0	0.0	0.0	0.0	58.795350000000006	0.0	0.0	0.0	0.0	2.02571	71.1730925	77.3912	0.0	0.0	0.0	0.0	0.0	0.0	0.0	0.0	0.0	0.0	0.0	0.0	0.0	0.0	0.0	37.7288	0.0	32.2041	0.805679	0.39133	0.874737	0.0	77.161	27.7844	1.01285	0.0	0.0	0.0	0.0	67.4008	0.0	0.0	0.0	0.0	0.0	0.0	0.0	0.0	0.0	0.0	0.0	0.0	0.0	5.927495	0.0	0.0	0.0	0.0	0.0	0.0	0.0	37.4756	0.0	0.0	13.2822	0.0	24.884	0.0	38.6496	49.814	30.9841	29.94613636363636	77.941816	11.7629	49.11954666666667	51.759100000000004	0.0	0.0	0.0	0.0	0.0	0.0	0.0	0.0	0.0	0.0	0.0	0.0	0.0	0.0	22.9734	44.2893	23.0424	22.478450000000002	54.2337	0.0	0.0	0.0	0.0	0.0	0.0	19.6586	0.0	0.0	0.0	78.20837499999999	12.0852	12.5916	25.2062	16.0675	0.0	0.0	0.0	0.0	0.0	0.0	0.0	0.0	0.0	0.0	48.617	0.0	0.0	0.0	0.0	16.0215	0.0	12.6376	13.62745	0.0	0.0	0.0	0.0	21.5462	0.0	0.0	0.0	0.0	0.0	2.311633684210526	0.0	0.0	0.0	0.0	0.0	0.0	85.9314	14.0418	50.6887	0.0	0.0	53.5891	54.1416	1.68042
N59_1_2	0.0	0.0	0.0	0.0	0.0	0.0	0.0	0.0	0.0	0.0	3.98793	22.780766666666665	0.0	0.0	0.0	0.0	0.0	0.0	0.0	0.0	0.0	0.0	0.0	0.0	82.09472500000001	41.9124	22.780766666666665	7.89767	0.0	8.1452875	10.3999	0.0	0.0	0.0	0.0	42.34245	0.0	0.0	0.0	0.0	0.0	0.0	0.0	0.0	0.0	0.0	0.0	0.0	0.0	0.0	0.0	0.0	20.1742	0.0	0.0	126.519	127.184	0.0	0.0	36.0478	0.0	34.3275	0.0	0.0	0.0	0.0	0.0	0.0	29.0493	0.0	0.0	0.0	0.0	0.0	55.8701	0.0	0.0	0.0	0.0	0.0	0.0	0.0	95.6322	34.62075	0.0	173.2512	10.6785	0.0	0.0	0.0	0.0	0.0	0.0	0.0	7.93677	0.0	0.0	0.0	0.0	149.821	26.7817	101.458	28.2674	0.0	94.6549	133.557	0.430071	0.0	0.0	0.0	0.0	112.64	0.0	0.0	0.0	0.0	0.0	0.0	0.0	0.0	0.0	0.0	0.0	0.0	0.0	0.0	0.0	0.0	0.0	0.0	0.0	0.0	0.0	0.0	14.2705	0.0	0.0	95.82111666666667	95.984	84.46985000000001	4.4962	68.6941	0.0	0.0	0.0	0.0	0.0	0.0	0.0	0.0	0.0	0.0	0.0	0.0	0.0	0.0	100.989	51.5303	0.0	0.0	0.0	0.0	0.0	0.0	0.0	0.0	0.0	0.0	0.0	0.0	59.3498	84.4894	62.3603	0.0	21.1126	0.0	0.0	0.0	0.0	0.0	0.0	0.0	0.0	0.0	0.0	14.2705	0.0	0.0	0.0	0.0	0.0	232.942	232.72750000000002	3.20598	0.0	0.0	12.7457	0.0	0.0	31.1606	0.0	190.8864	250.145	15.3262	0.0	0.0	0.0	0.0	0.0	0.0	0.0	0.0	0.0	0.0	0.0	0.0	0.0	0.0	0.0	0.0	0.0	0.0	0.0	0.0	0.0	0.0	0.0	0.0	0.0	0.0	0.0	0.0	0.0	0.0	0.0	0.0	18.884	16.1472	21.473127777777776	17.16375	0.0	0.0	0.0	0.0	49.0281	0.0	104.351	0.0	0.0	0.0
N59_1_4	0.0	0.0	0.0	0.0	0.0	0.0	0.0	0.0	0.0	0.0	0.0	4.76982	0.0	0.0	0.0	0.0	0.0	0.0	0.0	0.0	0.0	0.0	0.0	0.0	0.0	0.0	4.76982	0.0	0.0	0.0	0.0	0.0	0.0	0.0	0.0	12.11345	0.259743	0.0	0.0	0.0	0.0	0.0	0.0	0.0	0.0	0.0	0.0	0.0	0.0	0.0	0.0	0.0	3.48685	0.0	0.0	18.300066666666666	19.0793	0.0	0.0	13.2813125	0.0	0.0	0.0	0.0	0.0	0.0	0.0	0.0	31.129775000000002	0.0	0.244001	0.0	0.0	0.0	7.18622	0.0	0.0	0.0	0.0	0.0	0.0	0.0	10.9249	0.0	26.81254285714286	18.93657333333333	0.0	0.0	0.0	0.0	0.0	0.0	0.0	0.0	1.89691	0.0	0.0	0.0	0.0	63.149	8.115	21.9837	10.799	118.671	92.5577	44.235	0.2479365	0.0	0.0	0.0	0.0	32.9952	0.0	0.0	0.0	0.0	0.0	0.0	0.0	0.0	0.0	0.0	0.0	0.0	36.1042	28.406399999999998	53.9714	0.0	0.0	0.0	64.46934999999999	0.0	0.0	0.0	6.25744	0.0	0.0	17.25845	17.28075	15.2186	1.32233	9.2799	0.0	0.0	0.0	0.0	0.0	0.0	0.0	0.0	0.0	0.0	0.0	0.0	0.0	0.0	24.8566	12.7195	0.0	0.0	0.0	0.0	0.0	0.0	0.0	0.0	0.0	0.0	0.0	0.0	102.228	33.9161	16.4268	0.0	0.0	0.0	0.0	0.0	0.0	0.133807	0.0	0.133807	0.0	0.0	0.0	0.0	0.0	0.0	0.0	0.0	0.0	33.617	33.597350000000006	0.0	0.0	0.0	1.7631	0.0	0.0	8.87061	0.0	155.08	181.5365	16.0647	0.0	0.0	0.0	0.0	0.0	0.0	0.0	0.0	0.0	0.0	0.0	0.0	0.0	0.0	0.0	0.0	0.0	0.0	0.0	0.0	0.0	0.0	0.0	0.0	0.0	0.0	0.0	0.0	0.0	0.0	0.0	76.17575172413794	0.0	0.0	0.0	0.0	0.0	0.0	0.0	0.0	19.1895	0.0	20.9683	0.0	0.0	102.323
N59_1_3	0.0	0.0	0.0	0.0	0.0	0.0	0.0	0.0	0.0	0.0	0.0	8.12887	0.0	0.0	0.0	0.0	0.0	0.0	0.0	0.0	0.0	0.0	0.0	0.0	21.040075	18.6438	8.12887	0.0	0.0	0.0	0.0	0.0	0.0	0.0	0.0	12.0518	0.0	0.0	0.0	0.0	0.0	0.0	0.0	0.0	0.0	0.0	0.0	0.0	0.0	0.0	0.0	0.0	9.09949	0.0	0.0	47.24993333333333	47.8835	0.0	0.0	18.79045	0.0	9.0186	0.0	0.0	0.0	0.0	0.0	0.0	10.7576	0.0	0.0	0.0	0.0	0.0	20.2211	0.0	0.0	0.0	0.0	0.0	0.0	0.0	33.0412	14.437850000000001	0.0	55.63492	0.0	0.0	0.0	0.0	0.0	0.0	0.0	0.0	2.46697	0.0	0.0	0.0	0.0	48.2879	8.97816	35.2251	8.00755	0.0	59.814	48.0048	0.262874	0.0	0.0	0.0	0.0	41.0084	0.0	0.0	0.0	0.0	0.0	0.0	0.0	0.0	0.0	0.0	0.0	0.0	0.0	0.0	0.0	0.0	0.0	0.0	0.0	0.0	0.0	0.0	4.77217	0.0	0.0	35.93283333333333	35.9935	31.8482	2.10299	26.9345	0.0	0.0	0.0	0.0	0.0	0.0	0.0	0.0	0.0	0.0	0.0	0.0	0.0	0.0	38.9862	17.9159	0.0	0.0	0.0	0.0	0.0	0.0	0.0	0.0	0.0	0.0	0.0	0.0	21.9601	30.9787	20.0998	0.0	0.0	0.0	0.0	0.0	0.0	0.0	0.0	0.0	0.0	0.0	0.0	5.58102	0.0	0.0	0.0	0.0	0.0	62.6045	62.564	1.21326	0.0	0.0	4.73173	0.0	0.0	10.5958	0.0	88.60875	88.0426	4.61041	0.0	0.0	0.0	0.0	0.0	0.0	0.0	0.0	0.0	0.0	0.0	0.0	0.0	0.0	0.0	0.0	0.0	0.0	0.0	0.0	0.0	0.0	0.0	0.0	0.0	0.0	0.0	0.0	0.0	0.0	0.0	0.0	0.0	0.0	0.0	0.0	0.0	0.0	0.0	0.0	12.6988	0.0	38.0156	0.0	0.0	0.0
N60_1_2	0.0	0.0	0.0	0.0	0.0	0.0	0.0	0.0	0.0	0.0	0.0	3.62003	0.0	0.0	0.0	0.0	0.0	0.0	0.0	0.0	0.0	0.0	0.0	0.0	0.0	0.0	3.62003	0.0	0.0	0.46095058333333333	0.463364	0.0	0.0	0.0	0.0	5.47348	0.0	0.0	0.0	0.0	0.0	0.0	0.0	0.0	0.0	0.0	0.0	0.0	0.0	0.0	0.0	0.0	1.30321	0.0	0.0	5.898233333333334	5.99477	0.0	0.0	2.88878	0.0	0.0	2.57746	0.0	0.0	0.0	0.0	0.0	0.0	0.0	0.0	0.0	0.0	0.0	2.17202	0.0	0.0	0.0	0.0	0.0	0.0	0.0	0.0	0.0	0.0	4.564126	0.608165	0.0	0.0	0.0	0.0	0.0	0.0	0.0	0.666085	0.0	0.0	0.0	10.9759	9.87543	1.79553	4.89428	3.30147	0.0	14.147065000000001	10.165	0.159281	0.0	0.0	0.0	0.0	7.18213	0.0	0.0	0.0	0.0	0.0	0.0	0.0	0.0	0.0	0.0	0.0	0.0	0.0	0.0	0.0	0.0	0.0	0.0	0.0	0.0	0.0	0.0	0.0	0.0	0.0	5.70516	5.70516	4.83636	0.0	3.06978	0.0	0.0	0.0	0.0	0.0	0.0	0.0	0.0	0.0	0.0	0.0	0.0	0.0	0.0	7.18213	3.21458	0.0	0.0	0.0	0.0	0.0	0.0	0.0	0.0	0.0	0.0	0.0	0.0	14.7118	9.9913	0.0	0.0	0.984648	0.0	0.0	0.0	0.0	0.0	0.0	0.0	0.0	0.0	0.0	0.0	0.0	0.0	0.0	0.0	0.0	18.4187	18.4187	0.0	0.0	0.0	0.897767	0.0	0.0	1.65073	0.0	25.984550000000002	18.6504	2.099614	4.43091	0.0	0.0	0.0	0.0	0.0	0.0	0.0	0.0	0.0	0.0	0.0	0.0	0.0	0.0	0.0	0.0	0.0	0.0	0.0	0.0	0.0	0.0	0.0	0.0	0.0	0.0	0.0	0.0	0.0	0.0	0.0	0.0	0.0	0.0	0.0	0.0	0.0	28.1783	0.0	2.20098	0.0	6.11061	0.0	0.0	0.0
N60_1_3	0.0	0.0	0.0	0.0	0.0	0.0	0.0	0.0	0.0	0.0	0.0	0.0	0.0	0.0	0.0	0.0	0.0	0.0	0.0	0.0	0.0	0.0	0.0	0.0	0.0	0.0	0.0	0.0	0.0	0.0	0.0	0.0	0.0	0.0	0.0	0.0	0.0	0.0	0.0	0.0	0.0	0.0	0.0	0.0	0.0	0.0	0.0	0.0	0.0	0.0	0.0	0.0	0.0	0.0	0.0	0.0	0.0	0.0	0.0	0.0	0.0	0.0	0.0	0.0	0.0	0.0	0.0	0.0	0.0	0.0	0.0	0.0	0.0	0.0	0.0	0.0	0.0	0.0	0.0	0.0	0.0	0.0	0.0	0.0	0.0	0.0	0.0	0.0	0.0	0.0	0.0	0.0	0.0	0.0	0.0	0.0	0.0	0.0	0.0	0.0	0.0	0.0	0.0	0.0	0.0	0.0	0.0	0.0	0.0	0.0	0.0	0.0	0.0	0.0	0.0	0.0	0.0	0.0	0.0	0.0	0.0	0.0	0.0	0.0	0.0	0.0	0.0	0.0	0.0	0.0	0.0	0.0	0.0	0.0	0.0	0.0	0.0	0.0	0.0	0.0	0.0	0.0	0.0	0.0	0.0	0.0	0.0	0.0	0.0	0.0	0.0	0.0	0.0	0.0	0.0	0.0	0.0	0.0	0.0	0.0	0.0	0.0	0.0	0.0	0.0	0.0	0.0	0.0	0.0	0.0	0.0	0.0	0.0	0.0	0.0	0.0	0.0	0.0	0.0	0.0	0.0	0.0	0.0	0.0	0.0	0.0	0.0	0.0	0.0	0.0	0.0	0.0	0.0	0.0	0.0	0.0	0.0	0.0	0.0	0.0	0.0	0.0	0.0	0.0	0.0	0.0	0.0	0.0	0.0	0.0	0.0	0.0	0.0	0.0	0.0	0.0	0.0	0.0	0.0	0.0	0.0	0.0	0.0	0.0	0.0	0.0	0.0	0.0	0.0	0.0	0.0	0.0	0.0	0.0	0.0	0.0	0.0	0.0	0.0	0.0	0.0	0.0	0.0	0.0	0.0	0.0	0.0	0.0	0.0	0.0
N60_1_4	6.68939	16.4422	4.5169	12.4254	10.0028	2.53197	7.84597	6.15799	1.8599	0.0	0.0	0.0	0.0	0.0	0.0	0.0	0.0	0.0	0.0	139.3936666666667	108.687	16.2859	12.4566	0.0	0.0	0.0	0.0	0.0	0.0	0.0	0.0	0.0	13.6132	38.00553333333333	62.1426	1.03154	64.2838	55.7814	18.359366666666666	0.140665	8.61964	0.0	12.738	14.6917	0.0	0.0	11.6127	19.1695	0.0	10.45413	0.0	0.0	0.0	0.0	0.0	0.0	0.0	5.938676129032258	0.0	0.28133	0.0	0.0	1.07843	21.8187	179.879	82.7265	65.9874	0.0	2.53197	0.0	32.4779	0.0	73.4895	0.0	0.390736	0.0	0.0	0.0	0.0	29.69073333333333	12.4098	41.8556	0.0	0.0	0.0	2.1516499999999996	0.0	17.3174	13.7539	0.0	31.3448	19.7556	6.01733	5.39215	0.0	0.0	2.00838	0.0	46.12021714285714	7.70531	0.0	0.0	0.0	6.83006	49.504638	52.01472666666666	0.0	0.0	0.0	0.0	0.0	0.0	0.0	0.0	0.0	0.0	0.0	0.0	0.0	0.0	0.0	27.6016	26.9608	20.7559	2.43819	1.8833449999999998	3.62603	0.0	70.0198	16.8016	3.17277	0.0	0.0	7.95538	0.0	48.4981	0.0	0.0	0.0	0.0	0.0	0.0	10.341471904761905	0.0	26.312150000000003	5.78289	3.852655	7.465655000000001	5.251486	2.860185	0.0	0.0	0.0	0.0	0.0	9.87781	1.31287	16.8797885	0.0	0.0	8.37737	0.0	25.5854	0.0	18.2552	36.1821	25.2884	24.477109090909092	66.00003846153847	11.5189	43.179629999999996	36.4947	0.0	0.0	0.0	0.0	0.0	0.0	87.3685	41.1835	20.4277	62.4083	19.6618	35.5882	72.5361	0.0	15.5669	31.2276	10.6593	12.66765	51.5458	1.76612	1.76612	0.0	0.0	0.0	0.0	10.6436	0.0	0.296959	5.45467	74.21806000000001	37.1199	11.347	26.1168	13.5976	0.0	0.0	0.0	0.0	0.0	0.0	0.0	0.0	0.0	0.0	158.295	63.1898	60.040400000000005	20.6934	100.013	38.5265	73.0832	10.6202	12.3863	0.0	0.0	0.0	0.0	0.0	0.0	0.0	0.0	0.0	0.0	8.455517500000001	0.0	0.0	0.0	0.0	0.0	0.0	96.8868	11.9878	16.981385500000002	0.0	0.703324	20.5527	22.4439	6.83006
N60_2_3	0.0	1.87128	0.0	0.0	0.0	0.0	0.0	0.0	0.6468603333333334	0.0	0.0	0.0	0.0	0.0	0.0	0.0	0.0	0.0	0.0	193.365	147.346	22.2474	11.9207	0.0	0.0	0.0	0.0	0.0	0.0	0.0	0.0	0.0	38.3958	5.197986666666666	42.069	0.0	44.4255	35.8315	5.267293333333334	0.0	0.866329	0.0	0.0	8.80192	0.0	0.0	17.3959	26.013033333333336	0.0	0.0	0.0	0.0	0.0	0.0	0.0	0.0	0.0	15.071856333333333	0.0	0.0	0.0	0.0	0.0	55.0294	335.166	160.167	10.8811	0.0	0.0	0.0	47.6829	0.0	99.1083	0.0	0.0	0.0	0.0	0.0	0.0	43.9172	14.9702	51.7026	0.0	0.0	0.0	0.0	0.0	20.9999	19.2672	0.0	40.371	24.395899999999997	11.8514	10.7425	0.0	0.0	3.74255	0.0	67.43521666666668	0.0	0.0	0.0	0.0	0.0	76.0094142857143	90.09845	0.0	0.0	0.0	0.0	0.0	0.0	0.0	0.0	0.0	0.0	0.0	0.0	0.0	0.0	0.0	36.3166	45.1878	28.3464	0.0	0.0	0.0	0.0	75.1282	28.5543	0.0	0.0	0.0	0.0	0.0	64.5936	0.0	0.0	0.0	0.0	0.0	0.0	1.31682	0.0	8.282125	1.4207825	0.970291	2.726053333333333	2.5504819999999997	3.881165	0.0	0.0	0.0	0.0	0.0	0.0	0.0	46.574	0.0	0.0	0.0	0.0	24.6731	0.0	37.7027	44.7027	31.6038	35.7621	101.10223846153846	14.4157	75.08664	55.2026	0.0	0.0	0.0	0.0	0.0	0.0	11.8514	5.47521	2.28711	6.23758	1.66336	4.43562	8.10886	0.0	20.9999	50.0393	24.881	30.0097	50.3858	0.0	0.0	0.0	0.0	0.0	0.0	19.6137	0.0	0.0	0.0	148.2465	0.0	8.17817	23.4256	16.4949	0.0	0.0	0.0	0.0	0.0	0.0	0.0	0.0	0.0	0.0	68.1283	8.73262	8.31678	1.38613	14.3464	16.0791	13.2375	13.3068	14.5197	0.0	0.0	0.0	0.0	1.87128	1.38613	0.0	0.0	0.0	0.0	12.519721785714285	0.0	0.0	0.0	0.0	0.0	0.0	100.148	20.3761	56.1383	0.0	0.0	46.0888	54.3363	0.0
N60_2_4	0.0	8.24247	0.0	0.0	3.26265	0.0	0.0	0.0	1.635413	0.0	0.0	0.0	0.0	0.0	0.0	0.0	0.0	0.0	0.0	118.80466666666666	92.7033	14.4979	0.0	0.0	0.0	0.0	0.0	0.0	0.0	0.0	0.0	0.0	23.1329	26.11753333333333	49.2095	0.0	51.7853	43.0277	11.128966666666665	0.0	4.685455	5.64217	12.1429	13.5412	0.0	0.0	9.49356	13.990933333333333	0.0	0.0	0.0	0.0	0.0	0.0	0.0	0.0	0.0	8.5889778125	0.0	0.0	0.0	0.0	1.22656	32.1113	223.724	105.778	36.5269	0.0	0.0	0.0	26.0521	0.0	61.5487	0.0	0.269843	0.0	0.0	0.0	0.0	26.706266666666664	11.1862	33.2397	0.0	0.0	0.760466	0.784998	0.0	13.762	13.762	0.0	27.96555	14.95175	8.53276	7.77638	0.0	0.0	2.82108	0.0	40.218849999999996	5.32326	0.588748	1.71718	0.883122	0.0	40.35625	39.31529666666667	0.0	0.0	0.0	0.0	0.0	0.0	0.0	0.0	0.0	0.0	0.0	0.0	0.0	0.0	0.0	23.0593	29.2166	16.8039	0.564217	0.392499	0.760466	0.0	50.3134	18.0304	0.613279	0.0	0.0	0.0	0.0	38.6366	0.0	1.2142950000000001	1.22656	1.12843	0.0	0.0	0.0	0.0	22.2334	6.103356	3.949515	7.101773333333334	5.558764	3.01733	0.41703	0.0	0.0	0.7163102	0.0	0.0	0.0	27.7693	0.0	0.0	0.0	0.0	15.7981	0.0	22.2743	28.309	23.3782	20.918418181818183	53.60911923076923	9.49356	34.82727142857143	25.234409999999997	0.0	0.0	0.0	0.0	0.0	0.0	43.0767	19.7721	9.46903	31.449	8.19341	16.6321	30.1979	0.0	12.1184	30.5658	13.5412	17.38035	38.3422	1.27562	1.27562	0.0	0.0	0.0	0.0	9.41997	0.0	0.564217	0.0	55.823080000000004	24.06505	4.0353795	18.4229	10.7692	0.0	0.0	0.0	0.0	0.0	0.0	0.0	0.0	0.0	0.0	97.8058	29.3393	27.977800000000002	9.76341	50.4606	23.3537	35.2513	7.18763	8.56138	0.0	0.0	0.0	0.0	3.87593	1.71718	0.0	0.0	2.42859	0.0	20.430512903225807	0.0	0.0	0.0	0.0	0.0	0.0	75.8259	10.4503	16.84064	0.0	1.66812	28.8487	30.7621	0.0
N60_2_2	0.0	0.0	0.0	0.0	0.0	0.0	0.0	0.0	0.0	0.0	17.85	0.0	0.0	0.0	0.0	0.0	0.0	0.0	0.0	0.0	0.0	0.0	0.0	0.0	15.411575000000001	0.732507	0.0	37.0109	0.0	41.868541666666665	50.2731	0.0	0.0	0.0	0.0	0.0	0.0	0.0	0.0	0.0	0.0	0.0	0.0	0.0	0.0	0.0	0.0	0.0	0.0	0.0	0.0	0.0	1.85054	0.0	0.0	11.8486	11.9129	0.0	0.0	1.61440125	0.0	7.09375	0.0	0.0	0.0	0.0	0.0	0.0	0.0	25.098	0.0	0.0	0.0	0.0	5.08899	0.0	0.0	0.0	0.0	0.0	0.0	0.0	12.9152	0.0	0.0	27.848113333333334	45.791287499999996	0.0	0.0	0.0	0.0	0.0	0.0	0.0	1.00238	0.0	0.0	0.0	0.0	16.385	2.69871	9.98522	3.54687	0.0	36.034176666666674	13.6863	0.0	0.0	0.0	0.0	0.0	8.82863	0.0	0.0	0.0	0.0	0.0	0.0	0.0	0.0	0.0	0.0	0.0	0.0	0.0	0.0	0.0	0.0	0.0	0.0	0.0	0.0	0.0	0.0	2.04331	0.0	0.0	9.349093333333334	9.349095	8.038295	0.0	0.0	0.0	0.0	0.0	0.0	0.0	0.0	0.0	0.0	0.0	0.0	0.0	0.0	0.0	0.0	6.93954	4.31793	0.0	0.0	0.0	0.0	0.0	0.0	0.0	0.0	0.0	0.0	0.0	0.0	0.0	6.82388	0.0	0.0	92.1416	0.0	0.0	0.0	0.0	0.0	0.0	0.0	0.0	0.0	0.0	0.0	0.0	0.0	0.0	0.0	0.0	35.7001	35.7001	0.616848	0.0	0.0	2.19752	0.0	0.0	2.69871	0.0	69.75526666666666	56.2488	1.42646	0.0	0.0	0.0	0.0	0.0	0.0	0.0	0.0	0.0	0.0	0.0	0.0	0.0	0.0	0.0	0.0	0.0	0.0	0.0	0.0	0.0	0.0	0.0	0.0	0.0	0.0	0.0	0.0	0.0	0.0	0.0	2.035596	84.6238	75.3325	97.22204444444444	75.89155	0.0	0.0	0.0	0.0	7.82625	0.0	9.40693	0.0	0.0	0.0
N61_1_3	0.0	0.0	0.0	0.0	0.0	0.0	0.0	0.0	0.0	0.0	0.0	0.0	0.0	0.0	0.0	0.0	0.0	0.0	0.0	0.0	0.0	0.0	0.0	0.0	0.0	0.652272	0.0	0.0	0.0	0.0	0.0	0.0	0.0	0.0	0.0	3.47239	0.0	0.0	0.0	0.0	0.0	0.0	0.0	0.0	0.0	0.0	0.0	0.0	0.0	0.0	0.0	0.0	0.920855	0.0	0.0	4.09269	4.14385	0.0	0.0	2.65225625	0.0	0.0	0.0	0.0	0.0	0.0	0.0	0.0	0.0	0.0	0.0	0.0	0.0	0.0	6.10066	0.0	0.0	0.0	0.0	0.0	0.0	0.0	1.91845	0.613903	0.0	2.7804686666666667	0.0	0.0	0.0	0.0	0.0	0.0	0.0	0.0	0.0	0.0	0.0	0.0	0.0	6.63783	1.49639	4.06711	2.07192	0.0	6.82967	6.21577	0.0	0.0	0.0	0.0	0.0	5.14144	0.0	0.0	0.0	0.0	0.0	0.0	0.0	0.0	0.0	0.0	0.0	0.0	0.0	0.0	0.0	0.0	0.0	0.0	0.0	0.0	0.0	0.0	0.0	0.0	0.0	3.465991666666666	3.49157	3.22299	0.0	1.68823	0.0	0.0	0.0	0.0	0.0	0.0	0.0	0.0	0.0	0.0	0.0	1.5884779999999998	0.0	0.0	3.91363	2.34051	0.0	0.0	0.0	0.0	0.0	0.0	0.0	0.0	0.0	0.0	0.0	0.0	0.0	4.02874	0.0	0.0	0.0	0.0	0.0	0.0	0.0	0.0	0.0	0.0	0.0	0.0	0.0	0.0	0.0	0.0	0.0	0.0	0.0	2.18703	2.18703	0.882486	0.0	0.0	0.0	0.0	0.0	1.30454	0.0	11.549050000000001	11.4723	0.613903	0.0	0.0	0.0	0.0	0.0	0.0	0.0	0.0	0.0	0.0	0.0	0.0	0.0	0.0	0.0	0.0	0.0	0.0	0.0	0.0	0.0	0.0	0.0	0.0	0.0	0.0	0.0	0.0	0.0	0.0	0.0	0.0	0.0	0.0	0.0	0.0	0.0	0.0	0.0	0.0	2.8393	0.0	4.79612	0.0	0.0	0.0
N61_1_4	0.0	0.0	0.0	0.0	0.0	0.0	0.0	0.0	0.0	0.0	0.0	31.9611	0.0	0.0	0.0	0.0	0.0	0.0	26.4104	0.0	0.0	0.0	0.0	0.0	0.0	0.0	31.9611	0.0	31.191575	0.0	0.0	0.0	0.0	0.0	0.0	0.656592	0.0	0.0	0.0	0.0	0.0	0.0	0.0	0.0	0.0	0.0	0.0	0.0	0.0	0.0	0.0	0.0	0.0908052	0.0	0.0	0.377191	0.384176	0.0	0.0	0.123110625	0.0	0.0	0.0	0.0	0.0	0.0	0.0	0.0	17.3717	0.0	0.0	0.0	0.0	0.0	0.16764	0.230506	0.0	0.0	0.0	0.0	0.0	0.0	0.0	0.0	54.77352857142857	1.8486966666666664	0.0	0.0	0.0	0.0	0.0	0.0	0.0	0.0	0.0	0.0	0.0	0.0	0.0	22.0377	0.0	0.0	0.0	41.4212	44.1942	0.0	0.0	0.0	0.0	0.0	0.0	0.0	0.0	0.0	0.0	0.0	0.0	0.0	0.0	0.0	0.0	0.0	0.0	0.0	15.863	9.262135	23.4487	0.0	0.0	0.0	18.0982	0.0	0.0	0.0	0.0	0.0	0.0	0.754382	0.754382	0.656592	0.0	0.474981	0.0	0.0	0.0	0.0	0.0	0.0	0.0	0.0	0.15367	0.0	0.0	0.245873	0.0	0.0	0.544831	0.384176	0.0	0.0	0.0	0.0	0.0	0.0	0.0	0.0	0.0	0.0	0.0	0.0	37.5165	0.0	0.0	0.0	0.0	0.0	0.0	0.0	0.0	0.0	0.0	0.0	0.0	0.0	0.0	0.0	0.0	0.0	0.0	0.0	0.0	1.18745	1.18745	0.0	0.0	0.0	0.11176	0.0	0.0	0.286386	0.0	67.40776666666666	92.17405	0.0	0.0	0.0	0.0	33.281299999999995	0.0	0.0	0.0	0.0	0.0	0.0	0.0	0.0	0.0	0.0	0.0	0.0	0.0	0.0	0.0	0.0	0.0	0.0	0.0	0.0	0.0	0.0	0.0	0.0	0.0	0.0	64.1870625	123.25941764705883	0.0	0.0	0.0	0.0	0.0	0.0	0.0	0.0	0.160655	0.0	0.593727	0.0	0.0	42.441
N61_2_2	0.0	0.0	0.0	0.0	0.0	0.0	0.0	0.0	0.0	0.0	10.5519	13.230200000000002	0.0	0.0	0.0	0.0	0.0	0.0	0.0	0.0	0.0	0.0	0.0	0.0	101.43705	4.4531	13.230200000000002	20.8134	0.0	22.206333333333333	28.428800000000003	0.0	0.0	0.0	0.0	39.0614	0.0	0.0	0.0	6.90553	0.0	0.0	0.0	0.0	0.0	0.0	0.0	0.0	0.0	0.0	0.0	0.0	7.51864	0.0	0.0	68.0119	68.7326	0.0	0.0	7.02653875	0.0	42.6594	0.0	0.0	0.0	0.0	0.0	0.0	17.3929	0.0	0.0	0.0	0.0	0.0	38.3354	0.0	0.0	0.0	0.0	0.0	0.0	0.0	78.381	2.88806	0.0	161.1076	26.7710375	0.0	0.0	0.0	0.0	0.838989	0.0	0.0	8.84166	0.0	0.0	0.0	2.54924	90.9981	19.0386	63.86	34.334	0.0	52.09264666666667	87.3517	0.7260485	0.0	0.0	0.0	0.0	63.7955	0.0	0.0	0.0	0.0	0.0	0.0	0.0	0.0	0.0	0.0	0.0	0.0	0.0	0.0	0.0	0.0	0.0	0.0	0.0	0.0	0.0	0.0	14.5532	0.0	0.0	90.94428333333333	91.0626	79.99440000000001	0.0	40.7878	0.677645	0.0	0.0	0.0	0.0	0.0	0.0	0.0	0.0	0.0	0.0	0.0	0.0	0.0	58.9229	30.2682	0.0	0.0	0.0	0.0	0.0	0.0	0.0	0.0	0.0	0.0	0.0	0.0	10.992896666666667	22.89474	0.0	1.29075	56.7931	0.0	0.0	0.0	0.0	0.0	0.0	0.0	0.0	0.0	0.0	7.5509	0.0	0.0	0.7260485000000001	0.0	0.0	249.454	249.422	3.67865	0.0	0.0	14.3919	0.0	0.0	17.7156	0.0	97.71006	173.961	5.066206	0.0	0.0	0.0	0.0	0.0	0.0	0.0	0.0	0.0	0.0	0.0	0.0	0.0	0.0	0.0	0.0	0.0	0.0	0.0	0.0	0.0	0.0	0.0	0.0	0.0	0.0	0.0	0.0	0.0	0.0	0.0	1.3956275	48.6937	44.2083	56.28041111111111	45.498999999999995	0.0	0.0	20.9102	0.0	52.5982	0.0	68.6358	0.0	0.0	0.0
N61_1_2	0.0	0.0	0.0	0.0	0.0	0.0	0.0	0.0	0.0	0.0	1.81271	2.64138	0.0	0.0	0.0	0.0	0.0	0.0	0.0	6.78472	0.0	0.0	0.0	0.0	1.08763	1.34659	2.64138	3.41825	0.0	3.9879675	4.71305	0.0	0.0	0.0	0.0	5.981945	0.0	0.0	0.0	0.0	0.0	0.0	0.0	0.0	0.0	3.41825	0.0	0.0	0.0	0.0	0.0	0.0	0.984043	0.0	0.0	8.631956666666666	8.59743	0.0	0.0	4.35051	0.0	1.39838	1.65734	0.0	0.0	0.0	0.0	0.0	3.93617	0.0	0.0	0.0	0.0	0.0	2.95213	0.0	0.0	0.0	0.0	0.0	0.0	0.0	11.8085	0.0	0.0	23.440913333333334	4.6224125	0.0	0.0	0.0	0.0	1.29479	0.0	0.0	1.03583	0.0	0.0	0.0	0.0	10.8763	2.22704	9.21893	4.71305	0.0	12.4559	12.5854	0.0	0.0	0.0	0.932251	0.0	8.28668	0.0	0.0	0.0	0.0	0.0	0.0	0.0	0.0	0.0	0.0	0.0	0.0	0.0	0.0	0.0	3.67721	0.0	0.0	0.0	0.0	0.0	0.0	0.0	0.0	0.0	8.217625	8.23489	7.147259999999999	0.569709	5.23097	0.0	0.0	0.0	0.0	0.0	0.0	0.0	0.0	3.245616666666667	0.0	0.0	3.3043120000000004	0.0	0.0	8.59743	3.7808	0.0	0.0	0.0	0.0	0.0	0.0	0.0	0.0	0.0	0.0	0.0	0.0	4.55767	6.37038	5.6453	0.0	9.78864	0.0	0.0	0.0	0.0	0.0	0.0	0.0	0.0	0.0	0.0	0.0	0.0	0.0	0.0	0.0	0.0	17.7646	17.7646	0.0	0.0	0.0	1.50196	0.0	0.0	3.26288	0.0	19.439166666666665	23.0991	1.08763	0.0	0.0	0.0	0.0	0.0	0.0	0.0	0.0	0.0	0.0	0.0	0.0	0.0	0.0	0.0	0.0	0.0	0.0	0.0	0.0	0.0	0.0	0.0	0.0	0.0	0.0	0.0	0.0	0.0	0.0	0.0	0.0	9.11535	8.59743	10.588537777777779	8.675115	0.0	0.0	0.0	0.0	5.6453	0.0	9.52968	0.0	0.0	0.0
N61_2_4	0.0	0.0	0.0	0.0	0.0	0.0	0.0	0.0	0.0	0.0	0.0	0.0	0.0	0.0	0.0	0.0	0.0	0.0	0.0	56.3186	0.0	0.0	0.0	0.0	0.0	0.0	0.0	0.0	0.0	0.0	0.0	0.0	0.0	0.0	29.1833	0.0	30.2073	29.1833	14.07965	0.0	0.0	0.0	0.0	0.0	5.63186	0.0	7.67982	0.0	0.0	10.7517	0.0	0.0	0.0	0.0	0.0	0.0	0.0	0.0	0.0	0.0	0.0	0.0	0.0	0.0	0.0	0.0	0.0	0.0	0.0	0.0	0.0	0.0	0.0	0.0	0.0	0.0	0.0	0.0	0.0	13.141	7.67982	19.9675	0.0	0.0	0.0	0.0	0.0	0.0	0.0	0.0	0.0	12.2877	0.0	0.0	0.0	0.0	0.0	0.0	0.0	0.0	0.0	0.0	0.0	0.0	28.6713	29.439300000000003	0.0	0.0	0.0	0.0	0.0	0.0	0.0	0.0	0.0	0.0	0.0	0.0	0.0	0.0	0.0	0.0	0.0	0.0	0.0	0.0	0.0	0.0	30.2073	0.0	0.0	0.0	0.0	8.1918	0.0	0.0	0.0	0.0	0.0	0.0	0.0	0.0	0.0	0.0	0.0	0.0	0.0	0.0	0.0	4.0959	0.0	0.0	0.0	0.0	0.0	0.0	0.0	0.0	0.0	0.0	0.0	0.0	0.0	0.0	0.0	0.0	9.21578	0.0	0.0	0.0	0.0	18.68755	0.0	0.0	0.0	0.0	0.0	0.0	36.3511	23.5514	12.2877	22.5275	0.0	9.21578	28.1593	0.0	0.0	0.0	0.0	0.0	24.0634	0.0	0.0	0.0	0.0	0.0	0.0	0.0	0.0	0.0	0.0	64.5104	0.0	5.63186	7.16783	0.0	0.0	0.0	0.0	0.0	0.0	0.0	0.0	0.0	0.0	0.0	45.5669	25.0874	20.9915	16.3836	47.1029	0.0	25.0874	7.16783	0.0	0.0	0.0	0.0	0.0	0.0	0.0	0.0	0.0	0.0	0.0	0.0	0.0	0.0	0.0	0.0	0.0	0.0	51.1988	0.0	0.0	0.0	0.0	0.0	0.0	0.0
N61_2_3	0.0	0.0	0.0	0.0	0.0	0.0	0.0	0.0	0.0	0.0	2.14893	1.31198	0.0	0.0	0.0	0.0	0.0	0.0	0.0	0.0	0.0	0.0	0.0	0.0	2.0132075	4.13951	1.31198	3.48352	0.0	3.3930399999999996	4.9086	0.0	0.0	0.0	0.0	0.0	0.0	0.0	0.0	0.0	0.0	0.0	0.0	0.0	0.0	0.0	0.0	0.0	0.0	0.0	0.0	0.0	0.678608	0.0	0.0	5.73047	5.83603	0.0	0.0	2.23941	0.0	0.83695	0.0	0.0	0.0	0.0	0.0	0.0	0.0	0.0	0.0	0.0	0.0	0.0	3.55138	0.0	0.0	0.0	0.0	0.0	0.0	0.0	4.07165	3.11029	0.0	3.478996	3.6560025	0.0	0.0	0.0	0.0	0.0	0.0	0.0	0.0	0.0	0.0	0.0	0.0	11.378	1.42508	0.0	0.746469	0.0	11.061325	9.8172	0.0678608	0.0	0.0	0.0	0.0	8.34688	0.0	0.0	0.0	0.0	0.0	0.0	0.0	0.0	0.0	0.0	0.0	0.0	0.0	0.0	0.0	0.0	0.0	0.0	0.0	0.0	0.0	0.0	0.0	0.0	0.0	6.70691	6.71822	5.802099999999999	0.565507	3.95855	0.0	0.0	0.0	0.0	0.0	0.0	0.0	0.0	0.0	0.0	0.0	0.0	0.0	0.0	5.72293	3.37042	0.0	0.0	0.0	0.0	0.0	0.0	0.0	0.0	0.0	0.0	0.0	0.0	0.0	5.38363	3.59662	0.0	9.50052	0.0	0.0	0.0	0.0	0.0	0.0	0.0	0.0	0.0	0.0	0.995292	0.0	0.0	0.0	0.0	0.0	3.86807	3.86807	0.0	0.0	0.0	0.0	0.0	0.0	1.62866	0.723849	14.00195	19.1141	0.610746	0.0	0.0	0.0	0.0	0.0	0.0	0.0	0.0	0.0	0.0	0.0	0.0	0.0	0.0	0.0	0.0	0.0	0.0	0.0	0.0	0.0	0.0	0.0	0.0	0.0	0.0	0.0	0.0	0.0	0.0	0.0	0.0	8.3695	7.69089	9.735516111111112	7.656965	0.0	0.0	2.71443	0.0	1.10839	0.0	7.39683	0.0	0.0	0.0
N62_1_2	0.0	0.0	0.0	0.0	0.0	0.0	0.0	0.0	0.0	0.0	5.05502	13.3932	0.0	0.0	0.0	0.0	0.0	0.0	0.0	0.0	0.0	0.0	0.0	0.0	4.6381075	2.24089	13.3932	10.3185	0.0	15.086916666666667	15.529900000000001	0.0	0.0	0.0	0.0	14.25305	0.0	0.0	0.0	0.0	0.0	0.0	0.0	0.0	0.0	0.0	0.0	0.0	0.0	0.0	0.0	0.0	5.10713	0.0	0.0	32.39726666666667	32.9358	0.0	0.0	16.9564375	0.0	2.65779	0.0	0.0	0.0	0.0	0.0	0.0	7.86915	0.0	0.0	0.0	0.0	0.0	8.39029	0.0	0.0	0.0	0.0	0.0	0.0	0.0	51.0713	2.475395	0.0	110.3558	11.3738	0.0	0.0	0.0	0.0	0.0	0.0	0.0	1.87609	0.0	0.0	0.0	0.0	36.5837	7.60859	25.692	6.25363	0.0	31.8414	32.6752	0.0	0.0	0.0	0.0	0.0	27.6723	0.0	0.0	0.0	0.0	0.0	0.0	0.0	0.0	0.0	0.0	0.0	0.0	0.0	0.0	0.0	10.9439	0.0	0.0	0.0	0.0	0.0	0.0	3.0747	0.0	0.0	21.913750000000004	21.9398	19.881349999999998	0.833818	14.1228	1.09439	0.0	0.0	0.0	0.0	0.0	0.0	0.0	0.0	0.0	0.0	0.0	0.0	1.45918	24.8582	12.0382	0.0	0.0	0.0	0.0	0.0	0.0	0.0	0.0	0.0	0.0	0.0	0.0	13.4974	17.9271	15.9989	0.0	29.6526	0.0	0.0	0.0	0.0	0.0	0.0	0.0	0.0	0.0	0.0	3.54373	0.0	0.0	0.0	0.0	0.0	78.24855	78.2225	0.0	0.0	0.0	3.90852	0.0	0.0	7.24379	0.0	58.9926	68.1646	3.59584	0.0	0.0	0.0	0.0	0.0	0.0	0.0	0.0	0.0	0.0	0.0	0.0	0.0	0.0	0.0	0.0	0.0	0.0	0.0	0.0	0.0	0.0	0.0	0.0	0.0	0.0	0.0	0.0	0.0	0.0	0.0	0.0	26.5258	23.7638	31.49110555555556	25.11875	0.0	0.0	0.0	0.0	12.8721	0.0	23.399	0.0	0.0	0.0
N62_1_3	0.0	0.0	0.0	0.0	0.0	0.0	0.0	0.0	0.0	0.0	0.0	0.0	0.0	0.0	0.0	0.0	0.0	0.0	0.0	0.0	0.0	0.0	0.0	0.0	0.0	0.0	0.0	0.0	0.0	0.0	0.0	0.0	0.0	0.0	0.0	0.0	0.0	0.0	0.0	0.0	0.0	0.0	0.0	0.0	0.0	0.0	0.0	0.0	0.0	0.0	0.0	0.0	0.0	0.0	0.0	0.0	0.0	0.0	0.0	0.0	0.0	0.0	0.0	0.0	0.0	0.0	0.0	0.0	0.0	0.0	0.0	0.0	0.0	0.0	0.0	0.0	0.0	0.0	0.0	0.0	0.0	0.0	3.23171	0.0	0.0	7.162682	0.0	0.0	0.0	0.0	0.0	0.0	0.0	0.0	0.0	0.0	0.0	0.0	0.0	0.0	0.0	0.0	0.0	0.0	0.0	0.0	0.0	0.0	0.0	0.0	0.0	0.0	0.0	0.0	0.0	0.0	0.0	0.0	0.0	0.0	0.0	0.0	0.0	0.0	0.0	0.0	0.0	0.0	0.0	0.0	0.0	0.0	0.0	0.0	0.0	0.0	0.0	0.0	0.0	0.0	0.0	0.0	0.0	0.0	0.0	0.0	0.0	0.0	0.0	0.0	0.0	0.0	0.0	0.0	0.0	0.0	0.0	0.0	0.0	0.0	0.0	0.0	0.0	0.0	0.0	0.0	0.0	0.0	0.0	0.0	0.0	0.0	0.0	0.0	0.0	0.0	0.0	0.0	0.0	0.0	0.0	0.0	0.0	0.0	0.0	0.0	0.0	0.0	0.0	0.0	0.0	2.83483	2.83483	0.0	0.0	0.0	0.0	0.0	0.0	0.0	0.0	0.0	0.0	0.0	0.0	0.0	0.0	0.0	0.0	0.0	0.0	0.0	0.0	0.0	0.0	0.0	0.0	0.0	0.0	0.0	0.0	0.0	0.0	0.0	0.0	0.0	0.0	0.0	0.0	0.0	0.0	0.0	0.0	0.0	0.0	0.0	0.0	0.0	0.0	0.0	0.0	0.0	0.0	0.0	0.0	0.0	0.0	0.0	0.0	0.0
N62_2_2	0.0	0.0	0.0	0.0	0.0	0.0	0.0	0.0	0.0	0.0	4.44811	1.5397299999999998	0.0	0.0	0.0	0.0	0.0	0.0	0.0	0.0	0.0	0.0	0.0	0.0	12.264325	0.0	1.5397299999999998	8.46851	0.0	11.318108333333335	11.5052	0.0	0.0	0.0	0.0	6.019909999999999	0.534628	0.0	0.0	0.0	0.0	0.0	0.0	0.0	0.0	0.0	0.0	0.0	0.0	0.0	0.0	0.0	1.28311	0.0	0.0	10.122300000000001	10.2435	0.0	0.0	1.04787	0.0	4.68334	0.0	0.0	0.0	0.0	0.0	0.0	2.11713	0.0	0.0	0.0	0.0	0.0	4.44811	0.0	0.0	0.0	0.0	0.0	0.0	0.0	10.4787	0.0	0.0	23.091666666666665	12.7722625	0.0	0.0	0.0	0.0	0.0	0.0	0.0	1.02649	0.0	0.0	0.0	0.0	16.7232	2.95115	8.9176	4.44811	0.0	10.4092025	4.8330375000000005	0.106926	0.0	0.0	0.0	0.0	9.17422	0.0	0.0	0.0	0.0	0.0	0.0	0.0	0.0	0.0	0.0	0.0	0.0	0.0	0.0	0.0	3.82794	1.45419	0.0	0.0	0.0	0.0	0.0	2.09574	0.0	0.0	6.989375	6.99294	6.24446	0.0	3.89209	4.568270952380952	0.0	1.28311	0.0	0.0	0.0	0.0	0.0	0.0	0.0	0.0	0.0	0.0	5.30351	7.65587	3.91348	0.0	0.0	0.0	0.0	0.0	0.0	0.0	0.0	0.0	0.0	0.0	0.0	4.319796666666666	3.667548	0.0	4.597803333333333	25.1489	5.4532066666666665	0.0	0.0	0.0	0.0	0.0	0.0	0.0	0.0	0.0	1.17618	0.0	0.0	2.854915	0.0	0.0	36.6113	36.59	0.491858	0.0	0.0	2.24544	0.0	0.0	2.48067	2.56622	19.167172857142855	34.815	0.8268933333333334	1.5825	0.0	0.0	0.0	0.0	0.0	0.0	0.0	0.0	0.0	0.0	0.0	0.0	0.0	0.0	0.0	0.0	0.0	0.0	0.0	0.0	0.0	0.0	0.0	0.0	0.0	0.0	0.0	0.0	0.0	0.0	0.958954	22.1764	18.9258	25.292644444444445	20.8291	0.0	0.0	8.27604	0.0	7.39925	0.662939	9.21699	0.0	0.0	0.0
N62_2_3	0.0	0.0	0.0	0.0	0.0	0.0	0.0	0.0	0.0	0.0	0.439423	0.0	0.0	0.0	0.0	0.0	0.0	0.0	0.0	1.74046	1.39581	0.0	0.0	0.0	0.749604	0.0	0.0	0.568665	0.0	0.7431419166666667	0.542817	0.0	0.0	0.0	0.723756	0.0	0.801301	0.749604	0.0	0.0	0.0	0.0	0.0	0.0	0.0	0.0	0.0	0.0	0.0	0.0	0.0	0.0	0.0	0.0	0.0	0.0	0.0	0.0	0.0	0.0	0.0	0.284333	0.0	0.0	0.0	0.0	0.0	0.0	0.0	0.0	0.0	0.0	0.0	0.0	0.336029	0.0	0.0	0.0	0.0	0.0	0.0	0.0	1.18903	0.361878	0.0	1.721502	1.04039725	0.0	0.0	0.0	0.0	0.0	0.0	0.0	0.0	0.0	0.0	0.0	0.0	2.01618	0.0	0.0	0.0	0.0	1.602605	0.0	0.0	0.0	0.0	0.0	0.0	0.0	0.0	0.0	0.0	0.0	0.0	0.0	0.0	0.0	0.0	0.0	0.0	0.0	0.0	0.0	0.0	0.0	0.0	0.0	0.0	0.0	0.0	0.0	0.0	0.0	0.0	0.0	0.0	0.0	0.0	0.0	0.8320728571428572	0.0	0.0	0.0	0.0	0.0	0.0	0.0	0.0	0.0	0.0	0.0	0.0	1.21488	0.0	0.542817	0.0	0.0	0.0	0.0	0.0	0.0	0.0	0.0	0.0	0.0	0.0	0.0	0.0	0.0	0.0	0.878846	2.32636	0.0	0.0	0.0	0.0	0.0	0.206787	0.0	0.0	0.0	0.0	0.0	0.0	0.0	0.0	0.0	0.0	2.48145	2.48145	0.0	0.0	0.0	0.0	0.0	0.0	0.0	0.0	3.170743333333333	4.42008	0.232636	0.310181	0.0	0.0	0.0	0.0	0.0	0.0	0.0	0.0	0.0	0.0	0.0	1.57675	0.620362	0.0	0.232636	0.0	0.49112	0.0	0.0	0.0	0.0	0.0	0.0	0.0	0.0	0.0	0.0	0.0	0.0	0.0	1.147177238095238	2.04203	1.78354	2.174142222222222	2.09372	0.0	0.0	1.99033	0.387726	0.723756	0.0	0.0	0.0	0.0	0.0
N62_2_4	15.3964	13.1536	11.1468	33.9295	14.3003	8.22942	18.8703	14.7388	1.85499	0.0	0.0	0.0	0.0	0.0	0.0	0.0	0.0	0.0	0.0	154.24566666666666	118.129	20.3543	10.4554	0.0	0.0	0.0	0.0	0.860042	0.0	0.0	1.31536	0.0	26.206	42.518699999999995	84.554	0.0	88.8542	76.6787	21.298666666666666	0.0	8.903965	17.6056	16.7287	18.5162	0.0	0.0	14.8399	19.409950000000002	0.0	1.5577725416666668	0.0	0.0	0.0	0.0	0.0	0.0	0.0	11.55512696969697	0.0	0.0	0.0	0.0	0.0	43.7947	0.0	0.0	52.5638	0.0	0.0	0.0	29.5956	1.26477	71.6027	0.0	0.0	0.0	0.0	0.0	0.0	31.76536666666667	14.6207	40.6412	0.0	1.66949	0.21922599999999998	0.0	0.0	19.6461	17.2683	0.0	31.787799999999997	19.030549999999998	8.816838333333335	7.99333	0.0	0.0	0.0	2.4536499999999997	55.219766666666665	0.0	0.0	0.0	0.0	0.0	57.57643625	66.63640000000001	0.0	0.0	0.0	0.0	0.0	0.0	1.68636	4.24962	19.653555555555556	0.0	0.0	0.0	0.0	0.0	0.0	33.8283	34.3848	25.5989	0.0	0.0	0.0	0.0	66.0378	24.469	0.0	0.0	0.0	0.0	0.0	56.2569	0.0	0.0	0.0	0.0	0.0	0.0	4.786845238095238	0.0	22.9738	6.104614	3.743715	9.156921666666667	5.602078000000001	5.6493	0.0	0.0	0.0	0.0	0.0	5.109665	0.0	33.6934	0.0	19.9833	0.0	0.0	23.727	0.0	33.8283	44.7728	26.2734	20.550563636363634	55.48115	9.22437	46.335494833333335	44.595699999999994	0.0	0.0	0.0	0.0	0.0	0.0	93.9807	42.8503	21.3493	66.6954	19.9496	37.9936	75.6668	0.0	17.9597	45.7677	21.4505	25.20265	52.5975	0.0	0.0	0.0	0.0	0.0	0.0	14.3509	0.0	0.0	0.860042	120.9204	0.0	8.14511	22.0576	13.6932	0.0	0.0	0.0	0.0	0.0	0.0	0.0	0.0	0.0	0.0	188.029	68.5842	59.7982	18.3307	103.138	46.1725	75.8186	10.4723	11.5431	0.0	0.0	0.0	0.0	6.82975	3.17035	0.0	0.0	0.0	2.46207875	11.052942333333332	0.0	0.0	0.0	0.0	0.0	0.0	82.9013	12.4622	38.7019	0.0	0.0	1.19731	1.26477	0.0
N62_1_4	24.146	0.0	18.8388	56.5632	22.0489	14.258	31.9486	27.567	0.0	0.0	0.0	0.0	0.0	0.0	0.0	0.0	0.0	0.0	0.0	157.83333333333334	114.45	21.7911	9.63028	0.0	0.0	0.0	0.0	0.0	0.0	0.0	0.0	0.0	31.644	0.0	0.0	0.0	25.1535	0.0	0.0	0.0	0.0	0.0	0.0	0.0	0.0	0.0	16.8003	27.06905	0.0	0.0	0.0	0.0	0.0	0.0	0.0	0.0	0.0	13.683896060606061	0.0	0.0	0.0	0.0	0.0	54.6887	0.0	0.0	87.4926	0.0	0.0	0.0	35.3813	35.4399	70.5049	0.0	0.26946	0.0	0.0	0.0	0.0	34.604166666666664	14.3283	44.3087	0.0	0.0	0.0	0.23431299999999997	0.0	19.9518	17.2103	0.0	31.25155	20.566850000000002	12.69005	12.1023	0.0	0.0	3.608425	0.0	57.721133333333334	2.00338	0.199166	0.948969	0.445195	0.0	55.353939	47.39767	0.0	0.0	0.0	0.0	0.0	0.0	0.0	0.0	0.0	0.0	0.0	0.0	0.0	0.0	0.0	36.6349	40.9697	29.6524	0.0	0.140588	0.0	0.0	71.3601	29.9218	0.0	0.0	0.0	0.0	0.0	56.6804	0.0	0.0	0.0	0.0	0.0	0.0	0.0	0.0	0.0	0.0	0.0	0.0	0.0	5.348205	0.43348000000000003	0.0	0.0	0.410048	0.0	0.0	0.0	18.581024000000003	0.0	54.6536	0.0	0.0	19.3543	0.0	33.9754	41.5555	24.8724	31.192418181818184	85.20489230769232	15.1366	66.57075999999999	30.780952666666668	0.0	0.0	0.0	0.0	0.0	0.0	63.8972	31.3277	13.7659	33.0968	12.8404	25.5636	46.3589	0.0	21.0179	46.7572	24.2866	29.90425	54.2201	0.562352	0.562352	0.0	0.0	0.0	0.0	18.9442	0.0	0.386617	0.0	48.071738	12.1726	4.5749705	16.0036	15.7224	0.0	0.0	107.89	0.0	0.0	0.0	0.0	0.0	0.0	0.0	164.769	48.0342	46.851	12.5943	77.218	37.0215	59.375	0.0	9.636140000000001	0.0	0.0	0.0	0.0	51.4318	26.5711	0.0	0.0	0.0	0.0	0.0	0.0	0.0	0.0	0.0	0.0	0.0	73.1058	15.2069	22.58782	0.0	0.843528	0.0	0.0	0.0
N63_1_3	0.0	1.15515	0.0	0.0	0.0	0.0	0.0	0.0	0.600676	0.0	0.0	11.228	0.0	0.0	0.0	0.0	0.0	0.0	0.0	17.454250000000002	11.5053	2.44891	0.0	0.0	26.3258	0.0	11.228	0.0	0.0	0.0	0.0	0.0	3.00338	3.265213333333333	5.03644	19.1754	5.31367	4.20473	0.8317049999999999	0.0	0.785499	0.0	0.831705	0.924117	0.0	7.9012	2.07926	3.78888	0.0	0.0	0.0	0.0	7.34673	0.0	0.0	37.0725	37.2419	1.5344187500000002	0.0	8.7097975	0.0	12.0135	0.0	4.48197	32.8524	15.6176	6.05297	0.0	9.42599	0.0	3.69647	3.23441	8.59429	0.0	12.7066	0.0	0.0	0.0	0.0	3.7272700000000003	1.52479	4.38955	0.0	0.0	0.0	117.144	0.0	1.15515	1.6172	0.0	2.9571750000000003	2.6183300000000003	1.571	1.47859	3.23441	0.877911	0.0	0.0	5.444591666666667	46.4831	7.62396	35.2551	15.1093	0.0	13.497881249999999	20.915856666666667	0.231029	1.98685	2.77235	3.37303	3.74267	33.4992	0.0	0.0	0.0	0.0	0.0	0.0	0.0	0.0	0.0	2.58753	3.51164	2.58753	0.0	0.0	0.0	15.941	6.56123	2.54132	0.0	2.21788	1.686515	0.0	5.72952	5.31367	0.0	30.572883333333333	30.6345	27.1228	0.877911	21.5781	0.0	5.336775	8.478774999999999	1.8135775	0.0	2.9186666666666667	1.5894780000000002	0.531367	0.0	9.19496	0.0	0.0	0.0	0.0	21.8554	10.373215	0.0	5.72952	0.0	0.0	0.0	0.0	3.41923	3.37303	2.49512	3.23441	8.752452307692307	1.29376	8.694403333333334	10.4117	19.9609	0.0	0.0	0.0	5.59091	0.0	4.01991	1.84823	0.785499	1.94065	0.646882	1.70962	2.77235	4.57438	1.75582	4.48197	2.21788	2.749245	4.57438	108.815	108.769	3.28061	0.0	0.0	8.40946	2.07926	0.0	9.5184	0.0	63.53303333333333	76.4707	2.472014	2.86476	1.20135	7.62396	0.0	0.0	0.0	0.0	1.33997	2.03306	0.924117	0.0	0.0	11.1818	2.86476	2.86476	0.600676	5.59091	3.65026	4.01991	1.06273	1.15515	1.10894	1.10894	0.0	0.0	0.0	0.0	4.7592	0.0	0.0	0.0	0.0	0.0	0.0	0.0	0.0	0.0	0.0	9.56461	1.89444	14.785885	0.0	34.6544	4.52817	4.06611	0.0
N63_1_4	0.0	10.3581	0.0	0.0	0.0	0.0	0.0	0.0	4.4802	0.0	0.0	3.65692	0.0	0.0	0.0	0.0	0.0	0.0	0.0	123.770275	120.908	22.9371	11.0473	0.0	0.4164285	0.0	3.65692	0.0	0.0	0.0	0.0	0.0	28.3172	33.01436666666667	58.7404	11.8515	62.0718	51.5223	14.015	0.0	6.74902	0.0	16.37	17.6719	0.0	10.8367	14.7808	24.5454	0.0	0.0	0.0	0.0	1.07218	0.0	0.0	7.632933333333334	7.65846	13.650591612903225	0.0	4.36771625	0.0	2.62302	1.16792	48.3823	396.134	192.974	43.2512	0.0	8.53919	0.0	31.7252	41.528	73.6553	3.81009	3.13997	0.0	0.0	0.0	0.0	34.073766666666664	15.2786	45.9125	0.0	0.0	0.0	30.073500000000003	0.0	19.7588	17.155	0.0	35.31505	14.5064	9.895371666666668	9.63052	0.919016	1.7423	3.302715	0.0	56.58965	26.0388	5.03544	21.0225	12.8088	0.0	62.2130375	53.270999999999994	0.12445	4.40362	4.44191	4.86312	4.55679	21.348	0.0	0.0	0.0	0.0	0.0	0.0	0.0	0.0	0.0	35.5544	39.1922	26.4408	0.0	0.0	0.0	11.9855	63.0292	29.3894	0.0	4.32703	4.240875	0.0	2.08693	54.7389	0.0	16.682683333333333	16.7146	15.1829	1.18706	12.7322	0.0	8.52004	54.234700000000004	14.81435	0.0	16.09551666666667	11.472346	6.3565249999999995	0.8232848333333335	12.8854	0.0	0.6969202	0.0	0.0	1.70401	23.67425	0.0	66.9541	0.0	0.0	25.3495	0.0	35.5161	42.2173	26.9578	31.377109090909094	78.40939999999999	12.1195	50.57456666666667	33.55683333333334	16.2168	0.0	0.0	0.0	8.67321	0.0	53.4369	23.0711	11.7749	37.2967	10.2432	20.0269	38.3306	3.12082	19.3376	47.5782	24.4305	26.68015	50.2587	22.267	22.2191	5.9736	0.0	0.0	1.45511	15.068	0.0	5.57153	0.0	88.1106	50.8905	5.81086	22.4202	14.7425	15.5658	0.0	0.0	1.47425	1.28279	1.76145	3.15912	1.58913	0.0	1.41682	125.273	36.3011	31.2082	10.224	59.2382	30.7104	42.5045	0.0	12.5216	2.62302	3.42716	0.0	0.0	0.0	0.0	8.90296	0.0	0.0	0.0	0.0	0.0	0.0	0.0	0.0	0.0	0.0	81.352	13.0385	30.88275	0.0	19.127	50.1055	49.8183	0.0
N63_2_2	0.0	0.0	0.0	0.0	0.0	0.0	0.0	0.0	0.0	0.0	0.0	3.1389599999999995	0.0	0.0	0.0	0.0	0.0	0.0	0.0	3.0949933333333335	2.45313	0.0	0.0	0.0	24.392825000000002	0.0	3.1389599999999995	0.0	0.0	0.0	0.0	0.0	0.527555	0.0	0.0	9.9708	0.0	0.0	0.0	0.0	0.0	0.0	0.0	0.0	0.0	0.0	0.369289	0.0	0.0	0.0	0.0	0.0	2.16298	0.0	0.0	18.79856666666667	18.9392	0.0	0.0	1.04521875	0.0	11.1578	0.0	0.0	0.0	2.05747	0.0	0.0	3.53462	0.0	0.0	0.0	1.63542	0.0	7.38578	0.0	0.0	0.0	0.0	0.6682373333333333	0.0	0.764955	0.0	0.0	0.0	23.397053333333336	0.0	0.0	0.0	0.0	0.7122	0.0	0.316533	0.0	1.82007	0.0	0.0	0.0	0.9452043333333333	20.1526	3.561	14.2176	8.33538	0.0	21.3132	20.1526	0.158267	0.0	0.0	0.0	0.0	11.6854	0.0	0.0	0.0	0.0	0.0	0.0	0.0	0.0	0.0	0.0	0.896844	0.553933	0.0	0.0	0.0	5.43382	1.37164	0.0	0.0	0.0	0.0	0.0	4.11493	0.0	0.0	13.7164	13.7164	12.358	0.0	6.85822	0.0	0.0	1.17381	0.699011	0.0	0.4088555	0.3587378	0.0	0.0	0.0	0.0	0.0	0.0	0.896844	11.3952	3.745645	0.0	1.05511	0.0	0.0	0.0	0.0	0.0	0.0	0.606689	0.0	1.41450875	0.0	2.1805666666666665	9.41687	6.80547	0.0	0.0	0.0	0.0	0.0	0.0	0.0	0.0	0.0	0.0	0.0	0.0	0.0	0.0	0.764955	0.395667	0.0	0.0	65.9708	65.9444	0.896844	0.0	0.0	3.27084	0.0	0.0	3.7984	0.0	25.832620000000002	34.0273	2.03109	0.7122	0.0	0.0	0.0	0.0	0.0	0.0	0.0	0.0	0.0	0.0	0.0	0.0	0.0	0.0	0.0	0.0	0.0	0.0	0.0	0.342911	0.0	0.0	0.0	0.0	0.0	0.0	0.0	0.0	0.0	0.0	0.0	0.0	0.0	0.0	0.0	0.0	0.0	3.77202	0.0	7.38578	0.0	15.7475	0.0	0.0	0.0
N63_2_3	0.0	0.825153	0.0	0.0	0.0	0.0	0.0	0.0	1.25023	0.0	0.0	0.0	0.0	0.0	0.0	0.0	0.0	0.0	0.0	32.2643	25.5547	4.05075	2.10039	0.0	0.72513425	0.0	0.0	0.0	0.0	0.0	0.0	0.0	5.57603	2.42545	7.30135	0.0	7.75144	6.15114	1.4085933333333334	0.0	0.562604	0.0	2.47546	2.55047	0.0	0.0	3.65068	6.4512	0.0	0.0	0.0	0.0	0.0	0.0	0.0	0.0	0.0	2.7108472413793105	0.0	0.0	0.0	0.550102	0.0	9.42675	55.3603	25.6047	4.62586	0.0	0.0	0.0	7.17633	4.62586	16.103	0.0	0.275051	0.0	0.0	0.0	0.0	7.801446666666666	2.35044	9.00167	0.0	0.0	0.0	0.0	0.5401	3.8007	3.85071	0.0	6.9762900000000005	3.538155	1.9253600000000002	1.92536	0.0	0.0	0.550102	0.0	10.589466666666667	1.25023	0.0	0.0	0.0	0.0	12.90597142857143	10.568627	0.0750139	0.0	0.0	0.0	0.0	0.0	0.0	0.0	0.0	0.0	0.0	0.0	0.0	0.0	0.0	6.05112	8.52658	5.65105	0.0	0.0	0.0	0.0	12.6523	4.17577	0.0	0.0	0.0	0.0	0.0	10.2269	0.0	0.0	0.0	0.0	0.0	0.0	0.0	0.0	11.710523333333333	2.5567225	0.0	4.20078	3.60567	0.750139	0.0	0.0	0.0	0.0	0.0	0.0	0.0	7.12632	0.0	12.6273	0.0	0.0	3.40063	0.0	5.52602	6.27616	5.27598	6.4512	17.255119230769232	2.72551	13.142439999999999	9.45175	0.0	0.0	0.0	0.0	0.0	0.0	2.85053	1.85034	0.70013	2.05038	0.750139	1.55029	2.75051	0.0	3.12558	6.95129	4.05075	5.501015	8.6516	2.75051	2.75051	0.0	0.0	0.0	0.0	2.92554	0.0	0.32506	0.0	10.19564	4.3133	1.27524	3.30061	2.50046	0.0	0.0	0.0	0.0	0.0	0.0	0.0	0.0	0.0	0.0	16.6531	3.35062	3.00056	0.525097	3.75069	4.47583	3.27561	2.1504	2.80052	0.0	0.0	0.0	0.0	0.0	0.0	0.0	0.0	0.0	0.0	0.0	0.0	0.0	0.0	0.0	0.0	0.0	14.9028	3.50065	8.67661	0.0	0.0	9.97685	8.82664	0.0
N63_2_4	0.629508	1.37705	0.511475	1.39016	0.655737	0.314754	0.616393	0.655737	5.59999	0.0	0.0	0.0	0.0	0.0	0.0	0.0	0.0	0.0	2.1377	175.96900000000002	132.498	25.1803	0.0	0.0	0.0	0.0	0.0	0.0	0.0	0.0	0.0	0.0	32.4065	4.716936666666666	31.0557	0.0	33.9278	27.2262	2.631693333333333	0.0	0.99672	0.0	0.0	8.95737	0.0	0.0	16.577	25.55405	0.0	0.0	0.0	0.0	0.0	0.0	0.0	0.0	0.0	13.767195625	0.0	0.0	0.0	0.0	0.0	56.918	388.196	178.269	5.06229	0.0	0.0	0.0	37.7442	42.6229	82.6622	0.0	0.0	0.0	0.0	0.0	0.0	38.04586666666666	17.2197	48.0262	0.0	0.0	1.44262	0.0	0.0	22.2426	19.0426	0.0	37.29175	21.534399999999998	10.2579	9.91474	0.0	0.0	2.97705	0.0	62.592283333333334	0.0	0.0	0.0	0.0	4.79999	53.897658	52.93546	0.0	0.0	0.0	0.0	0.0	0.0	0.0	0.0	0.0	0.0	0.0	0.0	0.0	0.0	0.0	36.7213	46.059	30.2295	1.23279	1.0295079999999999	1.86229	0.0	73.9671	29.5475	2.12459	0.0	0.0	0.0	0.0	60.2229	0.0	0.0	0.0	0.0	0.0	0.0	0.0	0.0	59.536566666666666	15.420300000000001	0.0	19.027316666666668	14.179660000000002	6.098355	0.0	0.0	4.90491	0.0	0.0	0.0	0.0	39.3442	1.65246	77.9802	0.0	0.0	26.9639	0.0	40.0393	46.2032	29.0229	34.32367272727273	86.88665384615385	14.7279	55.70048666666667	47.101600000000005	0.0	0.0	0.0	0.0	0.0	0.0	5.88852	2.66229	1.39016	3.65901	1.12787	2.67541	4.31475	0.0	20.7737	52.6032	25.836	30.2688	58.5049	0.0	0.0	0.0	0.0	0.0	0.0	17.5869	0.0	0.0	0.0	76.04575	21.9147	9.48196	22.8721	17.0098	0.0	0.0	0.0	0.0	0.0	0.0	0.0	0.0	0.0	0.0	64.6557	6.20327	4.83934	0.944261	6.4918	17.9541	8.52458	0.0	13.2328	0.0	0.0	0.0	0.0	0.472131	0.301639	0.0	0.0	0.0	0.0	4.175951666666667	0.0	0.0	0.0	0.0	0.0	0.0	90.413	13.7705	52.4852	0.0	0.0	51.8426	55.1344	5.03606
N63_1_2	0.0	0.0	0.0	0.0	0.0	0.0	0.0	0.0	0.0	0.0	0.0	7.08918	0.0	0.0	0.0	0.0	0.0	0.0	0.0	20.3959	0.0	0.0	0.0	0.0	9.616877500000001	0.0	7.08918	0.0	0.0	0.0	0.0	0.0	0.0	0.0	0.0	6.420935	0.0	0.0	0.0	0.0	0.0	0.0	0.0	0.0	0.0	10.0527	0.0	0.0	0.0	0.0	0.0	0.0	2.78919	0.0	0.0	18.1878	18.1878	0.0	0.0	4.99729	0.0	8.48377	0.0	0.0	0.0	0.0	0.0	0.0	8.30945	0.0	0.0	0.0	0.0	4.06756	3.95135	0.0	0.0	0.0	0.0	0.0	0.0	0.0	0.0	0.0	0.0	6.21756	0.0	0.0	0.0	0.0	0.0	3.95135	0.0	0.0	1.16216	2.44054	0.0	0.0	0.0	23.1851	5.17161	17.7229	12.2027	0.0	29.1702	23.4175	0.0	5.0554	5.40405	4.93918	4.64864	19.6986	0.0	0.0	0.0	0.0	0.0	0.0	0.0	0.0	0.0	0.0	0.0	0.0	0.0	0.0	0.0	12.4351	0.0	0.0	0.0	5.11351	4.7067499999999995	0.0	0.0	0.0	0.0	18.87541666666667	18.8851	17.054699999999997	0.87162	14.1784	0.0	8.83242	0.0	0.0	0.0	0.0	0.0	0.0	0.0	12.5513	0.0	0.0	0.0	0.0	8.59999	11.273	0.0	0.0	0.0	0.0	0.0	0.0	0.0	0.0	0.0	0.0	0.0	0.0	14.2365	10.8662	11.9703	0.0	0.0	0.0	7.43783	0.0	0.0	0.0	0.0	0.0	0.0	0.0	0.0	1.74324	0.0	0.0	0.0	0.0	0.0	52.9945	52.9364	0.58108	0.0	0.0	5.28783	0.0	0.0	6.15945	0.0	40.7337	37.5378	2.84729	0.0	0.0	16.9094	0.0	0.0	2.03378	1.51081	2.15	2.9054	2.49864	0.0	1.68513	0.0	0.0	0.0	0.0	0.0	0.0	0.0	0.0	0.0	2.38243	4.12567	0.0	0.0	0.0	0.0	10.275416666666667	0.0	0.0	0.0	0.0	0.0	0.0	0.0	0.0	0.0	0.0	0.0	0.0	15.05	0.0	18.0716	0.0	0.0	0.0
N64_1_2	0.0	0.0	0.0	0.0	0.0	0.0	0.0	0.0	0.0	0.0	0.92855	2.24807	0.0	0.0	0.0	0.0	0.0	0.0	0.0	4.00743	0.0	0.0	0.0	0.0	3.0788775	0.0	2.24807	1.71049	0.0	2.1747641666666664	1.8570999999999998	0.0	0.0	0.0	0.0	0.0	0.0	0.0	0.0	0.0	0.0	0.0	0.0	0.0	0.0	0.0	0.0	0.0	0.0	0.0	0.0	0.0	1.12403	0.0	0.0	5.261779999999999	5.27807	0.0	0.0	0.977421	0.0	1.46613	0.0	0.0	0.0	0.0	0.0	0.0	0.0	0.0	0.0	0.0	0.0	0.977421	1.17291	0.0	0.0	0.0	0.0	0.0	0.0	0.0	11.3381	0.0	0.0	24.58866	2.77954125	0.0	0.0	0.0	0.0	0.0	0.0	0.0	0.0	0.0	0.0	0.0	0.0	4.3984	0.879679	4.00743	2.63904	0.0	5.546865	4.98485	0.0	0.0	0.0	0.0	0.0	4.00743	0.0	0.0	0.0	0.0	0.0	0.0	0.0	0.0	0.0	0.0	0.0	0.0	0.0	0.0	0.0	1.27065	0.0	0.0	0.0	0.0	0.0	0.0	0.0	0.0	0.0	2.5413	2.5413	2.44355	0.0	2.29694	0.0	0.0	0.0	0.0	0.0	0.0	0.0	0.0	0.0	0.0	0.0	0.0	0.0	0.0	3.07888	1.75936	0.0	0.0	0.0	0.0	0.0	0.0	0.0	0.0	0.0	0.0	0.0	0.0	0.0	2.44355	2.63904	0.0	4.00743	0.0	0.0	0.0	0.0	0.0	0.0	0.0	0.0	0.0	0.0	0.0	0.0	0.0	0.0	0.0	0.0	12.7553	12.7553	0.0	0.0	0.0	1.515	0.0	0.0	0.830808	0.0	8.992273333333332	9.9697	0.635324	0.0	0.0	0.0	0.0	0.0	0.0	0.0	0.0	0.0	0.0	0.0	0.0	0.0	0.0	0.0	0.0	0.0	0.0	0.0	0.0	0.0	0.0	0.0	0.0	0.0	0.0	0.0	0.0	0.0	0.0	0.0	0.0	4.44727	3.61646	5.101594444444444	4.3984	0.0	0.0	0.0	0.0	2.98113	0.0	3.81194	0.0	0.0	0.0
N64_1_3	0.0	0.0	0.0	0.0	0.0	0.0	0.0	0.0	0.0	0.0	0.0	0.0	0.0	0.0	0.0	0.0	0.0	0.0	0.0	0.0	0.0	0.0	0.0	0.0	0.0	0.0	0.0	0.0	0.0	0.0	0.0	0.0	0.0	0.0	0.0	1.56751	0.0	0.0	0.0	0.0	0.0	0.0	0.0	0.0	0.0	0.0	0.0	0.0	0.0	0.0	0.0	0.0	0.570005	0.0	0.0	3.89503	3.99003	0.0	0.0	1.8940825000000001	0.0	0.0	0.0	0.0	0.0	0.0	0.0	0.0	0.0	0.0	0.0	0.0	0.0	0.0	1.23501	0.0	0.0	0.0	0.0	0.0	0.0	0.0	0.665006	0.0	0.0	0.0	0.0	0.0	0.0	0.0	0.0	0.0	0.0	0.0	0.0	0.0	0.0	0.0	0.0	3.99003	0.570005	3.23003	0.0	0.0	4.03753	4.18004	0.0	0.0	0.0	0.0	0.0	3.70503	0.0	0.0	0.0	0.0	0.0	0.0	0.0	0.0	0.0	0.0	0.0	0.0	0.0	0.0	0.0	0.0	0.0	0.0	0.0	0.0	0.0	0.0	0.0	0.0	0.0	3.04003	3.04003	2.80252	0.0	1.71001	0.0	0.0	0.0	0.0	0.0	0.0	0.0	0.0	0.0	0.0	0.0	0.0	0.0	0.0	0.0	1.71001	0.0	0.0	0.0	0.0	0.0	0.0	0.0	0.0	0.0	0.0	0.0	0.0	0.0	2.75502	0.0	0.0	0.0	0.0	0.0	0.0	0.0	0.0	0.0	0.0	0.0	0.0	0.0	1.09251	0.0	0.0	0.0	0.0	0.0	7.74257	7.74257	0.0	0.0	0.0	0.0	0.0	0.0	1.18751	0.0	8.52632	8.21757	0.0	0.0	0.0	0.0	0.0	0.0	0.0	0.0	0.0	0.0	0.0	0.0	0.0	0.0	0.0	0.0	0.0	0.0	0.0	0.0	0.0	0.0	0.0	0.0	0.0	0.0	0.0	0.0	0.0	0.0	0.0	0.0	0.0	0.0	0.0	0.0	0.0	0.0	0.0	0.0	0.0	1.23501	0.0	3.75253	0.0	0.0	0.0
N64_1_4	0.0	0.0	0.0	0.0	0.0	0.0	0.0	0.0	0.0	0.0	0.0	3.16536	0.0	0.0	0.0	0.0	0.0	0.0	0.0	27.9934	0.0	0.0	0.0	0.0	3.3036149999999997	0.0	3.16536	0.553028	0.0	0.7877006666666667	0.8135328000000002	0.0	0.0	0.0	0.0	15.83405	0.0	0.0	0.0	0.0	0.0	0.0	0.0	0.0	0.0	13.0908	0.0	0.0	0.0	0.0	0.0	0.0	1.17882	0.0	0.0	9.549433333333333	9.64888	0.0	0.0	5.4747924999999995	0.0	3.92213	2.08113	0.0	0.0	0.0	0.0	0.0	10.0782	0.647625	0.0	0.0	0.0	5.68309	6.4908	0.0	0.0	0.0	0.0	0.0	0.0	0.0	0.0	0.0	0.0	17.444613333333333	0.6858275	0.0	0.0	0.0	0.0	6.68727	0.0	0.0	2.10296	1.22976	0.0	0.0	28.2699	35.4884	8.09895	29.5142	16.9474	0.0	31.14661	34.1422	0.1127885	4.03856	4.96997	5.45751	3.15808	30.6057	0.0	0.0	0.0	0.0	0.0	0.0	0.0	0.0	0.0	0.0	0.0	0.0	0.0	0.0	0.0	14.6043	0.0	0.0	0.0	4.19865	4.30416	0.0	3.16536	0.0	0.0	20.680316666666666	20.705825	18.166249999999998	1.38257	12.2248	0.0	8.27359	1.05512	0.0	0.0	0.0	0.0	0.0	2.653563333333333	13.36	0.0	2.725844	0.0	0.0	1.71002	15.8777	0.0	0.0	0.0	0.0	0.0	0.0	0.0	0.0	0.0	0.0	0.0	0.0	32.79965	27.582250000000002	21.1097	0.0	1.41168	0.0	8.92121	0.0	0.0	0.0	0.0	0.0	0.0	0.0	0.0	3.9949	0.0	0.0	0.0	0.0	0.0	30.2201	30.2201	3.85664	0.0	0.0	1.25887	0.0	0.0	7.98252	0.0	78.6464	66.5962	8.415505	14.6625	0.0	18.1335	0.0	0.0	1.33891	1.23704	1.44078	2.01564	1.5281	0.0	1.01874	0.0	0.0	0.0	0.0	0.0	0.0	0.0	0.0	0.0	2.63416	3.25995	0.0	0.0	0.0	0.0	9.22683	0.0	0.0	26.59119	0.0	0.0	0.0	0.0	0.0	0.0	0.0	69.7397	0.0	21.7136	0.0	25.352	0.0	0.0	0.0
N64_2_3	0.0	0.83741	0.287112	0.0	0.502446	0.0	0.0	0.0	0.454594	0.0	0.0	1.14845	0.0	0.0	0.0	0.0	0.0	0.0	0.0	6.571673333333333	4.85698	0.0	0.0	0.0	3.23599	0.0	1.14845	0.0	0.0	0.0	0.0	0.0	1.292	2.368673333333333	5.64653	0.0	6.12505	4.83305	1.6668466666666666	0.0	0.394779	0.909188	0.83741	1.07667	0.0	0.0	0.83741	0.0	0.0	0.0	0.0	0.0	1.07667	0.0	0.0	4.37048	4.37846	0.0	0.0	1.53724375	0.0	1.77052	0.0	2.36867	0.0	0.0	4.25883	0.0	0.0	0.0	1.53126	0.0	3.34964	0.0	1.60304	0.0	0.0	0.0	0.0	1.7545733333333333	0.406742	1.86623	3.32571	0.0	0.0	7.699380000000001	0.6280574999999999	0.669928	0.693854	0.0	1.1604100000000002	0.813484	0.263186	0.0	0.263186	0.0	0.0	0.0	2.4643766666666664	4.85698	1.07667	3.39749	1.93801	0.0	3.9089075	3.525093333333333	0.0	0.0	0.0	0.0	0.0	2.46438	0.0	0.0	0.0	0.0	0.0	0.0	0.0	0.0	0.0	0.83741	0.0	0.861336	0.0	0.0	0.0	0.0	3.46927	0.95704	0.0	0.0	0.0	0.0	1.00489	1.89015	0.0	2.7953516666666665	2.79934	2.58401	0.0	1.36378	0.0	0.0	1.55519	0.574224	0.47852	0.7975333333333333	0.8075025	0.311038	0.0	0.0	0.0	0.0	0.0	0.0	4.92875	1.38771	0.0	0.0	0.0	0.0	1.1963	0.0	1.26808	1.7466	1.1006	1.05274	2.84145	0.406742	2.363888	1.97788	0.0	0.0	0.0	0.0	0.0	0.0	4.3306	1.33986	0.789558	2.32082	0.669928	1.38771	3.54105	0.0	0.622076	1.65089	1.26808	0.95704	2.10549	11.6759	11.652	0.0	0.0	0.0	0.980966	0.0	0.0	1.07667	0.0	7.3751875	9.78573	0.634039	0.885262	1.07667	0.0	0.0	0.0	0.0	0.0	0.0	0.0	0.0	0.0	0.0	6.50787	2.72756	3.15823	0.71778	4.04349	1.55519	3.44534	0.0	0.0	0.0	0.0	0.0	0.0	0.0	0.0	0.0	0.0	0.0	0.0	0.0	2.36867	2.32082	2.6212233333333335	2.0815599999999996	0.0	0.0	5.02446	0.574224	2.105485	0.0	3.08645	1.33986	0.980966	0.0
N64_2_4	2.78548	8.01557	2.1719	6.54491	5.33722	1.97711	3.62307	3.12636	3.3860799999999998	0.0	0.0	0.0	0.0	0.0	0.0	0.0	0.0	0.0	0.0	51.7140455	53.1482	7.85	0.0	0.0	0.0	0.0	0.0	0.0	0.0	0.0	0.0	0.0	12.9145	20.261266666666668	47.4798	0.0	50.801	43.4282	16.628466666666668	0.0	4.43145	0.0	10.1875	12.5055	0.0	0.35062	7.36302	10.7913	0.0	0.0	0.0	0.0	0.0	0.0	0.0	0.331141	0.331141	0.0	0.0	0.233747	0.0	0.126613	0.0	22.839	0.0	0.0	34.5166	0.0	0.0	0.0	14.9014	0.0	34.7114	0.0	0.0	0.0	0.0	0.0	0.0	16.91743333333333	6.03846	17.3362	0.0	0.0	0.0	1.162888	0.0	9.15508	8.10322	0.0	16.68855	4.523975	2.191376	0.0	0.0	0.0	0.0	0.0	22.152366666666666	0.0	0.0	0.759677	0.36036	0.954466	26.269232499999998	22.92665	0.0	0.165571	0.224007	0.165571	0.214268	0.662282	0.0	0.0	0.0	0.0	0.0	0.0	0.0	0.0	0.0	10.1875	8.42462	11.6776	0.399317	0.2045285	0.418796	0.331141	28.9943	10.0122	0.331141	0.253226	0.214268	0.0	0.0	23.1312	0.0	0.448015	0.448015	0.389578	0.0	0.389578	0.0	0.467494	11.710066666666668	3.00462	1.9251633333333331	4.9151750000000005	3.46919	2.576085	0.0	0.0	26.8809	0.0	0.0	0.0	0.0	15.1643	11.2198	0.0	0.0	0.0	12.0769	0.0	12.6223	20.9301	11.7263	9.385288181818181	26.962165384615385	5.02556	18.876430714285714	14.4144	0.389578	0.0	0.0	0.0	0.0	0.0	41.5777	19.6542	9.66153	31.7896	7.82078	16.9759	30.7961	0.0	8.69733	16.9661	8.64863	8.59019	19.9756	0.623325	0.623325	0.0	0.0	0.0	0.0	3.94448	0.0	0.0	0.233747	47.44413333333333	32.107733333333336	4.40223	10.616	7.85973	0.0	0.0	0.0	0.0	0.0	0.0	0.0973945	0.0	0.0	0.0	65.7997	28.9943	27.6406	10.1875	49.9342	16.1967	36.0457	0.0	0.0	0.155831	0.0	0.0	0.0	0.0	0.0	0.370099	0.0	0.0	0.0	0.0	3.46724	3.03871	3.99263	3.2481099999999996	0.0	0.0	46.4377	5.20087	8.6680905	0.0	0.457754	11.2101	12.038	0.759677
N64_2_2	0.0	0.0	0.0	0.0	0.0	0.0	0.0	0.0	0.0	0.0	0.0	1.8484799999999997	0.0	0.0	0.0	0.0	0.0	0.0	0.0	4.50454	0.0	0.0	0.0	0.0	9.4936325	0.0	1.8484799999999997	0.0	0.0	0.0	0.0	0.0	0.0	0.0	0.0	3.13164	0.0	0.0	0.0	0.6729890000000001	0.0	0.0	0.0	0.0	0.0	1.66901	0.0	0.0	0.0	0.0	0.0	0.0	0.879372	0.0	0.0	8.985153333333333	9.15265	0.0	0.0	0.9668607499999999	0.0	4.25329	0.0	0.0	0.0	0.0	0.0	0.0	2.04589	0.0	0.0	0.0	0.0	0.0	2.90731	0.0	0.0	0.0	0.0	0.0	0.0	0.0	0.0	0.0	0.0	32.34658	0.0	0.0	0.0	0.0	0.0	0.412767	0.0	0.0	0.969104	0.0	0.0	0.0	0.0	7.9323	1.31009	6.60427	2.92526	0.0	9.52953	8.36301	0.0	0.556338	0.556338	0.502499	0.717855	4.91731	0.0	0.0	0.0	0.0	0.0	0.0	0.0	0.0	0.0	0.0	0.0	0.0	0.0	0.0	0.0	2.27919	0.0	0.0	0.0	0.0	0.430713	0.0	1.04089	0.0	0.0	5.841546666666667	5.85052	5.303155	0.143571	2.99705	0.0	0.753748	0.0	0.0	0.0	0.0	0.0	0.0	0.0	1.39982	0.0	0.538391	0.0	0.0	4.28918	3.53544	0.0	0.0	0.0	0.0	0.0	0.0	0.0	0.0	0.0	0.0	0.0	0.0	3.05088	4.43275	3.26624	0.0	0.0	0.0	0.84348	0.0	0.0	0.0	0.0	0.0	0.0	0.0	0.0	0.628123	0.0	0.0	0.0	0.0	0.0	22.2535	22.2535	0.538391	0.0	0.0	1.66901	0.0	0.0	1.93821	0.879372	14.3661	13.8008	0.969104	0.0	0.0	1.75874	0.0	0.0	0.0	0.0	0.0	0.287142	0.0	0.0	0.0	0.0	0.0	0.0	0.0	0.0	0.0	0.0	0.0	0.0	0.0	0.0	0.0	0.0	0.0	0.0	0.987051	0.0	0.0	0.0	0.0	0.0	0.0	0.0	0.0	0.0	0.0	0.0	0.0	5.70695	0.0	6.55043	0.0	0.0	0.0
N65_1_2	0.0	0.0	0.0	0.0	0.0	0.0	0.0	0.0	0.0	0.0	14.2805	10.1833	0.0	0.0	0.0	0.0	0.0	0.0	0.0	0.0	0.0	0.0	0.0	0.0	79.73585	0.0	10.1833	36.1984	0.0	39.69889166666667	44.9496	0.0	0.0	0.0	0.0	32.2603	0.0	0.0	0.0	0.0	0.0	0.0	0.0	0.0	0.0	0.0	0.0	0.0	0.0	0.0	0.0	0.0	12.0529	0.0	0.0	74.55803333333334	75.3801	0.0	0.0	5.01705375	0.0	37.2724	0.0	0.0	0.0	0.0	0.0	0.0	13.1269	0.0	0.0	0.0	0.0	0.0	27.4471	0.0	0.0	0.0	0.0	0.0	0.0	0.0	102.907	0.0	0.0	223.37693333333334	38.6	0.0	0.0	0.0	0.0	0.0	0.0	0.0	7.16012	0.0	0.0	0.0	0.0	65.2366	14.2805	40.3751	24.2251	0.0	75.0221	58.6334	0.49722999999999995	0.0	0.0	0.0	0.0	47.2568	0.0	0.0	0.0	0.0	0.0	0.0	0.0	0.0	0.0	0.0	0.0	0.0	0.0	0.0	0.0	0.0	0.0	0.0	0.0	0.0	0.0	0.0	12.6495	0.0	0.0	46.54075	46.6004	41.687799999999996	0.0	25.3389	0.0	0.0	0.0	0.0	0.0	0.0	0.0	0.0	0.0	0.0	0.0	0.0	0.0	0.0	41.5287	25.4582	0.0	0.0	0.0	0.0	0.0	0.0	0.0	0.0	0.0	0.0	0.0	0.0	0.0	34.2094	0.0	0.0	93.36	0.0	0.0	0.0	0.0	0.0	0.0	0.0	0.0	0.0	0.0	6.12588	0.0	0.0	0.0	0.0	0.0	216.355	216.2755	3.65962	0.0	0.0	15.5136	0.0	0.0	13.8827	0.0	126.57499999999999	132.343	6.72255	0.0	0.0	0.0	0.0	0.0	0.0	0.0	0.0	0.0	0.0	0.0	0.0	0.0	0.0	0.0	0.0	0.0	0.0	0.0	0.0	0.0	0.0	0.0	0.0	0.0	0.0	0.0	0.0	0.0	0.0	0.0	0.0	87.8308	75.7779	99.43503333333334	82.8386	0.0	0.0	0.0	0.0	41.6878	0.0	51.5528	0.0	0.0	0.0
N65_1_4	0.0	5.90124	0.0	0.0	0.0	0.0	0.0	0.0	0.0	0.0	0.0	0.0	0.0	0.0	0.0	0.0	0.0	0.0	0.0	90.5308	59.8245	0.0	7.93148	0.0	15.51785	0.0	0.0	0.0	0.0	0.0	0.0	0.0	0.0	0.0	22.089	26.2984	19.8422	25.5269	7.687849999999999	0.0	0.0	13.8869	0.0	0.0	7.66078	0.0	10.5302	14.4373	0.0	0.0	0.0	0.0	3.54616	0.0	0.0	20.7987	21.3311	0.0	0.0	10.3881	0.0	7.71492	6.3885	0.0	0.0	0.0	56.4137	0.0	4.2905785	0.0	23.1718	0.0	47.9949	0.0	14.9155	0.0	0.0	0.0	0.0	14.6719	9.09549	22.9011	0.0	0.0	0.0	0.0	0.0	10.2595	9.82638	0.0	16.60735	9.88052	0.0	0.0	4.06049	0.0	0.0	0.0	27.137600000000003	32.7275	7.49836	22.4139	13.0748	1.75954	45.417892	51.236575	0.216559	0.0	0.0	0.0	0.0	24.9314	0.0	0.0	0.0	0.0	0.0	0.0	0.0	0.0	0.0	11.5588	0.0	12.9936	0.974517	0.46018800000000004	0.757957	0.0	47.9679	0.0	0.839167	0.0	0.0	0.0	5.87417	29.3167	0.0	21.461916666666667	21.486725	19.26025	0.622608	16.648	0.0	0.0	0.0	0.0	0.0	0.0	0.0	0.0	0.0	0.0	0.0	0.0	0.0	0.0	0.0	17.6631	0.0	0.0	5.27863	7.60664	12.1544	0.0	0.0	13.9951	15.2674	0.0	0.0	0.0	31.339235714285714	33.492225	15.2674	0.0	0.0	0.0	0.0	0.0	0.0	0.0	0.0	0.0	0.0	0.0	0.0	3.38374	7.525435	0.0	0.0	0.0	29.2896	44.8548	44.841300000000004	1.10987	0.0	0.0	4.1417	0.0	0.0	7.47129	0.0	69.535725	52.05545	7.498365	20.7085	0.0	0.0	0.0	0.0	0.0	0.0	0.0	0.0	0.0	0.0	0.0	0.0	0.0	0.0	0.0	0.0	0.0	0.0	9.217305	9.33912	0.0	0.0	0.0	0.0	0.0	0.0	0.0	0.0	0.0	0.0	2.08032	0.0	0.0	0.0	0.0	0.0	0.0	71.8977	0.0	19.3821	0.0	24.1734	0.0	0.0	2.2468
N65_2_2	0.0	0.0	0.0	0.0	0.0	0.0	0.0	0.0	0.0	0.0	17.7304	5.38907	0.0	0.0	0.0	0.0	0.0	0.0	0.0	0.0	0.0	0.0	0.0	0.0	34.76155	4.44289	5.38907	41.2099	0.0	42.502316666666665	51.79260000000001	0.0	0.0	0.0	0.0	18.05955	0.0	0.0	0.0	0.0	0.0	0.0	0.0	0.0	0.0	0.0	0.0	0.0	0.0	0.0	0.0	0.0	5.63589	0.0	0.0	41.06933333333333	41.2613	0.0	0.0	7.867625	0.0	16.8254	1.193	0.0	0.0	0.0	0.0	0.0	8.63896	0.0	0.0	0.0	0.0	0.0	14.3571	0.0	0.0	0.0	0.0	0.0	0.0	0.0	32.828	3.72984	0.0	70.33760000000001	48.4964375	0.0	0.0	0.0	0.0	0.0	0.0	0.0	3.37331	0.0	0.0	0.0	0.0	42.4132	6.58207	26.8219	11.2306	0.0	70.1608	39.1633	0.287965	0.0	0.0	0.0	0.0	29.5782	0.0	0.0	0.0	0.0	0.0	0.0	0.0	0.0	0.0	0.0	0.0	0.0	0.0	0.0	0.0	0.0	0.0	0.0	0.0	0.0	0.0	0.0	6.00613	0.0	0.0	26.4311	26.4928	23.4486	0.0	18.0184	0.0	0.0	0.0	0.0	0.0	0.0	0.0	0.0	0.0	0.0	0.0	0.0	0.0	1.193	22.2967	13.2464	0.0	0.0	0.0	0.0	0.0	0.0	0.0	0.0	0.0	0.0	0.0	0.0	14.028	20.8569	14.3983	0.0	94.4526	0.0	0.0	0.0	0.0	0.0	0.0	0.0	0.0	0.0	0.0	3.82583	0.0	0.0	0.0	0.0	0.0	94.51435	94.5349	1.97462	0.0	0.0	6.91117	0.0	0.0	7.8162	2.7151	102.3787	102.557	3.99038	0.0	0.0	0.0	0.0	0.0	0.0	0.0	0.0	0.0	0.0	0.0	0.0	0.0	0.0	0.0	0.0	0.0	0.0	0.0	0.0	0.0	0.0	0.0	0.0	0.0	0.0	0.0	0.0	0.0	0.0	0.0	0.0	88.7345	79.7664	103.51201111111111	82.9957	0.0	0.0	0.0	0.0	22.667	0.0	32.0876	0.0	0.0	0.0
N65_2_3	0.0	2.49395	0.0	0.0	0.0	0.0	0.0	0.0	0.0	0.0	0.0	0.0	0.0	0.0	0.0	0.0	0.0	0.0	0.562018	27.55056666666667	20.619	2.14269	0.0	0.0	1.2557625000000001	0.0	0.0	0.0	0.0	0.0	0.0	0.0	4.0395	6.463203333333333	16.1931	3.196475	16.7552	16.5093	4.589813333333333	0.38638700000000004	1.26454	4.07463	2.24807	2.4237	1.44017	0.0	3.0911	4.40833	0.0	0.0	0.0	0.0	0.0	0.0	0.0	0.0	0.0	1.0915113333333333	0.0	0.0	0.0	0.63227	0.491766	5.90119	31.8243	14.2612	15.9121	0.0	1.44017	0.0	8.39514	0.0	16.8605	0.45664	0.737648	0.0	0.0	0.0	0.0	6.147069999999999	3.0911	8.36002	0.0	0.0	1.6158	0.878153	0.63227	3.16135	3.54774	0.0	6.7442150000000005	4.42589	1.22941	1.05378	0.45664	0.0	0.491766	0.0	9.091816666666666	5.76068	0.948405	3.0911	1.4753	3.51261	10.397317	10.195375	0.0	0.0	0.0	0.0	0.0	2.73984	0.0	0.0	0.0	0.0	0.0	0.0	0.0	0.0	0.0	4.5664	5.76068	4.42589	0.878153	0.8605895	2.00219	0.0	11.978	3.47749	1.93194	0.0	0.0	0.0	0.0	9.87044	0.0	3.3311266666666666	3.33698	2.96816	0.281009	1.86168	0.0	0.0	6.990095	1.4138275	1.03622	1.5455483333333333	1.65795	0.562018	1.0046084	0.0	1.86168	1.26454	0.0	0.0	0.0	4.63665	0.0	0.0	0.0	0.0	0.0	0.0	4.0395	4.81228	5.30404	4.00438	8.654535	1.08891	10.783700000000001	7.739456666666666	0.0	0.0	0.0	0.0	0.0	0.0	16.8957	6.28758	3.05597	10.4325	2.63446	6.56858	12.0483	0.0	2.66958	5.12841	2.73984	3.1437850000000003	7.798	4.07463	4.07463	1.01866	0.0	0.0	0.0	1.22941	0.0	0.667396	0.0	17.08532	15.748233333333333	1.4401700000000002	3.79362	1.51042	0.0	0.0	0.0	0.0	0.0	0.0	0.0	0.0	0.0	0.0	33.7913	11.8726	11.2404	3.33698	21.3918	7.20085	11.3457	1.82656	2.283195	0.0	0.0	0.0	0.0	2.59933	1.22941	0.0	0.0	0.0	0.0	4.641492758620689	0.0	0.0	0.0	0.0	0.0	0.0	20.4434	1.72118	3.301855	0.0	3.19648	4.53127	5.23379	3.51261
N65_2_4	0.0	3.49555	0.0	0.0	0.0	0.0	0.0	0.0	0.7811600000000001	0.0	0.0	0.303472	0.0	0.0	0.0	0.0	0.0	0.0	0.0	70.8467125	62.3242	3.38315	5.59738	0.0	0.42148925000000004	0.0	0.303472	0.0	0.0	0.0	0.0	0.0	3.60795	12.799225	51.86	0.9385159999999999	51.8937	55.9063	15.932300000000001	0.0	2.63009	17.2979	4.22613	4.22613	12.2625	0.438349	10.2731	10.014575	0.0	0.0	0.0	0.0	0.134877	0.0	0.0	0.561986	0.561986	1.5784305666666667	0.0	0.348431	0.0	0.314712	0.123637	11.5151	38.4398	17.1968	15.4096	0.0	2.804309	0.0	22.3445	0.0	50.6461	0.202315	0.292232	0.0	0.0	0.0	0.0	14.7128	9.9359	28.8411	0.842978	0.7643	7.17094	0.8414794666666666	0.626614125	12.5098	11.1386	0.0	22.35015	7.260847	1.3974666666666666	1.27009	0.134877	0.0	0.38215	0.0	34.11065	14.9938	0.809259	1.24761	0.651903	12.0602	33.407795	48.84215	0.0	0.0	0.0	0.0	0.0	3.15836	0.0	0.0	0.0	0.0	0.0	0.0	0.0	0.0	0.0	13.6001	12.8807	11.6106	4.32729	5.934565	7.51937	0.651903	40.2719	6.91242	5.853079999999999	0.0	0.0	0.0	0.0	32.6514	0.0	0.7268344999999999	0.730581	0.668763	0.0	0.584465	0.0	0.303472	8.418545	2.09621	1.32067	2.4483866666666665	1.616274	1.26447	0.0	0.640664	0.0	0.0	0.0	0.0	0.0	11.458879	0.0	0.0	0.0	0.0	11.2397	0.0	5.47374	14.7015	16.8034	3.9737509090909096	9.282272307692308	1.4162	27.77172	21.467843333333334	0.685622	0.0	0.0	0.0	0.0	0.0	57.7047	23.6821	13.9485	41.9241	12.2625	23.1538	45.3747	0.0	10.5878	15.3197	4.97919	3.74844	30.4371	1.96695	1.96695	0.0	0.0	0.0	0.0	2.00067	0.0	0.213555	0.0	71.06878	66.80324999999999	6.41788	15.6682	5.84465	0.0	0.0	0.0	0.0	0.0	0.0	0.0	0.0	0.0	0.0	99.64	39.4177	37.8666	13.1729	63.392	23.6484	44.7003	0.0	6.29424	0.0	0.0	0.0	0.0	11.7567	6.37292	0.258513	0.0	0.0	0.0	14.558416666666666	0.0	0.0	0.0	0.0	0.0	0.0	75.4409	1.80959	3.4337305	0.0	0.921656	4.57456	4.47341	11.7905
N65_1_3	0.0	0.893743	0.0	0.0	0.0	0.0	0.0	0.0	0.0	0.0	0.368012	3.83784	0.0	0.0	0.0	0.0	0.0	0.0	0.0	33.00716666666667	20.4247	0.0	0.0	0.0	10.54749	8.64828	3.83784	0.657164	0.0	0.7031653333333333	0.736023	0.0	0.0	0.0	6.01962	15.1936	5.59904	7.17623	2.05035	0.0	0.0	4.60015	0.0	0.0	1.78749	0.0	4.36357	6.5804	0.0	0.0	0.0	0.0	5.65161	0.0	0.0	27.907566666666668	28.1003	0.0	0.0	13.5737	0.0	4.78415	3.60126	0.0	0.0	0.0	10.3306	1.07775	5.4281749999999995	0.0	9.51573	0.0	16.9811	0.0	15.4039	0.0	0.0	0.0	0.0	6.063433333333333	3.33839	9.9626	7.2288	8.056825	0.552018	4.621173333333333	1.46547625	3.83784	4.44243	0.0	5.717325	4.23213	0.0	0.0	3.10181	0.0	0.0	0.0	11.85525	40.0081	6.36135	27.6535	8.28026	2.62865	16.39325	21.23295	0.157719	0.0	0.0	0.0	0.0	28.3369	0.0	0.0	0.0	0.0	0.0	0.0	0.0	0.0	0.0	5.02073	0.0	5.20474	1.13032	0.7491665000000001	2.20807	0.0	17.0863	0.0	1.10404	0.0	0.0	0.0	3.1281	11.4084	0.0	26.95685	26.97	24.564799999999998	2.7338	22.5801	0.0	0.0	0.0	0.0	0.0	0.0	0.0	0.0	8.109401666666667	0.0	0.0	8.706102000000001	0.0	0.0	14.1685	11.47406	0.0	0.0	1.89263	3.78526	2.94409	0.0	0.0	0.0	4.8893	0.0	0.0	0.0	11.2506275	15.2199175	16.8497	0.0	2.39208	0.0	0.0	0.0	0.0	0.0	0.0	0.0	0.0	0.0	0.0	3.9167	2.3000730000000003	0.0	0.0	0.0	10.1203	36.8537	36.88	1.60348	0.0	0.0	2.68123	0.0	0.0	8.0174	0.0	52.746579999999994	59.6442	3.062385	5.2836	0.0	0.0	0.0	0.0	0.0	0.0	0.0	0.0	0.0	0.0	0.0	0.0	0.0	0.0	0.0	0.0	0.0	0.0	3.482965	2.65494	0.0	0.0	0.0	0.0	0.0	0.0	0.0	0.0	0.0	0.9528875	2.389686363636364	1.3669	1.39319	1.6691966666666667	1.44576	0.0	0.0	24.5516	0.0	14.1159	0.0	32.1222	0.0	0.0	2.78637
N66_1_3	0.0	0.426089	0.0	0.0	0.0	0.0	0.0	0.0	0.0	0.0	0.0	0.0	0.0	0.0	0.0	0.0	0.0	0.0	0.0	1.8108799999999998	0.0	0.0	0.0	0.0	1.637775	0.0	0.0	0.0	0.0	0.0	0.0	0.0	0.0	0.0	1.03859	1.25164	1.06522	0.932069	0.266305	0.0	0.0	0.0	0.47935	0.47935	0.0	0.0	0.0	0.0	0.0	0.0	0.0	0.0	0.0	0.0	0.0	1.38479	1.41142	0.0	0.0	0.0	0.0	1.14511	0.0	0.0	0.0	2.07718	0.0	0.0	0.0	0.0	0.0	0.0	1.54457	0.0	0.745655	0.0	0.0	0.0	0.0	0.0	0.0	0.0	0.0	0.0	0.0	2.732296	0.0	0.0	0.0	0.0	0.0	0.0	0.0	0.0	0.292936	0.0	0.0	0.0	0.0	2.5299	0.47935	2.23697	0.0	0.0	2.5299	1.7487399999999997	0.0	0.0	0.0	0.0	0.0	2.15707	0.0	0.0	0.0	0.0	0.0	0.0	0.0	0.0	0.0	0.0	0.0	0.0	0.0	0.0	0.0	0.0	0.0	0.0	0.0	0.0	0.0	0.0	0.0	0.0	0.0	1.620021666666667	1.62446	1.3049	0.0	0.0	0.0	0.0	0.0	0.0	0.0	0.0	0.239675	0.0	0.0	0.0	0.0	0.0	0.0	0.0	1.59783	0.745655	0.0	0.0	0.0	0.0	0.0	0.0	0.0	0.0	0.0	0.0	0.0	0.0	0.0	1.09185	0.0	0.0	0.0	0.0	0.0	0.0	0.932069	0.0	0.213044	0.0	0.0	0.452719	0.0	0.0	0.0	0.0	0.0	0.0	0.0	5.406	5.406	0.213044	0.0	0.0	0.0	0.0	0.0	0.719025	0.0	3.8436733333333333	4.82013	0.399458	0.426089	0.0	0.0	0.0	0.0	0.0	0.0	0.0	0.0	0.0	0.0	0.0	2.05055	0.0	0.0	0.0	1.06522	0.47935	0.0	0.0	0.0	0.0	0.0	0.0	0.0	0.0	0.0	0.0	0.0	0.0	0.0	0.0	0.0	0.0	0.0	0.0	0.0	0.0	1.65109	0.0	1.86414	0.0	1.97066	0.0	0.0	0.0
N66_1_4	0.0	13.02	0.0	0.0	0.0	0.0	0.0	0.0	0.0	0.0	0.0	11.821800000000001	0.0	0.0	0.0	0.0	0.0	0.0	0.0	73.3274	0.0	0.0	0.0	0.0	41.436375	0.0	11.821800000000001	0.0	0.0	0.0	0.0	0.0	0.0	0.0	0.0	64.36115000000001	0.0	0.0	0.0	0.0	0.0	0.0	0.0	0.0	0.0	24.9617	0.0	0.0	0.0	0.0	0.0	0.0	17.0139	0.0	0.0	71.13076666666667	72.3289	0.0	0.0	42.879149999999996	0.0	23.2044	14.5377	0.0	0.0	0.0	90.1815	0.0	15.176675	0.0	0.0	0.0	0.0	18.212	38.1414	0.0	0.0	0.0	0.0	0.0	0.0	0.0	0.0	0.0	3.15516	36.828786666666666	0.0	0.0	0.0	0.0	0.0	11.5822	0.0	0.0	10.6836	4.79264	0.0	0.0	0.0	88.7837	19.4901	72.0094	44.6514	7.70816	55.3948	70.69145	0.978498	9.18589	11.9816	12.3411	15.1368	73.567	0.0	0.0	0.0	0.0	0.0	0.0	0.0	0.0	0.0	0.0	0.0	0.0	2.95546	2.3364149999999997	5.4716	45.7697	0.0	0.0	2.83565	10.6636	12.381	0.0	10.0645	0.0	0.0	72.38888333333334	72.4488	65.59925	2.67589	62.9433	0.0	17.8126	0.0	0.0	0.0	0.0	0.0	0.0	0.0	36.3043	0.0	1.8531559999999998	0.0	0.0	0.0	43.4533	0.0	0.0	0.0	0.0	0.0	0.0	0.0	0.0	0.0	0.0	0.0	0.0	33.68163333333333	43.85265	52.8788	0.0	0.0	0.0	18.212	0.0	0.0	0.0	0.0	0.0	0.0	0.0	0.0	11.2627	5.51154	0.0	0.0	0.0	0.0	124.848	124.888	0.359448	0.0	0.0	12.9002	0.0	0.0	20.5285	0.0	136.39063333333334	130.77904999999998	8.626755	9.26577	0.0	25.0815	0.0	0.0	4.47313	4.31338	6.51	8.70663	5.71123	0.0	4.11368	0.0	0.0	0.0	0.0	0.0	0.0	0.0	0.0	0.0	5.07221	7.7481	0.0	0.0	0.0	0.0	21.5269	0.0	2.15669	0.0	10.349826666666667	0.0	0.0	0.0	0.0	0.0	0.0	0.0	0.0	60.1876	0.0	69.014	0.0	0.0	8.54688
N66_2_2	0.0	0.0	0.0	0.0	0.0	0.0	0.0	0.0	0.0	0.0	6.68506	0.0	0.0	0.0	0.0	0.0	0.0	0.0	0.0	4.196735	2.67402	0.742784	0.0	0.0	2.6245025	1.0399	0.0	13.6177	0.0	15.115625	15.4004	0.0	0.0	0.0	2.03028	2.62451	2.0798	1.8322	0.0	0.0	0.0	0.0	0.0	0.445671	0.0	0.0	0.0	0.0	0.0	0.0	0.0	0.0	0.792303	0.0	0.0	3.978026666666667	4.01104	0.0	0.0	1.35558	0.0	1.23797	0.0	0.0	0.0	0.0	4.25863	0.0	1.53509	0.0	0.0	0.0	0.0	0.0	1.63413	0.0	0.0	0.0	0.0	1.18846	0.0	1.78268	3.26825	0.0	0.0	5.688077333333333	16.205075	0.0	0.0	0.0	1.213215	0.0	0.0	0.0	0.0	0.0	0.0	0.0	0.0	9.75524	0.990379	4.15959	0.0	0.0	12.627334999999999	3.9986575	0.0	0.0	0.0	0.0	0.0	4.06055	0.0	0.0	0.0	0.0	0.0	0.0	0.0	0.0	0.0	0.0	0.0	0.0	0.0	0.0	0.0	0.0	0.0	0.0	0.0	0.0	0.0	0.0	0.0	0.0	0.0	3.31777	3.31777	2.9959	0.0	2.03028	0.0	0.0	4.060555	1.05228	0.5694684999999999	0.7015186666666667	0.742784	0.0	0.0	0.0	0.0	0.0	0.0	0.0	3.21873	2.03028	0.0	0.0	0.0	0.0	0.0	0.0	0.0	0.0	0.693265	0.0	0.0	0.0	2.55848	2.3108833333333334	0.0	0.0	34.7128	0.0	0.0	0.0	1.88172	0.0	0.0	0.0	0.0	0.693265	0.0	0.0	0.0	0.0	0.0	1.0399	0.0	10.0028	10.0028	0.544709	0.0	0.0	0.0	0.0	0.0	1.08942	0.742784	26.0222175	24.908	0.8170625	1.58461	0.0	0.0	0.0	0.0	0.0	0.0	0.0	0.0	0.0	0.0	0.0	3.36729	0.0	0.0	0.0	0.0	1.18846	0.0	0.0	0.0	0.0	0.0	0.0	0.0	0.0	0.0	0.0	0.0	0.0	0.0	0.0	32.0883	27.7306	36.132327777777775	27.9782	0.0	0.0	9.70572	0.0	2.32739	0.0	4.11007	0.0	0.0	0.0
N66_1_2	0.0	0.0	0.0	0.0	0.0	0.0	0.0	0.0	0.0	0.0	3.73575	4.7777	0.0	0.0	0.0	0.0	0.0	0.0	0.0	15.7562	0.0	0.0	0.0	0.0	17.57325	5.61633	4.7777	6.53121	0.0	9.159365833333334	9.98742	0.0	0.0	0.0	0.0	12.147549999999999	0.0	0.0	0.0	0.0	0.0	0.0	0.0	0.0	0.0	5.3622	0.0	0.0	0.0	0.0	0.0	0.0	4.14236	0.0	0.0	25.514966666666666	25.6166	0.0	0.0	7.09983625	0.0	7.31903	1.60104	0.0	0.0	0.0	0.0	0.0	7.77646	4.32026	0.0	0.0	0.0	0.0	9.91118	0.0	0.0	0.0	0.0	0.0	0.0	0.0	24.0664	5.05724	0.0	49.393253333333334	9.059835	0.0	0.0	0.0	0.0	1.93141	0.0	0.0	2.2872	0.406612	0.0	0.0	0.0	29.7335	5.89588	21.7792	8.13225	0.0	27.3955	31.055	0.2287195	0.813225	0.991118	0.940291	2.00765	23.1769	0.0	0.0	0.0	0.0	0.0	0.0	0.0	0.0	0.0	0.0	0.0	0.0	0.0	0.0	0.0	9.04713	0.0	0.0	0.0	0.864052	0.6988650000000001	0.0	2.97335	0.0	0.0	23.354783333333334	23.4056	20.92785	1.04194	15.7054	0.0	1.11818	0.0	0.0	0.0	0.0	0.0	0.0	1.16901	6.70911	0.0	1.113098	0.0	0.0	23.7614	11.5885	0.0	0.0	0.0	0.0	0.0	0.0	0.0	0.0	0.0	0.0	0.0	0.0	7.4588	16.112	11.9188	1.42314	20.356	1.55021	1.29608	0.0	0.0	0.0	0.0	0.0	0.0	0.0	0.0	3.12583	0.0	0.0	0.584505	0.0	0.0	50.547	50.5216	3.10042	0.0	0.0	4.49815	0.0	0.0	5.64175	1.77893	47.260266666666666	57.8915	2.79546	0.0	0.0	2.84629	0.0	0.0	0.0	0.0	0.0	0.432026	0.0	0.0	0.432026	0.0	0.0	0.0	0.0	0.0	0.0	0.0	0.0	0.0	0.508266	0.559092	0.0	0.0	0.0	0.0	1.85517	0.0	2.03306	0.686159	0.0	17.0777	14.8668	20.333472222222223	17.1031	0.0	0.0	0.0	0.0	12.4017	0.0	21.5505	0.0	0.0	0.0
N66_2_4	0.348335	12.0084	0.348335	0.935005	4.82169	0.201668	0.366669	0.385002	2.267234	0.0	0.0	0.0	0.0	0.0	0.0	0.0	0.0	0.0	1.24667	171.61933333333332	130.937	23.9435	0.330002	0.0	0.0	0.0	0.0	0.0	0.0	0.0	0.0	0.0	30.6718	38.30466666666667	65.9087	0.0	70.1804	58.7953	16.316766666666666	0.0	7.819215	11.5501	17.4718	18.7001	1.13667	0.0	14.2084	22.0368	0.0	0.0	0.0	0.0	0.0	0.0	0.0	0.0	0.0	13.5335115625	0.0	0.0	0.0	0.0	0.0	49.8853	399.376	184.874	50.6369	0.0	0.0	0.0	35.3652	0.0	83.6738	0.0	0.0	0.0	0.0	0.0	0.0	37.149633333333334	16.9218	48.2536	0.0	0.0	1.26501	0.0	0.0	18.8651	17.0318	0.0	39.4627	20.890949999999997	11.809766666666667	10.8534	0.0	0.0	3.80419	0.0	53.981496	0.0	0.0	0.0	4.05169	0.0	58.783113333333326	45.4944225	0.0	0.0	0.0	0.0	0.0	0.0	0.0	0.0	0.0	0.0	0.0	0.0	0.0	0.0	0.0	37.1985	42.5886	26.2718	0.0	0.256668	0.421669	0.0	64.6437	26.6201	0.0	0.0	0.0	0.0	0.0	58.0803	0.0	0.0	0.0	0.0	0.0	0.0	0.0	0.0	27.659066666666664	7.516707500000001	3.7339100000000003	8.256158333333333	5.668699999999999	5.7567	0.0	0.0	4.52836	0.0	0.0	0.0	0.0	38.2619	1.63168	0.0	0.0	0.0	27.4635	0.0	36.3552	46.6953	28.1968	30.90017272727273	80.12276538461538	12.8334	60.54925	46.42945	0.0	0.0	0.0	0.0	0.0	0.0	58.722	27.5002	13.6951	45.1186	11.5501	24.2185	47.0619	0.0	9.3317175	23.906785	11.9075845	18.657323666666667	54.927	0.0	0.0	0.0	0.146667	0.165001	0.0	16.7384	0.0	0.0	0.0	75.8088	21.7985	9.82672	24.3651	15.7668	0.0	0.0	0.0	0.0	0.0	0.0	0.0	0.0	0.0	0.0	142.322	40.1686	38.6286	13.3651	71.3904	33.4952	50.912	0.0	12.6134	0.0	0.0	0.36666899999999997	0.0	1.57668	0.58667	0.0	0.0	0.0	0.0	3.3759699999999997	0.0	0.0	0.0	0.0	0.0	0.0	88.7522	13.3284	44.0369	0.0	0.0	49.9953	50.4353	0.0
N66_2_3	19.9963	11.3177	22.2294	51.3103	19.2858	10.3027	28.9286	21.1636	27.000033333333334	0.0	0.0	0.0	0.0	0.0	0.0	0.0	0.0	0.0	0.0	48.38356666666667	31.2125	0.710528	22.6861	0.0	0.0	0.0	0.0	0.0	0.0	0.0	0.0	0.0	2.28384	1.70019	0.0	0.0	6.49625	5.1767	1.0996233333333334	0.0	0.0	0.0	0.913536	1.01504	0.0	0.0	1.11654	2.68986	0.0	0.0	0.0	0.0	0.0	0.0	0.0	0.0	0.0	0.8881600000000001	0.0	0.0	0.0	0.0	0.0	3.24813	16.5959	9.13536	122.515	0.0	0.0	0.0	2.68986	0.0	6.344	0.0	0.0	0.0	0.0	0.0	0.0	1.7255666666666667	1.06579	3.24813	0.0	0.0	0.659776	0.0	0.0	1.2688	0.0	0.0	1.674815	1.39568	0.0	0.0	0.0	0.0	0.0	0.0	12.057224285714286	0.0	0.0	0.0	53.4926	1.87782	29.24441555555556	74.3349	0.0	0.0	0.0	0.0	0.0	0.0	0.0	0.0	0.0	0.0	0.0	0.0	0.0	0.0	0.0	2.08083	2.99437	1.52256	0.0	0.0	0.0	0.0	25.1222	1.3703	0.0	0.0	0.0	0.0	0.0	3.34963	0.0	0.0	0.0	0.0	0.0	0.0	0.0	0.0	154.75966666666667	39.92915	15.310179999999997	53.74633333333333	45.5922	0.304512	0.0	0.0	0.0	0.0	0.0	0.0	0.0	3.14662	0.0	0.0	0.0	0.0	0.0	0.0	1.52256	1.77632	2.99437	1.7255700000000003	8.9201676	0.913536	40.43241666666667	70.4945	0.0	0.0	0.0	0.0	0.0	0.0	0.0	1.3703	0.710528	1.82707	0.609024	1.06579	2.18234	0.0	13.804544	24.25947	13.322395	19.065813333333335	2.89286	0.0	0.0	0.0	10.886299999999999	15.9361	0.0	1.72557	0.0	0.0	0.0	76.94	0.0	12.5357	20.9606	0.0	0.0	0.0	0.0	0.0	0.0	0.0	0.0	0.0	0.0	0.0	17.3572	1.62406	1.82707	0.0	0.0	2.58835	2.5376	1.31955	0.0	0.0	0.0	28.615317391304348	0.0	0.0	0.0	0.0	0.0	0.0	0.0	0.0	0.0	0.0	0.0	0.0	0.0	0.0	84.1468	1.52256	2.4361	0.0	0.0	3.34963	3.24813	0.0
N67_1_2	0.0	0.0	0.0	0.0	0.0	0.0	0.0	0.0	0.0	0.0	0.0	17.9708	0.0	0.0	0.0	0.0	0.0	0.0	0.0	46.2893	0.0	0.0	0.0	0.0	90.024375	9.0116	17.9708	0.0	0.0	0.0	0.0	0.0	0.0	0.0	0.0	39.0197	0.0	0.0	0.0	0.0	0.0	0.0	0.0	0.0	0.0	16.661	0.0	0.0	0.0	0.0	0.0	0.0	12.391	0.0	0.0	91.81883333333333	92.1856	0.0	0.0	12.5612125	0.0	42.5955	0.0	0.0	0.0	0.0	0.0	0.0	19.8308	0.0	0.0	0.0	0.0	0.0	32.2217	0.0	0.0	0.0	0.0	0.0	0.0	0.0	74.6077	7.858955	0.0	153.53273333333334	0.0	0.0	0.0	0.0	0.0	5.57986	0.0	0.0	8.029235	0.943075	0.0	0.0	0.0	88.4919	18.39	71.5427	32.7719	0.0	109.816	93.9145	0.550127	2.48867	2.69824	2.54106	6.96828	66.5392	0.0	0.0	0.0	0.0	0.0	0.0	0.0	0.0	0.0	0.0	0.0	0.0	0.0	0.0	0.0	30.7285	0.0	0.0	0.0	1.62418	2.78993	0.0	14.2509	0.0	0.0	59.30455	59.3613	53.33615	1.99094	38.0897	0.0	4.61059	0.0	0.0	0.0	0.0	0.0	0.0	0.0	16.6348	0.0	0.0	0.0	0.0	58.0515	34.0031	0.0	0.0	0.0	0.0	0.0	0.0	0.0	0.0	0.0	0.0	0.0	0.0	34.9724	46.5774	39.7925	0.0	0.0	0.0	4.66298	0.0	0.0	0.0	0.0	0.0	0.0	0.0	0.0	8.77584	0.0	0.0	0.0	0.0	0.0	249.74450000000002	249.6525	4.68918	0.0	0.0	18.0494	0.0	0.0	18.5733	0.0	161.3445	157.074	9.8237	0.0	0.0	10.6358	0.0	0.0	0.759699	0.60252	1.15265	1.33602	1.12645	0.0	0.733503	0.0	0.0	0.0	0.0	0.0	0.0	0.0	0.0	0.0	1.36222	1.88615	0.0	0.0	0.0	0.0	5.21311	0.0	0.0	0.0	0.0	0.0	0.0	0.0	0.0	0.0	0.0	0.0	0.0	54.8555	0.0	73.9528	0.0	0.0	0.0
N67_1_3	0.0	0.0	0.0	0.0	0.0	0.0	0.0	0.0	0.0	0.0	0.0	5.36414	0.0	0.0	0.0	0.0	0.0	0.0	0.0	19.0999	0.0	0.0	0.0	0.0	3.2880625	0.359106	5.36414	0.0	0.0	0.0	0.0	0.0	0.0	0.0	0.0	0.0	0.0	0.0	0.0	0.0	0.0	0.0	0.0	0.0	0.0	10.5936	0.0	0.0	0.0	0.0	0.0	0.0	1.45887	0.0	0.0	10.286866666666667	10.3018	0.0	0.0	4.62068375	0.0	3.45639	0.0	0.0	0.0	0.0	0.0	0.0	7.429	0.0	0.0	0.0	0.0	3.52373	2.04241	0.0	0.0	0.0	0.0	0.0	0.0	0.0	18.9204	0.0	0.0	45.68424666666667	0.0	0.0	0.0	0.0	0.0	6.17213	0.0	0.0	0.269329	1.66086	0.0	0.0	0.0	19.257	4.03994	17.6411	10.0999	0.0	26.5738	18.0002	0.134665	4.06238	5.07237	6.03747	4.98259	16.1598	0.0	0.0	0.0	0.0	0.0	0.0	0.0	0.0	0.0	0.0	0.0	0.0	0.0	0.0	0.0	9.49386	0.0	0.0	0.0	4.03994	5.386585	0.0	0.0	0.0	0.0	12.606116666666667	12.6136	11.61485	1.07732	9.38164	0.0	7.60855	0.0	0.0	0.0	0.0	0.0	0.0	0.0	12.2994	0.0	0.0	0.0	0.0	1.66086	9.53875	0.0	0.0	0.0	0.0	0.0	0.0	0.0	0.0	0.0	0.0	0.0	0.0	11.4016	8.84298	12.9278	0.0	0.0	0.0	7.90033	0.0	0.0	0.0	0.0	0.0	0.0	0.0	0.0	2.0873	0.0	0.0	0.0	0.0	0.0	28.1674	28.1674	0.0	0.0	0.0	1.68331	0.0	0.0	4.26438	0.0	31.949199999999998	29.3345	2.96262	0.0	0.0	17.2371	0.0	0.0	1.79553	1.5262	1.88531	2.67085	1.86286	0.0	1.70575	0.0	0.0	0.0	0.0	0.0	0.0	0.0	0.0	0.0	2.58107	3.99505	0.0	0.0	0.0	0.0	9.65097	0.0	0.0	0.0	0.0	0.0	0.0	0.0	0.0	0.0	0.0	0.0	0.0	12.3667	0.0	14.6111	0.0	0.0	0.0
N67_2_2	0.0	0.0	0.0	0.0	0.0	0.0	0.0	0.0	0.0	0.0	19.4597	0.0	0.0	0.0	0.0	0.0	0.0	0.0	0.0	0.0	0.0	0.0	0.0	0.0	2.4498375	0.833988	0.0	39.4407	0.0	46.280541666666664	52.4717	0.0	0.0	0.0	0.0	1.198855	0.0	0.0	0.0	0.0	0.0	0.0	0.0	0.0	0.0	0.0	0.0	0.0	0.0	0.0	0.0	0.0	0.0	0.0	0.0	2.67571	2.71046	0.0	0.0	0.0	0.0	1.18148	0.0	0.0	0.0	0.0	0.0	0.0	0.0	28.0776	0.0	0.0	0.0	0.0	1.38998	0.0	0.0	0.0	0.0	0.0	0.0	0.0	1.18148	0.590741	0.0	1.1397799999999998	57.6537625	0.0	0.0	0.0	0.0	0.0	0.0	0.0	0.0	0.0	0.0	0.0	0.0	7.22789	0.69499	2.88421	1.07723	0.0	49.674415	4.86493	0.0	0.0	0.0	0.0	0.0	2.53671	0.0	0.0	0.0	0.0	0.0	0.0	0.0	0.0	0.0	0.0	0.0	0.0	0.0	0.0	0.0	0.0	0.0	0.0	0.0	0.0	0.0	0.0	0.0	0.0	0.0	2.11972	2.11972	0.0	0.0	0.0	0.0	0.0	0.0	0.0	0.0	0.0	0.0	0.0	0.0	0.0	0.0	0.0	0.0	0.0	2.08497	0.938236	0.0	0.0	0.0	0.0	0.0	0.0	0.0	0.0	0.0	0.0	0.0	0.0	0.0	2.25872	0.0	0.0	95.9781	0.0	0.0	0.0	0.0	0.0	0.0	0.0	0.0	0.0	0.0	0.0	0.0	0.0	0.0	0.0	0.0	7.05415	6.9499	0.0	1.6853500000000001	2.15447	0.0	0.0	0.0	0.868737	0.0	58.22846666666666	38.2244	0.312745	0.0	0.0	0.0	0.0	0.0	0.0	0.0	0.0	0.0	0.0	0.0	0.0	0.0	0.0	0.0	0.0	0.0	0.0	0.0	0.0	0.0	0.0	0.0	4.268146521739131	0.0	0.0	0.0	0.0	0.0	0.0	0.0	0.0	81.3833	72.5222	93.24253888888889	73.2519	0.0	0.0	0.0	0.0	1.35523	0.0	3.54445	0.0	0.0	0.0
N67_2_3	7.30074	5.9018	5.94551	21.5088	6.4264	4.98374	9.66146	8.87455	0.0	0.0	0.0	0.0	0.0	0.0	0.0	0.0	0.0	0.0	3.71595	61.815866666666665	49.6625	4.327985	3.62851	0.0	0.0	0.0	0.0	0.0	0.0	0.0	0.0	0.0	10.667	13.989433333333332	23.5198	0.0	24.3941	20.5907	6.222386666666666	0.0	2.92904	0.0	5.11489	5.72693	0.0	0.0	5.20232	9.027565	2.5793	0.0	0.0	1.0492088888888889	0.0	0.0	0.0	0.0	0.0	4.574671785714286	0.0	0.0	0.0	0.0	0.0	14.97305	7.38817	3.67223	37.1157	0.0	1.92355	0.0	15.301	6.73242	32.3069	0.0	0.0	0.0	0.0	0.0	0.0	13.450299999999999	5.02746	18.6234	0.0	0.0	2.79789	0.0	0.0	5.81436	5.50834	0.0	11.716149999999999	7.737909999999999	4.06568	3.58479	0.0	0.0	1.44266	0.0	19.9641	0.0	0.0	0.0	0.0	4.24055	24.039502222222225	22.368533333333332	0.0	0.0	0.0	0.0	0.0	0.0	0.0	0.0	0.0	0.0	0.0	0.0	0.0	0.0	0.0	12.4156	14.3392	9.48659	1.18036	1.8579750000000002	1.66125	0.0	23.5198	9.04942	2.22957	0.0	0.0	0.0	0.0	20.547	5.28976	0.0	0.0	0.0	0.0	0.0	0.0	0.0	0.0	0.0	0.0	0.0	0.0	0.568321	0.0	0.0	8.56853	0.0	0.0	0.0	0.0	15.6944	4.3717	0.0	3.8471	0.0	8.43738	0.0	9.09314	12.8091	10.7107	11.18761818181818	30.795269230769232	3.58479	20.925851666666667	22.07705	0.0	0.0	0.0	0.0	0.0	0.0	24.7001	10.973	4.67772	13.3337	4.19683	9.31172	18.2737	0.0	4.94002	14.6015	6.207815	6.644986666666667	17.6617	0.0	0.0	0.0	0.0	0.0	0.0	4.89631	0.0	0.0	0.0	61.990700000000004	63.8924	3.75966	11.585	5.63949	0.0	0.0	45.5968	0.0	0.0	0.0	0.0	0.0	0.0	0.0	63.652	16.831	17.2682	4.80887	29.5527	14.6889	21.6836	5.093030000000001	4.896305	0.0	0.0	0.0	0.0	0.0	0.87434	0.0	0.0	0.0	0.0	8.0507609375	0.0	0.0	0.0	0.0	0.0	0.0	60.3295	6.73242	15.3447	0.0	0.0	12.5031	15.1261	2.75417
N67_2_4	2.70802	1.97186	1.60378	5.82355	2.45825	1.985	3.06295	3.31272	0.0	0.0	0.0	2.4451	0.0	0.0	0.0	0.0	0.0	0.0	5.60008	24.782962499999996	24.5562	2.39252	0.0	0.0	0.0	0.0	2.4451	0.0	0.0	0.0	0.0	0.18404	4.40381	5.521203333333333	12.2255	0.0	12.3833	11.0161	3.5843966666666667	0.0	1.32772	0.223477	2.39252	2.66858	0.354934	1.77467	2.91835	3.5756366666666666	1.34086	0.0	0.0	0.7481110000000001	0.27606	0.0	0.0	1.63007	1.63007	1.624629275862069	0.0	0.854472	0.0	0.381226	0.0	4.96908	6.59915	2.60285	9.64896	0.0	1.5380449999999999	0.0	9.08369	3.49676	18.0096	0.499537	0.0	0.0	0.0	0.0	0.0	4.934026666666667	3.66765	9.54379	0.0	0.0	4.674237857142857	4.741221333333333	0.0	4.12775	2.80004	1.68265	8.15034	2.541504666666667	1.7461883333333335	1.60378	0.0	0.394371	0.611276	0.0	12.267133333333334	13.7767	0.749306	2.57656	1.31457	3.91742	15.661312727272728	16.4223	0.0	0.907054	1.0648	0.907054	1.15682	3.64136	0.0	0.0	0.0	0.0	0.0	0.0	0.0	0.0	0.0	5.40289	6.80948	4.49583	1.59063	1.853545	2.64229	1.85355	16.9843	3.85169	1.846975	0.946492	0.966212	0.0	0.0	10.372	2.10331	2.1493266666666666	2.1559	1.90613	0.236623	1.93242	0.0	1.3803	0.0	0.0	0.0	0.0	0.0	0.637567	0.0	2.49769	15.8274	0.0	0.0	0.0	0.0	5.389745	5.84984	0.999074	1.40659	0.0	4.58785	0.946492	4.37752	6.41511	8.26866	3.8038936363636364	14.369268076923078	1.95871	10.715641428571429	9.254573333333333	2.62914	0.0	0.0	0.0	1.76153	0.0	11.0293	4.98223	2.31365	8.29495	1.86669	3.95686	7.9926	0.394371	3.50991	5.92872	2.241345	2.1591839999999998	11.1739	3.89113	3.88456	0.0	0.0	0.0	0.302351	1.61692	0.0	0.82818	0.0	47.57435	61.25466666666667	2.85262	9.49121	2.7606	3.0761	0.0	29.7356	0.591557	0.473246	0.578412	0.801889	0.486392	0.0	0.446954	22.6238	7.63766	6.32309	2.60285	12.6067	6.2968	9.833	1.6958	1.754955	0.420663	0.591557	0.0	0.0	0.354934	0.0	2.03759	0.0	0.0	0.0	12.501168125	0.0	0.0	0.0	0.0	0.0	0.0	45.7339	1.72209	3.70709	0.0	1.985	5.03481	6.07332	3.95686
N67_1_4	0.0	0.0	0.0	0.0	0.0	0.0	0.0	0.0	0.0	0.0	0.0	12.8217	0.0	0.0	0.0	0.0	0.0	0.0	0.0	165.215	0.0	0.0	0.0	0.0	5.5423599999999995	0.0	12.8217	0.0	0.117335	0.0	0.0	0.0	0.0	0.0	0.0	35.8735	0.0	0.0	0.0	0.0	0.0	0.0	0.0	0.0	0.0	95.3245	0.0	0.0	0.0	0.0	0.0	0.0	3.3337	0.0	0.0	29.366	29.4166	0.0	0.0	17.0955375	0.0	26.1381	1.22167	0.0	0.0	0.0	0.0	0.0	63.8372	0.0	0.0	0.0	0.0	25.0062	11.347	0.0	0.0	0.0	0.0	0.0	0.0	0.0	23.5499	0.0	3.4727257142857146	43.2111	0.0	0.0	0.0	0.0	0.0	47.3482	0.0	0.0	1.4356300000000002	8.10993	0.0	0.0	0.0	158.568	35.5111	136.337	90.8727	0.0	219.037	154.579	0.7592255	38.7344	43.7108	48.7769	17.6693	137.172	0.0	0.0	0.0	0.0	0.0	0.0	0.0	0.0	0.0	0.0	0.0	0.0	0.0	3.16805	0.0	69.5176	0.0	0.0	0.0	34.7519	40.38055	0.0	2.04991	0.0	0.0	88.00251666666666	88.116975	77.14099999999999	5.27318	48.0867	0.0	64.9071	0.0	0.0	0.0	0.0	0.0	0.0	2.360505	89.4577	0.0	3.030008	0.0	0.0	5.3422	78.7664	0.0	0.0	0.0	0.0	0.0	0.0	0.0	0.0	0.0	0.0	0.0	0.0	91.2937	86.5589	114.222	0.0	0.0	0.0	70.0422	0.0	0.0	0.0	0.0	0.0	0.0	0.0	0.0	16.5443	0.0	0.0	0.0	0.0	0.0	124.94800000000001	124.86500000000001	0.0828248	0.0	0.0	5.55617	0.0	0.0	39.3694	0.0	232.29133333333334	206.5275	23.6465	0.0	0.0	181.027	0.0897269	0.0	10.36	9.20046	12.5065	14.3563	12.9621	0.0	9.56627	0.0	0.0	0.0	0.0	0.0	0.0	0.0	0.0	0.0	27.2977	25.9587	0.0	0.0	0.0	0.0	72.19099999999999	0.0	1.82905	0.0	12.0540548	0.0	0.0	0.0	0.0	0.0	0.0	0.0	0.0	111.855	0.16565	105.429	0.0	0.0	0.0
N68_1_2	0.0	0.0	0.0	0.0	0.0	0.0	0.0	0.0	0.0	0.0	7.06383	16.1377	0.0	0.0	0.0	0.0	0.0	0.0	0.0	35.2043	0.0	0.0	0.0	0.0	89.144925	3.9052	16.1377	12.8642	0.0	14.7402	17.6883	0.0	0.0	0.0	0.0	36.238	0.0	0.0	0.0	0.0	0.0	0.0	0.0	0.0	0.0	13.3811	0.0	0.0	0.0	0.0	0.0	0.0	15.7357	0.0	0.0	88.05856666666666	88.2117	0.0	0.0	10.3444625	0.0	35.032	0.0	0.0	0.0	0.0	0.0	0.0	14.4722	0.0	0.0	0.0	0.0	0.0	26.6473	0.0	0.0	0.0	0.0	0.0	0.0	0.0	94.2992	2.98633	0.0	217.87973333333332	17.8318625	0.0	0.0	0.0	0.0	3.96263	0.0	0.0	7.46583	0.516865	0.0	0.0	0.0	74.486	15.908	53.0648	28.1404	0.0	56.9126	74.1989	0.43072099999999997	2.06746	2.75661	2.35461	5.57066	52.2034	0.0	0.0	0.0	0.0	0.0	0.0	0.0	0.0	0.0	0.0	0.0	0.0	0.0	0.0	0.0	26.6473	0.0	0.0	0.0	2.12489	2.211035	0.0	12.6919	0.0	0.0	52.15553333333333	52.2034	46.5753	0.574295	37.3292	0.0	2.87147	0.0	0.0	0.0	0.0	0.0	0.0	0.0	12.8642	0.0	0.0	0.0	0.0	49.1596	25.8433	0.0	0.0	0.0	0.0	0.0	0.0	0.0	0.0	0.0	0.0	0.0	0.0	31.1268	38.4203	29.1167	0.0	31.1842	0.0	2.64176	0.0	0.0	0.0	0.0	0.0	0.0	0.0	0.0	5.11122	0.0	0.0	0.0	0.0	0.0	218.002	217.916	4.59436	0.0	0.0	15.5634	0.0	0.0	15.6208	0.0	106.66570000000002	133.638	8.959	0.0	0.0	6.77668	0.0	0.0	0.0	0.0	0.0	0.861442	0.746583	0.0	0.0	0.0	0.0	0.0	0.0	0.0	0.0	0.0	0.0	0.0	0.746583	1.26345	0.0	0.0	0.0	0.0	2.890613333333333	0.0	0.0	0.0	0.0	31.5288	26.7047	35.724349999999994	29.1742	0.0	0.0	0.0	0.0	44.1058	0.0	60.3584	0.0	0.0	0.0
N68_1_3	0.0	0.0	0.0	0.0	0.0	0.0	0.0	0.0	0.0	0.0	7.53675	16.674	0.0	0.0	0.49884692857142854	0.0	0.523789	0.552889	0.0	62.36	0.0	0.0	0.0	0.0	10.86865	4.7141	16.674	17.685125	0.0	17.226808333333334	22.1737	0.0	0.0	0.0	0.0	14.5497	0.0	0.0	0.0	0.0	0.0	0.0	0.0	0.0	0.0	32.0384	0.0	0.0	0.0	0.0	0.0	0.0	7.36215	0.0	0.62854712	43.3193	43.4745	0.0	0.0	21.4790375	0.0	12.7164	1.28037	0.0	0.0	0.0	0.0	0.0	26.5678	0.0	0.0	0.0	0.0	10.7668	7.94414	0.0	0.0	0.0	0.0	0.0	0.0	0.0	52.3498	3.40463	0.0	114.0986	20.76245	0.0	0.0	0.0	0.0	18.158	0.0	0.0	0.843883	4.685	0.0	0.0	0.0	63.0584	13.7058	55.2016	29.9142	0.0	59.188199999999995	60.0321	0.45104099999999997	14.8698	17.8961	15.9465	7.71134	53.1646	0.0	0.0	0.0	0.0	0.0	0.0	0.0	0.0	0.0	0.0	0.0	0.0	0.0	0.0	0.0	23.9488	0.0	0.0	0.0	16.2375	15.80095	0.0	2.00786	0.0	0.0	43.74125	43.860075	36.956199999999995	2.7498899999999997	28.0809	0.0	21.97005	0.0	0.0	0.0	0.0	0.0	0.0	0.0	33.3479	0.0	0.0	0.0	0.0	9.8647	28.6629	0.0	0.0	0.0	0.0	0.0	0.0	0.0	0.0	0.0	0.0	0.0	0.0	37.2181	38.4985	40.3027	0.0	44.2893	0.0	20.4569	0.0	0.0	0.0	0.0	0.0	0.0	0.0	0.0	8.67162	0.0	0.0	0.0	0.0	0.0	91.2848	91.24115	0.581988	0.203696	0.320093	5.90718	0.0	0.0	15.1608	0.0	90.32456666666667	116.369	8.03144	0.0	0.0	79.3832	0.0	0.0	4.56861	4.10302	5.58709	6.66376	5.87808	0.0	3.92842	0.0	0.0	0.0	0.0	0.0	0.0	0.0	0.0	0.0	10.243	10.7377	0.9893799999999999	0.0	0.0	0.0	22.455000000000002	0.0	0.0	0.0	0.0	37.5091	32.2858	43.256255555555555	34.8611	0.0	0.0	0.0	0.0	36.3161	0.0	45.075	0.0	0.0	0.0
N68_2_2	0.0	0.0	0.0	0.0	0.0	0.0	0.0	0.0	0.0	0.0	0.0	0.0	0.0	0.0	0.0	0.0	0.0	0.0	0.0	0.0	0.0	0.0	0.0	0.0	2.9800475	0.0	0.0	0.0	0.0	0.0	0.0	0.0	0.0	0.0	0.0	0.0	0.0	0.0	0.0	0.0	0.0	0.0	0.0	0.0	0.0	0.0	0.0	0.0	0.0	0.0	0.0	0.0	0.0	0.0	0.0	3.1946099999999995	3.19461	0.0	0.0	0.0	0.0	1.52578	0.0	0.0	0.0	0.0	0.0	0.0	0.0	0.0	0.0	0.0	0.0	0.0	1.28738	0.0	0.0	0.0	0.0	0.0	0.0	0.0	0.0	0.0	0.0	11.971006666666666	0.0	0.0	0.0	0.0	0.0	0.0	0.0	0.0	0.0	0.0	0.0	0.0	0.0	2.9562	0.715211	2.67012	0.0	0.0	3.81446	3.24229	0.0	0.0	0.0	0.0	0.0	0.0	0.0	0.0	0.0	0.0	0.0	0.0	0.0	0.0	0.0	0.0	0.0	0.0	0.0	0.0	0.0	0.0	0.0	0.0	0.0	0.0	0.0	0.0	0.0	0.0	0.0	2.5111866666666667	2.52708	2.24099	0.0	0.0	0.0	0.0	0.0	0.0	0.0	0.0	0.0	0.0	0.0	0.0	0.0	0.0	0.0	0.0	0.0	1.38274	0.0	0.0	0.0	0.0	0.0	0.0	0.0	0.0	0.0	0.0	0.0	0.0	0.0	0.0	0.0	0.0	2.67012	0.0	0.0	0.0	0.0	0.0	0.0	0.0	0.0	0.0	0.0	0.0	0.0	0.0	0.0	0.0	0.0	8.1534	8.12956	0.0	0.0	0.0	0.0	0.0	0.0	0.0	0.0	6.786553333333333	7.10443	0.429126	0.0	0.0	0.0	0.0	0.0	0.0	0.0	0.0	0.0	0.0	0.0	0.0	0.0	0.0	0.0	0.0	0.0	0.0	0.0	0.0	0.0	0.0	0.0	0.0	0.0	0.0	0.0	0.0	0.0	0.0	0.0	0.0	2.67012	2.33635	3.0780577777777776	2.76548	0.0	0.0	0.0	0.0	1.85955	0.0	2.14563	0.0	0.0	0.0
N68_2_3	0.0	0.0	0.0	0.0	0.0	0.0	0.0	0.0	0.0	0.0	0.0	0.0	0.0	0.0	0.0	0.0	0.0	0.0	0.0	0.0	0.0	0.0	0.0	0.0	0.0	0.0	0.0	0.0	0.0	0.0	0.0	0.0	0.0	0.0	0.0	0.0	0.0	0.0	0.0	0.0	0.0	0.0	0.0	0.0	0.0	0.0	0.0	0.0	0.0	0.0	0.0	0.0	0.0	0.0	0.0	0.0	0.0	0.0	0.0	0.0	0.0	0.0	0.0	0.0	0.0	0.0	0.0	0.0	0.0	0.0	0.0	0.0	0.0	0.0	0.0	0.0	0.0	0.0	0.0	0.0	0.0	0.0	0.0	0.0	0.609928	1.78622	0.0	0.0	0.0	0.0	0.0	0.0	0.0	0.0	0.0	0.0	0.0	0.0	0.0	0.0	0.0	1.43769	0.0	0.0	0.0	0.0	0.0	0.0	0.0	0.0	0.0	0.0	0.0	0.0	0.0	0.0	0.0	0.0	0.0	0.0	0.0	0.0	0.0	0.0	0.0	0.0	0.0	0.0	0.0	0.0	0.0	0.0	0.0	0.0	0.0	0.0	0.0	0.0	0.0	0.0	0.0	0.0	0.0	0.0	0.0	0.0	0.0	0.0	0.0	0.0	0.0	0.0	0.0	0.0	0.0	0.0	0.0	0.0	0.0	0.0	0.0	0.0	0.0	0.0	0.0	0.0	0.0	0.0	0.0	0.0	0.0	0.0	0.0	0.0	0.0	0.0	0.0	0.0	0.0	0.0	0.0	0.0	0.0	0.0	0.0	0.0	0.0	0.0	0.0	0.0	0.0	1.26342	1.26342	0.0	0.0	0.0	0.0	0.0	0.0	0.0	0.0	3.04964	0.0	0.0	0.0	0.0	0.0	0.0	0.0	0.0	0.0	0.0	0.0	0.0	0.0	0.0	0.0	0.0	0.0	0.0	0.0	0.0	0.0	0.0	0.0	0.0	0.0	0.0	0.0	0.0	0.0	0.0	0.0	0.0	0.0	0.0	0.0	0.0	0.0	0.0	0.0	0.0	0.0	0.0	0.0	0.0	0.0	0.0	0.0	0.0
N68_2_4	0.0	0.0	0.0	0.0	0.0	0.0	0.0	0.0	0.0	0.0	0.0	23.999333333333336	0.0	0.0	0.0	0.0	0.0	0.0	0.0	55.5324	0.0	0.0	0.0	0.0	0.0	0.0	23.999333333333336	0.0	18.60255	0.0	0.0	0.0	0.0	0.0	0.0	0.0	0.0	0.0	0.0	0.0	0.0	0.0	0.0	0.0	0.0	33.246	0.0	0.0	0.0	0.0	0.0	0.0	2.51705	0.0	0.0	20.923	20.923	0.0	0.0	11.2218	0.0	7.91821	0.0	0.0	0.0	0.0	0.0	0.0	23.702199999999998	0.0	0.0	0.0	0.0	7.4987	0.0	2.62192	2.25485	0.0	0.0	0.0	0.0	0.0	0.0	0.0	31.9875	46.537373333333335	0.0	0.0	0.0	0.0	0.0	16.3608	0.0	0.0	0.0	5.24385	0.0	0.0	0.0	68.3798	12.1657	45.6215	29.1558	67.3834	67.48833333333333	60.5665	0.471946	15.7315	16.4657	18.0913	14.4206	52.2812	0.0	0.0	0.0	0.0	0.0	0.0	0.0	0.0	0.0	0.0	0.0	0.0	20.8705	13.476700000000001	32.1972	27.9497	0.0	0.0	28.9985	17.1998	16.3608	0.0	0.0	0.0	0.0	37.091499999999996	37.152675	32.1448	3.4085	28.7363	0.0	24.2266	0.0	0.0	0.0	0.0	0.0	0.0	0.0	42.213	0.0	0.0	0.0	0.0	0.0	26.429	0.0	0.0	0.0	0.0	0.0	0.0	0.0	0.0	0.0	0.0	0.0	0.0	52.9104	39.224	41.2166	0.0	0.0	0.0	22.7583	0.0	0.0	0.0	0.0	0.0	0.0	0.0	0.0	6.97432	0.0	0.0	0.0	0.0	0.0	67.1213	67.0688	0.0	0.0	0.0	4.82434	0.0	0.0	11.117	0.0	135.169	137.70350000000002	12.4279	0.0	0.0	56.3714	15.381966666666665	0.0	4.40483	5.50604	6.86944	9.64868	6.97432	0.0	4.45727	0.0	0.0	0.0	0.0	0.0	0.0	0.0	0.0	0.0	9.96331	12.1133	0.0	0.0	0.0	0.0	28.1245	0.0	0.0	0.0	40.15039047619047	0.0	0.0	0.0	0.0	0.0	0.0	0.0	0.0	38.1752	0.0	36.1301	0.0	0.0	58.1018
N68_1_4	0.0	0.0	0.0	0.0	0.0	0.0	0.0	0.0	0.0	0.0	0.0	10.1325	0.0	0.0	0.0	0.0	0.0	0.0	0.0	0.0	0.0	0.0	0.0	0.0	1.3453075	0.0	10.1325	0.0	0.0	0.0	0.0	0.0	0.0	0.0	0.0	26.614	0.0	0.0	0.0	5.066255	0.0	0.0	0.0	0.0	0.0	0.584422	0.0	0.0	0.0	0.0	0.0	0.0	3.44581	0.0	0.0	17.970333333333333	18.0564	0.0	0.0	9.25113125	0.0	0.599602	11.3848	0.0	0.0	0.0	0.0	0.0	5.1839	0.0	0.0	0.0	0.0	0.0	2.406	0.0	0.0	0.0	0.0	0.0	0.0	0.0	0.0	0.0	0.0	45.449286666666666	0.0	0.0	0.0	0.0	0.0	0.0	0.0	0.0	0.299801	0.0	0.0	0.0	0.0	19.0734	3.89362	13.973	0.781759	0.0	22.6179	19.969	0.0379495	0.0	0.0	0.0	0.0	16.546	0.0	0.0	0.0	0.0	0.0	0.0	0.0	0.0	0.0	0.0	0.0	0.0	0.0	0.0	0.0	0.0	0.0	0.0	0.0	0.0	0.0	0.0	0.311186	0.0	0.0	13.8452	13.8667	12.3108	0.0	0.0	0.0	0.0	0.0	0.0	0.0	0.0	0.0	0.0	0.0	0.0	0.0	0.0	0.0	0.0	1.24474	9.04715	0.0	0.0	0.0	0.0	0.0	0.0	0.0	0.0	0.0	0.0	0.0	0.0	9.39629	11.4607	12.7055	0.0	0.0	0.0	0.0	0.0	0.0	0.0	0.0	0.0	0.0	0.0	0.0	2.54261	0.0	0.0	0.0	0.0	0.0	40.9551	40.9285	0.129028	0.0	0.0	3.84808	0.0	0.0	4.47804	0.0	35.8167	31.0351	1.94301	0.0	0.0	0.0	0.0	0.0	0.0	0.0	0.0	0.0	0.0	0.0	0.0	0.0	0.0	0.0	0.0	0.0	0.0	0.0	0.0	0.0	0.0	0.0	0.0	0.0	0.0	0.0	0.0	0.0	0.0	0.0	0.0	0.0	0.0	0.0	0.0	0.0	0.0	0.0	0.0	1.055	0.0	15.3468	0.0	0.0	0.0
ZJH_N1_1_2	0.0	0.0	0.0	0.0	0.0	0.0	0.0	0.0	0.0	0.0	0.0	0.0	0.0	0.0	0.0	0.0	0.0	0.0	0.0	0.0	0.0	0.0	0.0	0.0	0.0	0.0	0.0	0.0	0.0	1.25307	0.0	0.0	0.0	0.0	0.0	0.0	0.0	0.0	0.0	0.0	0.0	0.0	0.0	0.0	0.0	0.0	0.0	0.0	0.0	0.0	0.0	0.0	0.0	0.0	0.0	0.0	0.0	0.0	0.0	0.0	0.0	0.0	0.0	0.0	0.0	0.0	0.0	0.0	0.0	0.0	0.0	0.0	0.0	0.0	0.0	0.0	0.0	0.0	0.0	0.0	0.0	0.0	0.0	0.0	0.0	0.0	0.0	0.0	0.0	0.0	0.0	0.0	0.0	0.0	0.0	0.0	0.0	0.0	0.0	0.0	0.0	0.0	0.0	0.0	0.0	0.0	0.0	0.0	0.0	0.0	0.0	0.0	0.0	0.0	0.0	0.0	0.0	0.0	0.0	0.0	0.0	0.0	0.0	0.0	0.0	0.0	0.0	0.0	0.0	0.0	0.0	0.0	0.0	0.0	0.0	0.0	0.0	0.0	0.0	0.0	0.0	0.0	0.0	0.0	0.0	0.0	0.0	0.0	0.0	0.0	0.0	0.0	0.0	0.0	0.0	0.0	0.0	0.0	0.0	0.0	0.0	0.0	0.0	0.0	0.0	0.0	0.0	0.0	0.0	0.0	0.0	0.0	0.0	0.0	0.0	0.0	0.0	0.0	0.0	0.0	0.0	0.0	0.0	0.0	0.0	0.0	0.0	0.0	0.0	0.0	0.0	0.0	0.0	0.0	0.0	0.0	0.0	0.0	0.0	0.0	0.0	0.0	0.0	0.0	0.0	0.0	0.0	0.0	0.0	0.0	0.0	0.0	0.0	0.0	0.0	0.0	0.0	0.0	0.0	0.0	0.0	0.0	0.0	0.0	0.0	0.0	0.0	0.0	0.0	0.0	0.0	0.0	0.0	0.0	0.0	0.0	0.0	0.0	0.0	0.0	0.0	0.0	0.0	0.0	0.0	0.0	0.0	0.0	0.0	0.0
ZJH_N1_1_3	0.0	0.0	0.0	0.0	0.0	0.0	0.0	0.0	0.0	0.0	0.0	0.0	0.0	0.0	0.0	0.0	0.0	0.0	0.0	0.0	0.0	0.0	0.0	0.0	0.0	0.0	0.0	0.0	0.0	0.0	0.0	0.0	0.0	0.0	0.0	0.0	0.0	0.0	0.0	0.0	0.0	0.0	0.0	0.0	0.0	0.0	0.0	0.0	0.0	0.0	0.0	0.0	0.0	0.0	0.0	0.0	0.0	0.0	0.0	0.0	0.0	0.0	0.0	0.0	0.0	0.0	0.0	0.0	0.0	0.0	0.0	0.0	0.0	0.0	0.0	0.0	0.0	0.0	0.0	0.0	0.0	0.0	0.0	0.0	0.0	0.0	0.0	0.0	0.0	0.0	0.0	0.0	0.0	0.0	0.0	0.0	0.0	0.0	0.0	0.0	0.0	0.0	0.0	0.0	0.0	0.0	0.0	0.0	0.0	0.0	0.0	0.0	0.0	0.0	0.0	0.0	0.0	0.0	0.0	0.0	0.0	0.0	0.0	0.0	0.0	0.0	0.0	0.0	0.0	0.0	0.0	0.0	0.0	0.0	0.0	0.0	0.0	0.0	0.0	0.0	0.0	0.0	0.0	0.0	0.0	0.0	0.0	0.0	0.0	0.0	0.0	0.0	0.0	0.0	0.0	0.0	0.0	0.0	0.0	0.0	0.0	0.0	0.0	0.0	0.0	0.0	0.0	0.0	0.0	0.0	0.0	0.0	0.0	0.0	0.0	0.0	0.0	0.0	0.0	0.0	0.0	0.0	0.0	0.0	0.0	0.0	0.0	0.0	0.0	0.0	0.0	0.0	0.0	0.0	0.0	0.0	0.0	0.0	0.0	0.0	0.0	0.0	0.0	0.0	0.0	0.0	0.0	0.0	0.0	0.0	0.0	0.0	0.0	0.0	0.0	0.0	0.0	0.0	0.0	0.0	0.0	0.0	0.0	0.0	0.0	0.0	0.0	0.0	0.0	0.0	0.0	0.0	0.0	0.0	0.0	0.0	0.0	0.0	0.0	0.0	0.0	0.0	0.0	0.0	0.0	0.0	0.0	0.0	0.0	0.0
ZJH_N1_1_4	0.0	0.0	0.0	0.0	0.0	0.0	0.0	0.0	0.0	0.0	0.0	0.0	0.0	0.0	0.0	0.0	0.0	0.0	0.0	0.0	0.0	0.0	0.0	0.0	0.0	0.0	0.0	0.0	0.0	0.0	0.0	0.0	0.0	0.0	0.0	0.0	0.0	0.0	0.0	0.0	0.0	0.0	0.0	0.0	0.0	0.0	0.0	0.0	0.0	0.0	0.0	0.0	0.0	0.0	0.0	0.0	0.0	0.0	0.0	0.0	0.0	0.0	0.0	0.0	0.0	0.0	0.0	0.0	0.0	0.0	0.0	0.0	0.0	0.0	0.0	0.0	0.0	0.0	0.0	0.0	0.0	0.0	0.0	0.0	0.0	0.0	0.0	0.0	0.0	0.0	0.0	0.0	0.0	0.0	0.0	0.0	0.0	0.0	0.0	0.0	0.0	0.0	0.0	0.0	0.0	0.0	0.0	0.0	0.0	0.0	0.0	0.0	0.0	0.0	0.0	0.0	0.0	0.0	0.0	0.0	0.0	0.0	0.0	0.0	0.0	0.0	0.0	0.0	0.0	0.0	0.0	0.0	0.0	0.0	0.0	0.0	0.0	0.0	0.0	0.0	0.0	0.0	0.0	0.0	0.0	0.0	0.0	0.0	0.0	0.0	0.0	0.0	0.0	0.0	0.0	0.0	0.0	0.0	0.0	0.0	0.0	0.0	0.0	0.0	0.0	0.0	0.0	0.0	0.0	0.0	0.0	0.0	0.0	0.0	0.0	0.0	0.0	0.0	0.0	0.0	0.0	0.0	0.0	0.0	0.0	0.0	0.0	0.0	0.0	0.0	0.0	0.0	0.0	0.0	0.0	0.0	0.0	0.0	0.0	0.0	0.0	0.0	0.0	0.0	0.160819	0.0	0.0	0.0	0.0	0.0	0.0	0.0	0.0	0.0	0.0	0.0	0.0	0.0	0.0	0.0	0.0	0.0	0.0	0.0	0.0	0.0	0.0	0.0	0.0	0.0	0.0	0.0	0.0	0.0	0.0	0.0	0.0	0.0	0.0	0.0	0.0	0.0	0.0	0.0	0.0	0.0	0.0	0.0	0.0	0.0
ZJH_N1_2_2	0.0	0.0	0.0	0.0	0.0	0.0	0.0	0.0	0.0	0.0	2.07418	0.0	0.0	0.0	0.0	0.0	0.0	0.0	0.0	0.0	0.0	0.0	0.0	0.0	0.0	0.0	0.0	8.03101	0.0	9.888058333333333	8.36528	0.0	0.0	0.0	0.0	0.0	0.0	0.0	0.0	0.0	0.0	0.0	0.0	0.0	0.0	0.0	0.0	0.0	0.0	0.0	0.0	0.0	0.0	0.0	0.0	0.0	0.0	0.0	0.0	0.0	0.0	0.0	0.0	0.0	0.0	0.0	0.0	0.0	0.0	0.0	0.0	0.0	0.0	0.0	0.0	0.0	0.0	0.0	0.0	0.0	0.0	0.0	0.0	0.0	3.0782042857142855	3.376966	13.072912500000001	0.0	0.0	0.0	0.0	0.0	0.0	0.0	0.0	0.0	0.0	0.0	0.0	2.777	0.0	0.0	0.0	0.0	18.8562	0.0	0.0	0.0	0.0	0.0	0.0	0.0	0.0	0.0	0.0	0.0	0.0	0.0	0.0	0.0	0.0	0.0	0.0	0.0	0.0	0.0	0.0	0.0	0.0	0.0	0.0	0.0	0.0	0.0	0.0	0.0	0.0	0.0	0.0	0.0	0.0	0.0	0.0	0.0	0.0	0.0	0.0	0.0	0.0	0.0	0.0	0.0	0.0	0.0	0.0	0.0	0.0	0.0	0.0	0.0	0.0	0.0	0.0	0.0	0.0	0.0	0.0	0.0	0.0	0.0	10.148	0.0	0.0	3.4198199999999996	15.9077	2.766716	0.0	0.0	0.0	0.0	0.0	0.0	0.0	0.0	0.0	0.0	0.0	0.0	2.9998449999999997	0.0	0.0	0.0	0.0	0.0	0.0	0.0	0.0	0.0	0.0	0.394265	3.23983	17.49339	13.7479	0.0	0.0	0.0	0.0	0.0	0.0	0.0	0.0	0.0	0.0	0.0	0.0	0.0	0.0	0.0	0.0	0.0	0.0	0.0	0.0	0.0	0.154278	0.0	0.0	0.0	0.0	0.0	0.0	0.0	0.0	0.0	0.0	0.0	0.0	0.0	0.0	0.0	14.245	12.3422	2.91413	0.0	0.0	0.0	1.67991	0.0	0.0	0.0
ZJH_N1_2_3	2.11978	2.60262	2.214	7.97275	2.31999	2.56729	3.43876	3.13257	0.0	2.54374	0.0	0.0	0.0	0.0	0.0	0.0	0.0	0.0	0.0	143.8273333333333	122.17	7.525235	9.40949	0.0	0.0	0.0	0.0	35.7272	0.0	6.183685833333333	37.63796	0.423957	15.6746	0.0	0.0	0.0	7.8432	6.8893	5.3151633333333335	0.0	0.0	0.0	0.0	0.0	0.0	0.0	15.4391	23.520775	15.8395	0.0	18.917109999999997	18.745109090909093	0.0	0.0	0.0	0.0	0.0	0.42949876470588233	0.0	0.0	0.0	0.0	0.0	34.799800000000005	0.0	0.0	12.8011	0.0	0.0	0.0	39.4633	3.00303	72.7086	0.0	0.0	0.0	0.0	0.0	0.0	32.8488	9.23284	36.5663	0.0	0.0	0.188425	0.624159	26.048325	14.0612	16.2988	60.826	23.765099999999997	17.5353	2.4730849999999998	2.22577	0.0	0.0	0.0	0.0	44.36043333333333	0.0	0.0	0.0	0.0	0.0	55.9932375	69.65254999999999	0.0	0.0	0.0	0.0	0.0	0.0	0.0	0.0	0.0	0.0	27.9458	19.5845	30.2423	20.397	34.6231	20.6443	17.9593	17.4882	0.0	0.0	0.0	0.0	55.3382	12.4243	0.0	0.0	0.0	6.15915	0.0	45.4929	0.0	0.0	0.0	0.0	0.0	0.0	0.0	0.0	0.0	0.0	0.0	0.0	0.0	0.8184724999999999	0.0	0.0	0.0	0.0	0.0	0.0	0.0	35.3533	0.0	5.13459	12.8365	11.5882	18.8779	12.3065	6.35935	18.3715	23.6592	8.39456	20.679680769230767	2.66151	48.04256483333333	45.428200000000004	0.0	0.0	55.5972	0.0	0.0	0.0	7.59589	3.75673	1.22476	4.00404	1.07167	2.83816	4.8284	0.0	12.7187	19.8082	11.700050000000001	14.36508	33.8223	0.0	0.0	0.0	8.16706	12.0239	0.0	3.83917	0.0	0.0	0.612382	69.873275	0.0	6.90108	14.2732	7.77254	0.0	0.0	103.245	0.0	0.0	0.0	0.0	0.0	26.7328	0.0	63.9468	7.93742	4.793065	0.89502	8.23183	13.5548	8.00807	11.1171	7.81965	0.0	0.0	24.11637391304348	25.6956	0.0	0.0	0.0	37.40349090909091	0.0	0.0	0.0	0.0	0.0	0.0	0.0	16.605	15.5569	68.8341	17.2998	39.1807	0.0	0.494616	25.7201	26.7446	0.0
ZJH_N1_2_4	25.8222	28.4687	24.013	87.918	25.1792	25.3886	41.9704	37.2156	0.0	2.46709	0.0	0.0	0.254185	0.254185	0.0	0.0	0.0	0.0	0.0	292.0933333333333	211.287	13.9353	22.0543	0.0	0.0	0.0	0.0	11.4832	0.0	0.0	12.2457	1.68958	11.0944	0.0	48.7885	0.0	48.1755	44.7215	21.187033333333336	0.0	0.0	0.0	0.0	0.0	0.0	0.0	36.468	61.860350000000004	9.74873	0.0	10.05973	12.403363636363638	0.0	0.0	0.0	0.0	0.0	0.7070179285714285	0.0	0.0	0.0	0.0	0.0	61.31085	0.0	0.0	147.008	1.33073	0.762554	0.0	89.2637	8.80675	153.004	0.0	0.0	0.0	0.0	0.0	0.986835	69.22296666666666	22.9962	81.7727	0.0	0.0	0.299041	0.0	0.0	35.8849	38.1726	42.3591	46.732600000000005	47.4877	2.33252	2.09329	0.0	0.0	0.0	0.0	100.7643	0.0	0.0	0.0	0.0	0.0	115.96613624999999	152.488	0.0	0.0	0.0	0.0	0.0	0.0	0.0	0.0	0.0	0.0	24.7008	9.89825	26.3156	12.5597	24.0429	55.2029	35.1971	45.4542	0.493417	0.44108499999999995	0.627986	0.0	129.126	26.5249	0.0	0.0	0.0	15.7295	0.0	99.3114	0.0	0.0	0.0	0.0	0.0	0.0	0.0	0.0	0.0	0.0	0.0	0.0	0.0	0.941977	0.0	0.0	0.0	0.0	0.867218	0.0	0.0	71.71	0.0	9.61416	29.7097	30.7863	43.6749	20.6637	9.64407	47.6671	48.1755	6.47423	16.74226153846154	2.13814	108.90576500000002	108.126	0.0	0.0	0.0	0.0	0.0	0.852266	73.25	41.9255	19.0639	38.6062	16.3426	30.7863	58.0887	0.0	32.2366	38.8155	7.68535	10.618936	83.238	0.0	0.0	0.0	3.932385	5.41264	0.0	8.25353	0.0	0.0	0.418657	128.2361	18.5854	21.4562	21.4113	25.3587	0.0	0.0	198.1	0.0	0.0	0.0	0.0	0.0	14.5932	0.0	279.214	93.4203	60.795	15.7146	98.6236	41.2377	68.8691	30.5171	21.299149999999997	0.0	0.0	14.203795652173913	12.793223076923077	0.0	0.0	0.0	17.671963636363635	0.0	0.0	0.0	0.0	0.0	0.0	0.0	0.0	0.0	140.564	39.2641	83.9109	0.0	0.0	18.6452	18.3462	0.0
ZJH_N2_1_2	0.0	0.0	0.0	0.0	0.0	0.0	0.0	0.0	0.0	0.0	0.0	0.0	0.0	0.0	0.0	0.0	0.0	0.0	0.0	0.0	0.0	0.0	0.0	0.0	0.0	0.0	0.0	0.0	10.189075	2.4151058333333335	0.0	0.0	0.0	0.0	0.0	4.583995	0.0	0.0	0.0	1.1586750000000001	0.0	0.0	0.0	0.0	0.0	0.0	0.0	0.0	0.0	0.0	0.0	0.0	0.159317	0.0	0.0	0.7096870000000001	0.72417	0.0	0.0	0.6046821250000001	0.0	0.0	0.984871	0.0	0.0	0.0	0.0	0.0	0.0	0.0	0.0	0.0	0.0	0.0	0.0	0.347602	0.289668	0.0	0.0	0.0	0.0	0.0	0.0	0.0	0.0	0.0	0.0	0.0	0.0	0.0	0.0	0.0	0.0	0.0	0.0	0.0	0.0	0.0	0.0	6.66236	2.37528	0.0	0.0	0.0	10.4425	8.00932	0.0	0.0	0.0	0.0	0.0	1.88284	0.0	0.0	0.0	0.0	0.0	0.0	0.0	0.0	0.0	0.0	0.0	0.0	0.0	0.0	0.0	0.0	0.0	0.0	0.0	0.0	0.0	0.0	0.0	0.0	0.0	1.28902	1.28902	1.15867	0.0	0.0	0.0	0.0	0.0	0.0	0.0	0.0	0.0	0.0	0.0	0.0	0.0	1.3179880000000002	0.0	0.0	2.05664	0.0	0.0	0.0	0.0	0.0	0.0	0.0	0.0	0.0	0.0	0.0	0.0	0.0	0.0	2.25941	0.0	0.0	0.0	0.0	0.0	0.0	0.0	0.0	0.0	0.0	0.0	0.0	0.0	0.0	0.0	0.0	0.0	0.0	0.0	3.2298	3.2298	32.2835	0.0	0.0	0.188284	0.0	0.0	4.15674	0.0	24.3466	18.7126	1.81042	0.0	0.0	0.0	5.691976666666666	0.0	0.0	0.0	0.0	0.0	0.0	0.0	0.0	0.0	0.0	0.0	0.0	0.0	0.0	0.0	0.0	0.0	0.0	0.0	0.0	0.0	0.0	0.0	0.0	0.0	0.0	0.0	0.0	0.0	0.0	0.0	0.0	0.0	0.0	1.08625	0.0	0.0	0.0	10.8191	0.0	0.0	0.0
ZJH_N2_1_3	0.0	0.0	0.0	0.0	0.0	0.0	0.0	0.0	0.0	0.0	0.0	0.0	0.0	0.0	0.0	0.0	0.0	0.0	0.0	0.0	0.0	0.0	0.0	0.0	0.0	0.0	0.0	0.0	0.785048	3.373325	0.0	0.0	0.0	0.0	0.0	0.0	0.0	0.0	0.0	0.0	0.0	0.0	0.0	0.0	0.0	0.0	0.0	0.0	0.0	0.0	0.0	0.0	0.0	0.0	0.0	0.0	0.0	0.0	0.0	0.0	0.0	0.0	0.0	0.0	0.0	0.0	0.0	0.0	0.0	0.0	0.0	0.0	0.0	0.0	0.0	0.0	0.0	0.0	0.0	0.0	0.0	0.0	0.0	0.0	0.0	0.0	0.0	0.0	0.0	0.0	0.0	0.0	0.0	0.0	0.0	0.0	0.0	0.0	0.0	0.0	0.0	0.0	0.0	0.0	0.0	0.0	0.0	0.0	0.0	0.0	0.0	0.0	0.0	0.0	0.0	0.0	0.0	0.0	0.0	0.0	0.0	0.0	0.0	0.0	0.0	0.0	0.0	0.0	0.0	0.0	0.0	0.0	0.0	0.0	0.0	0.0	0.0	0.0	0.0	0.0	0.0	0.0	0.0	0.0	0.0	0.0	0.0	0.0	0.0	0.0	0.0	0.0	0.0	0.0	0.0	0.0	0.0	0.0	0.0	0.0	0.0	0.0	0.0	0.0	0.0	0.0	0.0	0.0	0.0	0.0	0.0	0.0	0.0	0.0	0.0	0.0	0.0	0.0	0.0	0.0	0.0	0.0	0.0	0.0	0.0	0.0	0.0	0.0	0.0	0.0	0.0	0.0	0.0	1.28462	0.0	0.0	0.0	0.0	0.0	0.0	0.0	1.1061999999999999	0.0	0.114189	0.0	0.0	0.0	0.36635533333333337	0.0	0.0	0.0	0.0	0.0	0.0	0.0	0.0	0.0	0.0	0.0	0.0	0.0	0.0	0.0	0.0	0.0	0.0	0.0	0.0	0.0	0.0	0.0	0.0	0.0	0.0	0.0	0.0	0.0	0.0	0.0	0.0	0.0	0.0	0.542397	0.0	0.0	0.0	0.513849	0.0	0.0	0.0
ZJH_N2_1_4	0.0	0.0	0.0	0.0	0.0	0.0	0.0	0.0	0.0	0.0	0.0	14.9628	0.0	0.0	0.0	0.0	0.0	0.0	0.0	0.0	0.0	0.0	0.0	0.0	0.0	0.0	14.9628	0.0	6.26786	0.0	0.0	0.0	0.0	0.0	0.0	22.0126	0.0	0.0	0.0	5.20758	0.0	0.0	0.0	0.0	0.0	0.0	0.0	0.0	0.0	0.0	0.0	0.0	4.72905	0.0	0.0	17.965333333333334	17.9591	0.0	0.0	8.644113749999999	0.0	0.0	10.509	0.0	0.0	0.0	0.0	0.0	0.0	0.0	0.0	0.0	0.0	0.0	0.0	7.93804	6.086456666666666	0.0	0.0	0.0	0.0	0.0	0.0	0.0	0.0	0.0	0.0	0.0	0.0	0.0	0.0	0.0	0.0	0.0	0.0	0.0	0.0	0.0	0.0	18.6535	3.22776	0.0	0.0	0.0	19.0288	17.7715	0.0	0.0	0.0	0.0	0.0	14.1496	0.0	0.0	0.0	0.0	0.0	0.0	0.0	0.0	0.0	0.0	0.0	0.0	0.0	0.0	0.0	0.0	0.0	0.0	0.0	0.0	0.0	0.0	0.0	0.0	0.0	17.402416666666667	17.4337	15.0785	0.0	0.0	0.0	0.0	0.0	0.0	0.0	0.0	0.0	0.0	6.930928333333333	0.0	0.0	13.327639999999999	0.0	0.0	71.1421	5.76118	0.0	0.0	0.0	0.0	0.0	0.0	0.0	0.0	0.0	0.0	0.0	0.0	0.0	10.1149	0.0	0.0	0.0	0.0	0.0	0.0	0.0	0.0	0.0	0.0	0.0	0.0	0.0	2.23316	0.0	0.0	0.0	0.0	0.0	37.4946	37.4946	19.817	0.0	0.0	14.5812	0.0	0.0	5.87378	0.0	31.26425	29.8193	3.1527	0.0	0.0	0.0	4.5851733333333335	0.0	0.0	0.0	0.0	0.0	0.0	0.0	0.0	0.0	0.0	0.0	0.0	0.0	0.0	0.0	0.0	0.0	0.0	0.0	0.0	0.0	0.0	0.0	0.0	0.0	0.0	0.0	0.0	0.0	0.0	0.0	0.0	0.0	0.0	0.0	0.0	0.0	0.0	12.6859	0.0	0.0	0.0
ZJH_N2_2_2	0.0	0.0	0.0	0.0	0.0	0.0	0.0	0.0	0.0	0.0	0.0	0.0	0.0	0.0	16.982657142857143	9.5427	15.81075	18.405099999999997	0.0	0.0	0.0	0.0	0.0	18.78081052631579	0.0	0.0	0.0	21.407600000000002	0.344698	26.692958333333333	24.052680000000002	0.0	0.0	0.0	0.0	2.63966	0.0	0.0	0.0	0.80732	0.0	0.0	0.0	0.0	0.0	0.0	0.0	0.0	0.0	0.0	0.0	0.0	0.0	0.0	22.184547931034484	0.0	0.0	0.0	0.0	0.0	0.0	0.0	1.12481	0.0	0.0	0.0	0.0	0.0	0.0	30.563266666666664	0.0	0.0	0.0	0.0	0.0	0.0	0.0	0.0	0.0	0.0	0.0	0.0	0.0	0.0	0.0	60.46494666666667	26.33085	0.0	0.0	0.0	0.0	0.0	0.0	0.0	0.0	0.0	0.0	0.0	0.0	5.37004	0.852675	0.0	0.0	0.0	32.292815000000004	4.1001	0.0	0.0	0.0	0.0	0.0	3.24742	0.0	0.0	0.0	0.0	0.0	0.0	0.0	0.0	0.0	0.0	0.0	0.0	0.0	0.0	0.0	0.0	0.0	0.0	0.0	0.0	0.0	0.0	0.0	0.0	0.0	0.0	0.0	0.0	0.0	0.0	0.0	0.0	0.0	0.0	0.0	0.0	0.0	0.0	0.0	0.0	0.0	0.0	0.0	0.0	1.23366	0.0	0.0	0.0	0.0	0.0	0.0	0.0	0.0	0.0	0.0	0.0	0.0	0.0	0.0	0.0	0.0	0.0	106.149	0.0	0.0	0.0	0.0	0.0	0.0	0.0	0.0	0.0	0.0	0.0	0.0	0.0	0.0	0.0	0.0	0.544261	0.544261	0.0	8.00063	12.1007	0.0	0.0	0.0	6.36785	0.0	37.6265425	31.9662	2.1589	0.798249	0.0	0.0	0.0	0.0	0.0	0.0	0.0	0.0	0.0	0.0	0.0	0.0	0.0	0.0	0.0	0.0	0.0	0.0	0.0	0.0	0.0	0.0	27.813273913043478	0.0	0.0	0.0	0.0	0.0	0.0	0.0	0.0	0.0	0.0	0.0	0.0	0.0	0.0	6.78512	0.0	0.707539	0.0	23.1492	0.0	0.0	0.0
ZJH_N2_2_3	0.0	0.0	0.0	0.0	0.0	0.0	0.0	0.0	0.0	0.0	0.0	0.0	0.0	0.0	0.0	0.0	0.0	0.0	0.0	0.0	0.0	0.0	0.0	0.0	0.0	0.0	0.0	0.0	0.0	0.0	0.0	0.0	0.0	0.0	0.0	0.0	0.0	0.0	0.0	0.0	0.0	0.0	0.0	0.0	0.0	0.0	0.0	0.0	0.0	0.0	0.0	0.0	0.0	0.0	0.0	0.0	0.0	0.0	0.0	0.0	0.0	0.0	0.0	0.0	0.0	0.0	0.0	0.0	0.0	0.0	0.0	0.0	0.0	0.0	0.0	0.0	0.0	0.0	0.0	0.0	0.0	0.0	0.0	0.0	0.0	23.74101333333333	0.53344525	0.0	0.0	0.0	0.0	0.0	0.0	0.0	0.0	0.0	0.0	0.0	0.0	0.941725	0.393379	1.59736	0.0	0.0	0.830467	0.727155	0.0	0.0	0.0	0.0	0.0	0.63179	0.0	0.0	0.0	0.0	0.0	0.0	0.0	0.0	0.0	0.0	0.0	0.0	0.0	0.0	0.0	0.0	0.0	0.0	0.0	0.0	0.0	0.0	0.0	0.0	0.0	0.0	0.0	0.0	0.0	0.0	0.0	0.0	0.0	0.0	0.0	0.0	0.0	0.0	0.0	0.0	0.0	0.0	0.0	0.0	0.0	0.0	0.0	0.0	0.0	0.0	0.0	0.0	0.0	0.0	0.0	0.0	0.0	0.0	0.786758	0.0	0.0	0.0	0.870202	0.0	0.0	0.0	0.0	0.0	0.0	0.0	0.0	0.0	0.0	0.0	0.0	0.0	0.0	0.0	0.0	0.929804	0.929804	0.0	0.0	0.0	0.0	0.0	0.0	1.35894	0.0	3.0069625	2.461595	0.667552	0.0	0.0	0.0	0.0	0.0	0.0	0.0	0.0	0.0	0.0	0.0	0.0	0.0	0.0	0.0	0.0	0.0	0.0	0.0	0.0	0.0	0.0	0.0	0.0	0.0	0.0	0.0	0.0	0.0	0.0	0.0	0.50185595	0.0	0.0	0.0	0.0	0.0	0.0	0.0	0.0	0.822519	0.0	5.20929	0.0	0.0	0.0
ZJH_N2_2_4	0.239016	0.0	0.0	0.0	0.0	0.341451	0.0	0.426814	0.0	0.0	0.0	113.58966666666667	12.941	12.929625000000001	0.0	0.0	0.0	0.0	0.0	0.0	0.0	0.0	0.0	0.0	0.0	0.0	113.58966666666667	0.0	19.420025000000003	0.0	0.0	0.0	0.0	0.0	0.0	138.962	0.0	0.0	0.0	31.686700000000002	0.0	0.0	0.0	0.0	0.0	0.0	0.0	0.546322	0.0	0.0	0.0	0.0	21.8017	0.0	0.0	90.87163333333332	90.8944	0.0	0.0	41.913175	0.0	0.0	71.8755	0.0	0.0	0.0	6.28271	0.0	29.6038	0.0	0.0	0.0	0.0	0.0	9.30455	28.8868	24.681233333333335	5.1047	32.233	0.0	0.0	0.0	0.0	0.0	0.0	0.0	0.0	0.0	0.0	0.0	0.0	0.0	0.0	0.0	5.505905	0.0	0.0	0.0	0.66583	143.034	22.8431	83.0581	9.68015	0.0	62.04183	118.193	0.6316854999999999	0.0	0.0	0.0	0.0	119.559	0.0	0.0	0.0	0.0	0.0	0.0	0.0	0.0	0.0	0.0	0.0	0.0	16.697	13.094650000000001	22.2968	0.0	0.0	0.0	0.0	0.0	0.0	0.0	23.4748	0.0	0.0	107.08183333333334	107.113	94.0272	0.0	0.0	0.0	0.0	0.0	0.0	0.0	0.0	0.0	0.0	64.05913333333334	0.0	0.0	94.28498	33.01835	0.0	243.6855	43.5863	0.0	0.0	0.0	0.0	0.0	0.0	0.0	0.0	0.0	0.0	0.0	0.0	39.306745666666664	93.8309	0.0	0.0	0.0	0.0	0.0	36.928	0.0	0.0	0.0	0.0	0.0	0.0	0.0	15.6556	0.0	0.0	0.0	0.512177	0.0	144.98	144.9035	64.8416	0.0	0.0	47.052	0.0	0.0	38.3791	0.0	177.70827500000001	222.029	29.7063	0.0	0.0	0.0	14.9328	0.0	0.0	0.0	0.0	0.0	0.0	0.0	0.0	0.0	0.0	0.0	0.0	0.0	0.0	0.0	0.0	0.0	0.0	0.0	0.0	0.0	0.0	0.0	0.0	0.0	29.6551	26.29815	63.71209677419355	0.0	0.0	0.0	0.0	0.0	0.0	0.0	0.0	15.9458	0.0	80.1557	0.0	0.0	0.0
ZJH_N3_1_2	0.0	0.0	0.0	0.0	0.0	0.0	0.0	0.0	0.0	0.0	0.0	0.0	0.0	0.0	0.0	0.0	0.0	0.0	0.0	0.0	0.0	0.0	0.0	0.0	0.0	0.0	0.0	0.716262	0.0	6.659530833333334	0.687027	0.0	0.0	0.0	0.0	0.0	0.0	0.0	0.0	0.0	0.0	0.0	0.0	0.0	0.0	0.0	0.0	0.0	0.0	0.0	0.0	0.0	0.0	0.0	0.0	0.0	0.0	0.0	0.0	0.0	0.0	0.0	0.0	0.0	0.0	0.0	0.0	0.0	0.0	0.555468	0.0	0.0	0.0	0.0	0.0	0.0	0.0	0.0	0.0	0.0	0.0	0.0	0.0	0.0	5.067082142857143	6.076046666666667	1.207775	0.0	0.0	0.0	0.0	0.0	0.0	0.0	0.0	0.0	0.0	0.0	0.0	3.87366	0.526233	0.0	0.0	0.0	1.66641	1.06708	0.0	0.0	0.0	0.0	0.0	0.0	0.0	0.0	0.0	0.0	0.0	0.0	0.0	0.0	0.0	0.0	0.0	0.0	0.0	0.0	0.0	0.0	0.0	0.0	0.0	0.0	0.0	0.0	0.0	0.0	0.0	0.0	0.0	0.0	0.0	0.0	0.0	0.0	0.0	0.0	0.0	0.0	0.0	0.0	0.0	0.0	0.0	0.0	0.0	0.0	0.0	0.0	0.0	0.0	0.0	0.0	0.0	0.0	0.0	0.0	0.0	0.0	0.0	0.0	9.31141	0.0	0.0	7.218653333333333	1.71026	6.581571666666666	0.0	0.0	0.0	0.0	0.0	0.0	0.0	0.0	0.0	0.0	0.0	0.0	3.062385	0.0	0.0	0.774732	0.774732	0.0	0.0	0.0	0.0	0.0	0.0	0.833203	3.08431	5.68624	8.9752	1.31558	0.0	0.0	0.0	0.0	0.0	0.0	0.0	0.0	0.0	0.0	0.0	0.0	0.0	0.0	0.0	0.0	0.0	0.0	0.0	0.0	0.0	0.0	0.0	0.0	0.0	0.0	0.0	0.0	0.0	0.0	0.0	0.0	0.0	0.0	0.0	0.0	0.584704	0.657792	1.2425	0.0	0.906291	0.0	2.47037	0.0	0.0	0.0
ZJH_N3_1_3	0.0	0.0	0.0	0.0	0.0	0.0	0.0	0.0	0.22642933333333334	0.182248	0.0	0.0	0.0	0.0	1.1597633157894738	0.0	1.01065	1.101775	0.0	2.2532466666666666	2.23668	0.0	0.0	1.3986868421052632	0.0	0.0	0.0	0.0	0.0	26.52263333333333	0.0	0.0	0.0	0.0	0.712425	0.0	0.745561	0.0	0.2595653333333333	0.0	0.0	0.0	0.0	0.0	0.0	0.0	0.0	0.745561	0.0	0.0	0.0	0.6054860909090909	0.0	0.0	0.9841426400000001	0.0	0.0	0.0	0.0	0.0	0.0	0.0	0.0	0.0	0.0	0.0	0.0	0.0	0.0	0.0	0.712425	0.0	1.47455	0.0	0.0	0.0	0.0	0.0	0.0	0.5467449999999999	0.0	0.745561	0.0	0.0	0.0	3.2716326666666666	3.30117875	0.0	0.33136	0.0	0.37278	0.298224	0.0	0.0	0.0	0.0	0.0	0.0	0.7096636666666667	0.0	0.0	0.0	0.0	0.0	2.70059	1.8804699999999999	0.0	0.0	0.0	0.0	0.0	0.0	0.0	0.0	0.0	0.182248	0.0	0.0	0.0	0.0	0.0	0.0	0.0	0.0	0.0	0.0	0.0	0.0	1.45799	0.0	0.0	0.0	0.0	0.0	0.0	0.745561	0.646153	0.0	0.0	0.0	0.0	0.0	0.0	0.0	2.013015	0.33136	0.16568	0.5771196666666667	0.18777066666666667	0.0	0.0	0.0	0.0	0.0	0.0	0.0	0.0	0.563313	0.0	0.0	0.0	0.215384	0.0	0.513609	0.0	0.0	0.0	0.0	0.0	0.0	1.1514766666666667	1.3475333333333335	0.0	0.0	6.21301	0.0	0.0	0.0	0.0	0.0	0.0	0.0	0.0	0.0	0.0	0.0	0.298224	0.0	0.0	0.546745	0.596449	0.0	0.0	0.0	0.588165	0.728993	0.0	0.0	0.0	0.298224	0.0	3.8106433333333336	0.0	0.0	0.397632	0.0	0.0	0.0	0.0	0.0	0.0	0.0	0.0	0.0	0.0	0.0	0.0	0.0	0.0	0.0	0.0	0.0	0.0	0.0	0.0	0.0	0.0	1.6856169565217392	0.0	0.0	0.0	0.0	0.0	0.0	0.0	0.0	2.66745	2.45207	3.039312222222222	2.33609	0.0	0.0	2.8994	0.0	0.695857	0.0	0.0	0.0	0.0	0.0
ZJH_N3_2_2	0.0	0.0	0.0	0.0	0.0	0.0	0.0	0.0	0.0	0.0	0.0	0.0	0.0	0.0	0.0	0.0	0.0	0.0	0.0	0.0	0.0	0.0	0.0	0.0	1.5665	0.0	0.0	30.76885	0.0	25.466441666666668	32.96762	0.0	0.0	0.0	0.0	0.0	0.0	0.0	0.0	0.0	0.0	0.0	0.0	0.0	0.0	0.0	0.0	0.0	0.0	0.0	0.0	0.0	0.0	0.0	0.0	0.0	0.0	0.0	0.0	0.0	0.0	0.419887	0.0	0.0	0.0	0.0	0.0	0.0	0.0	0.0	0.0	0.0	0.0	0.0	0.0	0.0	0.0	0.0	0.0	0.0	0.0	0.0	0.0	0.0	4.822939285714286	17.27568666666667	66.15043750000001	0.0	0.0	0.0	0.0	0.0	0.0	0.0	0.0	0.0	0.0	0.0	0.0	9.81891	0.419887	0.0	0.0	0.0	72.689	3.76284	0.0	0.0	0.0	0.0	0.0	0.0	0.0	0.0	0.0	0.0	0.0	0.0	0.0	0.0	0.0	0.0	0.0	0.0	0.0	0.0	0.0	0.0	0.0	0.0	0.0	0.0	0.0	0.0	0.0	0.0	0.0	0.0	0.0	0.0	0.0	0.0	0.0	0.0	0.0	0.0	0.0	0.0	0.0	0.0	0.0	0.0	0.0	0.0	0.0	0.0	0.0	0.0	0.0	0.0	0.0	0.0	0.0	0.0	0.0	0.0	0.0	0.0	0.0	0.0	23.7398	0.0	0.0	9.275205000000001	61.2551	4.210985	0.0	0.0	0.0	0.0	0.0	0.0	0.0	0.0	0.0	0.0	0.0	0.0	7.461075	0.0	0.0	0.0	0.0	0.0	0.0	0.0	0.0	0.0	0.0	2.01869	9.67356	57.43299999999999	47.21315	2.06714	0.0	0.0	0.0	0.0	0.0	0.0	0.0	0.0	0.0	0.0	0.0	0.0	0.0	0.0	0.0	0.0	0.0	0.0	0.0	0.0	0.0	0.0	0.0	0.0	0.0	0.0	0.0	0.0	0.0	0.0	0.0	0.0	0.0	0.0	0.0	0.0	56.9916	57.4277	10.7879	0.0	4.10198	0.0	7.92941	0.0	0.0	0.0
ZJH_N3_2_4	20.9718	23.6657	20.5176	69.0549	20.032	20.3453	34.4883	32.9377	0.0	0.0	0.0	0.501192	0.0	0.0	0.0	0.0	0.0	0.0	0.0	173.14633333333333	114.131	0.0	16.1948	0.0	0.0	0.0	0.501192	0.0	0.0	0.0	0.0	0.0	0.0	0.0	37.4485	0.0	36.9316	34.41	13.495666666666667	0.0	0.0	0.0	0.0	0.0	0.0	0.0	12.686445	35.8469725	0.0	0.45029	0.0	0.0	0.0	0.0	0.0	0.0	0.0	0.0	0.0	0.0	0.0	0.0	0.0	0.0	0.0	0.0	125.627	0.0	0.0	0.0	52.3746	0.0	91.7495	0.0	0.0	0.0	0.0	0.0	0.0	39.588966666666664	14.6129	48.3181	0.0	0.0	0.767451	0.0	0.0	24.1669	24.5897	0.0	27.04875	29.1631	0.0	0.0	0.0	0.0	0.0	0.0	57.59236428571428	0.0	0.0	0.0	0.0	0.0	67.82279444444445	87.646	0.0	0.0	0.0	0.0	0.0	0.0	0.0	0.0	0.0	0.0	0.0	0.0	0.0	0.0	0.0	32.7185	0.0	29.5234	0.0	0.0	0.297583	0.0	79.9402	0.0	0.0	0.0	0.0	11.1515	0.0	63.6827	0.0	0.0	0.0	0.0	0.0	0.0	0.0	0.0	0.0	0.0	0.0	0.0	0.0	0.0	0.0	0.0	0.0	0.0	0.0	0.0	0.0	40.9255	0.0	0.0	0.0	17.9803	25.9367	0.0	0.0	27.4089	29.3824	0.0	1.1358256	0.187947	68.42316666666666	67.0736	0.0	0.0	0.0	0.0	0.0	0.0	56.6191	31.7474	14.3153	29.8992	12.0599	24.6367	45.7181	0.0	22.3031	0.0	1.58189	3.0698	51.5601	0.0	0.0	0.0	0.0	0.0	0.0	0.0	0.0	0.0	0.0	77.418475	10.572	12.984	12.9683	0.0	0.0	0.0	116.339	0.0	0.0	0.0	0.0	0.0	0.0	0.0	203.515	75.5391	45.8669	12.7961	72.4536	24.6211	52.4842	17.150199999999998	11.0419	0.0	0.0	0.0	0.0	0.0	0.0	0.0	0.0	0.0	0.0	0.0	0.0	0.0	0.0	0.0	0.0	0.0	81.9449	22.8042	48.2711	0.0	0.0	0.0	0.0	0.0
ZJH_N4_1_2	0.0	0.0	0.0	0.0	0.0	0.0	0.0	0.0	0.0	0.0	6.48617	0.0	0.0	0.0	4.909479999999999	3.07716	4.178295	4.8118300000000005	0.0	0.0	0.0	0.0	0.0	5.368352105263158	0.0	0.0	0.0	85.474075	0.0	51.441833333333335	93.618	0.0	0.0	0.0	0.0	1.50841	0.0	0.0	0.0	0.39218699999999995	0.0	0.0	0.0	0.0	0.0	0.0	0.0	0.0	0.0	0.0	0.0	0.0	0.0	0.0	6.245981538461539	1.3274	1.3274	0.0	0.0	0.543028	0.0	0.0	0.0	0.0	0.0	0.0	0.0	0.0	2.29278	58.6772	0.0	0.0	0.0	0.0	0.0	0.0	0.0	0.0	0.0	0.0	0.0	0.0	0.0	0.0	0.0	1.9488640000000002	195.65575	0.0	0.0	0.0	0.0	0.0	0.0	0.0	0.0	0.0	0.0	0.0	0.0	14.4807	0.905046	0.0	0.0	0.0	119.5266	9.23147	0.0	0.0	0.0	0.0	0.0	0.0	0.0	0.0	0.0	0.0	0.0	0.0	0.0	0.0	0.0	0.0	0.0	0.0	0.0	0.0	0.0	0.0	0.0	0.0	0.0	0.0	0.0	0.0	0.0	0.0	0.0	2.106743333333333	2.11177	1.629085	0.0	0.0	0.0	0.0	0.0	0.0	0.0	0.0	0.0	0.0	0.0	0.0	0.0	0.0	0.0	0.0	2.62463	4.01237	0.0	0.0	0.0	0.0	0.0	0.0	0.0	0.0	0.0	0.0	0.0	0.0	0.0	1.93077	0.0	0.0	192.684	0.0	0.0	0.0	0.0	0.0	0.0	0.0	0.0	0.0	0.0	0.0	0.0	0.0	0.0	0.0	0.0	0.0	0.0	0.0	2.036355	3.46934	0.0	0.0	0.0	1.29723	0.0	142.6955	92.1337	0.543028	0.0	0.0	0.0	0.0	0.0	0.0	0.0	0.0	0.0	0.0	0.0	0.0	0.0	0.0	0.0	0.0	0.0	0.0	0.0	0.0	0.0	0.0	0.0	6.623892608695653	0.0	0.0	0.0	0.0	0.0	0.0	0.0	0.0	0.0	0.0	0.0	0.0	171.959	171.868	0.0	0.0	0.0	0.0	17.4674	0.0	0.0	0.0
ZJH_N4_1_3	0.0	0.0	0.0	0.0	0.0	0.0	0.0	0.0	0.0	0.0	0.0	0.0	0.0	0.0	0.0	0.0	0.0	0.0	0.0	0.0	0.0	0.0	0.0	0.756659	0.0	0.0	0.0	2.39609	0.0	1.3872100000000003	2.85849	0.0	0.0	0.0	0.0	0.0	0.0	0.0	0.0	0.0	0.0	0.0	0.0	0.0	0.0	0.0	0.0	0.0	0.0	0.0	0.0	0.0	0.0	0.0	0.830222875	0.0	0.0	0.0	0.0	0.0	0.0	0.0	0.0	0.0	0.0	0.0	0.0	0.0	0.0	0.0	0.0	0.0	0.0	0.0	0.0	0.0	0.0	0.0	0.0	0.0	0.0	0.0	0.0	0.0	0.0	5.187318	5.191520000000001	0.0	0.0	0.0	0.0	0.0	0.0	0.0	0.0	0.0	0.0	0.0	0.0	0.0	0.0	0.0	0.0	0.0	4.750135	0.0	0.0	0.0	0.0	0.0	0.0	0.0	0.0	0.0	0.0	0.0	0.0	0.0	0.0	0.0	0.0	0.0	0.0	0.0	0.0	0.0	0.0	0.0	0.0	0.0	0.0	0.0	0.0	0.0	0.0	0.0	0.0	0.0	0.0	0.0	0.0	0.0	0.0	0.0	0.0	0.0	0.0	0.0	0.0	0.0	0.0	0.0	0.0	0.0	0.0	0.0	0.0	0.0	0.0	0.0	0.0	0.0	0.0	0.0	0.0	0.0	0.0	0.0	0.0	0.0	0.0	0.0	0.0	0.0	7.90288	0.0	0.0	0.0	0.0	0.0	0.0	0.0	0.0	0.0	0.0	0.0	0.0	0.0	0.0	0.0	0.0	0.0	0.0	0.0	0.0	0.336293	0.0	0.0	0.0	0.0	0.0	5.45076	4.41384	0.0	0.0	0.0	0.0	0.0	0.0	0.0	0.0	0.0	0.0	0.0	0.0	0.0	0.0	0.0	0.0	0.0	0.0	0.0	0.0	0.0	0.0	0.0	0.0	0.880941304347826	0.0	0.0	0.0	0.0	0.0	0.0	0.0	0.0	0.0	0.0	0.0	0.0	4.45588	4.66606	0.0	0.0	0.0	0.0	3.9094	0.0	0.0	0.0
ZJH_N4_1_4	0.0	0.0	0.0	0.0	0.0	0.0	0.0	0.0	0.0	0.0	0.0	23.792600000000004	27.5713	27.560216666666665	0.0	0.0	0.0	0.0	0.0	0.0	0.0	0.0	0.0	0.0	0.0	0.0	23.792600000000004	0.0	0.0	0.0	0.0	0.0	0.0	0.0	0.0	0.0	0.0	0.0	0.0	0.0	0.0	0.0	0.0	0.0	0.0	0.0	0.0	0.0	0.0	0.0	0.0	0.0	0.0	0.0	0.0	0.0	0.0	0.0	0.0	0.0	0.0	0.0	0.0	0.0	0.0	0.0	0.0	0.0	63.4975	0.0	0.0	0.0	0.0	0.0	0.0	11.1652	9.570196666666668	7.7473	82.6189	0.0	0.0	0.0	0.0	0.0	0.0	0.0	0.0	0.0	0.0	0.0	0.0	0.0	0.0	0.0	0.0	0.0	0.0	0.0	0.0	0.0	0.0	0.0	0.0	0.0	147.882	0.0	0.0	0.0	0.0	0.0	0.0	0.0	0.0	0.0	0.0	0.0	0.0	0.0	0.0	0.0	0.0	0.0	0.0	0.0	33.5906	27.61875	40.2936	0.0	0.0	0.0	0.0	0.0	0.0	0.0	0.0	0.0	0.0	0.0	0.0	0.0	0.0	0.0	0.0	0.0	0.0	0.0	0.0	0.0	0.0	0.0	0.0	0.0	0.0	0.0	76.06790000000001	0.0	0.0	0.0	0.0	0.0	0.0	0.0	0.0	0.0	0.0	0.0	0.0	0.0	0.0	0.0	141.065	0.0	0.0	0.0	0.0	0.0	0.0	86.6824	0.0	0.0	0.0	0.0	0.0	0.0	0.0	0.0	0.0	0.0	0.0	0.0	0.0	0.0	0.0	0.0	0.0	0.0	0.0	0.0	0.0	0.0	0.0	289.84	293.486	0.0	0.0	0.0	0.0	0.0	0.0	0.0	0.0	0.0	0.0	0.0	0.0	0.0	0.0	0.0	0.0	0.0	0.0	0.0	0.0	0.0	0.0	0.0	0.0	0.0	0.0	0.0	0.0	0.0	0.0	0.0	50.3361125	136.0214121212121	0.0	0.0	0.0	0.0	0.0	0.0	0.0	0.0	0.0	0.0	0.0	0.0	0.0	0.0
ZJH_N4_2_2	0.0	0.0	0.0	0.0	0.0	0.0	0.0	0.0	0.0	0.0	2.94242	0.0	0.0	0.0	0.0	0.0	0.0	0.0	0.0	0.0	0.0	0.0	0.0	0.0	0.0	0.0	0.0	1.746365	0.0	1.5460858333333334	1.63967	0.0	0.0	0.0	0.0	0.0	0.0	0.0	0.0	0.0	0.0	0.0	0.0	0.0	0.0	0.0	0.0	0.0	0.0	0.0	0.0	0.0	0.0	0.0	0.0	0.0	0.0	0.0	0.0	0.0	0.0	0.0	0.0	0.0	0.0	0.0	0.0	0.0	0.0	0.0	0.0	0.0	0.0	0.0	0.0	0.0	0.0	0.0	0.0	0.0	0.0	0.0	0.0	0.0	0.0	1.3926	16.1215625	0.0	0.0	0.0	0.0	0.0	0.0	0.0	0.0	0.0	0.0	0.0	0.0	0.0	0.0	0.0	0.0	0.0	18.8675	0.0	0.0	0.0	0.0	0.0	0.0	0.0	0.0	0.0	0.0	0.0	0.0	0.0	0.0	0.0	0.0	0.0	0.0	0.0	0.0	0.0	0.0	0.0	0.0	0.0	0.0	0.0	0.0	0.0	0.0	0.0	0.0	0.0	0.0	0.0	0.0	0.0	0.0	0.0	0.0	0.0	0.0	0.0	0.0	0.0	0.0	0.0	0.0	0.0	0.0	0.0	0.0	0.0	0.0	0.0	0.0	0.0	0.0	0.0	0.0	0.0	0.0	0.0	0.0	0.0	0.0	0.0	0.0	0.0	25.3363	0.0	0.0	0.0	0.0	0.0	0.0	0.0	0.0	0.0	0.0	0.0	0.0	0.0	0.0	0.0	0.0	0.0	0.0	0.0	0.0	0.0	0.0	0.0	0.0	0.0	0.0	26.7064	0.0	0.0	0.0	0.0	0.0	0.0	0.0	0.0	0.0	0.0	0.0	0.0	0.0	0.0	0.0	0.0	0.0	0.0	0.0	0.0	0.0	0.0	0.0	0.0	0.0	0.0	0.0	0.0	0.0	0.0	0.0	0.0	0.0	0.0	0.0	0.0	0.0	0.0	11.8595	12.0392	0.0	0.0	0.0	0.0	0.0	0.0	0.0	0.0
ZJH_N4_2_3	0.0	18.4495	0.0	0.0	0.0	0.0	0.0	0.0	6.869479999999999	0.0	0.981354	1.05986	0.0	0.0	0.6934903333333333	0.0	0.0	0.706575	0.0	105.528	80.3533	9.02846	8.36114	0.510304	0.0	0.0	1.05986	23.7488	0.0	14.877291666666666	27.0854	0.0	21.7076	17.952233333333336	38.7831	5.358195	39.8037	35.9568	4.095516666666667	0.863591	6.28067	0.0	11.0697	9.22473	0.0	0.0	15.0736	21.838400000000004	0.0	2.0204358823529414	25.574090625	0.0	0.0	0.0	0.844817347826087	2.2244033333333335	2.35525	11.624125	30.7421325	1.29539	0.0	0.0	1.49166	34.4652	0.0	0.0	81.7272	0.0	5.41707	16.8793	34.0726	4.23945	46.2807	0.0	0.9421	0.0	0.0	0.0	0.0	27.517166666666668	7.89009	30.9715	0.0	0.0	0.0	30.584253333333333	50.4759625	12.8754	13.6604	0.0	19.90185	13.4838	8.171405	0.0	0.549558	0.0	0.0	1.727185	34.54365	16.2905	2.11972	21.9823	2.04122	0.0	45.696200000000005	41.6094	0.0	0.0	0.0	0.0	0.0	5.77036	0.0	0.0	0.0	0.0	0.0	0.0	0.0	0.0	0.0	20.6477	23.2777	21.158	0.0	0.0	0.0	0.0	45.5741	17.2326	0.0	0.0	0.0	0.0	0.0	35.525	0.0	16.58491666666667	16.6438	14.1119	0.0	0.0	0.0	0.0	40.4056	9.1462175	7.301275	11.841683333333334	12.490680000000001	1.727185	0.0	0.0	0.0	0.0	0.0	0.0	13.6997	15.760535	0.0	0.0	0.0	0.0	7.69382	0.0	15.6624	16.8008	15.8194	22.489036363636362	70.696736	8.75368	44.0746	24.75625666666667	0.0	0.0	47.0265	0.0	0.0	0.0	19.156	16.6438	6.75172	11.3052	3.7684	11.1482	14.367	0.0	12.0118	26.0648	15.0736	19.5682	23.5525	0.0	0.0	0.47105	0.628067	1.13837	0.0	15.0736	0.0	3.49362	0.0	63.65065	52.9539	2.4337549999999997	7.89009	10.9127	0.0	0.0	0.0	0.0	0.0	0.0	0.0	0.0	0.0	0.0	109.637	15.9764	15.7409	2.51227	42.6693	19.8234	16.369	10.0098	7.34053	0.0	0.0	2.3518369565217387	0.0	0.0	0.0	0.0	0.0	0.0	0.0	0.0	0.0	0.0	0.0	0.0	47.0265	49.0677	39.7252	13.739	20.1766	0.0	26.4966	33.0913	35.9568	0.0
ZJH_N4_2_4	0.0	28.247	0.0	0.0	0.0	0.0	0.0	0.0	13.909799999999999	0.0	0.0	0.968118	0.310834	0.310834	0.0	0.0	0.0	0.0	0.0	273.03866666666664	204.81	25.5467	17.873	0.0	0.0	0.0	0.968118	0.0	0.0	0.0	0.0	0.0	53.8714	64.31993333333332	99.1463	0.0	102.497	89.6367	23.7561	0.0	13.7981	0.0	24.0411	20.9036	0.0	0.0	32.8415	48.39295	0.0	12.905899999999999	52.39578	0.0	0.0	0.0	0.0	0.0	0.0	20.29878342105263	73.85852144444445	0.0	0.0	0.0	0.0	77.8251	0.0	0.0	138.797	0.0	0.913075	0.0	81.827	25.8575	133.474	0.0	0.0	0.213698	0.174844	0.087422	0.893648	64.31023333333333	21.2727	79.8649	0.0	0.0	0.0	0.0	0.0	27.7808	30.3452	0.0	46.8388	42.652249999999995	21.06873333333333	21.2533	0.0	0.0	5.77471	6.916055	89.20771666666667	0.0	0.0	0.0	0.0	0.0	94.93831666666667	130.856	0.0	0.0	0.0	0.0	0.0	0.0	0.0	0.0	0.0	0.0	0.0	0.0	0.0	0.0	0.0	54.9205	60.8166	48.6844	0.505105	0.461394	0.524532	0.0	118.933	39.1554	0.0	0.0	0.0	0.0	0.0	88.0826	0.0	0.0	0.0	0.0	0.0	0.0	0.0	0.0	65.29453333333333	16.37708	13.1522	20.82913333333333	19.17648	4.511945	0.0	0.0	0.0	0.0	0.825653	0.0	0.0	68.1698	0.0	0.0	0.0	0.0	0.0	0.0	42.5551	52.0453	44.3035	64.33997272727272	166.48073076923077	22.6132	103.44774333333334	96.0137	0.0	0.0	0.0	0.0	0.0	1.03935	69.2674	40.3598	15.464	36.0762	14.4246	28.723	51.2099	0.0	31.5982	60.1561	29.9566	44.4978	73.5511	0.0	0.0	0.0	0.0	0.0	0.0	26.6054	0.0	0.0	0.0	123.12600000000002	16.8822	18.0769	18.8443	30.9765	0.0	0.0	190.852	0.0	0.0	0.0	0.0	0.0	0.0	0.0	250.017	60.1755	64.5078	13.7835	102.08	62.565	74.9498	25.6632	16.6005	0.0	0.0	0.0	0.0	0.0	0.0	0.0	0.0	0.0	0.7005905	1.6274258333333333	0.0	0.0	0.0	0.0	0.0	0.0	126.412	36.6007	78.3593	0.0	0.0	71.5986	70.4913	0.0
ZJH_N5_1_2	0.0	0.0	0.0	0.0	0.0	0.0	0.0	0.0	0.0	0.0	31.7124	6.221610000000001	0.0	0.0	0.0	0.0	0.0	0.0	0.0	0.0	0.0	0.0	0.0	0.0	11.109975	0.0	6.221610000000001	52.892525000000006	0.0	19.55955833333333	51.16648	0.0	0.0	0.0	0.0	39.3739	0.0	0.0	0.0	0.0	0.0	0.0	0.0	0.0	0.0	0.0	0.0	0.0	0.0	0.0	0.0	0.0	4.90618	0.0	0.0	20.003966666666667	20.9046	0.0	0.0	3.7907349999999997	0.0	4.69287	9.5635	0.0	0.0	0.0	0.0	0.0	26.664	74.3393	0.0	0.0	0.0	0.0	27.9794	12.7276	11.637366666666667	0.0	0.0	0.0	0.0	0.0	0.0	0.0	0.0	320.3664	91.45315	0.0	0.0	0.0	0.0	0.0	0.0	0.0	7.89255	0.0	0.0	0.0	0.0	110.389	19.5892	114.122	28.1572	0.0	126.992	118.104	1.17322	0.0	0.0	0.0	0.0	54.1457	0.0	0.0	0.0	0.0	0.0	0.0	0.0	0.0	0.0	0.0	0.0	0.0	0.0	0.0	0.0	0.0	0.0	0.0	0.0	0.0	0.0	0.0	9.13687	0.0	0.0	55.17086666666666	55.2479	50.5372	0.0	0.0	0.0	0.0	0.0	0.0	0.0	0.0	0.0	0.0	0.0	0.0	0.0	0.0	0.0	0.0	84.2228	42.8402	0.0	0.0	0.0	0.0	0.0	0.0	0.0	0.0	0.0	0.0	0.0	0.0	0.0	34.2366	30.2548	0.0	49.4173	0.0	0.0	0.0	0.0	0.0	0.0	0.0	0.0	0.0	0.0	5.01284	0.0	0.0	0.0	0.0	0.0	64.5269	64.5269	7.35927	0.0	0.0	3.94628	0.0	0.0	19.7314	0.0	219.119	229.702	9.20798	0.0	0.0	0.0	0.0	0.0	0.0	0.0	0.0	0.0	0.0	0.0	0.0	0.0	0.0	0.0	0.0	0.0	0.0	0.0	0.0	0.0	0.0	0.0	0.0	0.0	0.0	0.0	0.0	0.0	0.0	0.0	0.0	0.0	0.0	0.0	0.0	114.406	93.5018	0.0	0.0	64.1003	0.0	154.936	0.0	0.0	0.0
ZJH_N5_1_4	0.0	0.52087	0.0	0.0	0.0	0.0	0.0	0.0	0.15626099999999998	0.0	0.0	0.0	0.0	0.0	0.0	0.0	0.0	0.0	0.0	4.162	2.9764	0.37205	0.386932	0.0	0.0	0.0	0.0	0.0	0.0	0.0	0.0	0.0	0.699454	1.0218976666666666	2.20254	0.0	2.20254	2.03884	0.5853586666666667	0.0	0.178584	0.0	0.29764	0.208348	0.0	0.0	0.431578	0.734179	0.0	0.0	0.39809350000000004	0.0	0.0	0.0	0.0	0.0	0.0	0.0	1.0869595	0.0	0.0	0.0	0.0	0.773865	0.0	0.0	2.20254	0.0	0.0	0.0	1.14591	0.654808	2.17277	0.0	0.0	0.0	0.0	0.0	0.0	1.0615833333333333	0.22323	1.17568	0.0	0.0	0.0	0.0	0.0	0.44646	0.29764	0.0	0.6548080000000001	0.505988	0.186025	0.208348	0.0	0.0	0.0	0.0	1.0665433333333334	0.0	0.0	0.0	0.0	0.0	2.1281285714285714	2.105805	0.0	0.0	0.0	0.0	0.0	0.0	0.0	0.0	0.0	0.0	0.0	0.0	0.0	0.0	0.0	0.878039	0.922685	0.52087	0.0	0.0	0.0	0.0	2.08348	0.535752	0.0	0.0	0.0	0.0	0.0	1.47332	0.0	0.0	0.0	0.0	0.0	0.0	0.0	0.0	0.937567	0.0	0.215789	0.33236466666666664	0.20834800000000003	0.0	0.0	0.0	0.0	0.0	0.0	0.0	0.0	0.758983	0.0	0.0	0.252994	0.0	0.0	0.0	0.744101	0.803629	0.744101	0.66969	2.3894564	0.238112	1.744172	1.1831200000000002	0.0	0.0	0.0	0.0	0.0	0.0	1.26497	0.66969	0.22323	0.758983	0.208348	0.580398	1.01198	0.0	0.639926	1.08639	0.401814	0.357168	1.19056	0.0	0.0	0.0	0.0	0.0	0.0	0.386932	0.0	0.0	0.0	3.1401	0.0	0.238112	0.476224	0.312522	0.0	0.0	0.0	0.0	0.0	0.0	0.0	0.0	0.0	0.0	4.1372	0.952449	0.773865	0.0	1.56261	0.922685	1.08639	0.431578	0.342286	0.0	0.0	0.0	0.0	0.0	0.0	0.0	0.0	0.0	0.0	0.0	0.0	0.0	0.0	0.0	0.0	0.0	2.2323	0.505988	0.922685	0.0	0.0	0.952449	0.66969	0.0
ZJH_N5_2_2	0.0	0.0	0.0	0.0	0.0	0.0	0.0	0.0	0.0	0.0	32.0923	0.0	0.0	0.0	0.0	0.0	0.0	0.0	0.0	0.0	0.0	0.0	0.0	0.512891	0.0	0.0	0.0	77.09235000000001	0.0	32.04343333333333	82.04786	0.0	0.0	0.0	0.0	0.0	0.0	0.0	0.0	0.0	0.0	0.0	0.0	0.0	0.0	0.0	0.0	0.0	0.0	0.0	0.0	0.0	0.0	0.0	0.0	0.0	0.0	0.0	0.0	0.0	0.0	0.0	0.0	0.0	0.0	0.0	0.0	0.0	0.0	92.9798	0.0	0.0	0.0	0.0	0.268657	0.0	0.0	0.0	0.0	0.0	0.0	0.0	0.0	0.0	0.0	9.772602000000001	141.918	0.0	0.0	0.0	0.0	0.0	0.0	0.0	0.0	0.0	0.0	0.0	0.0	3.32158	0.0	0.0	0.0	0.0	0.0	1.00136	0.0	0.0	0.0	0.0	0.0	0.0	0.0	0.0	0.0	0.0	0.0	0.0	0.0	0.0	0.0	0.0	0.0	0.0	0.0	0.0	0.0	0.0	0.0	0.0	0.0	0.0	0.0	0.0	0.0	0.0	0.0	0.0	0.0	0.0	0.0	0.0	0.0	0.0	0.0	0.0	0.0	0.0	0.0	0.0	0.0	0.0	0.0	0.0	0.0	0.0	0.0	0.0	0.0	0.0	0.0	0.0	0.0	0.0	0.0	0.0	0.0	0.0	0.0	0.0	0.0	0.0	0.0	0.0	79.6935	0.0	0.0	0.0	0.0	0.0	0.0	0.0	0.0	0.0	0.0	0.0	0.0	0.0	0.0	0.0	0.0	0.952511	0.952511	0.0	0.0	0.0	0.0	0.0	0.0	0.0	0.0	268.462	0.0	0.0	0.0	0.0	0.0	0.0	0.0	0.0	0.0	0.0	0.0	0.0	0.0	0.0	0.0	0.0	0.0	0.0	0.0	0.0	0.0	0.0	0.0	0.0	0.0	0.5118290869565217	0.0	0.0	0.0	0.0	0.0	0.0	0.0	0.0	0.0	0.0	0.0	0.0	143.39	125.414	0.0	0.0	0.0	0.0	1.51425	0.0	0.0	0.0
ZJH_N5_2_3	0.0	0.0	0.0	0.0	0.0	0.0	0.0	0.0	0.0	0.0	11.3875	9.47232	0.569374	0.569374	1.8007484210526314	0.0	1.75988	1.96693	0.0	0.0	0.0	0.0	0.0	2.07045	34.084775	0.0	9.47232	27.0194	0.0	13.807324999999999	27.8476	0.0	0.0	0.0	0.0	23.654899999999998	0.0	0.0	0.0	0.0	0.0	0.0	0.0	0.0	0.0	0.0	0.0	0.0	0.0	0.0	0.0	0.0	8.90294	0.0	1.7897492307692306	41.51253333333333	42.289	0.0	0.8725475714285714	2.17397	0.0	15.0625	0.0	0.0	0.0	0.0	0.0	0.0	2.48454	36.3364	0.0	0.0	0.0	0.0	14.7002	1.91517	1.50108	0.0	2.01869	0.0	0.0	0.0	0.0	0.0	0.0	691.8795333333333	50.467275	0.0	0.0	0.0	0.0	0.0	0.0	0.0	4.89144	0.0	0.0	0.0	0.0	76.9173	12.0086	95.8619	20.601	0.0	55.4105	80.8512	1.03523	0.0	0.0	0.0	0.0	35.9741	0.0	0.0	0.0	0.0	0.0	0.0	0.0	0.0	0.0	0.0	0.0	0.0	1.08699	0.0	0.0	0.0	0.0	0.0	0.0	0.0	0.0	0.0	15.0108	0.0	0.0	75.56288333333333	75.64914999999999	69.0237	0.0	0.0	0.0	0.0	0.0	0.0	0.0	0.0	0.0	0.0	0.0	0.0	0.0	0.0	1.70812	0.0	37.734	32.972	0.0	0.0	0.0	0.0	0.0	0.0	0.0	0.0	0.0	0.0	0.0	0.0	3.46801	22.0503	20.0834	0.0	29.2451	0.0	0.0	0.0	0.0	0.0	0.0	0.0	0.0	0.0	0.0	3.51977	0.0	0.0	0.0	0.0	0.0	114.289	114.211	3.46801	0.0	0.77642	9.42056	0.0	0.0	13.3027	0.0	117.873475	132.302	6.93601	0.0	0.0	0.0	0.0	0.0	0.0	0.0	0.0	0.0	0.0	0.0	0.0	0.0	0.0	0.0	0.0	0.0	0.0	0.0	0.0	0.0	0.0	0.0	2.194231739130435	0.0	0.0	0.0	0.0	0.0	0.0	2.34866625	6.182369199999999	0.0	0.0	0.0	0.0	54.0388	41.5643	0.0	0.0	29.3487	0.0	135.77	0.0	0.0	0.0
ZJH_N5_2_4	0.0	0.0	0.0	0.0	0.0	0.0	0.0	0.0	0.0	0.0	0.0	191.60566666666668	41.9814	41.977775	0.37947116666666664	0.0	0.3473125	0.405198	0.0	0.0	0.0	0.0	0.0	0.506498	0.7271855	0.0	191.60566666666668	0.911696	1.5846149999999999	0.7476871666666667	1.09982	0.0	0.0	0.0	0.0	13.50175	0.0	0.0	0.0	3.509305	0.0	0.0	0.0	0.0	0.0	0.0	0.0	0.0	0.0	0.0	0.0	0.0	3.60337	0.0	0.6912856538461539	13.506599999999999	13.6175	0.0	0.0	5.7993925	0.0	0.405198	7.11991	0.0	0.0	0.0	0.0	0.0	55.15781	1.09982	0.0	0.0	0.0	0.0	1.63526	29.6084	23.274766666666665	15.2383	113.817	0.0	0.0	0.0	0.0	0.0	0.0	58.66496	1.2264475	0.0	0.0	0.0	0.0	0.0	0.0	0.0	0.63674	0.0	0.0	0.0	0.0	66.4525	8.61046	11.0127	1.49055	0.0	93.8287325	35.0207	0.1013	0.0	0.0	0.0	0.0	33.3131	0.0	0.0	0.0	0.0	0.0	0.0	0.0	0.0	0.0	0.0	0.0	0.0	56.6554	46.44585	81.3724	0.0	0.0	0.0	0.0	0.0	0.0	0.0	2.56143	0.0	0.0	14.32905	14.3411	12.358550000000001	0.173656	1.82339	0.0	0.0	1.09982	0.0	0.0	0.0	0.0	0.0	1.85957	0.0	0.0	2.662728	114.765	0.0	9.99971	5.62936	0.0	0.0	0.0	0.0	0.0	0.0	0.0	0.0	0.0	0.0	0.0	0.0	179.734	39.8252	7.00414	0.0	3.55995	0.0	0.0	143.816	0.0	0.0	0.0	0.0	0.0	0.0	0.0	2.21412	0.0	0.0	0.0	0.0	0.0	7.91583	7.91583	0.0	0.31837	0.361784	2.74956	0.0	0.0	4.42824	0.0	198.12766666666667	231.72250000000003	0.0	0.0	0.0	0.0	1.1962966666666668	0.0	0.0	0.0	0.0	0.0	0.0	0.0	0.0	0.0	0.0	0.0	0.0	0.0	0.0	0.0	0.0	0.0	0.0	0.0	0.7952957826086957	0.0	0.0	0.0	0.0	0.0	6.43975	83.917575	218.63980645161288	0.0	0.0	0.0	0.0	0.0	0.53544	0.0	0.0	2.28647	0.0	15.0068	0.0	0.0	0.0
ZJH_N6_1_2	0.0	0.0	0.0	0.0	0.0	0.0	0.0	0.0	0.0	0.0	0.0	0.0	0.0	0.0	0.0	0.0	0.0	0.0	0.0	0.0	0.0	0.0	0.0	0.0	0.0	0.0	0.0	1.58163	0.0	0.0	1.83136	0.0	0.0	0.0	0.0	0.0	0.0	0.0	0.0	0.0	0.0	0.0	0.0	0.0	0.0	0.0	0.0	0.0	0.0	0.0	0.0	0.0	0.0	0.0	0.0	0.0	0.0	0.0	0.0	0.0	0.0	0.0	0.0	0.0	0.0	0.0	0.0	0.0	0.0	0.0	0.0	0.0	0.0	0.0	0.0	0.0	0.0	0.0	0.0	0.0	0.0	0.0	0.0	0.0	0.790815	20.93019333333333	3.50143875	0.0	0.0	0.0	0.0	0.0	0.0	0.0	0.0	0.0	0.0	0.0	0.0	3.53786	0.0	0.0	0.0	0.0	3.5794750000000004	2.41407	0.0	0.0	0.0	0.0	0.0	0.0	0.0	0.0	0.0	0.0	0.0	0.0	0.0	0.0	0.0	0.0	0.0	0.0	0.0	0.0	0.0	0.0	0.0	0.0	0.0	0.0	0.0	0.0	0.0	0.0	0.0	1.74812	1.74812	1.7065	0.0	0.0	0.0	0.0	0.0	0.0	0.0	0.0	0.0	0.0	0.0	0.0	0.0	0.0	0.0	0.0	2.6638	0.0	0.0	0.0	0.0	0.0	0.0	0.0	0.0	0.0	0.0	0.0	0.0	0.0	0.0	0.0	0.0	0.0	0.0	0.0	0.0	0.0	0.0	0.0	0.0	0.0	0.0	0.0	0.0	0.0	0.0	0.0	0.0	0.0	0.0	0.0	0.0	0.0	0.0	0.0	0.0	0.0	0.0	0.0	0.0	5.965796666666667	6.36814	0.0	0.0	0.0	0.0	0.0	0.0	0.0	0.0	0.0	0.0	0.0	0.0	0.0	0.0	0.0	0.0	0.0	0.0	0.0	0.0	0.0	0.0	0.0	0.0	0.0	0.0	0.0	0.0	0.0	0.0	0.0	0.0	0.0	0.0	0.0	0.0	0.0	2.20596	2.49731	1.58163	0.0	0.0	0.0	1.95623	0.0	0.0	0.0
ZJH_N6_1_3	0.0	0.0	0.0	0.0	0.0	0.0	0.0	0.0	0.0	0.0	0.0	0.0	0.0	0.0	0.0	0.0	0.0	0.0	0.0	0.0	0.0	0.0	0.0	0.0	0.0	0.0	0.0	0.0	0.0	0.0	0.0	0.0	0.0	0.0	0.0	0.0	0.0	0.0	0.0	0.0	0.0	0.0	0.0	0.0	0.0	0.0	0.0	0.0	0.0	0.0	0.0	0.0	0.0	0.0	0.0	0.0	0.0	0.0	0.0	0.0	0.0	0.0	0.0	0.0	0.0	0.0	0.0	0.0	0.0	0.0	0.0	0.0	0.0	0.0	0.0	0.0	0.0	0.0	0.0	0.0	0.0	0.0	0.0	0.0	0.0	0.0	0.0	0.0	0.0	0.0	0.0	0.0	0.0	0.0	0.0	0.0	0.0	0.0	0.0	0.0	0.0	0.0	0.0	0.0	0.0	0.0	0.0	0.0	0.0	0.0	0.0	0.0	0.0	0.0	0.0	0.0	0.0	0.0	0.0	0.0	0.0	0.0	0.0	0.0	0.0	0.0	0.0	0.0	0.0	0.0	0.0	0.0	0.0	0.0	0.0	0.0	0.0	0.0	0.0	0.0	0.0	0.0	0.0	0.0	0.0	0.0	0.0	0.0	0.0	0.0	0.0	0.0	0.0	0.0	0.0	0.0	0.0	0.0	0.0	0.0	0.0	0.0	0.0	0.0	0.0	0.0	0.0	0.0	0.0	0.0	0.0	0.0	0.0	0.0	0.0	0.0	0.0	0.0	0.0	0.0	0.0	0.0	0.0	0.0	0.0	0.0	0.0	0.0	0.0	0.0	0.0	0.0	0.0	0.0	0.0	0.0	0.0	0.0	0.0	0.0	0.0	0.0	0.0	0.0	0.0	0.0	0.0	0.0	0.0	0.0	0.0	0.0	0.0	0.0	0.0	0.0	0.0	0.0	0.0	0.0	0.0	0.0	0.0	0.0	0.0	0.0	0.0	0.0	0.0	0.0	0.0	0.0	0.0	0.0	0.0	0.0	0.0	0.0	0.0	0.0	0.0	0.0	0.0	0.0	0.0	0.0	0.0	0.0	0.0	0.0
ZJH_N6_1_4	0.0	0.0	0.0	0.0	0.0	0.0	0.0	0.0	0.0	0.0	0.0	0.0	0.0	0.0	0.0	0.0	0.0	0.0	0.0	0.0	0.0	0.0	0.0	0.0	0.0	0.0	0.0	0.0	0.0	0.0	0.0	0.0	0.0	0.0	0.0	0.0	0.0	0.0	0.0	0.0	0.0	0.0	0.0	0.0	0.0	0.0	0.0	0.0	0.0	0.0	0.0	0.0	0.0	0.0	0.0	0.0	0.0	0.0	0.0	0.0	0.0	0.0	0.0	0.0	0.0	0.0	0.0	0.0	0.0	0.0	0.0	0.0	0.0	0.0	0.0	0.0	0.0	0.0	0.0	0.0	0.0	0.0	0.0	0.0	0.0	0.0	0.0	0.0	0.0	0.0	0.0	0.0	0.0	0.0	0.0	0.0	0.0	0.0	0.0	0.0	0.0	0.0	0.0	0.0	0.0	0.0	0.0	0.0	0.0	0.0	0.0	0.0	0.0	0.0	0.0	0.0	0.0	0.0	0.0	0.0	0.0	0.0	0.0	0.0	0.0	0.0	0.0	0.0	0.0	0.0	0.0	0.0	0.0	0.0	0.0	0.0	0.0	0.0	0.0	0.0	0.0	0.0	0.0	0.0	0.0	0.0	0.0	0.0	0.0	0.0	0.0	0.0	0.0	0.0	0.0	0.0	0.0	0.0	0.0	0.0	0.0	0.0	0.0	0.0	0.0	0.0	0.0	0.0	0.0	0.0	0.0	0.0	0.0	0.0	0.0	0.0	0.0	0.0	0.0	0.0	0.0	0.0	0.0	0.0	0.0	0.0	0.0	0.0	0.0	0.0	0.0	0.0	0.0	0.0	0.0	0.0	0.0	0.0	0.0	0.0	0.0	0.0	0.0	0.0	0.0	0.0	0.0	0.0	0.0	0.0	0.0	0.0	0.0	0.0	0.0	0.0	0.0	0.0	0.0	0.0	0.0	0.0	0.0	0.0	0.0	0.0	0.0	0.0	0.0	0.0	0.0	0.0	0.0	0.0	0.0	0.0	0.0	0.0	0.0	0.0	0.0	0.0	0.0	0.0	0.0	0.0	0.0	0.0	0.0	0.0
ZJH_N6_2_2	0.0	0.0	0.0	0.0	0.0	0.0	0.0	0.0	0.0	0.0	0.0	0.0	0.0	0.0	0.0	0.0	0.0	0.0	0.0	0.0	0.0	0.0	0.0	0.0	0.0	0.0	0.0	20.4696	0.0	12.259016666666668	20.43984	0.0	0.0	0.0	0.0	1.327425	0.0	0.0	0.0	0.29774	0.0	0.0	0.0	0.0	0.0	0.0	0.0	0.0	0.0	0.0	0.0	0.0	0.0	0.0	0.0	1.41427	1.41427	0.0	0.0	0.0	0.0	0.0	1.01728	0.0	0.0	0.0	0.0	0.0	0.0	0.0	0.0	0.0	0.0	0.0	0.0	0.0	0.0	0.0	0.0	0.0	0.0	0.0	0.0	0.0	0.471422	145.2524	35.0371625	0.0	0.0	0.0	0.0	0.0	0.0	0.0	0.0	0.0	0.0	0.0	0.0	1.86088	0.0	2.90297	0.0	0.0	26.18872	2.10899	0.0	0.0	0.0	0.0	0.0	0.0	0.0	0.0	0.0	0.0	0.0	0.0	0.0	0.0	0.0	0.0	0.0	0.0	0.0	0.0	0.0	1.43908	0.0	0.0	0.0	0.0	0.0	0.0	0.0	0.0	0.0	0.0	0.0	0.0	0.0	0.0	0.0	0.0	0.0	0.0	0.0	0.0	0.0	0.0	0.0	0.0	0.0	0.0	0.0	0.0	2.15862	0.0	0.0	0.0	0.0	0.0	0.0	0.0	0.0	0.0	0.0	0.0	0.0	0.0	0.0	0.0	0.0	0.0	32.9499	0.0	0.0	0.0	0.0	0.0	0.0	0.0	0.0	0.0	0.0	0.0	0.0	0.0	0.0	0.0	0.0	0.0	0.0	0.0	0.0	0.0	0.0	0.0	0.0	0.0	0.0	29.286033333333332	18.2118	0.0	0.0	0.0	0.0	0.0	0.0	0.0	0.0	0.0	0.0	0.0	0.0	0.0	0.0	0.0	0.0	0.0	0.0	0.0	0.0	0.0	0.0	0.0	0.0	0.0	0.0	0.0	0.0	0.0	0.0	0.0	0.0	0.0	0.0	0.0	0.0	0.0	31.0642	29.6003	0.0	0.0	0.0	0.0	3.92024	0.0	0.0	0.0
ZJH_N6_2_3	0.0	0.0	0.0	0.0	0.0	0.0	0.0	0.0	0.0	0.0	0.0	0.0	0.0	0.0	0.0	0.0	0.0	0.0	0.0	0.0	0.0	0.0	0.0	0.0	0.0	0.0	0.0	0.0	0.0	0.0	0.0	0.0	0.0	0.0	0.0	0.0	0.0	0.0	0.0	0.0	0.0	0.0	0.0	0.0	0.0	0.0	0.0	0.0	0.0	0.0	0.0	0.0	0.0	0.0	0.0	0.0	0.0	0.0	0.0	0.0	0.0	0.0	0.0	0.0	0.0	0.0	0.0	0.0	0.0	0.0	0.0	0.0	0.0	0.0	0.0	0.0	0.0	0.0	0.0	0.0	0.0	0.0	0.0	0.0	0.0	0.0	0.0	0.0	0.0	0.0	0.0	0.0	0.0	0.0	0.0	0.0	0.0	0.0	0.0	0.0	0.0	0.0	0.0	0.0	0.0	0.0	0.0	0.0	0.0	0.0	0.0	0.0	0.0	0.0	0.0	0.0	0.0	0.0	0.0	0.0	0.0	0.0	0.0	0.0	0.0	0.0	0.0	0.0	0.0	0.0	0.0	0.0	0.0	0.0	0.0	0.0	0.0	0.0	0.0	0.0	0.0	0.0	0.0	0.0	0.0	0.0	0.0	0.0	0.0	0.0	0.0	0.0	0.0	0.0	0.0	0.0	0.0	0.0	0.0	0.0	0.0	0.0	0.0	0.0	0.0	0.0	0.0	0.0	0.0	0.0	0.0	0.0	0.0	0.0	0.0	0.0	0.0	0.0	0.0	0.0	0.0	0.0	0.0	0.0	0.0	0.0	0.0	0.0	0.0	0.0	0.0	0.0	0.0	0.0	0.0	0.0	0.0	0.0	0.0	0.0	0.0	0.0	0.0	0.0	0.0	0.0	0.0	0.0	0.0	0.0	0.0	0.0	0.0	0.0	0.0	0.0	0.0	0.0	0.0	0.0	0.0	0.0	0.0	0.0	0.0	0.0	0.0	0.0	0.0	0.0	0.0	0.0	0.0	0.0	0.0	0.0	0.0	0.0	0.0	0.0	0.0	0.0	0.0	0.0	0.0	0.0	0.0	0.0	0.0	0.0
ZJH_N6_2_4	0.0	0.0	0.0	0.0	0.0	0.0	0.0	0.0	0.0	0.0	0.0	209.989	32.0738	32.088741666666664	0.0	0.0	0.0	0.0	0.0	25.292	0.0	0.0	0.0	0.0	0.0	0.0	209.989	0.897588	16.346075	0.8560327499999999	0.777909	0.0	0.0	0.0	0.0	56.697599999999994	0.0	0.0	0.0	12.426649999999999	0.0	0.0	0.0	0.0	0.0	2.57308	0.0	0.0	0.0	0.0	0.0	0.0	8.53706	0.0	0.0	34.7001	34.6269	0.0	0.0	18.024025	0.0	0.0	27.905	0.0	0.0	0.0	0.0	0.0	42.63545	0.0	0.0	0.0	0.0	5.84429	0.0	22.8985	19.434433333333335	12.6061	83.356	0.0	0.0	0.0	0.0	0.0	0.0	18.088739999999998	2.26890125	0.0	0.0	0.0	0.0	1.49598	0.0	0.0	0.0	0.438821	0.0	0.0	0.0	81.2815	12.267	30.7972	1.9348	0.0	106.93923333333332	55.1119	0.139625	1.55582	1.99464	1.53587	1.43614	57.0666	0.0	0.0	0.0	0.0	0.0	0.0	0.0	0.0	0.0	0.0	0.0	0.0	43.4233	36.41215	61.6742	6.32301	0.0	0.0	0.0	1.6356	1.605685	0.0	0.638285	0.0	0.0	38.091	38.1176	33.2207	0.0	0.0	0.0	11.31955	0.0	0.0	0.0	0.0	0.0	0.0	16.927850000000003	11.4293	0.0	25.507440000000003	84.0142	0.0	288.634	18.2908	0.0	0.0	0.0	0.0	0.0	0.0	0.0	0.0	0.0	0.0	0.0	0.0	76.8535	50.245	14.7204	0.0	1.71539	0.0	6.02381	96.9195	0.0	0.0	0.0	0.0	0.0	0.0	0.0	6.16343	0.0	0.0	0.0	0.0	0.0	166.253	166.203	0.0	0.0	0.0	57.665	0.0	0.0	13.8627	17.3135	193.54666666666665	218.12349999999998	22.679	0.0	0.0	0.0	13.025	0.0	0.757963	0.857695	1.33641	0.977373	1.23668	0.0	1.01727	0.0	0.0	0.0	0.0	0.0	0.0	0.0	0.0	0.0	1.17684	1.17684	0.0	0.0	0.0	0.0	2.43346	0.0	0.0	65.4166875	166.90823125	0.0	0.0	0.0	0.0	2.45341	2.29384	0.0	0.0	2.59303	0.0	31.0765	0.0	0.0	0.0
ZJH_N7_1_2	0.0	0.0	0.0	0.0	0.0	0.0	0.0	0.0	0.0	0.0	0.0	1.46298	0.0	0.0	0.0	0.0	0.0	0.0	0.0	0.0	0.0	0.0	0.0	0.0	2.2201425	0.0	1.46298	45.885075	0.0	30.20935833333333	48.99198	0.0	0.0	0.0	0.0	0.0	0.0	0.0	0.0	0.0	0.0	0.0	0.0	0.0	0.0	0.0	0.0	0.0	0.0	0.0	0.0	0.0	3.15697	0.0	0.0	5.047723333333334	5.15894	0.0	0.0	0.8116991250000001	0.0	1.66832	0.0	0.0	0.0	0.0	0.0	0.0	0.0	0.0	0.0	0.0	0.0	0.0	2.54097	0.0	0.0	0.0	0.0	0.0	0.0	0.0	0.0	0.0	0.0	191.36700000000002	39.436425	0.0	0.0	0.0	0.0	0.0	0.0	0.0	0.590327	0.0	0.0	0.0	0.0	9.52223	2.15598	0.0	3.23396	0.0	53.4759	11.7552	0.230997	0.0	0.0	0.0	0.0	4.08096	0.0	0.0	0.0	0.0	0.0	0.0	0.0	0.0	0.0	0.0	0.0	0.0	0.0	0.0	0.0	0.0	0.0	0.0	0.0	0.0	0.0	0.0	0.769992	0.0	0.0	7.2293650000000005	7.23792	6.840095	0.0	0.0	0.0	0.0	0.0	0.0	0.0	0.0	0.0	0.0	0.0	0.0	0.0	0.0	0.0	0.0	3.82429	3.1313	0.0	0.0	0.0	0.0	0.0	0.0	0.0	0.0	0.0	0.0	0.0	0.0	0.0	2.77197	0.0	0.0	78.1798	0.0	0.0	0.0	0.0	0.0	0.0	0.0	0.0	0.0	0.0	0.0	0.0	0.0	0.0	0.0	0.0	20.5844	20.5844	0.64166	0.0	0.0	2.20731	0.0	0.0	2.20731	0.0	64.80766666666666	49.9468	0.949656	0.0	0.0	0.0	0.0	0.0	0.0	0.0	0.0	0.0	0.0	0.0	0.0	0.0	0.0	0.0	0.0	0.0	0.0	0.0	0.0	0.0	0.0	0.0	0.0	0.0	0.0	0.0	0.0	0.0	0.0	0.0	0.0	0.0	0.0	0.0	0.0	57.698	58.853	0.0	0.0	4.90228	0.0	30.5173	0.0	0.0	0.0
ZJH_N7_1_3	0.0	0.0	0.0	0.0	0.0	0.0	0.0	0.0	0.0	0.0	0.0	0.0	0.0	0.0	0.0	0.0	0.0	0.0	0.0	0.0	0.0	0.0	0.0	0.0	0.0	0.0	0.0	0.0	0.0	0.0	0.0	0.0	0.0	0.0	0.0	0.0	0.0	0.0	0.0	0.0	0.0	0.0	0.0	0.0	0.0	0.0	0.0	0.0	0.0	0.0	0.0	0.0	0.0	0.0	0.0	0.0	0.0	0.0	0.0	0.0	0.0	0.0	0.0	0.0	0.0	0.0	0.0	0.0	0.0	0.0	0.0	0.0	0.0	0.0	0.0	0.0	0.0	0.0	0.0	0.0	0.0	0.0	0.0	0.0	0.0	0.0	0.0	0.0	0.0	0.0	0.0	0.0	0.0	0.0	0.0	0.0	0.0	0.0	0.0	0.0	0.0	0.0	0.0	0.0	0.0	0.0	0.0	0.0	0.0	0.0	0.0	0.0	0.0	0.0	0.0	0.0	0.0	0.0	0.0	0.0	0.0	0.0	0.0	0.0	0.0	0.0	0.0	0.0	0.0	0.0	0.0	0.0	0.0	0.0	0.0	0.0	0.0	0.0	0.0	0.0	0.0	0.0	0.0	0.0	0.0	0.0	0.0	0.0	0.0	0.0	0.0	0.0	0.0	0.0	0.0	0.0	0.0	0.0	0.0	0.0	0.0	0.0	0.0	0.0	0.0	0.0	0.0	0.0	0.0	0.0	0.0	0.0	0.0	0.0	0.0	0.0	0.0	0.0	0.0	0.0	0.0	0.0	0.0	0.0	0.0	0.0	0.0	0.0	0.0	0.0	0.0	0.0	0.0	0.0	0.0	0.0	0.0	0.0	0.0	0.0	0.0	0.0	0.0	0.0	0.0	0.0	0.0	0.0	0.0	0.0	0.0	0.0	0.0	0.0	0.0	0.0	0.0	0.0	0.0	0.0	0.0	0.0	0.0	0.0	0.0	0.0	0.0	0.0	0.0	0.0	0.0	0.0	0.0	0.0	0.0	0.0	0.0	0.0	0.0	0.0	0.0	0.0	0.0	0.0	0.0	0.0	0.0	0.0	0.0	0.0
ZJH_N7_1_4	0.0	0.0	0.0	0.0	0.0	0.0	0.0	0.0	0.0	0.0	0.0	0.0	0.0	0.0	0.0	0.0	0.0	0.0	0.0	0.0	0.0	0.0	0.0	0.0	0.0	0.0	0.0	0.0	0.0	0.0	0.0	0.0	0.0	0.0	0.0	0.0	0.0	0.0	0.0	0.0	0.0	0.0	0.0	0.0	0.0	0.0	0.0	0.0	0.0	0.0	0.0	0.0	0.0	0.0	0.0	0.0	0.0	0.0	0.0	0.0	0.0	0.0	0.0	0.0	0.0	0.0	0.0	0.0	0.0	0.0	0.0	0.0	0.0	0.0	0.0	0.0	0.0	0.0	0.0	0.0	0.0	0.0	0.0	0.0	0.0	0.0	0.0	0.0	0.0	0.0	0.0	0.0	0.0	0.0	0.0	0.0	0.0	0.0	0.0	0.0	0.0	0.0	0.0	0.0	0.0	0.0	0.0	0.0	0.0	0.0	0.0	0.0	0.0	0.0	0.0	0.0	0.0	0.0	0.0	0.0	0.0	0.0	0.0	0.0	0.0	0.0	0.0	0.0	0.0	0.0	0.0	0.0	0.0	0.0	0.0	0.0	0.0	0.0	0.0	0.0	0.0	0.0	0.0	0.0	0.0	0.0	0.0	0.0	0.0	0.0	0.0	0.0	0.0	0.0	0.0	0.0	0.0	0.0	0.0	0.0	0.0	0.0	0.0	0.0	0.0	0.0	0.0	0.0	0.0	0.0	0.0	0.0	0.0	0.0	0.0	0.0	0.0	0.0	0.0	0.0	0.0	0.0	0.0	0.0	0.0	0.0	0.0	0.0	0.0	0.0	0.0	0.0	0.0	0.0	0.0	0.0	0.0	0.0	0.0	0.0	0.0	0.0	0.0	0.0	0.0	0.0	0.0	0.0	0.0	0.0	0.0	0.0	0.0	0.0	0.0	0.0	0.0	0.0	0.0	0.0	0.0	0.0	0.0	0.0	0.0	0.0	0.0	0.0	0.0	0.0	0.0	0.0	0.0	0.0	0.0	0.0	0.0	0.0	0.0	0.0	0.0	0.0	0.0	0.0	0.0	0.0	0.0	0.0	0.0	0.0
ZJH_N7_2_3	0.0	0.0	0.0	0.0	0.0	0.0	0.0	0.0	0.0	0.0	0.0	0.0	0.0	0.0	0.0	0.0	0.0	0.0	0.0	249.1353333333333	167.032	0.0	10.6286805	0.0	0.0	0.0	0.0	0.0	0.0	0.0	0.0	0.0	40.2948	0.0	46.551	0.0	46.3155	45.3065	0.0	0.0	0.0	0.0	0.0	0.0	0.0	0.0	36.1913	64.48966666666666	0.0	48.71853333333333	0.0	0.0	0.0	0.0	0.0	0.0	0.0	0.0	0.0	0.0	0.0	0.0	0.0	0.0	0.0	0.0	0.0	0.0	0.0	0.0	81.6996	0.0	122.398	0.0	0.0	0.0	0.0	0.0	0.0	59.8032	22.6364	69.2546	0.0	0.0	0.0	0.0	0.0	36.8304	32.8278	0.0	35.5859	35.9223	0.0	0.0	0.0	0.0	0.0	14.7658	86.68881666666665	0.0	0.0	0.0	0.0	0.0	119.89957142857143	132.18599999999998	0.0	0.0	0.0	0.0	0.0	0.0	59.8032	195.184	115.70477777777779	0.0	0.0	0.0	0.0	0.0	0.0	55.5988	0.0	34.4087	0.0	0.0	0.0	0.0	99.5262	0.0	0.0	0.0	0.0	12.0077	0.0	90.8484	0.0	0.0	0.0	0.0	0.0	0.0	0.0	0.0	2.102195	0.706337	0.504526	1.0987453333333335	0.42380200000000007	0.0	0.0	0.0	0.0	0.0	0.0	0.0	0.0	63.2003	0.0	0.0	26.8408	25.4618	33.6014	0.0	0.0	31.8188	43.3893	56.82494545454545	155.49096	19.8111	104.32239999999999	91.5715	0.0	0.0	0.0	0.0	0.0	0.0	0.0	0.0	0.0	0.0	0.0	0.0	0.0	0.0	29.868	43.3556	0.0	0.0	61.1822	0.0	0.0	0.0	0.0	0.0	0.0	0.0	0.0	0.0	0.0	124.09700000000001	0.0	5.38161	12.7141	0.0	0.0	0.0	0.0	0.0	0.0	0.0	0.0	0.0	0.0	0.0	0.0	0.0	0.0	0.0	0.0	0.0	0.0	25.4954	19.2393	0.0	0.0	0.0	0.0	0.0	0.0	0.0	0.0	0.0	0.0	0.0	0.0	0.0	0.0	0.0	0.0	0.0	77.1589	40.7321	70.97	0.0	0.0	0.0	0.0	0.0
ZJH_N7_2_4	0.0	0.0	0.0	0.0	0.0	0.0	0.0	0.0	0.0	0.0	0.0	0.0	0.0	0.0	0.0	0.0	0.0	0.0	0.0	269.48466666666667	179.693	0.0	19.6599	0.0	0.0	0.0	0.0	0.0	0.0	0.0	0.0	0.0	42.0734	0.0	47.5662	0.0	49.1356	45.74	15.7793	0.0	0.0	0.0	0.0	0.0	0.0	0.0	38.15	68.6243	0.0	41.15685287878787	0.0	0.0	0.0	0.0	0.0	0.0	0.0	0.0	0.0	0.0	0.0	0.0	0.0	0.0	0.0	0.0	0.0	0.0	0.0	0.0	73.1041	0.0	130.129	0.0	0.0	0.0	0.0	0.0	0.0	55.1848	22.2708	69.2235	0.0	0.0	0.0	0.0	0.0	33.5132	34.6831	0.0	36.11695	37.6364	0.0	0.0	0.0	0.0	0.0	20.209200000000003	82.00438333333334	0.0	0.0	0.0	0.0	0.0	126.24242857142859	126.7055	0.0	0.0	0.0	0.0	0.0	0.0	56.1977	171.974	124.5891111111111	0.0	0.0	0.0	0.0	0.0	0.0	55.1848	0.0	40.8464	0.0	0.0	0.0	0.0	121.469	0.0	0.0	0.0	0.0	15.123	0.0	92.8639	0.0	0.0	0.0	0.0	0.0	0.0	0.0	0.0	0.0	0.0	0.0	0.0	0.0	0.0	0.0	0.0	0.0	0.0	0.0	0.0	0.0	66.4985	0.0	0.0	25.8375	26.5652	39.6623	0.0	0.0	39.8049	39.5339	53.46362727272728	165.14748	19.8739	115.71679999999999	95.43915	0.0	0.0	0.0	0.0	0.0	0.0	0.0	0.0	0.0	0.0	0.0	0.0	0.0	0.0	30.7169	42.0449	0.0	0.0	74.5451	0.0	0.0	0.0	0.0	0.0	0.0	0.0	0.0	0.0	0.0	161.9735	0.0	16.2216	15.9648	0.0	0.0	0.0	182.946	0.0	0.0	0.0	0.0	0.0	0.0	0.0	0.0	0.0	0.0	0.0	0.0	0.0	0.0	23.9329	17.862299999999998	0.0	0.0	0.0	0.0	0.0	0.0	0.0	0.0	0.0	0.0	0.0	0.0	0.0	0.0	0.0	0.0	0.0	119.9	34.8543	72.6476	0.0	0.0	0.0	0.0	0.0
ZJH_N8_1_2	0.0	0.0	0.0	0.0	0.0	0.0	0.0	0.0	0.0	0.0	0.417258	0.0	0.0	0.0	0.0	0.0	0.0	0.0	0.0	0.0	0.0	0.0	0.0	0.0	0.0	0.0	0.0	51.7787	0.0	32.15335833333334	53.46469999999999	0.0	0.0	0.0	0.0	0.687704	0.0	0.0	0.0	0.0	0.0	0.0	0.0	0.0	0.0	0.0	0.0	0.0	0.0	0.0	0.0	0.0	0.185448	0.0	0.0	0.8036090000000001	0.803609	0.0	0.0	0.0	0.0	0.0	0.494529	0.0	0.0	0.0	0.0	0.0	0.0	0.0	0.0	0.0	0.0	0.0	0.0	0.0	0.0	0.0	0.0	0.0	0.0	0.0	0.0	0.0	0.0	43.85335333333333	100.2366625	0.0	0.0	0.0	0.0	0.0	0.0	0.0	0.0	0.0	0.0	0.0	0.0	4.01804	0.324534	0.0	0.0	0.0	56.839995	2.34901	0.0	0.0	0.0	0.0	0.0	1.06633	0.0	0.0	0.0	0.0	0.0	0.0	0.0	0.0	0.0	0.0	0.0	0.0	0.0	0.0	0.0	0.0	0.0	0.0	0.0	0.0	0.0	0.0	0.0	0.0	0.0	1.06633	1.06633	1.06633	0.0	0.0	0.0	0.0	0.0	0.0	0.0	0.0	0.0	0.0	0.0	0.0	0.0	0.0	0.0	0.0	1.06633	0.695431	0.0	0.0	0.0	0.0	0.0	0.0	0.0	0.0	0.0	0.0	0.0	0.0	0.0	0.726339	0.0	0.0	67.3022	0.0	0.0	0.0	0.0	0.0	0.0	0.0	0.0	0.0	0.0	0.0	0.0	0.0	0.0	0.0	0.0	0.0	0.0	0.0	0.0	0.0	0.0	0.0	0.0	0.247264	0.0	62.856500000000004	36.5642	0.0	0.0	0.0	0.0	0.0	0.0	0.0	0.0	0.0	0.0	0.0	0.0	0.0	0.0	0.0	0.0	0.0	0.0	0.0	0.0	0.0	0.0	0.0	0.0	0.0	0.0	0.0	0.0	0.0	0.0	0.0	0.0	0.0	0.0	0.0	0.0	0.0	70.3467	66.5141	0.0	0.0	0.0	0.0	2.54991	0.0	0.0	0.0
ZJH_N8_1_3	0.0	0.0	0.0	0.0	0.0	0.0	0.0	0.0	0.0	0.0	0.0	0.0	0.0	0.0	0.0	0.0	0.0	0.0	0.0	4.218889999999999	0.0	0.0	0.0	0.0	4.5120775	0.0	0.0	0.0	0.0	0.0	0.0	0.0	1.1423	0.0	0.0	3.40405	1.27937	0.0	0.0	1.07376	0.0	0.0	0.0	0.0	0.0	0.0	0.0	0.0	0.0	0.0	0.0	0.0	0.776763	0.0	0.0	3.7467400000000004	3.79243	0.0	0.0	2.60444	0.0	0.0	2.60444	0.0	0.0	0.0	0.0	0.0	2.8329	0.0	1.27937	0.0	0.0	0.731071	0.868147	0.0	0.0	0.0	0.0	0.0	0.0	1.37076	0.0	0.0	0.0	1.0966100000000003	0.0	0.0	0.0	0.0	0.639687	0.0	0.0	0.0	0.0	0.0	0.0	0.0	0.0	9.32115	1.18799	0.0	0.0	0.0	9.59531	8.54439	0.0	0.0	0.0	0.0	0.0	5.43734	0.0	3.06136	0.0	0.0	1.41645	1.50783	1.82768	0.0	0.0	0.0	0.0	1.27937	0.0	0.0	0.0	0.0	0.0	0.0	0.0	0.0	0.0	0.0	0.0	0.0	0.0	5.30026	5.30026	4.500655	0.0	0.0	0.0	0.0	0.0	0.0	0.0	0.0	0.0	0.0	0.0	0.0	0.0	0.0	0.0	0.0	4.47781	2.1246745000000002	0.0	0.0	0.0	0.0	0.0	0.0	0.0	0.0	0.0	0.0	2.7798976	0.0	1.7362899999999997	2.2389033333333335	0.0	0.0	0.0	0.0	0.0	0.0	0.0	0.0	0.0	0.0	0.0	0.0	0.0	0.0	0.685379	0.0	0.868147	1.347915	0.0	0.0	0.0	0.0	0.0	0.0	0.0	0.868147	0.0	1.64491	0.0	12.56527	18.094	0.959531	0.0	0.0	0.0	0.0	0.0	0.0	0.0	0.0	0.0	0.0	0.0	0.0	0.0	0.0	0.0	0.0	0.0	0.0	0.0	0.0	0.456919	0.0	0.0	0.0	0.0	0.0	0.0	0.0	0.0	0.0	0.0	0.0	0.0	0.0	0.0	0.0	0.0	0.0	1.82768	0.0	1.46214	0.0	12.4282	0.0	0.0	0.0
ZJH_N8_1_4	0.0	0.0	0.0	0.0	0.0	0.0	0.0	0.0	0.0	0.0	0.0	0.0	0.0	0.0	0.0	0.0	0.0	0.0	0.0	0.0	0.0	0.0	0.0	0.0	0.0	0.0	0.0	0.0	0.0	0.0	0.0	0.0	0.0	0.0	0.0	0.0	0.0	0.0	0.0	0.0	0.0	0.0	0.0	0.0	0.0	0.0	0.0	0.0	0.0	0.0	0.0	0.0	0.0	0.0	0.0	0.0	0.0	0.0	0.0	0.0	0.0	0.0	0.0	0.0	0.0	0.0	0.0	0.0	0.0	0.0	0.0	0.0	0.0	0.0	0.0	0.0	0.0	0.0	0.0	0.0	0.0	0.0	0.0	0.0	0.0	0.0	0.0	0.0	0.0	0.0	0.0	0.0	0.0	0.0	0.0	0.0	0.0	0.0	0.0	0.0	0.0	0.0	0.0	0.0	0.0	0.0	0.0	0.0	0.0	0.0	0.0	0.0	0.0	0.0	0.0	0.0	0.0	0.0	0.0	0.0	0.0	0.0	0.0	0.0	0.0	0.0	0.0	0.0	0.0	0.0	0.0	0.0	0.0	0.0	0.0	0.0	0.0	0.0	0.0	0.0	0.0	0.0	0.0	0.0	0.0	0.0	0.0	0.0	0.0	0.0	0.0	0.0	0.0	0.0	0.0	0.0	0.0	0.0	0.0	0.0	0.0	0.0	0.0	0.0	0.0	0.0	0.0	0.0	0.0	0.0	0.0	0.0	0.0	0.0	0.0	0.0	0.0	0.0	0.0	0.0	0.0	0.0	0.0	0.0	0.0	0.0	0.0	0.0	0.0	0.0	0.0	0.0	0.0	0.0	0.0	0.0	0.0	0.0	0.0	0.0	0.0	0.0	0.0	0.0	0.0	0.0	0.0	0.0	0.0	0.0	0.0	0.0	0.0	0.0	0.0	0.0	0.0	0.0	0.0	0.0	0.0	0.0	0.0	0.0	0.0	0.0	0.0	0.0	0.0	0.0	0.0	0.0	0.0	0.0	0.0	0.0	0.0	0.0	0.0	0.0	0.0	0.0	0.0	0.0	0.0	0.0	0.0	0.0	0.0	0.0
ZJH_N8_2_2	0.0	0.0	0.0	0.0	0.0	0.0	0.0	0.0	0.0	0.0	0.0	0.0	0.0	0.0	0.0	0.0	0.0	0.0	0.0	0.0	0.0	0.0	0.0	0.0	0.0	0.0	0.0	77.1185	0.0	47.410725000000006	87.7311	0.0	0.0	0.0	0.0	0.0	0.0	0.0	0.0	0.0	0.0	0.0	0.0	0.0	0.0	0.0	0.0	0.0	0.0	0.0	0.0	0.0	0.0	0.0	0.0	0.0	0.0	0.0	0.0	0.0	0.0	0.0	0.0	0.0	0.0	0.0	0.0	0.0	0.0	0.0	0.0	0.0	0.0	0.0	0.0	0.0	0.0	0.0	0.0	0.0	0.0	0.0	0.0	0.0	0.0	9.357327999999999	151.0045	0.0	0.0	0.0	0.0	0.0	0.0	0.0	0.0	0.0	0.0	0.0	0.0	3.33171	0.0	0.0	0.0	0.0	84.83662000000001	1.65057	0.0	0.0	0.0	0.0	0.0	0.0	0.0	0.0	0.0	0.0	0.0	0.0	0.0	0.0	0.0	0.0	0.0	0.0	0.0	0.0	0.0	0.0	0.0	0.0	0.0	0.0	0.0	0.0	0.0	0.0	0.0	0.0	0.0	0.0	0.0	0.0	0.0	0.0	0.0	0.0	0.0	0.0	0.0	0.0	0.0	0.0	0.0	0.0	0.0	0.0	0.0	0.0	0.0	0.0	0.0	0.0	0.0	0.0	0.0	0.0	0.0	0.0	0.0	0.0	0.0	0.0	0.0	0.0	121.287	0.0	0.0	0.0	0.0	0.0	0.0	0.0	0.0	0.0	0.0	0.0	0.0	0.0	0.0	0.0	0.0	0.0	0.0	0.0	0.0	0.0	0.0	0.0	0.0	0.0	0.0	249.084	0.0	0.0	0.0	0.0	0.0	0.0	0.0	0.0	0.0	0.0	0.0	0.0	0.0	0.0	0.0	0.0	0.0	0.0	0.0	0.0	0.0	0.0	0.0	0.0	0.0	0.0	0.0	0.0	0.0	0.0	0.0	0.0	0.0	0.0	0.0	0.0	0.0	0.0	127.186	129.203	0.0	0.0	0.0	0.0	2.81209	0.0	0.0	0.0
ZJH_N8_2_3	0.0	0.0	0.0	0.0	0.0	0.0	0.0	0.0	0.0	0.0	0.0	0.0	0.0	0.0	0.0	0.0	0.0	0.0	0.0	0.0	0.0	0.0	0.0	0.0	0.0	0.0	0.0	5.92743	0.0	3.3518175000000006	6.668350000000001	0.0	0.0	0.0	0.0	0.0	0.0	0.0	0.0	0.952622	0.0	0.0	0.0	0.0	0.0	0.0	0.0	0.0	0.0	0.0	0.0	0.0	0.0	0.0	0.0	0.0	0.0	0.0	0.0	0.0	0.0	0.0	0.0	0.0	0.0	0.0	0.0	0.0	0.0	0.0	0.0	0.0	0.0	0.0	0.0	0.0	0.0	0.0	0.0	0.0	0.0	0.0	0.0	0.0	0.0	38.18252	8.203135	0.0	0.0	0.0	0.0	0.0	0.0	0.0	0.0	0.0	0.0	0.0	0.0	0.0	0.0	0.0	0.0	0.0	0.0	0.0	0.0	0.0	0.0	0.0	0.0	0.0	0.0	0.0	0.0	0.0	0.0	0.0	0.0	0.0	0.0	0.0	0.0	0.0	0.0	0.0	0.0	0.0	0.0	0.0	0.0	0.0	0.0	0.0	0.0	0.0	0.0	0.0	0.0	0.0	0.0	0.0	0.0	0.0	0.0	0.0	0.0	0.0	0.0	0.0	0.0	0.0	0.0	0.0	0.0	0.0	0.0	0.0	0.0	0.0	0.0	0.0	0.0	0.0	0.0	0.0	0.0	0.0	0.0	0.0	0.0	0.0	0.0	0.0	3.3871	0.0	0.0	0.0	0.0	0.0	0.0	0.0	0.0	0.0	0.0	0.0	0.0	0.0	0.0	0.0	0.0	0.0	0.0	0.0	0.0	0.0	0.0	0.0	0.0	0.0	0.0	12.631066666666667	12.7016	0.0	0.0	0.0	0.0	0.0	0.0	0.0	0.0	0.0	0.0	0.0	0.0	0.0	0.0	0.0	0.0	0.0	0.0	0.0	0.0	0.0	0.0	0.0	0.0	0.0	0.0	0.0	0.0	0.0	0.0	0.0	0.0	0.0	0.0	0.0	0.0	0.0	10.2671	7.51513	0.0	0.0	0.0	0.0	11.3256	0.0	0.0	0.0
ZJH_N8_2_4	0.0	0.0	0.0	0.0	0.0	0.0	0.0	0.0	0.0	0.0	0.0	1.37167	0.475511	0.475511	0.0	0.0	0.0	0.0	0.0	0.0	0.0	0.0	0.0	0.0	8.60492	0.0	1.37167	0.0	0.0	0.0	0.0	0.0	0.0	0.0	0.0	77.3803	0.0	0.0	0.0	0.0	0.0	0.0	0.0	0.0	0.0	0.0	0.0	0.0	0.0	0.0	0.0	0.0	29.5	0.0	0.0	113.641	113.903	0.0	0.0	8.02425375	0.0	4.04185	27.9271	0.0	0.0	0.0	0.0	0.0	17.60304	0.0	0.0	0.0	0.0	0.0	21.4346	0.347489	0.256045	0.1646	0.9876	0.0	0.0	0.0	0.0	0.0	0.0	1.8959473333333332	0.0	0.0	0.0	0.0	0.0	0.0	0.0	0.0	22.24845	0.0	0.0	0.0	0.0	125.242	28.8599	85.6286	51.8124	0.0	134.222	119.335	3.292	0.0	0.0	0.0	0.0	101.668	0.0	0.0	0.0	0.0	0.0	0.0	0.0	0.0	0.0	0.0	0.0	0.0	1.04247	0.8961555	1.1522	0.0	0.0	0.0	0.0	0.0	0.0	0.0	5.24891	0.0	0.0	109.22133333333333	109.3725	94.05975000000001	0.0	0.0	0.0	0.0	0.0	0.0	0.0	0.0	0.0	0.0	9.053001666666667	0.0	0.0	10.42464	1.70087	0.0	21.2334	47.039	0.0	0.0	0.0	0.0	0.0	0.0	0.0	0.0	0.0	0.0	0.0	0.0	7.7362	80.1054	53.1658	0.0	0.0	0.0	0.0	2.08493	0.0	0.0	0.0	0.0	0.0	0.0	0.0	14.9786	0.0	0.0	0.0	0.0	0.0	140.952	140.94299999999998	0.0	0.0	0.0	41.4975	0.0	0.0	37.4374	0.0	168.37353333333334	160.3205	19.0936	0.0	0.0	0.0	0.0	0.0	0.0	0.0	0.0	0.0	0.0	0.0	0.0	0.0	0.0	0.0	0.0	0.0	0.0	0.0	0.0	0.0	0.0	0.0	0.0	0.0	0.0	0.0	0.0	0.0	0.0	0.97617025	3.0923466666666664	0.0	0.0	0.0	0.0	0.0	0.0	0.0	0.0	75.1491	1.6764833333333333	96.6202	0.0	0.0	0.0
ZJH_N9_1_2	0.0	0.0	0.0	0.0	0.0	0.0	0.0	0.0	0.0	0.0	0.0	0.0	0.0	0.0	0.0	0.0	0.0	0.0	0.0	0.0	0.0	0.0	0.0	0.0	0.0	0.0	0.0	0.0	0.0	0.0	0.0	0.0	0.0	0.0	0.0	0.0	0.0	0.0	0.0	0.0	0.0	0.0	0.0	0.0	0.0	0.0	0.0	0.0	0.0	0.0	0.0	0.0	0.0	0.0	0.0	0.0	0.0	0.0	0.0	0.0	0.0	0.0	0.0	0.0	0.0	0.0	0.0	0.0	0.0	0.0	0.0	0.0	0.0	0.0	0.0	0.0	0.0	0.0	0.0	0.0	0.0	0.0	0.0	0.0	0.0	1.6469820000000002	0.0	0.0	0.0	0.0	0.0	0.0	0.0	0.0	0.0	0.0	0.0	0.0	0.0	0.0	0.0	0.0	0.0	0.0	0.0	0.0	0.0	0.0	0.0	0.0	0.0	0.0	0.0	0.0	0.0	0.0	0.0	0.0	0.0	0.0	0.0	0.0	0.0	0.0	0.0	0.0	0.0	0.0	0.0	0.0	0.0	0.0	0.0	0.0	0.0	0.0	0.0	0.0	0.0	0.0	0.0	0.0	0.0	0.0	0.0	0.0	0.0	0.0	0.0	0.0	0.0	0.0	0.0	0.0	0.0	0.0	0.0	0.0	0.0	0.0	0.0	0.0	0.0	0.0	0.0	0.0	0.0	0.0	0.0	0.0	0.0	0.0	0.0	0.0	0.0	0.0	0.0	0.0	0.0	0.0	0.0	0.0	0.0	0.0	0.0	0.0	0.0	0.0	0.0	0.0	0.0	0.0	0.0	0.0	0.0	0.0	0.0	0.0	0.0	0.0	0.0	0.0	0.0	0.0	0.0	0.0	0.0	0.0	0.0	0.0	0.0	0.0	0.0	0.0	0.0	0.0	0.0	0.0	0.0	0.0	0.0	0.0	0.0	0.0	0.0	0.0	0.0	0.0	0.0	0.0	0.0	0.0	0.0	0.0	0.0	0.0	0.0	0.0	0.0	0.0	0.0	0.0	0.0	0.0	0.0	0.0	0.0	0.0	0.0	0.0
ZJH_N9_1_3	0.0	0.0	0.0	0.0	0.0	0.0	0.0	0.0	0.0	0.0	0.0	0.0	0.0	0.0	0.0	0.0	0.0	0.0	0.0	0.0	0.0	0.0	0.0	0.0	0.0	0.0	0.0	0.0	0.0	0.0	0.0	0.0	0.0	0.0	0.0	0.0	0.0	0.0	0.0	0.0	0.0	0.0	0.0	0.0	0.0	0.0	0.0	0.0	0.0	0.0	0.0	0.0	0.0	0.0	0.0	0.0	0.0	0.0	0.0	0.0	0.0	0.0	0.0	0.0	0.0	0.0	0.0	0.0	0.0	0.0	0.0	0.0	0.0	0.0	0.0	0.0	0.0	0.0	0.0	0.0	0.0	0.0	0.0	0.0	0.0	1.6555220000000002	0.0	0.0	0.0	0.0	0.0	0.0	0.0	0.0	0.0	0.0	0.0	0.0	0.0	0.0	0.0	0.0	0.0	0.0	0.0	0.0	0.0	0.0	0.0	0.0	0.0	0.0	0.0	0.0	0.0	0.0	0.0	0.0	0.0	0.0	0.0	0.0	0.0	0.0	0.0	0.0	0.0	0.0	0.0	0.0	0.0	0.0	0.0	0.0	0.0	0.0	0.0	0.0	0.0	0.0	0.0	0.0	0.0	0.0	0.0	0.0	0.0	0.0	0.0	0.0	0.0	0.0	0.0	0.0	0.0	0.0	0.0	0.0	0.0	0.0	0.0	0.0	0.0	0.0	0.0	0.0	0.0	0.0	0.0	0.0	0.0	0.0	0.0	0.0	0.0	0.0	0.0	0.0	0.0	0.0	0.0	0.0	0.0	0.0	0.0	0.0	0.0	0.0	0.0	0.0	0.0	0.0	0.0	0.0	0.0	0.0	0.0	0.0	0.0	0.0	0.0	0.0	0.0	0.0	0.0	0.0	0.0	0.0	0.0	0.0	0.0	0.0	0.0	0.0	0.0	0.0	0.0	0.0	0.0	0.0	0.0	0.0	0.0	0.0	0.0	0.0	0.0	0.0	0.0	0.0	0.0	0.0	0.0	0.0	0.0	0.0	0.0	0.0	0.0	0.0	0.0	0.0	0.0	0.0	0.0	0.0	0.0	0.0	0.0	0.0
ZJH_N9_2_2	0.0	0.0	0.0	0.0	0.0	0.0	0.0	0.0	0.0	0.0	0.0	5.7388900000000005	0.0	0.0	0.0	0.0	0.0	0.0	0.0	0.0	0.0	0.0	0.0	0.0	4.6747975	0.0	5.7388900000000005	0.956481	0.0	0.717361	1.53037	0.0	0.0	0.0	0.0	19.918750000000003	0.0	0.0	0.0	2.702055	0.0	0.0	0.0	0.0	0.0	0.0	0.0	0.0	0.0	0.0	0.0	0.0	5.35629	0.0	0.0	21.64833333333333	21.8556	0.0	0.0	10.610925	0.0	2.96509	6.83884	0.0	0.0	0.0	0.0	0.0	11.143	1.09995	0.0	0.0	0.0	0.0	4.44764	0.0	0.0	0.0	0.0	0.0	0.0	0.0	0.0	0.0	8.410198571428571	456.55379999999997	2.0205650000000004	0.0	0.0	0.0	0.0	0.0	0.0	0.0	2.00861	0.0	0.0	0.0	0.0	41.9417	7.3649	38.7375	5.64324	0.0	50.7891	41.1765	0.286944	0.0	0.0	0.0	0.0	26.1598	0.0	0.0	0.0	0.0	0.0	0.0	0.0	0.0	0.0	0.0	0.0	0.0	0.0	0.0	0.0	0.0	0.0	0.0	0.0	0.0	0.0	0.0	4.63893	0.0	0.0	36.513666666666666	36.5854	33.2138	0.0	0.0	0.0	0.0	0.0	0.0	0.0	0.0	0.0	0.0	0.0	0.0	0.0	0.0	0.0	0.0	41.7504	14.5863	0.0	0.0	0.0	0.0	0.0	0.0	0.0	0.0	0.0	0.0	0.0	0.0	0.0	17.5514	16.1167	0.0	2.00861	0.0	0.0	0.0	0.0	0.0	0.0	0.0	0.0	0.0	0.0	0.0	0.0	0.0	0.0	0.0	0.0	22.2382	22.2382	0.669537	0.0	0.0	1.67384	0.0	0.0	10.0909	2.63032	55.93816666666667	76.9489	3.92157	0.0	0.0	0.0	0.0	0.0	0.0	0.0	0.0	0.0	0.0	0.0	0.0	0.0	0.0	0.0	0.0	0.0	0.0	0.0	0.0	0.0	0.0	0.0	0.0	0.0	0.0	0.0	0.0	0.0	0.0	0.0	0.0	0.0	0.0	0.0	0.0	0.0	0.0	4.39981	0.0	12.0038	0.0	55.3324	0.0	0.0	0.0
ZJH_N9_2_4	5.0546	3.17556	0.0	12.0822	0.0	5.12976	0.0	0.0	0.0	0.0	0.0	0.0	3.8896	3.8896	0.0	0.0	0.0	0.0	0.0	258.70533333333333	175.614	0.0	18.9406	0.0	0.0	0.0	0.0	0.0	0.0	0.0	0.0	0.0	48.6294	0.0	46.4497	0.620081	48.3287	46.7127	0.0	0.0	0.0	0.0	0.0	0.0	0.0	0.0	19.97412	58.531842499999996	0.0	48.942028	0.0	0.0	0.0	0.0	0.0	0.0	0.0	0.0	0.0	0.0	0.0	0.0	0.0	0.0	0.0	0.0	29.8954	0.0	5.176735	0.0	81.55	0.0	135.008	0.0	0.0	2.83734	2.36758	1.54081	9.78976	59.555949999999996	23.4127	72.6622	0.0	0.0	0.0	0.0	0.0	32.2254	34.95	0.0	38.89595	38.1444	0.0	0.0	0.0	0.0	0.0	24.446199999999997	73.21514428571429	5.41161	0.732823	0.0	0.0	1.08984	92.02559	141.942	0.0	0.0	0.0	0.0	0.0	0.0	54.6798	174.9	122.86788888888888	0.0	0.0	0.0	0.0	0.0	0.0	50.5648	24.4086	39.3657	2.5085075000000003	4.21843	6.12565	0.0	110.506	25.9119	1.24955375	0.0	0.0	14.5249	0.0	91.0015	0.0	0.0	0.0	0.0	0.0	0.0	0.0	0.0	0.0	0.0	0.0	0.0	0.0	0.0	0.0	0.0	0.0	0.0	10.513200000000001	0.0	0.0	63.361	0.0	0.0	25.5924	26.9077	36.6975	0.0	0.0	39.0275	44.2324	60.85162727272727	165.03168000000002	20.9136	81.61327750000001	69.15483333333333	0.0	0.0	0.0	0.0	0.0	12.6647	0.0	0.0	0.0	0.0	0.0	0.0	0.0	0.0	31.1544	39.4597	2.83734	5.825	68.7162	0.751613	0.751613	0.0	0.0	0.0	0.0	0.0	0.0	0.0	0.0	89.8241	43.4056	16.5543	18.283	0.0	0.0	0.0	178.151	0.0	0.0	0.0	0.0	0.0	0.0	0.0	0.0	0.0	0.0	0.0	0.0	0.0	0.0	26.5695	17.6629	0.0	0.0	0.0	0.0	0.0	0.0	0.0	0.0	0.0	6.7292812500000005	21.33257777777778	0.0	0.0	0.0	0.0	0.0	0.0	124.035	37.7498	77.1531	0.0	0.807984	0.0	0.0	1.65355
ZJH_N10_1_2	0.0	0.0	0.0	0.0	0.0	0.0	0.0	0.0	0.0	0.0	0.0	0.0	0.0	0.0	0.0	0.0	0.0	0.0	0.0	0.0	0.0	0.0	0.0	0.0	0.0	0.0	0.0	0.0	0.0	0.0	0.729261	0.0	0.0	0.0	0.0	0.0	0.0	0.0	0.0	0.0	0.0	0.0	0.0	0.0	0.0	0.0	0.0	0.0	0.0	0.0	0.0	0.0	0.0	0.0	0.0	0.0	0.0	0.0	0.0	0.0	0.0	0.0	0.0	0.0	0.0	0.0	0.0	0.0	0.0	0.0	0.0	0.0	0.0	0.0	0.0	0.0	0.0	0.0	0.0	0.0	0.0	0.0	0.0	0.0	0.0	0.0	0.0	0.0	0.0	0.0	0.0	0.0	0.0	0.0	0.0	0.0	0.0	0.0	0.0	0.0	0.0	0.0	0.0	0.0	0.0	0.0	0.0	0.0	0.0	0.0	0.0	0.0	0.0	0.0	0.0	0.0	0.0	0.0	0.0	0.0	0.0	0.0	0.0	0.0	0.0	0.0	0.0	0.0	0.0	0.0	0.0	0.0	0.0	0.0	0.0	0.0	0.0	0.0	0.0	0.0	0.0	0.0	0.0	0.0	0.0	0.0	0.0	0.0	0.0	0.0	0.0	0.0	0.0	0.0	0.0	0.0	0.0	0.0	0.0	0.0	0.0	0.0	0.0	0.0	0.0	0.0	0.0	0.0	0.0	0.0	0.0	0.0	0.0	0.0	0.0	0.0	0.0	0.0	0.0	0.0	0.0	0.0	0.0	0.0	0.0	0.0	0.0	0.0	0.0	0.0	0.0	0.0	0.0	0.0	0.0	0.0	0.0	0.0	0.0	0.0	0.0	0.0	0.0	0.0	0.0	0.0	0.0	0.0	0.0	0.0	0.0	0.0	0.0	0.0	0.0	0.0	0.0	0.0	0.0	0.0	0.0	0.0	0.0	0.0	0.0	0.0	0.0	0.0	0.0	0.0	0.0	0.0	0.0	0.0	0.0	0.0	0.0	0.0	0.0	0.0	0.0	0.0	0.0	0.0	0.0	0.0	0.0	0.0	0.0	0.0
ZJH_N10_1_4	0.0	0.0	0.0	0.0	0.0	0.0	0.0	0.0	0.0	0.0	0.0	0.0	0.0	0.0	0.0	0.0	0.0	0.0	0.0	0.0	0.0	0.0	0.0	0.0	0.0	0.0	0.0	0.0	0.0	0.0	0.0	0.0	0.0	0.0	0.0	0.0	0.0	0.0	0.0	0.0	0.0	0.0	0.0	0.0	0.0	0.0	0.0	0.0	0.0	0.0	0.0	0.0	0.0	0.0	0.0	0.0	0.0	0.0	0.0	0.0	0.0	0.0	0.0	0.0	0.0	0.0	0.0	0.0	0.0	0.0	0.0	0.0	0.0	0.0	0.0	0.0	0.0	0.0	0.0	0.0	0.0	0.0	0.0	0.0	0.0	0.0	0.0	0.0	0.0	0.0	0.0	0.0	0.0	0.0	0.0	0.0	0.0	0.0	0.0	0.0	0.0	0.0	0.0	0.0	0.0	0.0	0.0	0.0	0.0	0.0	0.0	0.0	0.0	0.0	0.0	0.0	0.0	0.0	0.0	0.0	0.0	0.0	0.0	0.0	0.0	0.0	0.0	0.0	0.0	0.0	0.0	0.0	0.0	0.0	0.0	0.0	0.0	0.0	0.0	0.0	0.0	0.0	0.0	0.0	0.0	0.0	0.0	0.0	0.0	0.0	0.0	0.0	0.0	0.0	0.0	0.0	0.0	0.0	0.0	0.0	0.0	0.0	0.0	0.0	0.0	0.0	0.0	0.0	0.0	0.0	0.0	0.0	0.0	0.0	0.0	0.0	0.0	0.0	0.0	0.0	0.0	0.0	0.0	0.0	0.0	0.0	0.0	0.0	0.0	0.0	0.0	0.0	0.0	0.0	0.0	0.0	0.0	0.0	0.0	0.0	0.0	0.0	0.0	0.0	0.0	0.0	0.0	0.0	0.0	0.0	0.0	0.0	0.0	0.0	0.0	0.0	0.0	0.0	0.0	0.0	0.0	0.0	0.0	0.0	0.0	0.0	0.0	0.0	0.0	0.0	0.0	0.0	0.0	0.0	0.0	0.0	0.0	0.0	0.0	0.0	0.0	0.0	0.0	0.0	0.0	0.0	0.0	0.0	0.0	0.0
ZJH_N10_2_2	0.0	0.0	0.0	0.0	0.0	0.0	0.0	0.0	0.0	0.0	11.5045	2.23147	0.0	0.0	2.0992372222222224	1.93394	1.98353	2.23147	0.0	0.0	0.0	0.0	0.0	3.4711800000000004	0.0	0.0	2.23147	6.29771	0.0	1.632278333333333	5.95059	0.0	0.0	0.0	0.0	10.0168	0.0	0.0	0.0	2.80174	0.0	0.0	0.0	0.0	0.0	0.0	0.0	0.0	0.0	0.0	0.0	0.0	1.09094	0.0	3.4672164	9.686246666666667	9.76889	0.0	1.5149221	5.87001625	0.0	0.0	4.76048	0.0	0.0	0.0	0.0	0.0	0.0	4.16542	0.0	0.0	0.0	0.0	2.33065	0.0	0.0	0.0	0.0	0.0	0.0	0.0	0.0	0.0	0.0	762.6978666666668	50.3259375	0.0	0.0	0.0	0.0	0.0	0.0	0.0	0.0	0.0	0.0	0.0	0.0	15.7691	2.42983	0.0	0.0	0.0	41.1087	13.736	0.0	0.0	0.0	0.0	0.0	11.5541	0.0	0.0	0.0	0.0	0.0	0.0	0.0	0.0	0.0	0.0	0.0	0.0	0.0	0.0	0.0	0.0	0.0	0.0	0.0	0.0	0.0	0.0	0.0	0.0	0.0	9.28954	9.3226	7.7109749999999995	0.0	0.0	2.8005557142857143	0.0	0.0	0.0	0.0	0.6033238333333334	0.0	0.0	0.0	0.0	0.0	0.0	0.0	2.03312	18.1493	5.75224	0.0	0.0	0.0	0.0	0.0	0.0	0.0	0.0	0.0	0.0	0.0	0.0	7.04154	7.98371	0.0	4.925771666666667	50.6792	0.0	0.0	0.0	0.0	0.0	0.0	0.0	0.0	0.0	0.0	0.0	0.0	0.0	2.057915	0.0	0.0	2.33065	2.33065	0.0	0.6198535000000001	0.942177	0.0	0.0	0.0	3.96706	21.2734	64.91106666666667	86.3332	3.66953	0.0	0.0	0.0	0.0	0.0	0.0	0.0	0.0	0.0	0.0	0.0	0.0	0.0	0.0	0.0	0.0	0.0	0.0	0.0	0.0	0.0	0.0	0.0	3.7643978260869564	0.0	0.0	0.0	0.0	0.0	0.0	0.0	0.0	0.0	0.0	0.0	0.0	0.0	0.0	9.81848	0.0	0.0	0.0	36.7449	0.0	0.0	0.0
ZJH_N10_2_3	0.0	0.0	0.0	0.0	0.0	0.0	0.0	0.0	0.5795455	0.0	0.0	0.0	0.0	0.0	23.36635263157895	14.1989	19.6321	23.123849999999997	0.0	236.53166666666667	176.616	22.1966	0.0	0.0	0.0	0.0	0.0	39.684349999999995	0.0	0.0	36.26214	0.0	44.2193	49.63803333333333	91.4522	0.0	95.8858	80.4119	14.768766666666666	0.0	15.1261	0.0	24.3699	20.5739	0.0	0.0	27.3256	53.3761	0.0	0.0	0.0	0.0	0.0	0.0	0.0	0.0	0.0	22.017284375	0.0	0.0	0.0	0.0	0.0	71.4	0.0	0.0	0.0	0.0	0.0	0.0	56.4767	0.0	97.9142	0.0	0.0	0.0	0.0	0.0	0.0	50.15966666666666	17.4733	62.8807	0.0	0.0	0.0	0.0	0.0	24.6886	25.471	0.0	40.11905	28.4267	16.4881	14.8364	0.0	0.0	5.04204	0.0	76.74145	0.0	0.0	2.02841	0.0	0.0	90.387225	66.58975733333334	0.0	0.0	0.0	0.0	0.0	0.0	0.0	0.0	0.0	0.0	54.3903	39.5829	71.2551	0.0	77.717	41.8142	58.3602	40.5392	0.0	0.0	0.0	0.0	95.8278	39.8437	0.0	0.0	0.0	0.0	0.0	72.3852	0.0	0.0	0.0	0.0	0.0	0.0	0.0	0.0	13.213633333333334	4.382815	1.9221599999999999	1.4971566666666665	2.0747720000000003	5.563635	0.0	0.0	0.0	0.0	0.0	0.0	0.0	55.4045	0.0	0.0	0.0	0.0	0.0	0.0	41.5244	43.379	37.1488	50.3335	137.3076153846154	16.4011	91.79996	72.84885	0.0	0.0	0.0	0.0	0.0	0.0	64.0108	36.5983	15.329	36.0187	8.75113	28.7454	41.5534	0.0	26.8329	53.7238	35.9608	42.68355	57.346	1.36193	1.36193	0.0	0.0	0.0	0.0	26.746	0.0	0.0	0.0	78.73125999999999	0.0	11.3301	19.8204	23.1528	0.0	0.0	0.0	0.0	0.0	0.0	0.0	0.0	0.0	0.0	208.868	41.1767	43.9585	11.533	83.5415	58.3892	52.188	17.2704	15.1841	0.0	0.0	0.0	37.474269230769224	0.0	0.0	0.0	45.952645454545454	0.0	0.0	0.0	0.0	0.0	0.0	0.0	0.0	0.0	95.6829	26.4562	59.838	0.0	3.62216	71.4289	70.125	0.0
ZJH_N10_2_4	0.0	0.0	0.0	0.0	0.0	0.0	0.0	0.0	0.0	0.0	0.0	0.0	0.0	0.0	10.9651555	7.42649	9.435514999999999	11.21595	0.0	230.75233333333335	178.471	25.6048	0.0	0.0	0.0	0.0	0.0	14.3958	0.0	0.0	13.342700000000002	0.0	53.6619	21.2819	61.3933	0.0	65.6884	51.6529	10.123676666666666	0.0	6.45661	0.0	15.5873	13.4259	0.0	0.0	29.4704	43.15956666666667	0.0	0.0	0.0	0.0	0.0	0.0	0.0	0.0	0.0	24.397675757575758	0.0	0.0	0.0	0.0	0.0	75.7474	0.0	0.0	0.0	0.0	0.0	0.0	79.6685	0.0	125.267	0.0	0.0	0.0	0.0	0.0	0.0	64.66773333333333	17.3885	71.5354	0.0	0.0	0.0	0.0	0.0	23.2216	26.1728	0.0	45.53575	36.7861	24.0599	22.5843	0.0	0.0	7.717454999999999	0.0	77.16995	0.0	0.0	0.0	0.0	0.0	103.64625714285715	124.255	0.0	0.0	0.0	0.0	0.0	0.0	0.0	0.0	0.0	0.0	24.5518	18.7463	34.7355	0.0	40.2638	48.5077	61.9752	43.9355	0.0	0.0	0.0	0.0	96.586	37.7698	0.0	0.0	0.0	0.0	0.0	72.727	0.0	0.0	0.0	0.0	0.0	0.0	0.0	0.0	0.0	0.0	0.0	0.0	0.0	4.66234	0.0	0.0	0.0	0.0	0.0	0.0	0.0	61.4071	0.0	0.0	0.0	0.0	0.0	0.0	39.1969	45.7505	42.1065	58.273281818181815	140.09834615384614	21.3096	110.23319999999998	85.564	0.0	0.0	0.0	0.0	0.0	0.0	26.1174	14.0632	5.94396	14.7699	5.34818	10.4608	20.9632	0.0	26.2006	52.4842	29.8168	45.29325	59.1625	0.0	0.0	0.0	0.0	0.0	0.0	28.1542	0.0	0.0	0.0	158.9495	0.0	16.2247	17.3054	26.6716	0.0	0.0	0.0	0.0	0.0	0.0	0.0	0.0	0.0	0.0	156.039	24.0253	23.3741	4.84939	34.4722	40.4578	32.3246	24.2608	14.665949999999999	0.0	0.0	0.0	15.689653846153846	0.0	0.0	0.0	20.9632	0.0	0.0	0.0	0.0	0.0	0.0	0.0	0.0	0.0	105.426	34.0011	76.4679	0.0	0.0	71.674	73.7107	0.0
ZJH_N11_1_2	0.0	0.0	0.0	0.0	0.0	0.0	0.0	0.0	0.0	0.0	0.0	0.0	0.0	0.0	0.0	0.0	0.0	0.0	0.0	0.0	0.0	0.0	0.0	0.0	0.0	0.0	0.0	0.0	0.0	0.0	0.0	0.0	0.0	0.0	0.0	1.108835	0.0	0.0	0.0	0.203924	0.0	0.0	0.0	0.0	0.0	0.0	0.0	0.0	0.0	0.0	0.0	0.0	0.0	0.0	0.0	0.0	0.0	0.0	0.0	0.0	0.0	0.0	0.0	0.0	0.0	0.0	0.0	0.0	0.0	0.0	0.0	0.0	0.0	0.0	0.305886	0.0	0.0	0.0	0.0	0.0	0.0	0.0	0.0	0.0	0.0	1.718056	0.0	0.0	0.0	0.0	0.0	0.0	0.0	0.0	0.0	0.0	0.0	0.0	0.0	2.57454	0.0	0.0	0.0	0.0	2.65101	2.09022	0.0	0.0	0.0	0.0	0.0	1.52943	0.0	0.0	0.0	0.0	0.0	0.0	0.0	0.0	0.0	0.0	0.0	0.0	0.0	0.0	0.0	0.0	0.0	0.0	0.0	0.0	0.0	0.0	0.0	0.0	0.0	1.7800816666666666	1.78433	1.542175	0.0	0.0	0.0	0.0	0.994129	0.0	0.0	0.0	0.0	0.0	0.0	0.0	0.0	0.0	0.0	0.0	2.06473	1.04511	0.0	0.0	0.0	0.0	0.0	0.0	0.0	0.0	0.0	0.0	0.0	0.0	0.0	0.0	0.0	0.0	0.0	0.0	0.0	0.0	0.0	0.0	0.0	0.0	0.0	0.0	0.0	0.0	0.0	0.0	0.0	0.0	0.0	0.0	0.0	0.0	0.0	0.0	0.0	0.0	0.0	0.5353	0.0	5.531435	5.25104	0.280395	0.0	0.0	0.0	0.0	0.0	0.0	0.0	0.0	0.0	0.0	0.0	0.0	0.0	0.0	0.0	0.0	0.0	0.0	0.0	0.0	0.0	0.0	0.0	0.0	0.0	0.0	0.0	0.0	0.0	0.0	0.0	0.0	0.0	0.0	0.0	0.0	0.0	0.0	0.0	0.0	0.0	0.0	4.20593	0.0	0.0	0.0
ZJH_N11_1_3	0.0	0.0	0.0	0.0	0.0	0.0	0.0	0.0	0.0	0.0	0.0	0.0	0.0	0.0	0.0	0.0	0.0	0.0	0.0	0.0	0.0	0.0	0.0	0.0	0.0	0.0	0.0	0.0	0.0	0.0	0.0	0.0	0.0	0.0	0.0	0.0	0.0	0.0	0.0	0.0	0.0	0.0	0.0	0.0	0.0	0.0	0.0	0.0	0.0	0.0	0.0	0.0	0.0	0.0	0.0	0.0	0.0	0.0	0.0	0.0	0.0	0.0	0.0	0.0	0.0	0.0	0.0	0.0	0.0	0.0	0.0	0.0	0.0	0.0	0.0	0.0	0.0	0.0	0.0	0.0	0.0	0.0	0.0	0.0	0.0	0.0	0.0	0.0	0.0	0.0	0.0	0.0	0.0	0.0	0.0	0.0	0.0	0.0	0.0	0.0	0.0	0.0	0.0	0.0	0.0	0.0	0.0	0.0	0.0	0.0	0.0	0.0	0.0	0.0	0.0	0.0	0.0	0.0	0.0	0.0	0.0	0.0	0.0	0.0	0.0	0.0	0.0	0.0	0.0	0.0	0.0	0.0	0.0	0.0	0.0	0.0	0.0	0.0	0.0	0.0	0.0	0.0	0.0	0.0	0.0	0.0	0.0	0.0	0.0	0.0	0.0	0.0	0.0	0.0	0.0	0.0	0.0	0.0	0.0	0.0	0.0	0.0	0.0	0.0	0.0	0.0	0.0	0.0	0.0	0.0	0.0	0.0	0.0	0.0	0.0	0.0	0.0	0.0	0.0	0.0	0.0	0.0	0.0	0.0	0.0	0.0	0.0	0.0	0.0	0.0	0.0	0.0	0.0	0.0	0.0	0.0	0.0	0.0	0.0	0.0	0.0	0.0	0.0	0.0	0.0	0.0	0.0	0.0	0.0	0.0	0.0	0.0	0.0	0.0	0.0	0.0	0.0	0.0	0.0	0.0	0.0	0.0	0.0	0.0	0.0	0.0	0.0	0.0	0.0	0.0	0.0	0.0	0.0	0.0	0.0	0.0	0.0	0.0	0.0	0.0	0.0	0.0	0.0	0.0	0.0	0.0	0.0	0.0	0.0	0.0
ZJH_N11_1_4	0.0	0.0	0.0	0.0	0.0	0.0	0.0	0.0	0.0	0.0	0.0	0.0	0.0	0.0	0.0	0.0	0.0	0.0	0.0	2.9272266666666664	2.18566	0.390297	0.0	0.0	0.0	0.0	0.0	0.0	0.0	0.0	0.0	0.0	0.585446	0.0	0.0	0.0	0.0	0.0	0.0	0.0	0.0	0.0	0.0	0.0	0.0	0.0	0.487872	0.68302	0.0	0.0	0.48712092307692306	0.0	0.0	0.3431360833333333	0.0	0.0	0.0	0.48609736363636363	0.0	0.0	0.253693	0.0	0.0	0.702535	0.0	0.0	0.0	0.0	0.0	0.0	0.878169	0.0	0.936713	0.0	0.0	0.0	0.0	0.0	0.0	0.8521486666666668	0.0	0.64399	0.0	0.0	0.0	0.0	0.0	0.390297	0.351267	0.0	0.4390845	0.0	0.312238	0.253693	0.0	0.0	0.0	0.0	0.8358865	0.0	0.0	0.0	0.0	0.0	1.1485885714285715	1.36604	0.0	0.0	0.0	0.0	0.0	0.0	0.0	0.0	0.0	0.0	0.0	0.0	0.0	0.0	0.0	0.565931	0.565931	0.565931	0.0	0.0	0.0	0.0	1.34653	0.0	0.0	0.0	0.0	0.0	0.0	0.878169	0.0	0.0	0.0	0.0	0.0	0.0	0.0	0.0	0.0	0.0	0.0	0.0	0.0	0.0	0.0	0.0	0.0	0.0	0.0	0.0	0.0	0.76108	0.0	0.0	0.0	0.0	0.0	0.0	0.0	0.585446	0.351267	0.507386	1.778194	0.234178	1.088928	0.956228	0.0	0.0	0.0	0.0	0.0	0.0	0.0	0.0	0.0	0.0	0.0	0.0	0.0	0.0	0.292723	0.0	0.390297	0.0	0.800109	0.0	0.0	0.0	0.0	0.0	0.0	0.273208	0.507386	0.0	0.0	2.30275	0.0	0.234178	0.195149	0.273208	0.0	0.0	0.0	0.0	0.0	0.0	0.0	0.0	0.0	0.0	0.0	0.0	0.0	0.0	0.0	0.0	0.0	0.292723	0.1853915	0.0	0.0	0.0	0.0	0.0	0.0	0.0	0.0	0.0	0.0	0.0	0.0	0.0	0.0	0.0	0.0	0.0	1.20992	0.234178	0.663505	0.0	0.0	0.0	0.0	0.0
ZJH_N11_2_2	0.0	0.0	0.0	0.0	0.0	0.0	0.0	0.0	0.0	0.0	0.0	3.35919	0.0	0.0	0.0	0.0	0.0	0.0	0.0	0.0	0.0	0.0	0.0	0.0	0.0	0.0	3.35919	2.37943	0.0	0.7425980833333333	2.93929	0.0	0.0	0.0	0.0	11.7105	0.0	0.0	0.0	4.129005	0.0	0.0	0.0	0.0	0.0	0.0	0.0	0.0	0.0	0.0	0.0	0.0	3.59247	0.0	0.0	12.2393	12.2704	0.0	0.0	7.2082625	0.0	0.0	6.85834	0.0	0.0	0.0	0.0	0.0	8.39797	0.0	0.0	0.0	0.0	2.70601	2.84598	0.0	0.0	0.0	0.0	0.0	0.0	0.0	0.0	0.0	9.9376	111.69	4.68303875	0.0	0.0	0.0	0.0	0.0	0.0	0.0	0.0	0.0	0.0	0.0	0.0	31.8656	3.63912	0.0	0.0	0.0	38.3041	26.0804	0.0	0.0	0.0	0.0	0.0	17.3558	0.0	0.0	0.0	0.0	0.0	0.0	0.0	0.0	0.0	0.0	0.0	0.0	0.0	0.0	0.0	0.0	0.0	0.0	0.0	0.0	0.0	0.0	0.0	0.0	0.0	16.64816666666667	16.7026	14.463149999999999	0.0	0.0	0.0	0.0	0.0	0.0	0.0	0.0	0.0	0.0	0.0	0.0	0.0	0.0	0.0	0.0	19.362	10.4975	0.0	0.0	0.0	0.0	0.0	0.0	0.0	0.0	0.0	0.0	0.0	0.0	9.70431	12.4103	0.0	7.262688333333333	2.28611	4.43226	0.0	0.0	0.0	0.0	0.0	0.0	0.0	0.0	0.0	2.14615	0.0	0.0	3.172565	0.0	0.0	0.0	0.0	0.419899	0.0	0.0	0.0	0.0	0.0	5.22541	6.905	46.73316666666667	63.1714	3.68578	0.0	0.0	0.0	0.0	0.0	0.0	0.0	0.0	0.0	0.0	0.0	0.0	0.0	0.0	0.0	0.0	0.0	0.0	0.0	0.0	0.0	0.0	0.0	0.0	0.0	0.0	0.0	0.0	0.0	0.0	0.0	0.0	0.0	0.0	0.0	0.0	5.6453	4.52557	0.0	0.0	0.0	0.0	42.923	0.0	0.0	0.0
ZJH_N11_2_3	0.0	0.0	0.0	0.0	0.0	0.0	0.0	0.0	0.0	0.0	0.0	0.0	0.0	0.0	0.0	0.0	0.0	0.0	0.0	0.0	0.0	0.0	0.0	0.0	0.0	0.0	0.0	0.0	0.0	0.0	0.0	0.0	0.0	0.0	0.0	2.01768	0.0	0.0	0.0	0.0	0.0	0.0	0.0	0.0	0.0	0.0	0.0	0.0	0.0	0.0	0.0	0.0	0.0	0.0	0.0	0.0	0.0	0.0	0.0	0.0	0.0	0.0	0.0	0.0	0.0	0.0	0.0	0.0	0.0	0.0	0.0	0.0	0.0	0.0	0.0	0.0	0.0	0.0	0.0	0.0	0.0	0.0	0.0	0.0	0.0	21.566799999999997	0.0	0.0	0.0	0.0	0.0	0.0	0.0	0.0	0.0	0.0	0.0	0.0	0.0	6.42669	0.0	0.0	0.0	0.0	7.69709	4.78266	0.0	0.0	0.0	0.0	0.0	0.0	0.0	0.0	0.0	0.0	0.0	0.0	0.0	0.0	0.0	0.0	0.0	0.0	0.0	0.0	0.0	0.0	0.0	0.0	0.0	0.0	0.0	0.0	0.0	0.0	0.0	2.3166	2.3166	0.0	0.0	0.0	0.0	0.0	0.0	0.0	0.0	0.0	0.0	0.0	0.0	0.0	0.0	0.0	0.0	0.0	4.6332	0.0	0.0	0.0	0.0	0.0	0.0	0.0	0.0	0.0	0.0	0.0	0.0	0.0	0.0	0.0	0.0	0.0	0.0	0.0	0.0	0.0	0.0	0.0	0.0	0.0	0.0	0.0	0.0	0.0	0.0	0.0	0.0	0.0	0.0	0.0	0.0	0.0	0.0	0.0	0.0	0.0	0.0	1.56931	0.0	13.41385	11.6577	0.672561	0.0	0.0	0.0	0.0	0.0	0.0	0.0	0.0	0.0	0.0	0.0	0.0	0.0	0.0	0.0	0.0	0.0	0.0	0.0	0.0	0.0	0.0	0.0	0.0	0.0	0.0	0.0	0.0	0.0	0.0	0.0	0.0	0.0	0.0	0.0	0.0	0.0	0.0	0.0	0.0	0.0	0.0	14.1985	0.0	0.0	0.0
ZJH_N11_2_4	0.0	0.0	0.0	0.0	0.0	0.0	0.0	0.0	0.0	0.0	0.0	96.36733333333332	0.0	0.0	0.0	0.0	0.0	0.0	0.0	0.0	0.0	0.0	0.0	0.0	0.60953	0.0	96.36733333333332	0.0	4.8531525	0.0	0.0	0.0	0.0	0.0	0.0	168.655	0.0	0.0	0.0	39.50865	0.0	0.0	0.0	0.0	0.0	0.0	0.0	0.0	0.0	0.0	0.0	0.0	65.4414	0.0	0.0	262.09200000000004	263.742	0.0	0.0	123.656375	0.0	0.240118	109.05	0.0	0.0	0.0	0.0	0.0	63.151	0.0	0.0	0.0	0.0	0.0	27.2626	0.0	0.0	0.0	0.0	0.0	0.0	0.0	480.605	0.277059	0.59106	846.0328000000001	0.0	0.0	0.0	0.0	0.0	0.0	0.0	0.0	7.59142	0.0	0.0	0.0	0.0	242.907	45.4747	170.336	14.3701	0.0	287.643	224.289	0.8865894999999999	0.0	0.0	0.0	0.0	183.358	0.0	0.0	0.0	0.0	0.0	0.0	0.0	0.0	0.0	0.0	0.0	0.0	0.0	0.0	0.0	0.0	0.0	0.0	0.0	0.0	0.0	0.0	16.7713	0.0	0.0	207.76649999999998	207.868	181.33499999999998	0.0	0.0	0.0	0.0	0.0	0.0	0.0	0.0	0.0	0.0	4.694615	0.0	0.0	7.096411999999999	0.0	0.0	323.291	83.0993	0.0	0.0	0.0	0.0	0.0	0.0	0.0	0.0	0.0	0.0	0.0	0.0	102.567	141.596	93.7384	0.0	0.0	0.0	0.0	0.0	0.0	0.0	0.0	0.0	0.0	0.0	0.0	33.8566	0.0	0.0	0.0	0.0	0.0	42.80565	42.8149	41.6697	0.0	0.0	15.3675	0.0	0.0	72.8666	0.0	386.6175	392.722	41.6697	0.0	0.0	0.0	3.281613333333333	0.0	0.0	0.0	0.0	0.0	0.0	0.0	0.0	0.0	0.0	0.0	0.0	0.0	0.0	0.0	0.0	0.0	0.0	0.0	0.0	0.0	0.0	0.0	0.0	0.0	0.0	0.0	0.0	0.0	0.0	0.0	0.0	0.0	0.0	0.0	0.0	25.4525	0.0	195.013	0.0	0.0	0.0
ZJH_N12_1_2	0.0	0.0	0.0	0.0	0.0	0.0	0.0	0.0	0.0	0.0	2.50345	0.0	0.0	0.0	56.898630000000004	38.5619	50.2008	58.5676	0.0	0.0	0.0	0.0	0.0	70.33936315789474	0.0	0.0	0.0	93.407325	0.0	54.248775	94.692	0.0	0.0	0.0	0.0	5.2923849999999995	0.0	0.0	0.0	0.0	0.0	0.0	0.0	0.0	0.0	0.0	0.0	0.0	0.0	0.0	0.0	0.0	0.0	0.0	82.38249615384615	1.25905	1.27369	0.0	0.0	0.658803	0.0	0.0	1.53721	0.0	0.0	0.0	0.0	0.0	0.0	104.135	0.0	0.0	0.0	0.0	4.39202	2.32777	1.9764100000000002	0.0	0.0	0.0	0.0	0.0	0.0	0.0	0.0	4.91906	106.182375	0.0	0.0	0.0	0.0	0.0	0.0	0.0	0.922324	0.0	0.0	0.0	0.0	20.4668	2.76697	17.6559	0.0	0.0	120.49515	19.6323	0.0	0.0	0.0	0.0	0.0	8.95972	0.0	0.0	0.0	0.0	0.0	0.0	0.0	0.0	0.0	0.0	0.0	0.0	0.0	0.0	0.0	0.0	0.0	0.0	0.0	0.0	0.0	0.0	0.0	0.0	0.0	4.96298	4.96298	4.5677	0.0	0.0	0.0	0.0	0.0	0.0	0.0	0.0	0.0	0.0	0.0	0.0	0.0	0.0	0.0	0.0	22.4432	6.80763	0.0	0.0	0.0	0.0	0.0	0.0	0.0	0.0	0.0	0.0	0.0	0.0	0.0	3.99674	0.0	0.0	330.763	0.0	0.0	0.0	0.0	0.0	0.0	0.0	0.0	0.0	0.0	0.0	0.0	0.0	0.0	0.0	0.0	0.0	0.0	1.71289	29.58025	44.008	0.0	0.0	0.0	2.63521	0.0	145.8588333333333	103.212	1.80073	0.0	0.0	0.0	0.0	0.0	0.0	0.0	0.0	0.0	0.0	0.0	0.0	0.0	0.0	0.0	0.0	0.0	0.0	0.0	0.0	0.0	0.0	0.0	91.23941304347827	0.0	0.0	0.0	0.0	0.0	0.0	0.0	0.0	0.0	0.0	0.0	0.0	8.12524	7.29075	0.0	0.0	11.1997	0.0	19.7641	0.0	0.0	0.0
ZJH_N12_1_3	0.0	0.0	0.0	0.0	0.0	0.0	0.0	0.0	0.0	0.0	0.0	0.0	0.0	0.0	0.0	0.0	0.0	0.0	0.0	21.023533333333333	0.0	2.43327	0.0	0.0	0.0	0.0	0.0	0.0	0.0	0.0	0.0	0.0	5.74253	0.0	0.0	0.0	3.79591	0.0	0.0	0.0	0.0	0.0	0.0	0.0	0.0	0.0	1.99528	4.72055	0.0	0.0	25.71718965517241	0.0	0.0	20.07529387096774	0.0	0.0	0.0	15.380032142857143	3.831148620689655	0.0	13.237	0.0	0.0	6.9105	0.0	0.0	0.0	0.0	0.0	0.0	7.39715	0.924644	12.4097	0.0	0.0	0.0	0.0	0.0	0.0	4.461003333333333	1.31397	6.03452	0.0	0.0	0.0	0.0	0.0	1.75196	1.2653	0.0	4.306895	2.9442649999999997	1.45996	1.2653	0.0	0.0	0.0	0.0	6.180516666666667	0.0	0.0	0.0	0.0	0.0	7.501435714285714	11.87435	0.0	0.0	0.0	0.0	0.0	0.0	0.0	0.0	0.0	0.0	0.0	0.0	0.0	0.0	0.0	3.30925	6.22918	2.6766	0.0	0.0	0.0	0.0	8.22447	2.87126	0.0	0.0	0.0	0.0	0.0	5.88852	0.0	0.0	0.0	0.0	0.0	0.0	0.0	0.0	0.0	0.0	0.0	0.0	0.0	0.437989	0.0	0.0	0.0	0.0	0.0	0.0	0.0	5.69386	0.0	0.0	1.2653	0.0	0.0	0.0	3.35792	3.16326	3.01726	3.30925	11.191205	2.28728	9.090712	7.39715	0.0	0.0	0.0	0.0	0.0	0.0	0.0	0.0	0.0	0.0	0.0	0.0	0.0	0.0	1.80062	3.60125	2.09262	4.0879	4.96388	0.0	0.0	0.0	0.0	0.0	0.0	2.38461	3.99057	0.0	0.0	17.7142	0.0	1.11931	1.99528	1.94662	0.0	0.0	0.0	0.0	0.0	0.0	0.0	0.0	0.0	0.0	9.39244	0.0	0.0	0.0	0.0	0.0	0.0	1.45996	1.386965	0.0	0.0	0.0	0.0	0.0	0.0	0.0	0.0	0.0	0.0	0.0	0.0	0.0	0.0	0.0	0.0	0.0	8.80845	4.13657	7.59182	0.0	0.0	0.0	0.0	0.0
ZJH_N12_1_4	0.0	0.0	0.0	0.0	0.0	0.0	0.0	0.0	0.0	0.0	0.0	0.0	0.0	0.0	0.0	0.0	0.0	0.0	0.0	277.657	220.3	29.7573	0.0	0.0	0.0	0.0	0.0	0.0	0.0	0.0	0.0	0.0	54.0763	0.0	0.0	0.0	0.0	0.0	0.0	0.0	0.0	0.0	0.0	0.0	0.0	0.0	28.97	48.711	0.0	0.0	294.16357575757576	0.0	0.0	187.4272224	0.0	0.0	0.0	174.93923315789473	44.196381081081086	0.0	131.189	0.0	0.0	82.1424	0.0	0.0	0.0	0.0	0.0	0.0	91.8817	40.3568	138.858	0.0	0.0	0.0	0.0	0.0	0.0	67.93686666666666	22.8902	79.795	0.0	0.0	0.0	0.0	0.0	27.1038	29.1741	0.0	52.545500000000004	46.567750000000004	22.35075	19.1287	0.0	0.0	0.0	0.0	92.1684	0.0	0.0	0.0	0.0	0.0	111.66614285714286	142.167	0.0	0.0	0.0	0.0	0.0	0.0	0.0	0.0	0.0	0.0	0.0	0.0	0.0	0.0	0.0	48.7256	73.205	43.9726	0.0	0.0	0.0	0.0	110.267	37.922	0.0	0.0	0.0	0.0	0.0	76.6458	0.0	0.0	0.0	0.0	0.0	0.0	0.0	0.0	0.0	0.0	0.0	0.0	0.0	5.70069	0.0	0.0	0.0	0.0	0.0	0.0	0.0	69.9974	0.0	0.0	18.5163	0.0	0.0	0.0	46.0866	50.9854	47.4134	64.8071	151.25892307692308	27.1184	119.4606	101.125	0.0	0.0	0.0	0.0	0.0	0.0	0.0	0.0	0.0	0.0	0.0	0.0	0.0	0.0	29.9177	52.3559	32.2359	46.44385	71.7324	0.0	0.0	0.0	0.0	0.0	0.0	29.6698	55.297399999999996	0.0	0.0	206.9745	0.0	22.8028	23.3859	31.1424	0.0	0.0	200.428	0.0	0.0	0.0	0.0	0.0	0.0	0.0	109.363	0.0	0.0	0.0	0.0	0.0	0.0	0.0	19.7847	0.0	0.0	0.0	0.0	0.0	0.0	0.0	0.0	0.0	0.0	0.0	0.0	0.0	0.0	0.0	0.0	0.0	139.937	37.2367	85.627	0.0	0.0	0.0	0.0	0.0
ZJH_N12_2_2	0.0	0.0	0.0	0.0	0.0	0.0	0.0	0.0	0.0	0.0	0.0	0.0	0.0	0.0	0.0	0.0	0.0	0.0	0.0	4.056446666666667	3.23819	0.0	0.0	0.0	0.0	0.0	0.0	0.0	0.0	0.0	0.574518	0.0	1.22738	0.0	0.0	0.0	0.0	0.0	0.0	0.0	0.0	0.0	0.0	0.0	0.0	0.0	0.0	0.75732	0.0	0.0	0.8378394583333333	0.0	0.0	0.450475	0.0	0.0	0.0	0.6267473	2.0789391304347826	0.0	0.443946	0.0	0.0	0.0	0.0	0.0	0.0	0.0	0.0	0.0	1.48853	0.0	1.56687	0.0	0.0	0.0	0.0	0.0	0.0	1.1229233333333333	0.339488	0.887892	0.0	0.0	19.75187142857143	0.0	1.2861375	0.0	0.0	0.0	0.6398045	0.678976	0.0	0.0	0.0	0.0	0.0	0.0	1.46241	0.0	0.0	0.0	0.0	0.0	0.0	1.906355	0.0	0.0	0.0	0.0	0.0	0.0	0.0	0.0	0.0	0.0	0.0	0.0	0.0	0.0	0.0	0.0	1.41018	0.652862	0.0	0.0	0.0	0.0	1.4363	0.0	0.0	0.0	0.0	0.0	0.0	1.27961	0.0	0.0	0.0	0.0	0.0	0.0	0.0	0.0	0.0	0.0	0.0	0.0	0.0	0.0	0.0	0.0	0.0	0.0	0.0	0.0	0.0	0.887892	0.0	0.0	0.0	0.0	0.0	0.0	0.626747	0.0	0.0	0.887892	1.4508033333333334	0.0	3.512395	0.0	0.0	7.516616666666667	1.69744	4.8007108333333335	0.0	0.0	0.0	0.0	0.0	0.0	0.0	0.0	0.0	0.0	0.391717	0.0	1.532047666666667	0.52229	0.0	0.0	0.0	0.0	0.0	0.0	0.0	0.0	0.0	0.0	16.7655	5.222894999999999	0.0	0.0	0.443946	0.0	0.0	0.0	0.0	0.0	0.0	0.0	0.0	0.0	0.0	0.0	0.0	0.0	0.0	0.0	0.0	0.0	0.0	0.0	0.496175	0.0	0.0	0.0	0.0	0.0	0.0	0.0	0.0	0.0	0.0	0.0	0.0	0.0	0.0	0.0	0.0	0.0	3.05539	0.75732	1.33184	0.0	0.0	0.0	0.0	0.0
ZJH_N12_2_4	0.671686	0.0	0.0	0.0	0.0	0.630563	0.0	0.0	0.0	0.0	0.0	1.02809	1.16517	1.16517	0.0	0.0	0.0	0.0	0.0	271.8136666666667	197.243	24.8798	16.5317	0.0	0.0	0.0	1.02809	0.0	0.0	0.0	0.0	0.0	51.336	0.0	42.7001	0.0	45.6473	40.6713	0.0	0.0	0.0	0.0	0.0	0.0	0.0	0.0	19.7599245	43.358031999999994	0.0	15.083087142857142	62.86125806451613	0.0	0.0	25.471016129032257	0.0	0.0	0.0	42.623809375	24.45525542857143	0.0	14.5578	0.0	0.0	66.8945	0.0	0.0	5.07192	4.90742	2.56337	0.0	81.8909	28.5261	131.349	0.0	0.0	0.0	0.0	0.699102	2.56337	66.36443333333334	23.0978	76.4352	0.0	0.0	2.86495	0.0	0.0	32.8578	37.0798	0.0	46.4423	39.156549999999996	17.66715	16.8059	0.0	0.0	0.0	11.22675	78.27397142857144	0.0	0.0	0.0	0.0	0.0	106.04273777777777	133.7135	0.0	0.0	0.0	0.0	0.0	0.0	18.2178	53.7623	65.0697888888889	0.0	0.0	0.0	0.0	0.0	0.0	59.7664	52.5149	53.7897	1.3982	0.8910125	2.06989	0.0	120.191	40.918	0.0	0.0	0.0	0.0	0.0	97.9291	0.0	0.0	0.0	0.0	0.0	0.0	0.0	0.0	0.0	0.0	0.0	0.0	0.0	3.9135999999999997	0.0	0.0	0.0	0.0	3.22135	0.0	0.0	66.2913	0.0	0.0	26.6618	0.0	38.6699	0.0	38.9989	56.4765	44.6603	66.5256	169.47273076923076	25.2499	78.167585	97.7235	0.0	2.218395	0.0	1.768318	0.0	3.83821	0.0	0.0	0.0	0.0	0.0	0.0	0.0	0.0	36.6686	62.741	7.446813	26.670956666666665	80.054	0.0	0.0	0.0	0.0	0.0	0.0	26.1409	35.61995	0.0	1.22	114.32362499999999	23.0841	19.4515	19.1362	30.363	0.0	0.0	186.071	0.0	0.0	0.0	0.0	0.0	0.0	0.0	77.8745	0.0	0.0	0.0	0.0	24.7564	0.0	27.23755	16.4837	0.0	0.0	0.0	0.0	0.0	0.0	0.0	0.0	0.0	0.0	0.0	0.0	0.0	0.0	0.0	0.0	0.0	120.725	34.9414	78.0116	0.0	0.0	0.0	0.0	0.0
ZJH_N13_1_2	0.0	0.0	0.0	0.0	0.0	0.0	0.0	0.0	0.0	0.0	0.0	0.0	0.0	0.0	0.0	0.0	0.0	0.0	0.0	0.0	0.0	0.0	0.0	0.0	0.0	0.0	0.0	0.0	0.0	0.0	0.0	0.0	0.0	0.0	0.0	9.07597	0.0	0.0	0.0	2.0965749999999996	0.0	0.0	0.0	0.0	0.0	0.0	0.0	0.0	0.0	0.0	0.0	0.0	2.0414	0.0	0.0	11.476	11.476	0.0	0.0	7.50354	0.0	0.0	5.40696	0.0	0.0	0.0	0.0	0.0	4.19315	0.0	0.0	0.0	0.0	2.81383	0.0	0.0	0.0	0.0	0.0	0.0	0.0	0.0	0.0	0.0	0.0	66.10836666666667	0.0	0.0	0.0	0.0	0.0	0.0	0.0	0.0	0.0	0.0	0.0	0.0	0.0	17.3795	3.14487	0.0	0.0	0.0	16.0554	14.1243	0.0	0.0	0.0	0.0	0.0	11.3657	0.0	0.0	0.0	0.0	0.0	0.0	0.0	0.0	0.0	0.0	0.0	0.0	0.0	0.0	0.0	0.0	0.0	0.0	0.0	0.0	0.0	0.0	0.0	0.0	0.0	10.271416666666665	10.3174	9.131145	0.0	0.0	0.0	0.0	0.0	0.0	0.0	0.0	0.0	0.0	0.0	0.0	0.0	0.0	0.0	0.0	20.9658	7.22767	0.0	0.0	0.0	0.0	0.0	0.0	0.0	0.0	0.0	0.0	0.0	0.0	7.83458	10.8691	0.0	0.0	0.0	0.0	0.0	0.0	0.0	0.0	0.0	0.0	0.0	0.0	0.0	0.0	0.0	0.0	0.0	0.0	0.0	0.0	0.0	0.0	0.0	0.0	0.0	0.0	0.0	5.738	0.0	33.02105	33.0487	3.03452	0.0	0.0	0.0	0.0	0.0	0.0	0.0	0.0	0.0	0.0	0.0	0.0	0.0	0.0	0.0	0.0	0.0	0.0	0.0	0.0	0.0	0.0	0.0	0.0	0.0	0.0	0.0	0.0	0.0	0.0	0.0	0.0	0.0	0.0	0.0	0.0	0.0	0.0	0.0	0.0	0.0	0.0	42.4281	0.0	0.0	0.0
ZJH_N13_1_3	0.0	0.0	0.0	0.0	0.0	0.0	0.0	0.0	0.0	0.0	0.0	0.0	0.0	0.0	0.0	0.0	0.0	0.0	0.0	0.0	0.0	0.0	0.0	0.0	0.0	0.0	0.0	0.0	0.0	0.0	0.0	0.0	0.0	0.0	0.0	0.0	0.0	0.0	0.0	0.0	0.0	0.0	0.0	0.0	0.0	0.0	0.0	0.0	0.0	0.0	0.0	0.0	0.0	0.0	0.0	0.0	0.0	0.0	0.0	0.0	0.0	0.0	0.0	0.0	0.0	0.0	0.0	0.0	0.0	0.0	0.0	0.0	0.0	0.0	0.0	0.0	0.0	0.0	0.0	0.0	0.0	0.0	0.0	0.0	0.0	0.0	0.0	0.0	0.0	0.0	0.0	0.0	0.0	0.0	0.0	0.0	0.0	0.0	0.0	0.0	0.0	0.0	0.0	0.0	0.0	0.0	0.0	0.0	0.0	0.0	0.0	0.0	0.0	0.0	0.0	0.0	0.0	0.0	0.0	0.0	0.0	0.0	0.0	0.0	0.0	0.0	0.0	0.0	0.0	0.0	0.0	0.0	0.0	0.0	0.0	0.0	0.0	0.0	0.0	0.0	0.0	0.0	0.0	0.0	0.0	0.0	0.0	0.0	0.0	0.0	0.0	0.0	0.0	0.0	0.0	0.0	0.0	0.0	0.0	0.0	0.0	0.0	0.0	0.0	0.0	0.0	0.0	0.0	0.0	0.0	0.0	0.0	0.0	0.0	0.0	0.0	0.0	0.0	0.0	0.0	0.0	0.0	0.0	0.0	0.0	0.0	0.0	0.0	0.0	0.0	0.0	0.0	0.0	0.0	0.0	0.0	0.0	0.0	0.0	0.0	0.0	0.0	0.0	0.0	0.0	0.0	0.0	0.0	0.0	0.0	0.0	0.0	0.0	0.0	0.0	0.0	0.0	0.0	0.0	0.0	0.0	0.0	0.0	0.0	0.0	0.0	0.0	0.0	0.0	0.0	0.0	0.0	0.0	0.0	0.0	0.0	0.0	0.0	0.0	0.0	0.0	0.0	0.0	0.0	0.0	0.0	0.0	0.0	0.0	0.0
ZJH_N13_1_4	0.0	0.0	0.0	0.0	0.0	0.0	0.0	0.0	0.0	0.0	0.0	0.0	0.0	0.0	0.0	0.0	0.0	0.0	0.0	0.0	0.0	0.0	0.0	0.0	0.0	0.0	0.0	0.0	0.0	0.0	0.0	0.0	0.0	0.0	0.0	0.0	0.0	0.0	0.0	0.0	0.0	0.0	0.0	0.0	0.0	0.0	0.0	0.0	0.0	0.0	0.0	0.0	0.0	0.0	0.0	0.0	0.0	0.0	0.0	0.0	0.0	0.0	0.0	0.0	0.0	0.0	0.0	0.0	0.0	0.0	0.0	0.0	0.0	0.0	0.0	0.0	0.0	0.0	0.0	0.0	0.0	0.0	0.0	0.0	0.0	0.0	0.0	0.0	0.0	0.0	0.0	0.0	0.0	0.0	0.0	0.0	0.0	0.0	0.0	0.0	0.0	0.0	0.0	0.0	0.0	0.0	0.0	0.0	0.0	0.0	0.0	0.0	0.0	0.0	0.0	0.0	0.0	0.0	0.0	0.0	0.0	0.0	0.0	0.0	0.0	0.0	0.0	0.0	0.0	0.0	0.0	0.0	0.0	0.0	0.0	0.0	0.0	0.0	0.0	0.0	0.0	0.0	0.0	0.0	0.0	0.0	0.0	0.0	0.0	0.0	0.0	0.0	0.0	0.0	0.0	0.0	0.0	0.0	0.0	0.0	0.0	0.0	0.0	0.0	0.0	0.0	0.0	0.0	0.0	0.0	0.0	0.0	0.0	0.0	0.0	0.0	0.0	0.0	0.0	0.0	0.0	0.0	0.0	0.0	0.0	0.0	0.0	0.0	0.0	0.0	0.0	0.0	0.0	0.0	0.0	0.0	0.0	0.0	0.0	0.0	0.0	0.0	0.0	0.0	0.0	0.0	0.0	0.0	0.0	0.0	0.0	0.0	0.0	0.0	0.0	0.0	0.0	0.0	0.0	0.0	0.0	0.0	0.0	0.0	0.0	0.0	0.0	0.0	0.0	0.0	0.0	0.0	0.0	0.0	0.0	0.0	0.0	0.0	0.0	0.0	0.0	0.0	0.384873	0.0	0.0	0.0	0.0	0.0	0.0	0.0
ZJH_N13_2_2	0.0	0.0	0.0	0.0	0.0	0.0	0.0	0.0	0.0	0.0	0.419837	0.0	0.0	0.0	2.2850542105263156	1.77813	2.17327	2.32145	0.0	20.810766666666666	16.8923	2.46963	0.0	0.5056235789473684	0.0	0.0	0.0	5.575185	0.0	0.0	4.88986	0.0	4.37124	4.782846666666667	9.23641	0.0	9.73033	7.77933	1.35006	0.0	1.2101155000000001	0.0	2.04979	1.65465	0.0	0.0	2.02509	3.92671	0.0	0.0	0.0	0.0	0.0	0.0	0.622775652173913	0.0	0.0	1.7389589655172413	5.133165555555556	0.0	0.0	0.0	0.0	5.13682	0.0	0.0	0.0	0.0	0.0	1.3336	5.55666	0.0	9.80442	0.0	0.0	0.0	0.0	0.0	0.0	4.1078133333333335	1.72874	6.07528	0.0	0.0	0.0	20.614813333333334	1.92939625	1.90161	1.50647	0.0	3.877315	2.3461499999999997	1.3336	1.13603	0.0	0.0	0.0	0.0	7.013740000000001	0.0	0.0	0.0	0.0	0.0	6.193276666666667	9.112925	0.0	0.0	0.0	0.0	0.0	0.0	0.0	0.0	0.0	0.0	6.14937	4.27246	6.49512	0.0	8.39673	2.93886	5.03804	2.86477	0.0	0.0	0.0	0.0	8.52021	2.79068	0.0	0.0	0.0	0.0	0.0	6.09998	0.0	0.0	0.0	0.0	0.0	0.0	0.0	0.0	0.0	0.0	0.0	0.0	0.0	0.2346145	0.0	0.0	0.0	0.0	0.0	0.0	0.0	4.91456	0.0	0.0	0.0	0.0	0.0	0.0	3.60566	3.63035	3.53157	4.17367	10.554821923076922	1.65465	7.868233999999999	5.96415	0.0	0.0	3.50687	0.0	0.0	0.0	6.96435	4.34654	1.95101	5.35909	0.592711	3.13643	3.334	0.0	2.17327	4.6429	2.74129	3.71679	3.43278	0.0	0.0	0.0	0.296355	0.444533	0.0	2.22266	0.0	0.0	0.0	7.8842725	3.82792	0.790281	1.43238	2.42023	0.0	0.0	0.0	0.0	0.0	0.0	0.0	0.0	0.0	0.0	22.8441	3.43278	5.53197	0.765584	10.002	5.65545	4.74168	1.06194	1.3089	0.0	0.0	0.7902810000000001	3.7671346153846157	0.0	0.0	0.0	4.3734863636363634	0.0	0.0	0.0	0.0	0.0	0.0	0.0	1.35829	1.45708	11.6566	1.75344	5.3097	0.0	2.44493	5.03804	5.01334	0.0
ZJH_N13_2_3	0.0	0.0	0.0	0.0	0.0	0.0	0.0	0.0	0.0	0.0	0.275966	0.0	0.0	0.0	0.0	0.0	0.0	0.0	0.0	0.0	0.0	0.0	0.0	0.0	0.0	0.0	0.0	0.0	0.0	0.0	0.0	0.0	0.0	0.0	0.0	0.0	0.0	0.0	0.0	0.0	0.0	0.0	0.0	0.0	0.0	0.0	0.0	0.0	0.0	0.0	0.0	0.0	0.0	0.0	0.0	0.0	0.0	0.0	0.0	0.0	0.0	0.0	0.0	0.0	0.0	0.0	0.0	0.0	0.0	0.0	0.0	0.0	0.0	0.0	0.0	0.0	0.0	0.0	0.0	0.0	0.0	0.0	0.0	0.0	0.0	0.594388	0.5307037142857143	0.0	0.0	0.0	0.0	0.0	0.0	0.0	0.0	0.0	0.0	0.0	0.0	0.0	0.0	0.0	0.0	0.0	0.0	0.0	0.0	0.0	0.0	0.0	0.0	0.0	0.0	0.0	0.0	0.0	0.0	0.0	0.0	0.0	0.0	0.0	0.0	0.0	0.0	0.0	0.0	0.0	0.0	0.0	0.0	0.0	0.0	0.0	0.0	0.0	0.0	0.0	0.0	0.0	0.0	0.0	0.0	0.0	0.0	0.0	0.0	0.0	0.0	0.0	0.0	0.0	0.0	0.0	0.0	0.0	0.0	0.0	0.0	0.0	0.0	0.0	0.0	0.0	0.0	0.0	0.0	0.0	0.0	0.0	0.0	0.0	0.0	0.0	0.997723	0.0	0.0	0.0	0.0	0.0	0.0	0.0	0.0	0.0	0.0	0.0	0.0	0.0	0.0	0.0	0.0	0.615616	0.615616	0.0	0.0	0.0	0.0	0.0	0.0	0.0	0.0	0.0	0.0	0.0	0.0	0.0	0.0	0.0	0.0	0.0	0.0	0.0	0.0	0.0	0.0	0.0	0.0	0.0	0.0	0.0	0.0	0.0	0.0	0.0	0.0	0.0	0.0	0.0	0.0	0.0	0.0	0.0	0.0	0.0	0.0	0.0	0.0	0.0	0.0	0.0	0.0	0.0	0.806669	0.0	0.0	0.0	0.0	0.0	0.0	0.0
ZJH_N13_2_4	0.0	0.0	0.0	0.0	0.0	0.0	0.0	0.0	0.0	0.0	0.0	0.0	0.0	0.0	17.69048947368421	11.4689	14.8702	17.6032	0.0	87.093	66.4147	10.2277	4.82148	0.0	0.0	0.0	0.0	20.3242	0.0	0.0	21.2742	0.0	17.8657	36.137233333333334	44.5868	0.0	46.6514	38.7747	11.731466666666668	0.0	9.85778	0.0	11.7315	9.94132	0.0	0.0	11.0273	15.725500000000002	0.0	0.7204582105263158	0.0	0.0	0.0	0.0	0.0	0.620587	0.620587	7.8871178125	0.0	0.226753	0.0	0.0	0.19095	29.7046	0.0	0.0	0.0	0.0	0.369965	0.0	25.0383	0.0	40.8394	0.0	0.0	0.0	0.0	0.0	0.0	18.796633333333332	7.17255	24.0955	0.0	0.0	0.27449	0.0	0.0	9.64296	10.2277	0.0	14.1601	12.9786	7.059173333333334	6.58776	0.0	0.0	2.17802	1.75435	28.87516666666667	0.560915	0.0	0.0	0.0	0.775733	35.794134625	39.73545	0.0	0.0	0.0	0.0	0.0	0.0	4.42765	2.56589	11.114866666666666	0.0	34.9677	24.0119	45.0522	0.0	45.995	18.7727	19.5723	16.6842	0.238687	0.179015	0.0	0.0	38.0825	13.9155	0.46544	0.0	0.0	0.0	0.0	28.5708	0.0	0.0	0.0	0.0	0.0	0.0	0.0	0.0	0.0	0.0	0.0	0.0	0.0	2.09448	0.0	0.0	0.0	0.0	0.0	0.0	0.0	21.8279	0.0	0.0	0.0	0.0	0.0	0.0	16.6604	17.7464	14.2377	21.51109090909091	50.05864615384615	7.96022	32.073587333333336	29.5793	0.0	0.0	0.0	0.0	0.0	0.0	41.639	24.3819	9.91745	21.9234	7.33963	18.0328	31.2561	0.0	10.7051	19.7633	11.6599	16.368000000000002	23.8926	0.0	0.0	0.0	0.0	0.0	0.0	9.32073	0.0	0.0	0.0	25.878472	5.82397	3.120834	6.62357	9.89358	0.0	0.0	0.0	0.0	0.0	0.0	0.0	0.0	0.0	0.0	108.149	32.5927	33.30285	8.68821	57.5952	27.6638	37.3903	8.30631	5.81203	0.0	0.0	0.0	22.2824	0.0	0.0	0.0	29.263045454545455	0.0	0.0	0.42486309999999994	0.0	0.0	0.0	0.0	0.0	0.0	41.3645	9.81004	23.9045	0.0	0.0	26.6375	25.5157	0.501243
ZJH_N14_1_2	0.0	0.0	0.0	0.0	0.0	0.0	0.0	0.0	0.0	0.0	0.0	0.0	0.0	0.0	0.0	0.0	0.0	0.0	0.0	0.0	0.0	0.0	0.0	0.0	0.0	0.0	0.0	1.17925	0.0	1.0391304166666666	1.61601	0.0	0.0	0.0	0.0	0.0	0.0	0.0	0.0	0.0	0.0	0.0	0.0	0.0	0.0	0.0	0.0	0.0	0.0	0.0	0.0	0.0	0.0	0.0	0.0	0.0	0.0	0.0	0.0	0.0	0.0	0.0	0.0	0.0	0.0	0.0	0.0	0.0	0.0	1.24477	0.0	0.0	0.0	0.0	0.0	0.0	0.0	0.0	0.0	0.0	0.0	0.0	0.0	0.0	0.0	9.451502000000001	1.13284625	0.0	0.0	0.0	0.0	0.0	0.0	0.0	0.0	0.0	0.0	0.0	0.0	0.0	0.0	0.0	0.0	0.0	0.0	0.0	0.0	0.0	0.0	0.0	0.0	0.0	0.0	0.0	0.0	0.0	0.0	0.0	0.0	0.0	0.0	0.0	0.0	0.0	0.0	0.0	0.0	0.0	0.0	0.0	0.0	0.0	0.0	0.0	0.0	0.0	0.0	0.0	0.0	0.0	0.0	0.0	0.0	0.0	0.0	0.0	0.0	0.0	0.0	0.0	0.0	0.0	0.0	0.0	0.0	0.0	0.0	0.0	0.0	0.0	0.0	0.0	0.0	0.0	0.0	0.0	0.0	0.0	0.0	0.0	0.0	0.0	0.0	0.0	3.93084	0.0	0.0	0.0	0.0	0.0	0.0	0.0	0.0	0.0	0.0	0.0	0.0	0.0	0.0	0.0	0.0	0.742493	0.742493	0.0	0.0	0.240218	0.0	0.0	0.0	0.0	0.0	3.1956333333333333	1.79072	0.0	0.0	0.0	0.0	0.0	0.0	0.0	0.0	0.0	0.0	0.0	0.0	0.0	0.0	0.0	0.0	0.0	0.0	0.0	0.0	0.0	0.0	0.0	0.0	0.0	0.0	0.0	0.0	0.0	0.0	0.0	0.0	0.0	0.0	0.0	0.0	0.0	0.0	0.0	0.0	0.0	0.0	0.0	1.7252	0.0	0.0	0.0
ZJH_N14_1_3	0.0	0.0	0.0	0.0	0.0	0.0	0.0	0.0	0.0	0.0	0.0	0.0	0.0	0.0	0.0	0.0	0.0	0.0	0.0	0.0	0.0	0.0	0.0	0.0	0.0	0.0	0.0	0.0	0.0	0.0	0.0	0.0	0.0	0.0	0.0	0.0	0.0	0.0	0.0	0.0	0.0	0.0	0.0	0.0	0.0	0.0	0.0	0.0	0.0	0.0	0.0	0.0	0.0	0.0	0.0	0.0	0.0	0.0	0.0	0.0	0.0	0.0	0.0	0.0	0.0	0.0	0.0	0.0	0.0	0.0	0.0	0.0	0.0	0.0	0.0	0.0	0.0	0.0	0.0	0.0	0.0	0.0	0.0	0.0	0.0	0.0	0.0	0.0	0.0	0.0	0.0	0.0	0.0	0.0	0.0	0.0	0.0	0.0	0.0	0.0	0.0	0.0	0.0	0.0	0.0	0.0	0.0	0.0	0.0	0.0	0.0	0.0	0.0	0.0	0.0	0.0	0.0	0.0	0.0	0.0	0.0	0.0	0.0	0.0	0.0	0.0	0.0	0.0	0.0	0.0	0.0	0.0	0.0	0.0	0.0	0.0	0.0	0.0	0.0	0.0	0.0	0.0	0.0	0.0	0.0	0.0	0.0	0.0	0.0	0.0	0.0	0.0	0.0	0.0	0.0	0.0	0.0	0.0	0.0	0.0	0.0	0.0	0.0	0.0	0.0	0.0	0.0	0.0	0.0	0.0	0.0	0.0	0.0	0.0	0.0	0.0	0.0	0.0	0.0	0.0	0.0	0.0	0.0	0.0	0.0	0.0	0.0	0.0	0.0	0.0	0.0	0.0	0.0	0.0	0.0	0.0	0.0	0.0	0.0	0.0	0.0	0.0	0.0	0.0	0.0	0.0	0.0	0.0	0.0	0.0	0.0	0.0	0.0	0.0	0.0	0.0	0.0	0.0	0.0	0.0	0.0	0.0	0.0	0.0	0.0	0.0	0.0	0.0	0.0	0.0	0.0	0.0	0.0	0.0	0.0	0.0	0.0	0.0	0.0	0.0	0.0	0.0	0.0	0.0	0.0	0.0	0.0	0.0	0.0	0.0
ZJH_N14_1_4	0.0	0.0	0.0	0.0	0.0	0.0	0.0	0.0	0.0	0.0	0.0	49.36853333333334	0.0	0.0	0.0	0.0	0.0	0.0	0.0	2.40407	1.88283	0.0	0.0	0.0	0.0	0.0	49.36853333333334	0.702073	19.398775	0.0	0.478686	0.0	0.59038	0.0	0.622292	59.9236	0.654205	0.654205	0.0	15.900400000000001	0.0	0.0	0.0	0.0	0.0	0.0	0.303168	0.6063363333333333	0.0	0.42283980000000004	0.2988163636363636	0.0	9.7652	0.0	0.0	37.34283333333333	37.4014	0.0	0.0	20.1028125	0.0	0.0	19.8655	0.0	0.0	0.0	0.0	0.0	0.0	0.0	0.558467	0.0	1.10098	0.0	0.0	0.0	0.0	0.0	0.0	0.654205	0.0	0.861636	0.0	0.0	0.0	0.0	0.0	0.382949	0.0	0.0	0.398905	0.0	0.0	0.0	0.0	0.0	0.0	0.0	0.7845135000000001	44.6934	0.0	0.0	0.0	0.0	7.0486492499999995	15.913649999999999	0.0	0.0	0.0	0.0	0.0	34.8962	0.366993	1.21267	0.7038463333333334	0.0	0.0	0.0	0.0	0.0	0.0	0.670161	0.0	0.478686	0.0	0.0	0.0	0.0	1.03715	0.0	0.0	0.0	0.0	0.0	23.7428	0.638249	0.0	54.12611666666667	54.1394	47.8048	0.0	0.0	0.0	0.0	0.0	0.0	0.0	0.0	0.0	0.0	17.150299999999998	0.0	0.0	28.2457	0.0	0.0	122.98249999999999	7.579212	0.0	0.0	0.0	0.0	0.0	0.0	0.0	0.478686	0.0	0.877592	1.4775448	0.0	1.1296979999999999	10.717266666666667	0.0	0.0	0.0	0.0	0.0	0.0	0.0	0.0	0.0	0.0	0.0	0.0	0.0	5.47298	0.303168	0.59038	0.0	0.0	0.558467	70.9094	70.8934	0.0	0.239343	0.319124	27.4766	0.0	0.0	12.9405	0.0	52.92676	71.6753	3.7337515	0.430818	0.0	0.0	14.488233333333334	0.0	0.0	0.0	0.0	0.0	0.0	0.0	0.0	0.0	0.0	0.0	0.0	0.0	0.0	0.0	0.207431	0.0	0.0	0.0	0.8456789999999998	0.5707417692307692	0.0	0.0	0.0	0.7615465454545455	0.0	0.0	0.0	0.0	0.0	0.0	0.0	0.0	0.0	4.739	0.223387	0.829723	0.0	30.7157	0.0	0.0	0.0
ZJH_N14_2_2	0.0	0.0	0.0	0.0	0.0	0.0	0.0	0.0	0.0	0.0	0.0	0.0	0.0	0.0	5.485225	3.32019	4.170985	5.125534999999999	0.0	155.952	0.0	12.7412	0.0	6.43286	0.0	0.0	0.0	25.9805	0.0	13.706175	28.138600000000004	0.0	34.5299	0.0	0.0	5.955585	25.2334	0.0	0.0	1.68084	0.0	0.0	0.0	0.0	0.0	0.0	17.929	35.3185	0.0	0.0	28.301820000000003	0.0	2.19962	28.961706666666668	6.110422307692308	7.44275	7.51192	30.785653125	15.819930606060607	4.73127	18.8421	0.0	4.31624	47.2297	0.0	0.0	0.0	0.0	4.56526	33.8244	48.2257	2.15812	66.6527	0.954554	0.996056	0.0	0.0	0.0	0.0	37.6703	12.0357	44.7395	0.0	0.0	0.0	93.83401333333333	25.129675	12.5337	15.2314	0.0	23.34505	22.266	10.6661	9.75305	0.0	0.0	0.0	0.0	45.7494	13.0732	1.7431	0.0	0.0	0.0	54.8297625	59.223833333333324	0.0	0.0	0.0	0.0	0.0	6.55737	0.0	0.0	0.0	0.0	0.0	0.0	0.0	0.0	0.0	26.852	41.3363	24.2374	0.0	0.0	0.0	0.0	65.6567	22.4943	0.0	0.0	0.0	0.0	0.0	48.0597	0.0	9.040593333333334	9.006005	7.760935	0.0	0.0	0.0	0.0	0.0	0.0	0.0	0.0	0.0	1.66009	0.0	0.0	0.0	0.0	0.0	0.0	16.6839	20.68889	0.0	0.0	10.2926	0.0	14.0278	0.0	24.1544	22.2037	20.6267	30.0062	88.23715	14.3598	65.38275999999999	33.879733333333334	0.0	0.0	51.7119	0.0	0.0	0.0	0.0	0.0	0.0	0.0	0.0	0.0	0.0	0.0	14.6088	32.3303	22.4113	29.8817	28.4291	0.0	0.0	0.0	2.3033799999999998	3.36169	0.0	17.265	28.1386	2.57314	0.0	72.940325	58.2693	3.79746	12.7412	12.4092	0.0	0.0	0.0	0.0	0.0	0.0	0.0	0.0	0.0	0.0	63.2081	0.0	0.0	0.0	0.0	0.0	0.0	14.7333	7.8646899999999995	0.0	0.0	8.713685652173915	0.0	0.0	0.0	0.0	0.0	0.0	0.0	0.0	0.0	0.0	0.0	0.0	0.0	0.0	66.1132	21.8302	21.60196	0.0	21.1662	0.0	0.0	0.0
ZJH_N14_2_3	0.0	0.0	0.0	0.0	0.0	0.0	0.0	0.0	0.0	0.0	13.5547	0.0	0.0	0.0	3.590643684210526	2.43536	3.12432	3.6210050000000003	0.0	15.039433333333333	12.273	1.53812	0.0	4.892652105263158	0.0	0.0	0.0	8.74808	0.0	5.1083875	9.67737	0.0	3.71713	0.0	0.0	0.0	0.0	0.0	0.0	0.0	0.0	0.0	0.0	0.0	0.0	0.0	1.53812	4.96686	0.0	0.0	3.211821923076923	0.0	0.0	2.1196685185185187	4.5157796153846155	0.0	0.0	4.188958620689655	1.710214074074074	0.0	1.6663	0.0	0.0	5.2873	0.0	0.0	0.0	0.0	0.0	8.42764	3.78122	0.0	5.35139	0.0	0.0	0.0	0.0	0.0	0.0	3.5141899999999997	1.05746	4.55029	0.0	0.0	0.0	4.370835333333333	122.249	1.24973	1.60221	0.0	2.11492	2.0187850000000003	0.640885	0.640885	0.0	0.0	0.0	0.0	4.358016666666667	0.0	0.0	0.0	0.0	0.0	19.37473875	6.040345	0.0	0.0	0.0	0.0	0.0	0.0	0.0	0.0	0.0	0.0	0.0	0.0	0.0	0.0	0.0	2.05083	4.87073	2.5315	0.0	0.0	0.0	0.0	5.31935	1.85857	0.0	0.0	0.0	0.0	0.0	4.80664	0.0	0.0	0.0	0.0	0.0	0.0	0.0	0.0	0.0	0.0	0.0	0.0	0.0	0.0	0.0	0.0	0.0	0.0	0.0	0.0	0.0	4.64642	0.0	0.0	0.0	0.0	0.0	0.0	1.98674	1.98674	2.33923	3.07625	10.749618846153847	1.05746	6.6395740000000005	5.367415	0.0	0.0	102.702	0.0	0.0	0.0	0.0	0.0	0.0	0.0	0.0	0.0	0.0	0.0	1.98674	4.32598	1.9547	2.56354	2.30719	0.0	0.0	0.0	46.928799999999995	62.1979	0.0	1.98674	3.04421	0.0	0.0	83.98780000000001	0.0	0.737018	2.46741	1.3779	0.0	0.0	0.0	0.0	0.0	0.0	0.0	0.0	0.0	0.0	7.49836	0.0	0.0	0.0	0.0	0.0	0.0	0.0	1.24973	0.0	0.0	95.15199130434783	0.0	0.0	0.0	0.0	0.0	0.0	0.0	1.1820766666666667	0.0	0.0	0.0	0.0	50.1813	50.8222	19.579	1.57017	4.10167	0.0	0.0	0.0	0.0	0.0
ZJH_N14_2_4	0.0	0.0	0.0	0.0	0.0	0.0	0.0	0.0	0.0	0.0	0.0	0.0	0.315431	0.315431	0.0	0.0	0.0	0.0	0.0	264.505	199.4	29.4298	14.6202	0.0	0.0	0.0	0.0	0.0	0.0	0.0	0.0	0.0	56.0049	0.0	0.0	0.0	0.0	37.284	0.0	0.0	0.0	0.0	0.0	0.0	0.0	0.0	34.5871	78.4793	0.0	0.0	45.83936060606061	0.0	0.0	43.496996875	0.0	0.0	0.0	62.74208529411765	32.813159999999996	0.0	28.1207	0.0	0.0	91.6959	0.0	0.0	0.0	0.0	0.709721	0.0	79.4099	36.3535	132.497	0.0	0.0	0.268117	0.23657399999999998	0.0	1.0567	63.80126666666666	22.2379	77.2176	0.0	0.0	0.0	0.0	0.0	29.7452	32.4894	0.0	45.572	39.68915	23.50486666666667	20.7554	0.0	0.0	0.0	0.0	87.456	0.0	0.0	0.0	0.0	0.0	106.25108875	123.7595	0.0	0.0	0.0	0.0	0.0	0.0	0.0	0.0	0.0	0.0	0.0	0.0	0.0	0.0	0.0	54.2069	66.7138	50.4059	0.457376	0.4179465	0.757035	0.0	112.167	44.5231	0.0	0.0	0.0	0.0	0.0	88.2262	0.0	0.0	0.0	0.0	0.0	0.0	0.0	0.0	0.0	0.0	0.0	0.0	0.0	6.2692	0.0	0.0	0.0	0.0	1.033035	0.0	0.0	64.7896	0.0	0.0	22.1117	0.0	0.0	0.0	47.7721	54.7747	44.3339	66.53886363636364	159.97946153846155	26.2754	99.45553	96.16714999999999	0.0	0.0	0.0	0.0	0.0	1.11978	0.0	0.0	0.0	0.0	0.0	0.0	0.0	0.0	33.0099	63.244	36.4323	52.83475	74.1422	0.0	0.0	0.0	0.0	0.0	0.0	31.969	47.507925	0.0	0.0	113.97066666666666	15.3615	17.9796	18.9574	30.865	0.0	0.0	185.805	0.0	0.0	0.0	0.0	0.0	0.0	0.0	113.997	0.0	0.0	0.0	0.0	32.1109	0.0	24.9664	16.646900000000002	0.0	0.0	0.0	0.0	0.0	0.0	0.0	0.0	0.0	0.8891226249999999	1.9806458333333332	0.0	0.0	0.0	0.0	0.0	0.0	113.555	37.0317	77.123	0.0	0.0	0.0	0.0	0.0
ZJH_N15_1_2	0.0	0.0	0.0	0.0	0.0	0.0	0.0	0.0	0.0	0.0	0.0	0.0	0.0	0.0	0.0	0.0	0.0	0.0	0.0	0.0	0.0	0.0	0.0	0.0	0.0	0.0	0.0	0.0	0.0	0.0	0.0	0.0	0.0	0.0	0.0	0.0	0.0	0.0	0.0	0.0	0.0	0.0	0.0	0.0	0.0	0.0	0.0	0.0	0.0	0.0	0.0	0.0	0.0	0.0	0.0	0.0	0.0	0.0	0.8838220769230769	0.0	0.0	0.0	0.0	0.0	0.0	0.0	0.0	0.0	0.0	0.0	0.0	0.0	0.0	0.0	0.0	0.0	0.0	0.0	0.0	0.0	0.0	0.0	0.0	0.0	12.904064285714286	0.0	0.0	0.0	0.0	0.0	0.0	0.0	0.0	0.0	0.0	0.0	0.0	0.0	0.0	0.0	0.0	0.0	0.0	0.0	0.0	0.0	0.0	0.0	0.0	0.0	0.0	0.0	0.0	0.0	0.0	0.0	0.0	0.0	0.0	0.0	0.0	0.0	0.0	0.0	0.0	0.0	0.0	0.0	0.0	0.0	0.0	0.0	0.0	0.0	0.0	0.0	0.0	0.0	0.0	0.0	0.0	0.0	0.0	0.0	0.0	0.0	0.0	0.0	0.0	0.0	0.0	0.0	0.0	0.0	0.0	0.0	0.0	0.0	0.0	0.0	0.0	0.0	0.0	0.0	0.0	0.0	0.0	0.0	0.0	0.0	2.79582	0.0	0.0	2.33624	0.0	0.0	0.0	0.0	0.0	0.0	0.0	0.0	0.0	0.0	0.0	0.0	0.0	0.0	0.0	0.0	0.0	0.0	0.0	0.0	0.0	0.0	0.0	0.0	0.0	0.0	5.13206	0.0	0.0	0.0	0.0	0.0	0.0	0.0	0.0	0.0	0.0	0.0	0.0	0.0	0.0	0.0	0.0	0.0	0.0	0.0	0.0	0.0	0.0	0.0	0.0	0.0	0.0	0.0	0.0	0.0	0.0	0.0	0.0	0.0	0.0	0.0	0.0	0.0	0.0	0.0	0.0	0.0	1.26387	0.0	0.0	0.0	0.0	0.0	0.0	0.0
ZJH_N15_1_4	0.0	0.0	0.0	0.0	0.0	0.0	0.0	0.0	0.0	0.0	0.0	14.6582	7.69445	7.691963333333334	0.0	0.0	0.0	0.0	0.0	0.0	0.0	0.0	0.0	0.0	0.0	0.0	14.6582	0.0	0.0	0.0	0.0	0.0	0.0	0.0	0.0	25.02185	0.0	0.0	0.0	0.0	0.0	0.0	0.0	0.0	0.0	0.0	0.0	0.0	0.0	0.0	0.0	0.0	1.10347	0.0	0.0	4.95069	5.4726	0.0	0.0	3.47816	0.0	0.0	0.0	0.0	0.0	0.0	0.0	0.0	14.277954999999999	0.0	0.0	0.0	0.0	0.0	27.5569	3.95161	3.2159600000000004	2.14729	26.7218	0.0	0.0	0.0	0.0	0.0	0.283323	23.764306666666666	0.0	0.0	0.0	0.0	0.0	0.0	0.0	0.0	4.197649999999999	0.0	0.0	0.0	0.0	99.491	13.2863	50.506	20.8317	0.0	67.21703333333333	76.2436	0.469719	0.0	0.0	0.0	0.0	49.5367	0.0	0.0	0.0	0.0	0.0	0.0	0.0	0.0	0.0	0.0	0.0	0.0	11.7355	6.98614	13.4802	0.0	0.0	0.0	0.0	0.0	0.0	0.0	8.94703	0.0	0.0	29.26178333333333	29.3761	25.41705	2.184565	22.2334	0.0	0.0	56.754	0.0	0.0	0.0	0.0	0.0	0.0	0.0	0.0	0.0	21.137349999999998	0.0	52.951499999999996	21.279	0.0	0.0	0.0	0.0	0.0	0.0	0.0	0.0	0.0	0.0	0.0	0.0	46.7333	35.8179	0.0	0.0	0.0	0.0	0.0	24.4701	0.0	0.0	0.0	0.0	0.0	0.0	0.0	4.8314	0.0	0.0	0.0	0.0	0.0	104.3895	104.2925	0.0	0.0	0.0	4.27966	0.0	0.0	13.7039	10.4531	173.36366666666666	168.4875	9.69262	0.0	0.0	0.0	0.0	0.0	0.0	0.0	0.0	0.0	0.0	0.0	0.0	0.0	0.0	0.0	0.0	0.0	0.0	0.0	0.0	0.0	0.0	0.0	0.0	0.0	0.0	0.0	0.0	0.0	0.0	19.120562500000002	53.329428125	0.0	0.0	0.0	0.0	0.0	0.0	0.0	0.0	35.7285	0.0	45.8088	0.0	0.0	0.0
ZJH_N16_1_2	0.0	0.0	0.0	0.0	0.0	0.0	0.0	0.0	0.0	0.0	0.0	3.497253333333333	0.0	0.0	0.0	0.0	0.0	0.0	0.0	0.0	0.0	0.0	0.0	0.0	0.0	0.0	3.497253333333333	0.0	0.0	0.0	0.0	0.0	0.0	0.0	0.0	0.0	0.0	0.0	0.0	0.0	0.0	0.0	0.0	0.0	0.0	0.0	0.0	0.0	0.0	0.0	0.0	0.0	0.0	0.0	0.0	0.0	0.0	0.0	0.0	0.0	0.0	0.0	0.0	0.0	0.0	0.0	0.0	0.0	0.0	0.0	0.0	0.0	0.0	0.0	0.0	0.0	0.0	0.0	0.0	0.0	0.0	0.0	0.0	0.0	0.0	0.0	0.0	0.0	0.0	0.0	0.0	0.0	0.0	0.0	0.0	0.0	0.0	0.0	0.0	0.0	0.0	0.0	0.0	0.0	0.0	0.0	0.0	0.0	0.0	0.0	0.0	0.0	0.0	0.0	0.0	0.0	0.0	0.0	0.0	0.0	0.0	0.0	0.0	0.0	0.0	0.0	0.0	0.0	0.0	0.0	0.0	0.0	0.0	0.0	0.0	0.0	0.0	0.0	0.0	0.0	0.0	0.0	11.993019047619047	0.0	0.0	0.0	0.0	0.0	0.0	0.0	0.0	0.0	0.0	0.0	0.0	14.719	0.0	0.0	0.0	0.0	0.0	0.0	0.0	0.0	0.0	0.0	0.0	0.0	0.0	0.0	35.6007	0.0	0.0	31.152716666666667	0.0	16.930274999999998	0.0	0.0	0.0	0.0	0.0	0.0	0.0	0.0	0.0	0.0	0.0	0.0	12.579899999999999	0.0	0.0	0.0	0.0	0.0	0.0	0.0	0.0	0.0	0.0	0.0	48.8427	0.0	0.0	0.0	0.0	0.0	0.0	0.0	0.0	0.0	0.0	0.0	0.0	0.0	0.0	0.0	0.0	0.0	0.0	0.0	0.0	0.0	0.0	0.0	0.0	0.0	0.0	0.0	0.0	0.0	0.0	0.0	0.0	0.0	0.0	0.0	0.0	0.0	0.0	0.0	0.0	0.0	0.0	0.0	0.0	0.0	0.0	0.0	0.0	0.0
ZJH_N16_1_3	0.0	0.0	0.0	0.0	0.0	0.0	0.0	0.0	0.0	0.0	0.0	0.0	0.0	0.0	0.0	0.0	0.0	0.0	0.0	0.0	0.0	0.0	0.0	0.0	0.0	0.0	0.0	0.0	0.0	0.0	0.0	0.0	0.0	0.0	0.0	0.0	0.0	0.0	0.0	0.0	0.0	0.0	0.0	0.0	0.0	0.0	0.0	0.0	0.0	0.0	0.0	0.0	0.0	0.0	0.0	0.0	0.0	0.0	0.0	0.0	0.0	0.0	0.0	0.0	0.0	0.0	0.0	0.0	0.0	0.0	0.0	0.0	0.0	0.0	0.0	0.0	0.0	0.0	0.0	0.0	0.0	0.0	0.0	0.0	0.0	2.0777653333333332	0.0	0.0	0.0	0.0	0.0	0.0	0.0	0.0	0.0	0.0	0.0	0.0	0.0	0.0	0.0	0.0	0.0	0.0	0.0	0.0	0.0	0.0	0.0	0.0	0.0	0.0	0.0	0.0	0.0	0.0	0.0	0.0	0.0	0.0	0.0	0.0	0.0	0.0	0.0	0.0	0.0	0.0	0.0	0.0	0.0	0.0	0.0	0.0	0.0	0.0	0.0	0.0	0.0	0.0	0.0	0.0	9.583063333333333	0.0	0.0	0.0	0.0	0.0	0.0	0.0	0.0	0.0	0.0	0.0	0.0	14.8963	0.0	0.0	0.0	0.0	0.0	0.0	0.0	0.0	0.0	0.0	0.0	0.0	0.0	0.0	31.8896	0.0	0.0	29.15375	0.0	15.62658	0.0	0.0	0.0	0.0	0.0	0.0	0.0	0.0	0.0	0.0	0.0	0.0	11.1722	0.0	0.0	0.0	0.0	0.0	0.0	0.0	0.0	0.0	0.0	0.0	38.253	0.0	0.0	0.0	0.0	0.0	0.0	0.0	0.0	0.0	0.0	0.0	0.0	0.0	0.0	0.0	0.0	0.0	0.0	0.0	0.0	0.0	0.0	0.0	0.0	0.0	0.0	0.0	0.0	0.0	0.0	0.0	0.0	0.0	0.0	0.0	0.0	0.0	0.0	0.0	0.0	0.0	0.0	0.0	0.0	0.0	0.0	0.0	0.0	0.0
ZJH_N16_2_2	0.0	0.0	0.0	0.0	0.0	0.0	0.0	0.0	0.0	0.0	0.0	5.57208	0.0	0.0	0.0	0.0	0.0	0.0	0.0	6.47566	0.0	0.0	0.0	0.0	8.6593125	0.0	5.57208	3.26293	0.0	1.00398	3.56412	0.0	1.50597	0.0	0.0	12.750499999999999	0.0	0.0	0.0	0.0	0.0	0.0	0.0	0.0	0.0	0.0	0.853381	2.0246933333333335	0.0	0.0	0.0	0.0	3.31313	0.0	0.0	13.051700000000002	13.8549	0.0	1.0310106923076923	3.6833449999999996	0.0	4.06611	0.0	0.0	0.0	0.0	0.0	0.0	0.0	0.0	1.70676	0.0	3.01193	0.0	7.32904	0.0	0.0	0.0	0.0	0.0	0.702785	2.25895	0.0	0.0	0.0	107.58953333333334	0.0	0.752984	0.652586	0.0	0.0	1.60637	0.0	0.0	4.31711	0.0	0.0	0.0	2.166916666666667	49.1949	7.52984	45.4802	10.592	0.0	9.579625	18.5234	0.652586	0.0	0.0	0.0	0.0	21.7863	1.50597	4.5681	2.25895	0.0	0.0	0.0	0.0	0.0	0.0	0.0	0.0	0.0	0.0	0.0	0.0	0.0	2.86134	1.40557	0.0	0.0	0.0	0.0	9.4374	2.15855	0.0	41.25513333333333	41.3137	37.1723	0.0	14.6079	3.779259523809524	0.0	0.0	0.7278845	0.0	0.0	0.652586	0.0	0.0	0.0	0.0	0.0	0.0	6.22466	21.008200000000002	7.479635	0.0	0.0	0.0	0.0	0.0	0.0	0.0	0.0	0.953779	0.0	3.5159308	0.0	4.216708333333333	7.4963533333333325	0.0	13.495133333333333	0.0	6.764302499999999	0.0	0.0	0.0	0.0	0.0	0.0	0.0	0.0	0.0	0.0	0.652586	0.0	4.4426000000000005	0.0	1.85736	34.6874	34.6623	1.15457	1.0541745	1.65656	3.71472	0.0	0.0	8.88521	15.7123	71.6338	119.022	7.12824	1.00398	0.0	0.0	0.0	0.0	0.0	0.0	0.0	0.0	0.0	0.0	0.0	0.0	0.0	0.0	0.0	0.0	0.0	0.0	1.05418	0.0	0.0	0.0	3.36333	1.6411146153846152	0.0	0.0	0.0	2.71074	0.0	0.0	0.0	0.0	0.0	0.0	0.0	1.15457	0.0	9.53779	0.853381	11.319835000000001	0.0	62.6482	0.0	0.0	0.0
ZJH_N16_2_3	0.0	0.427841	0.0	0.0	0.0	0.0	0.0	0.0	0.0	0.0	0.0	0.0	0.0	0.0	0.0	0.0	0.0	0.0	0.0	21.1679	15.4328	0.0	1.40576	0.0	0.0	0.0	0.0	6.60097	0.0	2.32256	5.824745999999999	0.0	2.35312	0.0	3.97281	0.0	4.21729	3.91168	0.794561	0.0	0.0	0.0	0.33616	0.3056	0.0	0.0	1.528	3.682485	0.0	2.959226666666667	1.0487638636363636	0.0	0.0	0.0	0.0	0.0	0.0	0.0	4.6080185714285715	0.0	0.0	0.0	0.0	0.0	0.0	0.0	1.80304	0.0	0.0	0.0	5.62305	0.0	8.55681	0.0	0.0	0.0	0.0	0.0	0.0	4.92017	1.65024	6.17313	0.0	0.0	0.0	12.37072	2.87264	2.01696	2.23088	0.0	3.2851999999999997	3.11712	0.0	0.0	0.0	0.0	0.0	1.3599199999999998	6.2240633333333335	0.0	0.0	0.0	0.0	0.0	9.52709625	11.29195	0.0	0.0	0.0	0.0	0.0	0.0	3.48384	8.28177	6.023725555555555	0.0	0.0	0.0	0.0	0.0	0.0	3.33104	0.0	1.92528	0.0	0.0	0.0	0.0	8.03729	1.58912	0.0	0.0	0.0	0.672321	0.0	6.14257	0.0	0.0	0.0	0.0	0.0	0.0	0.0	0.0	2.47536	1.7622933333333333	0.0	0.0	0.0	0.0	0.0	0.0	0.0	0.0	0.0	0.0	0.0	4.09505	0.0	0.0	1.34464	1.92528	2.81152	0.0	0.0	2.87264	2.84208	3.511621818181818	9.465382307692307	2.1392	7.450538	6.9982500000000005	0.0	0.0	16.808	0.0	0.0	0.0	0.0	0.0	0.0	0.0	0.0	0.0	0.0	0.0	1.86416	2.99488	0.0	0.641761	4.09505	0.794561	0.794561	0.0	3.42272	5.07297	0.0	0.0	0.0	0.0	0.519521	14.05765	0.0	0.702881	1.92528	1.58912	0.0	0.0	0.0	0.0	0.0	0.0	0.0	0.0	0.0	0.0	3.08656	0.0	0.0	0.0	0.0	0.825121	0.0	1.77248	1.72664	0.0	0.0	9.339411739130435	6.434065384615384	0.0	0.0	0.0	8.123413636363637	0.0	0.0	0.0	0.0	0.0	0.0	0.0	0.0	0.0	10.0848	3.33104	5.89809	1.1867466666666668	1.71136	0.0	0.0	0.0
ZJH_N16_2_4	0.0	8.2698	0.0	0.0	0.0	0.0	0.0	0.0	0.0	0.0	0.0	0.56492	0.0	0.0	0.0	0.0	0.0	0.0	0.0	321.288	227.992	21.7808	22.8322	0.0	0.0	0.0	0.56492	52.086425	0.0	32.374341666666666	48.281859999999995	0.0	54.8914	25.745733333333334	76.8919	0.0	78.571	73.3298	20.551566666666666	0.0	8.4895	0.0	9.9018	8.53657	0.0	0.0	44.3149	71.2427	0.0	40.58009393939394	61.175178125	0.0	0.0	0.0	0.0	0.0	0.0	7.9721425	31.486038684210527	0.0	0.0	0.0	0.0	21.8279	0.0	0.0	41.6158	0.0	0.0	0.0	90.3559	10.0116	149.123	0.0	0.0	0.0	0.0	0.0	0.0	69.07196666666667	28.1989	81.5839	0.0	0.0	0.0	0.0	0.0	37.9281	41.6001	0.0	50.1288	44.8013	8.065806666666667	9.00734	0.0	0.0	0.0	19.4584	99.03356666666667	0.0	0.0	0.0	0.0	0.0	146.17514285714284	152.607	0.0	0.0	0.0	0.0	0.0	0.0	49.6345	160.688	131.08411111111113	0.0	0.0	0.0	0.0	0.0	0.0	63.8674	39.6072	49.9484	0.0	0.0	0.0	0.0	136.067	34.9152	0.0	0.0	0.0	16.0688	0.0	106.707	0.0	0.0	0.0	0.0	0.0	0.0	0.0	0.0	0.0	12.956533333333333	0.0	0.0	0.0	2.330295	0.0	0.0	0.0	0.0	0.0	0.643381	0.0	71.6193	0.0	0.0	30.0035	31.4158	47.5318	0.0	19.631	56.0526	49.3677	71.71204545454545	190.46257692307694	26.7396	111.20816333333333	110.01050000000001	0.0	0.0	0.0	0.0	0.0	0.0	27.5399	15.9276	7.64212	15.0018	6.15135	12.1301	21.9848	0.0	41.1764	54.609	3.5882903333333336	14.0916	88.002	0.0	0.0	0.0	36.2726	48.1908	0.0	14.531	0.0	0.0	1.66338	201.041	0.0	22.0005	22.7694	34.2875	0.0	0.0	0.0	0.0	0.0	0.0	0.0	0.0	0.0	0.0	79.3399	21.106	22.942	6.93597	35.0721	20.1488	26.1433	32.5614	22.6674	0.0	0.0	100.3409	50.46256923076923	0.0	0.0	0.0	67.61921818181817	0.0	0.0	0.0	0.0	0.0	0.0	0.0	0.0	0.0	135.173	41.3804	85.758	0.0	0.0	21.9064	20.651	0.0
ZJH_N17_1_2	0.0	0.0	0.0	0.0	0.0	0.0	0.0	0.0	0.0	0.0	0.0	0.0	0.0	0.0	59.83181499999999	38.9086	50.6944	61.01605	0.0	0.0	0.0	0.0	0.0	68.73942105263158	0.35592	0.0	0.0	0.0	0.0	0.307386	0.258851	0.0	0.0	0.0	0.0	0.8655335	0.0	0.0	0.0	0.0	0.0	0.0	0.0	0.0	0.0	0.0	0.0	0.0	0.0	0.0	0.0	0.0	0.0	0.0	84.70902692307692	0.0	0.0	0.0	0.0	0.0	0.0	0.0	0.307386	0.0	0.0	0.0	0.0	0.0	0.0	0.0	0.0	0.0	0.0	0.0	0.35592	0.0	0.0	0.0	0.0	0.0	0.0	0.0	0.0	0.0	0.0	2.785888	87.283375	0.0	0.0	0.0	0.0	0.0	0.0	0.0	0.0	0.0	0.0	0.0	0.0	6.26096	0.404455	0.0	0.0	0.0	103.49187500000001	2.8959	0.0	0.0	0.0	0.0	0.0	0.0	0.0	0.0	0.0	0.0	0.0	0.0	0.0	0.0	0.0	0.0	0.0	0.0	0.0	0.0	0.0	0.0	0.0	0.0	0.0	0.0	0.0	0.0	0.0	0.0	0.0	1.68253	1.68253	1.45604	0.0	0.0	0.0	0.0	0.0	0.0	0.0	0.0	0.0	0.0	0.0	0.0	0.0	0.0	0.0	0.0	1.37515	0.679484	0.0	0.0	0.0	0.0	0.0	0.0	0.0	0.0	0.0	0.0	0.0	0.0	0.0	0.71184	0.0	0.0	325.473	0.0	0.0	0.0	0.0	0.0	0.0	0.0	0.0	0.0	0.0	0.0	0.0	0.0	0.0	0.0	0.0	1.66635	1.66635	0.0	32.2027	46.9491	0.0	0.0	0.0	0.307386	0.0	314.067	0.0	0.210316	0.0	0.0	0.0	0.0	0.0	0.0	0.0	0.0	0.0	0.0	0.0	0.0	0.0	0.0	0.0	0.0	0.0	0.0	0.0	0.0	0.0	0.0	0.0	82.2435695652174	0.0	0.0	0.0	0.0	0.0	0.0	0.0	0.0	0.0	0.0	0.0	0.0	0.0	0.0	0.0	0.0	0.80891	0.0	4.43282	0.0	0.0	0.0
ZJH_N17_1_3	0.0	0.0	0.0	0.0	0.0	0.0	0.0	0.0	0.0	0.0	0.0	0.0	0.0	0.0	0.0	0.0	0.0	0.0	0.0	0.0	0.0	0.0	0.0	0.0	0.0	0.0	0.0	0.0	0.0	0.0	0.0	0.0	0.0	0.0	0.0	0.0	0.0	0.0	0.0	0.0	0.0	0.0	0.0	0.0	0.0	0.0	0.0	0.0	0.0	0.0	0.0	0.0	0.0	0.0	0.0	0.0	0.0	0.0	0.0	0.0	0.0	0.0	0.0	0.0	0.0	0.0	0.0	0.0	0.0	0.0	0.0	0.0	0.0	0.0	0.0	0.0	0.0	0.0	0.0	0.0	0.0	0.0	0.0	0.0	0.0	0.0	0.0	0.0	0.0	0.0	0.0	0.0	0.0	0.0	0.0	0.0	0.0	0.0	0.0	0.0	0.0	0.0	0.0	0.0	0.0	0.0	0.0	0.0	0.0	0.0	0.0	0.0	0.0	0.0	0.0	0.0	0.0	0.0	0.0	0.0	0.0	0.0	0.0	0.0	0.0	0.0	0.0	0.0	0.0	0.0	0.0	0.0	0.0	0.0	0.0	0.0	0.0	0.0	0.0	0.0	0.0	0.0	0.0	0.0	0.0	0.0	0.0	0.0	0.0	0.0	0.0	0.0	0.0	0.0	0.0	0.0	0.0	0.0	0.0	0.0	0.0	0.0	0.0	0.0	0.0	0.0	0.0	0.0	0.0	0.0	0.0	0.0	0.0	0.0	0.0	0.0	0.0	0.0	0.0	0.0	0.0	0.0	0.0	0.0	0.0	0.0	0.0	0.0	0.0	0.0	0.0	0.0	0.0	0.0	0.0	0.0	0.0	0.0	0.0	0.0	0.0	0.0	0.0	0.0	0.0	0.0	0.0	0.0	0.0	0.0	0.0	0.0	0.0	0.0	0.0	0.0	0.0	0.0	0.0	0.0	0.0	0.0	0.0	0.0	0.0	0.0	0.0	0.0	0.0	0.0	0.0	0.0	0.0	0.0	0.0	0.0	0.0	0.0	0.0	0.0	0.0	0.0	0.0	0.0	0.0	0.0	0.0	0.0	0.0	0.0
ZJH_N17_1_4	0.0	0.0	0.0	0.0	0.0	0.0	0.0	0.0	0.0	0.0	0.0	0.0	27.1282	27.172983333333335	0.0	0.0	0.0	0.0	0.0	0.0	0.0	0.0	0.0	0.0	0.0	0.0	0.0	0.0	0.0	0.0	0.0	0.0	0.0	0.0	0.0	0.0	0.0	0.0	0.0	0.0	0.0	0.0	0.0	0.0	0.0	0.0	0.0	0.0	0.0	0.0	0.0	0.0	0.0	0.0	0.0	0.0	0.0	0.0	0.0	0.0	0.0	0.0	0.0	0.0	0.0	0.0	0.0	0.0	66.4945	0.0	0.0	0.0	0.0	0.0	0.0	0.0	0.0	8.19914	78.1605	0.0	0.0	0.0	0.0	0.0	0.0	0.0	0.0	0.0	0.0	0.0	0.0	0.0	0.0	0.0	0.0	0.0	0.0	0.0	0.0	0.0	0.0	0.0	0.0	0.0	128.98499999999999	0.0	0.0	0.0	0.0	0.0	0.0	0.0	0.0	0.0	0.0	0.0	0.0	0.0	0.0	0.0	0.0	0.0	0.0	0.0	36.8355	28.12495	43.2492	0.0	0.0	0.0	0.0	0.0	0.0	0.0	0.0	0.0	0.0	0.0	0.0	0.0	0.0	0.0	0.0	0.0	0.0	0.0	0.0	0.0	0.0	0.0	0.0	0.0	0.0	0.0	67.37854999999999	0.0	0.0	0.0	0.0	0.0	0.0	0.0	0.0	0.0	0.0	0.0	0.0	0.0	0.0	0.0	137.028	0.0	0.0	0.0	0.0	0.0	0.0	86.1343	0.0	0.0	0.0	0.0	0.0	0.0	0.0	0.0	0.0	0.0	0.0	0.0	0.0	0.0	0.0	0.0	0.0	0.0	0.0	0.0	0.0	0.0	13.1394	246.945	244.795	0.0	0.0	0.0	0.0	0.0	0.0	0.0	0.0	0.0	0.0	0.0	0.0	0.0	0.0	0.0	0.0	0.0	0.0	0.0	0.0	0.0	0.0	0.0	0.0	0.0	0.0	0.0	0.0	0.0	0.0	0.0	54.13945	66.71722727272729	0.0	0.0	0.0	0.0	0.0	0.0	0.0	0.0	0.0	0.0	0.0	0.0	0.0	0.0
ZJH_N17_2_2	0.0	0.0	0.0	0.0	0.0	0.0	0.0	0.0	0.0	0.0	0.634708	0.0	0.0	0.0	1.0956275714285715	0.0	0.775754	1.02259	0.0	2.92671	0.0	0.0	0.0	1.4624268421052633	3.0413125	0.0	0.0	3.49089	0.0	1.6631666666666665	2.85619	0.0	0.0	0.0	0.0	3.8964	0.0	0.0	0.0	1.0049555	0.0	0.0	0.0	0.0	0.0	0.0	0.0	0.0	0.0	0.0	0.0	0.0	0.952062	0.0	1.1605627826086957	6.076743333333333	6.06499	0.0	0.0	1.4413125	0.0	1.26942	1.19889	0.0	0.0	0.0	0.0	0.0	1.97465	4.90136	0.0	0.0	0.0	0.0	1.23415	0.0	0.0	0.0	0.0	0.0	0.0	0.0	0.0	0.0	4.324577142857144	135.71466666666666	3.23965625	0.0	0.0	0.0	0.0	0.0	0.0	0.0	0.0	0.0	0.0	0.0	0.0	12.2358	1.09311	0.0	0.0	0.0	10.648985	12.7647	0.0	0.0	0.0	0.0	0.0	5.81816	0.0	0.0	0.0	0.0	0.0	0.0	0.0	0.0	0.0	0.0	0.0	0.0	0.0	0.0	0.0	0.0	0.0	0.0	0.0	0.0	0.0	0.0	0.0	0.0	0.0	4.1256	4.1256	3.80825	0.0	0.0	0.0	0.0	0.0	0.0	0.0	0.0	0.0	0.0	0.0	0.0	0.0	0.0	0.0	0.0	7.08757	2.32726	0.0	0.0	0.0	0.0	0.0	0.0	0.0	0.0	0.0	0.0	0.0	0.0	0.0	3.13828	0.0	0.0	6.98179	0.0	0.0	0.0	0.0	0.0	0.0	0.0	0.0	0.0	0.0	0.0	0.0	0.0	0.0	0.0	0.0	8.49804	8.46278	0.493662	0.0	0.0	0.0	0.634708	0.0	1.55151	3.42037	18.071550000000002	23.1668	1.62203	0.564185	0.0	0.0	0.0	0.0	0.0	0.0	0.0	0.0	0.0	0.0	0.0	0.0	0.0	0.0	0.0	0.0	0.0	0.0	0.0	0.246831	0.0	0.0	1.2632860869565217	0.0	0.0	0.0	0.0	0.0	0.0	0.0	0.0	0.0	0.0	0.0	0.0	3.38511	3.52616	3.9493	0.0	0.952062	0.0	32.5112	0.0	0.0	0.0
ZJH_N17_2_3	0.0	0.0	0.0	0.0	0.0	0.0	0.0	0.0	0.0	0.0	0.0	0.0	0.0	0.0	0.0	0.0	0.0	0.0	0.0	4.596853333333333	3.39173	0.0	0.0	0.0	0.0	0.0	0.0	0.428626	0.0	0.0	0.521805	0.0	0.819979	0.0	1.21133	0.0	1.08088	1.22997	0.366506	0.0	0.0	0.0	0.0	0.0	0.0	0.0	0.652256	0.950431	0.0	0.0	0.0	0.0	0.0	0.0	0.0	0.0	0.0	0.0	0.0	0.0	0.0	0.0	0.0	1.28588	0.0	0.0	0.0	0.0	0.0	0.708164	0.987702	0.0	1.95677	0.0	0.0	0.0	0.0	0.0	0.0	1.0622466666666666	0.0	1.22997	0.0	0.0	9.239407857142856	0.0	0.3657295	0.372718	0.40999	0.0	1.0715599999999998	0.0	0.0	0.0	0.0	0.0	0.0	0.0	1.7176066666666667	0.0	0.0	0.0	0.0	0.0	1.9101766666666666	1.84495	0.0	0.0	0.0	0.0	0.0	0.0	1.22997	2.85129	1.2900188888888888	0.0	0.0	0.0	0.0	0.0	0.0	0.931795	0.0	0.0	0.0	0.0	0.0	0.0	1.9195	0.391354	0.0	0.0	0.0	0.0	0.0	1.06225	0.0	0.0	0.0	0.0	0.0	0.0	0.0	0.0	0.0	0.0	0.0	0.0	0.0	0.0	0.0	0.0	0.0	0.0	0.0	0.0	0.0	0.950431	0.0	0.0	0.0	0.0	0.0	0.0	0.931795	0.689528	0.819979	0.708164	1.8583748	0.0	2.568645	1.444285	0.0	5.059643333333333	0.950431	2.7751941666666666	0.0	0.0	0.0	0.0	0.0	0.0	0.0	0.0	0.0	0.0	0.447261	0.670892	1.0622466666666666	0.652256	1.00634	0.0	0.0	0.0	0.0	0.0	0.0	0.614985	0.0	0.0	11.0325	7.519604999999999	15.3187	0.0	0.260903	0.428626	0.0	0.0	0.0	0.0	0.0	0.0	0.0	0.0	0.0	0.0	0.0	0.0	0.0	0.0	0.0	0.40999	0.0	0.0	0.260903	0.0	0.0	0.0	0.0	0.0	0.0	0.0	0.0	0.0	0.0	0.0	0.0	0.0	0.0	0.0	0.447261	0.0	2.55312	0.577713	1.39769	0.0	0.0	0.0	0.0	0.0
ZJH_N17_2_4	0.0	0.0	0.0	0.0	0.0	0.0	0.0	0.0	0.0	0.0	0.0	0.0	0.0	0.0	0.0	0.0	0.0	0.0	0.0	301.644	213.899	17.4956	0.0	0.0	0.0	0.0	0.0	0.0	0.0	0.0	0.0	0.0	57.326	0.0	58.3568	0.0	57.6123	64.6707	16.3144	0.0	0.0	0.0	0.0	0.0	0.0	0.0	36.3084	45.98676666666666	0.0	0.0	0.0	0.0	0.0	0.0	0.0	0.0	0.0	0.0	0.0	0.0	0.0	0.0	0.0	94.5363	0.0	0.0	0.0	0.0	0.0	0.0	83.9989	0.0	138.261	0.0	0.0	0.0	0.0	0.0	0.0	68.81786666666666	21.7764	78.1145	0.0	0.0	0.0	0.0	0.0	31.8414	36.3084	0.0	47.1321	49.1365	24.28431666666667	22.5782	0.0	0.0	0.0	0.0	96.74355000000001	0.0	0.0	0.0	0.0	0.0	136.6595714285714	139.027	0.0	0.0	0.0	0.0	0.0	0.0	56.9824	159.364	114.55177777777779	0.0	0.0	0.0	0.0	0.0	0.0	66.4174	0.0	60.7478	0.0	0.0	0.0	0.0	123.872	47.1178	0.0	0.0	0.0	0.0	0.0	93.5627	0.0	0.0	0.0	0.0	0.0	0.0	0.0	0.0	0.0	0.0	0.0	0.0	0.0	6.02037	0.0	0.0	0.0	0.0	0.0	0.0	0.0	69.6387	0.0	0.0	0.0	0.0	0.0	0.0	57.4405	62.7522	45.8579	54.47426363636364	155.82288	22.0055	122.369	100.929	0.0	0.0	0.0	0.0	0.0	0.0	0.0	0.0	0.0	0.0	0.0	0.0	0.0	0.0	37.1101	60.2753	35.6354	38.1839	84.9868	0.0	0.0	0.0	0.0	0.0	0.0	31.3976	0.0	0.0	0.0	190.2895	0.0	20.0297	19.8007	35.8788	0.0	0.0	211.98	0.0	0.0	0.0	0.0	0.0	0.0	0.0	126.292	0.0	0.0	0.0	0.0	0.0	0.0	26.902	18.834249999999997	0.0	0.0	0.0	0.0	0.0	0.0	0.0	0.0	0.0	0.0	0.0	0.0	0.0	0.0	0.0	0.0	0.0	128.425	34.2753	83.7125	0.0	0.0	0.0	0.0	0.0
ZJH_N18_1_2	0.0	0.0	0.0	0.0	0.0	0.0	0.0	0.0	0.0	0.0	0.0	0.9947576666666667	0.0	0.0	0.0	0.0	0.0	0.0	0.0	3.887916666666667	3.00706	0.0	0.29615	0.0	1.6914725000000002	0.0	0.9947576666666667	0.478396	0.0	0.0	0.0	0.0	0.706204	0.0	0.774546	2.85899	0.774546	0.774546	0.0	0.0	0.0	0.0	0.0	0.0	0.0	0.0	0.501177	0.0	0.0	0.6788668666666666	0.0	0.0	1.13904	0.0	0.0	2.3919799999999998	2.50588	0.0	0.0	0.956792125	0.0	0.410054	0.0	0.0	0.0	0.0	0.0	0.0	0.0	0.0	1.1846	0.0	2.18695	0.0	1.7769	0.0	0.0	0.0	0.0	0.0	0.0	1.0707	0.0	0.0	0.0	19.47758	0.546738	0.364492	0.0	0.0	0.717594	0.5923	0.0	0.0	0.569519	0.0	0.0	0.0	1.7123566666666667	8.72503	1.73134	16.1288	2.66535	0.0	3.08394375	4.47264	0.0	0.0	0.0	0.0	0.0	4.32835	0.637861	2.18695	1.6857777777777778	0.0	0.0	0.0	0.0	0.0	0.0	0.615081	0.0	0.0	0.0	0.0	0.0	0.0	2.02749	0.0	0.0	0.0	0.0	0.0	0.0	1.00235	0.0	8.819954999999998	8.83894	8.144120000000001	0.0	0.0	0.0	0.0	0.0	0.0	0.0	0.0	0.0	0.0	0.0	0.0	0.0	0.0	0.0	0.0	2.46032	2.050269	0.0	0.0	0.0	0.0	0.0	0.0	0.0	0.0	0.820108	0.751765	1.9491240000000003	0.0	1.316728	1.830053333333333	0.0	0.0	1.04792	0.0	0.0	0.0	0.0	0.0	0.0	0.0	0.0	0.0	0.0	0.0	0.0	0.0	0.0	0.0	0.797327	7.33541	7.324020000000001	0.318931	0.0	0.0	0.751765	0.0	0.0	1.50353	0.432835	15.0353125	19.2953	0.797327	0.341712	0.0	0.0	0.0	0.0	0.0	0.0	0.0	0.0	0.0	0.0	0.0	0.0	0.0	0.0	0.0	0.0	0.0	0.0	0.0	0.318931	0.0	0.0	0.0	0.0	0.0	0.0	0.0	0.0	0.0	0.0	0.0	0.0	0.0	0.0	0.0	0.0	0.0	2.52867	0.751765	2.847595	0.0	25.0361	0.0	0.0	0.0
ZJH_N18_1_3	0.0	0.0	0.0	0.0	0.0	0.0	0.0	0.0	0.0	0.0	0.33715	0.0	0.0	0.0	0.0	0.0	0.0	0.0	0.0	3.796953333333333	0.0	0.0	0.0	0.0	0.0	0.0	0.0	3.27517	0.0	0.9311756666666667	2.33597	0.0	0.0	0.0	0.0	0.0	0.0	0.0	0.0	0.0	0.0	0.0	0.0	0.0	0.0	0.0	0.0	0.9512445	0.0	0.7246532727272728	0.0	0.0	0.0	0.0	0.0	0.0	0.0	0.0	0.0	0.0	0.0	0.0	0.0	0.0	0.0	0.0	0.0	0.0	0.0	1.99882	1.05961	0.0	1.42085	0.0	0.0	0.0	0.0	0.0	0.0	0.0	0.0	1.18002	0.0	0.0	0.0	0.457561	4.06988125	0.0	0.0	0.0	0.770628	0.577971	0.0	0.0	0.0	0.0	0.0	0.0	1.1519283333333334	0.0	0.0	0.0	0.0	0.0	2.6731149999999997	1.89045	0.0	0.0	0.0	0.0	0.0	0.0	0.866957	2.38413	0.0	0.0	0.0	0.0	0.0	0.0	0.0	1.10778	0.0	0.0	0.0	0.0	0.0	0.0	1.18002	0.0	0.0	0.0	0.0	0.0	0.0	1.10778	0.0	0.0	0.0	0.0	0.0	0.0	0.0	0.0	0.0	0.0	0.0	0.0	0.0	0.0	0.0	0.0	0.0	0.0	0.0	0.0	0.0	0.915121	0.0	0.0	0.0	0.409396	0.0	0.0	0.0	0.0	0.794711	0.529807	1.6346964	0.0	1.1270419999999999	1.27635	0.0	0.0	4.23846	0.0	0.0	0.0	0.0	0.0	0.0	0.0	0.0	0.0	0.0	0.0	0.0	0.0	0.0	0.0	0.770628	0.0	0.0	0.0	0.0	0.0	0.0	0.0	0.0	0.0	0.0	4.659892500000001	3.49191	0.0	0.602053	0.0	0.0	0.0	0.0	0.0	0.0	0.0	0.0	0.0	0.0	0.0	0.0	0.0	0.0	0.0	0.0	0.0	0.0	0.457561	0.33715	0.0	0.0	0.0	0.0	0.0	0.0	0.0	0.0	0.0	0.0	0.0	0.0	0.0	0.0	0.0	3.87722	2.79353	3.05843	0.0	0.722464	0.0	0.0	0.0	0.0	0.0
ZJH_N18_1_4	0.651073	0.911502	0.634796	1.98577	0.423197	0.602242	1.39981	0.813841	0.0	0.0	0.0	0.0	0.0	0.0	0.0	0.0	0.0	0.0	0.0	276.9446666666667	196.233	0.0	10.474132	0.0	0.0	0.0	0.0	0.0	0.0	0.0	0.0	0.0	46.9749	2.26248	46.9424	0.0	48.1306	46.4703	13.908549999999998	0.0	0.699903	0.0	0.862672	0.765011	0.0	0.0	35.5323	55.886475000000004	0.0	48.657932	0.0	0.0	0.0	0.0	0.0	0.0	0.0	0.0	0.0	0.0	0.0	0.0	0.0	1.41608	0.0	0.0	5.30624	0.0	0.0	0.0	84.8999	0.0	142.471	0.0	0.0	0.0	0.0	0.0	0.0	61.96585	24.8059	77.5102	0.0	0.0	0.0	0.0	0.0	33.3512	30.6981	0.0	44.69615	42.8894	0.520858	0.0	0.0	0.0	0.0	23.3898	78.18688857142857	0.0	0.0	0.0	13.4609	0.0	115.2889625	123.64956666666666	0.0	0.0	0.0	0.0	0.0	0.0	52.0045	157.185	121.86833333333334	0.0	0.0	0.0	0.0	0.0	0.0	51.5324	0.0	34.4255	0.0	0.0	0.0	0.0	127.382	22.3481	0.0	0.0	0.0	13.1517	0.0	89.8318	0.0	0.0	0.0	0.0	0.0	0.0	0.0	0.0	0.0	0.0	0.0	0.0	0.0	0.6754884999999999	0.0	0.0	0.0	0.0	0.0	0.0	0.0	70.7391	0.0	0.0	24.106	27.5241	39.4225	0.0	7.12925	41.7989	46.8447	57.13461818181818	159.44119999999998	21.1761	109.5158	105.46600000000001	0.0	0.0	0.0	0.0	0.0	0.0	1.7579	0.732457	0.634796	0.813841	0.325536	0.683627	1.35098	0.0	15.1781515	18.22191	0.634796	1.83928	78.731	0.0	0.0	0.0	0.0	0.0	0.0	0.0	0.0	0.0	0.0	202.51600000000002	0.0	21.2738	22.8201	0.0	0.0	0.0	200.075	0.0	0.0	0.0	0.0	0.0	0.0	0.0	7.12925	1.10682	1.13938	0.341813	1.93694	0.862672	1.57885	26.417299999999997	20.248350000000002	0.0	0.0	0.0	0.0	0.0	0.260429	0.0	0.0	0.0	0.0	0.0	0.0	0.0	0.0	0.0	0.0	0.0	149.307	38.8528	80.3261	0.0	0.0	0.0	0.0	0.0
ZJH_N18_2_2	0.0	1.10673	0.474311	0.0	0.0	0.0	0.830044	0.0	0.0	0.0	1.58104	0.0	0.0	0.0	0.0	0.0	0.0	0.0	0.0	10.303066666666666	7.6285	0.0	0.0	0.0	0.592889	0.0	0.0	4.46643	0.0	2.8755100000000002	5.0118860000000005	0.0	1.34388	1.54151	3.08302	0.0	3.2016	3.0435	0.8036923333333333	0.0	0.0	0.0	1.02767	0.909096	0.0	0.0	1.2253	2.104755	0.0	1.7972676470588236	0.792988375	0.0	0.513837	0.0	0.0	0.0	0.0	0.0	0.6561305	0.0	0.0	0.316207	0.0	0.0	0.0	0.0	4.98027	0.0	0.0	2.8853899999999997	3.24113	0.0	4.50595	0.0	0.830044	0.0	0.0	0.0	0.0	2.04217	0.830044	2.21345	0.0	0.0	0.0	6.1291546666666665	3.097845	1.02767	1.30436	0.0	2.1739249999999997	1.54151	0.454548	0.474311	0.0	0.0	0.0	0.474311	2.9446833333333338	3.79449	0.553363	0.0	0.0	0.0	5.0154000000000005	4.031643333333333	0.0	0.0	0.0	0.0	0.0	0.0	1.2253	3.75496	2.7931633333333337	0.0	0.0	0.0	0.0	0.0	0.0	2.25298	1.18578	1.77867	0.0	0.0	0.0	0.0	4.07117	1.26483	0.0	0.0	0.0	0.0	0.0	2.76681	0.0	2.5230716666666666	2.52966	2.351795	0.0	0.0	0.0	0.0	0.0	0.0	0.0	0.0	0.0	0.0	0.0	0.0	0.0	0.0	0.0	0.0	0.0	2.233215	0.0	0.0	1.14625	0.0	0.0	0.0	0.0	1.34388	1.2253	2.605119090909091	4.7605016	0.671941	4.284608	3.853775	0.0	0.0	7.35182	0.0	0.0	0.0	1.9763	1.2253	0.0	0.0	0.0	0.553363	0.0	0.0	1.30436	2.45061	0.830044	0.0	1.93677	4.50595	4.50595	0.0	0.0	0.0	0.0	0.790518	0.0	1.14625	0.0	9.9901775	10.5534	0.553363	0.988148	0.909096	0.0	0.0	0.0	0.0	0.0	0.0	0.0	0.0	0.0	0.0	4.90121	0.0	0.0	0.0	2.72729	0.988148	0.0	0.513837	0.553363	0.0	0.0	0.86957	0.0	0.0	0.0	0.0	1.0995427272727272	0.0	0.0	0.0	0.0	0.0	0.0	0.0	4.74311	5.336	5.45458	0.988148	2.0158199999999997	0.0	13.676	0.0	0.0	0.0
ZJH_N18_2_3	0.0	30.488	0.0	0.0	0.0	0.0	0.0	0.0	0.0	0.0	18.5798	0.704924	1.51055	1.51055	2.4751863157894736	1.66161	2.07701	2.366535	0.0	202.94266666666667	150.803	18.9826	12.3865	2.71899	0.0	0.0	0.704924	82.4258	0.0	31.373324999999998	84.30895999999998	0.0	36.1022	65.86846666666666	81.5447	0.0	83.6091	73.866	19.4945	0.0	18.9071	0.0	23.3632	19.2092	0.0	0.0	22.3814	30.706166666666665	0.0	1.1566912222222223	30.39163103448276	0.0	0.0	0.0	2.446901923076923	0.0	0.0	15.948919666666665	22.025187941176473	0.0	0.0	0.0	0.0	60.4221	0.0	0.0	125.401	0.0	3.75121	31.1677	54.2792	24.0178	79.732	0.0	0.0	0.0	0.0	0.352462	7.45206	40.0548	13.9978	46.4998	0.0	0.0	0.0	0.6445025999999999	51.4217375	20.8456	17.9504	0.0	32.2503	23.52685	10.947299999999998	10.1459	0.0	0.0	0.0	0.0	59.805283333333335	8.96261	0.0	0.0	0.0	0.0	70.6712	58.97870666666666	0.0	0.0	0.0	0.0	0.0	0.0	1.10774	3.62533	23.37998888888889	0.0	0.0	0.0	0.0	0.0	0.0	34.2895	46.5754	32.0741	1.334323	1.64902	1.888188	0.0	85.2959	31.2181	0.0	0.0	0.0	0.0	0.0	61.2025	0.0	0.0	0.0	0.0	0.0	0.0	0.0	0.0	0.0	0.0	0.0	0.0	0.0	3.83932	0.0	0.0	0.0	0.0	6.394675	0.0	0.0	42.9752	0.0	0.0	0.0	0.0	24.622	0.0	36.7064	35.4728	26.7368	38.51222727272727	110.03503846153846	16.6161	64.35372333333333	38.258939999999996	0.0	0.0	89.7016	0.0	0.0	7.40171	75.9053	38.5946	17.5476	34.3399	11.5557	30.916	49.7979	0.0	22.7086	45.3417	28.8264	34.6798	49.672	0.0	0.0	0.30211	12.27325	18.5294	0.0	23.6905	0.0	0.30211	0.0	99.7921	64.8531	6.72196	18.4791	15.5839	0.0	0.0	145.517	0.0	0.0	0.0	0.0	0.0	0.0	0.0	200.752	56.8723	48.665	11.883	90.5324	50.8049	61.9326	14.7782	12.462050000000001	0.0	0.0	40.95238695652174	38.00976923076923	0.0	0.0	0.0	54.714009090909094	0.0	0.0	0.0	0.0	0.0	0.0	0.0	64.2992	69.1078	97.2292	23.6905	50.4776	0.0	2.13995	54.8079	55.4121	0.0
ZJH_N18_2_4	0.20737	16.8927	0.0	0.0	0.0	0.0	0.0	0.0	0.0	0.0	0.0	46.41903333333334	6.95488	6.9522216666666665	0.0	0.0	0.0	0.0	0.0	99.81416666666667	74.8128	9.37952	6.36467	0.0	0.0	0.0	46.41903333333334	20.9763	0.287128	0.0	19.82778	0.0	19.6683	38.028533333333336	44.4091	0.5343775	46.0203	41.0912	12.272066666666667	0.0	10.4483	0.0	13.4153	11.2618	0.0	0.0	12.5698	19.92745	0.0	3.544870909090909	19.17378	0.0	0.382838	0.0	0.0	1.1591433333333334	1.16446	9.51245090909091	13.575223333333334	0.580238	0.0	0.0	0.255225	21.51865	0.0	0.0	74.5416	0.0	10.7194	0.0	29.4466	12.4582	46.435	0.0	0.239273	0.0	0.0	2.0418	12.9208	23.688066666666668	8.48623	27.8036	0.0	0.0	0.0	5.334202666666667	0.0	11.2937	12.506	0.0	16.21475	15.074200000000001	7.039956666666666	6.6199	0.143564	0.0	0.0	2.998895	29.77888333333333	24.709	1.22827	0.0	0.0	0.0	38.620333	48.85165	0.0	0.0	0.0	0.0	0.0	0.0	4.30692	13.9417	19.50521111111111	0.0	0.0	0.0	0.0	0.0	0.0	21.2953	20.099	18.5357	7.48128	7.537115	10.3366	0.0	39.7991	15.3135	0.0	0.0	0.0	0.0	0.0	31.0577	0.0	0.909239	0.909239	0.8135295	0.0	0.0	23.2475	0.0	0.0	0.0	0.0	0.0	0.0	1.22827	0.0	0.0	0.0	0.0	16.35835	31.17735	2.52035	24.4378	0.0	0.0	0.0	0.0	12.7612	0.0	15.2497	19.3971	16.3982	23.103672727272727	56.50289615384615	8.98073	36.2898025	34.07255	0.0	42.35406666666666	0.0	37.111308333333334	0.0	15.3614	38.523	22.077	10.7354	20.8806	8.67765	16.3184	31.5362	0.0	13.0803	23.385	15.8837575	8.14726	26.7189	0.0	0.0	0.0	7.2420100000000005	9.90592	0.0	10.2569	0.0	0.0	21.5346	68.456125	79.8216	7.05059	7.94388	10.6078	0.0	0.0	0.0	0.0	0.0	0.0	0.0	0.0	0.0	0.0	100.686	29.7656	33.4664	8.93287	47.8387	27.4845	36.226	9.554985	6.803345	0.0	0.0	21.87026956521739	22.784938461538463	0.0	0.0	0.0	30.142654545454548	0.0	0.0	0.0	0.0	0.0	0.0	0.0	0.0	0.0	52.688	12.5539	14.188926499999999	0.0	0.861384	26.8146	24.3421	0.0
ZJH_N19_1_2	0.0	0.0	0.0	0.0	0.0	0.0	0.0	0.0	0.0	0.0	0.0	22.3492	0.0	0.0	0.0	0.0	0.0	0.0	0.0	0.0	0.0	0.0	0.0	0.0	48.170325	0.0	22.3492	0.0	0.0	0.0	0.0	0.0	0.0	0.0	0.0	82.284	0.0	0.0	0.0	18.3715	0.0	0.0	0.0	0.0	0.0	0.0	0.0	0.0	0.0	0.0	0.0	0.0	22.5177	0.0	0.0	74.41853333333334	76.3175	0.0	0.0	22.155337499999998	0.0	22.0121	16.4501	0.0	0.0	0.0	0.0	0.0	59.4966	0.0	0.0	0.0	0.0	0.0	55.1144	0.0	0.0	0.0	0.0	0.0	0.0	0.0	0.0	0.0	0.0	1243.6393333333333	0.0	0.0	0.0	0.0	0.0	0.0	0.0	0.0	17.967	0.0	0.0	0.0	0.0	228.11	37.8217	266.268	61.2158	0.0	267.954	244.762	1.82029	0.0	0.0	0.0	0.0	132.612	0.0	0.0	0.0	0.0	0.0	0.0	0.0	0.0	0.0	0.0	0.0	0.0	0.0	0.0	0.0	0.0	0.0	0.0	0.0	0.0	0.0	0.0	36.3047	0.0	0.0	204.70433333333335	204.985	186.47899999999998	0.0	0.0	0.0	0.0	0.0	0.0	0.0	0.0	0.0	0.0	0.0	0.0	0.0	0.0	0.0	0.0	118.454	90.0034	0.0	0.0	0.0	0.0	0.0	0.0	0.0	0.0	0.0	0.0	0.0	0.0	54.6425	79.2165	77.1602	0.0	1.1124	0.0	0.0	0.0	0.0	0.0	0.0	0.0	0.0	0.0	0.0	11.8993	0.0	0.0	0.0	0.0	0.0	185.097	185.046	5.46088	0.0	0.0	13.9893	0.0	0.0	43.923	0.0	464.124	413.881	22.1132	0.0	0.0	0.0	0.0	0.0	0.0	0.0	0.0	0.0	0.0	0.0	0.0	0.0	0.0	0.0	0.0	0.0	0.0	0.0	0.0	0.0	0.0	0.0	0.0	0.0	0.0	0.0	0.0	0.0	0.0	0.0	0.0	0.0	0.0	0.0	0.0	0.0	0.0	0.0	0.0	100.217	0.0	399.959	0.0	0.0	0.0
ZJH_N19_1_3	0.0	0.0	0.0	0.0	0.0	0.0	0.0	0.0	0.0	0.0	0.0	0.0	0.0	0.0	0.0	0.0	0.0	0.0	0.0	0.0	0.0	0.0	0.0	0.0	0.0	0.0	0.0	0.0	0.0	0.0	0.0	0.0	0.0	0.0	0.0	0.0	0.0	0.0	0.0	0.0	0.0	0.0	0.0	0.0	0.0	0.0	0.0	0.0	0.0	0.0	0.0	0.0	0.0	0.0	0.0	0.0	0.0	0.0	0.0	0.0	0.0	0.0	0.0	0.0	0.0	0.0	0.0	0.0	0.0	0.0	0.0	0.0	0.0	0.0	0.0	0.0	0.0	0.0	0.0	0.0	0.0	0.0	0.0	0.0	0.0	0.0	0.0	0.0	0.0	0.0	0.0	0.0	0.0	0.0	0.0	0.0	0.0	0.0	0.0	0.0	0.0	0.0	0.0	0.0	0.0	0.0	0.0	0.0	0.0	0.0	0.0	0.0	0.0	0.0	0.0	0.0	0.0	0.0	0.0	0.0	0.0	0.0	0.0	0.0	0.0	0.0	0.0	0.0	0.0	0.0	0.0	0.0	0.0	0.0	0.0	0.0	0.0	0.0	0.0	0.0	0.0	0.0	0.0	0.0	0.0	0.0	0.0	0.0	0.0	0.0	0.0	0.0	0.0	0.0	0.0	0.0	0.0	0.0	0.0	0.0	0.0	0.0	0.0	0.0	0.0	0.0	0.0	0.0	0.0	0.0	0.0	0.0	0.0	0.0	0.0	0.0	0.0	0.0	0.0	0.0	0.0	0.0	0.0	0.0	0.0	0.0	0.0	0.0	0.0	0.0	0.0	0.0	0.0	0.0	0.0	0.0	0.0	0.0	0.0	0.0	0.0	0.0	0.0	0.0	0.0	0.0	0.0	0.0	0.0	0.0	0.0	0.0	0.0	0.0	0.0	0.0	0.0	0.0	0.0	0.0	0.0	0.0	0.0	0.0	0.0	0.0	0.0	0.0	0.0	0.0	0.0	0.0	0.0	0.0	0.0	0.0	0.0	0.0	0.0	0.0	0.0	0.0	0.0	0.0	0.0	0.0	0.0	0.0	0.0	0.0
ZJH_N19_1_4	0.0	0.0	0.0	0.0	0.0	0.0	0.0	0.0	0.0	0.0	0.0	0.0	0.0	0.0	0.0	0.0	0.0	0.0	0.0	0.0	0.0	0.0	0.0	0.0	0.0	0.0	0.0	0.0	0.0	0.0	0.0	0.0	0.0	0.0	0.0	0.0	0.0	0.0	0.0	0.0	0.0	0.0	0.0	0.0	0.0	0.0	0.0	0.0	0.0	0.0	0.0	0.0	0.0	0.0	0.0	0.0	0.0	0.0	0.0	0.0	0.0	0.0	0.0	0.0	0.0	0.0	0.0	0.0	0.0	0.0	0.0	0.0	0.0	0.0	0.0	0.0	0.0	0.0	0.0	0.0	0.0	0.0	0.0	0.0	0.0	0.0	0.0	0.0	0.0	0.0	0.0	0.0	0.0	0.0	0.0	0.0	0.0	0.0	0.0	0.0	0.0	0.0	0.0	0.0	0.0	0.0	0.0	0.0	0.0	0.0	0.0	0.0	0.0	0.0	0.0	0.0	0.0	0.0	0.0	0.0	0.0	0.0	0.0	0.0	0.0	0.0	0.0	0.0	0.0	0.0	0.0	0.0	0.0	0.0	0.0	0.0	0.0	0.0	0.0	0.0	0.0	0.0	0.0	0.0	0.0	0.0	0.0	0.0	0.0	0.0	0.0	0.0	0.0	0.0	0.0	0.0	0.0	0.0	0.0	0.0	0.0	0.0	0.0	0.0	0.0	0.0	0.0	0.0	0.0	0.0	0.0	0.0	0.0	0.0	0.0	0.0	0.0	0.0	0.0	0.0	0.0	0.0	0.0	0.0	0.0	0.0	0.0	0.0	0.0	0.0	0.0	0.0	0.0	0.0	0.0	0.0	0.0	0.0	0.0	0.0	0.0	0.0	0.0	0.0	0.0	0.0	0.0	0.0	0.0	0.0	0.0	0.0	0.0	0.0	0.0	0.0	0.0	0.0	0.0	0.0	0.0	0.0	0.0	0.0	0.0	0.0	0.0	0.0	0.0	0.0	0.0	0.0	0.0	0.0	0.0	0.0	0.0	0.0	0.0	0.0	0.0	0.0	0.0	0.0	0.0	0.0	0.0	0.0	0.0	0.0
ZJH_N19_2_2	0.0	0.0	0.0	0.0	0.0	0.0	0.0	0.0	0.0	0.0	0.0	0.0	0.0	0.0	2.0418157894736844	1.53598	1.8651200000000001	2.15038	0.0	0.0	0.0	0.0	0.0	1.88706	0.0	0.0	0.0	2.98419	0.0	2.6111675	3.33528	0.0	0.0	0.0	0.0	0.0	0.0	0.0	0.0	0.0	0.0	0.0	0.0	0.0	0.0	0.0	0.0	0.0	0.0	0.0	0.0	0.0	0.0	0.0	2.898111538461538	1.62375	1.62375	0.0	0.0	1.53598	0.0	0.0	0.789934	0.0	0.0	0.0	0.0	0.0	0.0	3.5108200000000003	0.0	0.0	0.0	0.0	0.0	0.0	0.0	0.0	0.0	0.0	0.0	0.0	0.0	0.0	0.0	6.152703333333333	3.4449899999999998	0.0	0.0	0.0	0.0	0.0	0.0	0.0	0.0	0.0	0.0	0.0	0.0	3.8619	0.0	0.0	0.0	0.0	6.034215	3.29139	0.0	0.0	0.0	0.0	0.0	0.0	0.0	0.0	0.0	0.0	0.0	0.0	0.0	0.0	0.0	0.0	0.0	0.0	0.0	0.0	0.0	0.0	0.0	0.0	0.0	0.0	0.0	0.0	0.0	0.0	0.0	2.28203	2.28203	2.01872	0.0	0.0	0.0	0.0	0.0	0.0	0.0	0.0	0.0	0.0	0.0	0.0	0.0	0.0	0.0	0.0	3.15974	0.0	0.0	0.0	0.0	0.0	0.0	0.0	0.0	0.0	0.0	0.0	0.0	0.0	0.0	0.0	0.0	0.0	10.6202	0.0	0.0	0.0	0.0	0.0	0.0	0.0	0.0	0.0	0.0	0.0	0.0	0.0	0.0	0.0	0.0	0.0	0.0	0.0	1.25073	1.53598	0.0	0.0	0.0	0.0	1.05325	9.20127	10.1814	0.0	0.0	0.0	0.0	0.0	0.0	0.0	0.0	0.0	0.0	0.0	0.0	0.0	0.0	0.0	0.0	0.0	0.0	0.0	0.0	0.0	0.0	0.0	0.0	2.9727421739130433	0.0	0.0	0.0	0.0	0.0	0.0	0.0	0.0	0.0	0.0	0.0	0.0	0.0	0.0	0.0	0.0	0.0	0.0	8.73316	0.0	0.0	0.0
ZJH_N19_2_4	0.0	0.0	0.0	0.0	0.0	0.0	0.0	0.0	0.0	0.0	0.0	0.0	0.0	0.0	0.0	0.0	0.0	0.0	0.0	0.0	0.0	0.0	0.0	0.0	0.0	0.0	0.0	0.0	0.0	0.0	0.0	0.0	0.0	0.0	0.0	0.0	0.0	0.0	0.0	0.0	0.0	0.0	0.0	0.0	0.0	0.0	0.0	0.0	0.0	0.0	0.0	0.0	0.0	0.0	0.0	0.0	0.0	0.0	0.0	0.0	0.0	0.0	0.0	0.0	0.0	0.0	0.0	0.0	0.0	0.0	0.0	0.0	0.0	0.0	0.0	0.0	0.0	0.0	0.0	0.0	0.0	0.0	0.0	0.0	0.0	0.0	0.0	0.0	0.0	0.0	0.0	0.0	0.0	0.0	0.0	0.0	0.0	0.0	0.0	0.0	0.0	0.0	0.0	0.0	0.0	0.0	0.0	0.0	0.0	0.0	0.0	0.0	0.0	0.0	0.0	0.0	0.0	0.0	0.0	0.0	0.0	0.0	0.0	0.0	0.0	0.0	0.0	0.0	0.0	0.0	0.0	0.0	0.0	0.0	0.0	0.0	0.0	0.0	0.0	0.0	0.0	0.0	0.0	0.0	0.0	0.0	0.0	0.0	0.0	0.0	0.0	0.0	0.0	0.0	0.0	0.0	0.0	0.0	0.0	0.0	0.0	0.0	0.0	0.0	0.0	0.0	0.0	0.0	0.0	0.0	0.0	0.0	0.0	0.0	0.0	0.0	0.0	0.0	0.0	0.0	0.0	0.0	0.0	0.0	0.0	0.0	0.0	0.0	0.0	0.0	0.0	0.0	0.0	0.0	0.0	0.0	0.0	0.0	0.0	0.0	0.0	0.0	0.0	0.0	0.0	0.0	0.0	0.0	0.0	0.0	0.0	0.0	0.0	0.0	0.0	0.0	0.0	0.0	0.0	0.0	0.0	0.0	0.0	0.0	0.0	0.0	0.0	0.0	0.0	0.0	0.0	0.0	0.0	0.0	0.0	0.0	0.0	0.0	0.0	0.0	0.0	0.0	0.0	0.0	0.0	0.0	0.0	0.0	0.0	0.0
ZJH_N20_1_3	0.0	0.0	0.0	0.0	0.0	0.0	0.0	0.0	0.0	0.0	0.0	0.0	0.0	0.0	0.0	0.0	0.0	0.0	0.0	0.0	0.0	0.0	0.0	0.0	0.0	0.0	0.0	0.0	0.0	0.0	0.0	0.0	0.0	0.0	0.0	0.0	0.0	0.0	0.0	0.0	0.0	0.0	0.0	0.0	0.0	0.0	0.0	0.0	0.0	0.0	0.0	0.0	0.0	0.0	0.0	0.0	0.0	0.0	0.0	0.0	0.0	0.0	0.0	0.0	0.0	0.0	0.0	0.0	0.0	0.0	0.0	0.0	0.0	0.0	0.0	0.0	0.0	0.0	0.0	0.0	0.0	0.0	0.0	0.0	0.0	0.0	0.0	0.0	0.0	0.0	0.0	0.0	0.0	0.0	0.0	0.0	0.0	0.0	0.0	0.0	0.0	0.0	0.0	0.0	0.0	0.0	0.0	0.0	0.0	0.0	0.0	0.0	0.0	0.0	0.0	0.0	0.0	0.0	0.0	0.0	0.0	0.0	0.0	0.0	0.0	0.0	0.0	0.0	0.0	0.0	0.0	0.0	0.0	0.0	0.0	0.0	0.0	0.0	0.0	0.0	0.0	0.0	0.0	0.0	0.0	0.514467	0.0	0.8488699999999999	0.0	0.0	0.0	0.0	0.0	0.0	0.0	0.0	0.0	0.0	0.0	0.0	0.0	0.0	0.0	0.0	0.0	0.0	0.0	0.0	0.0	0.0	0.0	0.0	0.0	0.0	0.0	0.0	0.0	0.0	0.0	0.0	0.0	0.0	0.0	0.0	0.0	0.0	0.0	0.0	0.0	0.0	0.0	0.0	0.0	0.0	0.0	0.0	0.0	0.0	0.0	0.0	0.0	0.0	0.0	0.0	0.0	0.0	0.0	0.0	0.0	0.0	0.0	0.0	0.0	0.0	0.0	0.0	0.0	0.0	0.0	0.0	0.0	0.0	0.0	0.0	0.0	0.0	0.0	0.0	0.0	0.0	0.0	0.0	0.0	0.0	0.0	0.0	0.0	0.0	0.0	0.0	0.0	0.0	0.0	0.0	0.0	0.0	0.0	0.0	0.0	0.0
ZJH_N20_1_4	0.0	0.0	0.0	0.0	0.0	0.0	0.0	0.0	0.0	0.0	0.0	0.0	0.0	0.0	0.0	0.0	0.0	0.0	0.0	0.0	0.0	0.0	0.0	0.0	0.0	0.0	0.0	0.0	0.0	0.0	0.0	0.0	0.0	0.0	0.0	0.0	0.0	0.0	0.0	0.0	0.0	0.0	0.0	0.0	0.0	0.0	0.0	0.0	0.0	0.0	0.0	0.0	0.0	0.0	0.0	0.0	0.0	0.0	0.0	0.0	0.0	0.0	0.0	0.0	0.0	0.0	0.0	0.0	0.0	0.0	0.0	0.0	0.0	0.0	0.0	0.0	0.0	0.0	0.0	0.0	0.0	0.0	0.0	0.0	0.0	0.0	0.0	0.0	0.0	0.0	0.0	0.0	0.0	0.0	0.0	0.0	0.0	0.0	0.0	0.0	0.0	0.0	0.0	0.0	0.0	0.0	0.0	0.0	0.0	0.0	0.0	0.0	0.0	0.0	0.0	0.0	0.0	0.0	0.0	0.0	0.0	0.0	0.0	0.0	0.0	0.0	0.0	0.0	0.0	0.0	0.0	0.0	0.0	0.0	0.0	0.0	0.0	0.0	0.0	0.0	0.0	0.0	0.0	0.0	0.0	0.0	0.0	0.0	0.0	0.0	0.0	0.0	0.0	0.0	0.0	0.0	0.0	0.0	0.0	0.0	0.0	0.0	0.0	0.0	0.0	0.0	0.0	0.0	0.0	0.0	0.0	0.0	0.0	0.0	0.0	0.0	0.0	0.0	0.0	0.0	0.0	0.0	0.0	0.0	0.0	0.0	0.0	0.0	0.0	0.0	0.0	0.0	0.0	0.0	0.0	0.0	0.0	0.0	0.0	0.0	0.0	0.0	0.0	0.0	0.0	0.0	0.0	0.0	0.0	0.0	0.0	0.0	0.0	0.0	0.0	0.0	0.0	0.0	0.0	0.0	0.0	0.0	0.0	0.0	0.0	0.0	0.0	0.0	0.0	0.0	0.0	0.0	0.0	0.0	0.0	0.0	0.0	0.0	0.0	0.0	0.0	0.0	0.0	0.0	0.0	0.0	0.0	0.0	0.0	0.0
ZJH_N20_2_2	0.0	0.0	0.0	0.0	0.0	0.0	0.0	0.0	0.0	0.0	0.0	1.23685	0.0	0.0	0.5746993333333333	0.0	0.0	0.0	0.0	0.0	0.0	0.0	0.0	0.562206	17.1098	0.0	1.23685	2.36126	0.0	0.97449	3.07339	0.0	0.0	0.0	0.0	0.0	0.0	0.0	0.0	0.0	0.0	0.0	0.0	0.0	0.0	0.0	0.0	0.0	0.0	0.0	0.0	0.0	1.79906	0.0	0.7451985882352942	9.3701	9.44506	0.0	0.0	0.6324818750000001	0.0	7.90836	0.0	0.0	0.0	0.0	0.0	0.0	0.0	0.0	0.0	0.0	0.0	0.0	2.99843	0.0	0.0	0.0	0.0	0.0	0.0	0.0	0.0	0.0	0.0	18.00056	7.7771799999999995	0.0	0.0	0.0	0.0	0.0	0.0	0.0	0.824569	0.0	0.0	0.0	0.0	23.0879	2.0989	18.103	2.77355	0.0	12.012450000000001	17.8781	0.0	0.0	0.0	0.0	0.0	6.97135	0.0	0.0	0.0	0.0	0.0	0.0	0.0	0.0	0.0	0.0	0.0	0.0	0.0	0.0	0.0	0.0	0.0	0.0	0.0	0.0	0.0	0.0	2.58615	0.0	0.0	13.299266666666668	13.3055	12.23735	0.0	0.0	3.0858861904761907	0.0	0.0	0.0	0.0	0.0	0.0	0.0	0.0	0.0	0.0	0.0	0.0	4.38521	5.99686	4.72253	0.0	0.0	0.0	0.0	0.0	0.0	0.0	0.0	0.0	0.0	0.0	0.0	11.544	5.80946	0.0	10.7569	4.68505	6.602796666666666	0.0	0.0	0.0	0.0	0.0	0.0	0.0	0.0	0.0	0.0	0.0	0.0	3.22331	0.0	0.0	43.8895	43.8895	0.449765	0.0	0.562206	1.57418	0.0	0.0	2.21134	12.0687	38.9921	60.8682	2.21134	0.0	0.0	0.0	0.0	0.0	0.0	0.0	0.0	0.0	0.0	0.0	0.0	0.0	0.0	0.0	0.0	0.0	0.0	0.0	0.0	0.0	0.0	0.0	0.0	0.0	0.0	0.0	0.0	0.0	0.0	0.0	0.0	0.0	0.0	0.0	0.0	2.2863	2.51119	0.0	0.0	7.04631	0.0	25.2618	0.0	0.0	0.0
ZJH_N20_2_3	0.0	0.0	0.0	0.0	0.0	0.0	0.0	0.0	0.0	0.0	0.0	0.0	0.0	0.0	0.0	0.0	0.0	0.0	0.0	0.0	0.0	0.0	0.0	0.0	0.0	0.0	0.0	1.74815	0.0	0.0	1.55916	0.0	0.0	0.0	0.0	0.0	0.0	0.0	0.0	0.0	0.0	0.0	0.0	0.0	0.0	0.0	0.0	0.0	0.0	0.0	0.0	0.0	0.0	0.0	0.0	0.0	0.0	0.0	0.0	0.0	0.0	0.0	0.0	0.0	0.0	0.0	0.0	0.0	0.0	0.0	0.0	0.0	0.0	0.0	0.0	0.0	0.0	0.0	0.0	0.0	0.0	0.0	0.0	0.0	0.0	1.7387000000000001	1.4292325	0.0	0.0	0.0	0.0	0.0	0.0	0.0	0.0	0.0	0.0	0.0	0.0	0.0	0.0	0.0	0.0	0.0	0.0	0.0	0.0	0.0	0.0	0.0	0.0	0.0	0.0	0.0	0.0	0.0	0.0	0.0	0.0	0.0	0.0	0.0	0.0	0.0	0.0	0.0	0.0	0.0	0.0	0.0	0.0	0.0	0.0	0.0	0.0	0.0	0.0	0.0	0.0	0.0	0.0	0.0	0.0	0.0	0.0	0.0	0.0	0.0	0.0	0.0	0.0	0.0	0.0	0.0	0.0	0.0	0.0	0.0	0.0	0.0	0.0	0.0	0.0	0.0	0.0	0.0	0.0	0.0	0.0	0.0	0.0	0.0	0.0	0.0	0.0	0.0	0.0	0.0	0.0	0.0	0.0	0.0	0.0	0.0	0.0	0.0	0.0	0.0	0.0	0.0	0.0	0.0	0.0	0.0	0.0	0.0	0.0	0.0	0.0	0.0	0.0	3.63804	0.0	0.0	0.0	0.0	0.0	0.0	0.0	0.0	0.0	0.0	0.0	0.0	0.0	0.0	0.0	0.0	0.0	0.0	0.0	0.0	0.0	0.0	0.0	0.0	0.0	0.0	0.0	0.0	0.0	0.0	0.0	0.0	0.0	0.0	0.0	0.0	0.0	0.0	2.07888	2.36237	0.0	0.0	0.0	0.0	0.0	0.0	0.0	0.0
ZJH_N20_2_4	22.4618	15.8166	0.0	0.0	0.0	26.2695	0.0	36.5393	0.0	0.0	0.0	8.05476	0.0	0.0	0.0	0.0	0.0	0.0	0.0	0.0	0.0	0.0	0.0	0.0	4.3751999999999995	0.0	8.05476	0.0	0.915314	0.0	0.0	0.0	0.0	0.0	0.0	10.6451	0.0	0.0	0.0	0.0	0.0	0.0	0.0	0.0	0.0	0.0	37.656	83.2753	0.0	0.0	0.0	0.0	5.51019	0.0	0.0	17.5191	17.6656	0.0	0.0	7.23555875	0.0	1.59265	7.30421	0.0	0.0	0.0	128.107	0.0	0.0	0.0	0.0	0.0	0.0	0.0	3.29513	0.0	0.0	0.0	0.0	0.0	0.0	0.0	0.0	0.0	0.0	13.96768	0.0	0.0	0.0	0.0	0.0	0.0	0.0	0.0	2.59949	0.0	0.0	0.0	98.6159	24.2375	3.13037	9.3179	4.68641	0.0	70.29625	40.35923333333333	0.4301975	0.0	0.0	0.0	0.0	13.1805	0.0	0.0	0.0	0.0	0.0	0.0	0.0	0.0	0.0	0.0	0.0	0.0	0.0	0.0	0.0	0.0	0.0	0.0	0.0	0.0	0.0	0.0	2.72764	0.0	0.0	13.506949999999998	13.51	11.862449999999999	0.0	0.0	1.7722238095238096	0.0	0.0	0.0	0.0	0.0	0.0	0.0	3.9480566666666665	0.0	0.0	7.31885	0.0	0.0	17.4642	5.27221	0.0	0.0	0.0	0.0	0.0	0.0	0.0	0.0	0.0	0.0	0.0	0.0	61.216350000000006	12.7778	6.66349	3.1029166666666668	0.0	2.501856666666667	0.0	0.0	0.0	0.0	0.0	0.0	0.0	0.0	0.0	2.21506	0.0	0.0	13.290353333333334	57.5733	0.0	16.8784	16.86925	0.860395	0.0	0.0	7.12114	0.0	0.0	5.58342	3.86263	120.56523333333332	62.04	6.09599	0.0	0.0	0.0	0.7139450000000002	0.0	0.0	0.0	0.0	0.0	0.0	0.0	0.0	0.0	0.0	0.0	0.0	0.0	0.0	0.0	0.0	0.0	0.0	0.0	0.0	0.0	0.0	0.0	0.0	0.0	1.06176	0.0	0.0	0.0	0.0	0.0	0.0	0.0	0.0	92.3369	0.292901	6.04107	0.0	10.2515	0.0	0.0	0.0
ZJH_N21_1_2	0.0	0.0	0.0	0.0	0.0	0.0	0.0	0.0	0.0	0.0	0.0	2.9311899999999995	0.0	0.0	3.271757368421053	0.0	2.43344	3.12476	0.0	16.8682	0.0	0.0	0.0	2.645927894736842	0.0	0.0	2.9311899999999995	8.68296	0.0	0.9862814166666668	13.218	0.0	0.0	0.0	0.0	20.32475	0.0	0.0	0.0	0.0	0.0	0.0	0.0	0.0	0.0	0.0	1.88039	0.0	0.0	0.0	0.0	0.0	1.32733	0.0	4.496760769230769	0.0	0.0	0.0	0.0	3.91977625	0.0	0.0	5.14341	0.0	0.0	0.0	0.0	0.0	0.0	0.0	0.0	0.0	0.0	0.0	9.23602	7.0791	6.63666	0.0	0.0	0.0	0.0	0.0	0.0	0.0	21.229400000000002	306.15639999999996	4.46591875	0.0	0.0	0.0	0.0	0.0	0.0	0.0	3.87138	0.0	0.0	0.0	2.48875	51.8765	10.1762	58.9557	10.3974	0.0	23.836656666666666	50.7151	0.442444	0.0	0.0	0.0	0.0	27.5974	0.0	0.0	0.0	0.0	0.0	0.0	0.0	0.0	0.0	0.0	0.0	0.0	0.0	0.0	0.0	22.0669	0.0	0.0	0.0	0.0	0.0	0.0	0.0	0.0	0.0	20.988433333333333	21.1267	18.2508	0.0	0.0	0.0	0.0	3.1892833333333335	0.0	0.0	0.7374063333333334	0.0	0.0	7.945556666666666	0.0	0.0	11.127460000000001	0.0	0.0	51.7659	14.3241	0.0	0.0	0.0	0.0	0.0	0.0	0.0	0.0	0.0	0.0	0.0	0.0	14.8772	17.6425	15.9833	8.406435	17.7531	6.575825	0.0	0.0	0.0	0.0	0.0	0.0	0.0	0.0	0.0	3.26302	0.0	0.0	2.70997	0.0	0.0	5.25402	5.25402	76.2663	1.852735	2.59936	0.0	0.0	0.0	9.56785	14.2135	70.251725	112.16	4.507399	0.0	0.0	0.0	0.0	0.0	0.0	0.0	0.0	0.0	0.0	0.0	0.0	0.0	0.0	0.0	0.0	0.0	0.0	0.0	0.0	0.0	0.0	0.0	5.626732608695653	0.0	0.0	0.0	1.38264	0.0	0.0	0.0	0.0	0.0	0.0	0.0	0.0	0.0	0.0	0.0	0.0	18.8039	0.0	88.6547	0.0	0.0	0.0
ZJH_N21_1_4	0.0	0.0	0.0	0.0	0.0	0.0	0.0	0.0	0.0	0.0	0.0	0.0	0.0	0.0	0.0	0.0	0.0	0.0	0.0	5.30234	0.0	0.0	0.0	0.0	0.0	0.0	0.0	0.0	0.0	0.0	0.0	0.0	0.0	0.0	0.0	0.8150845	0.0	0.0	0.0	0.0	0.0	0.0	0.0	0.0	0.0	2.96862	0.0	0.0	0.0	0.0	0.0	0.0	0.0	0.0	0.0	0.0	0.0	0.0	0.0	0.0	0.0	0.0	0.0	0.0	0.0	0.0	0.0	0.0	1.90472	0.0	0.0	0.0	0.0	0.446152	0.0	0.0	0.0	0.0	0.0	0.0	0.0	0.0	0.0	0.0	0.0	0.54911	0.0	0.0	0.0	0.0	0.0	1.42425	0.0	0.0	0.0	0.0	0.0	0.0	0.0	3.43194	0.686387	3.53489	2.50531	0.0	4.80471	3.70649	0.223076	1.66449	1.47573	1.71597	1.64733	4.084	0.0	0.0	0.0	0.0	0.0	0.0	0.0	0.0	0.0	0.0	0.0	0.0	0.0	0.0	0.0	1.69881	0.0	0.0	0.0	1.54437	1.52721	0.0	0.0	0.0	0.0	0.0	0.0	0.0	0.0	0.0	0.0	2.16212	0.0	0.0	0.0	0.0	0.0	0.0	0.308874	2.96862	0.0	0.0	0.0	0.0	1.33845	1.78461	0.0	0.0	0.0	0.0	0.0	0.0	0.0	0.0	0.0	0.0	0.0	0.0	2.69407	2.84851	2.9343	0.0	0.0	0.0	1.64733	0.0	0.0	0.0	0.0	0.0	0.0	0.0	0.0	0.652068	0.0	0.0	0.0	0.0	0.0	0.0	0.0	1.75029	0.0	0.0	0.0	0.0	0.0	1.75029	0.0	5.585475000000001	6.65795	0.720706	0.0	0.0	0.0	0.0	0.0	0.0	0.943782	0.0	0.857984	0.0	0.0	0.0	0.0	0.0	0.0	0.0	0.0	0.0	0.0	0.0	0.0	1.21834	1.0639	0.0	0.0	0.0	0.0	2.24792	0.0	0.0	0.0	0.0	0.0	0.0	0.0	0.0	0.0	0.0	0.686387	0.0	2.1278	0.0	3.86093	0.0	0.0	0.0
ZJH_N21_2_2	0.0	0.0	0.0	0.0	0.0	0.0	0.0	0.0	0.0	0.0	0.0	0.0	0.0	0.0	0.0	0.0	0.0	0.0	0.0	6.1569666666666665	0.0	0.0	0.771918	0.0	0.0	0.0	0.0	0.0	0.0	0.0	0.0	0.0	0.0	0.0	0.0	11.68905	0.0	0.0	0.0	0.0	0.0	0.0	0.0	0.0	0.0	3.63904	0.0	0.0	0.0	0.0	0.0	0.0	0.661644	0.0	0.0	0.0	0.0	0.0	0.0	2.3571050000000002	0.0	0.0	5.56884	0.0	0.0	0.0	0.0	0.0	0.0	0.0	1.65411	0.0	3.47363	0.0	7.82945	14.4459	12.5161	0.0	0.0	0.0	0.0	2.48116	0.0	0.0	8.60137	90.96500666666667	0.0	0.0	0.0	0.0	0.0	0.0	0.0	0.0	3.36336	0.0	0.0	0.0	1.54384	50.2298	5.84452	0.0	10.6414	0.0	8.37393125	16.59625	0.6340755	0.0	0.0	0.0	0.0	15.5486	0.0	0.0	0.0	0.0	0.0	0.0	0.0	0.0	0.0	0.0	0.0	0.0	0.0	0.0	0.0	22.1651	3.63904	0.0	0.0	0.0	0.0	0.0	0.0	0.0	0.0	15.4292	15.4384	13.97725	0.0	0.0	0.0	0.0	0.0	0.0	0.0	0.0	0.0	0.0	0.0	0.0	0.0	0.0	0.0	0.0	107.297	8.60135	0.0	0.0	0.0	0.0	0.0	0.0	0.0	0.0	1.26815	0.0	3.19795	0.0	3.0876716666666666	6.1753350000000005	12.8469	5.39424	2.26062	2.92226	0.0	0.0	0.0	0.0	0.0	0.0	0.0	0.0	0.0	1.26815	0.0	0.0	1.32329	0.0	0.0	0.0	0.0	9.86952	0.0	0.0	0.0	0.0	0.0	7.66404	12.0199	70.37316666666668	102.555	5.01747	0.937329	0.0	0.0	0.0	5.12774	0.0	0.0	0.0	0.0	0.0	0.0	0.0	0.0	0.0	0.0	0.0	0.0	0.0	0.0	0.0	0.0	0.0	0.0	0.0	0.0	0.0	0.0	0.0	0.0	0.0	0.0	0.0	0.0	0.0	0.0	0.0	0.0	0.0	7.93973	0.0	16.43082	0.0	71.9538	0.0	0.0	0.0
ZJH_N21_2_4	0.0	0.0	0.0	0.0	0.0	0.0	0.0	0.0	0.0	0.0	0.0	2.82981	0.217678	0.217678	0.0	0.0	0.0	0.0	0.0	134.004445	121.75	0.0	10.6662	0.0	0.0	0.0	2.82981	0.0	0.0	0.0	0.0	0.0	23.4684	0.0	19.9583	0.0	19.2373	18.5978	6.727600000000001	0.0	0.0	0.0	0.0	0.0	0.0	3.46924	23.3459	25.87193333333333	0.0	0.0	0.0	0.0	0.0	0.0	0.0	0.0	0.0	0.0	0.0	0.0	0.0	0.0	0.0	18.1217	0.0	0.0	1.10199	2.38085	1.99311	0.0	62.9769	0.0	116.689	1.06118	0.0	0.0	0.0	0.095234	0.47617	25.15086666666667	17.1965	64.1197	0.0	0.0	1.76863	0.0	0.0	26.8016	12.258	0.0	31.7946	9.985949999999999	0.0	0.0	0.0	0.0	0.0	7.829595	66.73183333333333	7.06092	1.18362	4.81612	2.89784	0.0	92.85017111111111	82.41816999999999	0.190468	2.68016	2.74818	2.68016	2.5169	5.56439	0.0	0.0	0.0	0.0	0.0	0.0	0.0	0.0	0.0	27.958	0.0	26.788	0.299307	0.39454100000000003	0.394541	2.95225	112.036	0.0	0.0	2.42166	2.5168999999999997	0.0	0.0	62.1334	0.0	0.0	0.0	0.0	0.0	0.0	1.6993119047619047	3.55087	0.0	0.0	0.0	0.0	0.0	0.0	0.0	4.88414	0.0	0.0	0.557799	2.42166	0.0	29.971505	0.0	0.0	0.0	9.30572	0.0	0.0	0.0	0.0	47.8619	22.4938	132.073308	9.57782	56.27819875	66.70010666666667	4.4896	4.067855	0.0	4.076923333333333	3.3604	0.585009	0.0	0.0	0.0	0.0	0.0	0.0	0.0	1.25165	23.3459	0.0	2.360445	0.0	69.3168	0.0	0.0	0.0	0.0	0.0	0.0	0.0	0.0	2.12236	2.39446	82.81544	29.2981	9.63904	20.3937	0.0	0.0	0.0	178.972	0.0	1.60537	0.0	1.31967	0.0	0.0	0.0	46.1069	14.9109	0.0	0.0	0.0	10.5846	0.0	10.20365	6.82964	1.70061	1.78224	0.0	0.0	0.0	0.0	2.99307	0.0	0.0	0.0	0.0	0.0	0.0	0.0	0.0	0.0	0.0	114.308	10.707	14.99938	0.0	4.51681	0.0	0.0	0.0
ZJH_N22_1_3	2.66716	2.25682	0.0	0.0	0.0	2.84667	0.0	0.0	0.0	0.0	0.0	0.0	0.282103	0.282103	0.0	0.0	0.0	0.0	0.0	8.95036	0.0	0.0	0.0	0.0	0.0	0.0	0.0	0.0	0.0	0.0	0.0	0.0	0.0	0.0	0.0	4.321305	0.0	0.0	0.0	0.820663	0.0	0.0	0.0	0.0	0.0	6.02674	1.71826	2.66716	0.0	0.0	0.0	0.0	0.0	0.0	0.0	1.5900299999999998	1.59003	0.0	0.0	0.71808	0.0	0.0	0.666789	0.0	0.0	0.0	16.0799	0.0	2.705625	0.0	0.0	0.0	121.971	0.820663	0.0	0.35904	0.307749	0.0	1.53874	0.0	0.0	68.987	0.0	0.0	0.0	0.0	0.93606875	24.6712	0.0	0.0	0.0	4.15461	0.0	0.0	0.0	0.0	0.0	0.0	4.94962	12.5151	1.97472	8.36051	3.35959	0.0	98.251309	86.49449333333332	0.0	1.89778	2.0773	1.92343	0.641143	8.89907	0.0	0.0	0.0	0.0	0.0	0.0	0.0	0.0	0.0	0.0	0.0	0.0	0.71808	0.6796115	0.948892	5.02656	135.922	0.0	0.0	1.89778	2.0773	0.0	0.0	0.0	0.0	0.0	0.0	0.0	0.0	0.0	0.0	2.35941	0.0	0.0	0.0	0.0	0.0	0.0	0.0	3.61605	0.0	0.0	1.5131	0.0	0.0	35.416745	0.0	0.0	0.0	0.0	0.0	0.0	0.0	0.0	47.5728	0.0	116.08320833333333	0.0	52.862235	76.62922333333334	6.46272	0.0	0.0	0.0	2.6928	1.84649	0.0	0.0	0.0	0.0	0.0	0.0	0.0	0.487269	22.0297	0.0	2.00037	2.46199	71.1925	0.71808	0.71808	0.0	0.0	0.0	0.0	0.0	0.0	2.23118	0.0	103.86004	40.54585	8.10405	28.0308	0.0	0.0	0.0	229.427	0.0	0.461623	0.0	0.589852	0.0	0.0	0.0	0.0	0.0	0.0	0.0	0.0	0.0	0.0	0.0	0.0	1.46181	0.948892	0.0	0.0	0.0	0.0	2.76974	0.0	0.0	0.974538125	3.2837212499999997	0.0	0.0	0.0	0.0	0.0	0.0	139.974	0.0	5.25737	0.0	6.07804	0.0	0.0	0.0
ZJH_N22_1_4	0.544314	0.385003	0.49121	1.48691	0.477934	0.477934	0.823109	0.783281	0.15046066666666666	0.0	0.0	0.0	0.0	0.0	0.0	0.0	0.0	0.0	0.0	119.39966666666668	0.0	0.0	0.0	0.0	0.0	0.0	0.0	0.0	0.0	0.0	0.0	0.0	0.0	0.0	0.0	0.431469	0.0	0.0	0.0	0.0	0.0	0.0	0.0	0.0	0.0	0.0	0.385003	0.716902	0.0	0.0	0.0	0.0	0.172587	0.0	0.0	1.0310966666666668	1.0488	0.0	0.0	0.5244	0.0	0.0	0.0	0.0	0.0	0.0	3.94296	0.0	0.0	0.0	0.0	0.0	88.2453	0.0	0.159311	0.0	0.0	0.0	0.0	0.0	0.0	50.0504	0.0	0.0	0.0	0.0	0.205777	21.5469	0.0	0.0	24.3216	0.0	0.0	0.0	0.0	0.0	0.0	0.0	42.89460483333334	1.35415	0.159311	0.0	0.0	0.0	80.53350988888889	63.459068333333335	0.0398279	0.0	0.0	0.0	0.0	0.916041	0.0	0.0	0.0	0.0	0.0	0.0	0.0	0.0	0.0	0.0	0.0	0.0	0.0	0.0	0.0	0.0	104.641	0.0	0.0	0.0	0.0	0.0	0.0	0.0	0.0	0.517762	0.517762	0.0	0.0	0.0	0.0	0.0	0.617332	0.0	0.0	0.23011633333333334	0.185863	0.0	0.0	0.0	0.0	0.0	0.0	0.0	0.0	27.361753500000003	0.0	0.0	0.0	0.0	0.0	0.0	0.0	0.0	40.651	0.0	93.382	0.0	53.85171666666667	60.414449999999995	0.0	0.0	0.0	0.0	0.0	0.0	0.0	0.0	0.0	0.0	0.0	0.0	0.0	0.0	15.9311	0.0	0.398279	0.703626	58.069	0.0	0.0	0.0	0.0	0.0	0.0	0.0	0.0	0.0	0.0	62.16330000000001	0.0	8.616092	17.5906	0.0	0.0	0.0	163.002	0.0	0.0	0.0	0.0	0.0	0.0	0.0	0.0	0.0	0.0	0.0	0.0	0.0	0.0	0.0	0.0	0.0	0.0	0.0	0.0	0.0	0.0	0.0	0.0	0.0	0.0	0.0	0.0	0.0	0.0	0.0	0.0	0.0	115.103	0.0	0.0	0.0	0.517762	0.0	0.0	0.0
ZJH_N22_2_2	0.0	0.0	0.0	0.0	0.0	0.0	0.0	0.0	0.0	0.0	0.0	1.2441	0.0	0.0	45.21677727272727	30.2731	41.2993	48.373599999999996	0.0	0.0	0.0	0.0	0.0	71.99228421052631	2.1527849999999997	0.0	1.2441	71.163825	0.0	48.52404166666667	72.9385	0.0	0.0	0.0	0.0	5.354514999999999	0.0	0.0	0.0	1.51244	0.0	0.0	0.0	0.0	0.0	0.0	0.0	0.0	0.0	0.0	0.0	0.0	1.21971	0.0	62.40657407407407	6.179849999999999	6.31809	0.0	0.0	1.5764725	0.0	0.926978	0.0	0.0	0.0	0.0	0.0	0.0	3.46397	86.14383333333335	0.0	0.0	0.0	0.0	3.04927	0.0	0.0	0.0	0.0	0.0	0.0	0.0	0.0	0.0	0.0	240.14093333333332	132.89325	0.0	0.0	0.0	0.0	0.0	0.0	0.0	1.46365	0.0	0.0	0.0	0.0	16.4661	1.63441	17.393	3.19563	0.0	50.819055	8.440395	0.0	0.0	0.0	0.0	0.0	6.83036	0.0	0.0	0.0	0.0	0.0	0.0	0.0	0.0	0.0	0.0	0.0	0.0	0.0	0.0	0.0	9.1722	1.58562	0.0	0.0	0.0	0.0	0.0	2.0979	0.0	0.0	17.860566666666667	17.8809	16.1733	0.0	0.0	0.0	0.0	0.0	0.0	0.0	0.0	0.0	0.0	0.0	0.0	0.0	0.0	0.0	0.0	8.14765	3.098058	0.0	0.0	0.0	0.0	0.0	0.0	0.0	0.0	0.902584	0.0	0.0	0.0	0.0	2.3418366666666666	4.56171	0.0	295.852	0.0	0.0	0.0	0.0	0.0	0.0	0.0	0.0	0.0	0.0	0.609854	0.0	0.0	0.0	0.0	0.0	10.1602	10.1724	0.414701	26.5774	38.2256	1.2441	0.0	0.0	1.29289	0.0	117.9458	78.8419	0.926978	0.0	0.0	0.0	0.0	3.12245	0.0	0.0	0.0	0.0	0.0	0.0	0.0	0.0	0.0	0.0	0.0	0.0	0.0	0.0	0.0	0.0	0.0	0.0	65.42087391304348	0.0	0.0	0.0	0.0	0.0	2.04911	0.0	0.0	0.0	0.0	0.0	0.0	0.0	0.0	0.0	0.0	5.29353	0.0	27.1263	0.0	0.0	0.0
ZJH_N22_2_3	0.0	0.0	0.0	0.0	0.0	0.0	0.0	0.0	0.0	0.0	0.0	4.87576	4.15594	4.152545	37.467810526315795	23.9985	31.8622	38.0758	0.0	3.17807	0.0	0.0	0.0	45.303621052631584	0.95749675	0.0	4.87576	52.631725	0.0	38.432291666666664	59.41368	0.0	0.0	0.0	0.0	2.628025	0.0	0.0	0.0	0.44819	0.0	0.0	0.0	0.0	0.0	1.38531	0.0	0.0	0.0	0.0	0.0	0.0	0.651912	0.0	54.30619230769231	2.308856666666667	2.32244	0.0	0.0	0.89638	0.0	0.407445	0.0	0.0	0.0	0.0	0.0	0.0	7.578455	60.8316	0.0	0.0	0.0	0.0	1.30382	3.17807	2.72988	1.71127	15.9311	0.0	0.0	0.0	0.0	0.0	0.0	16.362986666666668	65.0435125	0.0	0.0	0.0	0.0	1.14085	0.0	0.0	0.692657	0.0	0.0	0.0	0.0	19.3536	1.30382	8.47486	2.56691	0.0	43.066974	9.90092	0.0	0.0	0.0	0.0	0.0	5.66349	0.0	0.0	0.0	0.0	0.0	0.0	0.0	0.0	0.0	0.0	0.0	0.0	6.6821	4.013335	8.23039	4.64488	0.0	0.0	0.0	0.0	0.0	0.0	0.0	0.0	0.0	5.70423	5.70423	5.0726949999999995	0.0	0.0	0.0	0.0	0.0	0.0	0.0	0.0	0.0	0.0	0.0	0.0	0.0	0.0	13.710550000000001	0.0	0.0	2.85212	0.0	0.0	0.0	0.0	0.0	0.0	0.0	0.0	0.0	0.0	0.0	0.0	17.1942	5.33753	2.81137	0.0	162.897	0.0	0.0	13.7716	0.0	0.0	0.0	0.0	0.0	0.0	0.0	0.0	0.0	0.0	0.0	0.0	0.0	3.17807	3.17807	0.0	21.676099999999998	28.9286	0.0	0.0	0.0	1.14085	0.0	94.608675	89.312	4.07445	0.0	0.0	0.0	0.0	3.01509	0.0	0.0	0.0	0.0	0.0	0.0	0.0	0.0	0.0	0.0	0.0	0.0	0.0	0.0	0.0	0.0	0.0	0.0	49.90672173913044	0.0	0.0	0.0	0.0	0.0	1.22234	14.4948625	37.313828	0.0	0.0	0.0	0.0	0.0	0.0	0.0	0.0	3.09658	0.0	12.7123	0.0	0.0	0.0
ZJH_N22_2_4	0.0	0.0	0.0	0.0	0.0	0.0	0.0	0.0	0.0	0.0	0.0	11.256100000000002	2.98962	2.98962	0.0	0.0	0.0	0.0	0.0	0.0	0.0	0.0	0.0	0.0	0.0	0.0	11.256100000000002	0.0	0.0	0.0	0.0	0.0	0.0	0.0	0.0	0.0	0.0	0.0	0.0	0.0	0.0	0.0	0.0	0.0	0.0	0.0	0.0	0.0	0.0	0.0	0.0	0.0	0.0	0.0	0.0	0.0	0.0	0.0	0.0	0.0	0.0	0.0	0.0	0.0	0.0	0.0	0.0	0.0	7.69017	0.0	0.0	0.0	0.0	0.0	0.0	2.14316	1.69292	1.56685	9.50916	0.0	0.0	0.0	0.0	0.0	0.0	0.0	0.0	0.0	0.0	0.0	0.0	0.0	0.0	0.0	0.0	0.0	0.0	0.0	0.0	0.0	0.0	0.0	0.0	0.0	13.0841	0.0	0.0	0.0	0.0	0.0	0.0	0.0	0.0	0.0	0.0	0.0	0.0	0.0	0.0	0.0	0.0	0.0	0.0	0.0	5.15079	3.583945	6.15934	0.0	0.0	0.0	0.0	0.0	0.0	0.0	0.0	0.0	0.0	0.0	0.0	0.0	0.0	0.0	0.0	0.0	0.0	0.0	0.0	0.0	0.0	0.0	0.0	0.0	0.0	0.0	9.23901	0.0	0.0	0.0	0.0	0.0	0.0	0.0	0.0	0.0	0.0	0.0	0.0	0.0	0.0	0.0	14.3178	0.0	0.0	0.0	0.0	0.0	0.0	11.2561	0.0	0.0	0.0	0.0	0.0	0.0	0.0	0.0	0.0	0.0	0.0	0.0	0.0	0.0	0.0	0.0	0.0	0.0	0.0	0.0	0.0	0.0	0.0	23.917	23.5928	0.0	0.0	0.0	0.0	0.0	0.0	0.0	0.0	0.0	0.0	0.0	0.0	0.0	0.0	0.0	0.0	0.0	0.0	0.0	0.0	0.0	0.0	0.0	0.0	0.0	0.0	0.0	0.0	0.0	0.0	0.0	7.15888	20.114918518518518	0.0	0.0	0.0	0.0	0.0	0.0	0.0	0.0	0.0	0.0	0.0	0.0	0.0	0.0
ZJH_N23_1_2	0.0	0.0	0.0	0.0	0.0	0.0	0.0	0.0	0.0	0.0	0.0	0.0	0.0	0.0	0.0	0.0	0.0	0.0	0.0	0.0	0.0	0.0	0.0	0.0	0.0	0.0	0.0	2.04748	0.0	1.8853883333333332	2.81528	0.0	0.0	0.0	0.0	9.316015	0.0	0.0	0.0	2.329005	0.0	0.0	0.0	0.0	0.0	0.0	0.0	0.0	0.0	0.0	0.0	0.0	3.22478	0.0	0.0	14.332333333333333	14.5883	0.0	0.0	8.3242725	0.0	0.0	7.52448	0.0	0.0	0.0	0.0	0.0	11.3123	0.0	0.0	0.0	0.0	0.0	2.14985	0.0	0.0	0.0	0.0	0.0	0.0	0.0	0.0	0.0	0.0	76.66092	6.09764	0.0	0.0	0.0	0.0	0.0	0.0	0.0	0.0	0.0	0.0	0.0	0.0	35.319	2.91765	0.0	0.0	0.0	26.71959	33.7834	0.0	0.0	0.0	0.0	0.0	15.7656	0.0	0.0	0.0	0.0	0.0	0.0	0.0	0.0	0.0	0.0	0.0	0.0	0.0	0.0	0.0	0.0	0.0	0.0	0.0	0.0	0.0	0.0	0.0	0.0	0.0	18.452916666666663	18.5297	16.4822	0.0	0.0	0.0	0.0	0.0	0.0	0.0	0.0	0.0	0.0	0.0	0.0	0.0	0.0	0.0	0.0	26.1565	11.1587	0.0	0.0	0.0	0.0	0.0	0.0	0.0	0.0	0.0	0.0	0.0	0.0	0.0	10.3398	0.0	0.0	4.91394	0.0	0.0	0.0	0.0	0.0	0.0	0.0	0.0	0.0	0.0	0.0	0.0	0.0	0.0	0.0	0.0	0.0	0.0	0.0	0.0	0.0	0.0	0.0	0.0	4.2997	0.0	58.79666666666666	74.0675	2.04748	0.0	0.0	0.0	0.0	0.0	0.0	0.0	0.0	0.0	0.0	0.0	0.0	0.0	0.0	0.0	0.0	0.0	0.0	0.0	0.0	0.0	0.0	0.0	0.0	0.0	0.0	0.0	0.0	0.0	0.0	0.0	0.0	0.0	0.0	0.0	0.0	3.73664	3.1224	0.0	0.0	0.0	0.0	67.0549	0.0	0.0	0.0
ZJH_N23_1_3	0.0	0.0	0.0	0.0	0.0	0.0	0.0	0.0	0.0	0.0	0.0	0.0	0.0	0.0	0.0	0.0	0.0	0.0	0.0	0.0	0.0	0.0	0.0	0.0	0.0	0.0	0.0	0.0	0.0	0.0	0.0	0.0	0.0	0.0	0.0	0.0	0.0	0.0	0.0	0.0	0.0	0.0	0.0	0.0	0.0	0.0	0.0	0.0	0.0	0.0	0.0	0.0	0.0	0.0	0.0	0.0	0.0	0.0	0.0	0.0	0.0	0.0	0.0	0.0	0.0	0.0	0.0	0.0	0.0	0.0	0.0	0.0	0.0	0.0	0.0	0.0	0.0	0.0	0.0	0.0	0.0	0.0	0.0	0.0	0.0	0.597772	0.0	0.0	0.0	0.0	0.0	0.0	0.0	0.0	0.0	0.0	0.0	0.0	0.0	0.0	0.0	0.0	0.0	0.0	0.0	0.0	0.0	0.0	0.0	0.0	0.0	0.0	0.0	0.0	0.0	0.0	0.0	0.0	0.0	0.0	0.0	0.0	0.0	0.0	0.0	0.0	0.0	0.0	0.0	0.0	0.0	0.0	0.0	0.0	0.0	0.0	0.0	0.0	0.0	0.0	0.0	0.0	0.0	0.0	0.0	0.0	0.0	0.0	0.0	0.0	0.0	0.0	0.0	0.0	0.0	0.0	0.0	0.0	0.0	0.0	0.0	0.0	0.0	0.0	0.0	0.0	0.0	0.0	0.0	0.0	0.0	0.0	0.0	0.0	0.0	0.0	0.0	0.0	0.0	0.0	0.0	0.0	0.0	0.0	0.0	0.0	0.0	0.0	0.0	0.0	0.0	0.0	0.0	0.0	0.0	0.0	0.0	0.0	0.0	0.0	0.0	0.0	0.0	0.0	0.0	0.0	0.0	0.0	0.0	0.0	0.0	0.0	0.0	0.0	0.0	0.0	0.0	0.0	0.0	0.0	0.0	0.0	0.0	0.0	0.0	0.0	0.0	0.0	0.0	0.0	0.0	0.0	0.0	0.0	0.0	0.0	0.0	0.0	0.0	0.0	0.0	0.0	0.0	0.0	0.0	0.0	0.0	0.0	0.0	0.0
ZJH_N23_1_4	0.0	0.0	0.0	0.0	0.0	0.0	0.0	0.0	0.0	0.0	0.0	0.0	0.402373	0.40237300000000004	0.0	0.0	0.0	0.0	0.0	1.48655	0.0	0.0	0.0	0.0	0.0	0.0	0.0	0.0	0.0	0.0	0.0	0.0	0.0	0.0	0.0	0.0	0.0	0.0	0.0	0.0	0.0	0.0	0.0	0.0	0.0	0.0	0.0	0.0	0.0	0.0	0.0	0.0	0.0	0.0	0.0	0.0	0.0	0.0	0.0	0.0	0.0	0.0	0.0	0.0	0.0	0.0	0.0	0.0	1.02829	0.0	0.0	0.0	0.0	0.0	0.0	0.0	0.0	0.0	1.45302	0.0	0.0	0.692977	0.0	0.0	0.0	0.0	0.0	0.0	0.0	0.0	0.0	0.0	0.0	0.0	0.0	0.0	0.0	0.0	0.0	0.0	0.0	0.0	0.0	0.0	2.30247	1.52008	0.0	0.0	0.0	0.0	0.0	0.0	0.0	0.0	0.0	0.0	0.0	0.0	0.0	0.0	0.0	0.0	0.0	0.0	0.380019	0.312957	0.581206	0.0	1.45302	0.0	0.0	0.0	0.0	0.0	0.0	0.0	0.0	0.0	0.0	0.0	0.0	0.0	0.0	0.0	0.0	0.0	0.0	0.0	0.0	0.0	0.0	0.0	0.0	0.0	1.2741850000000001	0.0	0.0	0.0	0.0	0.0	0.0	0.0	0.0	0.0	0.0	0.0	0.402373	0.0	0.0	0.0	2.10128	1.05064	0.0	0.0	0.0	0.0	0.0	1.14006	0.0	0.0	0.0	0.0	0.0	0.0	0.0	0.0	0.0	0.0	0.0	0.0	0.0	0.0	0.0	0.0	0.0	0.0	0.0	0.0	0.0	0.0	0.0	4.2361	3.12957	0.268249	0.290603	0.0	0.0	0.0	1.60949	0.0	0.0	0.0	0.0	0.0	0.0	0.0	0.0	0.0	0.0	0.0	0.0	0.0	0.0	0.0	0.0	0.0	0.0	0.0	0.0	0.0	0.0	0.0	0.0	0.0	1.00593	2.4105145833333332	0.0	0.0	0.0	0.0	0.0	0.0	2.21305	0.0	0.0	0.0	0.0	0.0	0.0	0.0
ZJH_N23_2_2	0.0	1.01153	0.0	0.0	0.0	0.0	0.0	0.0	0.0	0.0	0.0	0.0	0.0	0.0	0.0	0.0	0.0	0.0	0.0	6.069205	0.0	0.0	0.0	0.0	0.0	0.0	0.0	82.06075000000001	0.0	36.021816666666666	81.0913	0.0	0.0	0.0	0.0	2.61313	0.0	0.0	0.0	0.758651	0.0	0.0	0.842945	0.0	0.0	0.0	0.0	0.0	0.0	0.0	0.0	0.0	0.0	0.0	0.0	0.0	0.0	0.0	0.0	0.0	0.0	0.0	0.0	2.69742	0.0	0.0	5.64773	0.0	0.0	0.0	0.0	0.0	0.0	0.0	0.0	0.0	0.0	0.0	0.0	0.0	0.0	0.0	0.0	0.0	1.09583	44.85594666666667	146.75675	0.0	1.01153	0.0	0.0	0.0	0.0	0.0	0.0	0.0	0.0	0.0	0.0	9.60957	0.0	0.0	0.0	0.0	91.20652	7.83939	0.0	0.0	0.0	0.0	0.0	0.0	0.0	0.0	0.0	0.0	0.0	0.0	0.0	0.0	0.0	0.0	1.93877	0.0	0.0	0.0	0.0	0.0	0.0	0.0	0.0	0.0	0.0	0.0	0.0	2.95031	0.0	4.38331	4.38331	0.0	0.0	0.0	0.0	0.0	0.0	0.0	0.0	1.3346616666666666	0.9272364	0.0	0.0	0.0	0.0	0.0	0.0	0.0	4.80479	0.0	0.0	0.0	0.0	0.0	0.0	0.0	0.0	0.0	0.0	0.0	4.29902	0.0	0.0	0.0	0.0	0.0	90.5323	0.0	0.0	0.0	0.0	0.0	0.0	0.0	0.0	0.0	0.0	0.0	0.0	0.0	0.0	1.6016	0.0	0.0	0.0	0.0	0.0	0.0	0.0	0.842945	0.0	0.0	0.0	77.9724	76.2022	0.0	0.0	0.0	0.0	0.0	0.0	0.0	0.0	0.0	0.0	0.0	0.0	0.0	5.22626	0.0	0.0	0.0	0.0	3.45608	0.0	0.0	0.0	0.0	0.0	0.0	0.0	0.0	0.0	0.0	0.0	0.0	0.0	0.0	0.0	0.0	0.0	0.0	144.987	138.749	20.4836	0.0	0.0	0.0	14.1615	0.0	0.0	0.0
ZJH_N23_2_3	0.0	47.4342	0.0	0.0	0.0	0.0	0.0	0.0	21.677966666666666	0.0	0.0	0.0	0.0	0.0	0.0	0.0	0.0	0.0	0.0	370.12266666666665	281.912	31.6954	0.0	0.0	0.0	0.0	0.0	4.15742	0.0	0.0	4.45438	0.0	72.2995	113.09466666666667	145.45	0.0	149.33	130.424	36.18933333333333	0.0	29.3395	0.0	39.2975	32.7446	0.0	0.0	18.1540305	37.6543055	0.0	0.0	3.5730579310344828	0.0	0.0	0.0	0.0	0.0	0.0	31.159516666666665	3.624938275862069	0.0	0.0	0.0	0.0	103.619	0.0	1.95993	189.657	0.0	0.0	0.0	108.746	45.8108	172.137	0.0	0.0	0.0	0.0	0.0	0.0	91.6941	20.5495	95.482	0.0	0.0	0.0	0.0	0.0	35.9122	32.6258	0.0	66.99380000000001	42.079	21.0807	19.6784	0.0	0.0	6.34501	0.0	92.73296428571429	0.0	0.0	0.0	0.0	0.0	130.099875	186.8265	0.0	0.0	0.0	0.0	0.0	0.0	0.613714	2.07871	0.0	0.0	0.890875	0.732497	1.12844	0.0	0.0	60.8567	97.9963	60.2627	0.0	0.0	0.0	0.0	155.21	49.3347	0.0	0.0	0.0	0.0	0.0	108.39	0.0	0.0	0.0	0.0	0.0	0.0	0.0	0.0	96.66336666666666	34.21455	18.978933333333334	32.932700000000004	31.014319999999998	5.988659999999999	0.0	0.0	0.0	0.0	0.0	0.0	0.0	81.8417	0.0	0.0	0.0	0.0	0.0	0.0	67.5481	78.9711	49.8494	66.7958	187.96784615384615	24.5288	138.0816	108.9045	0.0	0.0	0.0	0.0	0.0	0.0	125.95	64.7963	22.5688	63.0938	19.5399	56.7784	83.96	0.0	40.8813	87.2266	27.023221	43.46150733333334	89.2657	0.0	0.0	0.0	0.0	0.0	0.0	39.7726	0.0	0.0	0.0	185.2276	0.0	14.8479	33.7345	32.0121	0.0	0.0	0.0	0.0	0.0	0.0	0.0	0.0	0.0	0.0	339.463	93.5419	78.81280000000001	14.8479	147.588	94.2744	112.805	29.4187	24.8257	0.0	0.0	0.0	3.5543630769230767	0.970064	0.435539	0.0	0.0	0.0	0.0	0.0	0.0	0.0	0.0	0.0	0.0	0.0	169.425	44.4448	112.607	0.0	0.0	0.0	0.593917	0.0
ZJH_N23_2_4	0.0	0.520388	0.0	0.0	0.0	0.0	0.0	0.0	0.253162	0.0	0.0	0.0	0.0	0.0	0.0	0.0	0.0	0.0	0.0	0.0	0.0	0.295355	0.0	0.0	0.0	0.0	0.0	0.0	0.0	0.0	0.0	0.0	0.548517	1.0220236666666667	1.25174	0.0	1.37832	0.928259	0.40318366666666666	0.0	0.267226	0.0	0.30942	0.295355	0.0	0.0	27.847765	65.72345	0.0	0.0	0.0	0.0	0.0	0.0	0.0	0.0	0.0	0.4051667692307692	0.0	0.0	0.0	0.0	0.0	1.1111	0.0	0.0	2.93949	0.0	0.0	0.0	0.689162	0.421936	1.29394	0.0	0.0	0.0	0.0	0.0	0.0	0.6282163333333334	0.281291	0.759485	0.0	0.0	0.520388	0.0	0.0	0.267226	0.74542	0.0	0.7172915	1.75807	0.351613	0.337549	0.0	0.0	0.0	0.0	23.013664285714288	0.0	0.0	0.0	0.0	0.0	60.73350000000001	75.47735	0.0	0.0	0.0	0.0	0.0	0.0	0.0	0.0	0.0	0.0	0.0	0.0	0.0	0.0	0.0	0.632904	0.675098	0.703227	0.0	0.0	0.0	0.0	0.0	0.450065	0.0	0.0	0.0	0.0	0.0	1.0689	0.0	0.0	0.0	0.0	0.0	0.0	0.0	0.0	0.8532483333333333	0.281291	0.182839	0.33520483333333334	0.3938072	0.0	0.0	0.0	0.0	0.0	0.0	0.0	0.0	0.731356	0.0	0.0	0.0	0.0	0.0	0.0	0.604775	0.74542	0.0	0.90013	5.143517916666666	0.337549	195.567	0.0	0.0	0.0	0.0	0.0	0.0	0.0	1.18142	0.520388	0.253162	0.576646	0.0	0.46413	0.815743	0.0	0.590711	0.773549	27.1023485	31.68741133333333	0.914195	0.0	0.0	0.0	0.0	0.0	0.0	0.393807	0.0	0.0	0.0	235.2715	0.0	0.0	17.8901	0.239097	0.0	0.0	0.0	0.0	0.0	0.0	0.0	0.0	0.0	0.0	3.43175	0.815743	1.04078	0.379742	1.51897	1.40645	0.984518	0.0	0.15471	0.0	0.0	0.0	0.0	0.0	0.0	0.0	0.0	0.0	0.0	0.0	0.0	0.0	0.0	0.0	0.0	0.0	125.793	0.407872	0.956388	0.0	0.0	0.0	0.0	0.0
ZJH_N24_1_2	0.0	0.0	0.0	0.0	0.0	0.0	0.0	0.0	0.0	0.0	0.0	1.34227	0.0	0.0	0.0	0.0	0.0	0.0	0.0	0.0	0.0	0.0	0.0	0.0	0.0	0.0	1.34227	0.0	0.0	0.0	0.0	0.0	0.0	0.0	0.0	4.81054	0.0	0.0	0.0	1.9052950000000002	0.0	0.0	0.0	0.0	0.0	0.0	0.0	0.0	0.0	0.0	0.0	0.0	1.43235	0.0	0.0	7.2428300000000005	7.24283	0.0	0.0	2.40527	0.0	0.0	4.1349	0.0	0.0	0.0	0.0	0.0	0.0	0.0	0.0	0.0	0.0	0.648612	0.729689	0.0	0.0	0.0	0.0	0.0	0.0	0.0	0.0	0.0	0.459434	1025.578	0.0	0.0	0.0	0.0	0.0	0.0	0.0	0.0	0.0	0.0	0.0	0.0	0.0	7.89145	1.18912	0.0	0.0	0.0	11.4858	9.94538	0.0	0.0	0.0	0.0	0.0	5.13485	0.0	0.0	0.0	0.0	0.0	0.0	0.0	0.0	0.0	0.0	0.0	0.0	0.0	0.0	0.0	0.0	0.0	0.0	0.0	0.0	0.0	0.0	0.0	0.0	0.0	5.5312166666666664	5.56725	4.47272	0.0	0.0	0.0	0.0	0.0	0.0	0.0	0.0	0.0	0.0	0.0	0.0	0.0	0.0	0.0	0.0	15.0532	2.5404	0.0	0.0	0.0	0.0	0.0	0.0	0.0	0.0	0.0	0.0	0.0	0.0	0.0	3.45926	0.0	0.0	1.10805	0.0	0.0	0.0	0.0	0.0	0.0	0.0	0.0	0.0	0.0	0.0	0.0	0.0	0.0	0.0	0.0	0.0	0.0	0.0	0.0	0.0	0.0	0.0	0.0	1.4864	0.0	18.25575	15.3235	0.648612	0.0	0.0	0.0	0.0	0.0	0.0	0.0	0.0	0.0	0.0	0.0	0.0	0.0	0.0	0.0	0.0	0.0	0.0	0.0	0.0	0.0	0.0	0.0	0.0	0.0	0.0	0.0	0.0	0.0	0.0	0.0	0.0	0.0	0.0	0.0	0.0	0.0	0.0	0.0	0.0	0.0	0.0	31.9441	0.0	0.0	0.0
ZJH_N24_1_3	0.0	0.0	0.0	0.0	0.0	0.0	0.0	0.0	0.0	0.0	0.0	0.0	0.0	0.0	0.0	0.0	0.0	0.0	0.0	0.0	0.0	0.0	0.0	0.0	0.0	0.0	0.0	0.0	0.0	0.0	0.0	0.0	0.0	0.0	0.0	0.0	0.0	0.0	0.0	0.0	0.0	0.0	0.0	0.0	0.0	0.0	0.0	0.0	0.0	0.0	0.0	0.0	0.0	0.0	0.0	0.0	0.0	0.0	0.0	0.0	0.0	0.0	0.0	0.0	0.0	0.0	0.0	0.0	0.0	0.0	0.0	0.0	0.0	0.0	0.0	0.0	0.0	0.0	0.0	0.0	0.0	0.0	0.0	0.0	0.0	0.0	0.0	0.0	0.0	0.0	0.0	0.0	0.0	0.0	0.0	0.0	0.0	0.0	0.0	0.0	0.0	0.0	0.0	0.0	0.0	0.0	0.0	0.0	0.0	0.0	0.0	0.0	0.0	0.0	0.0	0.0	0.0	0.0	0.0	0.0	0.0	0.0	0.0	0.0	0.0	0.0	0.0	0.0	0.0	0.0	0.0	0.0	0.0	0.0	0.0	0.0	0.0	0.0	0.0	0.0	0.0	0.0	0.0	0.0	0.0	0.0	0.0	0.0	0.0	0.0	0.0	0.0	0.0	0.0	0.0	0.0	0.0	0.0	0.0	0.0	0.0	0.0	0.0	0.0	0.0	0.0	0.0	0.0	0.0	0.0	0.0	0.0	0.0	0.0	0.0	0.0	0.0	0.0	0.0	0.0	0.0	0.0	0.0	0.0	0.0	0.0	0.0	0.0	0.0	0.0	0.0	0.0	0.0	0.0	0.0	0.0	0.0	0.0	0.0	0.0	0.0	0.0	0.0	0.0	0.0	0.0	0.0	0.0	0.0	0.0	0.0	0.0	0.0	0.0	0.0	0.0	0.0	0.0	0.0	0.0	0.0	0.0	0.0	0.0	0.0	0.0	0.0	0.0	0.0	0.0	0.0	0.0	0.0	0.0	0.0	0.0	0.0	0.0	0.0	0.0	0.0	0.0	0.0	0.0	0.0	0.0	0.0	0.0	0.0	0.0
ZJH_N24_1_4	0.0	0.0	0.0	0.0	0.0	0.0	0.0	0.0	0.0	0.0	0.0	4.92854	0.0	0.0	0.0	0.0	0.0	0.0	0.0	0.0	0.0	0.0	0.0	0.0	0.0	0.0	4.92854	0.0	0.0	0.0	0.0	0.0	0.0	0.0	0.0	21.1892	0.0	0.0	0.0	3.8092050000000004	0.0	0.0	0.0	0.0	0.0	0.0	0.0	0.0	0.0	0.0	0.0	0.0	2.04777	0.0	0.0	11.2801	11.9396	0.0	0.0	7.570685	0.0	0.0	7.30604	0.0	0.0	0.0	0.0	0.0	6.55981	0.0	0.0	0.0	0.0	0.0	2.84606	0.0	0.0	0.0	0.0	0.0	0.0	0.0	0.0	0.0	0.0	18.252953333333334	0.0	0.0	0.0	0.0	0.0	0.0	0.0	0.0	0.0	0.0	0.0	0.0	0.0	34.4304	5.15414	0.0	0.0	0.0	40.0183	30.5951	0.0	0.0	0.0	0.0	0.0	25.0765	0.0	0.0	0.0	0.0	0.0	0.0	0.0	0.0	0.0	0.0	0.0	0.0	0.0	0.0	0.0	0.0	0.0	0.0	0.0	0.0	0.0	0.0	0.0	0.0	0.0	23.19073333333333	23.3281	18.27375	0.0	0.0	0.0	0.0	0.0	0.0	0.0	0.0	0.0	0.0	0.0	0.0	0.0	0.0	0.0	0.0	22.95935	10.6207	0.0	0.0	0.0	0.0	0.0	0.0	0.0	0.0	0.0	0.0	0.0	0.0	12.9287	16.9549	14.9418	0.0	0.0	0.0	0.0	0.0	0.0	0.0	0.0	0.0	0.0	0.0	0.0	3.93936	0.0	0.0	0.0	0.0	0.0	0.0	0.0	1.45774	0.0	0.0	0.0	0.0	0.0	8.17374	0.0	59.9668	57.4591	4.19967	0.0	0.0	0.0	0.0	0.0	0.0	0.0	0.0	0.0	0.0	0.0	0.0	0.0	0.0	0.0	0.0	0.0	0.0	0.0	0.0	0.0	0.0	0.0	0.0	0.0	0.0	0.0	0.0	0.0	0.0	0.0	0.0	0.0	0.0	0.0	0.0	0.0	0.0	0.0	0.0	0.0	0.0	21.2934	0.0	0.0	0.0
ZJH_N24_2_2	0.0	0.0	0.0	0.0	0.0	0.0	0.0	0.0	0.0	0.0	0.0	0.0	0.0	0.0	0.0	0.0	0.0	0.0	0.0	11.094566666666665	0.0	0.6214	0.0	0.0	1.15542	0.0	0.0	0.0	0.0	0.0	0.0	0.0	2.1749	0.0	0.0	1.5340799999999999	0.0	0.0	0.0	0.0	0.0	0.0	0.0	0.0	0.0	0.0	1.08745	1.2428	0.0	0.0	4.200924	0.0	0.0	0.0	0.0	0.0	0.0	0.837433875	8.777277999999999	0.0	0.0	0.388375	0.0	2.56328	14.0592	7.18494	0.0	0.0	0.0	0.0	2.60211	0.0	4.62166	0.0	1.47583	0.0	0.0	0.0	0.0	2.2266833333333333	0.543725	2.52444	0.0	0.0	0.0	26.769413333333333	0.0	0.0	0.0	0.0	1.4952450000000002	1.12629	0.7379130000000002	0.737913	0.0	0.0	0.0	0.0	2.5762249999999995	7.53448	0.970938	5.5926	0.0	0.0	3.6458725	5.204226666666667	0.0	0.0	0.0	0.0	0.0	2.7963	3.76724	10.8357	0.0	0.0	3.06816	4.11678	6.36935	0.0	6.44703	1.67001	0.0	1.59234	0.0	0.0	0.0	0.0	3.96143	1.16513	0.0	0.0	0.0	0.0	0.0	2.60211	0.0	2.7833550000000002	2.7963	2.52444	0.0	0.0	0.0	0.0	0.0	0.0	0.0	0.0	0.0	0.0	0.0	0.0	0.0	0.0	0.0	0.0	0.0	2.1943200000000003	0.0	0.0	0.0	0.0	0.0	0.0	1.8642	1.59234	1.43699	1.82536	5.359577692307692	0.9321	3.759472	3.55363	0.0	0.0	0.0	0.0	0.0	0.0	0.0	0.0	0.0	3.37886	0.0	2.67979	3.26235	0.0	1.12629	2.4856	1.82536	1.5535	2.44676	2.4856	2.4856	0.0	0.0	0.0	0.0	0.854425	0.0	0.699075	0.0	11.936066666666667	10.9133	0.388375	1.20396	0.660238	0.0	0.0	0.0	0.0	0.0	0.0	0.0	0.0	0.0	0.0	4.27213	0.0	3.84491	1.00978	0.0	4.15561	4.62166	0.582563	0.582563	0.0	0.0	0.0	0.0	2.75746	1.43699	0.0	0.0	0.0	0.0	0.0	0.0	0.0	0.0	0.0	0.0	0.0	4.15561	1.28164	1.844785	0.0	8.19471	2.40793	2.52444	0.0
ZJH_N24_2_3	0.0	0.0	0.0	0.0	0.0	0.0	0.0	0.0	0.0	0.0	0.0	0.0	0.0	0.0	0.0	0.0	0.0	0.0	0.0	70.74173333333333	53.0434	5.19127	0.0	0.0	0.77098	0.0	0.0	0.0	0.0	0.0	0.0	0.0	12.0787	0.0	0.0	0.0	12.5927	0.0	0.0	0.0	0.0	0.0	0.0	0.0	0.0	0.0	6.42484	14.3916	0.0	0.0	47.804093548387094	0.0	0.0	0.0	0.0	0.0	0.0	5.021841851851852	34.825635294117646	0.0	0.0	0.0	0.0	20.5081	71.9068	36.3389	0.0	0.0	0.0	0.0	22.9752	0.0	30.942	0.0	0.668183	0.0	0.0	0.0	0.0	17.818233333333335	4.67728	21.1249	0.0	0.0	0.0	6.877142	0.0	5.80805	3.9577	0.0	12.7212	7.8383	5.44826	5.34546	0.0	0.0	1.516265	0.0	22.195633333333333	3.34091	0.925176	0.0	0.0	0.0	23.0201775	27.035709999999998	0.0	0.0	0.0	0.0	0.0	0.0	24.5172	84.4481	0.0	0.0	33.6661	28.8347	44.9225	0.0	36.8529	12.6955	0.0	8.58358	0.0	0.0	0.0	0.0	26.2133	10.8965	0.0	0.0	0.0	0.0	0.0	18.1951	0.0	0.0	0.0	0.0	0.0	0.0	0.0	0.0	0.0	0.0	0.0	0.0	0.0	0.8994770000000001	0.0	0.0	0.0	0.0	0.0	0.0	0.0	17.7325	0.0	0.0	0.0	0.0	0.0	0.0	10.7937	8.68638	10.6909	13.354354545454544	40.527869230769234	5.39686	29.33836	17.809649999999998	0.0	0.0	0.0	0.0	0.0	0.0	0.0	0.0	0.0	11.8217	0.0	10.1769	9.71435	0.0	5.39686	12.5413	9.66295	11.5647	8.48078	1.69616	1.69616	0.0	0.0	0.0	0.0	6.68183	0.0	0.0	0.0	24.0803	8.94337	2.62133	5.75665	5.75665	0.0	0.0	0.0	0.0	0.0	0.0	0.0	0.0	0.0	0.0	30.0682	0.0	13.6207	2.56993	0.0	20.6623	17.527	4.62588	4.754379999999999	0.0	0.0	0.0	0.0	6.93882	7.24722	0.0	0.0	0.0	0.0	0.0	0.0	0.0	0.0	0.0	0.0	0.0	23.6948	8.58358	20.4053	0.0	3.8035	17.8353	18.2465	0.0
ZJH_N24_2_4	0.0	0.0	0.0	0.0	0.0	0.0	0.0	0.0	0.0	0.0	0.0	0.0	0.0	0.0	0.0	0.0	0.0	0.0	0.0	206.19533333333334	153.329	22.622	0.0	0.0	0.0	0.0	0.0	0.0	0.0	0.0	0.0	0.0	39.2139	0.0	0.0	0.0	33.9993	0.0	0.0	0.0	0.0	0.0	0.0	0.0	0.0	0.0	24.8595	39.3751	0.0	0.0	195.57261613157894	0.0	0.0	0.0	0.0	0.0	0.0	21.528077500000002	233.48771341379313	0.0	0.0	0.0	0.0	70.9567	305.027	144.454	0.0	0.0	0.0	0.0	66.1024	0.0	105.847	0.0	0.0	0.0	0.0	0.0	0.0	46.64713333333333	17.9572	60.4706	0.0	0.0	0.0	0.0	0.0	23.6838	25.0871	0.0	37.73485	31.903999999999996	18.017300000000002	17.4642	0.0	0.0	4.2570250000000005	0.0	68.57061666666667	0.0	0.0	0.0	0.0	0.0	102.69408571428572	103.6285	0.0	0.0	0.0	0.0	0.0	0.0	65.4387	210.329	0.0	0.0	93.9959	68.4537	121.908	0.0	117.547	41.9255	0.0	39.0812	0.0	0.0	0.0	0.0	90.905	32.3306	0.0	0.0	0.0	0.0	0.0	70.6913	0.0	0.0	0.0	0.0	0.0	0.0	0.0	0.0	0.0	0.0	0.0	0.0	0.0	3.9536300000000004	0.0	0.0	0.0	0.0	0.0	0.0	0.0	56.242	0.0	0.0	0.0	0.0	18.8674	0.0	40.7688	42.3237	34.7009	48.27786363636364	121.25546153846153	19.5122	95.92622	75.67830000000001	0.0	0.0	0.0	0.0	0.0	0.0	0.0	0.0	0.0	48.6571	0.0	41.6411	83.9648	0.0	24.7078	45.4146	26.3954	37.659	58.2331	0.0	0.0	0.0	0.0	0.0	0.0	23.7597	0.0	0.0	0.0	138.311	0.0	14.4492	16.7626	25.3715	0.0	0.0	151.148	0.0	0.0	0.0	0.0	0.0	0.0	0.0	81.4049	0.0	89.2743	24.4992	0.0	68.321	94.8302	19.7207	12.8564	0.0	0.0	0.0	0.0	66.3489	40.1241	0.0	0.0	0.0	0.0	0.0	0.0	0.0	0.0	0.0	0.0	0.0	101.695	25.4094	54.8578	0.0	0.0	66.9936	64.0924	0.0
ZJH_N25_1_2	0.0	0.0	0.0	0.0	0.0	0.0	0.0	0.0	0.0	0.0	0.0	0.0	0.0	0.0	18.58426	12.4673	16.66005	19.408949999999997	0.0	0.0	0.0	0.0	0.0	26.027663157894736	0.0	0.0	0.0	0.721935	0.0	0.7219349999999999	1.11067	0.0	0.0	0.0	0.0	1.11067	0.0	0.0	0.0	0.360967	0.0	0.0	0.0	0.0	0.0	0.0	0.0	0.0	0.0	0.0	0.0	0.0	0.0	0.0	29.273600000000002	1.2957833333333333	1.30504	0.0	0.0	0.638635	0.0	0.0	0.555334	0.0	0.0	0.0	0.0	0.0	0.0	1.19397	0.0	0.0	0.0	0.0	0.0	0.0	0.0	0.0	0.0	0.0	0.0	0.0	0.0	0.0	0.0	9.818313999999999	34.0176875	0.0	0.0	0.0	0.0	0.0	0.0	0.0	0.0	0.0	0.0	0.0	0.0	3.91511	0.0	0.0	0.0	0.0	36.02732	3.24871	0.0	0.0	0.0	0.0	0.0	1.63824	0.0	0.0	0.0	0.0	0.0	0.0	0.0	0.0	0.0	0.0	0.0	0.0	0.0	0.0	0.0	0.0	0.0	0.0	0.0	0.0	0.0	0.0	0.0	0.0	0.0	1.4392416666666668	1.44387	1.19397	0.0	0.0	0.0	0.0	0.0	0.0	0.0	0.0	0.0	0.0	0.0	0.0	0.0	0.0	0.0	0.0	3.91511	1.0829	0.0	0.0	0.0	0.0	0.0	0.0	0.0	0.0	0.0	0.0	0.0	0.0	0.0	0.0	0.0	0.0	109.595	0.0	0.0	0.0	0.0	0.0	0.0	0.0	0.0	0.0	0.0	0.0	0.0	0.0	0.0	0.0	0.0	0.0	0.0	0.0	11.1761	15.4383	0.0	0.0	0.0	0.0	0.0	46.92583333333334	30.6267	0.0	0.0	0.0	0.0	0.0	0.0	0.0	0.0	0.0	0.0	0.0	0.0	0.0	0.0	0.0	0.0	0.0	0.0	0.0	0.0	0.0	0.0	0.0	0.0	26.09228260869565	0.0	0.0	0.0	0.0	0.0	0.0	0.0	0.0	0.0	0.0	0.916302	0.0	0.0	0.0	0.0	0.0	0.0	0.0	7.58031	0.0	0.0	0.0
ZJH_N25_1_3	0.0	0.0	0.0	0.0	0.0	0.0	0.0	0.0	0.0	0.0	0.0	0.0	0.0	0.0	0.0	0.0	0.0	0.0	0.0	0.0	0.0	0.0	0.0	0.0	0.0	0.0	0.0	0.0	0.0	0.0	0.0	0.0	0.0	0.0	0.0	0.0	0.0	0.0	0.0	0.0	0.0	0.0	0.0	0.0	0.0	0.0	0.0	0.0	0.0	0.0	0.0	0.0	0.0	0.0	0.0	0.0	0.0	0.0	0.0	0.0	0.0	0.0	0.0	0.0	0.0	0.0	0.0	0.0	0.0	0.0	0.0	0.0	0.0	0.0	0.0	0.0	0.0	0.0	0.0	0.0	0.0	0.0	0.0	0.0	0.0	0.0	0.0	0.0	0.0	0.0	0.0	0.0	0.0	0.0	0.0	0.0	0.0	0.0	0.0	0.0	0.0	0.0	0.0	0.0	0.0	0.0	0.0	0.0	0.0	0.0	0.0	0.0	0.0	0.0	0.0	0.0	0.0	0.0	0.0	0.0	0.0	0.0	0.0	0.0	0.0	0.0	0.0	0.0	0.0	0.0	0.0	0.0	0.0	0.0	0.0	0.0	0.0	0.0	0.0	0.0	0.0	0.0	0.0	0.0	0.0	0.0	0.0	0.0	0.0	0.0	0.0	0.0	0.0	0.0	0.0	0.0	0.0	0.0	0.0	0.0	0.0	0.0	0.0	0.0	0.0	0.0	0.0	0.0	0.0	0.0	0.0	0.0	0.0	0.0	0.0	0.0	0.0	0.0	0.0	0.0	0.0	0.0	0.0	0.0	0.0	0.0	0.0	0.0	0.0	0.0	0.0	0.0	0.0	0.0	0.0	0.0	0.0	0.0	0.0	0.0	0.0	0.0	0.0	0.0	0.0	0.0	0.0	0.0	0.0	0.0	0.0	0.0	0.0	0.0	0.0	0.0	0.0	0.0	0.0	0.0	0.0	0.0	0.0	0.0	0.0	0.0	0.0	0.0	0.0	0.0	0.0	0.0	0.0	0.0	0.0	0.0	0.0	0.0	0.0	0.0	0.0	0.0	0.0	0.0	0.0	0.0	0.0	0.0	0.0	0.0
ZJH_N25_1_4	0.0	0.0	0.0	0.0	0.0	0.0	0.0	0.0	0.0	0.0	0.0	0.607805	0.0	0.0	0.0	0.0	0.0	0.0	0.0	0.0	0.0	0.0	0.0	0.0	0.0	0.0	0.607805	0.0	0.0	0.0	0.0	0.0	0.0	0.0	0.0	0.0	0.0	0.0	0.0	0.0	0.0	0.0	0.0	0.0	0.0	0.0	0.0	0.0	0.0	0.0	0.0	0.0	0.0	0.0	0.0	0.0	0.0	0.0	0.0	0.0	0.0	0.0	0.0	0.0	0.0	0.0	0.0	0.0	0.0	0.0	0.0	0.0	0.0	0.0	0.0	0.0	0.0	0.0	0.0	0.0	0.0	0.0	0.0	0.0	3.036035714285714	0.0	0.0	0.0	0.0	0.0	0.0	0.0	0.0	0.0	0.0	0.0	0.0	0.0	0.0	0.0	0.0	0.0	0.0	0.0	0.0	0.0	0.0	0.0	0.0	0.0	0.0	0.0	0.0	0.0	0.0	0.0	0.0	0.0	0.0	0.0	0.0	0.0	0.0	0.0	0.0	0.0	0.0	0.0	0.0	0.0	0.0	0.0	0.0	0.0	0.0	0.0	0.0	0.0	0.0	0.0	0.0	0.0	0.0	0.0	0.0	0.0	0.0	0.0	0.0	0.0	0.0	0.0	0.0	0.0	0.0	0.0	0.0	0.0	0.0	0.0	0.0	0.0	0.0	0.0	0.0	0.0	0.0	0.0	0.0	0.0	3.26957	0.0	0.0	2.134306666666667	0.0	2.4399533333333334	0.0	0.0	0.0	0.0	0.0	0.0	0.0	0.0	0.0	0.0	0.0	0.0	1.3413650000000001	0.0	0.0	0.0	0.0	0.0	0.0	0.0	0.0	0.0	0.0	0.0	0.796435	1.97013	2.76656	0.0	0.0	0.0	0.0	0.0	0.0	0.0	0.0	0.0	0.0	0.0	0.0	0.0	0.0	0.0	0.0	0.0	0.0	0.0	0.0	0.0	0.0	0.0	0.0	0.0	0.0	0.0	0.0	0.0	0.0	0.0	0.0	0.0	0.0	0.0	0.0	0.0	0.0	0.0	0.0	0.0	0.0	0.0	0.0	0.0	0.0	0.0
ZJH_N25_2_2	0.0	0.0	0.0	0.0	0.0	0.0	0.0	0.0	0.0	0.0	0.63277	1.58193	0.0	0.0	55.804584999999996	36.7007	49.09725	58.186099999999996	0.0	0.0	0.0	0.0	0.0	64.44567368421052	0.0	0.0	1.58193	5.09092	0.0	3.0008649999999997	4.60196	0.0	0.0	0.0	0.0	10.38315	0.0	0.0	0.0	2.53108	0.0	0.0	0.0	0.0	0.0	0.0	0.0	0.0	0.0	0.0	0.0	0.0	1.92707	0.0	69.39896923076923	10.354433333333333	10.4407	0.0	0.0	6.35646375	0.0	0.0	6.29894	0.0	0.0	0.0	0.0	0.0	0.0	5.98255	0.0	0.0	0.0	1.23678	1.26554	0.0	0.0	0.0	0.0	0.0	0.0	0.0	0.0	0.0	1.579875	646.4668	73.11371249999999	0.0	0.0	0.0	0.0	0.0	0.0	0.0	0.0	0.0	0.0	0.0	0.0	17.6025	1.81202	0.0	0.0	0.0	97.34605	16.7396	0.0	0.0	0.0	0.0	0.0	9.03136	0.0	0.0	0.0	0.0	0.0	0.0	0.0	0.0	0.0	0.0	0.0	0.0	0.0	0.0	0.0	0.0	0.0	0.0	0.0	0.0	0.0	0.0	0.0	0.0	0.0	8.36024	8.39859	6.98923	0.0	0.0	0.0	0.0	0.0	0.0	0.0	0.0	0.0	0.0	0.0	0.0	0.0	0.0	0.0	0.0	18.4654	4.51568	0.0	0.0	0.0	0.0	0.0	0.0	0.0	0.0	0.0	0.0	0.0	0.0	5.80998	6.18389	0.0	0.0	305.513	0.0	0.0	0.0	0.0	0.0	0.0	0.0	0.0	0.0	0.0	0.0	0.0	0.0	0.0	0.0	0.0	0.0	0.0	1.89831	25.3827	36.2692	0.0	0.0	0.0	2.50232	0.834106	120.60976666666669	83.5832	0.776582	0.0	0.0	0.0	0.0	0.0	0.0	0.0	0.0	0.0	0.0	0.0	0.0	0.0	0.0	0.0	0.0	0.0	0.0	0.0	0.0	0.0	0.0	0.0	70.2475043478261	0.0	0.0	0.0	0.0	0.0	0.0	0.0	0.0	1.38059	0.0	1.4077522222222223	1.2943	1.38059	1.38059	0.0	0.0	0.0	0.0	52.031	0.0	0.0	0.0
ZJH_N25_2_4	0.0	0.280186	0.0	0.700464	0.315209	0.210139	0.315209	0.350232	0.0	0.0	0.0	36.716033333333336	0.0	0.0	0.0	0.0	0.0	0.0	0.0	0.0	0.0	0.0	0.280186	0.0	0.0	0.0	36.716033333333336	0.0	21.88075	0.350232	0.33272	0.0	0.0	0.0	0.0	0.0	0.0	0.0	0.0	0.0	0.0	0.0	0.0	0.0	0.0	0.0	0.0	0.0	0.0	0.0	0.0	0.0	0.0	0.0	0.0	0.0	0.0	0.0	0.0	0.0	0.0	0.0	0.0	0.0	0.0	0.0	1.17328	61.7284	52.9376	0.43778999999999996	0.0	0.0	0.0	0.0	0.0	0.0	0.0	0.0	0.0	0.0	0.0	0.0	0.0	0.0	39.64627142857143	0.0	0.7114087499999999	0.0	0.0	0.0	0.0	0.0	0.0	0.0	0.0	0.0	0.0	0.0	0.612906	0.0	0.0	0.0	0.560371	70.5542	48.11606666666666	0.77051	0.0	0.0	0.0	0.0	0.0	0.0	0.0	0.0	0.0	0.0	0.0	0.0	0.0	0.0	0.0	0.0	0.0	0.0	24.6388	21.72315	37.1596	0.0	0.0	0.0	44.0592	0.0	0.0	0.0	0.0	0.0	0.0	0.0	0.0	0.0	0.0	0.0	0.0	0.0	0.0	0.0	0.0	0.0	0.0	0.0	0.0	0.0	0.0	0.0	0.0	0.0	0.0	0.0	0.0	0.0	0.0	0.0	0.0	0.0	0.0	0.0	0.0	0.0	0.0	0.0	34.165115	0.0	0.0	0.998161	0.823045	1.182035	0.0	0.0	0.0	0.0	0.0	0.0	0.0	0.0	0.0	0.0	0.297697	0.472813	0.525348	0.612906	0.0	0.0	0.0	0.0	0.0	0.0	0.0	0.0	0.0	0.0	6.81201	107.889	104.001	0.0	0.0	0.0	0.0	16.2916	0.0	0.0	0.0	0.0	0.0	0.0	0.0	0.0	0.0	0.0	0.0	0.0	0.0	0.0	0.0	0.0	0.0	0.0	0.0	0.43779	0.0	0.0	0.0	0.0	0.0	0.0	0.0	48.73326956521739	0.717976	0.612906	0.7306227777777778	0.682953	0.0	0.0	0.0	0.0	0.0	0.0	0.0	0.0	0.0	63.357
ZJH_N26_1_2	0.0	0.0	0.0	0.0	0.0	0.0	0.0	0.0	0.0	0.0	0.0	0.0	0.0	0.0	0.0	0.0	0.0	0.0	0.0	0.0	0.0	0.0	0.0	0.0	0.0	0.0	0.0	1.15986	0.0	0.9478446666666667	1.90816	0.0	0.0	0.0	0.0	0.0	0.0	0.0	0.0	0.0	0.0	0.0	0.0	0.0	0.0	0.0	0.0	0.0	0.0	0.0	0.0	0.0	0.0	0.0	0.0	0.0	0.0	0.0	0.0	0.0	0.0	0.0	0.0	0.0	0.0	0.0	0.0	0.0	0.0	0.0	0.0	0.0	0.0	0.0	0.0	0.0	0.0	0.0	0.0	0.0	0.0	0.0	0.0	0.0	0.0	2.948296	1.3375825	0.0	0.0	0.0	0.0	0.0	0.0	0.0	0.0	0.0	0.0	0.0	0.0	0.0	0.0	0.0	0.0	0.0	0.0	0.0	0.0	0.0	0.0	0.0	0.0	0.0	0.0	0.0	0.0	0.0	0.0	0.0	0.0	0.0	0.0	0.0	0.0	0.0	0.0	0.0	0.0	0.0	0.0	0.0	0.0	0.0	0.0	0.0	0.0	0.0	0.0	0.0	0.0	0.0	0.0	0.0	0.0	0.0	0.0	0.0	0.0	0.0	0.0	0.0	0.0	0.0	0.0	0.0	0.0	0.0	0.0	0.0	0.0	0.0	0.0	0.0	0.0	0.0	0.0	0.0	0.0	0.0	0.0	0.0	0.0	0.0	0.0	0.0	4.0034	0.0	0.0	0.0	0.0	0.0	0.0	0.0	0.0	0.0	0.0	0.0	0.0	0.0	0.0	0.0	0.0	0.0	0.0	0.0	0.0	0.0	0.0	0.0	0.0	0.0	0.0	4.63945	0.0	0.0	0.0	0.0	0.0	0.0	0.0	0.0	0.0	0.0	0.0	0.0	0.0	0.0	0.0	0.0	0.0	0.0	0.0	0.0	0.0	0.0	0.0	0.0	0.0	0.0	0.0	0.0	0.0	0.0	0.0	0.0	0.0	0.0	0.0	0.0	0.0	0.0	0.0	0.0	0.0	0.0	0.0	0.0	1.64626	0.0	0.0	0.0
ZJH_N26_1_4	0.0	0.0	0.0	0.0	0.0	0.0	0.0	0.0	0.0	0.0	0.0	0.0	0.0	0.0	0.0	0.0	0.0	0.0	0.0	0.0	0.0	0.0	0.0	0.0	0.0	0.0	0.0	0.0	0.0	0.0	0.0	0.0	0.0	0.0	0.0	0.0	0.0	0.0	0.0	0.0	0.0	0.0	0.0	0.0	0.0	0.0	0.0	0.0	0.0	0.0	0.0	0.0	0.0	0.0	0.0	0.0	0.0	0.0	0.0	0.0	0.0	0.0	0.0	0.0	0.0	0.0	0.0	0.0	0.0	0.0	0.0	0.0	0.0	0.0	0.0	0.0	0.0	0.0	0.0	0.0	0.0	0.0	0.0	0.0	0.0	0.0	0.0	0.0	0.0	0.0	0.0	0.0	0.0	0.0	0.0	0.0	0.0	0.0	0.0	0.0	0.0	0.0	0.0	0.0	0.0	0.0	0.0	0.0	0.0	0.0	0.0	0.0	0.0	0.0	0.0	0.0	0.0	0.0	0.0	0.0	0.0	0.0	0.0	0.0	0.0	0.0	0.0	0.0	0.0	0.0	0.0	0.0	0.0	0.0	0.0	0.0	0.0	0.0	0.0	0.0	0.0	0.0	0.0	0.0	0.0	0.0	0.0	0.0	0.0	0.0	0.0	0.0	0.0	0.0	0.0	0.0	0.0	0.0	0.0	0.0	0.0	0.0	0.0	0.0	0.0	0.0	0.0	0.0	0.0	0.0	0.0	0.0	0.0	0.0	0.0	0.0	0.0	0.0	0.0	0.0	0.0	0.0	0.0	0.0	0.0	0.0	0.0	0.0	0.0	0.0	0.0	0.0	0.0	0.0	0.0	0.0	0.0	0.0	0.0	0.0	0.0	0.0	0.0	0.0	0.0	0.0	0.0	0.0	0.0	0.0	0.0	0.0	0.0	0.0	0.0	0.0	0.0	0.0	0.0	0.0	0.0	0.0	0.0	0.0	0.0	0.0	0.0	0.0	0.0	0.0	0.0	0.0	0.0	0.0	0.0	0.0	0.0	0.0	0.0	0.0	0.0	0.0	0.0	0.0	0.0	0.0	0.0	0.0	0.0	0.0
ZJH_N26_2_2	0.0	0.0	0.0	0.0	0.0	0.0	0.0	0.0	0.0	0.0	0.598975	0.0	0.0	0.0	0.0	0.0	0.0	0.0	0.0	0.0	0.0	0.0	0.0	0.0	0.0	0.0	0.0	17.482575	0.0	8.922236666666667	19.646359999999998	0.0	0.0	0.0	0.0	0.0	0.0	0.0	0.0	0.0	0.0	0.0	0.0	0.0	0.0	0.0	0.0	0.0	0.0	0.0	0.0	0.0	0.0	0.0	0.0	0.0	0.0	0.0	0.0	0.0	0.0	0.0	0.0	0.0	0.0	0.0	0.0	0.0	0.0	0.0	0.0	0.0	0.0	0.0	0.0	0.0	0.0	0.0	0.0	0.0	0.0	0.0	0.0	0.0	8.051941428571428	14.51516	33.003524999999996	0.0	0.0	0.0	0.0	0.0	0.0	0.0	0.0	0.0	0.0	0.0	0.0	2.3959	0.0	0.0	0.0	0.0	44.2343	0.0	0.0	0.0	0.0	0.0	0.0	0.0	0.0	0.0	0.0	0.0	0.0	0.0	0.0	0.0	0.0	0.0	0.0	0.0	0.0	0.0	0.0	0.0	0.0	0.0	0.0	0.0	0.0	0.0	0.0	0.0	0.0	0.0	0.0	0.0	0.0	0.0	0.0	0.0	0.0	0.0	0.0	0.0	0.0	0.0	0.0	0.0	0.0	0.0	0.0	0.0	0.0	0.0	0.0	0.0	0.0	0.0	0.0	0.0	0.0	0.0	0.0	0.0	0.0	0.0	2.03652	0.0	0.0	1.7070800000000002	31.6858	0.0	0.0	0.0	0.0	0.0	0.0	0.0	0.0	0.0	0.0	0.0	0.0	0.0	0.988309	0.0	0.0	0.0	0.0	0.0	0.209641	0.299488	0.0	0.0	0.0	0.0	1.85682	58.3701	0.0	0.539078	0.0	0.0	0.0	0.0	0.0	0.0	0.0	0.0	0.0	0.0	0.0	0.0	0.0	0.0	0.0	0.0	0.0	0.0	0.0	0.0	0.0	0.0	0.0	0.0	0.0	0.0	0.0	0.0	0.0	0.0	0.0	0.0	0.0	0.0	0.0	0.0	28.7808	26.9539	0.0	0.0	0.0	0.0	2.15631	0.0	0.0	0.0
ZJH_N26_2_4	0.0	0.0	0.0	0.0	0.0	0.0	0.0	0.0	0.0	0.0	0.0	0.6836723333333333	0.0	0.0	0.0	0.0	0.0	0.0	0.0	0.0	0.0	0.0	0.0	0.0	0.0	0.0	0.6836723333333333	0.0	0.548117	0.0	0.0	0.0	0.0	0.0	0.0	0.0	0.0	0.0	0.0	0.0	0.0	0.0	0.0	0.0	0.0	0.0	2.36928	4.7916	0.0	0.0	0.0	0.0	0.0	0.0	0.0	0.0	0.0	0.0	0.0	0.0	0.0	0.0	0.0	0.0	0.0	0.0	0.0	1.25536	0.884059	0.0	0.0	0.0	0.0	0.0	0.0	0.0	0.0	0.0	0.0	0.0	0.0	0.0	0.0	0.0	0.90174	0.0	0.0	0.0	0.0	0.0	0.0	0.0	0.0	0.0	0.0	0.0	0.0	0.0	4.96841	0.0	0.0	0.0	0.0	1.1316	3.52445	0.0	0.0	0.0	0.0	0.0	0.0	0.0	0.0	0.0	0.0	0.0	0.0	0.0	0.0	0.0	0.0	0.0	0.0	0.0	0.424348	0.48623249999999996	0.6011599999999999	0.0	0.0	0.0	0.636523	0.0	0.0	0.0	0.0	0.0	0.0	0.0	0.0	0.0	0.0	0.0	0.0	0.0	0.0	0.0	0.0	0.0	0.0	0.0	0.0	0.0	0.0	0.0	0.0	0.0	0.0	0.0	0.0	0.0	0.0	0.0	0.0	0.0	0.0	0.0	0.0	0.0	0.0	0.0	3.0824200000000004	0.0	0.0	0.0	0.0	0.0	0.0	0.0	0.0	0.0	0.0	0.0	0.0	0.0	0.0	0.0	0.0	0.0	2.1571	3.50087	0.0	0.0	0.0	0.0	0.0	0.0	0.0	0.0	0.0	0.0	0.0	7.97423	2.74058	0.0	0.0	0.0	0.0	0.0	0.0	0.0	0.0	0.0	0.0	0.0	0.0	0.0	0.0	0.0	0.0	0.0	0.0	0.0	0.0	0.0	0.0	0.0	0.0	0.0	0.0	0.0	0.0	0.0	0.0	0.0	0.0	0.7713415625	0.0	0.0	0.0	0.0	0.0	0.0	5.3574	0.0	0.0	0.0	0.0	0.0	0.0	0.848697
ZJH_N27_1_4	0.0	0.0	0.0	0.0	0.0	0.0	0.0	0.0	0.0	0.0	0.0	0.0	0.0	0.0	0.0	0.0	0.0	0.0	0.0	0.0	0.0	0.0	0.0	0.0	0.0	0.0	0.0	0.0	0.0	0.0	0.0	0.0	0.0	0.0	0.0	0.0	0.0	0.0	0.0	0.0	0.0	0.0	0.0	0.0	0.0	0.0	0.0	0.0	0.0	0.0	0.0	0.0	0.0	0.0	0.0	0.0	0.0	0.0	0.0	0.0	0.0	0.0	0.0	0.0	0.0	0.0	0.0	0.0	0.0	0.0	0.0	0.0	0.0	0.0	0.0	0.0	0.0	0.0	0.0	0.0	0.0	0.0	0.0	0.0	0.0	0.0	0.0	0.0	0.0	0.0	0.0	0.0	0.0	0.0	0.0	0.0	0.0	0.0	0.0	0.0	0.0	0.0	0.0	0.0	0.0	0.0	0.0	0.0	0.0	0.0	0.0	0.0	0.0	0.0	0.0	0.0	0.0	0.0	0.0	0.0	0.0	0.0	0.0	0.0	0.0	0.0	0.0	0.0	0.0	0.0	0.0	0.0	0.0	0.0	0.0	0.0	0.0	0.0	0.0	0.0	0.0	0.0	0.0	0.0	0.0	0.0	0.0	0.0	0.0	0.0	0.0	0.0	0.0	0.0	0.0	0.0	0.0	0.0	0.0	0.0	0.0	0.0	0.0	0.0	0.0	0.0	0.0	0.0	0.0	0.0	0.0	0.0	0.0	0.0	0.0	0.0	0.0	0.0	0.0	0.0	0.0	0.0	0.0	0.0	0.0	0.0	0.0	0.0	0.0	0.0	0.0	0.0	0.0	0.0	0.0	0.0	0.0	0.0	0.0	0.0	0.0	0.0	0.0	0.0	0.0	0.0	0.0	0.0	0.0	0.0	0.0	0.0	0.0	0.0	0.0	0.0	0.0	0.0	0.0	0.0	0.0	0.0	0.0	0.0	0.0	0.0	0.0	0.0	0.0	0.0	0.0	0.0	0.0	0.0	0.0	0.0	0.0	0.0	0.0	0.0	0.0	0.0	0.0	0.0	0.0	0.0	0.0	0.0	0.0	0.0
ZJH_N27_2_2	0.0	0.0	0.0	0.0	0.0	0.0	0.0	0.0	0.0	0.0	10.5542	2.46265	0.0	0.0	0.0	0.0	0.0	0.0	0.0	6.200593333333333	4.74939	0.0	0.0	0.0	0.0	0.0	2.46265	21.5482	0.0	14.578008333333335	24.6705	0.0	0.0	0.0	0.0	4.6834299999999995	0.0	0.0	0.0	1.23132	0.0	0.0	0.0	0.0	0.0	0.0	0.0	0.0	0.0	0.0	1.233910588235294	1.0994	1.75903	0.0	0.0	6.845573333333333	6.90421	0.0	0.0	3.3036849999999998	0.0	0.0	2.81445	0.0	0.0	0.0	0.0	0.0	0.0	0.0	0.0	0.0	2.46265	1.01144	0.0	0.0	0.0	0.0	0.0	1.2606433333333333	0.0	1.31928	0.0	0.0	0.0	389.36486666666667	22.400199999999998	0.703614	0.0	0.0	0.0	0.0	0.0	0.0	0.0	0.0	0.0	0.0	2.68253	8.31143	1.05542	0.0	0.0	0.0	3.950505	4.44156	0.0	0.0	0.0	0.0	0.0	5.49698	0.0	0.0	0.0	0.0	0.0	1.0994	0.0	0.0	0.0	0.0	0.0	0.0	0.0	0.0	0.0	0.0	2.19879	1.01144	0.0	0.0	0.0	0.0	0.0	1.58313	0.0	4.917965	4.936285	4.001805	0.0	0.0	2.6322680952380955	0.0	0.0	0.0	0.0	0.6508427999999999	0.0	0.0	0.0	0.0	0.0	0.0	0.0	2.7265	8.31143	1.5171649999999999	0.0	0.0	0.0	0.0	0.0	0.0	0.0	0.0	0.967469	0.0	0.0	0.0	3.4960800000000005	2.3453766666666667	0.0	4.57349	37.4234	3.9666200000000003	0.0	0.0	0.0	0.0	0.0	0.0	0.0	0.0	0.0	0.0	0.747589	0.0	2.594575	0.0	1.4512	0.0	0.0	0.703614	0.0	0.0	0.0	0.0	0.0	1.01144	5.49698	27.836685	46.5704	1.49518	0.791565	0.0	0.0	0.0	0.0	0.0	0.0	0.0	0.0	0.0	0.0	0.0	3.47409	0.0	0.0	0.0	0.0	0.615662	0.0	0.571686	0.0	0.0	0.0	0.0	1.092633846153846	0.0	0.0	0.0	0.0	0.0	0.0	0.0	0.0	0.0	0.0	0.0	31.2229	29.2439	10.0265	0.967469	1.53915	0.0	16.315	0.0	1.49518	0.0
ZJH_N27_2_3	0.0	2.11454	0.0	0.0	0.0	0.0	0.0	0.0	0.8521299999999999	1.60958	0.0	0.0	0.0	0.0	0.0	0.0	0.0	0.0	0.0	55.04126666666667	46.2044	2.871995	0.0	0.0	0.0	0.0	0.0	11.27495	0.0	0.0	10.5412	0.315604	6.18583	4.597296666666666	6.72236	0.0	7.0064	6.18583	2.864105	0.0	1.70426	0.0	2.05142	1.79894	0.0	0.0	6.12271	9.286625	7.38513	0.0	8.41029275862069	8.45531090909091	0.0	0.0	0.0	0.0	0.0	1.2425426666666668	5.5872048387096775	0.0	0.0	0.0	0.0	14.67555	0.0	0.0	8.30038	0.0	1.10461	0.0	13.7288	1.29398	26.0373	0.0	0.0	0.0	0.0	0.0	0.0	11.856166666666667	3.661	12.9713	0.0	0.0	1.8710771428571429	11.65206	0.0	6.59612	5.96491	25.7217	9.010485	5.98069	0.0	0.0	0.0	0.0	0.0	0.0	17.205650000000002	0.0	0.0	0.0	0.0	0.0	17.22742857142857	23.275750000000002	0.0	0.0	0.0	0.0	0.0	0.0	0.0	0.0	0.0	0.0	11.1408	8.86846	13.1922	6.62768	14.6125	7.1642	6.09115	6.78548	0.0	0.0	0.0	0.0	20.1355	5.0181	0.0	0.0	0.0	2.99823	0.0	19.9146	0.0	0.0	0.0	0.0	0.0	0.0	0.0	0.0	3.3454	1.82261	0.9468110000000001	1.22033	1.344474	0.252483	0.0	0.0	0.0	0.0	0.0	0.0	0.0	12.0561	0.0	0.0	5.0181	4.07129	6.75392	4.26065	2.87199	7.29045	7.54293	2.77731	7.420329615384616	1.04149	19.75048	17.0268	0.0	0.0	0.0	0.0	0.0	0.0	5.61775	3.5032	1.86206	4.48157	0.536526	2.77731	2.43015	0.0	4.07129	8.11101	5.4283850000000005	6.129022	12.2454	0.0	0.0	0.0	0.0	0.0	0.0	1.23085	0.0	0.0	0.0	14.8728275	6.501435	2.36703	4.26065	2.58795	0.0	0.0	0.0	0.0	0.0	0.0	0.0	0.0	5.52306	0.0	31.6551	3.59788	3.1087	0.631207	7.19576	7.10108	5.58619	4.57625	3.21916	0.0	0.0	0.0	10.745075384615385	0.0	0.0	0.0	14.328427272727271	0.0	0.0	0.0	0.0	0.0	0.0	0.0	0.0	0.0	21.8713	6.37519	11.2355	0.0	0.0	10.699	10.0993	0.0
ZJH_N27_2_4	0.0	2.79874	0.0	0.0	0.0	0.0	0.0	0.0	1.4072766666666665	4.49063	0.0	4.369406666666666	0.0	0.0	0.0	0.0	0.0	0.0	0.0	109.47733333333333	94.8092	7.47911	0.0	0.0	0.0	0.0	4.369406666666666	20.3185	2.778975	0.0	19.4172	3.44703	10.3095	6.114003333333334	7.82698	0.0	8.22228	6.56201	8.8349975	0.0	2.356	0.0	3.08336	2.68805	0.0	0.0	12.618	19.69395	14.5313	0.0	23.528375	17.90502727272727	0.0	0.0	0.0	0.0	0.0	1.6955816666666665	12.833185757575759	0.0	0.0	0.0	0.0	28.272	0.0	0.0	12.0646	7.54236	14.136	0.0	30.628	3.19404	53.2867	0.0	0.0	0.0	0.0	0.0	0.0	24.450733333333336	9.74024	25.5839	0.0	0.0	20.046314285714285	0.0	0.0	13.5826	15.0689	61.7145	18.0574	15.72515	1.430995	1.26497	0.0	0.0	0.0	0.0	33.65866666666667	0.0	0.0	0.0	0.0	8.69664	33.90109888888889	52.891450000000006	0.0	0.0	0.0	0.0	0.0	0.0	0.0	0.0	0.0	0.0	27.2284	16.0967	28.9045	19.2275	29.4737	17.4723	12.5074	14.1518	3.32054	2.41925	4.63294	0.0	40.5896	10.1039	5.6488625	0.0	0.0	5.94534	0.0	31.2921	0.0	0.0	0.0	0.0	0.0	0.0	0.0	0.0	6.6041799999999995	2.399485	0.8591233333333333	2.1214566666666665	2.115656	0.38739599999999996	0.0	0.0	0.0	0.0	0.0	0.0	0.0	26.1216	0.0	0.0	11.4796	9.53468	18.0732	16.0334	3.60515	17.9625	17.251	4.87012	10.353265	1.48634	36.662955000000004	37.569500000000005	0.0	0.0	0.0	0.0	0.0	0.0	7.70048	4.14277	2.13463	4.00046	1.66027	2.8778	5.88209	0.0	11.9065	14.9424	10.42017	13.611058	29.031	0.0	0.0	0.0	0.0	0.0	0.0	2.26113	0.0	0.0	1.12266	51.345775	18.8796	7.40005	7.24193	5.31286	0.0	1.6339133333333333	0.0	0.0	0.0	0.0	0.0	0.0	24.572	0.0	51.6581	5.43936	6.751755	1.81839	8.49109	13.0292	9.92999	10.8866	7.550265	0.0	0.0	0.0	22.56506153846154	0.0	0.0	0.0	26.146	0.0	0.0	5.936717272727273	0.0	0.0	0.0	0.0	0.0	0.0	46.5824	13.5826	31.4502	0.0	0.0	26.5959	26.6275	7.43168
ZJH_N28_1_2	0.0	0.0	0.0	0.0	0.0	0.0	0.0	0.0	0.0	0.0	0.0	0.0	0.0	0.0	0.0	0.0	0.0	0.0	0.0	0.0	0.0	0.0	0.0	0.0	0.0	0.0	0.0	0.0	0.0	0.0	0.0	0.0	0.0	0.0	0.0	0.0	0.0	0.0	0.0	0.0	0.0	0.0	0.0	0.0	0.0	0.0	0.0	0.0	0.0	0.0	0.0	0.0	0.0	0.0	0.0	0.0	0.0	0.0	0.0	0.0	0.0	0.0	0.0	0.0	0.0	0.0	0.0	0.0	0.0	0.0	0.0	0.0	0.0	0.0	0.0	0.0	0.0	0.0	0.0	0.0	0.0	0.0	0.0	0.0	0.0	3.57899	0.0	0.0	0.0	0.0	0.0	0.0	0.0	0.0	0.0	0.0	0.0	0.0	0.0	0.0	0.0	0.0	0.0	0.0	0.0	0.0	0.0	0.0	0.0	0.0	0.0	0.0	0.0	0.0	0.0	0.0	0.0	0.0	0.0	0.0	0.0	0.0	0.0	0.0	0.0	0.0	0.0	0.0	0.0	0.0	0.0	0.0	0.0	0.0	0.0	0.0	0.0	0.0	0.0	0.0	0.0	0.0	0.0	0.0	0.0	0.0	0.0	0.0	0.0	0.0	0.0	0.0	0.0	0.0	0.0	0.0	0.0	0.0	0.0	0.0	0.0	0.0	0.0	0.0	0.0	0.0	0.0	0.0	0.0	0.0	0.0	0.0	0.0	0.0	0.0	0.0	0.0	0.0	0.0	0.0	0.0	0.0	0.0	0.0	0.0	0.0	0.0	0.0	0.0	0.0	0.0	0.0	0.0	0.0	0.0	0.0	0.0	0.0	0.0	0.0	0.0	0.0	0.0	0.0	0.0	0.0	0.0	0.0	0.0	0.0	0.0	0.0	0.0	0.0	0.0	0.0	0.0	0.0	0.0	0.0	0.0	0.0	0.0	0.0	0.0	0.0	0.0	0.0	0.0	0.0	0.0	0.0	0.0	0.0	0.0	0.0	0.0	0.0	0.0	0.0	0.0	0.0	0.0	0.0	0.0	0.0	0.0	0.0	0.0	0.0
ZJH_N28_1_4	0.0	0.0	0.0	0.0	0.0	0.0	0.0	0.0	0.0	0.0	0.0	0.0	0.0	0.0	0.0	0.0	0.0	0.0	0.0	0.0	0.0	0.0	0.0	0.0	0.0	0.0	0.0	0.0	0.0	0.0	0.0	0.0	0.0	0.0	0.0	0.0	0.0	0.0	0.0	0.0	0.0	0.0	0.0	0.0	0.0	0.0	0.0	0.0	0.0	0.0	0.0	0.0	0.0	0.0	0.0	0.0	0.0	0.0	0.0	0.0	0.0	0.0	0.0	0.0	0.0	0.0	0.0	0.0	0.0	0.0	0.0	0.0	0.0	0.0	0.0	0.0	0.0	0.0	0.0	0.0	0.0	0.0	0.0	0.0	0.0	0.0	0.0	0.0	0.0	0.0	0.0	0.0	0.0	0.0	0.0	0.0	0.0	0.0	0.0	0.0	0.0	0.0	0.0	0.0	0.0	0.0	0.0	0.0	0.0	0.0	0.0	0.0	0.0	0.0	0.0	0.0	0.0	0.0	0.0	0.0	0.0	0.0	0.0	0.0	0.0	0.0	0.0	0.0	0.0	0.0	0.0	0.0	0.0	0.0	0.0	0.0	0.0	0.0	0.0	0.0	0.0	0.0	0.0	0.0	0.0	0.0	0.0	0.0	0.0	0.0	0.0	0.0	0.0	0.0	0.0	0.0	0.0	0.0	0.0	0.0	0.0	0.0	0.0	0.0	0.0	0.0	0.0	0.0	0.0	0.0	0.0	0.0	0.0	0.0	0.0	0.0	0.0	0.0	0.0	0.0	0.0	0.0	0.0	0.0	0.0	0.0	0.0	0.0	0.0	0.0	0.0	0.0	0.0	0.0	0.0	0.0	0.0	0.0	0.0	0.0	0.0	0.0	0.0	0.0	0.0	0.0	0.0	0.0	0.0	0.0	0.0	0.0	0.0	0.0	0.0	0.0	0.0	0.0	0.0	0.0	0.0	0.0	0.0	0.0	0.0	0.0	0.0	0.0	0.0	0.0	0.0	0.0	0.0	0.0	0.0	0.0	0.0	0.0	0.0	0.0	0.0	0.0	0.0	0.0	0.0	0.0	0.0	0.0	0.0	0.0
ZJH_N28_2_2	0.0	0.0	0.0	0.0	0.0	0.0	0.0	0.0	0.0	0.0	1.49568	0.0	0.0	0.0	0.0	0.0	0.0	0.0	0.0	0.0	0.0	0.0	0.0	0.0	0.0	0.0	0.0	77.6047	0.0	28.414466666666666	80.8097	0.0	0.0	0.0	0.0	0.0	0.0	0.0	0.0	0.0	0.0	0.0	0.0	0.0	0.0	0.0	0.0	0.0	0.0	0.0	0.0	0.0	0.0	0.0	0.0	0.0	0.0	0.0	0.0	0.0	0.0	0.0	0.0	0.0	0.0	0.0	0.0	0.0	0.0	0.0	0.0	0.0	0.0	0.0	0.598274	0.0	0.0	0.0	0.0	0.0	0.0	0.0	0.0	0.0	0.0	41.32075333333333	153.6975	0.0	0.0	0.0	0.0	0.0	0.0	0.0	0.0	0.0	0.0	0.0	0.0	4.74346	0.0	0.0	0.0	0.0	197.559	0.0	0.0	0.0	0.0	0.0	0.0	0.0	0.0	0.0	0.0	0.0	0.0	0.0	0.0	0.0	0.0	0.0	0.0	0.0	0.0	0.0	0.0	0.0	0.0	0.0	0.0	0.0	0.0	0.0	0.0	0.0	0.0	0.0	0.0	0.0	0.0	0.0	0.0	0.0	0.0	0.0	0.0	0.0	0.0	0.0	0.0	0.0	0.0	0.0	0.0	0.0	0.0	0.0	0.0	0.0	0.0	0.0	0.0	0.0	0.0	0.0	0.0	0.0	0.0	0.0	1.70935	0.0	0.0	0.0	75.5107	0.0	0.0	0.0	0.0	0.0	0.0	0.0	0.0	0.0	0.0	0.0	0.0	0.0	0.0	0.0	0.0	1.92302	1.88029	0.0	0.0	0.0	0.0	0.0	0.0	0.0	0.726475	264.95	0.0	0.0	0.0	0.0	0.0	0.0	0.0	0.0	0.0	0.0	0.0	0.0	0.0	0.0	0.0	0.0	0.0	0.0	0.0	0.0	0.0	0.0	0.0	0.0	0.0	0.0	0.0	0.0	0.0	0.0	0.0	0.0	0.0	0.0	0.0	0.0	0.0	0.0	167.004	154.355	0.0	0.0	0.0	0.0	0.0	0.0	0.0	0.0
ZJH_N28_2_3	0.0	0.0	0.0	0.0	0.0	0.0	0.0	0.0	0.0	0.0	0.0	0.0	0.0	0.0	0.0	0.0	0.0	0.0	0.0	0.0	0.0	0.0	0.0	0.0	0.0	0.0	0.0	0.0	0.0	0.0	0.0	0.0	0.0	0.0	0.0	0.0	0.0	0.0	0.0	0.0	0.0	0.0	0.0	0.0	0.0	0.0	0.0	0.0	0.0	0.0	0.0	0.0	0.0	0.0	0.0	0.0	0.0	0.0	0.0	0.0	0.0	0.0	0.0	0.0	0.0	0.0	0.0	0.0	0.0	0.0	0.0	0.0	0.0	0.0	0.0	0.0	0.0	0.0	0.0	0.0	0.0	0.0	0.0	0.0	0.0	2.5989459999999998	0.0	0.0	0.0	0.0	0.0	0.0	0.0	0.0	0.0	0.0	0.0	0.0	0.0	0.0	0.0	0.0	0.0	0.0	0.0	0.0	0.0	0.0	0.0	0.0	0.0	0.0	0.0	0.0	0.0	0.0	0.0	0.0	0.0	0.0	0.0	0.0	0.0	0.0	0.0	0.0	0.0	0.0	0.0	0.0	0.0	0.0	0.0	0.0	0.0	0.0	0.0	0.0	0.0	0.0	0.0	0.0	0.0	0.0	0.0	0.0	0.0	0.0	0.0	0.0	0.0	0.0	0.0	0.0	0.0	0.0	0.0	0.0	0.0	0.0	0.0	0.0	0.0	0.0	0.0	0.0	0.0	0.0	0.0	0.0	0.0	0.0	0.0	0.0	0.0	0.0	0.0	0.0	0.0	0.0	0.0	0.0	0.0	0.0	0.0	0.0	0.0	0.0	0.0	0.0	0.0	0.0	0.0	0.0	0.0	0.0	0.0	0.0	0.0	0.0	0.0	0.0	0.0	0.0	0.0	0.0	0.0	0.0	0.0	0.0	0.0	0.0	0.0	0.0	0.0	0.0	0.0	0.0	0.0	0.0	0.0	0.0	0.0	0.0	0.0	0.0	0.0	0.0	0.0	0.0	0.0	0.0	0.0	0.0	0.0	0.0	0.0	0.0	0.0	0.0	0.0	0.0	0.0	0.0	0.0	0.0	0.0	0.0	0.0	0.0
ZJH_N28_2_4	0.0	0.0	0.0	0.0	0.0	0.0	0.0	0.0	0.0	0.0	0.0	10.749766666666668	0.0	0.0	0.0	0.0	0.0	0.0	0.0	0.0	0.0	0.0	0.0	0.0	13.896025	0.0	10.749766666666668	0.0	0.0	0.0	0.0	0.0	0.0	0.0	0.0	12.66765	0.0	0.0	0.0	1.45642	0.0	0.0	0.0	0.0	0.0	0.0	0.0	0.0	0.0	0.0	0.0	0.0	1.00829	0.0	0.0	4.16654	4.52931	0.0	0.0	2.20663625	0.0	5.00945	0.0	0.0	0.0	0.0	0.0	0.0	0.0	0.0	0.0	0.0	0.0	0.0	17.333	0.0	0.0	0.0	0.0	0.0	0.0	0.0	0.0	0.0	0.0	45.046640000000004	16.4887625	0.0	0.0	0.0	0.0	0.0	0.0	0.0	2.72879	0.0	0.0	0.0	0.0	70.1003	7.77825	22.6466	12.6757	0.0	38.3631	43.5166	0.160046	0.0	0.0	0.0	0.0	28.8724	0.0	0.0	0.0	0.0	0.0	0.0	0.0	0.0	0.0	0.0	0.0	0.0	0.0	0.0	0.0	0.0	0.0	0.0	0.0	0.0	0.0	0.0	0.0	0.0	0.0	16.546116666666666	16.6528	14.124099999999999	1.0243	12.4036	13.689304761904761	0.0	21.3182	0.0	0.0	0.0	0.0	0.0	0.0	0.0	0.0	0.0	0.0	16.77285	44.468900000000005	12.2435	0.0	0.0	0.0	0.0	0.0	0.0	0.0	0.0	0.0	0.0	0.0	0.0	38.7472	23.7029	14.5322	28.440233333333335	0.0	26.130225	0.0	0.0	0.0	0.0	0.0	0.0	0.0	0.0	0.0	2.51273	0.0	0.0	15.11635	0.0	0.0	6.906	6.87399	0.224065	0.0	0.0	0.400116	0.0	0.0	8.96259	16.2127	129.5095	131.374	9.25068	0.0	0.0	0.0	0.0	0.0	0.0	0.0	0.0	0.0	0.0	0.0	0.0	0.0	0.0	0.0	0.0	0.0	0.0	0.0	0.0	0.0	0.0	0.0	0.0	0.0	0.0	0.0	0.0	0.0	0.0	0.0	0.0	0.0	0.0	0.0	0.0	0.0	0.0	0.0	0.0	19.8938	0.0	22.9186	0.0	0.0	0.0
ZJH_N29_1_2	0.0	0.0	0.0	0.0	0.0	0.0	0.0	0.0	0.0	0.0	0.0	0.0	0.0	0.0	0.0	0.0	0.0	0.0	0.0	0.0	0.0	0.0	0.0	0.0	0.0	0.0	0.0	0.0	0.0	0.0	0.0	0.0	0.0	0.0	0.0	2.048405	0.0	0.0	0.0	0.0	0.0	0.0	0.0	0.0	0.0	0.0	0.0	0.0	0.0	0.0	0.0	0.0	0.0	0.0	0.0	1.3229300000000002	1.37627	0.0	0.0	0.576113875	0.0	0.0	0.416082	0.0	0.0	0.0	0.0	0.0	0.0	0.0	0.0	0.0	0.0	0.0	0.60812	0.0	0.0	0.0	0.0	0.0	0.0	0.0	0.0	0.0	0.0	128.5118	0.0	0.0	0.0	0.0	0.0	0.0	0.0	0.0	0.512101	0.0	0.0	0.0	0.0	4.41687	0.800158	0.0	0.0	0.0	5.089	4.25684	0.0	0.0	0.0	0.0	0.0	2.30446	0.0	0.0	0.0	0.0	0.0	0.0	0.0	0.0	0.0	0.0	0.0	0.0	0.0	0.0	0.0	0.0	0.0	0.0	0.0	0.0	0.0	0.0	0.0	0.0	0.0	2.011065	2.0164	1.69634	0.0	0.0	0.0	0.0	0.0	0.0	0.0	0.0	0.0	0.0	0.0	0.0	0.0	0.0	0.0	0.0	4.5449	1.60032	0.0	0.0	0.0	0.0	0.0	0.0	0.0	0.0	0.0	0.0	0.0	0.0	0.0	2.20844	0.0	0.0	0.0	0.0	0.0	0.0	0.0	0.0	0.0	0.0	0.0	0.0	0.0	0.0	0.0	0.0	0.0	0.0	0.0	4.64092	4.64092	0.800158	0.0	0.0	0.544107	0.0	0.0	0.736145	0.0	9.921965	9.02578	0.0	0.0	0.0	0.0	0.0	0.0	0.0	0.0	0.0	0.0	0.0	0.0	0.0	0.0	0.0	0.0	0.0	0.0	0.0	0.0	0.0	0.0	0.0	0.0	0.0	0.0	0.0	0.0	0.0	0.0	0.0	0.0	0.0	0.0	0.0	0.0	0.0	0.0	0.0	0.0	0.0	2.65652	0.0	3.84076	0.0	0.0	0.0
ZJH_N29_1_4	0.0	0.0	0.0	0.0	0.0	0.0	0.0	0.0	0.0	0.0	0.0	0.0	0.0	0.0	0.0	0.0	0.0	0.0	0.0	0.0	0.0	0.0	0.0	0.0	0.0	0.0	0.0	0.0	0.0	0.0	0.0	0.0	0.0	0.0	0.0	0.0	0.0	0.0	0.0	0.0	0.0	0.0	0.0	0.0	0.0	0.0	0.0	0.0	0.0	0.0	0.0	0.0	0.0	0.0	0.0	0.0	0.0	0.0	0.0	0.0	0.0	0.0	0.0	0.0	0.0	0.0	0.0	0.0	0.0	0.0	0.0	0.0	0.0	0.0	0.0	0.0	0.0	0.0	0.0	0.0	0.0	0.0	0.0	0.0	0.0	0.0	0.0	0.0	0.0	0.0	0.0	0.0	0.0	0.0	0.0	0.0	0.0	0.0	0.0	0.602823	0.0	0.0	0.0	0.0	0.0	0.0	0.0	0.0	0.0	0.0	0.0	0.0	0.0	0.0	0.0	0.0	0.0	0.0	0.0	0.0	0.0	0.0	0.0	0.0	0.0	0.0	0.0	0.0	0.0	0.0	0.0	0.0	0.0	0.0	0.0	0.0	0.0	0.0	0.0	0.0	0.0	0.0	0.0	0.0	0.0	0.0	0.0	0.0	0.0	0.0	0.293265	0.0	0.0	0.0	0.0	0.0	0.0	0.0	0.0	0.0	0.0	0.0	0.0	0.0	0.0	0.0	0.0	0.0	0.0	0.0	0.0	0.0	0.0	0.0	0.0	0.0	0.0	0.0	0.0	0.0	0.0	0.0	0.0	0.0	0.0	0.0	0.0	0.0	0.0	0.0	0.0	0.0	0.0	0.228095	0.0	0.0	0.0	0.0	0.0	0.211803	0.0	0.0	0.0	0.0	0.0	0.0	0.0	0.0	0.0	0.0	0.0	0.0	0.0	0.0	0.0	0.0	0.0	0.0	0.0	0.0	0.0	0.0	0.0	0.0	0.0	0.0	0.0	0.0	0.0	0.0	0.0	0.0	0.0	0.0	0.0	0.0	0.0	0.0	0.0	0.0	0.0	0.0	0.0	0.0	0.0	0.0	0.0	0.0	0.0	0.0
ZJH_N30_1_3	0.0	0.0	0.0	0.0	0.0	0.0	0.0	0.0	0.0	0.0	0.0	0.0	0.0	0.0	0.0	0.0	0.0	0.0	0.0	4.702683333333333	0.0	0.0	0.0	0.0	0.0	0.0	0.0	1.40442	0.0	0.0	1.46826	0.0	0.0	0.0	2.36198	0.0	2.36198	2.0428	0.0	0.0	0.0	0.0	0.638374	0.638374	0.0	0.0	0.0	0.0	0.0	0.0	0.0	0.0	0.0	0.0	0.0	0.0	0.0	0.0	0.0	0.0	0.0	0.0	0.0	0.0	0.0	0.0	0.0	0.0	0.0	0.0	0.0	0.0	0.0	0.0	0.0	0.0	0.0	0.0	0.0	1.46826	0.0	2.17047	0.0	0.0	0.0	4.2515659999999995	1.1889699999999999	0.0	0.0	0.0	0.0	0.0	0.0	0.0	0.0	0.0	0.0	0.0	0.0	0.0	0.0	0.0	0.0	0.0	0.0	2.58541	0.0	0.0	0.0	0.0	0.0	0.0	0.0	0.0	0.0	0.0	0.0	0.0	0.0	0.0	0.0	0.0	0.0	1.21291	0.0	0.0	0.0	0.0	2.93652	1.5321	0.0	0.0	0.0	0.0	0.0	0.0	0.0	0.0	0.0	0.0	0.0	0.0	0.0	0.0	0.0	0.0	0.0	0.0	0.0	0.0	0.0	0.0	0.0	0.0	0.0	0.0	0.0	0.0	0.0	0.0	0.0	0.0	0.0	0.0	0.0	0.0	0.0	0.0	3.55095125	0.0	0.0	0.0	0.0	0.0	0.0	0.0	0.0	0.0	0.0	0.0	0.0	0.0	0.0	0.0	0.0	0.0	0.0	0.0	0.0	0.0	0.0	0.0	0.0	0.0	0.0	0.0	0.0	0.0	0.0	0.0	0.0	6.12839	0.0	0.0	0.0	0.0	0.0	0.0	0.0	0.0	0.0	0.0	0.0	0.0	0.0	0.0	5.17083	0.0	0.0	0.0	0.0	1.5321	2.29815	0.0	0.0	0.0	0.0	0.0	0.0	0.0	0.0	0.0	0.0	0.0	0.0	0.0	0.0	0.0	0.0	0.0	0.0	0.0	2.48966	0.0	1.72361	0.0	0.0	0.0	0.0	0.0
ZJH_N30_1_4	0.0	0.0	0.0	0.0	0.0	0.0	0.0	0.0	0.0	0.0	0.0	84.73936666666667	9.78976	9.78976	0.0	0.0	0.0	0.0	0.0	0.0	0.0	0.0	0.0	0.0	0.0	0.0	84.73936666666667	0.0	54.745425	0.0	0.0	0.0	0.0	0.0	0.0	0.0	0.0	0.0	0.0	0.0	0.0	0.0	0.0	0.0	0.0	0.0	0.0	0.0	0.0	0.0	0.0	0.0	0.0	0.0	0.0	0.0	0.0	0.0	0.0	0.0	0.0	0.0	0.0	0.0	0.0	0.0	0.0	150.919	130.1258	0.0	0.0	0.0	0.0	0.0	0.0	0.0	0.0	3.92255	34.9373	0.0	0.0	0.0	0.0	0.0	94.77764285714285	0.0	0.0	0.0	0.0	0.0	0.0	0.0	0.0	0.0	0.0	0.0	0.0	0.0	0.0	49.3976	0.0	0.0	0.0	173.058	205.61	0.0	0.0	0.0	0.0	0.0	0.0	0.0	0.0	0.0	0.0	0.0	0.0	0.0	0.0	0.0	0.0	0.0	0.0	0.0	39.23385	64.88839999999999	67.9632	0.0	0.0	0.0	115.358	0.0	0.0	0.0	0.0	0.0	0.0	0.0	0.0	0.0	0.0	0.0	0.47831544444444446	0.0	0.0	0.0	0.0	0.0	0.0	0.0	0.0	0.0	0.0	0.0	27.59915	0.531872	0.0	0.0	0.0	0.0	0.0	0.0	0.0	0.0	0.0	0.0	0.0	0.0	0.0	0.0	149.2485	0.0	0.0	0.681461	0.0	0.0	0.0	30.1671	0.0	0.0	0.0	0.0	0.0	0.0	0.0	0.0	0.0	0.0	0.465388	0.0	0.0	0.0	0.0	0.0	0.0	0.0	0.0	0.0	0.0	0.0	19.3801	236.168	308.369	0.0	0.0	0.0	0.0	42.2838	0.0	0.0	0.0	0.0	0.0	0.0	0.0	0.0	0.0	0.0	0.0	0.0	0.0	0.0	0.0	0.0	0.0	0.0	0.0	0.0	0.0	0.0	0.0	0.0	0.0	0.0	0.0	104.907503125	0.0	0.0	0.0	0.0	0.0	0.0	0.0	0.0	0.0	0.0	0.0	0.0	0.0	151.201
ZJH_N30_2_3	0.0	0.0	0.0	0.0	0.0	0.0	0.0	0.0	0.0	0.0	0.0	0.0	0.0	0.0	0.0	0.0	0.0	0.0	0.0	0.0	0.0	0.0	0.0	0.0	0.0	0.0	0.0	0.0	0.0	0.0	0.0	0.0	0.0	0.0	0.0	0.0	0.0	0.0	0.0	0.0	0.0	0.0	0.0	0.0	0.0	0.0	0.0	0.0	0.0	0.0	0.0	0.0	0.0	0.0	0.0	0.0	0.0	0.0	0.0	0.0	0.0	0.0	0.0	0.0	0.0	0.0	0.0	0.0	0.0	0.0	0.0	0.0	0.0	0.0	0.0	0.0	0.0	0.0	0.0	0.0	0.0	0.0	0.0	0.0	0.0	3.152138	0.0	0.0	0.0	0.0	0.0	0.0	0.0	0.0	0.0	0.0	0.0	0.0	0.0	0.0	0.0	0.0	0.0	0.0	0.0	0.0	0.0	0.0	0.0	0.0	0.0	0.0	0.0	0.0	0.0	0.0	0.0	0.0	0.0	0.0	0.0	0.0	0.0	0.0	0.0	0.0	0.0	0.0	0.0	0.0	0.0	0.0	0.0	0.0	0.0	0.0	0.0	0.0	0.0	0.0	0.0	0.0	0.0	0.0	0.0	0.0	0.0	0.0	0.0	0.0	0.0	0.0	0.0	0.0	0.0	0.0	0.0	0.0	0.0	0.0	0.0	0.0	0.0	0.0	0.0	0.0	0.0	0.0	0.0	0.0	0.0	0.0	0.0	0.0	0.0	0.0	0.0	0.0	0.0	0.0	0.0	0.0	0.0	0.0	0.0	0.0	0.0	0.0	0.0	0.0	0.0	0.0	0.0	0.0	0.0	0.0	0.0	0.0	0.0	0.0	0.0	0.0	0.0	0.0	0.0	0.0	0.0	0.0	0.0	0.0	0.0	0.0	0.0	0.0	0.0	0.0	0.0	0.0	0.0	0.0	0.0	0.0	0.0	0.0	0.0	0.0	0.0	0.0	0.0	0.0	0.0	0.0	0.0	0.0	0.0	0.0	0.0	0.0	0.0	0.0	0.0	0.0	0.0	0.0	0.0	0.0	0.0	0.0	0.0	0.0
ZJH_N30_2_4	0.0	0.0	0.0	0.0	0.0	0.0	0.0	0.0	0.0	0.0	0.0	15.304666666666668	7.347	7.347	0.0	0.0	0.0	0.0	0.0	0.0	0.0	0.0	0.0	0.0	0.0	0.0	15.304666666666668	0.0	0.0	0.0	0.0	0.0	0.0	0.0	0.0	6.835985	0.0	0.0	0.0	1.83193	0.0	0.0	0.0	0.0	0.0	0.0	11.6858	29.3109	0.0	0.0	0.0	0.0	0.983456	0.0	0.0	4.29378	4.30021	0.0	0.0	2.02476	0.0	0.0	1.44626	0.0	0.0	0.0	1.56196	1.85121	7.36627	0.0	0.0	0.0	0.0	0.0	0.0	0.0	0.0	2.27545	13.2092	0.0	0.0	0.0	0.0	0.0	1.21486	8.348452	9.24883	0.0	0.0	0.0	0.0	0.0	0.0	0.0	0.0	0.0	0.0	0.0	35.9636	13.9612	1.60053	0.0	0.0	1.77408	24.687640000000002	7.15416	0.0	0.0	0.0	0.0	0.0	6.49853	0.0	0.0	0.0	0.0	0.0	0.0	0.0	0.0	0.0	0.0	0.0	0.0	4.348421	6.672075	5.948964999999999	0.0	0.0	0.0	2.304375	0.0	0.0	0.0	0.0	0.0	0.0	4.621601666666667	4.62803	4.2327200000000005	0.0	0.0	1.6785795238095236	0.0	0.0	0.0	0.0	0.0	0.0	0.0	0.0	0.0	0.0	0.0	14.99285	2.31402	0.0	2.27545	0.0	0.0	0.0	0.0	0.0	0.0	0.0	0.0	0.0	0.0	0.0	0.0	19.215975	6.59494	0.0	2.661115	0.0	2.246525	0.0	15.1954	0.0	0.0	0.0	0.0	0.0	0.0	0.0	0.0	0.0	0.0	5.09082	22.8316	0.0	3.08535	3.08535	0.0	0.0	0.0	1.13772	0.0	0.0	1.13772	3.50959	48.358075	43.3492	3.97239	0.0	0.0	0.0	0.0	0.0	0.0	0.0	0.0	0.0	0.0	0.0	0.0	0.0	0.0	0.0	0.0	0.0	0.0	0.0	0.0	0.0	0.0	0.0	0.0	0.0	0.0	0.0	0.0	0.0	0.0	0.0	2.491850740740741	0.0	0.0	0.0	0.0	0.0	0.0	33.5147	0.0	0.0	7.083456666666667	3.43246	0.0	0.0	2.7961
ZJH_N31_1_2	0.0	0.0	0.0	0.0	0.0	0.0	0.0	0.0	0.0	0.0	0.0	0.0	0.0	0.0	0.0	0.0	0.0	0.0	0.0	0.0	0.0	0.0	0.0	0.0	0.9954064999999999	0.0	0.0	0.0	0.0	0.0	0.0	0.0	0.0	0.0	0.0	0.0	0.0	0.0	0.0	0.0	0.0	0.0	0.0	0.0	0.0	0.0	0.0	0.0	0.0	0.0	0.0	0.0	1.0172	0.0	0.0	1.93753	2.00534	0.0	0.0	0.0	0.0	0.0	0.0	0.0	0.0	0.0	0.0	0.0	0.0	0.0	0.0	0.0	0.0	0.0	1.33689	0.0	0.0	0.0	0.0	0.0	0.0	0.0	0.0	0.0	0.0	304.1278	0.0	0.0	0.0	0.0	0.0	0.0	0.0	0.0	0.377818	0.0	0.0	0.0	0.0	3.05161	0.552195	0.0	0.0	0.0	4.47569	4.3885	0.0	0.0	0.0	0.0	0.0	1.74378	0.0	0.0	0.0	0.0	0.0	0.0	0.0	0.0	0.0	0.0	0.0	0.0	0.0	0.0	0.0	0.0	0.0	0.0	0.0	0.0	0.0	0.0	0.0	0.0	0.0	2.5866	2.5866	2.41222	0.0	0.0	0.0	0.0	0.0	0.0	0.0	0.0	0.0	0.0	0.0	0.0	0.0	0.0	0.0	0.0	1.91815	1.16252	0.0	0.0	0.0	0.0	0.0	0.0	0.0	0.0	0.0	0.0	0.0	0.0	0.0	1.36596	0.0	0.0	0.0	0.0	0.0	0.0	0.0	0.0	0.0	0.0	0.0	0.0	0.0	0.0	0.0	0.0	0.0	0.0	0.0	5.37664	5.34758	0.319692	0.0	0.0	0.69751	0.0	0.0	1.19158	0.0	7.919645	6.9751	0.406881	0.0	0.0	0.0	0.0	0.0	0.0	0.0	0.0	0.0	0.0	0.0	0.0	0.0	0.0	0.0	0.0	0.0	0.0	0.0	0.0	0.0	0.0	0.0	0.0	0.0	0.0	0.0	0.0	0.0	0.0	0.0	0.0	0.0	0.0	0.0	0.0	0.0	0.0	1.27877	0.0	1.71471	0.0	4.67913	0.0	0.0	0.0
ZJH_N31_1_4	0.0	0.0	0.0	0.0	0.0	0.0	0.0	0.0	0.0	0.0	0.0	0.0	0.0	0.0	0.0	0.0	0.0	0.0	0.0	0.0	0.0	0.0	0.0	0.0	0.0	0.0	0.0	0.0	0.0	0.0	0.0	0.0	0.0	0.0	0.0	0.0	0.0	0.0	0.0	0.0	0.0	0.0	0.0	0.0	0.0	0.0	0.0	0.0	0.0	0.0	0.0	0.0	0.0	0.0	0.0	0.0	0.0	0.0	0.0	0.447494125	0.0	0.0	0.828693	0.0	0.0	0.0	0.0	0.0	0.0	0.0	0.0	0.0	0.0	0.0	1.97229	0.0	0.0	0.0	0.0	0.0	0.0	0.0	0.0	0.0	0.0	0.0	0.0	0.0	0.0	0.0	0.0	0.0	0.0	0.0	0.72925	0.0	0.0	0.0	0.0	9.24822	1.1436	0.0	2.80098	0.0	7.70685	7.73999	0.0	0.0	0.0	0.0	0.0	5.53567	0.0	0.0	0.0	0.0	0.0	0.0	0.0	0.0	0.0	0.0	0.0	0.0	0.0	0.0	0.0	0.0	0.0	0.0	0.0	0.0	0.0	0.0	0.0	0.0	0.0	3.6434883333333334	3.64625	3.207045	0.0	0.0	0.0	0.0	0.0	0.0	0.0	0.0	0.0	0.0	6.7207	0.0	0.0	9.254846	0.0	0.0	8.759284999999998	2.56895	0.0	0.0	0.0	0.0	0.0	0.0	0.0	0.0	0.0	0.0	0.0	0.0	0.0	3.79541	0.0	0.0	0.0	0.0	0.0	0.0	0.0	0.0	0.0	0.0	0.0	0.0	0.0	0.0	0.0	0.0	0.0	0.0	0.0	0.0	0.0	0.0	0.0	0.0	0.0	0.0	0.0	2.07173	0.0	13.45795	12.7453	1.02758	0.0	0.0	0.0	0.0	0.0	0.0	0.0	0.0	0.0	0.0	0.0	0.0	0.0	0.0	0.0	0.0	0.0	0.0	0.0	0.0	0.0	0.0	0.0	0.0	0.0	0.0	0.0	0.0	0.0	0.0	0.0	0.0	0.0	0.0	0.0	0.0	0.0	0.0	0.0	0.0	3.6131	0.0	5.9003	0.0	0.0	0.0
ZJH_N31_2_2	0.0	0.0	0.0	0.0	0.0	0.0	0.0	0.0	0.0	0.0	0.0	0.0	0.0	0.0	0.0	0.0	0.0	0.0	0.0	0.0	0.0	0.0	0.0	0.0	0.0	0.0	0.0	0.0	0.0	0.0	0.0	0.0	0.0	0.0	0.0	0.0	0.0	0.0	0.0	0.0	0.0	0.0	0.0	0.0	0.0	0.0	0.0	0.0	0.0	0.0	0.0	0.0	0.0	0.0	0.0	0.0	0.0	0.0	0.0	0.0	0.0	0.0	0.0	0.0	0.0	0.0	0.0	0.0	0.0	0.0	0.0	0.0	0.0	0.0	0.0	0.0	0.0	0.0	0.0	0.0	0.0	0.790826	0.0	0.0	1.4787635714285714	3.035266666666667	0.0	0.0	0.0	0.0	0.0	0.0	0.0	0.0	0.0	0.0	0.0	0.0	0.0	0.0	0.0	0.0	0.0	0.0	0.0	0.0	0.0	0.0	0.0	0.0	0.0	0.0	0.0	0.0	0.0	0.0	0.0	0.0	0.0	0.0	0.0	0.0	0.0	0.0	0.0	0.0	0.0	0.0	0.0	0.0	0.0	0.0	0.0	0.0	0.0	0.0	0.0	0.0	0.0	0.0	0.0	0.0	0.0	0.0	0.0	0.0	0.0	0.0	0.0	0.0	0.0	0.0	0.0	0.0	0.0	0.0	0.0	0.0	0.0	0.0	0.0	0.0	0.0	0.0	0.0	0.0	0.0	0.0	0.0	0.0	0.0	0.0	0.0	0.0	0.0	0.0	0.0	0.0	0.0	0.0	0.0	0.0	0.0	0.0	0.0	0.0	0.0	0.0	0.0	0.0	0.0	0.0	0.0	0.0	0.0	0.0	0.0	0.0	0.0	0.0	0.0	0.0	0.0	0.0	0.0	0.0	0.0	0.0	0.0	0.0	0.0	0.0	0.0	0.0	0.0	0.0	0.0	0.0	0.0	0.0	0.0	0.0	0.0	0.0	0.0	0.0	0.0	0.0	0.0	0.0	0.0	0.0	0.0	0.0	0.0	0.0	0.0	0.0	0.0	0.0	0.0	0.0	0.819069	0.0	0.0	0.0	0.0	0.0	0.0	0.0
ZJH_N31_2_3	1.32308	2.69805	1.73817	5.7593	1.99759	1.01177	2.36079	2.30891	0.0	0.0	0.0	0.0	0.0	0.0	0.0	0.0	0.0	0.0	0.0	193.922	140.817	15.9289	0.0	0.0	0.0	0.0	0.0	0.0	0.0	0.0	0.0	0.0	32.4804	0.0	0.0	0.0	24.8272	0.0	0.0	0.0	0.0	0.0	0.0	0.0	0.0	0.0	21.6103	37.617	0.0	0.0	0.0	0.0	0.0	0.0	0.0	0.0	0.0	15.454741379310345	0.0	0.0	0.0	0.0	0.0	45.5555	0.0	0.0	10.8441	0.0	0.0	0.0	57.0482	0.0	96.7147	0.0	0.0	0.0	0.0	0.0	0.0	33.58723333333333	13.7237	59.4868	0.0	0.0	2.04948	3.768623333333333	0.0	21.325	14.9171	0.0	37.655950000000004	18.147	10.835433333333333	9.36534	0.0	0.0	3.03531	0.0	63.92301666666666	2.23108	0.0	0.0	0.0	0.0	81.7619025	73.30563666666667	0.0	0.0	0.0	0.0	0.0	0.0	0.0	0.0	0.0	0.0	0.0	0.0	0.0	0.0	0.0	31.3129	43.3763	37.0722	0.0	0.0	0.0	0.0	96.6888	26.9286	0.0	0.0	0.0	0.0	0.0	61.5363	0.0	1.53062	1.53062	1.2712	0.0	0.0	0.0	0.0	0.0	0.0	0.0	0.0	0.0	3.55416	0.0	0.0	0.0	0.0	0.0	0.0	0.0	48.98	0.0	0.0	0.0	0.0	0.0	0.0	30.1974	30.4049	39.0958	34.383627272727274	113.24413846153847	13.127	79.39529999999999	70.14925	0.0	0.0	0.0	0.0	0.0	0.0	4.51404	2.56834	1.06365	2.62022	0.492913	2.15325	2.59428	0.0	23.2447	35.8789	24.464	29.1597	48.9021	1.01177	1.01177	0.0	0.0	0.0	0.0	18.0043	0.0	0.0	0.0	71.99123333333334	0.0	10.1177	21.9735	13.4643	0.0	0.0	168.991	0.0	0.0	0.0	0.0	0.0	0.0	0.0	65.2201	4.17679	3.65793	0.726398	5.99278	16.1105	6.27815	0.0	9.65071	0.0	0.0	0.0	0.0	0.0	0.0	0.0	0.0	0.0	0.0	0.0	0.0	0.0	0.0	0.0	0.0	0.0	101.41	18.7566	20.053756	0.0	3.52822	0.0	0.0	0.0
ZJH_N31_2_4	2.21796	2.43663	1.93681	6.79444	1.51508	1.99928	3.23322	2.87397	0.0	0.0	0.0	0.0	0.0	0.0	0.0	0.0	0.0	0.0	0.0	233.02599999999998	170.658	20.4927	0.0	0.0	0.0	0.0	0.0	0.0	0.0	0.0	0.0	0.0	43.4532	0.0	0.0	0.0	31.8167	25.5221	0.0	0.0	0.0	0.0	0.0	0.0	0.0	0.0	31.7386	37.61935	0.0	0.0	0.0	0.0	0.0	0.0	0.0	0.0	0.0	21.857703030303032	0.0	0.0	0.0	0.0	0.0	67.4602	0.0	0.0	12.1519	0.0	0.0	0.0	76.2852	0.0	126.08	0.0	0.0	0.0	0.0	0.0	0.0	47.62876666666667	20.9769	72.4272	0.0	0.0	0.0	0.0	0.0	29.0677	25.1629	0.0	43.35165	28.5132	19.214466666666667	18.0248	0.0	0.0	5.1544	0.0	75.15796666666667	0.0	0.0	0.0	0.0	0.0	120.91442857142859	123.0965	0.0	0.0	0.0	0.0	0.0	0.0	0.0	0.0	0.0	0.0	0.0	0.0	0.0	0.0	0.0	45.8742	55.2614	46.0616	0.0	0.0	0.0	0.0	111.163	36.6119	0.0	0.0	0.0	0.0	0.0	79.8308	0.0	0.0	0.0	0.0	0.0	0.0	0.0	0.0	0.0	0.0	0.0	0.0	0.0	4.061045	0.0	0.0	0.0	0.0	0.0	0.0	0.0	65.8358	0.0	0.0	0.0	0.0	0.0	0.0	38.8298	45.9835	44.1561	52.37042727272728	150.7806923076923	19.7117	103.9692	94.37245	0.0	0.0	0.0	0.0	0.0	0.0	4.37343	2.93645	1.43699	2.84273	0.749731	2.46787	4.51401	0.0	30.5984	48.4202	25.444	41.711600000000004	71.9898	0.0	0.0	0.0	0.0	0.0	0.0	23.7103	0.0	0.0	0.0	171.485	0.0	18.3528	18.1185	22.2108	0.0	0.0	189.776	0.0	0.0	0.0	0.0	0.0	0.0	0.0	99.1207	6.21652	5.27936	1.21831	6.3571	26.3499	10.7305	18.3216	12.0426	0.0	0.0	0.0	0.0	0.0	0.0	0.0	0.0	0.0	0.0	0.0	0.0	0.0	0.0	0.0	0.0	0.0	115.74	25.1004	55.3239	0.0	0.0	0.0	0.0	0.0
ZJH_N32_1_2	0.0	0.0	0.0	0.0	0.0	0.0	0.0	0.0	0.0	0.0	21.5926	0.565252	0.0	0.0	0.339151	0.0	0.0	0.0	0.0	0.0	0.0	0.0	0.0	0.587862	0.859183	0.0	0.565252	78.790425	0.0	51.654583333333335	84.34461999999999	0.0	0.0	0.0	0.0	3.5836949999999996	0.0	0.0	0.0	0.576557	0.0	0.0	0.0	0.0	0.0	0.0	0.0	0.0	0.0	0.0	0.0	0.0	0.633082	0.0	0.378421	2.9920666666666667	3.00714	0.0	0.0	1.56009	0.0	0.339151	1.26616	0.0	0.0	0.0	0.0	0.0	2.53233	63.4665	0.0	0.0	0.0	0.0	1.5827	0.0	0.0	0.0	0.0	0.0	0.0	0.0	0.0	0.0	0.0	43.0827	73.5675125	0.0	0.0	0.0	0.0	0.0	0.0	0.0	0.0	0.0	0.0	0.0	0.0	19.6481	2.08013	11.8477	1.08528	0.0	91.22045	11.8477	0.0	0.0	0.0	0.0	0.0	5.96906	0.0	0.0	0.0	0.0	0.0	0.0	0.0	0.0	0.0	0.0	0.0	0.0	0.0	0.0	0.0	0.0	0.0	0.0	0.0	0.0	0.0	0.0	0.0	0.0	0.0	4.4692533333333335	4.47679	3.95676	0.0	0.0	0.0	0.0	0.0	0.0	0.0	0.0	0.0	0.0	0.0	0.0	0.0	0.0	0.0	0.0	6.82824	5.26815	0.0	0.0	0.0	0.0	0.0	0.0	0.0	0.0	0.0	0.0	0.0	0.0	0.0	2.6906	0.0	0.0	152.143	0.0	0.0	0.0	0.0	0.0	0.0	0.0	0.0	0.0	0.0	0.0	0.0	0.0	0.0	0.0	0.0	4.0472	4.0472	0.0	0.293931	0.406981	0.0	0.0	0.0	1.80881	0.0	114.5501	77.4621	0.610472	0.0	0.0	0.0	0.0	0.0	0.0	0.0	0.0	0.0	0.0	0.0	0.0	0.0	0.0	0.0	0.0	0.0	0.0	0.0	0.0	0.0	0.0	0.0	0.768742	0.0	0.0	0.0	0.0	0.0	0.0	0.0	0.0	0.0	0.0	0.0	0.0	77.4621	76.7612	0.0	0.0	1.56009	0.0	10.265	0.0	0.0	0.0
ZJH_N32_1_4	0.0	0.0	0.0	0.0	0.0	0.0	0.0	0.0	0.0	0.0	0.0	0.0	0.0	0.0	0.0	0.0	0.0	0.0	0.0	0.0	0.0	0.0	0.0	0.0	0.0	0.0	0.0	0.0	0.0	0.0	0.0	0.0	0.0	0.0	0.0	0.0	0.0	0.0	0.0	0.0	0.0	0.0	0.0	0.0	0.0	0.0	26.2756	0.0	0.0	0.0	0.0	0.0	0.0	34.42280909090909	0.0	0.0	0.0	0.0	0.0	0.0	21.9546	0.0	0.0	0.0	0.0	0.0	0.0	0.0	0.0	0.0	0.0	0.0	0.0	0.0	0.0	0.0	0.0	0.0	0.0	0.0	0.0	0.0	0.0	0.0	0.0	0.0	0.0	0.0	0.0	0.0	0.0	0.0	0.0	0.0	0.0	0.0	0.0	0.0	0.0	0.0	0.0	0.0	0.0	0.0	96.9212	0.0	0.0	0.0	0.0	0.0	0.0	0.0	0.0	0.0	0.0	0.0	0.0	0.0	0.0	0.0	0.0	0.0	0.0	0.0	0.0	0.0	0.0	0.0	0.0	0.0	0.0	0.0	0.0	0.0	0.0	0.0	0.0	0.0	0.0	0.0	0.0	0.0	0.0	0.0	66.33513333333333	21.55745	12.550049999999999	21.491266666666665	0.0	0.0	0.0	0.0	0.0	0.0	0.0	0.0	0.0	0.0	0.0	0.0	0.0	0.0	0.0	0.0	0.0	0.0	0.0	0.0	0.0	0.0	66.0068	0.0	0.0	0.0	0.0	0.0	0.0	0.0	0.0	0.0	0.0	0.0	0.0	0.0	0.0	0.0	0.0	0.0	0.0	0.0	0.0	0.0	0.0	0.0	0.0	0.0	0.0	0.0	0.0	0.0	0.0	167.551	0.0	0.0	0.0	0.0	0.0	0.0	0.0	0.0	0.0	0.0	0.0	0.0	0.0	0.0	0.0	0.0	0.0	0.0	0.0	0.0	0.0	0.0	0.0	0.0	0.0	0.0	44.18416153846154	0.0	0.0	0.0	0.0	0.0	0.0	0.0	0.0	0.0	0.0	0.0	0.0	0.0	66.7693	0.0	0.0	0.0	0.0	0.0	0.0	0.0
ZJH_N32_2_2	0.0	0.0	0.0	0.0	0.0	0.0	0.0	0.0	0.0	0.0	15.9241	0.0	0.0	0.0	0.0	0.0	0.0	0.0	0.0	0.0	0.0	0.0	0.0	0.0	0.0	0.0	0.0	41.666225000000004	0.0	29.494266666666665	38.44056	0.0	0.0	0.0	0.0	2.46842	0.0	0.0	0.0	0.0	0.0	0.0	0.0	0.0	0.0	0.0	0.0	0.0	0.0	0.0	0.0	0.0	0.705264	0.0	0.0	2.4251133333333335	2.44986	0.0	0.0	1.03934	0.0	0.0	1.18781	0.0	0.0	0.0	0.0	0.0	0.0	23.6078	0.0	0.0	0.0	0.0	0.0	0.0	0.0	0.0	0.0	0.0	0.0	0.0	0.0	0.0	0.0	23.70924	37.1841	0.0	0.0	0.0	0.0	0.0	0.0	0.0	0.0	0.0	0.0	0.0	0.0	7.27535	0.668144	0.0	0.0	0.0	44.988375	6.86704	0.0	0.0	0.0	0.0	0.0	2.56122	0.0	0.0	0.0	0.0	0.0	0.0	0.0	0.0	0.0	0.0	0.0	0.0	0.0	0.0	0.0	0.0	0.0	0.0	0.0	0.0	0.0	0.0	0.0	0.0	0.0	3.7737766666666666	3.78615	3.3221600000000002	0.0	0.0	0.0	0.0	0.0	0.0	0.0	0.0	0.0	0.0	0.0	0.0	0.0	0.0	0.0	0.0	3.97175	2.22715	0.0	0.0	0.0	0.0	0.0	0.0	0.0	0.0	0.0	0.0	0.0	0.0	0.0	2.11579	0.0	0.0	82.2931	0.0	0.0	0.0	0.0	0.0	0.0	0.0	0.0	0.0	0.0	0.0	0.0	0.0	0.0	0.0	0.0	1.52188	1.48477	0.0	0.0	0.0	0.0	0.0	0.0	0.742383	0.0	54.5653	36.8593	0.334072	0.0	0.0	0.0	0.0	0.0	0.0	0.0	0.0	0.0	0.0	0.0	0.0	0.0	0.0	0.0	0.0	0.0	0.0	0.0	0.0	0.0	0.0	0.0	0.0	0.0	0.0	0.0	0.0	0.0	0.0	0.0	0.0	0.0	0.0	0.0	0.0	49.5169	54.6394	0.0	0.0	0.0	0.0	17.446	0.0	0.0	0.0
ZJH_N32_2_3	0.0	0.0	0.0	0.0	0.0	0.0	0.0	0.0	0.0	0.0	0.0	0.0	0.0	0.0	0.0	0.0	0.0	0.0	0.0	0.0	0.0	0.0	0.0	0.0	0.0	0.0	0.0	0.0	0.0	0.0	0.0	0.0	0.0	0.0	0.0	0.0	0.0	0.0	0.0	0.0	0.0	0.0	0.0	0.0	0.0	0.0	0.0	0.0	0.0	0.0	0.0	0.0	0.0	0.0	0.0	0.0	0.0	0.0	0.0	0.0	0.0	0.0	0.0	0.0	0.0	0.0	0.0	0.0	0.0	0.0	0.0	0.0	0.0	0.0	0.0	0.0	0.0	0.0	0.0	0.0	0.0	0.0	0.0	0.0	0.0	0.0	0.0	0.0	0.0	0.0	0.0	0.0	0.0	0.0	0.0	0.0	0.0	0.0	0.0	0.0	0.0	0.0	0.0	0.0	0.0	0.0	0.0	0.0	0.0	0.0	0.0	0.0	0.0	0.0	0.0	0.0	0.0	0.0	0.0	0.0	0.0	0.0	0.0	0.0	0.0	0.0	0.0	0.0	0.0	0.0	0.0	0.0	0.0	0.0	0.0	0.0	0.0	0.0	0.0	0.0	0.0	0.0	0.0	0.0	0.0	0.0	0.0	0.0	0.0	0.0	0.0	0.0	0.0	0.0	0.0	0.0	0.0	0.0	0.0	0.0	0.0	0.0	0.0	0.0	0.0	0.0	0.0	0.0	0.0	0.0	0.0	0.0	0.0	0.0	0.0	0.0	0.0	0.0	0.0	0.0	0.0	0.0	0.0	0.0	0.0	0.0	0.0	0.0	0.0	0.0	0.0	0.0	0.0	0.0	0.0	0.0	0.0	0.0	0.0	0.0	0.0	0.0	0.0	0.0	0.0	0.0	0.0	0.0	0.0	0.0	0.0	0.0	0.0	0.0	0.0	0.0	0.0	0.0	0.0	0.0	0.0	0.0	0.0	0.0	0.0	0.0	0.0	0.0	0.0	0.0	0.0	0.0	0.0	0.0	0.0	0.0	0.0	0.0	0.0	0.0	0.0	0.0	0.0	0.0	0.0	0.0	0.0	0.0	0.0	0.0
ZJH_N32_2_4	0.0	0.0	0.0	0.0	0.0	0.0	0.0	0.0	0.0	0.0	0.0	0.0	0.0	0.0	0.0	0.0	0.0	0.0	0.0	0.0	0.0	0.0	0.0	0.0	0.0	0.0	0.0	0.0	0.0	0.0	0.0	0.0	0.0	0.0	0.0	0.0	0.0	0.0	0.0	0.0	0.0	0.0	0.0	0.0	0.0	0.0	0.0	0.0	0.0	0.0	0.0	0.0	0.0	0.0	0.0	0.0	0.0	0.0	0.0	0.0	0.0	0.0	0.0	0.0	0.0	0.0	0.0	0.0	0.0	0.0	0.0	0.0	0.0	0.0	0.0	0.0	0.0	0.0	0.0	0.0	0.0	0.0	0.0	0.0	0.0	0.0	0.0	0.0	0.0	0.0	0.0	0.0	0.0	0.0	0.0	0.0	0.0	0.0	0.0	0.0	0.0	0.0	0.0	0.0	0.0	0.0	0.0	0.0	0.0	0.0	0.0	0.0	0.0	0.0	0.0	0.0	0.0	0.0	0.0	0.0	0.0	0.0	0.0	0.0	0.0	0.0	0.0	0.0	0.0	0.0	0.0	0.0	0.0	0.0	0.0	0.0	0.0	0.0	0.0	0.0	0.0	0.0	0.0	0.0	0.0	0.0	0.0	0.0	0.0	0.0	0.0	0.0	0.0	0.0	0.0	0.0	0.0	0.0	0.0	0.0	0.0	0.0	0.0	0.0	0.0	0.0	0.0	0.0	0.0	0.0	0.0	0.0	0.0	0.0	0.0	0.0	0.0	0.0	0.0	0.0	0.0	0.0	0.0	0.0	0.0	0.0	0.0	0.0	0.0	0.0	0.0	0.0	0.0	0.0	0.0	0.0	0.0	0.0	0.0	0.0	0.0	0.0	0.0	0.0	0.0	0.0	0.0	0.0	0.0	0.0	0.0	0.0	0.0	0.0	0.0	0.0	0.0	0.0	0.0	0.0	0.0	0.0	0.0	0.0	0.0	0.0	0.0	0.0	0.0	0.0	0.0	0.0	0.0	0.0	0.0	0.0	0.0	0.0	0.0	0.0	0.0	0.0	0.0	0.0	0.0	0.0	0.0	0.0	0.0	0.0
ZJH_N33_1_2	0.0	0.0	0.0	0.0	0.0	0.0	0.0	0.0	0.0	0.0	0.0	3.03843	0.0	0.0	0.0	0.0	0.0	0.0	0.0	0.0	0.0	0.0	0.0	0.0	4.18935	0.0	3.03843	1.19696	0.0	0.583133	1.01281	0.0	0.0	0.0	0.0	5.125425	0.0	0.0	0.0	0.920736	0.0	0.0	0.0	0.0	0.0	0.0	0.0	0.0	0.0	0.0	0.0	0.0	4.14331	0.0	0.0	13.207433333333332	13.5962	0.0	0.0	3.27245	0.0	3.31465	0.797971	0.0	0.0	0.0	0.0	0.0	0.0	0.0	0.0	0.0	0.0	0.0	2.82359	0.0	0.0	0.0	0.0	0.0	0.0	0.0	0.0	0.0	0.0	1329.536	2.37856625	0.0	0.0	0.0	0.0	0.0	0.0	0.0	1.35041	0.0	0.0	0.0	0.0	13.5655	2.91566	23.1718	4.02055	0.0	18.0157	17.5861	0.245529	0.0	0.0	0.0	0.0	8.22524	0.0	0.0	0.0	0.0	0.0	0.0	0.0	0.0	0.0	0.0	0.0	0.0	0.0	0.0	0.0	0.0	0.0	0.0	0.0	0.0	0.0	0.0	1.56525	0.0	0.0	9.683065000000001	9.69841	8.731639999999999	0.0	0.0	0.0	0.0	0.0	0.0	0.0	0.0	0.0	0.0	0.0	0.0	0.0	0.0	0.0	0.0	12.7982	4.29677	0.0	0.0	0.0	0.0	0.0	0.0	0.0	0.0	0.0	0.0	0.0	0.0	0.0	5.12543	0.0	0.0	1.96424	0.0	0.0	0.0	0.0	0.0	0.0	0.0	0.0	0.0	0.0	0.0	0.0	0.0	0.0	0.0	0.0	43.0904	42.952349999999996	12.0923	0.0	0.0	4.5116	0.0	0.0	2.76221	0.0	20.21524666666667	23.3253	1.3811	0.0	0.0	0.0	0.0	0.0	0.0	0.0	0.0	0.0	0.0	0.0	0.0	0.0	0.0	0.0	0.0	0.0	0.0	0.0	0.0	0.0	0.0	0.0	0.0	0.0	0.0	0.0	0.0	0.0	0.0	0.0	0.0	0.0	0.0	0.0	0.0	1.53456	1.84147	0.0	0.0	7.18174	0.0	55.1214	0.0	0.0	0.0
ZJH_N33_1_3	0.0	0.0	0.0	0.0	0.0	0.0	0.0	0.0	0.0	0.0	0.0	0.0	0.0	0.0	0.0	0.0	0.0	0.0	0.0	0.0	0.0	0.0	0.0	0.0	0.0	0.0	0.0	0.0	0.0	0.0	0.0	0.0	0.0	0.0	0.0	0.0	0.0	0.0	0.0	0.0	0.0	0.0	0.0	0.0	0.0	0.0	0.0	0.0	0.0	0.0	0.0	0.0	0.0	0.0	0.0	0.0	0.0	0.0	0.0	0.0	0.0	0.0	0.0	0.0	0.0	0.0	0.0	0.0	0.0	0.0	0.0	0.0	0.0	0.0	0.0	0.0	0.0	0.0	0.0	0.0	0.0	0.0	0.0	0.0	0.0	1.4066660000000002	0.0	0.0	0.0	0.0	0.0	0.0	0.0	0.0	0.0	0.0	0.0	0.0	0.0	0.0	0.0	0.0	0.0	0.0	0.0	0.0	0.0	0.0	0.0	0.0	0.0	0.0	0.0	0.0	0.0	0.0	0.0	0.0	0.0	0.0	0.0	0.0	0.0	0.0	0.0	0.0	0.0	0.0	0.0	0.0	0.0	0.0	0.0	0.0	0.0	0.0	0.0	0.0	0.0	0.0	0.0	0.0	0.0	0.0	0.0	0.0	0.0	0.0	0.0	0.0	0.0	0.0	0.0	0.0	0.0	0.0	0.0	0.0	0.0	0.0	0.0	0.0	0.0	0.0	0.0	0.0	0.0	0.0	0.0	0.0	0.0	0.0	0.0	0.0	0.0	0.0	0.0	0.0	0.0	0.0	0.0	0.0	0.0	0.0	0.0	0.0	0.0	0.0	0.0	0.0	0.0	0.0	0.0	0.0	0.0	0.0	0.0	0.0	0.0	0.0	0.0	0.0	0.0	0.0	0.0	0.0	0.0	0.0	0.0	0.0	0.0	0.0	0.0	0.0	0.0	0.0	0.0	0.0	0.0	0.0	0.0	0.0	0.0	0.0	0.0	0.0	0.0	0.0	0.0	0.0	0.0	0.0	0.0	0.0	0.0	0.0	0.0	0.0	0.0	0.0	0.0	0.0	0.0	0.0	0.0	0.0	0.0	0.0	0.0	0.0
ZJH_N33_1_4	0.0	0.0	0.0	0.0	0.0	0.0	0.0	0.0	0.0	0.0	0.0	0.0	0.0	0.0	0.0	0.0	0.0	0.0	0.0	0.0	0.0	0.0	0.0	0.0	0.0	0.0	0.0	0.0	0.0	0.0	0.0	0.0	0.0	0.0	0.0	0.0	0.0	0.0	0.0	0.0	0.0	0.0	0.0	0.0	0.0	0.0	0.0	0.0	0.0	0.0	0.0	0.0	0.0	0.0	0.0	0.0	0.0	0.0	0.0	0.0	0.0	0.0	0.0	0.0	0.0	0.0	0.0	0.0	0.0	0.0	0.0	0.0	0.0	0.0	0.0	0.0	0.0	0.0	0.0	0.0	0.0	0.0	0.0	0.0	0.0	0.0	0.0	0.0	0.0	0.0	0.0	0.0	0.0	0.0	0.0	0.0	0.0	0.0	0.0	0.0	0.0	0.0	0.0	0.0	0.0	0.0	0.0	0.0	0.0	0.0	0.0	0.0	0.0	0.0	0.0	0.0	0.0	0.0	0.0	0.0	0.0	0.0	0.0	0.0	0.0	0.0	0.0	0.0	0.0	0.0	0.0	0.0	0.0	0.0	0.0	0.0	0.0	0.0	0.0	0.0	0.0	0.0	0.0	0.0	0.0	0.0	0.0	0.0	0.0	0.0	0.0	0.0	0.0	0.0	0.0	0.0	0.0	0.0	0.0	0.0	0.0	0.0	0.0	0.0	0.0	0.0	0.0	0.0	0.0	0.0	0.0	0.0	0.0	0.0	0.0	0.0	0.0	0.0	0.0	0.0	0.0	0.0	0.0	0.0	0.0	0.0	0.0	0.0	0.0	0.0	0.0	0.0	0.0	0.0	0.0	0.0	0.0	0.0	0.0	0.0	0.0	0.0	0.0	0.0	0.0	0.0	0.0	0.0	0.0	0.0	0.0	0.0	0.0	0.0	0.0	0.0	0.0	0.0	0.0	0.0	0.0	0.0	0.0	0.0	0.0	0.0	0.0	0.0	0.0	0.0	0.0	0.0	0.0	0.0	0.0	0.0	0.0	0.0	0.0	0.0	0.0	0.0	0.0	0.0	0.0	0.0	0.0	0.0	0.0	0.0
ZJH_N33_2_2	0.0	0.0	0.0	0.0	0.0	0.0	0.0	0.0	0.0	0.0	1.76754	0.0	0.0	0.0	0.0	0.0	0.0	0.0	0.0	0.0	0.0	0.0	0.0	0.0	0.0	0.0	0.0	79.934075	0.0	36.957991666666665	92.01334	0.0	0.0	0.0	0.0	2.39881	0.0	0.0	0.0	0.0	0.0	0.0	0.0	0.0	0.0	0.0	0.0	0.0	0.0	0.0	0.0	0.0	0.0	0.0	0.0	0.0	0.0	0.0	0.0	0.0	0.0	0.0	0.441886	0.0	0.0	0.0	0.0	0.0	0.0	0.0	0.0	0.0	0.0	0.0	1.73598	0.662829	0.631266	0.0	0.0	0.0	0.0	0.0	0.0	0.0	0.0	54.78126666666667	131.591375	0.0	0.0	0.0	0.0	0.852209	0.0	0.0	0.347196	0.0	0.0	0.0	0.0	9.62681	1.16784	10.7946	1.16784	0.0	89.0244	8.1749	0.0	0.0	0.0	0.0	0.0	3.53509	0.0	0.0	0.0	0.0	0.0	0.0	0.0	0.0	0.0	0.0	0.0	0.0	0.0	0.0	0.0	4.26105	0.0	0.0	0.0	0.0	0.0	0.0	0.0	0.0	0.0	3.2089383333333337	3.21946	2.87226	0.0	0.0	0.0	0.0	0.0	0.0	0.0	0.0	0.0	0.0	0.0	0.0	0.0	0.0	0.0	0.0	10.6684	2.55663	0.0	0.0	0.0	0.0	0.0	0.0	0.0	0.0	0.0	0.0	0.0	0.0	0.0	0.0	1.92536	0.0	108.704	0.0	0.0	0.0	0.0	0.0	0.0	0.0	0.0	0.0	0.0	0.0	0.0	0.0	0.0	0.0	0.0	0.0	0.0	0.883772	0.0	0.0	0.0	0.0	0.0	0.0	0.0	103.01210000000002	68.9974	0.536576	0.0	0.0	0.0	0.0	0.0	0.0	0.0	0.0	0.0	0.0	0.0	0.0	0.0	0.0	0.0	0.0	0.0	0.0	0.0	0.0	0.0	0.0	0.0	0.0	0.0	0.0	0.0	0.0	0.0	0.0	0.0	0.0	0.0	0.0	0.0	0.0	130.072	123.697	0.0	0.0	4.32417	0.0	16.697	0.0	0.0	0.0
ZJH_N33_2_4	0.0	0.0	0.0	0.0	0.0	0.0	0.0	0.0	0.0	0.0	0.0	0.0	0.839114	0.839114	0.0	0.0	0.0	0.0	0.0	35.9314	33.5646	4.57864	0.0	0.0	0.0	0.0	0.0	0.0	5.3356699999999995	0.0	0.0	0.0	9.95992	0.0	0.0	0.0	6.58522	0.0	0.0	0.0	0.0	0.0	0.0	0.0	0.0	9.7775	4.5604	9.52212	0.0	0.0	8.227595172413793	0.0	0.0	7.285698999999999	0.0	0.0	0.0	9.121914545454546	5.606428857142857	0.0	3.75777	0.0	0.0	11.4192	0.0	0.0	0.0	0.0	4.733695	0.0	15.3777	5.41776	24.2066	1.95185	0.0	0.0	0.0	0.164174	1.78768	11.425333333333334	3.5936	13.4988	0.0	0.0	4.278962857142857	0.45604000000000006	0.0	4.3415	4.76106	0.0	8.30905	6.810199999999999	4.37799	3.94019	0.0	0.0	0.0	0.0	14.395683333333332	12.7509	2.24372	12.0212	7.84389	0.0	15.78102666666667	21.263633333333335	0.437799	5.05293	5.6549	5.49072	5.94676	12.5867	0.0	0.0	0.0	0.0	0.0	0.0	0.0	0.0	0.0	7.42434	12.3313	7.9351	0.857356	0.9576845	1.47757	6.80412	16.6363	6.01973	0.0	0.0	0.0	0.0	0.0	12.0577	0.0	12.687066666666666	12.6962	11.08175	0.0	0.0	0.0	8.64652	0.0	0.0	0.0	0.0	0.0	1.085375	0.0	10.1423	0.0	0.0	2.66328	0.0	0.0	9.23023	0.0	0.0	3.30173	0.0	0.0	0.0	6.98654	7.07774	7.38785	8.99311	21.866784615384613	3.3747	15.875424285714287	13.419733333333333	9.74102	0.0	0.0	0.0	6.07446	1.95185	0.0	0.0	0.0	0.0	0.0	0.0	0.0	2.68152	3.86722	9.43091	4.94348	7.40609	10.3977	0.0	0.0	0.0	0.0	0.0	0.0	4.45095	6.8497225	4.08612	0.0	26.968400000000003	22.07235	3.256125	3.61184	3.94019	0.0	3.289566666666667	0.0	0.0	2.84569	0.0	3.75777	0.0	0.0	0.0	18.7159	0.0	0.0	0.0	0.0	4.87051	0.0	5.56369	3.22876	0.0	0.0	0.0	0.0	0.0	0.0	8.99311	0.0	0.0	0.0	0.0	0.0	0.0	0.0	0.0	0.0	0.0	23.6046	6.34808	11.182120000000001	0.0	10.2883	0.0	0.0	0.0
ZJH_N34_1_2	0.0	0.0	0.0	0.0	0.0	0.0	0.0	0.0	0.0	0.0	0.0	0.0	0.0	0.0	0.0	0.0	0.0	0.0	0.0	0.0	0.0	0.0	0.0	0.0	1.881545	0.0	0.0	0.0	0.0	0.0	0.0	0.0	0.0	0.0	0.0	2.552195	0.0	0.0	0.0	0.0	0.0	0.0	0.0	0.0	0.0	0.0	0.0	0.0	0.0	0.0	0.0	0.0	1.26678	0.0	0.0	2.95583	2.98067	0.0	0.0	0.0	0.0	0.633392	0.0	0.0	0.0	0.0	0.0	0.0	0.0	0.0	0.0	0.0	0.0	0.0	1.19227	0.0	0.0	0.0	0.0	0.0	0.0	0.0	0.0	0.0	0.0	14.08614	0.0	0.0	0.0	0.0	0.0	0.0	0.0	0.0	0.745167	0.0	0.0	0.0	0.0	4.471	1.00598	8.08506	1.49033	0.0	8.38313	6.48295	0.0	0.0	0.0	0.0	0.0	2.83164	0.0	0.0	0.0	0.0	0.0	0.0	0.0	0.0	0.0	0.0	0.0	0.0	0.0	0.0	0.0	0.0	0.0	0.0	0.0	0.0	0.0	0.0	0.0	0.0	0.0	5.8123	5.8123	5.21617	0.0	0.0	0.0	0.0	2.57083	0.0	0.0	0.0	0.0	0.0	0.0	0.0	0.0	0.0	0.0	0.0	4.43374	1.67663	0.0	0.0	0.0	0.0	0.0	0.0	0.0	0.0	0.0	0.0	0.0	0.0	0.0	1.97469	0.0	0.0	0.0	0.0	0.0	0.0	0.0	0.0	0.0	0.0	0.0	0.0	0.0	0.0	0.0	0.0	0.0	0.0	0.0	14.8288	14.8288	0.484359	0.0	0.0	1.26678	0.0	0.0	0.894201	0.0	11.028500000000001	9.79895	0.521617	0.0	0.0	0.0	0.0	0.0	0.0	0.0	0.0	0.0	0.0	0.0	0.0	0.0	0.0	0.0	0.0	0.0	0.0	0.0	0.0	0.0	0.0	0.0	0.0	0.0	0.0	0.0	0.0	0.0	0.0	0.0	0.0	0.0	0.0	0.0	0.0	0.0	0.0	0.0	0.0	3.42777	0.0	21.4608	0.0	0.0	0.0
ZJH_N34_1_3	0.0	0.0	0.0	0.0	0.0	0.0	0.0	0.0	0.0	0.0	0.0	0.0	0.0	0.0	0.0	0.0	0.0	0.0	0.0	0.0	0.0	0.0	0.0	0.0	0.0	0.0	0.0	0.0	0.0	0.0	0.0	0.0	0.0	0.0	0.0	0.0	0.0	0.0	0.0	0.0	0.0	0.0	0.0	0.0	0.0	0.0	0.0	0.0	0.0	0.0	0.0	0.0	0.0	0.0	0.0	0.0	0.0	0.0	0.0	0.0	0.0	0.0	0.0	0.0	0.0	0.0	0.0	0.0	0.0	0.0	0.0	0.0	0.0	0.0	0.0	0.0	0.0	0.0	0.0	0.0	0.0	0.0	0.0	0.0	0.0	0.0	0.0	0.0	0.0	0.0	0.0	0.0	0.0	0.0	0.0	0.0	0.0	0.0	0.0	0.0	0.0	0.0	0.0	0.0	0.0	0.0	0.0	0.0	0.0	0.0	0.0	0.0	0.0	0.0	0.0	0.0	0.0	0.0	0.0	0.0	0.0	0.0	0.0	0.0	0.0	0.0	0.0	0.0	0.0	0.0	0.0	0.0	0.0	0.0	0.0	0.0	0.0	0.0	0.0	0.0	0.0	0.0	0.0	0.0	0.0	0.0	0.0	0.0	0.0	0.0	0.0	0.0	0.0	0.0	0.0	0.0	0.0	0.0	0.0	0.0	0.0	0.0	0.0	0.0	0.0	0.0	0.0	0.0	0.0	0.0	0.0	0.0	0.0	0.0	0.0	0.0	0.0	0.0	0.0	0.0	0.0	0.0	0.0	0.0	0.0	0.0	0.0	0.0	0.0	0.0	0.0	0.0	0.0	0.0	0.0	0.0	0.0	0.0	0.0	0.0	0.0	0.0	0.0	0.0	0.0	0.0	0.0	0.0	0.0	0.0	0.0	0.0	0.0	0.0	0.0	0.0	0.0	0.0	0.0	0.0	0.0	0.0	0.0	0.0	0.0	0.0	0.0	0.0	0.0	0.0	0.0	0.0	0.0	0.0	0.0	0.0	0.0	0.0	0.0	0.0	0.0	0.0	0.0	0.0	0.0	0.0	0.0	0.0	0.0	0.0
ZJH_N34_1_4	0.0	0.0	0.0	0.0	0.0	0.0	0.0	0.0	0.0	0.0	0.0	0.0	0.0	0.0	0.0	0.0	0.0	0.0	0.0	0.0	0.0	0.0	0.0	0.0	0.0	0.0	0.0	0.0	0.0	0.0	0.0	0.0	0.0	0.0	0.0	0.0	0.0	0.0	0.0	0.0	0.0	0.0	0.0	0.0	0.0	0.0	0.0	0.0	0.0	0.0	0.0	0.0	0.0	0.0	0.0	0.0	0.0	0.0	0.0	0.0	0.0	0.0	0.0	0.0	0.0	0.0	0.0	0.0	0.0	0.0	0.0	0.0	0.0	0.0	0.0	0.0	0.0	0.0	0.0	0.0	0.0	0.0	0.0	0.0	0.0	0.0	0.0	0.0	0.0	0.0	0.0	0.0	0.0	0.0	0.0	0.0	0.0	0.0	0.0	0.0	0.0	0.0	0.0	0.0	0.0	0.0	0.0	0.0	0.0	0.0	0.0	0.0	0.0	0.0	0.0	0.0	0.0	0.0	0.0	0.0	0.0	0.0	0.0	0.0	0.0	0.0	0.0	0.0	0.0	0.0	0.0	0.0	0.0	0.0	0.0	0.0	0.0	0.0	0.0	0.0	0.0	0.0	0.0	0.0	0.0	0.0	0.0	0.0	0.0	0.0	0.0	0.0	0.0	0.0	0.0	0.0	0.0	0.0	0.0	0.0	0.0	0.0	0.0	0.0	0.0	0.0	0.0	0.0	0.0	0.0	0.0	0.0	0.0	0.0	0.0	0.0	0.0	0.0	0.0	0.0	0.0	0.0	0.0	0.0	0.0	0.0	0.0	0.0	0.0	0.0	0.0	0.0	0.0	0.0	0.0	0.0	0.0	0.0	0.0	0.0	0.0	0.0	0.0	0.0	0.0	0.0	0.0	0.0	0.0	0.0	0.0	0.0	0.0	0.0	0.0	0.0	0.0	0.0	0.0	0.0	0.0	0.0	0.0	0.0	0.0	0.0	0.0	0.0	0.0	0.0	0.0	0.0	0.0	0.0	0.0	0.0	0.0	0.0	0.0	0.0	0.0	0.0	0.0	0.0	0.0	0.0	0.0	0.0	0.0	0.0
ZJH_N35_1_2	0.0	0.0	0.0	0.0	0.0	0.0	0.0	0.0	0.0	0.0	0.879387	0.0	0.0	0.0	0.0	0.0	0.0	0.0	0.0	0.0	0.0	0.0	0.0	0.0	0.0	0.0	0.0	2.35836	0.0	1.6688366666666667	2.31839	0.0	0.0	0.0	0.0	0.0	0.0	0.0	0.0	0.0	0.0	0.0	0.0	0.0	0.0	0.0	0.0	0.0	0.0	0.0	0.0	0.0	0.0	0.0	0.0	0.0	0.0	0.0	0.0	0.0	0.0	0.0	0.0	0.0	0.0	0.0	0.0	0.0	0.0	0.0	0.0	0.0	0.0	0.0	0.0	0.0	0.0	0.0	0.0	0.0	0.0	0.0	0.0	0.0	0.0	0.0	2.12352125	0.0	0.0	0.0	0.0	0.0	0.0	0.0	0.0	0.0	0.0	0.0	0.0	0.0	0.0	0.0	0.0	0.0	0.0	0.0	0.0	0.0	0.0	0.0	0.0	0.0	0.0	0.0	0.0	0.0	0.0	0.0	0.0	0.0	0.0	0.0	0.0	0.0	0.0	0.0	0.0	0.0	0.0	0.0	0.0	0.0	0.0	0.0	0.0	0.0	0.0	1.7121383333333335	1.7188	0.0	0.0	0.0	0.0	0.0	0.0	0.0	0.0	0.0	0.0	0.0	0.0	0.0	0.0	0.0	0.0	0.0	0.0	0.0	0.0	0.0	0.0	0.0	0.0	0.0	0.0	0.0	0.0	0.0	0.0	0.0	0.0	0.0	0.0	0.0	3.63747	0.0	0.0	0.0	0.0	0.0	0.0	0.0	0.0	0.0	0.0	0.0	0.0	0.0	0.0	0.0	0.0	0.0	0.0	0.0	0.0	0.0	0.0	0.0	0.0	0.0	0.0	4.30367	0.0	0.0	0.0	0.0	0.0	0.0	0.0	0.0	0.0	0.0	0.0	0.0	0.0	0.0	0.0	0.0	0.0	0.0	0.0	0.0	0.0	0.0	0.0	0.0	0.0	0.0	0.0	0.0	0.0	0.0	0.0	0.0	0.0	0.0	0.0	0.0	0.0	0.0	2.55822	3.59749	0.0	0.0	0.0	0.0	2.99791	0.0	0.0	0.0
ZJH_N35_1_4	0.0	0.0	0.0	0.0	0.0	0.0	0.0	0.0	0.0	0.0	0.0	0.0	0.0	0.0	0.0	0.0	0.0	0.0	0.0	0.0	0.0	0.0	0.0	0.0	0.0	0.0	0.0	0.0	0.0	0.0	0.0	0.0	0.0	0.0	0.0	0.0	0.0	0.0	0.0	0.0	0.0	0.0	0.0	0.0	0.0	0.0	0.0	0.0	0.0	0.0	0.0	0.0	0.0	0.0	0.0	0.0	0.0	0.0	0.0	0.0	0.0	0.0	0.0	0.0	0.0	0.0	0.0	0.0	0.0	0.0	0.0	0.0	0.0	0.0	0.0	0.0	0.0	0.0	0.0	0.0	0.0	0.0	0.0	0.0	0.647846	0.0	0.0	0.0	0.0	0.0	0.0	0.0	0.0	0.0	0.0	0.0	0.0	0.0	0.0	0.0	0.0	0.0	0.0	0.0	0.0	0.0	0.0	0.0	0.0	0.0	0.0	0.0	0.0	0.0	0.0	0.0	0.0	0.0	0.0	0.0	0.0	0.0	0.0	0.0	0.0	0.0	0.0	0.0	0.0	0.0	0.0	0.0	0.0	0.0	0.0	0.0	0.0	0.0	0.0	0.0	0.0	0.0	0.0	0.0	0.0	0.0	0.0	0.0	0.0	0.0	0.0	0.0	0.0	0.0	0.0	0.0	0.0	0.0	0.0	0.0	0.0	0.0	0.0	0.0	0.0	0.0	0.0	0.0	0.0	0.0	0.0	0.0	0.0	0.0	0.0	0.0	0.0	0.0	0.0	0.0	0.0	0.0	0.0	0.0	0.0	0.0	0.0	0.0	0.0	0.0	0.0	0.0	0.0	0.0	0.0	0.0	0.0	0.0	0.0	0.0	0.0	0.0	0.0	0.0	0.0	0.0	0.0	0.0	0.0	0.0	0.0	0.0	0.0	0.0	0.0	0.0	0.0	0.0	0.0	0.0	0.0	0.0	0.0	0.0	0.0	0.0	0.0	0.0	0.0	0.0	0.0	0.0	0.0	0.0	0.0	0.0	0.0	0.0	0.0	0.0	0.0	0.0	0.0	0.0	0.0	0.0	0.0	0.0	0.0	0.0
ZJH_N36_1_2	0.0	0.0	0.0	0.0	0.0	0.0	0.0	0.0	0.0	0.0	0.0	0.0	0.0	0.0	1.6630157894736843	0.818144	1.31185	1.46702	0.0	0.0	0.0	0.0	0.0	1.9436505263157897	0.0	0.0	0.0	2.65192	0.0	1.3494683333333335	2.48264	0.0	0.0	0.0	0.0	0.0	0.0	0.0	0.0	0.0	0.0	0.0	0.0	0.0	0.0	0.0	0.0	0.0	0.0	0.0	0.0	0.0	0.0	0.0	2.0475284615384615	0.0	0.0	0.0	0.0	0.0	0.0	0.0	0.479602	0.0	0.0	0.0	0.0	0.0	0.0	2.59549	0.0	0.0	0.0	0.0	0.0	0.0	0.0	0.0	0.0	0.0	0.0	0.0	0.0	0.0	0.0	1.940978	3.254945	0.0	0.0	0.0	0.0	0.0	0.0	0.0	0.0	0.0	0.0	0.0	0.0	1.94662	0.507814	0.0	0.0	0.0	4.725490000000001	2.08768	0.0	0.0	0.0	0.0	0.0	0.0	0.0	0.0	0.0	0.0	0.0	0.0	0.0	0.0	0.0	0.0	0.0	0.0	0.0	0.0	0.0	0.0	0.0	0.0	0.0	0.0	0.0	0.0	0.0	0.0	0.0	1.24132	1.24132	1.10026	0.0	0.0	0.0	0.0	0.0	0.0	0.0	0.0	0.0	0.0	0.0	0.0	0.0	0.0	0.0	0.0	1.80556	0.874568	0.0	0.0	0.0	0.0	0.0	0.0	0.0	0.0	0.0	0.0	0.0	0.0	0.0	0.0	0.0	0.0	7.39151	0.0	0.0	0.0	0.0	0.0	0.0	0.0	0.0	0.0	0.0	0.0	0.0	0.0	0.0	0.0	0.0	0.648873	0.648873	0.0	0.7758265	1.04384	0.0	0.0	0.0	0.394966	0.0	5.623566666666666	5.04992	0.0	0.0	0.0	0.0	0.0	0.0	0.0	0.0	0.0	0.0	0.0	0.0	0.0	0.0	0.0	0.0	0.0	0.0	0.0	0.0	0.0	0.0	0.0	0.0	2.4814134782608694	0.0	0.0	0.0	0.0	0.0	0.0	0.0	0.0	0.0	0.0	0.0	0.0	0.0	0.0	0.0	0.0	0.0	0.0	2.65192	0.0	0.0	0.0
ZJH_N36_1_3	0.0	0.0	0.0	0.0	0.0	0.0	0.0	0.0	0.0	0.0	0.0	0.0	0.0	0.0	0.0	0.0	0.0	0.0	0.0	0.0	0.0	0.0	0.0	0.0	0.0	0.0	0.0	0.0	0.0	0.0	0.0	0.0	0.0	0.0	0.0	0.0	0.0	0.0	0.0	0.0	0.0	0.0	0.0	0.0	0.0	0.0	0.0	0.0	0.0	0.0	0.0	0.0	0.0	0.0	0.0	0.0	0.0	0.0	0.0	0.0	0.0	0.0	0.0	0.0	0.0	0.0	0.0	0.0	0.0	0.0	0.0	0.0	0.0	0.0	0.0	0.0	0.0	0.0	0.0	0.0	0.0	0.0	0.0	0.0	0.0	0.0	0.0	0.0	0.0	0.0	0.0	0.0	0.0	0.0	0.0	0.0	0.0	0.0	0.0	0.0	0.0	0.0	0.0	0.0	0.0	0.0	0.0	0.0	0.0	0.0	0.0	0.0	0.0	0.0	0.0	0.0	0.0	0.0	0.0	0.0	0.0	0.0	0.0	0.0	0.0	0.0	0.0	0.0	0.0	0.0	0.0	0.0	0.0	0.0	0.0	0.0	0.0	0.0	0.0	0.0	0.0	0.0	0.0	0.0	0.0	0.0	0.0	0.0	0.0	0.0	0.0	0.0	0.0	0.0	0.0	0.0	0.0	0.0	0.0	0.0	0.0	0.0	0.0	0.0	0.0	0.0	0.0	0.0	0.0	0.0	0.0	0.0	0.0	0.0	0.0	0.0	0.0	0.0	0.0	0.0	0.0	0.0	0.0	0.0	0.0	0.0	0.0	0.0	0.0	0.0	0.0	0.0	0.0	0.0	0.0	0.0	0.0	0.0	0.0	0.0	0.0	0.0	0.0	0.0	0.0	0.0	0.0	0.0	0.0	0.0	0.0	0.0	0.0	0.0	0.0	0.0	0.0	0.0	0.0	0.0	0.0	0.0	0.0	0.0	0.0	0.0	0.0	0.0	0.0	0.0	0.0	0.0	0.0	0.0	0.0	0.0	0.0	0.0	0.0	0.0	0.0	0.0	0.0	0.0	0.0	0.0	0.0	0.0	0.0	0.0
ZJH_N36_1_4	0.0	0.0	0.0	0.0	0.0	0.0	0.0	0.0	0.0	0.0	0.0	0.0	0.0	0.0	0.0	0.0	0.0	0.0	0.0	0.0	0.0	0.0	0.0	0.0	0.0	0.0	0.0	0.0	0.0	0.0	0.0	0.0	0.0	0.0	0.0	0.0	0.0	0.0	0.0	0.0	0.0	0.0	0.0	0.0	0.0	0.0	0.0	0.0	0.0	0.0	0.0	0.0	0.0	0.0	0.0	0.0	0.0	0.0	0.0	0.0	0.0	0.0	0.0	0.0	0.0	0.0	0.0	0.0	0.0	0.0	0.0	0.0	0.0	0.0	0.0	0.0	0.0	0.0	0.0	0.0	0.0	0.0	0.0	0.0	0.0	0.0	0.0	0.0	0.0	0.0	0.0	0.0	0.0	0.0	0.0	0.0	0.0	0.0	0.0	0.0	0.0	0.0	0.0	0.0	0.0	0.0	0.0	0.0	0.0	0.0	0.0	0.0	0.0	0.0	0.0	0.0	0.0	0.0	0.0	0.0	0.0	0.0	0.0	0.0	0.0	0.0	0.0	0.0	0.0	0.0	0.0	0.0	0.0	0.0	0.0	0.0	0.0	0.0	0.0	0.0	0.0	0.0	0.0	0.0	0.0	0.0	0.0	0.0	0.0	0.0	0.0	0.0	0.0	0.0	0.0	0.0	0.0	0.0	0.0	0.0	0.0	0.0	0.0	0.0	0.0	0.0	0.0	0.0	0.0	0.0	0.0	0.0	0.0	0.0	0.0	0.0	0.0	0.0	0.0	0.0	0.0	0.0	0.0	0.0	0.0	0.0	0.0	0.0	0.0	0.0	0.0	0.0	0.0	0.0	0.0	0.0	0.0	0.0	0.0	0.0	0.0	0.0	0.0	0.0	0.0	0.0	0.0	0.0	0.0	0.0	0.0	0.0	0.0	0.0	0.0	0.0	0.0	0.0	0.0	0.0	0.0	0.0	0.0	0.0	0.0	0.0	0.0	0.0	0.0	0.0	0.0	0.0	0.0	0.0	0.0	0.0	0.0	0.0	0.0	0.0	0.0	0.0	0.0	0.0	0.0	0.0	0.0	0.0	0.0	0.0
ZJH_N36_2_2	0.0	2.92722	0.0	0.0	2.68729	2.2554	0.0	0.0	0.0	0.0	0.0	0.0	0.0	0.0	1.1756875	0.0	0.0	0.0	0.0	23.3858	0.0	0.815783	0.0	2.06345	0.623834	0.0	0.0	2.68729	0.0	0.0	2.78326	0.0	4.46282	0.0	0.0	14.44415	3.74301	0.0	0.0	0.0	0.0	0.0	0.0	0.0	0.0	0.0	2.35138	5.47055	0.0	0.0	4.5698634615384615	0.0	0.959745	5.170626785714285	1.5817315	3.8229866666666665	4.1269	5.846171379310345	2.8638788	1.63157	3.35911	0.0	3.35911	7.00614	0.0	0.0	24.5215	0.0	0.0	3.0232000000000006	5.18262	1.39163	8.73368	0.0	6.43029	4.07892	3.59904	0.0	0.0	6.878173333333334	1.39163	5.80646	0.0	0.0	0.0	192.17000000000002	1.517595	2.01547	2.92722	0.0	3.767	2.567315	1.00773	0.863771	3.31112	0.0	0.0	0.0	6.654235	29.3202	6.57425	37.814	8.54173	0.0	12.647314444444444	22.34606666666667	0.335911	0.0	0.0	0.0	0.0	14.1562	0.0	0.0	0.0	0.0	0.0	0.0	0.0	0.0	0.0	3.88697	5.56652	3.74301	0.0	0.0	0.0	0.0	8.15783	3.79099	0.0	0.0	0.0	0.0	0.0	6.14237	0.0	15.155999999999999	15.164	13.86835	0.0	0.0	0.0	0.0	0.0	0.0	0.0	0.0	0.0	0.0	0.0	0.0	0.0	0.0	0.0	0.0	53.0739	10.2213	0.0	0.0	0.0	0.0	0.0	0.0	3.74301	4.41483	3.50307	4.27087	14.656415384615384	2.54332	8.004276	8.6377	9.69343	0.0	3.31112	0.0	0.0	0.0	0.0	0.0	0.0	0.0	0.0	0.0	0.0	0.0	2.15943	5.37457	2.83125	4.1269	3.50307	11.5649	11.5649	4.22288	0.0	0.0	0.0	2.44735	5.03866	7.82192	0.0	46.091775	67.3741	2.0154655	3.26313	2.01547	0.0	0.0	0.0	0.0	0.0	0.0	0.0	0.0	0.0	0.0	11.421	0.0	0.0	0.0	0.0	0.0	0.0	0.0	1.58358	0.0	0.0	1.8673273913043478	0.0	0.0	0.0	0.0	0.0	0.0	0.0	0.0	0.0	0.0	0.0	0.0	0.0	0.0	17.2274	2.06345	15.043985000000001	0.0	51.4423	0.0	0.0	0.0
ZJH_N36_2_3	0.0	0.0	0.0	0.0	0.0	0.0	0.0	0.0	0.0	0.0	0.0	0.0	0.0	0.0	0.0	0.0	0.0	0.0	0.0	12.2279	8.83077	1.07818	0.0	0.0	0.0	0.0	0.0	0.0	0.0	0.0	0.0	0.0	2.4644	0.0	0.0	0.0	0.0	0.0	0.0	0.0	0.0	0.0	0.0	0.0	0.0	0.0	1.00116	2.87513	0.0	0.0	2.399307142857143	0.0	0.0	3.0072925925925924	0.0	0.0	0.0	2.3424650000000002	1.34823232	0.0	1.8483	0.0	0.0	3.8763	0.0	0.0	0.0	0.0	0.0	0.0	3.31154	0.0	4.74911	0.0	0.0	0.0	0.0	0.0	0.0	2.8066766666666667	0.6161	3.67093	0.0	0.0	0.0	35.157066666666665	0.0	0.641771	1.20653	0.0	2.490075	1.36055	0.564759	0.0	0.0	0.0	0.0	0.0	3.5340233333333333	0.0	0.0	0.0	0.0	0.0	4.059664285714286	4.697765	0.0	0.0	0.0	0.0	0.0	0.0	0.0	0.0	0.0	0.0	0.0	0.0	0.0	0.0	0.0	2.15635	2.97782	2.56708	0.0	0.0	0.0	0.0	4.13301	1.74562	0.0	0.0	0.0	0.0	0.0	3.74794	0.0	0.0	0.0	0.0	0.0	0.0	0.0	0.0	0.0	0.0	0.0	0.0	0.0	0.410734	0.0	0.0	0.0	0.0	0.0	0.0	0.0	2.49007	0.0	0.0	0.0	0.0	0.0	0.0	1.64293	1.59159	2.28471	2.4644	7.3063196153846155	0.847138	3.9738459999999995	3.427055	0.0	0.0	0.0	0.0	0.0	0.0	0.0	0.0	0.0	0.0	0.0	0.0	0.0	0.0	1.00116	3.13184	1.56592	1.77129	1.59159	0.0	0.0	0.0	0.0	0.0	0.0	1.2322	2.82379	0.0	0.0	8.49705	0.0	0.359392	1.00116	1.30921	0.0	0.0	0.0	0.0	0.0	0.0	0.0	0.0	0.0	0.0	5.1085	0.0	0.0	0.0	0.0	0.924151	0.0	0.821467	0.59043	0.0	0.0	0.0	0.0	0.0	0.0	0.0	0.0	0.0	0.0	0.0	0.0	0.0	0.0	0.0	0.0	0.0	4.64642	2.00233	3.41422	0.0	1.07818	0.0	0.0	0.0
ZJH_N36_2_4	0.0	0.0	0.0	0.0	0.0	0.0	0.0	0.0	0.0	0.0	0.0	0.0	0.0	0.0	0.0	0.0	0.0	0.0	0.0	302.92366666666663	0.0	33.976	0.0	0.0	0.0	0.0	0.0	0.0	0.0	0.0	0.0	0.0	60.5758	3.993766666666667	0.0	0.0	54.7391	48.2331	0.0	0.0	0.957164	0.950472	0.0	0.0	0.0	0.0	37.7913	65.86364999999999	0.0	0.6935700952380952	51.436325	0.0	0.0	49.50889696969697	0.0	0.0	0.0	66.21517142857142	37.397912820512815	0.0	30.0804	0.0	0.0	95.7701	0.0	0.0	0.0	0.0	0.0	0.0	90.268	42.4633	143.856	0.0	0.0	0.0	0.0	0.0	0.0	70.70083333333334	26.1179	84.351	0.0	0.0	0.0	0.0	0.0	31.9814	35.7565	0.0	51.4794	44.9533	25.81	22.3428	0.0	0.0	0.0	0.0	100.17441666666667	0.0	0.0	0.0	0.0	0.0	134.60342857142857	138.762	0.0	0.0	0.0	0.0	0.0	0.0	1.01741	2.43642	34.98448888888889	0.0	0.0	0.0	0.0	0.0	0.0	59.371	71.861	57.4433	0.0	0.0	0.0	0.0	122.062	45.703	0.0	0.0	0.0	0.0	0.0	93.0927	0.0	0.0	0.0	0.0	0.0	0.0	0.0	0.0	0.0	0.0	0.0	0.0	0.0	7.101765	0.0	0.0	0.0	0.0	0.0	0.0	0.0	72.3028	0.0	0.0	24.9934	0.0	0.0	0.0	55.114	62.5437	49.6119	73.2070090909091	178.4271923076923	29.1969	128.2412	104.7525	0.0	0.0	0.0	0.0	0.0	0.0	0.0	0.0	0.0	0.0	0.455155	0.0	0.923698	0.0	39.2237	67.6709	41.8609	57.45	83.2131	0.0	0.0	0.0	0.0	0.0	0.0	34.9265	47.2391	0.0	0.0	128.23329999999999	0.0	22.3294	23.3334	34.1768	0.0	0.0	0.0	0.0	0.0	0.0	0.0	0.0	0.0	0.0	122.758	0.0	0.0	0.0	0.0	36.8007	0.0	28.7953	20.4284	0.0	0.0	0.0	0.0	1.6332	0.481929	0.0	0.0	0.0	0.0	0.0	0.0	0.0	0.0	0.0	0.0	0.0	133.361	37.6842	82.7044	0.0	0.0	0.0	0.0	0.0
ZJH_N37_1_2	0.0	0.0	0.0	0.0	0.0	0.0	0.0	0.0	0.0	0.0	0.0	0.0	0.0	0.0	9.947822631578946	6.68624	8.867425	9.86628	0.0	0.0	0.0	0.0	0.0	19.266931578947368	0.0	0.0	0.0	17.3679	0.0	7.783629166666667	18.21594	0.0	0.0	0.0	0.0	0.0	0.0	0.0	0.0	0.0	0.0	0.0	0.0	0.0	0.0	0.0	0.0	0.0	0.0	0.0	0.0	0.0	0.0	0.0	12.279541923076923	1.42694	1.42694	0.0	0.0	0.733856	0.0	0.0	1.01924	0.0	0.0	0.0	0.0	0.0	0.0	28.9058	0.0	0.0	0.0	0.0	0.0	0.0	0.0	0.0	0.0	0.0	0.0	0.0	0.0	0.0	0.0	65.92745333333333	17.367925	0.0	0.0	0.0	0.0	0.0	0.0	0.0	0.0	0.0	0.0	0.0	0.0	2.12003	0.0	0.0	0.0	0.0	56.14	1.99772	0.0	0.0	0.0	0.0	0.0	0.0	0.0	0.0	0.0	0.0	0.0	0.0	0.0	0.0	0.0	0.0	0.0	0.0	0.0	0.0	0.0	0.0	0.0	0.0	0.0	0.0	0.0	0.0	0.0	0.0	0.0	0.0	0.0	0.0	0.0	0.0	0.0	0.0	0.0	0.0	0.0	0.0	0.0	0.0	0.0	0.0	0.0	0.0	0.0	0.0	3.26158	0.0	0.0	0.0	0.0	0.0	0.0	0.0	0.0	0.0	0.0	0.0	0.0	0.0	0.0	0.0	0.0	0.0	52.3484	0.0	0.0	0.0	0.0	0.0	0.0	0.0	0.0	0.0	0.0	0.0	0.0	0.0	0.0	0.0	0.0	1.18232	1.18232	1.18232	4.403135	7.0124	0.0	0.0	0.0	0.0	0.0	30.291933333333333	0.0	0.0	0.0	0.0	0.0	0.0	0.0	0.0	0.0	0.0	0.0	0.0	0.0	0.0	0.0	0.0	0.0	0.0	0.0	0.0	0.0	0.0	0.0	0.0	0.0	20.138491304347827	0.0	0.0	0.0	0.0	0.0	0.0	0.0	0.0	0.0	0.0	0.0	0.0	0.0	0.0	0.0	0.0	0.0	0.0	4.28083	0.0	0.0	0.0
ZJH_N37_1_3	0.0	0.0	0.0	0.0	0.0	0.0	0.0	0.0	0.0	0.0	0.0	0.0	0.0	0.0	0.0	0.0	0.0	0.0	0.0	0.0	0.0	0.0	0.0	0.0	0.0	0.0	0.0	0.0	0.0	0.0	0.0	0.0	0.0	0.0	0.0	0.0	0.0	0.0	0.0	0.0	0.0	0.0	0.0	0.0	0.0	0.0	0.0	0.0	0.0	0.0	0.0	0.0	0.0	0.0	0.0	0.0	0.0	0.0	0.0	0.0	0.0	0.0	0.0	0.0	0.0	0.0	0.0	0.0	0.0	0.0	0.0	0.0	0.0	0.0	0.0	0.0	0.0	0.0	0.0	0.0	0.0	0.0	0.0	0.0	0.0	0.0	0.0	0.0	0.0	0.0	0.0	0.0	0.0	0.0	0.0	0.0	0.0	0.0	0.0	0.0	0.0	0.0	0.0	0.0	0.0	0.0	0.0	0.0	0.0	0.0	0.0	0.0	0.0	0.0	0.0	0.0	0.0	0.0	0.0	0.0	0.0	0.0	0.0	0.0	0.0	0.0	0.0	0.0	0.0	0.0	0.0	0.0	0.0	0.0	0.0	0.0	0.0	0.0	0.0	0.0	0.0	0.0	0.0	0.0	0.0	0.0	0.0	0.0	0.0	0.0	0.0	0.0	0.0	0.0	0.0	0.0	0.0	0.0	0.0	0.0	0.0	0.0	0.0	0.0	0.0	0.0	0.0	0.0	0.0	0.0	0.0	0.0	0.0	0.0	0.0	0.0	0.0	0.0	0.0	0.0	0.0	0.0	0.0	0.0	0.0	0.0	0.0	0.0	0.0	0.0	0.0	0.0	0.0	0.0	0.0	0.0	0.0	0.0	0.0	0.0	0.0	0.0	0.0	0.0	0.0	0.0	0.0	0.0	0.0	0.0	0.0	0.0	0.0	0.0	0.0	0.0	0.0	0.0	0.0	0.0	0.0	0.0	0.0	0.0	0.0	0.0	0.0	0.0	0.0	0.0	0.0	0.0	0.0	0.0	0.0	0.0	0.0	0.0	0.0	0.0	0.0	0.0	0.0	0.0	0.0	0.0	0.0	0.0	0.0	0.0
ZJH_N38_1_2	0.0	0.0	0.0	0.0	0.0	0.0	0.0	0.0	0.0	0.0	0.0	0.0	0.0	0.0	0.0	0.0	0.0	0.0	0.0	0.0	0.0	0.0	0.0	0.0	0.0	0.0	0.0	0.0	0.0	0.0	0.0	0.0	0.0	0.0	0.0	11.9835	0.855965	0.0	0.0	1.849985	0.0	0.0	0.0	0.0	0.0	0.0	0.0	0.0	0.0	0.0	0.0	0.0	2.37461	0.0	0.0	18.6011	18.6103	0.0	0.0	7.9798	0.0	0.0	10.9067	0.0	0.0	0.0	0.0	0.0	16.0424	0.0	0.0	0.0	0.0	0.0	1.84999	0.0	0.0	0.0	0.0	0.0	0.0	0.0	0.0	0.0	0.0	43.48485333333334	0.0	0.0	0.0	0.0	0.0	0.0	0.0	0.0	0.0	0.0	0.0	0.0	0.0	49.7564	5.08057	0.0	0.0	0.0	87.9711	65.3295	0.0	0.0	0.0	0.0	0.0	17.6163	0.0	0.0	0.0	0.0	0.0	0.0	0.0	0.0	0.0	0.0	0.0	0.0	0.0	0.0	0.0	0.0	0.0	0.0	0.0	0.0	0.0	0.0	0.0	0.0	0.0	21.141383333333334	21.1782	18.9693	0.0	0.0	0.0	0.0	0.0	0.0	0.0	0.0	0.0	0.0	0.0	0.0	0.0	0.0	0.0	0.0	32.6647	14.8828	0.0	0.0	0.0	0.0	0.0	0.0	0.0	0.0	0.0	0.0	0.0	0.0	0.0	10.741	0.0	0.0	0.0	0.0	0.0	0.0	0.0	0.0	0.0	0.0	0.0	0.0	0.0	0.0	0.0	0.0	0.0	0.0	0.0	0.0	0.0	0.0	0.0	0.0	0.0	0.0	0.0	5.90892	2.54028	77.16576666666667	93.9077	3.42386	0.0	0.0	0.0	0.0	0.0	0.0	0.0	0.0	0.0	0.0	0.0	0.0	0.0	0.0	0.0	0.0	0.0	0.0	0.0	0.0	0.0	0.0	0.0	0.0	0.0	0.0	0.0	0.0	0.0	0.0	0.0	0.0	0.0	0.0	0.0	0.0	0.0	0.0	4.11416	0.0	0.0	0.0	130.41	0.0	0.0	0.0
ZJH_N38_1_3	0.0	0.0	0.0	0.0	0.0	0.0	0.0	0.0	0.0	0.0	0.0	0.0	0.0	0.0	8.815423684210527	4.78785	7.2227	8.736809999999998	0.0	0.0	0.0	0.0	0.0	11.419352631578946	0.0	0.0	0.0	13.3814	0.0	11.632008333333332	14.83006	0.0	0.0	0.0	0.0	0.0	0.0	0.0	0.0	0.0	0.0	0.0	0.0	0.0	0.0	0.0	0.0	0.0	0.0	0.0	0.0	0.0	0.0	0.0	13.667873076923076	0.0	0.0	0.0	0.0	0.0	0.0	0.0	0.0	0.0	0.0	0.0	0.0	0.0	0.0	15.7549	0.0	0.0	0.0	0.0	0.0	0.0	0.0	0.0	0.0	0.0	0.0	0.0	0.0	0.0	0.0	0.0	14.251037499999999	0.0	0.0	0.0	0.0	0.0	0.0	0.0	0.0	0.0	0.0	0.0	0.0	0.0	0.0	0.0	0.0	0.0	30.3231	0.0	0.0	0.0	0.0	0.0	0.0	0.0	0.0	0.0	0.0	0.0	0.0	0.0	0.0	0.0	0.0	0.0	0.0	0.0	0.0	0.0	0.0	0.0	0.0	0.0	0.0	0.0	0.0	0.0	0.0	0.0	0.0	0.0	0.0	0.0	0.0	0.0	0.0	0.0	0.0	0.0	0.0	0.0	0.0	0.0	0.0	0.0	0.0	0.0	0.0	0.0	0.0	0.0	0.0	0.0	0.0	0.0	0.0	0.0	0.0	0.0	0.0	0.0	0.0	0.0	0.0	0.0	0.0	0.0	42.8042	0.0	0.0	0.0	0.0	0.0	0.0	0.0	0.0	0.0	0.0	0.0	0.0	0.0	0.0	0.0	0.0	0.0	0.0	0.0	4.828775	6.7521	0.0	0.0	0.0	0.0	0.0	42.8861	0.0	0.0	0.0	0.0	0.0	0.0	0.0	0.0	0.0	0.0	0.0	0.0	0.0	0.0	0.0	0.0	0.0	0.0	0.0	0.0	0.0	0.0	0.0	0.0	0.0	13.413499999999999	0.0	0.0	0.0	0.0	0.0	0.0	0.0	0.0	0.0	0.0	0.0	0.0	0.0	0.0	5.11523	0.0	0.0	0.0	0.0	0.0	0.0	0.0
ZJH_N38_1_4	0.0	0.0	0.0	0.0	0.0	0.0	0.0	0.0	0.0	0.0	0.0	0.0	0.0	0.0	0.0	0.0	0.0	0.0	0.0	0.0	0.0	0.0	0.0	0.0	0.0	0.0	0.0	0.0	0.0	0.0	0.0	0.0	0.0	0.0	0.0	0.0	0.0	0.0	0.0	0.0	0.0	0.0	0.0	0.0	0.0	0.0	0.0	0.0	0.0	0.0	0.0	0.0	0.0	0.0	0.0	0.0	0.0	0.0	0.0	0.0	0.0	0.0	0.0	0.0	0.0	0.0	0.0	0.0	0.0	0.0	0.0	0.0	0.0	0.0	0.0	0.0	0.0	0.0	0.0	0.0	0.0	0.0	0.0	0.0	0.0	0.0	0.0	0.0	0.0	0.0	0.0	0.0	0.0	0.0	0.0	0.0	0.0	0.0	0.0	0.0	0.0	0.0	0.0	0.0	0.0	0.0	0.0	0.0	0.0	0.0	0.0	0.0	0.0	0.0	0.0	0.0	0.0	0.0	0.0	0.0	0.0	0.0	0.0	0.0	0.0	0.0	0.0	0.0	0.0	0.0	0.0	0.0	0.0	0.0	0.0	0.0	0.0	0.0	0.0	0.0	0.0	0.0	0.0	0.0	0.0	0.0	0.0	0.0	0.0	0.0	0.0	0.0	0.0	0.0	0.0	0.0	0.0	0.0	0.0	0.0	0.0	0.0	0.0	0.0	0.0	0.0	0.0	0.0	0.0	0.0	0.0	0.0	0.0	0.0	0.0	0.0	0.0	0.0	0.0	0.0	0.0	0.0	0.0	0.0	0.0	0.0	0.0	0.0	0.0	0.0	0.0	0.0	0.0	0.0	0.0	0.0	0.0	0.0	0.0	0.0	0.0	0.0	0.0	0.0	0.0	0.0	0.0	0.0	0.0	0.0	0.0	0.0	0.0	0.0	0.0	0.0	0.0	0.0	0.0	0.0	0.0	0.0	0.0	0.0	0.0	0.0	0.0	0.0	0.0	0.0	0.0	0.0	0.0	0.0	0.0	0.0	0.0	0.0	0.0	0.0	0.0	0.0	0.0	0.0	0.0	0.0	0.0	0.0	0.0	0.0
ZJH_N39_1_4	0.0	0.0	0.0	0.0	0.0	0.0	0.0	0.0	0.0	0.0	0.0	0.0	0.0	0.0	0.0	0.0	0.0	0.0	0.0	0.0	0.0	0.0	0.0	0.0	0.0	0.0	0.0	0.0	0.0	0.0	0.0	0.0	0.0	0.0	0.0	0.0	0.0	0.0	0.0	0.0	0.0	0.0	0.0	0.0	0.0	0.0	6.1799	0.0	0.0	0.0	0.0	0.0	0.0	0.0	0.0	0.0	0.0	0.0	0.0	0.0	0.0	0.0	0.0	0.0	0.0	0.0	0.0	0.0	0.0	0.0	0.0	0.0	0.0	0.0	0.0	0.0	0.0	0.0	0.0	0.0	0.0	0.0	0.0	0.0	0.0	0.0	0.0	0.0	0.0	0.0	0.0	0.0	0.0	0.0	0.0	0.0	0.0	0.0	15.259	0.0	0.0	0.0	0.0	0.0	24.5034	0.0	0.0	0.0	0.0	0.0	0.0	0.0	0.0	0.0	0.0	0.0	0.0	0.0	0.0	0.0	0.0	0.0	0.0	0.0	0.0	0.0	0.0	0.0	0.0	0.0	0.0	0.0	0.0	0.0	0.0	0.0	0.0	0.0	0.0	0.0	0.0	0.0	0.0	0.0	0.0	0.0	0.0	0.0	0.0	0.0	0.0	0.0	0.0	0.0	0.0	0.0	0.0	0.0	0.0	0.0	0.0	0.0	0.0	0.0	0.0	0.0	0.0	0.0	0.0	0.0	16.7468	0.0	0.0	0.0	0.0	0.0	0.0	0.0	0.0	0.0	0.0	0.0	0.0	0.0	0.0	0.0	0.0	0.0	3.90377	0.0	0.0	0.0	0.0	0.0	0.0	0.0	0.0	0.0	0.0	0.0	0.0	43.361	0.0	0.0	2.84835	0.0	0.0	0.0	0.0	0.0	0.0	0.0	0.0	0.0	0.0	0.0	0.0	0.0	0.0	0.0	0.0	0.0	0.0	0.0	0.0	0.0	0.0	0.0	0.0	0.0	0.0	0.0	0.0	0.0	0.0	0.0	0.0	0.0	0.0	0.0	0.0	0.0	15.437	0.0	0.0	0.0	0.0	0.0	0.0	0.0
ZJH_N39_2_2	0.0	0.0	0.0	0.0	0.0	0.0	0.0	0.0	0.0	0.0	1.56182	0.0	0.0	0.0	0.0	0.0	0.0	0.0	0.0	0.0	0.0	0.0	0.0	0.0	1.6669425	0.0	0.0	92.63560000000001	0.0	61.90971666666667	99.72236	0.0	0.0	0.0	0.0	3.288835	0.0	0.0	0.0	0.600701	0.0	0.0	0.0	0.0	0.0	0.0	0.0	0.0	0.0	0.0	0.0	0.0	0.991156	0.0	0.0	3.4440166666666663	3.5141	0.0	0.0	1.20515625	0.0	0.780911	0.0	0.0	0.0	0.0	0.0	0.0	0.0	68.6901	0.0	0.0	0.0	0.0	2.04238	0.0	0.0	0.0	0.0	0.0	0.0	0.0	0.0	0.0	0.0	41.33024	181.95225	0.0	0.0	0.0	0.0	0.0	0.0	0.0	0.660771	0.0	0.0	0.0	0.0	12.1942	1.53179	14.4168	3.09361	0.0	107.51065	10.7525	0.12014	0.0	0.0	0.0	0.0	4.20491	0.0	0.0	0.0	0.0	0.0	0.0	0.0	0.0	0.0	0.0	0.0	0.0	0.0	0.0	0.0	0.0	0.0	0.0	0.0	0.0	0.0	0.0	1.62189	0.0	0.0	9.786415	9.79142	9.040545	0.0	0.0	0.0	0.0	0.0	0.0	0.0	0.0	0.0	0.0	0.0	0.0	0.0	0.0	0.0	0.0	5.28617	3.96463	0.0	0.0	0.0	0.0	0.0	0.0	0.0	0.0	0.0	0.0	0.0	0.0	0.0	3.27382	0.0	0.0	156.873	0.0	0.0	0.0	0.0	0.0	0.0	0.0	0.0	0.0	0.0	0.0	0.0	0.0	0.0	0.0	0.0	9.52111	9.52111	0.390456	0.0	0.0	0.600701	0.0	0.0	1.59186	0.480561	121.18153333333335	75.9286	0.720841	0.0	0.0	0.0	0.0	0.0	0.0	0.0	0.0	0.0	0.0	0.0	0.0	0.0	0.0	0.0	0.0	0.0	0.0	0.0	0.0	0.0	0.0	0.0	0.0	0.0	0.0	0.0	0.0	0.0	0.0	0.0	0.0	0.0	0.0	0.0	0.0	139.603	140.984	0.0	0.0	3.42399	0.0	26.7913	0.0	0.0	0.0
ZJH_N39_2_3	0.0	0.0	0.0	0.0	0.0	0.0	0.0	0.0	0.0	0.0	0.0	0.0	0.0	0.0	0.0	0.0	0.0	0.0	0.0	0.0	0.0	0.0	0.0	0.0	0.0	0.0	0.0	0.0	0.0	0.0	0.0	0.0	0.0	0.0	0.0	0.0	0.0	0.0	0.0	0.0	0.0	0.0	0.0	0.0	0.0	0.0	0.0	0.0	0.0	0.0	0.0	0.0	0.0	0.0	0.0	0.0	0.0	0.0	0.0	0.0	0.0	0.0	0.0	0.0	0.0	0.0	0.0	0.0	0.0	0.0	0.0	0.0	0.0	0.0	0.0	0.0	0.0	0.0	0.0	0.0	0.0	0.0	0.0	0.0	0.0	2.08417	0.0	0.0	0.0	0.0	0.0	0.0	0.0	0.0	0.0	0.0	0.0	0.0	0.0	0.0	0.0	0.0	0.0	0.0	4.11872	2.72927	0.0	0.0	0.0	0.0	0.0	0.0	0.0	0.0	0.0	0.0	0.0	0.0	0.0	0.0	0.0	0.0	0.0	0.0	0.0	0.0	0.0	0.0	0.0	0.0	0.0	0.0	0.0	0.0	0.0	0.0	0.0	2.63003	2.63003	2.38191	0.0	0.0	0.0	0.0	0.0	0.0	0.0	0.0	0.0	0.0	0.0	0.0	0.0	0.0	0.0	0.0	0.0	0.0	0.0	0.0	0.0	0.0	0.0	0.0	0.0	0.0	0.0	0.0	0.0	0.0	0.0	0.0	0.0	0.0	0.0	0.0	0.0	0.0	0.0	0.0	0.0	0.0	0.0	0.0	0.0	0.0	0.0	0.0	0.0	0.0	0.0	0.0	0.0	0.0	0.0	0.0	0.0	0.0	0.0	0.0	0.0	3.79617	4.31721	0.0	0.0	0.0	0.0	0.0	0.0	0.0	0.0	0.0	0.0	0.0	0.0	0.0	0.0	0.0	0.0	0.0	0.0	0.0	0.0	0.0	0.0	0.0	0.0	0.0	0.0	0.0	0.0	0.0	0.0	0.0	0.0	0.0	0.0	0.0	0.0	0.0	0.0	0.0	0.0	0.0	0.0	0.0	5.95478	0.0	0.0	0.0
ZJH_N39_2_4	0.0	0.0	0.0	0.0	0.0	0.0	0.0	0.0	0.0	0.0	0.0	12.111433333333332	0.0	0.0	6.4171700000000005	3.78054	5.52053	6.414255	0.0	0.0	0.0	0.0	0.0	6.254824210526316	0.0	0.0	12.111433333333332	8.383615	0.0	6.912526666666667	8.854996	0.0	0.0	0.0	0.0	0.0	0.0	0.0	0.0	0.0	0.0	0.0	0.0	0.0	0.0	0.0	0.0	0.0	0.0	0.0	0.0	0.0	0.0	0.0	8.584564814814815	0.0	0.0	0.0	0.0	0.0	0.0	0.0	0.0	0.0	0.0	0.0	0.0	0.0	0.0	11.336333333333334	0.0	0.0	0.0	0.0	0.0	0.0	0.0	0.0	0.0	0.0	0.0	0.0	0.0	0.0	0.0	0.0	10.11966375	0.0	0.0	0.0	0.0	0.0	0.0	0.0	0.0	0.0	0.0	0.0	0.0	35.1321	0.0	0.0	0.0	0.0	18.6812	0.0	0.0	0.0	0.0	0.0	0.0	0.0	0.0	0.0	0.0	0.0	0.0	0.0	0.0	0.0	0.0	0.0	0.0	0.0	0.0	0.0	0.0	0.0	0.0	0.0	0.0	0.0	0.0	0.0	0.0	0.0	0.0	0.0	0.0	0.0	0.0	0.0	38.95556190476191	0.0	0.0	0.0	0.0	0.0	0.0	0.0	0.0	0.0	0.0	0.0	0.0	48.16625	0.0	0.0	0.0	0.0	0.0	0.0	0.0	0.0	0.0	0.0	0.0	0.0	0.0	0.0	95.6681	0.0	0.0	74.61416666666666	20.089	67.062325	0.0	0.0	0.0	0.0	0.0	0.0	0.0	0.0	0.0	0.0	0.0	0.0	41.2616	0.0	0.0	0.0	0.0	0.0	2.973815	4.20763	0.0	0.0	0.0	0.0	35.8123	33.2023	0.0	0.0	0.0	0.0	0.0	0.0	0.0	0.0	0.0	0.0	0.0	0.0	0.0	0.0	0.0	0.0	0.0	0.0	0.0	0.0	0.0	0.0	0.0	0.0	0.0	8.823771739130436	0.0	0.0	0.0	0.0	0.0	0.0	0.0	0.0	0.0	0.0	0.0	0.0	0.0	0.0	0.0	0.0	0.0	0.0	0.0	0.0	0.0	0.0
ZJH_N40_1_2	0.0	0.0	0.0	0.0	0.0	0.0	0.0	0.0	0.0	0.0	0.0	0.0	0.0	0.0	0.0	0.0	0.0	0.0	0.0	0.0	0.0	0.0	0.0	0.0	0.0	0.0	0.0	0.0	0.0	0.0	0.0	0.0	0.0	0.0	0.0	4.01347	0.0	0.0	0.0	0.0	0.0	0.0	0.0	0.0	0.0	0.0	0.0	0.0	0.0	0.0	0.0	0.0	0.0	0.0	0.0	0.0	0.0	0.0	0.0	0.0	0.0	0.0	0.0	0.0	0.0	0.0	0.0	0.0	0.0	0.0	0.0	0.0	0.0	0.0	1.43338	0.0	0.0	0.0	0.0	0.0	0.0	0.0	0.0	0.0	0.0	35.97475333333333	0.0	0.0	0.0	0.0	0.0	0.0	0.0	0.0	1.14671	0.0	0.0	0.0	0.0	9.36477	0.86003	11.8015	2.19785	0.0	13.5694	11.6104	0.0	0.0	0.0	0.0	0.0	0.0	0.0	0.0	0.0	0.0	0.0	0.0	0.0	0.0	0.0	0.0	0.0	0.0	0.0	0.0	0.0	0.0	0.0	0.0	0.0	0.0	0.0	0.0	0.0	0.0	0.0	11.204299999999998	11.2282	10.105350000000001	0.0	6.25911	0.0	0.0	18.6818	0.0	0.0	0.0	0.0	0.0	0.0	0.0	0.0	0.0	0.0	0.0	3.01011	3.4879	0.0	0.0	0.0	0.0	0.0	0.0	0.0	0.0	0.0	0.0	0.0	0.0	0.0	0.0	0.0	0.0	0.0	0.0	0.0	0.0	0.0	0.0	0.0	0.0	0.0	0.0	0.0	0.0	0.0	0.0	0.0	0.0	0.0	3.58346	3.58346	0.0	0.0	0.0	0.0	0.0	0.0	1.29005	0.0	19.040100000000002	19.1596	0.0	0.0	0.0	0.0	0.0	0.0	0.0	0.0	0.0	0.0	0.0	0.0	0.0	0.0	0.0	0.0	0.0	0.0	0.0	0.0	0.0	0.0	0.0	0.0	0.0	0.0	0.0	0.0	0.0	0.0	0.0	0.0	0.0	0.0	0.0	0.0	0.0	0.0	0.0	0.0	0.0	8.88698	0.0	16.6272	0.0	0.0	0.0
ZJH_N40_1_4	0.0	0.0	0.0	0.0	0.0	0.0	0.0	0.0	0.0	0.0	0.0	0.0	0.0	0.0	0.0	0.0	0.0	0.0	0.0	0.0	0.0	0.0	0.0	0.0	0.0	0.0	0.0	0.0	0.0	0.0	0.0	0.0	0.0	0.0	0.0	0.0	0.0	0.0	0.0	0.0	0.0	0.0	0.0	0.0	0.0	0.0	0.0	0.0	0.0	0.0	0.0	0.0	0.0	0.0	0.0	0.0	0.0	0.0	0.0	0.0	0.0	0.0	0.0	0.0	0.0	0.0	0.0	0.0	0.0	0.0	0.0	0.0	0.0	0.0	0.0	0.0	0.0	0.0	0.0	0.0	0.0	0.0	0.0	0.0	0.0	0.310838	0.0	0.0	0.0	0.0	0.0	0.0	0.0	0.0	0.0	0.0	0.0	0.0	0.0	0.0	0.0	0.0	0.0	0.0	0.0	0.0	0.0	0.0	0.0	0.0	0.0	0.0	0.0	0.0	0.0	0.0	0.0	0.0	0.0	0.0	0.0	0.0	0.0	0.0	0.0	0.0	0.0	0.0	0.0	0.0	0.0	0.0	0.0	0.0	0.0	0.0	0.0	0.0	0.0	0.0	0.0	0.0	0.0	0.0	0.0	0.0	0.0	0.0	0.0	0.0	0.0	0.0	0.0	0.0	0.0	0.0	0.0	0.0	0.0	0.0	0.0	0.0	0.0	0.0	0.0	0.0	0.0	0.0	0.0	0.0	0.0	0.0	0.0	0.0	0.0	0.0	0.0	0.0	0.0	0.0	0.0	0.0	0.0	0.0	0.0	0.0	0.0	0.0	0.0	0.0	0.0	0.0	0.0	0.0	0.0	0.0	0.0	0.0	0.0	0.0	0.0	0.0	0.0	0.0	0.0	0.0	0.0	0.0	0.0	0.0	0.0	0.0	0.0	0.0	0.0	0.0	0.0	0.0	0.0	0.0	0.0	0.0	0.0	0.0	0.0	0.0	0.0	0.0	0.0	0.0	0.0	0.0	0.0	0.0	0.0	0.0	0.0	0.0	0.0	0.0	0.0	0.0	0.0	0.0	0.0	0.0	0.0	0.0	0.0	0.0
ZJH_N41_1_2	0.0	0.0	0.0	0.0	0.0	0.0	0.0	0.0	0.0	0.0	0.0	0.0	0.0	0.0	0.0	0.0	0.0	0.0	0.0	0.0	0.0	0.0	0.0	0.0	0.0	0.0	0.0	0.0	0.0	0.0	0.0	0.0	0.0	0.0	0.0	0.0	0.0	0.0	0.0	0.0	0.0	0.0	0.0	0.0	0.0	0.0	0.0	0.0	0.0	0.0	0.0	0.0	0.0	0.0	0.0	0.0	0.0	0.0	0.0	0.0	0.0	0.0	0.0	0.0	0.0	0.0	0.0	0.0	0.0	0.0	0.0	0.0	0.0	0.0	0.0	0.0	0.0	0.0	0.0	0.0	0.0	0.0	0.0	0.0	0.0	0.0	0.0	0.0	0.0	0.0	0.0	0.0	0.0	0.0	0.0	0.0	0.0	0.0	0.0	0.0	0.0	0.0	0.0	0.0	0.0	0.0	0.0	0.0	0.0	0.0	0.0	0.0	0.0	0.0	0.0	0.0	0.0	0.0	0.0	0.0	0.0	0.0	0.0	0.0	0.0	0.0	0.0	0.0	0.0	0.0	0.0	0.0	0.0	0.0	0.0	0.0	0.0	0.0	0.0	0.0	0.0	0.0	0.0	0.0	0.0	0.0	0.0	0.0	0.0	0.0	0.0	0.0	0.0	0.0	0.0	0.0	0.0	0.0	0.0	0.0	0.0	0.0	0.0	0.0	0.0	0.0	0.0	0.0	0.0	0.0	0.0	0.0	0.0	0.0	0.0	0.0	0.0	0.0	0.0	0.0	0.0	0.0	0.0	0.0	0.0	0.0	0.0	0.0	0.0	0.0	0.0	0.0	0.0	0.0	0.0	0.0	0.0	0.0	0.0	0.0	0.0	0.0	0.0	0.0	0.0	0.0	0.0	0.0	0.0	0.0	0.0	0.0	0.0	0.0	0.0	0.0	0.0	0.0	0.0	0.0	0.0	0.0	0.0	0.0	0.0	0.0	0.0	0.0	0.0	0.0	0.0	0.0	0.0	0.0	0.0	0.0	0.0	0.0	0.0	0.0	0.0	0.0	0.0	0.0	0.0	0.0	0.0	0.0	0.0	0.0
ZJH_N41_1_3	0.0	0.0	0.0	0.0	0.0	0.0	0.0	0.0	0.0	0.0	0.0	0.0	0.0	0.0	0.0	0.0	0.0	0.0	0.0	0.0	0.0	0.0	0.0	0.0	0.0	0.0	0.0	0.0	0.0	0.0	0.0	0.0	0.0	0.0	0.0	0.0	0.0	0.0	0.0	0.0	0.0	0.0	0.0	0.0	0.0	0.0	0.0	0.0	0.0	0.0	0.0	0.0	0.0	0.0	0.0	0.0	0.0	0.0	0.0	0.0	0.0	0.0	0.0	0.0	0.0	0.0	0.0	0.0	0.0	0.0	0.0	0.0	0.0	0.0	0.0	0.0	0.0	0.0	0.0	0.0	0.0	0.0	0.0	0.0	0.0	0.0	0.5949555	0.0	0.0	0.0	0.0	0.0	0.0	0.0	0.0	0.0	0.0	0.0	0.0	0.0	0.0	0.0	0.0	0.0	0.0	0.0	0.0	0.0	0.0	0.0	0.0	0.0	0.0	0.0	0.0	0.0	0.0	0.0	0.0	0.0	0.0	0.0	0.0	0.0	0.0	0.0	0.0	0.0	0.0	0.0	0.0	0.0	0.0	0.0	0.0	0.0	0.0	0.0	0.0	0.0	0.0	0.0	0.0	0.0	0.0	0.0	0.0	0.0	0.0	0.0	0.0	0.0	0.0	0.0	0.0	0.0	0.0	0.0	0.0	0.0	0.0	0.0	0.0	0.0	0.0	0.0	0.0	0.0	0.0	0.0	0.0	0.0	0.0	0.0	0.913188	0.0	0.0	0.0	0.0	0.0	0.0	0.0	0.0	0.0	0.0	0.0	0.0	0.0	0.0	0.0	0.0	0.0	0.0	0.0	0.0	0.0	0.0	0.0	0.0	0.0	0.0	0.0	0.0	0.0	0.0	0.0	0.0	0.0	0.0	0.0	0.0	0.0	0.0	0.0	0.0	0.0	0.0	0.0	0.0	0.0	0.0	0.0	0.0	0.0	0.0	0.0	0.0	0.0	0.0	0.0	0.0	0.0	0.0	0.0	0.0	0.0	0.0	0.0	0.0	0.0	0.0	0.0	0.0	0.0	0.0	0.0	0.0	0.0	0.0	0.0
ZJH_N41_1_4	0.0	0.0	0.0	0.0	0.0	0.0	0.0	0.0	0.0	0.0	0.0	0.0	0.0	0.0	0.0	0.0	0.0	0.0	0.0	60.914550000000006	0.0	0.0	0.0	0.0	0.0	0.0	0.0	0.0	0.0	0.0	0.0	0.0	0.0	0.0	0.0	0.0	0.0	0.0	0.0	0.0	0.0	0.0	0.0	0.0	0.0	0.0	0.0	0.0	0.0	0.0	0.0	0.0	0.0	0.0	0.0	0.0	0.0	0.0	0.0	0.0	0.0	0.0	0.0	0.0	0.0	0.0	0.0	0.0	0.0	0.0	0.0	0.0	42.1348	0.0	0.0	0.0	0.0	0.0	0.0	0.0	0.0	25.7711	0.0	0.0	0.0	0.0	0.0	10.4578	0.0	0.0	9.94428	0.0	0.0	0.0	0.0	0.0	0.0	0.0	0.0	0.0	0.0	0.0	0.0	0.0	55.460528571428576	46.23155	0.0	0.0	0.0	0.0	0.0	0.0	0.0	0.0	0.0	0.0	0.0	0.0	0.0	0.0	0.0	0.0	0.0	0.0	0.0	0.0	0.0	0.0	51.2621	0.0	0.0	0.0	0.0	0.0	0.0	0.0	0.0	0.0	0.0	0.0	0.0	0.0	0.0	0.0	0.0	0.0	0.0	0.0	0.0	0.0	0.0	0.0	0.0	0.0	0.0	0.0	0.0	26.5648	0.0	0.0	0.0	0.0	0.0	0.0	0.0	0.0	18.6747	0.0	47.4376375	0.0	29.01116	40.1856	0.0	0.0	0.0	0.0	0.0	0.0	0.0	0.0	0.0	0.0	0.0	0.0	0.0	0.0	0.0	0.0	0.0	0.0	30.6032	0.0	0.0	0.0	0.0	0.0	0.0	0.0	0.0	0.0	0.0	126.194	0.0	9.26732	11.7884	0.0	0.0	0.0	94.494	0.0	0.0	0.0	0.0	0.0	0.0	0.0	0.0	0.0	0.0	0.0	0.0	0.0	0.0	0.0	0.0	0.0	0.0	0.0	0.0	0.0	0.0	0.0	0.0	0.0	0.0	0.0	0.0	0.0	0.0	0.0	0.0	0.0	77.4533	0.0	0.0	0.0	0.0	0.0	0.0	0.0
ZJH_N42_1_3	0.0	0.0	0.0	0.0	0.0	0.0	0.0	0.0	0.0	0.0	0.0	0.0	0.0	0.0	0.0	0.0	0.0	0.0	0.0	0.0	0.0	0.0	0.0	0.0	0.0	0.0	0.0	0.0	0.0	0.0	0.0	0.0	0.0	0.0	0.0	0.0	0.0	0.0	0.0	0.0	0.0	0.0	0.0	0.0	0.0	0.0	0.0	0.0	0.0	0.0	0.0	0.0	0.0	0.0	0.0	0.0	0.0	0.0	0.0	0.0	0.0	0.0	0.0	0.0	0.0	0.0	0.0	0.0	0.0	0.0	0.0	0.0	0.0	0.0	0.0	0.0	0.0	0.0	0.0	0.0	0.0	0.0	0.0	0.0	0.0	0.0	0.0	0.0	0.0	0.0	0.0	0.0	0.0	0.0	0.0	0.0	0.0	0.0	0.0	0.0	0.0	0.0	0.0	0.0	0.0	0.0	0.0	0.0	0.0	0.0	0.0	0.0	0.0	0.0	0.0	0.0	0.0	0.0	0.0	0.0	0.0	0.0	0.0	0.0	0.0	0.0	0.0	0.0	0.0	0.0	0.0	0.0	0.0	0.0	0.0	0.0	0.0	0.0	0.0	0.0	0.0	0.0	0.0	0.0	0.0	0.0	0.0	0.0	0.0	0.0	0.0	0.0	0.0	0.0	0.0	0.0	0.0	0.0	0.0	0.0	0.0	0.0	0.0	0.0	0.0	0.0	0.0	0.0	0.0	0.0	0.0	0.0	0.0	0.0	0.0	0.0	0.0	0.0	0.0	0.0	0.0	0.0	0.0	0.0	0.0	0.0	0.0	0.0	0.0	0.0	0.0	0.0	0.0	0.0	0.0	0.0	0.0	0.0	0.0	0.0	0.0	0.0	0.0	0.0	0.0	0.0	0.0	0.0	0.0	0.0	0.0	0.0	0.0	0.0	0.0	0.0	0.0	0.0	0.0	0.0	0.0	0.0	0.0	0.0	0.0	0.0	0.0	0.0	0.0	0.0	0.0	0.0	0.0	0.0	0.0	0.0	0.0	0.0	0.0	0.0	0.0	0.0	0.0	0.0	0.0	0.0	0.0	0.0	0.0	0.0
ZJH_N42_1_4	0.0	0.0	0.0	0.0	0.0	0.0	0.0	0.0	0.0	0.0	0.0	0.0	0.0	0.0	0.0	0.0	0.0	0.0	0.0	0.0	0.0	0.0	0.0	0.0	0.0	0.0	0.0	0.0	0.0	0.0	0.0	0.0	0.0	0.0	0.0	2.415325	0.0	0.0	0.0	0.0	0.0	0.0	0.0	0.0	0.0	0.0	0.0	0.0	0.0	0.0	0.0	0.0	1.63471	0.0	0.0	6.722513333333333	6.81435	0.0	0.0	2.64033	0.0	0.0	3.25105	0.0	0.0	0.0	0.0	0.0	0.0	0.0	0.0	0.0	0.0	0.0	0.551026	0.0	0.0	0.0	0.0	0.0	0.0	0.0	0.0	0.0	0.0	0.0	0.0	0.0	0.0	0.0	0.0	0.0	0.0	0.0	0.642863	0.0	0.0	0.0	0.0	3.01227	0.569393	0.0	0.0	0.0	3.21432	2.53472	0.128573	0.0	0.0	0.0	0.0	2.84697	0.0	0.0	0.0	0.0	0.0	0.0	0.0	0.0	0.0	0.0	0.0	0.0	0.0	0.0	0.0	0.0	0.0	0.0	0.0	0.0	0.0	0.0	0.0	0.0	0.0	3.2143199999999994	3.21432	2.75513	0.0	0.0	0.0	0.0	0.0	0.0	0.0	0.0	0.0	0.0	0.0	0.0	0.0	10.311539999999999	0.0	0.0	0.0	1.39593	0.0	0.0	0.0	0.0	0.0	0.0	0.0	0.0	0.0	0.0	0.0	0.0	0.0	1.98369	0.0	0.0	0.0	0.0	0.0	0.0	0.0	0.0	0.0	0.0	0.0	0.0	0.0	0.0	0.0	0.0	0.0	0.0	0.0	0.0	0.0	0.0	0.0	0.0	0.0	0.0	0.0	0.936743	0.0	4.454125	4.16943	0.624496	0.0	0.0	0.0	0.0	0.0	0.0	0.0	0.0	0.0	0.0	0.0	0.0	0.0	0.0	0.0	0.0	0.0	0.0	0.0	0.0	0.0	0.0	0.0	0.0	0.0	0.0	0.0	0.0	0.0	0.0	0.0	0.0	0.0	0.0	0.0	0.0	0.0	0.0	0.0	0.0	0.0	0.0	1.94696	0.0	0.0	0.0
ZJH_N42_2_2	0.0	0.0	0.0	0.0	0.0	0.0	0.0	0.0	0.0	0.0	0.0	0.0	0.0	0.0	0.0	0.0	0.0	0.0	0.0	8.125886666666666	6.23771	0.741782	0.0	0.0	0.0	0.0	0.0	0.0	0.0	0.0	0.0	0.0	1.07896	0.0	0.0	1.736445	0.0	0.0	0.0	0.0	0.0	0.0	0.0	0.0	0.0	0.0	0.944086	1.48356	0.0	0.0	9.029282068965516	0.0	0.0	11.034568666666667	0.0	1.66339	1.7533	7.040186	8.152859666666666	0.9946615	6.37258	0.0	0.64063	3.20315	0.0	0.0	0.0	0.0	0.0	0.0	1.551	1.38241	2.89969	0.0	0.876652	0.0	0.0	0.0	0.0	1.5847166666666668	0.472043	1.41613	0.0	0.0	0.0	28.650806666666664	0.0	0.944086	1.34869	0.0	1.466705	0.0	0.438326	0.404608	0.404608	0.0	0.0	0.0	2.433266666666667	3.70891	0.472043	0.0	0.0	0.0	3.3169475	3.3492599999999997	0.0	0.0	0.0	0.0	0.0	0.0	0.0	0.0	0.0	0.0	0.0	0.0	0.0	0.0	0.0	1.551	1.7533	1.51728	0.0	0.0	0.0	0.0	4.04608	1.48356	0.0	0.0	0.0	0.0	0.0	3.102	0.0	3.50661	3.50661	3.20315	0.0	0.0	0.0	0.0	0.0	0.0	0.0	0.0	0.0	0.236022	0.0	0.0	0.0	0.0	0.0	0.0	3.23687	1.264405	0.0	0.0	0.0	0.0	0.0	0.0	2.25906	2.59624	0.809217	1.14639	4.580373846153846	0.741782	2.87272	1.95561	0.0	0.0	0.0	0.0	0.0	0.0	0.0	0.0	0.0	0.0	0.0	0.0	0.0	0.0	0.876652	2.09048	1.551	1.68587	2.3265	2.12419	2.12419	0.0	0.0	0.0	0.0	0.809217	10.3512	0.0	0.0	7.384103333333333	7.41782	0.337174	0.842934	0.708065	0.0	0.0	0.0	0.0	0.0	0.0	0.0	0.0	0.0	0.0	0.0	0.0	0.0	0.0	0.0	0.809217	0.0	0.0	0.0	0.0	0.0	0.0	0.0	0.0	0.0	0.0	0.0	0.0	0.0	0.0	0.0	0.0	0.0	0.0	0.0	0.0	3.102	0.539478	2.090475	0.0	10.9919	0.0	0.0	0.0
ZJH_N42_2_3	0.0	0.0	0.0	0.0	0.0	0.0	0.0	0.0	0.0	0.0	0.0	0.0	0.0	0.0	0.0	0.0	0.0	0.0	0.0	349.8776666666667	0.0	30.7435	0.0	0.0	0.0	0.0	0.0	0.0	0.0	0.0	0.0	0.0	59.0723	0.0	0.0	1.92955	0.0	0.0	0.0	0.3018295	0.0	0.0	0.0	0.0	0.0	0.0	34.3007	74.1853	0.0	0.0	58.27893666666667	0.0	0.0	61.723461764705874	0.0	0.819251	0.819251	67.25134375	32.25784818181818	0.409626	40.0355	0.0	0.538981	112.281	0.0	0.0	0.0	0.0	0.0	0.0	88.6731	25.0734	126.553	0.0	0.452744	0.0	0.0	0.0	0.0	67.14980000000001	21.9689	82.27	0.0	0.0	0.0	8.797607333333334	0.0	35.4649	33.1797	0.0	54.97605	40.9841	17.45221666666667	15.3933	0.0	0.0	0.0	0.0	106.11433333333333	4.0747	0.0	0.0	0.0	0.0	118.54886375000001	96.36228333333332	0.0	0.0	0.0	0.0	0.0	1.70318	0.0	0.0	0.0	0.0	0.0	0.0	0.0	0.0	0.0	62.5002	80.8687	57.9081	0.0	0.0	0.0	0.0	147.702	50.0821	0.0	0.0	0.0	0.0	0.0	105.576	0.0	1.37979	1.37979	1.2181	0.0	0.0	0.0	0.0	0.0	0.0	0.0	0.0	0.0	6.607905000000001	0.0	0.0	0.0	2.138674	0.0	0.0	1.35823	36.920173500000004	0.0	0.0	24.3188	0.0	0.0	0.0	63.2332	65.3029	44.4767	65.76546363636363	180.3281153846154	24.4913	128.3422	61.544443	0.0	0.0	0.0	0.0	0.0	0.0	0.0	0.0	0.0	0.0	0.0	0.0	0.0	0.0	35.9177	82.6581	51.8284	60.68925	79.2086	0.0	0.0	0.0	0.0	0.0	0.0	39.9061	58.9214	0.582099	0.0	125.50167499999999	28.7816	7.3624849999999995	28.4797	29.105	0.0	0.0	0.0	0.0	0.0	0.0	0.0	0.0	0.0	0.0	115.32	0.0	0.0	0.0	0.0	0.0	0.0	26.3023	20.74	0.0	0.0	0.0	0.0	0.0	0.0	0.0	0.0	0.0	0.0	0.0	0.0	0.0	0.0	0.0	0.0	0.0	143.628	38.2676	85.353	0.0	5.90723	0.0	0.0	0.0
ZJH_N42_2_4	0.0	0.0	0.0	0.0	0.0	0.0	0.0	0.0	0.0	0.0	0.0	0.0	0.0	0.0	0.0	0.0	0.0	0.0	0.0	267.8763333333333	199.453	31.1016	0.0	0.0	0.0	0.0	0.0	0.0	0.0	0.0	0.0	0.0	52.9482	0.0	0.0	0.511374	0.0	0.0	0.0	0.0	0.0	0.0	0.0	0.0	0.0	0.0	36.8189	76.3708	0.0	0.0	42.17173548387097	0.0	0.0	36.917506060606065	0.0	0.765664	0.771253	60.6668	31.227349722222225	0.0	23.3555	0.0	0.285028	91.9467	0.0	0.0	0.0	0.0	0.0	0.0	74.6103	41.7482	123.501	0.0	0.0	0.0	0.0	0.0	0.0	59.33056666666667	24.0262	72.6319	0.0	0.0	0.0	0.0	0.0	29.5088	33.5495	0.0	43.09795	39.34225	24.0765	21.1256	0.0	0.0	0.0	0.0	86.32440000000001	0.0	0.0	0.0	0.0	0.0	120.94785714285715	119.6615	0.0	0.0	0.0	0.0	0.0	0.0	0.0	0.0	0.0	0.0	0.0	0.0	0.0	0.0	0.0	57.7266	62.5888	54.7589	0.0	0.0	0.0	0.0	111.01	42.4357	0.0	0.0	0.0	0.0	0.0	88.1911	0.0	0.0	0.0	0.0	0.0	0.0	0.0	0.0	0.0	0.0	0.0	0.0	0.0	6.077805	0.0	0.0	0.0	0.0	0.0	0.0	0.0	64.3828	0.0	0.0	22.0645	0.0	0.0	0.0	50.9362	60.2248	42.3854	64.3325	156.71326923076924	26.0549	115.3122	91.24255	0.0	0.0	0.0	0.0	0.0	0.0	0.0	0.0	0.0	0.0	0.0	0.0	0.0	0.0	34.0357	63.511	35.1255	52.428399999999996	75.8175	0.0	0.0	0.0	0.0	0.0	0.0	32.2752	39.01112500000001	0.0	0.0	115.32463333333334	0.0	16.5316	19.9687	31.4705	0.0	0.0	0.0	0.0	0.0	0.0	0.0	0.0	0.0	0.0	108.68	0.0	0.0	0.0	0.0	30.4142	0.0	24.7136	16.1292	0.0	0.0	0.0	0.0	0.0	0.0	0.0	0.0	0.0	0.0	0.0	0.0	0.0	0.0	0.0	0.0	0.0	114.783	32.1579	73.269	0.0	0.0	0.0	0.0	0.0
ZJH_N43_1_2	0.0	0.0	0.0	0.0	0.0	0.0	0.0	0.0	0.0	0.0	0.0	0.0	0.0	0.0	0.0	0.0	0.0	0.0	0.0	0.0	0.0	0.0	0.0	0.0	0.0	0.0	0.0	0.0	0.0	0.0	0.0	0.0	0.0	0.0	0.0	0.0	0.0	0.0	0.0	0.0	0.0	0.0	0.0	0.0	0.0	0.0	0.0	0.0	0.0	0.0	0.0	0.0	0.0	0.0	0.0	0.0	0.0	0.0	0.0	0.0	0.0	0.0	0.0	0.0	0.0	0.0	0.0	0.0	0.0	0.0	0.0	0.0	0.0	0.0	0.0	0.0	0.0	0.0	0.0	0.0	0.0	0.0	0.0	0.0	0.0	1.2173899999999998	0.0	0.0	0.0	0.0	0.0	0.0	0.0	0.0	0.0	0.0	0.0	0.0	0.0	0.0	0.0	0.0	0.0	0.0	0.0	0.0	0.0	0.0	0.0	0.0	0.0	0.0	0.0	0.0	0.0	0.0	0.0	0.0	0.0	0.0	0.0	0.0	0.0	0.0	0.0	0.0	0.0	0.0	0.0	0.0	0.0	0.0	0.0	0.0	0.0	0.0	0.0	0.0	0.0	0.0	0.0	0.0	0.0	0.0	0.0	0.0	0.0	0.0	0.0	0.0	0.0	0.0	0.0	0.0	0.0	0.0	1.4	0.0	0.0	0.0	0.0	0.0	0.0	0.0	0.0	0.0	0.0	0.0	0.0	0.0	0.0	0.0	0.0	0.0	0.0	0.0	0.0	0.0	0.0	0.0	0.0	0.0	0.0	0.0	0.0	0.0	0.0	0.0	0.0	0.0	0.0	0.0	0.0	0.0	0.0	0.0	0.0	0.0	0.0	0.0	0.0	2.48043	0.0	0.0	0.0	0.0	0.0	0.0	0.0	0.0	0.0	0.0	0.0	0.0	0.0	0.0	0.0	0.0	0.0	0.0	0.0	0.0	0.0	0.0	0.0	0.0	0.0	0.0	0.0	0.0	0.0	0.0	0.0	0.0	0.0	0.0	0.0	0.0	0.0	0.0	0.0	0.0	0.0	0.0	0.760868	0.0	2.31304	0.0	0.0	0.0
ZJH_N43_1_3	0.0	0.0	0.0	0.0	0.0	0.0	0.0	0.0	0.0	0.0	0.0	0.0	0.0	0.0	0.0	0.0	0.0	0.0	0.0	0.0	0.0	0.0	0.0	0.0	0.0	0.0	0.0	0.0	0.0	0.0	0.0	0.0	0.0	0.0	0.0	0.0	0.0	0.0	0.0	0.0	0.0	0.0	0.0	0.0	0.0	0.0	0.0	0.0	0.0	0.0	0.0	0.0	0.0	0.0	0.0	0.0	0.0	0.0	0.0	0.0	0.0	0.0	0.0	0.0	0.0	0.0	0.0	0.0	0.0	0.0	0.0	0.0	0.0	0.0	0.0	0.0	0.0	0.0	0.0	0.0	0.0	0.0	0.0	0.0	0.0	0.0	0.0	0.0	0.0	0.0	0.0	0.0	0.0	0.0	0.0	0.0	0.0	0.0	0.0	0.0	0.0	0.0	0.0	0.0	0.0	0.0	0.0	0.0	0.0	0.0	0.0	0.0	0.0	0.0	0.0	0.0	0.0	0.0	0.0	0.0	0.0	0.0	0.0	0.0	0.0	0.0	0.0	0.0	0.0	0.0	0.0	0.0	0.0	0.0	0.0	0.0	0.0	0.0	0.0	0.0	0.0	0.0	0.0	0.0	0.0	0.0	0.0	0.0	0.0	0.0	0.0	0.0	0.0	0.0	0.0	0.0	0.0	0.0	0.0	0.0	0.0	0.0	0.0	0.0	0.0	0.0	0.0	0.0	0.0	0.0	0.0	0.0	0.0	0.0	0.0	0.0	0.0	0.0	0.0	0.0	0.0	0.0	0.0	0.0	0.0	0.0	0.0	0.0	0.0	0.0	0.0	0.0	0.0	0.0	0.0	0.0	0.0	0.0	0.0	0.0	0.0	0.0	0.0	0.0	0.0	0.0	0.0	0.0	0.0	0.0	0.0	0.0	0.0	0.0	0.0	0.0	0.0	0.0	0.0	0.0	0.0	0.0	0.0	0.0	0.0	0.0	0.0	0.0	0.0	0.0	0.0	0.0	0.0	0.0	0.0	0.0	0.0	0.0	0.0	0.0	0.0	0.0	0.0	0.0	0.0	0.0	2.05841	0.0	0.0	0.0
ZJH_N43_1_4	0.0	0.0	0.0	0.0	0.0	0.0	0.0	0.0	0.0	0.0	0.0	0.0	13.3663	13.353466666666668	0.0	0.0	0.0	0.0	0.0	0.0	0.0	0.0	0.0	0.0	0.0	0.0	0.0	0.0	0.0	0.0	0.0	0.0	0.0	0.0	0.0	0.0	0.0	0.0	0.0	0.0	0.0	0.0	0.0	0.0	0.0	0.0	0.0	0.0	0.0	0.0	0.0	0.0	0.0	0.0	0.0	0.0	0.0	0.0	0.0	0.0	0.0	0.0	0.0	0.0	0.0	0.0	0.893879	43.8699	30.3639	0.0	0.0	0.0	0.0	0.0	0.0	0.0	0.0	5.2236	35.9786	0.0	0.0	0.0	0.0	0.0	0.0	0.0	0.0	0.0	0.0	0.0	0.0	0.0	0.0	0.0	0.0	0.0	0.0	0.0	0.0	0.0	0.0	0.0	0.0	0.0	58.877250000000004	0.0	0.0	0.0	0.0	0.0	0.0	0.0	0.0	0.0	0.0	0.0	0.0	0.0	0.0	0.0	0.0	0.0	0.0	0.0	17.5703	14.39985	24.6096	0.0	0.0	0.0	0.0	0.0	0.0	0.0	0.0	0.0	0.0	0.0	0.0	0.0	0.0	0.0	0.0	0.0	0.0	0.0	0.0	0.0	0.0	0.0	0.0	0.0	0.0	0.0	37.8851	0.0	0.0	0.0	0.0	0.0	0.0	0.0	0.0	0.0	0.0	0.0	0.0	0.0	0.0	0.0	48.87	0.0	0.0	0.0	0.0	0.0	0.0	66.4822	0.0	0.0	0.0	0.0	0.0	0.0	0.0	0.0	0.0	0.0	0.0	0.0	0.0	0.0	0.0	0.0	0.0	0.0	0.0	0.0	0.0	0.0	0.0	96.1758	91.6505	0.0	0.0	0.0	0.0	0.0	0.0	0.0	0.0	0.0	0.0	0.0	0.0	0.0	0.0	0.0	0.0	0.0	0.0	0.0	0.0	0.0	0.0	0.0	0.0	0.0	0.0	0.0	0.0	0.0	0.0	0.0	0.0	0.0	0.0	0.0	0.0	0.0	0.0	0.0	0.0	0.0	0.0	0.0	0.0	0.0	0.0	0.0
ZJH_N43_2_2	0.0	0.0	0.0	0.0	0.0	0.0	0.0	0.0	0.0	0.0	0.0	2.199586666666667	0.0	0.0	0.0	0.0	0.0	0.0	0.0	0.0	0.0	0.0	0.0	0.0	0.0	0.0	2.199586666666667	0.0	0.0	0.0	0.0	0.0	0.0	0.0	0.0	8.658024999999999	0.0	0.0	0.0	0.0	0.0	0.0	0.0	0.0	0.0	0.0	0.0	0.0	0.0	0.0	0.0	0.0	1.63831	0.0	0.0	6.386383333333334	6.43947	0.0	0.0	3.78290625	0.0	0.0	3.11734	0.0	0.0	0.0	0.0	0.0	5.89337	0.0	0.0	0.0	0.0	0.0	2.27543	0.0	0.0	0.0	0.0	0.0	0.0	0.0	0.0	0.0	0.0	239.72733333333332	0.0	0.0	0.0	0.0	0.0	0.0	0.0	0.0	1.06945	0.0	0.0	0.0	0.0	20.6154	3.20836	39.456	3.52692	0.0	31.9243	29.9902	0.193412	0.0	0.0	0.0	0.0	7.85024	0.0	0.0	0.0	0.0	0.0	0.0	0.0	0.0	0.0	0.0	0.0	0.0	0.0	0.0	0.0	0.0	0.0	0.0	0.0	0.0	0.0	0.0	2.13891	0.0	0.0	24.9084	24.9615	22.697400000000002	0.0	0.0	0.0	0.0	0.0	0.0	0.0	0.0	0.0	0.0	0.0	0.0	0.0	0.0	0.0	0.0	51.2883	8.53287	0.0	0.0	0.0	0.0	0.0	0.0	0.0	0.0	0.0	0.0	0.0	0.0	0.0	5.32451	4.9832	0.0	0.0	0.0	0.0	0.0	0.0	0.0	0.0	0.0	0.0	0.0	0.0	0.0	0.0	0.0	0.0	0.0	0.0	1.06945	1.06945	0.0	0.0	0.0	0.0	0.0	0.0	3.04908	0.0	45.804500000000004	39.9794	1.34251	0.0	0.0	0.0	0.0	0.0	0.0	0.0	0.0	0.0	0.0	0.0	0.0	0.0	0.0	0.0	0.0	0.0	0.0	0.0	0.0	0.0	0.0	0.0	0.0	0.0	0.0	0.0	0.0	0.0	0.0	0.0	0.0	0.0	0.0	0.0	0.0	0.0	0.0	0.0	0.0	15.5867	0.0	55.9984	0.0	0.0	0.0
ZJH_N43_2_3	0.0	0.0	0.0	0.0	0.0	0.0	0.0	0.0	0.0	0.0	0.0	6.57904	0.0	0.0	0.0	0.0	0.0	0.0	0.0	0.0	0.0	0.0	0.0	0.0	3.8693275	0.0	6.57904	0.0	0.0	0.0	0.0	0.0	0.0	0.0	0.0	22.813650000000003	0.0	0.0	0.0	3.8338300000000003	0.0	0.0	0.0	0.0	0.0	0.0	0.0	0.0	0.0	0.0	0.0	0.0	7.14702	0.0	0.0	29.62936666666667	30.008	0.0	0.0	12.2410625	0.0	2.46122	12.4008	0.0	0.0	0.0	0.0	0.0	28.8247	0.0	0.0	0.0	0.0	0.0	6.48438	0.0	0.0	0.0	0.0	0.0	0.0	0.0	0.0	0.0	0.0	265.8312666666667	0.0	0.0	0.0	0.0	0.0	0.0	0.0	0.0	4.4018	0.0	0.0	0.0	0.0	89.314	10.0816	157.518	9.0876	0.0	154.773	132.054	0.804631	0.0	0.0	0.0	0.0	25.8902	0.0	0.0	0.0	0.0	0.0	0.0	0.0	0.0	0.0	0.0	0.0	0.0	0.0	0.0	0.0	0.0	0.0	0.0	0.0	0.0	0.0	0.0	8.70895	0.0	0.0	116.19850000000001	116.2695	108.90899999999999	0.0	0.0	0.0	0.0	0.0	0.0	0.0	0.0	0.0	0.0	0.0	0.0	0.0	0.0	0.0	0.0	74.594	30.15	0.0	0.0	0.0	0.0	0.0	0.0	0.0	0.0	0.0	0.0	0.0	0.0	0.0	16.1873	19.3585	0.0	0.0	0.0	0.0	0.0	0.0	0.0	0.0	0.0	0.0	0.0	0.0	2.69788	0.0	0.0	0.0	0.0	0.0	13.4421	13.4421	0.425981	0.0	0.0	0.851962	0.0	0.0	9.37158	0.0	168.231	139.65050000000002	4.73312	0.0	0.0	0.0	0.0	0.0	0.0	0.0	0.0	0.0	0.0	0.0	0.0	0.0	0.0	0.0	0.0	0.0	0.0	0.0	0.0	0.0	0.0	0.0	0.0	0.0	0.0	0.0	0.0	0.0	0.0	0.0	0.0	0.0	0.0	0.0	0.0	0.0	0.0	0.0	0.0	46.0533	0.0	190.366	0.0	0.0	0.0
ZJH_N43_2_4	0.0	0.0	0.0	0.0	0.0	0.0	0.0	0.0	0.0	0.0	0.0	2.50062	1.60754	1.60754	0.0	0.0	0.0	0.0	0.0	0.0	0.0	0.0	0.0	0.0	0.35164925	0.0	2.50062	0.0	0.0	0.0	0.0	0.0	0.0	0.0	0.0	4.543535	0.0	0.0	0.0	0.0	0.0	0.0	0.0	0.0	0.0	0.0	0.0	0.0	0.0	0.0	0.0	0.0	0.424212	0.0	0.0	1.6149833333333332	1.66336	0.0	0.0	0.764698	0.0	0.0	0.0	0.0	0.0	0.0	0.0	8.89729	3.427185	0.0	0.0	0.0	0.0	0.0	3.22624	0.0	0.0	0.54701	5.48127	0.0	0.0	0.0	0.0	0.0	0.0	24.130966666666666	0.0	0.0	0.0	0.0	0.0	0.0	0.0	0.0	0.993548	0.0	0.0	0.0	0.0	14.2446	1.79732	8.04886	3.6058	0.0	12.391466666666666	13.1059	0.10605300000000001	0.0	0.0	0.0	0.0	8.80798	0.0	0.0	0.0	0.0	0.0	0.0	0.0	0.0	0.0	0.0	0.0	0.0	2.93599	1.819645	4.01885	0.0	0.0	0.0	0.0	0.0	0.0	0.0	1.45125	0.0	0.0	7.438596666666666	7.44604	6.709245	0.0	0.0	0.0	0.0	0.0	0.0	0.0	0.0	0.0	0.0	0.0	0.0	0.0	0.0	4.387245	0.0	8.21632	3.49417	0.0	0.0	0.0	0.0	0.0	0.0	0.0	0.0	0.0	0.0	0.0	0.0	9.51128	6.32969	4.15281	0.0	0.0	0.0	0.0	7.04415	0.0	0.0	0.0	0.0	0.0	0.0	0.0	0.54701	0.0	0.0	0.0	0.0	0.0	1.00471	1.00471	0.0	0.0	0.0	0.0	0.0	0.0	2.5676	0.0	27.990566666666666	26.8816	2.1099	0.0	0.0	0.0	0.0	0.0	0.0	0.0	0.0	0.0	0.0	0.0	0.0	0.0	0.0	0.0	0.0	0.0	0.0	0.0	0.0	0.0	0.0	0.0	0.0	0.0	0.0	0.0	0.0	0.0	0.0	0.0	0.0	0.0	0.0	0.0	0.0	0.0	0.0	0.0	0.0	5.52592	0.0	8.741	0.0	0.0	0.0
ZJH_N44_1_2	0.0	0.0	0.0	0.0	0.0	0.0	0.0	0.0	0.0	0.0	0.0	0.0	0.0	0.0	0.0	0.0	0.0	0.0	0.0	4.06178	3.19775	0.0	0.0	0.0	0.0	0.0	0.0	0.0	0.0	0.0	0.0	0.0	0.0	0.0	0.0	0.726761	0.0	0.0	0.0	0.0	0.0	0.0	0.0	0.0	0.0	0.0	0.0	1.30817	0.0	0.0	1.0128072307692308	0.0	0.67831	1.4750536296296295	0.0	4.67549	4.72394	1.2144269130434784	2.9109192000000004	2.08338	0.581408	0.0	1.98648	1.18704	0.0	0.0	0.0	0.0	0.0	0.0	1.40507	0.629859	1.8169	0.0	0.31493	0.0	0.0	0.0	0.0	1.01746	0.290704	1.21127	0.0	0.0	0.0	56.53068666666666	0.0	0.0	0.0	0.0	1.211265	0.484507	0.0	0.0	0.0	0.0	0.0	0.0	1.15878	3.48845	0.654084	0.0	0.0	0.0	2.1378874999999997	2.59211	0.0	0.0	0.0	0.0	0.0	1.74423	0.0	0.0	0.0	0.0	0.0	0.0	0.0	0.0	0.0	0.0	1.40507	0.726761	0.0	0.0	0.0	0.0	1.72	0.436056	0.0	0.0	0.0	0.0	0.0	1.6231	0.0	3.1210316666666666	3.12507	2.640565	0.0	0.0	0.0	0.0	0.0	0.0	0.0	0.0	0.0	0.0	0.0	0.0	0.0	0.0	0.0	0.0	3.17352	0.9932395	0.0	0.0	0.0	0.0	0.0	0.0	1.5262	0.896338	0.896338	0.67831	2.0232992	0.290704	1.5165060000000001	0.872113	0.0	0.0	0.0	0.0	0.0	0.0	0.0	0.0	0.0	0.0	0.0	0.0	0.0	0.0	0.0	1.11437	0.581408	0.750986	1.23549	16.1099	16.1099	0.0	0.0	0.0	0.823662	0.0	1.5685925	0.605634	0.0	7.04958	7.19493	0.581408	0.605634	0.654084	0.0	0.0	0.0	0.0	0.0	0.0	0.0	0.0	0.0	0.0	0.0	0.0	0.0	0.0	0.0	0.436056	0.0	0.31493	0.290704	0.0	0.0	0.0	0.0	0.0	0.0	0.0	0.0	0.0	0.0	0.0	0.0	0.0	0.0	0.0	0.0	0.0	2.81014	0.629859	0.8600019999999999	0.0	11.1194	0.0	0.0	0.0
ZJH_N44_1_3	0.0	0.0	0.0	0.0	0.0	0.0	0.0	0.0	0.0	0.0	0.0	0.0	0.0	0.0	0.0	0.0	0.0	0.0	0.0	0.0	0.0	0.0	0.0	0.0	0.0	0.0	0.0	0.0	0.0	0.0	0.0	0.0	0.0	0.0	0.0	0.0	0.0	0.0	0.0	0.0	0.0	0.0	0.0	0.0	0.0	0.0	0.0	0.0	0.0	0.0	0.0	0.0	0.0	0.0	0.0	0.0	0.0	0.0	0.0	0.0	0.0	0.0	0.0	0.0	0.0	0.0	0.0	0.0	0.0	0.0	0.0	0.0	0.0	0.0	0.0	0.0	0.0	0.0	0.0	0.0	0.0	0.0	0.0	0.0	0.0	0.0	0.0	0.0	0.0	0.0	0.0	0.0	0.0	0.0	0.0	0.0	0.0	0.0	0.0	0.0	0.0	0.0	0.0	0.0	0.0	0.0	0.0	0.0	0.0	0.0	0.0	0.0	0.0	0.0	0.0	0.0	0.0	0.0	0.0	0.0	0.0	0.0	0.0	0.0	0.0	0.0	0.0	0.0	0.0	0.0	0.0	0.0	0.0	0.0	0.0	0.0	0.0	0.0	0.0	0.0	0.0	0.0	0.0	0.0	0.0	0.0	0.0	0.0	0.0	0.0	0.0	0.0	0.0	0.0	0.0	0.0	0.0	0.0	0.0	0.0	0.0	0.0	0.0	0.0	0.0	0.0	0.0	0.0	0.0	0.0	0.0	0.0	0.0	0.0	0.0	0.0	0.0	0.0	0.0	0.0	0.0	0.0	0.0	0.0	0.0	0.0	0.0	0.0	0.0	0.0	0.0	0.0	0.0	0.0	0.0	0.0	0.0	0.0	0.0	0.0	0.0	0.0	0.0	0.0	0.0	0.0	0.0	0.0	0.0	0.0	0.0	0.0	0.0	0.0	0.0	0.0	0.0	0.0	0.0	0.0	0.0	0.0	0.0	0.0	0.0	0.0	0.0	0.0	0.0	0.0	0.0	0.0	0.0	0.0	0.0	0.0	0.0	0.0	0.0	0.0	0.0	0.0	0.0	0.0	0.0	0.0	0.0	0.0	0.0	0.0
ZJH_N44_1_4	0.0	0.0	0.0	0.0	0.0	0.0	0.0	0.0	0.0	0.0	0.0	0.0	0.0	0.0	0.0	0.0	0.0	0.0	0.0	0.0	0.0	0.0	0.0	0.0	0.0	0.0	0.0	0.0	0.0	0.0	0.0	0.0	0.0	0.0	0.0	0.0	0.0	0.0	0.0	0.0	0.0	0.0	0.0	0.0	0.0	0.0	0.0	0.0	0.0	0.0	0.0	0.0	0.0	0.0	0.0	0.0	0.0	0.0	0.0	0.0	0.0	0.0	0.0	0.0	0.0	0.0	0.0	0.0	0.0	0.0	0.0	0.0	0.0	0.0	0.0	0.0	0.0	0.0	0.0	0.0	0.0	0.0	0.0	0.0	0.0	0.0	0.0	0.0	0.0	0.0	0.0	0.0	0.0	0.0	0.0	0.0	0.0	0.0	0.0	0.0	0.0	0.0	0.0	0.0	0.0	0.0	0.0	0.0	0.0	0.0	0.0	0.0	0.0	0.0	0.0	0.0	0.0	0.0	0.0	0.0	0.0	0.0	0.0	0.0	0.0	0.0	0.0	0.0	0.0	0.0	0.0	0.0	0.0	0.0	0.0	0.0	0.0	0.0	0.0	0.0	0.0	0.0	0.0	0.0	0.0	0.0	0.0	0.0	0.0	0.0	0.0	0.0	0.0	0.0	0.0	0.0	0.0	0.0	0.0	0.0	0.0	0.0	0.0	0.0	0.0	0.0	0.0	0.0	0.0	0.0	0.0	0.0	0.0	0.0	0.0	0.0	0.0	0.0	0.0	0.0	0.0	0.0	0.0	0.0	0.0	0.0	0.0	0.0	0.0	0.0	0.0	0.0	0.0	0.0	0.0	0.0	0.0	0.0	0.0	0.0	0.0	0.0	0.0	0.0	0.0	0.0	0.0	0.0	0.0	0.0	0.0	0.0	0.0	0.0	0.0	0.0	0.0	0.0	0.0	0.0	0.0	0.0	0.0	0.0	0.0	0.0	0.0	0.0	0.0	0.0	0.0	0.0	0.0	0.0	0.0	0.0	0.0	0.0	0.0	0.0	0.0	0.0	0.0	0.0	0.0	0.0	0.0	0.0	0.0	0.0
ZJH_N45_1_2	0.0	0.0	0.0	0.0	0.0	0.0	0.0	0.0	0.0	0.0	0.0	0.0	0.0	0.0	0.0	0.0	0.0	0.0	0.0	0.0	0.0	0.0	0.0	0.0	0.0	0.0	0.0	0.0	0.0	0.0	0.0	0.0	0.0	0.0	0.0	0.0	0.0	0.0	0.0	0.0	0.0	0.0	0.0	0.0	0.0	0.0	0.0	0.0	0.0	0.0	0.0	0.0	0.0	0.0	0.0	0.0	0.0	0.0	0.0	0.0	0.0	0.0	0.0	0.0	0.0	0.0	0.0	0.0	0.0	0.0	0.0	0.0	0.0	0.0	0.0	0.0	0.0	0.0	0.0	0.0	0.0	0.0	0.0	0.0	0.0	6.9809513333333335	0.0	0.0	0.0	0.0	0.0	0.0	0.0	0.0	0.0	0.0	0.0	0.0	0.0	0.0	0.0	0.0	0.0	0.0	1.67891	0.0	0.0	0.0	0.0	0.0	0.0	0.0	0.0	0.0	0.0	0.0	0.0	0.0	0.0	0.0	0.0	0.0	0.0	0.0	0.0	0.0	0.0	0.0	0.0	0.0	0.0	0.0	0.0	0.0	0.0	0.0	0.0	0.0	0.0	0.0	0.0	0.0	0.0	0.0	3.45109	0.0	0.0	0.0	0.0	0.0	0.0	0.0	0.0	0.0	0.0	0.0	0.0	0.0	0.0	0.0	0.0	0.0	0.0	0.0	0.0	0.0	0.0	0.0	0.0	0.0	0.0	0.0	0.0	0.0	0.0	0.0	0.0	0.0	0.0	0.0	0.0	0.0	0.0	0.0	0.0	0.0	0.0	0.0	0.0	0.0	0.0	0.0	0.0	0.0	0.0	0.0	0.0	0.0	0.0	0.0	0.0	2.42509	0.0	0.0	0.0	0.0	0.0	0.0	0.0	0.0	0.0	0.0	0.0	0.0	0.0	0.0	0.0	0.0	0.0	0.0	0.0	0.0	0.0	0.0	0.0	0.0	0.0	0.0	0.0	0.0	0.0	0.0	0.0	0.0	0.0	0.0	0.0	0.0	0.0	0.0	0.0	0.0	0.0	0.0	0.0	0.0	3.04691	0.0	0.0	0.0
ZJH_N45_1_3	0.0	0.0	0.0	0.0	0.0	0.0	0.0	0.0	0.0	0.0	0.0	0.0	0.0	0.0	0.0	0.0	0.0	0.0	0.0	0.0	0.0	0.0	0.0	0.0	0.0	0.0	0.0	0.0	0.0	0.0	0.0	0.0	0.0	0.0	0.0	0.0	0.0	0.0	0.0	0.0	0.0	0.0	0.0	0.0	0.0	0.0	0.0	0.0	0.0	0.0	0.0	0.0	0.0	0.0	0.0	0.0	0.0	0.0	0.0	0.0	0.0	0.0	0.0	0.0	0.0	0.0	0.0	0.0	0.0	0.0	0.0	0.0	0.0	0.0	0.0	0.0	0.0	0.0	0.0	0.0	0.0	0.0	0.0	0.0	0.0	0.611591	0.0	0.0	0.0	0.0	0.0	0.0	0.0	0.0	0.0	0.0	0.0	0.0	0.0	0.0	0.0	0.0	0.0	0.0	0.0	0.0	0.0	0.0	0.0	0.0	0.0	0.0	0.0	0.0	0.0	0.0	0.0	0.0	0.0	0.0	0.0	0.0	0.0	0.0	0.0	0.0	0.0	0.0	0.0	0.0	0.0	0.0	0.0	0.0	0.0	0.0	0.0	0.0	0.0	0.0	0.0	0.0	0.0	0.0	0.0	0.0	0.0	0.0	0.0	0.0	0.0	0.0	0.0	0.0	0.0	0.0	0.0	0.0	0.0	0.0	0.0	0.0	0.0	0.0	0.0	0.0	0.0	0.0	0.0	0.0	0.0	0.0	0.0	0.0	0.0	0.0	0.0	0.0	0.0	0.0	0.0	0.0	0.0	0.0	0.0	0.0	0.0	0.0	0.0	0.0	0.0	0.0	0.0	0.0	0.0	0.0	0.0	0.0	0.0	0.0	0.0	0.0	0.0	0.0	0.0	0.0	0.0	0.0	0.0	0.0	0.0	0.0	0.0	0.0	0.0	0.0	0.0	0.0	0.0	0.0	0.0	0.0	0.0	0.0	0.0	0.0	0.0	0.0	0.0	0.0	0.0	0.0	0.0	0.0	0.0	0.0	0.0	0.0	0.0	0.0	0.0	0.0	0.0	0.0	0.0	0.0	0.0	0.0	0.0	0.0
ZJH_N45_1_4	0.0	0.0	0.0	0.0	0.0	0.0	0.0	0.0	0.0	0.0	0.0	25.1635	0.0	0.0	0.0	0.0	0.0	0.0	0.0	0.0	0.0	0.0	0.0	0.0	0.0	0.0	25.1635	0.0	0.0	0.0	0.0	0.0	0.0	0.0	0.0	10.3492	0.0	0.0	0.0	0.0	0.0	0.0	0.0	0.0	0.0	0.0	0.0	0.0	0.0	0.0	0.0	0.0	13.2641	0.0	0.0	51.833499999999994	52.3848	0.0	0.0	26.1125875	0.0	0.294757	8.59707	0.0	0.0	0.0	0.0	0.0	0.0	0.0	0.0	0.0	0.0	0.0	10.12	6.30452	5.251036666666667	0.0	0.0	0.0	0.0	0.0	0.0	0.0	0.0	59.520113333333335	0.0	0.0	0.0	0.0	0.0	0.0	0.0	0.0	9.97261	0.0	0.0	0.0	0.0	46.8663	10.0709	31.146	16.5391	0.0	51.0257	45.9002	1.015274	0.0	0.0	0.0	0.0	35.6983	0.0	0.0	0.0	0.0	0.0	0.0	0.0	0.0	0.0	0.0	0.0	0.0	0.0	0.0	0.0	0.0	0.0	0.0	0.0	0.0	0.0	0.0	7.40167	0.0	0.0	50.53711666666667	50.5835	43.296499999999995	2.58731	28.3949	0.0	0.0	12.3962	0.0	0.0	0.0	0.0	0.0	0.0	0.0	0.0	0.0	0.0	0.0	83.17869999999999	14.9016	0.0	0.0	0.0	0.0	0.0	0.0	0.0	0.0	0.0	0.0	0.0	0.0	0.0	30.4255	20.1253	0.0	0.0	0.0	0.0	0.0	0.0	0.0	0.0	0.0	0.0	0.0	0.0	4.97812	0.0	0.0	0.0	0.0	0.0	12.347	12.347	5.35475	0.0	0.0	5.60038	0.0	0.0	15.9169	0.0	75.8917	74.1313	9.66147	0.0	0.0	0.0	0.0	0.0	0.0	0.0	0.0	0.0	0.0	0.0	0.0	0.0	0.0	0.0	0.0	0.0	0.0	0.0	0.0	0.0	0.0	0.0	0.0	0.0	0.0	0.0	0.0	0.0	0.0	0.0	0.0	0.0	0.0	0.0	0.0	0.0	0.0	0.0	0.0	9.51409	0.0	35.0597	0.0	0.0	0.0
ZJH_N45_2_2	0.0	0.0	0.0	0.0	0.0	0.515938	0.0	0.0	0.0	0.0	0.0	13.199400000000002	0.0	0.0	0.0	0.0	0.0	0.0	0.0	0.0	0.0	0.0	0.0	0.0	19.326225	0.0	13.199400000000002	0.0	0.0	0.0	0.0	0.0	0.0	0.0	0.0	35.148300000000006	0.0	0.0	0.0	0.0	0.0	0.0	0.0	0.0	0.0	0.0	0.0	0.0	0.0	0.0	0.0	0.0	12.6835	0.0	0.0	42.34996666666667	43.2098	0.0	0.0	13.0381625	0.0	8.89994	10.2328	0.0	0.0	0.0	0.0	0.0	0.0	0.0	0.0	0.0	0.0	0.0	18.4878	4.68644	3.7118900000000004	0.0	0.0	0.0	0.0	0.0	0.0	0.0	0.0	573.8980666666666	0.0	0.0	0.0	0.0	0.0	0.0	0.0	0.0	10.8992	0.0	0.0	0.0	0.0	105.38	17.7999	227.271	41.0601	0.0	197.046	175.118	2.192735	0.0	0.0	0.0	0.0	44.9726	0.0	0.0	0.0	0.0	0.0	0.0	0.0	0.0	0.0	0.0	0.0	0.0	0.0	0.0	0.0	0.0	0.0	0.0	0.0	0.0	0.0	0.0	20.2076	0.0	0.0	152.48866666666666	152.675	140.9155	0.386954	68.7918	0.0	0.0	12.5115	0.0	0.0	0.0	0.0	0.0	0.0	0.0	0.0	0.0	0.0	0.0	79.777	48.0683	0.0	0.0	0.0	0.0	0.0	0.0	0.0	0.0	0.0	0.0	0.0	0.0	0.0	29.2365	28.8066	0.0	0.0	0.0	0.0	0.0	0.0	0.0	0.0	0.0	0.0	0.0	0.0	4.08451	0.0	0.0	0.0	0.0	0.0	99.9201	99.7911	3.91253	0.0	0.0	9.02892	0.0	0.0	20.0786	0.0	242.5985	216.78	10.4048	0.0	0.0	0.0	0.945887	0.0	0.0	0.0	0.0	0.0	0.0	0.0	0.0	0.0	0.0	0.0	0.0	0.0	0.0	0.0	0.0	0.0	0.0	0.0	0.0	0.0	0.0	0.0	0.0	0.0	0.0	0.0	0.0	0.0	0.0	0.0	0.0	0.0	0.0	0.0	0.0	44.5857	0.0	340.218	0.0	0.0	0.0
ZJH_N45_2_3	0.0	0.342789	0.31642	0.0	0.0	0.0	0.580104	0.711945	0.0	0.0	0.0	4.56172	0.738314	0.738314	0.0	0.0	0.0	0.0	0.0	0.0	0.0	0.0	0.0	0.0	0.0	0.0	4.56172	0.0	0.0	0.0	0.0	0.0	0.0	0.0	0.0	6.697559999999999	0.0	0.0	0.0	0.0	0.0	0.0	0.0	0.0	0.0	0.0	0.0	0.0	0.0	0.0	0.0	0.0	5.30004	0.0	0.0	26.939666666666668	27.0276	0.0	0.0	15.12885	0.0	0.0	10.1518	0.0	0.0	0.0	0.0	2.37315	12.82821	0.0	0.0	0.0	0.0	0.0	4.79904	8.59608	7.30403	0.395525	2.5841	0.0	0.0	0.0	0.0	0.0	0.0	199.73333333333332	0.0	0.0	0.0	0.0	0.0	0.0	0.0	0.0	5.80104	0.0	0.0	0.0	0.0	67.6876	10.7056	148.797	20.5673	0.0	81.82085000000001	119.739	0.659209	0.0	0.0	0.0	0.0	26.5793	0.0	0.0	0.0	0.0	0.0	0.0	0.0	0.0	0.0	0.0	0.0	0.0	1.47663	0.685577	1.18658	0.0	0.0	0.0	0.0	0.0	0.0	0.0	0.0	0.0	0.0	37.491416666666666	37.5222	34.410700000000006	0.342789	18.8006	0.0	0.0	15.9529	0.0	0.0	0.0	0.0	0.0	1.1382349999999999	0.0	0.0	1.7403100000000002	2.359965	0.0	42.0839	27.9241	0.0	0.0	0.0	0.0	0.0	0.0	0.0	0.0	0.0	0.0	0.0	0.0	4.03436	16.1111	16.5857	0.0	0.0	0.0	0.0	2.79505	0.0	0.0	0.0	0.0	0.0	0.0	0.0	0.0	0.0	0.0	0.0	0.0	0.0	3.50699	3.50699	1.42389	0.0	0.0	0.0	0.0	0.0	11.1011	0.0	137.99443333333332	122.53395	6.30204	0.0	0.0	0.0	0.0	0.0	0.0	0.0	0.0	0.0	0.0	0.0	0.0	0.0	0.0	0.0	0.0	0.0	0.0	0.0	0.0	0.0	0.0	0.0	0.0	0.0	0.0	0.448262	0.0	0.0	0.0	0.0	0.0	0.0	0.0	0.0	0.0	0.0	0.0	0.0	0.0	7.8314	0.0	196.339	0.0	0.0	0.0
ZJH_N45_2_4	41.842	79.1343	42.8133	123.635	43.6057	41.2158	68.3863	57.4976	0.0	0.0	0.0	12.383900000000002	0.498423	0.5090738333333333	0.0	0.0	0.0	0.0	0.0	265.8723333333333	193.721	0.0	21.8667	0.0	0.0	0.0	12.383900000000002	0.0	4.56888	0.0	0.0	0.0	0.0	0.0	53.9831	17.0103	54.3665	51.9383	15.5342	3.584815	0.0	0.0	0.0	0.0	0.0	0.0	31.2601	62.379633333333324	0.0	48.353305897435895	0.0	0.0	2.74772	0.0	0.0	12.920666666666667	12.959	0.0	0.0	5.7622225	0.0	0.0	8.88216	0.0	0.0	0.0	354.238	1.12465	1.30357	0.0	84.093	0.0	145.706	0.0	1.02241	1.89145	1.64437	0.204481	1.22689	66.27115	23.2214	74.5846	0.0	0.0	0.0	25.771486666666664	0.0	34.0206	35.9887	0.0	47.19045	44.6281	0.0	0.0	0.472863	0.0	0.0	25.1001	90.75141666666667	13.6491	2.22374	0.0	0.881826	0.0	85.04257299999999	102.46229999999998	0.0	0.0	0.0	0.0	0.0	11.5404	0.0	0.0	0.0	0.0	0.0	0.0	0.0	0.0	0.0	46.4684	0.0	37.6885	0.894606	0.460083	1.09909	0.0	119.008	0.0	0.0	0.0	0.0	16.4735	0.0	89.6779	0.0	11.591516666666665	11.6043	10.17935	0.0	0.562324	0.0	0.0	0.0	0.0	0.0	0.0	0.0	0.0	4.82022	0.0	0.0	7.537694	1.75087	0.0	37.2476	36.908885	0.0	0.0	23.5281	27.311	43.3373	0.0	0.0	49.1394	49.574	57.42790909090909	151.83052	22.953	96.93492666666667	69.22972666666666	0.0	0.0	0.0	0.0	0.0	1.35469	105.704	62.4691	31.0428	59.5552	22.2501	46.4556	83.7224	1.61029	32.0013	40.7429	0.0	0.0	75.6453	18.6462	18.6334	0.230042	0.0	0.0	6.69677	0.0	0.0	3.83403	0.0	100.91668	38.532	12.2114	22.3396	0.0	0.0	3.34412	192.034	0.0	0.0	0.0	0.0	0.0	0.0	0.0	183.944	79.1854	85.6713	27.2727	133.386	49.919	89.959	28.84465	21.8156	0.0	0.0	0.0	0.0	0.0	0.0	0.0	0.0	0.805146	0.0	0.0	0.0	0.0	0.0	0.0	0.0	0.0	144.121	40.9602	84.1313	0.0	8.70324	0.0	0.0	0.0
ZJH_N46_1_2	0.0	0.0	0.0	0.0	0.0	0.0	0.0	0.0	0.0	0.0	0.0	0.0	0.0	0.0	9.913748421052631	6.82835	8.529945000000001	10.22055	0.0	0.0	0.0	0.0	0.0	12.78422105263158	0.806887	0.0	0.0	15.050925	0.0	12.493	14.68422	0.0	0.0	0.0	0.0	0.0	0.0	0.0	0.0	0.0	0.0	0.0	0.0	0.0	0.0	0.0	0.0	0.0	0.0	0.0	0.0	0.0	0.0	0.0	13.590826666666667	0.0	0.0	0.0	0.0	0.0	0.0	0.461078	0.0	0.0	0.0	0.0	0.0	0.0	0.0	14.4691	0.0	0.0	0.0	0.0	0.702595	0.0	0.0	0.0	0.0	0.0	0.0	0.0	0.0	0.0	0.0	3.969668	14.570625	0.0	0.0	0.0	0.0	0.0	0.0	0.0	0.0	0.0	0.0	0.0	0.0	5.24751	0.50499	8.67266	0.834332	0.0	19.299425	5.66468	0.0	0.0	0.0	0.0	0.0	0.0	0.0	0.0	0.0	0.0	0.0	0.0	0.0	0.0	0.0	0.0	0.0	0.0	0.0	0.0	0.0	0.0	0.0	0.0	0.0	0.0	0.0	0.0	0.0	0.0	0.0	3.90453	3.90819	3.49102	0.0	0.0	0.0	0.0	0.724551	0.0	0.0	0.0	0.0	0.0	0.0	0.0	0.0	0.0	0.0	0.0	0.0	1.22954	0.0	0.0	0.0	0.0	0.0	0.0	0.0	0.0	0.0	0.0	0.0	0.0	0.0	0.0	0.0	0.0	66.2635	0.0	0.0	0.0	0.0	0.0	0.0	0.0	0.0	0.0	0.0	0.0	0.0	0.0	0.0	0.0	0.0	3.09581	3.09581	0.0	5.983035	8.05789	0.0	0.0	0.0	0.483034	0.0	24.327333333333332	15.8084	0.0	0.0	0.0	0.0	0.0	0.0	0.0	0.0	0.0	0.0	0.0	0.0	0.0	0.0	0.0	0.0	0.0	0.0	0.0	0.0	0.0	0.0	0.0	0.0	12.04055652173913	0.0	0.0	0.0	0.0	0.0	0.0	0.0	0.0	0.0	0.0	0.0	0.0	0.0	0.0	0.0	0.0	1.88823	0.0	12.0978	0.0	0.0	0.0
ZJH_N46_1_4	0.0	0.0	0.0	0.0	0.0	0.0	0.0	0.0	0.0	0.0	0.0	0.0	0.0	0.0	0.0	0.0	0.0	0.0	0.0	0.0	0.0	0.0	0.0	0.0	0.0	0.0	0.0	0.0	0.0	0.0	0.0	0.0	0.0	0.0	0.0	0.0	0.0	0.0	0.0	0.0	0.0	0.0	0.0	0.0	0.0	0.0	0.0	0.0	0.0	0.0	0.0	0.0	0.0	0.0	0.0	0.0	0.0	0.0	0.0	0.0	0.0	0.0	0.0	0.0	0.0	0.0	0.0	0.0	0.0	0.0	0.0	0.0	0.0	0.0	0.0	0.0	0.0	0.0	0.0	0.0	0.0	0.0	0.0	0.0	0.0	0.0	0.0	0.0	0.0	0.0	0.0	0.0	0.0	0.0	0.0	0.0	0.0	0.0	0.0	0.0	0.0	0.0	0.0	0.0	0.0	0.0	0.0	0.0	0.0	0.0	0.0	0.0	0.0	0.0	0.0	0.0	0.0	0.0	0.0	0.0	0.0	0.0	0.0	0.0	0.0	0.0	0.0	0.0	0.0	0.0	0.0	0.0	0.0	0.0	0.0	0.0	0.0	0.0	0.0	0.0	0.0	0.0	0.0	0.0	0.0	0.0	0.0	0.0	0.0	0.0	0.0	0.0	0.0	0.0	0.0	0.0	0.0	0.0	0.0	0.0	0.0	0.0	0.0	0.0	0.0	0.0	0.0	0.0	0.0	0.0	0.0	0.0	0.0	0.0	0.0	0.0	0.0	0.0	0.0	0.0	0.0	0.0	0.0	0.0	0.0	0.0	0.0	0.0	0.0	0.0	0.0	0.0	0.0	0.0	0.0	0.0	0.0	0.0	0.0	0.0	0.0	0.0	0.0	0.0	0.0	0.0	0.0	0.0	0.0	0.0	0.0	0.0	0.0	0.0	0.0	0.0	0.0	0.0	0.0	0.0	0.0	0.0	0.0	0.0	0.0	0.0	0.0	0.0	0.0	0.0	0.0	0.0	0.0	0.0	0.0	0.0	0.0	0.0	0.0	0.0	0.0	0.0	0.0	0.0	0.0	0.0	0.0	0.0	0.0	0.0
ZJH_N46_2_2	0.0	0.0	0.0	0.0	0.0	0.0	0.0	0.0	0.0	0.0	0.0	0.0	0.0	0.0	70.12088636363636	51.43	64.96615	76.06465	0.0	0.0	0.0	0.0	0.0	85.95800526315789	0.0	0.0	0.0	91.309	0.0	66.61431666666667	108.04940000000002	0.0	0.0	0.0	0.0	0.54477	0.0	0.0	0.0	0.0	0.0	0.0	0.0	0.0	0.0	0.0	0.0	0.0	0.0	0.0	0.0	0.0	0.0	0.0	97.03202222222222	0.0	0.0	0.0	0.0	0.0	0.0	0.0	0.0	0.0	0.0	0.0	0.0	0.0	0.0	102.74333333333334	0.0	0.0	0.0	0.0	0.0	0.0	0.0	0.0	0.0	0.0	0.0	0.0	0.0	0.0	0.0	13.820580000000001	105.7269	0.0	0.0	0.0	0.0	0.0	0.0	0.0	0.0	0.0	0.0	0.0	0.0	4.28429	0.258535	0.0	0.0	0.0	116.24823500000001	1.18187	0.0	0.0	0.0	0.0	0.0	0.0	0.0	0.0	0.0	0.0	0.0	0.0	0.0	0.0	0.0	0.0	0.0	0.0	0.0	0.0	0.0	0.0	0.0	0.0	0.0	0.0	0.0	0.0	0.0	0.0	0.0	0.8063824999999999	0.812538	0.757138	0.0	0.0	0.0	0.0	4.96756	0.0	0.0	0.0	0.0	0.0	0.0	0.0	0.0	0.0	0.0	0.0	1.80974	0.0	0.0	0.0	0.0	0.0	0.0	0.0	0.0	0.0	0.0	0.0	0.0	0.0	0.0	0.0	0.0	0.0	429.537	0.0	0.0	0.0	0.0	0.0	0.0	0.0	0.0	0.0	0.0	0.0	0.0	0.0	0.0	0.0	0.0	0.941806	0.941806	0.0	38.5771	53.5537	0.0	0.0	0.0	0.0	0.0	322.504	0.0	0.0	0.0	0.0	0.0	0.0	0.0	0.0	0.0	0.0	0.0	0.0	0.0	0.0	0.0	0.0	0.0	0.0	0.0	0.0	0.0	0.0	0.0	0.0	0.0	90.07695217391306	0.0	0.0	0.0	0.0	0.0	0.0	0.0	0.0	0.0	0.0	0.0	0.0	0.0	0.0	0.0	0.0	0.406269	0.0	3.65642	0.0	0.0	0.0
ZJH_N46_2_3	0.0	0.0	0.0	0.0	0.0	0.0	0.0	0.0	0.0	0.0	0.0	0.0	0.0	0.0	0.0	0.0	0.0	0.0	0.0	334.957	230.99	0.0	27.4703	0.0	0.282304	0.0	0.0	0.0	0.0	0.0	0.390882	0.0	50.3369	0.0	110.837	0.0	115.05	112.4	0.0	0.0	0.0	31.4009	0.0	0.0	0.0	0.0	37.9373	73.59443333333333	0.0	0.0	0.0	0.0	0.0	0.0	0.7322527999999999	0.0	0.0	0.0	0.0	0.0	0.0	0.0	0.0	0.0	0.0	0.0	0.0	0.0	0.608039	0.0	94.3546	0.0	159.35	0.0	0.282304	0.0	0.0	0.0	0.0	77.40555	24.1044	84.8432	0.0	0.0	0.0	1.537468	0.0	36.7646	40.0003	0.0	56.02645	35.3748	0.0	0.0	0.0	0.0	0.0	19.924149999999997	107.04366666666665	2.58417	0.238872	3.71338	0.0	2.71446	114.59598555555554	114.24602333333333	0.0	0.0	0.0	0.0	0.0	0.0	0.0	0.0	0.0	0.0	0.0	0.0	0.0	0.0	0.0	66.4283	0.0	39.9568	0.477745	0.597181	0.0	0.0	142.694	0.0	0.0	0.0	0.0	19.631	0.0	111.684	0.0	1.08578	1.08578	1.06407	0.0	0.0	0.0	0.0	3.3225	0.0	0.0	0.0	0.0	0.0	0.0	0.0	0.0	0.0	0.0	0.0	0.0	76.7649	0.0	0.0	26.9709	31.9872	0.0	0.0	0.0	0.0	50.7278	52.69408181818182	152.62196	16.3302	111.85389166666666	123.1605	0.0	0.0	1.17265	0.0	0.0	0.0	79.588	44.8429	15.8524	42.4976	13.1163	36.1349	49.4683	0.0	39.3271	0.0	0.0	0.0	91.727	1.28122	1.28122	0.0	0.0	0.0	0.0	0.0	0.0	0.0	0.0	88.4859	27.3183	5.396357	31.1403	0.0	0.0	0.0	0.0	0.0	0.0	0.0	0.0	0.0	0.0	0.0	158.416	51.3359	46.7104	7.42676	119.002	33.9199	50.2935	26.3737	24.061	0.0	0.0	0.586323	0.0	0.0	0.0	0.0	0.0	0.0	0.0	0.0	0.0	0.0	0.0	0.0	0.0	0.0	145.951	38.0459	45.939535	0.0	3.66995	0.0	0.0	1.8024
ZJH_N46_2_4	0.0	0.0	0.0	0.0	0.0	0.0	0.0	0.0	0.0	0.0	0.0	0.77589	0.0	0.0	0.0	0.0	0.0	0.0	0.0	286.6186666666667	206.909	0.0	20.7233	0.0	0.0	0.0	0.77589	0.0	0.0	0.0	0.0	0.0	49.6993	0.0	137.459	1.121515	138.235	140.591	0.0	0.183392	0.0	52.2385	0.0	0.0	0.0	0.0	39.4293	83.00606666666667	0.0	20.8432	0.0	0.0	0.141071	0.0	0.0	0.6818423333333333	0.705354	0.0	0.0	0.253928	0.0	0.0	0.606605	0.0	0.0	0.0	0.0	0.0	0.0	0.0	102.601	0.0	159.622	0.0	0.0	0.0	0.0	0.0	0.0	74.92743333333333	24.4758	74.6688	0.0	0.0	0.0	0.874639	0.0	36.8618	36.9606	0.0	54.1642	47.555	0.0	0.0	0.0	0.0	0.0	18.7836	98.31935	0.945175	0.0	0.0	0.0	0.648926	120.241606625	108.652582	0.0	0.0	0.0	0.0	0.0	0.691247	0.0	0.0	0.0	0.0	0.0	0.0	0.0	0.0	0.0	56.4566	0.0	35.7474	0.0	0.352677	0.465534	0.0	130.928	0.0	0.0	0.0	0.0	19.3831	0.0	89.5941	0.0	0.67714	0.67714	0.5572295	0.0	0.0	0.0	0.0	0.0	0.0	0.0	0.0	0.0	0.0	0.0	0.0	0.0	0.0	0.0	0.0	2.5816	73.1311	0.0	0.0	24.8567	30.5277	0.0	0.0	0.0	43.6896	55.1728	62.04551818181819	160.21534615384616	24.3065	102.2082435	113.3575	0.0	0.0	0.0	0.0	0.0	0.0	135.527	80.0013	41.6441	76.0513	29.3992	59.1933	105.775	0.0	37.7647	0.0	0.0	0.0	84.2052	1.80571	1.80571	0.0	0.0	0.0	0.719461	0.0	0.0	0.0	0.0	87.30042	0.0	12.167374800000001	24.8849	0.0	0.0	0.0	0.0	0.0	0.0	0.0	0.0	0.0	0.0	0.0	228.775	102.953	104.928	24.3629	169.313	57.3594	100.781	29.54025	22.58545	0.0	0.0	0.0	0.0	0.0	0.0	0.0	0.0	0.0	0.0	0.0	0.0	0.0	0.0	0.0	0.0	0.0	147.673	40.1205	42.8361745	0.0	0.57839	0.0	0.0	0.620712
ZJH_N47_1_2	0.0	0.0	0.0	0.0	0.0	0.0	0.0	0.0	0.0	0.0	0.759903	0.0	0.0	0.0	0.0	0.0	0.0	0.0	0.0	0.0	0.0	0.0	0.0	0.0	0.0	0.0	0.0	0.0	0.0	0.0	0.0	0.0	0.0	0.0	0.0	4.524875	0.0	0.0	0.0	0.8289845	0.0	0.0	0.0	0.0	0.0	0.0	0.0	0.0	0.0	0.0	0.0	0.0	0.852012	0.0	0.0	5.11207	5.11207	0.0	0.0	2.8179725	0.0	0.0	2.87842	0.0	0.0	0.0	0.0	0.0	4.99694	0.0	0.0	0.0	0.0	0.0	0.43752	0.0	0.0	0.0	0.0	0.0	0.0	0.0	0.0	0.0	0.0	11.52906	4.018275	0.0	0.0	0.0	0.0	0.0	0.0	0.0	0.0	0.0	0.0	0.0	0.0	12.2045	1.56586	0.0	0.0	0.0	11.99723	16.1191	0.0	0.0	0.0	0.0	0.0	3.61529	0.0	0.0	0.0	0.0	0.0	0.0	0.0	0.0	0.0	0.0	0.0	0.0	0.0	0.0	0.0	0.0	0.0	0.0	0.0	0.0	0.0	0.0	0.0	0.0	0.0	8.170871666666665	8.17471	7.50692	0.0	0.0	0.0	0.0	0.0	0.0	0.0	0.0	0.0	0.0	0.0	0.0	0.0	0.0	0.0	0.0	13.7934	4.67455	0.0	0.0	0.0	0.0	0.0	0.0	0.0	0.0	0.0	0.0	0.0	0.0	2.4409	2.97053	2.92447	0.0	7.59903	0.0	0.0	0.0	0.0	0.0	0.0	0.0	0.0	0.0	0.0	0.0	0.0	0.0	0.0	0.0	0.0	2.48695	2.48695	0.0	0.1957325	0.253301	0.0	0.0	0.0	1.12834	0.0	21.97575	24.5011	0.967149	0.0	0.0	0.0	0.0	0.0	0.0	0.0	0.0	0.0	0.0	0.0	0.0	0.0	0.0	0.0	0.0	0.0	0.0	0.0	0.0	0.0	0.0	0.0	0.43752	0.0	0.0	0.0	0.0	0.0	0.0	0.0	0.0	0.0	0.0	0.0	0.0	2.14154	2.60209	0.0	0.0	0.0	0.0	20.9779	0.0	0.0	0.0
ZJH_N47_1_3	0.0	0.0	0.0	0.0	0.0	0.0	0.0	0.0	0.0	0.0	0.0	0.0	0.0	0.0	0.0	0.0	0.0	0.0	0.0	0.0	0.0	0.0	0.0	0.0	0.0	0.0	0.0	0.0	0.0	0.0	0.0	0.0	0.0	0.0	0.0	0.0	0.0	0.0	0.0	0.0	0.0	0.0	0.0	0.0	0.0	0.0	0.0	0.0	0.0	0.0	0.0	0.0	0.0	0.0	0.0	0.0	0.0	0.0	0.0	0.0	0.0	0.0	0.0	0.0	0.0	0.0	0.0	0.0	0.0	0.0	0.0	0.0	0.0	0.0	0.0	0.0	0.0	0.0	0.0	0.0	0.0	0.0	0.0	0.0	0.0	0.0	0.0	0.0	0.0	0.0	0.0	0.0	0.0	0.0	0.0	0.0	0.0	0.0	0.0	0.0	0.0	0.0	0.0	0.0	0.0	0.0	0.0	0.0	0.0	0.0	0.0	0.0	0.0	0.0	0.0	0.0	0.0	0.0	0.0	0.0	0.0	0.0	0.0	0.0	0.0	0.0	0.0	0.0	0.0	0.0	0.0	0.0	0.0	0.0	0.0	0.0	0.0	0.0	0.0	0.0	0.0	0.0	0.0	0.0	0.0	0.0	0.0	0.0	0.0	0.0	0.0	0.0	0.0	0.0	0.0	0.0	0.0	0.0	0.0	0.0	0.0	0.0	0.0	0.0	0.0	0.0	0.0	0.0	0.0	0.0	0.0	0.0	0.0	0.0	0.0	0.0	0.0	0.0	0.0	0.0	0.0	0.0	0.0	0.0	0.0	0.0	0.0	0.0	0.0	0.0	0.0	0.0	0.0	0.0	0.0	0.0	0.0	0.0	0.0	0.0	0.0	0.0	0.0	0.0	0.0	0.0	0.0	0.0	0.0	0.0	0.0	0.0	0.0	0.0	0.0	0.0	0.0	0.0	0.0	0.0	0.0	0.0	0.0	0.0	0.0	0.0	0.0	0.0	0.0	0.0	0.0	0.0	0.0	0.0	0.0	0.0	0.0	0.0	0.0	0.0	0.0	0.0	0.0	0.0	0.0	0.0	0.0	0.0	0.0	0.0
ZJH_N47_1_4	0.0	0.0	0.0	0.0	0.0	0.0	0.0	0.0	0.0	0.0	0.0	0.0	0.0	0.0	0.0	0.0	0.0	0.0	0.0	0.0	0.0	0.0	0.0	0.0	0.0	0.0	0.0	0.0	0.0	0.0	0.0	0.0	0.0	0.0	0.0	0.0	0.0	0.0	0.0	0.0	0.0	0.0	0.0	0.0	0.0	0.0	0.0	0.0	0.0	0.0	0.0	0.0	0.0	0.0	0.0	0.0	0.0	0.0	0.0	0.0	0.0	0.0	0.0	0.0	0.0	0.0	0.0	0.0	0.0	0.0	0.0	0.0	0.0	0.0	0.0	0.0	0.0	0.0	0.0	0.0	0.0	0.0	0.0	0.0	0.0	0.0	0.0	0.0	0.0	0.0	0.0	0.0	0.0	0.0	0.0	0.0	0.0	0.0	0.0	0.0	0.0	0.0	0.0	0.0	0.0	0.0	0.0	0.0	0.0	0.0	0.0	0.0	0.0	0.0	0.0	0.0	0.0	0.0	0.0	0.0	0.0	0.0	0.0	0.0	0.0	0.0	0.0	0.0	0.0	0.0	0.0	0.0	0.0	0.0	0.0	0.0	0.0	0.0	0.0	0.0	0.0	0.0	0.0	0.0	0.0	0.0	0.0	0.0	0.0	0.0	0.0	0.0	0.0	0.0	0.0	0.0	0.0	0.0	0.0	0.0	0.0	0.0	0.0	0.0	0.0	0.0	0.0	0.0	0.0	0.0	0.0	0.0	0.0	0.0	0.0	0.0	0.0	0.0	0.0	0.0	0.0	0.0	0.0	0.0	0.0	0.0	0.0	0.0	0.0	0.0	0.0	0.0	0.0	0.0	0.0	0.0	0.0	0.0	0.0	0.0	0.0	0.0	0.0	0.0	0.0	0.0	0.0	0.0	0.0	0.0	0.0	0.0	0.0	0.0	0.0	0.0	0.0	0.0	0.0	0.0	0.0	0.0	0.0	0.0	0.0	0.0	0.0	0.0	0.0	0.0	0.0	0.0	0.0	0.0	0.0	0.0	0.0	0.0	0.0	0.0	0.0	0.0	0.0	0.0	0.0	0.0	0.0	0.0	0.0	0.0
ZJH_N47_2_2	0.0	0.0	0.0	0.0	0.0	0.0	0.0	0.0	0.0	0.0	1.06467	0.0	0.0	0.0	0.0	0.0	0.0	0.0	0.0	3.2383699999999997	0.0	0.0	0.0	0.0	0.0	0.0	0.0	0.0	0.0	0.0	0.0	0.0	0.598876	0.0	0.0	1.73009	0.0	0.0	0.0	0.0	0.0	0.0	0.0	0.0	0.0	0.0	0.0	0.0	0.0	0.0	0.6270283846153846	0.0	0.465792	0.0	0.0	1.97407	1.99625	0.5822404999999999	0.8095915	1.26429	0.0	0.0	0.73196	0.0	0.0	0.0	0.0	0.0	0.0	0.0	0.0	0.0	0.0	0.0	0.0	0.0	0.0	0.0	0.0	0.0	0.0	0.0	0.0	0.0	0.0	33.53262	5.71843375	0.0	0.698689	0.0	0.0	0.0	0.0	0.0	0.0	0.0	0.0	0.0	0.0	2.69494	0.0	0.0	0.0	0.0	5.52297	2.4176866666666665	0.0	0.0	0.0	0.0	0.0	0.0	0.0	0.0	0.0	0.0	0.0	0.0	0.0	0.0	0.0	0.0	0.0	0.0	0.0	0.0	0.0	0.0	1.53046	0.0	0.0	0.0	0.0	0.0	0.0	0.0	0.0	3.06092	3.06092	2.59513	0.0	0.0	0.0	0.0	0.0	0.0	0.0	0.0	0.0	0.0	0.0	0.0	0.0	0.0	0.0	0.0	5.32334	1.43065	0.0	0.0	0.0	0.0	0.0	0.0	0.0	0.0	0.0	0.0	0.0	0.598876	0.0	0.0	0.0	0.0	7.45268	0.0	0.0	0.0	0.0	0.0	0.0	0.0	0.0	0.0	0.0	0.0	0.0	0.0	0.0	0.0	0.0	1.0314	1.0314	0.0	0.865043	1.29756	0.0	0.598876	0.0	0.565605	0.0	6.812215	8.85006	0.0	0.0	0.0	0.0	0.0	0.0	0.0	0.0	0.0	0.0	0.0	0.0	0.0	0.0	0.0	0.0	0.0	0.0	0.0	0.0	0.0	0.0	0.0	0.0	3.22728	0.0	0.0	0.0	0.0	0.0	0.0	0.0	0.0	0.0	0.0	0.0	0.0	3.82615	4.2254	2.09607	0.499063	0.0	0.0	9.08295	0.0	0.0	0.0
ZJH_N47_2_3	0.0	0.0	0.0	0.0	0.0	0.0	0.0	0.0	0.0	0.0	0.0	0.0	0.0	0.0	0.0	0.0	0.0	0.0	0.0	0.0	0.0	0.0	0.0	0.0	0.0	0.0	0.0	0.0	0.0	0.0	0.0	0.0	0.0	0.0	0.0	0.0	0.0	0.0	0.0	0.0	0.0	0.0	0.0	0.0	0.0	0.0	0.0	0.0	0.0	0.0	0.0	0.0	0.0	0.0	0.0	0.0	0.0	0.0	0.0	0.0	0.0	0.0	0.0	0.0	0.0	0.0	0.0	0.0	0.0	0.0	0.0	0.0	0.0	0.0	0.0	0.0	0.0	0.0	0.0	0.0	0.0	0.0	0.0	0.0	0.0	2.0747673333333334	0.0	0.0	0.0	0.0	0.0	0.0	0.0	0.0	0.0	0.0	0.0	0.0	0.0	0.0	0.0	0.0	0.0	0.0	0.0	0.0	0.0	0.0	0.0	0.0	0.0	0.0	0.0	0.0	0.0	0.0	0.0	0.0	0.0	0.0	0.0	0.0	0.0	0.0	0.0	0.0	0.0	0.0	0.0	0.0	0.0	0.0	0.0	0.0	0.0	0.0	0.0	0.0	0.0	0.0	0.0	0.0	0.0	0.0	0.0	0.0	0.0	0.0	0.0	0.0	0.0	0.0	0.0	0.0	0.0	0.0	0.0	0.0	0.0	0.0	0.0	0.0	0.0	0.0	0.0	0.0	0.0	0.0	0.0	0.0	0.0	0.0	0.0	0.0	0.0	0.0	0.0	0.0	0.0	0.0	0.0	0.0	0.0	0.0	0.0	0.0	0.0	0.0	0.0	0.0	0.0	0.953673	0.953673	0.0	0.222524	0.286102	0.0	0.0	0.0	0.0	0.0	0.0	0.0	0.0	0.0	0.0	0.0	0.0	0.0	0.0	0.0	0.0	0.0	0.0	0.0	0.0	0.0	0.0	0.0	0.0	0.0	0.0	0.0	0.0	0.0	0.0	0.0	0.0	0.0	0.0	0.0	0.0	0.0	0.0	0.0	0.0	0.0	0.0	0.0	0.0	0.0	0.0	0.0	0.0	0.0	0.0	0.0	0.0	0.0	0.0
ZJH_N47_2_4	0.0	0.0	0.0	0.0	0.0	0.0	0.0	0.0	0.0	0.0	0.0	0.0	0.0	0.0	0.0	0.0	0.0	0.0	0.0	0.0	0.0	0.0	0.0	0.0	0.0	0.0	0.0	0.0	0.0	0.0	0.0	0.0	0.0	0.0	0.0	0.0	0.0	0.0	0.0	0.0	0.0	0.0	0.0	0.0	0.0	0.0	0.0	0.0	0.0	0.0	0.0	0.0	0.0	0.0	0.0	0.0	0.0	0.0	0.0	0.0	0.0	0.0	0.0	0.0	0.0	0.0	0.0	0.0	0.0	0.0	0.0	0.0	0.0	0.0	0.0	0.0	0.0	0.0	0.0	0.0	0.0	0.0	0.0	0.0	0.0	0.0	0.0	0.0	0.0	0.0	0.0	0.0	0.0	0.0	0.0	0.0	0.0	0.0	0.0	0.0	0.0	0.0	0.0	0.0	0.0	0.0	0.0	0.0	0.0	0.0	0.0	0.0	0.0	0.0	0.0	0.0	0.0	0.0	0.0	0.0	0.0	0.0	0.0	0.0	0.0	0.0	0.0	0.0	0.0	0.0	0.0	0.0	0.0	0.0	0.0	0.0	0.0	0.0	0.0	0.0	0.0	0.0	0.0	0.0	0.0	0.0	0.0	0.0	0.0	0.0	0.0	0.0	0.0	0.0	0.0	0.0	0.0	0.0	0.0	0.0	0.0	0.0	0.0	0.0	0.0	0.0	0.0	0.0	0.0	0.0	0.0	0.0	0.0	0.0	0.0	0.0	0.0	0.0	0.0	0.0	0.0	0.0	0.0	0.0	0.0	0.0	0.0	0.0	0.0	0.0	0.0	0.0	0.0	0.0	0.0	0.0	0.0	0.0	0.0	0.0	0.0	0.0	0.0	0.0	0.0	0.0	0.0	0.0	0.0	0.0	0.0	0.0	0.0	0.0	0.0	0.0	0.0	0.0	0.0	0.0	0.0	0.0	0.0	0.0	0.0	0.0	0.0	0.0	0.0	0.0	0.0	0.0	0.0	0.0	0.0	0.0	0.0	0.0	0.0	0.0	0.0	0.0	0.0	0.0	0.0	0.0	0.0	0.0	0.0	0.0
ZJH_N48_1_3	0.0	0.0	0.0	0.0	0.0	0.0	0.0	0.0	0.0	0.0	0.0	0.0	0.975536	0.975536	0.0	0.0	0.0	0.0	0.0	0.0	0.0	0.0	0.0	0.0	18.466900000000003	0.0	0.0	0.0	0.0	0.0	0.0	0.0	0.0	0.0	0.0	9.52123	0.0	0.0	0.0	0.0	0.0	0.0	0.0	0.0	0.0	0.0	0.0	0.0	0.0	0.0	0.0	0.0	1.17064	0.0	0.0	7.466096666666668	7.45309	0.0	0.0	4.17529	0.0	6.90679	0.0	0.0	0.0	0.0	0.0	4.48746	9.033465	0.0	0.0	0.0	0.0	0.0	2.53639	0.0	0.0	0.0	3.2778	0.0	0.0	0.0	0.0	0.0	0.0	0.0	0.0	0.0	0.0	0.0	0.0	0.0	0.0	0.0	4.05823	0.0	0.0	0.0	0.0	57.3225	6.51658	91.4662	14.2818	0.0	58.4541	86.2373	0.351193	0.0	0.0	0.0	0.0	19.1985	0.0	0.0	0.0	0.0	0.0	0.0	0.0	0.0	0.0	0.0	0.0	0.0	1.40477	1.170645	1.28771	0.0	0.0	0.0	0.0	0.0	0.0	0.0	3.43389	0.0	0.0	43.11868333333333	43.1577	39.840900000000005	0.0	0.0	0.0	0.0	0.0	0.0	0.0	0.0	0.0	0.0	0.0	0.0	0.0	0.0	3.35584	0.0	0.0	23.1787	0.0	0.0	0.0	0.0	0.0	0.0	0.0	0.0	0.0	0.0	0.0	0.0	6.69217	10.6138	0.0	0.0	0.0	3.1704933333333334	0.0	2.7315	0.0	0.0	0.0	0.0	0.0	0.0	0.0	0.0	0.0	0.0	0.0	0.0	0.0	34.18275	34.2023	0.0	0.0	0.0	0.858471	0.0	0.0	5.85321	6.90679	106.12516666666666	90.90039999999999	3.74606	0.0	0.0	0.0	0.0	0.0	0.0	0.0	0.0	0.0	0.0	0.0	0.0	0.0	0.0	0.0	0.0	0.0	0.0	0.0	0.0	0.0	0.0	0.0	0.0	0.0	0.0	0.0	0.0	0.0	0.0	0.0	0.0	0.0	0.0	0.0	0.0	0.0	0.0	0.0	0.0	0.0	0.0	110.197	0.0	0.0	0.0
ZJH_N48_1_4	0.0	0.0	0.0	0.0	0.0	0.0	0.0	0.0	0.0	0.0	0.0	0.0	0.0	0.0	0.0	0.0	0.0	0.0	0.0	0.0	0.0	0.0	0.0	0.0	0.6030555	0.0	0.0	0.0	0.0	0.0	0.0	0.0	0.0	0.0	0.0	3.509445	0.0	0.0	0.0	1.3066200000000001	0.0	0.0	0.0	0.0	0.0	0.0	0.0	0.0	0.0	0.0	0.0	0.0	0.0	0.0	0.0	1.3736299999999997	1.37363	0.0	0.0	0.607243	0.0	0.402037	0.87108	0.0	0.0	0.0	0.0	2.46248	1.12235	0.0	0.0	0.0	0.0	0.0	0.418788	0.0	0.0	0.0	0.552801	0.0	0.0	0.0	0.0	0.0	1.6213107142857144	0.0	0.0	0.0	0.0	0.0	0.0	0.0	0.0	0.0	0.0	0.0	0.0	0.0	0.0	4.69043	0.720316	0.0	0.0	0.0	3.1325350000000003	3.3168	0.0	0.0	0.0	0.0	0.0	2.78075	0.0	0.0	0.0	0.0	0.0	0.0	0.0	0.0	0.0	0.0	0.0	0.0	0.0	0.351782	0.485794	0.0	0.0	0.0	0.0	0.0	0.0	0.0	0.0	0.0	0.0	0.670061	0.670061	0.0	0.0	0.0	0.0	0.0	0.0	0.0	0.0	0.0	0.0	0.0	0.0	0.0	0.0	0.0	0.485794	0.0	0.0	1.60815	0.0	0.0	0.0	0.0	0.0	0.0	0.0	0.0	0.0	0.0	0.0	0.0	3.115785	3.65183	0.0	4.3833166666666665	0.0	3.7858460000000003	0.0	0.0	0.0	0.0	0.0	0.0	0.0	0.0	0.0	0.65331	0.0	0.0	2.51273	0.0	0.0	1.1391	1.1391	0.0	0.0	0.0	0.469043	0.0	0.0	1.0386	2.19445	7.929056666666667	9.51487	1.05535	0.0	0.0	0.0	0.0	0.0	0.0	0.0	0.0	0.0	0.0	0.0	0.0	0.0	0.0	0.0	0.0	0.0	0.0	0.0	0.0	0.0	0.0	0.0	0.0	0.0	0.0	0.0	0.0	0.0	0.0	0.0	3.1939583333333332	0.0	0.0	0.0	0.0	0.0	0.0	0.0	0.0	0.0	0.0	2.91477	0.0	0.0	0.0
ZJH_N48_2_2	0.0	0.0	0.0	0.0	0.0	0.0	0.0	0.0	0.0	0.0	0.0	0.0	0.0	0.0	0.0	0.0	0.0	0.0	0.0	0.0	0.0	0.0	0.0	0.0	3.027915	0.0	0.0	0.0	0.0	0.0	0.0	0.0	0.0	0.0	0.0	4.08603	0.0	0.0	0.0	0.0	0.0	0.0	0.0	0.0	0.0	0.0	0.0	0.0	0.0	0.0	0.0	0.0	0.425905	0.0	0.0	1.6858733333333333	1.70362	0.0	0.0	0.0	0.0	1.06476	0.0	0.0	0.0	0.0	0.0	0.0	0.0	0.0	0.0	0.0	0.0	0.0	1.33095	0.0	0.0	0.0	0.0	0.0	0.0	0.0	0.0	0.0	0.0	24.750420000000002	3.81983375	0.0	0.0	0.0	0.0	0.0	0.0	0.0	0.825191	0.0	0.0	0.0	0.0	12.0052	1.54391	24.25	2.42233	0.0	17.1959	14.3211	0.0	0.0	0.0	0.0	0.0	4.09934	0.0	0.0	0.0	0.0	0.0	0.0	0.0	0.0	0.0	0.0	0.0	0.0	0.0	0.0	0.0	0.0	0.0	0.0	0.0	0.0	0.0	0.0	0.0	0.0	0.0	9.618353333333333	9.6361	8.85084	0.0	0.0	0.0	0.0	0.0	0.0	0.0	0.0	0.0	0.0	0.0	0.0	0.0	0.0	0.0	0.0	1.38419	4.23243	0.0	0.0	0.0	0.0	0.0	0.0	0.0	0.0	0.0	0.0	0.0	0.0	0.0	1.65038	0.0	0.0	3.43386	0.0	0.0	0.0	0.0	0.0	0.0	0.0	0.0	0.0	0.0	0.0	0.0	0.0	0.0	0.0	0.0	8.73105	8.73105	0.0	0.0	0.0	0.0	0.0	0.0	1.09138	0.665477	19.343183333333332	22.573	0.505762	0.0	0.0	0.0	0.0	0.0	0.0	0.0	0.0	0.0	0.0	0.0	0.0	0.0	0.0	0.0	0.0	0.0	0.0	0.0	0.0	0.0	0.0	0.0	0.0	0.0	0.0	0.0	0.0	0.0	0.0	0.0	0.0	0.0	0.0	0.0	0.0	0.0	0.0	0.0	0.0	8.5181	0.0	31.3573	0.0	0.0	0.0
ZJH_N48_2_4	0.0	0.0	0.0	0.0	0.0	0.0	0.0	0.0	0.0	0.0	0.0	0.0	37.604	37.592191666666665	0.0	0.0	0.0	0.0	0.0	0.0	0.0	0.0	0.0	0.0	3.5224200000000003	0.0	0.0	0.0	0.0	0.0	0.0	0.0	0.0	0.0	0.0	3.79474	0.0	0.0	0.0	0.9531270000000001	0.0	0.0	0.0	0.0	0.0	0.0	0.0	0.0	0.0	0.0	0.0	0.0	2.7469	0.0	0.0	10.707366666666667	10.7389	0.0	0.0	4.67683	0.0	1.88257	1.05377	0.0	0.0	0.0	0.0	145.893	73.89975	0.0	0.0	0.0	0.0	0.0	1.04193	0.0	0.0	16.7537	106.49	0.0	0.0	0.0	0.0	0.0	0.0	1.0221956666666665	0.8273247499999999	0.0	0.0	0.0	0.0	0.0	0.0	0.0	0.876165	0.0	0.0	0.0	0.0	71.0286	7.60132	3.30338	1.81153	76.179	155.262721	0.0	0.130241	0.0	0.0	0.0	0.0	0.0	0.0	0.0	0.0	0.0	0.0	0.0	0.0	0.0	0.0	0.0	0.0	0.0	39.9247	59.1352	65.9492	0.0	0.0	0.0	52.9162	0.0	0.0	0.0	1.85889	0.0	0.0	4.258473333333333	4.26242	3.6822600000000003	0.0	0.0	0.3052106111111111	0.0	0.0	0.0	0.0	0.0	0.0	0.0	0.8307783333333334	0.0	0.0	1.217162	105.791	0.615683	0.0	2.30881	0.0	0.0	0.0	0.0	0.0	0.0	0.0	0.0	0.0	0.0	0.0	0.0	147.59799999999998	0.0	2.64033	0.0	0.663044	0.903074090909091	0.0	114.659	0.0	0.0	0.0	0.0	0.0	0.0	0.0	0.888005	0.0	0.0	0.0	0.0	0.0	8.85637	8.85045	0.0	0.0	0.0	3.12578	0.0	0.0	1.61025	25.3259	241.80200000000002	286.2695	0.0	0.0	0.0	0.0	0.0	0.0	0.0	0.0	0.0	0.0	0.0	0.0	0.0	0.0	0.0	0.0	0.0	0.0	0.0	0.0	0.0	0.0	0.0	0.0	0.0	0.0	0.0	0.0	0.0	0.0	0.0	0.0	0.615683	8.67877	8.24069	10.16140388888889	8.234765	0.0	0.0	0.0	0.0	0.485443	0.0	6.01475	0.0	0.0	70.2708
ZJH_N49_1_2	0.0	0.0	0.0	0.0	0.0	0.0	0.0	0.0	0.0	0.0	0.0	1.30877	0.0	0.0	0.0	0.0	0.0	0.0	0.0	0.0	0.0	0.0	0.0	0.0	0.512127	0.0	1.30877	0.0	0.0	0.0	0.0	0.0	0.0	0.0	0.0	7.41162	0.0	0.0	0.0	1.493705	0.0	0.0	0.0	0.0	0.0	0.0	0.0	0.0	0.0	0.0	0.0	0.0	3.58489	0.0	0.0	12.6609	12.7463	0.0	0.0	5.54093625	0.0	0.256064	5.43424	0.0	0.0	0.0	0.0	0.0	11.153	0.0	0.0	0.0	0.0	0.0	0.910449	0.0	0.0	0.0	0.0	0.0	0.0	0.0	0.0	0.0	0.0	55.85224	0.0	0.0	0.0	0.0	0.0	0.0	0.0	0.0	0.0	0.0	0.0	0.0	0.0	27.4273	3.38573	72.1246	0.0	0.0	64.4712	47.6279	0.0	0.0	0.0	0.0	0.0	7.68191	0.0	0.0	0.0	0.0	0.0	0.0	0.0	0.0	0.0	0.0	0.0	0.0	0.0	0.0	0.0	0.0	0.0	0.0	0.0	0.0	0.0	0.0	0.0	0.0	0.0	24.330783333333333	24.3545	22.206400000000002	0.0	0.0	0.0	0.0	0.0	0.0	0.0	0.0	0.0	0.0	0.0	0.0	0.0	0.0	0.0	0.0	26.0616	12.8601	0.0	0.0	0.0	0.0	0.0	0.0	0.0	0.0	0.0	0.0	0.0	0.0	0.0	4.55224	0.0	0.0	0.0	0.0	0.0	0.0	0.0	0.0	0.0	0.0	0.0	0.0	0.0	0.0	0.0	0.0	0.0	0.0	0.0	1.19496	1.19496	0.0	0.0	0.0	0.0	0.0	0.0	3.52799	0.0	77.11785	56.2487	1.8778	0.0	0.0	0.0	0.0	0.0	0.0	0.0	0.0	0.0	0.0	0.0	0.0	0.0	0.0	0.0	0.0	0.0	0.0	0.0	0.0	0.0	0.0	0.0	0.0	0.0	0.0	0.0	0.0	0.0	0.0	0.0	0.0	0.0	0.0	0.0	0.0	0.0	0.0	0.0	0.0	0.0	0.0	95.5402	0.0	0.0	0.0
ZJH_N49_1_3	0.0	0.0	0.0	0.0	0.0	0.0	0.0	0.0	0.0	0.0	0.0	0.0	0.0	0.0	0.0	0.0	0.0	0.0	0.0	0.0	0.0	0.0	0.0	0.0	0.0	0.0	0.0	0.0	0.0	0.0	0.0	0.0	0.0	0.0	0.0	0.0	0.0	0.0	0.0	0.0	0.0	0.0	0.0	0.0	0.0	0.0	0.0	0.0	0.0	0.0	0.0	0.0	0.0	0.0	0.0	0.0	0.0	0.0	0.0	0.0	0.0	0.0	0.0	0.0	0.0	0.0	0.0	0.0	0.0	0.0	0.0	0.0	0.0	0.0	0.0	0.0	0.0	0.0	0.0	0.0	0.0	0.0	0.0	0.0	0.0	0.0	0.0	0.0	0.0	0.0	0.0	0.0	0.0	0.0	0.0	0.0	0.0	0.0	0.0	0.0	0.0	0.0	0.0	0.0	0.0	0.0	0.0	0.0	0.0	0.0	0.0	0.0	0.0	0.0	0.0	0.0	0.0	0.0	0.0	0.0	0.0	0.0	0.0	0.0	0.0	0.0	0.0	0.0	0.0	0.0	0.0	0.0	0.0	0.0	0.0	0.0	0.0	0.0	0.0	0.0	0.0	0.0	0.0	0.0	0.0	0.0	0.0	0.0	0.0	0.0	0.0	0.0	0.0	0.0	0.0	0.0	0.0	0.0	0.0	0.0	0.0	0.0	0.0	0.0	0.0	0.0	0.0	0.0	0.0	0.0	0.0	0.0	0.0	0.0	0.0	0.0	0.0	0.0	0.0	0.0	0.0	0.0	0.0	0.0	0.0	0.0	0.0	0.0	0.0	0.0	0.0	0.0	0.0	0.0	0.0	0.0	0.0	0.0	0.0	0.0	0.0	0.0	0.0	0.0	0.0	0.0	0.0	0.0	0.0	0.0	0.0	0.0	0.0	0.0	0.0	0.0	0.0	0.0	0.0	0.0	0.0	0.0	0.0	0.0	0.0	0.0	0.0	0.0	0.0	0.0	0.0	0.0	0.0	0.0	0.0	0.0	0.0	0.0	0.0	0.0	0.0	0.0	0.0	0.0	0.0	0.0	0.0	0.0	0.0	0.0
ZJH_N49_1_4	0.0	0.0	0.0	0.0	0.0	0.0	0.0	0.0	0.0	0.0	0.0	0.0	0.0	0.0	0.0	0.0	0.0	0.0	0.0	0.0	0.0	0.0	0.0	0.0	0.0	0.0	0.0	0.0	0.0	0.0	0.0	0.0	0.0	0.0	0.0	0.0	0.0	0.0	0.0	0.0	0.0	0.0	0.0	0.0	0.0	0.0	0.0	0.0	0.0	0.0	0.0	0.0	0.0	0.0	0.0	0.0	0.0	0.0	0.0	0.0	0.0	0.0	0.0	0.0	0.0	0.0	0.0	0.0	0.0	0.0	0.0	0.0	0.0	0.0	0.0	0.0	0.0	0.0	0.0	0.0	0.0	0.0	0.0	0.0	0.0	0.0	0.0	0.0	0.0	0.0	0.0	0.0	0.0	0.0	0.0	0.0	0.0	0.0	0.0	0.0	0.0	0.0	0.0	0.0	0.0	0.0	0.0	0.0	0.0	0.0	0.0	0.0	0.0	0.0	0.0	0.0	0.0	0.0	0.0	0.0	0.0	0.0	0.0	0.0	0.0	0.0	0.0	0.0	0.0	0.0	0.0	0.0	0.0	0.0	0.0	0.0	0.0	0.0	0.0	0.0	0.0	0.0	0.0	0.0	0.0	0.0	0.0	0.0	0.0	0.0	0.0	0.0	0.0	0.0	0.0	0.0	0.0	0.0	0.0	0.0	0.0	0.0	0.0	0.0	0.0	0.0	0.0	0.0	0.0	0.0	0.0	0.0	0.0	0.0	0.0	0.0	0.0	0.0	0.0	0.0	0.0	0.0	0.0	0.0	0.0	0.0	0.0	0.0	0.0	0.0	0.0	0.0	0.0	0.0	0.0	0.0	0.0	0.0	0.0	0.0	0.0	0.0	0.0	0.0	0.0	0.0	0.0	0.0	0.0	0.0	0.0	0.0	0.0	0.0	0.0	0.0	0.0	0.0	0.0	0.0	0.0	0.0	0.0	0.0	0.0	0.0	0.0	0.0	0.0	0.0	0.0	0.0	0.0	0.0	0.0	0.0	0.0	0.0	0.0	0.0	0.0	0.0	0.0	0.0	0.0	0.0	0.0	0.0	0.0	0.0
ZJH_N49_2_2	0.0	0.476114	0.0	0.0	0.0	0.0	0.0	0.0	0.0	0.0	0.0	0.0	0.0	0.0	0.0	0.0	0.0	0.0	0.0	0.0	0.0	0.0	0.0	0.0	0.0	0.0	0.0	0.0	0.0	0.0	0.0	0.0	0.0	0.0	0.0	2.33296	0.0	0.0	0.0	0.6189485	0.0	0.0	0.0	0.0	0.0	0.0	0.0	0.0	0.0	0.0	0.0	0.0	0.0	0.0	0.0	0.0	0.0	0.0	0.0	0.0	0.0	0.0	0.0	0.0	0.0	0.0	2.76146	0.0	0.0	0.0	0.0	0.0	0.0	0.0	0.0	0.0	0.0	0.0	0.0	0.0	0.0	0.0	0.0	0.0	0.0	16.36878	0.0	0.0	0.0	0.0	0.0	0.0	0.0	0.0	0.0	0.0	0.0	0.0	0.0	4.66592	0.0	0.0	0.0	0.0	6.61798	4.95159	0.0	0.0	0.0	0.0	0.0	0.0	0.0	0.0	0.0	0.0	0.0	0.0	0.0	0.0	0.0	0.0	0.0	0.0	0.0	0.0	0.0	0.0	0.0	0.0	0.0	0.0	0.0	0.0	0.0	0.0	0.0	2.72972	2.7495575	2.21393	0.0	0.0	0.0	0.0	1.54737	0.0	0.0	0.0	0.0	0.0	0.0	0.0	0.0	0.0	0.0	0.0	0.0	0.0	0.0	0.0	0.0	0.0	0.0	0.0	0.0	0.0	0.0	0.0	0.0	0.0	0.0	0.0	0.0	0.0	0.0	0.0	0.0	0.0	0.0	0.0	0.0	0.0	0.0	0.0	0.0	0.0	0.0	0.0	0.0	0.0	0.0	0.0	0.0	0.0	0.0	0.0	0.0	0.0	0.0	0.0	0.0	9.879345	11.3315	0.0	0.66656	0.0	0.0	0.0	0.0	0.0	0.0	0.0	0.0	0.0	0.0	0.0	0.0	0.0	0.0	0.0	0.0	0.0	0.0	0.0	0.0	0.0	0.0	0.0	0.0	0.0	0.0	0.0	0.0	0.0	0.0	0.0	0.0	0.0	0.0	0.0	0.0	0.0	2.42818	0.0	0.0	0.0	19.3778	0.0	0.0	0.0
ZJH_N49_2_4	15.5256	19.5289	17.3476	46.2817	16.257	12.4975	27.7664	22.4287	0.0	0.0	0.0	0.0	0.0	0.0	0.0	0.0	0.0	0.0	0.0	160.31566666666666	106.908	0.0	15.269	0.0	0.0	0.0	0.0	0.0	0.0	0.0	0.0	0.0	22.5827	0.0	25.9059	0.0	26.5346	24.0839	7.5831566666666665	0.0	0.0	0.0	0.0	0.0	0.0	0.0	19.3749	36.28196666666667	0.0	25.462327785714287	0.0	0.0	0.0	0.0	0.0	0.0	0.0	0.0	0.0	0.0	0.0	0.0	0.0	28.2027	0.0	0.0	79.6553	0.0	0.0	0.0	51.2858	0.0	80.053	0.0	0.0	0.0	0.0	0.0	0.0	30.738966666666666	9.76444	39.9046	0.0	0.0	0.0	0.0	0.0	18.0661	21.0558	0.0	25.334899999999998	21.0686	0.0	0.0	0.0	0.0	0.0	0.0	53.08426666666667	0.0	0.0	0.0	0.0	0.0	70.23541428571428	82.0611	0.0	0.0	0.0	0.0	0.0	0.0	0.0	0.0	0.0	0.0	0.0	0.0	0.0	0.0	0.0	29.8322	0.0	24.9949	0.0	0.0	0.0	0.0	69.2236	0.0	0.0	0.0	0.0	8.19905	0.0	52.3379	0.0	0.0	0.0	0.0	0.0	0.0	0.0	0.0	0.0	0.0	0.0	0.0	0.0	0.0	0.0	0.0	0.0	0.0	0.0	0.0	0.0	34.105	0.0	0.0	13.9217	12.9465	14.2296	0.0	0.0	20.504	26.1369	0.0	0.0	0.0	58.72264	54.16635	0.0	0.0	0.0	0.0	0.0	0.0	66.6189	34.1563	16.0003	37.0818	11.8046	26.5988	49.8615	0.0	18.6307	0.0	0.0	0.0	45.5888	0.0	0.0	0.0	0.0	0.0	0.0	0.0	0.0	0.0	0.0	80.36760000000001	0.0	7.05709	17.771	0.0	0.0	0.0	109.975	0.0	0.0	0.0	0.0	0.0	0.0	0.0	183.702	72.0593	69.89085	11.2785	72.688	47.8855	80.8742	12.8824	11.07965	0.0	0.0	0.0	0.0	0.0	0.0	0.0	0.0	0.0	0.0	0.0	0.0	0.0	0.0	0.0	0.0	0.0	79.8477	13.5881	41.316	0.0	0.0	0.0	0.0	0.0
ZJH_N50_1_2	0.0	0.0	0.0	0.0	0.0	0.0	0.0	0.0	0.0	0.0	0.0	0.0	0.0	0.0	0.0	0.0	0.0	0.0	0.0	0.0	0.0	0.0	0.0	0.0	0.0	0.0	0.0	0.0	0.0	0.0	0.0	0.0	0.0	0.0	0.0	0.0	0.0	0.0	0.0	0.0	0.0	0.0	0.0	0.0	0.0	0.0	0.0	0.0	0.0	0.0	1.1273898947368421	0.0	0.0	0.9446533846153845	0.0	0.0	0.0	0.0	0.0	0.0	0.523431	0.0	0.0	0.0	0.0	0.0	0.0	0.0	0.0	0.0	0.0	0.0	0.0	0.0	0.0	0.0	0.0	0.0	0.0	0.0	0.0	0.0	0.0	0.0	0.0	0.603958	0.0	0.0	0.0	0.0	0.0	0.0	0.0	0.0	0.0	0.0	0.0	0.0	0.0	0.0	0.0	0.0	0.0	0.0	0.0	0.0	0.0	0.0	0.0	0.0	0.0	0.0	0.0	0.0	0.0	0.0	0.0	0.0	0.0	0.0	0.0	0.0	0.0	0.0	0.0	0.0	0.0	0.0	0.0	0.0	0.0	0.0	0.0	0.0	0.0	0.0	0.0	0.0	0.0	0.0	0.0	0.0	0.0	0.0	0.0	0.0	0.0	0.0	0.0	0.0	0.0	0.0	0.0	0.0	0.0	0.0	0.0	0.0	0.0	0.0	0.0	0.0	0.0	0.0	0.0	0.0	0.0	0.0	0.0	0.0	0.0	0.0	0.0	0.0	0.0	0.0	0.0	0.0	0.0	0.0	0.0	0.0	0.0	0.0	0.0	0.0	0.0	0.0	0.0	0.0	0.0	0.0	0.0	0.0	0.0	0.0	0.0	0.0	0.9059379999999999	0.0	0.0	0.0	0.0	0.0	0.0	0.0	0.0	0.0	0.0	0.0	0.0	0.0	0.0	0.0	0.0	0.0	0.0	0.0	0.0	0.0	0.0	0.0	0.0	0.0	0.0	0.0	0.0	0.0	0.0	0.0	0.0	0.0	0.0	0.0	0.0	0.0	0.0	0.0	0.0	0.0	0.0	0.0	0.0	0.0	0.0	0.0	0.0	0.0	0.0	0.0
ZJH_N50_1_3	0.0	0.0	0.0	0.0	0.0	0.0	0.0	0.0	0.0	0.0	0.0	0.0	0.0	0.0	0.0	0.0	0.0	0.0	0.0	305.9336666666666	0.0	36.0838	0.0	0.0	0.0	0.0	0.0	1.71473	0.0	1.5594075	1.83401	0.0	53.4796	0.0	0.0	0.0	0.0	0.0	0.0	0.0	0.0	0.0	0.0	0.0	0.0	0.0	25.5469	48.733	0.0	0.0	121.17468709677419	0.0	0.0	128.64514444444444	0.0	0.0	0.0	80.27037333333334	151.7378307142857	0.0	71.1735	0.0	0.0	80.3436	0.0	0.0	0.0	0.0	0.0	1.5159200000000002	62.5005	57.6545	134.444	0.0	0.0	0.0	0.0	0.0	0.0	57.588300000000004	23.1861	69.5334	0.0	0.0	0.0	0.0	3.64689875	28.8521	27.9078	0.0	61.23310000000001	31.87155	14.078133333333334	11.3321	0.0	0.0	0.0	0.0	97.12635	0.0	0.0	0.0	0.0	1.46621	106.9058857142857	126.0325	0.0	0.0	0.0	0.0	0.0	0.0	0.0	0.0	0.0	0.0	0.0	0.0	0.0	0.0	0.0	47.6147	81.3128	41.9735	0.0	0.0	0.0	0.0	118.763	41.6504	0.0	0.0	0.0	0.0	0.0	88.9918	0.0	0.0	0.0	0.0	0.0	0.0	0.0	0.0	0.0	0.0	0.0	0.0	0.0	8.722735	0.0	0.0	0.0	0.0	0.0	0.0	0.0	68.2908	0.0	0.0	16.6254	0.0	39.3144	0.0	65.1347	65.3335	50.1247	54.207	154.8116923076923	19.8312	103.0128	76.8893	0.0	0.0	3.4543	0.0	0.0	0.0	0.0	0.0	0.0	0.0	0.0	0.0	0.0	0.0	32.5052	69.6576	47.7638	42.731449999999995	82.7541	0.0	0.0	0.0	0.0	0.0	0.0	28.032	135.221	0.0	0.0	172.4249333333333	0.0	15.9544	38.0222	26.3919	0.0	0.0	0.0	0.0	0.0	0.0	0.0	0.0	0.0	0.0	90.6071	0.0	0.0	0.0	0.0	0.0	0.0	0.0	18.862	0.0	0.0	0.0	0.0	0.0	0.0	0.0	0.0	0.0	0.0	0.0	0.0	0.0	0.0	0.0	0.0	0.0	147.516	24.8511	85.2144	0.0	0.0	0.0	0.0	0.0
ZJH_N50_1_4	0.0	0.0	0.0	0.0	0.0	0.0	0.0	0.0	0.0	0.0	0.0	0.0	0.0	0.0	0.0	0.0	0.0	0.0	0.0	215.0293333333333	164.392	24.8719	11.3479	0.0	0.0	0.0	0.0	0.0	0.0	0.0	0.0	0.0	43.7731	0.0	0.0	0.0	0.0	27.2998	0.0	0.0	0.0	0.0	0.0	0.0	0.0	0.0	28.0191	60.3184	0.0	0.0	132.64410303030303	0.0	0.0	121.28904999999999	0.0	0.0	0.0	112.64433526315788	100.37702727272728	0.0	75.7128	0.0	0.0	74.7056	0.0	0.0	0.0	0.0	0.0	0.0	62.3866	38.5757	103.21	0.0	0.0	0.0	0.0	0.0	0.0	48.68876666666667	18.1639	59.8329	0.0	0.0	0.0	0.0	0.0	25.2855	28.8104	0.0	36.40865	31.83175	18.9552	16.7611	0.0	0.0	0.0	0.0	67.90466666666667	0.0	0.0	0.0	0.0	0.0	98.78894285714286	100.53065000000001	0.0	0.0	0.0	0.0	0.0	0.0	0.0	0.0	0.0	0.0	0.0	0.0	0.0	0.0	0.0	49.1503	52.927	46.9743	0.0	0.0	0.0	0.0	93.463	36.5435	0.0	0.0	0.0	0.0	0.0	72.2418	0.0	0.0	0.0	0.0	0.0	0.0	0.0	0.0	0.0	0.0	0.0	0.0	0.0	6.1235599999999994	0.0	0.0	0.0	0.0	0.0	0.0	0.0	51.3084	0.0	0.0	17.7862	0.0	0.0	0.0	44.9601	51.5962	33.8639	52.49376363636363	120.43762307692307	19.9623	85.49244	70.79415	0.0	0.0	0.0	0.0	0.0	0.0	0.0	0.0	0.0	0.0	0.0	0.0	0.0	0.0	29.5118	56.9015	30.5189	43.908	59.7429	0.0	0.0	0.0	0.0	0.0	0.0	25.1237	129.2015	0.0	0.0	141.2465	0.0	14.9267	16.3655	24.4583	0.0	0.0	0.0	0.0	0.0	0.0	0.0	0.0	0.0	0.0	84.489	0.0	0.0	0.0	0.0	0.0	0.0	18.8113	13.1463	0.0	0.0	0.0	0.0	0.0	0.0	0.0	0.0	0.0	0.0	0.0	0.0	0.0	0.0	0.0	0.0	0.0	96.3045	26.3286	62.8182	0.0	0.0	0.0	0.0	0.0
ZJH_N50_2_2	0.0	0.0	0.0	0.0	0.0	0.0	0.0	0.0	0.0	0.0	0.0	0.0	0.0	0.0	0.0	0.0	0.0	0.0	0.0	3.5690500000000003	0.0	0.0	0.0	0.0	0.63799125	0.0	0.0	17.322825	0.0	11.941533333333332	18.5184	0.0	0.0	0.0	0.0	0.0	0.0	0.0	0.0	0.0	0.0	0.0	0.0	0.0	0.0	0.0	0.527036	0.970856	0.0	0.0	0.76891772	0.0	0.610252	0.7713503076923077	0.0	3.1437233333333334	3.16222	0.6802594761904762	0.93534952	1.893165	0.471559	0.0	1.77528	0.0	0.0	0.0	0.0	0.0	0.0	18.9178	0.0	0.0	1.49789	0.0	0.0	0.0	0.0	0.0	0.0	0.748946	0.0	0.0	0.0	0.0	0.0	14.198526666666668	50.2105625	0.721207	0.0	0.0	0.0	0.0	0.0	0.0	0.0	0.0	0.0	0.0	1.3360833333333335	3.32865	0.0	0.0	0.0	0.0	5.60322	2.524226666666667	0.0	0.0	0.0	0.0	0.0	0.0	0.0	0.0	0.0	0.0	0.0	0.0	0.0	0.0	0.0	0.0	0.943117	0.721207	0.0	0.0	0.0	0.0	1.60885	0.0	0.0	0.0	0.0	0.0	0.0	1.10955	0.0	2.85709	2.85709	2.482615	0.0	0.0	0.0	0.0	1.47015	0.0	0.0	0.0	0.0	0.0	0.0	0.0	0.0	0.0	0.0	0.0	2.38553	0.956984	0.0	0.0	0.0	0.0	0.0	0.0	0.721207	0.0	0.66573	0.9708559999999999	1.999602608695652	0.0	1.142838	0.0	0.0	0.0	38.1962	0.0	0.0	0.0	0.0	0.0	0.0	0.0	0.0	0.0	0.0	0.0	0.0	0.998595	0.527036	0.0	1.02633	9.29248	9.29248	0.0	0.0	0.0	1.10955	0.0	0.970856	0.0	0.527036	20.7139025	20.1661	0.305126	0.832162	0.44382	0.0	0.0	0.0	0.0	0.0	0.0	0.0	0.0	0.0	0.0	0.0	0.0	0.0	0.0	0.0	0.0	0.0	0.0	0.0	0.0	0.0	0.0	0.0	0.0	0.0	0.0	0.0	0.0	0.0	0.0	0.0	0.0	0.0	0.0	0.0	0.0	6.04704	0.0	0.804423	0.0	8.68222	0.0	0.0	0.0
ZJH_N50_2_3	0.0	0.0	0.0	0.0	0.0	0.0	0.0	0.0	0.0	0.0	0.0	0.76411	0.884758	0.884758	0.0	0.0	0.0	0.0	0.0	70.31150000000001	0.0	5.63028	0.0	0.0	4.142275	0.0	0.76411	68.181675	0.0	45.42599166666667	75.56238	0.0	12.3062	0.0	0.0	0.0	0.0	0.0	0.0	0.0	0.0	0.0	0.0	0.0	0.0	0.0	6.51504	16.1267	0.0	0.0	14.880034137931034	0.0	0.0	20.053475625	0.0	0.0	0.0	17.9496528125	9.998141875	0.0	11.6828	1.38746	0.0	22.3804	0.0	0.0	0.0	0.0	8.64648	71.05550000000001	18.0571	5.36888	27.3471	0.0	1.18638	0.422271	0.382055	0.422271	4.48412	15.0208	4.58466	16.1267	0.0	0.0	0.0	0.7574071333333332	148.016125	7.3998	7.52045	0.0	10.99915	8.475585	4.04174	3.47871	0.301622	0.0	0.0	0.0	22.02178333333333	28.4731	1.64887	0.0	1.14616	62.5363	35.81061	26.241133333333334	0.0	0.0	0.0	0.0	0.0	0.0	0.0	0.0	0.0	0.0	0.0	0.0	0.0	0.0	0.0	11.8638	16.7903	13.6735	6.444675	12.0146	18.6604	0.0	28.5134	10.2149	13.004950000000001	0.0	0.0	0.0	0.0	20.8521	0.0	3.5591400000000006	3.55914	3.17709	0.0	2.19179	0.0	0.0	10.1144	0.0	0.0	0.0	0.0	1.2366549999999998	0.0	0.0	0.0	0.0	2.2923299999999998	0.0	2.91568	8.19406	0.0	0.0	5.30855	0.0	0.0	0.0	12.9496	14.3371	9.93342	13.86911818181818	39.59062692307692	5.6705	28.544928571428574	16.287589999999998	0.0	0.0	164.867	0.0	0.0	3.53903	0.0	0.0	0.0	0.0	0.0	0.0	0.0	0.0	7.13839	18.0772	11.4013	11.74315	16.6495	3.6999	3.72001	0.0	0.0	0.0	0.241298	8.42531	13.0703	0.482596	0.0	135.03006	159.89	2.93579	8.32477	6.11288	0.0	0.0	0.0	0.0	0.0	0.0	0.0	0.0	0.0	0.0	27.8498	0.0	0.0	0.0	0.0	0.0	0.0	5.08736	4.42379	0.0	0.0	0.0	0.0	0.0	0.0	0.0	0.0	0.0	3.47117	8.215854166666666	0.0	0.0	0.0	0.0	0.0	0.0	55.3376	7.78185	11.924154999999999	0.0	9.89321	0.0	0.0	41.8249
ZJH_N50_2_4	0.0	0.0	0.0	0.0	0.0	0.0	0.0	0.0	0.0	0.0	0.0	16.453799999999998	3.66407	3.66407	0.0	0.0	0.0	0.0	0.0	196.70733333333337	0.0	22.8487	0.0	0.0	0.0	0.0	16.453799999999998	0.0	0.0	0.0	0.0	0.0	36.8476	0.0	0.0	0.0	0.0	0.0	0.0	0.0	0.0	0.0	0.0	0.0	0.0	0.0	25.9406	59.3189	0.0	0.0	39.22724516129032	0.0	0.0	40.67674705882353	0.0	0.0	0.0	53.710322857142856	26.341083846153843	0.0	24.0051	0.0	0.0	69.313	0.0	0.0	0.0	0.0	5.995195000000001	0.0	53.549	32.8792	86.6108	0.0	0.0	2.99455	2.51981	1.50945	10.0549	41.98056666666667	16.8474	50.4327	0.0	0.0	0.0	0.0	0.0	23.5425	27.0849	0.0	31.9845	28.70995	16.06631666666667	14.2667	0.0	0.0	0.0	0.0	60.5991	0.0	0.0	0.0	0.0	2.09375	74.83137777777777	85.44825	0.0	0.0	0.0	0.0	0.0	0.0	0.0	0.0	0.0	0.0	0.0	0.0	0.0	0.0	0.0	41.6925	44.7844	39.7813	3.2684465	4.49183	4.40053	0.0	83.0076	34.1817	1.73465	0.0	0.0	0.0	0.0	65.1011	0.0	0.0	0.0	0.0	0.0	0.0	0.4151623684210526	0.0	0.0	0.0	0.0	0.0	0.0	4.76572	0.0	0.0	0.0	0.0	10.00621	0.57213	0.0	44.1027	0.0	0.0	17.1396	0.0	0.0	0.0	39.6474	44.7479	31.0168	47.67605454545455	115.51132692307692	18.8316	62.61781714285714	64.4255	0.0	0.7405231666666667	0.0	0.0	0.0	12.4164	0.0	0.0	0.0	0.0	0.0	0.0	0.0	0.0	28.0466	51.4065	29.3369	40.578649999999996	56.8843	0.0	0.0	0.0	0.0	0.0	0.0	22.0818	32.4897	0.0	2.06941	93.57749999999999	35.8373	12.9034	13.159	22.6783	0.0	0.0	141.56	0.0	0.0	0.0	0.0	0.0	0.0	0.0	76.0568	0.0	0.0	0.0	0.0	22.3131	0.0	17.6265	11.187	0.0	0.0	0.0	0.0	0.0	0.0	0.0	0.0	0.0	8.18633125	21.949189285714287	0.0	0.0	0.0	0.0	0.0	0.0	84.2249	22.9826	51.5282	0.0	0.0	0.0	0.0	2.17896
ZJH_N51_1_2	0.0	0.0	0.0	0.0	0.0	0.0	0.0	0.0	0.0	0.0	4.67016	0.0	0.0	0.0	1.7686773684210526	0.0	1.57364	1.7132399999999999	0.0	0.0	0.0	0.0	0.0	1.7766900000000003	0.8883455	0.0	0.0	2.100305	0.0	2.3393091666666663	3.17266	0.0	0.0	0.0	0.0	0.0	0.0	0.0	0.0	0.0	0.0	0.0	0.0	0.0	0.0	0.0	0.0	0.0	0.0	0.0	0.0	0.0	0.0	0.0	2.2934516	0.0	0.0	0.0	0.0	0.0	0.0	0.507626	0.0	0.0	0.0	0.0	0.0	0.0	0.0	3.14728	0.0	0.0	0.0	0.0	0.78682	0.0	0.0	0.0	0.0	0.0	0.0	0.0	0.0	0.0	0.0	51.95551333333333	24.0202125	0.0	0.0	0.0	0.0	0.0	0.0	0.0	0.507626	0.0	0.0	0.0	0.0	5.35545	0.609151	40.8893	1.06601	0.0	23.0462	13.046	0.0	0.0	0.0	0.0	0.0	1.82745	0.0	0.0	0.0	0.0	0.0	0.0	0.0	0.0	0.0	0.0	0.0	0.0	0.0	0.0	0.0	0.0	0.0	0.0	0.0	0.0	0.0	0.0	0.0	0.0	0.0	14.4293	14.442	12.8937	0.0	0.0	0.0	0.0	0.0	0.0	0.0	0.0	0.0	0.0	0.0	0.0	0.0	0.0	0.0	0.0	0.0	1.87822	0.0	0.0	0.0	0.0	0.0	0.0	0.0	0.0	0.0	0.0	0.0	0.0	0.0	0.0	0.0	0.0	63.1741	0.0	0.0	0.0	0.0	0.0	0.0	0.0	0.0	0.0	0.0	0.0	0.0	0.0	0.0	0.0	0.0	1.31983	1.31983	0.0	0.2791945	0.558389	0.0	0.0	0.0	0.38072	1.44673	25.195166666666665	19.7467	0.456863	0.0	0.0	0.0	0.0	0.0	0.0	0.0	0.0	0.0	0.0	0.0	0.0	0.0	0.0	0.0	0.0	0.0	0.0	0.0	0.0	0.0	0.0	0.0	1.9036000000000002	0.0	0.0	0.0	0.0	0.0	0.0	0.0	0.0	0.0	0.0	0.0	0.0	13.3506	16.1425	0.0	0.0	3.1219	0.0	62.6664	0.0	0.0	0.0
ZJH_N51_1_3	0.0	0.0	0.0	0.0	0.0	0.0	0.0	0.0	0.0	0.0	0.0	0.0	0.0	0.0	0.0	0.0	0.0	0.0	0.0	305.94266666666664	232.676	28.762	0.0	0.0	0.0	0.0	0.0	0.0	0.0	0.0	0.0	0.0	53.3695	0.0	0.0	0.0	0.0	0.0	0.0	0.0	0.0	0.0	0.0	0.0	0.0	0.0	31.5469	66.1526	0.0	0.0	121.34469032258065	0.0	0.0	143.5642595142857	0.0	0.0	0.0	107.26221305555556	117.06738717948717	0.0	90.1895	0.0	0.0	94.0472	0.0	0.0	0.0	0.0	0.0	0.0	70.9463	39.5592	119.477	0.0	0.0	0.0	0.0	0.0	0.0	62.226433333333325	23.6259	76.4476	0.0	0.0	0.0	4.560834000000001	0.0	33.0078	33.4416	0.0	46.27035	36.07805	16.5724	14.7691	0.0	0.0	0.0	0.0	93.71626666666667	0.0	0.0	1.59789	0.0	0.0	123.44814285714286	81.87274000000001	0.0	0.0	0.0	0.0	0.0	0.0	0.0	0.0	0.0	0.0	0.0	0.0	0.0	0.0	0.0	54.9902	76.9042	52.4793	0.0	0.0	0.0	0.0	134.2	43.8507	0.0	0.0	0.0	0.0	0.0	93.4538	0.0	0.753291	0.753291	0.0	0.0	0.0	0.0	0.0	0.0	0.0	0.0	0.0	0.0	6.608420000000001	0.0	0.0	0.0	0.0	0.0	0.0	0.0	65.3765	0.0	0.0	0.0	0.0	0.0	0.0	62.3405	61.5416	45.3801	57.53024545454546	162.22103846153848	21.7541	113.77439999999999	86.85675	0.0	0.0	0.0	0.0	0.0	0.0	0.0	0.0	0.0	0.0	0.0	0.0	0.0	0.0	34.6057	75.603	45.0605	50.73305	73.6856	0.0	0.0	0.0	0.0	0.0	0.0	34.4459	147.04025000000001	0.0	0.0	107.343975	0.0	13.1484	30.1088	27.5294	0.0	0.0	0.0	0.0	0.0	0.0	0.0	0.0	0.0	0.0	105.164	0.0	0.0	0.0	0.0	29.9719	0.0	21.4802	17.6909	0.0	0.0	0.0	0.0	0.0	0.0	0.0	0.0	0.0	0.0	0.0	0.0	0.0	0.0	0.0	0.0	0.0	124.841	31.2958	78.1825	0.0	1.64354	0.0	0.0	0.0
ZJH_N51_1_4	0.0	0.0	0.0	0.0	0.0	0.0	0.0	0.0	0.0	0.0	0.0	0.0	0.0	0.0	0.0	0.0	0.0	0.0	0.0	238.69933333333333	179.59	27.6726	0.0	0.0	0.0	0.0	0.0	0.0	0.0	0.0	0.0	0.0	45.7963	0.0	0.0	0.0	0.0	0.0	0.0	0.0	0.0	0.0	0.0	0.0	0.0	0.0	29.9638	63.9748	0.0	0.0	164.666503125	0.0	0.0	133.29745815384618	0.0	0.0	0.0	128.87638605263157	117.57784161363635	0.0	88.7388	0.0	0.0	80.4659	0.0	0.0	0.0	0.0	0.0	0.0	66.3758	39.3069	108.358	0.0	0.0	0.0	0.0	0.0	0.0	54.82836666666666	20.2914	62.205	0.0	0.0	0.0	0.0	0.0	25.203	28.7839	0.0	39.149100000000004	35.47905	20.856199999999998	18.4804	0.0	0.0	0.0	0.0	77.33550000000001	0.0	0.0	0.0	0.0	0.0	107.58574285714285	107.0955	0.0	0.0	0.0	0.0	0.0	0.0	0.0	0.0	0.0	0.0	0.0	0.0	0.0	0.0	0.0	52.2308	59.4062	48.403	0.0	0.0	0.0	0.0	100.936	39.6087	0.0	0.0	0.0	0.0	0.0	77.8317	0.0	0.0	0.0	0.0	0.0	0.0	0.0	0.0	0.0	0.0	0.0	0.0	0.0	5.9337599999999995	0.0	0.0	0.0	0.0	0.0	0.0	0.0	55.647	0.0	0.0	19.5094	0.0	0.0	0.0	49.0615	54.0967	36.2748	59.468554545454545	138.72011538461538	22.1161	102.31304	79.62209999999999	0.0	0.0	0.0	0.0	0.0	0.0	0.0	0.0	0.0	0.0	0.0	0.0	0.0	0.0	30.3205	60.1196	32.1177	47.47005	67.1852	0.0	0.0	0.0	0.0	0.0	0.0	27.7412	163.1165	0.0	0.0	105.7057	0.0	16.9987	17.0124	28.0704	0.0	0.0	0.0	0.0	0.0	0.0	0.0	0.0	0.0	0.0	94.3227	0.0	0.0	0.0	0.0	27.5903	0.0	21.4438	14.4743	0.0	0.0	0.0	0.0	0.0	0.0	0.0	0.0	0.0	0.0	0.0	0.0	0.0	0.0	0.0	0.0	0.0	108.262	26.6985	63.4535	0.0	0.0	0.0	0.0	0.0
ZJH_N51_2_3	0.0	0.0	0.0	0.0	0.0	0.0	0.0	0.0	0.0	0.0	0.858522	0.0	0.0	0.0	0.3766984285714286	0.0	0.315375	0.315375	0.0	17.386533333333333	13.1056	1.76961	0.0	0.560667	0.0	0.0	0.0	0.543146	0.0	0.473063	0.0	0.0	3.43409	0.0	0.0	0.0	0.0	0.0	0.0	0.0	0.0	0.0	0.0	0.0	0.0	0.0	1.45423	3.32896	0.0	0.0	3.002948214285714	0.0	0.0	3.6493439285714286	0.76320808	0.0	0.0	3.2921068965517244	2.387215714285714	0.0	2.22515	0.0	0.0	5.92205	0.0	0.0	0.0	0.0	0.0	0.0	4.8708	0.911084	7.21859	0.0	0.0	0.0	0.0	0.0	0.0	3.89547	0.770917	4.01227	0.0	0.0	0.0	7.266478	210.046375	1.82217	1.71704	0.0	3.04863	1.778365	0.770917	0.735876	0.0	0.0	0.0	0.0	4.683906666666667	1.71704	0.0	0.0	0.0	1.69952	5.020519090909091	5.548266666666667	0.0	0.0	0.0	0.0	0.0	0.0	0.0	0.0	0.0	0.0	0.0	0.0	0.0	0.0	0.0	2.80334	3.87211	2.36531	0.0	0.0	0.0	0.0	6.76305	2.75077	0.0	0.0	0.0	0.0	0.0	5.16865	0.0	1.43671	1.43671	1.33158	0.0	0.0	0.0	0.0	0.0	0.0	0.0	0.0	0.0	0.280334	0.0	0.0	0.0	0.0	0.0	0.0	0.0	3.6969	0.0	0.0	1.27902	0.0	0.0	0.0	2.90846	2.73325	3.364	3.03111	9.415435	0.981168	6.16033	4.8445149999999995	0.0	0.0	8.46257	0.0	0.0	0.0	0.0	0.0	0.0	0.0	0.0	0.0	0.0	0.0	2.04994	4.0298	2.50548	2.6106100000000003	3.20632	0.0	0.0	0.0	0.245292	0.385459	0.0	1.55936	3.04863	0.0	0.0	26.8419	0.0	0.893563	2.69821	1.13886	0.0	0.0	12.7552	0.0	0.0	0.0	0.0	0.0	0.0	0.0	6.81561	0.0	0.0	0.0	0.0	1.61192	0.0	1.41919	1.01621	0.0	0.0	0.508105	0.0	0.0	0.0	0.0	0.0	0.0	0.0	0.8960665	142.515	130.8195	159.41238888888887	135.445	2.4354	2.9435	22.1989	1.55936	4.74815	0.0	2.40036	0.0	0.0	1.22646
ZJH_N51_2_4	0.0	0.0	0.0	0.0	0.0	0.0	0.0	0.0	0.0	0.0	0.0	0.646396	0.0	0.0	0.0	0.0	0.0	0.0	0.0	270.57766666666663	204.584	29.4391	14.6844	0.0	0.0	0.0	0.646396	0.0	0.0	0.0	0.0	0.0	60.3678	0.0	0.0	0.0	0.0	36.4792	0.0	0.0	0.0	0.0	0.0	0.0	0.0	0.0	34.2309	51.27605	0.0	0.0	45.79387	0.0	0.0	42.5198625	0.0	0.0	0.0	56.261252941176465	31.542722500000004	0.0	25.1251	0.0	0.0	84.987	0.0	0.0	0.0	0.0	0.323198	0.0	83.7785	38.2919	138.23	0.0	0.0	0.0	0.0	0.0	0.0	69.52973333333334	22.6801	78.3966	0.0	0.0	0.0	0.0	0.8378555	27.0081	30.9427	0.0	50.33455	41.72065	23.9729	21.6964	0.0	0.0	0.0	0.0	86.68496666666668	0.0	0.0	0.0	0.0	0.0	90.42351000000001	143.1275	0.0	0.0	0.0	0.0	0.0	0.0	0.0	0.0	0.0	0.0	0.0	0.0	0.0	0.0	0.0	52.2738	70.3869	49.646	0.0	0.0	0.0	0.0	112.585	40.9899	0.0	0.0	0.0	0.0	0.0	82.9495	0.0	0.0	0.0	0.0	0.0	0.0	0.0	0.0	0.0	0.0	0.0	0.0	0.0	6.140765	0.0	0.0	0.0	0.0	0.0	0.0	0.0	65.3563	0.0	0.0	19.0406	0.0	0.0	0.0	47.9176	53.6087	45.6271	68.24203636363637	157.1736923076923	24.5209	119.7772	96.72049999999999	0.0	0.0	0.0	0.0	0.0	0.0	0.0	0.0	0.0	0.0	0.0	0.0	0.0	0.0	30.4087	60.3397	23.13675	51.75385	75.6705	0.0	0.0	0.0	0.0	0.0	0.0	29.144	42.911550000000005	0.0	0.224833	129.24626666666666	0.0	17.2419	20.1788	30.0153	0.0	0.0	189.057	0.0	0.0	0.0	0.0	0.0	0.0	0.0	108.229	0.0	0.0	0.0	0.0	33.1489	0.0	26.7973	16.3426	0.0	0.0	0.0	0.0	0.0	0.0	0.0	0.0	0.0	0.0	0.7447605416666666	0.0	0.0	0.0	0.0	0.0	0.0	130.207	34.8913	87.0386	0.0	0.0	0.0	0.0	0.449667
ZJH_N52_1_2	0.0	0.0	0.0	0.0	0.0	0.0	0.0	0.0	0.0	0.0	0.0	0.0	0.0	0.0	0.0	0.0	0.0	0.0	0.0	0.0	0.0	0.0	0.0	0.0	0.39978700000000006	0.0	0.0	0.0	0.0	0.0	0.0	0.0	0.0	0.0	0.0	0.0	0.0	0.0	0.0	0.0	0.0	0.0	0.0	0.0	0.0	0.0	0.0	0.0	0.0	0.0	0.0	0.0	0.0	0.0	0.0	0.0	0.0	0.0	0.0	0.0	0.0	0.0	0.0	0.0	0.0	0.0	0.0	0.0	0.0	0.0	0.0	0.0	0.0	0.0	0.0	0.0	0.0	0.0	0.0	0.0	0.0	0.0	0.0	0.0	0.0	0.0	0.0	0.0	0.0	0.0	0.0	0.0	0.0	0.0	0.0	0.0	0.0	0.0	0.0	0.0	0.342675	1.65626	0.0	0.0	0.0	1.05658	0.0	0.0	0.0	0.0	0.0	0.0	0.0	0.0	0.0	0.0	0.0	0.0	0.0	0.0	0.0	0.0	0.0	0.0	0.0	0.0	0.0	0.0	0.0	0.0	0.0	0.0	0.0	0.0	0.0	0.0	0.0	0.0	0.0	0.0	0.0	0.0	0.0	0.0	0.0	0.0	0.0	0.0	0.0	0.0	0.0	0.0	0.0	0.0	0.0	0.0	0.0	0.0	0.0	0.0	0.0	0.0	0.0	0.0	0.0	0.0	0.0	0.0	0.0	0.0	0.0	0.0	0.0	0.0	0.0	0.0	0.0	0.0	0.0	0.0	0.0	0.0	0.0	0.0	0.0	0.0	0.0	0.0	0.0	0.0	0.0	0.0	0.0	0.0	0.0	0.0	0.0	0.0	0.0	0.0	0.0	0.0	0.0	0.0	0.0	0.0	0.0	0.0	0.0	0.0	0.0	0.0	0.0	0.0	0.0	0.0	0.0	0.0	0.0	0.0	0.0	0.0	0.0	0.0	0.0	0.0	0.0	0.0	0.0	0.0	0.0	0.0	0.0	0.0	0.0	0.0	0.0	0.0	0.0	0.0	0.0	0.0	0.0	0.0	0.0	0.0	2.34161	0.0	0.0	0.0
ZJH_N52_1_3	0.0	0.0	0.0	0.0	0.0	0.0	0.0	0.0	0.0	0.0	0.0	0.0	0.0	0.0	0.0	0.0	0.0	0.0	0.0	0.0	0.0	0.0	0.0	0.0	0.0	0.0	0.0	0.0	0.0	0.0	0.0	0.0	0.0	0.0	0.0	0.0	0.0	0.0	0.0	0.0	0.0	0.0	0.0	0.0	0.0	0.0	0.0	0.0	0.0	0.0	0.0	0.0	0.0	0.0	0.0	0.0	0.0	0.0	0.0	0.0	0.0	0.0	0.0	0.0	0.0	0.0	0.0	0.0	0.0	0.0	0.0	0.0	0.0	0.0	0.0	0.0	0.0	0.0	0.0	0.0	0.0	0.0	0.0	0.0	0.0	0.0	0.0	0.0	0.0	0.0	0.0	0.0	0.0	0.0	0.0	0.0	0.0	0.0	0.0	0.0	0.0	0.0	0.0	0.0	0.0	0.0	0.0	0.0	0.0	0.0	0.0	0.0	0.0	0.0	0.0	0.0	0.0	0.0	0.0	0.0	0.0	0.0	0.0	0.0	0.0	0.0	0.0	0.0	0.0	0.0	0.0	0.0	0.0	0.0	0.0	0.0	0.0	0.0	0.0	0.0	0.0	0.0	0.0	0.0	0.0	0.0	0.0	0.0	0.0	0.0	0.0	0.0	0.0	0.0	0.0	0.0	0.0	0.0	0.0	0.0	0.0	0.0	0.0	0.0	0.0	0.0	0.0	0.0	0.0	0.0	0.0	0.0	0.0	0.0	0.0	0.0	0.0	0.0	0.0	0.0	0.0	0.0	0.0	0.0	0.0	0.0	0.0	0.0	0.0	0.0	0.0	0.0	0.0	0.0	0.0	0.0	0.0	0.0	0.0	0.0	0.0	0.0	0.0	0.0	0.0	0.0	0.0	0.0	0.0	0.0	0.0	0.0	0.0	0.0	0.0	0.0	0.0	0.0	0.0	0.0	0.0	0.0	0.0	0.0	0.0	0.0	0.0	0.0	0.0	0.0	0.0	0.0	0.0	0.0	0.0	0.0	0.0	0.0	0.0	0.0	0.0	0.0	0.0	0.0	0.0	0.0	0.0	0.0	0.0	0.0
ZJH_N52_1_4	0.0	0.0	0.0	0.0	0.0	0.0	0.0	0.0	0.0	0.0	0.0	29.407666666666668	0.0	0.0	0.0	0.0	0.0	0.0	0.0	191.38	0.0	0.0	0.0	0.0	0.0	0.0	29.407666666666668	0.0	46.866025	0.0	0.0	0.0	0.0	0.0	0.0	108.602	0.0	0.0	0.0	36.9142	0.0	0.0	0.0	0.0	0.0	90.1572	0.0	0.0	0.0	0.0	0.0	0.0	56.263	0.0	0.0	225.179	228.207	0.0	0.0	107.85725	0.0	0.0	104.013	0.0	0.0	0.0	0.0	0.0	90.8389	0.0	0.0	0.0	0.0	30.8503	0.0	0.0	0.0	0.0	0.0	0.0	0.0	0.0	0.0	0.0	40.55703571428571	17.211266666666667	0.0	0.0	0.0	0.0	0.0	40.0135	0.0	0.0	1.14143	0.0	0.0	0.0	0.0	178.269	43.8341	146.436	78.7904	0.0	219.868	177.952	4.93035	48.5425	52.1253	53.9802	62.0177	173.783	0.0	0.0	0.0	0.0	0.0	0.0	0.0	0.0	0.0	0.0	0.0	0.0	0.0	0.0	0.0	76.2064	0.0	0.0	0.0	0.0	0.0	0.0	1.15728	0.0	0.0	178.75549999999998	178.824	156.2175	0.364624	57.5313	0.0	82.1434	0.0	0.0	0.0	0.0	0.0	0.0	20.971149999999998	113.35	0.0	38.10476	0.0	0.0	159.602	84.4976	0.0	0.0	0.0	0.0	0.0	0.0	0.0	0.0	0.0	0.0	0.0	0.0	130.805	128.078	116.537	0.0	0.0	0.0	68.8029	0.0	0.0	0.0	0.0	0.0	0.0	0.0	0.0	35.3844	0.0	0.0	0.0	0.0	0.0	85.0683	85.06039999999999	20.7677	0.0	0.0	32.1662	0.0	0.0	63.0482	0.0	285.40549999999996	283.852	35.5904	0.0	0.0	0.0	32.900666666666666	0.0	0.0	30.2004	0.0	34.4807	0.0	0.0	0.0	0.0	0.0	0.0	0.0	0.0	0.0	0.0	0.0	0.0	0.0	0.0	0.0	0.0	0.0	0.0	75.921	0.0	0.0	0.0	1.8456484210526316	0.0	0.0	0.0	0.0	0.0	0.0	0.0	0.0	77.9502	196.894	142.536	0.0	0.0	0.0
ZJH_N52_2_2	0.0	0.0	0.0	0.0	0.0	0.0	0.0	0.0	0.0	0.0	7.15254	5.54823	0.0	0.0	0.0	0.0	0.0	0.0	0.0	0.0	0.0	0.0	0.0	0.0	20.7892	0.0	5.54823	11.6312	0.0	5.804478333333333	12.7008	0.0	0.0	0.0	0.0	22.9951	0.0	0.0	0.0	0.0	0.0	0.0	0.0	0.0	0.0	0.0	0.0	0.0	0.0	0.0	0.0	0.0	5.3477	0.0	0.0	18.917466666666666	19.8533	0.0	0.0	5.4479625	0.0	8.15524	0.0	0.0	0.0	0.0	0.0	0.0	0.0	0.0	0.0	0.0	0.0	0.0	9.42531	0.0	0.0	0.0	0.0	0.0	0.0	0.0	0.0	0.0	0.0	89.29762666666667	18.95925	0.0	0.0	0.0	0.0	0.0	0.0	0.0	5.68193	0.0	0.0	0.0	0.0	105.35	12.2997	204.282	24.0646	0.0	101.90695000000001	161.902	2.4398850000000003	0.0	0.0	0.0	0.0	28.5433	0.0	0.0	0.0	0.0	0.0	0.0	0.0	0.0	0.0	0.0	0.0	0.0	0.0	0.0	0.0	0.0	0.0	0.0	0.0	0.0	0.0	0.0	18.5832	0.0	0.0	183.23683333333335	183.56	166.34699999999998	0.0	0.0	0.0	0.0	0.0	0.0	0.0	0.0	0.0	0.0	0.0	0.0	0.0	0.0	0.0	0.0	32.4204	45.9902	0.0	0.0	0.0	0.0	0.0	0.0	0.0	0.0	0.0	0.0	0.0	0.0	0.0	16.6447	0.0	0.0	16.2436	0.0	0.0	0.0	0.0	0.0	0.0	0.0	0.0	0.0	0.0	0.0	0.0	0.0	0.0	0.0	0.0	52.374	52.3406	3.00808	0.0	0.0	4.21131	0.0	0.0	13.904	4.94662	168.94269999999997	216.047	9.29162	0.0	0.0	0.0	0.0	0.0	0.0	0.0	0.0	0.0	0.0	0.0	0.0	0.0	0.0	0.0	0.0	0.0	0.0	0.0	0.0	0.0	0.0	0.0	1.1941145454545454	0.0	0.0	0.0	0.0	0.0	0.0	0.0	0.0	0.0	0.0	0.0	0.0	23.1288	19.8533	0.0	0.0	38.236	0.0	277.211	0.0	0.0	0.0
ZJH_N52_2_3	0.0	0.0	0.0	0.0	0.0	0.0	0.0	0.0	0.0	0.0	0.0	0.0	0.0	0.0	0.0	0.0	0.0	0.0	0.0	0.0	0.0	0.0	0.0	0.0	0.357799	0.0	0.0	0.0	0.0	0.0	0.0	0.0	0.0	0.0	0.0	1.216515	0.0	0.0	0.0	0.0	0.0	0.0	0.0	0.0	0.0	0.0	0.0	0.0	0.0	0.0	0.0	0.0	0.0	0.0	0.0	1.09725	1.09725	0.0	0.0	0.858717	0.0	0.238533	0.0	0.0	0.0	0.0	0.0	0.0	0.0	0.0	0.0	0.0	0.0	0.0	0.95413	0.0	0.0	0.0	0.0	0.0	0.0	0.0	0.0	0.0	0.0	1.66973	0.0	0.0	0.0	0.0	0.0	0.0	0.0	0.0	0.0	0.0	0.0	0.0	0.0	4.57982	0.715598	5.65322	1.16881	0.0	8.4202	7.20368	0.0715598	0.0	0.0	0.0	0.0	2.05138	0.0	0.0	0.0	0.0	0.0	0.0	0.0	0.0	0.0	0.0	0.0	0.0	0.0	0.0	0.0	0.0	0.0	0.0	0.0	0.0	0.0	0.0	0.0	0.0	0.0	5.0727899999999995	5.08074	4.901845	0.0	0.0	0.0	0.0	0.0	0.0	0.0	0.0	0.0	0.0	0.0	0.0	0.0	1.64587	0.0	0.0	3.07707	1.81285	0.0	0.0	0.0	0.0	0.0	0.0	0.0	0.0	0.0	0.0	0.0	0.0	0.0	0.0	0.0	0.0	0.0	0.0	0.0	0.0	0.0	0.0	0.0	0.0	0.0	0.0	0.0	0.0	0.0	0.0	0.0	0.0	0.0	2.40918	2.40918	0.0	0.0	0.0	0.0	0.0	0.0	0.429359	0.0	13.6083	10.0422	0.381652	0.0	0.0	0.0	0.0	0.0	0.0	0.0	0.0	0.0	0.0	0.0	0.0	0.0	0.0	0.0	0.0	0.0	0.0	0.0	0.0	0.0	0.0	0.0	0.0	0.0	0.0	0.0	0.0	0.0	0.0	0.0	0.0	0.0	0.0	0.0	0.0	0.0	0.0	0.0	0.0	1.21652	2.6397600000000003	7.75231	0.0	0.0	0.0
ZJH_N52_2_4	0.0	0.0	0.0	0.0	0.0	0.0	0.0	0.0	0.0	0.0	0.0	9.93853	0.0	0.0	0.0	0.0	0.0	0.0	0.0	0.0	0.0	0.0	0.0	0.0	0.99897675	0.0	9.93853	0.0	0.0	0.0	0.0	0.0	0.0	0.0	0.0	30.3689	0.0	0.0	0.0	7.202875000000001	0.0	0.0	0.0	0.0	0.0	0.0	0.0	0.0	0.0	0.0	0.0	0.0	8.7705	0.0	0.0	31.65986666666667	31.8648	0.0	0.0	13.4323625	0.0	0.491804	12.9713	0.0	0.0	0.0	0.0	0.0	0.0	0.0	0.0	0.0	0.0	0.0	6.0246	0.0	0.0	0.0	0.0	0.0	0.0	0.0	0.0	0.0	0.0	6.172135999999999	0.0	0.0	0.0	0.0	0.0	0.0	0.0	0.0	2.66394	0.0	0.0	0.0	0.0	26.3525	5.0	18.2992	4.83607	0.0	29.8771	26.2295	0.42008199999999996	0.0	0.0	0.0	0.0	21.7418	0.0	0.0	0.0	0.0	0.0	0.0	0.0	0.0	0.0	0.0	0.0	0.0	0.0	0.0	0.0	0.0	0.0	0.0	0.0	0.0	0.0	0.0	1.7623	0.0	0.0	27.19945	27.202849999999998	23.483649999999997	0.45082	6.84427	0.6859880952380952	0.0	0.0	0.0	0.0	0.0	0.0	0.0	8.381155	0.0	0.0	22.791	0.0	0.573771	62.1312	10.4508	0.0	0.0	0.0	0.0	0.0	0.0	0.0	0.0	0.0	0.0	0.0	0.0	1.31148	19.2623	0.0	1.0792383333333333	0.0	1.086068	0.0	0.0	0.0	0.0	0.0	0.0	0.0	0.0	0.0	3.5041	0.0	0.0	0.0	0.0	0.0	32.9304	32.9099	4.77459	0.0	0.0	14.1189	0.0	0.0	8.79099	1.63935	44.5287	41.9468	4.54918	0.0	0.0	0.0	0.0	0.0	0.0	0.0	0.0	0.0	0.0	0.0	0.0	0.0	0.0	0.0	0.0	0.0	0.0	0.0	0.0	0.0	0.0	0.0	0.0	0.0	0.0	0.0	0.0	0.0	0.0	0.0	0.0	0.0	0.0	0.0	0.0	0.0	0.0	0.0	0.0	2.27459	84.01646666666666	20.2869	0.0	0.0	0.0
ZJH_N53_1_4	0.0	0.0	0.0	0.0	0.0	0.0	0.0	0.0	0.0	0.0	0.0	6.07169	0.0	0.0	0.0	0.0	0.0	0.0	0.0	0.0	0.0	0.0	0.0	0.0	0.0	0.0	6.07169	0.0	10.980975	0.0	0.0	0.0	0.0	0.0	0.0	30.6286	0.0	0.0	0.0	3.995655	0.0	0.0	0.0	0.0	0.0	0.0	0.0	0.0	0.0	0.0	0.0	0.0	0.910042	0.0	0.0	4.1094100000000005	4.02409	0.0	0.0	2.356865	0.0	0.0	6.45561	0.0	0.0	0.0	0.0	56.9487	26.0215	0.0	0.0	0.0	0.0	0.0	0.0	0.0	0.0	0.0	0.0	0.0	0.0	0.0	0.0	0.0	0.0	0.0	0.0	0.0	0.0	0.0	0.0	0.0	0.0	0.0	0.0	0.0	0.0	0.0	0.0	50.0097	0.0	0.0	0.0	67.2436	65.34766666666667	39.0607	0.0	0.0	0.0	0.0	0.0	23.334	0.0	0.0	0.0	0.0	0.0	0.0	0.0	0.0	0.0	0.0	0.0	0.0	17.1344	14.2976	29.8608	0.0	0.0	0.0	28.136675	0.0	0.0	0.0	0.0	0.0	0.0	14.420833333333334	14.4611	12.6055	0.0	0.0	0.0	0.0	0.0	0.0	0.0	0.0	0.0	0.0	6.649941666666667	0.0	0.0	8.662464	0.0	0.0	25.1755	7.2519	0.0	0.0	0.0	0.0	0.0	0.0	0.0	0.0	0.0	0.0	0.0	0.0	46.6254	18.7554	0.0	0.0	0.0	0.0	0.0	0.0	0.0	0.0	0.0	0.0	0.0	0.0	0.0	1.84852	0.0	0.0	0.0	0.0	0.0	39.8641	39.771699999999996	0.0	0.0	0.0	2.43152	0.0	0.0	5.21852	0.0	119.56166666666667	125.1165	9.34215	0.0	0.0	0.0	7.142883333333334	0.0	0.0	0.0	0.0	0.0	0.0	0.0	0.0	0.0	0.0	0.0	0.0	0.0	0.0	0.0	0.0	0.0	0.0	0.0	0.0	0.0	0.0	0.0	0.0	0.0	0.0	0.0	0.0	0.0	0.0	0.0	0.0	0.0	0.0	0.0	0.0	0.0	0.0	14.2905	0.0	0.0	58.3564
ZJH_N53_2_2	0.0	0.0	0.0	0.0	0.0	0.0	0.0	0.0	0.0	0.0	0.0	0.0	0.0	0.0	3.02971	1.64587	2.38652	2.92143	0.0	122.57666666666667	0.0	9.38149	0.0	3.66207	0.0	0.0	0.0	5.51368	0.0	3.0242966666666664	5.9663	0.0	27.445	0.0	0.0	1.15211	0.0	0.0	0.0	0.0	0.0	0.0	0.0	0.0	0.0	0.0	12.3852	32.4237	0.0	0.0	22.131344827586204	0.0	0.0	17.432996774193548	3.964340769230769	0.0	0.0	22.703787096774196	12.57634	0.0	12.7144	0.0	0.0	35.2629	0.0	0.0	2.38652	0.0	0.0	7.900200000000001	42.9985	8.06479	60.1567	0.0	0.411469	0.0	0.0	0.0	0.0	34.4948	8.92887	39.0484	0.0	0.0	0.0	3.04487	5.07649375	11.8503	13.6196	0.0	23.65945	15.2655	10.026096666666666	9.25805	0.0	0.0	0.0	0.0	42.74475	3.99125	0.0	6.41891	0.0	0.0	43.94029777777778	45.86506	0.0	0.0	0.0	0.0	0.0	0.0	0.0	0.0	0.0	0.0	0.0	0.0	0.0	0.0	0.0	20.2854	32.2591	18.9687	0.0	0.0	0.0	0.0	53.4086	15.3478	0.0	0.0	0.0	0.0	0.0	35.7155	0.0	4.48501	4.48501	4.11469	0.0	0.0	0.0	0.0	0.0	0.0	0.0	0.0	0.0	1.19326	0.0	0.0	0.0	0.0	0.0	0.0	0.0	17.281685	0.0	0.0	8.72314	0.0	0.0	0.0	18.8864	19.5036	20.9849	28.555900000000005	74.31441923076923	9.8341	55.45774	41.023399999999995	0.0	0.0	12.5498	0.0	0.0	0.0	0.0	0.0	0.0	0.0	0.0	0.0	0.0	0.0	10.1633	24.4412	15.965	21.70495	27.1158	1.06982	1.06982	0.0	1.419565	2.46881	0.0	13.2081	21.0261	0.0	0.0	40.755975	23.536	4.44386	9.9164	11.5211	0.0	0.0	0.0	0.0	0.0	0.0	0.0	0.0	0.0	0.0	53.6555	0.0	0.0	0.0	0.0	0.0	0.0	10.7393	7.48873	0.0	0.0	5.3812943478260875	1.835783846153846	0.0	0.0	0.0	0.0	0.0	0.0	0.0	0.0	0.0	0.0	0.0	0.0	0.0	53.9024	22.7542	23.083385	0.0	8.06479	0.0	0.0	0.0
ZJH_N53_2_3	0.0	0.0	0.0	0.0	0.0	0.0	0.0	0.0	0.0	0.0	0.0	0.0	0.0	0.0	2.9080963157894737	1.74982	2.2040949999999997	2.742505	0.0	118.819	0.0	8.10972	0.0	3.901668947368421	0.94220875	0.0	0.0	5.8215	0.0	1.2759058333333333	5.4177	0.0	22.041	0.0	0.0	0.0	18.5413	0.0	0.0	0.0	0.0	0.0	0.0	0.0	0.0	0.0	10.6671	26.8193	0.0	0.0	19.717920689655173	0.0	0.841258	17.560810344827587	4.711045384615384	1.54791	1.61521	21.545660625	7.752434117647059	0.0	12.2151	0.0	0.0	37.9239	0.0	0.0	0.0	0.0	0.0	7.80687	33.8186	5.24945	46.8749	0.0	0.908558	0.0	0.0	0.0	0.0	23.91416666666667	9.48939	29.1412	0.0	0.0	0.0	99.18318666666667	3.81510625	12.5179	11.744	0.0	20.0051	15.125800000000002	7.795653333333334	7.03291	0.353328	0.0	0.0	0.0	35.56838333333334	3.49963	1.11046	7.70592	1.58156	0.0	37.363057777777776	36.779803333333334	0.0	0.0	0.0	0.0	0.0	0.0	0.0	0.0	0.0	0.0	0.0	0.0	0.0	0.0	0.0	21.0651	25.5069	16.7242	0.0	0.0	0.0	0.0	46.7739	18.3058	0.0	0.0	0.0	0.0	0.0	37.3518	0.0	4.739081666666666	4.74469	4.44184	0.0	0.0	0.0	0.0	0.0	0.0	0.0	0.0	0.0	1.766645	0.0	0.0	0.0	0.0	0.0	0.0	0.0	27.5933	0.0	0.0	0.0	0.0	0.0	0.0	19.0797	19.9883	16.1858	23.45123636363636	63.41140769230769	10.7008	42.843599999999995	24.19459	0.0	0.0	11.2392	0.0	0.0	0.0	0.0	0.0	0.0	0.0	0.0	0.0	0.0	0.0	10.97	26.5837	17.6664	22.326999999999998	23.4879	5.2158	5.2158	0.0	1.901245	2.55742	0.0	12.7535	20.661275	0.0	0.0	35.130925000000005	21.0987	4.00439	8.21068	10.5325	0.0	0.0	0.0	0.0	0.0	0.0	0.0	0.0	0.0	0.0	44.7886	0.0	0.0	0.0	0.0	0.0	0.0	0.0	7.03291	0.0	0.0	5.177760869565217	0.0	0.0	0.0	0.0	0.0	0.0	0.0	0.0	0.0	0.0	0.0	0.0	0.0	0.0	44.9568	16.455	16.673740000000002	0.0	19.0797	0.0	0.0	0.0
ZJH_N53_2_4	0.0	0.0	0.0	0.0	0.0	0.0	0.0	0.0	0.0	0.0	0.0	0.0	4.30114	4.30114	0.0	0.0	0.0	0.0	0.0	218.269	166.51	24.3913	0.0	0.0	0.0	0.0	0.0	0.598892	0.0	0.399262	0.381113	0.0	43.5558	0.0	0.0	0.0	0.0	0.0	0.0	0.0	0.0	0.0	0.0	0.0	0.0	0.0	28.7287	45.64285	0.0	0.0	36.01277709756097	0.0	0.0	29.257253125	0.0	0.0	0.0	46.250253125	34.681315789473686	0.0	18.112	0.0	0.0	74.6619	0.0	0.0	0.0	0.0	9.29191	0.0	66.5134	36.2784	102.719	0.0	0.0	0.0	0.0	1.47001	11.1067	48.4498	18.1301	60.3974	0.0	0.0	9.11042	0.0	0.0	24.972	27.3131	0.0	37.2856	33.6015	19.140366666666665	16.8597	0.0	0.0	0.0	0.0	71.46785	0.0	0.0	0.0	0.0	0.0	81.21138888888889	106.739	0.0	0.0	0.0	0.0	0.0	0.0	0.0	0.0	0.0	0.0	0.0	0.0	0.0	0.0	0.0	45.8969	58.4011	44.0277	5.08151	4.63688	7.13226	0.0	94.1894	35.1169	0.0	0.0	0.0	0.0	0.0	73.4278	0.0	0.0	0.0	0.0	0.0	0.0	0.0	0.0	0.0	0.0	0.0	0.0	0.0	5.05429	0.0	0.0	0.0	0.0	12.85805	0.0	0.0	57.2577	0.0	0.0	17.4223	0.0	0.0	0.0	42.7028	47.3851	33.9372	53.11825454545454	128.9531076923077	21.179	84.35601666666666	77.30250000000001	0.0	0.0	0.0	0.0	0.0	12.7582	0.0	0.0	0.0	0.0	0.0	0.0	0.0	0.0	27.4402	51.1781	28.275	43.410650000000004	63.2467	0.0	0.0	0.0	0.26315	0.30852	0.0	25.8068	46.5684	0.0	0.0	114.04353333333334	46.3688	15.3897	17.2408	25.0264	0.0	0.0	153.371	0.0	0.0	0.0	0.0	0.0	0.0	0.0	89.9609	0.0	0.0	0.0	0.0	27.3676	0.0	21.3605	12.976	0.0	0.0	1.0320827826086956	0.614248923076923	0.0	0.0	0.0	0.0	0.0	0.0	0.0	0.0	0.0	0.0	0.0	0.0	0.0	110.432	27.4765	62.0307	0.0	0.0	0.0	0.0	0.0
ZJH_N54_1_2	0.0	0.0	0.0	0.0	0.0	0.0	0.0	0.0	0.0	0.0	0.0	2.23025	0.0	0.0	0.0	0.0	0.0	0.0	0.0	0.0	0.0	0.0	0.0	0.0	0.0	0.0	2.23025	0.0	0.0	0.0	0.0	0.0	0.0	0.0	0.0	39.698449999999994	0.0	0.0	0.0	8.37087	0.0	0.0	0.0	0.0	0.0	0.0	0.0	0.0	0.0	0.0	0.0	0.0	8.53442	0.0	0.0	54.31893333333334	54.3586	0.0	0.0	28.818550000000002	0.0	0.0	30.3017	0.0	0.0	0.0	0.0	0.0	115.616	0.0	0.0	0.0	0.0	0.0	4.99576	0.0	0.0	0.0	0.0	0.0	0.0	0.0	0.0	0.0	0.0	107.76786666666666	0.0	0.0	0.0	0.0	0.0	0.0	0.0	0.0	0.0	0.0	0.0	0.0	0.0	241.819	18.0502	0.0	0.0	0.0	541.177	372.095	0.0	0.0	0.0	0.0	0.0	43.3858	0.0	0.0	0.0	0.0	0.0	0.0	0.0	0.0	0.0	0.0	0.0	0.0	0.0	0.0	0.0	0.0	0.0	0.0	0.0	0.0	0.0	0.0	0.0	0.0	0.0	158.28833333333333	158.42950000000002	145.62	0.0	0.0	0.0	0.0	0.0	0.0	0.0	0.0	0.0	0.0	0.0	0.0	0.0	0.0	0.0	0.0	140.595	105.149	0.0	0.0	0.0	0.0	0.0	0.0	0.0	0.0	0.0	0.0	0.0	0.0	18.9423	27.6848	0.0	0.0	0.0	0.0	0.0	0.0	0.0	0.0	0.0	0.0	0.0	0.0	0.0	0.0	0.0	0.0	0.0	0.0	0.0	0.0	0.0	0.0	0.0	0.0	0.0	0.0	0.0	21.0536	0.0	590.1245	479.325	10.616	0.0	0.0	0.0	0.0	0.0	0.0	0.0	0.0	0.0	0.0	0.0	0.0	0.0	0.0	0.0	0.0	0.0	0.0	0.0	0.0	0.0	0.0	0.0	0.0	0.0	0.0	0.0	0.0	0.0	0.0	0.0	0.0	0.0	0.0	0.0	0.0	0.0	0.0	0.0	0.0	0.0	0.0	735.15	0.0	0.0	0.0
ZJH_N54_1_3	0.0	0.0	0.0	0.0	0.0	0.0	0.0	0.0	0.0	0.0	0.0	0.0	0.0	0.0	0.0	0.0	0.0	0.0	0.0	0.0	0.0	0.0	0.0	0.0	0.0	0.0	0.0	0.0	0.0	0.0	0.0	0.0	0.0	0.0	0.0	2.2412850000000004	0.0	0.0	0.0	0.0	0.0	0.0	0.0	0.0	0.0	0.0	0.0	0.0	0.0	0.0	0.0	0.0	0.373547	0.0	0.0	3.24986	3.24986	0.0	0.0	1.47084	0.0	0.0	1.64361	0.0	0.0	0.0	0.0	0.0	3.21251	0.0	0.0	0.0	0.0	0.0	0.0	0.0	0.0	0.0	0.0	0.0	0.0	0.0	0.0	0.0	0.0	605.6797333333333	0.0	0.0	0.0	0.0	0.0	0.0	0.0	0.0	0.0	0.0	0.0	0.0	0.0	6.31295	0.63503	0.0	0.0	0.0	11.7294	8.3301	0.0	0.0	0.0	0.0	0.0	2.09186	0.0	0.0	0.0	0.0	0.0	0.0	0.0	0.0	0.0	0.0	0.0	0.0	0.0	0.0	0.0	0.0	0.0	0.0	0.0	0.0	0.0	0.0	0.0	0.0	0.0	4.9993050000000006	5.00553	4.31447	0.0	0.0	0.0	0.0	0.0	0.0	0.0	0.0	0.0	0.0	0.0	0.0	0.0	0.0	0.0	0.0	6.31295	3.1378	0.0	0.0	0.0	0.0	0.0	0.0	0.0	0.0	0.0	0.0	0.0	0.0	0.0	0.0	0.0	0.0	0.0	0.0	0.0	0.0	0.0	0.0	0.0	0.0	0.0	0.0	0.0	0.0	0.0	0.0	0.0	0.0	0.0	1.23271	1.23271	0.0	0.0	0.0	0.0	0.0	0.0	0.0	0.0	17.482	12.215	0.0	0.0	0.0	0.0	0.0	0.0	0.0	0.0	0.0	0.0	0.0	0.0	0.0	0.0	0.0	0.0	0.0	0.0	0.0	0.0	0.0	0.0	0.0	0.0	0.0	0.0	0.0	0.0	0.0	0.0	6.12618	0.0	0.0	0.0	0.0	0.0	0.0	0.0	0.0	0.0	0.0	0.0	0.0	25.4759	0.0	0.0	0.0
ZJH_N54_1_4	0.0	0.0	0.0	0.0	0.0	0.0	0.0	0.0	0.0	0.0	0.0	0.0	0.0	0.0	0.0	0.0	0.0	0.0	0.0	0.0	0.0	0.0	0.0	0.0	0.0	0.0	0.0	0.0	0.57809725	0.0	0.0	0.0	0.0	0.0	0.0	1.34419	0.0	0.0	0.0	0.3571985	0.0	0.0	0.0	0.0	0.0	0.0	0.0	0.0	0.0	0.0	0.0	0.0	0.0	0.0	0.0	0.0	0.0	0.0	0.0	0.0	0.0	0.0	0.0	0.0	0.0	0.0	0.0	0.0	0.0	0.0	0.0	0.0	0.0	0.0	0.0	0.0	0.0	0.0	0.0	0.0	0.0	0.0	0.0	0.0	0.0	0.0	0.0	0.0	0.0	0.0	0.0	0.0	0.0	0.0	0.0	0.0	0.0	0.0	0.0	1.99279	0.319599	0.0	0.0	0.0	2.16199	1.99279	0.0	0.0	0.0	0.0	0.0	0.0	0.0	0.0	0.0	0.0	0.0	0.0	0.0	0.0	0.0	0.0	0.0	0.0	0.0	0.0	0.0	0.0	0.0	0.0	0.0	0.0	0.0	0.0	0.0	0.0	0.0	1.0245993333333334	1.034	0.902396	0.0	0.0	0.0	0.0	0.0	0.0	0.0	0.0	0.0	0.0	0.563997	0.0	0.0	0.0	0.0	0.0	2.34999	0.0	0.0	0.0	0.0	0.0	0.0	0.0	0.0	0.0	0.0	0.0	0.0	0.0	0.0	0.0	0.0	0.0	0.0	0.0	0.0	0.0	0.0	0.0	0.0	0.0	0.0	0.0	0.0	0.0	0.0	0.0	0.0	0.0	0.0	2.42519	2.3687899999999997	0.0	0.0	0.0	0.0	0.0	0.0	0.620397	0.0	3.83518	3.17719	0.225599	0.0	0.0	0.0	0.2757323333333333	0.0	0.0	0.0	0.0	0.0	0.0	0.0	0.0	0.0	0.0	0.0	0.0	0.0	0.0	0.0	0.0	0.0	0.0	0.0	0.0	0.0	0.0	0.0	0.0	0.0	0.0	0.0	0.0	0.0	0.0	0.0	0.0	0.0	0.0	0.507598	0.0	0.0	0.0	1.10919	0.0	0.0	0.0
ZJH_N54_2_2	0.0	0.0	0.0	0.0	0.0	0.0	0.0	0.0	0.0	0.0	0.0	2.1284	0.0	0.0	0.0	0.0	0.0	0.0	0.0	0.0	0.0	0.0	0.0	0.0	0.0	0.0	2.1284	1.78191	0.0	0.0	0.791962	0.0	0.0	0.0	0.0	4.57853	0.0	0.0	0.0	1.28694	0.0	0.0	0.0	0.0	0.0	0.0	0.0	0.0	0.0	0.0	0.0	0.0	2.37588	0.0	0.0	7.243146666666667	7.27615	0.0	0.0	4.5723424999999995	0.0	0.0	3.81132	0.0	0.0	0.0	0.0	0.0	4.30629	0.0	0.0	0.0	0.0	0.0	1.03945	0.0	0.0	0.0	0.0	0.0	0.0	0.0	0.0	0.0	0.0	44.9372	0.0	0.0	0.0	0.0	0.0	0.0	0.0	0.0	0.0	0.0	0.0	0.0	0.0	9.25605	1.33644	0.0	0.0	0.0	20.3435	11.335	0.0	0.0	0.0	0.0	0.0	5.54373	0.0	0.0	0.0	0.0	0.0	0.0	0.0	0.0	0.0	0.0	0.0	0.0	0.0	0.0	0.0	0.0	0.0	0.0	0.0	0.0	0.0	0.0	0.0	0.0	0.0	8.769321666666666	8.81057	7.72163	0.0	0.0	0.0	0.0	0.0	0.0	0.0	0.0	0.0	0.0	0.0	0.0	0.0	0.0	0.0	0.0	13.5623	3.41533	0.0	0.0	0.0	0.0	0.0	0.0	0.0	0.0	0.0	0.0	0.0	0.0	0.0	4.55378	0.0	0.0	0.0	0.0	0.0	0.0	0.0	0.0	0.0	0.0	0.0	0.0	0.0	0.0	0.0	0.0	0.0	0.0	0.0	1.58392	1.58392	0.0	0.0	0.0	0.0	0.0	0.0	2.96986	0.0	21.1107	20.195	1.68292	0.0	0.0	0.0	0.0	0.0	0.0	0.0	0.0	0.0	0.0	0.0	0.0	0.0	0.0	0.0	0.0	0.0	0.0	0.0	0.0	0.0	0.0	0.0	0.0	0.0	0.0	0.0	0.0	0.0	1.53443	0.0	0.0	0.0	0.0	0.0	0.0	0.0	0.0	0.0	0.0	0.0	0.0	53.9029	0.0	0.0	0.0
ZJH_N54_2_3	0.0	0.0	0.0	0.0	0.0	0.0	0.0	0.0	0.0	0.0	0.0	0.0	0.0	0.0	0.0	0.0	0.0	0.0	0.0	0.0	0.0	0.0	0.0	0.0	0.0	0.0	0.0	0.0	0.0	0.0	0.0	0.0	0.0	0.0	0.0	0.0	0.0	0.0	0.0	0.0	0.0	0.0	0.0	0.0	0.0	0.0	0.0	0.0	0.0	0.0	0.0	0.0	0.0	0.0	0.0	1.9292	1.9292	0.0	0.0	1.7914	0.0	0.0	0.0	0.0	0.0	0.0	0.0	0.0	0.0	0.0	0.0	0.0	0.0	0.0	0.0	0.0	0.0	0.0	0.0	0.0	0.0	0.0	0.0	0.0	0.0	2.1557979999999994	0.0	0.0	0.0	0.0	0.0	0.0	0.0	0.0	0.0	0.0	0.0	0.0	0.0	3.26126	0.0	0.0	0.0	0.0	4.40959	3.5828	0.0	0.0	0.0	0.0	0.0	0.0	0.0	0.0	0.0	0.0	0.0	0.0	0.0	0.0	0.0	0.0	0.0	0.0	0.0	0.0	0.0	0.0	0.0	0.0	0.0	0.0	0.0	0.0	0.0	0.0	0.0	2.29666	2.29666	2.1818299999999997	0.0	0.0	0.0	0.0	0.0	0.0	0.0	0.0	0.0	0.0	0.0	0.0	0.0	0.0	0.0	0.0	6.52253	0.0	0.0	0.0	0.0	0.0	0.0	0.0	0.0	0.0	0.0	0.0	0.0	0.0	0.0	0.0	0.0	0.0	0.0	0.0	0.0	0.0	0.0	0.0	0.0	0.0	0.0	0.0	0.0	0.0	0.0	0.0	0.0	0.0	0.0	5.74166	5.74166	0.0	0.0	0.0	0.0	0.0	0.0	0.0	0.0	5.67276	5.46606	0.2756	0.0	0.0	0.0	0.0	0.0	0.0	0.0	0.0	0.0	0.0	0.0	0.0	0.0	0.0	0.0	0.0	0.0	0.0	0.0	0.0	0.0	0.0	0.0	0.0	0.0	0.0	0.0	0.0	0.0	0.0	0.0	0.0	0.0	0.0	0.0	0.0	0.0	0.0	0.0	0.0	0.0	0.0	10.1513	0.0	0.0	0.0
ZJH_N54_2_4	0.0	0.0	0.0	0.0	0.0	0.0	0.0	0.0	0.0	0.0	0.0	38.233066666666666	0.0	0.0	0.0	0.0	0.0	0.0	0.0	0.0	0.0	0.0	0.0	0.0	0.0	0.601228	38.233066666666666	0.0	13.09175	0.0	0.0	0.0	0.0	0.0	0.0	41.822900000000004	0.0	0.0	0.0	9.025929999999999	0.0	0.0	0.0	0.0	0.0	0.0	0.0	0.0	0.0	0.0	0.0	0.0	8.26688	0.0	0.0	32.837066666666665	32.7819	0.0	0.0	15.577425	0.0	0.0	22.3957	0.0	0.0	0.0	0.0	0.0	0.0	0.0	0.0	0.0	0.0	0.0	2.1043	4.85491	4.00317	0.0	0.0	0.0	0.0	0.0	1.65338	0.676381	0.0	1.9499819999999999	0.0	0.0	0.0	0.0	0.0	0.0	0.0	0.0	0.616258	0.0	0.0	0.0	0.0	31.6546	0.0	21.0881	0.766565	0.0	34.3451	31.2338	0.0901841	0.0	0.0	0.0	0.0	32.4963	0.0	0.0	0.0	0.0	0.0	0.0	0.0	0.0	0.0	0.0	0.0	0.0	0.0	0.0	0.0	0.0	0.0	0.0	0.0	0.0	0.0	0.0	0.0	0.0	0.0	30.259249999999998	30.2868	26.1158	0.0	0.0	0.0	0.0	0.0	0.0	0.0	0.0	0.0	0.0	13.93595	0.0	0.0	20.05394	0.0	0.0	59.3562	12.731	0.0	0.0	0.0	0.0	0.0	0.0	0.0	0.0	0.0	0.0	0.0	0.0	0.0	23.7635	0.0	0.0	0.0	0.0	0.0	0.0	0.0	0.0	0.0	0.0	0.0	0.0	0.0	3.92301	0.0	0.0	0.0	0.0	0.0	29.7006	29.6931	0.0	0.0	0.0	10.792	0.0	0.0	10.4163	0.0	56.89865	53.1786	5.92209	0.0	0.0	0.0	8.747863333333333	0.0	0.0	0.0	0.0	0.0	0.0	0.0	0.0	0.0	0.0	0.0	0.0	0.0	0.0	0.0	0.0	0.0	0.0	0.0	0.0	0.0	0.0	0.0	0.0	0.0	60.55115	0.0	0.0	0.0	0.0	0.0	0.0	0.0	0.0	0.0	0.0	1.26258	0.0	21.9899	0.0	0.0	0.0
ZJH_N55_1_2	0.0	0.0	0.0	0.0	0.0	0.0	0.0	0.0	0.0	0.0	0.0	0.0	0.0	0.0	0.0	0.0	0.0	0.0	0.0	0.0	0.0	0.0	0.0	0.0	0.0	0.0	0.0	0.0	0.0	0.0	0.0	0.0	0.0	0.0	0.0	0.0	0.0	0.0	0.0	0.0	0.0	0.0	0.0	0.0	0.0	0.0	0.0	0.0	0.0	0.0	0.0	0.0	0.0	0.0	0.0	0.0	0.0	0.0	0.0	0.0	0.0	0.0	0.0	0.0	0.0	0.0	0.0	0.0	0.0	0.0	0.0	0.0	0.0	0.0	0.0	0.0	0.0	0.0	0.0	0.0	0.0	0.0	0.0	0.0	0.0	0.0	6.196395	0.0	0.0	0.0	0.0	0.0	0.0	0.0	0.0	0.0	0.0	0.0	0.0	0.0	0.0	0.0	0.0	0.0	0.0	0.0	0.0	0.0	0.0	0.0	0.0	0.0	0.0	0.0	0.0	0.0	0.0	0.0	0.0	0.0	0.0	0.0	0.0	0.0	0.0	0.0	0.0	0.0	0.0	0.0	0.0	0.0	0.0	0.0	0.0	0.0	0.0	0.0	0.0	0.0	0.0	0.0	0.0	0.0	0.0	0.0	0.0	0.0	0.0	0.0	0.0	0.0	0.0	0.0	0.0	0.0	0.0	0.0	0.0	0.0	0.0	0.0	0.0	0.0	0.0	0.0	0.0	0.0	0.0	0.0	0.0	0.0	0.0	0.0	0.0	0.0	0.0	0.0	0.0	0.0	0.0	0.0	0.0	0.0	0.0	0.0	0.0	0.0	0.0	0.0	0.0	0.0	0.0	0.0	0.0	0.0	0.0	0.0	0.0	0.0	0.0	4.35125	0.0	0.0	0.0	0.0	0.0	0.0	0.0	0.0	0.0	0.0	0.0	0.0	0.0	0.0	0.0	0.0	0.0	0.0	0.0	0.0	0.0	0.0	0.0	0.0	0.0	1.12912	0.0	0.0	0.0	0.0	0.0	0.0	0.0	0.0	0.0	0.0	0.0	0.0	0.0	0.0	0.0	0.0	0.0	0.0	1.3219	0.0	0.0	0.0
ZJH_N55_1_3	0.0	0.0	0.0	0.0	0.0	0.0	0.0	0.0	0.0	0.0	0.0	0.0	0.0	0.0	0.0	0.0	0.0	0.0	0.0	0.0	0.0	0.0	0.0	0.0	0.0	0.0	0.0	0.0	0.0	0.0	0.0	0.0	0.0	0.0	0.0	0.0	0.0	0.0	0.0	0.0	0.0	0.0	0.0	0.0	0.0	0.0	0.0	0.0	0.0	0.0	0.0	0.0	0.0	0.0	0.0	0.0	0.0	0.0	0.0	0.0	0.0	0.0	0.0	0.0	0.0	0.0	0.0	18.3297	22.8671	0.0	0.0	0.0	0.0	0.0	0.0	0.0	0.0	0.0	0.0	0.0	0.0	0.0	0.0	0.0	0.0	0.0	8.264565	0.0	0.0	0.0	0.0	0.0	0.0	0.0	0.0	0.0	0.0	0.0	0.0	0.0	0.0	0.0	0.0	94.3133	51.06385	0.0	0.0	0.0	0.0	0.0	0.0	0.0	0.0	0.0	0.0	0.0	0.0	0.0	0.0	0.0	0.0	0.0	0.0	0.0	12.4239	10.821349999999999	20.8505	0.0	0.0	0.0	31.5098	0.0	0.0	0.0	0.0	0.0	0.0	0.0	0.0	0.0	0.0	0.0	0.0	0.0	0.0	0.0	0.0	0.0	0.0	0.0	0.0	0.0	0.0	0.0	0.0	0.0	0.0	0.0	0.0	0.0	0.0	0.0	0.0	0.0	0.0	0.0	0.0	0.0	0.0	0.0	37.0555	0.0	0.0	0.0	0.0	0.0	0.0	0.0	0.0	0.0	0.0	0.0	0.0	0.0	0.0	0.0	0.0	0.0	0.0	0.0	0.0	3.63713	3.63713	0.0	0.0	0.0	0.0	0.0	0.0	0.0	0.0	95.51376666666665	116.38835	0.0	0.0	0.0	0.0	0.0	0.0	0.0	0.0	0.0	0.0	0.0	0.0	0.0	0.0	0.0	0.0	0.0	0.0	0.0	0.0	0.0	0.0	0.0	0.0	0.0	0.0	0.0	0.0	0.0	0.0	0.0	0.0	0.0	0.0	0.0	0.0	0.0	0.0	0.0	0.0	0.0	0.864268	0.0	0.0	0.0	0.0	38.0278
ZJH_N55_1_4	0.0	0.0	0.0	0.0	0.0	0.0	0.0	0.0	0.0	0.0	0.0	0.0	0.0	0.0	0.0	0.0	0.0	0.0	0.0	0.0	0.0	0.0	0.0	0.0	0.320204	0.0	0.0	0.0	0.0	0.0	0.0	0.0	0.0	0.0	0.0	0.0	0.0	0.0	0.0	0.0	0.0	0.0	0.0	0.0	0.0	0.0	0.0	0.0	0.0	0.0	0.0	0.0	0.0	0.0	0.0	0.0	0.0	0.0	0.0	0.0	0.0	0.0	0.0	0.0	0.0	0.0	0.0	123.41	48.5768	0.0	0.0	0.0	0.0	0.0	0.0	0.0	0.0	0.0	0.0	0.0	0.0	0.0	0.0	0.0	1.5552764285714284	0.0	6.75959125	0.0	0.0	0.0	0.0	0.0	0.0	0.0	0.131849	0.0	0.0	0.0	0.0	52.2497	0.0	0.0	0.0	144.186	166.6945	0.0	0.0	0.0	0.0	0.0	0.0	0.0	0.0	0.0	0.0	0.0	0.0	0.0	0.0	0.0	0.0	0.0	0.0	0.0	34.1111	31.973300000000002	53.0031	0.0	0.0	0.0	62.4397	0.0	0.0	0.0	0.0	0.0	0.0	0.0	0.0	0.0	0.0	0.0	0.0	0.0	0.0	0.0	0.0	0.0	0.0	0.0	0.0	0.0	0.0	0.0	0.0	0.0	0.0	0.0	0.0	0.0	0.0	0.0	0.0	0.0	0.0	0.0	0.0	0.0	0.0	0.0	127.724	0.0	0.0	0.0	0.0	0.0	0.0	0.0	0.0	0.0	0.0	0.0	0.0	0.0	0.0	0.0	0.0	0.0	0.0	0.0	0.0	0.499141	0.508559	0.0	0.0	0.0	0.0	0.0	0.0	0.0	17.3287	217.63166666666666	254.1005	0.0	0.0	0.0	0.0	0.0	0.0	0.0	0.0	0.0	0.0	0.0	0.0	0.0	0.0	0.0	0.0	0.0	0.0	0.0	0.0	0.0	0.0	0.0	0.0	0.0	0.0	0.0	0.0	0.0	0.0	0.0	2.5286637499999998	4.730503333333333	0.0	0.0	0.0	0.0	0.0	0.0	0.0	0.0	0.0	0.0	0.960611	0.0	0.0	124.258
ZJH_N55_2_2	0.0	0.0	0.0	0.0	0.0	0.0	0.0	0.0	0.0	0.0	0.0	0.0	0.0	0.0	0.0	0.0	0.0	0.0	0.0	0.0	0.0	0.0	0.0	0.0	5.6147	0.0	0.0	4.3336	0.0	2.4936675000000004	4.30197	0.0	0.0	0.0	0.0	0.0	0.0	0.0	0.0	0.0	0.0	0.0	0.0	0.0	0.0	0.0	0.0	0.0	0.0	0.0	0.0	0.0	0.411218	0.0	0.0	2.08772	2.08772	0.0	0.0	0.0	0.0	2.11935	0.0	0.0	0.0	0.0	0.0	0.0	0.0	0.0	0.0	0.0	0.0	0.0	0.506114	0.0	0.0	0.0	0.0	0.0	0.0	0.0	0.0	0.0	4.584400714285715	18.034533333333332	14.969899999999999	0.0	0.0	0.0	0.0	0.0	0.0	0.0	0.0	0.0	0.0	0.0	0.0	8.38251	0.0	11.862	0.0	0.0	6.95907	7.27539	0.0	0.0	0.0	0.0	0.0	0.0	0.0	0.0	0.0	0.0	0.0	0.0	0.0	0.0	0.0	0.0	0.0	0.0	0.0	0.0	0.0	0.0	0.0	0.0	0.0	0.0	0.0	0.0	0.0	0.0	0.0	3.22648	3.22648	3.09995	0.0	0.0	0.0	0.0	0.0	0.0	0.0	0.0	0.0	0.0	0.0	0.0	0.0	0.0	0.0	0.0	0.0	1.39181	0.0	0.0	0.0	0.0	0.0	0.0	0.0	0.0	0.0	0.0	0.0	0.0	8.22435	0.0	0.0	0.0	8.35088	0.0	0.0	0.0	0.0	0.0	0.0	0.0	0.0	0.0	0.0	0.0	0.0	0.0	0.0	0.0	0.0	10.4386	10.4386	0.0	0.0	0.0	0.601011	0.0	0.0	0.411218	5.34583	22.501	30.8413	0.569378	0.0	0.0	0.0	0.0	0.0	0.0	0.0	0.0	0.0	0.0	0.0	0.0	0.0	0.0	0.0	0.0	0.0	0.0	0.0	0.0	0.0	0.0	0.0	0.0	0.0	0.0	0.0	0.0	0.0	0.0	6.08127375	7.347171153846154	0.0	0.0	0.0	0.0	5.37746	6.64275	0.0	0.0	0.980596	0.0	16.2905	0.0	0.0	0.0
ZJH_N55_2_3	0.0	0.0	0.0	0.0	0.0	0.0	0.0	0.0	0.0	0.0	0.0	0.0	0.0	0.0	0.0	0.0	0.0	0.0	0.0	3.2165766666666666	2.48861	0.0	0.0	0.0	0.0	0.0	0.0	0.0	0.0	0.0	0.0	0.0	0.0	0.0	0.838003	0.0	0.888791	0.736427	0.50788	0.0	0.0	0.0	0.0	0.0	0.0	0.0	0.0	0.0	0.0	0.0	0.9452917	0.8657055454545454	0.0	0.42444257142857145	0.0	0.0	0.0	0.0	1.9436203846153846	0.0	0.0	0.0	0.0	0.0	0.0	0.0	0.0	0.0	0.0	0.0	0.0	0.0	1.82837	0.0	0.0	0.0	0.0	0.0	0.0	0.0	0.355516	0.0	0.0	0.0	0.0	0.0	0.0	0.431698	0.0	0.0	0.6475475	0.6729415000000001	0.0	0.0	0.0	0.0	0.0	0.0	1.01576	0.0	0.0	0.0	0.0	0.0	0.0	1.48555	0.0	0.0	0.0	0.0	0.0	0.0	1.01576	3.04728	1.6393233333333332	0.26409760000000004	1.16812	0.914185	1.06655	1.01576	1.67601	0.0	0.0	0.0	0.0	0.0	0.0	0.0	1.14273	0.0	0.0	0.0	0.0	0.0	0.0	1.19352	0.787215	0.0	0.0	0.0	0.0	0.0	0.0	0.0	0.0	0.0	0.0	0.0	0.0	0.0	0.0	0.0	0.0	0.0	0.0	0.0	0.0	0.914185	0.0	0.0	0.0	0.431698	0.0	0.0	0.0	0.0	0.431698	0.0	2.3992276	0.38091	1.147808	1.09194	0.0	0.0	0.0	0.0	0.0	0.0	0.0	0.0	0.0	0.0	0.0	0.0	0.0	0.0	0.0	0.0	0.0	0.7956793333333333	0.888791	0.0	0.0	0.0	0.0	0.0	0.0	0.0	0.0	0.0	0.0	2.71716	0.0	0.0	0.457092	0.0	0.0	0.0	0.0	0.0	0.0	0.0	0.0	0.0	0.0	0.0	0.0	0.0	0.0	0.0	0.0	0.0	0.0	0.279334	0.228546	0.0	0.0	0.0	0.0	0.0	0.0	0.0	0.0	0.0	0.0	0.0	0.0	0.0	0.0	0.0	0.0	0.0	1.21891	0.0	1.01576	0.0	0.0	0.0	0.0	0.0
ZJH_N55_2_4	0.757996	0.982587	0.743959	2.79335	1.03874	0.842218	1.6704	1.45984	0.154407	0.0	0.0	32.29436666666667	0.898365	0.898365	0.0	0.0	0.0	0.0	0.0	199.36666666666667	176.459	21.4765	11.5665	0.0	0.0	0.0	32.29436666666667	33.35535	0.0	0.0	30.485480000000003	8.14144	17.7848	1.6002133333333333	55.1793	0.0	56.0496	49.3118	18.205933333333334	0.0	0.533404	0.96855	0.0	7.94492	0.224591	0.0	24.7331	42.71095	32.9869	0.3958424	76.30126	40.10741818181818	0.0	33.72999117647059	0.0	0.0	0.0	29.433690322580645	97.69121428571428	0.0	21.2379	0.0	0.0	50.097899999999996	0.0	0.0	5.64286	0.0	2.03536	0.0	58.7868	1.03874	102.708	0.0	0.0	0.0	0.0	0.280739	2.02132	47.61336666666667	20.6343	49.7049	0.0	0.0	18.57089285714286	0.4267238	0.0	26.1087	26.4597	136.79	33.35185	30.97255	0.603589	0.533404	0.0	0.0	0.0	0.0	62.93238333333333	0.0	0.0	0.0	0.0	0.0	60.26847555555556	100.666	0.0	0.0	0.0	0.0	0.0	0.0	58.7306	189.204	99.87291111111111	15.1768	84.5727	52.8211	90.6507	59.8957	90.8893	33.6185	20.3676	24.0874	0.940476	0.9896039999999999	1.64232	0.0	79.2667	15.5951	0.0	0.0	0.0	14.1914	0.0	65.0473	43.9357	0.0	0.0	0.0	0.0	0.0	0.0	0.0	0.0	0.0	0.0	0.126333	0.0	0.210554	0.0	0.0	0.0	0.0	2.288025	0.0	0.0	50.9401	0.0	0.0	23.8207	21.5467	37.591	33.3659	2.68106	0.0	31.3165	68.52203636363636	161.7133846153846	27.1756	58.636387142857146	73.86250000000001	0.0	0.0	0.0	0.0	0.0	2.18977	2.10554	1.23525	0.6457	1.24929	0.435146	0.954513	1.71251	0.0	20.5361	25.6315	20.185164999999998	27.515262	53.6072	0.0	0.0	0.0	17.44795	22.5153	0.0	0.856255	34.81165	0.0	1.03874	99.91505	41.5213	14.5704	16.8724	0.0	0.0	0.0	140.819	0.0	0.0	0.0	0.0	0.0	0.0	0.0	74.5363	1.83884	5.397209999999999	0.46322	2.94776	19.8202	8.00107	20.472949999999997	15.53895	0.0	0.0	10.673565652173913	36.86753846153846	0.0	0.0	0.0	43.362700000000004	0.0	1.24577875	1.643943846153846	0.0	0.0	0.0	0.0	0.0	0.0	99.0027	25.3788	58.3516	0.0	0.0	0.0	0.0	0.0
ZJH_N56_1_2	0.0	0.0	0.0	0.0	0.0	0.0	0.0	0.0	0.0	0.0	0.0	0.0	0.0	0.0	0.0	0.0	0.0	0.0	0.0	0.0	0.0	0.0	0.0	0.0	0.0	0.0	0.0	0.0	0.0	0.0	0.0	0.0	0.0	0.0	0.0	0.0	0.0	0.0	0.0	0.0	0.0	0.0	0.0	0.0	0.0	0.0	0.0	0.0	0.0	0.0	0.0	0.0	0.0	0.0	0.0	0.0	0.0	0.0	0.0	0.0	0.0	0.0	0.0	0.0	0.0	0.0	0.0	0.0	0.0	0.0	0.0	0.0	0.0	0.0	0.0	0.0	0.0	0.0	0.0	0.0	0.0	0.0	0.0	0.0	0.0	1.87368	0.0	0.0	0.0	0.0	0.0	0.0	0.0	0.0	0.0	0.0	0.0	0.0	0.0	1.04391	0.0	0.0	0.0	0.0	0.0	0.0	0.0	0.0	0.0	0.0	0.0	0.0	0.0	0.0	0.0	0.0	0.0	0.0	0.0	0.0	0.0	0.0	0.0	0.0	0.0	0.0	0.0	0.0	0.0	0.0	0.0	0.0	0.0	0.0	0.0	0.0	0.0	0.0	0.0	0.0	0.0	0.0	0.0	0.0	0.0	0.0	0.0	0.0	0.0	0.0	0.0	0.0	0.0	0.0	0.0	0.0	0.0	0.0	0.0	0.0	0.0	0.0	0.0	0.0	0.0	0.0	0.0	0.0	0.0	0.0	0.0	0.0	0.0	0.0	0.0	0.0	0.0	0.0	0.0	0.0	0.0	0.0	0.0	0.0	0.0	0.0	0.0	0.0	0.0	0.0	0.0	1.55247	1.55247	0.0	0.0	0.0	0.0	0.0	0.0	0.0	0.0	0.0	0.0	0.0	0.0	0.0	0.0	0.0	0.0	0.0	0.0	0.0	0.0	0.0	0.0	0.0	0.0	0.0	0.0	0.0	0.0	0.0	0.0	0.0	0.0	0.0	0.0	0.0	0.0	0.0	0.0	0.0	0.0	0.0	0.0	0.0	0.0	0.0	0.0	0.0	0.0	0.0	0.0	0.0	0.0	0.0	3.77412	0.0	0.0	0.0
ZJH_N56_1_3	0.0	0.0	0.0	0.0	0.0	0.0	0.0	0.0	0.0	0.0	0.0	0.0	0.0	0.0	0.0	0.0	0.0	0.0	0.0	0.0	0.0	0.0	0.0	0.0	0.0	0.0	0.0	0.0	0.0	0.0	0.0	0.0	0.0	0.0	0.0	0.0	0.0	0.0	0.0	0.0	0.0	0.0	0.0	0.0	0.0	0.0	0.0	0.0	0.0	0.0	0.0	0.0	0.0	0.0	0.0	0.0	0.0	0.0	0.0	0.0	0.0	0.0	0.0	0.0	0.0	0.0	0.0	0.0	0.0	0.0	0.0	0.0	0.0	0.0	0.0	0.0	0.0	0.0	0.0	0.0	0.0	0.0	0.0	0.0	0.0	0.0	0.0	0.0	0.0	0.0	0.0	0.0	0.0	0.0	0.0	0.0	0.0	0.0	0.0	0.0	0.0	0.0	0.0	0.0	0.0	0.0	0.0	0.0	0.0	0.0	0.0	0.0	0.0	0.0	0.0	0.0	0.0	0.0	0.0	0.0	0.0	0.0	0.0	0.0	0.0	0.0	0.0	0.0	0.0	0.0	0.0	0.0	0.0	0.0	0.0	0.0	0.0	0.0	0.0	0.0	0.0	0.0	0.0	0.0	0.0	0.0	0.0	0.0	0.0	0.0	0.0	0.0	0.0	0.0	0.0	0.0	0.0	0.0	0.0	0.0	0.0	0.0	0.0	0.0	0.0	0.0	0.0	0.0	0.0	0.0	0.0	0.0	0.0	0.0	0.0	0.0	0.0	0.0	0.0	0.0	0.0	0.0	0.0	0.0	0.0	0.0	0.0	0.0	0.0	0.0	0.0	0.0	0.0	0.0	0.0	0.0	0.0	0.0	0.0	0.0	0.0	0.0	0.0	0.0	0.0	0.0	0.0	0.0	0.0	0.0	0.0	0.0	0.0	0.0	0.0	0.0	0.0	0.0	0.0	0.0	0.0	0.0	0.0	0.0	0.0	0.0	0.0	0.0	0.0	0.0	0.0	0.0	0.0	0.0	0.0	0.0	0.0	0.0	0.0	0.0	0.0	0.0	0.0	0.0	0.0	0.0	0.0	0.0	0.0	0.0
ZJH_N56_1_4	0.0	0.0	0.0	0.0	0.0	0.0	0.0	0.0	0.0	0.0	0.0	0.0	0.0	0.0	0.0	0.0	0.0	0.0	0.0	0.0	0.0	0.0	0.0	0.0	0.0	0.0	0.0	0.0	0.0	0.0	0.0	0.0	0.0	0.0	0.0	0.0	0.0	0.0	0.0	0.0	0.0	0.0	0.0	0.0	0.0	0.0	0.0	0.0	0.0	0.0	0.0	0.0	0.0	0.0	0.0	0.0	0.0	0.0	0.0	0.0	0.0	0.0	0.0	0.0	0.0	0.0	0.0	0.0	0.0	0.0	0.0	0.0	0.0	0.0	0.0	0.0	0.0	0.0	0.0	0.0	0.0	0.0	0.0	0.0	0.0	0.0	0.0	0.0	0.0	0.0	0.0	0.0	0.0	0.0	0.0	0.0	0.0	0.0	0.0	0.0	0.0	0.0	0.0	0.0	0.0	0.0	0.0	0.0	0.0	0.0	0.0	0.0	0.0	0.0	0.0	0.0	0.0	0.0	0.0	0.0	0.0	0.0	0.0	0.0	0.0	0.0	0.0	0.0	0.0	0.0	0.0	0.0	0.0	0.0	0.0	0.0	0.0	0.0	0.0	0.0	0.0	0.0	0.0	0.0	0.0	0.0	0.0	0.0	0.0	0.0	0.0	0.0	0.0	0.0	0.0	0.0	0.0	0.0	0.0	0.0	0.0	0.0	0.0	0.0	0.0	0.0	0.0	0.0	0.0	0.0	0.0	0.0	0.0	0.0	0.0	0.0	0.0	0.0	0.0	0.0	0.0	0.0	0.0	0.0	0.0	0.0	0.0	0.0	0.0	0.0	0.0	0.0	0.0	0.0	0.0	0.0	0.0	0.0	0.0	0.0	0.0	0.0	0.0	0.0	0.0	0.0	0.0	0.0	0.0	0.0	0.0	0.0	0.0	0.0	0.0	0.0	0.0	0.0	0.0	0.0	0.0	0.0	0.0	0.0	0.0	0.0	0.0	0.0	0.0	0.0	0.0	0.0	0.0	0.0	0.0	0.0	0.0	0.0	0.0	0.0	0.0	0.0	0.0	0.0	0.0	0.0	0.0	0.0	0.0	0.0
ZJH_N56_2_2	0.0	0.0	0.0	0.0	0.0	0.0	0.0	0.0	0.0	0.0	0.0	11.3587	0.0	0.0	0.0	0.0	0.0	0.0	0.0	0.0	0.0	0.0	0.0	0.0	92.50637499999999	0.0	11.3587	0.0	0.0	0.0	0.0	0.0	0.0	0.0	0.0	30.45865	0.0	0.0	0.0	0.0	0.0	0.0	0.0	0.0	0.0	0.0	0.0	0.0	0.0	0.0	0.0	0.0	13.2036	0.0	0.0	61.9061	62.3643	0.0	0.0	3.30993375	0.0	41.0577	0.0	0.0	0.0	0.0	0.0	0.0	0.0	0.0	0.0	0.0	0.0	0.0	13.5291	0.0	0.0	0.0	0.0	0.0	0.0	0.0	0.0	0.0	0.0	178.5196	14.4470625	0.0	0.0	0.0	0.0	0.0	0.0	0.0	8.880759999999999	0.0	0.0	0.0	0.0	103.711	16.5316	197.945	28.0712	0.0	189.553	170.67	1.01288	0.0	0.0	0.0	0.0	29.3011	0.0	0.0	0.0	0.0	0.0	0.0	0.0	0.0	0.0	0.0	0.0	0.0	0.0	0.0	0.0	0.0	0.0	0.0	0.0	0.0	0.0	0.0	14.9761	0.0	0.0	142.00216666666665	142.165	131.0225	0.0	0.0	2.919774285714286	0.0	0.0	0.0	0.0	0.0	0.0	0.0	0.0	0.0	0.0	0.0	0.0	3.97916	41.4918	44.2772	0.0	0.0	0.0	0.0	0.0	0.0	0.0	0.0	0.0	0.0	0.0	0.0	6.7284	15.8805	19.0276	9.568071666666667	0.0	2.53943	0.0	0.0	0.0	0.0	0.0	0.0	0.0	0.0	0.0	2.71306	0.0	0.0	2.3151450000000002	0.0	0.0	290.66	290.605	4.4856	0.0	0.0	16.2422	0.0	0.0	13.0227	13.7462	267.49	242.186	7.30718	0.0	0.0	0.0	0.0	0.0	0.0	0.0	0.0	0.0	0.0	0.0	0.0	0.0	0.0	0.0	0.0	0.0	0.0	0.0	0.0	0.0	0.0	0.0	0.0	0.0	0.0	0.0	0.0	0.0	0.0	0.0	0.0	0.0	0.0	0.0	0.0	0.0	0.0	0.0	0.0	41.8173	0.0	253.472	0.0	0.0	0.0
ZJH_N56_2_3	0.0	0.0	0.0	0.0	0.0	0.0	0.0	0.0	0.0	0.0	0.0	0.0	0.0	0.0	0.0	0.0	0.0	0.0	0.0	2.7327166666666667	1.92897	0.0	0.0	0.0	0.0	0.0	0.0	0.0	0.0	0.0	0.0	0.0	0.0	0.0	0.0	0.0	0.0	0.0	0.0	0.0	0.0	0.0	0.0	0.0	0.0	0.0	0.348287	0.0	0.589409	0.0	0.0	0.0	0.0	0.0	0.0	0.0	0.0	0.0	0.0	0.0	0.0	0.0	0.0	0.991279	0.0	0.0	0.0	0.0	0.0	0.0	0.696574	0.0	0.0	0.0	0.0	0.0	0.0	0.0	0.0	0.642992	0.0	0.0	0.0	0.0	0.0	0.0	0.0	0.0	0.0	0.0	0.0	0.0	0.0	0.0	0.0	0.0	0.0	0.0	1.1207733333333334	0.0	0.0	0.0	0.0	0.0	0.0	0.0	0.0	0.0	0.0	0.0	0.0	0.0	0.0	0.0	0.0	0.0	0.0	0.509035	0.0	0.0	0.0	0.0	0.0	0.0	0.0	0.0	0.0	0.0	0.0	0.0	0.0	0.0	0.0	0.0	0.0	1.17882	0.0	0.0	0.0	0.0	0.0	0.0	0.0	0.0	0.0	0.0	0.0	0.0	0.0	0.0	0.0	0.0	0.0	0.0	0.0	0.0	0.0	0.0	0.0	0.0	0.0	0.0	0.0	0.0	0.0	0.0	0.0	0.0	0.0	0.0	1.085045	0.0	0.0	0.0	0.0	0.0	0.0	0.0	0.0	0.0	0.0	0.0	0.0	0.0	0.0	0.0	0.0	0.0	0.562618	0.0	0.0	0.0	0.0	0.0	0.0	0.0	0.0	0.0	0.0	0.0	0.0	1.98256	0.0	0.0	0.455452	0.0	0.0	0.0	0.0	0.0	0.0	0.0	0.0	0.0	0.0	0.0	0.0	0.0	0.0	0.0	0.0	0.0	0.0	0.0	0.0	0.0	0.0	0.0	0.0	0.0	0.0	0.0	0.0	0.0	0.0	0.0	0.0	0.0	0.0	0.0	0.0	0.0	1.31277	0.0	0.0	0.0	0.0	0.0	0.0	0.0
ZJH_N56_2_4	0.0	5.66689	0.0	0.0	1.89471	0.0	0.0	0.0	0.0	2.39422	0.0	3.04301	0.0	0.0	0.0	0.0	0.0	0.0	0.0	102.72166666666668	84.7278	5.382685	0.0	0.0	0.0	0.0	3.04301	0.0	0.0	0.0	0.0	0.930128	12.6084	10.788333333333334	17.6552	0.0	18.5164	15.9155	8.44005	0.0	3.70329	0.0	3.66884	3.1521	0.0	0.0	10.8343	15.398800000000001	9.64577	0.0	12.611280333333333	9.481353636363636	0.0	0.0	0.0	0.0	0.0	4.175242	0.0	0.0	0.0	0.0	0.0	24.68285	0.0	0.0	24.08	0.0	0.0	0.0	26.6464	0.0	44.6806	0.0	0.0	0.0	0.0	0.0	0.0	21.616833333333332	8.19891	21.8063	0.0	0.0	0.0	0.0	2.01097	11.041	12.1606	34.4664	14.58925	13.18545	4.564515	4.08223	0.0	0.0	0.0	0.0	29.23013333333333	0.0	0.0	0.0	0.0	0.0	37.628342857142854	46.84225	0.0	0.0	0.0	0.0	0.0	0.0	0.792331	0.0	7.372126666666667	2.66981	14.4687	8.31948	15.416	9.50798	17.9308	15.7777	16.5873	13.3491	0.0	0.0	0.0	0.0	39.8922	11.4544	0.0	0.0	0.0	3.84108	0.0	28.2483	14.9165	0.0	0.0	0.0	0.0	0.0	4.712977619047619	0.0	0.0	0.0	0.0	0.0	0.0	1.0248629999999999	0.0	0.0	0.0	0.0	0.0	5.46881	0.0	24.9068	0.0	0.0	8.21613	8.75009	13.9691	9.31851	10.3864	16.8801	14.3998	10.744972727272728	27.272484615384617	3.90998	35.089333333333336	33.631	0.0	7.725233333333333	0.0	7.627624166666667	0.0	0.0	12.0917	5.56354	3.03153	6.64869	2.49757	4.63342	8.99124	0.0	10.4726	17.3968	6.894155	10.176266000000002	26.1297	0.0	0.0	0.0	0.0	0.0	0.0	5.08125	0.0	0.0	4.39227	73.8504	0.0	7.63049	10.4553	6.68314	0.0	0.0	0.0	0.0	0.0	0.0	0.0	0.0	18.1203	0.0	56.8584	10.2831	8.526175	2.34254	17.2763	14.9165	12.6429	8.465890000000002	5.365460000000001	0.0	0.0	0.0	0.0	1.10237	0.0	0.0	0.0	0.0	0.0	0.0	0.0	0.0	0.0	0.0	0.0	0.0	60.2	10.5415	27.8866	0.0	0.0	13.2457	13.194	0.0
ZJH_N57_1_2	0.0	0.0	0.0	0.0	0.0	0.0	0.0	0.0	0.0	0.0	0.0	0.0	0.0	0.0	0.0	0.0	0.0	0.0	0.0	0.0	0.0	0.0	0.0	0.0	1.409795	0.0	0.0	0.0	0.0	0.0	0.0	0.0	0.0	0.0	0.0	0.0	0.0	0.0	0.0	0.0	0.0	0.0	0.0	0.0	0.0	0.0	0.0	0.0	0.0	0.0	0.0	0.0	0.0	0.0	0.0	0.0	0.0	0.0	0.0	0.0	0.0	0.0	0.0	0.0	0.0	0.0	0.0	0.0	0.0	0.0	0.0	0.0	0.0	0.0	0.919867	0.0	0.0	0.0	0.0	0.0	0.0	0.0	0.0	0.0	0.0	1.19983	0.0	0.0	0.0	0.0	0.0	0.0	0.0	0.0	0.0	0.0	0.0	0.0	0.0	9.59861	1.3998	0.0	1.75975	0.0	12.9581	12.1582	0.0	0.0	0.0	0.0	0.0	1.99971	0.0	0.0	0.0	0.0	0.0	0.0	0.0	0.0	0.0	0.0	0.0	0.0	0.0	0.0	0.0	0.0	0.0	0.0	0.0	0.0	0.0	0.0	0.0	0.0	0.0	8.9987	8.9987	8.378785	0.0	0.0	0.0	0.0	1.75975	0.0	0.0	0.0	0.0	0.0	0.0	0.0	0.0	0.0	0.0	0.0	0.0	3.15954	0.0	0.0	0.0	0.0	0.0	0.0	0.0	0.0	0.0	0.0	0.0	0.0	0.0	0.0	0.0	0.0	0.0	0.0	0.0	0.0	0.0	0.0	0.519925	0.0	0.0	0.0	0.0	0.0	0.0	0.0	0.0	0.0	0.0	4.99928	4.99928	0.0	0.0	0.0	0.0	0.0	0.0	0.879873	0.0	20.616999999999997	15.6777	0.319954	0.0	0.0	0.0	0.0	0.0	0.0	0.0	0.0	0.0	0.0	0.0	0.0	0.0	0.0	0.0	0.0	0.0	0.0	0.0	0.0	0.0	0.0	0.0	0.0	0.0	0.0	0.0	0.0	0.0	0.0	0.0	0.0	0.0	0.0	0.0	0.0	0.0	0.0	1.59977	0.0	2.15969	0.0	16.3976	0.0	0.0	0.0
ZJH_N57_1_3	0.0	0.0	0.0	0.0	0.0	0.0	0.0	0.0	0.0	0.0	0.0	0.0	0.0	0.0	0.0	0.0	0.0	0.0	0.0	0.0	0.0	0.0	0.0	0.0	0.0	0.0	0.0	0.0	0.0	0.0	0.0	0.0	0.0	0.0	0.0	0.0	0.0	0.0	0.0	0.0	0.0	0.0	0.0	0.0	0.0	0.0	0.0	0.0	0.0	0.0	0.0	0.0	0.0	0.0	0.0	0.0	0.0	0.0	0.0	0.0	0.0	0.0	0.0	0.0	0.0	0.0	0.0	0.0	0.0	0.0	0.0	0.0	0.0	0.0	0.0	0.0	0.0	0.0	0.0	0.0	0.0	0.0	0.0	0.0	0.0	0.0	0.0	0.0	0.0	0.0	0.0	0.0	0.0	0.0	0.0	0.0	0.0	0.0	0.0	0.0	0.0	0.0	0.0	0.0	0.0	0.0	0.0	0.0	0.0	0.0	0.0	0.0	0.0	0.0	0.0	0.0	0.0	0.0	0.0	0.0	0.0	0.0	0.0	0.0	0.0	0.0	0.0	0.0	0.0	0.0	0.0	0.0	0.0	0.0	0.0	0.0	0.0	0.0	0.0	0.0	0.0	0.0	0.0	0.0	0.0	0.0	0.0	0.0	0.0	0.0	0.0	0.0	0.0	0.0	0.0	0.0	0.0	0.0	0.0	0.0	0.0	0.0	0.0	0.0	0.0	0.0	0.0	0.0	0.0	0.0	0.0	0.0	0.0	0.0	0.0	0.0	0.0	0.0	0.0	0.0	0.0	0.645544	0.293429	0.0	0.0	0.0	0.0	0.0	0.0	0.0	0.0	0.0	0.0	0.0	0.0	0.0	0.0	0.0	0.0	0.0	0.0	0.0	0.0	0.0	0.0	0.0	0.0	0.0	0.0	0.0	0.0	0.0	0.0	0.0	0.0	0.0	0.0	0.0	0.0	0.0	0.0	0.0	0.0	0.0	0.0	0.0	0.0	0.0	0.0	0.0	0.0	0.0	0.0	0.0	0.0	0.0	0.0	0.0	0.0	0.0	0.0	0.0	0.938973	0.0	0.0	0.0	0.0	0.0	0.0	0.0
ZJH_N57_1_4	0.345408	7.399	0.363587	1.36345	2.21788	0.381766	0.981685	0.672636	0.0	6.39913	0.0	0.0	0.0	0.0	0.0	0.0	0.0	0.0	0.0	267.582	224.042	15.66155	14.1981	0.0	0.395401	0.0	0.0	2.7269	0.0	0.0	2.99959	3.85402	34.8316	15.452466666666666	36.7041	0.0	37.9221	35.4134	18.518733333333333	0.0	4.172165	0.0	4.96296	4.36305	0.0	0.0	26.9054	41.021725	23.5241	2.3455805609756095	28.69793	27.369845454545455	0.0	0.7534332962962963	0.0	0.0	0.0	6.020887096774194	2.174858	0.0	0.345408	0.0	0.0	61.89165	0.0	0.0	30.4322	0.0	0.0	0.0	68.9907	0.654457	119.838	0.0	0.27269	0.0	0.0	0.0	0.0	58.90116666666666	20.3245	59.3192	0.0	0.0	0.0	0.0	0.0	29.905	34.0318	91.0786	42.40335	35.995149999999995	8.026186666666666	7.38082	0.0	0.0	0.0	2.572375	78.8469	0.890789	0.0	0.0	0.0	0.0	91.8330275	84.57050199999999	0.0	0.0	0.0	0.0	0.0	0.0	10.3077	30.4686	34.55491111111111	6.562749999999999	40.3218	21.8334	42.067	29.4687	50.5023	44.194	33.6318	33.3955	0.0	0.0	0.0	0.0	102.877	27.1054	0.0	0.0	0.0	10.1259	0.0	82.2071	35.4861	0.0	0.0	0.0	0.0	0.0	0.0	0.0	0.763533	0.0	0.0	0.0	0.0	2.5360199999999997	0.0	0.0	0.0	0.0	0.0	0.0	0.0	33.431861	0.0	0.0	22.7606	23.0151	37.3586	26.8146	24.2513	43.9395	38.213	23.793454545454548	62.316746153846154	10.1259	101.77536	85.39750000000001	0.0	0.0	0.0	0.0	0.0	0.0	22.3243	12.0893	6.39913	16.2523	5.90829	11.7984	20.5063	0.0	27.469	40.2491	20.7699	24.913	70.3178	0.0	0.0	0.0	0.227242	0.309049	0.0	11.3076	0.527201	0.0	0.0	99.022775	0.0	10.225885000000002	18.6157	17.0341	0.0	0.0	191.011	0.0	0.0	0.0	0.0	0.0	44.9394	0.0	123.147	19.5428	19.85185	4.38123	32.0866	33.8136	28.687	25.1784	15.916	0.0	0.0	0.708995	2.3773046153846153	5.5447	1.81794	0.0	0.45448399999999994	0.0	0.0	0.0	0.0	0.0	0.0	0.0	0.0	0.0	127.256	31.7412	38.8402095	0.0	0.0	34.8316	34.5953	0.0
ZJH_N58_1_2	0.0	0.0	0.0	0.0	0.0	0.0	0.0	0.0	0.0	0.0	0.0	0.0	0.0	0.0	0.0	0.0	0.0	0.0	0.0	108.678	73.3989	6.51218	0.0	0.0	0.0	0.0	0.0	0.0	0.0	0.0	0.0	0.0	25.1358	0.0	16.4935	0.0	15.9457	19.1714	0.0	0.0	0.0	0.0	0.0	0.0	0.0	0.0	12.5375	16.3717	0.0	0.0	0.0	0.0	0.0	0.0	0.0	0.0	0.0	0.0	0.0	0.0	0.0	0.0	0.0	37.0038	0.0	0.0	0.0	0.0	0.0	0.0	34.691	0.0	54.471	0.0	0.0	0.0	0.0	0.0	0.0	26.190733333333338	6.20787	33.8998	0.0	0.0	0.0	0.0	0.0	10.2856	13.2069	0.0	15.489249999999998	16.0674	10.11315	9.37266	0.0	0.0	0.0	0.0	36.385	0.0	0.0	0.0	0.0	0.0	44.57667142857143	60.831050000000005	0.0	0.0	0.0	0.0	0.0	0.0	23.8577	60.6789	46.33584444444445	0.0	0.0	0.0	0.0	0.0	0.0	18.5627	0.0	17.1021	0.0	0.0	0.0	0.0	44.9766	17.2847	0.0	0.0	0.0	0.0	0.0	28.6657	0.0	0.0	0.0	0.0	0.0	0.0	0.0	0.0	0.0	0.0	0.0	0.0	0.0	1.82584	0.0	0.0	0.0	0.0	0.0	0.0	0.0	26.8399	0.0	0.0	0.0	0.0	0.0	0.0	16.0674	24.1011	15.3979	15.171081818181818	47.600956	5.8427	47.958839999999995	41.111900000000006	0.0	0.0	0.0	0.0	0.0	0.0	0.0	0.0	0.0	0.0	0.0	0.0	0.0	0.0	12.8418	21.3015	11.442	12.78095	29.7613	0.0	0.0	0.0	0.0	0.0	0.0	10.0421	0.0	0.0	0.0	75.10305	0.0	5.47753	9.12922	8.64233	0.0	0.0	0.0	0.0	0.0	0.0	0.0	0.0	0.0	0.0	45.8895	0.0	0.0	0.0	0.0	0.0	0.0	10.3464	7.79027	0.0	0.0	0.0	0.0	0.0	0.0	0.0	0.0	0.0	0.0	0.0	0.0	0.0	0.0	0.0	0.0	0.0	47.5937	16.5543	30.8568	0.0	0.0	0.0	0.0	0.0
ZJH_N58_1_3	0.0	0.0	0.0	0.0	0.0	0.0	0.0	0.0	0.0	0.0	0.0	0.0	0.0	0.0	0.0	0.0	0.0	0.0	0.0	56.2441	43.2897	4.25424	0.0	0.0	0.0	0.0	0.0	0.0	0.0	0.0	0.0	0.0	9.37082	0.0	10.6931	0.0	11.153	11.7854	1.983395	0.0	0.0	0.0	0.0	0.0	0.0	0.0	7.64613	9.08337	0.0	0.0	0.0	0.0	0.0	0.0	0.0	0.0	0.0	0.0	0.0	0.0	0.0	0.0	0.0	16.4995	0.0	0.0	0.0	0.0	0.0	0.0	13.6251	0.0	25.4104	0.0	0.0	0.0	0.0	0.0	0.0	9.25584	3.3344	13.2226	0.0	0.0	0.0	0.0	0.0	5.34654	7.70362	0.0	9.77325	6.49634	3.363145	2.75951	0.0	0.0	0.0	0.0	16.08751666666667	0.0	0.0	0.0	0.0	0.0	23.439385714285713	23.8582	0.0	0.0	0.0	0.0	0.0	0.0	10.4631	28.3999	27.37787777777778	0.0	0.0	0.0	0.0	0.0	0.0	8.9109	0.0	9.83074	0.0	0.0	0.0	0.0	21.7311	6.61132	0.0	0.0	0.0	0.0	0.0	15.1198	0.0	0.0	0.0	0.0	0.0	0.0	0.0	0.0	0.0	0.0	0.0	0.0	0.0	1.20728	0.0	0.0	0.0	0.0	0.0	0.0	0.0	11.7854	0.0	0.0	0.0	0.0	0.0	0.0	10.1757	10.5781	8.79592	8.142634545454547	22.717628	3.67934	18.54618	14.11375	0.0	0.0	0.0	0.0	0.0	0.0	0.0	0.0	0.0	0.0	0.0	0.0	0.0	0.0	6.78378	12.1303	5.74897	5.490265	14.6024	0.0	0.0	0.0	0.0	0.0	0.0	5.74897	0.0	0.0	0.0	43.0598	0.0	2.41457	4.77165	5.34654	0.0	0.0	0.0	0.0	0.0	0.0	0.0	0.0	0.0	0.0	18.9141	0.0	0.0	0.0	0.0	0.0	0.0	5.5765	3.62185	0.0	0.0	0.0	0.0	0.0	0.0	0.0	0.0	0.0	0.0	0.0	0.0	0.0	0.0	0.0	0.0	0.0	24.9505	5.92144	16.557	0.0	0.0	0.0	0.0	0.0
ZJH_N58_1_4	0.471208	1.90446	0.294505	0.824614	0.687178	0.314139	0.706812	0.726445	0.5824653333333333	3.65186	0.0	0.0	0.0	0.0	0.0	0.0	0.0	0.0	0.0	353.7133333333333	273.045	17.7292	18.1611	0.0	0.0	0.0	0.0	0.569376	0.0	0.0	0.981683	2.17934	55.3865	0.0	56.3879	0.0	56.8002	61.1588	20.1147	0.0	0.0	0.0	0.0	0.0	0.0	0.0	39.0513	44.0432	19.0054	2.0089846470588233	6.200309000000001	16.320936363636363	0.0	0.0	0.0	0.0	0.0	2.2559066666666667	0.8102661538461539	0.0	0.0	0.0	0.0	77.71985	0.0	0.0	9.71866	0.0	0.0	0.0	80.5176	2.1597	145.584	0.0	0.0	0.0	0.0	0.0	0.0	69.16933333333334	25.3274	75.2362	0.0	0.0	0.0	0.0	0.0	34.8694	39.2084	44.9611	50.7628	46.8459	17.820800000000002	15.8247	0.0	0.0	0.0	0.0	99.83713333333333	0.0	0.0	0.0	0.0	0.0	143.56142857142856	147.77249999999998	0.0	0.0	0.0	0.0	0.0	0.0	41.6626	121.159	106.09144444444445	3.04322	19.1035	10.5629	20.9491	13.6454	37.5396	60.2164	34.9283	54.2871	0.0	0.0	0.0	0.0	132.154	42.4872	0.0	0.0	0.0	6.93068	0.0	97.3829	34.7123	0.0	0.0	0.0	0.0	0.0	0.0	0.0	3.5667833333333334	0.0	0.0	0.8802423333333333	1.0523631999999998	5.57596	0.0	0.0	0.0	0.0	0.0	0.0	0.0	76.748	0.0	0.0	21.3811	27.9583	44.804	16.0996	48.4362	71.5254	51.5776	42.74606363636363	124.54686538461539	17.4151	132.02460000000002	103.4695	0.0	0.0	0.0	0.0	0.0	0.0	7.28409	4.3194	2.45421	5.63486	1.70813	3.31809	6.47911	0.0	39.4833	57.0554	25.199800000000003	22.10358	94.595	0.0	0.0	0.0	0.0	0.0	0.0	26.1128	0.0	0.0	0.0	242.8195	0.0	24.8955	27.2908	32.5919	0.0	0.0	255.63	0.0	0.0	0.0	0.0	0.0	17.1991	0.0	131.231	7.53932	11.12245	1.59033	9.79719	37.9126	16.2763	28.50805	19.49625	0.0	0.0	0.0	0.484800076923077	2.33641	0.549742	0.0	0.0	0.0	0.0	0.0	0.0	0.0	0.0	0.0	0.0	0.0	168.575	35.3013	90.8057	0.0	0.0	17.0813	15.6284	0.0
ZJH_N58_2_2	0.0	0.0	0.0	0.0	0.0	0.0	0.0	0.0	0.0	0.0	0.0	0.0	0.0	0.0	0.0	0.0	0.0	0.0	0.0	0.0	0.0	0.0	0.0	0.0	0.0	0.0	0.0	0.0	0.0	0.0	0.0	0.0	0.0	0.0	0.0	0.0	0.0	0.0	0.0	0.0	0.0	0.0	0.0	0.0	0.0	0.0	0.0	0.0	0.0	0.0	0.0	0.0	0.0	0.0	0.0	0.0	0.0	0.0	0.0	0.0	0.0	0.0	0.0	0.0	0.0	0.0	0.0	0.0	0.0	0.0	0.0	0.0	0.0	0.0	0.0	0.0	0.0	0.0	0.0	0.0	0.0	0.0	0.0	0.0	4.552461428571428	2.0291520000000003	1.45972875	0.0	0.0	0.0	0.0	0.0	0.0	0.0	0.0	0.0	0.0	0.0	0.0	0.0	0.0	0.0	0.0	0.0	0.0	1.66826	0.0	0.0	0.0	0.0	0.0	0.0	0.0	0.0	0.0	0.0	0.0	0.0	0.0	0.0	0.0	0.0	0.0	0.0	0.0	0.0	0.0	0.0	0.0	0.0	0.0	0.0	0.0	0.0	0.0	0.0	0.0	0.0	0.0	0.0	0.0	0.0	0.0	0.0	0.0	0.0	0.0	0.0	0.0	0.0	0.0	0.0	0.0	0.0	0.0	0.0	0.0	0.0	0.0	0.0	0.0	0.0	0.0	0.0	0.0	0.0	0.0	0.0	0.0	0.0	0.0	0.0	0.0	2.474021666666667	0.0	0.0	0.0	0.0	0.0	0.0	0.0	0.0	0.0	0.0	0.0	0.0	0.0	0.0	0.8852	0.0	0.0	0.0	0.0	0.0	0.0	0.0	0.0	0.0	0.0	0.0	4.59623	0.0	3.50675	0.0	0.0	0.0	0.0	0.0	0.0	0.0	0.0	0.0	0.0	0.0	0.0	0.0	0.0	0.0	0.0	0.0	0.0	0.0	0.0	0.0	0.0	0.0	0.0	0.0	0.0	0.0	0.0	0.0	0.0	0.0	0.0	0.0	0.0	0.0	0.0	0.0	0.0	0.0	1.29375	0.0	0.0	0.0	3.06415	0.0	0.0	0.0
ZJH_N58_2_3	0.0	0.0	0.0	0.0	0.0	0.0	0.0	0.0	0.0	4.27233	0.0	0.0	0.0	0.0	0.0	0.0	0.0	0.0	0.0	63.86233333333333	57.7031	5.046685	0.0	0.0	0.0	0.0	0.0	0.0	0.0	0.0	0.0	1.94925	5.50062	0.0	1.52202	0.0	1.46861	1.57542	3.417863333333333	0.0	0.0	0.0	0.0	0.0	0.0	0.0	6.40849	11.57531	10.3337	0.0	9.148667931034483	12.367854545454547	0.0	0.0	0.0	0.0	0.0	0.0	0.0	0.0	0.0	0.0	0.0	17.3163	0.0	0.0	0.0	0.0	0.0	0.0	15.9678	0.0	30.6539	0.0	0.0	0.0	0.0	0.0	0.0	10.912266666666667	4.93988	13.2709	0.0	0.0	0.0	7.013736	0.0	6.67551	8.38444	40.3201	12.44315	7.1694949999999995	0.40053	0.347126	0.347126	0.0	0.0	0.0	19.16763333333333	1.20159	0.0	0.0	0.0	0.0	20.02652111111111	17.76577	0.0	0.0	0.0	0.0	0.0	0.0	1.22829	2.45659	3.9341	3.9519000000000006	18.6113	14.4458	20.4271	17.7302	22.6967	9.31901	5.68753	7.61008	0.0	0.0	0.0	0.0	22.8569	4.91317	0.0	0.0	0.0	3.87179	0.0	22.2962	13.5646	0.0	0.0	0.0	0.0	0.0	0.0	0.0	0.0	0.0	0.0	0.0	0.0	0.0	0.0	0.0	0.0	0.0	0.0	0.0	1.92255	15.8343	0.0	0.0	7.23625	5.84775	11.5353	8.27763	1.52202	8.81167	10.307	0.0	2.6659316	0.0	24.50712	21.2281	0.0	0.0	0.0	0.0	0.0	0.0	0.0	0.0	0.0	0.0	0.0	0.0	0.0	0.0	6.64881	9.07869	6.221575	7.519282	17.0893	0.0	0.0	0.0	0.0	0.0	0.0	0.453935	0.0	0.0	0.0	20.907702	6.688855	2.5901	6.16817	0.0	0.0	0.0	0.0	0.0	0.0	0.0	0.0	0.0	13.6981	0.0	22.7501	0.0	0.0	0.0	0.0	5.01998	0.0	6.04801	4.59275	0.0	0.0	0.0	0.0	0.0	0.0	0.0	0.0	0.0	0.0	0.0	0.0	0.0	0.0	0.0	0.0	0.0	27.0492	5.60743	7.9705345	0.0	2.50999	15.6207	14.3657	0.0
ZJH_N58_2_4	0.0	9.73726	0.0	0.0	0.0	0.0	0.0	0.0	4.874773333333334	3.78056	0.0	2.28678	0.0	0.0	0.0	0.0	0.0	0.0	0.0	160.40666666666667	138.258	8.73218	0.0	0.0	0.0	0.0	2.28678	0.0	0.0	0.0	0.0	2.26834	18.202	0.0	19.5298	0.82988	20.5995	18.5524	9.903220000000001	0.0	0.0	0.0	0.0	0.0	0.0	0.0	15.7124	22.051775	17.0402	0.0	26.580736666666667	19.885245454545455	0.0	0.0	0.0	0.0	0.0	14.140815625	0.0	0.0	0.0	0.0	0.571695	39.0412	0.0	0.0	44.168	0.0	0.0	0.0	39.5392	6.03046	67.9026	0.0	0.442603	0.239743	0.0	0.0	0.0	35.8139	11.8765	37.4737	0.0	0.0	9.67797857142857	2.1343306666666666	0.3457835	16.7636	20.12	65.247	24.481450000000002	20.72855	4.06641	3.83589	0.0	0.0	1.36469	0.0	48.3236	25.6156	0.31351	0.0	0.0	0.0	58.573685714285716	70.41069999999999	0.0	0.0	0.0	0.0	0.0	1.0143	0.0	0.0	0.0	3.5777	28.8798	17.0955	31.1666	20.747	35.5004	23.6055	22.7756	16.616	0.0	0.0	0.0	0.0	61.4111	13.7022	0.0	0.0	0.0	6.41774	0.0	46.9712	25.8185	1.06962	1.06962	0.922089	0.0	0.0	0.0	0.0	24.386166666666668	0.0	0.0	6.211803333333333	5.9714480000000005	0.792996	0.0	0.0	0.0	0.0	0.0	0.0	3.24575	39.0412	0.0	0.0	13.4994	13.7022	25.0255	18.8475	9.3131	23.1997	24.0112	11.5077	27.017196153846154	3.90966	51.84288333333333	51.49865	0.0	8.323385	0.0	7.147724166666666	0.0	0.0	25.3759	12.983	5.27435	13.3703	5.08993	10.4749	18.368	0.0	14.2186	23.0338	9.050295	15.837799999999998	42.5083	0.0	0.0	0.387277	0.0	0.0	0.0	4.44447	0.0	0.0	4.46291	128.89	90.4569	10.6962	22.0932	9.38686	0.0	0.0	0.0	0.0	0.0	0.0	0.0	0.0	35.777	0.0	97.4832	18.3496	20.488799999999998	5.1637	35.6664	24.4169	24.1587	13.923549999999999	8.898155	0.0	0.0	0.0	0.0	0.0	0.0	0.0	0.0	0.0	0.0	0.0	0.0	0.0	0.0	0.0	0.0	0.0	105.966	17.5935	22.240769	0.0	0.903647	25.9845	24.4538	0.0
ZJH_N59_1_2	0.0	0.0	0.0	0.0	0.0	0.0	0.0	0.0	0.0	0.0	0.0	0.0	0.0	0.0	0.0	0.0	0.0	0.0	0.0	0.0	0.0	0.0	0.0	0.0	0.0	0.0	0.0	0.0	0.0	0.0	0.0	0.0	0.0	0.0	0.0	0.0	0.0	0.0	0.0	0.0	0.0	0.0	0.0	0.0	0.0	0.0	0.0	0.0	0.0	0.0	0.0	0.0	0.0	0.0	0.0	0.0	0.0	0.0	0.0	0.0	0.0	0.0	0.0	0.0	0.0	0.0	0.0	0.0	0.0	0.0	0.0	0.0	0.0	0.0	0.0	0.0	0.0	0.0	0.0	0.0	0.0	0.0	0.0	0.0	0.0	0.0	0.0	0.0	0.0	0.0	0.0	0.0	0.0	0.0	0.0	0.0	0.0	0.0	0.0	0.0	0.0	0.0	0.0	0.0	2.1024	1.01227	0.0	0.0	0.0	0.0	0.0	0.0	0.0	0.0	0.0	0.0	0.0	0.0	0.0	0.0	0.0	0.0	0.0	0.0	0.0	0.0	0.0	0.0	0.0	0.0	0.0	0.0	0.0	0.0	0.0	0.0	0.0	0.0	0.0	0.0	0.0	0.0	0.0	0.0	0.0	0.0	0.0	0.0	0.0	0.0	0.0	0.0	0.0	0.0	0.0	0.0	0.0	0.0	0.0	0.0	0.0	0.0	0.0	0.0	0.0	0.0	0.0	0.0	0.0	0.0	0.0	0.0	0.0	0.0	0.0	0.0	0.0	0.0	0.0	0.0	0.0	0.0	0.0	0.0	0.0	0.0	0.0	0.0	0.0	0.0	0.0	0.0	0.0	0.0	0.0	0.0	0.0	0.0	0.0	0.0	0.0	2.95894	1.94667	0.0	0.0	0.0	0.0	0.0	0.0	0.0	0.0	0.0	0.0	0.0	0.0	0.0	0.0	0.0	0.0	0.0	0.0	0.0	0.0	0.0	0.0	0.0	0.0	0.0	0.0	0.0	0.0	0.0	0.0	0.0	0.0	0.0	0.0	0.0	0.0	0.0	0.0	0.0	0.0	0.0	0.0	0.0	2.23218	0.0	0.0	0.0
ZJH_N59_1_3	0.0	0.0	0.0	0.0	0.0	0.0	0.0	0.0	0.0	0.0	0.0	0.0	0.0	0.0	0.0	0.0	0.0	0.0	0.0	240.65066666666667	0.0	0.0	33.1721	0.0	0.0	0.0	0.0	0.0	0.0	0.0	0.0	0.0	43.7294	0.0	62.1213	2.00033	65.233	62.5381	17.28065	0.361171	0.0	0.0	0.0	0.0	0.0	0.0	36.7561	65.73303333333332	0.0	62.84269642857142	0.0	0.0	0.0	0.0	0.0	1.40764	1.4169	0.0	0.0	0.916818	0.0	0.0	0.0	0.0	0.0	0.0	0.0	0.0	0.0	0.0	98.7941	0.0	168.583	0.0	0.0	0.0	0.0	0.0	0.0	69.7615	25.2819	79.5687	0.0	0.0	0.0	3.117184	0.0	40.3955	38.8953	0.0	60.120999999999995	43.9517	0.0	0.0	0.0	0.0	0.0	26.1293	107.675	9.11261	0.0	0.0	0.0	0.0	136.39050500000002	112.10187	0.0	0.0	0.0	0.0	0.0	0.0	64.2328	190.198	143.749	0.0	0.0	0.0	0.0	0.0	0.0	63.2326	0.0	56.0092	0.0	0.0	0.0	0.0	149.469	0.0	0.0	0.0	0.0	20.0311	0.0	120.325	0.0	1.3844899999999998	1.38912	1.22242	0.0	0.0	0.0	0.0	0.0	0.0	0.0	0.0	0.0	0.0	0.0	0.0	0.0	0.0	0.0	0.0	0.0	39.784355000000005	0.0	0.0	24.3651	28.588	51.3696	0.0	0.0	49.2581	56.9816	56.259254545454546	159.894	21.2813	116.99159999999999	104.656	0.0	0.0	0.0	0.0	0.0	0.0	135.8	69.0669	24.2818	71.7063	23.6706	60.4266	90.9316	0.0	34.9224	53.3699	0.0	0.0	91.5984	4.38961	4.38961	0.0	0.0	0.0	0.0	0.0	0.0	0.0	0.0	155.08812500000002	49.3692	12.9188	36.8394	0.0	0.0	0.0	0.0	0.0	0.0	0.0	0.0	0.0	0.0	0.0	241.901	96.4881	80.3049	17.4751	151.775	64.8162	107.601	33.8528	27.8935	0.0	0.0	0.0	0.0	0.0	0.0	0.0	0.0	0.0	0.0	0.0	0.0	0.0	0.0	0.0	0.0	0.0	169.472	39.7566	39.6037295	0.0	6.72333	0.0	0.0	0.0
ZJH_N59_1_4	0.0	0.0	0.0	0.0	0.0	0.0	0.0	0.0	0.0	0.0	0.0	0.0	0.0	0.0	0.0	0.0	0.0	0.0	0.0	234.751	0.0	0.0	24.8074	0.0	0.0	0.0	0.0	0.0	0.0	0.0	0.0	0.0	55.3215	0.0	50.2749	0.0	51.659	49.6148	16.60925	0.0	0.0	0.0	0.0	0.0	0.0	0.0	37.3282	60.14106666666667	0.0	49.15341515151515	0.0	0.0	0.0	0.0	0.0	0.0	0.0	0.0	0.0	0.0	0.0	0.0	0.0	0.0	0.0	0.0	0.0	0.0	0.0	0.0	83.9405	0.0	159.896	0.0	0.0	0.0	0.0	0.0	0.0	70.4083	26.8729	86.5597	0.0	0.0	0.0	0.0	0.0	37.1153	35.1349	0.0	51.297	42.5239	0.0	0.0	0.0	0.0	0.0	27.3414	98.07611666666666	0.0	0.0	0.0	0.0	0.0	150.06414285714285	160.1515	0.0	0.0	0.0	0.0	0.0	0.0	58.3027	182.084	115.17877777777777	0.0	0.0	0.0	0.0	0.0	0.0	54.0226	0.0	49.8277	0.0	0.0	0.0	0.0	140.795	0.0	0.0	0.0	0.0	20.0376	0.0	98.9314	0.0	0.0	0.0	0.0	0.0	0.0	0.0	0.0	0.0	0.0	0.0	0.0	0.0	0.0	0.0	0.0	0.0	0.0	0.0	0.0	0.0	78.7022	0.0	0.0	27.0432	22.6354	50.7008	0.0	0.0	53.4264	55.1086	51.190554545454546	173.30248	20.2079	136.0594	115.9345	0.0	0.0	0.0	0.0	0.0	0.0	110.366	58.5582	21.081	66.9693	27.4904	48.8908	85.1756	0.0	32.6222	44.3978	0.0	0.0	104.958	0.0	0.0	0.0	0.0	0.0	0.0	0.0	0.0	0.0	0.0	253.919	0.0	24.2963	27.6608	0.0	0.0	0.0	0.0	0.0	0.0	0.0	0.0	0.0	0.0	0.0	204.89	79.3624	78.6597	21.8688	144.138	47.1873	92.1174	30.695149999999998	20.740250000000003	0.0	0.0	0.0	0.0	0.0	0.0	0.0	0.0	0.0	0.0	0.0	0.0	0.0	0.0	0.0	0.0	0.0	185.938	34.8368	93.1608	0.0	0.0	0.0	0.0	0.0
ZJH_N59_2_3	0.0	0.0	0.0	0.0	0.0	0.0	0.0	0.0	0.0	0.0	0.0	0.0	0.0	0.0	0.0	0.0	0.0	0.0	0.0	82.9207	0.0	0.0	11.6281	0.0	7.354535	0.0	0.0	0.0	0.0	0.0	0.0	0.0	16.0011	0.0	20.9372	0.0	23.0243	21.5667	6.3606750000000005	0.0	0.0	0.0	0.0	0.0	0.0	0.0	13.1189	22.041533333333334	0.0	20.947308695652172	0.0	0.0	0.861342	0.0	0.0	2.6392366666666667	2.65028	0.0	0.0	0.0	0.0	2.68341	0.0	0.0	0.0	0.0	0.0	0.0	0.0	0.0	35.4806	0.0	60.5589	0.0	1.06011	0.0	0.0	0.0	0.0	28.2918	9.34224	31.7371	0.0	0.0	0.0	3.533708	0.0	12.887	10.2698	0.0	19.512700000000002	15.8354	0.0	0.0	0.298157	0.0	0.0	9.193165	38.037083333333335	7.75207	0.861342	11.9263	3.51162	0.0	47.44835	43.740700000000004	0.0	0.0	0.0	0.0	0.0	0.0	22.5605	68.311	47.64251111111111	0.0	0.0	0.0	0.0	0.0	0.0	23.8194	0.0	18.1876	0.0	0.0	0.0	0.0	54.3308	0.0	0.0	0.0	0.0	7.98397	0.0	43.299	0.0	5.23431	5.23431	4.985845	0.0	0.0	0.0	0.0	0.0	0.0	0.0	0.0	0.0	0.0	0.0	0.0	0.0	0.0	0.0	0.0	1.8552	14.145885	0.0	0.0	8.44777	10.2367	18.0882	0.0	0.0	17.9225	23.2231	19.527772727272726	53.999480000000005	5.89688	44.79638	41.32785	0.0	0.0	0.0	0.0	0.0	0.0	52.9062	28.1261	10.7999	29.3519	8.9447	24.1507	35.6132	0.0	12.0919	18.5188	0.0	0.0	31.1077	15.6367	15.6367	0.463799	0.0	0.0	0.530056	0.0	0.0	0.861342	0.0	58.438625	22.3949	5.06866	14.9741	0.0	0.0	0.0	0.0	0.0	0.0	0.0	0.0	0.0	0.0	0.0	81.7943	33.4267	30.7764	8.28213	54.132	25.5752	42.4045	11.7772	10.037945	0.0	0.0	0.0	0.0	0.0	0.0	0.0	0.0	0.0	0.0	0.0	0.0	0.0	0.0	0.0	0.0	0.0	57.0804	15.2391	16.43175	0.0	12.3238	0.0	0.0	0.0
ZJH_N59_2_4	0.0	0.0	0.0	0.0	0.0	0.0	0.0	0.0	0.0	0.0	0.0	0.0	0.0	0.0	0.0	0.0	0.0	0.0	0.0	94.55823333333335	0.0	0.0	9.80933	0.0	0.0	0.0	0.0	0.0	0.0	0.0	0.0	0.0	23.3645	0.0	19.923	0.0	20.0869	19.5718	6.61369	0.0	0.0	0.0	0.0	0.0	0.0	0.0	15.5217	25.9319	0.0	22.061520689655172	0.0	0.0	0.0	0.0	0.0	0.0	0.0	0.0	0.0	0.0	0.0	0.0	0.0	0.0	0.0	0.0	0.0	0.0	0.0	0.0	36.7323	0.0	69.157	0.0	0.0	0.0	0.0	0.0	0.0	0.0	10.3244	37.5283	0.0	0.0	0.0	0.0	0.0	14.6555	18.1672	0.0	20.391199999999998	18.4715	0.0	0.0	0.0	0.0	0.0	11.073550000000001	41.56675	0.0	0.0	0.0	0.0	0.0	60.926228571428574	68.7473	0.0	0.0	0.0	0.0	0.0	0.0	24.0434	71.5215	48.22725555555556	0.0	0.0	0.0	0.0	0.0	0.0	20.8361	0.0	19.2441	0.0	0.0	0.0	0.0	58.0132	0.0	0.0	0.0	0.0	8.05349	0.0	38.5584	0.0	0.0	0.0	0.0	0.0	0.0	0.0	0.0	0.0	0.0	0.0	0.0	0.0	0.0	0.0	0.0	0.0	0.0	0.0	0.0	0.0	33.127	0.0	0.0	10.4414	9.22405	21.3979	0.0	0.0	21.7257	22.2173	20.467836363636362	70.48394400000001	8.73241	52.76438	47.0216	0.0	0.0	0.0	0.0	0.0	0.0	46.6587	24.7692	9.36452	25.8929	10.8394	21.4916	34.7892	0.0	13.1806	19.8294	0.0	0.0	38.9564	0.0	0.0	0.0	0.0	0.0	0.0	0.0	0.0	0.0	0.0	105.1988	0.0	9.22405	11.1906	0.0	0.0	0.0	0.0	0.0	0.0	0.0	0.0	0.0	0.0	0.0	85.0767	33.7357	32.0735	10.8394	60.8226	19.408	39.0969	12.6304	7.79596	0.0	0.0	0.0	0.0	0.0	0.0	0.0	0.0	0.0	0.0	0.0	0.0	0.0	0.0	0.0	0.0	0.0	74.2606	17.1605	41.2975	0.0	0.0	0.0	0.0	0.0
