sample_name	species	gene	position	total_depth	wildtype_aa	wildtype_count	wildtype_frequency	dominant_mutant_aa	dominant_mutant_count	dominant_mutant_frequency	total_resistant_frequency	has_resistance_mutation	mutation_summary	all_amino_acids	PatientID	SubjectID	Location	BodySite	Week	subject_complete	total_abx_days	total_abx_days_week1	total_abx_days_week3	any_abx	any_abx_week1	any_abx_week3	mutation_id	is_high_frequency	mutation_present
N01_1_2	Staphylococcus_aureus	parE	470.0	19.0	Y	0.0	0.0	N	19.0	1.0	1.0	True	Y470N(100%)	N:19	N01	N01	UCMC	Axilla	Week 1	True	0.0	0.0	0.0	0.0	0.0	0.0	Staphylococcus_aureus_parE_470.0_Y->N	True	True
N01_1_2	Staphylococcus_aureus	parE	470.0	19.0	Y	0.0	0.0	N	19.0	1.0	1.0	True	Y470N(100%)	N:19	N01	ZJH_N01	ZCH	Axilla	Week 1	True	3.0	3.0	6.0	1.0	1.0	1.0	Staphylococcus_aureus_parE_470.0_Y->N	True	True
N01_1_2	Staphylococcus_aureus	parE	432.0	36.0	D/S	2.0	0.0556	V	34.0	0.9444	0.9444	True	D/S432V(94%)	D:2;V:34	N01	N01	UCMC	Axilla	Week 1	True	0.0	0.0	0.0	0.0	0.0	0.0	Staphylococcus_aureus_parE_432.0_D/S->V	True	True
N01_1_2	Staphylococcus_aureus	parE	432.0	36.0	D/S	2.0	0.0556	V	34.0	0.9444	0.9444	True	D/S432V(94%)	D:2;V:34	N01	ZJH_N01	ZCH	Axilla	Week 1	True	3.0	3.0	6.0	1.0	1.0	1.0	Staphylococcus_aureus_parE_432.0_D/S->V	True	True
N01_1_3	Staphylococcus_aureus	parE	470.0	9.0	Y	0.0	0.0	N	9.0	1.0	1.0	True	Y470N(100%)	N:9	N01	N01	UCMC	Groin	Week 1	True	0.0	0.0	0.0	0.0	0.0	0.0	Staphylococcus_aureus_parE_470.0_Y->N	True	True
N01_1_3	Staphylococcus_aureus	parE	470.0	9.0	Y	0.0	0.0	N	9.0	1.0	1.0	True	Y470N(100%)	N:9	N01	ZJH_N01	ZCH	Groin	Week 1	True	3.0	3.0	6.0	1.0	1.0	1.0	Staphylococcus_aureus_parE_470.0_Y->N	True	True
N01_1_3	Staphylococcus_aureus	parE	432.0	29.0	D/S	4.0	0.1379	V	25.0	0.8621	0.8621	True	D/S432V(86%)	D:4;V:25	N01	N01	UCMC	Groin	Week 1	True	0.0	0.0	0.0	0.0	0.0	0.0	Staphylococcus_aureus_parE_432.0_D/S->V	True	True
N01_1_3	Staphylococcus_aureus	parE	432.0	29.0	D/S	4.0	0.1379	V	25.0	0.8621	0.8621	True	D/S432V(86%)	D:4;V:25	N01	ZJH_N01	ZCH	Groin	Week 1	True	3.0	3.0	6.0	1.0	1.0	1.0	Staphylococcus_aureus_parE_432.0_D/S->V	True	True
N01_1_4	Enterococcus_faecalis	gyrA	87.0	162.0	E/S	0.0	0.0	K	162.0	1.0	1.0	True	E/S87K(100%)	K:162	N01	N01	UCMC	Stool	Week 1	True	0.0	0.0	0.0	0.0	0.0	0.0	Enterococcus_faecalis_gyrA_87.0_E/S->K	True	True
N01_1_4	Enterococcus_faecalis	gyrA	87.0	162.0	E/S	0.0	0.0	K	162.0	1.0	1.0	True	E/S87K(100%)	K:162	N01	ZJH_N01	ZCH	Stool	Week 1	True	3.0	3.0	6.0	1.0	1.0	1.0	Enterococcus_faecalis_gyrA_87.0_E/S->K	True	True
N01_1_4	Enterococcus_faecium	gyrA	87.0	93.0	E/S	0.0	0.0	Y	93.0	1.0	1.0	True	E/S87Y(100%)	Y:93	N01	N01	UCMC	Stool	Week 1	True	0.0	0.0	0.0	0.0	0.0	0.0	Enterococcus_faecium_gyrA_87.0_E/S->Y	True	True
N01_1_4	Enterococcus_faecium	gyrA	87.0	93.0	E/S	0.0	0.0	Y	93.0	1.0	1.0	True	E/S87Y(100%)	Y:93	N01	ZJH_N01	ZCH	Stool	Week 1	True	3.0	3.0	6.0	1.0	1.0	1.0	Enterococcus_faecium_gyrA_87.0_E/S->Y	True	True
N01_1_4	Staphylococcus_aureus	parE	470.0	128.0	Y	0.0	0.0	N	128.0	1.0	1.0	True	Y470N(100%)	N:128	N01	N01	UCMC	Stool	Week 1	True	0.0	0.0	0.0	0.0	0.0	0.0	Staphylococcus_aureus_parE_470.0_Y->N	True	True
N01_1_4	Staphylococcus_aureus	parE	470.0	128.0	Y	0.0	0.0	N	128.0	1.0	1.0	True	Y470N(100%)	N:128	N01	ZJH_N01	ZCH	Stool	Week 1	True	3.0	3.0	6.0	1.0	1.0	1.0	Staphylococcus_aureus_parE_470.0_Y->N	True	True
N01_1_4	Staphylococcus_aureus	parC	80.0	754.0	E/R	0.0	0.0	S	752.0	0.9973	0.9973	True	E/R80S(99%)	P:1;S:752;Y:1	N01	N01	UCMC	Stool	Week 1	True	0.0	0.0	0.0	0.0	0.0	0.0	Staphylococcus_aureus_parC_80.0_E/R->S	True	True
N01_1_4	Staphylococcus_aureus	parC	80.0	754.0	E/R	0.0	0.0	S	752.0	0.9973	0.9973	True	E/R80S(99%)	P:1;S:752;Y:1	N01	ZJH_N01	ZCH	Stool	Week 1	True	3.0	3.0	6.0	1.0	1.0	1.0	Staphylococcus_aureus_parC_80.0_E/R->S	True	True
N01_1_4	Staphylococcus_aureus	parC	84.0	409.0	D/E/S	408.0	0.9976	A	1.0	0.0024	0.0024	True	D/E/S84A(0%)	A:1;D:408	N01	N01	UCMC	Stool	Week 1	True	0.0	0.0	0.0	0.0	0.0	0.0	Staphylococcus_aureus_parC_84.0_D/E/S->A	False	False
N01_1_4	Staphylococcus_aureus	parC	84.0	409.0	D/E/S	408.0	0.9976	A	1.0	0.0024	0.0024	True	D/E/S84A(0%)	A:1;D:408	N01	ZJH_N01	ZCH	Stool	Week 1	True	3.0	3.0	6.0	1.0	1.0	1.0	Staphylococcus_aureus_parC_84.0_D/E/S->A	False	False
N01_1_4	Staphylococcus_aureus	gyrA	84.0	2106.0	G/S	0.0	0.9972	Y	2.0	0.0009	0.0009	True	G/S84Y(0%)	C:1;F:1;K:2;S:2100;Y:2	N01	N01	UCMC	Stool	Week 1	True	0.0	0.0	0.0	0.0	0.0	0.0	Staphylococcus_aureus_gyrA_84.0_G/S->Y	False	False
N01_1_4	Staphylococcus_aureus	gyrA	84.0	2106.0	G/S	0.0	0.9972	Y	2.0	0.0009	0.0009	True	G/S84Y(0%)	C:1;F:1;K:2;S:2100;Y:2	N01	ZJH_N01	ZCH	Stool	Week 1	True	3.0	3.0	6.0	1.0	1.0	1.0	Staphylococcus_aureus_gyrA_84.0_G/S->Y	False	False
N01_2_2	Staphylococcus_aureus	parE	470.0	24.0	Y	0.0	0.0	N	24.0	1.0	1.0	True	Y470N(100%)	N:24	N01	N01	UCMC	Axilla	Week 3	True	0.0	0.0	0.0	0.0	0.0	0.0	Staphylococcus_aureus_parE_470.0_Y->N	True	True
N01_2_2	Staphylococcus_aureus	parE	470.0	24.0	Y	0.0	0.0	N	24.0	1.0	1.0	True	Y470N(100%)	N:24	N01	ZJH_N01	ZCH	Axilla	Week 3	True	6.0	3.0	6.0	1.0	1.0	1.0	Staphylococcus_aureus_parE_470.0_Y->N	True	True
N01_2_2	Staphylococcus_aureus	parE	432.0	224.0	D/S	5.0	0.0223	V	218.0	0.9732	0.9732	True	D/S432V(97%)	D:5;G:1;V:218	N01	N01	UCMC	Axilla	Week 3	True	0.0	0.0	0.0	0.0	0.0	0.0	Staphylococcus_aureus_parE_432.0_D/S->V	True	True
N01_2_2	Staphylococcus_aureus	parE	432.0	224.0	D/S	5.0	0.0223	V	218.0	0.9732	0.9732	True	D/S432V(97%)	D:5;G:1;V:218	N01	ZJH_N01	ZCH	Axilla	Week 3	True	6.0	3.0	6.0	1.0	1.0	1.0	Staphylococcus_aureus_parE_432.0_D/S->V	True	True
N01_2_2	Streptococcus_mitis	gyrA	81.0	19.0	S	7.0	0.3684	F	12.0	0.6316	0.6316	True	S81F(63%)	F:12;S:7	N01	N01	UCMC	Axilla	Week 3	True	0.0	0.0	0.0	0.0	0.0	0.0	Streptococcus_mitis_gyrA_81.0_S->F	False	True
N01_2_2	Streptococcus_mitis	gyrA	81.0	19.0	S	7.0	0.3684	F	12.0	0.6316	0.6316	True	S81F(63%)	F:12;S:7	N01	ZJH_N01	ZCH	Axilla	Week 3	True	6.0	3.0	6.0	1.0	1.0	1.0	Streptococcus_mitis_gyrA_81.0_S->F	False	True
N01_2_2	Streptococcus_oralis	gyrA	81.0	23.0	S	11.0	0.4783	F	12.0	0.5217	0.5217	True	S81F(52%)	F:12;S:11	N01	N01	UCMC	Axilla	Week 3	True	0.0	0.0	0.0	0.0	0.0	0.0	Streptococcus_oralis_gyrA_81.0_S->F	False	True
N01_2_2	Streptococcus_oralis	gyrA	81.0	23.0	S	11.0	0.4783	F	12.0	0.5217	0.5217	True	S81F(52%)	F:12;S:11	N01	ZJH_N01	ZCH	Axilla	Week 3	True	6.0	3.0	6.0	1.0	1.0	1.0	Streptococcus_oralis_gyrA_81.0_S->F	False	True
N01_2_3	Enterococcus_faecalis	gyrA	87.0	24.0	E/S	0.0	0.0	K	24.0	1.0	1.0	True	E/S87K(100%)	K:24	N01	N01	UCMC	Groin	Week 3	True	0.0	0.0	0.0	0.0	0.0	0.0	Enterococcus_faecalis_gyrA_87.0_E/S->K	True	True
N01_2_3	Enterococcus_faecalis	gyrA	87.0	24.0	E/S	0.0	0.0	K	24.0	1.0	1.0	True	E/S87K(100%)	K:24	N01	ZJH_N01	ZCH	Groin	Week 3	True	6.0	3.0	6.0	1.0	1.0	1.0	Enterococcus_faecalis_gyrA_87.0_E/S->K	True	True
N01_2_3	Klebsiella_pneumoniae	gyrA	154.0	52.0	K	0.0	0.0	R	52.0	1.0	1.0	True	K154R(100%)	R:52	N01	N01	UCMC	Groin	Week 3	True	0.0	0.0	0.0	0.0	0.0	0.0	Klebsiella_pneumoniae_gyrA_154.0_K->R	True	True
N01_2_3	Klebsiella_pneumoniae	gyrA	154.0	52.0	K	0.0	0.0	R	52.0	1.0	1.0	True	K154R(100%)	R:52	N01	ZJH_N01	ZCH	Groin	Week 3	True	6.0	3.0	6.0	1.0	1.0	1.0	Klebsiella_pneumoniae_gyrA_154.0_K->R	True	True
N01_2_3	Staphylococcus_aureus	parC	80.0	85.0	E/R	0.0	0.0	S	85.0	1.0	1.0	True	E/R80S(100%)	S:85	N01	N01	UCMC	Groin	Week 3	True	0.0	0.0	0.0	0.0	0.0	0.0	Staphylococcus_aureus_parC_80.0_E/R->S	True	True
N01_2_3	Staphylococcus_aureus	parC	80.0	85.0	E/R	0.0	0.0	S	85.0	1.0	1.0	True	E/R80S(100%)	S:85	N01	ZJH_N01	ZCH	Groin	Week 3	True	6.0	3.0	6.0	1.0	1.0	1.0	Staphylococcus_aureus_parC_80.0_E/R->S	True	True
N01_2_3	Enterococcus_faecium	gyrA	87.0	7.0	E/S	0.0	0.0	Y	7.0	1.0	1.0	True	E/S87Y(100%)	Y:7	N01	N01	UCMC	Groin	Week 3	True	0.0	0.0	0.0	0.0	0.0	0.0	Enterococcus_faecium_gyrA_87.0_E/S->Y	True	True
N01_2_3	Enterococcus_faecium	gyrA	87.0	7.0	E/S	0.0	0.0	Y	7.0	1.0	1.0	True	E/S87Y(100%)	Y:7	N01	ZJH_N01	ZCH	Groin	Week 3	True	6.0	3.0	6.0	1.0	1.0	1.0	Enterococcus_faecium_gyrA_87.0_E/S->Y	True	True
N01_2_3	Staphylococcus_aureus	parE	432.0	89.0	D/S	86.0	0.9663	V	3.0	0.0337	0.0337	True	D/S432V(3%)	D:86;V:3	N01	N01	UCMC	Groin	Week 3	True	0.0	0.0	0.0	0.0	0.0	0.0	Staphylococcus_aureus_parE_432.0_D/S->V	False	False
N01_2_3	Staphylococcus_aureus	parE	432.0	89.0	D/S	86.0	0.9663	V	3.0	0.0337	0.0337	True	D/S432V(3%)	D:86;V:3	N01	ZJH_N01	ZCH	Groin	Week 3	True	6.0	3.0	6.0	1.0	1.0	1.0	Staphylococcus_aureus_parE_432.0_D/S->V	False	False
N01_2_3	Klebsiella_pneumoniae	gyrA	87.0	113.0	D/S	112.0	0.9912	Y	1.0	0.0088	0.0088	True	D/S87Y(0%)	D:112;Y:1	N01	N01	UCMC	Groin	Week 3	True	0.0	0.0	0.0	0.0	0.0	0.0	Klebsiella_pneumoniae_gyrA_87.0_D/S->Y	False	False
N01_2_3	Klebsiella_pneumoniae	gyrA	87.0	113.0	D/S	112.0	0.9912	Y	1.0	0.0088	0.0088	True	D/S87Y(0%)	D:112;Y:1	N01	ZJH_N01	ZCH	Groin	Week 3	True	6.0	3.0	6.0	1.0	1.0	1.0	Klebsiella_pneumoniae_gyrA_87.0_D/S->Y	False	False
N01_2_4	Enterococcus_faecium	gyrA	87.0	178.0	E/S	0.0	0.0	Y	178.0	1.0	1.0	True	E/S87Y(100%)	Y:178	N01	N01	UCMC	Stool	Week 3	True	0.0	0.0	0.0	0.0	0.0	0.0	Enterococcus_faecium_gyrA_87.0_E/S->Y	True	True
N01_2_4	Enterococcus_faecium	gyrA	87.0	178.0	E/S	0.0	0.0	Y	178.0	1.0	1.0	True	E/S87Y(100%)	Y:178	N01	ZJH_N01	ZCH	Stool	Week 3	True	6.0	3.0	6.0	1.0	1.0	1.0	Enterococcus_faecium_gyrA_87.0_E/S->Y	True	True
N01_2_4	Enterococcus_faecalis	gyrA	87.0	321.0	E/S	0.0	0.0	K	321.0	1.0	1.0	True	E/S87K(100%)	K:321	N01	N01	UCMC	Stool	Week 3	True	0.0	0.0	0.0	0.0	0.0	0.0	Enterococcus_faecalis_gyrA_87.0_E/S->K	True	True
N01_2_4	Enterococcus_faecalis	gyrA	87.0	321.0	E/S	0.0	0.0	K	321.0	1.0	1.0	True	E/S87K(100%)	K:321	N01	ZJH_N01	ZCH	Stool	Week 3	True	6.0	3.0	6.0	1.0	1.0	1.0	Enterococcus_faecalis_gyrA_87.0_E/S->K	True	True
N01_2_4	Klebsiella_pneumoniae	gyrA	154.0	317.0	K	0.0	0.0	R	316.0	0.9968	0.9968	True	K154R(99%)	L:1;R:316	N01	N01	UCMC	Stool	Week 3	True	0.0	0.0	0.0	0.0	0.0	0.0	Klebsiella_pneumoniae_gyrA_154.0_K->R	True	True
N01_2_4	Klebsiella_pneumoniae	gyrA	154.0	317.0	K	0.0	0.0	R	316.0	0.9968	0.9968	True	K154R(99%)	L:1;R:316	N01	ZJH_N01	ZCH	Stool	Week 3	True	6.0	3.0	6.0	1.0	1.0	1.0	Klebsiella_pneumoniae_gyrA_154.0_K->R	True	True
N01_2_4	Klebsiella_oxytoca	parC	80.0	439.0	S	436.0	0.9932	R	3.0	0.0068	0.0068	True	S80R(0%)	R:3;S:436	N01	N01	UCMC	Stool	Week 3	True	0.0	0.0	0.0	0.0	0.0	0.0	Klebsiella_oxytoca_parC_80.0_S->R	False	False
N01_2_4	Klebsiella_oxytoca	parC	80.0	439.0	S	436.0	0.9932	R	3.0	0.0068	0.0068	True	S80R(0%)	R:3;S:436	N01	ZJH_N01	ZCH	Stool	Week 3	True	6.0	3.0	6.0	1.0	1.0	1.0	Klebsiella_oxytoca_parC_80.0_S->R	False	False
N01_2_4	Klebsiella_pneumoniae	gyrA	87.0	579.0	D/S	561.0	0.9689	A	11.0	0.019	0.0017	True	D/S87N(0%)	A:11;D:561;E:6;N:1	N01	N01	UCMC	Stool	Week 3	True	0.0	0.0	0.0	0.0	0.0	0.0	Klebsiella_pneumoniae_gyrA_87.0_D/S->A	False	False
N01_2_4	Klebsiella_pneumoniae	gyrA	87.0	579.0	D/S	561.0	0.9689	A	11.0	0.019	0.0017	True	D/S87N(0%)	A:11;D:561;E:6;N:1	N01	ZJH_N01	ZCH	Stool	Week 3	True	6.0	3.0	6.0	1.0	1.0	1.0	Klebsiella_pneumoniae_gyrA_87.0_D/S->A	False	False
N02_1_2	Staphylococcus_aureus	parE	470.0	32.0	Y	0.0	0.0	N	32.0	1.0	1.0	True	Y470N(100%)	N:32	N02	N02	UCMC	Axilla	Week 1	True	0.0	0.0	0.0	0.0	0.0	0.0	Staphylococcus_aureus_parE_470.0_Y->N	True	True
N02_1_2	Staphylococcus_aureus	parE	470.0	32.0	Y	0.0	0.0	N	32.0	1.0	1.0	True	Y470N(100%)	N:32	N02	ZJH_N02	ZCH	Axilla	Week 1	True	12.0	12.0	20.0	1.0	1.0	1.0	Staphylococcus_aureus_parE_470.0_Y->N	True	True
N02_1_2	Staphylococcus_aureus	parC	80.0	64.0	E/R	0.0	0.0	S	61.0	0.9531	0.9531	True	E/R80S(95%)	S:61;Y:3	N02	N02	UCMC	Axilla	Week 1	True	0.0	0.0	0.0	0.0	0.0	0.0	Staphylococcus_aureus_parC_80.0_E/R->S	True	True
N02_1_2	Staphylococcus_aureus	parC	80.0	64.0	E/R	0.0	0.0	S	61.0	0.9531	0.9531	True	E/R80S(95%)	S:61;Y:3	N02	ZJH_N02	ZCH	Axilla	Week 1	True	12.0	12.0	20.0	1.0	1.0	1.0	Staphylococcus_aureus_parC_80.0_E/R->S	True	True
N02_1_4	Staphylococcus_aureus	parC	80.0	257.0	E/R	0.0	0.0	S	257.0	1.0	1.0	True	E/R80S(100%)	S:257	N02	N02	UCMC	Stool	Week 1	True	0.0	0.0	0.0	0.0	0.0	0.0	Staphylococcus_aureus_parC_80.0_E/R->S	True	True
N02_1_4	Staphylococcus_aureus	parC	80.0	257.0	E/R	0.0	0.0	S	257.0	1.0	1.0	True	E/R80S(100%)	S:257	N02	ZJH_N02	ZCH	Stool	Week 1	True	12.0	12.0	20.0	1.0	1.0	1.0	Staphylococcus_aureus_parC_80.0_E/R->S	True	True
N02_1_4	Enterococcus_faecium	gyrA	87.0	743.0	E/S	0.0	0.0	Y	743.0	1.0	1.0	True	E/S87Y(100%)	Y:743	N02	N02	UCMC	Stool	Week 1	True	0.0	0.0	0.0	0.0	0.0	0.0	Enterococcus_faecium_gyrA_87.0_E/S->Y	True	True
N02_1_4	Enterococcus_faecium	gyrA	87.0	743.0	E/S	0.0	0.0	Y	743.0	1.0	1.0	True	E/S87Y(100%)	Y:743	N02	ZJH_N02	ZCH	Stool	Week 1	True	12.0	12.0	20.0	1.0	1.0	1.0	Enterococcus_faecium_gyrA_87.0_E/S->Y	True	True
N02_1_4	Staphylococcus_aureus	parE	470.0	34.0	Y	0.0	0.0	N	34.0	1.0	1.0	True	Y470N(100%)	N:34	N02	N02	UCMC	Stool	Week 1	True	0.0	0.0	0.0	0.0	0.0	0.0	Staphylococcus_aureus_parE_470.0_Y->N	True	True
N02_1_4	Staphylococcus_aureus	parE	470.0	34.0	Y	0.0	0.0	N	34.0	1.0	1.0	True	Y470N(100%)	N:34	N02	ZJH_N02	ZCH	Stool	Week 1	True	12.0	12.0	20.0	1.0	1.0	1.0	Staphylococcus_aureus_parE_470.0_Y->N	True	True
N02_1_4	Enterococcus_faecalis	gyrA	87.0	959.0	E/S	0.0	0.0	K	956.0	0.9969	0.9969	True	E/S87K(99%)	K:956;N:2;Q:1	N02	N02	UCMC	Stool	Week 1	True	0.0	0.0	0.0	0.0	0.0	0.0	Enterococcus_faecalis_gyrA_87.0_E/S->K	True	True
N02_1_4	Enterococcus_faecalis	gyrA	87.0	959.0	E/S	0.0	0.0	K	956.0	0.9969	0.9969	True	E/S87K(99%)	K:956;N:2;Q:1	N02	ZJH_N02	ZCH	Stool	Week 1	True	12.0	12.0	20.0	1.0	1.0	1.0	Enterococcus_faecalis_gyrA_87.0_E/S->K	True	True
N02_1_4	Klebsiella_pneumoniae	gyrA	87.0	164.0	D/S	161.0	0.9817	A	2.0	0.0122	0.0061	True	D/S87Y(0%)	A:2;D:161;Y:1	N02	N02	UCMC	Stool	Week 1	True	0.0	0.0	0.0	0.0	0.0	0.0	Klebsiella_pneumoniae_gyrA_87.0_D/S->A	False	False
N02_1_4	Klebsiella_pneumoniae	gyrA	87.0	164.0	D/S	161.0	0.9817	A	2.0	0.0122	0.0061	True	D/S87Y(0%)	A:2;D:161;Y:1	N02	ZJH_N02	ZCH	Stool	Week 1	True	12.0	12.0	20.0	1.0	1.0	1.0	Klebsiella_pneumoniae_gyrA_87.0_D/S->A	False	False
N02_2_2	Staphylococcus_aureus	parE	470.0	8.0	Y	0.0	0.0	N	8.0	1.0	1.0	True	Y470N(100%)	N:8	N02	N02	UCMC	Axilla	Week 3	True	0.0	0.0	0.0	0.0	0.0	0.0	Staphylococcus_aureus_parE_470.0_Y->N	True	True
N02_2_2	Staphylococcus_aureus	parE	470.0	8.0	Y	0.0	0.0	N	8.0	1.0	1.0	True	Y470N(100%)	N:8	N02	ZJH_N02	ZCH	Axilla	Week 3	True	20.0	12.0	20.0	1.0	1.0	1.0	Staphylococcus_aureus_parE_470.0_Y->N	True	True
N02_2_2	Klebsiella_pneumoniae	gyrA	154.0	18.0	K	0.0	0.0	R	18.0	1.0	1.0	True	K154R(100%)	R:18	N02	N02	UCMC	Axilla	Week 3	True	0.0	0.0	0.0	0.0	0.0	0.0	Klebsiella_pneumoniae_gyrA_154.0_K->R	True	True
N02_2_2	Klebsiella_pneumoniae	gyrA	154.0	18.0	K	0.0	0.0	R	18.0	1.0	1.0	True	K154R(100%)	R:18	N02	ZJH_N02	ZCH	Axilla	Week 3	True	20.0	12.0	20.0	1.0	1.0	1.0	Klebsiella_pneumoniae_gyrA_154.0_K->R	True	True
N02_2_2	Staphylococcus_aureus	parE	432.0	40.0	D/S	34.0	0.85	V	6.0	0.15	0.15	True	D/S432V(15%)	D:34;V:6	N02	N02	UCMC	Axilla	Week 3	True	0.0	0.0	0.0	0.0	0.0	0.0	Staphylococcus_aureus_parE_432.0_D/S->V	False	True
N02_2_2	Staphylococcus_aureus	parE	432.0	40.0	D/S	34.0	0.85	V	6.0	0.15	0.15	True	D/S432V(15%)	D:34;V:6	N02	ZJH_N02	ZCH	Axilla	Week 3	True	20.0	12.0	20.0	1.0	1.0	1.0	Staphylococcus_aureus_parE_432.0_D/S->V	False	True
N02_2_3	Enterococcus_faecalis	gyrA	87.0	24.0	E/S	0.0	0.0	K	24.0	1.0	1.0	True	E/S87K(100%)	K:24	N02	N02	UCMC	Groin	Week 3	True	0.0	0.0	0.0	0.0	0.0	0.0	Enterococcus_faecalis_gyrA_87.0_E/S->K	True	True
N02_2_3	Enterococcus_faecalis	gyrA	87.0	24.0	E/S	0.0	0.0	K	24.0	1.0	1.0	True	E/S87K(100%)	K:24	N02	ZJH_N02	ZCH	Groin	Week 3	True	20.0	12.0	20.0	1.0	1.0	1.0	Enterococcus_faecalis_gyrA_87.0_E/S->K	True	True
N02_2_3	Klebsiella_pneumoniae	gyrA	154.0	31.0	K	0.0	0.0	R	30.0	0.9677	0.9677	True	K154R(96%)	G:1;R:30	N02	N02	UCMC	Groin	Week 3	True	0.0	0.0	0.0	0.0	0.0	0.0	Klebsiella_pneumoniae_gyrA_154.0_K->R	True	True
N02_2_3	Klebsiella_pneumoniae	gyrA	154.0	31.0	K	0.0	0.0	R	30.0	0.9677	0.9677	True	K154R(96%)	G:1;R:30	N02	ZJH_N02	ZCH	Groin	Week 3	True	20.0	12.0	20.0	1.0	1.0	1.0	Klebsiella_pneumoniae_gyrA_154.0_K->R	True	True
N02_2_4	Staphylococcus_aureus	parC	80.0	11.0	E/R	0.0	0.0	S	11.0	1.0	1.0	True	E/R80S(100%)	S:11	N02	N02	UCMC	Stool	Week 3	True	0.0	0.0	0.0	0.0	0.0	0.0	Staphylococcus_aureus_parC_80.0_E/R->S	True	True
N02_2_4	Staphylococcus_aureus	parC	80.0	11.0	E/R	0.0	0.0	S	11.0	1.0	1.0	True	E/R80S(100%)	S:11	N02	ZJH_N02	ZCH	Stool	Week 3	True	20.0	12.0	20.0	1.0	1.0	1.0	Staphylococcus_aureus_parC_80.0_E/R->S	True	True
N02_2_4	Klebsiella_pneumoniae	gyrA	154.0	176.0	K	0.0	0.0	R	175.0	0.9943	0.9943	True	K154R(99%)	R:175;S:1	N02	N02	UCMC	Stool	Week 3	True	0.0	0.0	0.0	0.0	0.0	0.0	Klebsiella_pneumoniae_gyrA_154.0_K->R	True	True
N02_2_4	Klebsiella_pneumoniae	gyrA	154.0	176.0	K	0.0	0.0	R	175.0	0.9943	0.9943	True	K154R(99%)	R:175;S:1	N02	ZJH_N02	ZCH	Stool	Week 3	True	20.0	12.0	20.0	1.0	1.0	1.0	Klebsiella_pneumoniae_gyrA_154.0_K->R	True	True
N02_2_4	Enterococcus_faecium	gyrA	87.0	186.0	E/S	0.0	0.0	Y	184.0	0.9892	0.9892	True	E/S87Y(98%)	F:2;Y:184	N02	N02	UCMC	Stool	Week 3	True	0.0	0.0	0.0	0.0	0.0	0.0	Enterococcus_faecium_gyrA_87.0_E/S->Y	True	True
N02_2_4	Enterococcus_faecium	gyrA	87.0	186.0	E/S	0.0	0.0	Y	184.0	0.9892	0.9892	True	E/S87Y(98%)	F:2;Y:184	N02	ZJH_N02	ZCH	Stool	Week 3	True	20.0	12.0	20.0	1.0	1.0	1.0	Enterococcus_faecium_gyrA_87.0_E/S->Y	True	True
N02_2_4	Enterococcus_faecalis	gyrA	87.0	336.0	E/S	2.0	0.006	K	332.0	0.9881	0.9881	True	E/S87K(98%)	E:2;K:332;N:2	N02	N02	UCMC	Stool	Week 3	True	0.0	0.0	0.0	0.0	0.0	0.0	Enterococcus_faecalis_gyrA_87.0_E/S->K	True	True
N02_2_4	Enterococcus_faecalis	gyrA	87.0	336.0	E/S	2.0	0.006	K	332.0	0.9881	0.9881	True	E/S87K(98%)	E:2;K:332;N:2	N02	ZJH_N02	ZCH	Stool	Week 3	True	20.0	12.0	20.0	1.0	1.0	1.0	Enterococcus_faecalis_gyrA_87.0_E/S->K	True	True
N02_2_4	Escherichia_coli	parE	475.0	491.0	D	489.0	0.9959	V	2.0	0.0041	0.0041	True	D475V(0%)	D:489;V:2	N02	N02	UCMC	Stool	Week 3	True	0.0	0.0	0.0	0.0	0.0	0.0	Escherichia_coli_parE_475.0_D->V	False	False
N02_2_4	Escherichia_coli	parE	475.0	491.0	D	489.0	0.9959	V	2.0	0.0041	0.0041	True	D475V(0%)	D:489;V:2	N02	ZJH_N02	ZCH	Stool	Week 3	True	20.0	12.0	20.0	1.0	1.0	1.0	Escherichia_coli_parE_475.0_D->V	False	False
N03_1_4	Enterococcus_faecalis	gyrA	87.0	287.0	E/S	0.0	0.0	K	287.0	1.0	1.0	True	E/S87K(100%)	K:287	N03	N03	UCMC	Stool	Week 1	False	0.0	0.0	0.0	0.0	0.0	0.0	Enterococcus_faecalis_gyrA_87.0_E/S->K	True	True
N03_1_4	Staphylococcus_aureus	parC	80.0	130.0	E/R	0.0	0.0	S	130.0	1.0	1.0	True	E/R80S(100%)	S:130	N03	N03	UCMC	Stool	Week 1	False	0.0	0.0	0.0	0.0	0.0	0.0	Staphylococcus_aureus_parC_80.0_E/R->S	True	True
N03_1_4	Staphylococcus_aureus	parE	470.0	24.0	Y	0.0	0.0	N	24.0	1.0	1.0	True	Y470N(100%)	N:24	N03	N03	UCMC	Stool	Week 1	False	0.0	0.0	0.0	0.0	0.0	0.0	Staphylococcus_aureus_parE_470.0_Y->N	True	True
N03_1_4	Enterococcus_faecium	gyrA	87.0	303.0	E/S	0.0	0.0	Y	303.0	1.0	1.0	True	E/S87Y(100%)	Y:303	N03	N03	UCMC	Stool	Week 1	False	0.0	0.0	0.0	0.0	0.0	0.0	Enterococcus_faecium_gyrA_87.0_E/S->Y	True	True
N03_1_4	Pseudomonas_aeruginosa	gyrA	87.0	8.0	D/S	1.0	0.125	Y	7.0	0.875	0.875	True	D/S87Y(87%)	D:1;Y:7	N03	N03	UCMC	Stool	Week 1	False	0.0	0.0	0.0	0.0	0.0	0.0	Pseudomonas_aeruginosa_gyrA_87.0_D/S->Y	True	True
N03_1_4	Klebsiella_pneumoniae	gyrA	87.0	57.0	D/S	56.0	0.9825	N	1.0	0.0175	0.0175	True	D/S87N(1%)	D:56;N:1	N03	N03	UCMC	Stool	Week 1	False	0.0	0.0	0.0	0.0	0.0	0.0	Klebsiella_pneumoniae_gyrA_87.0_D/S->N	False	False
N03_2_2	Staphylococcus_aureus	parE	470.0	44.0	Y	0.0	0.0	N	44.0	1.0	1.0	True	Y470N(100%)	N:44	N03	N03	UCMC	Axilla	Week 3	False	0.0	0.0	0.0	0.0	0.0	0.0	Staphylococcus_aureus_parE_470.0_Y->N	True	True
N03_2_2	Staphylococcus_aureus	parE	470.0	44.0	Y	0.0	0.0	N	44.0	1.0	1.0	True	Y470N(100%)	N:44	N03	ZJH_N03	ZCH	Axilla	Week 3	False	12.0	12.0	12.0	1.0	1.0	1.0	Staphylococcus_aureus_parE_470.0_Y->N	True	True
N03_2_2	Enterococcus_faecium	gyrA	87.0	10.0	E/S	0.0	0.0	Y	10.0	1.0	1.0	True	E/S87Y(100%)	Y:10	N03	N03	UCMC	Axilla	Week 3	False	0.0	0.0	0.0	0.0	0.0	0.0	Enterococcus_faecium_gyrA_87.0_E/S->Y	True	True
N03_2_2	Enterococcus_faecium	gyrA	87.0	10.0	E/S	0.0	0.0	Y	10.0	1.0	1.0	True	E/S87Y(100%)	Y:10	N03	ZJH_N03	ZCH	Axilla	Week 3	False	12.0	12.0	12.0	1.0	1.0	1.0	Enterococcus_faecium_gyrA_87.0_E/S->Y	True	True
N03_2_3	Enterococcus_faecium	gyrA	87.0	9.0	E/S	0.0	0.0	Y	9.0	1.0	1.0	True	E/S87Y(100%)	Y:9	N03	N03	UCMC	Groin	Week 3	False	0.0	0.0	0.0	0.0	0.0	0.0	Enterococcus_faecium_gyrA_87.0_E/S->Y	True	True
N03_2_4	Klebsiella_pneumoniae	gyrA	154.0	34.0	K	0.0	0.0	R	34.0	1.0	1.0	True	K154R(100%)	R:34	N03	N03	UCMC	Stool	Week 3	False	0.0	0.0	0.0	0.0	0.0	0.0	Klebsiella_pneumoniae_gyrA_154.0_K->R	True	True
N03_2_4	Klebsiella_pneumoniae	gyrA	154.0	34.0	K	0.0	0.0	R	34.0	1.0	1.0	True	K154R(100%)	R:34	N03	ZJH_N03	ZCH	Stool	Week 3	False	12.0	12.0	12.0	1.0	1.0	1.0	Klebsiella_pneumoniae_gyrA_154.0_K->R	True	True
N03_2_4	Enterococcus_faecium	gyrA	87.0	419.0	E/S	0.0	0.0	Y	419.0	1.0	1.0	True	E/S87Y(100%)	Y:419	N03	N03	UCMC	Stool	Week 3	False	0.0	0.0	0.0	0.0	0.0	0.0	Enterococcus_faecium_gyrA_87.0_E/S->Y	True	True
N03_2_4	Enterococcus_faecium	gyrA	87.0	419.0	E/S	0.0	0.0	Y	419.0	1.0	1.0	True	E/S87Y(100%)	Y:419	N03	ZJH_N03	ZCH	Stool	Week 3	False	12.0	12.0	12.0	1.0	1.0	1.0	Enterococcus_faecium_gyrA_87.0_E/S->Y	True	True
N03_2_4	Enterococcus_faecalis	gyrA	87.0	448.0	E/S	0.0	0.0	K	446.0	0.9955	0.9955	True	E/S87K(99%)	K:446;N:2	N03	N03	UCMC	Stool	Week 3	False	0.0	0.0	0.0	0.0	0.0	0.0	Enterococcus_faecalis_gyrA_87.0_E/S->K	True	True
N03_2_4	Enterococcus_faecalis	gyrA	87.0	448.0	E/S	0.0	0.0	K	446.0	0.9955	0.9955	True	E/S87K(99%)	K:446;N:2	N03	ZJH_N03	ZCH	Stool	Week 3	False	12.0	12.0	12.0	1.0	1.0	1.0	Enterococcus_faecalis_gyrA_87.0_E/S->K	True	True
N04_1_2	Staphylococcus_aureus	parE	470.0	63.0	Y	0.0	0.0	N	63.0	1.0	1.0	True	Y470N(100%)	N:63	N04	N04	UCMC	Axilla	Week 1	True	0.0	0.0	0.0	0.0	0.0	0.0	Staphylococcus_aureus_parE_470.0_Y->N	True	True
N04_1_2	Staphylococcus_aureus	parE	470.0	63.0	Y	0.0	0.0	N	63.0	1.0	1.0	True	Y470N(100%)	N:63	N04	ZJH_N04	ZCH	Axilla	Week 1	True	7.0	7.0	2.0	1.0	1.0	1.0	Staphylococcus_aureus_parE_470.0_Y->N	True	True
N04_1_2	Staphylococcus_aureus	parC	84.0	23.0	D/E/S	4.0	0.1739	N	19.0	0.8261	0.8261	True	D/E/S84N(82%)	D:4;N:19	N04	N04	UCMC	Axilla	Week 1	True	0.0	0.0	0.0	0.0	0.0	0.0	Staphylococcus_aureus_parC_84.0_D/E/S->N	True	True
N04_1_2	Staphylococcus_aureus	parC	84.0	23.0	D/E/S	4.0	0.1739	N	19.0	0.8261	0.8261	True	D/E/S84N(82%)	D:4;N:19	N04	ZJH_N04	ZCH	Axilla	Week 1	True	7.0	7.0	2.0	1.0	1.0	1.0	Staphylococcus_aureus_parC_84.0_D/E/S->N	True	True
N04_1_2	Staphylococcus_aureus	parE	432.0	45.0	D/S	41.0	0.9111	V	4.0	0.0889	0.0889	True	D/S432V(8%)	D:41;V:4	N04	N04	UCMC	Axilla	Week 1	True	0.0	0.0	0.0	0.0	0.0	0.0	Staphylococcus_aureus_parE_432.0_D/S->V	False	False
N04_1_2	Staphylococcus_aureus	parE	432.0	45.0	D/S	41.0	0.9111	V	4.0	0.0889	0.0889	True	D/S432V(8%)	D:41;V:4	N04	ZJH_N04	ZCH	Axilla	Week 1	True	7.0	7.0	2.0	1.0	1.0	1.0	Staphylococcus_aureus_parE_432.0_D/S->V	False	False
N04_1_3	Enterococcus_faecium	gyrA	87.0	6.0	E/S	0.0	0.0	Y	6.0	1.0	1.0	True	E/S87Y(100%)	Y:6	N04	N04	UCMC	Groin	Week 1	True	0.0	0.0	0.0	0.0	0.0	0.0	Enterococcus_faecium_gyrA_87.0_E/S->Y	True	True
N04_1_3	Enterococcus_faecium	gyrA	87.0	6.0	E/S	0.0	0.0	Y	6.0	1.0	1.0	True	E/S87Y(100%)	Y:6	N04	ZJH_N04	ZCH	Groin	Week 1	True	7.0	7.0	2.0	1.0	1.0	1.0	Enterococcus_faecium_gyrA_87.0_E/S->Y	True	True
N04_1_3	Staphylococcus_aureus	parE	470.0	15.0	Y	0.0	0.0	N	15.0	1.0	1.0	True	Y470N(100%)	N:15	N04	N04	UCMC	Groin	Week 1	True	0.0	0.0	0.0	0.0	0.0	0.0	Staphylococcus_aureus_parE_470.0_Y->N	True	True
N04_1_3	Staphylococcus_aureus	parE	470.0	15.0	Y	0.0	0.0	N	15.0	1.0	1.0	True	Y470N(100%)	N:15	N04	ZJH_N04	ZCH	Groin	Week 1	True	7.0	7.0	2.0	1.0	1.0	1.0	Staphylococcus_aureus_parE_470.0_Y->N	True	True
N04_1_3	Staphylococcus_aureus	parC	84.0	6.0	D/E/S	4.0	0.6667	N	2.0	0.3333	0.3333	True	D/E/S84N(33%)	D:4;N:2	N04	N04	UCMC	Groin	Week 1	True	0.0	0.0	0.0	0.0	0.0	0.0	Staphylococcus_aureus_parC_84.0_D/E/S->N	False	True
N04_1_3	Staphylococcus_aureus	parC	84.0	6.0	D/E/S	4.0	0.6667	N	2.0	0.3333	0.3333	True	D/E/S84N(33%)	D:4;N:2	N04	ZJH_N04	ZCH	Groin	Week 1	True	7.0	7.0	2.0	1.0	1.0	1.0	Staphylococcus_aureus_parC_84.0_D/E/S->N	False	True
N04_1_3	Staphylococcus_aureus	parE	432.0	13.0	D/S	9.0	0.6923	V	4.0	0.3077	0.3077	True	D/S432V(30%)	D:9;V:4	N04	N04	UCMC	Groin	Week 1	True	0.0	0.0	0.0	0.0	0.0	0.0	Staphylococcus_aureus_parE_432.0_D/S->V	False	True
N04_1_3	Staphylococcus_aureus	parE	432.0	13.0	D/S	9.0	0.6923	V	4.0	0.3077	0.3077	True	D/S432V(30%)	D:9;V:4	N04	ZJH_N04	ZCH	Groin	Week 1	True	7.0	7.0	2.0	1.0	1.0	1.0	Staphylococcus_aureus_parE_432.0_D/S->V	False	True
N04_1_4	Staphylococcus_aureus	parC	80.0	18.0	E/R	0.0	0.0	S	18.0	1.0	1.0	True	E/R80S(100%)	S:18	N04	N04	UCMC	Stool	Week 1	True	0.0	0.0	0.0	0.0	0.0	0.0	Staphylococcus_aureus_parC_80.0_E/R->S	True	True
N04_1_4	Staphylococcus_aureus	parC	80.0	18.0	E/R	0.0	0.0	S	18.0	1.0	1.0	True	E/R80S(100%)	S:18	N04	ZJH_N04	ZCH	Stool	Week 1	True	7.0	7.0	2.0	1.0	1.0	1.0	Staphylococcus_aureus_parC_80.0_E/R->S	True	True
N04_1_4	Enterococcus_faecalis	gyrA	87.0	320.0	E/S	0.0	0.0	K	320.0	1.0	1.0	True	E/S87K(100%)	K:320	N04	N04	UCMC	Stool	Week 1	True	0.0	0.0	0.0	0.0	0.0	0.0	Enterococcus_faecalis_gyrA_87.0_E/S->K	True	True
N04_1_4	Enterococcus_faecalis	gyrA	87.0	320.0	E/S	0.0	0.0	K	320.0	1.0	1.0	True	E/S87K(100%)	K:320	N04	ZJH_N04	ZCH	Stool	Week 1	True	7.0	7.0	2.0	1.0	1.0	1.0	Enterococcus_faecalis_gyrA_87.0_E/S->K	True	True
N04_1_4	Enterococcus_faecium	gyrA	87.0	208.0	E/S	0.0	0.0	Y	208.0	1.0	1.0	True	E/S87Y(100%)	Y:208	N04	N04	UCMC	Stool	Week 1	True	0.0	0.0	0.0	0.0	0.0	0.0	Enterococcus_faecium_gyrA_87.0_E/S->Y	True	True
N04_1_4	Enterococcus_faecium	gyrA	87.0	208.0	E/S	0.0	0.0	Y	208.0	1.0	1.0	True	E/S87Y(100%)	Y:208	N04	ZJH_N04	ZCH	Stool	Week 1	True	7.0	7.0	2.0	1.0	1.0	1.0	Enterococcus_faecium_gyrA_87.0_E/S->Y	True	True
N04_1_4	Pseudomonas_aeruginosa	gyrA	87.0	32.0	D/S	11.0	0.3438	Y	20.0	0.625	0.625	True	D/S87Y(62%)	D:11;E:1;Y:20	N04	N04	UCMC	Stool	Week 1	True	0.0	0.0	0.0	0.0	0.0	0.0	Pseudomonas_aeruginosa_gyrA_87.0_D/S->Y	False	True
N04_1_4	Pseudomonas_aeruginosa	gyrA	87.0	32.0	D/S	11.0	0.3438	Y	20.0	0.625	0.625	True	D/S87Y(62%)	D:11;E:1;Y:20	N04	ZJH_N04	ZCH	Stool	Week 1	True	7.0	7.0	2.0	1.0	1.0	1.0	Pseudomonas_aeruginosa_gyrA_87.0_D/S->Y	False	True
N04_1_4	Klebsiella_pneumoniae	gyrA	87.0	155.0	D/S	122.0	0.7871	Y	33.0	0.2129	0.2129	True	D/S87Y(21%)	D:122;Y:33	N04	N04	UCMC	Stool	Week 1	True	0.0	0.0	0.0	0.0	0.0	0.0	Klebsiella_pneumoniae_gyrA_87.0_D/S->Y	False	True
N04_1_4	Klebsiella_pneumoniae	gyrA	87.0	155.0	D/S	122.0	0.7871	Y	33.0	0.2129	0.2129	True	D/S87Y(21%)	D:122;Y:33	N04	ZJH_N04	ZCH	Stool	Week 1	True	7.0	7.0	2.0	1.0	1.0	1.0	Klebsiella_pneumoniae_gyrA_87.0_D/S->Y	False	True
N04_1_4	Klebsiella_pneumoniae	gyrA	83.0	145.0	D/S	0.0	0.8345	F	24.0	0.1655	0.1655	True	D/S83F(16%)	F:24;S:121	N04	N04	UCMC	Stool	Week 1	True	0.0	0.0	0.0	0.0	0.0	0.0	Klebsiella_pneumoniae_gyrA_83.0_D/S->F	False	True
N04_1_4	Klebsiella_pneumoniae	gyrA	83.0	145.0	D/S	0.0	0.8345	F	24.0	0.1655	0.1655	True	D/S83F(16%)	F:24;S:121	N04	ZJH_N04	ZCH	Stool	Week 1	True	7.0	7.0	2.0	1.0	1.0	1.0	Klebsiella_pneumoniae_gyrA_83.0_D/S->F	False	True
N04_2_2	Staphylococcus_aureus	parE	470.0	5.0	Y	0.0	0.0	N	5.0	1.0	1.0	True	Y470N(100%)	N:5	N04	N04	UCMC	Axilla	Week 3	True	0.0	0.0	0.0	0.0	0.0	0.0	Staphylococcus_aureus_parE_470.0_Y->N	True	True
N04_2_2	Staphylococcus_aureus	parE	470.0	5.0	Y	0.0	0.0	N	5.0	1.0	1.0	True	Y470N(100%)	N:5	N04	ZJH_N04	ZCH	Axilla	Week 3	True	2.0	7.0	2.0	1.0	1.0	1.0	Staphylococcus_aureus_parE_470.0_Y->N	True	True
N04_2_3	Enterococcus_faecium	gyrA	87.0	21.0	E/S	0.0	0.0	Y	21.0	1.0	1.0	True	E/S87Y(100%)	Y:21	N04	N04	UCMC	Groin	Week 3	True	0.0	0.0	0.0	0.0	0.0	0.0	Enterococcus_faecium_gyrA_87.0_E/S->Y	True	True
N04_2_3	Enterococcus_faecium	gyrA	87.0	21.0	E/S	0.0	0.0	Y	21.0	1.0	1.0	True	E/S87Y(100%)	Y:21	N04	ZJH_N04	ZCH	Groin	Week 3	True	2.0	7.0	2.0	1.0	1.0	1.0	Enterococcus_faecium_gyrA_87.0_E/S->Y	True	True
N04_2_3	Enterococcus_faecalis	gyrA	87.0	35.0	E/S	0.0	0.0	K	35.0	1.0	1.0	True	E/S87K(100%)	K:35	N04	N04	UCMC	Groin	Week 3	True	0.0	0.0	0.0	0.0	0.0	0.0	Enterococcus_faecalis_gyrA_87.0_E/S->K	True	True
N04_2_3	Enterococcus_faecalis	gyrA	87.0	35.0	E/S	0.0	0.0	K	35.0	1.0	1.0	True	E/S87K(100%)	K:35	N04	ZJH_N04	ZCH	Groin	Week 3	True	2.0	7.0	2.0	1.0	1.0	1.0	Enterococcus_faecalis_gyrA_87.0_E/S->K	True	True
N04_2_4	Staphylococcus_aureus	parC	80.0	9.0	E/R	0.0	0.0	S	9.0	1.0	1.0	True	E/R80S(100%)	S:9	N04	N04	UCMC	Stool	Week 3	True	0.0	0.0	0.0	0.0	0.0	0.0	Staphylococcus_aureus_parC_80.0_E/R->S	True	True
N04_2_4	Staphylococcus_aureus	parC	80.0	9.0	E/R	0.0	0.0	S	9.0	1.0	1.0	True	E/R80S(100%)	S:9	N04	ZJH_N04	ZCH	Stool	Week 3	True	2.0	7.0	2.0	1.0	1.0	1.0	Staphylococcus_aureus_parC_80.0_E/R->S	True	True
N04_2_4	Enterococcus_faecalis	gyrA	87.0	384.0	E/S	0.0	0.0	K	383.0	0.9974	0.9974	True	E/S87K(99%)	K:383;T:1	N04	N04	UCMC	Stool	Week 3	True	0.0	0.0	0.0	0.0	0.0	0.0	Enterococcus_faecalis_gyrA_87.0_E/S->K	True	True
N04_2_4	Enterococcus_faecalis	gyrA	87.0	384.0	E/S	0.0	0.0	K	383.0	0.9974	0.9974	True	E/S87K(99%)	K:383;T:1	N04	ZJH_N04	ZCH	Stool	Week 3	True	2.0	7.0	2.0	1.0	1.0	1.0	Enterococcus_faecalis_gyrA_87.0_E/S->K	True	True
N04_2_4	Enterococcus_faecium	gyrA	87.0	309.0	E/S	0.0	0.0	Y	308.0	0.9968	0.9968	True	E/S87Y(99%)	N:1;Y:308	N04	N04	UCMC	Stool	Week 3	True	0.0	0.0	0.0	0.0	0.0	0.0	Enterococcus_faecium_gyrA_87.0_E/S->Y	True	True
N04_2_4	Enterococcus_faecium	gyrA	87.0	309.0	E/S	0.0	0.0	Y	308.0	0.9968	0.9968	True	E/S87Y(99%)	N:1;Y:308	N04	ZJH_N04	ZCH	Stool	Week 3	True	2.0	7.0	2.0	1.0	1.0	1.0	Enterococcus_faecium_gyrA_87.0_E/S->Y	True	True
N05_1_2	Streptococcus_mitis	parC	79.0	42.0	S	40.0	0.9524	I	2.0	0.0476	0.0476	True	S79I(4%)	I:2;S:40	N05	N05	UCMC	Axilla	Week 1	True	0.0	0.0	0.0	0.0	0.0	0.0	Streptococcus_mitis_parC_79.0_S->I	False	False
N05_1_2	Streptococcus_mitis	parC	79.0	42.0	S	40.0	0.9524	I	2.0	0.0476	0.0476	True	S79I(4%)	I:2;S:40	N05	ZJH_N05	ZCH	Axilla	Week 1	False	13.0	13.0	4.0	1.0	1.0	1.0	Streptococcus_mitis_parC_79.0_S->I	False	False
N05_1_3	Staphylococcus_aureus	parC	80.0	8.0	E/R	0.0	0.0	S	8.0	1.0	1.0	True	E/R80S(100%)	S:8	N05	N05	UCMC	Groin	Week 1	True	0.0	0.0	0.0	0.0	0.0	0.0	Staphylococcus_aureus_parC_80.0_E/R->S	True	True
N05_1_4	Staphylococcus_aureus	parC	80.0	50.0	E/R	0.0	0.0	S	50.0	1.0	1.0	True	E/R80S(100%)	S:50	N05	N05	UCMC	Stool	Week 1	True	0.0	0.0	0.0	0.0	0.0	0.0	Staphylococcus_aureus_parC_80.0_E/R->S	True	True
N05_1_4	Staphylococcus_aureus	parC	80.0	50.0	E/R	0.0	0.0	S	50.0	1.0	1.0	True	E/R80S(100%)	S:50	N05	ZJH_N05	ZCH	Stool	Week 1	False	13.0	13.0	4.0	1.0	1.0	1.0	Staphylococcus_aureus_parC_80.0_E/R->S	True	True
N05_1_4	Pseudomonas_aeruginosa	gyrA	87.0	37.0	D/S	11.0	0.2973	Y	26.0	0.7027	0.7027	True	D/S87Y(70%)	D:11;Y:26	N05	N05	UCMC	Stool	Week 1	True	0.0	0.0	0.0	0.0	0.0	0.0	Pseudomonas_aeruginosa_gyrA_87.0_D/S->Y	False	True
N05_1_4	Pseudomonas_aeruginosa	gyrA	87.0	37.0	D/S	11.0	0.2973	Y	26.0	0.7027	0.7027	True	D/S87Y(70%)	D:11;Y:26	N05	ZJH_N05	ZCH	Stool	Week 1	False	13.0	13.0	4.0	1.0	1.0	1.0	Pseudomonas_aeruginosa_gyrA_87.0_D/S->Y	False	True
N05_2_3	Staphylococcus_aureus	parE	470.0	7.0	Y	0.0	0.0	N	7.0	1.0	1.0	True	Y470N(100%)	N:7	N05	N05	UCMC	Groin	Week 3	True	0.0	0.0	0.0	0.0	0.0	0.0	Staphylococcus_aureus_parE_470.0_Y->N	True	True
N05_2_3	Staphylococcus_aureus	parE	470.0	7.0	Y	0.0	0.0	N	7.0	1.0	1.0	True	Y470N(100%)	N:7	N05	ZJH_N05	ZCH	Groin	Week 3	False	4.0	13.0	4.0	1.0	1.0	1.0	Staphylococcus_aureus_parE_470.0_Y->N	True	True
N05_2_3	Enterococcus_faecium	gyrA	87.0	16.0	E/S	0.0	0.0	Y	16.0	1.0	1.0	True	E/S87Y(100%)	Y:16	N05	N05	UCMC	Groin	Week 3	True	0.0	0.0	0.0	0.0	0.0	0.0	Enterococcus_faecium_gyrA_87.0_E/S->Y	True	True
N05_2_3	Enterococcus_faecium	gyrA	87.0	16.0	E/S	0.0	0.0	Y	16.0	1.0	1.0	True	E/S87Y(100%)	Y:16	N05	ZJH_N05	ZCH	Groin	Week 3	False	4.0	13.0	4.0	1.0	1.0	1.0	Enterococcus_faecium_gyrA_87.0_E/S->Y	True	True
N05_2_3	Escherichia_coli	parC	78.0	145.0	A/G	2.0	0.9862	V	2.0	0.0138	0.0138	True	A/G78V(1%)	A:2;G:141;V:2	N05	N05	UCMC	Groin	Week 3	True	0.0	0.0	0.0	0.0	0.0	0.0	Escherichia_coli_parC_78.0_A/G->V	False	False
N05_2_3	Escherichia_coli	parC	78.0	145.0	A/G	2.0	0.9862	V	2.0	0.0138	0.0138	True	A/G78V(1%)	A:2;G:141;V:2	N05	ZJH_N05	ZCH	Groin	Week 3	False	4.0	13.0	4.0	1.0	1.0	1.0	Escherichia_coli_parC_78.0_A/G->V	False	False
N05_2_4	Enterococcus_faecium	gyrA	87.0	22.0	E/S	0.0	0.0	Y	22.0	1.0	1.0	True	E/S87Y(100%)	Y:22	N05	N05	UCMC	Stool	Week 3	True	0.0	0.0	0.0	0.0	0.0	0.0	Enterococcus_faecium_gyrA_87.0_E/S->Y	True	True
N05_2_4	Enterococcus_faecium	gyrA	87.0	22.0	E/S	0.0	0.0	Y	22.0	1.0	1.0	True	E/S87Y(100%)	Y:22	N05	ZJH_N05	ZCH	Stool	Week 3	False	4.0	13.0	4.0	1.0	1.0	1.0	Enterococcus_faecium_gyrA_87.0_E/S->Y	True	True
N05_2_4	Staphylococcus_aureus	parC	80.0	6.0	E/R	0.0	0.0	S	6.0	1.0	1.0	True	E/R80S(100%)	S:6	N05	N05	UCMC	Stool	Week 3	True	0.0	0.0	0.0	0.0	0.0	0.0	Staphylococcus_aureus_parC_80.0_E/R->S	True	True
N05_2_4	Staphylococcus_aureus	parC	80.0	6.0	E/R	0.0	0.0	S	6.0	1.0	1.0	True	E/R80S(100%)	S:6	N05	ZJH_N05	ZCH	Stool	Week 3	False	4.0	13.0	4.0	1.0	1.0	1.0	Staphylococcus_aureus_parC_80.0_E/R->S	True	True
N05_2_4	Pseudomonas_aeruginosa	gyrA	87.0	58.0	D/S	42.0	0.7241	Y	16.0	0.2759	0.2759	True	D/S87Y(27%)	D:42;Y:16	N05	N05	UCMC	Stool	Week 3	True	0.0	0.0	0.0	0.0	0.0	0.0	Pseudomonas_aeruginosa_gyrA_87.0_D/S->Y	False	True
N05_2_4	Pseudomonas_aeruginosa	gyrA	87.0	58.0	D/S	42.0	0.7241	Y	16.0	0.2759	0.2759	True	D/S87Y(27%)	D:42;Y:16	N05	ZJH_N05	ZCH	Stool	Week 3	False	4.0	13.0	4.0	1.0	1.0	1.0	Pseudomonas_aeruginosa_gyrA_87.0_D/S->Y	False	True
N06_1_2	Staphylococcus_aureus	parE	432.0	172.0	D/S	9.0	0.0523	V	162.0	0.9419	0.9419	True	D/S432V(94%)	D:9;G:1;V:162	N06	N06	UCMC	Axilla	Week 1	False	0.0	0.0	0.0	0.0	0.0	0.0	Staphylococcus_aureus_parE_432.0_D/S->V	True	True
N06_1_2	Staphylococcus_aureus	parE	432.0	172.0	D/S	9.0	0.0523	V	162.0	0.9419	0.9419	True	D/S432V(94%)	D:9;G:1;V:162	N06	ZJH_N06	ZCH	Axilla	Week 1	False	17.0	17.0	0.0	1.0	1.0	0.0	Staphylococcus_aureus_parE_432.0_D/S->V	True	True
N06_1_2	Streptococcus_mitis	gyrA	81.0	6.0	S	2.0	0.3333	F	4.0	0.6667	0.6667	True	S81F(66%)	F:4;S:2	N06	N06	UCMC	Axilla	Week 1	False	0.0	0.0	0.0	0.0	0.0	0.0	Streptococcus_mitis_gyrA_81.0_S->F	False	True
N06_1_2	Streptococcus_mitis	gyrA	81.0	6.0	S	2.0	0.3333	F	4.0	0.6667	0.6667	True	S81F(66%)	F:4;S:2	N06	ZJH_N06	ZCH	Axilla	Week 1	False	17.0	17.0	0.0	1.0	1.0	0.0	Streptococcus_mitis_gyrA_81.0_S->F	False	True
N06_1_2	Streptococcus_oralis	gyrA	81.0	6.0	S	2.0	0.3333	F	4.0	0.6667	0.6667	True	S81F(66%)	F:4;S:2	N06	N06	UCMC	Axilla	Week 1	False	0.0	0.0	0.0	0.0	0.0	0.0	Streptococcus_oralis_gyrA_81.0_S->F	False	True
N06_1_2	Streptococcus_oralis	gyrA	81.0	6.0	S	2.0	0.3333	F	4.0	0.6667	0.6667	True	S81F(66%)	F:4;S:2	N06	ZJH_N06	ZCH	Axilla	Week 1	False	17.0	17.0	0.0	1.0	1.0	0.0	Streptococcus_oralis_gyrA_81.0_S->F	False	True
N06_1_3	Klebsiella_pneumoniae	gyrA	154.0	53.0	K	0.0	0.0	R	53.0	1.0	1.0	True	K154R(100%)	R:53	N06	N06	UCMC	Groin	Week 1	False	0.0	0.0	0.0	0.0	0.0	0.0	Klebsiella_pneumoniae_gyrA_154.0_K->R	True	True
N06_1_3	Klebsiella_pneumoniae	gyrA	154.0	53.0	K	0.0	0.0	R	53.0	1.0	1.0	True	K154R(100%)	R:53	N06	ZJH_N06	ZCH	Groin	Week 1	False	17.0	17.0	0.0	1.0	1.0	0.0	Klebsiella_pneumoniae_gyrA_154.0_K->R	True	True
N06_1_3	Klebsiella_pneumoniae	gyrA	87.0	55.0	D/S	53.0	0.9636	G	2.0	0.0364	0.0364	True	D/S87G(3%)	D:53;G:2	N06	N06	UCMC	Groin	Week 1	False	0.0	0.0	0.0	0.0	0.0	0.0	Klebsiella_pneumoniae_gyrA_87.0_D/S->G	False	False
N06_1_3	Klebsiella_pneumoniae	gyrA	87.0	55.0	D/S	53.0	0.9636	G	2.0	0.0364	0.0364	True	D/S87G(3%)	D:53;G:2	N06	ZJH_N06	ZCH	Groin	Week 1	False	17.0	17.0	0.0	1.0	1.0	0.0	Klebsiella_pneumoniae_gyrA_87.0_D/S->G	False	False
N06_1_4	Klebsiella_pneumoniae	gyrA	154.0	84.0	K	0.0	0.0	R	84.0	1.0	1.0	True	K154R(100%)	R:84	N06	N06	UCMC	Stool	Week 1	False	0.0	0.0	0.0	0.0	0.0	0.0	Klebsiella_pneumoniae_gyrA_154.0_K->R	True	True
N06_1_4	Klebsiella_pneumoniae	gyrA	154.0	84.0	K	0.0	0.0	R	84.0	1.0	1.0	True	K154R(100%)	R:84	N06	ZJH_N06	ZCH	Stool	Week 1	False	17.0	17.0	0.0	1.0	1.0	0.0	Klebsiella_pneumoniae_gyrA_154.0_K->R	True	True
N06_1_4	Staphylococcus_aureus	parE	470.0	18.0	Y	0.0	0.0	N	18.0	1.0	1.0	True	Y470N(100%)	N:18	N06	N06	UCMC	Stool	Week 1	False	0.0	0.0	0.0	0.0	0.0	0.0	Staphylococcus_aureus_parE_470.0_Y->N	True	True
N06_1_4	Staphylococcus_aureus	parE	470.0	18.0	Y	0.0	0.0	N	18.0	1.0	1.0	True	Y470N(100%)	N:18	N06	ZJH_N06	ZCH	Stool	Week 1	False	17.0	17.0	0.0	1.0	1.0	0.0	Staphylococcus_aureus_parE_470.0_Y->N	True	True
N06_1_4	Staphylococcus_aureus	parC	80.0	43.0	E/R	0.0	0.0	S	43.0	1.0	1.0	True	E/R80S(100%)	S:43	N06	N06	UCMC	Stool	Week 1	False	0.0	0.0	0.0	0.0	0.0	0.0	Staphylococcus_aureus_parC_80.0_E/R->S	True	True
N06_1_4	Staphylococcus_aureus	parC	80.0	43.0	E/R	0.0	0.0	S	43.0	1.0	1.0	True	E/R80S(100%)	S:43	N06	ZJH_N06	ZCH	Stool	Week 1	False	17.0	17.0	0.0	1.0	1.0	0.0	Staphylococcus_aureus_parC_80.0_E/R->S	True	True
N06_1_4	Pseudomonas_aeruginosa	gyrA	87.0	11.0	D/S	9.0	0.8182	Y	2.0	0.1818	0.1818	True	D/S87Y(18%)	D:9;Y:2	N06	N06	UCMC	Stool	Week 1	False	0.0	0.0	0.0	0.0	0.0	0.0	Pseudomonas_aeruginosa_gyrA_87.0_D/S->Y	False	True
N06_1_4	Pseudomonas_aeruginosa	gyrA	87.0	11.0	D/S	9.0	0.8182	Y	2.0	0.1818	0.1818	True	D/S87Y(18%)	D:9;Y:2	N06	ZJH_N06	ZCH	Stool	Week 1	False	17.0	17.0	0.0	1.0	1.0	0.0	Pseudomonas_aeruginosa_gyrA_87.0_D/S->Y	False	True
N06_1_4	Staphylococcus_aureus	parC	84.0	20.0	D/E/S	17.0	0.9	A	1.0	0.05	0.05	True	D/E/S84A(5%)	A:1;D:17;E:1;Y:1	N06	N06	UCMC	Stool	Week 1	False	0.0	0.0	0.0	0.0	0.0	0.0	Staphylococcus_aureus_parC_84.0_D/E/S->A	False	False
N06_1_4	Staphylococcus_aureus	parC	84.0	20.0	D/E/S	17.0	0.9	A	1.0	0.05	0.05	True	D/E/S84A(5%)	A:1;D:17;E:1;Y:1	N06	ZJH_N06	ZCH	Stool	Week 1	False	17.0	17.0	0.0	1.0	1.0	0.0	Staphylococcus_aureus_parC_84.0_D/E/S->A	False	False
N06_1_4	Staphylococcus_aureus	gyrA	84.0	294.0	G/S	0.0	0.9388	T	15.0	0.051	0.0068	True	G/S84L(0%)	L:2;R:1;S:276;T:15	N06	N06	UCMC	Stool	Week 1	False	0.0	0.0	0.0	0.0	0.0	0.0	Staphylococcus_aureus_gyrA_84.0_G/S->T	False	False
N06_1_4	Staphylococcus_aureus	gyrA	84.0	294.0	G/S	0.0	0.9388	T	15.0	0.051	0.0068	True	G/S84L(0%)	L:2;R:1;S:276;T:15	N06	ZJH_N06	ZCH	Stool	Week 1	False	17.0	17.0	0.0	1.0	1.0	0.0	Staphylococcus_aureus_gyrA_84.0_G/S->T	False	False
N07_1_3	Enterococcus_faecium	gyrA	87.0	10.0	E/S	0.0	0.0	Y	10.0	1.0	1.0	True	E/S87Y(100%)	Y:10	N07	N07	UCMC	Groin	Week 3	True	0.0	0.0	0.0	0.0	0.0	0.0	Enterococcus_faecium_gyrA_87.0_E/S->Y	True	True
N07_1_3	Enterococcus_faecium	gyrA	87.0	10.0	E/S	0.0	0.0	Y	10.0	1.0	1.0	True	E/S87Y(100%)	Y:10	N07	ZJH_N07	ZCH	Groin	Week 1	False	14.0	14.0	12.0	1.0	1.0	1.0	Enterococcus_faecium_gyrA_87.0_E/S->Y	True	True
N07_1_3	Enterococcus_faecalis	gyrA	87.0	6.0	E/S	0.0	0.0	K	6.0	1.0	1.0	True	E/S87K(100%)	K:6	N07	N07	UCMC	Groin	Week 3	True	0.0	0.0	0.0	0.0	0.0	0.0	Enterococcus_faecalis_gyrA_87.0_E/S->K	True	True
N07_1_3	Enterococcus_faecalis	gyrA	87.0	6.0	E/S	0.0	0.0	K	6.0	1.0	1.0	True	E/S87K(100%)	K:6	N07	ZJH_N07	ZCH	Groin	Week 1	False	14.0	14.0	12.0	1.0	1.0	1.0	Enterococcus_faecalis_gyrA_87.0_E/S->K	True	True
N07_1_3	Staphylococcus_aureus	parE	470.0	12.0	Y	0.0	0.0	N	12.0	1.0	1.0	True	Y470N(100%)	N:12	N07	N07	UCMC	Groin	Week 3	True	0.0	0.0	0.0	0.0	0.0	0.0	Staphylococcus_aureus_parE_470.0_Y->N	True	True
N07_1_3	Staphylococcus_aureus	parE	470.0	12.0	Y	0.0	0.0	N	12.0	1.0	1.0	True	Y470N(100%)	N:12	N07	ZJH_N07	ZCH	Groin	Week 1	False	14.0	14.0	12.0	1.0	1.0	1.0	Staphylococcus_aureus_parE_470.0_Y->N	True	True
N07_1_4	Staphylococcus_aureus	parE	470.0	33.0	Y	0.0	0.0	N	33.0	1.0	1.0	True	Y470N(100%)	N:33	N07	N07	UCMC	Stool	Week 1	True	0.0	0.0	0.0	0.0	0.0	0.0	Staphylococcus_aureus_parE_470.0_Y->N	True	True
N07_1_4	Staphylococcus_aureus	parE	470.0	33.0	Y	0.0	0.0	N	33.0	1.0	1.0	True	Y470N(100%)	N:33	N07	ZJH_N07	ZCH	Stool	Week 1	False	14.0	14.0	12.0	1.0	1.0	1.0	Staphylococcus_aureus_parE_470.0_Y->N	True	True
N07_1_4	Staphylococcus_aureus	parC	80.0	43.0	E/R	0.0	0.0	S	43.0	1.0	1.0	True	E/R80S(100%)	S:43	N07	N07	UCMC	Stool	Week 1	True	0.0	0.0	0.0	0.0	0.0	0.0	Staphylococcus_aureus_parC_80.0_E/R->S	True	True
N07_1_4	Staphylococcus_aureus	parC	80.0	43.0	E/R	0.0	0.0	S	43.0	1.0	1.0	True	E/R80S(100%)	S:43	N07	ZJH_N07	ZCH	Stool	Week 1	False	14.0	14.0	12.0	1.0	1.0	1.0	Staphylococcus_aureus_parC_80.0_E/R->S	True	True
N07_1_4	Enterococcus_faecium	gyrA	87.0	571.0	E/S	0.0	0.0	Y	571.0	1.0	1.0	True	E/S87Y(100%)	Y:571	N07	N07	UCMC	Stool	Week 1	True	0.0	0.0	0.0	0.0	0.0	0.0	Enterococcus_faecium_gyrA_87.0_E/S->Y	True	True
N07_1_4	Enterococcus_faecium	gyrA	87.0	571.0	E/S	0.0	0.0	Y	571.0	1.0	1.0	True	E/S87Y(100%)	Y:571	N07	ZJH_N07	ZCH	Stool	Week 1	False	14.0	14.0	12.0	1.0	1.0	1.0	Enterococcus_faecium_gyrA_87.0_E/S->Y	True	True
N07_1_4	Enterococcus_faecalis	gyrA	87.0	793.0	E/S	0.0	0.0	K	786.0	0.9912	0.9912	True	E/S87K(99%)	K:786;N:6;R:1	N07	N07	UCMC	Stool	Week 1	True	0.0	0.0	0.0	0.0	0.0	0.0	Enterococcus_faecalis_gyrA_87.0_E/S->K	True	True
N07_1_4	Enterococcus_faecalis	gyrA	87.0	793.0	E/S	0.0	0.0	K	786.0	0.9912	0.9912	True	E/S87K(99%)	K:786;N:6;R:1	N07	ZJH_N07	ZCH	Stool	Week 1	False	14.0	14.0	12.0	1.0	1.0	1.0	Enterococcus_faecalis_gyrA_87.0_E/S->K	True	True
N07_2_3	Enterococcus_faecium	gyrA	87.0	45.0	E/S	0.0	0.0	Y	45.0	1.0	1.0	True	E/S87Y(100%)	Y:45	N07	N07	UCMC	Groin	Week 3	True	0.0	0.0	0.0	0.0	0.0	0.0	Enterococcus_faecium_gyrA_87.0_E/S->Y	True	True
N07_2_3	Enterococcus_faecium	gyrA	87.0	45.0	E/S	0.0	0.0	Y	45.0	1.0	1.0	True	E/S87Y(100%)	Y:45	N07	ZJH_N07	ZCH	Groin	Week 3	False	12.0	14.0	12.0	1.0	1.0	1.0	Enterococcus_faecium_gyrA_87.0_E/S->Y	True	True
N07_2_3	Staphylococcus_aureus	parE	470.0	5.0	Y	0.0	0.0	N	5.0	1.0	1.0	True	Y470N(100%)	N:5	N07	N07	UCMC	Groin	Week 3	True	0.0	0.0	0.0	0.0	0.0	0.0	Staphylococcus_aureus_parE_470.0_Y->N	True	True
N07_2_3	Staphylococcus_aureus	parE	470.0	5.0	Y	0.0	0.0	N	5.0	1.0	1.0	True	Y470N(100%)	N:5	N07	ZJH_N07	ZCH	Groin	Week 3	False	12.0	14.0	12.0	1.0	1.0	1.0	Staphylococcus_aureus_parE_470.0_Y->N	True	True
N07_2_3	Enterococcus_faecalis	gyrA	87.0	34.0	E/S	0.0	0.0	K	33.0	0.9706	0.9706	True	E/S87K(97%)	K:33;N:1	N07	N07	UCMC	Groin	Week 3	True	0.0	0.0	0.0	0.0	0.0	0.0	Enterococcus_faecalis_gyrA_87.0_E/S->K	True	True
N07_2_3	Enterococcus_faecalis	gyrA	87.0	34.0	E/S	0.0	0.0	K	33.0	0.9706	0.9706	True	E/S87K(97%)	K:33;N:1	N07	ZJH_N07	ZCH	Groin	Week 3	False	12.0	14.0	12.0	1.0	1.0	1.0	Enterococcus_faecalis_gyrA_87.0_E/S->K	True	True
N07_2_3	Klebsiella_pneumoniae	gyrA	83.0	16.0	D/S	0.0	0.9375	A	1.0	0.0625	0.0625	True	D/S83A(6%)	A:1;S:15	N07	N07	UCMC	Groin	Week 3	True	0.0	0.0	0.0	0.0	0.0	0.0	Klebsiella_pneumoniae_gyrA_83.0_D/S->A	False	False
N07_2_3	Klebsiella_pneumoniae	gyrA	83.0	16.0	D/S	0.0	0.9375	A	1.0	0.0625	0.0625	True	D/S83A(6%)	A:1;S:15	N07	ZJH_N07	ZCH	Groin	Week 3	False	12.0	14.0	12.0	1.0	1.0	1.0	Klebsiella_pneumoniae_gyrA_83.0_D/S->A	False	False
N07_2_3	Escherichia_coli	parC	78.0	76.0	A/G	0.0	0.9737	D	2.0	0.0263	0.0263	True	A/G78D(2%)	D:2;G:74	N07	N07	UCMC	Groin	Week 3	True	0.0	0.0	0.0	0.0	0.0	0.0	Escherichia_coli_parC_78.0_A/G->D	False	False
N07_2_3	Escherichia_coli	parC	78.0	76.0	A/G	0.0	0.9737	D	2.0	0.0263	0.0263	True	A/G78D(2%)	D:2;G:74	N07	ZJH_N07	ZCH	Groin	Week 3	False	12.0	14.0	12.0	1.0	1.0	1.0	Escherichia_coli_parC_78.0_A/G->D	False	False
N07_2_3	Escherichia_coli	parE	475.0	113.0	D	107.0	0.9469	E	5.0	0.0442	0.0088	True	D475V(0%)	D:107;E:5;V:1	N07	N07	UCMC	Groin	Week 3	True	0.0	0.0	0.0	0.0	0.0	0.0	Escherichia_coli_parE_475.0_D->E	False	False
N07_2_3	Escherichia_coli	parE	475.0	113.0	D	107.0	0.9469	E	5.0	0.0442	0.0088	True	D475V(0%)	D:107;E:5;V:1	N07	ZJH_N07	ZCH	Groin	Week 3	False	12.0	14.0	12.0	1.0	1.0	1.0	Escherichia_coli_parE_475.0_D->E	False	False
N07_2_4	Enterococcus_faecium	gyrA	87.0	33.0	E/S	0.0	0.0	Y	33.0	1.0	1.0	True	E/S87Y(100%)	Y:33	N07	N07	UCMC	Stool	Week 3	True	0.0	0.0	0.0	0.0	0.0	0.0	Enterococcus_faecium_gyrA_87.0_E/S->Y	True	True
N07_2_4	Enterococcus_faecium	gyrA	87.0	33.0	E/S	0.0	0.0	Y	33.0	1.0	1.0	True	E/S87Y(100%)	Y:33	N07	ZJH_N07	ZCH	Stool	Week 3	False	12.0	14.0	12.0	1.0	1.0	1.0	Enterococcus_faecium_gyrA_87.0_E/S->Y	True	True
N07_2_4	Enterococcus_faecalis	gyrA	87.0	59.0	E/S	0.0	0.0	K	59.0	1.0	1.0	True	E/S87K(100%)	K:59	N07	N07	UCMC	Stool	Week 3	True	0.0	0.0	0.0	0.0	0.0	0.0	Enterococcus_faecalis_gyrA_87.0_E/S->K	True	True
N07_2_4	Enterococcus_faecalis	gyrA	87.0	59.0	E/S	0.0	0.0	K	59.0	1.0	1.0	True	E/S87K(100%)	K:59	N07	ZJH_N07	ZCH	Stool	Week 3	False	12.0	14.0	12.0	1.0	1.0	1.0	Enterococcus_faecalis_gyrA_87.0_E/S->K	True	True
N07_2_4	Pseudomonas_aeruginosa	gyrA	87.0	27.0	D/S	25.0	0.9259	Y	2.0	0.0741	0.0741	True	D/S87Y(7%)	D:25;Y:2	N07	N07	UCMC	Stool	Week 3	True	0.0	0.0	0.0	0.0	0.0	0.0	Pseudomonas_aeruginosa_gyrA_87.0_D/S->Y	False	False
N07_2_4	Pseudomonas_aeruginosa	gyrA	87.0	27.0	D/S	25.0	0.9259	Y	2.0	0.0741	0.0741	True	D/S87Y(7%)	D:25;Y:2	N07	ZJH_N07	ZCH	Stool	Week 3	False	12.0	14.0	12.0	1.0	1.0	1.0	Pseudomonas_aeruginosa_gyrA_87.0_D/S->Y	False	False
N08_1_2	Staphylococcus_aureus	parE	470.0	617.0	Y	0.0	0.0	N	617.0	1.0	1.0	True	Y470N(100%)	N:617	N08	N08	UCMC	Axilla	Week 1	True	0.0	0.0	0.0	0.0	0.0	0.0	Staphylococcus_aureus_parE_470.0_Y->N	True	True
N08_1_2	Staphylococcus_aureus	parE	470.0	617.0	Y	0.0	0.0	N	617.0	1.0	1.0	True	Y470N(100%)	N:617	N08	ZJH_N08	ZCH	Axilla	Week 1	True	17.0	17.0	12.0	1.0	1.0	1.0	Staphylococcus_aureus_parE_470.0_Y->N	True	True
N08_1_2	Staphylococcus_aureus	parE	432.0	337.0	D/S	311.0	0.9228	V	24.0	0.0712	0.0712	True	D/S432V(7%)	D:311;V:24;Y:2	N08	N08	UCMC	Axilla	Week 1	True	0.0	0.0	0.0	0.0	0.0	0.0	Staphylococcus_aureus_parE_432.0_D/S->V	False	False
N08_1_2	Staphylococcus_aureus	parE	432.0	337.0	D/S	311.0	0.9228	V	24.0	0.0712	0.0712	True	D/S432V(7%)	D:311;V:24;Y:2	N08	ZJH_N08	ZCH	Axilla	Week 1	True	17.0	17.0	12.0	1.0	1.0	1.0	Staphylococcus_aureus_parE_432.0_D/S->V	False	False
N08_1_3	Staphylococcus_aureus	parE	470.0	7.0	Y	0.0	0.0	N	7.0	1.0	1.0	True	Y470N(100%)	N:7	N08	N08	UCMC	Groin	Week 1	True	0.0	0.0	0.0	0.0	0.0	0.0	Staphylococcus_aureus_parE_470.0_Y->N	True	True
N08_1_3	Staphylococcus_aureus	parE	470.0	7.0	Y	0.0	0.0	N	7.0	1.0	1.0	True	Y470N(100%)	N:7	N08	ZJH_N08	ZCH	Groin	Week 1	True	17.0	17.0	12.0	1.0	1.0	1.0	Staphylococcus_aureus_parE_470.0_Y->N	True	True
N08_1_3	Staphylococcus_aureus	parC	80.0	14.0	E/R	0.0	0.0	S	14.0	1.0	1.0	True	E/R80S(100%)	S:14	N08	N08	UCMC	Groin	Week 1	True	0.0	0.0	0.0	0.0	0.0	0.0	Staphylococcus_aureus_parC_80.0_E/R->S	True	True
N08_1_3	Staphylococcus_aureus	parC	80.0	14.0	E/R	0.0	0.0	S	14.0	1.0	1.0	True	E/R80S(100%)	S:14	N08	ZJH_N08	ZCH	Groin	Week 1	True	17.0	17.0	12.0	1.0	1.0	1.0	Staphylococcus_aureus_parC_80.0_E/R->S	True	True
N08_1_3	Enterococcus_faecalis	gyrA	87.0	126.0	E/S	0.0	0.0	K	125.0	0.9921	0.9921	True	E/S87K(99%)	I:1;K:125	N08	N08	UCMC	Groin	Week 1	True	0.0	0.0	0.0	0.0	0.0	0.0	Enterococcus_faecalis_gyrA_87.0_E/S->K	True	True
N08_1_3	Enterococcus_faecalis	gyrA	87.0	126.0	E/S	0.0	0.0	K	125.0	0.9921	0.9921	True	E/S87K(99%)	I:1;K:125	N08	ZJH_N08	ZCH	Groin	Week 1	True	17.0	17.0	12.0	1.0	1.0	1.0	Enterococcus_faecalis_gyrA_87.0_E/S->K	True	True
N08_1_3	Enterococcus_faecium	gyrA	87.0	95.0	E/S	0.0	0.0	Y	94.0	0.9895	0.9895	True	E/S87Y(98%)	F:1;Y:94	N08	N08	UCMC	Groin	Week 1	True	0.0	0.0	0.0	0.0	0.0	0.0	Enterococcus_faecium_gyrA_87.0_E/S->Y	True	True
N08_1_3	Enterococcus_faecium	gyrA	87.0	95.0	E/S	0.0	0.0	Y	94.0	0.9895	0.9895	True	E/S87Y(98%)	F:1;Y:94	N08	ZJH_N08	ZCH	Groin	Week 1	True	17.0	17.0	12.0	1.0	1.0	1.0	Enterococcus_faecium_gyrA_87.0_E/S->Y	True	True
N08_1_3	Pseudomonas_aeruginosa	gyrA	87.0	11.0	D/S	4.0	0.3636	Y	7.0	0.6364	0.6364	True	D/S87Y(63%)	D:4;Y:7	N08	N08	UCMC	Groin	Week 1	True	0.0	0.0	0.0	0.0	0.0	0.0	Pseudomonas_aeruginosa_gyrA_87.0_D/S->Y	False	True
N08_1_3	Pseudomonas_aeruginosa	gyrA	87.0	11.0	D/S	4.0	0.3636	Y	7.0	0.6364	0.6364	True	D/S87Y(63%)	D:4;Y:7	N08	ZJH_N08	ZCH	Groin	Week 1	True	17.0	17.0	12.0	1.0	1.0	1.0	Pseudomonas_aeruginosa_gyrA_87.0_D/S->Y	False	True
N08_1_4	Pseudomonas_aeruginosa	gyrA	87.0	18.0	D/S	0.0	0.0	Y	18.0	1.0	1.0	True	D/S87Y(100%)	Y:18	N08	N08	UCMC	Stool	Week 1	True	0.0	0.0	0.0	0.0	0.0	0.0	Pseudomonas_aeruginosa_gyrA_87.0_D/S->Y	True	True
N08_1_4	Pseudomonas_aeruginosa	gyrA	87.0	18.0	D/S	0.0	0.0	Y	18.0	1.0	1.0	True	D/S87Y(100%)	Y:18	N08	ZJH_N08	ZCH	Stool	Week 1	True	17.0	17.0	12.0	1.0	1.0	1.0	Pseudomonas_aeruginosa_gyrA_87.0_D/S->Y	True	True
N08_1_4	Staphylococcus_aureus	parE	470.0	65.0	Y	0.0	0.0	N	65.0	1.0	1.0	True	Y470N(100%)	N:65	N08	N08	UCMC	Stool	Week 1	True	0.0	0.0	0.0	0.0	0.0	0.0	Staphylococcus_aureus_parE_470.0_Y->N	True	True
N08_1_4	Staphylococcus_aureus	parE	470.0	65.0	Y	0.0	0.0	N	65.0	1.0	1.0	True	Y470N(100%)	N:65	N08	ZJH_N08	ZCH	Stool	Week 1	True	17.0	17.0	12.0	1.0	1.0	1.0	Staphylococcus_aureus_parE_470.0_Y->N	True	True
N08_1_4	Staphylococcus_aureus	parC	80.0	67.0	E/R	0.0	0.0	S	67.0	1.0	1.0	True	E/R80S(100%)	S:67	N08	N08	UCMC	Stool	Week 1	True	0.0	0.0	0.0	0.0	0.0	0.0	Staphylococcus_aureus_parC_80.0_E/R->S	True	True
N08_1_4	Staphylococcus_aureus	parC	80.0	67.0	E/R	0.0	0.0	S	67.0	1.0	1.0	True	E/R80S(100%)	S:67	N08	ZJH_N08	ZCH	Stool	Week 1	True	17.0	17.0	12.0	1.0	1.0	1.0	Staphylococcus_aureus_parC_80.0_E/R->S	True	True
N08_1_4	Enterococcus_faecalis	gyrA	87.0	523.0	E/S	0.0	0.0	K	522.0	0.9981	0.9981	True	E/S87K(99%)	K:522;N:1	N08	N08	UCMC	Stool	Week 1	True	0.0	0.0	0.0	0.0	0.0	0.0	Enterococcus_faecalis_gyrA_87.0_E/S->K	True	True
N08_1_4	Enterococcus_faecalis	gyrA	87.0	523.0	E/S	0.0	0.0	K	522.0	0.9981	0.9981	True	E/S87K(99%)	K:522;N:1	N08	ZJH_N08	ZCH	Stool	Week 1	True	17.0	17.0	12.0	1.0	1.0	1.0	Enterococcus_faecalis_gyrA_87.0_E/S->K	True	True
N08_1_4	Enterococcus_faecium	gyrA	87.0	359.0	E/S	0.0	0.0	Y	358.0	0.9972	0.9972	True	E/S87Y(99%)	F:1;Y:358	N08	N08	UCMC	Stool	Week 1	True	0.0	0.0	0.0	0.0	0.0	0.0	Enterococcus_faecium_gyrA_87.0_E/S->Y	True	True
N08_1_4	Enterococcus_faecium	gyrA	87.0	359.0	E/S	0.0	0.0	Y	358.0	0.9972	0.9972	True	E/S87Y(99%)	F:1;Y:358	N08	ZJH_N08	ZCH	Stool	Week 1	True	17.0	17.0	12.0	1.0	1.0	1.0	Enterococcus_faecium_gyrA_87.0_E/S->Y	True	True
N08_1_4	Staphylococcus_aureus	parC	84.0	26.0	D/E/S	25.0	0.9615	A	1.0	0.0385	0.0385	True	D/E/S84A(3%)	A:1;D:25	N08	N08	UCMC	Stool	Week 1	True	0.0	0.0	0.0	0.0	0.0	0.0	Staphylococcus_aureus_parC_84.0_D/E/S->A	False	False
N08_1_4	Staphylococcus_aureus	parC	84.0	26.0	D/E/S	25.0	0.9615	A	1.0	0.0385	0.0385	True	D/E/S84A(3%)	A:1;D:25	N08	ZJH_N08	ZCH	Stool	Week 1	True	17.0	17.0	12.0	1.0	1.0	1.0	Staphylococcus_aureus_parC_84.0_D/E/S->A	False	False
N08_2_2	Staphylococcus_aureus	parE	470.0	10.0	Y	0.0	0.0	N	10.0	1.0	1.0	True	Y470N(100%)	N:10	N08	N08	UCMC	Axilla	Week 3	True	0.0	0.0	0.0	0.0	0.0	0.0	Staphylococcus_aureus_parE_470.0_Y->N	True	True
N08_2_2	Staphylococcus_aureus	parE	470.0	10.0	Y	0.0	0.0	N	10.0	1.0	1.0	True	Y470N(100%)	N:10	N08	ZJH_N08	ZCH	Axilla	Week 3	True	12.0	17.0	12.0	1.0	1.0	1.0	Staphylococcus_aureus_parE_470.0_Y->N	True	True
N08_2_2	Klebsiella_pneumoniae	gyrA	154.0	9.0	K	0.0	0.0	R	9.0	1.0	1.0	True	K154R(100%)	R:9	N08	N08	UCMC	Axilla	Week 3	True	0.0	0.0	0.0	0.0	0.0	0.0	Klebsiella_pneumoniae_gyrA_154.0_K->R	True	True
N08_2_2	Klebsiella_pneumoniae	gyrA	154.0	9.0	K	0.0	0.0	R	9.0	1.0	1.0	True	K154R(100%)	R:9	N08	ZJH_N08	ZCH	Axilla	Week 3	True	12.0	17.0	12.0	1.0	1.0	1.0	Klebsiella_pneumoniae_gyrA_154.0_K->R	True	True
N08_2_2	Staphylococcus_aureus	parE	432.0	5.0	D/S	4.0	0.8	V	1.0	0.2	0.2	True	D/S432V(20%)	D:4;V:1	N08	N08	UCMC	Axilla	Week 3	True	0.0	0.0	0.0	0.0	0.0	0.0	Staphylococcus_aureus_parE_432.0_D/S->V	False	True
N08_2_2	Staphylococcus_aureus	parE	432.0	5.0	D/S	4.0	0.8	V	1.0	0.2	0.2	True	D/S432V(20%)	D:4;V:1	N08	ZJH_N08	ZCH	Axilla	Week 3	True	12.0	17.0	12.0	1.0	1.0	1.0	Staphylococcus_aureus_parE_432.0_D/S->V	False	True
N08_2_3	Enterococcus_faecalis	gyrA	87.0	13.0	E/S	0.0	0.0	K	13.0	1.0	1.0	True	E/S87K(100%)	K:13	N08	N08	UCMC	Groin	Week 3	True	0.0	0.0	0.0	0.0	0.0	0.0	Enterococcus_faecalis_gyrA_87.0_E/S->K	True	True
N08_2_3	Enterococcus_faecalis	gyrA	87.0	13.0	E/S	0.0	0.0	K	13.0	1.0	1.0	True	E/S87K(100%)	K:13	N08	ZJH_N08	ZCH	Groin	Week 3	True	12.0	17.0	12.0	1.0	1.0	1.0	Enterococcus_faecalis_gyrA_87.0_E/S->K	True	True
N08_2_3	Klebsiella_pneumoniae	gyrA	154.0	44.0	K	0.0	0.0	R	43.0	0.9773	0.9773	True	K154R(97%)	L:1;R:43	N08	N08	UCMC	Groin	Week 3	True	0.0	0.0	0.0	0.0	0.0	0.0	Klebsiella_pneumoniae_gyrA_154.0_K->R	True	True
N08_2_3	Klebsiella_pneumoniae	gyrA	154.0	44.0	K	0.0	0.0	R	43.0	0.9773	0.9773	True	K154R(97%)	L:1;R:43	N08	ZJH_N08	ZCH	Groin	Week 3	True	12.0	17.0	12.0	1.0	1.0	1.0	Klebsiella_pneumoniae_gyrA_154.0_K->R	True	True
N08_2_3	Escherichia_coli	parE	475.0	45.0	D	44.0	0.9778	V	1.0	0.0222	0.0222	True	D475V(2%)	D:44;V:1	N08	N08	UCMC	Groin	Week 3	True	0.0	0.0	0.0	0.0	0.0	0.0	Escherichia_coli_parE_475.0_D->V	False	False
N08_2_3	Escherichia_coli	parE	475.0	45.0	D	44.0	0.9778	V	1.0	0.0222	0.0222	True	D475V(2%)	D:44;V:1	N08	ZJH_N08	ZCH	Groin	Week 3	True	12.0	17.0	12.0	1.0	1.0	1.0	Escherichia_coli_parE_475.0_D->V	False	False
N08_2_4	Enterococcus_faecalis	gyrA	87.0	57.0	E/S	0.0	0.0	K	57.0	1.0	1.0	True	E/S87K(100%)	K:57	N08	N08	UCMC	Stool	Week 3	True	0.0	0.0	0.0	0.0	0.0	0.0	Enterococcus_faecalis_gyrA_87.0_E/S->K	True	True
N08_2_4	Enterococcus_faecalis	gyrA	87.0	57.0	E/S	0.0	0.0	K	57.0	1.0	1.0	True	E/S87K(100%)	K:57	N08	ZJH_N08	ZCH	Stool	Week 3	True	12.0	17.0	12.0	1.0	1.0	1.0	Enterococcus_faecalis_gyrA_87.0_E/S->K	True	True
N08_2_4	Enterococcus_faecium	gyrA	87.0	64.0	E/S	0.0	0.0	Y	64.0	1.0	1.0	True	E/S87Y(100%)	Y:64	N08	N08	UCMC	Stool	Week 3	True	0.0	0.0	0.0	0.0	0.0	0.0	Enterococcus_faecium_gyrA_87.0_E/S->Y	True	True
N08_2_4	Enterococcus_faecium	gyrA	87.0	64.0	E/S	0.0	0.0	Y	64.0	1.0	1.0	True	E/S87Y(100%)	Y:64	N08	ZJH_N08	ZCH	Stool	Week 3	True	12.0	17.0	12.0	1.0	1.0	1.0	Enterococcus_faecium_gyrA_87.0_E/S->Y	True	True
N08_2_4	Klebsiella_pneumoniae	gyrA	154.0	265.0	K	0.0	0.0	R	263.0	0.9925	0.9925	True	K154R(99%)	L:2;R:263	N08	N08	UCMC	Stool	Week 3	True	0.0	0.0	0.0	0.0	0.0	0.0	Klebsiella_pneumoniae_gyrA_154.0_K->R	True	True
N08_2_4	Klebsiella_pneumoniae	gyrA	154.0	265.0	K	0.0	0.0	R	263.0	0.9925	0.9925	True	K154R(99%)	L:2;R:263	N08	ZJH_N08	ZCH	Stool	Week 3	True	12.0	17.0	12.0	1.0	1.0	1.0	Klebsiella_pneumoniae_gyrA_154.0_K->R	True	True
N08_2_4	Pseudomonas_aeruginosa	gyrA	87.0	9.0	D/S	3.0	0.3333	Y	6.0	0.6667	0.6667	True	D/S87Y(66%)	D:3;Y:6	N08	N08	UCMC	Stool	Week 3	True	0.0	0.0	0.0	0.0	0.0	0.0	Pseudomonas_aeruginosa_gyrA_87.0_D/S->Y	False	True
N08_2_4	Pseudomonas_aeruginosa	gyrA	87.0	9.0	D/S	3.0	0.3333	Y	6.0	0.6667	0.6667	True	D/S87Y(66%)	D:3;Y:6	N08	ZJH_N08	ZCH	Stool	Week 3	True	12.0	17.0	12.0	1.0	1.0	1.0	Pseudomonas_aeruginosa_gyrA_87.0_D/S->Y	False	True
N09_1_2	Staphylococcus_aureus	parE	470.0	6.0	Y	0.0	0.0	N	6.0	1.0	1.0	True	Y470N(100%)	N:6	N09	N09	UCMC	Axilla	Week 1	True	8.0	8.0	10.0	1.0	1.0	1.0	Staphylococcus_aureus_parE_470.0_Y->N	True	True
N09_1_2	Staphylococcus_aureus	parE	470.0	6.0	Y	0.0	0.0	N	6.0	1.0	1.0	True	Y470N(100%)	N:6	N09	ZJH_N09	ZCH	Axilla	Week 1	False	6.0	6.0	8.0	1.0	1.0	1.0	Staphylococcus_aureus_parE_470.0_Y->N	True	True
N09_1_2	Staphylococcus_aureus	parE	432.0	44.0	D/S	26.0	0.5909	V	18.0	0.4091	0.4091	True	D/S432V(40%)	D:26;V:18	N09	N09	UCMC	Axilla	Week 1	True	8.0	8.0	10.0	1.0	1.0	1.0	Staphylococcus_aureus_parE_432.0_D/S->V	False	True
N09_1_2	Staphylococcus_aureus	parE	432.0	44.0	D/S	26.0	0.5909	V	18.0	0.4091	0.4091	True	D/S432V(40%)	D:26;V:18	N09	ZJH_N09	ZCH	Axilla	Week 1	False	6.0	6.0	8.0	1.0	1.0	1.0	Staphylococcus_aureus_parE_432.0_D/S->V	False	True
N09_2_4	Enterococcus_faecium	gyrA	87.0	6.0	E/S	0.0	0.0	Y	6.0	1.0	1.0	True	E/S87Y(100%)	Y:6	N09	N09	UCMC	Stool	Week 3	True	10.0	8.0	10.0	1.0	1.0	1.0	Enterococcus_faecium_gyrA_87.0_E/S->Y	True	True
N09_2_4	Enterococcus_faecium	gyrA	87.0	6.0	E/S	0.0	0.0	Y	6.0	1.0	1.0	True	E/S87Y(100%)	Y:6	N09	ZJH_N09	ZCH	Stool	Week 3	False	8.0	6.0	8.0	1.0	1.0	1.0	Enterococcus_faecium_gyrA_87.0_E/S->Y	True	True
N09_2_4	Staphylococcus_aureus	parC	80.0	5.0	E/R	0.0	0.0	S	5.0	1.0	1.0	True	E/R80S(100%)	S:5	N09	N09	UCMC	Stool	Week 3	True	10.0	8.0	10.0	1.0	1.0	1.0	Staphylococcus_aureus_parC_80.0_E/R->S	True	True
N09_2_4	Staphylococcus_aureus	parC	80.0	5.0	E/R	0.0	0.0	S	5.0	1.0	1.0	True	E/R80S(100%)	S:5	N09	ZJH_N09	ZCH	Stool	Week 3	False	8.0	6.0	8.0	1.0	1.0	1.0	Staphylococcus_aureus_parC_80.0_E/R->S	True	True
N09_2_4	Klebsiella_pneumoniae	gyrA	154.0	361.0	K	0.0	0.0	R	361.0	1.0	1.0	True	K154R(100%)	R:361	N09	N09	UCMC	Stool	Week 3	True	10.0	8.0	10.0	1.0	1.0	1.0	Klebsiella_pneumoniae_gyrA_154.0_K->R	True	True
N09_2_4	Klebsiella_pneumoniae	gyrA	154.0	361.0	K	0.0	0.0	R	361.0	1.0	1.0	True	K154R(100%)	R:361	N09	ZJH_N09	ZCH	Stool	Week 3	False	8.0	6.0	8.0	1.0	1.0	1.0	Klebsiella_pneumoniae_gyrA_154.0_K->R	True	True
N09_2_4	Klebsiella_pneumoniae	gyrA	87.0	417.0	D/S	411.0	0.9856	A	3.0	0.0072	0.0024	True	D/S87H(0%)	A:3;D:411;H:1;V:2	N09	N09	UCMC	Stool	Week 3	True	10.0	8.0	10.0	1.0	1.0	1.0	Klebsiella_pneumoniae_gyrA_87.0_D/S->A	False	False
N09_2_4	Klebsiella_pneumoniae	gyrA	87.0	417.0	D/S	411.0	0.9856	A	3.0	0.0072	0.0024	True	D/S87H(0%)	A:3;D:411;H:1;V:2	N09	ZJH_N09	ZCH	Stool	Week 3	False	8.0	6.0	8.0	1.0	1.0	1.0	Klebsiella_pneumoniae_gyrA_87.0_D/S->A	False	False
N10_1_3	Staphylococcus_aureus	parE	470.0	6.0	Y	0.0	0.0	N	6.0	1.0	1.0	True	Y470N(100%)	N:6	N10	N10	UCMC	Groin	Week 1	True	0.0	0.0	0.0	0.0	0.0	0.0	Staphylococcus_aureus_parE_470.0_Y->N	True	True
N10_1_3	Klebsiella_pneumoniae	gyrA	87.0	244.0	D/S	242.0	0.9918	Y	2.0	0.0082	0.0082	True	D/S87Y(0%)	D:242;Y:2	N10	N10	UCMC	Groin	Week 1	True	0.0	0.0	0.0	0.0	0.0	0.0	Klebsiella_pneumoniae_gyrA_87.0_D/S->Y	False	False
N10_1_3	Klebsiella_oxytoca	parC	80.0	417.0	S	415.0	0.9952	R	2.0	0.0048	0.0048	True	S80R(0%)	R:2;S:415	N10	N10	UCMC	Groin	Week 1	True	0.0	0.0	0.0	0.0	0.0	0.0	Klebsiella_oxytoca_parC_80.0_S->R	False	False
N10_1_4	Staphylococcus_aureus	parC	80.0	247.0	E/R	0.0	0.0	S	246.0	0.996	0.996	True	E/R80S(99%)	S:246;Y:1	N10	N10	UCMC	Stool	Week 1	True	0.0	0.0	0.0	0.0	0.0	0.0	Staphylococcus_aureus_parC_80.0_E/R->S	True	True
N10_1_4	Staphylococcus_aureus	parC	80.0	247.0	E/R	0.0	0.0	S	246.0	0.996	0.996	True	E/R80S(99%)	S:246;Y:1	N10	ZJH_N10	ZCH	Stool	Week 1	False	12.0	12.0	9.0	1.0	1.0	1.0	Staphylococcus_aureus_parC_80.0_E/R->S	True	True
N10_1_4	Staphylococcus_aureus	parE	432.0	144.0	D/S	140.0	0.9722	E	4.0	0.0278	0.0278	True	D/S432E(2%)	D:140;E:4	N10	N10	UCMC	Stool	Week 1	True	0.0	0.0	0.0	0.0	0.0	0.0	Staphylococcus_aureus_parE_432.0_D/S->E	False	False
N10_1_4	Staphylococcus_aureus	parE	432.0	144.0	D/S	140.0	0.9722	E	4.0	0.0278	0.0278	True	D/S432E(2%)	D:140;E:4	N10	ZJH_N10	ZCH	Stool	Week 1	False	12.0	12.0	9.0	1.0	1.0	1.0	Staphylococcus_aureus_parE_432.0_D/S->E	False	False
N10_1_4	Escherichia_coli	parE	458.0	180.0	D/S	0.0	0.9778	A	2.0	0.0111	0.0111	True	D/S458A(1%)	A:2;S:176;T:1;V:1	N10	N10	UCMC	Stool	Week 1	True	0.0	0.0	0.0	0.0	0.0	0.0	Escherichia_coli_parE_458.0_D/S->A	False	False
N10_1_4	Escherichia_coli	parE	458.0	180.0	D/S	0.0	0.9778	A	2.0	0.0111	0.0111	True	D/S458A(1%)	A:2;S:176;T:1;V:1	N10	ZJH_N10	ZCH	Stool	Week 1	False	12.0	12.0	9.0	1.0	1.0	1.0	Escherichia_coli_parE_458.0_D/S->A	False	False
N10_1_4	Staphylococcus_aureus	parC	84.0	131.0	D/E/S	130.0	0.9924	V	1.0	0.0076	0.0076	True	D/E/S84V(0%)	D:130;V:1	N10	N10	UCMC	Stool	Week 1	True	0.0	0.0	0.0	0.0	0.0	0.0	Staphylococcus_aureus_parC_84.0_D/E/S->V	False	False
N10_1_4	Staphylococcus_aureus	parC	84.0	131.0	D/E/S	130.0	0.9924	V	1.0	0.0076	0.0076	True	D/E/S84V(0%)	D:130;V:1	N10	ZJH_N10	ZCH	Stool	Week 1	False	12.0	12.0	9.0	1.0	1.0	1.0	Staphylococcus_aureus_parC_84.0_D/E/S->V	False	False
N10_1_4	Pseudomonas_aeruginosa	gyrA	87.0	133.0	D/S	130.0	0.9774	E	2.0	0.015	0.0075	True	D/S87Y(0%)	D:130;E:2;Y:1	N10	N10	UCMC	Stool	Week 1	True	0.0	0.0	0.0	0.0	0.0	0.0	Pseudomonas_aeruginosa_gyrA_87.0_D/S->E	False	False
N10_1_4	Pseudomonas_aeruginosa	gyrA	87.0	133.0	D/S	130.0	0.9774	E	2.0	0.015	0.0075	True	D/S87Y(0%)	D:130;E:2;Y:1	N10	ZJH_N10	ZCH	Stool	Week 1	False	12.0	12.0	9.0	1.0	1.0	1.0	Pseudomonas_aeruginosa_gyrA_87.0_D/S->E	False	False
N10_1_4	Staphylococcus_aureus	gyrA	84.0	573.0	G/S	0.0	0.9913	P	2.0	0.0035	0.0035	True	G/S84Y(0%)	K:1;P:2;S:568;Y:2	N10	N10	UCMC	Stool	Week 1	True	0.0	0.0	0.0	0.0	0.0	0.0	Staphylococcus_aureus_gyrA_84.0_G/S->P	False	False
N10_1_4	Staphylococcus_aureus	gyrA	84.0	573.0	G/S	0.0	0.9913	P	2.0	0.0035	0.0035	True	G/S84Y(0%)	K:1;P:2;S:568;Y:2	N10	ZJH_N10	ZCH	Stool	Week 1	False	12.0	12.0	9.0	1.0	1.0	1.0	Staphylococcus_aureus_gyrA_84.0_G/S->P	False	False
N10_2_2	Staphylococcus_aureus	parE	470.0	21.0	Y	0.0	0.0	N	21.0	1.0	1.0	True	Y470N(100%)	N:21	N10	N10	UCMC	Axilla	Week 3	True	0.0	0.0	0.0	0.0	0.0	0.0	Staphylococcus_aureus_parE_470.0_Y->N	True	True
N10_2_2	Staphylococcus_aureus	parE	470.0	21.0	Y	0.0	0.0	N	21.0	1.0	1.0	True	Y470N(100%)	N:21	N10	ZJH_N10	ZCH	Axilla	Week 3	False	9.0	12.0	9.0	1.0	1.0	1.0	Staphylococcus_aureus_parE_470.0_Y->N	True	True
N10_2_2	Staphylococcus_aureus	parC	84.0	11.0	D/E/S	7.0	0.6364	N	4.0	0.3636	0.3636	True	D/E/S84N(36%)	D:7;N:4	N10	N10	UCMC	Axilla	Week 3	True	0.0	0.0	0.0	0.0	0.0	0.0	Staphylococcus_aureus_parC_84.0_D/E/S->N	False	True
N10_2_2	Staphylococcus_aureus	parC	84.0	11.0	D/E/S	7.0	0.6364	N	4.0	0.3636	0.3636	True	D/E/S84N(36%)	D:7;N:4	N10	ZJH_N10	ZCH	Axilla	Week 3	False	9.0	12.0	9.0	1.0	1.0	1.0	Staphylococcus_aureus_parC_84.0_D/E/S->N	False	True
N10_2_3	Enterococcus_faecium	gyrA	87.0	20.0	E/S	0.0	0.0	Y	20.0	1.0	1.0	True	E/S87Y(100%)	Y:20	N10	N10	UCMC	Groin	Week 3	True	0.0	0.0	0.0	0.0	0.0	0.0	Enterococcus_faecium_gyrA_87.0_E/S->Y	True	True
N10_2_3	Enterococcus_faecium	gyrA	87.0	20.0	E/S	0.0	0.0	Y	20.0	1.0	1.0	True	E/S87Y(100%)	Y:20	N10	ZJH_N10	ZCH	Groin	Week 3	False	9.0	12.0	9.0	1.0	1.0	1.0	Enterococcus_faecium_gyrA_87.0_E/S->Y	True	True
N10_2_3	Enterococcus_faecalis	gyrA	87.0	6.0	E/S	0.0	0.0	K	6.0	1.0	1.0	True	E/S87K(100%)	K:6	N10	N10	UCMC	Groin	Week 3	True	0.0	0.0	0.0	0.0	0.0	0.0	Enterococcus_faecalis_gyrA_87.0_E/S->K	True	True
N10_2_3	Enterococcus_faecalis	gyrA	87.0	6.0	E/S	0.0	0.0	K	6.0	1.0	1.0	True	E/S87K(100%)	K:6	N10	ZJH_N10	ZCH	Groin	Week 3	False	9.0	12.0	9.0	1.0	1.0	1.0	Enterococcus_faecalis_gyrA_87.0_E/S->K	True	True
N10_2_3	Staphylococcus_aureus	parE	470.0	25.0	Y	0.0	0.0	N	25.0	1.0	1.0	True	Y470N(100%)	N:25	N10	N10	UCMC	Groin	Week 3	True	0.0	0.0	0.0	0.0	0.0	0.0	Staphylococcus_aureus_parE_470.0_Y->N	True	True
N10_2_3	Staphylococcus_aureus	parE	470.0	25.0	Y	0.0	0.0	N	25.0	1.0	1.0	True	Y470N(100%)	N:25	N10	ZJH_N10	ZCH	Groin	Week 3	False	9.0	12.0	9.0	1.0	1.0	1.0	Staphylococcus_aureus_parE_470.0_Y->N	True	True
N10_2_3	Staphylococcus_aureus	parC	84.0	23.0	D/E/S	15.0	0.6522	N	8.0	0.3478	0.3478	True	D/E/S84N(34%)	D:15;N:8	N10	N10	UCMC	Groin	Week 3	True	0.0	0.0	0.0	0.0	0.0	0.0	Staphylococcus_aureus_parC_84.0_D/E/S->N	False	True
N10_2_3	Staphylococcus_aureus	parC	84.0	23.0	D/E/S	15.0	0.6522	N	8.0	0.3478	0.3478	True	D/E/S84N(34%)	D:15;N:8	N10	ZJH_N10	ZCH	Groin	Week 3	False	9.0	12.0	9.0	1.0	1.0	1.0	Staphylococcus_aureus_parC_84.0_D/E/S->N	False	True
N10_2_3	Klebsiella_oxytoca	parC	80.0	128.0	S	127.0	0.9922	R	1.0	0.0078	0.0078	True	S80R(0%)	R:1;S:127	N10	N10	UCMC	Groin	Week 3	True	0.0	0.0	0.0	0.0	0.0	0.0	Klebsiella_oxytoca_parC_80.0_S->R	False	False
N10_2_3	Klebsiella_oxytoca	parC	80.0	128.0	S	127.0	0.9922	R	1.0	0.0078	0.0078	True	S80R(0%)	R:1;S:127	N10	ZJH_N10	ZCH	Groin	Week 3	False	9.0	12.0	9.0	1.0	1.0	1.0	Klebsiella_oxytoca_parC_80.0_S->R	False	False
N10_2_4	Enterococcus_faecium	gyrA	87.0	18.0	E/S	0.0	0.0	Y	18.0	1.0	1.0	True	E/S87Y(100%)	Y:18	N10	N10	UCMC	Stool	Week 3	True	0.0	0.0	0.0	0.0	0.0	0.0	Enterococcus_faecium_gyrA_87.0_E/S->Y	True	True
N10_2_4	Enterococcus_faecium	gyrA	87.0	18.0	E/S	0.0	0.0	Y	18.0	1.0	1.0	True	E/S87Y(100%)	Y:18	N10	ZJH_N10	ZCH	Stool	Week 3	False	9.0	12.0	9.0	1.0	1.0	1.0	Enterococcus_faecium_gyrA_87.0_E/S->Y	True	True
N10_2_4	Enterococcus_faecalis	gyrA	87.0	19.0	E/S	0.0	0.0	K	19.0	1.0	1.0	True	E/S87K(100%)	K:19	N10	N10	UCMC	Stool	Week 3	True	0.0	0.0	0.0	0.0	0.0	0.0	Enterococcus_faecalis_gyrA_87.0_E/S->K	True	True
N10_2_4	Enterococcus_faecalis	gyrA	87.0	19.0	E/S	0.0	0.0	K	19.0	1.0	1.0	True	E/S87K(100%)	K:19	N10	ZJH_N10	ZCH	Stool	Week 3	False	9.0	12.0	9.0	1.0	1.0	1.0	Enterococcus_faecalis_gyrA_87.0_E/S->K	True	True
N10_2_4	Escherichia_coli	parE	458.0	36.0	D/S	0.0	0.9722	A	1.0	0.0278	0.0278	True	D/S458A(2%)	A:1;S:35	N10	N10	UCMC	Stool	Week 3	True	0.0	0.0	0.0	0.0	0.0	0.0	Escherichia_coli_parE_458.0_D/S->A	False	False
N10_2_4	Escherichia_coli	parE	458.0	36.0	D/S	0.0	0.9722	A	1.0	0.0278	0.0278	True	D/S458A(2%)	A:1;S:35	N10	ZJH_N10	ZCH	Stool	Week 3	False	9.0	12.0	9.0	1.0	1.0	1.0	Escherichia_coli_parE_458.0_D/S->A	False	False
N11_1_2	Enterococcus_faecium	gyrA	87.0	11.0	E/S	0.0	0.0	Y	11.0	1.0	1.0	True	E/S87Y(100%)	Y:11	N11	N11	UCMC	Axilla	Week 1	True	0.0	0.0	0.0	0.0	0.0	0.0	Enterococcus_faecium_gyrA_87.0_E/S->Y	True	True
N11_1_2	Enterococcus_faecium	gyrA	87.0	11.0	E/S	0.0	0.0	Y	11.0	1.0	1.0	True	E/S87Y(100%)	Y:11	N11	ZJH_N11	ZCH	Axilla	Week 1	True	2.0	2.0	0.0	1.0	1.0	0.0	Enterococcus_faecium_gyrA_87.0_E/S->Y	True	True
N11_1_2	Staphylococcus_aureus	parE	470.0	101.0	Y	0.0	0.0	N	101.0	1.0	1.0	True	Y470N(100%)	N:101	N11	N11	UCMC	Axilla	Week 1	True	0.0	0.0	0.0	0.0	0.0	0.0	Staphylococcus_aureus_parE_470.0_Y->N	True	True
N11_1_2	Staphylococcus_aureus	parE	470.0	101.0	Y	0.0	0.0	N	101.0	1.0	1.0	True	Y470N(100%)	N:101	N11	ZJH_N11	ZCH	Axilla	Week 1	True	2.0	2.0	0.0	1.0	1.0	0.0	Staphylococcus_aureus_parE_470.0_Y->N	True	True
N11_1_2	Staphylococcus_aureus	parC	84.0	23.0	D/E/S	0.0	0.0	N	23.0	1.0	1.0	True	D/E/S84N(100%)	N:23	N11	N11	UCMC	Axilla	Week 1	True	0.0	0.0	0.0	0.0	0.0	0.0	Staphylococcus_aureus_parC_84.0_D/E/S->N	True	True
N11_1_2	Staphylococcus_aureus	parC	84.0	23.0	D/E/S	0.0	0.0	N	23.0	1.0	1.0	True	D/E/S84N(100%)	N:23	N11	ZJH_N11	ZCH	Axilla	Week 1	True	2.0	2.0	0.0	1.0	1.0	0.0	Staphylococcus_aureus_parC_84.0_D/E/S->N	True	True
N11_1_4	Enterococcus_faecium	gyrA	87.0	51.0	E/S	0.0	0.0	Y	51.0	1.0	1.0	True	E/S87Y(100%)	Y:51	N11	N11	UCMC	Stool	Week 1	True	0.0	0.0	0.0	0.0	0.0	0.0	Enterococcus_faecium_gyrA_87.0_E/S->Y	True	True
N11_1_4	Enterococcus_faecium	gyrA	87.0	51.0	E/S	0.0	0.0	Y	51.0	1.0	1.0	True	E/S87Y(100%)	Y:51	N11	ZJH_N11	ZCH	Stool	Week 1	True	2.0	2.0	0.0	1.0	1.0	0.0	Enterococcus_faecium_gyrA_87.0_E/S->Y	True	True
N11_1_4	Klebsiella_pneumoniae	gyrA	154.0	11.0	K	0.0	0.0	R	11.0	1.0	1.0	True	K154R(100%)	R:11	N11	N11	UCMC	Stool	Week 1	True	0.0	0.0	0.0	0.0	0.0	0.0	Klebsiella_pneumoniae_gyrA_154.0_K->R	True	True
N11_1_4	Klebsiella_pneumoniae	gyrA	154.0	11.0	K	0.0	0.0	R	11.0	1.0	1.0	True	K154R(100%)	R:11	N11	ZJH_N11	ZCH	Stool	Week 1	True	2.0	2.0	0.0	1.0	1.0	0.0	Klebsiella_pneumoniae_gyrA_154.0_K->R	True	True
N11_1_4	Staphylococcus_aureus	parE	470.0	28.0	Y	0.0	0.0	N	28.0	1.0	1.0	True	Y470N(100%)	N:28	N11	N11	UCMC	Stool	Week 1	True	0.0	0.0	0.0	0.0	0.0	0.0	Staphylococcus_aureus_parE_470.0_Y->N	True	True
N11_1_4	Staphylococcus_aureus	parE	470.0	28.0	Y	0.0	0.0	N	28.0	1.0	1.0	True	Y470N(100%)	N:28	N11	ZJH_N11	ZCH	Stool	Week 1	True	2.0	2.0	0.0	1.0	1.0	0.0	Staphylococcus_aureus_parE_470.0_Y->N	True	True
N11_1_4	Enterococcus_faecalis	gyrA	87.0	103.0	E/S	0.0	0.0	K	102.0	0.9903	0.9903	True	E/S87K(99%)	I:1;K:102	N11	N11	UCMC	Stool	Week 1	True	0.0	0.0	0.0	0.0	0.0	0.0	Enterococcus_faecalis_gyrA_87.0_E/S->K	True	True
N11_1_4	Enterococcus_faecalis	gyrA	87.0	103.0	E/S	0.0	0.0	K	102.0	0.9903	0.9903	True	E/S87K(99%)	I:1;K:102	N11	ZJH_N11	ZCH	Stool	Week 1	True	2.0	2.0	0.0	1.0	1.0	0.0	Enterococcus_faecalis_gyrA_87.0_E/S->K	True	True
N11_1_4	Staphylococcus_aureus	parC	80.0	338.0	E/R	0.0	0.0	S	332.0	0.9822	0.9822	True	E/R80S(98%)	A:1;S:332;T:3;Y:2	N11	N11	UCMC	Stool	Week 1	True	0.0	0.0	0.0	0.0	0.0	0.0	Staphylococcus_aureus_parC_80.0_E/R->S	True	True
N11_1_4	Staphylococcus_aureus	parC	80.0	338.0	E/R	0.0	0.0	S	332.0	0.9822	0.9822	True	E/R80S(98%)	A:1;S:332;T:3;Y:2	N11	ZJH_N11	ZCH	Stool	Week 1	True	2.0	2.0	0.0	1.0	1.0	0.0	Staphylococcus_aureus_parC_80.0_E/R->S	True	True
N11_1_4	Staphylococcus_aureus	parC	84.0	159.0	D/E/S	157.0	0.9874	V	2.0	0.0126	0.0126	True	D/E/S84V(1%)	D:157;V:2	N11	N11	UCMC	Stool	Week 1	True	0.0	0.0	0.0	0.0	0.0	0.0	Staphylococcus_aureus_parC_84.0_D/E/S->V	False	False
N11_1_4	Staphylococcus_aureus	parC	84.0	159.0	D/E/S	157.0	0.9874	V	2.0	0.0126	0.0126	True	D/E/S84V(1%)	D:157;V:2	N11	ZJH_N11	ZCH	Stool	Week 1	True	2.0	2.0	0.0	1.0	1.0	0.0	Staphylococcus_aureus_parC_84.0_D/E/S->V	False	False
N11_1_4	Staphylococcus_aureus	parE	432.0	187.0	D/S	186.0	0.9947	V	1.0	0.0053	0.0053	True	D/S432V(0%)	D:186;V:1	N11	N11	UCMC	Stool	Week 1	True	0.0	0.0	0.0	0.0	0.0	0.0	Staphylococcus_aureus_parE_432.0_D/S->V	False	False
N11_1_4	Staphylococcus_aureus	parE	432.0	187.0	D/S	186.0	0.9947	V	1.0	0.0053	0.0053	True	D/S432V(0%)	D:186;V:1	N11	ZJH_N11	ZCH	Stool	Week 1	True	2.0	2.0	0.0	1.0	1.0	0.0	Staphylococcus_aureus_parE_432.0_D/S->V	False	False
N11_1_4	Staphylococcus_aureus	gyrA	84.0	803.0	G/S	0.0	0.9938	Y	4.0	0.005	0.005	True	G/S84Y(0%)	S:798;T:1;Y:4	N11	N11	UCMC	Stool	Week 1	True	0.0	0.0	0.0	0.0	0.0	0.0	Staphylococcus_aureus_gyrA_84.0_G/S->Y	False	False
N11_1_4	Staphylococcus_aureus	gyrA	84.0	803.0	G/S	0.0	0.9938	Y	4.0	0.005	0.005	True	G/S84Y(0%)	S:798;T:1;Y:4	N11	ZJH_N11	ZCH	Stool	Week 1	True	2.0	2.0	0.0	1.0	1.0	0.0	Staphylococcus_aureus_gyrA_84.0_G/S->Y	False	False
N11_2_3	Klebsiella_pneumoniae	gyrA	154.0	8.0	K	0.0	0.0	R	8.0	1.0	1.0	True	K154R(100%)	R:8	N11	N11	UCMC	Groin	Week 3	True	0.0	0.0	0.0	0.0	0.0	0.0	Klebsiella_pneumoniae_gyrA_154.0_K->R	True	True
N11_2_3	Klebsiella_pneumoniae	gyrA	154.0	8.0	K	0.0	0.0	R	8.0	1.0	1.0	True	K154R(100%)	R:8	N11	ZJH_N11	ZCH	Groin	Week 3	True	0.0	2.0	0.0	0.0	1.0	0.0	Klebsiella_pneumoniae_gyrA_154.0_K->R	True	True
N11_2_3	Enterococcus_faecalis	gyrA	87.0	40.0	E/S	0.0	0.0	K	40.0	1.0	1.0	True	E/S87K(100%)	K:40	N11	N11	UCMC	Groin	Week 3	True	0.0	0.0	0.0	0.0	0.0	0.0	Enterococcus_faecalis_gyrA_87.0_E/S->K	True	True
N11_2_3	Enterococcus_faecalis	gyrA	87.0	40.0	E/S	0.0	0.0	K	40.0	1.0	1.0	True	E/S87K(100%)	K:40	N11	ZJH_N11	ZCH	Groin	Week 3	True	0.0	2.0	0.0	0.0	1.0	0.0	Enterococcus_faecalis_gyrA_87.0_E/S->K	True	True
N11_2_3	Enterococcus_faecium	gyrA	87.0	20.0	E/S	0.0	0.0	Y	20.0	1.0	1.0	True	E/S87Y(100%)	Y:20	N11	N11	UCMC	Groin	Week 3	True	0.0	0.0	0.0	0.0	0.0	0.0	Enterococcus_faecium_gyrA_87.0_E/S->Y	True	True
N11_2_3	Enterococcus_faecium	gyrA	87.0	20.0	E/S	0.0	0.0	Y	20.0	1.0	1.0	True	E/S87Y(100%)	Y:20	N11	ZJH_N11	ZCH	Groin	Week 3	True	0.0	2.0	0.0	0.0	1.0	0.0	Enterococcus_faecium_gyrA_87.0_E/S->Y	True	True
N11_2_3	Escherichia_coli	parC	78.0	65.0	A/G	0.0	0.9692	V	2.0	0.0308	0.0308	True	A/G78V(3%)	G:63;V:2	N11	N11	UCMC	Groin	Week 3	True	0.0	0.0	0.0	0.0	0.0	0.0	Escherichia_coli_parC_78.0_A/G->V	False	False
N11_2_3	Escherichia_coli	parC	78.0	65.0	A/G	0.0	0.9692	V	2.0	0.0308	0.0308	True	A/G78V(3%)	G:63;V:2	N11	ZJH_N11	ZCH	Groin	Week 3	True	0.0	2.0	0.0	0.0	1.0	0.0	Escherichia_coli_parC_78.0_A/G->V	False	False
N11_2_3	Escherichia_coli	parE	458.0	90.0	D/S	0.0	0.9778	A	2.0	0.0222	0.0222	True	D/S458A(2%)	A:2;S:88	N11	N11	UCMC	Groin	Week 3	True	0.0	0.0	0.0	0.0	0.0	0.0	Escherichia_coli_parE_458.0_D/S->A	False	False
N11_2_3	Escherichia_coli	parE	458.0	90.0	D/S	0.0	0.9778	A	2.0	0.0222	0.0222	True	D/S458A(2%)	A:2;S:88	N11	ZJH_N11	ZCH	Groin	Week 3	True	0.0	2.0	0.0	0.0	1.0	0.0	Escherichia_coli_parE_458.0_D/S->A	False	False
N11_2_4	Klebsiella_pneumoniae	gyrA	154.0	24.0	K	1.0	0.0417	R	23.0	0.9583	0.9583	True	K154R(95%)	K:1;R:23	N11	N11	UCMC	Stool	Week 3	True	0.0	0.0	0.0	0.0	0.0	0.0	Klebsiella_pneumoniae_gyrA_154.0_K->R	True	True
N11_2_4	Klebsiella_pneumoniae	gyrA	154.0	24.0	K	1.0	0.0417	R	23.0	0.9583	0.9583	True	K154R(95%)	K:1;R:23	N11	ZJH_N11	ZCH	Stool	Week 3	True	0.0	2.0	0.0	0.0	1.0	0.0	Klebsiella_pneumoniae_gyrA_154.0_K->R	True	True
N11_2_4	Pseudomonas_aeruginosa	gyrA	87.0	27.0	D/S	26.0	0.963	Y	1.0	0.037	0.037	True	D/S87Y(3%)	D:26;Y:1	N11	N11	UCMC	Stool	Week 3	True	0.0	0.0	0.0	0.0	0.0	0.0	Pseudomonas_aeruginosa_gyrA_87.0_D/S->Y	False	False
N11_2_4	Pseudomonas_aeruginosa	gyrA	87.0	27.0	D/S	26.0	0.963	Y	1.0	0.037	0.037	True	D/S87Y(3%)	D:26;Y:1	N11	ZJH_N11	ZCH	Stool	Week 3	True	0.0	2.0	0.0	0.0	1.0	0.0	Pseudomonas_aeruginosa_gyrA_87.0_D/S->Y	False	False
N11_2_4	Klebsiella_oxytoca	parC	80.0	203.0	S	202.0	0.9951	R	1.0	0.0049	0.0049	True	S80R(0%)	R:1;S:202	N11	N11	UCMC	Stool	Week 3	True	0.0	0.0	0.0	0.0	0.0	0.0	Klebsiella_oxytoca_parC_80.0_S->R	False	False
N11_2_4	Klebsiella_oxytoca	parC	80.0	203.0	S	202.0	0.9951	R	1.0	0.0049	0.0049	True	S80R(0%)	R:1;S:202	N11	ZJH_N11	ZCH	Stool	Week 3	True	0.0	2.0	0.0	0.0	1.0	0.0	Klebsiella_oxytoca_parC_80.0_S->R	False	False
N12_1_2	Enterococcus_faecium	gyrA	87.0	21.0	E/S	0.0	0.0	Y	21.0	1.0	1.0	True	E/S87Y(100%)	Y:21	N12	N12	UCMC	Axilla	Week 1	False	0.0	0.0	0.0	0.0	0.0	0.0	Enterococcus_faecium_gyrA_87.0_E/S->Y	True	True
N12_1_2	Enterococcus_faecium	gyrA	87.0	21.0	E/S	0.0	0.0	Y	21.0	1.0	1.0	True	E/S87Y(100%)	Y:21	N12	ZJH_N12	ZCH	Axilla	Week 1	False	15.0	15.0	0.0	1.0	1.0	0.0	Enterococcus_faecium_gyrA_87.0_E/S->Y	True	True
N12_1_2	Enterococcus_faecalis	gyrA	87.0	26.0	E/S	0.0	0.0	K	26.0	1.0	1.0	True	E/S87K(100%)	K:26	N12	N12	UCMC	Axilla	Week 1	False	0.0	0.0	0.0	0.0	0.0	0.0	Enterococcus_faecalis_gyrA_87.0_E/S->K	True	True
N12_1_2	Enterococcus_faecalis	gyrA	87.0	26.0	E/S	0.0	0.0	K	26.0	1.0	1.0	True	E/S87K(100%)	K:26	N12	ZJH_N12	ZCH	Axilla	Week 1	False	15.0	15.0	0.0	1.0	1.0	0.0	Enterococcus_faecalis_gyrA_87.0_E/S->K	True	True
N12_1_2	Staphylococcus_aureus	parE	470.0	34.0	Y	0.0	0.0	N	34.0	1.0	1.0	True	Y470N(100%)	N:34	N12	N12	UCMC	Axilla	Week 1	False	0.0	0.0	0.0	0.0	0.0	0.0	Staphylococcus_aureus_parE_470.0_Y->N	True	True
N12_1_2	Staphylococcus_aureus	parE	470.0	34.0	Y	0.0	0.0	N	34.0	1.0	1.0	True	Y470N(100%)	N:34	N12	ZJH_N12	ZCH	Axilla	Week 1	False	15.0	15.0	0.0	1.0	1.0	0.0	Staphylococcus_aureus_parE_470.0_Y->N	True	True
N12_1_2	Klebsiella_pneumoniae	gyrA	154.0	68.0	K	0.0	0.0	R	68.0	1.0	1.0	True	K154R(100%)	R:68	N12	N12	UCMC	Axilla	Week 1	False	0.0	0.0	0.0	0.0	0.0	0.0	Klebsiella_pneumoniae_gyrA_154.0_K->R	True	True
N12_1_2	Klebsiella_pneumoniae	gyrA	154.0	68.0	K	0.0	0.0	R	68.0	1.0	1.0	True	K154R(100%)	R:68	N12	ZJH_N12	ZCH	Axilla	Week 1	False	15.0	15.0	0.0	1.0	1.0	0.0	Klebsiella_pneumoniae_gyrA_154.0_K->R	True	True
N12_1_2	Staphylococcus_aureus	parC	80.0	215.0	E/R	0.0	0.0	S	198.0	0.9209	0.9209	True	E/R80S(92%)	S:198;Y:17	N12	N12	UCMC	Axilla	Week 1	False	0.0	0.0	0.0	0.0	0.0	0.0	Staphylococcus_aureus_parC_80.0_E/R->S	True	True
N12_1_2	Staphylococcus_aureus	parC	80.0	215.0	E/R	0.0	0.0	S	198.0	0.9209	0.9209	True	E/R80S(92%)	S:198;Y:17	N12	ZJH_N12	ZCH	Axilla	Week 1	False	15.0	15.0	0.0	1.0	1.0	0.0	Staphylococcus_aureus_parC_80.0_E/R->S	True	True
N12_1_2	Staphylococcus_aureus	parC	84.0	165.0	D/E/S	157.0	0.9515	N	8.0	0.0485	0.0485	True	D/E/S84N(4%)	D:157;N:8	N12	N12	UCMC	Axilla	Week 1	False	0.0	0.0	0.0	0.0	0.0	0.0	Staphylococcus_aureus_parC_84.0_D/E/S->N	False	False
N12_1_2	Staphylococcus_aureus	parC	84.0	165.0	D/E/S	157.0	0.9515	N	8.0	0.0485	0.0485	True	D/E/S84N(4%)	D:157;N:8	N12	ZJH_N12	ZCH	Axilla	Week 1	False	15.0	15.0	0.0	1.0	1.0	0.0	Staphylococcus_aureus_parC_84.0_D/E/S->N	False	False
N12_1_2	Staphylococcus_aureus	parE	432.0	286.0	D/S	283.0	0.9895	V	3.0	0.0105	0.0105	True	D/S432V(1%)	D:283;V:3	N12	N12	UCMC	Axilla	Week 1	False	0.0	0.0	0.0	0.0	0.0	0.0	Staphylococcus_aureus_parE_432.0_D/S->V	False	False
N12_1_2	Staphylococcus_aureus	parE	432.0	286.0	D/S	283.0	0.9895	V	3.0	0.0105	0.0105	True	D/S432V(1%)	D:283;V:3	N12	ZJH_N12	ZCH	Axilla	Week 1	False	15.0	15.0	0.0	1.0	1.0	0.0	Staphylococcus_aureus_parE_432.0_D/S->V	False	False
N12_1_3	Staphylococcus_aureus	parC	80.0	24.0	E/R	0.0	0.0	S	24.0	1.0	1.0	True	E/R80S(100%)	S:24	N12	N12	UCMC	Groin	Week 1	False	0.0	0.0	0.0	0.0	0.0	0.0	Staphylococcus_aureus_parC_80.0_E/R->S	True	True
N12_1_3	Staphylococcus_aureus	parC	80.0	24.0	E/R	0.0	0.0	S	24.0	1.0	1.0	True	E/R80S(100%)	S:24	N12	ZJH_N12	ZCH	Groin	Week 1	False	15.0	15.0	0.0	1.0	1.0	0.0	Staphylococcus_aureus_parC_80.0_E/R->S	True	True
N12_1_3	Klebsiella_pneumoniae	gyrA	87.0	25.0	D/S	24.0	0.96	N	1.0	0.04	0.04	True	D/S87N(4%)	D:24;N:1	N12	N12	UCMC	Groin	Week 1	False	0.0	0.0	0.0	0.0	0.0	0.0	Klebsiella_pneumoniae_gyrA_87.0_D/S->N	False	False
N12_1_3	Klebsiella_pneumoniae	gyrA	87.0	25.0	D/S	24.0	0.96	N	1.0	0.04	0.04	True	D/S87N(4%)	D:24;N:1	N12	ZJH_N12	ZCH	Groin	Week 1	False	15.0	15.0	0.0	1.0	1.0	0.0	Klebsiella_pneumoniae_gyrA_87.0_D/S->N	False	False
N12_1_3	Klebsiella_pneumoniae	gyrA	83.0	26.0	D/S	0.0	0.9615	F	1.0	0.0385	0.0385	True	D/S83F(3%)	F:1;S:25	N12	N12	UCMC	Groin	Week 1	False	0.0	0.0	0.0	0.0	0.0	0.0	Klebsiella_pneumoniae_gyrA_83.0_D/S->F	False	False
N12_1_3	Klebsiella_pneumoniae	gyrA	83.0	26.0	D/S	0.0	0.9615	F	1.0	0.0385	0.0385	True	D/S83F(3%)	F:1;S:25	N12	ZJH_N12	ZCH	Groin	Week 1	False	15.0	15.0	0.0	1.0	1.0	0.0	Klebsiella_pneumoniae_gyrA_83.0_D/S->F	False	False
N13_1_3	Staphylococcus_aureus	parE	470.0	5.0	Y	0.0	0.0	N	5.0	1.0	1.0	True	Y470N(100%)	N:5	N13	N13	UCMC	Groin	Week 1	True	3.0	3.0	5.0	1.0	1.0	1.0	Staphylococcus_aureus_parE_470.0_Y->N	True	True
N13_1_3	Staphylococcus_aureus	parE	470.0	5.0	Y	0.0	0.0	N	5.0	1.0	1.0	True	Y470N(100%)	N:5	N13	ZJH_N13	ZCH	Groin	Week 1	True	14.0	14.0	2.0	1.0	1.0	1.0	Staphylococcus_aureus_parE_470.0_Y->N	True	True
N13_1_4	Enterococcus_faecium	gyrA	87.0	6.0	E/S	0.0	0.0	Y	6.0	1.0	1.0	True	E/S87Y(100%)	Y:6	N13	N13	UCMC	Stool	Week 1	True	3.0	3.0	5.0	1.0	1.0	1.0	Enterococcus_faecium_gyrA_87.0_E/S->Y	True	True
N13_1_4	Enterococcus_faecium	gyrA	87.0	6.0	E/S	0.0	0.0	Y	6.0	1.0	1.0	True	E/S87Y(100%)	Y:6	N13	ZJH_N13	ZCH	Stool	Week 1	True	14.0	14.0	2.0	1.0	1.0	1.0	Enterococcus_faecium_gyrA_87.0_E/S->Y	True	True
N13_1_4	Staphylococcus_aureus	parC	80.0	16.0	E/R	0.0	0.0	S	16.0	1.0	1.0	True	E/R80S(100%)	S:16	N13	N13	UCMC	Stool	Week 1	True	3.0	3.0	5.0	1.0	1.0	1.0	Staphylococcus_aureus_parC_80.0_E/R->S	True	True
N13_1_4	Staphylococcus_aureus	parC	80.0	16.0	E/R	0.0	0.0	S	16.0	1.0	1.0	True	E/R80S(100%)	S:16	N13	ZJH_N13	ZCH	Stool	Week 1	True	14.0	14.0	2.0	1.0	1.0	1.0	Staphylococcus_aureus_parC_80.0_E/R->S	True	True
N13_1_4	Staphylococcus_aureus	parE	470.0	10.0	Y	0.0	0.0	N	10.0	1.0	1.0	True	Y470N(100%)	N:10	N13	N13	UCMC	Stool	Week 1	True	3.0	3.0	5.0	1.0	1.0	1.0	Staphylococcus_aureus_parE_470.0_Y->N	True	True
N13_1_4	Staphylococcus_aureus	parE	470.0	10.0	Y	0.0	0.0	N	10.0	1.0	1.0	True	Y470N(100%)	N:10	N13	ZJH_N13	ZCH	Stool	Week 1	True	14.0	14.0	2.0	1.0	1.0	1.0	Staphylococcus_aureus_parE_470.0_Y->N	True	True
N13_2_2	Klebsiella_pneumoniae	gyrA	154.0	24.0	K	0.0	0.0	R	24.0	1.0	1.0	True	K154R(100%)	R:24	N13	N13	UCMC	Axilla	Week 3	True	5.0	3.0	5.0	1.0	1.0	1.0	Klebsiella_pneumoniae_gyrA_154.0_K->R	True	True
N13_2_2	Klebsiella_pneumoniae	gyrA	154.0	24.0	K	0.0	0.0	R	24.0	1.0	1.0	True	K154R(100%)	R:24	N13	ZJH_N13	ZCH	Axilla	Week 3	True	2.0	14.0	2.0	1.0	1.0	1.0	Klebsiella_pneumoniae_gyrA_154.0_K->R	True	True
N13_2_2	Escherichia_coli	parE	475.0	80.0	D	76.0	0.95	V	2.0	0.025	0.025	True	D475V(2%)	A:2;D:76;V:2	N13	N13	UCMC	Axilla	Week 3	True	5.0	3.0	5.0	1.0	1.0	1.0	Escherichia_coli_parE_475.0_D->V	False	False
N13_2_2	Escherichia_coli	parE	475.0	80.0	D	76.0	0.95	V	2.0	0.025	0.025	True	D475V(2%)	A:2;D:76;V:2	N13	ZJH_N13	ZCH	Axilla	Week 3	True	2.0	14.0	2.0	1.0	1.0	1.0	Escherichia_coli_parE_475.0_D->V	False	False
N13_2_4	Klebsiella_pneumoniae	gyrA	154.0	313.0	K	0.0	0.0	R	313.0	1.0	1.0	True	K154R(100%)	R:313	N13	N13	UCMC	Stool	Week 3	True	5.0	3.0	5.0	1.0	1.0	1.0	Klebsiella_pneumoniae_gyrA_154.0_K->R	True	True
N13_2_4	Klebsiella_pneumoniae	gyrA	154.0	313.0	K	0.0	0.0	R	313.0	1.0	1.0	True	K154R(100%)	R:313	N13	ZJH_N13	ZCH	Stool	Week 3	True	2.0	14.0	2.0	1.0	1.0	1.0	Klebsiella_pneumoniae_gyrA_154.0_K->R	True	True
N13_2_4	Klebsiella_oxytoca	gyrA	87.0	988.0	D	976.0	0.9879	A	5.0	0.0051	0.002	True	D87G(0%)	A:5;D:976;E:2;G:2;Y:3	N13	N13	UCMC	Stool	Week 3	True	5.0	3.0	5.0	1.0	1.0	1.0	Klebsiella_oxytoca_gyrA_87.0_D->A	False	False
N13_2_4	Klebsiella_oxytoca	gyrA	87.0	988.0	D	976.0	0.9879	A	5.0	0.0051	0.002	True	D87G(0%)	A:5;D:976;E:2;G:2;Y:3	N13	ZJH_N13	ZCH	Stool	Week 3	True	2.0	14.0	2.0	1.0	1.0	1.0	Klebsiella_oxytoca_gyrA_87.0_D->A	False	False
N14_1_2	Staphylococcus_aureus	parE	432.0	15.0	D/S	13.0	0.8667	V	2.0	0.1333	0.1333	True	D/S432V(13%)	D:13;V:2	N14	N14	UCMC	Axilla	Week 1	True	0.0	0.0	0.0	0.0	0.0	0.0	Staphylococcus_aureus_parE_432.0_D/S->V	False	True
N14_1_2	Staphylococcus_aureus	parE	432.0	15.0	D/S	13.0	0.8667	V	2.0	0.1333	0.1333	True	D/S432V(13%)	D:13;V:2	N14	ZJH_N14	ZCH	Axilla	Week 1	True	12.0	12.0	11.0	1.0	1.0	1.0	Staphylococcus_aureus_parE_432.0_D/S->V	False	True
N14_2_3	Enterococcus_faecium	gyrA	87.0	5.0	E/S	0.0	0.0	Y	5.0	1.0	1.0	True	E/S87Y(100%)	Y:5	N14	N14	UCMC	Groin	Week 3	True	0.0	0.0	0.0	0.0	0.0	0.0	Enterococcus_faecium_gyrA_87.0_E/S->Y	True	True
N14_2_3	Enterococcus_faecium	gyrA	87.0	5.0	E/S	0.0	0.0	Y	5.0	1.0	1.0	True	E/S87Y(100%)	Y:5	N14	ZJH_N14	ZCH	Groin	Week 3	True	11.0	12.0	11.0	1.0	1.0	1.0	Enterococcus_faecium_gyrA_87.0_E/S->Y	True	True
N14_2_3	Klebsiella_pneumoniae	gyrA	154.0	6.0	K	0.0	0.0	R	6.0	1.0	1.0	True	K154R(100%)	R:6	N14	N14	UCMC	Groin	Week 3	True	0.0	0.0	0.0	0.0	0.0	0.0	Klebsiella_pneumoniae_gyrA_154.0_K->R	True	True
N14_2_3	Klebsiella_pneumoniae	gyrA	154.0	6.0	K	0.0	0.0	R	6.0	1.0	1.0	True	K154R(100%)	R:6	N14	ZJH_N14	ZCH	Groin	Week 3	True	11.0	12.0	11.0	1.0	1.0	1.0	Klebsiella_pneumoniae_gyrA_154.0_K->R	True	True
N14_2_4	Klebsiella_pneumoniae	gyrA	154.0	14.0	K	0.0	0.0	R	14.0	1.0	1.0	True	K154R(100%)	R:14	N14	N14	UCMC	Stool	Week 3	True	0.0	0.0	0.0	0.0	0.0	0.0	Klebsiella_pneumoniae_gyrA_154.0_K->R	True	True
N14_2_4	Klebsiella_pneumoniae	gyrA	154.0	14.0	K	0.0	0.0	R	14.0	1.0	1.0	True	K154R(100%)	R:14	N14	ZJH_N14	ZCH	Stool	Week 3	True	11.0	12.0	11.0	1.0	1.0	1.0	Klebsiella_pneumoniae_gyrA_154.0_K->R	True	True
N14_2_4	Enterococcus_faecium	gyrA	87.0	18.0	E/S	0.0	0.0	Y	18.0	1.0	1.0	True	E/S87Y(100%)	Y:18	N14	N14	UCMC	Stool	Week 3	True	0.0	0.0	0.0	0.0	0.0	0.0	Enterococcus_faecium_gyrA_87.0_E/S->Y	True	True
N14_2_4	Enterococcus_faecium	gyrA	87.0	18.0	E/S	0.0	0.0	Y	18.0	1.0	1.0	True	E/S87Y(100%)	Y:18	N14	ZJH_N14	ZCH	Stool	Week 3	True	11.0	12.0	11.0	1.0	1.0	1.0	Enterococcus_faecium_gyrA_87.0_E/S->Y	True	True
N15_1_2	Enterococcus_faecalis	gyrA	87.0	11.0	E/S	0.0	0.0	K	11.0	1.0	1.0	True	E/S87K(100%)	K:11	N15	N15	UCMC	Axilla	Week 1	True	0.0	0.0	0.0	0.0	0.0	0.0	Enterococcus_faecalis_gyrA_87.0_E/S->K	True	True
N15_1_2	Enterococcus_faecalis	gyrA	87.0	11.0	E/S	0.0	0.0	K	11.0	1.0	1.0	True	E/S87K(100%)	K:11	N15	ZJH_N15	ZCH	Axilla	Week 1	False	7.0	7.0	0.0	1.0	1.0	0.0	Enterococcus_faecalis_gyrA_87.0_E/S->K	True	True
N15_1_2	Enterococcus_faecium	gyrA	87.0	7.0	E/S	0.0	0.0	Y	7.0	1.0	1.0	True	E/S87Y(100%)	Y:7	N15	N15	UCMC	Axilla	Week 1	True	0.0	0.0	0.0	0.0	0.0	0.0	Enterococcus_faecium_gyrA_87.0_E/S->Y	True	True
N15_1_2	Enterococcus_faecium	gyrA	87.0	7.0	E/S	0.0	0.0	Y	7.0	1.0	1.0	True	E/S87Y(100%)	Y:7	N15	ZJH_N15	ZCH	Axilla	Week 1	False	7.0	7.0	0.0	1.0	1.0	0.0	Enterococcus_faecium_gyrA_87.0_E/S->Y	True	True
N15_1_3	Enterococcus_faecalis	gyrA	87.0	79.0	E/S	0.0	0.0	K	79.0	1.0	1.0	True	E/S87K(100%)	K:79	N15	N15	UCMC	Groin	Week 1	True	0.0	0.0	0.0	0.0	0.0	0.0	Enterococcus_faecalis_gyrA_87.0_E/S->K	True	True
N15_1_3	Enterococcus_faecium	gyrA	87.0	68.0	E/S	0.0	0.0	Y	68.0	1.0	1.0	True	E/S87Y(100%)	Y:68	N15	N15	UCMC	Groin	Week 1	True	0.0	0.0	0.0	0.0	0.0	0.0	Enterococcus_faecium_gyrA_87.0_E/S->Y	True	True
N15_1_4	Enterococcus_faecium	gyrA	87.0	129.0	E/S	0.0	0.0	Y	129.0	1.0	1.0	True	E/S87Y(100%)	Y:129	N15	N15	UCMC	Stool	Week 1	True	0.0	0.0	0.0	0.0	0.0	0.0	Enterococcus_faecium_gyrA_87.0_E/S->Y	True	True
N15_1_4	Enterococcus_faecium	gyrA	87.0	129.0	E/S	0.0	0.0	Y	129.0	1.0	1.0	True	E/S87Y(100%)	Y:129	N15	ZJH_N15	ZCH	Stool	Week 1	False	7.0	7.0	0.0	1.0	1.0	0.0	Enterococcus_faecium_gyrA_87.0_E/S->Y	True	True
N15_1_4	Enterococcus_faecalis	gyrA	87.0	140.0	E/S	0.0	0.0	K	138.0	0.9857	0.9857	True	E/S87K(98%)	I:1;K:138;T:1	N15	N15	UCMC	Stool	Week 1	True	0.0	0.0	0.0	0.0	0.0	0.0	Enterococcus_faecalis_gyrA_87.0_E/S->K	True	True
N15_1_4	Enterococcus_faecalis	gyrA	87.0	140.0	E/S	0.0	0.0	K	138.0	0.9857	0.9857	True	E/S87K(98%)	I:1;K:138;T:1	N15	ZJH_N15	ZCH	Stool	Week 1	False	7.0	7.0	0.0	1.0	1.0	0.0	Enterococcus_faecalis_gyrA_87.0_E/S->K	True	True
N15_1_4	Staphylococcus_aureus	parC	80.0	13.0	E/R	0.0	0.0	S	12.0	0.9231	0.9231	True	E/R80S(92%)	S:12;Y:1	N15	N15	UCMC	Stool	Week 1	True	0.0	0.0	0.0	0.0	0.0	0.0	Staphylococcus_aureus_parC_80.0_E/R->S	True	True
N15_1_4	Staphylococcus_aureus	parC	80.0	13.0	E/R	0.0	0.0	S	12.0	0.9231	0.9231	True	E/R80S(92%)	S:12;Y:1	N15	ZJH_N15	ZCH	Stool	Week 1	False	7.0	7.0	0.0	1.0	1.0	0.0	Staphylococcus_aureus_parC_80.0_E/R->S	True	True
N15_1_4	Pseudomonas_aeruginosa	gyrA	87.0	37.0	D/S	26.0	0.7027	Y	8.0	0.2162	0.2162	True	D/S87Y(21%)	D:26;E:2;V:1;Y:8	N15	N15	UCMC	Stool	Week 1	True	0.0	0.0	0.0	0.0	0.0	0.0	Pseudomonas_aeruginosa_gyrA_87.0_D/S->Y	False	True
N15_1_4	Pseudomonas_aeruginosa	gyrA	87.0	37.0	D/S	26.0	0.7027	Y	8.0	0.2162	0.2162	True	D/S87Y(21%)	D:26;E:2;V:1;Y:8	N15	ZJH_N15	ZCH	Stool	Week 1	False	7.0	7.0	0.0	1.0	1.0	0.0	Pseudomonas_aeruginosa_gyrA_87.0_D/S->Y	False	True
N15_2_3	Enterococcus_faecium	gyrA	87.0	66.0	E/S	0.0	0.0	Y	66.0	1.0	1.0	True	E/S87Y(100%)	Y:66	N15	N15	UCMC	Groin	Week 3	True	0.0	0.0	0.0	0.0	0.0	0.0	Enterococcus_faecium_gyrA_87.0_E/S->Y	True	True
N15_2_3	Enterococcus_faecalis	gyrA	87.0	42.0	E/S	0.0	0.0	K	42.0	1.0	1.0	True	E/S87K(100%)	K:42	N15	N15	UCMC	Groin	Week 3	True	0.0	0.0	0.0	0.0	0.0	0.0	Enterococcus_faecalis_gyrA_87.0_E/S->K	True	True
N15_2_3	Escherichia_coli	parE	475.0	321.0	D	317.0	0.9875	V	2.0	0.0062	0.0062	True	D475V(0%)	A:2;D:317;V:2	N15	N15	UCMC	Groin	Week 3	True	0.0	0.0	0.0	0.0	0.0	0.0	Escherichia_coli_parE_475.0_D->V	False	False
N15_2_3	Escherichia_coli	parE	458.0	266.0	D/S	0.0	0.9962	A	1.0	0.0038	0.0038	True	D/S458A(0%)	A:1;S:265	N15	N15	UCMC	Groin	Week 3	True	0.0	0.0	0.0	0.0	0.0	0.0	Escherichia_coli_parE_458.0_D/S->A	False	False
N15_2_4	Enterococcus_faecalis	gyrA	87.0	10.0	E/S	0.0	0.0	K	10.0	1.0	1.0	True	E/S87K(100%)	K:10	N15	N15	UCMC	Stool	Week 3	True	0.0	0.0	0.0	0.0	0.0	0.0	Enterococcus_faecalis_gyrA_87.0_E/S->K	True	True
N15_2_4	Klebsiella_pneumoniae	gyrA	83.0	64.0	D/S	0.0	0.9844	A	1.0	0.0156	0.0156	True	D/S83A(1%)	A:1;S:63	N15	N15	UCMC	Stool	Week 3	True	0.0	0.0	0.0	0.0	0.0	0.0	Klebsiella_pneumoniae_gyrA_83.0_D/S->A	False	False
N16_1_3	Enterococcus_faecium	gyrA	87.0	41.0	E/S	0.0	0.0	Y	41.0	1.0	1.0	True	E/S87Y(100%)	Y:41	N16	N16	UCMC	Groin	Week 1	True	0.0	0.0	0.0	0.0	0.0	0.0	Enterococcus_faecium_gyrA_87.0_E/S->Y	True	True
N16_1_3	Enterococcus_faecium	gyrA	87.0	41.0	E/S	0.0	0.0	Y	41.0	1.0	1.0	True	E/S87Y(100%)	Y:41	N16	ZJH_N16	ZCH	Groin	Week 1	False	1.0	1.0	0.0	1.0	1.0	0.0	Enterococcus_faecium_gyrA_87.0_E/S->Y	True	True
N16_1_3	Staphylococcus_aureus	parE	470.0	5.0	Y	0.0	0.0	N	5.0	1.0	1.0	True	Y470N(100%)	N:5	N16	N16	UCMC	Groin	Week 1	True	0.0	0.0	0.0	0.0	0.0	0.0	Staphylococcus_aureus_parE_470.0_Y->N	True	True
N16_1_3	Staphylococcus_aureus	parE	470.0	5.0	Y	0.0	0.0	N	5.0	1.0	1.0	True	Y470N(100%)	N:5	N16	ZJH_N16	ZCH	Groin	Week 1	False	1.0	1.0	0.0	1.0	1.0	0.0	Staphylococcus_aureus_parE_470.0_Y->N	True	True
N16_1_3	Enterococcus_faecalis	gyrA	87.0	7.0	E/S	0.0	0.0	K	7.0	1.0	1.0	True	E/S87K(100%)	K:7	N16	N16	UCMC	Groin	Week 1	True	0.0	0.0	0.0	0.0	0.0	0.0	Enterococcus_faecalis_gyrA_87.0_E/S->K	True	True
N16_1_3	Enterococcus_faecalis	gyrA	87.0	7.0	E/S	0.0	0.0	K	7.0	1.0	1.0	True	E/S87K(100%)	K:7	N16	ZJH_N16	ZCH	Groin	Week 1	False	1.0	1.0	0.0	1.0	1.0	0.0	Enterococcus_faecalis_gyrA_87.0_E/S->K	True	True
N16_1_3	Staphylococcus_aureus	gyrA	84.0	28.0	G/S	0.0	0.25	L	20.0	0.7143	0.7143	True	G/S84L(71%)	K:1;L:20;S:7	N16	N16	UCMC	Groin	Week 1	True	0.0	0.0	0.0	0.0	0.0	0.0	Staphylococcus_aureus_gyrA_84.0_G/S->L	False	True
N16_1_3	Staphylococcus_aureus	gyrA	84.0	28.0	G/S	0.0	0.25	L	20.0	0.7143	0.7143	True	G/S84L(71%)	K:1;L:20;S:7	N16	ZJH_N16	ZCH	Groin	Week 1	False	1.0	1.0	0.0	1.0	1.0	0.0	Staphylococcus_aureus_gyrA_84.0_G/S->L	False	True
N16_1_4	Staphylococcus_aureus	parE	470.0	16.0	Y	0.0	0.0	N	16.0	1.0	1.0	True	Y470N(100%)	N:16	N16	N16	UCMC	Stool	Week 1	True	0.0	0.0	0.0	0.0	0.0	0.0	Staphylococcus_aureus_parE_470.0_Y->N	True	True
N16_1_4	Enterococcus_faecalis	gyrA	87.0	510.0	E/S	0.0	0.0	K	510.0	1.0	1.0	True	E/S87K(100%)	K:510	N16	N16	UCMC	Stool	Week 1	True	0.0	0.0	0.0	0.0	0.0	0.0	Enterococcus_faecalis_gyrA_87.0_E/S->K	True	True
N16_1_4	Enterococcus_faecium	gyrA	87.0	398.0	E/S	0.0	0.0	Y	398.0	1.0	1.0	True	E/S87Y(100%)	Y:398	N16	N16	UCMC	Stool	Week 1	True	0.0	0.0	0.0	0.0	0.0	0.0	Enterococcus_faecium_gyrA_87.0_E/S->Y	True	True
N16_1_4	Staphylococcus_aureus	parC	80.0	21.0	E/R	0.0	0.0	S	21.0	1.0	1.0	True	E/R80S(100%)	S:21	N16	N16	UCMC	Stool	Week 1	True	0.0	0.0	0.0	0.0	0.0	0.0	Staphylococcus_aureus_parC_80.0_E/R->S	True	True
N16_1_4	Klebsiella_pneumoniae	gyrA	154.0	37.0	K	0.0	0.0	R	35.0	0.9459	0.9459	True	K154R(94%)	C:2;R:35	N16	N16	UCMC	Stool	Week 1	True	0.0	0.0	0.0	0.0	0.0	0.0	Klebsiella_pneumoniae_gyrA_154.0_K->R	True	True
N16_1_4	Escherichia_coli	parC	78.0	67.0	A/G	0.0	0.9851	V	1.0	0.0149	0.0149	True	A/G78V(1%)	G:66;V:1	N16	N16	UCMC	Stool	Week 1	True	0.0	0.0	0.0	0.0	0.0	0.0	Escherichia_coli_parC_78.0_A/G->V	False	False
N16_2_2	Staphylococcus_aureus	parE	470.0	11.0	Y	0.0	0.0	N	11.0	1.0	1.0	True	Y470N(100%)	N:11	N16	N16	UCMC	Axilla	Week 3	True	0.0	0.0	0.0	0.0	0.0	0.0	Staphylococcus_aureus_parE_470.0_Y->N	True	True
N16_2_2	Staphylococcus_aureus	parE	470.0	11.0	Y	0.0	0.0	N	11.0	1.0	1.0	True	Y470N(100%)	N:11	N16	ZJH_N16	ZCH	Axilla	Week 3	False	0.0	1.0	0.0	0.0	1.0	0.0	Staphylococcus_aureus_parE_470.0_Y->N	True	True
N16_2_3	Enterococcus_faecalis	gyrA	87.0	12.0	E/S	0.0	0.0	K	12.0	1.0	1.0	True	E/S87K(100%)	K:12	N16	N16	UCMC	Groin	Week 3	True	0.0	0.0	0.0	0.0	0.0	0.0	Enterococcus_faecalis_gyrA_87.0_E/S->K	True	True
N16_2_3	Enterococcus_faecalis	gyrA	87.0	12.0	E/S	0.0	0.0	K	12.0	1.0	1.0	True	E/S87K(100%)	K:12	N16	ZJH_N16	ZCH	Groin	Week 3	False	0.0	1.0	0.0	0.0	1.0	0.0	Enterococcus_faecalis_gyrA_87.0_E/S->K	True	True
N16_2_3	Klebsiella_pneumoniae	gyrA	154.0	37.0	K	0.0	0.0	R	37.0	1.0	1.0	True	K154R(100%)	R:37	N16	N16	UCMC	Groin	Week 3	True	0.0	0.0	0.0	0.0	0.0	0.0	Klebsiella_pneumoniae_gyrA_154.0_K->R	True	True
N16_2_3	Klebsiella_pneumoniae	gyrA	154.0	37.0	K	0.0	0.0	R	37.0	1.0	1.0	True	K154R(100%)	R:37	N16	ZJH_N16	ZCH	Groin	Week 3	False	0.0	1.0	0.0	0.0	1.0	0.0	Klebsiella_pneumoniae_gyrA_154.0_K->R	True	True
N16_2_3	Enterococcus_faecium	gyrA	87.0	22.0	E/S	0.0	0.0	Y	22.0	1.0	1.0	True	E/S87Y(100%)	Y:22	N16	N16	UCMC	Groin	Week 3	True	0.0	0.0	0.0	0.0	0.0	0.0	Enterococcus_faecium_gyrA_87.0_E/S->Y	True	True
N16_2_3	Enterococcus_faecium	gyrA	87.0	22.0	E/S	0.0	0.0	Y	22.0	1.0	1.0	True	E/S87Y(100%)	Y:22	N16	ZJH_N16	ZCH	Groin	Week 3	False	0.0	1.0	0.0	0.0	1.0	0.0	Enterococcus_faecium_gyrA_87.0_E/S->Y	True	True
N16_2_3	Klebsiella_oxytoca	parC	80.0	204.0	S	201.0	0.9853	R	2.0	0.0098	0.0098	True	S80R(0%)	R:2;S:201;T:1	N16	N16	UCMC	Groin	Week 3	True	0.0	0.0	0.0	0.0	0.0	0.0	Klebsiella_oxytoca_parC_80.0_S->R	False	False
N16_2_3	Klebsiella_oxytoca	parC	80.0	204.0	S	201.0	0.9853	R	2.0	0.0098	0.0098	True	S80R(0%)	R:2;S:201;T:1	N16	ZJH_N16	ZCH	Groin	Week 3	False	0.0	1.0	0.0	0.0	1.0	0.0	Klebsiella_oxytoca_parC_80.0_S->R	False	False
N16_2_4	Enterococcus_faecalis	gyrA	87.0	17.0	E/S	0.0	0.0	K	17.0	1.0	1.0	True	E/S87K(100%)	K:17	N16	N16	UCMC	Stool	Week 3	True	0.0	0.0	0.0	0.0	0.0	0.0	Enterococcus_faecalis_gyrA_87.0_E/S->K	True	True
N16_2_4	Enterococcus_faecalis	gyrA	87.0	17.0	E/S	0.0	0.0	K	17.0	1.0	1.0	True	E/S87K(100%)	K:17	N16	ZJH_N16	ZCH	Stool	Week 3	False	0.0	1.0	0.0	0.0	1.0	0.0	Enterococcus_faecalis_gyrA_87.0_E/S->K	True	True
N16_2_4	Enterococcus_faecium	gyrA	87.0	42.0	E/S	0.0	0.0	Y	42.0	1.0	1.0	True	E/S87Y(100%)	Y:42	N16	N16	UCMC	Stool	Week 3	True	0.0	0.0	0.0	0.0	0.0	0.0	Enterococcus_faecium_gyrA_87.0_E/S->Y	True	True
N16_2_4	Enterococcus_faecium	gyrA	87.0	42.0	E/S	0.0	0.0	Y	42.0	1.0	1.0	True	E/S87Y(100%)	Y:42	N16	ZJH_N16	ZCH	Stool	Week 3	False	0.0	1.0	0.0	0.0	1.0	0.0	Enterococcus_faecium_gyrA_87.0_E/S->Y	True	True
N16_2_4	Klebsiella_pneumoniae	gyrA	154.0	19.0	K	0.0	0.0	R	18.0	0.9474	0.9474	True	K154R(94%)	R:18;S:1	N16	N16	UCMC	Stool	Week 3	True	0.0	0.0	0.0	0.0	0.0	0.0	Klebsiella_pneumoniae_gyrA_154.0_K->R	True	True
N16_2_4	Klebsiella_pneumoniae	gyrA	154.0	19.0	K	0.0	0.0	R	18.0	0.9474	0.9474	True	K154R(94%)	R:18;S:1	N16	ZJH_N16	ZCH	Stool	Week 3	False	0.0	1.0	0.0	0.0	1.0	0.0	Klebsiella_pneumoniae_gyrA_154.0_K->R	True	True
N17_1_2	Staphylococcus_aureus	parE	470.0	18.0	Y	0.0	0.0	N	18.0	1.0	1.0	True	Y470N(100%)	N:18	N17	N17	UCMC	Axilla	Week 1	True	0.0	0.0	0.0	0.0	0.0	0.0	Staphylococcus_aureus_parE_470.0_Y->N	True	True
N17_1_2	Staphylococcus_aureus	parE	470.0	18.0	Y	0.0	0.0	N	18.0	1.0	1.0	True	Y470N(100%)	N:18	N17	ZJH_N17	ZCH	Axilla	Week 1	True	15.0	15.0	14.0	1.0	1.0	1.0	Staphylococcus_aureus_parE_470.0_Y->N	True	True
N17_1_2	Staphylococcus_aureus	parE	432.0	21.0	D/S	16.0	0.7619	V	5.0	0.2381	0.2381	True	D/S432V(23%)	D:16;V:5	N17	N17	UCMC	Axilla	Week 1	True	0.0	0.0	0.0	0.0	0.0	0.0	Staphylococcus_aureus_parE_432.0_D/S->V	False	True
N17_1_2	Staphylococcus_aureus	parE	432.0	21.0	D/S	16.0	0.7619	V	5.0	0.2381	0.2381	True	D/S432V(23%)	D:16;V:5	N17	ZJH_N17	ZCH	Axilla	Week 1	True	15.0	15.0	14.0	1.0	1.0	1.0	Staphylococcus_aureus_parE_432.0_D/S->V	False	True
N17_1_3	Klebsiella_pneumoniae	gyrA	154.0	97.0	K	0.0	0.0	R	97.0	1.0	1.0	True	K154R(100%)	R:97	N17	N17	UCMC	Groin	Week 1	True	0.0	0.0	0.0	0.0	0.0	0.0	Klebsiella_pneumoniae_gyrA_154.0_K->R	True	True
N17_1_3	Klebsiella_pneumoniae	gyrA	154.0	97.0	K	0.0	0.0	R	97.0	1.0	1.0	True	K154R(100%)	R:97	N17	ZJH_N17	ZCH	Groin	Week 1	True	15.0	15.0	14.0	1.0	1.0	1.0	Klebsiella_pneumoniae_gyrA_154.0_K->R	True	True
N17_1_3	Klebsiella_oxytoca	parC	80.0	164.0	S	157.0	0.9573	I	5.0	0.0305	0.0305	True	S80I(3%)	I:5;S:157;T:2	N17	N17	UCMC	Groin	Week 1	True	0.0	0.0	0.0	0.0	0.0	0.0	Klebsiella_oxytoca_parC_80.0_S->I	False	False
N17_1_3	Klebsiella_oxytoca	parC	80.0	164.0	S	157.0	0.9573	I	5.0	0.0305	0.0305	True	S80I(3%)	I:5;S:157;T:2	N17	ZJH_N17	ZCH	Groin	Week 1	True	15.0	15.0	14.0	1.0	1.0	1.0	Klebsiella_oxytoca_parC_80.0_S->I	False	False
N17_1_4	Klebsiella_pneumoniae	gyrA	154.0	181.0	K	0.0	0.0	R	181.0	1.0	1.0	True	K154R(100%)	R:181	N17	N17	UCMC	Stool	Week 1	True	0.0	0.0	0.0	0.0	0.0	0.0	Klebsiella_pneumoniae_gyrA_154.0_K->R	True	True
N17_1_4	Klebsiella_pneumoniae	gyrA	154.0	181.0	K	0.0	0.0	R	181.0	1.0	1.0	True	K154R(100%)	R:181	N17	ZJH_N17	ZCH	Stool	Week 1	True	15.0	15.0	14.0	1.0	1.0	1.0	Klebsiella_pneumoniae_gyrA_154.0_K->R	True	True
N17_1_4	Pseudomonas_aeruginosa	gyrA	87.0	141.0	D/S	137.0	0.9716	A	2.0	0.0142	0.0142	True	D/S87Y(1%)	A:2;D:137;Y:2	N17	N17	UCMC	Stool	Week 1	True	0.0	0.0	0.0	0.0	0.0	0.0	Pseudomonas_aeruginosa_gyrA_87.0_D/S->A	False	False
N17_1_4	Pseudomonas_aeruginosa	gyrA	87.0	141.0	D/S	137.0	0.9716	A	2.0	0.0142	0.0142	True	D/S87Y(1%)	A:2;D:137;Y:2	N17	ZJH_N17	ZCH	Stool	Week 1	True	15.0	15.0	14.0	1.0	1.0	1.0	Pseudomonas_aeruginosa_gyrA_87.0_D/S->A	False	False
N17_1_4	Escherichia_coli	parE	458.0	462.0	D/S	0.0	0.9913	A	3.0	0.0065	0.0065	True	D/S458A(0%)	A:3;S:458;T:1	N17	N17	UCMC	Stool	Week 1	True	0.0	0.0	0.0	0.0	0.0	0.0	Escherichia_coli_parE_458.0_D/S->A	False	False
N17_1_4	Escherichia_coli	parE	458.0	462.0	D/S	0.0	0.9913	A	3.0	0.0065	0.0065	True	D/S458A(0%)	A:3;S:458;T:1	N17	ZJH_N17	ZCH	Stool	Week 1	True	15.0	15.0	14.0	1.0	1.0	1.0	Escherichia_coli_parE_458.0_D/S->A	False	False
N17_1_4	Escherichia_coli	parC	78.0	386.0	A/G	0.0	0.9922	C	2.0	0.0052	0.0026	True	A/G78V(0%)	C:2;G:383;V:1	N17	N17	UCMC	Stool	Week 1	True	0.0	0.0	0.0	0.0	0.0	0.0	Escherichia_coli_parC_78.0_A/G->C	False	False
N17_1_4	Escherichia_coli	parC	78.0	386.0	A/G	0.0	0.9922	C	2.0	0.0052	0.0026	True	A/G78V(0%)	C:2;G:383;V:1	N17	ZJH_N17	ZCH	Stool	Week 1	True	15.0	15.0	14.0	1.0	1.0	1.0	Escherichia_coli_parC_78.0_A/G->C	False	False
N17_2_3	Staphylococcus_aureus	parC	80.0	14.0	E/R	0.0	0.0	S	14.0	1.0	1.0	True	E/R80S(100%)	S:14	N17	N17	UCMC	Groin	Week 3	True	0.0	0.0	0.0	0.0	0.0	0.0	Staphylococcus_aureus_parC_80.0_E/R->S	True	True
N17_2_3	Staphylococcus_aureus	parC	80.0	14.0	E/R	0.0	0.0	S	14.0	1.0	1.0	True	E/R80S(100%)	S:14	N17	ZJH_N17	ZCH	Groin	Week 3	True	14.0	15.0	14.0	1.0	1.0	1.0	Staphylococcus_aureus_parC_80.0_E/R->S	True	True
N17_2_3	Klebsiella_pneumoniae	gyrA	154.0	17.0	K	0.0	0.0	R	16.0	0.9412	0.9412	True	K154R(94%)	Q:1;R:16	N17	N17	UCMC	Groin	Week 3	True	0.0	0.0	0.0	0.0	0.0	0.0	Klebsiella_pneumoniae_gyrA_154.0_K->R	True	True
N17_2_3	Klebsiella_pneumoniae	gyrA	154.0	17.0	K	0.0	0.0	R	16.0	0.9412	0.9412	True	K154R(94%)	Q:1;R:16	N17	ZJH_N17	ZCH	Groin	Week 3	True	14.0	15.0	14.0	1.0	1.0	1.0	Klebsiella_pneumoniae_gyrA_154.0_K->R	True	True
N17_2_3	Klebsiella_pneumoniae	gyrA	83.0	20.0	D/S	0.0	0.85	F	2.0	0.1	0.1	True	D/S83F(10%)	F:2;P:1;S:17	N17	N17	UCMC	Groin	Week 3	True	0.0	0.0	0.0	0.0	0.0	0.0	Klebsiella_pneumoniae_gyrA_83.0_D/S->F	False	False
N17_2_3	Klebsiella_pneumoniae	gyrA	83.0	20.0	D/S	0.0	0.85	F	2.0	0.1	0.1	True	D/S83F(10%)	F:2;P:1;S:17	N17	ZJH_N17	ZCH	Groin	Week 3	True	14.0	15.0	14.0	1.0	1.0	1.0	Klebsiella_pneumoniae_gyrA_83.0_D/S->F	False	False
N17_2_3	Escherichia_coli	parE	458.0	36.0	D/S	0.0	0.9444	A	2.0	0.0556	0.0556	True	D/S458A(5%)	A:2;S:34	N17	N17	UCMC	Groin	Week 3	True	0.0	0.0	0.0	0.0	0.0	0.0	Escherichia_coli_parE_458.0_D/S->A	False	False
N17_2_3	Escherichia_coli	parE	458.0	36.0	D/S	0.0	0.9444	A	2.0	0.0556	0.0556	True	D/S458A(5%)	A:2;S:34	N17	ZJH_N17	ZCH	Groin	Week 3	True	14.0	15.0	14.0	1.0	1.0	1.0	Escherichia_coli_parE_458.0_D/S->A	False	False
N17_2_4	Enterococcus_faecalis	gyrA	87.0	6.0	E/S	0.0	0.0	K	6.0	1.0	1.0	True	E/S87K(100%)	K:6	N17	N17	UCMC	Stool	Week 3	True	0.0	0.0	0.0	0.0	0.0	0.0	Enterococcus_faecalis_gyrA_87.0_E/S->K	True	True
N17_2_4	Enterococcus_faecalis	gyrA	87.0	6.0	E/S	0.0	0.0	K	6.0	1.0	1.0	True	E/S87K(100%)	K:6	N17	ZJH_N17	ZCH	Stool	Week 3	True	14.0	15.0	14.0	1.0	1.0	1.0	Enterococcus_faecalis_gyrA_87.0_E/S->K	True	True
N17_2_4	Klebsiella_pneumoniae	gyrA	154.0	10.0	K	0.0	0.0	R	10.0	1.0	1.0	True	K154R(100%)	R:10	N17	N17	UCMC	Stool	Week 3	True	0.0	0.0	0.0	0.0	0.0	0.0	Klebsiella_pneumoniae_gyrA_154.0_K->R	True	True
N17_2_4	Klebsiella_pneumoniae	gyrA	154.0	10.0	K	0.0	0.0	R	10.0	1.0	1.0	True	K154R(100%)	R:10	N17	ZJH_N17	ZCH	Stool	Week 3	True	14.0	15.0	14.0	1.0	1.0	1.0	Klebsiella_pneumoniae_gyrA_154.0_K->R	True	True
N18_1_4	Enterococcus_faecium	gyrA	87.0	514.0	E/S	0.0	0.0	Y	513.0	0.9981	0.9981	True	E/S87Y(99%)	N:1;Y:513	N18	N18	UCMC	Stool	Week 1	True	0.0	0.0	0.0	0.0	0.0	0.0	Enterococcus_faecium_gyrA_87.0_E/S->Y	True	True
N18_1_4	Enterococcus_faecium	gyrA	87.0	514.0	E/S	0.0	0.0	Y	513.0	0.9981	0.9981	True	E/S87Y(99%)	N:1;Y:513	N18	ZJH_N18	ZCH	Stool	Week 1	True	0.0	0.0	0.0	0.0	0.0	0.0	Enterococcus_faecium_gyrA_87.0_E/S->Y	True	True
N18_1_4	Staphylococcus_aureus	parC	80.0	204.0	E/R	0.0	0.0	S	203.0	0.9951	0.9951	True	E/R80S(99%)	S:203;Y:1	N18	N18	UCMC	Stool	Week 1	True	0.0	0.0	0.0	0.0	0.0	0.0	Staphylococcus_aureus_parC_80.0_E/R->S	True	True
N18_1_4	Staphylococcus_aureus	parC	80.0	204.0	E/R	0.0	0.0	S	203.0	0.9951	0.9951	True	E/R80S(99%)	S:203;Y:1	N18	ZJH_N18	ZCH	Stool	Week 1	True	0.0	0.0	0.0	0.0	0.0	0.0	Staphylococcus_aureus_parC_80.0_E/R->S	True	True
N18_1_4	Enterococcus_faecalis	gyrA	87.0	845.0	E/S	0.0	0.0	K	838.0	0.9917	0.9917	True	E/S87K(99%)	I:1;K:838;N:4;R:2	N18	N18	UCMC	Stool	Week 1	True	0.0	0.0	0.0	0.0	0.0	0.0	Enterococcus_faecalis_gyrA_87.0_E/S->K	True	True
N18_1_4	Enterococcus_faecalis	gyrA	87.0	845.0	E/S	0.0	0.0	K	838.0	0.9917	0.9917	True	E/S87K(99%)	I:1;K:838;N:4;R:2	N18	ZJH_N18	ZCH	Stool	Week 1	True	0.0	0.0	0.0	0.0	0.0	0.0	Enterococcus_faecalis_gyrA_87.0_E/S->K	True	True
N18_1_4	Staphylococcus_aureus	parE	470.0	99.0	Y	0.0	0.0	N	97.0	0.9798	0.9798	True	Y470N(97%)	D:2;N:97	N18	N18	UCMC	Stool	Week 1	True	0.0	0.0	0.0	0.0	0.0	0.0	Staphylococcus_aureus_parE_470.0_Y->N	True	True
N18_1_4	Staphylococcus_aureus	parE	470.0	99.0	Y	0.0	0.0	N	97.0	0.9798	0.9798	True	Y470N(97%)	D:2;N:97	N18	ZJH_N18	ZCH	Stool	Week 1	True	0.0	0.0	0.0	0.0	0.0	0.0	Staphylococcus_aureus_parE_470.0_Y->N	True	True
N18_2_2	Staphylococcus_aureus	parE	432.0	6.0	D/S	2.0	0.3333	V	4.0	0.6667	0.6667	True	D/S432V(66%)	D:2;V:4	N18	N18	UCMC	Axilla	Week 3	True	0.0	0.0	0.0	0.0	0.0	0.0	Staphylococcus_aureus_parE_432.0_D/S->V	False	True
N18_2_2	Staphylococcus_aureus	parE	432.0	6.0	D/S	2.0	0.3333	V	4.0	0.6667	0.6667	True	D/S432V(66%)	D:2;V:4	N18	ZJH_N18	ZCH	Axilla	Week 3	True	0.0	0.0	0.0	0.0	0.0	0.0	Staphylococcus_aureus_parE_432.0_D/S->V	False	True
N19_1_2	Staphylococcus_aureus	parE	470.0	8.0	Y	0.0	0.0	N	8.0	1.0	1.0	True	Y470N(100%)	N:8	N19	N19	UCMC	Axilla	Week 1	True	0.0	0.0	0.0	0.0	0.0	0.0	Staphylococcus_aureus_parE_470.0_Y->N	True	True
N19_1_2	Staphylococcus_aureus	parE	470.0	8.0	Y	0.0	0.0	N	8.0	1.0	1.0	True	Y470N(100%)	N:8	N19	ZJH_N19	ZCH	Axilla	Week 1	False	7.0	7.0	16.0	1.0	1.0	1.0	Staphylococcus_aureus_parE_470.0_Y->N	True	True
N19_1_2	Staphylococcus_aureus	parE	432.0	18.0	D/S	2.0	0.1111	V	16.0	0.8889	0.8889	True	D/S432V(88%)	D:2;V:16	N19	N19	UCMC	Axilla	Week 1	True	0.0	0.0	0.0	0.0	0.0	0.0	Staphylococcus_aureus_parE_432.0_D/S->V	True	True
N19_1_2	Staphylococcus_aureus	parE	432.0	18.0	D/S	2.0	0.1111	V	16.0	0.8889	0.8889	True	D/S432V(88%)	D:2;V:16	N19	ZJH_N19	ZCH	Axilla	Week 1	False	7.0	7.0	16.0	1.0	1.0	1.0	Staphylococcus_aureus_parE_432.0_D/S->V	True	True
N19_1_3	Staphylococcus_aureus	parE	470.0	5.0	Y	0.0	0.0	N	5.0	1.0	1.0	True	Y470N(100%)	N:5	N19	N19	UCMC	Groin	Week 1	True	0.0	0.0	0.0	0.0	0.0	0.0	Staphylococcus_aureus_parE_470.0_Y->N	True	True
N19_1_3	Staphylococcus_aureus	parE	470.0	5.0	Y	0.0	0.0	N	5.0	1.0	1.0	True	Y470N(100%)	N:5	N19	ZJH_N19	ZCH	Groin	Week 1	False	7.0	7.0	16.0	1.0	1.0	1.0	Staphylococcus_aureus_parE_470.0_Y->N	True	True
N19_1_3	Klebsiella_oxytoca	parC	80.0	63.0	S	61.0	0.9683	R	2.0	0.0317	0.0317	True	S80R(3%)	R:2;S:61	N19	N19	UCMC	Groin	Week 1	True	0.0	0.0	0.0	0.0	0.0	0.0	Klebsiella_oxytoca_parC_80.0_S->R	False	False
N19_1_3	Klebsiella_oxytoca	parC	80.0	63.0	S	61.0	0.9683	R	2.0	0.0317	0.0317	True	S80R(3%)	R:2;S:61	N19	ZJH_N19	ZCH	Groin	Week 1	False	7.0	7.0	16.0	1.0	1.0	1.0	Klebsiella_oxytoca_parC_80.0_S->R	False	False
N19_1_4	Staphylococcus_aureus	parC	80.0	14.0	E/R	0.0	0.0	S	14.0	1.0	1.0	True	E/R80S(100%)	S:14	N19	N19	UCMC	Stool	Week 1	True	0.0	0.0	0.0	0.0	0.0	0.0	Staphylococcus_aureus_parC_80.0_E/R->S	True	True
N19_1_4	Staphylococcus_aureus	parC	80.0	14.0	E/R	0.0	0.0	S	14.0	1.0	1.0	True	E/R80S(100%)	S:14	N19	ZJH_N19	ZCH	Stool	Week 1	False	7.0	7.0	16.0	1.0	1.0	1.0	Staphylococcus_aureus_parC_80.0_E/R->S	True	True
N19_1_4	Enterococcus_faecalis	gyrA	87.0	67.0	E/S	0.0	0.0	K	67.0	1.0	1.0	True	E/S87K(100%)	K:67	N19	N19	UCMC	Stool	Week 1	True	0.0	0.0	0.0	0.0	0.0	0.0	Enterococcus_faecalis_gyrA_87.0_E/S->K	True	True
N19_1_4	Enterococcus_faecalis	gyrA	87.0	67.0	E/S	0.0	0.0	K	67.0	1.0	1.0	True	E/S87K(100%)	K:67	N19	ZJH_N19	ZCH	Stool	Week 1	False	7.0	7.0	16.0	1.0	1.0	1.0	Enterococcus_faecalis_gyrA_87.0_E/S->K	True	True
N19_1_4	Enterococcus_faecium	gyrA	87.0	48.0	E/S	0.0	0.0	Y	46.0	0.9583	0.9583	True	E/S87Y(95%)	N:2;Y:46	N19	N19	UCMC	Stool	Week 1	True	0.0	0.0	0.0	0.0	0.0	0.0	Enterococcus_faecium_gyrA_87.0_E/S->Y	True	True
N19_1_4	Enterococcus_faecium	gyrA	87.0	48.0	E/S	0.0	0.0	Y	46.0	0.9583	0.9583	True	E/S87Y(95%)	N:2;Y:46	N19	ZJH_N19	ZCH	Stool	Week 1	False	7.0	7.0	16.0	1.0	1.0	1.0	Enterococcus_faecium_gyrA_87.0_E/S->Y	True	True
N19_2_2	Staphylococcus_aureus	parE	432.0	9.0	D/S	0.0	0.0	V	9.0	1.0	1.0	True	D/S432V(100%)	V:9	N19	N19	UCMC	Axilla	Week 3	True	0.0	0.0	0.0	0.0	0.0	0.0	Staphylococcus_aureus_parE_432.0_D/S->V	True	True
N19_2_2	Staphylococcus_aureus	parE	432.0	9.0	D/S	0.0	0.0	V	9.0	1.0	1.0	True	D/S432V(100%)	V:9	N19	ZJH_N19	ZCH	Axilla	Week 3	False	16.0	7.0	16.0	1.0	1.0	1.0	Staphylococcus_aureus_parE_432.0_D/S->V	True	True
N19_2_2	Staphylococcus_aureus	parE	470.0	10.0	Y	0.0	0.0	N	10.0	1.0	1.0	True	Y470N(100%)	N:10	N19	N19	UCMC	Axilla	Week 3	True	0.0	0.0	0.0	0.0	0.0	0.0	Staphylococcus_aureus_parE_470.0_Y->N	True	True
N19_2_2	Staphylococcus_aureus	parE	470.0	10.0	Y	0.0	0.0	N	10.0	1.0	1.0	True	Y470N(100%)	N:10	N19	ZJH_N19	ZCH	Axilla	Week 3	False	16.0	7.0	16.0	1.0	1.0	1.0	Staphylococcus_aureus_parE_470.0_Y->N	True	True
N19_2_3	Staphylococcus_aureus	parE	470.0	11.0	Y	0.0	0.0	N	11.0	1.0	1.0	True	Y470N(100%)	N:11	N19	N19	UCMC	Groin	Week 3	True	0.0	0.0	0.0	0.0	0.0	0.0	Staphylococcus_aureus_parE_470.0_Y->N	True	True
N19_2_3	Klebsiella_pneumoniae	gyrA	154.0	43.0	K	0.0	0.0	R	43.0	1.0	1.0	True	K154R(100%)	R:43	N19	N19	UCMC	Groin	Week 3	True	0.0	0.0	0.0	0.0	0.0	0.0	Klebsiella_pneumoniae_gyrA_154.0_K->R	True	True
N19_2_3	Enterococcus_faecium	gyrA	87.0	95.0	E/S	0.0	0.0	Y	94.0	0.9895	0.9895	True	E/S87Y(98%)	N:1;Y:94	N19	N19	UCMC	Groin	Week 3	True	0.0	0.0	0.0	0.0	0.0	0.0	Enterococcus_faecium_gyrA_87.0_E/S->Y	True	True
N19_2_3	Enterococcus_faecalis	gyrA	87.0	88.0	E/S	0.0	0.0	K	87.0	0.9886	0.9886	True	E/S87K(98%)	K:87;N:1	N19	N19	UCMC	Groin	Week 3	True	0.0	0.0	0.0	0.0	0.0	0.0	Enterococcus_faecalis_gyrA_87.0_E/S->K	True	True
N19_2_3	Streptococcus_mitis	gyrA	81.0	21.0	S	19.0	0.9048	F	2.0	0.0952	0.0952	True	S81F(9%)	F:2;S:19	N19	N19	UCMC	Groin	Week 3	True	0.0	0.0	0.0	0.0	0.0	0.0	Streptococcus_mitis_gyrA_81.0_S->F	False	False
N19_2_3	Streptococcus_oralis	gyrA	81.0	24.0	S	22.0	0.9167	F	2.0	0.0833	0.0833	True	S81F(8%)	F:2;S:22	N19	N19	UCMC	Groin	Week 3	True	0.0	0.0	0.0	0.0	0.0	0.0	Streptococcus_oralis_gyrA_81.0_S->F	False	False
N19_2_3	Staphylococcus_aureus	parC	84.0	57.0	D/E/S	52.0	0.9298	N	4.0	0.0702	0.0702	True	D/E/S84N(7%)	D:52;E:1;N:4	N19	N19	UCMC	Groin	Week 3	True	0.0	0.0	0.0	0.0	0.0	0.0	Staphylococcus_aureus_parC_84.0_D/E/S->N	False	False
N19_2_3	Staphylococcus_aureus	parE	432.0	50.0	D/S	48.0	0.96	V	2.0	0.04	0.04	True	D/S432V(4%)	D:48;V:2	N19	N19	UCMC	Groin	Week 3	True	0.0	0.0	0.0	0.0	0.0	0.0	Staphylococcus_aureus_parE_432.0_D/S->V	False	False
N19_2_4	Klebsiella_pneumoniae	gyrA	154.0	16.0	K	0.0	0.0	R	16.0	1.0	1.0	True	K154R(100%)	R:16	N19	N19	UCMC	Stool	Week 3	True	0.0	0.0	0.0	0.0	0.0	0.0	Klebsiella_pneumoniae_gyrA_154.0_K->R	True	True
N19_2_4	Klebsiella_pneumoniae	gyrA	154.0	16.0	K	0.0	0.0	R	16.0	1.0	1.0	True	K154R(100%)	R:16	N19	ZJH_N19	ZCH	Stool	Week 3	False	16.0	7.0	16.0	1.0	1.0	1.0	Klebsiella_pneumoniae_gyrA_154.0_K->R	True	True
N19_2_4	Enterococcus_faecalis	gyrA	87.0	9.0	E/S	0.0	0.0	K	9.0	1.0	1.0	True	E/S87K(100%)	K:9	N19	N19	UCMC	Stool	Week 3	True	0.0	0.0	0.0	0.0	0.0	0.0	Enterococcus_faecalis_gyrA_87.0_E/S->K	True	True
N19_2_4	Enterococcus_faecalis	gyrA	87.0	9.0	E/S	0.0	0.0	K	9.0	1.0	1.0	True	E/S87K(100%)	K:9	N19	ZJH_N19	ZCH	Stool	Week 3	False	16.0	7.0	16.0	1.0	1.0	1.0	Enterococcus_faecalis_gyrA_87.0_E/S->K	True	True
N19_2_4	Enterococcus_faecium	gyrA	87.0	7.0	E/S	0.0	0.0	Y	7.0	1.0	1.0	True	E/S87Y(100%)	Y:7	N19	N19	UCMC	Stool	Week 3	True	0.0	0.0	0.0	0.0	0.0	0.0	Enterococcus_faecium_gyrA_87.0_E/S->Y	True	True
N19_2_4	Enterococcus_faecium	gyrA	87.0	7.0	E/S	0.0	0.0	Y	7.0	1.0	1.0	True	E/S87Y(100%)	Y:7	N19	ZJH_N19	ZCH	Stool	Week 3	False	16.0	7.0	16.0	1.0	1.0	1.0	Enterococcus_faecium_gyrA_87.0_E/S->Y	True	True
N20_1_3	Staphylococcus_aureus	parE	432.0	16.0	D/S	4.0	0.25	V	12.0	0.75	0.75	True	D/S432V(75%)	D:4;V:12	N20	N20	UCMC	Groin	Week 1	True	2.0	2.0	0.0	1.0	1.0	0.0	Staphylococcus_aureus_parE_432.0_D/S->V	True	True
N20_1_3	Staphylococcus_aureus	parE	432.0	16.0	D/S	4.0	0.25	V	12.0	0.75	0.75	True	D/S432V(75%)	D:4;V:12	N20	ZJH_N20	ZCH	Groin	Week 1	False	16.0	16.0	0.0	1.0	1.0	0.0	Staphylococcus_aureus_parE_432.0_D/S->V	True	True
N20_1_4	Staphylococcus_aureus	parE	470.0	54.0	Y	0.0	0.0	N	54.0	1.0	1.0	True	Y470N(100%)	N:54	N20	N20	UCMC	Stool	Week 1	True	2.0	2.0	0.0	1.0	1.0	0.0	Staphylococcus_aureus_parE_470.0_Y->N	True	True
N20_1_4	Staphylococcus_aureus	parE	470.0	54.0	Y	0.0	0.0	N	54.0	1.0	1.0	True	Y470N(100%)	N:54	N20	ZJH_N20	ZCH	Stool	Week 1	False	16.0	16.0	0.0	1.0	1.0	0.0	Staphylococcus_aureus_parE_470.0_Y->N	True	True
N20_1_4	Staphylococcus_aureus	parE	432.0	401.0	D/S	46.0	0.1147	V	353.0	0.8803	0.8803	True	D/S432V(88%)	D:46;G:1;L:1;V:353	N20	N20	UCMC	Stool	Week 1	True	2.0	2.0	0.0	1.0	1.0	0.0	Staphylococcus_aureus_parE_432.0_D/S->V	True	True
N20_1_4	Staphylococcus_aureus	parE	432.0	401.0	D/S	46.0	0.1147	V	353.0	0.8803	0.8803	True	D/S432V(88%)	D:46;G:1;L:1;V:353	N20	ZJH_N20	ZCH	Stool	Week 1	False	16.0	16.0	0.0	1.0	1.0	0.0	Staphylococcus_aureus_parE_432.0_D/S->V	True	True
N20_1_4	Streptococcus_oralis	gyrA	81.0	5.0	S	1.0	0.2	F	4.0	0.8	0.8	True	S81F(80%)	F:4;S:1	N20	N20	UCMC	Stool	Week 1	True	2.0	2.0	0.0	1.0	1.0	0.0	Streptococcus_oralis_gyrA_81.0_S->F	True	True
N20_1_4	Streptococcus_oralis	gyrA	81.0	5.0	S	1.0	0.2	F	4.0	0.8	0.8	True	S81F(80%)	F:4;S:1	N20	ZJH_N20	ZCH	Stool	Week 1	False	16.0	16.0	0.0	1.0	1.0	0.0	Streptococcus_oralis_gyrA_81.0_S->F	True	True
N20_1_4	Streptococcus_mitis	gyrA	81.0	5.0	S	1.0	0.2	F	4.0	0.8	0.8	True	S81F(80%)	F:4;S:1	N20	N20	UCMC	Stool	Week 1	True	2.0	2.0	0.0	1.0	1.0	0.0	Streptococcus_mitis_gyrA_81.0_S->F	True	True
N20_1_4	Streptococcus_mitis	gyrA	81.0	5.0	S	1.0	0.2	F	4.0	0.8	0.8	True	S81F(80%)	F:4;S:1	N20	ZJH_N20	ZCH	Stool	Week 1	False	16.0	16.0	0.0	1.0	1.0	0.0	Streptococcus_mitis_gyrA_81.0_S->F	True	True
N20_1_4	Staphylococcus_aureus	parC	84.0	368.0	D/E/S	366.0	0.9946	H	1.0	0.0027	0.0027	True	D/E/S84V(0%)	D:366;H:1;V:1	N20	N20	UCMC	Stool	Week 1	True	2.0	2.0	0.0	1.0	1.0	0.0	Staphylococcus_aureus_parC_84.0_D/E/S->H	False	False
N20_1_4	Staphylococcus_aureus	parC	84.0	368.0	D/E/S	366.0	0.9946	H	1.0	0.0027	0.0027	True	D/E/S84V(0%)	D:366;H:1;V:1	N20	ZJH_N20	ZCH	Stool	Week 1	False	16.0	16.0	0.0	1.0	1.0	0.0	Staphylococcus_aureus_parC_84.0_D/E/S->H	False	False
N20_2_4	Klebsiella_pneumoniae	gyrA	154.0	50.0	K	0.0	0.0	R	49.0	0.98	0.98	True	K154R(98%)	G:1;R:49	N20	N20	UCMC	Stool	Week 3	True	0.0	2.0	0.0	0.0	1.0	0.0	Klebsiella_pneumoniae_gyrA_154.0_K->R	True	True
N20_2_4	Klebsiella_pneumoniae	gyrA	154.0	50.0	K	0.0	0.0	R	49.0	0.98	0.98	True	K154R(98%)	G:1;R:49	N20	ZJH_N20	ZCH	Stool	Week 3	False	0.0	16.0	0.0	0.0	1.0	0.0	Klebsiella_pneumoniae_gyrA_154.0_K->R	True	True
N20_2_4	Klebsiella_pneumoniae	gyrA	87.0	56.0	D/S	54.0	0.9643	H	1.0	0.0179	0.0179	True	D/S87H(1%)	D:54;E:1;H:1	N20	N20	UCMC	Stool	Week 3	True	0.0	2.0	0.0	0.0	1.0	0.0	Klebsiella_pneumoniae_gyrA_87.0_D/S->H	False	False
N20_2_4	Klebsiella_pneumoniae	gyrA	87.0	56.0	D/S	54.0	0.9643	H	1.0	0.0179	0.0179	True	D/S87H(1%)	D:54;E:1;H:1	N20	ZJH_N20	ZCH	Stool	Week 3	False	0.0	16.0	0.0	0.0	1.0	0.0	Klebsiella_pneumoniae_gyrA_87.0_D/S->H	False	False
N21_1_2	Staphylococcus_aureus	parE	470.0	66.0	Y	0.0	0.0	N	66.0	1.0	1.0	True	Y470N(100%)	N:66	N21	N21	UCMC	Axilla	Week 1	True	3.0	3.0	0.0	1.0	1.0	0.0	Staphylococcus_aureus_parE_470.0_Y->N	True	True
N21_1_2	Staphylococcus_aureus	parE	470.0	66.0	Y	0.0	0.0	N	66.0	1.0	1.0	True	Y470N(100%)	N:66	N21	ZJH_N21	ZCH	Axilla	Week 1	False	0.0	0.0	0.0	0.0	0.0	0.0	Staphylococcus_aureus_parE_470.0_Y->N	True	True
N21_1_2	Klebsiella_pneumoniae	gyrA	154.0	41.0	K	0.0	0.0	R	41.0	1.0	1.0	True	K154R(100%)	R:41	N21	N21	UCMC	Axilla	Week 1	True	3.0	3.0	0.0	1.0	1.0	0.0	Klebsiella_pneumoniae_gyrA_154.0_K->R	True	True
N21_1_2	Klebsiella_pneumoniae	gyrA	154.0	41.0	K	0.0	0.0	R	41.0	1.0	1.0	True	K154R(100%)	R:41	N21	ZJH_N21	ZCH	Axilla	Week 1	False	0.0	0.0	0.0	0.0	0.0	0.0	Klebsiella_pneumoniae_gyrA_154.0_K->R	True	True
N21_1_2	Staphylococcus_aureus	parC	84.0	16.0	D/E/S	6.0	0.375	N	10.0	0.625	0.625	True	D/E/S84N(62%)	D:6;N:10	N21	N21	UCMC	Axilla	Week 1	True	3.0	3.0	0.0	1.0	1.0	0.0	Staphylococcus_aureus_parC_84.0_D/E/S->N	False	True
N21_1_2	Staphylococcus_aureus	parC	84.0	16.0	D/E/S	6.0	0.375	N	10.0	0.625	0.625	True	D/E/S84N(62%)	D:6;N:10	N21	ZJH_N21	ZCH	Axilla	Week 1	False	0.0	0.0	0.0	0.0	0.0	0.0	Staphylococcus_aureus_parC_84.0_D/E/S->N	False	True
N21_1_2	Staphylococcus_aureus	parE	432.0	45.0	D/S	41.0	0.9111	V	4.0	0.0889	0.0889	True	D/S432V(8%)	D:41;V:4	N21	N21	UCMC	Axilla	Week 1	True	3.0	3.0	0.0	1.0	1.0	0.0	Staphylococcus_aureus_parE_432.0_D/S->V	False	False
N21_1_2	Staphylococcus_aureus	parE	432.0	45.0	D/S	41.0	0.9111	V	4.0	0.0889	0.0889	True	D/S432V(8%)	D:41;V:4	N21	ZJH_N21	ZCH	Axilla	Week 1	False	0.0	0.0	0.0	0.0	0.0	0.0	Staphylococcus_aureus_parE_432.0_D/S->V	False	False
N21_1_3	Enterococcus_faecalis	gyrA	87.0	35.0	E/S	0.0	0.0	K	35.0	1.0	1.0	True	E/S87K(100%)	K:35	N21	N21	UCMC	Groin	Week 1	True	3.0	3.0	0.0	1.0	1.0	0.0	Enterococcus_faecalis_gyrA_87.0_E/S->K	True	True
N21_1_3	Staphylococcus_aureus	parC	80.0	14.0	E/R	0.0	0.0	S	14.0	1.0	1.0	True	E/R80S(100%)	S:14	N21	N21	UCMC	Groin	Week 1	True	3.0	3.0	0.0	1.0	1.0	0.0	Staphylococcus_aureus_parC_80.0_E/R->S	True	True
N21_1_3	Staphylococcus_aureus	parE	470.0	22.0	Y	0.0	0.0	N	22.0	1.0	1.0	True	Y470N(100%)	N:22	N21	N21	UCMC	Groin	Week 1	True	3.0	3.0	0.0	1.0	1.0	0.0	Staphylococcus_aureus_parE_470.0_Y->N	True	True
N21_1_3	Klebsiella_pneumoniae	gyrA	154.0	48.0	K	0.0	0.0	R	48.0	1.0	1.0	True	K154R(100%)	R:48	N21	N21	UCMC	Groin	Week 1	True	3.0	3.0	0.0	1.0	1.0	0.0	Klebsiella_pneumoniae_gyrA_154.0_K->R	True	True
N21_1_3	Enterococcus_faecium	gyrA	87.0	55.0	E/S	0.0	0.0364	Y	52.0	0.9455	0.9455	True	E/S87Y(94%)	F:1;S:2;Y:52	N21	N21	UCMC	Groin	Week 1	True	3.0	3.0	0.0	1.0	1.0	0.0	Enterococcus_faecium_gyrA_87.0_E/S->Y	True	True
N21_1_3	Staphylococcus_aureus	parE	432.0	35.0	D/S	34.0	0.9714	E	1.0	0.0286	0.0286	True	D/S432E(2%)	D:34;E:1	N21	N21	UCMC	Groin	Week 1	True	3.0	3.0	0.0	1.0	1.0	0.0	Staphylococcus_aureus_parE_432.0_D/S->E	False	False
N21_1_3	Klebsiella_pneumoniae	gyrA	83.0	183.0	D/S	0.0	0.9891	Q	1.0	0.0055	0.0055	True	D/S83A(0%)	A:1;Q:1;S:181	N21	N21	UCMC	Groin	Week 1	True	3.0	3.0	0.0	1.0	1.0	0.0	Klebsiella_pneumoniae_gyrA_83.0_D/S->Q	False	False
N21_1_3	Klebsiella_pneumoniae	gyrA	87.0	195.0	D/S	193.0	0.9897	A	1.0	0.0051	0.0051	True	D/S87N(0%)	A:1;D:193;N:1	N21	N21	UCMC	Groin	Week 1	True	3.0	3.0	0.0	1.0	1.0	0.0	Klebsiella_pneumoniae_gyrA_87.0_D/S->A	False	False
N21_1_4	Enterococcus_faecalis	gyrA	87.0	21.0	E/S	0.0	0.0	K	21.0	1.0	1.0	True	E/S87K(100%)	K:21	N21	N21	UCMC	Stool	Week 1	True	3.0	3.0	0.0	1.0	1.0	0.0	Enterococcus_faecalis_gyrA_87.0_E/S->K	True	True
N21_1_4	Enterococcus_faecalis	gyrA	87.0	21.0	E/S	0.0	0.0	K	21.0	1.0	1.0	True	E/S87K(100%)	K:21	N21	ZJH_N21	ZCH	Stool	Week 1	False	0.0	0.0	0.0	0.0	0.0	0.0	Enterococcus_faecalis_gyrA_87.0_E/S->K	True	True
N21_1_4	Enterococcus_faecium	gyrA	87.0	16.0	E/S	0.0	0.0	Y	16.0	1.0	1.0	True	E/S87Y(100%)	Y:16	N21	N21	UCMC	Stool	Week 1	True	3.0	3.0	0.0	1.0	1.0	0.0	Enterococcus_faecium_gyrA_87.0_E/S->Y	True	True
N21_1_4	Enterococcus_faecium	gyrA	87.0	16.0	E/S	0.0	0.0	Y	16.0	1.0	1.0	True	E/S87Y(100%)	Y:16	N21	ZJH_N21	ZCH	Stool	Week 1	False	0.0	0.0	0.0	0.0	0.0	0.0	Enterococcus_faecium_gyrA_87.0_E/S->Y	True	True
N21_1_4	Klebsiella_pneumoniae	gyrA	154.0	44.0	K	0.0	0.0	R	44.0	1.0	1.0	True	K154R(100%)	R:44	N21	N21	UCMC	Stool	Week 1	True	3.0	3.0	0.0	1.0	1.0	0.0	Klebsiella_pneumoniae_gyrA_154.0_K->R	True	True
N21_1_4	Klebsiella_pneumoniae	gyrA	154.0	44.0	K	0.0	0.0	R	44.0	1.0	1.0	True	K154R(100%)	R:44	N21	ZJH_N21	ZCH	Stool	Week 1	False	0.0	0.0	0.0	0.0	0.0	0.0	Klebsiella_pneumoniae_gyrA_154.0_K->R	True	True
N21_1_4	Escherichia_coli	parE	458.0	86.0	D/S	0.0	0.9767	A	2.0	0.0233	0.0233	True	D/S458A(2%)	A:2;S:84	N21	N21	UCMC	Stool	Week 1	True	3.0	3.0	0.0	1.0	1.0	0.0	Escherichia_coli_parE_458.0_D/S->A	False	False
N21_1_4	Escherichia_coli	parE	458.0	86.0	D/S	0.0	0.9767	A	2.0	0.0233	0.0233	True	D/S458A(2%)	A:2;S:84	N21	ZJH_N21	ZCH	Stool	Week 1	False	0.0	0.0	0.0	0.0	0.0	0.0	Escherichia_coli_parE_458.0_D/S->A	False	False
N21_2_3	Klebsiella_pneumoniae	gyrA	154.0	12.0	K	0.0	0.0	R	12.0	1.0	1.0	True	K154R(100%)	R:12	N21	N21	UCMC	Groin	Week 3	True	0.0	3.0	0.0	0.0	1.0	0.0	Klebsiella_pneumoniae_gyrA_154.0_K->R	True	True
N21_2_3	Klebsiella_pneumoniae	gyrA	87.0	36.0	D/S	35.0	0.9722	H	1.0	0.0278	0.0278	True	D/S87H(2%)	D:35;H:1	N21	N21	UCMC	Groin	Week 3	True	0.0	3.0	0.0	0.0	1.0	0.0	Klebsiella_pneumoniae_gyrA_87.0_D/S->H	False	False
N21_2_3	Escherichia_coli	parE	475.0	97.0	D	95.0	0.9794	E	1.0	0.0103	0.0103	True	D475V(1%)	D:95;E:1;V:1	N21	N21	UCMC	Groin	Week 3	True	0.0	3.0	0.0	0.0	1.0	0.0	Escherichia_coli_parE_475.0_D->E	False	False
N21_2_4	Klebsiella_pneumoniae	gyrA	154.0	32.0	K	3.0	0.0938	R	28.0	0.875	0.875	True	K154R(87%)	K:3;L:1;R:28	N21	N21	UCMC	Stool	Week 3	True	0.0	3.0	0.0	0.0	1.0	0.0	Klebsiella_pneumoniae_gyrA_154.0_K->R	True	True
N21_2_4	Klebsiella_pneumoniae	gyrA	154.0	32.0	K	3.0	0.0938	R	28.0	0.875	0.875	True	K154R(87%)	K:3;L:1;R:28	N21	ZJH_N21	ZCH	Stool	Week 3	False	0.0	0.0	0.0	0.0	0.0	0.0	Klebsiella_pneumoniae_gyrA_154.0_K->R	True	True
N21_2_4	Klebsiella_oxytoca	parC	80.0	122.0	S	119.0	0.9754	R	3.0	0.0246	0.0246	True	S80R(2%)	R:3;S:119	N21	N21	UCMC	Stool	Week 3	True	0.0	3.0	0.0	0.0	1.0	0.0	Klebsiella_oxytoca_parC_80.0_S->R	False	False
N21_2_4	Klebsiella_oxytoca	parC	80.0	122.0	S	119.0	0.9754	R	3.0	0.0246	0.0246	True	S80R(2%)	R:3;S:119	N21	ZJH_N21	ZCH	Stool	Week 3	False	0.0	0.0	0.0	0.0	0.0	0.0	Klebsiella_oxytoca_parC_80.0_S->R	False	False
N21_2_4	Klebsiella_pneumoniae	gyrA	83.0	102.0	D/S	0.0	0.9902	A	1.0	0.0098	0.0098	True	D/S83A(0%)	A:1;S:101	N21	N21	UCMC	Stool	Week 3	True	0.0	3.0	0.0	0.0	1.0	0.0	Klebsiella_pneumoniae_gyrA_83.0_D/S->A	False	False
N21_2_4	Klebsiella_pneumoniae	gyrA	83.0	102.0	D/S	0.0	0.9902	A	1.0	0.0098	0.0098	True	D/S83A(0%)	A:1;S:101	N21	ZJH_N21	ZCH	Stool	Week 3	False	0.0	0.0	0.0	0.0	0.0	0.0	Klebsiella_pneumoniae_gyrA_83.0_D/S->A	False	False
N21_2_4	Escherichia_coli	parE	475.0	133.0	D	129.0	0.9699	A	2.0	0.015	0.0075	True	D475V(0%)	A:2;D:129;E:1;V:1	N21	N21	UCMC	Stool	Week 3	True	0.0	3.0	0.0	0.0	1.0	0.0	Escherichia_coli_parE_475.0_D->A	False	False
N21_2_4	Escherichia_coli	parE	475.0	133.0	D	129.0	0.9699	A	2.0	0.015	0.0075	True	D475V(0%)	A:2;D:129;E:1;V:1	N21	ZJH_N21	ZCH	Stool	Week 3	False	0.0	0.0	0.0	0.0	0.0	0.0	Escherichia_coli_parE_475.0_D->A	False	False
N22_1_2	Klebsiella_pneumoniae	gyrA	154.0	10.0	K	0.0	0.0	R	10.0	1.0	1.0	True	K154R(100%)	R:10	N22	N22	UCMC	Axilla	Week 1	True	8.0	8.0	4.0	1.0	1.0	1.0	Klebsiella_pneumoniae_gyrA_154.0_K->R	True	True
N22_1_3	Staphylococcus_aureus	parE	470.0	111.0	Y	0.0	0.0	N	111.0	1.0	1.0	True	Y470N(100%)	N:111	N22	N22	UCMC	Groin	Week 1	True	8.0	8.0	4.0	1.0	1.0	1.0	Staphylococcus_aureus_parE_470.0_Y->N	True	True
N22_1_3	Staphylococcus_aureus	parE	470.0	111.0	Y	0.0	0.0	N	111.0	1.0	1.0	True	Y470N(100%)	N:111	N22	ZJH_N22	ZCH	Groin	Week 1	False	4.0	4.0	17.0	1.0	1.0	1.0	Staphylococcus_aureus_parE_470.0_Y->N	True	True
N22_1_3	Klebsiella_pneumoniae	gyrA	154.0	59.0	K	0.0	0.0	R	59.0	1.0	1.0	True	K154R(100%)	R:59	N22	N22	UCMC	Groin	Week 1	True	8.0	8.0	4.0	1.0	1.0	1.0	Klebsiella_pneumoniae_gyrA_154.0_K->R	True	True
N22_1_3	Klebsiella_pneumoniae	gyrA	154.0	59.0	K	0.0	0.0	R	59.0	1.0	1.0	True	K154R(100%)	R:59	N22	ZJH_N22	ZCH	Groin	Week 1	False	4.0	4.0	17.0	1.0	1.0	1.0	Klebsiella_pneumoniae_gyrA_154.0_K->R	True	True
N22_1_3	Staphylococcus_aureus	parC	84.0	22.0	D/E/S	0.0	0.0	N	22.0	1.0	1.0	True	D/E/S84N(100%)	N:22	N22	N22	UCMC	Groin	Week 1	True	8.0	8.0	4.0	1.0	1.0	1.0	Staphylococcus_aureus_parC_84.0_D/E/S->N	True	True
N22_1_3	Staphylococcus_aureus	parC	84.0	22.0	D/E/S	0.0	0.0	N	22.0	1.0	1.0	True	D/E/S84N(100%)	N:22	N22	ZJH_N22	ZCH	Groin	Week 1	False	4.0	4.0	17.0	1.0	1.0	1.0	Staphylococcus_aureus_parC_84.0_D/E/S->N	True	True
N22_1_3	Staphylococcus_aureus	parE	432.0	62.0	D/S	57.0	0.9194	I	4.0	0.0645	0.0161	True	D/S432V(1%)	D:57;I:4;V:1	N22	N22	UCMC	Groin	Week 1	True	8.0	8.0	4.0	1.0	1.0	1.0	Staphylococcus_aureus_parE_432.0_D/S->I	False	False
N22_1_3	Staphylococcus_aureus	parE	432.0	62.0	D/S	57.0	0.9194	I	4.0	0.0645	0.0161	True	D/S432V(1%)	D:57;I:4;V:1	N22	ZJH_N22	ZCH	Groin	Week 1	False	4.0	4.0	17.0	1.0	1.0	1.0	Staphylococcus_aureus_parE_432.0_D/S->I	False	False
N22_1_4	Klebsiella_pneumoniae	gyrA	154.0	464.0	K	0.0	0.0	R	464.0	1.0	1.0	True	K154R(100%)	R:464	N22	N22	UCMC	Stool	Week 1	True	8.0	8.0	4.0	1.0	1.0	1.0	Klebsiella_pneumoniae_gyrA_154.0_K->R	True	True
N22_1_4	Klebsiella_pneumoniae	gyrA	154.0	464.0	K	0.0	0.0	R	464.0	1.0	1.0	True	K154R(100%)	R:464	N22	ZJH_N22	ZCH	Stool	Week 1	False	4.0	4.0	17.0	1.0	1.0	1.0	Klebsiella_pneumoniae_gyrA_154.0_K->R	True	True
N22_1_4	Klebsiella_oxytoca	parC	80.0	420.0	S	417.0	0.9929	R	3.0	0.0071	0.0071	True	S80R(0%)	R:3;S:417	N22	N22	UCMC	Stool	Week 1	True	8.0	8.0	4.0	1.0	1.0	1.0	Klebsiella_oxytoca_parC_80.0_S->R	False	False
N22_1_4	Klebsiella_oxytoca	parC	80.0	420.0	S	417.0	0.9929	R	3.0	0.0071	0.0071	True	S80R(0%)	R:3;S:417	N22	ZJH_N22	ZCH	Stool	Week 1	False	4.0	4.0	17.0	1.0	1.0	1.0	Klebsiella_oxytoca_parC_80.0_S->R	False	False
N22_2_2	Staphylococcus_aureus	parE	432.0	6.0	D/S	0.0	0.0	V	6.0	1.0	1.0	True	D/S432V(100%)	V:6	N22	N22	UCMC	Axilla	Week 3	True	4.0	8.0	4.0	1.0	1.0	1.0	Staphylococcus_aureus_parE_432.0_D/S->V	True	True
N22_2_2	Staphylococcus_aureus	parE	432.0	6.0	D/S	0.0	0.0	V	6.0	1.0	1.0	True	D/S432V(100%)	V:6	N22	ZJH_N22	ZCH	Axilla	Week 3	False	17.0	4.0	17.0	1.0	1.0	1.0	Staphylococcus_aureus_parE_432.0_D/S->V	True	True
N22_2_2	Klebsiella_pneumoniae	gyrA	154.0	6.0	K	0.0	0.0	R	6.0	1.0	1.0	True	K154R(100%)	R:6	N22	N22	UCMC	Axilla	Week 3	True	4.0	8.0	4.0	1.0	1.0	1.0	Klebsiella_pneumoniae_gyrA_154.0_K->R	True	True
N22_2_2	Klebsiella_pneumoniae	gyrA	154.0	6.0	K	0.0	0.0	R	6.0	1.0	1.0	True	K154R(100%)	R:6	N22	ZJH_N22	ZCH	Axilla	Week 3	False	17.0	4.0	17.0	1.0	1.0	1.0	Klebsiella_pneumoniae_gyrA_154.0_K->R	True	True
N22_2_2	Klebsiella_oxytoca	gyrA	83.0	28.0	T	4.0	0.1429	I	24.0	0.8571	0.8571	True	T83I(85%)	I:24;T:4	N22	N22	UCMC	Axilla	Week 3	True	4.0	8.0	4.0	1.0	1.0	1.0	Klebsiella_oxytoca_gyrA_83.0_T->I	True	True
N22_2_2	Klebsiella_oxytoca	gyrA	83.0	28.0	T	4.0	0.1429	I	24.0	0.8571	0.8571	True	T83I(85%)	I:24;T:4	N22	ZJH_N22	ZCH	Axilla	Week 3	False	17.0	4.0	17.0	1.0	1.0	1.0	Klebsiella_oxytoca_gyrA_83.0_T->I	True	True
N22_2_2	Klebsiella_pneumoniae	gyrA	83.0	15.0	D/S	0.0	0.8	I	3.0	0.2	0.2	True	D/S83I(20%)	I:3;S:12	N22	N22	UCMC	Axilla	Week 3	True	4.0	8.0	4.0	1.0	1.0	1.0	Klebsiella_pneumoniae_gyrA_83.0_D/S->I	False	True
N22_2_2	Klebsiella_pneumoniae	gyrA	83.0	15.0	D/S	0.0	0.8	I	3.0	0.2	0.2	True	D/S83I(20%)	I:3;S:12	N22	ZJH_N22	ZCH	Axilla	Week 3	False	17.0	4.0	17.0	1.0	1.0	1.0	Klebsiella_pneumoniae_gyrA_83.0_D/S->I	False	True
N22_2_2	Klebsiella_pneumoniae	gyrA	87.0	18.0	D/S	15.0	0.8333	Y	2.0	0.1111	0.1111	True	D/S87Y(11%)	D:15;V:1;Y:2	N22	N22	UCMC	Axilla	Week 3	True	4.0	8.0	4.0	1.0	1.0	1.0	Klebsiella_pneumoniae_gyrA_87.0_D/S->Y	False	True
N22_2_2	Klebsiella_pneumoniae	gyrA	87.0	18.0	D/S	15.0	0.8333	Y	2.0	0.1111	0.1111	True	D/S87Y(11%)	D:15;V:1;Y:2	N22	ZJH_N22	ZCH	Axilla	Week 3	False	17.0	4.0	17.0	1.0	1.0	1.0	Klebsiella_pneumoniae_gyrA_87.0_D/S->Y	False	True
N22_2_3	Staphylococcus_aureus	parE	470.0	5.0	Y	0.0	0.0	N	5.0	1.0	1.0	True	Y470N(100%)	N:5	N22	N22	UCMC	Groin	Week 3	True	4.0	8.0	4.0	1.0	1.0	1.0	Staphylococcus_aureus_parE_470.0_Y->N	True	True
N22_2_3	Staphylococcus_aureus	parE	470.0	5.0	Y	0.0	0.0	N	5.0	1.0	1.0	True	Y470N(100%)	N:5	N22	ZJH_N22	ZCH	Groin	Week 3	False	17.0	4.0	17.0	1.0	1.0	1.0	Staphylococcus_aureus_parE_470.0_Y->N	True	True
N22_2_3	Klebsiella_pneumoniae	gyrA	154.0	44.0	K	2.0	0.0455	R	42.0	0.9545	0.9545	True	K154R(95%)	K:2;R:42	N22	N22	UCMC	Groin	Week 3	True	4.0	8.0	4.0	1.0	1.0	1.0	Klebsiella_pneumoniae_gyrA_154.0_K->R	True	True
N22_2_3	Klebsiella_pneumoniae	gyrA	154.0	44.0	K	2.0	0.0455	R	42.0	0.9545	0.9545	True	K154R(95%)	K:2;R:42	N22	ZJH_N22	ZCH	Groin	Week 3	False	17.0	4.0	17.0	1.0	1.0	1.0	Klebsiella_pneumoniae_gyrA_154.0_K->R	True	True
N22_2_3	Escherichia_coli	parC	78.0	195.0	A/G	0.0	0.9897	V	2.0	0.0103	0.0103	True	A/G78V(1%)	G:193;V:2	N22	N22	UCMC	Groin	Week 3	True	4.0	8.0	4.0	1.0	1.0	1.0	Escherichia_coli_parC_78.0_A/G->V	False	False
N22_2_3	Escherichia_coli	parC	78.0	195.0	A/G	0.0	0.9897	V	2.0	0.0103	0.0103	True	A/G78V(1%)	G:193;V:2	N22	ZJH_N22	ZCH	Groin	Week 3	False	17.0	4.0	17.0	1.0	1.0	1.0	Escherichia_coli_parC_78.0_A/G->V	False	False
N22_2_3	Klebsiella_pneumoniae	gyrA	87.0	172.0	D/S	170.0	0.9884	A	1.0	0.0058	0.0058	True	D/S87G(0%)	A:1;D:170;G:1	N22	N22	UCMC	Groin	Week 3	True	4.0	8.0	4.0	1.0	1.0	1.0	Klebsiella_pneumoniae_gyrA_87.0_D/S->A	False	False
N22_2_3	Klebsiella_pneumoniae	gyrA	87.0	172.0	D/S	170.0	0.9884	A	1.0	0.0058	0.0058	True	D/S87G(0%)	A:1;D:170;G:1	N22	ZJH_N22	ZCH	Groin	Week 3	False	17.0	4.0	17.0	1.0	1.0	1.0	Klebsiella_pneumoniae_gyrA_87.0_D/S->A	False	False
N22_2_3	Escherichia_coli	parE	475.0	179.0	D	173.0	0.9665	A	3.0	0.0168	0.0056	True	D475V(0%)	A:3;D:173;E:2;V:1	N22	N22	UCMC	Groin	Week 3	True	4.0	8.0	4.0	1.0	1.0	1.0	Escherichia_coli_parE_475.0_D->A	False	False
N22_2_3	Escherichia_coli	parE	475.0	179.0	D	173.0	0.9665	A	3.0	0.0168	0.0056	True	D475V(0%)	A:3;D:173;E:2;V:1	N22	ZJH_N22	ZCH	Groin	Week 3	False	17.0	4.0	17.0	1.0	1.0	1.0	Escherichia_coli_parE_475.0_D->A	False	False
N22_2_4	Enterococcus_faecalis	gyrA	87.0	10.0	E/S	0.0	0.0	K	10.0	1.0	1.0	True	E/S87K(100%)	K:10	N22	N22	UCMC	Stool	Week 3	True	4.0	8.0	4.0	1.0	1.0	1.0	Enterococcus_faecalis_gyrA_87.0_E/S->K	True	True
N22_2_4	Enterococcus_faecalis	gyrA	87.0	10.0	E/S	0.0	0.0	K	10.0	1.0	1.0	True	E/S87K(100%)	K:10	N22	ZJH_N22	ZCH	Stool	Week 3	False	17.0	4.0	17.0	1.0	1.0	1.0	Enterococcus_faecalis_gyrA_87.0_E/S->K	True	True
N23_1_4	Staphylococcus_aureus	parE	470.0	14.0	Y	0.0	0.0	N	14.0	1.0	1.0	True	Y470N(100%)	N:14	N23	N23	UCMC	Stool	Week 1	False	3.0	3.0	8.0	1.0	1.0	1.0	Staphylococcus_aureus_parE_470.0_Y->N	True	True
N23_1_4	Staphylococcus_aureus	parE	470.0	14.0	Y	0.0	0.0	N	14.0	1.0	1.0	True	Y470N(100%)	N:14	N23	ZJH_N23	ZCH	Stool	Week 1	False	14.0	14.0	4.0	1.0	1.0	1.0	Staphylococcus_aureus_parE_470.0_Y->N	True	True
N23_1_4	Staphylococcus_aureus	parC	80.0	132.0	E/R	0.0	0.0	S	131.0	0.9924	0.9924	True	E/R80S(99%)	S:131;Y:1	N23	N23	UCMC	Stool	Week 1	False	3.0	3.0	8.0	1.0	1.0	1.0	Staphylococcus_aureus_parC_80.0_E/R->S	True	True
N23_1_4	Staphylococcus_aureus	parC	80.0	132.0	E/R	0.0	0.0	S	131.0	0.9924	0.9924	True	E/R80S(99%)	S:131;Y:1	N23	ZJH_N23	ZCH	Stool	Week 1	False	14.0	14.0	4.0	1.0	1.0	1.0	Staphylococcus_aureus_parC_80.0_E/R->S	True	True
N23_1_4	Staphylococcus_aureus	parE	432.0	59.0	D/S	56.0	0.9492	H	2.0	0.0339	0.0169	True	D/S432V(1%)	D:56;H:2;V:1	N23	N23	UCMC	Stool	Week 1	False	3.0	3.0	8.0	1.0	1.0	1.0	Staphylococcus_aureus_parE_432.0_D/S->H	False	False
N23_1_4	Staphylococcus_aureus	parE	432.0	59.0	D/S	56.0	0.9492	H	2.0	0.0339	0.0169	True	D/S432V(1%)	D:56;H:2;V:1	N23	ZJH_N23	ZCH	Stool	Week 1	False	14.0	14.0	4.0	1.0	1.0	1.0	Staphylococcus_aureus_parE_432.0_D/S->H	False	False
N23_2_2	Klebsiella_pneumoniae	gyrA	154.0	43.0	K	0.0	0.0	R	43.0	1.0	1.0	True	K154R(100%)	R:43	N23	N23	UCMC	Axilla	Week 3	False	8.0	3.0	8.0	1.0	1.0	1.0	Klebsiella_pneumoniae_gyrA_154.0_K->R	True	True
N23_2_2	Klebsiella_pneumoniae	gyrA	154.0	43.0	K	0.0	0.0	R	43.0	1.0	1.0	True	K154R(100%)	R:43	N23	ZJH_N23	ZCH	Axilla	Week 3	False	4.0	14.0	4.0	1.0	1.0	1.0	Klebsiella_pneumoniae_gyrA_154.0_K->R	True	True
N23_2_2	Staphylococcus_aureus	parE	470.0	37.0	Y	0.0	0.0	N	37.0	1.0	1.0	True	Y470N(100%)	N:37	N23	N23	UCMC	Axilla	Week 3	False	8.0	3.0	8.0	1.0	1.0	1.0	Staphylococcus_aureus_parE_470.0_Y->N	True	True
N23_2_2	Staphylococcus_aureus	parE	470.0	37.0	Y	0.0	0.0	N	37.0	1.0	1.0	True	Y470N(100%)	N:37	N23	ZJH_N23	ZCH	Axilla	Week 3	False	4.0	14.0	4.0	1.0	1.0	1.0	Staphylococcus_aureus_parE_470.0_Y->N	True	True
N23_2_2	Staphylococcus_aureus	parE	432.0	62.0	D/S	22.0	0.3548	V	40.0	0.6452	0.6452	True	D/S432V(64%)	D:22;V:40	N23	N23	UCMC	Axilla	Week 3	False	8.0	3.0	8.0	1.0	1.0	1.0	Staphylococcus_aureus_parE_432.0_D/S->V	False	True
N23_2_2	Staphylococcus_aureus	parE	432.0	62.0	D/S	22.0	0.3548	V	40.0	0.6452	0.6452	True	D/S432V(64%)	D:22;V:40	N23	ZJH_N23	ZCH	Axilla	Week 3	False	4.0	14.0	4.0	1.0	1.0	1.0	Staphylococcus_aureus_parE_432.0_D/S->V	False	True
N23_2_2	Klebsiella_pneumoniae	gyrA	83.0	44.0	D/S	0.0	0.9091	M	1.0	0.0227	0.0227	True	D/S83A(2%)	A:1;K:1;M:1;Q:1;S:40	N23	N23	UCMC	Axilla	Week 3	False	8.0	3.0	8.0	1.0	1.0	1.0	Klebsiella_pneumoniae_gyrA_83.0_D/S->M	False	False
N23_2_2	Klebsiella_pneumoniae	gyrA	83.0	44.0	D/S	0.0	0.9091	M	1.0	0.0227	0.0227	True	D/S83A(2%)	A:1;K:1;M:1;Q:1;S:40	N23	ZJH_N23	ZCH	Axilla	Week 3	False	4.0	14.0	4.0	1.0	1.0	1.0	Klebsiella_pneumoniae_gyrA_83.0_D/S->M	False	False
N23_2_3	Klebsiella_pneumoniae	gyrA	154.0	249.0	K	0.0	0.0	R	249.0	1.0	1.0	True	K154R(100%)	R:249	N23	N23	UCMC	Groin	Week 3	False	8.0	3.0	8.0	1.0	1.0	1.0	Klebsiella_pneumoniae_gyrA_154.0_K->R	True	True
N23_2_3	Klebsiella_pneumoniae	gyrA	154.0	249.0	K	0.0	0.0	R	249.0	1.0	1.0	True	K154R(100%)	R:249	N23	ZJH_N23	ZCH	Groin	Week 3	False	4.0	14.0	4.0	1.0	1.0	1.0	Klebsiella_pneumoniae_gyrA_154.0_K->R	True	True
N23_2_3	Staphylococcus_aureus	parE	470.0	104.0	Y	0.0	0.0	N	104.0	1.0	1.0	True	Y470N(100%)	N:104	N23	N23	UCMC	Groin	Week 3	False	8.0	3.0	8.0	1.0	1.0	1.0	Staphylococcus_aureus_parE_470.0_Y->N	True	True
N23_2_3	Staphylococcus_aureus	parE	470.0	104.0	Y	0.0	0.0	N	104.0	1.0	1.0	True	Y470N(100%)	N:104	N23	ZJH_N23	ZCH	Groin	Week 3	False	4.0	14.0	4.0	1.0	1.0	1.0	Staphylococcus_aureus_parE_470.0_Y->N	True	True
N23_2_3	Staphylococcus_aureus	parE	432.0	138.0	D/S	107.0	0.7754	V	31.0	0.2246	0.2246	True	D/S432V(22%)	D:107;V:31	N23	N23	UCMC	Groin	Week 3	False	8.0	3.0	8.0	1.0	1.0	1.0	Staphylococcus_aureus_parE_432.0_D/S->V	False	True
N23_2_3	Staphylococcus_aureus	parE	432.0	138.0	D/S	107.0	0.7754	V	31.0	0.2246	0.2246	True	D/S432V(22%)	D:107;V:31	N23	ZJH_N23	ZCH	Groin	Week 3	False	4.0	14.0	4.0	1.0	1.0	1.0	Staphylococcus_aureus_parE_432.0_D/S->V	False	True
N23_2_3	Staphylococcus_aureus	parC	84.0	7.0	D/E/S	6.0	0.8571	N	1.0	0.1429	0.1429	True	D/E/S84N(14%)	D:6;N:1	N23	N23	UCMC	Groin	Week 3	False	8.0	3.0	8.0	1.0	1.0	1.0	Staphylococcus_aureus_parC_84.0_D/E/S->N	False	True
N23_2_3	Staphylococcus_aureus	parC	84.0	7.0	D/E/S	6.0	0.8571	N	1.0	0.1429	0.1429	True	D/E/S84N(14%)	D:6;N:1	N23	ZJH_N23	ZCH	Groin	Week 3	False	4.0	14.0	4.0	1.0	1.0	1.0	Staphylococcus_aureus_parC_84.0_D/E/S->N	False	True
N23_2_4	Staphylococcus_aureus	parC	80.0	6.0	E/R	0.0	0.0	S	6.0	1.0	1.0	True	E/R80S(100%)	S:6	N23	N23	UCMC	Stool	Week 3	False	8.0	3.0	8.0	1.0	1.0	1.0	Staphylococcus_aureus_parC_80.0_E/R->S	True	True
N23_2_4	Staphylococcus_aureus	parC	80.0	6.0	E/R	0.0	0.0	S	6.0	1.0	1.0	True	E/R80S(100%)	S:6	N23	ZJH_N23	ZCH	Stool	Week 3	False	4.0	14.0	4.0	1.0	1.0	1.0	Staphylococcus_aureus_parC_80.0_E/R->S	True	True
N23_2_4	Klebsiella_pneumoniae	gyrA	154.0	213.0	K	0.0	0.0	R	211.0	0.9906	0.9906	True	K154R(99%)	P:2;R:211	N23	N23	UCMC	Stool	Week 3	False	8.0	3.0	8.0	1.0	1.0	1.0	Klebsiella_pneumoniae_gyrA_154.0_K->R	True	True
N23_2_4	Klebsiella_pneumoniae	gyrA	154.0	213.0	K	0.0	0.0	R	211.0	0.9906	0.9906	True	K154R(99%)	P:2;R:211	N23	ZJH_N23	ZCH	Stool	Week 3	False	4.0	14.0	4.0	1.0	1.0	1.0	Klebsiella_pneumoniae_gyrA_154.0_K->R	True	True
N23_2_4	Escherichia_coli	parE	475.0	140.0	D	135.0	0.9643	E	2.0	0.0143	0.0071	True	D475V(0%)	D:135;E:2;V:1;Y:2	N23	N23	UCMC	Stool	Week 3	False	8.0	3.0	8.0	1.0	1.0	1.0	Escherichia_coli_parE_475.0_D->E	False	False
N23_2_4	Escherichia_coli	parE	475.0	140.0	D	135.0	0.9643	E	2.0	0.0143	0.0071	True	D475V(0%)	D:135;E:2;V:1;Y:2	N23	ZJH_N23	ZCH	Stool	Week 3	False	4.0	14.0	4.0	1.0	1.0	1.0	Escherichia_coli_parE_475.0_D->E	False	False
N23_2_4	Klebsiella_oxytoca	parC	80.0	188.0	S	187.0	0.9947	R	1.0	0.0053	0.0053	True	S80R(0%)	R:1;S:187	N23	N23	UCMC	Stool	Week 3	False	8.0	3.0	8.0	1.0	1.0	1.0	Klebsiella_oxytoca_parC_80.0_S->R	False	False
N23_2_4	Klebsiella_oxytoca	parC	80.0	188.0	S	187.0	0.9947	R	1.0	0.0053	0.0053	True	S80R(0%)	R:1;S:187	N23	ZJH_N23	ZCH	Stool	Week 3	False	4.0	14.0	4.0	1.0	1.0	1.0	Klebsiella_oxytoca_parC_80.0_S->R	False	False
N24_1_4	Staphylococcus_aureus	parC	80.0	22.0	E/R	0.0	0.0	S	22.0	1.0	1.0	True	E/R80S(100%)	S:22	N24	N24	UCMC	Stool	Week 1	False	0.0	0.0	0.0	0.0	0.0	0.0	Staphylococcus_aureus_parC_80.0_E/R->S	True	True
N24_1_4	Staphylococcus_aureus	parC	80.0	22.0	E/R	0.0	0.0	S	22.0	1.0	1.0	True	E/R80S(100%)	S:22	N24	ZJH_N24	ZCH	Stool	Week 1	False	7.0	7.0	14.0	1.0	1.0	1.0	Staphylococcus_aureus_parC_80.0_E/R->S	True	True
N24_1_4	Klebsiella_pneumoniae	gyrA	154.0	106.0	K	2.0	0.0189	R	103.0	0.9717	0.9717	True	K154R(97%)	K:2;N:1;R:103	N24	N24	UCMC	Stool	Week 1	False	0.0	0.0	0.0	0.0	0.0	0.0	Klebsiella_pneumoniae_gyrA_154.0_K->R	True	True
N24_1_4	Klebsiella_pneumoniae	gyrA	154.0	106.0	K	2.0	0.0189	R	103.0	0.9717	0.9717	True	K154R(97%)	K:2;N:1;R:103	N24	ZJH_N24	ZCH	Stool	Week 1	False	7.0	7.0	14.0	1.0	1.0	1.0	Klebsiella_pneumoniae_gyrA_154.0_K->R	True	True
N24_1_4	Pseudomonas_aeruginosa	gyrA	87.0	45.0	D/S	28.0	0.6222	Y	17.0	0.3778	0.3778	True	D/S87Y(37%)	D:28;Y:17	N24	N24	UCMC	Stool	Week 1	False	0.0	0.0	0.0	0.0	0.0	0.0	Pseudomonas_aeruginosa_gyrA_87.0_D/S->Y	False	True
N24_1_4	Pseudomonas_aeruginosa	gyrA	87.0	45.0	D/S	28.0	0.6222	Y	17.0	0.3778	0.3778	True	D/S87Y(37%)	D:28;Y:17	N24	ZJH_N24	ZCH	Stool	Week 1	False	7.0	7.0	14.0	1.0	1.0	1.0	Pseudomonas_aeruginosa_gyrA_87.0_D/S->Y	False	True
N24_1_4	Staphylococcus_aureus	parE	432.0	11.0	D/S	9.0	0.8182	E	2.0	0.1818	0.1818	True	D/S432E(18%)	D:9;E:2	N24	N24	UCMC	Stool	Week 1	False	0.0	0.0	0.0	0.0	0.0	0.0	Staphylococcus_aureus_parE_432.0_D/S->E	False	True
N24_1_4	Staphylococcus_aureus	parE	432.0	11.0	D/S	9.0	0.8182	E	2.0	0.1818	0.1818	True	D/S432E(18%)	D:9;E:2	N24	ZJH_N24	ZCH	Stool	Week 1	False	7.0	7.0	14.0	1.0	1.0	1.0	Staphylococcus_aureus_parE_432.0_D/S->E	False	True
N24_1_4	Klebsiella_pneumoniae	gyrA	87.0	120.0	D/S	119.0	0.9917	Y	1.0	0.0083	0.0083	True	D/S87Y(0%)	D:119;Y:1	N24	N24	UCMC	Stool	Week 1	False	0.0	0.0	0.0	0.0	0.0	0.0	Klebsiella_pneumoniae_gyrA_87.0_D/S->Y	False	False
N24_1_4	Klebsiella_pneumoniae	gyrA	87.0	120.0	D/S	119.0	0.9917	Y	1.0	0.0083	0.0083	True	D/S87Y(0%)	D:119;Y:1	N24	ZJH_N24	ZCH	Stool	Week 1	False	7.0	7.0	14.0	1.0	1.0	1.0	Klebsiella_pneumoniae_gyrA_87.0_D/S->Y	False	False
N24_1_4	Klebsiella_oxytoca	parC	80.0	289.0	S	288.0	0.9965	R	1.0	0.0035	0.0035	True	S80R(0%)	R:1;S:288	N24	N24	UCMC	Stool	Week 1	False	0.0	0.0	0.0	0.0	0.0	0.0	Klebsiella_oxytoca_parC_80.0_S->R	False	False
N24_1_4	Klebsiella_oxytoca	parC	80.0	289.0	S	288.0	0.9965	R	1.0	0.0035	0.0035	True	S80R(0%)	R:1;S:288	N24	ZJH_N24	ZCH	Stool	Week 1	False	7.0	7.0	14.0	1.0	1.0	1.0	Klebsiella_oxytoca_parC_80.0_S->R	False	False
N24_2_3	Staphylococcus_aureus	parC	80.0	7.0	E/R	0.0	0.0	S	7.0	1.0	1.0	True	E/R80S(100%)	S:7	N24	N24	UCMC	Groin	Week 3	False	0.0	0.0	0.0	0.0	0.0	0.0	Staphylococcus_aureus_parC_80.0_E/R->S	True	True
N24_2_3	Staphylococcus_aureus	parC	80.0	7.0	E/R	0.0	0.0	S	7.0	1.0	1.0	True	E/R80S(100%)	S:7	N24	ZJH_N24	ZCH	Groin	Week 3	False	14.0	7.0	14.0	1.0	1.0	1.0	Staphylococcus_aureus_parC_80.0_E/R->S	True	True
N24_2_3	Enterococcus_faecalis	gyrA	87.0	96.0	E/S	0.0	0.0	K	96.0	1.0	1.0	True	E/S87K(100%)	K:96	N24	N24	UCMC	Groin	Week 3	False	0.0	0.0	0.0	0.0	0.0	0.0	Enterococcus_faecalis_gyrA_87.0_E/S->K	True	True
N24_2_3	Enterococcus_faecalis	gyrA	87.0	96.0	E/S	0.0	0.0	K	96.0	1.0	1.0	True	E/S87K(100%)	K:96	N24	ZJH_N24	ZCH	Groin	Week 3	False	14.0	7.0	14.0	1.0	1.0	1.0	Enterococcus_faecalis_gyrA_87.0_E/S->K	True	True
N24_2_3	Staphylococcus_aureus	parE	470.0	16.0	Y	0.0	0.0	N	16.0	1.0	1.0	True	Y470N(100%)	N:16	N24	N24	UCMC	Groin	Week 3	False	0.0	0.0	0.0	0.0	0.0	0.0	Staphylococcus_aureus_parE_470.0_Y->N	True	True
N24_2_3	Staphylococcus_aureus	parE	470.0	16.0	Y	0.0	0.0	N	16.0	1.0	1.0	True	Y470N(100%)	N:16	N24	ZJH_N24	ZCH	Groin	Week 3	False	14.0	7.0	14.0	1.0	1.0	1.0	Staphylococcus_aureus_parE_470.0_Y->N	True	True
N24_2_3	Klebsiella_pneumoniae	gyrA	154.0	26.0	K	0.0	0.0	R	26.0	1.0	1.0	True	K154R(100%)	R:26	N24	N24	UCMC	Groin	Week 3	False	0.0	0.0	0.0	0.0	0.0	0.0	Klebsiella_pneumoniae_gyrA_154.0_K->R	True	True
N24_2_3	Klebsiella_pneumoniae	gyrA	154.0	26.0	K	0.0	0.0	R	26.0	1.0	1.0	True	K154R(100%)	R:26	N24	ZJH_N24	ZCH	Groin	Week 3	False	14.0	7.0	14.0	1.0	1.0	1.0	Klebsiella_pneumoniae_gyrA_154.0_K->R	True	True
N24_2_3	Enterococcus_faecium	gyrA	87.0	49.0	E/S	0.0	0.0	Y	49.0	1.0	1.0	True	E/S87Y(100%)	Y:49	N24	N24	UCMC	Groin	Week 3	False	0.0	0.0	0.0	0.0	0.0	0.0	Enterococcus_faecium_gyrA_87.0_E/S->Y	True	True
N24_2_3	Enterococcus_faecium	gyrA	87.0	49.0	E/S	0.0	0.0	Y	49.0	1.0	1.0	True	E/S87Y(100%)	Y:49	N24	ZJH_N24	ZCH	Groin	Week 3	False	14.0	7.0	14.0	1.0	1.0	1.0	Enterococcus_faecium_gyrA_87.0_E/S->Y	True	True
N24_2_3	Staphylococcus_aureus	parE	432.0	45.0	D/S	41.0	0.9111	V	4.0	0.0889	0.0889	True	D/S432V(8%)	D:41;V:4	N24	N24	UCMC	Groin	Week 3	False	0.0	0.0	0.0	0.0	0.0	0.0	Staphylococcus_aureus_parE_432.0_D/S->V	False	False
N24_2_3	Staphylococcus_aureus	parE	432.0	45.0	D/S	41.0	0.9111	V	4.0	0.0889	0.0889	True	D/S432V(8%)	D:41;V:4	N24	ZJH_N24	ZCH	Groin	Week 3	False	14.0	7.0	14.0	1.0	1.0	1.0	Staphylococcus_aureus_parE_432.0_D/S->V	False	False
N24_2_3	Klebsiella_pneumoniae	gyrA	83.0	27.0	D/S	0.0	0.9259	A	1.0	0.037	0.037	True	D/S83A(3%)	A:1;S:25;Y:1	N24	N24	UCMC	Groin	Week 3	False	0.0	0.0	0.0	0.0	0.0	0.0	Klebsiella_pneumoniae_gyrA_83.0_D/S->A	False	False
N24_2_3	Klebsiella_pneumoniae	gyrA	83.0	27.0	D/S	0.0	0.9259	A	1.0	0.037	0.037	True	D/S83A(3%)	A:1;S:25;Y:1	N24	ZJH_N24	ZCH	Groin	Week 3	False	14.0	7.0	14.0	1.0	1.0	1.0	Klebsiella_pneumoniae_gyrA_83.0_D/S->A	False	False
N24_2_3	Klebsiella_oxytoca	gyrA	83.0	497.0	T	495.0	0.996	I	1.0	0.002	0.002	True	T83I(0%)	I:1;T:495;Y:1	N24	N24	UCMC	Groin	Week 3	False	0.0	0.0	0.0	0.0	0.0	0.0	Klebsiella_oxytoca_gyrA_83.0_T->I	False	False
N24_2_3	Klebsiella_oxytoca	gyrA	83.0	497.0	T	495.0	0.996	I	1.0	0.002	0.002	True	T83I(0%)	I:1;T:495;Y:1	N24	ZJH_N24	ZCH	Groin	Week 3	False	14.0	7.0	14.0	1.0	1.0	1.0	Klebsiella_oxytoca_gyrA_83.0_T->I	False	False
N24_2_3	Klebsiella_oxytoca	gyrA	87.0	536.0	D	515.0	0.9608	A	9.0	0.0168	0.0019	True	D87G(0%)	A:9;D:515;E:5;G:1;H:1;V:4;Y:1	N24	N24	UCMC	Groin	Week 3	False	0.0	0.0	0.0	0.0	0.0	0.0	Klebsiella_oxytoca_gyrA_87.0_D->A	False	False
N24_2_3	Klebsiella_oxytoca	gyrA	87.0	536.0	D	515.0	0.9608	A	9.0	0.0168	0.0019	True	D87G(0%)	A:9;D:515;E:5;G:1;H:1;V:4;Y:1	N24	ZJH_N24	ZCH	Groin	Week 3	False	14.0	7.0	14.0	1.0	1.0	1.0	Klebsiella_oxytoca_gyrA_87.0_D->A	False	False
N24_2_4	Enterococcus_faecium	gyrA	87.0	11.0	E/S	0.0	0.0	Y	11.0	1.0	1.0	True	E/S87Y(100%)	Y:11	N24	N24	UCMC	Stool	Week 3	False	0.0	0.0	0.0	0.0	0.0	0.0	Enterococcus_faecium_gyrA_87.0_E/S->Y	True	True
N24_2_4	Enterococcus_faecium	gyrA	87.0	11.0	E/S	0.0	0.0	Y	11.0	1.0	1.0	True	E/S87Y(100%)	Y:11	N24	ZJH_N24	ZCH	Stool	Week 3	False	14.0	7.0	14.0	1.0	1.0	1.0	Enterococcus_faecium_gyrA_87.0_E/S->Y	True	True
N24_2_4	Klebsiella_pneumoniae	gyrA	154.0	7.0	K	0.0	0.0	R	7.0	1.0	1.0	True	K154R(100%)	R:7	N24	N24	UCMC	Stool	Week 3	False	0.0	0.0	0.0	0.0	0.0	0.0	Klebsiella_pneumoniae_gyrA_154.0_K->R	True	True
N24_2_4	Klebsiella_pneumoniae	gyrA	154.0	7.0	K	0.0	0.0	R	7.0	1.0	1.0	True	K154R(100%)	R:7	N24	ZJH_N24	ZCH	Stool	Week 3	False	14.0	7.0	14.0	1.0	1.0	1.0	Klebsiella_pneumoniae_gyrA_154.0_K->R	True	True
N24_2_4	Klebsiella_oxytoca	parC	80.0	74.0	S	71.0	0.9595	T	2.0	0.027	0.0135	True	S80R(1%)	R:1;S:71;T:2	N24	N24	UCMC	Stool	Week 3	False	0.0	0.0	0.0	0.0	0.0	0.0	Klebsiella_oxytoca_parC_80.0_S->T	False	False
N24_2_4	Klebsiella_oxytoca	parC	80.0	74.0	S	71.0	0.9595	T	2.0	0.027	0.0135	True	S80R(1%)	R:1;S:71;T:2	N24	ZJH_N24	ZCH	Stool	Week 3	False	14.0	7.0	14.0	1.0	1.0	1.0	Klebsiella_oxytoca_parC_80.0_S->T	False	False
N25_1_2	Streptococcus_mitis	parC	79.0	22.0	S	0.0	0.0	I	22.0	1.0	1.0	True	S79I(100%)	I:22	N25	N25	UCMC	Axilla	Week 1	True	0.0	0.0	0.0	0.0	0.0	0.0	Streptococcus_mitis_parC_79.0_S->I	True	True
N25_1_2	Streptococcus_mitis	parC	79.0	22.0	S	0.0	0.0	I	22.0	1.0	1.0	True	S79I(100%)	I:22	N25	ZJH_N25	ZCH	Axilla	Week 1	False	16.0	16.0	16.0	1.0	1.0	1.0	Streptococcus_mitis_parC_79.0_S->I	True	True
N25_1_2	Staphylococcus_aureus	parE	470.0	30.0	Y	0.0	0.0	N	30.0	1.0	1.0	True	Y470N(100%)	N:30	N25	N25	UCMC	Axilla	Week 1	True	0.0	0.0	0.0	0.0	0.0	0.0	Staphylococcus_aureus_parE_470.0_Y->N	True	True
N25_1_2	Staphylococcus_aureus	parE	470.0	30.0	Y	0.0	0.0	N	30.0	1.0	1.0	True	Y470N(100%)	N:30	N25	ZJH_N25	ZCH	Axilla	Week 1	False	16.0	16.0	16.0	1.0	1.0	1.0	Staphylococcus_aureus_parE_470.0_Y->N	True	True
N25_1_2	Staphylococcus_aureus	parC	84.0	13.0	D/E/S	12.0	0.9231	N	1.0	0.0769	0.0769	True	D/E/S84N(7%)	D:12;N:1	N25	N25	UCMC	Axilla	Week 1	True	0.0	0.0	0.0	0.0	0.0	0.0	Staphylococcus_aureus_parC_84.0_D/E/S->N	False	False
N25_1_2	Staphylococcus_aureus	parC	84.0	13.0	D/E/S	12.0	0.9231	N	1.0	0.0769	0.0769	True	D/E/S84N(7%)	D:12;N:1	N25	ZJH_N25	ZCH	Axilla	Week 1	False	16.0	16.0	16.0	1.0	1.0	1.0	Staphylococcus_aureus_parC_84.0_D/E/S->N	False	False
N25_1_2	Staphylococcus_aureus	parE	432.0	47.0	D/S	41.0	0.8723	I	2.0	0.0426	0.0426	True	D/S432V(4%)	D:41;H:2;I:2;V:2	N25	N25	UCMC	Axilla	Week 1	True	0.0	0.0	0.0	0.0	0.0	0.0	Staphylococcus_aureus_parE_432.0_D/S->I	False	False
N25_1_2	Staphylococcus_aureus	parE	432.0	47.0	D/S	41.0	0.8723	I	2.0	0.0426	0.0426	True	D/S432V(4%)	D:41;H:2;I:2;V:2	N25	ZJH_N25	ZCH	Axilla	Week 1	False	16.0	16.0	16.0	1.0	1.0	1.0	Staphylococcus_aureus_parE_432.0_D/S->I	False	False
N25_1_4	Enterococcus_faecium	gyrA	87.0	7.0	E/S	0.0	0.0	Y	7.0	1.0	1.0	True	E/S87Y(100%)	Y:7	N25	N25	UCMC	Stool	Week 1	True	0.0	0.0	0.0	0.0	0.0	0.0	Enterococcus_faecium_gyrA_87.0_E/S->Y	True	True
N25_1_4	Enterococcus_faecium	gyrA	87.0	7.0	E/S	0.0	0.0	Y	7.0	1.0	1.0	True	E/S87Y(100%)	Y:7	N25	ZJH_N25	ZCH	Stool	Week 1	False	16.0	16.0	16.0	1.0	1.0	1.0	Enterococcus_faecium_gyrA_87.0_E/S->Y	True	True
N25_1_4	Staphylococcus_aureus	parC	80.0	5.0	E/R	0.0	0.0	S	5.0	1.0	1.0	True	E/R80S(100%)	S:5	N25	N25	UCMC	Stool	Week 1	True	0.0	0.0	0.0	0.0	0.0	0.0	Staphylococcus_aureus_parC_80.0_E/R->S	True	True
N25_1_4	Staphylococcus_aureus	parC	80.0	5.0	E/R	0.0	0.0	S	5.0	1.0	1.0	True	E/R80S(100%)	S:5	N25	ZJH_N25	ZCH	Stool	Week 1	False	16.0	16.0	16.0	1.0	1.0	1.0	Staphylococcus_aureus_parC_80.0_E/R->S	True	True
N25_1_4	Klebsiella_pneumoniae	gyrA	154.0	141.0	K	1.0	0.0071	R	140.0	0.9929	0.9929	True	K154R(99%)	K:1;R:140	N25	N25	UCMC	Stool	Week 1	True	0.0	0.0	0.0	0.0	0.0	0.0	Klebsiella_pneumoniae_gyrA_154.0_K->R	True	True
N25_1_4	Klebsiella_pneumoniae	gyrA	154.0	141.0	K	1.0	0.0071	R	140.0	0.9929	0.9929	True	K154R(99%)	K:1;R:140	N25	ZJH_N25	ZCH	Stool	Week 1	False	16.0	16.0	16.0	1.0	1.0	1.0	Klebsiella_pneumoniae_gyrA_154.0_K->R	True	True
N25_2_2	Enterococcus_faecalis	gyrA	87.0	14.0	E/S	0.0	0.0	K	14.0	1.0	1.0	True	E/S87K(100%)	K:14	N25	N25	UCMC	Axilla	Week 3	True	0.0	0.0	0.0	0.0	0.0	0.0	Enterococcus_faecalis_gyrA_87.0_E/S->K	True	True
N25_2_2	Enterococcus_faecalis	gyrA	87.0	14.0	E/S	0.0	0.0	K	14.0	1.0	1.0	True	E/S87K(100%)	K:14	N25	ZJH_N25	ZCH	Axilla	Week 3	False	16.0	16.0	16.0	1.0	1.0	1.0	Enterococcus_faecalis_gyrA_87.0_E/S->K	True	True
N25_2_2	Klebsiella_pneumoniae	gyrA	83.0	8.0	D/S	0.0	0.875	N	1.0	0.125	0.125	True	D/S83N(12%)	N:1;S:7	N25	N25	UCMC	Axilla	Week 3	True	0.0	0.0	0.0	0.0	0.0	0.0	Klebsiella_pneumoniae_gyrA_83.0_D/S->N	False	True
N25_2_2	Klebsiella_pneumoniae	gyrA	83.0	8.0	D/S	0.0	0.875	N	1.0	0.125	0.125	True	D/S83N(12%)	N:1;S:7	N25	ZJH_N25	ZCH	Axilla	Week 3	False	16.0	16.0	16.0	1.0	1.0	1.0	Klebsiella_pneumoniae_gyrA_83.0_D/S->N	False	True
N26_1_4	Staphylococcus_aureus	parE	470.0	12.0	Y	0.0	0.0	N	12.0	1.0	1.0	True	Y470N(100%)	N:12	N26	N26	UCMC	Stool	Week 1	False	0.0	0.0	0.0	0.0	0.0	0.0	Staphylococcus_aureus_parE_470.0_Y->N	True	True
N26_1_4	Staphylococcus_aureus	parE	470.0	12.0	Y	0.0	0.0	N	12.0	1.0	1.0	True	Y470N(100%)	N:12	N26	ZJH_N26	ZCH	Stool	Week 1	False	14.0	14.0	9.0	1.0	1.0	1.0	Staphylococcus_aureus_parE_470.0_Y->N	True	True
N26_1_4	Enterococcus_faecalis	gyrA	87.0	24.0	E/S	0.0	0.0	K	24.0	1.0	1.0	True	E/S87K(100%)	K:24	N26	N26	UCMC	Stool	Week 1	False	0.0	0.0	0.0	0.0	0.0	0.0	Enterococcus_faecalis_gyrA_87.0_E/S->K	True	True
N26_1_4	Enterococcus_faecalis	gyrA	87.0	24.0	E/S	0.0	0.0	K	24.0	1.0	1.0	True	E/S87K(100%)	K:24	N26	ZJH_N26	ZCH	Stool	Week 1	False	14.0	14.0	9.0	1.0	1.0	1.0	Enterococcus_faecalis_gyrA_87.0_E/S->K	True	True
N26_1_4	Enterococcus_faecium	gyrA	87.0	19.0	E/S	0.0	0.0	Y	19.0	1.0	1.0	True	E/S87Y(100%)	Y:19	N26	N26	UCMC	Stool	Week 1	False	0.0	0.0	0.0	0.0	0.0	0.0	Enterococcus_faecium_gyrA_87.0_E/S->Y	True	True
N26_1_4	Enterococcus_faecium	gyrA	87.0	19.0	E/S	0.0	0.0	Y	19.0	1.0	1.0	True	E/S87Y(100%)	Y:19	N26	ZJH_N26	ZCH	Stool	Week 1	False	14.0	14.0	9.0	1.0	1.0	1.0	Enterococcus_faecium_gyrA_87.0_E/S->Y	True	True
N26_1_4	Staphylococcus_aureus	parC	80.0	9.0	E/R	0.0	0.0	S	9.0	1.0	1.0	True	E/R80S(100%)	S:9	N26	N26	UCMC	Stool	Week 1	False	0.0	0.0	0.0	0.0	0.0	0.0	Staphylococcus_aureus_parC_80.0_E/R->S	True	True
N26_1_4	Staphylococcus_aureus	parC	80.0	9.0	E/R	0.0	0.0	S	9.0	1.0	1.0	True	E/R80S(100%)	S:9	N26	ZJH_N26	ZCH	Stool	Week 1	False	14.0	14.0	9.0	1.0	1.0	1.0	Staphylococcus_aureus_parC_80.0_E/R->S	True	True
N26_1_4	Escherichia_coli	parC	78.0	57.0	A/G	0.0	0.9649	V	2.0	0.0351	0.0351	True	A/G78V(3%)	G:55;V:2	N26	N26	UCMC	Stool	Week 1	False	0.0	0.0	0.0	0.0	0.0	0.0	Escherichia_coli_parC_78.0_A/G->V	False	False
N26_1_4	Escherichia_coli	parC	78.0	57.0	A/G	0.0	0.9649	V	2.0	0.0351	0.0351	True	A/G78V(3%)	G:55;V:2	N26	ZJH_N26	ZCH	Stool	Week 1	False	14.0	14.0	9.0	1.0	1.0	1.0	Escherichia_coli_parC_78.0_A/G->V	False	False
N27_1_2	Staphylococcus_aureus	parE	470.0	8.0	Y	0.0	0.0	N	8.0	1.0	1.0	True	Y470N(100%)	N:8	N27	N27	UCMC	Axilla	Week 1	False	0.0	0.0	0.0	0.0	0.0	0.0	Staphylococcus_aureus_parE_470.0_Y->N	True	True
N27_1_2	Staphylococcus_aureus	parE	432.0	17.0	D/S	4.0	0.2353	V	13.0	0.7647	0.7647	True	D/S432V(76%)	D:4;V:13	N27	N27	UCMC	Axilla	Week 1	False	0.0	0.0	0.0	0.0	0.0	0.0	Staphylococcus_aureus_parE_432.0_D/S->V	True	True
N27_1_2	Klebsiella_pneumoniae	gyrA	83.0	14.0	D/S	0.0	0.7143	A	3.0	0.2143	0.2143	True	D/S83A(21%)	A:3;Q:1;S:10	N27	N27	UCMC	Axilla	Week 1	False	0.0	0.0	0.0	0.0	0.0	0.0	Klebsiella_pneumoniae_gyrA_83.0_D/S->A	False	True
N27_1_3	Enterococcus_faecalis	gyrA	87.0	39.0	E/S	0.0	0.0	K	39.0	1.0	1.0	True	E/S87K(100%)	K:39	N27	N27	UCMC	Groin	Week 1	False	0.0	0.0	0.0	0.0	0.0	0.0	Enterococcus_faecalis_gyrA_87.0_E/S->K	True	True
N27_1_3	Klebsiella_pneumoniae	gyrA	154.0	25.0	K	0.0	0.0	R	25.0	1.0	1.0	True	K154R(100%)	R:25	N27	N27	UCMC	Groin	Week 1	False	0.0	0.0	0.0	0.0	0.0	0.0	Klebsiella_pneumoniae_gyrA_154.0_K->R	True	True
N27_1_3	Enterococcus_faecium	gyrA	87.0	15.0	E/S	0.0	0.0	Y	15.0	1.0	1.0	True	E/S87Y(100%)	Y:15	N27	N27	UCMC	Groin	Week 1	False	0.0	0.0	0.0	0.0	0.0	0.0	Enterococcus_faecium_gyrA_87.0_E/S->Y	True	True
N27_1_4	Klebsiella_pneumoniae	gyrA	154.0	80.0	K	0.0	0.0	R	78.0	0.975	0.975	True	K154R(97%)	R:78;S:2	N27	N27	UCMC	Stool	Week 1	False	0.0	0.0	0.0	0.0	0.0	0.0	Klebsiella_pneumoniae_gyrA_154.0_K->R	True	True
N27_1_4	Klebsiella_pneumoniae	gyrA	154.0	80.0	K	0.0	0.0	R	78.0	0.975	0.975	True	K154R(97%)	R:78;S:2	N27	ZJH_N27	ZCH	Stool	Week 1	False	6.0	6.0	3.0	1.0	1.0	1.0	Klebsiella_pneumoniae_gyrA_154.0_K->R	True	True
N27_1_4	Klebsiella_oxytoca	parC	80.0	58.0	S	57.0	0.9828	I	1.0	0.0172	0.0172	True	S80I(1%)	I:1;S:57	N27	N27	UCMC	Stool	Week 1	False	0.0	0.0	0.0	0.0	0.0	0.0	Klebsiella_oxytoca_parC_80.0_S->I	False	False
N27_1_4	Klebsiella_oxytoca	parC	80.0	58.0	S	57.0	0.9828	I	1.0	0.0172	0.0172	True	S80I(1%)	I:1;S:57	N27	ZJH_N27	ZCH	Stool	Week 1	False	6.0	6.0	3.0	1.0	1.0	1.0	Klebsiella_oxytoca_parC_80.0_S->I	False	False
N27_2_3	Enterococcus_faecalis	gyrA	87.0	20.0	E/S	0.0	0.0	K	20.0	1.0	1.0	True	E/S87K(100%)	K:20	N27	N27	UCMC	Groin	Week 3	False	0.0	0.0	0.0	0.0	0.0	0.0	Enterococcus_faecalis_gyrA_87.0_E/S->K	True	True
N27_2_3	Enterococcus_faecalis	gyrA	87.0	20.0	E/S	0.0	0.0	K	20.0	1.0	1.0	True	E/S87K(100%)	K:20	N27	ZJH_N27	ZCH	Groin	Week 3	False	3.0	6.0	3.0	1.0	1.0	1.0	Enterococcus_faecalis_gyrA_87.0_E/S->K	True	True
N27_2_3	Enterococcus_faecium	gyrA	87.0	136.0	E/S	0.0	0.0	Y	136.0	1.0	1.0	True	E/S87Y(100%)	Y:136	N27	N27	UCMC	Groin	Week 3	False	0.0	0.0	0.0	0.0	0.0	0.0	Enterococcus_faecium_gyrA_87.0_E/S->Y	True	True
N27_2_3	Enterococcus_faecium	gyrA	87.0	136.0	E/S	0.0	0.0	Y	136.0	1.0	1.0	True	E/S87Y(100%)	Y:136	N27	ZJH_N27	ZCH	Groin	Week 3	False	3.0	6.0	3.0	1.0	1.0	1.0	Enterococcus_faecium_gyrA_87.0_E/S->Y	True	True
N27_2_3	Klebsiella_pneumoniae	gyrA	154.0	197.0	K	0.0	0.0	R	197.0	1.0	1.0	True	K154R(100%)	R:197	N27	N27	UCMC	Groin	Week 3	False	0.0	0.0	0.0	0.0	0.0	0.0	Klebsiella_pneumoniae_gyrA_154.0_K->R	True	True
N27_2_3	Klebsiella_pneumoniae	gyrA	154.0	197.0	K	0.0	0.0	R	197.0	1.0	1.0	True	K154R(100%)	R:197	N27	ZJH_N27	ZCH	Groin	Week 3	False	3.0	6.0	3.0	1.0	1.0	1.0	Klebsiella_pneumoniae_gyrA_154.0_K->R	True	True
N27_2_4	Enterococcus_faecium	gyrA	87.0	9.0	E/S	0.0	0.0	Y	9.0	1.0	1.0	True	E/S87Y(100%)	Y:9	N27	N27	UCMC	Stool	Week 3	False	0.0	0.0	0.0	0.0	0.0	0.0	Enterococcus_faecium_gyrA_87.0_E/S->Y	True	True
N27_2_4	Enterococcus_faecium	gyrA	87.0	9.0	E/S	0.0	0.0	Y	9.0	1.0	1.0	True	E/S87Y(100%)	Y:9	N27	ZJH_N27	ZCH	Stool	Week 3	False	3.0	6.0	3.0	1.0	1.0	1.0	Enterococcus_faecium_gyrA_87.0_E/S->Y	True	True
N27_2_4	Klebsiella_pneumoniae	gyrA	154.0	67.0	K	0.0	0.0	R	67.0	1.0	1.0	True	K154R(100%)	R:67	N27	N27	UCMC	Stool	Week 3	False	0.0	0.0	0.0	0.0	0.0	0.0	Klebsiella_pneumoniae_gyrA_154.0_K->R	True	True
N27_2_4	Klebsiella_pneumoniae	gyrA	154.0	67.0	K	0.0	0.0	R	67.0	1.0	1.0	True	K154R(100%)	R:67	N27	ZJH_N27	ZCH	Stool	Week 3	False	3.0	6.0	3.0	1.0	1.0	1.0	Klebsiella_pneumoniae_gyrA_154.0_K->R	True	True
N28_1_2	Staphylococcus_aureus	parE	470.0	5.0	Y	0.0	0.0	N	5.0	1.0	1.0	True	Y470N(100%)	N:5	N28	N28	UCMC	Axilla	Week 1	False	0.0	0.0	0.0	0.0	0.0	0.0	Staphylococcus_aureus_parE_470.0_Y->N	True	True
N28_1_2	Staphylococcus_aureus	parE	470.0	5.0	Y	0.0	0.0	N	5.0	1.0	1.0	True	Y470N(100%)	N:5	N28	ZJH_N28	ZCH	Axilla	Week 1	False	10.0	10.0	13.0	1.0	1.0	1.0	Staphylococcus_aureus_parE_470.0_Y->N	True	True
N28_1_2	Klebsiella_pneumoniae	gyrA	154.0	17.0	K	0.0	0.0	R	17.0	1.0	1.0	True	K154R(100%)	R:17	N28	N28	UCMC	Axilla	Week 1	False	0.0	0.0	0.0	0.0	0.0	0.0	Klebsiella_pneumoniae_gyrA_154.0_K->R	True	True
N28_1_2	Klebsiella_pneumoniae	gyrA	154.0	17.0	K	0.0	0.0	R	17.0	1.0	1.0	True	K154R(100%)	R:17	N28	ZJH_N28	ZCH	Axilla	Week 1	False	10.0	10.0	13.0	1.0	1.0	1.0	Klebsiella_pneumoniae_gyrA_154.0_K->R	True	True
N28_1_2	Klebsiella_pneumoniae	gyrA	87.0	6.0	D/S	5.0	0.8333	Y	1.0	0.1667	0.1667	True	D/S87Y(16%)	D:5;Y:1	N28	N28	UCMC	Axilla	Week 1	False	0.0	0.0	0.0	0.0	0.0	0.0	Klebsiella_pneumoniae_gyrA_87.0_D/S->Y	False	True
N28_1_2	Klebsiella_pneumoniae	gyrA	87.0	6.0	D/S	5.0	0.8333	Y	1.0	0.1667	0.1667	True	D/S87Y(16%)	D:5;Y:1	N28	ZJH_N28	ZCH	Axilla	Week 1	False	10.0	10.0	13.0	1.0	1.0	1.0	Klebsiella_pneumoniae_gyrA_87.0_D/S->Y	False	True
N28_1_4	Klebsiella_pneumoniae	gyrA	154.0	84.0	K	0.0	0.0	R	84.0	1.0	1.0	True	K154R(100%)	R:84	N28	N28	UCMC	Stool	Week 1	False	0.0	0.0	0.0	0.0	0.0	0.0	Klebsiella_pneumoniae_gyrA_154.0_K->R	True	True
N28_1_4	Klebsiella_pneumoniae	gyrA	154.0	84.0	K	0.0	0.0	R	84.0	1.0	1.0	True	K154R(100%)	R:84	N28	ZJH_N28	ZCH	Stool	Week 1	False	10.0	10.0	13.0	1.0	1.0	1.0	Klebsiella_pneumoniae_gyrA_154.0_K->R	True	True
N28_1_4	Klebsiella_pneumoniae	gyrA	87.0	85.0	D/S	78.0	0.9176	A	3.0	0.0353	0.0235	True	D/S87H(2%)	A:3;D:78;E:2;H:2	N28	N28	UCMC	Stool	Week 1	False	0.0	0.0	0.0	0.0	0.0	0.0	Klebsiella_pneumoniae_gyrA_87.0_D/S->A	False	False
N28_1_4	Klebsiella_pneumoniae	gyrA	87.0	85.0	D/S	78.0	0.9176	A	3.0	0.0353	0.0235	True	D/S87H(2%)	A:3;D:78;E:2;H:2	N28	ZJH_N28	ZCH	Stool	Week 1	False	10.0	10.0	13.0	1.0	1.0	1.0	Klebsiella_pneumoniae_gyrA_87.0_D/S->A	False	False
N28_1_4	Klebsiella_pneumoniae	gyrA	83.0	63.0	D/S	0.0	0.9841	A	1.0	0.0159	0.0159	True	D/S83A(1%)	A:1;S:62	N28	N28	UCMC	Stool	Week 1	False	0.0	0.0	0.0	0.0	0.0	0.0	Klebsiella_pneumoniae_gyrA_83.0_D/S->A	False	False
N28_1_4	Klebsiella_pneumoniae	gyrA	83.0	63.0	D/S	0.0	0.9841	A	1.0	0.0159	0.0159	True	D/S83A(1%)	A:1;S:62	N28	ZJH_N28	ZCH	Stool	Week 1	False	10.0	10.0	13.0	1.0	1.0	1.0	Klebsiella_pneumoniae_gyrA_83.0_D/S->A	False	False
N28_2_3	Enterococcus_faecalis	gyrA	87.0	52.0	E/S	0.0	0.0	K	52.0	1.0	1.0	True	E/S87K(100%)	K:52	N28	N28	UCMC	Groin	Week 3	False	0.0	0.0	0.0	0.0	0.0	0.0	Enterococcus_faecalis_gyrA_87.0_E/S->K	True	True
N28_2_3	Enterococcus_faecalis	gyrA	87.0	52.0	E/S	0.0	0.0	K	52.0	1.0	1.0	True	E/S87K(100%)	K:52	N28	ZJH_N28	ZCH	Groin	Week 3	False	13.0	10.0	13.0	1.0	1.0	1.0	Enterococcus_faecalis_gyrA_87.0_E/S->K	True	True
N28_2_3	Staphylococcus_aureus	parE	470.0	380.0	Y	0.0	0.0	N	380.0	1.0	1.0	True	Y470N(100%)	N:380	N28	N28	UCMC	Groin	Week 3	False	0.0	0.0	0.0	0.0	0.0	0.0	Staphylococcus_aureus_parE_470.0_Y->N	True	True
N28_2_3	Staphylococcus_aureus	parE	470.0	380.0	Y	0.0	0.0	N	380.0	1.0	1.0	True	Y470N(100%)	N:380	N28	ZJH_N28	ZCH	Groin	Week 3	False	13.0	10.0	13.0	1.0	1.0	1.0	Staphylococcus_aureus_parE_470.0_Y->N	True	True
N28_2_3	Enterococcus_faecium	gyrA	87.0	41.0	E/S	0.0	0.0	Y	41.0	1.0	1.0	True	E/S87Y(100%)	Y:41	N28	N28	UCMC	Groin	Week 3	False	0.0	0.0	0.0	0.0	0.0	0.0	Enterococcus_faecium_gyrA_87.0_E/S->Y	True	True
N28_2_3	Enterococcus_faecium	gyrA	87.0	41.0	E/S	0.0	0.0	Y	41.0	1.0	1.0	True	E/S87Y(100%)	Y:41	N28	ZJH_N28	ZCH	Groin	Week 3	False	13.0	10.0	13.0	1.0	1.0	1.0	Enterococcus_faecium_gyrA_87.0_E/S->Y	True	True
N28_2_3	Klebsiella_pneumoniae	gyrA	154.0	529.0	K	0.0	0.0	R	527.0	0.9962	0.9962	True	K154R(99%)	R:527;S:2	N28	N28	UCMC	Groin	Week 3	False	0.0	0.0	0.0	0.0	0.0	0.0	Klebsiella_pneumoniae_gyrA_154.0_K->R	True	True
N28_2_3	Klebsiella_pneumoniae	gyrA	154.0	529.0	K	0.0	0.0	R	527.0	0.9962	0.9962	True	K154R(99%)	R:527;S:2	N28	ZJH_N28	ZCH	Groin	Week 3	False	13.0	10.0	13.0	1.0	1.0	1.0	Klebsiella_pneumoniae_gyrA_154.0_K->R	True	True
N28_2_3	Staphylococcus_aureus	parC	80.0	173.0	E/R	0.0	0.0	S	160.0	0.9249	0.9249	True	E/R80S(92%)	S:160;Y:13	N28	N28	UCMC	Groin	Week 3	False	0.0	0.0	0.0	0.0	0.0	0.0	Staphylococcus_aureus_parC_80.0_E/R->S	True	True
N28_2_3	Staphylococcus_aureus	parC	80.0	173.0	E/R	0.0	0.0	S	160.0	0.9249	0.9249	True	E/R80S(92%)	S:160;Y:13	N28	ZJH_N28	ZCH	Groin	Week 3	False	13.0	10.0	13.0	1.0	1.0	1.0	Staphylococcus_aureus_parC_80.0_E/R->S	True	True
N28_2_3	Staphylococcus_aureus	gyrA	84.0	1276.0	G/S	0.0	0.9248	K	64.0	0.0502	0.0016	True	G/S84L(0%)	F:29;K:64;L:2;S:1180;T:1	N28	N28	UCMC	Groin	Week 3	False	0.0	0.0	0.0	0.0	0.0	0.0	Staphylococcus_aureus_gyrA_84.0_G/S->K	False	False
N28_2_3	Staphylococcus_aureus	gyrA	84.0	1276.0	G/S	0.0	0.9248	K	64.0	0.0502	0.0016	True	G/S84L(0%)	F:29;K:64;L:2;S:1180;T:1	N28	ZJH_N28	ZCH	Groin	Week 3	False	13.0	10.0	13.0	1.0	1.0	1.0	Staphylococcus_aureus_gyrA_84.0_G/S->K	False	False
N28_2_4	Klebsiella_pneumoniae	gyrA	154.0	91.0	K	0.0	0.0	R	90.0	0.989	0.989	True	K154R(98%)	G:1;R:90	N28	N28	UCMC	Stool	Week 3	False	0.0	0.0	0.0	0.0	0.0	0.0	Klebsiella_pneumoniae_gyrA_154.0_K->R	True	True
N28_2_4	Klebsiella_pneumoniae	gyrA	154.0	91.0	K	0.0	0.0	R	90.0	0.989	0.989	True	K154R(98%)	G:1;R:90	N28	ZJH_N28	ZCH	Stool	Week 3	False	13.0	10.0	13.0	1.0	1.0	1.0	Klebsiella_pneumoniae_gyrA_154.0_K->R	True	True
N28_2_4	Escherichia_coli	parE	475.0	62.0	D	58.0	0.9355	H	2.0	0.0323	0.0161	True	D475V(1%)	D:58;H:2;P:1;V:1	N28	N28	UCMC	Stool	Week 3	False	0.0	0.0	0.0	0.0	0.0	0.0	Escherichia_coli_parE_475.0_D->H	False	False
N28_2_4	Escherichia_coli	parE	475.0	62.0	D	58.0	0.9355	H	2.0	0.0323	0.0161	True	D475V(1%)	D:58;H:2;P:1;V:1	N28	ZJH_N28	ZCH	Stool	Week 3	False	13.0	10.0	13.0	1.0	1.0	1.0	Escherichia_coli_parE_475.0_D->H	False	False
N29_1_3	Enterococcus_faecium	gyrA	87.0	22.0	E/S	0.0	0.0	Y	22.0	1.0	1.0	True	E/S87Y(100%)	Y:22	N29	N29	UCMC	Groin	Week 1	True	0.0	0.0	0.0	0.0	0.0	0.0	Enterococcus_faecium_gyrA_87.0_E/S->Y	True	True
N29_1_3	Enterococcus_faecalis	gyrA	87.0	25.0	E/S	0.0	0.0	K	25.0	1.0	1.0	True	E/S87K(100%)	K:25	N29	N29	UCMC	Groin	Week 1	True	0.0	0.0	0.0	0.0	0.0	0.0	Enterococcus_faecalis_gyrA_87.0_E/S->K	True	True
N29_1_4	Staphylococcus_aureus	parC	80.0	44.0	E/R	0.0	0.0	S	44.0	1.0	1.0	True	E/R80S(100%)	S:44	N29	N29	UCMC	Stool	Week 1	True	0.0	0.0	0.0	0.0	0.0	0.0	Staphylococcus_aureus_parC_80.0_E/R->S	True	True
N29_1_4	Staphylococcus_aureus	parC	80.0	44.0	E/R	0.0	0.0	S	44.0	1.0	1.0	True	E/R80S(100%)	S:44	N29	ZJH_N29	ZCH	Stool	Week 1	False	10.0	10.0	0.0	1.0	1.0	0.0	Staphylococcus_aureus_parC_80.0_E/R->S	True	True
N29_1_4	Enterococcus_faecium	gyrA	87.0	29.0	E/S	0.0	0.0	Y	29.0	1.0	1.0	True	E/S87Y(100%)	Y:29	N29	N29	UCMC	Stool	Week 1	True	0.0	0.0	0.0	0.0	0.0	0.0	Enterococcus_faecium_gyrA_87.0_E/S->Y	True	True
N29_1_4	Enterococcus_faecium	gyrA	87.0	29.0	E/S	0.0	0.0	Y	29.0	1.0	1.0	True	E/S87Y(100%)	Y:29	N29	ZJH_N29	ZCH	Stool	Week 1	False	10.0	10.0	0.0	1.0	1.0	0.0	Enterococcus_faecium_gyrA_87.0_E/S->Y	True	True
N29_1_4	Staphylococcus_aureus	parE	470.0	29.0	Y	0.0	0.0	N	29.0	1.0	1.0	True	Y470N(100%)	N:29	N29	N29	UCMC	Stool	Week 1	True	0.0	0.0	0.0	0.0	0.0	0.0	Staphylococcus_aureus_parE_470.0_Y->N	True	True
N29_1_4	Staphylococcus_aureus	parE	470.0	29.0	Y	0.0	0.0	N	29.0	1.0	1.0	True	Y470N(100%)	N:29	N29	ZJH_N29	ZCH	Stool	Week 1	False	10.0	10.0	0.0	1.0	1.0	0.0	Staphylococcus_aureus_parE_470.0_Y->N	True	True
N29_1_4	Enterococcus_faecalis	gyrA	87.0	59.0	E/S	0.0	0.0	K	58.0	0.9831	0.9831	True	E/S87K(98%)	K:58;M:1	N29	N29	UCMC	Stool	Week 1	True	0.0	0.0	0.0	0.0	0.0	0.0	Enterococcus_faecalis_gyrA_87.0_E/S->K	True	True
N29_1_4	Enterococcus_faecalis	gyrA	87.0	59.0	E/S	0.0	0.0	K	58.0	0.9831	0.9831	True	E/S87K(98%)	K:58;M:1	N29	ZJH_N29	ZCH	Stool	Week 1	False	10.0	10.0	0.0	1.0	1.0	0.0	Enterococcus_faecalis_gyrA_87.0_E/S->K	True	True
N29_1_4	Staphylococcus_aureus	parE	432.0	50.0	D/S	49.0	0.98	V	1.0	0.02	0.02	True	D/S432V(2%)	D:49;V:1	N29	N29	UCMC	Stool	Week 1	True	0.0	0.0	0.0	0.0	0.0	0.0	Staphylococcus_aureus_parE_432.0_D/S->V	False	False
N29_1_4	Staphylococcus_aureus	parE	432.0	50.0	D/S	49.0	0.98	V	1.0	0.02	0.02	True	D/S432V(2%)	D:49;V:1	N29	ZJH_N29	ZCH	Stool	Week 1	False	10.0	10.0	0.0	1.0	1.0	0.0	Staphylococcus_aureus_parE_432.0_D/S->V	False	False
N29_1_4	Staphylococcus_aureus	gyrA	84.0	130.0	G/S	0.0	0.9615	F	3.0	0.0231	0.0077	True	G/S84Y(0%)	F:3;K:1;S:125;Y:1	N29	N29	UCMC	Stool	Week 1	True	0.0	0.0	0.0	0.0	0.0	0.0	Staphylococcus_aureus_gyrA_84.0_G/S->F	False	False
N29_1_4	Staphylococcus_aureus	gyrA	84.0	130.0	G/S	0.0	0.9615	F	3.0	0.0231	0.0077	True	G/S84Y(0%)	F:3;K:1;S:125;Y:1	N29	ZJH_N29	ZCH	Stool	Week 1	False	10.0	10.0	0.0	1.0	1.0	0.0	Staphylococcus_aureus_gyrA_84.0_G/S->F	False	False
N29_2_2	Enterococcus_faecalis	gyrA	87.0	8.0	E/S	0.0	0.0	K	8.0	1.0	1.0	True	E/S87K(100%)	K:8	N29	N29	UCMC	Axilla	Week 3	True	0.0	0.0	0.0	0.0	0.0	0.0	Enterococcus_faecalis_gyrA_87.0_E/S->K	True	True
N29_2_2	Staphylococcus_aureus	parE	470.0	18.0	Y	0.0	0.0	N	18.0	1.0	1.0	True	Y470N(100%)	N:18	N29	N29	UCMC	Axilla	Week 3	True	0.0	0.0	0.0	0.0	0.0	0.0	Staphylococcus_aureus_parE_470.0_Y->N	True	True
N29_2_3	Staphylococcus_aureus	parE	470.0	26.0	Y	0.0	0.0	N	26.0	1.0	1.0	True	Y470N(100%)	N:26	N29	N29	UCMC	Groin	Week 3	True	0.0	0.0	0.0	0.0	0.0	0.0	Staphylococcus_aureus_parE_470.0_Y->N	True	True
N29_2_3	Enterococcus_faecalis	gyrA	87.0	18.0	E/S	0.0	0.0	K	18.0	1.0	1.0	True	E/S87K(100%)	K:18	N29	N29	UCMC	Groin	Week 3	True	0.0	0.0	0.0	0.0	0.0	0.0	Enterococcus_faecalis_gyrA_87.0_E/S->K	True	True
N29_2_3	Enterococcus_faecium	gyrA	87.0	35.0	E/S	0.0	0.0	Y	35.0	1.0	1.0	True	E/S87Y(100%)	Y:35	N29	N29	UCMC	Groin	Week 3	True	0.0	0.0	0.0	0.0	0.0	0.0	Enterococcus_faecium_gyrA_87.0_E/S->Y	True	True
N29_2_3	Staphylococcus_aureus	parE	432.0	80.0	D/S	71.0	0.8875	V	9.0	0.1125	0.1125	True	D/S432V(11%)	D:71;V:9	N29	N29	UCMC	Groin	Week 3	True	0.0	0.0	0.0	0.0	0.0	0.0	Staphylococcus_aureus_parE_432.0_D/S->V	False	True
N29_2_3	Pseudomonas_aeruginosa	gyrA	87.0	14.0	D/S	12.0	0.8571	G	1.0	0.0714	0.0714	True	D/S87G(7%)	A:1;D:12;G:1	N29	N29	UCMC	Groin	Week 3	True	0.0	0.0	0.0	0.0	0.0	0.0	Pseudomonas_aeruginosa_gyrA_87.0_D/S->G	False	False
N29_2_4	Enterococcus_faecium	gyrA	87.0	59.0	E/S	0.0	0.0	Y	59.0	1.0	1.0	True	E/S87Y(100%)	Y:59	N29	N29	UCMC	Stool	Week 3	True	0.0	0.0	0.0	0.0	0.0	0.0	Enterococcus_faecium_gyrA_87.0_E/S->Y	True	True
N29_2_4	Enterococcus_faecalis	gyrA	87.0	88.0	E/S	0.0	0.0	K	86.0	0.9773	0.9773	True	E/S87K(97%)	K:86;N:2	N29	N29	UCMC	Stool	Week 3	True	0.0	0.0	0.0	0.0	0.0	0.0	Enterococcus_faecalis_gyrA_87.0_E/S->K	True	True
N29_2_4	Klebsiella_oxytoca	parC	80.0	9.0	S	7.0	0.7778	I	2.0	0.2222	0.2222	True	S80I(22%)	I:2;S:7	N29	N29	UCMC	Stool	Week 3	True	0.0	0.0	0.0	0.0	0.0	0.0	Klebsiella_oxytoca_parC_80.0_S->I	False	True
N30_1_2	Staphylococcus_aureus	parE	470.0	9.0	Y	0.0	0.0	N	9.0	1.0	1.0	True	Y470N(100%)	N:9	N30	N30	UCMC	Axilla	Week 1	False	4.0	4.0	0.0	1.0	1.0	0.0	Staphylococcus_aureus_parE_470.0_Y->N	True	True
N30_1_3	Staphylococcus_aureus	parE	470.0	86.0	Y	0.0	0.0	N	86.0	1.0	1.0	True	Y470N(100%)	N:86	N30	N30	UCMC	Groin	Week 1	False	4.0	4.0	0.0	1.0	1.0	0.0	Staphylococcus_aureus_parE_470.0_Y->N	True	True
N30_1_3	Staphylococcus_aureus	parE	470.0	86.0	Y	0.0	0.0	N	86.0	1.0	1.0	True	Y470N(100%)	N:86	N30	ZJH_N30	ZCH	Groin	Week 1	False	6.0	6.0	0.0	1.0	1.0	0.0	Staphylococcus_aureus_parE_470.0_Y->N	True	True
N30_1_3	Staphylococcus_aureus	parC	80.0	30.0	E/R	0.0	0.0	S	28.0	0.9333	0.9333	True	E/R80S(93%)	S:28;Y:2	N30	N30	UCMC	Groin	Week 1	False	4.0	4.0	0.0	1.0	1.0	0.0	Staphylococcus_aureus_parC_80.0_E/R->S	True	True
N30_1_3	Staphylococcus_aureus	parC	80.0	30.0	E/R	0.0	0.0	S	28.0	0.9333	0.9333	True	E/R80S(93%)	S:28;Y:2	N30	ZJH_N30	ZCH	Groin	Week 1	False	6.0	6.0	0.0	1.0	1.0	0.0	Staphylococcus_aureus_parC_80.0_E/R->S	True	True
N30_1_3	Staphylococcus_aureus	parC	84.0	15.0	D/E/S	14.0	0.9333	N	1.0	0.0667	0.0667	True	D/E/S84N(6%)	D:14;N:1	N30	N30	UCMC	Groin	Week 1	False	4.0	4.0	0.0	1.0	1.0	0.0	Staphylococcus_aureus_parC_84.0_D/E/S->N	False	False
N30_1_3	Staphylococcus_aureus	parC	84.0	15.0	D/E/S	14.0	0.9333	N	1.0	0.0667	0.0667	True	D/E/S84N(6%)	D:14;N:1	N30	ZJH_N30	ZCH	Groin	Week 1	False	6.0	6.0	0.0	1.0	1.0	0.0	Staphylococcus_aureus_parC_84.0_D/E/S->N	False	False
N30_1_4	Enterococcus_faecium	gyrA	87.0	29.0	E/S	0.0	0.0	Y	29.0	1.0	1.0	True	E/S87Y(100%)	Y:29	N30	N30	UCMC	Stool	Week 1	False	4.0	4.0	0.0	1.0	1.0	0.0	Enterococcus_faecium_gyrA_87.0_E/S->Y	True	True
N30_1_4	Enterococcus_faecium	gyrA	87.0	29.0	E/S	0.0	0.0	Y	29.0	1.0	1.0	True	E/S87Y(100%)	Y:29	N30	ZJH_N30	ZCH	Stool	Week 1	False	6.0	6.0	0.0	1.0	1.0	0.0	Enterococcus_faecium_gyrA_87.0_E/S->Y	True	True
N30_1_4	Enterococcus_faecalis	gyrA	87.0	41.0	E/S	0.0	0.0	K	38.0	0.9268	0.9268	True	E/S87K(92%)	K:38;T:3	N30	N30	UCMC	Stool	Week 1	False	4.0	4.0	0.0	1.0	1.0	0.0	Enterococcus_faecalis_gyrA_87.0_E/S->K	True	True
N30_1_4	Enterococcus_faecalis	gyrA	87.0	41.0	E/S	0.0	0.0	K	38.0	0.9268	0.9268	True	E/S87K(92%)	K:38;T:3	N30	ZJH_N30	ZCH	Stool	Week 1	False	6.0	6.0	0.0	1.0	1.0	0.0	Enterococcus_faecalis_gyrA_87.0_E/S->K	True	True
N30_2_2	Enterococcus_faecium	gyrA	87.0	27.0	E/S	0.0	0.0	Y	27.0	1.0	1.0	True	E/S87Y(100%)	Y:27	N30	N30	UCMC	Axilla	Week 3	False	0.0	4.0	0.0	0.0	1.0	0.0	Enterococcus_faecium_gyrA_87.0_E/S->Y	True	True
N30_2_2	Staphylococcus_aureus	parE	470.0	35.0	Y	0.0	0.0	N	33.0	0.9429	0.9429	True	Y470N(94%)	N:33;S:2	N30	N30	UCMC	Axilla	Week 3	False	0.0	4.0	0.0	0.0	1.0	0.0	Staphylococcus_aureus_parE_470.0_Y->N	True	True
N30_2_4	Staphylococcus_aureus	parE	470.0	47.0	Y	0.0	0.0	N	47.0	1.0	1.0	True	Y470N(100%)	N:47	N30	N30	UCMC	Stool	Week 3	False	0.0	4.0	0.0	0.0	1.0	0.0	Staphylococcus_aureus_parE_470.0_Y->N	True	True
N30_2_4	Staphylococcus_aureus	parE	470.0	47.0	Y	0.0	0.0	N	47.0	1.0	1.0	True	Y470N(100%)	N:47	N30	ZJH_N30	ZCH	Stool	Week 3	False	0.0	6.0	0.0	0.0	1.0	0.0	Staphylococcus_aureus_parE_470.0_Y->N	True	True
N30_2_4	Staphylococcus_aureus	parC	80.0	97.0	E/R	0.0	0.0	S	97.0	1.0	1.0	True	E/R80S(100%)	S:97	N30	N30	UCMC	Stool	Week 3	False	0.0	4.0	0.0	0.0	1.0	0.0	Staphylococcus_aureus_parC_80.0_E/R->S	True	True
N30_2_4	Staphylococcus_aureus	parC	80.0	97.0	E/R	0.0	0.0	S	97.0	1.0	1.0	True	E/R80S(100%)	S:97	N30	ZJH_N30	ZCH	Stool	Week 3	False	0.0	6.0	0.0	0.0	1.0	0.0	Staphylococcus_aureus_parC_80.0_E/R->S	True	True
N30_2_4	Enterococcus_faecalis	gyrA	87.0	107.0	E/S	0.0	0.0	K	104.0	0.972	0.972	True	E/S87K(97%)	K:104;N:2;Q:1	N30	N30	UCMC	Stool	Week 3	False	0.0	4.0	0.0	0.0	1.0	0.0	Enterococcus_faecalis_gyrA_87.0_E/S->K	True	True
N30_2_4	Enterococcus_faecalis	gyrA	87.0	107.0	E/S	0.0	0.0	K	104.0	0.972	0.972	True	E/S87K(97%)	K:104;N:2;Q:1	N30	ZJH_N30	ZCH	Stool	Week 3	False	0.0	6.0	0.0	0.0	1.0	0.0	Enterococcus_faecalis_gyrA_87.0_E/S->K	True	True
N30_2_4	Staphylococcus_aureus	parE	432.0	51.0	D/S	48.0	0.9412	F	2.0	0.0392	0.0196	True	D/S432V(1%)	D:48;F:2;V:1	N30	N30	UCMC	Stool	Week 3	False	0.0	4.0	0.0	0.0	1.0	0.0	Staphylococcus_aureus_parE_432.0_D/S->F	False	False
N30_2_4	Staphylococcus_aureus	parE	432.0	51.0	D/S	48.0	0.9412	F	2.0	0.0392	0.0196	True	D/S432V(1%)	D:48;F:2;V:1	N30	ZJH_N30	ZCH	Stool	Week 3	False	0.0	6.0	0.0	0.0	1.0	0.0	Staphylococcus_aureus_parE_432.0_D/S->F	False	False
N30_2_4	Staphylococcus_aureus	gyrA	84.0	310.0	G/S	0.0	0.9935	Y	1.0	0.0032	0.0032	True	G/S84Y(0%)	S:308;T:1;Y:1	N30	N30	UCMC	Stool	Week 3	False	0.0	4.0	0.0	0.0	1.0	0.0	Staphylococcus_aureus_gyrA_84.0_G/S->Y	False	False
N30_2_4	Staphylococcus_aureus	gyrA	84.0	310.0	G/S	0.0	0.9935	Y	1.0	0.0032	0.0032	True	G/S84Y(0%)	S:308;T:1;Y:1	N30	ZJH_N30	ZCH	Stool	Week 3	False	0.0	6.0	0.0	0.0	1.0	0.0	Staphylococcus_aureus_gyrA_84.0_G/S->Y	False	False
N31_1_2	Staphylococcus_aureus	parE	470.0	145.0	Y	0.0	0.0	N	145.0	1.0	1.0	True	Y470N(100%)	N:145	N31	N31	UCMC	Axilla	Week 1	False	0.0	0.0	0.0	0.0	0.0	0.0	Staphylococcus_aureus_parE_470.0_Y->N	True	True
N31_1_2	Staphylococcus_aureus	parE	470.0	145.0	Y	0.0	0.0	N	145.0	1.0	1.0	True	Y470N(100%)	N:145	N31	ZJH_N31	ZCH	Axilla	Week 1	False	2.0	2.0	11.0	1.0	1.0	1.0	Staphylococcus_aureus_parE_470.0_Y->N	True	True
N31_1_2	Enterococcus_faecium	gyrA	87.0	7.0	E/S	0.0	0.0	Y	7.0	1.0	1.0	True	E/S87Y(100%)	Y:7	N31	N31	UCMC	Axilla	Week 1	False	0.0	0.0	0.0	0.0	0.0	0.0	Enterococcus_faecium_gyrA_87.0_E/S->Y	True	True
N31_1_2	Enterococcus_faecium	gyrA	87.0	7.0	E/S	0.0	0.0	Y	7.0	1.0	1.0	True	E/S87Y(100%)	Y:7	N31	ZJH_N31	ZCH	Axilla	Week 1	False	2.0	2.0	11.0	1.0	1.0	1.0	Enterococcus_faecium_gyrA_87.0_E/S->Y	True	True
N31_1_2	Staphylococcus_aureus	parE	432.0	242.0	D/S	33.0	0.1364	V	209.0	0.8636	0.8636	True	D/S432V(86%)	D:33;V:209	N31	N31	UCMC	Axilla	Week 1	False	0.0	0.0	0.0	0.0	0.0	0.0	Staphylococcus_aureus_parE_432.0_D/S->V	True	True
N31_1_2	Staphylococcus_aureus	parE	432.0	242.0	D/S	33.0	0.1364	V	209.0	0.8636	0.8636	True	D/S432V(86%)	D:33;V:209	N31	ZJH_N31	ZCH	Axilla	Week 1	False	2.0	2.0	11.0	1.0	1.0	1.0	Staphylococcus_aureus_parE_432.0_D/S->V	True	True
N31_1_2	Staphylococcus_aureus	parC	84.0	46.0	D/E/S	42.0	0.9565	N	2.0	0.0435	0.0435	True	D/E/S84N(4%)	D:42;E:2;N:2	N31	N31	UCMC	Axilla	Week 1	False	0.0	0.0	0.0	0.0	0.0	0.0	Staphylococcus_aureus_parC_84.0_D/E/S->N	False	False
N31_1_2	Staphylococcus_aureus	parC	84.0	46.0	D/E/S	42.0	0.9565	N	2.0	0.0435	0.0435	True	D/E/S84N(4%)	D:42;E:2;N:2	N31	ZJH_N31	ZCH	Axilla	Week 1	False	2.0	2.0	11.0	1.0	1.0	1.0	Staphylococcus_aureus_parC_84.0_D/E/S->N	False	False
N31_1_3	Staphylococcus_aureus	parE	470.0	59.0	Y	0.0	0.0	N	59.0	1.0	1.0	True	Y470N(100%)	N:59	N31	N31	UCMC	Groin	Week 1	False	0.0	0.0	0.0	0.0	0.0	0.0	Staphylococcus_aureus_parE_470.0_Y->N	True	True
N31_1_4	Enterococcus_faecium	gyrA	87.0	28.0	E/S	0.0	0.0357	Y	27.0	0.9643	0.9643	True	E/S87Y(96%)	S:1;Y:27	N31	N31	UCMC	Stool	Week 1	False	0.0	0.0	0.0	0.0	0.0	0.0	Enterococcus_faecium_gyrA_87.0_E/S->Y	True	True
N31_1_4	Enterococcus_faecium	gyrA	87.0	28.0	E/S	0.0	0.0357	Y	27.0	0.9643	0.9643	True	E/S87Y(96%)	S:1;Y:27	N31	ZJH_N31	ZCH	Stool	Week 1	False	2.0	2.0	11.0	1.0	1.0	1.0	Enterococcus_faecium_gyrA_87.0_E/S->Y	True	True
N31_1_4	Enterococcus_faecalis	gyrA	87.0	55.0	E/S	0.0	0.0	K	53.0	0.9636	0.9636	True	E/S87K(96%)	K:53;N:2	N31	N31	UCMC	Stool	Week 1	False	0.0	0.0	0.0	0.0	0.0	0.0	Enterococcus_faecalis_gyrA_87.0_E/S->K	True	True
N31_1_4	Enterococcus_faecalis	gyrA	87.0	55.0	E/S	0.0	0.0	K	53.0	0.9636	0.9636	True	E/S87K(96%)	K:53;N:2	N31	ZJH_N31	ZCH	Stool	Week 1	False	2.0	2.0	11.0	1.0	1.0	1.0	Enterococcus_faecalis_gyrA_87.0_E/S->K	True	True
N31_1_4	Escherichia_coli	parE	458.0	20.0	D/S	0.0	0.95	A	1.0	0.05	0.05	True	D/S458A(5%)	A:1;S:19	N31	N31	UCMC	Stool	Week 1	False	0.0	0.0	0.0	0.0	0.0	0.0	Escherichia_coli_parE_458.0_D/S->A	False	False
N31_1_4	Escherichia_coli	parE	458.0	20.0	D/S	0.0	0.95	A	1.0	0.05	0.05	True	D/S458A(5%)	A:1;S:19	N31	ZJH_N31	ZCH	Stool	Week 1	False	2.0	2.0	11.0	1.0	1.0	1.0	Escherichia_coli_parE_458.0_D/S->A	False	False
N31_2_2	Staphylococcus_aureus	parE	470.0	32.0	Y	0.0	0.0	N	32.0	1.0	1.0	True	Y470N(100%)	N:32	N31	N31	UCMC	Axilla	Week 3	False	0.0	0.0	0.0	0.0	0.0	0.0	Staphylococcus_aureus_parE_470.0_Y->N	True	True
N31_2_2	Staphylococcus_aureus	parE	470.0	32.0	Y	0.0	0.0	N	32.0	1.0	1.0	True	Y470N(100%)	N:32	N31	ZJH_N31	ZCH	Axilla	Week 3	False	11.0	2.0	11.0	1.0	1.0	1.0	Staphylococcus_aureus_parE_470.0_Y->N	True	True
N31_2_2	Enterococcus_faecium	gyrA	87.0	24.0	E/S	0.0	0.0	Y	24.0	1.0	1.0	True	E/S87Y(100%)	Y:24	N31	N31	UCMC	Axilla	Week 3	False	0.0	0.0	0.0	0.0	0.0	0.0	Enterococcus_faecium_gyrA_87.0_E/S->Y	True	True
N31_2_2	Enterococcus_faecium	gyrA	87.0	24.0	E/S	0.0	0.0	Y	24.0	1.0	1.0	True	E/S87Y(100%)	Y:24	N31	ZJH_N31	ZCH	Axilla	Week 3	False	11.0	2.0	11.0	1.0	1.0	1.0	Enterococcus_faecium_gyrA_87.0_E/S->Y	True	True
N31_2_2	Klebsiella_pneumoniae	gyrA	154.0	7.0	K	0.0	0.0	R	7.0	1.0	1.0	True	K154R(100%)	R:7	N31	N31	UCMC	Axilla	Week 3	False	0.0	0.0	0.0	0.0	0.0	0.0	Klebsiella_pneumoniae_gyrA_154.0_K->R	True	True
N31_2_2	Klebsiella_pneumoniae	gyrA	154.0	7.0	K	0.0	0.0	R	7.0	1.0	1.0	True	K154R(100%)	R:7	N31	ZJH_N31	ZCH	Axilla	Week 3	False	11.0	2.0	11.0	1.0	1.0	1.0	Klebsiella_pneumoniae_gyrA_154.0_K->R	True	True
N31_2_2	Enterococcus_faecalis	gyrA	87.0	36.0	E/S	0.0	0.0	K	36.0	1.0	1.0	True	E/S87K(100%)	K:36	N31	N31	UCMC	Axilla	Week 3	False	0.0	0.0	0.0	0.0	0.0	0.0	Enterococcus_faecalis_gyrA_87.0_E/S->K	True	True
N31_2_2	Enterococcus_faecalis	gyrA	87.0	36.0	E/S	0.0	0.0	K	36.0	1.0	1.0	True	E/S87K(100%)	K:36	N31	ZJH_N31	ZCH	Axilla	Week 3	False	11.0	2.0	11.0	1.0	1.0	1.0	Enterococcus_faecalis_gyrA_87.0_E/S->K	True	True
N31_2_2	Staphylococcus_aureus	parE	432.0	42.0	D/S	10.0	0.2381	V	32.0	0.7619	0.7619	True	D/S432V(76%)	D:10;V:32	N31	N31	UCMC	Axilla	Week 3	False	0.0	0.0	0.0	0.0	0.0	0.0	Staphylococcus_aureus_parE_432.0_D/S->V	True	True
N31_2_2	Staphylococcus_aureus	parE	432.0	42.0	D/S	10.0	0.2381	V	32.0	0.7619	0.7619	True	D/S432V(76%)	D:10;V:32	N31	ZJH_N31	ZCH	Axilla	Week 3	False	11.0	2.0	11.0	1.0	1.0	1.0	Staphylococcus_aureus_parE_432.0_D/S->V	True	True
N31_2_4	Enterococcus_faecium	gyrA	87.0	11.0	E/S	0.0	0.0	Y	11.0	1.0	1.0	True	E/S87Y(100%)	Y:11	N31	N31	UCMC	Stool	Week 3	False	0.0	0.0	0.0	0.0	0.0	0.0	Enterococcus_faecium_gyrA_87.0_E/S->Y	True	True
N31_2_4	Enterococcus_faecium	gyrA	87.0	11.0	E/S	0.0	0.0	Y	11.0	1.0	1.0	True	E/S87Y(100%)	Y:11	N31	ZJH_N31	ZCH	Stool	Week 3	False	11.0	2.0	11.0	1.0	1.0	1.0	Enterococcus_faecium_gyrA_87.0_E/S->Y	True	True
N31_2_4	Enterococcus_faecalis	gyrA	87.0	18.0	E/S	0.0	0.0	K	18.0	1.0	1.0	True	E/S87K(100%)	K:18	N31	N31	UCMC	Stool	Week 3	False	0.0	0.0	0.0	0.0	0.0	0.0	Enterococcus_faecalis_gyrA_87.0_E/S->K	True	True
N31_2_4	Enterococcus_faecalis	gyrA	87.0	18.0	E/S	0.0	0.0	K	18.0	1.0	1.0	True	E/S87K(100%)	K:18	N31	ZJH_N31	ZCH	Stool	Week 3	False	11.0	2.0	11.0	1.0	1.0	1.0	Enterococcus_faecalis_gyrA_87.0_E/S->K	True	True
N31_2_4	Klebsiella_pneumoniae	gyrA	154.0	599.0	K	0.0	0.0	R	597.0	0.9967	0.9967	True	K154R(99%)	L:2;R:597	N31	N31	UCMC	Stool	Week 3	False	0.0	0.0	0.0	0.0	0.0	0.0	Klebsiella_pneumoniae_gyrA_154.0_K->R	True	True
N31_2_4	Klebsiella_pneumoniae	gyrA	154.0	599.0	K	0.0	0.0	R	597.0	0.9967	0.9967	True	K154R(99%)	L:2;R:597	N31	ZJH_N31	ZCH	Stool	Week 3	False	11.0	2.0	11.0	1.0	1.0	1.0	Klebsiella_pneumoniae_gyrA_154.0_K->R	True	True
N32_1_2	Staphylococcus_aureus	parE	432.0	11.0	D/S	0.0	0.0	V	11.0	1.0	1.0	True	D/S432V(100%)	V:11	N32	N32	UCMC	Axilla	Week 1	False	0.0	0.0	0.0	0.0	0.0	0.0	Staphylococcus_aureus_parE_432.0_D/S->V	True	True
N32_1_2	Staphylococcus_aureus	parE	432.0	11.0	D/S	0.0	0.0	V	11.0	1.0	1.0	True	D/S432V(100%)	V:11	N32	ZJH_N32	ZCH	Axilla	Week 1	False	20.0	20.0	17.0	1.0	1.0	1.0	Staphylococcus_aureus_parE_432.0_D/S->V	True	True
N32_1_3	Staphylococcus_aureus	parE	470.0	147.0	Y	0.0	0.0	N	147.0	1.0	1.0	True	Y470N(100%)	N:147	N32	N32	UCMC	Groin	Week 1	False	0.0	0.0	0.0	0.0	0.0	0.0	Staphylococcus_aureus_parE_470.0_Y->N	True	True
N32_1_3	Staphylococcus_aureus	parE	432.0	218.0	D/S	65.0	0.2982	V	153.0	0.7018	0.7018	True	D/S432V(70%)	D:65;V:153	N32	N32	UCMC	Groin	Week 1	False	0.0	0.0	0.0	0.0	0.0	0.0	Staphylococcus_aureus_parE_432.0_D/S->V	False	True
N32_1_4	Enterococcus_faecium	gyrA	87.0	55.0	E/S	0.0	0.0364	Y	53.0	0.9636	0.9636	True	E/S87Y(96%)	S:2;Y:53	N32	N32	UCMC	Stool	Week 1	False	0.0	0.0	0.0	0.0	0.0	0.0	Enterococcus_faecium_gyrA_87.0_E/S->Y	True	True
N32_1_4	Enterococcus_faecium	gyrA	87.0	55.0	E/S	0.0	0.0364	Y	53.0	0.9636	0.9636	True	E/S87Y(96%)	S:2;Y:53	N32	ZJH_N32	ZCH	Stool	Week 1	False	20.0	20.0	17.0	1.0	1.0	1.0	Enterococcus_faecium_gyrA_87.0_E/S->Y	True	True
N32_1_4	Enterococcus_faecalis	gyrA	87.0	85.0	E/S	0.0	0.0	K	81.0	0.9529	0.9529	True	E/S87K(95%)	K:81;N:4	N32	N32	UCMC	Stool	Week 1	False	0.0	0.0	0.0	0.0	0.0	0.0	Enterococcus_faecalis_gyrA_87.0_E/S->K	True	True
N32_1_4	Enterococcus_faecalis	gyrA	87.0	85.0	E/S	0.0	0.0	K	81.0	0.9529	0.9529	True	E/S87K(95%)	K:81;N:4	N32	ZJH_N32	ZCH	Stool	Week 1	False	20.0	20.0	17.0	1.0	1.0	1.0	Enterococcus_faecalis_gyrA_87.0_E/S->K	True	True
N32_2_3	Enterococcus_faecium	gyrA	87.0	36.0	E/S	0.0	0.0	Y	36.0	1.0	1.0	True	E/S87Y(100%)	Y:36	N32	N32	UCMC	Groin	Week 3	False	0.0	0.0	0.0	0.0	0.0	0.0	Enterococcus_faecium_gyrA_87.0_E/S->Y	True	True
N32_2_3	Enterococcus_faecium	gyrA	87.0	36.0	E/S	0.0	0.0	Y	36.0	1.0	1.0	True	E/S87Y(100%)	Y:36	N32	ZJH_N32	ZCH	Groin	Week 3	False	17.0	20.0	17.0	1.0	1.0	1.0	Enterococcus_faecium_gyrA_87.0_E/S->Y	True	True
N32_2_3	Klebsiella_pneumoniae	gyrA	154.0	118.0	K	0.0	0.0	R	118.0	1.0	1.0	True	K154R(100%)	R:118	N32	N32	UCMC	Groin	Week 3	False	0.0	0.0	0.0	0.0	0.0	0.0	Klebsiella_pneumoniae_gyrA_154.0_K->R	True	True
N32_2_3	Klebsiella_pneumoniae	gyrA	154.0	118.0	K	0.0	0.0	R	118.0	1.0	1.0	True	K154R(100%)	R:118	N32	ZJH_N32	ZCH	Groin	Week 3	False	17.0	20.0	17.0	1.0	1.0	1.0	Klebsiella_pneumoniae_gyrA_154.0_K->R	True	True
N32_2_3	Enterococcus_faecalis	gyrA	87.0	23.0	E/S	0.0	0.0	K	23.0	1.0	1.0	True	E/S87K(100%)	K:23	N32	N32	UCMC	Groin	Week 3	False	0.0	0.0	0.0	0.0	0.0	0.0	Enterococcus_faecalis_gyrA_87.0_E/S->K	True	True
N32_2_3	Enterococcus_faecalis	gyrA	87.0	23.0	E/S	0.0	0.0	K	23.0	1.0	1.0	True	E/S87K(100%)	K:23	N32	ZJH_N32	ZCH	Groin	Week 3	False	17.0	20.0	17.0	1.0	1.0	1.0	Enterococcus_faecalis_gyrA_87.0_E/S->K	True	True
N32_2_3	Staphylococcus_aureus	parE	470.0	37.0	Y	0.0	0.0	N	37.0	1.0	1.0	True	Y470N(100%)	N:37	N32	N32	UCMC	Groin	Week 3	False	0.0	0.0	0.0	0.0	0.0	0.0	Staphylococcus_aureus_parE_470.0_Y->N	True	True
N32_2_3	Staphylococcus_aureus	parE	470.0	37.0	Y	0.0	0.0	N	37.0	1.0	1.0	True	Y470N(100%)	N:37	N32	ZJH_N32	ZCH	Groin	Week 3	False	17.0	20.0	17.0	1.0	1.0	1.0	Staphylococcus_aureus_parE_470.0_Y->N	True	True
N32_2_3	Staphylococcus_aureus	parE	432.0	57.0	D/S	47.0	0.8246	V	10.0	0.1754	0.1754	True	D/S432V(17%)	D:47;V:10	N32	N32	UCMC	Groin	Week 3	False	0.0	0.0	0.0	0.0	0.0	0.0	Staphylococcus_aureus_parE_432.0_D/S->V	False	True
N32_2_3	Staphylococcus_aureus	parE	432.0	57.0	D/S	47.0	0.8246	V	10.0	0.1754	0.1754	True	D/S432V(17%)	D:47;V:10	N32	ZJH_N32	ZCH	Groin	Week 3	False	17.0	20.0	17.0	1.0	1.0	1.0	Staphylococcus_aureus_parE_432.0_D/S->V	False	True
N32_2_3	Klebsiella_pneumoniae	gyrA	83.0	125.0	D/S	0.0	0.992	A	1.0	0.008	0.008	True	D/S83A(0%)	A:1;S:124	N32	N32	UCMC	Groin	Week 3	False	0.0	0.0	0.0	0.0	0.0	0.0	Klebsiella_pneumoniae_gyrA_83.0_D/S->A	False	False
N32_2_3	Klebsiella_pneumoniae	gyrA	83.0	125.0	D/S	0.0	0.992	A	1.0	0.008	0.008	True	D/S83A(0%)	A:1;S:124	N32	ZJH_N32	ZCH	Groin	Week 3	False	17.0	20.0	17.0	1.0	1.0	1.0	Klebsiella_pneumoniae_gyrA_83.0_D/S->A	False	False
N32_2_3	Escherichia_coli	parC	78.0	125.0	A/G	0.0	0.992	V	1.0	0.008	0.008	True	A/G78V(0%)	G:124;V:1	N32	N32	UCMC	Groin	Week 3	False	0.0	0.0	0.0	0.0	0.0	0.0	Escherichia_coli_parC_78.0_A/G->V	False	False
N32_2_3	Escherichia_coli	parC	78.0	125.0	A/G	0.0	0.992	V	1.0	0.008	0.008	True	A/G78V(0%)	G:124;V:1	N32	ZJH_N32	ZCH	Groin	Week 3	False	17.0	20.0	17.0	1.0	1.0	1.0	Escherichia_coli_parC_78.0_A/G->V	False	False
N32_2_4	Enterococcus_faecalis	gyrA	87.0	90.0	E/S	0.0	0.0	K	90.0	1.0	1.0	True	E/S87K(100%)	K:90	N32	N32	UCMC	Stool	Week 3	False	0.0	0.0	0.0	0.0	0.0	0.0	Enterococcus_faecalis_gyrA_87.0_E/S->K	True	True
N32_2_4	Enterococcus_faecalis	gyrA	87.0	90.0	E/S	0.0	0.0	K	90.0	1.0	1.0	True	E/S87K(100%)	K:90	N32	ZJH_N32	ZCH	Stool	Week 3	False	17.0	20.0	17.0	1.0	1.0	1.0	Enterococcus_faecalis_gyrA_87.0_E/S->K	True	True
N32_2_4	Staphylococcus_aureus	parE	470.0	33.0	Y	0.0	0.0	N	33.0	1.0	1.0	True	Y470N(100%)	N:33	N32	N32	UCMC	Stool	Week 3	False	0.0	0.0	0.0	0.0	0.0	0.0	Staphylococcus_aureus_parE_470.0_Y->N	True	True
N32_2_4	Staphylococcus_aureus	parE	470.0	33.0	Y	0.0	0.0	N	33.0	1.0	1.0	True	Y470N(100%)	N:33	N32	ZJH_N32	ZCH	Stool	Week 3	False	17.0	20.0	17.0	1.0	1.0	1.0	Staphylococcus_aureus_parE_470.0_Y->N	True	True
N32_2_4	Enterococcus_faecium	gyrA	87.0	67.0	E/S	0.0	0.0	Y	67.0	1.0	1.0	True	E/S87Y(100%)	Y:67	N32	N32	UCMC	Stool	Week 3	False	0.0	0.0	0.0	0.0	0.0	0.0	Enterococcus_faecium_gyrA_87.0_E/S->Y	True	True
N32_2_4	Enterococcus_faecium	gyrA	87.0	67.0	E/S	0.0	0.0	Y	67.0	1.0	1.0	True	E/S87Y(100%)	Y:67	N32	ZJH_N32	ZCH	Stool	Week 3	False	17.0	20.0	17.0	1.0	1.0	1.0	Enterococcus_faecium_gyrA_87.0_E/S->Y	True	True
N32_2_4	Klebsiella_pneumoniae	gyrA	154.0	234.0	K	0.0	0.0	R	233.0	0.9957	0.9957	True	K154R(99%)	R:233;V:1	N32	N32	UCMC	Stool	Week 3	False	0.0	0.0	0.0	0.0	0.0	0.0	Klebsiella_pneumoniae_gyrA_154.0_K->R	True	True
N32_2_4	Klebsiella_pneumoniae	gyrA	154.0	234.0	K	0.0	0.0	R	233.0	0.9957	0.9957	True	K154R(99%)	R:233;V:1	N32	ZJH_N32	ZCH	Stool	Week 3	False	17.0	20.0	17.0	1.0	1.0	1.0	Klebsiella_pneumoniae_gyrA_154.0_K->R	True	True
N33_1_3	Klebsiella_pneumoniae	gyrA	154.0	30.0	K	0.0	0.0	R	30.0	1.0	1.0	True	K154R(100%)	R:30	N33	N33	UCMC	Groin	Week 1	False	6.0	6.0	0.0	1.0	1.0	0.0	Klebsiella_pneumoniae_gyrA_154.0_K->R	True	True
N33_1_3	Klebsiella_pneumoniae	gyrA	154.0	30.0	K	0.0	0.0	R	30.0	1.0	1.0	True	K154R(100%)	R:30	N33	ZJH_N33	ZCH	Groin	Week 1	False	4.0	4.0	0.0	1.0	1.0	0.0	Klebsiella_pneumoniae_gyrA_154.0_K->R	True	True
N33_1_3	Staphylococcus_aureus	parE	470.0	106.0	Y	0.0	0.0	N	106.0	1.0	1.0	True	Y470N(100%)	N:106	N33	N33	UCMC	Groin	Week 1	False	6.0	6.0	0.0	1.0	1.0	0.0	Staphylococcus_aureus_parE_470.0_Y->N	True	True
N33_1_3	Staphylococcus_aureus	parE	470.0	106.0	Y	0.0	0.0	N	106.0	1.0	1.0	True	Y470N(100%)	N:106	N33	ZJH_N33	ZCH	Groin	Week 1	False	4.0	4.0	0.0	1.0	1.0	0.0	Staphylococcus_aureus_parE_470.0_Y->N	True	True
N33_1_3	Staphylococcus_aureus	parE	432.0	158.0	D/S	87.0	0.5506	V	71.0	0.4494	0.4494	True	D/S432V(44%)	D:87;V:71	N33	N33	UCMC	Groin	Week 1	False	6.0	6.0	0.0	1.0	1.0	0.0	Staphylococcus_aureus_parE_432.0_D/S->V	False	True
N33_1_3	Staphylococcus_aureus	parE	432.0	158.0	D/S	87.0	0.5506	V	71.0	0.4494	0.4494	True	D/S432V(44%)	D:87;V:71	N33	ZJH_N33	ZCH	Groin	Week 1	False	4.0	4.0	0.0	1.0	1.0	0.0	Staphylococcus_aureus_parE_432.0_D/S->V	False	True
N33_1_3	Staphylococcus_aureus	parC	84.0	12.0	D/E/S	9.0	0.75	N	3.0	0.25	0.25	True	D/E/S84N(25%)	D:9;N:3	N33	N33	UCMC	Groin	Week 1	False	6.0	6.0	0.0	1.0	1.0	0.0	Staphylococcus_aureus_parC_84.0_D/E/S->N	False	True
N33_1_3	Staphylococcus_aureus	parC	84.0	12.0	D/E/S	9.0	0.75	N	3.0	0.25	0.25	True	D/E/S84N(25%)	D:9;N:3	N33	ZJH_N33	ZCH	Groin	Week 1	False	4.0	4.0	0.0	1.0	1.0	0.0	Staphylococcus_aureus_parC_84.0_D/E/S->N	False	True
N33_2_3	Klebsiella_pneumoniae	gyrA	154.0	64.0	K	0.0	0.0	R	64.0	1.0	1.0	True	K154R(100%)	R:64	N33	N33	UCMC	Groin	Week 3	False	0.0	6.0	0.0	0.0	1.0	0.0	Klebsiella_pneumoniae_gyrA_154.0_K->R	True	True
N33_2_3	Staphylococcus_aureus	parE	470.0	6.0	Y	0.0	0.0	N	6.0	1.0	1.0	True	Y470N(100%)	N:6	N33	N33	UCMC	Groin	Week 3	False	0.0	6.0	0.0	0.0	1.0	0.0	Staphylococcus_aureus_parE_470.0_Y->N	True	True
N33_2_3	Escherichia_coli	parC	78.0	57.0	A/G	0.0	0.9825	V	1.0	0.0175	0.0175	True	A/G78V(1%)	G:56;V:1	N33	N33	UCMC	Groin	Week 3	False	0.0	6.0	0.0	0.0	1.0	0.0	Escherichia_coli_parC_78.0_A/G->V	False	False
N33_2_4	Enterococcus_faecalis	gyrA	87.0	48.0	E/S	0.0	0.0	K	48.0	1.0	1.0	True	E/S87K(100%)	K:48	N33	N33	UCMC	Stool	Week 3	False	0.0	6.0	0.0	0.0	1.0	0.0	Enterococcus_faecalis_gyrA_87.0_E/S->K	True	True
N33_2_4	Enterococcus_faecalis	gyrA	87.0	48.0	E/S	0.0	0.0	K	48.0	1.0	1.0	True	E/S87K(100%)	K:48	N33	ZJH_N33	ZCH	Stool	Week 3	False	0.0	4.0	0.0	0.0	1.0	0.0	Enterococcus_faecalis_gyrA_87.0_E/S->K	True	True
N33_2_4	Klebsiella_pneumoniae	gyrA	154.0	200.0	K	0.0	0.0	R	200.0	1.0	1.0	True	K154R(100%)	R:200	N33	N33	UCMC	Stool	Week 3	False	0.0	6.0	0.0	0.0	1.0	0.0	Klebsiella_pneumoniae_gyrA_154.0_K->R	True	True
N33_2_4	Klebsiella_pneumoniae	gyrA	154.0	200.0	K	0.0	0.0	R	200.0	1.0	1.0	True	K154R(100%)	R:200	N33	ZJH_N33	ZCH	Stool	Week 3	False	0.0	4.0	0.0	0.0	1.0	0.0	Klebsiella_pneumoniae_gyrA_154.0_K->R	True	True
N33_2_4	Enterococcus_faecium	gyrA	87.0	26.0	E/S	0.0	0.0	Y	26.0	1.0	1.0	True	E/S87Y(100%)	Y:26	N33	N33	UCMC	Stool	Week 3	False	0.0	6.0	0.0	0.0	1.0	0.0	Enterococcus_faecium_gyrA_87.0_E/S->Y	True	True
N33_2_4	Enterococcus_faecium	gyrA	87.0	26.0	E/S	0.0	0.0	Y	26.0	1.0	1.0	True	E/S87Y(100%)	Y:26	N33	ZJH_N33	ZCH	Stool	Week 3	False	0.0	4.0	0.0	0.0	1.0	0.0	Enterococcus_faecium_gyrA_87.0_E/S->Y	True	True
N34_2_2	Staphylococcus_aureus	parE	470.0	58.0	Y	0.0	0.0	N	58.0	1.0	1.0	True	Y470N(100%)	N:58	N34	N34	UCMC	Axilla	Week 3	False	0.0	5.0	0.0	0.0	1.0	0.0	Staphylococcus_aureus_parE_470.0_Y->N	True	True
N34_2_2	Staphylococcus_aureus	parE	432.0	55.0	D/S	2.0	0.0364	V	53.0	0.9636	0.9636	True	D/S432V(96%)	D:2;V:53	N34	N34	UCMC	Axilla	Week 3	False	0.0	5.0	0.0	0.0	1.0	0.0	Staphylococcus_aureus_parE_432.0_D/S->V	True	True
N34_2_3	Enterococcus_faecium	gyrA	87.0	158.0	E/S	0.0	0.0	Y	158.0	1.0	1.0	True	E/S87Y(100%)	Y:158	N34	N34	UCMC	Groin	Week 3	False	0.0	5.0	0.0	0.0	1.0	0.0	Enterococcus_faecium_gyrA_87.0_E/S->Y	True	True
N34_2_3	Staphylococcus_aureus	parE	470.0	71.0	Y	0.0	0.0	N	71.0	1.0	1.0	True	Y470N(100%)	N:71	N34	N34	UCMC	Groin	Week 3	False	0.0	5.0	0.0	0.0	1.0	0.0	Staphylococcus_aureus_parE_470.0_Y->N	True	True
N34_2_3	Enterococcus_faecalis	gyrA	87.0	233.0	E/S	0.0	0.0	K	231.0	0.9914	0.9914	True	E/S87K(99%)	K:231;N:2	N34	N34	UCMC	Groin	Week 3	False	0.0	5.0	0.0	0.0	1.0	0.0	Enterococcus_faecalis_gyrA_87.0_E/S->K	True	True
N34_2_3	Staphylococcus_aureus	parE	432.0	102.0	D/S	87.0	0.8529	V	15.0	0.1471	0.1471	True	D/S432V(14%)	D:87;V:15	N34	N34	UCMC	Groin	Week 3	False	0.0	5.0	0.0	0.0	1.0	0.0	Staphylococcus_aureus_parE_432.0_D/S->V	False	True
N34_2_3	Streptococcus_mitis	gyrA	81.0	37.0	S	36.0	0.973	F	1.0	0.027	0.027	True	S81F(2%)	F:1;S:36	N34	N34	UCMC	Groin	Week 3	False	0.0	5.0	0.0	0.0	1.0	0.0	Streptococcus_mitis_gyrA_81.0_S->F	False	False
N34_2_3	Streptococcus_oralis	gyrA	81.0	49.0	S	48.0	0.9796	F	1.0	0.0204	0.0204	True	S81F(2%)	F:1;S:48	N34	N34	UCMC	Groin	Week 3	False	0.0	5.0	0.0	0.0	1.0	0.0	Streptococcus_oralis_gyrA_81.0_S->F	False	False
N34_2_3	Staphylococcus_aureus	gyrA	84.0	324.0	G/S	0.0	0.7932	K	31.0	0.0957	0.0123	True	G/S84L(1%)	F:25;I:7;K:31;L:4;S:257	N34	N34	UCMC	Groin	Week 3	False	0.0	5.0	0.0	0.0	1.0	0.0	Staphylococcus_aureus_gyrA_84.0_G/S->K	False	False
N35_1_2	Staphylococcus_aureus	parE	470.0	76.0	Y	0.0	0.0	N	76.0	1.0	1.0	True	Y470N(100%)	N:76	N35	N35	UCMC	Axilla	Week 1	False	0.0	0.0	0.0	0.0	0.0	0.0	Staphylococcus_aureus_parE_470.0_Y->N	True	True
N35_1_2	Staphylococcus_aureus	parE	470.0	76.0	Y	0.0	0.0	N	76.0	1.0	1.0	True	Y470N(100%)	N:76	N35	ZJH_N35	ZCH	Axilla	Week 1	False	4.0	4.0	0.0	1.0	1.0	0.0	Staphylococcus_aureus_parE_470.0_Y->N	True	True
N35_1_2	Staphylococcus_aureus	parC	80.0	40.0	E/R	0.0	0.0	S	40.0	1.0	1.0	True	E/R80S(100%)	S:40	N35	N35	UCMC	Axilla	Week 1	False	0.0	0.0	0.0	0.0	0.0	0.0	Staphylococcus_aureus_parC_80.0_E/R->S	True	True
N35_1_2	Staphylococcus_aureus	parC	80.0	40.0	E/R	0.0	0.0	S	40.0	1.0	1.0	True	E/R80S(100%)	S:40	N35	ZJH_N35	ZCH	Axilla	Week 1	False	4.0	4.0	0.0	1.0	1.0	0.0	Staphylococcus_aureus_parC_80.0_E/R->S	True	True
N35_1_2	Staphylococcus_aureus	parE	432.0	47.0	D/S	45.0	0.9574	E	2.0	0.0426	0.0426	True	D/S432E(4%)	D:45;E:2	N35	N35	UCMC	Axilla	Week 1	False	0.0	0.0	0.0	0.0	0.0	0.0	Staphylococcus_aureus_parE_432.0_D/S->E	False	False
N35_1_2	Staphylococcus_aureus	parE	432.0	47.0	D/S	45.0	0.9574	E	2.0	0.0426	0.0426	True	D/S432E(4%)	D:45;E:2	N35	ZJH_N35	ZCH	Axilla	Week 1	False	4.0	4.0	0.0	1.0	1.0	0.0	Staphylococcus_aureus_parE_432.0_D/S->E	False	False
N35_1_4	Staphylococcus_aureus	parE	470.0	325.0	Y	0.0	0.0	N	325.0	1.0	1.0	True	Y470N(100%)	N:325	N35	N35	UCMC	Stool	Week 1	False	0.0	0.0	0.0	0.0	0.0	0.0	Staphylococcus_aureus_parE_470.0_Y->N	True	True
N35_1_4	Staphylococcus_aureus	parE	470.0	325.0	Y	0.0	0.0	N	325.0	1.0	1.0	True	Y470N(100%)	N:325	N35	ZJH_N35	ZCH	Stool	Week 1	False	4.0	4.0	0.0	1.0	1.0	0.0	Staphylococcus_aureus_parE_470.0_Y->N	True	True
N35_2_2	Staphylococcus_aureus	parC	80.0	5.0	E/R	0.0	0.0	S	5.0	1.0	1.0	True	E/R80S(100%)	S:5	N35	N35	UCMC	Axilla	Week 3	False	0.0	0.0	0.0	0.0	0.0	0.0	Staphylococcus_aureus_parC_80.0_E/R->S	True	True
N35_2_2	Staphylococcus_aureus	parE	470.0	7.0	Y	0.0	0.0	N	7.0	1.0	1.0	True	Y470N(100%)	N:7	N35	N35	UCMC	Axilla	Week 3	False	0.0	0.0	0.0	0.0	0.0	0.0	Staphylococcus_aureus_parE_470.0_Y->N	True	True
N35_2_3	Enterococcus_faecium	gyrA	87.0	53.0	E/S	0.0	0.0	Y	53.0	1.0	1.0	True	E/S87Y(100%)	Y:53	N35	N35	UCMC	Groin	Week 3	False	0.0	0.0	0.0	0.0	0.0	0.0	Enterococcus_faecium_gyrA_87.0_E/S->Y	True	True
N35_2_3	Enterococcus_faecalis	gyrA	87.0	29.0	E/S	0.0	0.0	K	29.0	1.0	1.0	True	E/S87K(100%)	K:29	N35	N35	UCMC	Groin	Week 3	False	0.0	0.0	0.0	0.0	0.0	0.0	Enterococcus_faecalis_gyrA_87.0_E/S->K	True	True
N35_2_3	Staphylococcus_aureus	parE	470.0	7.0	Y	0.0	0.0	N	7.0	1.0	1.0	True	Y470N(100%)	N:7	N35	N35	UCMC	Groin	Week 3	False	0.0	0.0	0.0	0.0	0.0	0.0	Staphylococcus_aureus_parE_470.0_Y->N	True	True
N35_2_3	Staphylococcus_aureus	parE	432.0	65.0	D/S	63.0	0.9692	V	2.0	0.0308	0.0308	True	D/S432V(3%)	D:63;V:2	N35	N35	UCMC	Groin	Week 3	False	0.0	0.0	0.0	0.0	0.0	0.0	Staphylococcus_aureus_parE_432.0_D/S->V	False	False
N36_1_2	Staphylococcus_aureus	parE	470.0	26.0	Y	0.0	0.0	N	26.0	1.0	1.0	True	Y470N(100%)	N:26	N36	N36	UCMC	Axilla	Week 1	False	0.0	0.0	0.0	0.0	0.0	0.0	Staphylococcus_aureus_parE_470.0_Y->N	True	True
N36_1_2	Staphylococcus_aureus	parE	470.0	26.0	Y	0.0	0.0	N	26.0	1.0	1.0	True	Y470N(100%)	N:26	N36	ZJH_N36	ZCH	Axilla	Week 1	False	12.0	12.0	11.0	1.0	1.0	1.0	Staphylococcus_aureus_parE_470.0_Y->N	True	True
N36_1_4	Staphylococcus_aureus	parC	80.0	116.0	E/R	0.0	0.0	S	114.0	0.9828	0.9828	True	E/R80S(98%)	S:114;Y:2	N36	N36	UCMC	Stool	Week 1	False	0.0	0.0	0.0	0.0	0.0	0.0	Staphylococcus_aureus_parC_80.0_E/R->S	True	True
N36_1_4	Staphylococcus_aureus	parC	80.0	116.0	E/R	0.0	0.0	S	114.0	0.9828	0.9828	True	E/R80S(98%)	S:114;Y:2	N36	ZJH_N36	ZCH	Stool	Week 1	False	12.0	12.0	11.0	1.0	1.0	1.0	Staphylococcus_aureus_parC_80.0_E/R->S	True	True
N36_1_4	Staphylococcus_aureus	parE	470.0	100.0	Y	0.0	0.0	N	98.0	0.98	0.98	True	Y470N(98%)	N:98;S:2	N36	N36	UCMC	Stool	Week 1	False	0.0	0.0	0.0	0.0	0.0	0.0	Staphylococcus_aureus_parE_470.0_Y->N	True	True
N36_1_4	Staphylococcus_aureus	parE	470.0	100.0	Y	0.0	0.0	N	98.0	0.98	0.98	True	Y470N(98%)	N:98;S:2	N36	ZJH_N36	ZCH	Stool	Week 1	False	12.0	12.0	11.0	1.0	1.0	1.0	Staphylococcus_aureus_parE_470.0_Y->N	True	True
N36_1_4	Staphylococcus_aureus	parE	432.0	181.0	D/S	176.0	0.9724	Y	3.0	0.0166	0.011	True	D/S432E(1%)	D:176;E:2;Y:3	N36	N36	UCMC	Stool	Week 1	False	0.0	0.0	0.0	0.0	0.0	0.0	Staphylococcus_aureus_parE_432.0_D/S->Y	False	False
N36_1_4	Staphylococcus_aureus	parE	432.0	181.0	D/S	176.0	0.9724	Y	3.0	0.0166	0.011	True	D/S432E(1%)	D:176;E:2;Y:3	N36	ZJH_N36	ZCH	Stool	Week 1	False	12.0	12.0	11.0	1.0	1.0	1.0	Staphylococcus_aureus_parE_432.0_D/S->Y	False	False
N36_2_2	Staphylococcus_aureus	parE	470.0	75.0	Y	0.0	0.0	N	75.0	1.0	1.0	True	Y470N(100%)	N:75	N36	N36	UCMC	Axilla	Week 3	False	0.0	0.0	0.0	0.0	0.0	0.0	Staphylococcus_aureus_parE_470.0_Y->N	True	True
N36_2_2	Staphylococcus_aureus	parE	470.0	75.0	Y	0.0	0.0	N	75.0	1.0	1.0	True	Y470N(100%)	N:75	N36	ZJH_N36	ZCH	Axilla	Week 3	False	11.0	12.0	11.0	1.0	1.0	1.0	Staphylococcus_aureus_parE_470.0_Y->N	True	True
N36_2_2	Staphylococcus_aureus	parE	432.0	82.0	D/S	11.0	0.1341	V	71.0	0.8659	0.8659	True	D/S432V(86%)	D:11;V:71	N36	N36	UCMC	Axilla	Week 3	False	0.0	0.0	0.0	0.0	0.0	0.0	Staphylococcus_aureus_parE_432.0_D/S->V	True	True
N36_2_2	Staphylococcus_aureus	parE	432.0	82.0	D/S	11.0	0.1341	V	71.0	0.8659	0.8659	True	D/S432V(86%)	D:11;V:71	N36	ZJH_N36	ZCH	Axilla	Week 3	False	11.0	12.0	11.0	1.0	1.0	1.0	Staphylococcus_aureus_parE_432.0_D/S->V	True	True
N36_2_3	Staphylococcus_aureus	parE	470.0	6.0	Y	0.0	0.0	N	6.0	1.0	1.0	True	Y470N(100%)	N:6	N36	N36	UCMC	Groin	Week 3	False	0.0	0.0	0.0	0.0	0.0	0.0	Staphylococcus_aureus_parE_470.0_Y->N	True	True
N36_2_3	Staphylococcus_aureus	parE	470.0	6.0	Y	0.0	0.0	N	6.0	1.0	1.0	True	Y470N(100%)	N:6	N36	ZJH_N36	ZCH	Groin	Week 3	False	11.0	12.0	11.0	1.0	1.0	1.0	Staphylococcus_aureus_parE_470.0_Y->N	True	True
N36_2_3	Staphylococcus_aureus	parE	432.0	12.0	D/S	10.0	0.8333	V	2.0	0.1667	0.1667	True	D/S432V(16%)	D:10;V:2	N36	N36	UCMC	Groin	Week 3	False	0.0	0.0	0.0	0.0	0.0	0.0	Staphylococcus_aureus_parE_432.0_D/S->V	False	True
N36_2_3	Staphylococcus_aureus	parE	432.0	12.0	D/S	10.0	0.8333	V	2.0	0.1667	0.1667	True	D/S432V(16%)	D:10;V:2	N36	ZJH_N36	ZCH	Groin	Week 3	False	11.0	12.0	11.0	1.0	1.0	1.0	Staphylococcus_aureus_parE_432.0_D/S->V	False	True
N36_2_3	Klebsiella_pneumoniae	gyrA	83.0	273.0	D/S	0.0	0.9963	A	1.0	0.0037	0.0037	True	D/S83A(0%)	A:1;S:272	N36	N36	UCMC	Groin	Week 3	False	0.0	0.0	0.0	0.0	0.0	0.0	Klebsiella_pneumoniae_gyrA_83.0_D/S->A	False	False
N36_2_3	Klebsiella_pneumoniae	gyrA	83.0	273.0	D/S	0.0	0.9963	A	1.0	0.0037	0.0037	True	D/S83A(0%)	A:1;S:272	N36	ZJH_N36	ZCH	Groin	Week 3	False	11.0	12.0	11.0	1.0	1.0	1.0	Klebsiella_pneumoniae_gyrA_83.0_D/S->A	False	False
N36_2_3	Escherichia_coli	parE	458.0	477.0	D/S	0.0	0.9979	A	1.0	0.0021	0.0021	True	D/S458A(0%)	A:1;S:476	N36	N36	UCMC	Groin	Week 3	False	0.0	0.0	0.0	0.0	0.0	0.0	Escherichia_coli_parE_458.0_D/S->A	False	False
N36_2_3	Escherichia_coli	parE	458.0	477.0	D/S	0.0	0.9979	A	1.0	0.0021	0.0021	True	D/S458A(0%)	A:1;S:476	N36	ZJH_N36	ZCH	Groin	Week 3	False	11.0	12.0	11.0	1.0	1.0	1.0	Escherichia_coli_parE_458.0_D/S->A	False	False
N37_1_2	Staphylococcus_aureus	parC	80.0	10.0	E/R	0.0	0.0	S	10.0	1.0	1.0	True	E/R80S(100%)	S:10	N37	N37	UCMC	Axilla	Week 1	False	0.0	0.0	0.0	0.0	0.0	0.0	Staphylococcus_aureus_parC_80.0_E/R->S	True	True
N37_1_2	Staphylococcus_aureus	parC	80.0	10.0	E/R	0.0	0.0	S	10.0	1.0	1.0	True	E/R80S(100%)	S:10	N37	ZJH_N37	ZCH	Axilla	Week 1	False	18.0	18.0	0.0	1.0	1.0	0.0	Staphylococcus_aureus_parC_80.0_E/R->S	True	True
N37_1_2	Staphylococcus_aureus	parE	470.0	14.0	Y	0.0	0.0	N	14.0	1.0	1.0	True	Y470N(100%)	N:14	N37	N37	UCMC	Axilla	Week 1	False	0.0	0.0	0.0	0.0	0.0	0.0	Staphylococcus_aureus_parE_470.0_Y->N	True	True
N37_1_2	Staphylococcus_aureus	parE	470.0	14.0	Y	0.0	0.0	N	14.0	1.0	1.0	True	Y470N(100%)	N:14	N37	ZJH_N37	ZCH	Axilla	Week 1	False	18.0	18.0	0.0	1.0	1.0	0.0	Staphylococcus_aureus_parE_470.0_Y->N	True	True
N37_1_3	Staphylococcus_aureus	parE	470.0	13.0	Y	0.0	0.0	N	13.0	1.0	1.0	True	Y470N(100%)	N:13	N37	N37	UCMC	Groin	Week 1	False	0.0	0.0	0.0	0.0	0.0	0.0	Staphylococcus_aureus_parE_470.0_Y->N	True	True
N37_1_3	Staphylococcus_aureus	parE	470.0	13.0	Y	0.0	0.0	N	13.0	1.0	1.0	True	Y470N(100%)	N:13	N37	ZJH_N37	ZCH	Groin	Week 1	False	18.0	18.0	0.0	1.0	1.0	0.0	Staphylococcus_aureus_parE_470.0_Y->N	True	True
N37_1_3	Staphylococcus_aureus	parC	80.0	11.0	E/R	0.0	0.0	S	11.0	1.0	1.0	True	E/R80S(100%)	S:11	N37	N37	UCMC	Groin	Week 1	False	0.0	0.0	0.0	0.0	0.0	0.0	Staphylococcus_aureus_parC_80.0_E/R->S	True	True
N37_1_3	Staphylococcus_aureus	parC	80.0	11.0	E/R	0.0	0.0	S	11.0	1.0	1.0	True	E/R80S(100%)	S:11	N37	ZJH_N37	ZCH	Groin	Week 1	False	18.0	18.0	0.0	1.0	1.0	0.0	Staphylococcus_aureus_parC_80.0_E/R->S	True	True
N37_1_3	Staphylococcus_aureus	parE	432.0	12.0	D/S	10.0	0.8333	V	2.0	0.1667	0.1667	True	D/S432V(16%)	D:10;V:2	N37	N37	UCMC	Groin	Week 1	False	0.0	0.0	0.0	0.0	0.0	0.0	Staphylococcus_aureus_parE_432.0_D/S->V	False	True
N37_1_3	Staphylococcus_aureus	parE	432.0	12.0	D/S	10.0	0.8333	V	2.0	0.1667	0.1667	True	D/S432V(16%)	D:10;V:2	N37	ZJH_N37	ZCH	Groin	Week 1	False	18.0	18.0	0.0	1.0	1.0	0.0	Staphylococcus_aureus_parE_432.0_D/S->V	False	True
N38_1_2	Enterococcus_faecium	gyrA	87.0	18.0	E/S	0.0	0.0	Y	18.0	1.0	1.0	True	E/S87Y(100%)	Y:18	N38	N38	UCMC	Axilla	Week 1	True	0.0	0.0	0.0	0.0	0.0	0.0	Enterococcus_faecium_gyrA_87.0_E/S->Y	True	True
N38_1_2	Enterococcus_faecium	gyrA	87.0	18.0	E/S	0.0	0.0	Y	18.0	1.0	1.0	True	E/S87Y(100%)	Y:18	N38	ZJH_N38	ZCH	Axilla	Week 1	False	6.0	6.0	0.0	1.0	1.0	0.0	Enterococcus_faecium_gyrA_87.0_E/S->Y	True	True
N38_1_2	Staphylococcus_aureus	parE	470.0	46.0	Y	0.0	0.0	N	46.0	1.0	1.0	True	Y470N(100%)	N:46	N38	N38	UCMC	Axilla	Week 1	True	0.0	0.0	0.0	0.0	0.0	0.0	Staphylococcus_aureus_parE_470.0_Y->N	True	True
N38_1_2	Staphylococcus_aureus	parE	470.0	46.0	Y	0.0	0.0	N	46.0	1.0	1.0	True	Y470N(100%)	N:46	N38	ZJH_N38	ZCH	Axilla	Week 1	False	6.0	6.0	0.0	1.0	1.0	0.0	Staphylococcus_aureus_parE_470.0_Y->N	True	True
N38_1_2	Staphylococcus_aureus	parE	432.0	75.0	D/S	56.0	0.7467	V	19.0	0.2533	0.2533	True	D/S432V(25%)	D:56;V:19	N38	N38	UCMC	Axilla	Week 1	True	0.0	0.0	0.0	0.0	0.0	0.0	Staphylococcus_aureus_parE_432.0_D/S->V	False	True
N38_1_2	Staphylococcus_aureus	parE	432.0	75.0	D/S	56.0	0.7467	V	19.0	0.2533	0.2533	True	D/S432V(25%)	D:56;V:19	N38	ZJH_N38	ZCH	Axilla	Week 1	False	6.0	6.0	0.0	1.0	1.0	0.0	Staphylococcus_aureus_parE_432.0_D/S->V	False	True
N38_1_3	Enterococcus_faecium	gyrA	87.0	15.0	E/S	0.0	0.0	Y	15.0	1.0	1.0	True	E/S87Y(100%)	Y:15	N38	N38	UCMC	Groin	Week 1	True	0.0	0.0	0.0	0.0	0.0	0.0	Enterococcus_faecium_gyrA_87.0_E/S->Y	True	True
N38_1_3	Enterococcus_faecium	gyrA	87.0	15.0	E/S	0.0	0.0	Y	15.0	1.0	1.0	True	E/S87Y(100%)	Y:15	N38	ZJH_N38	ZCH	Groin	Week 1	False	6.0	6.0	0.0	1.0	1.0	0.0	Enterococcus_faecium_gyrA_87.0_E/S->Y	True	True
N38_1_3	Staphylococcus_aureus	parE	470.0	10.0	Y	0.0	0.0	N	10.0	1.0	1.0	True	Y470N(100%)	N:10	N38	N38	UCMC	Groin	Week 1	True	0.0	0.0	0.0	0.0	0.0	0.0	Staphylococcus_aureus_parE_470.0_Y->N	True	True
N38_1_3	Staphylococcus_aureus	parE	470.0	10.0	Y	0.0	0.0	N	10.0	1.0	1.0	True	Y470N(100%)	N:10	N38	ZJH_N38	ZCH	Groin	Week 1	False	6.0	6.0	0.0	1.0	1.0	0.0	Staphylococcus_aureus_parE_470.0_Y->N	True	True
N38_1_3	Staphylococcus_aureus	parE	432.0	18.0	D/S	10.0	0.5556	V	8.0	0.4444	0.4444	True	D/S432V(44%)	D:10;V:8	N38	N38	UCMC	Groin	Week 1	True	0.0	0.0	0.0	0.0	0.0	0.0	Staphylococcus_aureus_parE_432.0_D/S->V	False	True
N38_1_3	Staphylococcus_aureus	parE	432.0	18.0	D/S	10.0	0.5556	V	8.0	0.4444	0.4444	True	D/S432V(44%)	D:10;V:8	N38	ZJH_N38	ZCH	Groin	Week 1	False	6.0	6.0	0.0	1.0	1.0	0.0	Staphylococcus_aureus_parE_432.0_D/S->V	False	True
N38_1_4	Staphylococcus_aureus	parC	80.0	54.0	E/R	0.0	0.0	S	54.0	1.0	1.0	True	E/R80S(100%)	S:54	N38	N38	UCMC	Stool	Week 1	True	0.0	0.0	0.0	0.0	0.0	0.0	Staphylococcus_aureus_parC_80.0_E/R->S	True	True
N38_1_4	Staphylococcus_aureus	parC	80.0	54.0	E/R	0.0	0.0	S	54.0	1.0	1.0	True	E/R80S(100%)	S:54	N38	ZJH_N38	ZCH	Stool	Week 1	False	6.0	6.0	0.0	1.0	1.0	0.0	Staphylococcus_aureus_parC_80.0_E/R->S	True	True
N38_1_4	Staphylococcus_aureus	parE	470.0	150.0	Y	0.0	0.0	N	150.0	1.0	1.0	True	Y470N(100%)	N:150	N38	N38	UCMC	Stool	Week 1	True	0.0	0.0	0.0	0.0	0.0	0.0	Staphylococcus_aureus_parE_470.0_Y->N	True	True
N38_1_4	Staphylococcus_aureus	parE	470.0	150.0	Y	0.0	0.0	N	150.0	1.0	1.0	True	Y470N(100%)	N:150	N38	ZJH_N38	ZCH	Stool	Week 1	False	6.0	6.0	0.0	1.0	1.0	0.0	Staphylococcus_aureus_parE_470.0_Y->N	True	True
N38_2_2	Enterococcus_faecium	gyrA	87.0	11.0	E/S	0.0	0.0	Y	11.0	1.0	1.0	True	E/S87Y(100%)	Y:11	N38	N38	UCMC	Axilla	Week 3	True	0.0	0.0	0.0	0.0	0.0	0.0	Enterococcus_faecium_gyrA_87.0_E/S->Y	True	True
N38_2_2	Staphylococcus_aureus	parE	470.0	15.0	Y	0.0	0.0	N	15.0	1.0	1.0	True	Y470N(100%)	N:15	N38	N38	UCMC	Axilla	Week 3	True	0.0	0.0	0.0	0.0	0.0	0.0	Staphylococcus_aureus_parE_470.0_Y->N	True	True
N38_2_2	Staphylococcus_aureus	parE	432.0	32.0	D/S	17.0	0.5312	V	15.0	0.4688	0.4688	True	D/S432V(46%)	D:17;V:15	N38	N38	UCMC	Axilla	Week 3	True	0.0	0.0	0.0	0.0	0.0	0.0	Staphylococcus_aureus_parE_432.0_D/S->V	False	True
N38_2_2	Klebsiella_pneumoniae	gyrA	87.0	15.0	D/S	14.0	0.9333	G	1.0	0.0667	0.0667	True	D/S87G(6%)	D:14;G:1	N38	N38	UCMC	Axilla	Week 3	True	0.0	0.0	0.0	0.0	0.0	0.0	Klebsiella_pneumoniae_gyrA_87.0_D/S->G	False	False
N38_2_3	Enterococcus_faecalis	gyrA	87.0	9.0	E/S	0.0	0.0	K	9.0	1.0	1.0	True	E/S87K(100%)	K:9	N38	N38	UCMC	Groin	Week 3	True	0.0	0.0	0.0	0.0	0.0	0.0	Enterococcus_faecalis_gyrA_87.0_E/S->K	True	True
N38_2_3	Klebsiella_pneumoniae	gyrA	154.0	44.0	K	0.0	0.0	R	44.0	1.0	1.0	True	K154R(100%)	R:44	N38	N38	UCMC	Groin	Week 3	True	0.0	0.0	0.0	0.0	0.0	0.0	Klebsiella_pneumoniae_gyrA_154.0_K->R	True	True
N38_2_3	Enterococcus_faecium	gyrA	87.0	37.0	E/S	0.0	0.0	Y	37.0	1.0	1.0	True	E/S87Y(100%)	Y:37	N38	N38	UCMC	Groin	Week 3	True	0.0	0.0	0.0	0.0	0.0	0.0	Enterococcus_faecium_gyrA_87.0_E/S->Y	True	True
N38_2_4	Enterococcus_faecalis	gyrA	87.0	14.0	E/S	0.0	0.0	K	14.0	1.0	1.0	True	E/S87K(100%)	K:14	N38	N38	UCMC	Stool	Week 3	True	0.0	0.0	0.0	0.0	0.0	0.0	Enterococcus_faecalis_gyrA_87.0_E/S->K	True	True
N38_2_4	Staphylococcus_aureus	parC	80.0	7.0	E/R	0.0	0.0	S	7.0	1.0	1.0	True	E/R80S(100%)	S:7	N38	N38	UCMC	Stool	Week 3	True	0.0	0.0	0.0	0.0	0.0	0.0	Staphylococcus_aureus_parC_80.0_E/R->S	True	True
N38_2_4	Klebsiella_pneumoniae	gyrA	154.0	264.0	K	0.0	0.0	R	264.0	1.0	1.0	True	K154R(100%)	R:264	N38	N38	UCMC	Stool	Week 3	True	0.0	0.0	0.0	0.0	0.0	0.0	Klebsiella_pneumoniae_gyrA_154.0_K->R	True	True
N38_2_4	Enterococcus_faecium	gyrA	87.0	254.0	E/S	0.0	0.0	Y	250.0	0.9843	0.9843	True	E/S87Y(98%)	N:4;Y:250	N38	N38	UCMC	Stool	Week 3	True	0.0	0.0	0.0	0.0	0.0	0.0	Enterococcus_faecium_gyrA_87.0_E/S->Y	True	True
N38_2_4	Klebsiella_oxytoca	parC	80.0	328.0	S	327.0	0.997	R	1.0	0.003	0.003	True	S80R(0%)	R:1;S:327	N38	N38	UCMC	Stool	Week 3	True	0.0	0.0	0.0	0.0	0.0	0.0	Klebsiella_oxytoca_parC_80.0_S->R	False	False
N39_1_2	Enterococcus_faecium	gyrA	87.0	5.0	E/S	0.0	0.0	Y	5.0	1.0	1.0	True	E/S87Y(100%)	Y:5	N39	N39	UCMC	Axilla	Week 1	True	2.0	2.0	0.0	1.0	1.0	0.0	Enterococcus_faecium_gyrA_87.0_E/S->Y	True	True
N39_1_2	Klebsiella_pneumoniae	gyrA	154.0	6.0	K	0.0	0.0	R	6.0	1.0	1.0	True	K154R(100%)	R:6	N39	N39	UCMC	Axilla	Week 1	True	2.0	2.0	0.0	1.0	1.0	0.0	Klebsiella_pneumoniae_gyrA_154.0_K->R	True	True
N39_1_2	Staphylococcus_aureus	parE	470.0	130.0	Y	1.0	0.0077	N	129.0	0.9923	0.9923	True	Y470N(99%)	N:129;Y:1	N39	N39	UCMC	Axilla	Week 1	True	2.0	2.0	0.0	1.0	1.0	0.0	Staphylococcus_aureus_parE_470.0_Y->N	True	True
N39_1_2	Staphylococcus_aureus	parE	432.0	137.0	D/S	129.0	0.9416	V	8.0	0.0584	0.0584	True	D/S432V(5%)	D:129;V:8	N39	N39	UCMC	Axilla	Week 1	True	2.0	2.0	0.0	1.0	1.0	0.0	Staphylococcus_aureus_parE_432.0_D/S->V	False	False
N39_1_3	Staphylococcus_aureus	parE	470.0	24.0	Y	0.0	0.0	N	24.0	1.0	1.0	True	Y470N(100%)	N:24	N39	N39	UCMC	Groin	Week 1	True	2.0	2.0	0.0	1.0	1.0	0.0	Staphylococcus_aureus_parE_470.0_Y->N	True	True
N39_1_4	Klebsiella_pneumoniae	gyrA	83.0	170.0	D/S	0.0	0.0	L	170.0	1.0	1.0	True	D/S83L(100%)	L:170	N39	N39	UCMC	Stool	Week 1	True	2.0	2.0	0.0	1.0	1.0	0.0	Klebsiella_pneumoniae_gyrA_83.0_D/S->L	True	True
N39_1_4	Klebsiella_pneumoniae	gyrA	83.0	170.0	D/S	0.0	0.0	L	170.0	1.0	1.0	True	D/S83L(100%)	L:170	N39	ZJH_N39	ZCH	Stool	Week 1	False	8.0	8.0	11.0	1.0	1.0	1.0	Klebsiella_pneumoniae_gyrA_83.0_D/S->L	True	True
N39_1_4	Escherichia_coli	parE	458.0	532.0	D/S	0.0	0.9981	A	1.0	0.0019	0.0019	True	D/S458A(0%)	A:1;S:531	N39	N39	UCMC	Stool	Week 1	True	2.0	2.0	0.0	1.0	1.0	0.0	Escherichia_coli_parE_458.0_D/S->A	False	False
N39_1_4	Escherichia_coli	parE	458.0	532.0	D/S	0.0	0.9981	A	1.0	0.0019	0.0019	True	D/S458A(0%)	A:1;S:531	N39	ZJH_N39	ZCH	Stool	Week 1	False	8.0	8.0	11.0	1.0	1.0	1.0	Escherichia_coli_parE_458.0_D/S->A	False	False
N39_2_2	Staphylococcus_aureus	parC	80.0	6.0	E/R	0.0	0.0	S	6.0	1.0	1.0	True	E/R80S(100%)	S:6	N39	N39	UCMC	Axilla	Week 3	True	0.0	2.0	0.0	0.0	1.0	0.0	Staphylococcus_aureus_parC_80.0_E/R->S	True	True
N39_2_2	Staphylococcus_aureus	parC	80.0	6.0	E/R	0.0	0.0	S	6.0	1.0	1.0	True	E/R80S(100%)	S:6	N39	ZJH_N39	ZCH	Axilla	Week 3	False	11.0	8.0	11.0	1.0	1.0	1.0	Staphylococcus_aureus_parC_80.0_E/R->S	True	True
N39_2_2	Staphylococcus_aureus	parE	470.0	21.0	Y	0.0	0.0	N	20.0	0.9524	0.9524	True	Y470N(95%)	N:20;T:1	N39	N39	UCMC	Axilla	Week 3	True	0.0	2.0	0.0	0.0	1.0	0.0	Staphylococcus_aureus_parE_470.0_Y->N	True	True
N39_2_2	Staphylococcus_aureus	parE	470.0	21.0	Y	0.0	0.0	N	20.0	0.9524	0.9524	True	Y470N(95%)	N:20;T:1	N39	ZJH_N39	ZCH	Axilla	Week 3	False	11.0	8.0	11.0	1.0	1.0	1.0	Staphylococcus_aureus_parE_470.0_Y->N	True	True
N39_2_2	Klebsiella_pneumoniae	gyrA	83.0	11.0	D/S	0.0	0.0909	L	9.0	0.8182	0.8182	True	D/S83L(81%)	L:9;Q:1;S:1	N39	N39	UCMC	Axilla	Week 3	True	0.0	2.0	0.0	0.0	1.0	0.0	Klebsiella_pneumoniae_gyrA_83.0_D/S->L	True	True
N39_2_2	Klebsiella_pneumoniae	gyrA	83.0	11.0	D/S	0.0	0.0909	L	9.0	0.8182	0.8182	True	D/S83L(81%)	L:9;Q:1;S:1	N39	ZJH_N39	ZCH	Axilla	Week 3	False	11.0	8.0	11.0	1.0	1.0	1.0	Klebsiella_pneumoniae_gyrA_83.0_D/S->L	True	True
N39_2_3	Staphylococcus_aureus	parE	470.0	166.0	Y	0.0	0.0	N	166.0	1.0	1.0	True	Y470N(100%)	N:166	N39	N39	UCMC	Groin	Week 3	True	0.0	2.0	0.0	0.0	1.0	0.0	Staphylococcus_aureus_parE_470.0_Y->N	True	True
N39_2_3	Staphylococcus_aureus	parE	470.0	166.0	Y	0.0	0.0	N	166.0	1.0	1.0	True	Y470N(100%)	N:166	N39	ZJH_N39	ZCH	Groin	Week 3	False	11.0	8.0	11.0	1.0	1.0	1.0	Staphylococcus_aureus_parE_470.0_Y->N	True	True
N39_2_3	Staphylococcus_aureus	parC	80.0	54.0	E/R	0.0	0.0	S	51.0	0.9444	0.9444	True	E/R80S(94%)	S:51;Y:3	N39	N39	UCMC	Groin	Week 3	True	0.0	2.0	0.0	0.0	1.0	0.0	Staphylococcus_aureus_parC_80.0_E/R->S	True	True
N39_2_3	Staphylococcus_aureus	parC	80.0	54.0	E/R	0.0	0.0	S	51.0	0.9444	0.9444	True	E/R80S(94%)	S:51;Y:3	N39	ZJH_N39	ZCH	Groin	Week 3	False	11.0	8.0	11.0	1.0	1.0	1.0	Staphylococcus_aureus_parC_80.0_E/R->S	True	True
N39_2_3	Staphylococcus_aureus	parC	84.0	18.0	D/E/S	15.0	0.9444	N	1.0	0.0556	0.0556	True	D/E/S84N(5%)	D:15;E:2;N:1	N39	N39	UCMC	Groin	Week 3	True	0.0	2.0	0.0	0.0	1.0	0.0	Staphylococcus_aureus_parC_84.0_D/E/S->N	False	False
N39_2_3	Staphylococcus_aureus	parC	84.0	18.0	D/E/S	15.0	0.9444	N	1.0	0.0556	0.0556	True	D/E/S84N(5%)	D:15;E:2;N:1	N39	ZJH_N39	ZCH	Groin	Week 3	False	11.0	8.0	11.0	1.0	1.0	1.0	Staphylococcus_aureus_parC_84.0_D/E/S->N	False	False
N39_2_3	Escherichia_coli	parE	458.0	442.0	D/S	0.0	0.991	A	4.0	0.009	0.009	True	D/S458A(0%)	A:4;S:438	N39	N39	UCMC	Groin	Week 3	True	0.0	2.0	0.0	0.0	1.0	0.0	Escherichia_coli_parE_458.0_D/S->A	False	False
N39_2_3	Escherichia_coli	parE	458.0	442.0	D/S	0.0	0.991	A	4.0	0.009	0.009	True	D/S458A(0%)	A:4;S:438	N39	ZJH_N39	ZCH	Groin	Week 3	False	11.0	8.0	11.0	1.0	1.0	1.0	Escherichia_coli_parE_458.0_D/S->A	False	False
N39_2_3	Klebsiella_oxytoca	gyrA	87.0	695.0	D	666.0	0.9583	A	24.0	0.0345	0.0014	True	D87G(0%)	A:24;D:666;G:1;H:2;Y:2	N39	N39	UCMC	Groin	Week 3	True	0.0	2.0	0.0	0.0	1.0	0.0	Klebsiella_oxytoca_gyrA_87.0_D->A	False	False
N39_2_3	Klebsiella_oxytoca	gyrA	87.0	695.0	D	666.0	0.9583	A	24.0	0.0345	0.0014	True	D87G(0%)	A:24;D:666;G:1;H:2;Y:2	N39	ZJH_N39	ZCH	Groin	Week 3	False	11.0	8.0	11.0	1.0	1.0	1.0	Klebsiella_oxytoca_gyrA_87.0_D->A	False	False
N40_1_2	Staphylococcus_aureus	parE	470.0	126.0	Y	0.0	0.0	N	126.0	1.0	1.0	True	Y470N(100%)	N:126	N40	N40	UCMC	Axilla	Week 1	False	0.0	0.0	0.0	0.0	0.0	0.0	Staphylococcus_aureus_parE_470.0_Y->N	True	True
N40_1_2	Staphylococcus_aureus	parE	470.0	126.0	Y	0.0	0.0	N	126.0	1.0	1.0	True	Y470N(100%)	N:126	N40	ZJH_N40	ZCH	Axilla	Week 1	False	12.0	12.0	0.0	1.0	1.0	0.0	Staphylococcus_aureus_parE_470.0_Y->N	True	True
N40_1_2	Staphylococcus_aureus	parE	432.0	162.0	D/S	118.0	0.7284	V	44.0	0.2716	0.2716	True	D/S432V(27%)	D:118;V:44	N40	N40	UCMC	Axilla	Week 1	False	0.0	0.0	0.0	0.0	0.0	0.0	Staphylococcus_aureus_parE_432.0_D/S->V	False	True
N40_1_2	Staphylococcus_aureus	parE	432.0	162.0	D/S	118.0	0.7284	V	44.0	0.2716	0.2716	True	D/S432V(27%)	D:118;V:44	N40	ZJH_N40	ZCH	Axilla	Week 1	False	12.0	12.0	0.0	1.0	1.0	0.0	Staphylococcus_aureus_parE_432.0_D/S->V	False	True
N40_1_3	Staphylococcus_aureus	parE	470.0	23.0	Y	0.0	0.0	N	23.0	1.0	1.0	True	Y470N(100%)	N:23	N40	N40	UCMC	Groin	Week 1	False	0.0	0.0	0.0	0.0	0.0	0.0	Staphylococcus_aureus_parE_470.0_Y->N	True	True
N40_1_3	Staphylococcus_aureus	parC	80.0	16.0	E/R	0.0	0.0	S	15.0	0.9375	0.9375	True	E/R80S(93%)	S:15;Y:1	N40	N40	UCMC	Groin	Week 1	False	0.0	0.0	0.0	0.0	0.0	0.0	Staphylococcus_aureus_parC_80.0_E/R->S	True	True
N40_1_4	Enterococcus_faecium	gyrA	87.0	17.0	E/S	0.0	0.0	Y	17.0	1.0	1.0	True	E/S87Y(100%)	Y:17	N40	N40	UCMC	Stool	Week 1	False	0.0	0.0	0.0	0.0	0.0	0.0	Enterococcus_faecium_gyrA_87.0_E/S->Y	True	True
N40_1_4	Enterococcus_faecium	gyrA	87.0	17.0	E/S	0.0	0.0	Y	17.0	1.0	1.0	True	E/S87Y(100%)	Y:17	N40	ZJH_N40	ZCH	Stool	Week 1	False	12.0	12.0	0.0	1.0	1.0	0.0	Enterococcus_faecium_gyrA_87.0_E/S->Y	True	True
N40_1_4	Staphylococcus_aureus	parE	470.0	3184.0	Y	4.0	0.0013	N	3176.0	0.9975	0.9975	True	Y470N(99%)	I:4;N:3176;Y:4	N40	N40	UCMC	Stool	Week 1	False	0.0	0.0	0.0	0.0	0.0	0.0	Staphylococcus_aureus_parE_470.0_Y->N	True	True
N40_1_4	Staphylococcus_aureus	parE	470.0	3184.0	Y	4.0	0.0013	N	3176.0	0.9975	0.9975	True	Y470N(99%)	I:4;N:3176;Y:4	N40	ZJH_N40	ZCH	Stool	Week 1	False	12.0	12.0	0.0	1.0	1.0	0.0	Staphylococcus_aureus_parE_470.0_Y->N	True	True
N40_1_4	Staphylococcus_aureus	parC	80.0	1836.0	E/R	0.0	0.0	S	1787.0	0.9733	0.9733	True	E/R80S(97%)	P:2;S:1787;Y:47	N40	N40	UCMC	Stool	Week 1	False	0.0	0.0	0.0	0.0	0.0	0.0	Staphylococcus_aureus_parC_80.0_E/R->S	True	True
N40_1_4	Staphylococcus_aureus	parC	80.0	1836.0	E/R	0.0	0.0	S	1787.0	0.9733	0.9733	True	E/R80S(97%)	P:2;S:1787;Y:47	N40	ZJH_N40	ZCH	Stool	Week 1	False	12.0	12.0	0.0	1.0	1.0	0.0	Staphylococcus_aureus_parC_80.0_E/R->S	True	True
N40_1_4	Staphylococcus_aureus	parC	84.0	1115.0	D/E/S	16.0	0.9991	V	1.0	0.0009	0.0009	True	D/E/S84V(0%)	D:16;E:1098;V:1	N40	N40	UCMC	Stool	Week 1	False	0.0	0.0	0.0	0.0	0.0	0.0	Staphylococcus_aureus_parC_84.0_D/E/S->V	False	False
N40_1_4	Staphylococcus_aureus	parC	84.0	1115.0	D/E/S	16.0	0.9991	V	1.0	0.0009	0.0009	True	D/E/S84V(0%)	D:16;E:1098;V:1	N40	ZJH_N40	ZCH	Stool	Week 1	False	12.0	12.0	0.0	1.0	1.0	0.0	Staphylococcus_aureus_parC_84.0_D/E/S->V	False	False
N40_1_4	Staphylococcus_aureus	gyrA	84.0	7139.0	G/S	0.0	0.9878	F	74.0	0.0104	0.0003	True	G/S84L(0%)	F:74;H:1;K:5;L:2;N:1;Q:1;S:7052;T:2;W:1	N40	N40	UCMC	Stool	Week 1	False	0.0	0.0	0.0	0.0	0.0	0.0	Staphylococcus_aureus_gyrA_84.0_G/S->F	False	False
N40_1_4	Staphylococcus_aureus	gyrA	84.0	7139.0	G/S	0.0	0.9878	F	74.0	0.0104	0.0003	True	G/S84L(0%)	F:74;H:1;K:5;L:2;N:1;Q:1;S:7052;T:2;W:1	N40	ZJH_N40	ZCH	Stool	Week 1	False	12.0	12.0	0.0	1.0	1.0	0.0	Staphylococcus_aureus_gyrA_84.0_G/S->F	False	False
N40_2_2	Klebsiella_pneumoniae	gyrA	154.0	6.0	K	0.0	0.0	R	6.0	1.0	1.0	True	K154R(100%)	R:6	N40	N40	UCMC	Axilla	Week 3	False	0.0	0.0	0.0	0.0	0.0	0.0	Klebsiella_pneumoniae_gyrA_154.0_K->R	True	True
N40_2_2	Staphylococcus_aureus	parE	470.0	429.0	Y	0.0	0.0	N	429.0	1.0	1.0	True	Y470N(100%)	N:429	N40	N40	UCMC	Axilla	Week 3	False	0.0	0.0	0.0	0.0	0.0	0.0	Staphylococcus_aureus_parE_470.0_Y->N	True	True
N40_2_2	Staphylococcus_aureus	parE	432.0	461.0	D/S	22.0	0.0477	V	437.0	0.9479	0.9479	True	D/S432V(94%)	D:22;F:2;V:437	N40	N40	UCMC	Axilla	Week 3	False	0.0	0.0	0.0	0.0	0.0	0.0	Staphylococcus_aureus_parE_432.0_D/S->V	True	True
N40_2_3	Staphylococcus_aureus	parE	470.0	65.0	Y	0.0	0.0	N	65.0	1.0	1.0	True	Y470N(100%)	N:65	N40	N40	UCMC	Groin	Week 3	False	0.0	0.0	0.0	0.0	0.0	0.0	Staphylococcus_aureus_parE_470.0_Y->N	True	True
N40_2_3	Klebsiella_pneumoniae	gyrA	154.0	449.0	K	0.0	0.0	R	449.0	1.0	1.0	True	K154R(100%)	R:449	N40	N40	UCMC	Groin	Week 3	False	0.0	0.0	0.0	0.0	0.0	0.0	Klebsiella_pneumoniae_gyrA_154.0_K->R	True	True
N40_2_3	Enterococcus_faecium	gyrA	87.0	180.0	E/S	0.0	0.0	Y	180.0	1.0	1.0	True	E/S87Y(100%)	Y:180	N40	N40	UCMC	Groin	Week 3	False	0.0	0.0	0.0	0.0	0.0	0.0	Enterococcus_faecium_gyrA_87.0_E/S->Y	True	True
N40_2_3	Enterococcus_faecalis	gyrA	87.0	64.0	E/S	0.0	0.0	K	64.0	1.0	1.0	True	E/S87K(100%)	K:64	N40	N40	UCMC	Groin	Week 3	False	0.0	0.0	0.0	0.0	0.0	0.0	Enterococcus_faecalis_gyrA_87.0_E/S->K	True	True
N40_2_3	Klebsiella_oxytoca	parC	80.0	326.0	S	318.0	0.9755	R	8.0	0.0245	0.0245	True	S80R(2%)	R:8;S:318	N40	N40	UCMC	Groin	Week 3	False	0.0	0.0	0.0	0.0	0.0	0.0	Klebsiella_oxytoca_parC_80.0_S->R	False	False
N40_2_3	Escherichia_coli	parE	475.0	406.0	D	401.0	0.9877	E	4.0	0.0099	0.0025	True	D475V(0%)	D:401;E:4;V:1	N40	N40	UCMC	Groin	Week 3	False	0.0	0.0	0.0	0.0	0.0	0.0	Escherichia_coli_parE_475.0_D->E	False	False
N40_2_3	Klebsiella_pneumoniae	gyrA	83.0	406.0	D/S	2.0	0.9951	P	1.0	0.0025	0.0025	True	D/S83A(0%)	A:1;D:2;P:1;S:402	N40	N40	UCMC	Groin	Week 3	False	0.0	0.0	0.0	0.0	0.0	0.0	Klebsiella_pneumoniae_gyrA_83.0_D/S->P	False	False
N41_1_2	Staphylococcus_aureus	parE	470.0	55.0	Y	0.0	0.0	N	55.0	1.0	1.0	True	Y470N(100%)	N:55	N41	N41	UCMC	Axilla	Week 1	False	3.0	3.0	0.0	1.0	1.0	0.0	Staphylococcus_aureus_parE_470.0_Y->N	True	True
N41_1_2	Staphylococcus_aureus	parE	470.0	55.0	Y	0.0	0.0	N	55.0	1.0	1.0	True	Y470N(100%)	N:55	N41	ZJH_N41	ZCH	Axilla	Week 1	False	6.0	6.0	0.0	1.0	1.0	0.0	Staphylococcus_aureus_parE_470.0_Y->N	True	True
N41_1_2	Staphylococcus_aureus	parC	80.0	47.0	E/R	0.0	0.0	S	46.0	0.9787	0.9787	True	E/R80S(97%)	S:46;Y:1	N41	N41	UCMC	Axilla	Week 1	False	3.0	3.0	0.0	1.0	1.0	0.0	Staphylococcus_aureus_parC_80.0_E/R->S	True	True
N41_1_2	Staphylococcus_aureus	parC	80.0	47.0	E/R	0.0	0.0	S	46.0	0.9787	0.9787	True	E/R80S(97%)	S:46;Y:1	N41	ZJH_N41	ZCH	Axilla	Week 1	False	6.0	6.0	0.0	1.0	1.0	0.0	Staphylococcus_aureus_parC_80.0_E/R->S	True	True
N41_1_3	Klebsiella_pneumoniae	gyrA	87.0	935.0	D/S	931.0	0.9957	A	2.0	0.0021	0.0021	True	D/S87Y(0%)	A:2;D:931;Y:2	N41	N41	UCMC	Groin	Week 1	False	3.0	3.0	0.0	1.0	1.0	0.0	Klebsiella_pneumoniae_gyrA_87.0_D/S->A	False	False
N41_1_3	Klebsiella_pneumoniae	gyrA	87.0	935.0	D/S	931.0	0.9957	A	2.0	0.0021	0.0021	True	D/S87Y(0%)	A:2;D:931;Y:2	N41	ZJH_N41	ZCH	Groin	Week 1	False	6.0	6.0	0.0	1.0	1.0	0.0	Klebsiella_pneumoniae_gyrA_87.0_D/S->A	False	False
N41_1_4	Klebsiella_pneumoniae	gyrA	87.0	852.0	D/S	846.0	0.993	Y	2.0	0.0023	0.0023	True	D/S87Y(0%)	A:1;D:846;E:2;V:1;Y:2	N41	N41	UCMC	Stool	Week 1	False	3.0	3.0	0.0	1.0	1.0	0.0	Klebsiella_pneumoniae_gyrA_87.0_D/S->Y	False	False
N41_1_4	Klebsiella_pneumoniae	gyrA	87.0	852.0	D/S	846.0	0.993	Y	2.0	0.0023	0.0023	True	D/S87Y(0%)	A:1;D:846;E:2;V:1;Y:2	N41	ZJH_N41	ZCH	Stool	Week 1	False	6.0	6.0	0.0	1.0	1.0	0.0	Klebsiella_pneumoniae_gyrA_87.0_D/S->Y	False	False
N41_1_4	Escherichia_coli	parE	475.0	1078.0	D	1074.0	0.9963	V	2.0	0.0019	0.0019	True	D475V(0%)	D:1074;V:2;Y:2	N41	N41	UCMC	Stool	Week 1	False	3.0	3.0	0.0	1.0	1.0	0.0	Escherichia_coli_parE_475.0_D->V	False	False
N41_1_4	Escherichia_coli	parE	475.0	1078.0	D	1074.0	0.9963	V	2.0	0.0019	0.0019	True	D475V(0%)	D:1074;V:2;Y:2	N41	ZJH_N41	ZCH	Stool	Week 1	False	6.0	6.0	0.0	1.0	1.0	0.0	Escherichia_coli_parE_475.0_D->V	False	False
N41_2_2	Staphylococcus_aureus	parE	470.0	91.0	Y	0.0	0.0	N	91.0	1.0	1.0	True	Y470N(100%)	N:91	N41	N41	UCMC	Axilla	Week 3	False	0.0	3.0	0.0	0.0	1.0	0.0	Staphylococcus_aureus_parE_470.0_Y->N	True	True
N41_2_2	Staphylococcus_aureus	parE	432.0	43.0	D/S	7.0	0.1628	V	36.0	0.8372	0.8372	True	D/S432V(83%)	D:7;V:36	N41	N41	UCMC	Axilla	Week 3	False	0.0	3.0	0.0	0.0	1.0	0.0	Staphylococcus_aureus_parE_432.0_D/S->V	True	True
N41_2_3	Enterococcus_faecalis	gyrA	87.0	66.0	E/S	0.0	0.0	K	66.0	1.0	1.0	True	E/S87K(100%)	K:66	N41	N41	UCMC	Groin	Week 3	False	0.0	3.0	0.0	0.0	1.0	0.0	Enterococcus_faecalis_gyrA_87.0_E/S->K	True	True
N41_2_3	Klebsiella_pneumoniae	gyrA	154.0	302.0	K	0.0	0.0	R	302.0	1.0	1.0	True	K154R(100%)	R:302	N41	N41	UCMC	Groin	Week 3	False	0.0	3.0	0.0	0.0	1.0	0.0	Klebsiella_pneumoniae_gyrA_154.0_K->R	True	True
N41_2_3	Enterococcus_faecium	gyrA	87.0	41.0	E/S	0.0	0.0	Y	39.0	0.9512	0.9512	True	E/S87Y(95%)	F:1;N:1;Y:39	N41	N41	UCMC	Groin	Week 3	False	0.0	3.0	0.0	0.0	1.0	0.0	Enterococcus_faecium_gyrA_87.0_E/S->Y	True	True
N41_2_3	Staphylococcus_aureus	parE	432.0	5.0	D/S	2.0	0.4	V	3.0	0.6	0.6	True	D/S432V(60%)	D:2;V:3	N41	N41	UCMC	Groin	Week 3	False	0.0	3.0	0.0	0.0	1.0	0.0	Staphylococcus_aureus_parE_432.0_D/S->V	False	True
N41_2_3	Klebsiella_oxytoca	parC	80.0	616.0	S	613.0	0.9951	R	3.0	0.0049	0.0049	True	S80R(0%)	R:3;S:613	N41	N41	UCMC	Groin	Week 3	False	0.0	3.0	0.0	0.0	1.0	0.0	Klebsiella_oxytoca_parC_80.0_S->R	False	False
N41_2_3	Klebsiella_pneumoniae	gyrA	83.0	771.0	D/S	0.0	0.9922	A	3.0	0.0039	0.0039	True	D/S83A(0%)	A:3;C:1;P:2;S:765	N41	N41	UCMC	Groin	Week 3	False	0.0	3.0	0.0	0.0	1.0	0.0	Klebsiella_pneumoniae_gyrA_83.0_D/S->A	False	False
N41_2_3	Escherichia_coli	parE	458.0	623.0	D/S	0.0	0.9984	A	1.0	0.0016	0.0016	True	D/S458A(0%)	A:1;S:622	N41	N41	UCMC	Groin	Week 3	False	0.0	3.0	0.0	0.0	1.0	0.0	Escherichia_coli_parE_458.0_D/S->A	False	False
N42_1_2	Staphylococcus_aureus	parE	470.0	197.0	Y	0.0	0.0	N	197.0	1.0	1.0	True	Y470N(100%)	N:197	N42	N42	UCMC	Axilla	Week 1	False	0.0	0.0	0.0	0.0	0.0	0.0	Staphylococcus_aureus_parE_470.0_Y->N	True	True
N42_1_2	Staphylococcus_aureus	parC	80.0	83.0	E/R	0.0	0.0	S	83.0	1.0	1.0	True	E/R80S(100%)	S:83	N42	N42	UCMC	Axilla	Week 1	False	0.0	0.0	0.0	0.0	0.0	0.0	Staphylococcus_aureus_parC_80.0_E/R->S	True	True
N42_1_2	Staphylococcus_aureus	gyrA	84.0	610.0	G/S	0.0	0.9787	K	12.0	0.0197	0.0016	True	G/S84L(0%)	K:12;L:1;S:597	N42	N42	UCMC	Axilla	Week 1	False	0.0	0.0	0.0	0.0	0.0	0.0	Staphylococcus_aureus_gyrA_84.0_G/S->K	False	False
N42_1_4	Staphylococcus_aureus	parE	470.0	1087.0	Y	0.0	0.0	N	1085.0	0.9982	0.9982	True	Y470N(99%)	I:2;N:1085	N42	N42	UCMC	Stool	Week 1	False	0.0	0.0	0.0	0.0	0.0	0.0	Staphylococcus_aureus_parE_470.0_Y->N	True	True
N42_1_4	Staphylococcus_aureus	parE	470.0	1087.0	Y	0.0	0.0	N	1085.0	0.9982	0.9982	True	Y470N(99%)	I:2;N:1085	N42	ZJH_N42	ZCH	Stool	Week 1	False	0.0	0.0	0.0	0.0	0.0	0.0	Staphylococcus_aureus_parE_470.0_Y->N	True	True
N42_1_4	Staphylococcus_aureus	parC	80.0	1063.0	E/R	0.0	0.0	S	1029.0	0.968	0.968	True	E/R80S(96%)	S:1029;Y:34	N42	N42	UCMC	Stool	Week 1	False	0.0	0.0	0.0	0.0	0.0	0.0	Staphylococcus_aureus_parC_80.0_E/R->S	True	True
N42_1_4	Staphylococcus_aureus	parC	80.0	1063.0	E/R	0.0	0.0	S	1029.0	0.968	0.968	True	E/R80S(96%)	S:1029;Y:34	N42	ZJH_N42	ZCH	Stool	Week 1	False	0.0	0.0	0.0	0.0	0.0	0.0	Staphylococcus_aureus_parC_80.0_E/R->S	True	True
N42_1_4	Staphylococcus_aureus	parE	432.0	1403.0	D/S	1352.0	0.9636	V	48.0	0.0342	0.0342	True	D/S432V(3%)	D:1352;V:48;Y:3	N42	N42	UCMC	Stool	Week 1	False	0.0	0.0	0.0	0.0	0.0	0.0	Staphylococcus_aureus_parE_432.0_D/S->V	False	False
N42_1_4	Staphylococcus_aureus	parE	432.0	1403.0	D/S	1352.0	0.9636	V	48.0	0.0342	0.0342	True	D/S432V(3%)	D:1352;V:48;Y:3	N42	ZJH_N42	ZCH	Stool	Week 1	False	0.0	0.0	0.0	0.0	0.0	0.0	Staphylococcus_aureus_parE_432.0_D/S->V	False	False
N42_1_4	Staphylococcus_aureus	gyrA	84.0	4143.0	G/S	0.0	0.9785	F	76.0	0.0183	0.001	True	G/S84L(0%)	F:76;K:4;L:4;R:1;S:4054;T:1;W:3	N42	N42	UCMC	Stool	Week 1	False	0.0	0.0	0.0	0.0	0.0	0.0	Staphylococcus_aureus_gyrA_84.0_G/S->F	False	False
N42_1_4	Staphylococcus_aureus	gyrA	84.0	4143.0	G/S	0.0	0.9785	F	76.0	0.0183	0.001	True	G/S84L(0%)	F:76;K:4;L:4;R:1;S:4054;T:1;W:3	N42	ZJH_N42	ZCH	Stool	Week 1	False	0.0	0.0	0.0	0.0	0.0	0.0	Staphylococcus_aureus_gyrA_84.0_G/S->F	False	False
N42_2_2	Enterococcus_faecium	gyrA	87.0	7.0	E/S	0.0	0.0	Y	7.0	1.0	1.0	True	E/S87Y(100%)	Y:7	N42	N42	UCMC	Axilla	Week 3	False	0.0	0.0	0.0	0.0	0.0	0.0	Enterococcus_faecium_gyrA_87.0_E/S->Y	True	True
N42_2_2	Enterococcus_faecium	gyrA	87.0	7.0	E/S	0.0	0.0	Y	7.0	1.0	1.0	True	E/S87Y(100%)	Y:7	N42	ZJH_N42	ZCH	Axilla	Week 3	False	0.0	0.0	0.0	0.0	0.0	0.0	Enterococcus_faecium_gyrA_87.0_E/S->Y	True	True
N42_2_2	Staphylococcus_aureus	parE	470.0	416.0	Y	1.0	0.0024	N	413.0	0.9928	0.9928	True	Y470N(99%)	K:2;N:413;Y:1	N42	N42	UCMC	Axilla	Week 3	False	0.0	0.0	0.0	0.0	0.0	0.0	Staphylococcus_aureus_parE_470.0_Y->N	True	True
N42_2_2	Staphylococcus_aureus	parE	470.0	416.0	Y	1.0	0.0024	N	413.0	0.9928	0.9928	True	Y470N(99%)	K:2;N:413;Y:1	N42	ZJH_N42	ZCH	Axilla	Week 3	False	0.0	0.0	0.0	0.0	0.0	0.0	Staphylococcus_aureus_parE_470.0_Y->N	True	True
N42_2_2	Staphylococcus_aureus	parC	80.0	354.0	E/R	0.0	0.0	S	338.0	0.9548	0.9548	True	E/R80S(95%)	P:4;S:338;Y:12	N42	N42	UCMC	Axilla	Week 3	False	0.0	0.0	0.0	0.0	0.0	0.0	Staphylococcus_aureus_parC_80.0_E/R->S	True	True
N42_2_2	Staphylococcus_aureus	parC	80.0	354.0	E/R	0.0	0.0	S	338.0	0.9548	0.9548	True	E/R80S(95%)	P:4;S:338;Y:12	N42	ZJH_N42	ZCH	Axilla	Week 3	False	0.0	0.0	0.0	0.0	0.0	0.0	Staphylococcus_aureus_parC_80.0_E/R->S	True	True
N42_2_2	Staphylococcus_aureus	parE	432.0	539.0	D/S	525.0	0.974	V	9.0	0.0167	0.0167	True	D/S432V(1%)	A:2;D:525;H:1;V:9;Y:2	N42	N42	UCMC	Axilla	Week 3	False	0.0	0.0	0.0	0.0	0.0	0.0	Staphylococcus_aureus_parE_432.0_D/S->V	False	False
N42_2_2	Staphylococcus_aureus	parE	432.0	539.0	D/S	525.0	0.974	V	9.0	0.0167	0.0167	True	D/S432V(1%)	A:2;D:525;H:1;V:9;Y:2	N42	ZJH_N42	ZCH	Axilla	Week 3	False	0.0	0.0	0.0	0.0	0.0	0.0	Staphylococcus_aureus_parE_432.0_D/S->V	False	False
N42_2_3	Staphylococcus_aureus	parC	80.0	66.0	E/R	0.0	0.0	S	66.0	1.0	1.0	True	E/R80S(100%)	S:66	N42	N42	UCMC	Groin	Week 3	False	0.0	0.0	0.0	0.0	0.0	0.0	Staphylococcus_aureus_parC_80.0_E/R->S	True	True
N42_2_3	Staphylococcus_aureus	parC	80.0	66.0	E/R	0.0	0.0	S	66.0	1.0	1.0	True	E/R80S(100%)	S:66	N42	ZJH_N42	ZCH	Groin	Week 3	False	0.0	0.0	0.0	0.0	0.0	0.0	Staphylococcus_aureus_parC_80.0_E/R->S	True	True
N42_2_3	Enterococcus_faecalis	gyrA	87.0	88.0	E/S	0.0	0.0	K	88.0	1.0	1.0	True	E/S87K(100%)	K:88	N42	N42	UCMC	Groin	Week 3	False	0.0	0.0	0.0	0.0	0.0	0.0	Enterococcus_faecalis_gyrA_87.0_E/S->K	True	True
N42_2_3	Enterococcus_faecalis	gyrA	87.0	88.0	E/S	0.0	0.0	K	88.0	1.0	1.0	True	E/S87K(100%)	K:88	N42	ZJH_N42	ZCH	Groin	Week 3	False	0.0	0.0	0.0	0.0	0.0	0.0	Enterococcus_faecalis_gyrA_87.0_E/S->K	True	True
N42_2_3	Staphylococcus_aureus	parE	470.0	110.0	Y	0.0	0.0	N	110.0	1.0	1.0	True	Y470N(100%)	N:110	N42	N42	UCMC	Groin	Week 3	False	0.0	0.0	0.0	0.0	0.0	0.0	Staphylococcus_aureus_parE_470.0_Y->N	True	True
N42_2_3	Staphylococcus_aureus	parE	470.0	110.0	Y	0.0	0.0	N	110.0	1.0	1.0	True	Y470N(100%)	N:110	N42	ZJH_N42	ZCH	Groin	Week 3	False	0.0	0.0	0.0	0.0	0.0	0.0	Staphylococcus_aureus_parE_470.0_Y->N	True	True
N42_2_3	Klebsiella_pneumoniae	gyrA	154.0	602.0	K	0.0	0.0	R	602.0	1.0	1.0	True	K154R(100%)	R:602	N42	N42	UCMC	Groin	Week 3	False	0.0	0.0	0.0	0.0	0.0	0.0	Klebsiella_pneumoniae_gyrA_154.0_K->R	True	True
N42_2_3	Klebsiella_pneumoniae	gyrA	154.0	602.0	K	0.0	0.0	R	602.0	1.0	1.0	True	K154R(100%)	R:602	N42	ZJH_N42	ZCH	Groin	Week 3	False	0.0	0.0	0.0	0.0	0.0	0.0	Klebsiella_pneumoniae_gyrA_154.0_K->R	True	True
N42_2_3	Enterococcus_faecium	gyrA	87.0	111.0	E/S	0.0	0.0	Y	110.0	0.991	0.991	True	E/S87Y(99%)	C:1;Y:110	N42	N42	UCMC	Groin	Week 3	False	0.0	0.0	0.0	0.0	0.0	0.0	Enterococcus_faecium_gyrA_87.0_E/S->Y	True	True
N42_2_3	Enterococcus_faecium	gyrA	87.0	111.0	E/S	0.0	0.0	Y	110.0	0.991	0.991	True	E/S87Y(99%)	C:1;Y:110	N42	ZJH_N42	ZCH	Groin	Week 3	False	0.0	0.0	0.0	0.0	0.0	0.0	Enterococcus_faecium_gyrA_87.0_E/S->Y	True	True
N42_2_3	Staphylococcus_aureus	parE	432.0	105.0	D/S	101.0	0.9619	Y	3.0	0.0286	0.0095	True	D/S432V(0%)	D:101;V:1;Y:3	N42	N42	UCMC	Groin	Week 3	False	0.0	0.0	0.0	0.0	0.0	0.0	Staphylococcus_aureus_parE_432.0_D/S->Y	False	False
N42_2_3	Staphylococcus_aureus	parE	432.0	105.0	D/S	101.0	0.9619	Y	3.0	0.0286	0.0095	True	D/S432V(0%)	D:101;V:1;Y:3	N42	ZJH_N42	ZCH	Groin	Week 3	False	0.0	0.0	0.0	0.0	0.0	0.0	Staphylococcus_aureus_parE_432.0_D/S->Y	False	False
N42_2_3	Klebsiella_pneumoniae	gyrA	83.0	523.0	D/S	0.0	0.9924	A	2.0	0.0038	0.0038	True	D/S83A(0%)	A:2;C:1;S:519;Y:1	N42	N42	UCMC	Groin	Week 3	False	0.0	0.0	0.0	0.0	0.0	0.0	Klebsiella_pneumoniae_gyrA_83.0_D/S->A	False	False
N42_2_3	Klebsiella_pneumoniae	gyrA	83.0	523.0	D/S	0.0	0.9924	A	2.0	0.0038	0.0038	True	D/S83A(0%)	A:2;C:1;S:519;Y:1	N42	ZJH_N42	ZCH	Groin	Week 3	False	0.0	0.0	0.0	0.0	0.0	0.0	Klebsiella_pneumoniae_gyrA_83.0_D/S->A	False	False
N42_2_3	Klebsiella_pneumoniae	gyrA	87.0	579.0	D/S	571.0	0.9862	A	5.0	0.0086	0.0035	True	D/S87G(0%)	A:5;D:571;G:2;V:1	N42	N42	UCMC	Groin	Week 3	False	0.0	0.0	0.0	0.0	0.0	0.0	Klebsiella_pneumoniae_gyrA_87.0_D/S->A	False	False
N42_2_3	Klebsiella_pneumoniae	gyrA	87.0	579.0	D/S	571.0	0.9862	A	5.0	0.0086	0.0035	True	D/S87G(0%)	A:5;D:571;G:2;V:1	N42	ZJH_N42	ZCH	Groin	Week 3	False	0.0	0.0	0.0	0.0	0.0	0.0	Klebsiella_pneumoniae_gyrA_87.0_D/S->A	False	False
N43_1_3	Staphylococcus_aureus	parE	470.0	31.0	Y	0.0	0.0	N	31.0	1.0	1.0	True	Y470N(100%)	N:31	N43	N43	UCMC	Groin	Week 1	False	0.0	0.0	0.0	0.0	0.0	0.0	Staphylococcus_aureus_parE_470.0_Y->N	True	True
N43_1_3	Staphylococcus_aureus	parE	470.0	31.0	Y	0.0	0.0	N	31.0	1.0	1.0	True	Y470N(100%)	N:31	N43	ZJH_N43	ZCH	Groin	Week 1	False	2.0	2.0	0.0	1.0	1.0	0.0	Staphylococcus_aureus_parE_470.0_Y->N	True	True
N43_1_3	Staphylococcus_aureus	parC	80.0	18.0	E/R	0.0	0.0	S	18.0	1.0	1.0	True	E/R80S(100%)	S:18	N43	N43	UCMC	Groin	Week 1	False	0.0	0.0	0.0	0.0	0.0	0.0	Staphylococcus_aureus_parC_80.0_E/R->S	True	True
N43_1_3	Staphylococcus_aureus	parC	80.0	18.0	E/R	0.0	0.0	S	18.0	1.0	1.0	True	E/R80S(100%)	S:18	N43	ZJH_N43	ZCH	Groin	Week 1	False	2.0	2.0	0.0	1.0	1.0	0.0	Staphylococcus_aureus_parC_80.0_E/R->S	True	True
N43_1_3	Escherichia_coli	parE	458.0	98.0	D/S	0.0	0.9898	A	1.0	0.0102	0.0102	True	D/S458A(1%)	A:1;S:97	N43	N43	UCMC	Groin	Week 1	False	0.0	0.0	0.0	0.0	0.0	0.0	Escherichia_coli_parE_458.0_D/S->A	False	False
N43_1_3	Escherichia_coli	parE	458.0	98.0	D/S	0.0	0.9898	A	1.0	0.0102	0.0102	True	D/S458A(1%)	A:1;S:97	N43	ZJH_N43	ZCH	Groin	Week 1	False	2.0	2.0	0.0	1.0	1.0	0.0	Escherichia_coli_parE_458.0_D/S->A	False	False
N43_2_2	Staphylococcus_aureus	parE	470.0	88.0	Y	0.0	0.0	N	88.0	1.0	1.0	True	Y470N(100%)	N:88	N43	N43	UCMC	Axilla	Week 3	False	0.0	0.0	0.0	0.0	0.0	0.0	Staphylococcus_aureus_parE_470.0_Y->N	True	True
N43_2_2	Staphylococcus_aureus	parE	470.0	88.0	Y	0.0	0.0	N	88.0	1.0	1.0	True	Y470N(100%)	N:88	N43	ZJH_N43	ZCH	Axilla	Week 3	False	0.0	2.0	0.0	0.0	1.0	0.0	Staphylococcus_aureus_parE_470.0_Y->N	True	True
N43_2_2	Staphylococcus_aureus	parE	432.0	205.0	D/S	23.0	0.1122	V	182.0	0.8878	0.8878	True	D/S432V(88%)	D:23;V:182	N43	N43	UCMC	Axilla	Week 3	False	0.0	0.0	0.0	0.0	0.0	0.0	Staphylococcus_aureus_parE_432.0_D/S->V	True	True
N43_2_2	Staphylococcus_aureus	parE	432.0	205.0	D/S	23.0	0.1122	V	182.0	0.8878	0.8878	True	D/S432V(88%)	D:23;V:182	N43	ZJH_N43	ZCH	Axilla	Week 3	False	0.0	2.0	0.0	0.0	1.0	0.0	Staphylococcus_aureus_parE_432.0_D/S->V	True	True
N43_2_3	Staphylococcus_aureus	parE	470.0	90.0	Y	0.0	0.0	N	90.0	1.0	1.0	True	Y470N(100%)	N:90	N43	N43	UCMC	Groin	Week 3	False	0.0	0.0	0.0	0.0	0.0	0.0	Staphylococcus_aureus_parE_470.0_Y->N	True	True
N43_2_3	Staphylococcus_aureus	parE	470.0	90.0	Y	0.0	0.0	N	90.0	1.0	1.0	True	Y470N(100%)	N:90	N43	ZJH_N43	ZCH	Groin	Week 3	False	0.0	2.0	0.0	0.0	1.0	0.0	Staphylococcus_aureus_parE_470.0_Y->N	True	True
N43_2_3	Enterococcus_faecium	gyrA	87.0	25.0	E/S	0.0	0.0	Y	25.0	1.0	1.0	True	E/S87Y(100%)	Y:25	N43	N43	UCMC	Groin	Week 3	False	0.0	0.0	0.0	0.0	0.0	0.0	Enterococcus_faecium_gyrA_87.0_E/S->Y	True	True
N43_2_3	Enterococcus_faecium	gyrA	87.0	25.0	E/S	0.0	0.0	Y	25.0	1.0	1.0	True	E/S87Y(100%)	Y:25	N43	ZJH_N43	ZCH	Groin	Week 3	False	0.0	2.0	0.0	0.0	1.0	0.0	Enterococcus_faecium_gyrA_87.0_E/S->Y	True	True
N43_2_3	Enterococcus_faecalis	gyrA	87.0	18.0	E/S	0.0	0.0	K	18.0	1.0	1.0	True	E/S87K(100%)	K:18	N43	N43	UCMC	Groin	Week 3	False	0.0	0.0	0.0	0.0	0.0	0.0	Enterococcus_faecalis_gyrA_87.0_E/S->K	True	True
N43_2_3	Enterococcus_faecalis	gyrA	87.0	18.0	E/S	0.0	0.0	K	18.0	1.0	1.0	True	E/S87K(100%)	K:18	N43	ZJH_N43	ZCH	Groin	Week 3	False	0.0	2.0	0.0	0.0	1.0	0.0	Enterococcus_faecalis_gyrA_87.0_E/S->K	True	True
N43_2_3	Klebsiella_pneumoniae	gyrA	87.0	368.0	D/S	361.0	0.981	A	5.0	0.0136	0.0054	True	D/S87Y(0%)	A:5;D:361;Y:2	N43	N43	UCMC	Groin	Week 3	False	0.0	0.0	0.0	0.0	0.0	0.0	Klebsiella_pneumoniae_gyrA_87.0_D/S->A	False	False
N43_2_3	Klebsiella_pneumoniae	gyrA	87.0	368.0	D/S	361.0	0.981	A	5.0	0.0136	0.0054	True	D/S87Y(0%)	A:5;D:361;Y:2	N43	ZJH_N43	ZCH	Groin	Week 3	False	0.0	2.0	0.0	0.0	1.0	0.0	Klebsiella_pneumoniae_gyrA_87.0_D/S->A	False	False
N44_1_2	Staphylococcus_aureus	parE	470.0	794.0	Y	0.0	0.0	N	791.0	0.9962	0.9962	True	Y470N(99%)	K:2;N:791;T:1	N44	N44	UCMC	Axilla	Week 1	False	0.0	0.0	0.0	0.0	0.0	0.0	Staphylococcus_aureus_parE_470.0_Y->N	True	True
N44_1_2	Staphylococcus_aureus	parE	470.0	794.0	Y	0.0	0.0	N	791.0	0.9962	0.9962	True	Y470N(99%)	K:2;N:791;T:1	N44	ZJH_N44	ZCH	Axilla	Week 1	False	12.0	12.0	0.0	1.0	1.0	0.0	Staphylococcus_aureus_parE_470.0_Y->N	True	True
N44_1_2	Staphylococcus_aureus	parE	432.0	761.0	D/S	21.0	0.0276	V	730.0	0.9593	0.9593	True	D/S432V(95%)	D:21;G:6;L:3;R:1;V:730	N44	N44	UCMC	Axilla	Week 1	False	0.0	0.0	0.0	0.0	0.0	0.0	Staphylococcus_aureus_parE_432.0_D/S->V	True	True
N44_1_2	Staphylococcus_aureus	parE	432.0	761.0	D/S	21.0	0.0276	V	730.0	0.9593	0.9593	True	D/S432V(95%)	D:21;G:6;L:3;R:1;V:730	N44	ZJH_N44	ZCH	Axilla	Week 1	False	12.0	12.0	0.0	1.0	1.0	0.0	Staphylococcus_aureus_parE_432.0_D/S->V	True	True
N44_1_3	Staphylococcus_aureus	parE	470.0	5.0	Y	0.0	0.0	N	5.0	1.0	1.0	True	Y470N(100%)	N:5	N44	N44	UCMC	Groin	Week 1	False	0.0	0.0	0.0	0.0	0.0	0.0	Staphylococcus_aureus_parE_470.0_Y->N	True	True
N44_1_3	Staphylococcus_aureus	parE	470.0	5.0	Y	0.0	0.0	N	5.0	1.0	1.0	True	Y470N(100%)	N:5	N44	ZJH_N44	ZCH	Groin	Week 1	False	12.0	12.0	0.0	1.0	1.0	0.0	Staphylococcus_aureus_parE_470.0_Y->N	True	True
N44_2_2	Staphylococcus_aureus	parE	470.0	147.0	Y	0.0	0.0	N	147.0	1.0	1.0	True	Y470N(100%)	N:147	N44	N44	UCMC	Axilla	Week 3	False	0.0	0.0	0.0	0.0	0.0	0.0	Staphylococcus_aureus_parE_470.0_Y->N	True	True
N44_2_2	Staphylococcus_aureus	parE	432.0	138.0	D/S	33.0	0.2391	V	105.0	0.7609	0.7609	True	D/S432V(76%)	D:33;V:105	N44	N44	UCMC	Axilla	Week 3	False	0.0	0.0	0.0	0.0	0.0	0.0	Staphylococcus_aureus_parE_432.0_D/S->V	True	True
N44_2_3	Klebsiella_pneumoniae	gyrA	154.0	18.0	K	0.0	0.0	R	18.0	1.0	1.0	True	K154R(100%)	R:18	N44	N44	UCMC	Groin	Week 3	False	0.0	0.0	0.0	0.0	0.0	0.0	Klebsiella_pneumoniae_gyrA_154.0_K->R	True	True
N44_2_3	Enterococcus_faecium	gyrA	87.0	18.0	E/S	0.0	0.0	Y	18.0	1.0	1.0	True	E/S87Y(100%)	Y:18	N44	N44	UCMC	Groin	Week 3	False	0.0	0.0	0.0	0.0	0.0	0.0	Enterococcus_faecium_gyrA_87.0_E/S->Y	True	True
N44_2_3	Enterococcus_faecalis	gyrA	87.0	10.0	E/S	0.0	0.0	K	10.0	1.0	1.0	True	E/S87K(100%)	K:10	N44	N44	UCMC	Groin	Week 3	False	0.0	0.0	0.0	0.0	0.0	0.0	Enterococcus_faecalis_gyrA_87.0_E/S->K	True	True
N44_2_3	Staphylococcus_aureus	parC	80.0	25.0	E/R	0.0	0.0	S	23.0	0.92	0.92	True	E/R80S(92%)	S:23;Y:2	N44	N44	UCMC	Groin	Week 3	False	0.0	0.0	0.0	0.0	0.0	0.0	Staphylococcus_aureus_parC_80.0_E/R->S	True	True
N44_2_3	Staphylococcus_aureus	parE	470.0	43.0	Y	0.0	0.0	N	39.0	0.907	0.907	True	Y470N(90%)	K:4;N:39	N44	N44	UCMC	Groin	Week 3	False	0.0	0.0	0.0	0.0	0.0	0.0	Staphylococcus_aureus_parE_470.0_Y->N	True	True
N44_2_3	Staphylococcus_aureus	parE	432.0	36.0	D/S	33.0	0.9167	H	2.0	0.0556	0.0278	True	D/S432V(2%)	D:33;H:2;V:1	N44	N44	UCMC	Groin	Week 3	False	0.0	0.0	0.0	0.0	0.0	0.0	Staphylococcus_aureus_parE_432.0_D/S->H	False	False
N45_1_2	Staphylococcus_aureus	parE	470.0	213.0	Y	0.0	0.0	N	213.0	1.0	1.0	True	Y470N(100%)	N:213	N45	N45	UCMC	Axilla	Week 1	False	0.0	0.0	0.0	0.0	0.0	0.0	Staphylococcus_aureus_parE_470.0_Y->N	True	True
N45_1_2	Staphylococcus_aureus	parE	470.0	213.0	Y	0.0	0.0	N	213.0	1.0	1.0	True	Y470N(100%)	N:213	N45	ZJH_N45	ZCH	Axilla	Week 1	False	2.0	2.0	0.0	1.0	1.0	0.0	Staphylococcus_aureus_parE_470.0_Y->N	True	True
N45_1_2	Staphylococcus_aureus	parC	80.0	121.0	E/R	0.0	0.0	S	113.0	0.9339	0.9339	True	E/R80S(93%)	S:113;Y:8	N45	N45	UCMC	Axilla	Week 1	False	0.0	0.0	0.0	0.0	0.0	0.0	Staphylococcus_aureus_parC_80.0_E/R->S	True	True
N45_1_2	Staphylococcus_aureus	parC	80.0	121.0	E/R	0.0	0.0	S	113.0	0.9339	0.9339	True	E/R80S(93%)	S:113;Y:8	N45	ZJH_N45	ZCH	Axilla	Week 1	False	2.0	2.0	0.0	1.0	1.0	0.0	Staphylococcus_aureus_parC_80.0_E/R->S	True	True
N45_1_2	Staphylococcus_aureus	parC	84.0	94.0	D/E/S	2.0	0.9574	N	4.0	0.0426	0.0426	True	D/E/S84N(4%)	D:2;E:88;N:4	N45	N45	UCMC	Axilla	Week 1	False	0.0	0.0	0.0	0.0	0.0	0.0	Staphylococcus_aureus_parC_84.0_D/E/S->N	False	False
N45_1_2	Staphylococcus_aureus	parC	84.0	94.0	D/E/S	2.0	0.9574	N	4.0	0.0426	0.0426	True	D/E/S84N(4%)	D:2;E:88;N:4	N45	ZJH_N45	ZCH	Axilla	Week 1	False	2.0	2.0	0.0	1.0	1.0	0.0	Staphylococcus_aureus_parC_84.0_D/E/S->N	False	False
N45_1_3	Staphylococcus_aureus	parE	470.0	6.0	Y	0.0	0.0	N	6.0	1.0	1.0	True	Y470N(100%)	N:6	N45	N45	UCMC	Groin	Week 1	False	0.0	0.0	0.0	0.0	0.0	0.0	Staphylococcus_aureus_parE_470.0_Y->N	True	True
N45_1_3	Staphylococcus_aureus	parE	470.0	6.0	Y	0.0	0.0	N	6.0	1.0	1.0	True	Y470N(100%)	N:6	N45	ZJH_N45	ZCH	Groin	Week 1	False	2.0	2.0	0.0	1.0	1.0	0.0	Staphylococcus_aureus_parE_470.0_Y->N	True	True
N45_1_3	Staphylococcus_aureus	parC	80.0	6.0	E/R	0.0	0.0	S	6.0	1.0	1.0	True	E/R80S(100%)	S:6	N45	N45	UCMC	Groin	Week 1	False	0.0	0.0	0.0	0.0	0.0	0.0	Staphylococcus_aureus_parC_80.0_E/R->S	True	True
N45_1_3	Staphylococcus_aureus	parC	80.0	6.0	E/R	0.0	0.0	S	6.0	1.0	1.0	True	E/R80S(100%)	S:6	N45	ZJH_N45	ZCH	Groin	Week 1	False	2.0	2.0	0.0	1.0	1.0	0.0	Staphylococcus_aureus_parC_80.0_E/R->S	True	True
N45_1_3	Enterococcus_faecium	gyrA	87.0	226.0	E/S	0.0	0.0044	Y	225.0	0.9956	0.9956	True	E/S87Y(99%)	S:1;Y:225	N45	N45	UCMC	Groin	Week 1	False	0.0	0.0	0.0	0.0	0.0	0.0	Enterococcus_faecium_gyrA_87.0_E/S->Y	True	True
N45_1_3	Enterococcus_faecium	gyrA	87.0	226.0	E/S	0.0	0.0044	Y	225.0	0.9956	0.9956	True	E/S87Y(99%)	S:1;Y:225	N45	ZJH_N45	ZCH	Groin	Week 1	False	2.0	2.0	0.0	1.0	1.0	0.0	Enterococcus_faecium_gyrA_87.0_E/S->Y	True	True
N45_1_3	Enterococcus_faecalis	gyrA	87.0	280.0	E/S	0.0	0.0	K	275.0	0.9821	0.9821	True	E/S87K(98%)	I:2;K:275;Q:1;R:2	N45	N45	UCMC	Groin	Week 1	False	0.0	0.0	0.0	0.0	0.0	0.0	Enterococcus_faecalis_gyrA_87.0_E/S->K	True	True
N45_1_3	Enterococcus_faecalis	gyrA	87.0	280.0	E/S	0.0	0.0	K	275.0	0.9821	0.9821	True	E/S87K(98%)	I:2;K:275;Q:1;R:2	N45	ZJH_N45	ZCH	Groin	Week 1	False	2.0	2.0	0.0	1.0	1.0	0.0	Enterococcus_faecalis_gyrA_87.0_E/S->K	True	True
N45_1_3	Klebsiella_pneumoniae	gyrA	83.0	435.0	D/S	0.0	0.9908	A	4.0	0.0092	0.0092	True	D/S83A(0%)	A:4;S:431	N45	N45	UCMC	Groin	Week 1	False	0.0	0.0	0.0	0.0	0.0	0.0	Klebsiella_pneumoniae_gyrA_83.0_D/S->A	False	False
N45_1_3	Klebsiella_pneumoniae	gyrA	83.0	435.0	D/S	0.0	0.9908	A	4.0	0.0092	0.0092	True	D/S83A(0%)	A:4;S:431	N45	ZJH_N45	ZCH	Groin	Week 1	False	2.0	2.0	0.0	1.0	1.0	0.0	Klebsiella_pneumoniae_gyrA_83.0_D/S->A	False	False
N45_1_3	Klebsiella_oxytoca	parC	80.0	445.0	S	442.0	0.9933	T	2.0	0.0045	0.0022	True	S80R(0%)	R:1;S:442;T:2	N45	N45	UCMC	Groin	Week 1	False	0.0	0.0	0.0	0.0	0.0	0.0	Klebsiella_oxytoca_parC_80.0_S->T	False	False
N45_1_3	Klebsiella_oxytoca	parC	80.0	445.0	S	442.0	0.9933	T	2.0	0.0045	0.0022	True	S80R(0%)	R:1;S:442;T:2	N45	ZJH_N45	ZCH	Groin	Week 1	False	2.0	2.0	0.0	1.0	1.0	0.0	Klebsiella_oxytoca_parC_80.0_S->T	False	False
N45_1_4	Staphylococcus_aureus	parC	80.0	38.0	E/R	0.0	0.0	S	38.0	1.0	1.0	True	E/R80S(100%)	S:38	N45	N45	UCMC	Stool	Week 1	False	0.0	0.0	0.0	0.0	0.0	0.0	Staphylococcus_aureus_parC_80.0_E/R->S	True	True
N45_1_4	Staphylococcus_aureus	parC	80.0	38.0	E/R	0.0	0.0	S	38.0	1.0	1.0	True	E/R80S(100%)	S:38	N45	ZJH_N45	ZCH	Stool	Week 1	False	2.0	2.0	0.0	1.0	1.0	0.0	Staphylococcus_aureus_parC_80.0_E/R->S	True	True
N45_1_4	Enterococcus_faecalis	gyrA	87.0	20.0	E/S	0.0	0.0	K	20.0	1.0	1.0	True	E/S87K(100%)	K:20	N45	N45	UCMC	Stool	Week 1	False	0.0	0.0	0.0	0.0	0.0	0.0	Enterococcus_faecalis_gyrA_87.0_E/S->K	True	True
N45_1_4	Enterococcus_faecalis	gyrA	87.0	20.0	E/S	0.0	0.0	K	20.0	1.0	1.0	True	E/S87K(100%)	K:20	N45	ZJH_N45	ZCH	Stool	Week 1	False	2.0	2.0	0.0	1.0	1.0	0.0	Enterococcus_faecalis_gyrA_87.0_E/S->K	True	True
N45_1_4	Enterococcus_faecium	gyrA	87.0	11.0	E/S	0.0	0.0	Y	11.0	1.0	1.0	True	E/S87Y(100%)	Y:11	N45	N45	UCMC	Stool	Week 1	False	0.0	0.0	0.0	0.0	0.0	0.0	Enterococcus_faecium_gyrA_87.0_E/S->Y	True	True
N45_1_4	Enterococcus_faecium	gyrA	87.0	11.0	E/S	0.0	0.0	Y	11.0	1.0	1.0	True	E/S87Y(100%)	Y:11	N45	ZJH_N45	ZCH	Stool	Week 1	False	2.0	2.0	0.0	1.0	1.0	0.0	Enterococcus_faecium_gyrA_87.0_E/S->Y	True	True
N45_1_4	Staphylococcus_aureus	parE	470.0	139.0	Y	0.0	0.0	N	139.0	1.0	1.0	True	Y470N(100%)	N:139	N45	N45	UCMC	Stool	Week 1	False	0.0	0.0	0.0	0.0	0.0	0.0	Staphylococcus_aureus_parE_470.0_Y->N	True	True
N45_1_4	Staphylococcus_aureus	parE	470.0	139.0	Y	0.0	0.0	N	139.0	1.0	1.0	True	Y470N(100%)	N:139	N45	ZJH_N45	ZCH	Stool	Week 1	False	2.0	2.0	0.0	1.0	1.0	0.0	Staphylococcus_aureus_parE_470.0_Y->N	True	True
N45_2_2	Staphylococcus_aureus	parE	470.0	5.0	Y	0.0	0.0	N	5.0	1.0	1.0	True	Y470N(100%)	N:5	N45	N45	UCMC	Axilla	Week 3	False	0.0	0.0	0.0	0.0	0.0	0.0	Staphylococcus_aureus_parE_470.0_Y->N	True	True
N45_2_2	Staphylococcus_aureus	parE	470.0	5.0	Y	0.0	0.0	N	5.0	1.0	1.0	True	Y470N(100%)	N:5	N45	ZJH_N45	ZCH	Axilla	Week 3	False	0.0	2.0	0.0	0.0	1.0	0.0	Staphylococcus_aureus_parE_470.0_Y->N	True	True
N45_2_3	Enterococcus_faecium	gyrA	87.0	179.0	E/S	0.0	0.0	Y	179.0	1.0	1.0	True	E/S87Y(100%)	Y:179	N45	N45	UCMC	Groin	Week 3	False	0.0	0.0	0.0	0.0	0.0	0.0	Enterococcus_faecium_gyrA_87.0_E/S->Y	True	True
N45_2_3	Enterococcus_faecium	gyrA	87.0	179.0	E/S	0.0	0.0	Y	179.0	1.0	1.0	True	E/S87Y(100%)	Y:179	N45	ZJH_N45	ZCH	Groin	Week 3	False	0.0	2.0	0.0	0.0	1.0	0.0	Enterococcus_faecium_gyrA_87.0_E/S->Y	True	True
N45_2_3	Enterococcus_faecalis	gyrA	87.0	21.0	E/S	0.0	0.0	K	21.0	1.0	1.0	True	E/S87K(100%)	K:21	N45	N45	UCMC	Groin	Week 3	False	0.0	0.0	0.0	0.0	0.0	0.0	Enterococcus_faecalis_gyrA_87.0_E/S->K	True	True
N45_2_3	Enterococcus_faecalis	gyrA	87.0	21.0	E/S	0.0	0.0	K	21.0	1.0	1.0	True	E/S87K(100%)	K:21	N45	ZJH_N45	ZCH	Groin	Week 3	False	0.0	2.0	0.0	0.0	1.0	0.0	Enterococcus_faecalis_gyrA_87.0_E/S->K	True	True
N45_2_3	Staphylococcus_aureus	parE	470.0	14.0	Y	0.0	0.0	N	14.0	1.0	1.0	True	Y470N(100%)	N:14	N45	N45	UCMC	Groin	Week 3	False	0.0	0.0	0.0	0.0	0.0	0.0	Staphylococcus_aureus_parE_470.0_Y->N	True	True
N45_2_3	Staphylococcus_aureus	parE	470.0	14.0	Y	0.0	0.0	N	14.0	1.0	1.0	True	Y470N(100%)	N:14	N45	ZJH_N45	ZCH	Groin	Week 3	False	0.0	2.0	0.0	0.0	1.0	0.0	Staphylococcus_aureus_parE_470.0_Y->N	True	True
N45_2_3	Klebsiella_pneumoniae	gyrA	154.0	85.0	K	0.0	0.0	R	85.0	1.0	1.0	True	K154R(100%)	R:85	N45	N45	UCMC	Groin	Week 3	False	0.0	0.0	0.0	0.0	0.0	0.0	Klebsiella_pneumoniae_gyrA_154.0_K->R	True	True
N45_2_3	Klebsiella_pneumoniae	gyrA	154.0	85.0	K	0.0	0.0	R	85.0	1.0	1.0	True	K154R(100%)	R:85	N45	ZJH_N45	ZCH	Groin	Week 3	False	0.0	2.0	0.0	0.0	1.0	0.0	Klebsiella_pneumoniae_gyrA_154.0_K->R	True	True
N45_2_3	Klebsiella_oxytoca	parC	80.0	141.0	S	139.0	0.9858	R	2.0	0.0142	0.0142	True	S80R(1%)	R:2;S:139	N45	N45	UCMC	Groin	Week 3	False	0.0	0.0	0.0	0.0	0.0	0.0	Klebsiella_oxytoca_parC_80.0_S->R	False	False
N45_2_3	Klebsiella_oxytoca	parC	80.0	141.0	S	139.0	0.9858	R	2.0	0.0142	0.0142	True	S80R(1%)	R:2;S:139	N45	ZJH_N45	ZCH	Groin	Week 3	False	0.0	2.0	0.0	0.0	1.0	0.0	Klebsiella_oxytoca_parC_80.0_S->R	False	False
N46_1_2	Staphylococcus_aureus	parE	470.0	295.0	Y	0.0	0.0	N	295.0	1.0	1.0	True	Y470N(100%)	N:295	N46	N46	UCMC	Axilla	Week 1	False	0.0	0.0	0.0	0.0	0.0	0.0	Staphylococcus_aureus_parE_470.0_Y->N	True	True
N46_1_2	Staphylococcus_aureus	parE	470.0	295.0	Y	0.0	0.0	N	295.0	1.0	1.0	True	Y470N(100%)	N:295	N46	ZJH_N46	ZCH	Axilla	Week 1	False	2.0	2.0	0.0	1.0	1.0	0.0	Staphylococcus_aureus_parE_470.0_Y->N	True	True
N46_1_2	Klebsiella_pneumoniae	gyrA	154.0	11.0	K	0.0	0.0	R	11.0	1.0	1.0	True	K154R(100%)	R:11	N46	N46	UCMC	Axilla	Week 1	False	0.0	0.0	0.0	0.0	0.0	0.0	Klebsiella_pneumoniae_gyrA_154.0_K->R	True	True
N46_1_2	Klebsiella_pneumoniae	gyrA	154.0	11.0	K	0.0	0.0	R	11.0	1.0	1.0	True	K154R(100%)	R:11	N46	ZJH_N46	ZCH	Axilla	Week 1	False	2.0	2.0	0.0	1.0	1.0	0.0	Klebsiella_pneumoniae_gyrA_154.0_K->R	True	True
N46_1_2	Staphylococcus_aureus	parC	84.0	69.0	D/E/S	66.0	0.9565	N	3.0	0.0435	0.0435	True	D/E/S84N(4%)	D:66;N:3	N46	N46	UCMC	Axilla	Week 1	False	0.0	0.0	0.0	0.0	0.0	0.0	Staphylococcus_aureus_parC_84.0_D/E/S->N	False	False
N46_1_2	Staphylococcus_aureus	parC	84.0	69.0	D/E/S	66.0	0.9565	N	3.0	0.0435	0.0435	True	D/E/S84N(4%)	D:66;N:3	N46	ZJH_N46	ZCH	Axilla	Week 1	False	2.0	2.0	0.0	1.0	1.0	0.0	Staphylococcus_aureus_parC_84.0_D/E/S->N	False	False
N46_1_3	Staphylococcus_aureus	parC	80.0	17.0	E/R	0.0	0.0	S	17.0	1.0	1.0	True	E/R80S(100%)	S:17	N46	N46	UCMC	Groin	Week 1	False	0.0	0.0	0.0	0.0	0.0	0.0	Staphylococcus_aureus_parC_80.0_E/R->S	True	True
N46_1_3	Staphylococcus_aureus	parE	470.0	44.0	Y	0.0	0.0	N	43.0	0.9773	0.9773	True	Y470N(97%)	H:1;N:43	N46	N46	UCMC	Groin	Week 1	False	0.0	0.0	0.0	0.0	0.0	0.0	Staphylococcus_aureus_parE_470.0_Y->N	True	True
N46_2_2	Staphylococcus_aureus	parE	470.0	187.0	Y	0.0	0.0	N	186.0	0.9947	0.9947	True	Y470N(99%)	I:1;N:186	N46	N46	UCMC	Axilla	Week 3	False	0.0	0.0	0.0	0.0	0.0	0.0	Staphylococcus_aureus_parE_470.0_Y->N	True	True
N46_2_2	Staphylococcus_aureus	parE	470.0	187.0	Y	0.0	0.0	N	186.0	0.9947	0.9947	True	Y470N(99%)	I:1;N:186	N46	ZJH_N46	ZCH	Axilla	Week 3	False	0.0	2.0	0.0	0.0	1.0	0.0	Staphylococcus_aureus_parE_470.0_Y->N	True	True
N46_2_2	Escherichia_coli	parC	78.0	7.0	A/G	0.0	0.8571	V	1.0	0.1429	0.1429	True	A/G78V(14%)	G:6;V:1	N46	N46	UCMC	Axilla	Week 3	False	0.0	0.0	0.0	0.0	0.0	0.0	Escherichia_coli_parC_78.0_A/G->V	False	True
N46_2_2	Escherichia_coli	parC	78.0	7.0	A/G	0.0	0.8571	V	1.0	0.1429	0.1429	True	A/G78V(14%)	G:6;V:1	N46	ZJH_N46	ZCH	Axilla	Week 3	False	0.0	2.0	0.0	0.0	1.0	0.0	Escherichia_coli_parC_78.0_A/G->V	False	True
N46_2_2	Staphylococcus_aureus	parC	84.0	35.0	D/E/S	31.0	0.8857	N	4.0	0.1143	0.1143	True	D/E/S84N(11%)	D:31;N:4	N46	N46	UCMC	Axilla	Week 3	False	0.0	0.0	0.0	0.0	0.0	0.0	Staphylococcus_aureus_parC_84.0_D/E/S->N	False	True
N46_2_2	Staphylococcus_aureus	parC	84.0	35.0	D/E/S	31.0	0.8857	N	4.0	0.1143	0.1143	True	D/E/S84N(11%)	D:31;N:4	N46	ZJH_N46	ZCH	Axilla	Week 3	False	0.0	2.0	0.0	0.0	1.0	0.0	Staphylococcus_aureus_parC_84.0_D/E/S->N	False	True
N46_2_2	Staphylococcus_aureus	parE	432.0	228.0	D/S	222.0	0.9737	Y	3.0	0.0132	0.0088	True	D/S432V(0%)	D:222;G:1;V:2;Y:3	N46	N46	UCMC	Axilla	Week 3	False	0.0	0.0	0.0	0.0	0.0	0.0	Staphylococcus_aureus_parE_432.0_D/S->Y	False	False
N46_2_2	Staphylococcus_aureus	parE	432.0	228.0	D/S	222.0	0.9737	Y	3.0	0.0132	0.0088	True	D/S432V(0%)	D:222;G:1;V:2;Y:3	N46	ZJH_N46	ZCH	Axilla	Week 3	False	0.0	2.0	0.0	0.0	1.0	0.0	Staphylococcus_aureus_parE_432.0_D/S->Y	False	False
N46_2_3	Enterococcus_faecalis	gyrA	87.0	12.0	E/S	0.0	0.0	K	12.0	1.0	1.0	True	E/S87K(100%)	K:12	N46	N46	UCMC	Groin	Week 3	False	0.0	0.0	0.0	0.0	0.0	0.0	Enterococcus_faecalis_gyrA_87.0_E/S->K	True	True
N46_2_3	Enterococcus_faecalis	gyrA	87.0	12.0	E/S	0.0	0.0	K	12.0	1.0	1.0	True	E/S87K(100%)	K:12	N46	ZJH_N46	ZCH	Groin	Week 3	False	0.0	2.0	0.0	0.0	1.0	0.0	Enterococcus_faecalis_gyrA_87.0_E/S->K	True	True
N46_2_3	Enterococcus_faecium	gyrA	87.0	20.0	E/S	0.0	0.0	Y	20.0	1.0	1.0	True	E/S87Y(100%)	Y:20	N46	N46	UCMC	Groin	Week 3	False	0.0	0.0	0.0	0.0	0.0	0.0	Enterococcus_faecium_gyrA_87.0_E/S->Y	True	True
N46_2_3	Enterococcus_faecium	gyrA	87.0	20.0	E/S	0.0	0.0	Y	20.0	1.0	1.0	True	E/S87Y(100%)	Y:20	N46	ZJH_N46	ZCH	Groin	Week 3	False	0.0	2.0	0.0	0.0	1.0	0.0	Enterococcus_faecium_gyrA_87.0_E/S->Y	True	True
N46_2_3	Staphylococcus_aureus	parE	470.0	363.0	Y	0.0	0.0	N	360.0	0.9917	0.9917	True	Y470N(99%)	I:1;K:2;N:360	N46	N46	UCMC	Groin	Week 3	False	0.0	0.0	0.0	0.0	0.0	0.0	Staphylococcus_aureus_parE_470.0_Y->N	True	True
N46_2_3	Staphylococcus_aureus	parE	470.0	363.0	Y	0.0	0.0	N	360.0	0.9917	0.9917	True	Y470N(99%)	I:1;K:2;N:360	N46	ZJH_N46	ZCH	Groin	Week 3	False	0.0	2.0	0.0	0.0	1.0	0.0	Staphylococcus_aureus_parE_470.0_Y->N	True	True
N46_2_3	Staphylococcus_aureus	parC	80.0	190.0	E/R	0.0	0.0	S	176.0	0.9263	0.9263	True	E/R80S(92%)	C:2;F:12;S:176	N46	N46	UCMC	Groin	Week 3	False	0.0	0.0	0.0	0.0	0.0	0.0	Staphylococcus_aureus_parC_80.0_E/R->S	True	True
N46_2_3	Staphylococcus_aureus	parC	80.0	190.0	E/R	0.0	0.0	S	176.0	0.9263	0.9263	True	E/R80S(92%)	C:2;F:12;S:176	N46	ZJH_N46	ZCH	Groin	Week 3	False	0.0	2.0	0.0	0.0	1.0	0.0	Staphylococcus_aureus_parC_80.0_E/R->S	True	True
N46_2_3	Escherichia_coli	parE	458.0	427.0	D/S	0.0	0.993	A	3.0	0.007	0.007	True	D/S458A(0%)	A:3;S:424	N46	N46	UCMC	Groin	Week 3	False	0.0	0.0	0.0	0.0	0.0	0.0	Escherichia_coli_parE_458.0_D/S->A	False	False
N46_2_3	Escherichia_coli	parE	458.0	427.0	D/S	0.0	0.993	A	3.0	0.007	0.007	True	D/S458A(0%)	A:3;S:424	N46	ZJH_N46	ZCH	Groin	Week 3	False	0.0	2.0	0.0	0.0	1.0	0.0	Escherichia_coli_parE_458.0_D/S->A	False	False
N46_2_3	Klebsiella_oxytoca	parC	80.0	453.0	S	451.0	0.9956	R	2.0	0.0044	0.0044	True	S80R(0%)	R:2;S:451	N46	N46	UCMC	Groin	Week 3	False	0.0	0.0	0.0	0.0	0.0	0.0	Klebsiella_oxytoca_parC_80.0_S->R	False	False
N46_2_3	Klebsiella_oxytoca	parC	80.0	453.0	S	451.0	0.9956	R	2.0	0.0044	0.0044	True	S80R(0%)	R:2;S:451	N46	ZJH_N46	ZCH	Groin	Week 3	False	0.0	2.0	0.0	0.0	1.0	0.0	Klebsiella_oxytoca_parC_80.0_S->R	False	False
N46_2_3	Klebsiella_pneumoniae	gyrA	87.0	786.0	D/S	775.0	0.986	A	5.0	0.0064	0.0025	True	D/S87Y(0%)	A:5;D:775;E:2;R:2;Y:2	N46	N46	UCMC	Groin	Week 3	False	0.0	0.0	0.0	0.0	0.0	0.0	Klebsiella_pneumoniae_gyrA_87.0_D/S->A	False	False
N46_2_3	Klebsiella_pneumoniae	gyrA	87.0	786.0	D/S	775.0	0.986	A	5.0	0.0064	0.0025	True	D/S87Y(0%)	A:5;D:775;E:2;R:2;Y:2	N46	ZJH_N46	ZCH	Groin	Week 3	False	0.0	2.0	0.0	0.0	1.0	0.0	Klebsiella_pneumoniae_gyrA_87.0_D/S->A	False	False
N46_2_3	Staphylococcus_aureus	gyrA	84.0	1371.0	G/S	0.0	0.9438	F	51.0	0.0372	0.0022	True	G/S84Y(0%)	F:51;K:8;R:6;S:1294;T:9;Y:3	N46	N46	UCMC	Groin	Week 3	False	0.0	0.0	0.0	0.0	0.0	0.0	Staphylococcus_aureus_gyrA_84.0_G/S->F	False	False
N46_2_3	Staphylococcus_aureus	gyrA	84.0	1371.0	G/S	0.0	0.9438	F	51.0	0.0372	0.0022	True	G/S84Y(0%)	F:51;K:8;R:6;S:1294;T:9;Y:3	N46	ZJH_N46	ZCH	Groin	Week 3	False	0.0	2.0	0.0	0.0	1.0	0.0	Staphylococcus_aureus_gyrA_84.0_G/S->F	False	False
N46_2_3	Escherichia_coli	parC	78.0	479.0	A/G	0.0	0.9875	R	5.0	0.0104	0.0021	True	A/G78V(0%)	G:473;R:5;V:1	N46	N46	UCMC	Groin	Week 3	False	0.0	0.0	0.0	0.0	0.0	0.0	Escherichia_coli_parC_78.0_A/G->R	False	False
N46_2_3	Escherichia_coli	parC	78.0	479.0	A/G	0.0	0.9875	R	5.0	0.0104	0.0021	True	A/G78V(0%)	G:473;R:5;V:1	N46	ZJH_N46	ZCH	Groin	Week 3	False	0.0	2.0	0.0	0.0	1.0	0.0	Escherichia_coli_parC_78.0_A/G->R	False	False
N46_2_4	Staphylococcus_aureus	parE	470.0	9.0	Y	0.0	0.0	N	9.0	1.0	1.0	True	Y470N(100%)	N:9	N46	N46	UCMC	Stool	Week 3	False	0.0	0.0	0.0	0.0	0.0	0.0	Staphylococcus_aureus_parE_470.0_Y->N	True	True
N46_2_4	Staphylococcus_aureus	parE	470.0	9.0	Y	0.0	0.0	N	9.0	1.0	1.0	True	Y470N(100%)	N:9	N46	ZJH_N46	ZCH	Stool	Week 3	False	0.0	2.0	0.0	0.0	1.0	0.0	Staphylococcus_aureus_parE_470.0_Y->N	True	True
N46_2_4	Enterococcus_faecium	gyrA	87.0	34.0	E/S	0.0	0.0	Y	34.0	1.0	1.0	True	E/S87Y(100%)	Y:34	N46	N46	UCMC	Stool	Week 3	False	0.0	0.0	0.0	0.0	0.0	0.0	Enterococcus_faecium_gyrA_87.0_E/S->Y	True	True
N46_2_4	Enterococcus_faecium	gyrA	87.0	34.0	E/S	0.0	0.0	Y	34.0	1.0	1.0	True	E/S87Y(100%)	Y:34	N46	ZJH_N46	ZCH	Stool	Week 3	False	0.0	2.0	0.0	0.0	1.0	0.0	Enterococcus_faecium_gyrA_87.0_E/S->Y	True	True
N46_2_4	Enterococcus_faecalis	gyrA	87.0	41.0	E/S	0.0	0.0	K	41.0	1.0	1.0	True	E/S87K(100%)	K:41	N46	N46	UCMC	Stool	Week 3	False	0.0	0.0	0.0	0.0	0.0	0.0	Enterococcus_faecalis_gyrA_87.0_E/S->K	True	True
N46_2_4	Enterococcus_faecalis	gyrA	87.0	41.0	E/S	0.0	0.0	K	41.0	1.0	1.0	True	E/S87K(100%)	K:41	N46	ZJH_N46	ZCH	Stool	Week 3	False	0.0	2.0	0.0	0.0	1.0	0.0	Enterococcus_faecalis_gyrA_87.0_E/S->K	True	True
N46_2_4	Escherichia_coli	parE	475.0	609.0	D	607.0	0.9967	V	2.0	0.0033	0.0033	True	D475V(0%)	D:607;V:2	N46	N46	UCMC	Stool	Week 3	False	0.0	0.0	0.0	0.0	0.0	0.0	Escherichia_coli_parE_475.0_D->V	False	False
N46_2_4	Escherichia_coli	parE	475.0	609.0	D	607.0	0.9967	V	2.0	0.0033	0.0033	True	D475V(0%)	D:607;V:2	N46	ZJH_N46	ZCH	Stool	Week 3	False	0.0	2.0	0.0	0.0	1.0	0.0	Escherichia_coli_parE_475.0_D->V	False	False
N47_1_2	Staphylococcus_aureus	parE	470.0	551.0	Y	0.0	0.0	N	550.0	0.9982	0.9982	True	Y470N(99%)	H:1;N:550	N47	N47	UCMC	Axilla	Week 1	False	0.0	0.0	0.0	0.0	0.0	0.0	Staphylococcus_aureus_parE_470.0_Y->N	True	True
N47_1_2	Staphylococcus_aureus	parE	470.0	551.0	Y	0.0	0.0	N	550.0	0.9982	0.9982	True	Y470N(99%)	H:1;N:550	N47	ZJH_N47	ZCH	Axilla	Week 1	False	13.0	13.0	17.0	1.0	1.0	1.0	Staphylococcus_aureus_parE_470.0_Y->N	True	True
N47_1_2	Staphylococcus_aureus	parC	84.0	36.0	D/E/S	5.0	0.1389	N	31.0	0.8611	0.8611	True	D/E/S84N(86%)	D:5;N:31	N47	N47	UCMC	Axilla	Week 1	False	0.0	0.0	0.0	0.0	0.0	0.0	Staphylococcus_aureus_parC_84.0_D/E/S->N	True	True
N47_1_2	Staphylococcus_aureus	parC	84.0	36.0	D/E/S	5.0	0.1389	N	31.0	0.8611	0.8611	True	D/E/S84N(86%)	D:5;N:31	N47	ZJH_N47	ZCH	Axilla	Week 1	False	13.0	13.0	17.0	1.0	1.0	1.0	Staphylococcus_aureus_parC_84.0_D/E/S->N	True	True
N47_1_2	Staphylococcus_aureus	parE	432.0	433.0	D/S	414.0	0.9561	V	17.0	0.0393	0.0393	True	D/S432V(3%)	A:1;D:414;V:17;W:1	N47	N47	UCMC	Axilla	Week 1	False	0.0	0.0	0.0	0.0	0.0	0.0	Staphylococcus_aureus_parE_432.0_D/S->V	False	False
N47_1_2	Staphylococcus_aureus	parE	432.0	433.0	D/S	414.0	0.9561	V	17.0	0.0393	0.0393	True	D/S432V(3%)	A:1;D:414;V:17;W:1	N47	ZJH_N47	ZCH	Axilla	Week 1	False	13.0	13.0	17.0	1.0	1.0	1.0	Staphylococcus_aureus_parE_432.0_D/S->V	False	False
N47_1_3	Staphylococcus_aureus	parE	470.0	385.0	Y	0.0	0.0	N	385.0	1.0	1.0	True	Y470N(100%)	N:385	N47	N47	UCMC	Groin	Week 1	False	0.0	0.0	0.0	0.0	0.0	0.0	Staphylococcus_aureus_parE_470.0_Y->N	True	True
N47_1_3	Staphylococcus_aureus	parE	470.0	385.0	Y	0.0	0.0	N	385.0	1.0	1.0	True	Y470N(100%)	N:385	N47	ZJH_N47	ZCH	Groin	Week 1	False	13.0	13.0	17.0	1.0	1.0	1.0	Staphylococcus_aureus_parE_470.0_Y->N	True	True
N47_1_3	Staphylococcus_aureus	parE	432.0	477.0	D/S	125.0	0.2621	V	342.0	0.717	0.717	True	D/S432V(71%)	D:125;F:2;G:6;L:2;V:342	N47	N47	UCMC	Groin	Week 1	False	0.0	0.0	0.0	0.0	0.0	0.0	Staphylococcus_aureus_parE_432.0_D/S->V	False	True
N47_1_3	Staphylococcus_aureus	parE	432.0	477.0	D/S	125.0	0.2621	V	342.0	0.717	0.717	True	D/S432V(71%)	D:125;F:2;G:6;L:2;V:342	N47	ZJH_N47	ZCH	Groin	Week 1	False	13.0	13.0	17.0	1.0	1.0	1.0	Staphylococcus_aureus_parE_432.0_D/S->V	False	True
N47_2_2	Staphylococcus_aureus	parE	470.0	70.0	Y	0.0	0.0	N	70.0	1.0	1.0	True	Y470N(100%)	N:70	N47	N47	UCMC	Axilla	Week 3	False	0.0	0.0	0.0	0.0	0.0	0.0	Staphylococcus_aureus_parE_470.0_Y->N	True	True
N47_2_2	Staphylococcus_aureus	parE	470.0	70.0	Y	0.0	0.0	N	70.0	1.0	1.0	True	Y470N(100%)	N:70	N47	ZJH_N47	ZCH	Axilla	Week 3	False	17.0	13.0	17.0	1.0	1.0	1.0	Staphylococcus_aureus_parE_470.0_Y->N	True	True
N47_2_2	Staphylococcus_aureus	parE	432.0	76.0	D/S	49.0	0.6447	V	25.0	0.3289	0.3289	True	D/S432V(32%)	D:49;I:2;V:25	N47	N47	UCMC	Axilla	Week 3	False	0.0	0.0	0.0	0.0	0.0	0.0	Staphylococcus_aureus_parE_432.0_D/S->V	False	True
N47_2_2	Staphylococcus_aureus	parE	432.0	76.0	D/S	49.0	0.6447	V	25.0	0.3289	0.3289	True	D/S432V(32%)	D:49;I:2;V:25	N47	ZJH_N47	ZCH	Axilla	Week 3	False	17.0	13.0	17.0	1.0	1.0	1.0	Staphylococcus_aureus_parE_432.0_D/S->V	False	True
N47_2_2	Staphylococcus_aureus	parC	84.0	15.0	D/E/S	11.0	0.7333	N	4.0	0.2667	0.2667	True	D/E/S84N(26%)	D:11;N:4	N47	N47	UCMC	Axilla	Week 3	False	0.0	0.0	0.0	0.0	0.0	0.0	Staphylococcus_aureus_parC_84.0_D/E/S->N	False	True
N47_2_2	Staphylococcus_aureus	parC	84.0	15.0	D/E/S	11.0	0.7333	N	4.0	0.2667	0.2667	True	D/E/S84N(26%)	D:11;N:4	N47	ZJH_N47	ZCH	Axilla	Week 3	False	17.0	13.0	17.0	1.0	1.0	1.0	Staphylococcus_aureus_parC_84.0_D/E/S->N	False	True
N47_2_3	Staphylococcus_aureus	parE	470.0	98.0	Y	0.0	0.0	N	98.0	1.0	1.0	True	Y470N(100%)	N:98	N47	N47	UCMC	Groin	Week 3	False	0.0	0.0	0.0	0.0	0.0	0.0	Staphylococcus_aureus_parE_470.0_Y->N	True	True
N47_2_3	Staphylococcus_aureus	parE	470.0	98.0	Y	0.0	0.0	N	98.0	1.0	1.0	True	Y470N(100%)	N:98	N47	ZJH_N47	ZCH	Groin	Week 3	False	17.0	13.0	17.0	1.0	1.0	1.0	Staphylococcus_aureus_parE_470.0_Y->N	True	True
N47_2_3	Staphylococcus_aureus	parC	80.0	52.0	E/R	0.0	0.0	S	48.0	0.9231	0.9231	True	E/R80S(92%)	S:48;Y:4	N47	N47	UCMC	Groin	Week 3	False	0.0	0.0	0.0	0.0	0.0	0.0	Staphylococcus_aureus_parC_80.0_E/R->S	True	True
N47_2_3	Staphylococcus_aureus	parC	80.0	52.0	E/R	0.0	0.0	S	48.0	0.9231	0.9231	True	E/R80S(92%)	S:48;Y:4	N47	ZJH_N47	ZCH	Groin	Week 3	False	17.0	13.0	17.0	1.0	1.0	1.0	Staphylococcus_aureus_parC_80.0_E/R->S	True	True
N47_2_3	Staphylococcus_aureus	parE	432.0	135.0	D/S	123.0	0.9111	V	12.0	0.0889	0.0889	True	D/S432V(8%)	D:123;V:12	N47	N47	UCMC	Groin	Week 3	False	0.0	0.0	0.0	0.0	0.0	0.0	Staphylococcus_aureus_parE_432.0_D/S->V	False	False
N47_2_3	Staphylococcus_aureus	parE	432.0	135.0	D/S	123.0	0.9111	V	12.0	0.0889	0.0889	True	D/S432V(8%)	D:123;V:12	N47	ZJH_N47	ZCH	Groin	Week 3	False	17.0	13.0	17.0	1.0	1.0	1.0	Staphylococcus_aureus_parE_432.0_D/S->V	False	False
N47_2_3	Escherichia_coli	parE	458.0	179.0	D/S	0.0	0.9944	A	1.0	0.0056	0.0056	True	D/S458A(0%)	A:1;S:178	N47	N47	UCMC	Groin	Week 3	False	0.0	0.0	0.0	0.0	0.0	0.0	Escherichia_coli_parE_458.0_D/S->A	False	False
N47_2_3	Escherichia_coli	parE	458.0	179.0	D/S	0.0	0.9944	A	1.0	0.0056	0.0056	True	D/S458A(0%)	A:1;S:178	N47	ZJH_N47	ZCH	Groin	Week 3	False	17.0	13.0	17.0	1.0	1.0	1.0	Escherichia_coli_parE_458.0_D/S->A	False	False
N47_2_4	Staphylococcus_aureus	parE	470.0	41.0	Y	0.0	0.0	N	41.0	1.0	1.0	True	Y470N(100%)	N:41	N47	N47	UCMC	Stool	Week 3	False	0.0	0.0	0.0	0.0	0.0	0.0	Staphylococcus_aureus_parE_470.0_Y->N	True	True
N47_2_4	Staphylococcus_aureus	parE	470.0	41.0	Y	0.0	0.0	N	41.0	1.0	1.0	True	Y470N(100%)	N:41	N47	ZJH_N47	ZCH	Stool	Week 3	False	17.0	13.0	17.0	1.0	1.0	1.0	Staphylococcus_aureus_parE_470.0_Y->N	True	True
N47_2_4	Staphylococcus_aureus	parC	80.0	10.0	E/R	0.0	0.0	S	10.0	1.0	1.0	True	E/R80S(100%)	S:10	N47	N47	UCMC	Stool	Week 3	False	0.0	0.0	0.0	0.0	0.0	0.0	Staphylococcus_aureus_parC_80.0_E/R->S	True	True
N47_2_4	Staphylococcus_aureus	parC	80.0	10.0	E/R	0.0	0.0	S	10.0	1.0	1.0	True	E/R80S(100%)	S:10	N47	ZJH_N47	ZCH	Stool	Week 3	False	17.0	13.0	17.0	1.0	1.0	1.0	Staphylococcus_aureus_parC_80.0_E/R->S	True	True
N47_2_4	Klebsiella_oxytoca	parC	80.0	224.0	S	221.0	0.9866	T	2.0	0.0089	0.0045	True	S80I(0%)	I:1;S:221;T:2	N47	N47	UCMC	Stool	Week 3	False	0.0	0.0	0.0	0.0	0.0	0.0	Klebsiella_oxytoca_parC_80.0_S->T	False	False
N47_2_4	Klebsiella_oxytoca	parC	80.0	224.0	S	221.0	0.9866	T	2.0	0.0089	0.0045	True	S80I(0%)	I:1;S:221;T:2	N47	ZJH_N47	ZCH	Stool	Week 3	False	17.0	13.0	17.0	1.0	1.0	1.0	Klebsiella_oxytoca_parC_80.0_S->T	False	False
N48_1_2	Staphylococcus_aureus	parE	470.0	683.0	Y	0.0	0.0	N	679.0	0.9941	0.9941	True	Y470N(99%)	I:3;N:679;T:1	N48	N48	UCMC	Axilla	Week 1	False	0.0	0.0	0.0	0.0	0.0	0.0	Staphylococcus_aureus_parE_470.0_Y->N	True	True
N48_1_2	Staphylococcus_aureus	parE	432.0	659.0	D/S	1.0	0.0015	V	653.0	0.9909	0.9909	True	D/S432V(99%)	C:2;D:1;G:3;V:653	N48	N48	UCMC	Axilla	Week 1	False	0.0	0.0	0.0	0.0	0.0	0.0	Staphylococcus_aureus_parE_432.0_D/S->V	True	True
N48_1_3	Staphylococcus_aureus	parE	470.0	320.0	Y	0.0	0.0	N	319.0	0.9969	0.9969	True	Y470N(99%)	I:1;N:319	N48	N48	UCMC	Groin	Week 1	False	0.0	0.0	0.0	0.0	0.0	0.0	Staphylococcus_aureus_parE_470.0_Y->N	True	True
N48_1_3	Staphylococcus_aureus	parE	470.0	320.0	Y	0.0	0.0	N	319.0	0.9969	0.9969	True	Y470N(99%)	I:1;N:319	N48	ZJH_N48	ZCH	Groin	Week 1	False	0.0	0.0	0.0	0.0	0.0	0.0	Staphylococcus_aureus_parE_470.0_Y->N	True	True
N48_1_3	Staphylococcus_aureus	parE	432.0	525.0	D/S	282.0	0.5371	V	236.0	0.4495	0.4495	True	D/S432V(44%)	D:282;G:2;L:1;R:1;V:236;Y:3	N48	N48	UCMC	Groin	Week 1	False	0.0	0.0	0.0	0.0	0.0	0.0	Staphylococcus_aureus_parE_432.0_D/S->V	False	True
N48_1_3	Staphylococcus_aureus	parE	432.0	525.0	D/S	282.0	0.5371	V	236.0	0.4495	0.4495	True	D/S432V(44%)	D:282;G:2;L:1;R:1;V:236;Y:3	N48	ZJH_N48	ZCH	Groin	Week 1	False	0.0	0.0	0.0	0.0	0.0	0.0	Staphylococcus_aureus_parE_432.0_D/S->V	False	True
N48_2_2	Staphylococcus_aureus	parE	470.0	271.0	Y	0.0	0.0	N	269.0	0.9926	0.9926	True	Y470N(99%)	K:2;N:269	N48	N48	UCMC	Axilla	Week 3	False	0.0	0.0	0.0	0.0	0.0	0.0	Staphylococcus_aureus_parE_470.0_Y->N	True	True
N48_2_2	Staphylococcus_aureus	parE	470.0	271.0	Y	0.0	0.0	N	269.0	0.9926	0.9926	True	Y470N(99%)	K:2;N:269	N48	ZJH_N48	ZCH	Axilla	Week 3	False	0.0	0.0	0.0	0.0	0.0	0.0	Staphylococcus_aureus_parE_470.0_Y->N	True	True
N48_2_2	Staphylococcus_aureus	parE	432.0	366.0	D/S	20.0	0.0546	V	343.0	0.9372	0.9372	True	D/S432V(93%)	D:20;G:3;V:343	N48	N48	UCMC	Axilla	Week 3	False	0.0	0.0	0.0	0.0	0.0	0.0	Staphylococcus_aureus_parE_432.0_D/S->V	True	True
N48_2_2	Staphylococcus_aureus	parE	432.0	366.0	D/S	20.0	0.0546	V	343.0	0.9372	0.9372	True	D/S432V(93%)	D:20;G:3;V:343	N48	ZJH_N48	ZCH	Axilla	Week 3	False	0.0	0.0	0.0	0.0	0.0	0.0	Staphylococcus_aureus_parE_432.0_D/S->V	True	True
N48_2_3	Enterococcus_faecium	gyrA	87.0	18.0	E/S	0.0	0.0	Y	18.0	1.0	1.0	True	E/S87Y(100%)	Y:18	N48	N48	UCMC	Groin	Week 3	False	0.0	0.0	0.0	0.0	0.0	0.0	Enterococcus_faecium_gyrA_87.0_E/S->Y	True	True
N48_2_3	Staphylococcus_aureus	parE	470.0	84.0	Y	0.0	0.0	N	83.0	0.9881	0.9881	True	Y470N(98%)	H:1;N:83	N48	N48	UCMC	Groin	Week 3	False	0.0	0.0	0.0	0.0	0.0	0.0	Staphylococcus_aureus_parE_470.0_Y->N	True	True
N48_2_3	Staphylococcus_aureus	parE	432.0	116.0	D/S	114.0	0.9828	V	2.0	0.0172	0.0172	True	D/S432V(1%)	D:114;V:2	N48	N48	UCMC	Groin	Week 3	False	0.0	0.0	0.0	0.0	0.0	0.0	Staphylococcus_aureus_parE_432.0_D/S->V	False	False
N48_2_3	Escherichia_coli	parE	458.0	445.0	D/S	0.0	0.9933	A	2.0	0.0045	0.0045	True	D/S458A(0%)	A:2;P:1;S:442	N48	N48	UCMC	Groin	Week 3	False	0.0	0.0	0.0	0.0	0.0	0.0	Escherichia_coli_parE_458.0_D/S->A	False	False
N48_2_3	Klebsiella_oxytoca	gyrA	87.0	338.0	D	316.0	0.9349	A	18.0	0.0533	0.003	True	D87G(0%)	A:18;D:316;G:1;Y:3	N48	N48	UCMC	Groin	Week 3	False	0.0	0.0	0.0	0.0	0.0	0.0	Klebsiella_oxytoca_gyrA_87.0_D->A	False	False
N48_2_3	Escherichia_coli	parE	475.0	537.0	D	526.0	0.9795	E	6.0	0.0112	0.0019	True	D475V(0%)	A:2;D:526;E:6;V:1;Y:2	N48	N48	UCMC	Groin	Week 3	False	0.0	0.0	0.0	0.0	0.0	0.0	Escherichia_coli_parE_475.0_D->E	False	False
N48_2_4	Staphylococcus_aureus	parE	470.0	71.0	Y	0.0	0.0	N	71.0	1.0	1.0	True	Y470N(100%)	N:71	N48	N48	UCMC	Stool	Week 3	False	0.0	0.0	0.0	0.0	0.0	0.0	Staphylococcus_aureus_parE_470.0_Y->N	True	True
N48_2_4	Staphylococcus_aureus	parE	470.0	71.0	Y	0.0	0.0	N	71.0	1.0	1.0	True	Y470N(100%)	N:71	N48	ZJH_N48	ZCH	Stool	Week 3	False	0.0	0.0	0.0	0.0	0.0	0.0	Staphylococcus_aureus_parE_470.0_Y->N	True	True
N48_2_4	Staphylococcus_aureus	parC	80.0	27.0	E/R	0.0	0.0	S	27.0	1.0	1.0	True	E/R80S(100%)	S:27	N48	N48	UCMC	Stool	Week 3	False	0.0	0.0	0.0	0.0	0.0	0.0	Staphylococcus_aureus_parC_80.0_E/R->S	True	True
N48_2_4	Staphylococcus_aureus	parC	80.0	27.0	E/R	0.0	0.0	S	27.0	1.0	1.0	True	E/R80S(100%)	S:27	N48	ZJH_N48	ZCH	Stool	Week 3	False	0.0	0.0	0.0	0.0	0.0	0.0	Staphylococcus_aureus_parC_80.0_E/R->S	True	True
N48_2_4	Pseudomonas_aeruginosa	gyrA	87.0	26.0	D/S	20.0	0.7692	Y	6.0	0.2308	0.2308	True	D/S87Y(23%)	D:20;Y:6	N48	N48	UCMC	Stool	Week 3	False	0.0	0.0	0.0	0.0	0.0	0.0	Pseudomonas_aeruginosa_gyrA_87.0_D/S->Y	False	True
N48_2_4	Pseudomonas_aeruginosa	gyrA	87.0	26.0	D/S	20.0	0.7692	Y	6.0	0.2308	0.2308	True	D/S87Y(23%)	D:20;Y:6	N48	ZJH_N48	ZCH	Stool	Week 3	False	0.0	0.0	0.0	0.0	0.0	0.0	Pseudomonas_aeruginosa_gyrA_87.0_D/S->Y	False	True
N48_2_4	Staphylococcus_aureus	parE	432.0	60.0	D/S	58.0	0.9667	V	2.0	0.0333	0.0333	True	D/S432V(3%)	D:58;V:2	N48	N48	UCMC	Stool	Week 3	False	0.0	0.0	0.0	0.0	0.0	0.0	Staphylococcus_aureus_parE_432.0_D/S->V	False	False
N48_2_4	Staphylococcus_aureus	parE	432.0	60.0	D/S	58.0	0.9667	V	2.0	0.0333	0.0333	True	D/S432V(3%)	D:58;V:2	N48	ZJH_N48	ZCH	Stool	Week 3	False	0.0	0.0	0.0	0.0	0.0	0.0	Staphylococcus_aureus_parE_432.0_D/S->V	False	False
N48_2_4	Escherichia_coli	parE	458.0	283.0	D/S	0.0	0.9929	A	2.0	0.0071	0.0071	True	D/S458A(0%)	A:2;S:281	N48	N48	UCMC	Stool	Week 3	False	0.0	0.0	0.0	0.0	0.0	0.0	Escherichia_coli_parE_458.0_D/S->A	False	False
N48_2_4	Escherichia_coli	parE	458.0	283.0	D/S	0.0	0.9929	A	2.0	0.0071	0.0071	True	D/S458A(0%)	A:2;S:281	N48	ZJH_N48	ZCH	Stool	Week 3	False	0.0	0.0	0.0	0.0	0.0	0.0	Escherichia_coli_parE_458.0_D/S->A	False	False
N49_1_2	Staphylococcus_aureus	parE	470.0	27.0	Y	0.0	0.0	N	27.0	1.0	1.0	True	Y470N(100%)	N:27	N49	N49	UCMC	Axilla	Week 1	True	0.0	0.0	0.0	0.0	0.0	0.0	Staphylococcus_aureus_parE_470.0_Y->N	True	True
N49_1_2	Staphylococcus_aureus	parE	470.0	27.0	Y	0.0	0.0	N	27.0	1.0	1.0	True	Y470N(100%)	N:27	N49	ZJH_N49	ZCH	Axilla	Week 1	False	12.0	12.0	16.0	1.0	1.0	1.0	Staphylococcus_aureus_parE_470.0_Y->N	True	True
N49_1_2	Staphylococcus_aureus	parE	432.0	42.0	D/S	21.0	0.5	V	21.0	0.5	0.5	True	D/S432V(50%)	D:21;V:21	N49	N49	UCMC	Axilla	Week 1	True	0.0	0.0	0.0	0.0	0.0	0.0	Staphylococcus_aureus_parE_432.0_D/S->V	False	True
N49_1_2	Staphylococcus_aureus	parE	432.0	42.0	D/S	21.0	0.5	V	21.0	0.5	0.5	True	D/S432V(50%)	D:21;V:21	N49	ZJH_N49	ZCH	Axilla	Week 1	False	12.0	12.0	16.0	1.0	1.0	1.0	Staphylococcus_aureus_parE_432.0_D/S->V	False	True
N49_1_4	Klebsiella_pneumoniae	gyrA	154.0	6.0	K	0.0	0.0	R	6.0	1.0	1.0	True	K154R(100%)	R:6	N49	N49	UCMC	Stool	Week 1	True	0.0	0.0	0.0	0.0	0.0	0.0	Klebsiella_pneumoniae_gyrA_154.0_K->R	True	True
N49_1_4	Klebsiella_pneumoniae	gyrA	154.0	6.0	K	0.0	0.0	R	6.0	1.0	1.0	True	K154R(100%)	R:6	N49	ZJH_N49	ZCH	Stool	Week 1	False	12.0	12.0	16.0	1.0	1.0	1.0	Klebsiella_pneumoniae_gyrA_154.0_K->R	True	True
N49_1_4	Enterococcus_faecium	gyrA	87.0	315.0	E/S	0.0	0.0	Y	315.0	1.0	1.0	True	E/S87Y(100%)	Y:315	N49	N49	UCMC	Stool	Week 1	True	0.0	0.0	0.0	0.0	0.0	0.0	Enterococcus_faecium_gyrA_87.0_E/S->Y	True	True
N49_1_4	Enterococcus_faecium	gyrA	87.0	315.0	E/S	0.0	0.0	Y	315.0	1.0	1.0	True	E/S87Y(100%)	Y:315	N49	ZJH_N49	ZCH	Stool	Week 1	False	12.0	12.0	16.0	1.0	1.0	1.0	Enterococcus_faecium_gyrA_87.0_E/S->Y	True	True
N49_1_4	Staphylococcus_aureus	parE	470.0	323.0	Y	0.0	0.0	N	323.0	1.0	1.0	True	Y470N(100%)	N:323	N49	N49	UCMC	Stool	Week 1	True	0.0	0.0	0.0	0.0	0.0	0.0	Staphylococcus_aureus_parE_470.0_Y->N	True	True
N49_1_4	Staphylococcus_aureus	parE	470.0	323.0	Y	0.0	0.0	N	323.0	1.0	1.0	True	Y470N(100%)	N:323	N49	ZJH_N49	ZCH	Stool	Week 1	False	12.0	12.0	16.0	1.0	1.0	1.0	Staphylococcus_aureus_parE_470.0_Y->N	True	True
N49_1_4	Enterococcus_faecalis	gyrA	87.0	793.0	E/S	0.0	0.0	K	792.0	0.9987	0.9987	True	E/S87K(99%)	I:1;K:792	N49	N49	UCMC	Stool	Week 1	True	0.0	0.0	0.0	0.0	0.0	0.0	Enterococcus_faecalis_gyrA_87.0_E/S->K	True	True
N49_1_4	Enterococcus_faecalis	gyrA	87.0	793.0	E/S	0.0	0.0	K	792.0	0.9987	0.9987	True	E/S87K(99%)	I:1;K:792	N49	ZJH_N49	ZCH	Stool	Week 1	False	12.0	12.0	16.0	1.0	1.0	1.0	Enterococcus_faecalis_gyrA_87.0_E/S->K	True	True
N49_1_4	Staphylococcus_aureus	parC	80.0	106.0	E/R	0.0	0.0	S	101.0	0.9528	0.9528	True	E/R80S(95%)	S:101;Y:5	N49	N49	UCMC	Stool	Week 1	True	0.0	0.0	0.0	0.0	0.0	0.0	Staphylococcus_aureus_parC_80.0_E/R->S	True	True
N49_1_4	Staphylococcus_aureus	parC	80.0	106.0	E/R	0.0	0.0	S	101.0	0.9528	0.9528	True	E/R80S(95%)	S:101;Y:5	N49	ZJH_N49	ZCH	Stool	Week 1	False	12.0	12.0	16.0	1.0	1.0	1.0	Staphylococcus_aureus_parC_80.0_E/R->S	True	True
N49_1_4	Staphylococcus_aureus	gyrA	84.0	469.0	G/S	0.0	0.9595	F	11.0	0.0235	0.0128	True	G/S84Y(1%)	F:11;K:2;S:450;Y:6	N49	N49	UCMC	Stool	Week 1	True	0.0	0.0	0.0	0.0	0.0	0.0	Staphylococcus_aureus_gyrA_84.0_G/S->F	False	False
N49_1_4	Staphylococcus_aureus	gyrA	84.0	469.0	G/S	0.0	0.9595	F	11.0	0.0235	0.0128	True	G/S84Y(1%)	F:11;K:2;S:450;Y:6	N49	ZJH_N49	ZCH	Stool	Week 1	False	12.0	12.0	16.0	1.0	1.0	1.0	Staphylococcus_aureus_gyrA_84.0_G/S->F	False	False
N49_1_4	Staphylococcus_aureus	parE	432.0	258.0	D/S	255.0	0.9884	V	3.0	0.0116	0.0116	True	D/S432V(1%)	D:255;V:3	N49	N49	UCMC	Stool	Week 1	True	0.0	0.0	0.0	0.0	0.0	0.0	Staphylococcus_aureus_parE_432.0_D/S->V	False	False
N49_1_4	Staphylococcus_aureus	parE	432.0	258.0	D/S	255.0	0.9884	V	3.0	0.0116	0.0116	True	D/S432V(1%)	D:255;V:3	N49	ZJH_N49	ZCH	Stool	Week 1	False	12.0	12.0	16.0	1.0	1.0	1.0	Staphylococcus_aureus_parE_432.0_D/S->V	False	False
N49_2_2	Staphylococcus_aureus	parE	470.0	43.0	Y	0.0	0.0	N	43.0	1.0	1.0	True	Y470N(100%)	N:43	N49	N49	UCMC	Axilla	Week 3	True	0.0	0.0	0.0	0.0	0.0	0.0	Staphylococcus_aureus_parE_470.0_Y->N	True	True
N49_2_2	Staphylococcus_aureus	parE	470.0	43.0	Y	0.0	0.0	N	43.0	1.0	1.0	True	Y470N(100%)	N:43	N49	ZJH_N49	ZCH	Axilla	Week 3	False	16.0	12.0	16.0	1.0	1.0	1.0	Staphylococcus_aureus_parE_470.0_Y->N	True	True
N49_2_2	Staphylococcus_aureus	parE	432.0	42.0	D/S	23.0	0.5476	V	19.0	0.4524	0.4524	True	D/S432V(45%)	D:23;V:19	N49	N49	UCMC	Axilla	Week 3	True	0.0	0.0	0.0	0.0	0.0	0.0	Staphylococcus_aureus_parE_432.0_D/S->V	False	True
N49_2_2	Staphylococcus_aureus	parE	432.0	42.0	D/S	23.0	0.5476	V	19.0	0.4524	0.4524	True	D/S432V(45%)	D:23;V:19	N49	ZJH_N49	ZCH	Axilla	Week 3	False	16.0	12.0	16.0	1.0	1.0	1.0	Staphylococcus_aureus_parE_432.0_D/S->V	False	True
N49_2_3	Staphylococcus_aureus	parE	470.0	6.0	Y	0.0	0.0	N	6.0	1.0	1.0	True	Y470N(100%)	N:6	N49	N49	UCMC	Groin	Week 3	True	0.0	0.0	0.0	0.0	0.0	0.0	Staphylococcus_aureus_parE_470.0_Y->N	True	True
N49_2_3	Klebsiella_pneumoniae	gyrA	154.0	169.0	K	0.0	0.0	R	169.0	1.0	1.0	True	K154R(100%)	R:169	N49	N49	UCMC	Groin	Week 3	True	0.0	0.0	0.0	0.0	0.0	0.0	Klebsiella_pneumoniae_gyrA_154.0_K->R	True	True
N49_2_3	Escherichia_coli	parE	458.0	157.0	D/S	0.0	0.9745	A	4.0	0.0255	0.0255	True	D/S458A(2%)	A:4;S:153	N49	N49	UCMC	Groin	Week 3	True	0.0	0.0	0.0	0.0	0.0	0.0	Escherichia_coli_parE_458.0_D/S->A	False	False
N49_2_4	Klebsiella_pneumoniae	gyrA	154.0	749.0	K	0.0	0.0	R	749.0	1.0	1.0	True	K154R(100%)	R:749	N49	N49	UCMC	Stool	Week 3	True	0.0	0.0	0.0	0.0	0.0	0.0	Klebsiella_pneumoniae_gyrA_154.0_K->R	True	True
N49_2_4	Klebsiella_pneumoniae	gyrA	154.0	749.0	K	0.0	0.0	R	749.0	1.0	1.0	True	K154R(100%)	R:749	N49	ZJH_N49	ZCH	Stool	Week 3	False	16.0	12.0	16.0	1.0	1.0	1.0	Klebsiella_pneumoniae_gyrA_154.0_K->R	True	True
N49_2_4	Staphylococcus_aureus	parE	470.0	5.0	Y	0.0	0.0	N	5.0	1.0	1.0	True	Y470N(100%)	N:5	N49	N49	UCMC	Stool	Week 3	True	0.0	0.0	0.0	0.0	0.0	0.0	Staphylococcus_aureus_parE_470.0_Y->N	True	True
N49_2_4	Staphylococcus_aureus	parE	470.0	5.0	Y	0.0	0.0	N	5.0	1.0	1.0	True	Y470N(100%)	N:5	N49	ZJH_N49	ZCH	Stool	Week 3	False	16.0	12.0	16.0	1.0	1.0	1.0	Staphylococcus_aureus_parE_470.0_Y->N	True	True
N50_2_2	Staphylococcus_aureus	parE	470.0	6.0	Y	0.0	0.0	N	6.0	1.0	1.0	True	Y470N(100%)	N:6	N50	N50	UCMC	Axilla	Week 3	False	0.0	0.0	0.0	0.0	0.0	0.0	Staphylococcus_aureus_parE_470.0_Y->N	True	True
N50_2_2	Staphylococcus_aureus	parE	470.0	6.0	Y	0.0	0.0	N	6.0	1.0	1.0	True	Y470N(100%)	N:6	N50	ZJH_N50	ZCH	Axilla	Week 3	False	7.0	16.0	7.0	1.0	1.0	1.0	Staphylococcus_aureus_parE_470.0_Y->N	True	True
N50_2_2	Staphylococcus_aureus	parC	80.0	14.0	E/R	0.0	0.0	S	13.0	0.9286	0.9286	True	E/R80S(92%)	L:1;S:13	N50	N50	UCMC	Axilla	Week 3	False	0.0	0.0	0.0	0.0	0.0	0.0	Staphylococcus_aureus_parC_80.0_E/R->S	True	True
N50_2_2	Staphylococcus_aureus	parC	80.0	14.0	E/R	0.0	0.0	S	13.0	0.9286	0.9286	True	E/R80S(92%)	L:1;S:13	N50	ZJH_N50	ZCH	Axilla	Week 3	False	7.0	16.0	7.0	1.0	1.0	1.0	Staphylococcus_aureus_parC_80.0_E/R->S	True	True
N50_2_2	Staphylococcus_aureus	parE	432.0	26.0	D/S	20.0	0.7692	V	6.0	0.2308	0.2308	True	D/S432V(23%)	D:20;V:6	N50	N50	UCMC	Axilla	Week 3	False	0.0	0.0	0.0	0.0	0.0	0.0	Staphylococcus_aureus_parE_432.0_D/S->V	False	True
N50_2_2	Staphylococcus_aureus	parE	432.0	26.0	D/S	20.0	0.7692	V	6.0	0.2308	0.2308	True	D/S432V(23%)	D:20;V:6	N50	ZJH_N50	ZCH	Axilla	Week 3	False	7.0	16.0	7.0	1.0	1.0	1.0	Staphylococcus_aureus_parE_432.0_D/S->V	False	True
N50_2_3	Enterococcus_faecalis	gyrA	87.0	14.0	E/S	0.0	0.0	K	14.0	1.0	1.0	True	E/S87K(100%)	K:14	N50	N50	UCMC	Groin	Week 3	False	0.0	0.0	0.0	0.0	0.0	0.0	Enterococcus_faecalis_gyrA_87.0_E/S->K	True	True
N50_2_3	Enterococcus_faecalis	gyrA	87.0	14.0	E/S	0.0	0.0	K	14.0	1.0	1.0	True	E/S87K(100%)	K:14	N50	ZJH_N50	ZCH	Groin	Week 3	False	7.0	16.0	7.0	1.0	1.0	1.0	Enterococcus_faecalis_gyrA_87.0_E/S->K	True	True
N50_2_3	Enterococcus_faecium	gyrA	87.0	7.0	E/S	0.0	0.0	Y	7.0	1.0	1.0	True	E/S87Y(100%)	Y:7	N50	N50	UCMC	Groin	Week 3	False	0.0	0.0	0.0	0.0	0.0	0.0	Enterococcus_faecium_gyrA_87.0_E/S->Y	True	True
N50_2_3	Enterococcus_faecium	gyrA	87.0	7.0	E/S	0.0	0.0	Y	7.0	1.0	1.0	True	E/S87Y(100%)	Y:7	N50	ZJH_N50	ZCH	Groin	Week 3	False	7.0	16.0	7.0	1.0	1.0	1.0	Enterococcus_faecium_gyrA_87.0_E/S->Y	True	True
N50_2_3	Staphylococcus_aureus	parE	470.0	23.0	Y	0.0	0.0	N	23.0	1.0	1.0	True	Y470N(100%)	N:23	N50	N50	UCMC	Groin	Week 3	False	0.0	0.0	0.0	0.0	0.0	0.0	Staphylococcus_aureus_parE_470.0_Y->N	True	True
N50_2_3	Staphylococcus_aureus	parE	470.0	23.0	Y	0.0	0.0	N	23.0	1.0	1.0	True	Y470N(100%)	N:23	N50	ZJH_N50	ZCH	Groin	Week 3	False	7.0	16.0	7.0	1.0	1.0	1.0	Staphylococcus_aureus_parE_470.0_Y->N	True	True
N50_2_3	Staphylococcus_aureus	gyrA	84.0	333.0	G/S	0.0	0.8889	R	20.0	0.0601	0.045	True	G/S84L(4%)	A:1;K:1;L:15;R:20;S:296	N50	N50	UCMC	Groin	Week 3	False	0.0	0.0	0.0	0.0	0.0	0.0	Staphylococcus_aureus_gyrA_84.0_G/S->R	False	False
N50_2_3	Staphylococcus_aureus	gyrA	84.0	333.0	G/S	0.0	0.8889	R	20.0	0.0601	0.045	True	G/S84L(4%)	A:1;K:1;L:15;R:20;S:296	N50	ZJH_N50	ZCH	Groin	Week 3	False	7.0	16.0	7.0	1.0	1.0	1.0	Staphylococcus_aureus_gyrA_84.0_G/S->R	False	False
N50_2_3	Klebsiella_oxytoca	gyrA	87.0	326.0	D	323.0	0.9908	G	2.0	0.0061	0.0061	True	D87G(0%)	D:323;G:2;V:1	N50	N50	UCMC	Groin	Week 3	False	0.0	0.0	0.0	0.0	0.0	0.0	Klebsiella_oxytoca_gyrA_87.0_D->G	False	False
N50_2_3	Klebsiella_oxytoca	gyrA	87.0	326.0	D	323.0	0.9908	G	2.0	0.0061	0.0061	True	D87G(0%)	D:323;G:2;V:1	N50	ZJH_N50	ZCH	Groin	Week 3	False	7.0	16.0	7.0	1.0	1.0	1.0	Klebsiella_oxytoca_gyrA_87.0_D->G	False	False
N50_2_3	Escherichia_coli	parE	458.0	389.0	D/S	0.0	0.9974	Y	1.0	0.0026	0.0026	True	D/S458Y(0%)	S:388;Y:1	N50	N50	UCMC	Groin	Week 3	False	0.0	0.0	0.0	0.0	0.0	0.0	Escherichia_coli_parE_458.0_D/S->Y	False	False
N50_2_3	Escherichia_coli	parE	458.0	389.0	D/S	0.0	0.9974	Y	1.0	0.0026	0.0026	True	D/S458Y(0%)	S:388;Y:1	N50	ZJH_N50	ZCH	Groin	Week 3	False	7.0	16.0	7.0	1.0	1.0	1.0	Escherichia_coli_parE_458.0_D/S->Y	False	False
N50_2_4	Enterococcus_faecium	gyrA	87.0	5.0	E/S	0.0	0.0	Y	5.0	1.0	1.0	True	E/S87Y(100%)	Y:5	N50	N50	UCMC	Stool	Week 3	False	0.0	0.0	0.0	0.0	0.0	0.0	Enterococcus_faecium_gyrA_87.0_E/S->Y	True	True
N50_2_4	Enterococcus_faecium	gyrA	87.0	5.0	E/S	0.0	0.0	Y	5.0	1.0	1.0	True	E/S87Y(100%)	Y:5	N50	ZJH_N50	ZCH	Stool	Week 3	False	7.0	16.0	7.0	1.0	1.0	1.0	Enterococcus_faecium_gyrA_87.0_E/S->Y	True	True
N50_2_4	Staphylococcus_aureus	parC	80.0	7.0	E/R	0.0	0.0	S	7.0	1.0	1.0	True	E/R80S(100%)	S:7	N50	N50	UCMC	Stool	Week 3	False	0.0	0.0	0.0	0.0	0.0	0.0	Staphylococcus_aureus_parC_80.0_E/R->S	True	True
N50_2_4	Staphylococcus_aureus	parC	80.0	7.0	E/R	0.0	0.0	S	7.0	1.0	1.0	True	E/R80S(100%)	S:7	N50	ZJH_N50	ZCH	Stool	Week 3	False	7.0	16.0	7.0	1.0	1.0	1.0	Staphylococcus_aureus_parC_80.0_E/R->S	True	True
N50_2_4	Enterococcus_faecalis	gyrA	87.0	12.0	E/S	0.0	0.0	K	12.0	1.0	1.0	True	E/S87K(100%)	K:12	N50	N50	UCMC	Stool	Week 3	False	0.0	0.0	0.0	0.0	0.0	0.0	Enterococcus_faecalis_gyrA_87.0_E/S->K	True	True
N50_2_4	Enterococcus_faecalis	gyrA	87.0	12.0	E/S	0.0	0.0	K	12.0	1.0	1.0	True	E/S87K(100%)	K:12	N50	ZJH_N50	ZCH	Stool	Week 3	False	7.0	16.0	7.0	1.0	1.0	1.0	Enterococcus_faecalis_gyrA_87.0_E/S->K	True	True
N50_2_4	Staphylococcus_aureus	parE	470.0	7.0	Y	0.0	0.0	N	7.0	1.0	1.0	True	Y470N(100%)	N:7	N50	N50	UCMC	Stool	Week 3	False	0.0	0.0	0.0	0.0	0.0	0.0	Staphylococcus_aureus_parE_470.0_Y->N	True	True
N50_2_4	Staphylococcus_aureus	parE	470.0	7.0	Y	0.0	0.0	N	7.0	1.0	1.0	True	Y470N(100%)	N:7	N50	ZJH_N50	ZCH	Stool	Week 3	False	7.0	16.0	7.0	1.0	1.0	1.0	Staphylococcus_aureus_parE_470.0_Y->N	True	True
N50_2_4	Escherichia_coli	parE	458.0	834.0	D/S	0.0	0.9976	A	2.0	0.0024	0.0024	True	D/S458A(0%)	A:2;S:832	N50	N50	UCMC	Stool	Week 3	False	0.0	0.0	0.0	0.0	0.0	0.0	Escherichia_coli_parE_458.0_D/S->A	False	False
N50_2_4	Escherichia_coli	parE	458.0	834.0	D/S	0.0	0.9976	A	2.0	0.0024	0.0024	True	D/S458A(0%)	A:2;S:832	N50	ZJH_N50	ZCH	Stool	Week 3	False	7.0	16.0	7.0	1.0	1.0	1.0	Escherichia_coli_parE_458.0_D/S->A	False	False
N51_1_2	Staphylococcus_aureus	parE	470.0	195.0	Y	0.0	0.0	N	195.0	1.0	1.0	True	Y470N(100%)	N:195	N51	N51	UCMC	Axilla	Week 1	True	0.0	0.0	0.0	0.0	0.0	0.0	Staphylococcus_aureus_parE_470.0_Y->N	True	True
N51_1_2	Staphylococcus_aureus	parE	470.0	195.0	Y	0.0	0.0	N	195.0	1.0	1.0	True	Y470N(100%)	N:195	N51	ZJH_N51	ZCH	Axilla	Week 1	False	12.0	12.0	0.0	1.0	1.0	0.0	Staphylococcus_aureus_parE_470.0_Y->N	True	True
N51_1_2	Staphylococcus_aureus	parE	432.0	381.0	D/S	28.0	0.0735	V	353.0	0.9265	0.9265	True	D/S432V(92%)	D:28;V:353	N51	N51	UCMC	Axilla	Week 1	True	0.0	0.0	0.0	0.0	0.0	0.0	Staphylococcus_aureus_parE_432.0_D/S->V	True	True
N51_1_2	Staphylococcus_aureus	parE	432.0	381.0	D/S	28.0	0.0735	V	353.0	0.9265	0.9265	True	D/S432V(92%)	D:28;V:353	N51	ZJH_N51	ZCH	Axilla	Week 1	False	12.0	12.0	0.0	1.0	1.0	0.0	Staphylococcus_aureus_parE_432.0_D/S->V	True	True
N51_1_2	Klebsiella_pneumoniae	gyrA	83.0	9.0	D/S	0.0	0.7778	A	2.0	0.2222	0.2222	True	D/S83A(22%)	A:2;S:7	N51	N51	UCMC	Axilla	Week 1	True	0.0	0.0	0.0	0.0	0.0	0.0	Klebsiella_pneumoniae_gyrA_83.0_D/S->A	False	True
N51_1_2	Klebsiella_pneumoniae	gyrA	83.0	9.0	D/S	0.0	0.7778	A	2.0	0.2222	0.2222	True	D/S83A(22%)	A:2;S:7	N51	ZJH_N51	ZCH	Axilla	Week 1	False	12.0	12.0	0.0	1.0	1.0	0.0	Klebsiella_pneumoniae_gyrA_83.0_D/S->A	False	True
N51_1_3	Staphylococcus_aureus	parE	470.0	12.0	Y	0.0	0.0	N	12.0	1.0	1.0	True	Y470N(100%)	N:12	N51	N51	UCMC	Groin	Week 1	True	0.0	0.0	0.0	0.0	0.0	0.0	Staphylococcus_aureus_parE_470.0_Y->N	True	True
N51_1_3	Staphylococcus_aureus	parE	470.0	12.0	Y	0.0	0.0	N	12.0	1.0	1.0	True	Y470N(100%)	N:12	N51	ZJH_N51	ZCH	Groin	Week 1	False	12.0	12.0	0.0	1.0	1.0	0.0	Staphylococcus_aureus_parE_470.0_Y->N	True	True
N51_1_3	Staphylococcus_aureus	parE	432.0	41.0	D/S	21.0	0.5122	V	20.0	0.4878	0.4878	True	D/S432V(48%)	D:21;V:20	N51	N51	UCMC	Groin	Week 1	True	0.0	0.0	0.0	0.0	0.0	0.0	Staphylococcus_aureus_parE_432.0_D/S->V	False	True
N51_1_3	Staphylococcus_aureus	parE	432.0	41.0	D/S	21.0	0.5122	V	20.0	0.4878	0.4878	True	D/S432V(48%)	D:21;V:20	N51	ZJH_N51	ZCH	Groin	Week 1	False	12.0	12.0	0.0	1.0	1.0	0.0	Staphylococcus_aureus_parE_432.0_D/S->V	False	True
N51_2_3	Enterococcus_faecium	gyrA	87.0	18.0	E/S	0.0	0.0	Y	18.0	1.0	1.0	True	E/S87Y(100%)	Y:18	N51	N51	UCMC	Groin	Week 3	True	0.0	0.0	0.0	0.0	0.0	0.0	Enterococcus_faecium_gyrA_87.0_E/S->Y	True	True
N51_2_3	Enterococcus_faecium	gyrA	87.0	18.0	E/S	0.0	0.0	Y	18.0	1.0	1.0	True	E/S87Y(100%)	Y:18	N51	ZJH_N51	ZCH	Groin	Week 3	False	0.0	12.0	0.0	0.0	1.0	0.0	Enterococcus_faecium_gyrA_87.0_E/S->Y	True	True
N51_2_3	Klebsiella_pneumoniae	gyrA	154.0	22.0	K	0.0	0.0	R	22.0	1.0	1.0	True	K154R(100%)	R:22	N51	N51	UCMC	Groin	Week 3	True	0.0	0.0	0.0	0.0	0.0	0.0	Klebsiella_pneumoniae_gyrA_154.0_K->R	True	True
N51_2_3	Klebsiella_pneumoniae	gyrA	154.0	22.0	K	0.0	0.0	R	22.0	1.0	1.0	True	K154R(100%)	R:22	N51	ZJH_N51	ZCH	Groin	Week 3	False	0.0	12.0	0.0	0.0	1.0	0.0	Klebsiella_pneumoniae_gyrA_154.0_K->R	True	True
N51_2_4	Klebsiella_pneumoniae	gyrA	154.0	99.0	K	0.0	0.0	R	99.0	1.0	1.0	True	K154R(100%)	R:99	N51	N51	UCMC	Stool	Week 3	True	0.0	0.0	0.0	0.0	0.0	0.0	Klebsiella_pneumoniae_gyrA_154.0_K->R	True	True
N51_2_4	Klebsiella_pneumoniae	gyrA	154.0	99.0	K	0.0	0.0	R	99.0	1.0	1.0	True	K154R(100%)	R:99	N51	ZJH_N51	ZCH	Stool	Week 3	False	0.0	12.0	0.0	0.0	1.0	0.0	Klebsiella_pneumoniae_gyrA_154.0_K->R	True	True
N51_2_4	Klebsiella_pneumoniae	gyrA	87.0	459.0	D/S	457.0	0.9956	V	1.0	0.0022	0.0022	True	D/S87L(0%)	D:457;L:1;V:1	N51	N51	UCMC	Stool	Week 3	True	0.0	0.0	0.0	0.0	0.0	0.0	Klebsiella_pneumoniae_gyrA_87.0_D/S->V	False	False
N51_2_4	Klebsiella_pneumoniae	gyrA	87.0	459.0	D/S	457.0	0.9956	V	1.0	0.0022	0.0022	True	D/S87L(0%)	D:457;L:1;V:1	N51	ZJH_N51	ZCH	Stool	Week 3	False	0.0	12.0	0.0	0.0	1.0	0.0	Klebsiella_pneumoniae_gyrA_87.0_D/S->V	False	False
N52_1_3	Staphylococcus_aureus	parE	470.0	375.0	Y	0.0	0.0	N	375.0	1.0	1.0	True	Y470N(100%)	N:375	N52	N52	UCMC	Groin	Week 1	True	0.0	0.0	0.0	0.0	0.0	0.0	Staphylococcus_aureus_parE_470.0_Y->N	True	True
N52_1_3	Staphylococcus_aureus	parE	470.0	375.0	Y	0.0	0.0	N	375.0	1.0	1.0	True	Y470N(100%)	N:375	N52	ZJH_N52	ZCH	Groin	Week 1	True	8.0	8.0	4.0	1.0	1.0	1.0	Staphylococcus_aureus_parE_470.0_Y->N	True	True
N52_1_3	Staphylococcus_aureus	parC	80.0	235.0	E/R	0.0	0.0	S	228.0	0.9702	0.9702	True	E/R80S(97%)	S:228;Y:7	N52	N52	UCMC	Groin	Week 1	True	0.0	0.0	0.0	0.0	0.0	0.0	Staphylococcus_aureus_parC_80.0_E/R->S	True	True
N52_1_3	Staphylococcus_aureus	parC	80.0	235.0	E/R	0.0	0.0	S	228.0	0.9702	0.9702	True	E/R80S(97%)	S:228;Y:7	N52	ZJH_N52	ZCH	Groin	Week 1	True	8.0	8.0	4.0	1.0	1.0	1.0	Staphylococcus_aureus_parC_80.0_E/R->S	True	True
N52_1_3	Staphylococcus_aureus	gyrA	84.0	1235.0	G/S	0.0	0.9069	F	110.0	0.0891	0.0016	True	G/S84Y(0%)	F:110;K:3;S:1120;Y:2	N52	N52	UCMC	Groin	Week 1	True	0.0	0.0	0.0	0.0	0.0	0.0	Staphylococcus_aureus_gyrA_84.0_G/S->F	False	False
N52_1_3	Staphylococcus_aureus	gyrA	84.0	1235.0	G/S	0.0	0.9069	F	110.0	0.0891	0.0016	True	G/S84Y(0%)	F:110;K:3;S:1120;Y:2	N52	ZJH_N52	ZCH	Groin	Week 1	True	8.0	8.0	4.0	1.0	1.0	1.0	Staphylococcus_aureus_gyrA_84.0_G/S->F	False	False
N52_1_4	Staphylococcus_aureus	parC	80.0	31.0	E/R	0.0	0.0	S	31.0	1.0	1.0	True	E/R80S(100%)	S:31	N52	N52	UCMC	Stool	Week 1	True	0.0	0.0	0.0	0.0	0.0	0.0	Staphylococcus_aureus_parC_80.0_E/R->S	True	True
N52_1_4	Staphylococcus_aureus	parC	80.0	31.0	E/R	0.0	0.0	S	31.0	1.0	1.0	True	E/R80S(100%)	S:31	N52	ZJH_N52	ZCH	Stool	Week 1	True	8.0	8.0	4.0	1.0	1.0	1.0	Staphylococcus_aureus_parC_80.0_E/R->S	True	True
N52_1_4	Staphylococcus_aureus	parE	470.0	39.0	Y	0.0	0.0	N	39.0	1.0	1.0	True	Y470N(100%)	N:39	N52	N52	UCMC	Stool	Week 1	True	0.0	0.0	0.0	0.0	0.0	0.0	Staphylococcus_aureus_parE_470.0_Y->N	True	True
N52_1_4	Staphylococcus_aureus	parE	470.0	39.0	Y	0.0	0.0	N	39.0	1.0	1.0	True	Y470N(100%)	N:39	N52	ZJH_N52	ZCH	Stool	Week 1	True	8.0	8.0	4.0	1.0	1.0	1.0	Staphylococcus_aureus_parE_470.0_Y->N	True	True
N52_1_4	Klebsiella_pneumoniae	gyrA	83.0	5.0	D/S	0.0	0.6	N	2.0	0.4	0.4	True	D/S83N(40%)	N:2;S:3	N52	N52	UCMC	Stool	Week 1	True	0.0	0.0	0.0	0.0	0.0	0.0	Klebsiella_pneumoniae_gyrA_83.0_D/S->N	False	True
N52_1_4	Klebsiella_pneumoniae	gyrA	83.0	5.0	D/S	0.0	0.6	N	2.0	0.4	0.4	True	D/S83N(40%)	N:2;S:3	N52	ZJH_N52	ZCH	Stool	Week 1	True	8.0	8.0	4.0	1.0	1.0	1.0	Klebsiella_pneumoniae_gyrA_83.0_D/S->N	False	True
N52_1_4	Klebsiella_pneumoniae	gyrA	87.0	7.0	D/S	6.0	0.8571	H	1.0	0.1429	0.1429	True	D/S87H(14%)	D:6;H:1	N52	N52	UCMC	Stool	Week 1	True	0.0	0.0	0.0	0.0	0.0	0.0	Klebsiella_pneumoniae_gyrA_87.0_D/S->H	False	True
N52_1_4	Klebsiella_pneumoniae	gyrA	87.0	7.0	D/S	6.0	0.8571	H	1.0	0.1429	0.1429	True	D/S87H(14%)	D:6;H:1	N52	ZJH_N52	ZCH	Stool	Week 1	True	8.0	8.0	4.0	1.0	1.0	1.0	Klebsiella_pneumoniae_gyrA_87.0_D/S->H	False	True
N52_2_2	Staphylococcus_aureus	parE	470.0	96.0	Y	0.0	0.0	N	96.0	1.0	1.0	True	Y470N(100%)	N:96	N52	N52	UCMC	Axilla	Week 3	True	0.0	0.0	0.0	0.0	0.0	0.0	Staphylococcus_aureus_parE_470.0_Y->N	True	True
N52_2_2	Staphylococcus_aureus	parE	470.0	96.0	Y	0.0	0.0	N	96.0	1.0	1.0	True	Y470N(100%)	N:96	N52	ZJH_N52	ZCH	Axilla	Week 3	True	4.0	8.0	4.0	1.0	1.0	1.0	Staphylococcus_aureus_parE_470.0_Y->N	True	True
N52_2_2	Staphylococcus_aureus	parE	432.0	275.0	D/S	22.0	0.08	V	252.0	0.9164	0.9164	True	D/S432V(91%)	D:22;F:1;V:252	N52	N52	UCMC	Axilla	Week 3	True	0.0	0.0	0.0	0.0	0.0	0.0	Staphylococcus_aureus_parE_432.0_D/S->V	True	True
N52_2_2	Staphylococcus_aureus	parE	432.0	275.0	D/S	22.0	0.08	V	252.0	0.9164	0.9164	True	D/S432V(91%)	D:22;F:1;V:252	N52	ZJH_N52	ZCH	Axilla	Week 3	True	4.0	8.0	4.0	1.0	1.0	1.0	Staphylococcus_aureus_parE_432.0_D/S->V	True	True
N52_2_3	Staphylococcus_aureus	parE	470.0	6.0	Y	0.0	0.0	N	6.0	1.0	1.0	True	Y470N(100%)	N:6	N52	N52	UCMC	Groin	Week 3	True	0.0	0.0	0.0	0.0	0.0	0.0	Staphylococcus_aureus_parE_470.0_Y->N	True	True
N52_2_3	Staphylococcus_aureus	parE	470.0	6.0	Y	0.0	0.0	N	6.0	1.0	1.0	True	Y470N(100%)	N:6	N52	ZJH_N52	ZCH	Groin	Week 3	True	4.0	8.0	4.0	1.0	1.0	1.0	Staphylococcus_aureus_parE_470.0_Y->N	True	True
N52_2_3	Enterococcus_faecalis	gyrA	87.0	6.0	E/S	0.0	0.0	K	6.0	1.0	1.0	True	E/S87K(100%)	K:6	N52	N52	UCMC	Groin	Week 3	True	0.0	0.0	0.0	0.0	0.0	0.0	Enterococcus_faecalis_gyrA_87.0_E/S->K	True	True
N52_2_3	Enterococcus_faecalis	gyrA	87.0	6.0	E/S	0.0	0.0	K	6.0	1.0	1.0	True	E/S87K(100%)	K:6	N52	ZJH_N52	ZCH	Groin	Week 3	True	4.0	8.0	4.0	1.0	1.0	1.0	Enterococcus_faecalis_gyrA_87.0_E/S->K	True	True
N52_2_3	Enterococcus_faecium	gyrA	87.0	6.0	E/S	0.0	0.0	Y	6.0	1.0	1.0	True	E/S87Y(100%)	Y:6	N52	N52	UCMC	Groin	Week 3	True	0.0	0.0	0.0	0.0	0.0	0.0	Enterococcus_faecium_gyrA_87.0_E/S->Y	True	True
N52_2_3	Enterococcus_faecium	gyrA	87.0	6.0	E/S	0.0	0.0	Y	6.0	1.0	1.0	True	E/S87Y(100%)	Y:6	N52	ZJH_N52	ZCH	Groin	Week 3	True	4.0	8.0	4.0	1.0	1.0	1.0	Enterococcus_faecium_gyrA_87.0_E/S->Y	True	True
N52_2_3	Klebsiella_pneumoniae	gyrA	83.0	205.0	D/S	0.0	0.9902	A	2.0	0.0098	0.0098	True	D/S83A(0%)	A:2;S:203	N52	N52	UCMC	Groin	Week 3	True	0.0	0.0	0.0	0.0	0.0	0.0	Klebsiella_pneumoniae_gyrA_83.0_D/S->A	False	False
N52_2_3	Klebsiella_pneumoniae	gyrA	83.0	205.0	D/S	0.0	0.9902	A	2.0	0.0098	0.0098	True	D/S83A(0%)	A:2;S:203	N52	ZJH_N52	ZCH	Groin	Week 3	True	4.0	8.0	4.0	1.0	1.0	1.0	Klebsiella_pneumoniae_gyrA_83.0_D/S->A	False	False
N52_2_4	Enterococcus_faecium	gyrA	87.0	17.0	E/S	0.0	0.0	Y	17.0	1.0	1.0	True	E/S87Y(100%)	Y:17	N52	N52	UCMC	Stool	Week 3	True	0.0	0.0	0.0	0.0	0.0	0.0	Enterococcus_faecium_gyrA_87.0_E/S->Y	True	True
N52_2_4	Enterococcus_faecium	gyrA	87.0	17.0	E/S	0.0	0.0	Y	17.0	1.0	1.0	True	E/S87Y(100%)	Y:17	N52	ZJH_N52	ZCH	Stool	Week 3	True	4.0	8.0	4.0	1.0	1.0	1.0	Enterococcus_faecium_gyrA_87.0_E/S->Y	True	True
N52_2_4	Enterococcus_faecalis	gyrA	87.0	36.0	E/S	0.0	0.0	K	36.0	1.0	1.0	True	E/S87K(100%)	K:36	N52	N52	UCMC	Stool	Week 3	True	0.0	0.0	0.0	0.0	0.0	0.0	Enterococcus_faecalis_gyrA_87.0_E/S->K	True	True
N52_2_4	Enterococcus_faecalis	gyrA	87.0	36.0	E/S	0.0	0.0	K	36.0	1.0	1.0	True	E/S87K(100%)	K:36	N52	ZJH_N52	ZCH	Stool	Week 3	True	4.0	8.0	4.0	1.0	1.0	1.0	Enterococcus_faecalis_gyrA_87.0_E/S->K	True	True
N52_2_4	Escherichia_coli	parE	458.0	604.0	D/S	0.0	0.9983	Y	1.0	0.0017	0.0017	True	D/S458Y(0%)	S:603;Y:1	N52	N52	UCMC	Stool	Week 3	True	0.0	0.0	0.0	0.0	0.0	0.0	Escherichia_coli_parE_458.0_D/S->Y	False	False
N52_2_4	Escherichia_coli	parE	458.0	604.0	D/S	0.0	0.9983	Y	1.0	0.0017	0.0017	True	D/S458Y(0%)	S:603;Y:1	N52	ZJH_N52	ZCH	Stool	Week 3	True	4.0	8.0	4.0	1.0	1.0	1.0	Escherichia_coli_parE_458.0_D/S->Y	False	False
N52_2_4	Klebsiella_pneumoniae	gyrA	83.0	670.0	D/S	0.0	0.994	Y	3.0	0.0045	0.0015	True	D/S83N(0%)	N:1;S:666;Y:3	N52	N52	UCMC	Stool	Week 3	True	0.0	0.0	0.0	0.0	0.0	0.0	Klebsiella_pneumoniae_gyrA_83.0_D/S->Y	False	False
N52_2_4	Klebsiella_pneumoniae	gyrA	83.0	670.0	D/S	0.0	0.994	Y	3.0	0.0045	0.0015	True	D/S83N(0%)	N:1;S:666;Y:3	N52	ZJH_N52	ZCH	Stool	Week 3	True	4.0	8.0	4.0	1.0	1.0	1.0	Klebsiella_pneumoniae_gyrA_83.0_D/S->Y	False	False
N53_1_2	Staphylococcus_aureus	parE	470.0	72.0	Y	0.0	0.0	N	72.0	1.0	1.0	True	Y470N(100%)	N:72	N53	N53	UCMC	Axilla	Week 1	True	0.0	0.0	0.0	0.0	0.0	0.0	Staphylococcus_aureus_parE_470.0_Y->N	True	True
N53_1_2	Staphylococcus_aureus	parE	432.0	93.0	D/S	33.0	0.3548	V	60.0	0.6452	0.6452	True	D/S432V(64%)	D:33;V:60	N53	N53	UCMC	Axilla	Week 1	True	0.0	0.0	0.0	0.0	0.0	0.0	Staphylococcus_aureus_parE_432.0_D/S->V	False	True
N53_1_3	Staphylococcus_aureus	parE	470.0	16.0	Y	0.0	0.0	N	16.0	1.0	1.0	True	Y470N(100%)	N:16	N53	N53	UCMC	Groin	Week 1	True	0.0	0.0	0.0	0.0	0.0	0.0	Staphylococcus_aureus_parE_470.0_Y->N	True	True
N53_1_3	Staphylococcus_aureus	gyrA	84.0	90.0	G/S	0.0	0.8889	L	9.0	0.1	0.1	True	G/S84L(10%)	F:1;L:9;S:80	N53	N53	UCMC	Groin	Week 1	True	0.0	0.0	0.0	0.0	0.0	0.0	Staphylococcus_aureus_gyrA_84.0_G/S->L	False	False
N53_1_4	Enterococcus_faecalis	gyrA	87.0	10.0	E/S	0.0	0.0	K	10.0	1.0	1.0	True	E/S87K(100%)	K:10	N53	N53	UCMC	Stool	Week 1	True	0.0	0.0	0.0	0.0	0.0	0.0	Enterococcus_faecalis_gyrA_87.0_E/S->K	True	True
N53_1_4	Enterococcus_faecalis	gyrA	87.0	10.0	E/S	0.0	0.0	K	10.0	1.0	1.0	True	E/S87K(100%)	K:10	N53	ZJH_N53	ZCH	Stool	Week 1	False	2.0	2.0	3.0	1.0	1.0	1.0	Enterococcus_faecalis_gyrA_87.0_E/S->K	True	True
N53_1_4	Enterococcus_faecium	gyrA	87.0	5.0	E/S	0.0	0.0	Y	5.0	1.0	1.0	True	E/S87Y(100%)	Y:5	N53	N53	UCMC	Stool	Week 1	True	0.0	0.0	0.0	0.0	0.0	0.0	Enterococcus_faecium_gyrA_87.0_E/S->Y	True	True
N53_1_4	Enterococcus_faecium	gyrA	87.0	5.0	E/S	0.0	0.0	Y	5.0	1.0	1.0	True	E/S87Y(100%)	Y:5	N53	ZJH_N53	ZCH	Stool	Week 1	False	2.0	2.0	3.0	1.0	1.0	1.0	Enterococcus_faecium_gyrA_87.0_E/S->Y	True	True
N53_2_2	Staphylococcus_aureus	parE	470.0	21.0	Y	0.0	0.0	N	21.0	1.0	1.0	True	Y470N(100%)	N:21	N53	N53	UCMC	Axilla	Week 3	True	0.0	0.0	0.0	0.0	0.0	0.0	Staphylococcus_aureus_parE_470.0_Y->N	True	True
N53_2_2	Staphylococcus_aureus	parE	470.0	21.0	Y	0.0	0.0	N	21.0	1.0	1.0	True	Y470N(100%)	N:21	N53	ZJH_N53	ZCH	Axilla	Week 3	False	3.0	2.0	3.0	1.0	1.0	1.0	Staphylococcus_aureus_parE_470.0_Y->N	True	True
N53_2_3	Staphylococcus_aureus	parE	470.0	24.0	Y	0.0	0.0	N	24.0	1.0	1.0	True	Y470N(100%)	N:24	N53	N53	UCMC	Groin	Week 3	True	0.0	0.0	0.0	0.0	0.0	0.0	Staphylococcus_aureus_parE_470.0_Y->N	True	True
N53_2_3	Staphylococcus_aureus	parE	470.0	24.0	Y	0.0	0.0	N	24.0	1.0	1.0	True	Y470N(100%)	N:24	N53	ZJH_N53	ZCH	Groin	Week 3	False	3.0	2.0	3.0	1.0	1.0	1.0	Staphylococcus_aureus_parE_470.0_Y->N	True	True
N53_2_4	Enterococcus_faecalis	gyrA	87.0	57.0	E/S	0.0	0.0	K	57.0	1.0	1.0	True	E/S87K(100%)	K:57	N53	N53	UCMC	Stool	Week 3	True	0.0	0.0	0.0	0.0	0.0	0.0	Enterococcus_faecalis_gyrA_87.0_E/S->K	True	True
N53_2_4	Enterococcus_faecalis	gyrA	87.0	57.0	E/S	0.0	0.0	K	57.0	1.0	1.0	True	E/S87K(100%)	K:57	N53	ZJH_N53	ZCH	Stool	Week 3	False	3.0	2.0	3.0	1.0	1.0	1.0	Enterococcus_faecalis_gyrA_87.0_E/S->K	True	True
N53_2_4	Enterococcus_faecium	gyrA	87.0	49.0	E/S	0.0	0.0	Y	49.0	1.0	1.0	True	E/S87Y(100%)	Y:49	N53	N53	UCMC	Stool	Week 3	True	0.0	0.0	0.0	0.0	0.0	0.0	Enterococcus_faecium_gyrA_87.0_E/S->Y	True	True
N53_2_4	Enterococcus_faecium	gyrA	87.0	49.0	E/S	0.0	0.0	Y	49.0	1.0	1.0	True	E/S87Y(100%)	Y:49	N53	ZJH_N53	ZCH	Stool	Week 3	False	3.0	2.0	3.0	1.0	1.0	1.0	Enterococcus_faecium_gyrA_87.0_E/S->Y	True	True
N54_1_2	Staphylococcus_aureus	parE	470.0	98.0	Y	0.0	0.0	N	97.0	0.9898	0.9898	True	Y470N(98%)	K:1;N:97	N54	N54	UCMC	Axilla	Week 1	True	0.0	0.0	0.0	0.0	0.0	0.0	Staphylococcus_aureus_parE_470.0_Y->N	True	True
N54_1_2	Staphylococcus_aureus	parE	470.0	98.0	Y	0.0	0.0	N	97.0	0.9898	0.9898	True	Y470N(98%)	K:1;N:97	N54	ZJH_N54	ZCH	Axilla	Week 1	True	0.0	0.0	0.0	0.0	0.0	0.0	Staphylococcus_aureus_parE_470.0_Y->N	True	True
N54_1_3	Staphylococcus_aureus	parE	470.0	23.0	Y	0.0	0.0	N	23.0	1.0	1.0	True	Y470N(100%)	N:23	N54	N54	UCMC	Groin	Week 1	True	0.0	0.0	0.0	0.0	0.0	0.0	Staphylococcus_aureus_parE_470.0_Y->N	True	True
N54_1_3	Staphylococcus_aureus	parE	470.0	23.0	Y	0.0	0.0	N	23.0	1.0	1.0	True	Y470N(100%)	N:23	N54	ZJH_N54	ZCH	Groin	Week 1	True	0.0	0.0	0.0	0.0	0.0	0.0	Staphylococcus_aureus_parE_470.0_Y->N	True	True
N54_1_4	Staphylococcus_aureus	parE	470.0	40.0	Y	0.0	0.0	N	40.0	1.0	1.0	True	Y470N(100%)	N:40	N54	N54	UCMC	Stool	Week 1	True	0.0	0.0	0.0	0.0	0.0	0.0	Staphylococcus_aureus_parE_470.0_Y->N	True	True
N54_1_4	Staphylococcus_aureus	parE	470.0	40.0	Y	0.0	0.0	N	40.0	1.0	1.0	True	Y470N(100%)	N:40	N54	ZJH_N54	ZCH	Stool	Week 1	True	0.0	0.0	0.0	0.0	0.0	0.0	Staphylococcus_aureus_parE_470.0_Y->N	True	True
N54_1_4	Staphylococcus_aureus	gyrA	84.0	198.0	G/S	0.0	0.3687	Y	121.0	0.6111	0.6111	True	G/S84Y(61%)	K:4;S:73;Y:121	N54	N54	UCMC	Stool	Week 1	True	0.0	0.0	0.0	0.0	0.0	0.0	Staphylococcus_aureus_gyrA_84.0_G/S->Y	False	True
N54_1_4	Staphylococcus_aureus	gyrA	84.0	198.0	G/S	0.0	0.3687	Y	121.0	0.6111	0.6111	True	G/S84Y(61%)	K:4;S:73;Y:121	N54	ZJH_N54	ZCH	Stool	Week 1	True	0.0	0.0	0.0	0.0	0.0	0.0	Staphylococcus_aureus_gyrA_84.0_G/S->Y	False	True
N54_1_4	Staphylococcus_aureus	parC	84.0	14.0	D/E/S	12.0	0.8571	N	2.0	0.1429	0.1429	True	D/E/S84N(14%)	D:12;N:2	N54	N54	UCMC	Stool	Week 1	True	0.0	0.0	0.0	0.0	0.0	0.0	Staphylococcus_aureus_parC_84.0_D/E/S->N	False	True
N54_1_4	Staphylococcus_aureus	parC	84.0	14.0	D/E/S	12.0	0.8571	N	2.0	0.1429	0.1429	True	D/E/S84N(14%)	D:12;N:2	N54	ZJH_N54	ZCH	Stool	Week 1	True	0.0	0.0	0.0	0.0	0.0	0.0	Staphylococcus_aureus_parC_84.0_D/E/S->N	False	True
N54_1_4	Klebsiella_oxytoca	parC	80.0	623.0	S	617.0	0.9904	R	6.0	0.0096	0.0096	True	S80R(0%)	R:6;S:617	N54	N54	UCMC	Stool	Week 1	True	0.0	0.0	0.0	0.0	0.0	0.0	Klebsiella_oxytoca_parC_80.0_S->R	False	False
N54_1_4	Klebsiella_oxytoca	parC	80.0	623.0	S	617.0	0.9904	R	6.0	0.0096	0.0096	True	S80R(0%)	R:6;S:617	N54	ZJH_N54	ZCH	Stool	Week 1	True	0.0	0.0	0.0	0.0	0.0	0.0	Klebsiella_oxytoca_parC_80.0_S->R	False	False
N54_1_4	Streptococcus_oralis	gyrA	81.0	120.0	S	119.0	0.9917	Y	1.0	0.0083	0.0083	True	S81Y(0%)	S:119;Y:1	N54	N54	UCMC	Stool	Week 1	True	0.0	0.0	0.0	0.0	0.0	0.0	Streptococcus_oralis_gyrA_81.0_S->Y	False	False
N54_1_4	Streptococcus_oralis	gyrA	81.0	120.0	S	119.0	0.9917	Y	1.0	0.0083	0.0083	True	S81Y(0%)	S:119;Y:1	N54	ZJH_N54	ZCH	Stool	Week 1	True	0.0	0.0	0.0	0.0	0.0	0.0	Streptococcus_oralis_gyrA_81.0_S->Y	False	False
N54_2_2	Staphylococcus_aureus	parE	470.0	67.0	Y	0.0	0.0	N	67.0	1.0	1.0	True	Y470N(100%)	N:67	N54	N54	UCMC	Axilla	Week 3	True	0.0	0.0	0.0	0.0	0.0	0.0	Staphylococcus_aureus_parE_470.0_Y->N	True	True
N54_2_2	Staphylococcus_aureus	parE	470.0	67.0	Y	0.0	0.0	N	67.0	1.0	1.0	True	Y470N(100%)	N:67	N54	ZJH_N54	ZCH	Axilla	Week 3	True	0.0	0.0	0.0	0.0	0.0	0.0	Staphylococcus_aureus_parE_470.0_Y->N	True	True
N54_2_2	Staphylococcus_aureus	parE	432.0	33.0	D/S	3.0	0.0909	V	30.0	0.9091	0.9091	True	D/S432V(90%)	D:3;V:30	N54	N54	UCMC	Axilla	Week 3	True	0.0	0.0	0.0	0.0	0.0	0.0	Staphylococcus_aureus_parE_432.0_D/S->V	True	True
N54_2_2	Staphylococcus_aureus	parE	432.0	33.0	D/S	3.0	0.0909	V	30.0	0.9091	0.9091	True	D/S432V(90%)	D:3;V:30	N54	ZJH_N54	ZCH	Axilla	Week 3	True	0.0	0.0	0.0	0.0	0.0	0.0	Staphylococcus_aureus_parE_432.0_D/S->V	True	True
N54_2_2	Staphylococcus_aureus	parC	84.0	14.0	D/E/S	11.0	0.9286	V	1.0	0.0714	0.0714	True	D/E/S84V(7%)	D:11;E:2;V:1	N54	N54	UCMC	Axilla	Week 3	True	0.0	0.0	0.0	0.0	0.0	0.0	Staphylococcus_aureus_parC_84.0_D/E/S->V	False	False
N54_2_2	Staphylococcus_aureus	parC	84.0	14.0	D/E/S	11.0	0.9286	V	1.0	0.0714	0.0714	True	D/E/S84V(7%)	D:11;E:2;V:1	N54	ZJH_N54	ZCH	Axilla	Week 3	True	0.0	0.0	0.0	0.0	0.0	0.0	Staphylococcus_aureus_parC_84.0_D/E/S->V	False	False
N54_2_3	Klebsiella_pneumoniae	gyrA	154.0	64.0	K	0.0	0.0	R	64.0	1.0	1.0	True	K154R(100%)	R:64	N54	N54	UCMC	Groin	Week 3	True	0.0	0.0	0.0	0.0	0.0	0.0	Klebsiella_pneumoniae_gyrA_154.0_K->R	True	True
N54_2_3	Klebsiella_pneumoniae	gyrA	154.0	64.0	K	0.0	0.0	R	64.0	1.0	1.0	True	K154R(100%)	R:64	N54	ZJH_N54	ZCH	Groin	Week 3	True	0.0	0.0	0.0	0.0	0.0	0.0	Klebsiella_pneumoniae_gyrA_154.0_K->R	True	True
N54_2_4	Enterococcus_faecalis	gyrA	87.0	7.0	E/S	0.0	0.0	K	7.0	1.0	1.0	True	E/S87K(100%)	K:7	N54	N54	UCMC	Stool	Week 3	True	0.0	0.0	0.0	0.0	0.0	0.0	Enterococcus_faecalis_gyrA_87.0_E/S->K	True	True
N54_2_4	Enterococcus_faecalis	gyrA	87.0	7.0	E/S	0.0	0.0	K	7.0	1.0	1.0	True	E/S87K(100%)	K:7	N54	ZJH_N54	ZCH	Stool	Week 3	True	0.0	0.0	0.0	0.0	0.0	0.0	Enterococcus_faecalis_gyrA_87.0_E/S->K	True	True
N54_2_4	Klebsiella_pneumoniae	gyrA	154.0	250.0	K	0.0	0.0	R	248.0	0.992	0.992	True	K154R(99%)	N:1;Q:1;R:248	N54	N54	UCMC	Stool	Week 3	True	0.0	0.0	0.0	0.0	0.0	0.0	Klebsiella_pneumoniae_gyrA_154.0_K->R	True	True
N54_2_4	Klebsiella_pneumoniae	gyrA	154.0	250.0	K	0.0	0.0	R	248.0	0.992	0.992	True	K154R(99%)	N:1;Q:1;R:248	N54	ZJH_N54	ZCH	Stool	Week 3	True	0.0	0.0	0.0	0.0	0.0	0.0	Klebsiella_pneumoniae_gyrA_154.0_K->R	True	True
N54_2_4	Escherichia_coli	parE	458.0	513.0	D/S	0.0	0.9883	P	4.0	0.0078	0.0039	True	D/S458A(0%)	A:2;P:4;S:507	N54	N54	UCMC	Stool	Week 3	True	0.0	0.0	0.0	0.0	0.0	0.0	Escherichia_coli_parE_458.0_D/S->P	False	False
N54_2_4	Escherichia_coli	parE	458.0	513.0	D/S	0.0	0.9883	P	4.0	0.0078	0.0039	True	D/S458A(0%)	A:2;P:4;S:507	N54	ZJH_N54	ZCH	Stool	Week 3	True	0.0	0.0	0.0	0.0	0.0	0.0	Escherichia_coli_parE_458.0_D/S->P	False	False
N54_2_4	Escherichia_coli	parC	78.0	428.0	A/G	2.0	0.993	R	2.0	0.0047	0.0023	True	A/G78V(0%)	A:2;G:423;R:2;V:1	N54	N54	UCMC	Stool	Week 3	True	0.0	0.0	0.0	0.0	0.0	0.0	Escherichia_coli_parC_78.0_A/G->R	False	False
N54_2_4	Escherichia_coli	parC	78.0	428.0	A/G	2.0	0.993	R	2.0	0.0047	0.0023	True	A/G78V(0%)	A:2;G:423;R:2;V:1	N54	ZJH_N54	ZCH	Stool	Week 3	True	0.0	0.0	0.0	0.0	0.0	0.0	Escherichia_coli_parC_78.0_A/G->R	False	False
N55_1_2	Staphylococcus_aureus	parC	80.0	9.0	E/R	0.0	0.0	S	9.0	1.0	1.0	True	E/R80S(100%)	S:9	N55	N55	UCMC	Axilla	Week 1	True	0.0	0.0	0.0	0.0	0.0	0.0	Staphylococcus_aureus_parC_80.0_E/R->S	True	True
N55_1_2	Staphylococcus_aureus	parC	80.0	9.0	E/R	0.0	0.0	S	9.0	1.0	1.0	True	E/R80S(100%)	S:9	N55	ZJH_N55	ZCH	Axilla	Week 1	True	3.0	3.0	0.0	1.0	1.0	0.0	Staphylococcus_aureus_parC_80.0_E/R->S	True	True
N55_1_2	Staphylococcus_aureus	parE	470.0	18.0	Y	0.0	0.0	N	18.0	1.0	1.0	True	Y470N(100%)	N:18	N55	N55	UCMC	Axilla	Week 1	True	0.0	0.0	0.0	0.0	0.0	0.0	Staphylococcus_aureus_parE_470.0_Y->N	True	True
N55_1_2	Staphylococcus_aureus	parE	470.0	18.0	Y	0.0	0.0	N	18.0	1.0	1.0	True	Y470N(100%)	N:18	N55	ZJH_N55	ZCH	Axilla	Week 1	True	3.0	3.0	0.0	1.0	1.0	0.0	Staphylococcus_aureus_parE_470.0_Y->N	True	True
N55_1_3	Enterococcus_faecium	gyrA	87.0	6.0	E/S	0.0	0.0	Y	6.0	1.0	1.0	True	E/S87Y(100%)	Y:6	N55	N55	UCMC	Groin	Week 1	True	0.0	0.0	0.0	0.0	0.0	0.0	Enterococcus_faecium_gyrA_87.0_E/S->Y	True	True
N55_1_3	Enterococcus_faecium	gyrA	87.0	6.0	E/S	0.0	0.0	Y	6.0	1.0	1.0	True	E/S87Y(100%)	Y:6	N55	ZJH_N55	ZCH	Groin	Week 1	True	3.0	3.0	0.0	1.0	1.0	0.0	Enterococcus_faecium_gyrA_87.0_E/S->Y	True	True
N55_1_4	Enterococcus_faecium	gyrA	87.0	1008.0	E/S	0.0	0.0	Y	1006.0	0.998	0.998	True	E/S87Y(99%)	D:1;N:1;Y:1006	N55	N55	UCMC	Stool	Week 1	True	0.0	0.0	0.0	0.0	0.0	0.0	Enterococcus_faecium_gyrA_87.0_E/S->Y	True	True
N55_1_4	Enterococcus_faecium	gyrA	87.0	1008.0	E/S	0.0	0.0	Y	1006.0	0.998	0.998	True	E/S87Y(99%)	D:1;N:1;Y:1006	N55	ZJH_N55	ZCH	Stool	Week 1	True	3.0	3.0	0.0	1.0	1.0	0.0	Enterococcus_faecium_gyrA_87.0_E/S->Y	True	True
N55_1_4	Enterococcus_faecalis	gyrA	87.0	1446.0	E/S	0.0	0.0	K	1443.0	0.9979	0.9979	True	E/S87K(99%)	I:1;K:1443;Q:2	N55	N55	UCMC	Stool	Week 1	True	0.0	0.0	0.0	0.0	0.0	0.0	Enterococcus_faecalis_gyrA_87.0_E/S->K	True	True
N55_1_4	Enterococcus_faecalis	gyrA	87.0	1446.0	E/S	0.0	0.0	K	1443.0	0.9979	0.9979	True	E/S87K(99%)	I:1;K:1443;Q:2	N55	ZJH_N55	ZCH	Stool	Week 1	True	3.0	3.0	0.0	1.0	1.0	0.0	Enterococcus_faecalis_gyrA_87.0_E/S->K	True	True
N55_1_4	Staphylococcus_aureus	parE	470.0	683.0	Y	0.0	0.0	N	681.0	0.9971	0.9971	True	Y470N(99%)	I:2;N:681	N55	N55	UCMC	Stool	Week 1	True	0.0	0.0	0.0	0.0	0.0	0.0	Staphylococcus_aureus_parE_470.0_Y->N	True	True
N55_1_4	Staphylococcus_aureus	parE	470.0	683.0	Y	0.0	0.0	N	681.0	0.9971	0.9971	True	Y470N(99%)	I:2;N:681	N55	ZJH_N55	ZCH	Stool	Week 1	True	3.0	3.0	0.0	1.0	1.0	0.0	Staphylococcus_aureus_parE_470.0_Y->N	True	True
N55_1_4	Staphylococcus_aureus	parC	80.0	301.0	E/R	0.0	0.0	S	298.0	0.99	0.99	True	E/R80S(99%)	P:1;S:298;Y:2	N55	N55	UCMC	Stool	Week 1	True	0.0	0.0	0.0	0.0	0.0	0.0	Staphylococcus_aureus_parC_80.0_E/R->S	True	True
N55_1_4	Staphylococcus_aureus	parC	80.0	301.0	E/R	0.0	0.0	S	298.0	0.99	0.99	True	E/R80S(99%)	P:1;S:298;Y:2	N55	ZJH_N55	ZCH	Stool	Week 1	True	3.0	3.0	0.0	1.0	1.0	0.0	Staphylococcus_aureus_parC_80.0_E/R->S	True	True
N55_1_4	Staphylococcus_aureus	gyrA	84.0	1227.0	G/S	0.0	0.9886	Y	8.0	0.0065	0.0065	True	G/S84Y(0%)	C:3;K:2;S:1213;T:1;Y:8	N55	N55	UCMC	Stool	Week 1	True	0.0	0.0	0.0	0.0	0.0	0.0	Staphylococcus_aureus_gyrA_84.0_G/S->Y	False	False
N55_1_4	Staphylococcus_aureus	gyrA	84.0	1227.0	G/S	0.0	0.9886	Y	8.0	0.0065	0.0065	True	G/S84Y(0%)	C:3;K:2;S:1213;T:1;Y:8	N55	ZJH_N55	ZCH	Stool	Week 1	True	3.0	3.0	0.0	1.0	1.0	0.0	Staphylococcus_aureus_gyrA_84.0_G/S->Y	False	False
N55_1_4	Staphylococcus_aureus	parE	432.0	674.0	D/S	653.0	0.9688	Y	16.0	0.0237	0.0059	True	D/S432V(0%)	D:653;F:1;V:4;Y:16	N55	N55	UCMC	Stool	Week 1	True	0.0	0.0	0.0	0.0	0.0	0.0	Staphylococcus_aureus_parE_432.0_D/S->Y	False	False
N55_1_4	Staphylococcus_aureus	parE	432.0	674.0	D/S	653.0	0.9688	Y	16.0	0.0237	0.0059	True	D/S432V(0%)	D:653;F:1;V:4;Y:16	N55	ZJH_N55	ZCH	Stool	Week 1	True	3.0	3.0	0.0	1.0	1.0	0.0	Staphylococcus_aureus_parE_432.0_D/S->Y	False	False
N55_2_2	Staphylococcus_aureus	parE	470.0	15.0	Y	0.0	0.0	N	15.0	1.0	1.0	True	Y470N(100%)	N:15	N55	N55	UCMC	Axilla	Week 3	True	0.0	0.0	0.0	0.0	0.0	0.0	Staphylococcus_aureus_parE_470.0_Y->N	True	True
N55_2_2	Staphylococcus_aureus	parE	470.0	15.0	Y	0.0	0.0	N	15.0	1.0	1.0	True	Y470N(100%)	N:15	N55	ZJH_N55	ZCH	Axilla	Week 3	True	0.0	3.0	0.0	0.0	1.0	0.0	Staphylococcus_aureus_parE_470.0_Y->N	True	True
N55_2_2	Staphylococcus_aureus	parC	80.0	21.0	E/R	0.0	0.0	S	21.0	1.0	1.0	True	E/R80S(100%)	S:21	N55	N55	UCMC	Axilla	Week 3	True	0.0	0.0	0.0	0.0	0.0	0.0	Staphylococcus_aureus_parC_80.0_E/R->S	True	True
N55_2_2	Staphylococcus_aureus	parC	80.0	21.0	E/R	0.0	0.0	S	21.0	1.0	1.0	True	E/R80S(100%)	S:21	N55	ZJH_N55	ZCH	Axilla	Week 3	True	0.0	3.0	0.0	0.0	1.0	0.0	Staphylococcus_aureus_parC_80.0_E/R->S	True	True
N55_2_2	Enterococcus_faecium	gyrA	87.0	30.0	E/S	0.0	0.0	Y	30.0	1.0	1.0	True	E/S87Y(100%)	Y:30	N55	N55	UCMC	Axilla	Week 3	True	0.0	0.0	0.0	0.0	0.0	0.0	Enterococcus_faecium_gyrA_87.0_E/S->Y	True	True
N55_2_2	Enterococcus_faecium	gyrA	87.0	30.0	E/S	0.0	0.0	Y	30.0	1.0	1.0	True	E/S87Y(100%)	Y:30	N55	ZJH_N55	ZCH	Axilla	Week 3	True	0.0	3.0	0.0	0.0	1.0	0.0	Enterococcus_faecium_gyrA_87.0_E/S->Y	True	True
N55_2_2	Klebsiella_pneumoniae	gyrA	87.0	6.0	D/S	3.0	0.5	Y	3.0	0.5	0.5	True	D/S87Y(50%)	D:3;Y:3	N55	N55	UCMC	Axilla	Week 3	True	0.0	0.0	0.0	0.0	0.0	0.0	Klebsiella_pneumoniae_gyrA_87.0_D/S->Y	False	True
N55_2_2	Klebsiella_pneumoniae	gyrA	87.0	6.0	D/S	3.0	0.5	Y	3.0	0.5	0.5	True	D/S87Y(50%)	D:3;Y:3	N55	ZJH_N55	ZCH	Axilla	Week 3	True	0.0	3.0	0.0	0.0	1.0	0.0	Klebsiella_pneumoniae_gyrA_87.0_D/S->Y	False	True
N55_2_3	Enterococcus_faecium	gyrA	87.0	17.0	E/S	0.0	0.0	Y	17.0	1.0	1.0	True	E/S87Y(100%)	Y:17	N55	N55	UCMC	Groin	Week 3	True	0.0	0.0	0.0	0.0	0.0	0.0	Enterococcus_faecium_gyrA_87.0_E/S->Y	True	True
N55_2_3	Enterococcus_faecium	gyrA	87.0	17.0	E/S	0.0	0.0	Y	17.0	1.0	1.0	True	E/S87Y(100%)	Y:17	N55	ZJH_N55	ZCH	Groin	Week 3	True	0.0	3.0	0.0	0.0	1.0	0.0	Enterococcus_faecium_gyrA_87.0_E/S->Y	True	True
N55_2_3	Staphylococcus_aureus	parC	80.0	5.0	E/R	0.0	0.0	S	5.0	1.0	1.0	True	E/R80S(100%)	S:5	N55	N55	UCMC	Groin	Week 3	True	0.0	0.0	0.0	0.0	0.0	0.0	Staphylococcus_aureus_parC_80.0_E/R->S	True	True
N55_2_3	Staphylococcus_aureus	parC	80.0	5.0	E/R	0.0	0.0	S	5.0	1.0	1.0	True	E/R80S(100%)	S:5	N55	ZJH_N55	ZCH	Groin	Week 3	True	0.0	3.0	0.0	0.0	1.0	0.0	Staphylococcus_aureus_parC_80.0_E/R->S	True	True
N55_2_3	Enterococcus_faecalis	gyrA	87.0	18.0	E/S	0.0	0.0	K	18.0	1.0	1.0	True	E/S87K(100%)	K:18	N55	N55	UCMC	Groin	Week 3	True	0.0	0.0	0.0	0.0	0.0	0.0	Enterococcus_faecalis_gyrA_87.0_E/S->K	True	True
N55_2_3	Enterococcus_faecalis	gyrA	87.0	18.0	E/S	0.0	0.0	K	18.0	1.0	1.0	True	E/S87K(100%)	K:18	N55	ZJH_N55	ZCH	Groin	Week 3	True	0.0	3.0	0.0	0.0	1.0	0.0	Enterococcus_faecalis_gyrA_87.0_E/S->K	True	True
N55_2_3	Klebsiella_oxytoca	parC	80.0	316.0	S	314.0	0.9937	I	2.0	0.0063	0.0063	True	S80I(0%)	I:2;S:314	N55	N55	UCMC	Groin	Week 3	True	0.0	0.0	0.0	0.0	0.0	0.0	Klebsiella_oxytoca_parC_80.0_S->I	False	False
N55_2_3	Klebsiella_oxytoca	parC	80.0	316.0	S	314.0	0.9937	I	2.0	0.0063	0.0063	True	S80I(0%)	I:2;S:314	N55	ZJH_N55	ZCH	Groin	Week 3	True	0.0	3.0	0.0	0.0	1.0	0.0	Klebsiella_oxytoca_parC_80.0_S->I	False	False
N55_2_3	Escherichia_coli	parE	475.0	256.0	D	255.0	0.9961	V	1.0	0.0039	0.0039	True	D475V(0%)	D:255;V:1	N55	N55	UCMC	Groin	Week 3	True	0.0	0.0	0.0	0.0	0.0	0.0	Escherichia_coli_parE_475.0_D->V	False	False
N55_2_3	Escherichia_coli	parE	475.0	256.0	D	255.0	0.9961	V	1.0	0.0039	0.0039	True	D475V(0%)	D:255;V:1	N55	ZJH_N55	ZCH	Groin	Week 3	True	0.0	3.0	0.0	0.0	1.0	0.0	Escherichia_coli_parE_475.0_D->V	False	False
N55_2_4	Enterococcus_faecalis	gyrA	87.0	99.0	E/S	0.0	0.0	K	99.0	1.0	1.0	True	E/S87K(100%)	K:99	N55	N55	UCMC	Stool	Week 3	True	0.0	0.0	0.0	0.0	0.0	0.0	Enterococcus_faecalis_gyrA_87.0_E/S->K	True	True
N55_2_4	Enterococcus_faecalis	gyrA	87.0	99.0	E/S	0.0	0.0	K	99.0	1.0	1.0	True	E/S87K(100%)	K:99	N55	ZJH_N55	ZCH	Stool	Week 3	True	0.0	3.0	0.0	0.0	1.0	0.0	Enterococcus_faecalis_gyrA_87.0_E/S->K	True	True
N55_2_4	Enterococcus_faecium	gyrA	87.0	93.0	E/S	0.0	0.0	Y	93.0	1.0	1.0	True	E/S87Y(100%)	Y:93	N55	N55	UCMC	Stool	Week 3	True	0.0	0.0	0.0	0.0	0.0	0.0	Enterococcus_faecium_gyrA_87.0_E/S->Y	True	True
N55_2_4	Enterococcus_faecium	gyrA	87.0	93.0	E/S	0.0	0.0	Y	93.0	1.0	1.0	True	E/S87Y(100%)	Y:93	N55	ZJH_N55	ZCH	Stool	Week 3	True	0.0	3.0	0.0	0.0	1.0	0.0	Enterococcus_faecium_gyrA_87.0_E/S->Y	True	True
N55_2_4	Klebsiella_pneumoniae	gyrA	87.0	8.0	D/S	7.0	0.875	H	1.0	0.125	0.125	True	D/S87H(12%)	D:7;H:1	N55	N55	UCMC	Stool	Week 3	True	0.0	0.0	0.0	0.0	0.0	0.0	Klebsiella_pneumoniae_gyrA_87.0_D/S->H	False	True
N55_2_4	Klebsiella_pneumoniae	gyrA	87.0	8.0	D/S	7.0	0.875	H	1.0	0.125	0.125	True	D/S87H(12%)	D:7;H:1	N55	ZJH_N55	ZCH	Stool	Week 3	True	0.0	3.0	0.0	0.0	1.0	0.0	Klebsiella_pneumoniae_gyrA_87.0_D/S->H	False	True
N55_2_4	Escherichia_coli	parE	458.0	918.0	D/S	0.0	0.9913	A	4.0	0.0044	0.0044	True	D/S458A(0%)	A:4;S:910;T:4	N55	N55	UCMC	Stool	Week 3	True	0.0	0.0	0.0	0.0	0.0	0.0	Escherichia_coli_parE_458.0_D/S->A	False	False
N55_2_4	Escherichia_coli	parE	458.0	918.0	D/S	0.0	0.9913	A	4.0	0.0044	0.0044	True	D/S458A(0%)	A:4;S:910;T:4	N55	ZJH_N55	ZCH	Stool	Week 3	True	0.0	3.0	0.0	0.0	1.0	0.0	Escherichia_coli_parE_458.0_D/S->A	False	False
N55_2_4	Klebsiella_oxytoca	parC	80.0	1033.0	S	1024.0	0.9913	R	4.0	0.0039	0.0039	True	S80R(0%)	G:2;R:4;S:1024;T:3	N55	N55	UCMC	Stool	Week 3	True	0.0	0.0	0.0	0.0	0.0	0.0	Klebsiella_oxytoca_parC_80.0_S->R	False	False
N55_2_4	Klebsiella_oxytoca	parC	80.0	1033.0	S	1024.0	0.9913	R	4.0	0.0039	0.0039	True	S80R(0%)	G:2;R:4;S:1024;T:3	N55	ZJH_N55	ZCH	Stool	Week 3	True	0.0	3.0	0.0	0.0	1.0	0.0	Klebsiella_oxytoca_parC_80.0_S->R	False	False
N55_2_4	Escherichia_coli	parC	78.0	1069.0	A/G	2.0	0.9935	R	4.0	0.0037	0.0009	True	A/G78V(0%)	A:2;C:2;G:1060;R:4;V:1	N55	N55	UCMC	Stool	Week 3	True	0.0	0.0	0.0	0.0	0.0	0.0	Escherichia_coli_parC_78.0_A/G->R	False	False
N55_2_4	Escherichia_coli	parC	78.0	1069.0	A/G	2.0	0.9935	R	4.0	0.0037	0.0009	True	A/G78V(0%)	A:2;C:2;G:1060;R:4;V:1	N55	ZJH_N55	ZCH	Stool	Week 3	True	0.0	3.0	0.0	0.0	1.0	0.0	Escherichia_coli_parC_78.0_A/G->R	False	False
N56_1_2	Staphylococcus_aureus	parE	470.0	486.0	Y	0.0	0.0	N	486.0	1.0	1.0	True	Y470N(100%)	N:486	N56	N56	UCMC	Axilla	Week 1	False	0.0	0.0	0.0	0.0	0.0	0.0	Staphylococcus_aureus_parE_470.0_Y->N	True	True
N56_1_2	Staphylococcus_aureus	parE	470.0	486.0	Y	0.0	0.0	N	486.0	1.0	1.0	True	Y470N(100%)	N:486	N56	ZJH_N56	ZCH	Axilla	Week 1	False	0.0	0.0	0.0	0.0	0.0	0.0	Staphylococcus_aureus_parE_470.0_Y->N	True	True
N56_1_2	Staphylococcus_aureus	parC	80.0	398.0	E/R	0.0	0.0	S	397.0	0.9975	0.9975	True	E/R80S(99%)	S:397;Y:1	N56	N56	UCMC	Axilla	Week 1	False	0.0	0.0	0.0	0.0	0.0	0.0	Staphylococcus_aureus_parC_80.0_E/R->S	True	True
N56_1_2	Staphylococcus_aureus	parC	80.0	398.0	E/R	0.0	0.0	S	397.0	0.9975	0.9975	True	E/R80S(99%)	S:397;Y:1	N56	ZJH_N56	ZCH	Axilla	Week 1	False	0.0	0.0	0.0	0.0	0.0	0.0	Staphylococcus_aureus_parC_80.0_E/R->S	True	True
N56_1_3	Staphylococcus_aureus	parE	470.0	51.0	Y	0.0	0.0	N	51.0	1.0	1.0	True	Y470N(100%)	N:51	N56	N56	UCMC	Groin	Week 1	False	0.0	0.0	0.0	0.0	0.0	0.0	Staphylococcus_aureus_parE_470.0_Y->N	True	True
N56_1_3	Staphylococcus_aureus	parE	470.0	51.0	Y	0.0	0.0	N	51.0	1.0	1.0	True	Y470N(100%)	N:51	N56	ZJH_N56	ZCH	Groin	Week 1	False	0.0	0.0	0.0	0.0	0.0	0.0	Staphylococcus_aureus_parE_470.0_Y->N	True	True
N56_1_3	Staphylococcus_aureus	parC	80.0	36.0	E/R	0.0	0.0	S	35.0	0.9722	0.9722	True	E/R80S(97%)	S:35;Y:1	N56	N56	UCMC	Groin	Week 1	False	0.0	0.0	0.0	0.0	0.0	0.0	Staphylococcus_aureus_parC_80.0_E/R->S	True	True
N56_1_3	Staphylococcus_aureus	parC	80.0	36.0	E/R	0.0	0.0	S	35.0	0.9722	0.9722	True	E/R80S(97%)	S:35;Y:1	N56	ZJH_N56	ZCH	Groin	Week 1	False	0.0	0.0	0.0	0.0	0.0	0.0	Staphylococcus_aureus_parC_80.0_E/R->S	True	True
N56_1_3	Staphylococcus_aureus	parC	84.0	22.0	D/E/S	20.0	0.9545	N	1.0	0.0455	0.0455	True	D/E/S84N(4%)	D:20;E:1;N:1	N56	N56	UCMC	Groin	Week 1	False	0.0	0.0	0.0	0.0	0.0	0.0	Staphylococcus_aureus_parC_84.0_D/E/S->N	False	False
N56_1_3	Staphylococcus_aureus	parC	84.0	22.0	D/E/S	20.0	0.9545	N	1.0	0.0455	0.0455	True	D/E/S84N(4%)	D:20;E:1;N:1	N56	ZJH_N56	ZCH	Groin	Week 1	False	0.0	0.0	0.0	0.0	0.0	0.0	Staphylococcus_aureus_parC_84.0_D/E/S->N	False	False
N56_1_3	Staphylococcus_aureus	parE	432.0	54.0	D/S	52.0	0.963	V	2.0	0.037	0.037	True	D/S432V(3%)	D:52;V:2	N56	N56	UCMC	Groin	Week 1	False	0.0	0.0	0.0	0.0	0.0	0.0	Staphylococcus_aureus_parE_432.0_D/S->V	False	False
N56_1_3	Staphylococcus_aureus	parE	432.0	54.0	D/S	52.0	0.963	V	2.0	0.037	0.037	True	D/S432V(3%)	D:52;V:2	N56	ZJH_N56	ZCH	Groin	Week 1	False	0.0	0.0	0.0	0.0	0.0	0.0	Staphylococcus_aureus_parE_432.0_D/S->V	False	False
N56_1_4	Klebsiella_pneumoniae	gyrA	83.0	273.0	D/S	0.0	0.011	L	270.0	0.989	0.989	True	D/S83L(98%)	L:270;S:3	N56	N56	UCMC	Stool	Week 1	False	0.0	0.0	0.0	0.0	0.0	0.0	Klebsiella_pneumoniae_gyrA_83.0_D/S->L	True	True
N56_1_4	Klebsiella_pneumoniae	gyrA	83.0	273.0	D/S	0.0	0.011	L	270.0	0.989	0.989	True	D/S83L(98%)	L:270;S:3	N56	ZJH_N56	ZCH	Stool	Week 1	False	0.0	0.0	0.0	0.0	0.0	0.0	Klebsiella_pneumoniae_gyrA_83.0_D/S->L	True	True
N56_1_4	Escherichia_coli	parE	458.0	652.0	D/S	0.0	0.9908	T	2.0	0.0031	0.0031	True	D/S458A(0%)	A:2;L:2;S:646;T:2	N56	N56	UCMC	Stool	Week 1	False	0.0	0.0	0.0	0.0	0.0	0.0	Escherichia_coli_parE_458.0_D/S->T	False	False
N56_1_4	Escherichia_coli	parE	458.0	652.0	D/S	0.0	0.9908	T	2.0	0.0031	0.0031	True	D/S458A(0%)	A:2;L:2;S:646;T:2	N56	ZJH_N56	ZCH	Stool	Week 1	False	0.0	0.0	0.0	0.0	0.0	0.0	Escherichia_coli_parE_458.0_D/S->T	False	False
N56_1_4	Escherichia_coli	parC	78.0	735.0	A/G	2.0	0.9986	V	1.0	0.0014	0.0014	True	A/G78V(0%)	A:2;G:732;V:1	N56	N56	UCMC	Stool	Week 1	False	0.0	0.0	0.0	0.0	0.0	0.0	Escherichia_coli_parC_78.0_A/G->V	False	False
N56_1_4	Escherichia_coli	parC	78.0	735.0	A/G	2.0	0.9986	V	1.0	0.0014	0.0014	True	A/G78V(0%)	A:2;G:732;V:1	N56	ZJH_N56	ZCH	Stool	Week 1	False	0.0	0.0	0.0	0.0	0.0	0.0	Escherichia_coli_parC_78.0_A/G->V	False	False
N56_1_4	Escherichia_coli	parE	475.0	807.0	D	800.0	0.9913	H	2.0	0.0025	0.0012	True	D475V(0%)	A:2;D:800;G:1;H:2;V:1;Y:1	N56	N56	UCMC	Stool	Week 1	False	0.0	0.0	0.0	0.0	0.0	0.0	Escherichia_coli_parE_475.0_D->H	False	False
N56_1_4	Escherichia_coli	parE	475.0	807.0	D	800.0	0.9913	H	2.0	0.0025	0.0012	True	D475V(0%)	A:2;D:800;G:1;H:2;V:1;Y:1	N56	ZJH_N56	ZCH	Stool	Week 1	False	0.0	0.0	0.0	0.0	0.0	0.0	Escherichia_coli_parE_475.0_D->H	False	False
N57_1_2	Klebsiella_pneumoniae	gyrA	154.0	20.0	K	0.0	0.0	R	20.0	1.0	1.0	True	K154R(100%)	R:20	N57	N57	UCMC	Axilla	Week 1	True	0.0	0.0	0.0	0.0	0.0	0.0	Klebsiella_pneumoniae_gyrA_154.0_K->R	True	True
N57_1_2	Klebsiella_pneumoniae	gyrA	154.0	20.0	K	0.0	0.0	R	20.0	1.0	1.0	True	K154R(100%)	R:20	N57	ZJH_N57	ZCH	Axilla	Week 1	False	6.0	6.0	0.0	1.0	1.0	0.0	Klebsiella_pneumoniae_gyrA_154.0_K->R	True	True
N57_1_2	Staphylococcus_aureus	parE	470.0	12.0	Y	0.0	0.0	N	12.0	1.0	1.0	True	Y470N(100%)	N:12	N57	N57	UCMC	Axilla	Week 1	True	0.0	0.0	0.0	0.0	0.0	0.0	Staphylococcus_aureus_parE_470.0_Y->N	True	True
N57_1_2	Staphylococcus_aureus	parE	470.0	12.0	Y	0.0	0.0	N	12.0	1.0	1.0	True	Y470N(100%)	N:12	N57	ZJH_N57	ZCH	Axilla	Week 1	False	6.0	6.0	0.0	1.0	1.0	0.0	Staphylococcus_aureus_parE_470.0_Y->N	True	True
N57_1_3	Enterococcus_faecalis	gyrA	87.0	6.0	E/S	0.0	0.0	K	6.0	1.0	1.0	True	E/S87K(100%)	K:6	N57	N57	UCMC	Groin	Week 1	True	0.0	0.0	0.0	0.0	0.0	0.0	Enterococcus_faecalis_gyrA_87.0_E/S->K	True	True
N57_1_3	Enterococcus_faecalis	gyrA	87.0	6.0	E/S	0.0	0.0	K	6.0	1.0	1.0	True	E/S87K(100%)	K:6	N57	ZJH_N57	ZCH	Groin	Week 1	False	6.0	6.0	0.0	1.0	1.0	0.0	Enterococcus_faecalis_gyrA_87.0_E/S->K	True	True
N57_1_3	Enterococcus_faecium	gyrA	87.0	19.0	E/S	0.0	0.0	Y	19.0	1.0	1.0	True	E/S87Y(100%)	Y:19	N57	N57	UCMC	Groin	Week 1	True	0.0	0.0	0.0	0.0	0.0	0.0	Enterococcus_faecium_gyrA_87.0_E/S->Y	True	True
N57_1_3	Enterococcus_faecium	gyrA	87.0	19.0	E/S	0.0	0.0	Y	19.0	1.0	1.0	True	E/S87Y(100%)	Y:19	N57	ZJH_N57	ZCH	Groin	Week 1	False	6.0	6.0	0.0	1.0	1.0	0.0	Enterococcus_faecium_gyrA_87.0_E/S->Y	True	True
N57_1_3	Klebsiella_pneumoniae	gyrA	154.0	134.0	K	0.0	0.0	R	134.0	1.0	1.0	True	K154R(100%)	R:134	N57	N57	UCMC	Groin	Week 1	True	0.0	0.0	0.0	0.0	0.0	0.0	Klebsiella_pneumoniae_gyrA_154.0_K->R	True	True
N57_1_3	Klebsiella_pneumoniae	gyrA	154.0	134.0	K	0.0	0.0	R	134.0	1.0	1.0	True	K154R(100%)	R:134	N57	ZJH_N57	ZCH	Groin	Week 1	False	6.0	6.0	0.0	1.0	1.0	0.0	Klebsiella_pneumoniae_gyrA_154.0_K->R	True	True
N57_1_4	Enterococcus_faecium	gyrA	87.0	5.0	E/S	0.0	0.0	Y	5.0	1.0	1.0	True	E/S87Y(100%)	Y:5	N57	N57	UCMC	Stool	Week 1	True	0.0	0.0	0.0	0.0	0.0	0.0	Enterococcus_faecium_gyrA_87.0_E/S->Y	True	True
N57_1_4	Enterococcus_faecium	gyrA	87.0	5.0	E/S	0.0	0.0	Y	5.0	1.0	1.0	True	E/S87Y(100%)	Y:5	N57	ZJH_N57	ZCH	Stool	Week 1	False	6.0	6.0	0.0	1.0	1.0	0.0	Enterococcus_faecium_gyrA_87.0_E/S->Y	True	True
N57_1_4	Staphylococcus_aureus	parC	80.0	764.0	E/R	0.0	0.0	S	760.0	0.9948	0.9948	True	E/R80S(99%)	A:2;P:2;S:760	N57	N57	UCMC	Stool	Week 1	True	0.0	0.0	0.0	0.0	0.0	0.0	Staphylococcus_aureus_parC_80.0_E/R->S	True	True
N57_1_4	Staphylococcus_aureus	parC	80.0	764.0	E/R	0.0	0.0	S	760.0	0.9948	0.9948	True	E/R80S(99%)	A:2;P:2;S:760	N57	ZJH_N57	ZCH	Stool	Week 1	False	6.0	6.0	0.0	1.0	1.0	0.0	Staphylococcus_aureus_parC_80.0_E/R->S	True	True
N57_1_4	Staphylococcus_aureus	parE	470.0	825.0	Y	4.0	0.0048	N	819.0	0.9927	0.9927	True	Y470N(99%)	H:1;K:1;N:819;Y:4	N57	N57	UCMC	Stool	Week 1	True	0.0	0.0	0.0	0.0	0.0	0.0	Staphylococcus_aureus_parE_470.0_Y->N	True	True
N57_1_4	Staphylococcus_aureus	parE	470.0	825.0	Y	4.0	0.0048	N	819.0	0.9927	0.9927	True	Y470N(99%)	H:1;K:1;N:819;Y:4	N57	ZJH_N57	ZCH	Stool	Week 1	False	6.0	6.0	0.0	1.0	1.0	0.0	Staphylococcus_aureus_parE_470.0_Y->N	True	True
N57_1_4	Staphylococcus_aureus	gyrA	84.0	3226.0	G/S	0.0	0.9861	K	27.0	0.0084	0.0003	True	G/S84Y(0%)	A:1;C:2;F:7;I:2;K:27;P:1;S:3181;T:4;Y:1	N57	N57	UCMC	Stool	Week 1	True	0.0	0.0	0.0	0.0	0.0	0.0	Staphylococcus_aureus_gyrA_84.0_G/S->K	False	False
N57_1_4	Staphylococcus_aureus	gyrA	84.0	3226.0	G/S	0.0	0.9861	K	27.0	0.0084	0.0003	True	G/S84Y(0%)	A:1;C:2;F:7;I:2;K:27;P:1;S:3181;T:4;Y:1	N57	ZJH_N57	ZCH	Stool	Week 1	False	6.0	6.0	0.0	1.0	1.0	0.0	Staphylococcus_aureus_gyrA_84.0_G/S->K	False	False
N57_2_2	Enterococcus_faecalis	gyrA	87.0	6.0	E/S	0.0	0.0	K	6.0	1.0	1.0	True	E/S87K(100%)	K:6	N57	N57	UCMC	Axilla	Week 3	True	0.0	0.0	0.0	0.0	0.0	0.0	Enterococcus_faecalis_gyrA_87.0_E/S->K	True	True
N57_2_2	Staphylococcus_aureus	parC	80.0	126.0	E/R	0.0	0.0	S	126.0	1.0	1.0	True	E/R80S(100%)	S:126	N57	N57	UCMC	Axilla	Week 3	True	0.0	0.0	0.0	0.0	0.0	0.0	Staphylococcus_aureus_parC_80.0_E/R->S	True	True
N57_2_2	Staphylococcus_aureus	parE	470.0	205.0	Y	0.0	0.0	N	202.0	0.9854	0.9854	True	Y470N(98%)	K:2;N:202;T:1	N57	N57	UCMC	Axilla	Week 3	True	0.0	0.0	0.0	0.0	0.0	0.0	Staphylococcus_aureus_parE_470.0_Y->N	True	True
N57_2_2	Staphylococcus_aureus	parC	84.0	54.0	D/E/S	53.0	0.9815	V	1.0	0.0185	0.0185	True	D/E/S84V(1%)	D:53;V:1	N57	N57	UCMC	Axilla	Week 3	True	0.0	0.0	0.0	0.0	0.0	0.0	Staphylococcus_aureus_parC_84.0_D/E/S->V	False	False
N57_2_3	Staphylococcus_aureus	parC	80.0	41.0	E/R	0.0	0.0	S	41.0	1.0	1.0	True	E/R80S(100%)	S:41	N57	N57	UCMC	Groin	Week 3	True	0.0	0.0	0.0	0.0	0.0	0.0	Staphylococcus_aureus_parC_80.0_E/R->S	True	True
N57_2_3	Staphylococcus_aureus	parE	470.0	55.0	Y	0.0	0.0	N	55.0	1.0	1.0	True	Y470N(100%)	N:55	N57	N57	UCMC	Groin	Week 3	True	0.0	0.0	0.0	0.0	0.0	0.0	Staphylococcus_aureus_parE_470.0_Y->N	True	True
N57_2_4	Enterococcus_faecium	gyrA	87.0	16.0	E/S	0.0	0.0	Y	16.0	1.0	1.0	True	E/S87Y(100%)	Y:16	N57	N57	UCMC	Stool	Week 3	True	0.0	0.0	0.0	0.0	0.0	0.0	Enterococcus_faecium_gyrA_87.0_E/S->Y	True	True
N57_2_4	Enterococcus_faecalis	gyrA	87.0	12.0	E/S	0.0	0.0	K	12.0	1.0	1.0	True	E/S87K(100%)	K:12	N57	N57	UCMC	Stool	Week 3	True	0.0	0.0	0.0	0.0	0.0	0.0	Enterococcus_faecalis_gyrA_87.0_E/S->K	True	True
N57_2_4	Klebsiella_pneumoniae	gyrA	154.0	250.0	K	0.0	0.0	R	247.0	0.988	0.988	True	K154R(98%)	Q:3;R:247	N57	N57	UCMC	Stool	Week 3	True	0.0	0.0	0.0	0.0	0.0	0.0	Klebsiella_pneumoniae_gyrA_154.0_K->R	True	True
N57_2_4	Escherichia_coli	parE	458.0	850.0	D/S	0.0	0.9894	A	5.0	0.0059	0.0059	True	D/S458A(0%)	A:5;F:2;S:841;T:2	N57	N57	UCMC	Stool	Week 3	True	0.0	0.0	0.0	0.0	0.0	0.0	Escherichia_coli_parE_458.0_D/S->A	False	False
N57_2_4	Escherichia_coli	parE	475.0	981.0	D	957.0	0.9755	E	13.0	0.0133	0.001	True	D475V(0%)	A:3;D:957;E:13;H:7;V:1	N57	N57	UCMC	Stool	Week 3	True	0.0	0.0	0.0	0.0	0.0	0.0	Escherichia_coli_parE_475.0_D->E	False	False
N58_1_2	Staphylococcus_aureus	parE	470.0	93.0	Y	0.0	0.0	N	93.0	1.0	1.0	True	Y470N(100%)	N:93	N58	N58	UCMC	Axilla	Week 1	True	0.0	0.0	0.0	0.0	0.0	0.0	Staphylococcus_aureus_parE_470.0_Y->N	True	True
N58_1_2	Staphylococcus_aureus	parE	470.0	93.0	Y	0.0	0.0	N	93.0	1.0	1.0	True	Y470N(100%)	N:93	N58	ZJH_N58	ZCH	Axilla	Week 1	True	0.0	0.0	0.0	0.0	0.0	0.0	Staphylococcus_aureus_parE_470.0_Y->N	True	True
N58_1_2	Staphylococcus_aureus	parE	432.0	84.0	D/S	54.0	0.6429	V	30.0	0.3571	0.3571	True	D/S432V(35%)	D:54;V:30	N58	N58	UCMC	Axilla	Week 1	True	0.0	0.0	0.0	0.0	0.0	0.0	Staphylococcus_aureus_parE_432.0_D/S->V	False	True
N58_1_2	Staphylococcus_aureus	parE	432.0	84.0	D/S	54.0	0.6429	V	30.0	0.3571	0.3571	True	D/S432V(35%)	D:54;V:30	N58	ZJH_N58	ZCH	Axilla	Week 1	True	0.0	0.0	0.0	0.0	0.0	0.0	Staphylococcus_aureus_parE_432.0_D/S->V	False	True
N58_1_2	Staphylococcus_aureus	parC	84.0	5.0	D/E/S	4.0	0.8	N	1.0	0.2	0.2	True	D/E/S84N(20%)	D:4;N:1	N58	N58	UCMC	Axilla	Week 1	True	0.0	0.0	0.0	0.0	0.0	0.0	Staphylococcus_aureus_parC_84.0_D/E/S->N	False	True
N58_1_2	Staphylococcus_aureus	parC	84.0	5.0	D/E/S	4.0	0.8	N	1.0	0.2	0.2	True	D/E/S84N(20%)	D:4;N:1	N58	ZJH_N58	ZCH	Axilla	Week 1	True	0.0	0.0	0.0	0.0	0.0	0.0	Staphylococcus_aureus_parC_84.0_D/E/S->N	False	True
N58_1_3	Staphylococcus_aureus	parE	470.0	35.0	Y	0.0	0.0	N	35.0	1.0	1.0	True	Y470N(100%)	N:35	N58	N58	UCMC	Groin	Week 1	True	0.0	0.0	0.0	0.0	0.0	0.0	Staphylococcus_aureus_parE_470.0_Y->N	True	True
N58_1_3	Staphylococcus_aureus	parE	470.0	35.0	Y	0.0	0.0	N	35.0	1.0	1.0	True	Y470N(100%)	N:35	N58	ZJH_N58	ZCH	Groin	Week 1	True	0.0	0.0	0.0	0.0	0.0	0.0	Staphylococcus_aureus_parE_470.0_Y->N	True	True
N58_1_3	Staphylococcus_aureus	parE	432.0	17.0	D/S	2.0	0.1176	V	15.0	0.8824	0.8824	True	D/S432V(88%)	D:2;V:15	N58	N58	UCMC	Groin	Week 1	True	0.0	0.0	0.0	0.0	0.0	0.0	Staphylococcus_aureus_parE_432.0_D/S->V	True	True
N58_1_3	Staphylococcus_aureus	parE	432.0	17.0	D/S	2.0	0.1176	V	15.0	0.8824	0.8824	True	D/S432V(88%)	D:2;V:15	N58	ZJH_N58	ZCH	Groin	Week 1	True	0.0	0.0	0.0	0.0	0.0	0.0	Staphylococcus_aureus_parE_432.0_D/S->V	True	True
N58_1_4	Enterococcus_faecalis	gyrA	87.0	20.0	E/S	0.0	0.0	K	20.0	1.0	1.0	True	E/S87K(100%)	K:20	N58	N58	UCMC	Stool	Week 1	True	0.0	0.0	0.0	0.0	0.0	0.0	Enterococcus_faecalis_gyrA_87.0_E/S->K	True	True
N58_1_4	Enterococcus_faecalis	gyrA	87.0	20.0	E/S	0.0	0.0	K	20.0	1.0	1.0	True	E/S87K(100%)	K:20	N58	ZJH_N58	ZCH	Stool	Week 1	True	0.0	0.0	0.0	0.0	0.0	0.0	Enterococcus_faecalis_gyrA_87.0_E/S->K	True	True
N58_1_4	Enterococcus_faecium	gyrA	87.0	21.0	E/S	0.0	0.0	Y	21.0	1.0	1.0	True	E/S87Y(100%)	Y:21	N58	N58	UCMC	Stool	Week 1	True	0.0	0.0	0.0	0.0	0.0	0.0	Enterococcus_faecium_gyrA_87.0_E/S->Y	True	True
N58_1_4	Enterococcus_faecium	gyrA	87.0	21.0	E/S	0.0	0.0	Y	21.0	1.0	1.0	True	E/S87Y(100%)	Y:21	N58	ZJH_N58	ZCH	Stool	Week 1	True	0.0	0.0	0.0	0.0	0.0	0.0	Enterococcus_faecium_gyrA_87.0_E/S->Y	True	True
N58_1_4	Klebsiella_pneumoniae	gyrA	83.0	26.0	D/S	0.0	0.8846	N	2.0	0.0769	0.0769	True	D/S83N(7%)	N:2;P:1;S:23	N58	N58	UCMC	Stool	Week 1	True	0.0	0.0	0.0	0.0	0.0	0.0	Klebsiella_pneumoniae_gyrA_83.0_D/S->N	False	False
N58_1_4	Klebsiella_pneumoniae	gyrA	83.0	26.0	D/S	0.0	0.8846	N	2.0	0.0769	0.0769	True	D/S83N(7%)	N:2;P:1;S:23	N58	ZJH_N58	ZCH	Stool	Week 1	True	0.0	0.0	0.0	0.0	0.0	0.0	Klebsiella_pneumoniae_gyrA_83.0_D/S->N	False	False
N58_1_4	Escherichia_coli	parC	78.0	398.0	A/G	0.0	0.995	V	2.0	0.005	0.005	True	A/G78V(0%)	G:396;V:2	N58	N58	UCMC	Stool	Week 1	True	0.0	0.0	0.0	0.0	0.0	0.0	Escherichia_coli_parC_78.0_A/G->V	False	False
N58_1_4	Escherichia_coli	parC	78.0	398.0	A/G	0.0	0.995	V	2.0	0.005	0.005	True	A/G78V(0%)	G:396;V:2	N58	ZJH_N58	ZCH	Stool	Week 1	True	0.0	0.0	0.0	0.0	0.0	0.0	Escherichia_coli_parC_78.0_A/G->V	False	False
N58_1_4	Klebsiella_oxytoca	parC	80.0	374.0	S	373.0	0.9973	R	1.0	0.0027	0.0027	True	S80R(0%)	R:1;S:373	N58	N58	UCMC	Stool	Week 1	True	0.0	0.0	0.0	0.0	0.0	0.0	Klebsiella_oxytoca_parC_80.0_S->R	False	False
N58_1_4	Klebsiella_oxytoca	parC	80.0	374.0	S	373.0	0.9973	R	1.0	0.0027	0.0027	True	S80R(0%)	R:1;S:373	N58	ZJH_N58	ZCH	Stool	Week 1	True	0.0	0.0	0.0	0.0	0.0	0.0	Klebsiella_oxytoca_parC_80.0_S->R	False	False
N58_2_2	Staphylococcus_aureus	parE	470.0	31.0	Y	0.0	0.0	N	31.0	1.0	1.0	True	Y470N(100%)	N:31	N58	N58	UCMC	Axilla	Week 3	True	0.0	0.0	0.0	0.0	0.0	0.0	Staphylococcus_aureus_parE_470.0_Y->N	True	True
N58_2_2	Staphylococcus_aureus	parE	470.0	31.0	Y	0.0	0.0	N	31.0	1.0	1.0	True	Y470N(100%)	N:31	N58	ZJH_N58	ZCH	Axilla	Week 3	True	0.0	0.0	0.0	0.0	0.0	0.0	Staphylococcus_aureus_parE_470.0_Y->N	True	True
N58_2_2	Staphylococcus_aureus	parE	432.0	37.0	D/S	2.0	0.0541	V	35.0	0.9459	0.9459	True	D/S432V(94%)	D:2;V:35	N58	N58	UCMC	Axilla	Week 3	True	0.0	0.0	0.0	0.0	0.0	0.0	Staphylococcus_aureus_parE_432.0_D/S->V	True	True
N58_2_2	Staphylococcus_aureus	parE	432.0	37.0	D/S	2.0	0.0541	V	35.0	0.9459	0.9459	True	D/S432V(94%)	D:2;V:35	N58	ZJH_N58	ZCH	Axilla	Week 3	True	0.0	0.0	0.0	0.0	0.0	0.0	Staphylococcus_aureus_parE_432.0_D/S->V	True	True
N59_1_2	Staphylococcus_aureus	parE	470.0	505.0	Y	0.0	0.0	N	504.0	0.998	0.998	True	Y470N(99%)	N:504;T:1	N59	N59	UCMC	Axilla	Week 1	False	0.0	0.0	0.0	0.0	0.0	0.0	Staphylococcus_aureus_parE_470.0_Y->N	True	True
N59_1_2	Staphylococcus_aureus	parE	470.0	505.0	Y	0.0	0.0	N	504.0	0.998	0.998	True	Y470N(99%)	N:504;T:1	N59	ZJH_N59	ZCH	Axilla	Week 1	False	3.0	3.0	5.0	1.0	1.0	1.0	Staphylococcus_aureus_parE_470.0_Y->N	True	True
N59_1_2	Staphylococcus_aureus	parE	432.0	419.0	D/S	278.0	0.6635	V	141.0	0.3365	0.3365	True	D/S432V(33%)	D:278;V:141	N59	N59	UCMC	Axilla	Week 1	False	0.0	0.0	0.0	0.0	0.0	0.0	Staphylococcus_aureus_parE_432.0_D/S->V	False	True
N59_1_2	Staphylococcus_aureus	parE	432.0	419.0	D/S	278.0	0.6635	V	141.0	0.3365	0.3365	True	D/S432V(33%)	D:278;V:141	N59	ZJH_N59	ZCH	Axilla	Week 1	False	3.0	3.0	5.0	1.0	1.0	1.0	Staphylococcus_aureus_parE_432.0_D/S->V	False	True
N59_1_2	Staphylococcus_aureus	parC	84.0	61.0	D/E/S	49.0	0.8033	N	12.0	0.1967	0.1967	True	D/E/S84N(19%)	D:49;N:12	N59	N59	UCMC	Axilla	Week 1	False	0.0	0.0	0.0	0.0	0.0	0.0	Staphylococcus_aureus_parC_84.0_D/E/S->N	False	True
N59_1_2	Staphylococcus_aureus	parC	84.0	61.0	D/E/S	49.0	0.8033	N	12.0	0.1967	0.1967	True	D/E/S84N(19%)	D:49;N:12	N59	ZJH_N59	ZCH	Axilla	Week 1	False	3.0	3.0	5.0	1.0	1.0	1.0	Staphylococcus_aureus_parC_84.0_D/E/S->N	False	True
N59_1_3	Staphylococcus_aureus	parE	470.0	172.0	Y	0.0	0.0	N	172.0	1.0	1.0	True	Y470N(100%)	N:172	N59	N59	UCMC	Groin	Week 1	False	0.0	0.0	0.0	0.0	0.0	0.0	Staphylococcus_aureus_parE_470.0_Y->N	True	True
N59_1_3	Staphylococcus_aureus	parE	470.0	172.0	Y	0.0	0.0	N	172.0	1.0	1.0	True	Y470N(100%)	N:172	N59	ZJH_N59	ZCH	Groin	Week 1	False	3.0	3.0	5.0	1.0	1.0	1.0	Staphylococcus_aureus_parE_470.0_Y->N	True	True
N59_1_3	Staphylococcus_aureus	parC	84.0	16.0	D/E/S	11.0	0.6875	N	5.0	0.3125	0.3125	True	D/E/S84N(31%)	D:11;N:5	N59	N59	UCMC	Groin	Week 1	False	0.0	0.0	0.0	0.0	0.0	0.0	Staphylococcus_aureus_parC_84.0_D/E/S->N	False	True
N59_1_3	Staphylococcus_aureus	parC	84.0	16.0	D/E/S	11.0	0.6875	N	5.0	0.3125	0.3125	True	D/E/S84N(31%)	D:11;N:5	N59	ZJH_N59	ZCH	Groin	Week 1	False	3.0	3.0	5.0	1.0	1.0	1.0	Staphylococcus_aureus_parC_84.0_D/E/S->N	False	True
N59_1_3	Staphylococcus_aureus	parE	432.0	123.0	D/S	101.0	0.8211	V	22.0	0.1789	0.1789	True	D/S432V(17%)	D:101;V:22	N59	N59	UCMC	Groin	Week 1	False	0.0	0.0	0.0	0.0	0.0	0.0	Staphylococcus_aureus_parE_432.0_D/S->V	False	True
N59_1_3	Staphylococcus_aureus	parE	432.0	123.0	D/S	101.0	0.8211	V	22.0	0.1789	0.1789	True	D/S432V(17%)	D:101;V:22	N59	ZJH_N59	ZCH	Groin	Week 1	False	3.0	3.0	5.0	1.0	1.0	1.0	Staphylococcus_aureus_parE_432.0_D/S->V	False	True
N59_1_4	Staphylococcus_aureus	parE	470.0	249.0	Y	0.0	0.0	N	249.0	1.0	1.0	True	Y470N(100%)	N:249	N59	N59	UCMC	Stool	Week 1	False	0.0	0.0	0.0	0.0	0.0	0.0	Staphylococcus_aureus_parE_470.0_Y->N	True	True
N59_1_4	Staphylococcus_aureus	parE	470.0	249.0	Y	0.0	0.0	N	249.0	1.0	1.0	True	Y470N(100%)	N:249	N59	ZJH_N59	ZCH	Stool	Week 1	False	3.0	3.0	5.0	1.0	1.0	1.0	Staphylococcus_aureus_parE_470.0_Y->N	True	True
N59_1_4	Enterococcus_faecium	gyrA	87.0	2126.0	E/S	0.0	0.0	Y	2123.0	0.9986	0.9986	True	E/S87Y(99%)	H:1;N:2;Y:2123	N59	N59	UCMC	Stool	Week 1	False	0.0	0.0	0.0	0.0	0.0	0.0	Enterococcus_faecium_gyrA_87.0_E/S->Y	True	True
N59_1_4	Enterococcus_faecium	gyrA	87.0	2126.0	E/S	0.0	0.0	Y	2123.0	0.9986	0.9986	True	E/S87Y(99%)	H:1;N:2;Y:2123	N59	ZJH_N59	ZCH	Stool	Week 1	False	3.0	3.0	5.0	1.0	1.0	1.0	Enterococcus_faecium_gyrA_87.0_E/S->Y	True	True
N59_1_4	Enterococcus_faecalis	gyrA	87.0	3228.0	E/S	0.0	0.0	K	3220.0	0.9975	0.9975	True	E/S87K(99%)	I:2;K:3220;N:5;Q:1	N59	N59	UCMC	Stool	Week 1	False	0.0	0.0	0.0	0.0	0.0	0.0	Enterococcus_faecalis_gyrA_87.0_E/S->K	True	True
N59_1_4	Enterococcus_faecalis	gyrA	87.0	3228.0	E/S	0.0	0.0	K	3220.0	0.9975	0.9975	True	E/S87K(99%)	I:2;K:3220;N:5;Q:1	N59	ZJH_N59	ZCH	Stool	Week 1	False	3.0	3.0	5.0	1.0	1.0	1.0	Enterococcus_faecalis_gyrA_87.0_E/S->K	True	True
N59_1_4	Staphylococcus_aureus	parC	80.0	209.0	E/R	0.0	0.0	S	207.0	0.9904	0.9904	True	E/R80S(99%)	A:1;L:1;S:207	N59	N59	UCMC	Stool	Week 1	False	0.0	0.0	0.0	0.0	0.0	0.0	Staphylococcus_aureus_parC_80.0_E/R->S	True	True
N59_1_4	Staphylococcus_aureus	parC	80.0	209.0	E/R	0.0	0.0	S	207.0	0.9904	0.9904	True	E/R80S(99%)	A:1;L:1;S:207	N59	ZJH_N59	ZCH	Stool	Week 1	False	3.0	3.0	5.0	1.0	1.0	1.0	Staphylococcus_aureus_parC_80.0_E/R->S	True	True
N59_1_4	Klebsiella_pneumoniae	gyrA	83.0	6.0	D/S	0.0	0.3333	A	4.0	0.6667	0.6667	True	D/S83A(66%)	A:4;S:2	N59	N59	UCMC	Stool	Week 1	False	0.0	0.0	0.0	0.0	0.0	0.0	Klebsiella_pneumoniae_gyrA_83.0_D/S->A	False	True
N59_1_4	Klebsiella_pneumoniae	gyrA	83.0	6.0	D/S	0.0	0.3333	A	4.0	0.6667	0.6667	True	D/S83A(66%)	A:4;S:2	N59	ZJH_N59	ZCH	Stool	Week 1	False	3.0	3.0	5.0	1.0	1.0	1.0	Klebsiella_pneumoniae_gyrA_83.0_D/S->A	False	True
N59_1_4	Staphylococcus_aureus	parE	432.0	518.0	D/S	497.0	0.9595	Y	20.0	0.0386	0.0019	True	D/S432E(0%)	D:497;E:1;Y:20	N59	N59	UCMC	Stool	Week 1	False	0.0	0.0	0.0	0.0	0.0	0.0	Staphylococcus_aureus_parE_432.0_D/S->Y	False	False
N59_1_4	Staphylococcus_aureus	parE	432.0	518.0	D/S	497.0	0.9595	Y	20.0	0.0386	0.0019	True	D/S432E(0%)	D:497;E:1;Y:20	N59	ZJH_N59	ZCH	Stool	Week 1	False	3.0	3.0	5.0	1.0	1.0	1.0	Staphylococcus_aureus_parE_432.0_D/S->Y	False	False
N60_1_2	Staphylococcus_aureus	parE	470.0	30.0	Y	0.0	0.0	N	30.0	1.0	1.0	True	Y470N(100%)	N:30	N60	N60	UCMC	Axilla	Week 1	True	0.0	0.0	0.0	0.0	0.0	0.0	Staphylococcus_aureus_parE_470.0_Y->N	True	True
N60_1_2	Pseudomonas_aeruginosa	gyrA	83.0	33.0	A/D	0.0	0.0	V	33.0	1.0	1.0	True	A/D83V(100%)	V:33	N60	N60	UCMC	Axilla	Week 1	True	0.0	0.0	0.0	0.0	0.0	0.0	Pseudomonas_aeruginosa_gyrA_83.0_A/D->V	True	True
N60_1_4	Enterococcus_faecalis	gyrA	87.0	156.0	E/S	0.0	0.0	K	156.0	1.0	1.0	True	E/S87K(100%)	K:156	N60	N60	UCMC	Stool	Week 1	True	0.0	0.0	0.0	0.0	0.0	0.0	Enterococcus_faecalis_gyrA_87.0_E/S->K	True	True
N60_1_4	Pseudomonas_aeruginosa	gyrA	83.0	53.0	A/D	0.0	0.0	V	53.0	1.0	1.0	True	A/D83V(100%)	V:53	N60	N60	UCMC	Stool	Week 1	True	0.0	0.0	0.0	0.0	0.0	0.0	Pseudomonas_aeruginosa_gyrA_83.0_A/D->V	True	True
N60_1_4	Enterococcus_faecium	gyrA	87.0	97.0	E/S	0.0	0.0	Y	97.0	1.0	1.0	True	E/S87Y(100%)	Y:97	N60	N60	UCMC	Stool	Week 1	True	0.0	0.0	0.0	0.0	0.0	0.0	Enterococcus_faecium_gyrA_87.0_E/S->Y	True	True
N60_1_4	Klebsiella_pneumoniae	gyrA	154.0	378.0	K	0.0	0.0	R	376.0	0.9947	0.9947	True	K154R(99%)	R:376;S:2	N60	N60	UCMC	Stool	Week 1	True	0.0	0.0	0.0	0.0	0.0	0.0	Klebsiella_pneumoniae_gyrA_154.0_K->R	True	True
N60_1_4	Streptococcus_oralis	gyrA	81.0	84.0	S	82.0	0.9762	Y	2.0	0.0238	0.0238	True	S81Y(2%)	S:82;Y:2	N60	N60	UCMC	Stool	Week 1	True	0.0	0.0	0.0	0.0	0.0	0.0	Streptococcus_oralis_gyrA_81.0_S->Y	False	False
N60_1_4	Pseudomonas_aeruginosa	gyrA	87.0	46.0	D/S	45.0	0.9783	Y	1.0	0.0217	0.0217	True	D/S87Y(2%)	D:45;Y:1	N60	N60	UCMC	Stool	Week 1	True	0.0	0.0	0.0	0.0	0.0	0.0	Pseudomonas_aeruginosa_gyrA_87.0_D/S->Y	False	False
N60_1_4	Escherichia_coli	parC	78.0	656.0	A/G	0.0	0.9985	V	1.0	0.0015	0.0015	True	A/G78V(0%)	G:655;V:1	N60	N60	UCMC	Stool	Week 1	True	0.0	0.0	0.0	0.0	0.0	0.0	Escherichia_coli_parC_78.0_A/G->V	False	False
N60_2_2	Staphylococcus_aureus	parE	470.0	21.0	Y	0.0	0.0	N	21.0	1.0	1.0	True	Y470N(100%)	N:21	N60	N60	UCMC	Axilla	Week 3	True	0.0	0.0	0.0	0.0	0.0	0.0	Staphylococcus_aureus_parE_470.0_Y->N	True	True
N60_2_2	Enterococcus_faecalis	gyrA	87.0	6.0	E/S	0.0	0.0	K	6.0	1.0	1.0	True	E/S87K(100%)	K:6	N60	N60	UCMC	Axilla	Week 3	True	0.0	0.0	0.0	0.0	0.0	0.0	Enterococcus_faecalis_gyrA_87.0_E/S->K	True	True
N60_2_2	Staphylococcus_aureus	parE	432.0	18.0	D/S	4.0	0.2222	V	14.0	0.7778	0.7778	True	D/S432V(77%)	D:4;V:14	N60	N60	UCMC	Axilla	Week 3	True	0.0	0.0	0.0	0.0	0.0	0.0	Staphylococcus_aureus_parE_432.0_D/S->V	True	True
N60_2_3	Enterococcus_faecium	gyrA	87.0	14.0	E/S	0.0	0.0	Y	14.0	1.0	1.0	True	E/S87Y(100%)	Y:14	N60	N60	UCMC	Groin	Week 3	True	0.0	0.0	0.0	0.0	0.0	0.0	Enterococcus_faecium_gyrA_87.0_E/S->Y	True	True
N60_2_3	Klebsiella_pneumoniae	gyrA	154.0	153.0	K	0.0	0.0	R	153.0	1.0	1.0	True	K154R(100%)	R:153	N60	N60	UCMC	Groin	Week 3	True	0.0	0.0	0.0	0.0	0.0	0.0	Klebsiella_pneumoniae_gyrA_154.0_K->R	True	True
N60_2_4	Enterococcus_faecalis	gyrA	87.0	26.0	E/S	0.0	0.0	K	26.0	1.0	1.0	True	E/S87K(100%)	K:26	N60	N60	UCMC	Stool	Week 3	True	0.0	0.0	0.0	0.0	0.0	0.0	Enterococcus_faecalis_gyrA_87.0_E/S->K	True	True
N60_2_4	Enterococcus_faecium	gyrA	87.0	20.0	E/S	0.0	0.0	Y	20.0	1.0	1.0	True	E/S87Y(100%)	Y:20	N60	N60	UCMC	Stool	Week 3	True	0.0	0.0	0.0	0.0	0.0	0.0	Enterococcus_faecium_gyrA_87.0_E/S->Y	True	True
N60_2_4	Klebsiella_pneumoniae	gyrA	154.0	271.0	K	0.0	0.0	R	269.0	0.9926	0.9926	True	K154R(99%)	C:2;R:269	N60	N60	UCMC	Stool	Week 3	True	0.0	0.0	0.0	0.0	0.0	0.0	Klebsiella_pneumoniae_gyrA_154.0_K->R	True	True
N61_1_2	Staphylococcus_aureus	parE	470.0	29.0	Y	0.0	0.0	N	29.0	1.0	1.0	True	Y470N(100%)	N:29	N61	N61	UCMC	Axilla	Week 1	True	0.0	0.0	0.0	0.0	0.0	0.0	Staphylococcus_aureus_parE_470.0_Y->N	True	True
N61_1_2	Staphylococcus_aureus	parE	432.0	22.0	D/S	20.0	0.9091	V	2.0	0.0909	0.0909	True	D/S432V(9%)	D:20;V:2	N61	N61	UCMC	Axilla	Week 1	True	0.0	0.0	0.0	0.0	0.0	0.0	Staphylococcus_aureus_parE_432.0_D/S->V	False	False
N61_1_3	Staphylococcus_aureus	parE	470.0	27.0	Y	0.0	0.0	N	27.0	1.0	1.0	True	Y470N(100%)	N:27	N61	N61	UCMC	Groin	Week 1	True	0.0	0.0	0.0	0.0	0.0	0.0	Staphylococcus_aureus_parE_470.0_Y->N	True	True
N61_1_4	Staphylococcus_aureus	parE	470.0	25.0	Y	0.0	0.0	N	25.0	1.0	1.0	True	Y470N(100%)	N:25	N61	N61	UCMC	Stool	Week 1	True	0.0	0.0	0.0	0.0	0.0	0.0	Staphylococcus_aureus_parE_470.0_Y->N	True	True
N61_1_4	Enterococcus_faecalis	gyrA	87.0	1403.0	E/S	0.0	0.0	K	1399.0	0.9971	0.9971	True	E/S87K(99%)	K:1399;N:3;Q:1	N61	N61	UCMC	Stool	Week 1	True	0.0	0.0	0.0	0.0	0.0	0.0	Enterococcus_faecalis_gyrA_87.0_E/S->K	True	True
N61_1_4	Enterococcus_faecium	gyrA	87.0	1082.0	E/S	0.0	0.0	Y	1078.0	0.9963	0.9963	True	E/S87Y(99%)	D:2;H:1;N:1;Y:1078	N61	N61	UCMC	Stool	Week 1	True	0.0	0.0	0.0	0.0	0.0	0.0	Enterococcus_faecium_gyrA_87.0_E/S->Y	True	True
N61_2_2	Staphylococcus_aureus	parE	470.0	204.0	Y	0.0	0.0	N	200.0	0.9804	0.9804	True	Y470N(98%)	N:200;S:4	N61	N61	UCMC	Axilla	Week 3	True	0.0	0.0	0.0	0.0	0.0	0.0	Staphylococcus_aureus_parE_470.0_Y->N	True	True
N61_2_2	Staphylococcus_aureus	parE	432.0	250.0	D/S	26.0	0.104	V	224.0	0.896	0.896	True	D/S432V(89%)	D:26;V:224	N61	N61	UCMC	Axilla	Week 3	True	0.0	0.0	0.0	0.0	0.0	0.0	Staphylococcus_aureus_parE_432.0_D/S->V	True	True
N61_2_3	Staphylococcus_aureus	parE	470.0	48.0	Y	0.0	0.0	N	48.0	1.0	1.0	True	Y470N(100%)	N:48	N61	N61	UCMC	Groin	Week 3	True	0.0	0.0	0.0	0.0	0.0	0.0	Staphylococcus_aureus_parE_470.0_Y->N	True	True
N61_2_3	Staphylococcus_aureus	parE	432.0	49.0	D/S	42.0	0.8571	V	7.0	0.1429	0.1429	True	D/S432V(14%)	D:42;V:7	N61	N61	UCMC	Groin	Week 3	True	0.0	0.0	0.0	0.0	0.0	0.0	Staphylococcus_aureus_parE_432.0_D/S->V	False	True
N62_1_2	Staphylococcus_aureus	parE	470.0	70.0	Y	0.0	0.0	N	70.0	1.0	1.0	True	Y470N(100%)	N:70	N62	N62	UCMC	Axilla	Week 1	True	0.0	0.0	0.0	0.0	0.0	0.0	Staphylococcus_aureus_parE_470.0_Y->N	True	True
N62_1_2	Staphylococcus_aureus	parE	432.0	79.0	D/S	72.0	0.9114	V	7.0	0.0886	0.0886	True	D/S432V(8%)	D:72;V:7	N62	N62	UCMC	Axilla	Week 1	True	0.0	0.0	0.0	0.0	0.0	0.0	Staphylococcus_aureus_parE_432.0_D/S->V	False	False
N62_1_4	Staphylococcus_aureus	parE	470.0	12.0	Y	0.0	0.0	N	12.0	1.0	1.0	True	Y470N(100%)	N:12	N62	N62	UCMC	Stool	Week 1	True	0.0	0.0	0.0	0.0	0.0	0.0	Staphylococcus_aureus_parE_470.0_Y->N	True	True
N62_1_4	Staphylococcus_aureus	parC	80.0	5.0	E/R	0.0	0.0	S	5.0	1.0	1.0	True	E/R80S(100%)	S:5	N62	N62	UCMC	Stool	Week 1	True	0.0	0.0	0.0	0.0	0.0	0.0	Staphylococcus_aureus_parC_80.0_E/R->S	True	True
N62_1_4	Klebsiella_pneumoniae	gyrA	154.0	951.0	K	0.0	0.0	R	950.0	0.9989	0.9989	True	K154R(99%)	R:950;S:1	N62	N62	UCMC	Stool	Week 1	True	0.0	0.0	0.0	0.0	0.0	0.0	Klebsiella_pneumoniae_gyrA_154.0_K->R	True	True
N62_1_4	Klebsiella_oxytoca	parC	80.0	760.0	S	758.0	0.9974	R	2.0	0.0026	0.0026	True	S80R(0%)	R:2;S:758	N62	N62	UCMC	Stool	Week 1	True	0.0	0.0	0.0	0.0	0.0	0.0	Klebsiella_oxytoca_parC_80.0_S->R	False	False
N62_2_2	Staphylococcus_aureus	parE	470.0	39.0	Y	0.0	0.0	N	39.0	1.0	1.0	True	Y470N(100%)	N:39	N62	N62	UCMC	Axilla	Week 3	True	0.0	0.0	0.0	0.0	0.0	0.0	Staphylococcus_aureus_parE_470.0_Y->N	True	True
N62_2_2	Staphylococcus_aureus	parE	432.0	81.0	D/S	31.0	0.3827	V	44.0	0.5432	0.5432	True	D/S432V(54%)	D:31;N:6;V:44	N62	N62	UCMC	Axilla	Week 3	True	0.0	0.0	0.0	0.0	0.0	0.0	Staphylococcus_aureus_parE_432.0_D/S->V	False	True
N62_2_4	Enterococcus_faecalis	gyrA	87.0	14.0	E/S	0.0	0.0	K	14.0	1.0	1.0	True	E/S87K(100%)	K:14	N62	N62	UCMC	Stool	Week 3	True	0.0	0.0	0.0	0.0	0.0	0.0	Enterococcus_faecalis_gyrA_87.0_E/S->K	True	True
N62_2_4	Klebsiella_pneumoniae	gyrA	154.0	542.0	K	0.0	0.0	R	542.0	1.0	1.0	True	K154R(100%)	R:542	N62	N62	UCMC	Stool	Week 3	True	0.0	0.0	0.0	0.0	0.0	0.0	Klebsiella_pneumoniae_gyrA_154.0_K->R	True	True
N62_2_4	Enterococcus_faecium	gyrA	87.0	22.0	E/S	0.0	0.0	Y	22.0	1.0	1.0	True	E/S87Y(100%)	Y:22	N62	N62	UCMC	Stool	Week 3	True	0.0	0.0	0.0	0.0	0.0	0.0	Enterococcus_faecium_gyrA_87.0_E/S->Y	True	True
N62_2_4	Klebsiella_pneumoniae	gyrA	83.0	657.0	D/S	0.0	0.9878	A	5.0	0.0076	0.0076	True	D/S83A(0%)	A:5;S:649;Y:3	N62	N62	UCMC	Stool	Week 3	True	0.0	0.0	0.0	0.0	0.0	0.0	Klebsiella_pneumoniae_gyrA_83.0_D/S->A	False	False
N62_2_4	Klebsiella_oxytoca	parC	80.0	528.0	S	525.0	0.9943	R	3.0	0.0057	0.0057	True	S80R(0%)	R:3;S:525	N62	N62	UCMC	Stool	Week 3	True	0.0	0.0	0.0	0.0	0.0	0.0	Klebsiella_oxytoca_parC_80.0_S->R	False	False
N63_1_2	Staphylococcus_aureus	parE	470.0	56.0	Y	0.0	0.0	N	56.0	1.0	1.0	True	Y470N(100%)	N:56	N63	N63	UCMC	Axilla	Week 1	True	0.0	0.0	0.0	0.0	0.0	0.0	Staphylococcus_aureus_parE_470.0_Y->N	True	True
N63_1_2	Staphylococcus_aureus	parE	432.0	28.0	D/S	14.0	0.5	V	14.0	0.5	0.5	True	D/S432V(50%)	D:14;V:14	N63	N63	UCMC	Axilla	Week 1	True	0.0	0.0	0.0	0.0	0.0	0.0	Staphylococcus_aureus_parE_432.0_D/S->V	False	True
N63_1_3	Staphylococcus_aureus	parE	470.0	86.0	Y	0.0	0.0	N	86.0	1.0	1.0	True	Y470N(100%)	N:86	N63	N63	UCMC	Groin	Week 1	True	0.0	0.0	0.0	0.0	0.0	0.0	Staphylococcus_aureus_parE_470.0_Y->N	True	True
N63_1_3	Klebsiella_pneumoniae	gyrA	154.0	20.0	K	0.0	0.0	R	20.0	1.0	1.0	True	K154R(100%)	R:20	N63	N63	UCMC	Groin	Week 1	True	0.0	0.0	0.0	0.0	0.0	0.0	Klebsiella_pneumoniae_gyrA_154.0_K->R	True	True
N63_1_3	Staphylococcus_aureus	parE	432.0	79.0	D/S	58.0	0.7342	V	21.0	0.2658	0.2658	True	D/S432V(26%)	D:58;V:21	N63	N63	UCMC	Groin	Week 1	True	0.0	0.0	0.0	0.0	0.0	0.0	Staphylococcus_aureus_parE_432.0_D/S->V	False	True
N63_1_4	Staphylococcus_aureus	parE	470.0	140.0	Y	0.0	0.0	N	140.0	1.0	1.0	True	Y470N(100%)	N:140	N63	N63	UCMC	Stool	Week 1	True	0.0	0.0	0.0	0.0	0.0	0.0	Staphylococcus_aureus_parE_470.0_Y->N	True	True
N63_1_4	Staphylococcus_aureus	parC	80.0	78.0	E/R	0.0	0.0	S	78.0	1.0	1.0	True	E/R80S(100%)	S:78	N63	N63	UCMC	Stool	Week 1	True	0.0	0.0	0.0	0.0	0.0	0.0	Staphylococcus_aureus_parC_80.0_E/R->S	True	True
N63_1_4	Klebsiella_pneumoniae	gyrA	154.0	601.0	K	0.0	0.0	R	599.0	0.9967	0.9967	True	K154R(99%)	P:2;R:599	N63	N63	UCMC	Stool	Week 1	True	0.0	0.0	0.0	0.0	0.0	0.0	Klebsiella_pneumoniae_gyrA_154.0_K->R	True	True
N63_1_4	Escherichia_coli	gyrA	83.0	669.0	A/D/S	1.0	0.997	T	2.0	0.003	0.003	True	A/D/S83T(0%)	A:1;S:666;T:2	N63	N63	UCMC	Stool	Week 1	True	0.0	0.0	0.0	0.0	0.0	0.0	Escherichia_coli_gyrA_83.0_A/D/S->T	False	False
N63_1_4	Escherichia_coli	parE	458.0	434.0	D/S	0.0	0.9954	E	1.0	0.0023	0.0023	True	D/S458A(0%)	A:1;E:1;S:432	N63	N63	UCMC	Stool	Week 1	True	0.0	0.0	0.0	0.0	0.0	0.0	Escherichia_coli_parE_458.0_D/S->E	False	False
N63_1_4	Klebsiella_pneumoniae	gyrA	83.0	645.0	D/S	0.0	0.9953	T	2.0	0.0031	0.0016	True	D/S83A(0%)	A:1;S:642;T:2	N63	N63	UCMC	Stool	Week 1	True	0.0	0.0	0.0	0.0	0.0	0.0	Klebsiella_pneumoniae_gyrA_83.0_D/S->T	False	False
N63_2_2	Klebsiella_pneumoniae	gyrA	154.0	6.0	K	0.0	0.0	R	6.0	1.0	1.0	True	K154R(100%)	R:6	N63	N63	UCMC	Axilla	Week 3	True	0.0	0.0	0.0	0.0	0.0	0.0	Klebsiella_pneumoniae_gyrA_154.0_K->R	True	True
N63_2_2	Staphylococcus_aureus	parE	470.0	84.0	Y	0.0	0.0	N	84.0	1.0	1.0	True	Y470N(100%)	N:84	N63	N63	UCMC	Axilla	Week 3	True	0.0	0.0	0.0	0.0	0.0	0.0	Staphylococcus_aureus_parE_470.0_Y->N	True	True
N63_2_2	Staphylococcus_aureus	parE	432.0	79.0	D/S	4.0	0.0506	V	75.0	0.9494	0.9494	True	D/S432V(94%)	D:4;V:75	N63	N63	UCMC	Axilla	Week 3	True	0.0	0.0	0.0	0.0	0.0	0.0	Staphylococcus_aureus_parE_432.0_D/S->V	True	True
N63_2_3	Klebsiella_pneumoniae	gyrA	154.0	101.0	K	0.0	0.0	R	101.0	1.0	1.0	True	K154R(100%)	R:101	N63	N63	UCMC	Groin	Week 3	True	0.0	0.0	0.0	0.0	0.0	0.0	Klebsiella_pneumoniae_gyrA_154.0_K->R	True	True
N63_2_3	Staphylococcus_aureus	parE	432.0	5.0	D/S	3.0	0.6	V	2.0	0.4	0.4	True	D/S432V(40%)	D:3;V:2	N63	N63	UCMC	Groin	Week 3	True	0.0	0.0	0.0	0.0	0.0	0.0	Staphylococcus_aureus_parE_432.0_D/S->V	False	True
N63_2_4	Enterococcus_faecium	gyrA	87.0	42.0	E/S	0.0	0.0	Y	42.0	1.0	1.0	True	E/S87Y(100%)	Y:42	N63	N63	UCMC	Stool	Week 3	True	0.0	0.0	0.0	0.0	0.0	0.0	Enterococcus_faecium_gyrA_87.0_E/S->Y	True	True
N63_2_4	Enterococcus_faecalis	gyrA	87.0	85.0	E/S	0.0	0.0	K	85.0	1.0	1.0	True	E/S87K(100%)	K:85	N63	N63	UCMC	Stool	Week 3	True	0.0	0.0	0.0	0.0	0.0	0.0	Enterococcus_faecalis_gyrA_87.0_E/S->K	True	True
N63_2_4	Klebsiella_pneumoniae	gyrA	154.0	978.0	K	0.0	0.0	R	975.0	0.9969	0.9969	True	K154R(99%)	G:1;R:975;S:1;V:1	N63	N63	UCMC	Stool	Week 3	True	0.0	0.0	0.0	0.0	0.0	0.0	Klebsiella_pneumoniae_gyrA_154.0_K->R	True	True
N63_2_4	Klebsiella_pneumoniae	gyrA	83.0	950.0	D/S	0.0	0.9958	A	4.0	0.0042	0.0042	True	D/S83A(0%)	A:4;S:946	N63	N63	UCMC	Stool	Week 3	True	0.0	0.0	0.0	0.0	0.0	0.0	Klebsiella_pneumoniae_gyrA_83.0_D/S->A	False	False
N64_1_2	Staphylococcus_aureus	parC	80.0	6.0	E/R	0.0	0.0	S	6.0	1.0	1.0	True	E/R80S(100%)	S:6	N64	N64	UCMC	Axilla	Week 1	True	0.0	0.0	0.0	0.0	0.0	0.0	Staphylococcus_aureus_parC_80.0_E/R->S	True	True
N64_1_2	Staphylococcus_aureus	parE	470.0	15.0	Y	0.0	0.0	N	15.0	1.0	1.0	True	Y470N(100%)	N:15	N64	N64	UCMC	Axilla	Week 1	True	0.0	0.0	0.0	0.0	0.0	0.0	Staphylococcus_aureus_parE_470.0_Y->N	True	True
N64_1_3	Staphylococcus_aureus	parE	470.0	12.0	Y	0.0	0.0	N	12.0	1.0	1.0	True	Y470N(100%)	N:12	N64	N64	UCMC	Groin	Week 1	True	0.0	0.0	0.0	0.0	0.0	0.0	Staphylococcus_aureus_parE_470.0_Y->N	True	True
N64_1_4	Klebsiella_pneumoniae	gyrA	154.0	7.0	K	0.0	0.0	R	7.0	1.0	1.0	True	K154R(100%)	R:7	N64	N64	UCMC	Stool	Week 1	True	0.0	0.0	0.0	0.0	0.0	0.0	Klebsiella_pneumoniae_gyrA_154.0_K->R	True	True
N64_1_4	Staphylococcus_aureus	parE	470.0	418.0	Y	0.0	0.0	N	418.0	1.0	1.0	True	Y470N(100%)	N:418	N64	N64	UCMC	Stool	Week 1	True	0.0	0.0	0.0	0.0	0.0	0.0	Staphylococcus_aureus_parE_470.0_Y->N	True	True
N64_1_4	Staphylococcus_aureus	parC	80.0	291.0	E/R	0.0	0.0	S	291.0	1.0	1.0	True	E/R80S(100%)	S:291	N64	N64	UCMC	Stool	Week 1	True	0.0	0.0	0.0	0.0	0.0	0.0	Staphylococcus_aureus_parC_80.0_E/R->S	True	True
N64_1_4	Klebsiella_pneumoniae	gyrA	87.0	1058.0	D/S	1051.0	0.9934	A	5.0	0.0047	0.0019	True	D/S87Y(0%)	A:5;D:1051;Y:2	N64	N64	UCMC	Stool	Week 1	True	0.0	0.0	0.0	0.0	0.0	0.0	Klebsiella_pneumoniae_gyrA_87.0_D/S->A	False	False
N64_1_4	Staphylococcus_aureus	parE	432.0	578.0	D/S	571.0	0.9879	Y	3.0	0.0052	0.0017	True	D/S432E(0%)	D:571;E:1;F:1;H:2;Y:3	N64	N64	UCMC	Stool	Week 1	True	0.0	0.0	0.0	0.0	0.0	0.0	Staphylococcus_aureus_parE_432.0_D/S->Y	False	False
N64_1_4	Klebsiella_pneumoniae	gyrA	83.0	1046.0	D/S	0.0	0.9962	C	3.0	0.0029	0.001	True	D/S83A(0%)	A:1;C:3;S:1042	N64	N64	UCMC	Stool	Week 1	True	0.0	0.0	0.0	0.0	0.0	0.0	Klebsiella_pneumoniae_gyrA_83.0_D/S->C	False	False
N64_2_2	Staphylococcus_aureus	parE	470.0	59.0	Y	0.0	0.0	N	59.0	1.0	1.0	True	Y470N(100%)	N:59	N64	N64	UCMC	Axilla	Week 3	True	0.0	0.0	0.0	0.0	0.0	0.0	Staphylococcus_aureus_parE_470.0_Y->N	True	True
N64_2_2	Staphylococcus_aureus	parE	432.0	38.0	D/S	8.0	0.2105	V	30.0	0.7895	0.7895	True	D/S432V(78%)	D:8;V:30	N64	N64	UCMC	Axilla	Week 3	True	0.0	0.0	0.0	0.0	0.0	0.0	Staphylococcus_aureus_parE_432.0_D/S->V	True	True
N64_2_3	Staphylococcus_aureus	parE	470.0	18.0	Y	0.0	0.0	N	18.0	1.0	1.0	True	Y470N(100%)	N:18	N64	N64	UCMC	Groin	Week 3	True	0.0	0.0	0.0	0.0	0.0	0.0	Staphylococcus_aureus_parE_470.0_Y->N	True	True
N64_2_3	Enterococcus_faecium	gyrA	87.0	8.0	E/S	0.0	0.0	Y	8.0	1.0	1.0	True	E/S87Y(100%)	Y:8	N64	N64	UCMC	Groin	Week 3	True	0.0	0.0	0.0	0.0	0.0	0.0	Enterococcus_faecium_gyrA_87.0_E/S->Y	True	True
N64_2_3	Staphylococcus_aureus	parE	432.0	29.0	D/S	23.0	0.7931	V	6.0	0.2069	0.2069	True	D/S432V(20%)	D:23;V:6	N64	N64	UCMC	Groin	Week 3	True	0.0	0.0	0.0	0.0	0.0	0.0	Staphylococcus_aureus_parE_432.0_D/S->V	False	True
N64_2_4	Enterococcus_faecalis	gyrA	87.0	20.0	E/S	0.0	0.0	K	20.0	1.0	1.0	True	E/S87K(100%)	K:20	N64	N64	UCMC	Stool	Week 3	True	0.0	0.0	0.0	0.0	0.0	0.0	Enterococcus_faecalis_gyrA_87.0_E/S->K	True	True
N64_2_4	Staphylococcus_aureus	parE	470.0	5.0	Y	0.0	0.0	N	5.0	1.0	1.0	True	Y470N(100%)	N:5	N64	N64	UCMC	Stool	Week 3	True	0.0	0.0	0.0	0.0	0.0	0.0	Staphylococcus_aureus_parE_470.0_Y->N	True	True
N64_2_4	Enterococcus_faecium	gyrA	87.0	19.0	E/S	0.0	0.0	Y	19.0	1.0	1.0	True	E/S87Y(100%)	Y:19	N64	N64	UCMC	Stool	Week 3	True	0.0	0.0	0.0	0.0	0.0	0.0	Enterococcus_faecium_gyrA_87.0_E/S->Y	True	True
N64_2_4	Staphylococcus_aureus	parC	80.0	6.0	E/R	0.0	0.0	S	6.0	1.0	1.0	True	E/R80S(100%)	S:6	N64	N64	UCMC	Stool	Week 3	True	0.0	0.0	0.0	0.0	0.0	0.0	Staphylococcus_aureus_parC_80.0_E/R->S	True	True
N64_2_4	Pseudomonas_aeruginosa	gyrA	87.0	36.0	D/S	26.0	0.7222	Y	9.0	0.25	0.25	True	D/S87Y(25%)	A:1;D:26;Y:9	N64	N64	UCMC	Stool	Week 3	True	0.0	0.0	0.0	0.0	0.0	0.0	Pseudomonas_aeruginosa_gyrA_87.0_D/S->Y	False	True
N64_2_4	Klebsiella_pneumoniae	gyrA	87.0	12.0	D/S	11.0	0.9167	G	1.0	0.0833	0.0833	True	D/S87G(8%)	D:11;G:1	N64	N64	UCMC	Stool	Week 3	True	0.0	0.0	0.0	0.0	0.0	0.0	Klebsiella_pneumoniae_gyrA_87.0_D/S->G	False	False
N64_2_4	Escherichia_coli	parE	458.0	309.0	D/S	0.0	0.9773	A	5.0	0.0162	0.0162	True	D/S458A(1%)	A:5;K:2;S:302	N64	N64	UCMC	Stool	Week 3	True	0.0	0.0	0.0	0.0	0.0	0.0	Escherichia_coli_parE_458.0_D/S->A	False	False
N65_1_2	Staphylococcus_aureus	parE	432.0	146.0	D/S	0.0	0.0	V	146.0	1.0	1.0	True	D/S432V(100%)	V:146	N65	N65	UCMC	Axilla	Week 1	True	0.0	0.0	0.0	0.0	0.0	0.0	Staphylococcus_aureus_parE_432.0_D/S->V	True	True
N65_1_2	Staphylococcus_aureus	parE	470.0	153.0	Y	1.0	0.0065	N	152.0	0.9935	0.9935	True	Y470N(99%)	N:152;Y:1	N65	N65	UCMC	Axilla	Week 1	True	0.0	0.0	0.0	0.0	0.0	0.0	Staphylococcus_aureus_parE_470.0_Y->N	True	True
N65_1_3	Enterococcus_faecium	gyrA	87.0	25.0	E/S	0.0	0.0	Y	25.0	1.0	1.0	True	E/S87Y(100%)	Y:25	N65	N65	UCMC	Groin	Week 1	True	0.0	0.0	0.0	0.0	0.0	0.0	Enterococcus_faecium_gyrA_87.0_E/S->Y	True	True
N65_1_3	Klebsiella_pneumoniae	gyrA	154.0	68.0	K	0.0	0.0	R	68.0	1.0	1.0	True	K154R(100%)	R:68	N65	N65	UCMC	Groin	Week 1	True	0.0	0.0	0.0	0.0	0.0	0.0	Klebsiella_pneumoniae_gyrA_154.0_K->R	True	True
N65_1_3	Enterococcus_faecalis	gyrA	87.0	27.0	E/S	0.0	0.0	K	27.0	1.0	1.0	True	E/S87K(100%)	K:27	N65	N65	UCMC	Groin	Week 1	True	0.0	0.0	0.0	0.0	0.0	0.0	Enterococcus_faecalis_gyrA_87.0_E/S->K	True	True
N65_1_3	Staphylococcus_aureus	parE	470.0	167.0	Y	0.0	0.0	N	165.0	0.988	0.988	True	Y470N(98%)	N:165;T:2	N65	N65	UCMC	Groin	Week 1	True	0.0	0.0	0.0	0.0	0.0	0.0	Staphylococcus_aureus_parE_470.0_Y->N	True	True
N65_1_3	Staphylococcus_aureus	parC	84.0	25.0	D/E/S	23.0	0.92	N	2.0	0.08	0.08	True	D/E/S84N(8%)	D:23;N:2	N65	N65	UCMC	Groin	Week 1	True	0.0	0.0	0.0	0.0	0.0	0.0	Staphylococcus_aureus_parC_84.0_D/E/S->N	False	False
N65_1_3	Staphylococcus_aureus	parE	432.0	181.0	D/S	169.0	0.9337	V	12.0	0.0663	0.0663	True	D/S432V(6%)	D:169;V:12	N65	N65	UCMC	Groin	Week 1	True	0.0	0.0	0.0	0.0	0.0	0.0	Staphylococcus_aureus_parE_432.0_D/S->V	False	False
N65_1_4	Enterococcus_faecium	gyrA	87.0	17.0	E/S	0.0	0.0	Y	17.0	1.0	1.0	True	E/S87Y(100%)	Y:17	N65	N65	UCMC	Stool	Week 1	True	0.0	0.0	0.0	0.0	0.0	0.0	Enterococcus_faecium_gyrA_87.0_E/S->Y	True	True
N65_1_4	Enterococcus_faecalis	gyrA	87.0	22.0	E/S	0.0	0.0	K	22.0	1.0	1.0	True	E/S87K(100%)	K:22	N65	N65	UCMC	Stool	Week 1	True	0.0	0.0	0.0	0.0	0.0	0.0	Enterococcus_faecalis_gyrA_87.0_E/S->K	True	True
N65_1_4	Staphylococcus_aureus	parE	470.0	131.0	Y	0.0	0.0	N	131.0	1.0	1.0	True	Y470N(100%)	N:131	N65	N65	UCMC	Stool	Week 1	True	0.0	0.0	0.0	0.0	0.0	0.0	Staphylococcus_aureus_parE_470.0_Y->N	True	True
N65_1_4	Staphylococcus_aureus	parC	80.0	107.0	E/R	0.0	0.0	S	106.0	0.9907	0.9907	True	E/R80S(99%)	S:106;Y:1	N65	N65	UCMC	Stool	Week 1	True	0.0	0.0	0.0	0.0	0.0	0.0	Staphylococcus_aureus_parC_80.0_E/R->S	True	True
N65_1_4	Klebsiella_pneumoniae	gyrA	154.0	135.0	K	0.0	0.0	R	133.0	0.9852	0.9852	True	K154R(98%)	G:1;L:1;R:133	N65	N65	UCMC	Stool	Week 1	True	0.0	0.0	0.0	0.0	0.0	0.0	Klebsiella_pneumoniae_gyrA_154.0_K->R	True	True
N65_1_4	Klebsiella_pneumoniae	gyrA	87.0	72.0	D/S	71.0	0.9861	G	1.0	0.0139	0.0139	True	D/S87G(1%)	D:71;G:1	N65	N65	UCMC	Stool	Week 1	True	0.0	0.0	0.0	0.0	0.0	0.0	Klebsiella_pneumoniae_gyrA_87.0_D/S->G	False	False
N65_2_2	Staphylococcus_aureus	parE	470.0	106.0	Y	0.0	0.0	N	106.0	1.0	1.0	True	Y470N(100%)	N:106	N65	N65	UCMC	Axilla	Week 3	True	0.0	0.0	0.0	0.0	0.0	0.0	Staphylococcus_aureus_parE_470.0_Y->N	True	True
N65_2_2	Enterococcus_faecium	gyrA	87.0	7.0	E/S	0.0	0.0	Y	7.0	1.0	1.0	True	E/S87Y(100%)	Y:7	N65	N65	UCMC	Axilla	Week 3	True	0.0	0.0	0.0	0.0	0.0	0.0	Enterococcus_faecium_gyrA_87.0_E/S->Y	True	True
N65_2_3	Enterococcus_faecalis	gyrA	87.0	26.0	E/S	0.0	0.0	K	26.0	1.0	1.0	True	E/S87K(100%)	K:26	N65	N65	UCMC	Groin	Week 3	True	0.0	0.0	0.0	0.0	0.0	0.0	Enterococcus_faecalis_gyrA_87.0_E/S->K	True	True
N65_2_3	Staphylococcus_aureus	parE	470.0	9.0	Y	0.0	0.0	N	9.0	1.0	1.0	True	Y470N(100%)	N:9	N65	N65	UCMC	Groin	Week 3	True	0.0	0.0	0.0	0.0	0.0	0.0	Staphylococcus_aureus_parE_470.0_Y->N	True	True
N65_2_3	Staphylococcus_aureus	parC	80.0	9.0	E/R	0.0	0.0	S	9.0	1.0	1.0	True	E/R80S(100%)	S:9	N65	N65	UCMC	Groin	Week 3	True	0.0	0.0	0.0	0.0	0.0	0.0	Staphylococcus_aureus_parC_80.0_E/R->S	True	True
N65_2_3	Enterococcus_faecium	gyrA	87.0	23.0	E/S	0.0	0.0	Y	23.0	1.0	1.0	True	E/S87Y(100%)	Y:23	N65	N65	UCMC	Groin	Week 3	True	0.0	0.0	0.0	0.0	0.0	0.0	Enterococcus_faecium_gyrA_87.0_E/S->Y	True	True
N65_2_3	Klebsiella_pneumoniae	gyrA	154.0	42.0	K	0.0	0.0	R	38.0	0.9048	0.9048	True	K154R(90%)	H:4;R:38	N65	N65	UCMC	Groin	Week 3	True	0.0	0.0	0.0	0.0	0.0	0.0	Klebsiella_pneumoniae_gyrA_154.0_K->R	True	True
N65_2_3	Staphylococcus_aureus	gyrA	84.0	59.0	G/S	0.0	0.9153	I	2.0	0.0339	0.0169	True	G/S84L(1%)	I:2;L:1;S:54;T:2	N65	N65	UCMC	Groin	Week 3	True	0.0	0.0	0.0	0.0	0.0	0.0	Staphylococcus_aureus_gyrA_84.0_G/S->I	False	False
N65_2_4	Klebsiella_pneumoniae	gyrA	154.0	93.0	K	0.0	0.0	R	93.0	1.0	1.0	True	K154R(100%)	R:93	N65	N65	UCMC	Stool	Week 3	True	0.0	0.0	0.0	0.0	0.0	0.0	Klebsiella_pneumoniae_gyrA_154.0_K->R	True	True
N65_2_4	Staphylococcus_aureus	parE	470.0	21.0	Y	0.0	0.0	N	21.0	1.0	1.0	True	Y470N(100%)	N:21	N65	N65	UCMC	Stool	Week 3	True	0.0	0.0	0.0	0.0	0.0	0.0	Staphylococcus_aureus_parE_470.0_Y->N	True	True
N65_2_4	Enterococcus_faecalis	gyrA	87.0	242.0	E/S	0.0	0.0	K	242.0	1.0	1.0	True	E/S87K(100%)	K:242	N65	N65	UCMC	Stool	Week 3	True	0.0	0.0	0.0	0.0	0.0	0.0	Enterococcus_faecalis_gyrA_87.0_E/S->K	True	True
N65_2_4	Enterococcus_faecium	gyrA	87.0	494.0	E/S	0.0	0.002	Y	492.0	0.996	0.996	True	E/S87Y(99%)	C:1;S:1;Y:492	N65	N65	UCMC	Stool	Week 3	True	0.0	0.0	0.0	0.0	0.0	0.0	Enterococcus_faecium_gyrA_87.0_E/S->Y	True	True
N65_2_4	Klebsiella_pneumoniae	gyrA	87.0	538.0	D/S	534.0	0.9926	A	2.0	0.0037	0.0037	True	D/S87Y(0%)	A:2;D:534;Y:2	N65	N65	UCMC	Stool	Week 3	True	0.0	0.0	0.0	0.0	0.0	0.0	Klebsiella_pneumoniae_gyrA_87.0_D/S->A	False	False
N65_2_4	Klebsiella_oxytoca	parC	80.0	447.0	S	444.0	0.9933	T	2.0	0.0045	0.0022	True	S80R(0%)	R:1;S:444;T:2	N65	N65	UCMC	Stool	Week 3	True	0.0	0.0	0.0	0.0	0.0	0.0	Klebsiella_oxytoca_parC_80.0_S->T	False	False
N66_1_2	Staphylococcus_aureus	parE	470.0	111.0	Y	0.0	0.0	N	111.0	1.0	1.0	True	Y470N(100%)	N:111	N66	N66	UCMC	Axilla	Week 1	True	0.0	0.0	0.0	0.0	0.0	0.0	Staphylococcus_aureus_parE_470.0_Y->N	True	True
N66_1_2	Staphylococcus_aureus	parE	432.0	81.0	D/S	51.0	0.6296	V	26.0	0.321	0.321	True	D/S432V(32%)	D:51;N:4;V:26	N66	N66	UCMC	Axilla	Week 1	True	0.0	0.0	0.0	0.0	0.0	0.0	Staphylococcus_aureus_parE_432.0_D/S->V	False	True
N66_1_2	Staphylococcus_aureus	parC	84.0	25.0	D/E/S	20.0	0.88	N	3.0	0.12	0.12	True	D/E/S84N(12%)	D:20;E:2;N:3	N66	N66	UCMC	Axilla	Week 1	True	0.0	0.0	0.0	0.0	0.0	0.0	Staphylococcus_aureus_parC_84.0_D/E/S->N	False	True
N66_1_3	Staphylococcus_aureus	parE	470.0	6.0	Y	0.0	0.0	N	6.0	1.0	1.0	True	Y470N(100%)	N:6	N66	N66	UCMC	Groin	Week 1	True	0.0	0.0	0.0	0.0	0.0	0.0	Staphylococcus_aureus_parE_470.0_Y->N	True	True
N66_1_3	Staphylococcus_aureus	parE	432.0	6.0	D/S	2.0	0.3333	V	4.0	0.6667	0.6667	True	D/S432V(66%)	D:2;V:4	N66	N66	UCMC	Groin	Week 1	True	0.0	0.0	0.0	0.0	0.0	0.0	Staphylococcus_aureus_parE_432.0_D/S->V	False	True
N66_1_4	Enterococcus_faecium	gyrA	87.0	28.0	E/S	0.0	0.0	Y	28.0	1.0	1.0	True	E/S87Y(100%)	Y:28	N66	N66	UCMC	Stool	Week 1	True	0.0	0.0	0.0	0.0	0.0	0.0	Enterococcus_faecium_gyrA_87.0_E/S->Y	True	True
N66_1_4	Enterococcus_faecalis	gyrA	87.0	53.0	E/S	0.0	0.0	K	53.0	1.0	1.0	True	E/S87K(100%)	K:53	N66	N66	UCMC	Stool	Week 1	True	0.0	0.0	0.0	0.0	0.0	0.0	Enterococcus_faecalis_gyrA_87.0_E/S->K	True	True
N66_1_4	Staphylococcus_aureus	parC	80.0	132.0	E/R	0.0	0.0	S	132.0	1.0	1.0	True	E/R80S(100%)	S:132	N66	N66	UCMC	Stool	Week 1	True	0.0	0.0	0.0	0.0	0.0	0.0	Staphylococcus_aureus_parC_80.0_E/R->S	True	True
N66_1_4	Staphylococcus_aureus	parE	470.0	370.0	Y	0.0	0.0	N	369.0	0.9973	0.9973	True	Y470N(99%)	K:1;N:369	N66	N66	UCMC	Stool	Week 1	True	0.0	0.0	0.0	0.0	0.0	0.0	Staphylococcus_aureus_parE_470.0_Y->N	True	True
N66_1_4	Staphylococcus_aureus	gyrA	84.0	532.0	G/S	0.0	0.9793	Y	5.0	0.0094	0.0094	True	G/S84Y(0%)	A:2;F:3;K:1;S:521;Y:5	N66	N66	UCMC	Stool	Week 1	True	0.0	0.0	0.0	0.0	0.0	0.0	Staphylococcus_aureus_gyrA_84.0_G/S->Y	False	False
N66_1_4	Staphylococcus_aureus	parE	432.0	297.0	D/S	284.0	0.9562	Y	12.0	0.0404	0.0034	True	D/S432V(0%)	D:284;V:1;Y:12	N66	N66	UCMC	Stool	Week 1	True	0.0	0.0	0.0	0.0	0.0	0.0	Staphylococcus_aureus_parE_432.0_D/S->Y	False	False
N66_2_2	Staphylococcus_aureus	parE	470.0	17.0	Y	0.0	0.0	N	17.0	1.0	1.0	True	Y470N(100%)	N:17	N66	N66	UCMC	Axilla	Week 3	True	0.0	0.0	0.0	0.0	0.0	0.0	Staphylococcus_aureus_parE_470.0_Y->N	True	True
N66_2_2	Staphylococcus_aureus	parE	432.0	16.0	D/S	10.0	0.625	V	6.0	0.375	0.375	True	D/S432V(37%)	D:10;V:6	N66	N66	UCMC	Axilla	Week 3	True	0.0	0.0	0.0	0.0	0.0	0.0	Staphylococcus_aureus_parE_432.0_D/S->V	False	True
N66_2_3	Klebsiella_pneumoniae	gyrA	154.0	9.0	K	0.0	0.0	R	9.0	1.0	1.0	True	K154R(100%)	R:9	N66	N66	UCMC	Groin	Week 3	True	0.0	0.0	0.0	0.0	0.0	0.0	Klebsiella_pneumoniae_gyrA_154.0_K->R	True	True
N66_2_3	Enterococcus_faecalis	gyrA	87.0	7.0	E/S	0.0	0.0	K	7.0	1.0	1.0	True	E/S87K(100%)	K:7	N66	N66	UCMC	Groin	Week 3	True	0.0	0.0	0.0	0.0	0.0	0.0	Enterococcus_faecalis_gyrA_87.0_E/S->K	True	True
N66_2_4	Enterococcus_faecalis	gyrA	87.0	10.0	E/S	0.0	0.0	K	10.0	1.0	1.0	True	E/S87K(100%)	K:10	N66	N66	UCMC	Stool	Week 3	True	0.0	0.0	0.0	0.0	0.0	0.0	Enterococcus_faecalis_gyrA_87.0_E/S->K	True	True
N66_2_4	Klebsiella_pneumoniae	gyrA	154.0	672.0	K	1.0	0.0015	R	671.0	0.9985	0.9985	True	K154R(99%)	K:1;R:671	N66	N66	UCMC	Stool	Week 3	True	0.0	0.0	0.0	0.0	0.0	0.0	Klebsiella_pneumoniae_gyrA_154.0_K->R	True	True
N66_2_4	Klebsiella_pneumoniae	gyrA	83.0	689.0	D/S	0.0	0.9942	A	3.0	0.0044	0.0044	True	D/S83A(0%)	A:3;Q:1;S:685	N66	N66	UCMC	Stool	Week 3	True	0.0	0.0	0.0	0.0	0.0	0.0	Klebsiella_pneumoniae_gyrA_83.0_D/S->A	False	False
N66_2_4	Escherichia_coli	parC	78.0	604.0	A/G	0.0	0.9983	V	1.0	0.0017	0.0017	True	A/G78V(0%)	G:603;V:1	N66	N66	UCMC	Stool	Week 3	True	0.0	0.0	0.0	0.0	0.0	0.0	Escherichia_coli_parC_78.0_A/G->V	False	False
N67_1_2	Staphylococcus_aureus	parE	470.0	347.0	Y	0.0	0.0	N	346.0	0.9971	0.9971	True	Y470N(99%)	K:1;N:346	N67	N67	UCMC	Axilla	Week 1	True	0.0	0.0	0.0	0.0	0.0	0.0	Staphylococcus_aureus_parE_470.0_Y->N	True	True
N67_1_2	Staphylococcus_aureus	parE	432.0	337.0	D/S	116.0	0.3442	V	221.0	0.6558	0.6558	True	D/S432V(65%)	D:116;V:221	N67	N67	UCMC	Axilla	Week 1	True	0.0	0.0	0.0	0.0	0.0	0.0	Staphylococcus_aureus_parE_432.0_D/S->V	False	True
N67_1_2	Staphylococcus_aureus	parC	84.0	55.0	D/E/S	51.0	0.9818	N	1.0	0.0182	0.0182	True	D/E/S84N(1%)	D:51;E:3;N:1	N67	N67	UCMC	Axilla	Week 1	True	0.0	0.0	0.0	0.0	0.0	0.0	Staphylococcus_aureus_parC_84.0_D/E/S->N	False	False
N67_1_3	Staphylococcus_aureus	parE	470.0	65.0	Y	0.0	0.0	N	65.0	1.0	1.0	True	Y470N(100%)	N:65	N67	N67	UCMC	Groin	Week 1	True	0.0	0.0	0.0	0.0	0.0	0.0	Staphylococcus_aureus_parE_470.0_Y->N	True	True
N67_1_3	Staphylococcus_aureus	parC	80.0	34.0	E/R	0.0	0.0	S	34.0	1.0	1.0	True	E/R80S(100%)	S:34	N67	N67	UCMC	Groin	Week 1	True	0.0	0.0	0.0	0.0	0.0	0.0	Staphylococcus_aureus_parC_80.0_E/R->S	True	True
N67_1_4	Enterococcus_faecalis	gyrA	87.0	218.0	E/S	0.0	0.0	K	218.0	1.0	1.0	True	E/S87K(100%)	K:218	N67	N67	UCMC	Stool	Week 1	True	0.0	0.0	0.0	0.0	0.0	0.0	Enterococcus_faecalis_gyrA_87.0_E/S->K	True	True
N67_1_4	Staphylococcus_aureus	parE	470.0	1208.0	Y	0.0	0.0	N	1204.0	0.9967	0.9967	True	Y470N(99%)	I:2;K:2;N:1204	N67	N67	UCMC	Stool	Week 1	True	0.0	0.0	0.0	0.0	0.0	0.0	Staphylococcus_aureus_parE_470.0_Y->N	True	True
N67_1_4	Enterococcus_faecium	gyrA	87.0	198.0	E/S	0.0	0.0	Y	194.0	0.9798	0.9798	True	E/S87Y(97%)	C:1;F:1;N:2;Y:194	N67	N67	UCMC	Stool	Week 1	True	0.0	0.0	0.0	0.0	0.0	0.0	Enterococcus_faecium_gyrA_87.0_E/S->Y	True	True
N67_1_4	Staphylococcus_aureus	parC	80.0	1225.0	E/R	0.0	0.0	S	1194.0	0.9747	0.9747	True	E/R80S(97%)	C:3;L:2;P:2;S:1194;T:2;Y:22	N67	N67	UCMC	Stool	Week 1	True	0.0	0.0	0.0	0.0	0.0	0.0	Staphylococcus_aureus_parC_80.0_E/R->S	True	True
N67_2_2	Staphylococcus_aureus	parE	470.0	6.0	Y	0.0	0.0	N	6.0	1.0	1.0	True	Y470N(100%)	N:6	N67	N67	UCMC	Axilla	Week 3	True	0.0	0.0	0.0	0.0	0.0	0.0	Staphylococcus_aureus_parE_470.0_Y->N	True	True
N67_2_2	Staphylococcus_aureus	parE	432.0	10.0	D/S	7.0	0.7	V	3.0	0.3	0.3	True	D/S432V(30%)	D:7;V:3	N67	N67	UCMC	Axilla	Week 3	True	0.0	0.0	0.0	0.0	0.0	0.0	Staphylococcus_aureus_parE_432.0_D/S->V	False	True
N67_2_3	Enterococcus_faecalis	gyrA	87.0	27.0	E/S	0.0	0.0	K	27.0	1.0	1.0	True	E/S87K(100%)	K:27	N67	N67	UCMC	Groin	Week 3	True	0.0	0.0	0.0	0.0	0.0	0.0	Enterococcus_faecalis_gyrA_87.0_E/S->K	True	True
N67_2_3	Enterococcus_faecium	gyrA	87.0	22.0	E/S	0.0	0.0	Y	22.0	1.0	1.0	True	E/S87Y(100%)	Y:22	N67	N67	UCMC	Groin	Week 3	True	0.0	0.0	0.0	0.0	0.0	0.0	Enterococcus_faecium_gyrA_87.0_E/S->Y	True	True
N67_2_3	Klebsiella_pneumoniae	gyrA	154.0	71.0	K	0.0	0.0	R	71.0	1.0	1.0	True	K154R(100%)	R:71	N67	N67	UCMC	Groin	Week 3	True	0.0	0.0	0.0	0.0	0.0	0.0	Klebsiella_pneumoniae_gyrA_154.0_K->R	True	True
N67_2_4	Enterococcus_faecium	gyrA	87.0	73.0	E/S	0.0	0.0	Y	73.0	1.0	1.0	True	E/S87Y(100%)	Y:73	N67	N67	UCMC	Stool	Week 3	True	0.0	0.0	0.0	0.0	0.0	0.0	Enterococcus_faecium_gyrA_87.0_E/S->Y	True	True
N67_2_4	Staphylococcus_aureus	parC	80.0	12.0	E/R	0.0	0.0	S	12.0	1.0	1.0	True	E/R80S(100%)	S:12	N67	N67	UCMC	Stool	Week 3	True	0.0	0.0	0.0	0.0	0.0	0.0	Staphylococcus_aureus_parC_80.0_E/R->S	True	True
N67_2_4	Staphylococcus_aureus	parE	470.0	33.0	Y	0.0	0.0	N	33.0	1.0	1.0	True	Y470N(100%)	N:33	N67	N67	UCMC	Stool	Week 3	True	0.0	0.0	0.0	0.0	0.0	0.0	Staphylococcus_aureus_parE_470.0_Y->N	True	True
N67_2_4	Enterococcus_faecalis	gyrA	87.0	125.0	E/S	0.0	0.0	K	125.0	1.0	1.0	True	E/S87K(100%)	K:125	N67	N67	UCMC	Stool	Week 3	True	0.0	0.0	0.0	0.0	0.0	0.0	Enterococcus_faecalis_gyrA_87.0_E/S->K	True	True
N67_2_4	Klebsiella_pneumoniae	gyrA	154.0	70.0	K	0.0	0.0	R	69.0	0.9857	0.9857	True	K154R(98%)	Q:1;R:69	N67	N67	UCMC	Stool	Week 3	True	0.0	0.0	0.0	0.0	0.0	0.0	Klebsiella_pneumoniae_gyrA_154.0_K->R	True	True
N67_2_4	Pseudomonas_aeruginosa	gyrA	87.0	80.0	D/S	77.0	0.9625	Y	3.0	0.0375	0.0375	True	D/S87Y(3%)	D:77;Y:3	N67	N67	UCMC	Stool	Week 3	True	0.0	0.0	0.0	0.0	0.0	0.0	Pseudomonas_aeruginosa_gyrA_87.0_D/S->Y	False	False
N67_2_4	Klebsiella_pneumoniae	gyrA	87.0	138.0	D/S	135.0	0.9783	H	2.0	0.0145	0.0145	True	D/S87H(1%)	D:135;H:2;Q:1	N67	N67	UCMC	Stool	Week 3	True	0.0	0.0	0.0	0.0	0.0	0.0	Klebsiella_pneumoniae_gyrA_87.0_D/S->H	False	False
N67_2_4	Klebsiella_pneumoniae	gyrA	83.0	126.0	D/S	0.0	0.9841	R	1.0	0.0079	0.0079	True	D/S83A(0%)	A:1;R:1;S:124	N67	N67	UCMC	Stool	Week 3	True	0.0	0.0	0.0	0.0	0.0	0.0	Klebsiella_pneumoniae_gyrA_83.0_D/S->R	False	False
N67_2_4	Klebsiella_oxytoca	parC	80.0	190.0	S	185.0	0.9737	T	4.0	0.0211	0.0053	True	S80R(0%)	R:1;S:185;T:4	N67	N67	UCMC	Stool	Week 3	True	0.0	0.0	0.0	0.0	0.0	0.0	Klebsiella_oxytoca_parC_80.0_S->T	False	False
N68_1_2	Staphylococcus_aureus	parE	470.0	119.0	Y	0.0	0.0	N	119.0	1.0	1.0	True	Y470N(100%)	N:119	N68	N68	UCMC	Axilla	Week 1	True	0.0	0.0	0.0	0.0	0.0	0.0	Staphylococcus_aureus_parE_470.0_Y->N	True	True
N68_1_2	Staphylococcus_aureus	parE	432.0	137.0	D/S	28.0	0.2044	V	109.0	0.7956	0.7956	True	D/S432V(79%)	D:28;V:109	N68	N68	UCMC	Axilla	Week 1	True	0.0	0.0	0.0	0.0	0.0	0.0	Staphylococcus_aureus_parE_432.0_D/S->V	True	True
N68_1_3	Staphylococcus_aureus	parE	470.0	140.0	Y	0.0	0.0	N	139.0	0.9929	0.9929	True	Y470N(99%)	K:1;N:139	N68	N68	UCMC	Groin	Week 1	True	0.0	0.0	0.0	0.0	0.0	0.0	Staphylococcus_aureus_parE_470.0_Y->N	True	True
N68_1_3	Staphylococcus_aureus	parE	432.0	200.0	D/S	162.0	0.81	V	38.0	0.19	0.19	True	D/S432V(19%)	D:162;V:38	N68	N68	UCMC	Groin	Week 1	True	0.0	0.0	0.0	0.0	0.0	0.0	Staphylococcus_aureus_parE_432.0_D/S->V	False	True
N68_1_4	Staphylococcus_aureus	parE	470.0	339.0	Y	0.0	0.0	N	338.0	0.9971	0.9971	True	Y470N(99%)	N:338;T:1	N68	N68	UCMC	Stool	Week 1	True	0.0	0.0	0.0	0.0	0.0	0.0	Staphylococcus_aureus_parE_470.0_Y->N	True	True
N68_1_4	Staphylococcus_aureus	parC	80.0	176.0	E/R	0.0	0.0	S	162.0	0.9205	0.9205	True	E/R80S(92%)	S:162;Y:14	N68	N68	UCMC	Stool	Week 1	True	0.0	0.0	0.0	0.0	0.0	0.0	Staphylococcus_aureus_parC_80.0_E/R->S	True	True
N68_1_4	Staphylococcus_aureus	parE	432.0	309.0	D/S	273.0	0.8835	V	33.0	0.1068	0.1068	True	D/S432V(10%)	A:1;D:273;F:2;V:33	N68	N68	UCMC	Stool	Week 1	True	0.0	0.0	0.0	0.0	0.0	0.0	Staphylococcus_aureus_parE_432.0_D/S->V	False	True
N68_2_3	Enterococcus_faecalis	gyrA	87.0	14.0	E/S	0.0	0.0	K	14.0	1.0	1.0	True	E/S87K(100%)	K:14	N68	N68	UCMC	Groin	Week 3	True	0.0	0.0	0.0	0.0	0.0	0.0	Enterococcus_faecalis_gyrA_87.0_E/S->K	True	True
N68_2_3	Staphylococcus_aureus	gyrA	84.0	25.0	G/S	0.0	0.84	Y	4.0	0.16	0.16	True	G/S84Y(16%)	S:21;Y:4	N68	N68	UCMC	Groin	Week 3	True	0.0	0.0	0.0	0.0	0.0	0.0	Staphylococcus_aureus_gyrA_84.0_G/S->Y	False	True
N68_2_4	Staphylococcus_aureus	parE	470.0	107.0	Y	0.0	0.0	N	107.0	1.0	1.0	True	Y470N(100%)	N:107	N68	N68	UCMC	Stool	Week 3	True	0.0	0.0	0.0	0.0	0.0	0.0	Staphylococcus_aureus_parE_470.0_Y->N	True	True
N68_2_4	Enterococcus_faecalis	gyrA	87.0	326.0	E/S	0.0	0.0	K	326.0	1.0	1.0	True	E/S87K(100%)	K:326	N68	N68	UCMC	Stool	Week 3	True	0.0	0.0	0.0	0.0	0.0	0.0	Enterococcus_faecalis_gyrA_87.0_E/S->K	True	True
N68_2_4	Enterococcus_faecium	gyrA	87.0	220.0	E/S	0.0	0.0	Y	220.0	1.0	1.0	True	E/S87Y(100%)	Y:220	N68	N68	UCMC	Stool	Week 3	True	0.0	0.0	0.0	0.0	0.0	0.0	Enterococcus_faecium_gyrA_87.0_E/S->Y	True	True
N68_2_4	Staphylococcus_aureus	parC	80.0	54.0	E/R	0.0	0.0	S	52.0	0.963	0.963	True	E/R80S(96%)	S:52;Y:2	N68	N68	UCMC	Stool	Week 3	True	0.0	0.0	0.0	0.0	0.0	0.0	Staphylococcus_aureus_parC_80.0_E/R->S	True	True
N68_2_4	Staphylococcus_aureus	parE	432.0	118.0	D/S	116.0	0.9831	E	2.0	0.0169	0.0169	True	D/S432E(1%)	D:116;E:2	N68	N68	UCMC	Stool	Week 3	True	0.0	0.0	0.0	0.0	0.0	0.0	Staphylococcus_aureus_parE_432.0_D/S->E	False	False
ZJH_N01_2_2	Streptococcus_mitis	parC	79.0	32.0	S	0.0	0.0	I	32.0	1.0	1.0	True	S79I(100%)	I:32													Streptococcus_mitis_parC_79.0_S->I	True	True
ZJH_N01_2_3	Klebsiella_pneumoniae	gyrA	154.0	213.0	K	0.0	0.0	R	209.0	0.9812	0.9812	True	K154R(98%)	L:4;R:209													Klebsiella_pneumoniae_gyrA_154.0_K->R	True	True
ZJH_N01_2_3	Pseudomonas_aeruginosa	gyrA	87.0	36.0	D/S	4.0	0.1111	N	32.0	0.8889	0.8889	True	D/S87N(88%)	D:4;N:32													Pseudomonas_aeruginosa_gyrA_87.0_D/S->N	True	True
ZJH_N01_2_3	Klebsiella_oxytoca	parC	80.0	617.0	S	190.0	0.3079	I	425.0	0.6888	0.6888	True	S80I(68%)	E:2;I:425;S:190													Klebsiella_oxytoca_parC_80.0_S->I	False	True
ZJH_N01_2_3	Klebsiella_pneumoniae	gyrA	83.0	317.0	D/S	0.0	0.6088	L	121.0	0.3817	0.3817	True	D/S83L(38%)	L:121;R:3;S:193													Klebsiella_pneumoniae_gyrA_83.0_D/S->L	False	True
ZJH_N01_2_4	Klebsiella_pneumoniae	gyrA	154.0	590.0	K	0.0	0.0	R	590.0	1.0	1.0	True	K154R(100%)	R:590													Klebsiella_pneumoniae_gyrA_154.0_K->R	True	True
ZJH_N01_2_4	Enterococcus_faecium	gyrA	87.0	22.0	E/S	0.0	0.0	Y	22.0	1.0	1.0	True	E/S87Y(100%)	Y:22													Enterococcus_faecium_gyrA_87.0_E/S->Y	True	True
ZJH_N01_2_4	Klebsiella_pneumoniae	gyrA	87.0	227.0	D/S	99.0	0.4361	N	128.0	0.5639	0.5639	True	D/S87N(56%)	D:99;N:128													Klebsiella_pneumoniae_gyrA_87.0_D/S->N	False	True
ZJH_N01_2_4	Klebsiella_pneumoniae	gyrA	83.0	201.0	D/S	0.0	0.4677	L	107.0	0.5323	0.5323	True	D/S83L(53%)	L:107;S:94													Klebsiella_pneumoniae_gyrA_83.0_D/S->L	False	True
ZJH_N01_2_4	Klebsiella_oxytoca	parC	80.0	901.0	S	754.0	0.8368	I	144.0	0.1598	0.1598	True	S80I(15%)	C:1;D:2;I:144;S:754													Klebsiella_oxytoca_parC_80.0_S->I	False	True
ZJH_N01_2_4	Escherichia_coli	parC	78.0	973.0	A/G	0.0	0.999	V	1.0	0.001	0.001	True	A/G78V(0%)	G:972;V:1													Escherichia_coli_parC_78.0_A/G->V	False	False
ZJH_N01_2_4	Escherichia_coli	parE	475.0	1264.0	D	1261.0	0.9976	E	2.0	0.0016	0.0008	True	D475V(0%)	D:1261;E:2;V:1													Escherichia_coli_parE_475.0_D->E	False	False
ZJH_N02_1_2	Klebsiella_pneumoniae	gyrA	154.0	8.0	K	0.0	0.0	R	8.0	1.0	1.0	True	K154R(100%)	R:8													Klebsiella_pneumoniae_gyrA_154.0_K->R	True	True
ZJH_N02_1_2	Staphylococcus_aureus	parE	470.0	18.0	Y	0.0	0.0	N	18.0	1.0	1.0	True	Y470N(100%)	N:18													Staphylococcus_aureus_parE_470.0_Y->N	True	True
ZJH_N02_1_2	Staphylococcus_aureus	gyrA	84.0	166.0	G/S	0.0	0.4639	L	88.0	0.5301	0.5301	True	G/S84L(53%)	A:1;L:88;S:77													Staphylococcus_aureus_gyrA_84.0_G/S->L	False	True
ZJH_N02_1_3	Staphylococcus_aureus	gyrA	84.0	13.0	G/S	0.0	0.6154	L	5.0	0.3846	0.3846	True	G/S84L(38%)	L:5;S:8													Staphylococcus_aureus_gyrA_84.0_G/S->L	False	True
ZJH_N02_1_4	Klebsiella_pneumoniae	gyrA	154.0	14.0	K	0.0	0.0	R	14.0	1.0	1.0	True	K154R(100%)	R:14													Klebsiella_pneumoniae_gyrA_154.0_K->R	True	True
ZJH_N02_1_4	Staphylococcus_aureus	parE	470.0	110.0	Y	0.0	0.0	N	109.0	0.9909	0.9909	True	Y470N(99%)	I:1;N:109													Staphylococcus_aureus_parE_470.0_Y->N	True	True
ZJH_N02_1_4	Staphylococcus_aureus	gyrA	84.0	153.0	G/S	0.0	0.2614	L	113.0	0.7386	0.7386	True	G/S84L(73%)	L:113;S:40													Staphylococcus_aureus_gyrA_84.0_G/S->L	False	True
ZJH_N02_2_3	Enterococcus_faecium	gyrA	87.0	23.0	E/S	0.0	0.0	Y	23.0	1.0	1.0	True	E/S87Y(100%)	Y:23													Enterococcus_faecium_gyrA_87.0_E/S->Y	True	True
ZJH_N02_2_4	Klebsiella_pneumoniae	gyrA	154.0	103.0	K	0.0	0.0	R	103.0	1.0	1.0	True	K154R(100%)	R:103													Klebsiella_pneumoniae_gyrA_154.0_K->R	True	True
ZJH_N02_2_4	Staphylococcus_aureus	parE	470.0	890.0	Y	0.0	0.0	N	890.0	1.0	1.0	True	Y470N(100%)	N:890													Staphylococcus_aureus_parE_470.0_Y->N	True	True
ZJH_N02_2_4	Enterococcus_faecium	gyrA	87.0	563.0	E/S	0.0	0.0018	Y	562.0	0.9982	0.9982	True	E/S87Y(99%)	S:1;Y:562													Enterococcus_faecium_gyrA_87.0_E/S->Y	True	True
ZJH_N02_2_4	Staphylococcus_aureus	parE	432.0	1145.0	D/S	1144.0	0.9991	E	1.0	0.0009	0.0009	True	D/S432E(0%)	D:1144;E:1													Staphylococcus_aureus_parE_432.0_D/S->E	False	False
ZJH_N03_1_2	Streptococcus_mitis	parC	79.0	38.0	S	0.0	0.0	I	36.0	0.9474	0.9474	True	S79I(94%)	I:36;L:2													Streptococcus_mitis_parC_79.0_S->I	True	True
ZJH_N03_2_2	Streptococcus_mitis	parC	79.0	106.0	S	0.0	0.0	I	106.0	1.0	1.0	True	S79I(100%)	I:106													Streptococcus_mitis_parC_79.0_S->I	True	True
ZJH_N03_2_4	Klebsiella_pneumoniae	gyrA	154.0	359.0	K	0.0	0.0	R	359.0	1.0	1.0	True	K154R(100%)	R:359													Klebsiella_pneumoniae_gyrA_154.0_K->R	True	True
ZJH_N03_2_4	Klebsiella_pneumoniae	gyrA	83.0	33.0	D/S	0.0	0.9091	N	2.0	0.0606	0.0606	True	D/S83N(6%)	N:2;P:1;S:30													Klebsiella_pneumoniae_gyrA_83.0_D/S->N	False	False
ZJH_N03_2_4	Pseudomonas_aeruginosa	gyrA	87.0	132.0	D/S	129.0	0.9773	Y	2.0	0.0152	0.0152	True	D/S87Y(1%)	D:129;L:1;Y:2													Pseudomonas_aeruginosa_gyrA_87.0_D/S->Y	False	False
ZJH_N04_1_2	Staphylococcus_aureus	parE	470.0	23.0	Y	0.0	0.0	N	23.0	1.0	1.0	True	Y470N(100%)	N:23													Staphylococcus_aureus_parE_470.0_Y->N	True	True
ZJH_N04_1_4	Staphylococcus_aureus	gyrA	84.0	6.0	G/S	0.0	0.0	Y	6.0	1.0	1.0	True	G/S84Y(100%)	Y:6													Staphylococcus_aureus_gyrA_84.0_G/S->Y	True	True
ZJH_N04_2_2	Staphylococcus_aureus	parE	470.0	6.0	Y	0.0	0.0	N	6.0	1.0	1.0	True	Y470N(100%)	N:6													Staphylococcus_aureus_parE_470.0_Y->N	True	True
ZJH_N04_2_3	Staphylococcus_aureus	parE	470.0	9.0	Y	0.0	0.0	N	9.0	1.0	1.0	True	Y470N(100%)	N:9													Staphylococcus_aureus_parE_470.0_Y->N	True	True
ZJH_N04_2_3	Klebsiella_pneumoniae	gyrA	154.0	119.0	K	0.0	0.0	R	119.0	1.0	1.0	True	K154R(100%)	R:119													Klebsiella_pneumoniae_gyrA_154.0_K->R	True	True
ZJH_N04_2_4	Enterococcus_faecium	gyrA	87.0	31.0	E/S	0.0	0.0	Y	31.0	1.0	1.0	True	E/S87Y(100%)	Y:31													Enterococcus_faecium_gyrA_87.0_E/S->Y	True	True
ZJH_N04_2_4	Klebsiella_pneumoniae	gyrA	154.0	1914.0	K	0.0	0.0	R	1908.0	0.9969	0.9969	True	K154R(99%)	H:3;L:1;R:1908;S:2													Klebsiella_pneumoniae_gyrA_154.0_K->R	True	True
ZJH_N04_2_4	Klebsiella_pneumoniae	gyrA	87.0	2051.0	D/S	2046.0	0.9976	R	2.0	0.001	0.001	True	D/S87Y(0%)	D:2046;E:1;R:2;Y:2													Klebsiella_pneumoniae_gyrA_87.0_D/S->R	False	False
ZJH_N04_2_4	Escherichia_coli	parE	475.0	1638.0	D	1633.0	0.9969	Y	4.0	0.0024	0.0006	True	D475V(0%)	D:1633;V:1;Y:4													Escherichia_coli_parE_475.0_D->Y	False	False
ZJH_N04_2_4	Escherichia_coli	parE	458.0	1653.0	D/S	0.0	0.9982	A	1.0	0.0006	0.0006	True	D/S458A(0%)	A:1;P:1;S:1650;T:1													Escherichia_coli_parE_458.0_D/S->A	False	False
ZJH_N05_1_2	Staphylococcus_aureus	parE	470.0	193.0	Y	0.0	0.0	N	193.0	1.0	1.0	True	Y470N(100%)	N:193													Staphylococcus_aureus_parE_470.0_Y->N	True	True
ZJH_N05_1_2	Staphylococcus_aureus	parE	432.0	172.0	D/S	68.0	0.3953	V	104.0	0.6047	0.6047	True	D/S432V(60%)	D:68;V:104													Staphylococcus_aureus_parE_432.0_D/S->V	False	True
ZJH_N05_1_4	Klebsiella_pneumoniae	gyrA	154.0	10.0	K	0.0	0.0	R	10.0	1.0	1.0	True	K154R(100%)	R:10													Klebsiella_pneumoniae_gyrA_154.0_K->R	True	True
ZJH_N05_2_2	Staphylococcus_aureus	parE	432.0	6.0	D/S	4.0	0.6667	V	2.0	0.3333	0.3333	True	D/S432V(33%)	D:4;V:2													Staphylococcus_aureus_parE_432.0_D/S->V	False	True
ZJH_N05_2_3	Enterococcus_faecium	gyrA	87.0	16.0	E/S	0.0	0.0	Y	16.0	1.0	1.0	True	E/S87Y(100%)	Y:16													Enterococcus_faecium_gyrA_87.0_E/S->Y	True	True
ZJH_N05_2_3	Staphylococcus_aureus	parE	470.0	68.0	Y	0.0	0.0	N	68.0	1.0	1.0	True	Y470N(100%)	N:68													Staphylococcus_aureus_parE_470.0_Y->N	True	True
ZJH_N05_2_3	Staphylococcus_aureus	parE	432.0	80.0	D/S	8.0	0.1	V	71.0	0.8875	0.8875	True	D/S432V(88%)	D:8;F:1;V:71													Staphylococcus_aureus_parE_432.0_D/S->V	True	True
ZJH_N05_2_4	Enterococcus_faecalis	gyrA	87.0	23.0	E/S	0.0	0.0	K	23.0	1.0	1.0	True	E/S87K(100%)	K:23													Enterococcus_faecalis_gyrA_87.0_E/S->K	True	True
ZJH_N05_2_4	Staphylococcus_aureus	parE	470.0	143.0	Y	0.0	0.0	N	143.0	1.0	1.0	True	Y470N(100%)	N:143													Staphylococcus_aureus_parE_470.0_Y->N	True	True
ZJH_N05_2_4	Klebsiella_pneumoniae	gyrA	154.0	10.0	K	0.0	0.0	R	10.0	1.0	1.0	True	K154R(100%)	R:10													Klebsiella_pneumoniae_gyrA_154.0_K->R	True	True
ZJH_N05_2_4	Enterococcus_faecium	gyrA	87.0	2343.0	E/S	2.0	0.0009	Y	2339.0	0.9983	0.9983	True	E/S87Y(99%)	E:2;R:2;Y:2339													Enterococcus_faecium_gyrA_87.0_E/S->Y	True	True
ZJH_N05_2_4	Staphylococcus_aureus	parC	80.0	34.0	E/R	0.0	0.0	S	30.0	0.8824	0.8824	True	E/R80S(88%)	F:2;L:2;S:30													Staphylococcus_aureus_parC_80.0_E/R->S	True	True
ZJH_N05_2_4	Staphylococcus_aureus	parE	432.0	155.0	D/S	153.0	0.9871	V	2.0	0.0129	0.0129	True	D/S432V(1%)	D:153;V:2													Staphylococcus_aureus_parE_432.0_D/S->V	False	False
ZJH_N06_1_2	Staphylococcus_aureus	parE	470.0	9.0	Y	0.0	0.0	N	9.0	1.0	1.0	True	Y470N(100%)	N:9													Staphylococcus_aureus_parE_470.0_Y->N	True	True
ZJH_N06_2_2	Staphylococcus_aureus	parE	470.0	16.0	Y	0.0	0.0	N	16.0	1.0	1.0	True	Y470N(100%)	N:16													Staphylococcus_aureus_parE_470.0_Y->N	True	True
ZJH_N06_2_4	Klebsiella_pneumoniae	gyrA	154.0	42.0	K	0.0	0.0	R	42.0	1.0	1.0	True	K154R(100%)	R:42													Klebsiella_pneumoniae_gyrA_154.0_K->R	True	True
ZJH_N06_2_4	Enterococcus_faecium	gyrA	87.0	1171.0	E/S	0.0	0.0	Y	1167.0	0.9966	0.9966	True	E/S87Y(99%)	F:2;N:2;Y:1167													Enterococcus_faecium_gyrA_87.0_E/S->Y	True	True
ZJH_N06_2_4	Staphylococcus_aureus	parE	470.0	364.0	Y	0.0	0.0	N	362.0	0.9945	0.9945	True	Y470N(99%)	D:2;N:362													Staphylococcus_aureus_parE_470.0_Y->N	True	True
ZJH_N06_2_4	Staphylococcus_aureus	parE	585.0	13.0	N	0.0	0.0	S	12.0	0.9231	0.9231	True	N585S(92%)	P:1;S:12													Staphylococcus_aureus_parE_585.0_N->S	True	True
ZJH_N06_2_4	Staphylococcus_aureus	gyrA	84.0	321.0	G/S	0.0	0.0935	L	291.0	0.9065	0.9065	True	G/S84L(90%)	L:291;S:30													Staphylococcus_aureus_gyrA_84.0_G/S->L	True	True
ZJH_N07_1_2	Staphylococcus_aureus	parE	470.0	22.0	Y	0.0	0.0	N	22.0	1.0	1.0	True	Y470N(100%)	N:22													Staphylococcus_aureus_parE_470.0_Y->N	True	True
ZJH_N07_1_2	Staphylococcus_aureus	parE	432.0	24.0	D/S	0.0	0.0	V	24.0	1.0	1.0	True	D/S432V(100%)	V:24													Staphylococcus_aureus_parE_432.0_D/S->V	True	True
ZJH_N07_2_3	Escherichia_coli	parC	78.0	470.0	A/G	0.0	0.9957	V	2.0	0.0043	0.0043	True	A/G78V(0%)	G:468;V:2													Escherichia_coli_parC_78.0_A/G->V	False	False
ZJH_N07_2_3	Klebsiella_pneumoniae	gyrA	83.0	501.0	D/S	0.0	0.996	F	2.0	0.004	0.004	True	D/S83F(0%)	F:2;S:499													Klebsiella_pneumoniae_gyrA_83.0_D/S->F	False	False
ZJH_N07_2_4	Klebsiella_oxytoca	parC	80.0	831.0	S	827.0	0.9952	N	2.0	0.0024	0.0024	True	S80I(0%)	I:2;N:2;S:827													Klebsiella_oxytoca_parC_80.0_S->N	False	False
ZJH_N07_2_4	Klebsiella_pneumoniae	gyrA	83.0	1495.0	D/S	0.0	0.9993	F	1.0	0.0007	0.0007	True	D/S83F(0%)	F:1;S:1494													Klebsiella_pneumoniae_gyrA_83.0_D/S->F	False	False
ZJH_N07_2_4	Klebsiella_pneumoniae	gyrA	87.0	1521.0	D/S	1519.0	0.9987	E	1.0	0.0007	0.0007	True	D/S87Y(0%)	D:1519;E:1;Y:1													Klebsiella_pneumoniae_gyrA_87.0_D/S->E	False	False
ZJH_N08_1_2	Staphylococcus_aureus	parE	470.0	8.0	Y	0.0	0.0	N	8.0	1.0	1.0	True	Y470N(100%)	N:8													Staphylococcus_aureus_parE_470.0_Y->N	True	True
ZJH_N08_1_3	Klebsiella_pneumoniae	gyrA	154.0	8.0	K	0.0	0.0	R	8.0	1.0	1.0	True	K154R(100%)	R:8													Klebsiella_pneumoniae_gyrA_154.0_K->R	True	True
ZJH_N08_1_3	Staphylococcus_aureus	parE	470.0	28.0	Y	0.0	0.0	N	28.0	1.0	1.0	True	Y470N(100%)	N:28													Staphylococcus_aureus_parE_470.0_Y->N	True	True
ZJH_N08_2_4	Enterococcus_faecium	gyrA	87.0	24.0	E/S	0.0	0.0	Y	24.0	1.0	1.0	True	E/S87Y(100%)	Y:24													Enterococcus_faecium_gyrA_87.0_E/S->Y	True	True
ZJH_N08_2_4	Staphylococcus_aureus	parC	80.0	166.0	E/R	0.0	0.0	S	166.0	1.0	1.0	True	E/R80S(100%)	S:166													Staphylococcus_aureus_parC_80.0_E/R->S	True	True
ZJH_N08_2_4	Staphylococcus_aureus	parE	470.0	1041.0	Y	0.0	0.0	N	1037.0	0.9962	0.9962	True	Y470N(99%)	D:4;N:1037													Staphylococcus_aureus_parE_470.0_Y->N	True	True
ZJH_N08_2_4	Staphylococcus_aureus	gyrA	84.0	1388.0	G/S	0.0	0.9899	F	8.0	0.0058	0.0043	True	G/S84L(0%)	F:8;L:6;S:1374													Staphylococcus_aureus_gyrA_84.0_G/S->F	False	False
ZJH_N09_2_2	Staphylococcus_aureus	parE	470.0	62.0	Y	0.0	0.0	N	62.0	1.0	1.0	True	Y470N(100%)	N:62													Staphylococcus_aureus_parE_470.0_Y->N	True	True
ZJH_N09_2_2	Staphylococcus_aureus	parE	432.0	82.0	D/S	39.0	0.4756	V	40.0	0.4878	0.4878	True	D/S432V(48%)	D:39;I:3;V:40													Staphylococcus_aureus_parE_432.0_D/S->V	False	True
ZJH_N09_2_4	Staphylococcus_aureus	parE	470.0	10.0	Y	0.0	0.0	N	10.0	1.0	1.0	True	Y470N(100%)	N:10													Staphylococcus_aureus_parE_470.0_Y->N	True	True
ZJH_N09_2_4	Enterococcus_faecalis	gyrA	87.0	12.0	E/S	0.0	0.0	K	12.0	1.0	1.0	True	E/S87K(100%)	K:12													Enterococcus_faecalis_gyrA_87.0_E/S->K	True	True
ZJH_N09_2_4	Enterococcus_faecium	gyrA	87.0	171.0	E/S	0.0	0.0	Y	170.0	0.9942	0.9942	True	E/S87Y(99%)	N:1;Y:170													Enterococcus_faecium_gyrA_87.0_E/S->Y	True	True
ZJH_N09_2_4	Escherichia_coli	parC	78.0	758.0	A/G	0.0	0.9974	V	2.0	0.0026	0.0026	True	A/G78V(0%)	G:756;V:2													Escherichia_coli_parC_78.0_A/G->V	False	False
ZJH_N09_2_4	Escherichia_coli	parE	458.0	942.0	D/S	0.0	0.9989	Y	1.0	0.0011	0.0011	True	D/S458Y(0%)	S:941;Y:1													Escherichia_coli_parE_458.0_D/S->Y	False	False
ZJH_N10_2_2	Streptococcus_mitis	parC	79.0	6.0	S	0.0	0.0	I	6.0	1.0	1.0	True	S79I(100%)	I:6													Streptococcus_mitis_parC_79.0_S->I	True	True
ZJH_N10_2_2	Staphylococcus_aureus	parE	470.0	16.0	Y	0.0	0.0	N	16.0	1.0	1.0	True	Y470N(100%)	N:16													Staphylococcus_aureus_parE_470.0_Y->N	True	True
ZJH_N10_2_3	Klebsiella_pneumoniae	gyrA	154.0	459.0	K	0.0	0.0	R	457.0	0.9956	0.9956	True	K154R(99%)	R:457;S:2													Klebsiella_pneumoniae_gyrA_154.0_K->R	True	True
ZJH_N10_2_4	Klebsiella_pneumoniae	gyrA	154.0	1177.0	K	0.0	0.0	R	1177.0	1.0	1.0	True	K154R(100%)	R:1177													Klebsiella_pneumoniae_gyrA_154.0_K->R	True	True
ZJH_N10_2_4	Klebsiella_pneumoniae	gyrA	83.0	1256.0	D/S	0.0	0.9912	A	11.0	0.0088	0.0088	True	D/S83A(0%)	A:11;S:1245													Klebsiella_pneumoniae_gyrA_83.0_D/S->A	False	False
ZJH_N11_1_2	Staphylococcus_aureus	parE	470.0	31.0	Y	0.0	0.0	N	29.0	0.9355	0.9355	True	Y470N(93%)	I:2;N:29													Staphylococcus_aureus_parE_470.0_Y->N	True	True
ZJH_N11_1_4	Klebsiella_pneumoniae	gyrA	154.0	11.0	K	0.0	0.0	R	11.0	1.0	1.0	True	K154R(100%)	R:11													Klebsiella_pneumoniae_gyrA_154.0_K->R	True	True
ZJH_N11_2_2	Staphylococcus_aureus	parE	470.0	45.0	Y	0.0	0.0	N	45.0	1.0	1.0	True	Y470N(100%)	N:45													Staphylococcus_aureus_parE_470.0_Y->N	True	True
ZJH_N11_2_2	Streptococcus_oralis	gyrA	81.0	7.0	S	0.0	0.0	F	7.0	1.0	1.0	True	S81F(100%)	F:7													Streptococcus_oralis_gyrA_81.0_S->F	True	True
ZJH_N11_2_2	Streptococcus_mitis	gyrA	81.0	6.0	S	0.0	0.0	F	6.0	1.0	1.0	True	S81F(100%)	F:6													Streptococcus_mitis_gyrA_81.0_S->F	True	True
ZJH_N11_2_4	Klebsiella_pneumoniae	gyrA	154.0	16.0	K	0.0	0.0	R	16.0	1.0	1.0	True	K154R(100%)	R:16													Klebsiella_pneumoniae_gyrA_154.0_K->R	True	True
ZJH_N11_2_4	Staphylococcus_aureus	parE	470.0	1768.0	Y	0.0	0.0	N	1762.0	0.9966	0.9966	True	Y470N(99%)	I:4;K:2;N:1762													Staphylococcus_aureus_parE_470.0_Y->N	True	True
ZJH_N11_2_4	Staphylococcus_aureus	parE	432.0	1591.0	D/S	1590.0	0.9994	E	1.0	0.0006	0.0006	True	D/S432E(0%)	D:1590;E:1													Staphylococcus_aureus_parE_432.0_D/S->E	False	False
ZJH_N12_1_2	Staphylococcus_aureus	parE	470.0	8.0	Y	0.0	0.0	N	8.0	1.0	1.0	True	Y470N(100%)	N:8													Staphylococcus_aureus_parE_470.0_Y->N	True	True
ZJH_N12_1_2	Staphylococcus_aureus	parE	432.0	33.0	D/S	29.0	0.8788	V	4.0	0.1212	0.1212	True	D/S432V(12%)	D:29;V:4													Staphylococcus_aureus_parE_432.0_D/S->V	False	True
ZJH_N12_1_3	Klebsiella_pneumoniae	gyrA	154.0	28.0	K	0.0	0.0	R	28.0	1.0	1.0	True	K154R(100%)	R:28													Klebsiella_pneumoniae_gyrA_154.0_K->R	True	True
ZJH_N12_1_4	Klebsiella_pneumoniae	gyrA	154.0	1130.0	K	0.0	0.0	R	1112.0	0.9841	0.9841	True	K154R(98%)	C:16;L:2;R:1112													Klebsiella_pneumoniae_gyrA_154.0_K->R	True	True
ZJH_N12_1_4	Klebsiella_pneumoniae	gyrA	83.0	1185.0	D/S	0.0	0.9966	P	2.0	0.0017	0.0017	True	D/S83A(0%)	A:2;P:2;S:1181													Klebsiella_pneumoniae_gyrA_83.0_D/S->P	False	False
ZJH_N12_2_2	Streptococcus_mitis	parC	79.0	34.0	S	0.0	0.0	I	34.0	1.0	1.0	True	S79I(100%)	I:34													Streptococcus_mitis_parC_79.0_S->I	True	True
ZJH_N12_2_2	Streptococcus_oralis	gyrA	81.0	12.0	S	0.0	0.0	F	12.0	1.0	1.0	True	S81F(100%)	F:12													Streptococcus_oralis_gyrA_81.0_S->F	True	True
ZJH_N12_2_2	Streptococcus_mitis	gyrA	81.0	12.0	S	0.0	0.0	F	12.0	1.0	1.0	True	S81F(100%)	F:12													Streptococcus_mitis_gyrA_81.0_S->F	True	True
ZJH_N12_2_4	Enterococcus_faecium	gyrA	87.0	75.0	E/S	0.0	0.0	Y	75.0	1.0	1.0	True	E/S87Y(100%)	Y:75													Enterococcus_faecium_gyrA_87.0_E/S->Y	True	True
ZJH_N12_2_4	Klebsiella_pneumoniae	gyrA	154.0	1063.0	K	0.0	0.0	R	1063.0	1.0	1.0	True	K154R(100%)	R:1063													Klebsiella_pneumoniae_gyrA_154.0_K->R	True	True
ZJH_N13_1_2	Staphylococcus_aureus	parE	470.0	23.0	Y	0.0	0.0	N	23.0	1.0	1.0	True	Y470N(100%)	N:23													Staphylococcus_aureus_parE_470.0_Y->N	True	True
ZJH_N13_2_2	Klebsiella_pneumoniae	gyrA	154.0	57.0	K	0.0	0.0	R	57.0	1.0	1.0	True	K154R(100%)	R:57													Klebsiella_pneumoniae_gyrA_154.0_K->R	True	True
ZJH_N13_2_4	Klebsiella_pneumoniae	gyrA	154.0	454.0	K	0.0	0.0	R	454.0	1.0	1.0	True	K154R(100%)	R:454													Klebsiella_pneumoniae_gyrA_154.0_K->R	True	True
ZJH_N13_2_4	Enterococcus_faecalis	gyrA	87.0	8.0	E/S	0.0	0.0	K	8.0	1.0	1.0	True	E/S87K(100%)	K:8													Enterococcus_faecalis_gyrA_87.0_E/S->K	True	True
ZJH_N13_2_4	Enterococcus_faecium	gyrA	87.0	28.0	E/S	0.0	0.0	Y	28.0	1.0	1.0	True	E/S87Y(100%)	Y:28													Enterococcus_faecium_gyrA_87.0_E/S->Y	True	True
ZJH_N13_2_4	Klebsiella_pneumoniae	gyrA	87.0	547.0	D/S	540.0	0.9872	Y	3.0	0.0055	0.0055	True	D/S87Y(0%)	D:540;E:2;V:2;Y:3													Klebsiella_pneumoniae_gyrA_87.0_D/S->Y	False	False
ZJH_N13_2_4	Escherichia_coli	parC	78.0	394.0	A/G	0.0	0.9949	V	2.0	0.0051	0.0051	True	A/G78V(0%)	G:392;V:2													Escherichia_coli_parC_78.0_A/G->V	False	False
ZJH_N14_1_4	Staphylococcus_aureus	parE	470.0	284.0	Y	0.0	0.0	N	284.0	1.0	1.0	True	Y470N(100%)	N:284													Staphylococcus_aureus_parE_470.0_Y->N	True	True
ZJH_N14_1_4	Klebsiella_pneumoniae	gyrA	154.0	60.0	K	0.0	0.0	R	60.0	1.0	1.0	True	K154R(100%)	R:60													Klebsiella_pneumoniae_gyrA_154.0_K->R	True	True
ZJH_N14_1_4	Staphylococcus_aureus	gyrA	84.0	428.0	G/S	0.0	0.0	L	427.0	0.9977	0.9977	True	G/S84L(99%)	F:1;L:427													Staphylococcus_aureus_gyrA_84.0_G/S->L	True	True
ZJH_N14_2_2	Klebsiella_pneumoniae	gyrA	154.0	258.0	K	0.0	0.0	R	258.0	1.0	1.0	True	K154R(100%)	R:258													Klebsiella_pneumoniae_gyrA_154.0_K->R	True	True
ZJH_N14_2_2	Staphylococcus_aureus	parE	470.0	23.0	Y	0.0	0.0	N	23.0	1.0	1.0	True	Y470N(100%)	N:23													Staphylococcus_aureus_parE_470.0_Y->N	True	True
ZJH_N14_2_2	Klebsiella_pneumoniae	gyrA	83.0	215.0	D/S	0.0	0.9953	A	1.0	0.0047	0.0047	True	D/S83A(0%)	A:1;S:214													Klebsiella_pneumoniae_gyrA_83.0_D/S->A	False	False
ZJH_N14_2_3	Klebsiella_pneumoniae	gyrA	154.0	16.0	K	0.0	0.0	R	16.0	1.0	1.0	True	K154R(100%)	R:16													Klebsiella_pneumoniae_gyrA_154.0_K->R	True	True
ZJH_N14_2_4	Klebsiella_pneumoniae	gyrA	154.0	1057.0	K	0.0	0.0	R	1048.0	0.9915	0.9915	True	K154R(99%)	L:2;R:1048;S:7													Klebsiella_pneumoniae_gyrA_154.0_K->R	True	True
ZJH_N14_2_4	Klebsiella_pneumoniae	gyrA	87.0	1203.0	D/S	1198.0	0.9958	Y	5.0	0.0042	0.0042	True	D/S87Y(0%)	D:1198;Y:5													Klebsiella_pneumoniae_gyrA_87.0_D/S->Y	False	False
ZJH_N14_2_4	Escherichia_coli	parC	78.0	913.0	A/G	0.0	0.9934	C	5.0	0.0055	0.0011	True	A/G78V(0%)	C:5;G:907;V:1													Escherichia_coli_parC_78.0_A/G->C	False	False
ZJH_N15_1_4	Enterococcus_faecalis	gyrA	87.0	12.0	E/S	0.0	0.0	K	12.0	1.0	1.0	True	E/S87K(100%)	K:12													Enterococcus_faecalis_gyrA_87.0_E/S->K	True	True
ZJH_N15_1_4	Staphylococcus_aureus	parE	470.0	225.0	Y	0.0	0.0	N	224.0	0.9956	0.9956	True	Y470N(99%)	N:224;R:1													Staphylococcus_aureus_parE_470.0_Y->N	True	True
ZJH_N15_1_4	Enterococcus_faecium	gyrA	87.0	921.0	E/S	0.0	0.0	Y	913.0	0.9913	0.9913	True	E/S87Y(99%)	D:6;T:2;Y:913													Enterococcus_faecium_gyrA_87.0_E/S->Y	True	True
ZJH_N15_1_4	Staphylococcus_aureus	parC	84.0	190.0	D/E/S	189.0	0.9947	V	1.0	0.0053	0.0053	True	D/E/S84V(0%)	D:189;V:1													Staphylococcus_aureus_parC_84.0_D/E/S->V	False	False
ZJH_N16_1_2	Streptococcus_mitis	parC	79.0	38.0	S	0.0	0.0	I	38.0	1.0	1.0	True	S79I(100%)	I:38													Streptococcus_mitis_parC_79.0_S->I	True	True
ZJH_N16_1_3	Streptococcus_mitis	parC	79.0	40.0	S	0.0	0.0	I	40.0	1.0	1.0	True	S79I(100%)	I:40													Streptococcus_mitis_parC_79.0_S->I	True	True
ZJH_N16_2_2	Staphylococcus_aureus	parE	470.0	27.0	Y	0.0	0.0	N	27.0	1.0	1.0	True	Y470N(100%)	N:27													Staphylococcus_aureus_parE_470.0_Y->N	True	True
ZJH_N16_2_2	Streptococcus_mitis	parC	79.0	6.0	S	0.0	0.0	I	6.0	1.0	1.0	True	S79I(100%)	I:6													Streptococcus_mitis_parC_79.0_S->I	True	True
ZJH_N16_2_2	Staphylococcus_aureus	parE	432.0	33.0	D/S	10.0	0.303	V	23.0	0.697	0.697	True	D/S432V(69%)	D:10;V:23													Staphylococcus_aureus_parE_432.0_D/S->V	False	True
ZJH_N16_2_3	Klebsiella_pneumoniae	gyrA	154.0	6.0	K	0.0	0.0	R	6.0	1.0	1.0	True	K154R(100%)	R:6													Klebsiella_pneumoniae_gyrA_154.0_K->R	True	True
ZJH_N16_2_4	Klebsiella_pneumoniae	gyrA	154.0	286.0	K	0.0	0.0	R	286.0	1.0	1.0	True	K154R(100%)	R:286													Klebsiella_pneumoniae_gyrA_154.0_K->R	True	True
ZJH_N16_2_4	Streptococcus_oralis	gyrA	81.0	11.0	S	1.0	0.0909	F	10.0	0.9091	0.9091	True	S81F(90%)	F:10;S:1													Streptococcus_oralis_gyrA_81.0_S->F	True	True
ZJH_N16_2_4	Streptococcus_mitis	gyrA	81.0	8.0	S	1.0	0.125	F	7.0	0.875	0.875	True	S81F(87%)	F:7;S:1													Streptococcus_mitis_gyrA_81.0_S->F	True	True
ZJH_N16_2_4	Klebsiella_pneumoniae	gyrA	83.0	1431.0	D/S	0.0	0.9993	A	1.0	0.0007	0.0007	True	D/S83A(0%)	A:1;S:1430													Klebsiella_pneumoniae_gyrA_83.0_D/S->A	False	False
ZJH_N17_2_2	Staphylococcus_aureus	parE	470.0	11.0	Y	0.0	0.0	N	11.0	1.0	1.0	True	Y470N(100%)	N:11													Staphylococcus_aureus_parE_470.0_Y->N	True	True
ZJH_N17_2_2	Staphylococcus_aureus	parE	432.0	11.0	D/S	9.0	0.8182	V	2.0	0.1818	0.1818	True	D/S432V(18%)	D:9;V:2													Staphylococcus_aureus_parE_432.0_D/S->V	False	True
ZJH_N17_2_3	Streptococcus_mitis	parC	79.0	22.0	S	0.0	0.0	I	22.0	1.0	1.0	True	S79I(100%)	I:22													Streptococcus_mitis_parC_79.0_S->I	True	True
ZJH_N17_2_4	Pseudomonas_aeruginosa	gyrA	87.0	267.0	D/S	247.0	0.9251	Y	18.0	0.0674	0.0674	True	D/S87Y(6%)	D:247;E:2;Y:18													Pseudomonas_aeruginosa_gyrA_87.0_D/S->Y	False	False
ZJH_N17_2_4	Escherichia_coli	parC	78.0	915.0	A/G	0.0	0.9891	V	8.0	0.0087	0.0087	True	A/G78V(0%)	C:2;G:905;V:8													Escherichia_coli_parC_78.0_A/G->V	False	False
ZJH_N17_2_4	Klebsiella_oxytoca	parC	80.0	845.0	S	839.0	0.9929	I	6.0	0.0071	0.0071	True	S80I(0%)	I:6;S:839													Klebsiella_oxytoca_parC_80.0_S->I	False	False
ZJH_N17_2_4	Klebsiella_oxytoca	gyrA	83.0	1651.0	T	1647.0	0.9976	S	2.0	0.0012	0.0012	True	T83I(0%)	I:2;S:2;T:1647													Klebsiella_oxytoca_gyrA_83.0_T->S	False	False
ZJH_N18_1_2	Staphylococcus_aureus	parE	470.0	19.0	Y	0.0	0.0	N	19.0	1.0	1.0	True	Y470N(100%)	N:19													Staphylococcus_aureus_parE_470.0_Y->N	True	True
ZJH_N18_1_2	Staphylococcus_aureus	parE	432.0	23.0	D/S	2.0	0.087	V	21.0	0.913	0.913	True	D/S432V(91%)	D:2;V:21													Staphylococcus_aureus_parE_432.0_D/S->V	True	True
ZJH_N18_1_4	Klebsiella_pneumoniae	gyrA	87.0	1274.0	D/S	1262.0	0.9906	Y	6.0	0.0047	0.0047	True	D/S87Y(0%)	D:1262;V:6;Y:6													Klebsiella_pneumoniae_gyrA_87.0_D/S->Y	False	False
ZJH_N18_1_4	Klebsiella_oxytoca	parC	80.0	885.0	S	883.0	0.9977	R	2.0	0.0023	0.0023	True	S80R(0%)	R:2;S:883													Klebsiella_oxytoca_parC_80.0_S->R	False	False
ZJH_N18_2_2	Klebsiella_pneumoniae	gyrA	154.0	8.0	K	0.0	0.0	R	8.0	1.0	1.0	True	K154R(100%)	R:8													Klebsiella_pneumoniae_gyrA_154.0_K->R	True	True
ZJH_N18_2_2	Staphylococcus_aureus	parE	470.0	6.0	Y	0.0	0.0	N	6.0	1.0	1.0	True	Y470N(100%)	N:6													Staphylococcus_aureus_parE_470.0_Y->N	True	True
ZJH_N18_2_2	Staphylococcus_aureus	parE	432.0	9.0	D/S	0.0	0.0	V	9.0	1.0	1.0	True	D/S432V(100%)	V:9													Staphylococcus_aureus_parE_432.0_D/S->V	True	True
ZJH_N18_2_3	Enterococcus_faecium	gyrA	87.0	131.0	E/S	0.0	0.0	Y	131.0	1.0	1.0	True	E/S87Y(100%)	Y:131													Enterococcus_faecium_gyrA_87.0_E/S->Y	True	True
ZJH_N18_2_3	Klebsiella_pneumoniae	gyrA	154.0	408.0	K	0.0	0.0	R	408.0	1.0	1.0	True	K154R(100%)	R:408													Klebsiella_pneumoniae_gyrA_154.0_K->R	True	True
ZJH_N18_2_3	Enterococcus_faecalis	gyrA	87.0	10.0	E/S	0.0	0.0	K	10.0	1.0	1.0	True	E/S87K(100%)	K:10													Enterococcus_faecalis_gyrA_87.0_E/S->K	True	True
ZJH_N18_2_3	Klebsiella_pneumoniae	gyrA	83.0	480.0	D/S	0.0	0.9979	A	1.0	0.0021	0.0021	True	D/S83A(0%)	A:1;S:479													Klebsiella_pneumoniae_gyrA_83.0_D/S->A	False	False
ZJH_N18_2_4	Staphylococcus_aureus	parE	470.0	18.0	Y	0.0	0.0	N	18.0	1.0	1.0	True	Y470N(100%)	N:18													Staphylococcus_aureus_parE_470.0_Y->N	True	True
ZJH_N18_2_4	Streptococcus_mitis	parC	79.0	165.0	S	0.0	0.0	I	165.0	1.0	1.0	True	S79I(100%)	I:165													Streptococcus_mitis_parC_79.0_S->I	True	True
ZJH_N18_2_4	Klebsiella_pneumoniae	gyrA	154.0	324.0	K	0.0	0.0	R	322.0	0.9938	0.9938	True	K154R(99%)	R:322;S:2													Klebsiella_pneumoniae_gyrA_154.0_K->R	True	True
ZJH_N18_2_4	Enterococcus_faecium	gyrA	87.0	266.0	E/S	0.0	0.0	Y	262.0	0.985	0.985	True	E/S87Y(98%)	D:2;R:2;Y:262													Enterococcus_faecium_gyrA_87.0_E/S->Y	True	True
ZJH_N18_2_4	Streptococcus_oralis	gyrA	81.0	128.0	S	126.0	0.9844	Y	2.0	0.0156	0.0156	True	S81Y(1%)	S:126;Y:2													Streptococcus_oralis_gyrA_81.0_S->Y	False	False
ZJH_N19_1_2	Staphylococcus_aureus	parE	470.0	477.0	Y	0.0	0.0	N	475.0	0.9958	0.9958	True	Y470N(99%)	I:2;N:475													Staphylococcus_aureus_parE_470.0_Y->N	True	True
ZJH_N19_1_2	Staphylococcus_aureus	parE	432.0	433.0	D/S	76.0	0.1755	V	357.0	0.8245	0.8245	True	D/S432V(82%)	D:76;V:357													Staphylococcus_aureus_parE_432.0_D/S->V	True	True
ZJH_N20_2_2	Enterococcus_faecium	gyrA	87.0	9.0	E/S	0.0	0.0	Y	9.0	1.0	1.0	True	E/S87Y(100%)	Y:9													Enterococcus_faecium_gyrA_87.0_E/S->Y	True	True
ZJH_N20_2_2	Staphylococcus_aureus	parE	432.0	7.0	D/S	0.0	0.0	V	7.0	1.0	1.0	True	D/S432V(100%)	V:7													Staphylococcus_aureus_parE_432.0_D/S->V	True	True
ZJH_N20_2_2	Staphylococcus_aureus	parE	470.0	11.0	Y	0.0	0.0	N	11.0	1.0	1.0	True	Y470N(100%)	N:11													Staphylococcus_aureus_parE_470.0_Y->N	True	True
ZJH_N20_2_2	Streptococcus_mitis	parC	79.0	24.0	S	0.0	0.0	I	24.0	1.0	1.0	True	S79I(100%)	I:24													Streptococcus_mitis_parC_79.0_S->I	True	True
ZJH_N20_2_2	Streptococcus_oralis	gyrA	81.0	6.0	S	0.0	0.0	Y	6.0	1.0	1.0	True	S81Y(100%)	Y:6													Streptococcus_oralis_gyrA_81.0_S->Y	True	True
ZJH_N20_2_4	Enterococcus_faecium	gyrA	87.0	12.0	E/S	0.0	0.0	Y	12.0	1.0	1.0	True	E/S87Y(100%)	Y:12													Enterococcus_faecium_gyrA_87.0_E/S->Y	True	True
ZJH_N20_2_4	Staphylococcus_aureus	parE	470.0	182.0	Y	0.0	0.0	N	181.0	0.9945	0.9945	True	Y470N(99%)	H:1;N:181													Staphylococcus_aureus_parE_470.0_Y->N	True	True
ZJH_N20_2_4	Pseudomonas_aeruginosa	gyrB	466.0	210.0	D/S	0.0	0.9905	T	2.0	0.0095	0.0095	True	D/S466T(0%)	S:208;T:2													Pseudomonas_aeruginosa_gyrB_466.0_D/S->T	False	False
ZJH_N21_1_2	Staphylococcus_aureus	parE	470.0	41.0	Y	0.0	0.0	N	41.0	1.0	1.0	True	Y470N(100%)	N:41													Staphylococcus_aureus_parE_470.0_Y->N	True	True
ZJH_N21_1_2	Klebsiella_pneumoniae	gyrA	83.0	7.0	D/S	0.0	0.8571	A	1.0	0.1429	0.1429	True	D/S83A(14%)	A:1;S:6													Klebsiella_pneumoniae_gyrA_83.0_D/S->A	False	True
ZJH_N21_1_4	Staphylococcus_aureus	parC	80.0	6.0	E/R	0.0	0.0	S	6.0	1.0	1.0	True	E/R80S(100%)	S:6													Staphylococcus_aureus_parC_80.0_E/R->S	True	True
ZJH_N21_1_4	Staphylococcus_aureus	parE	470.0	32.0	Y	0.0	0.0	N	32.0	1.0	1.0	True	Y470N(100%)	N:32													Staphylococcus_aureus_parE_470.0_Y->N	True	True
ZJH_N21_2_2	Enterococcus_faecium	gyrA	87.0	5.0	E/S	0.0	0.0	Y	5.0	1.0	1.0	True	E/S87Y(100%)	Y:5													Enterococcus_faecium_gyrA_87.0_E/S->Y	True	True
ZJH_N21_2_2	Staphylococcus_aureus	parE	470.0	27.0	Y	0.0	0.0	N	27.0	1.0	1.0	True	Y470N(100%)	N:27													Staphylococcus_aureus_parE_470.0_Y->N	True	True
ZJH_N21_2_2	Streptococcus_mitis	parC	79.0	17.0	S	0.0	0.0	I	17.0	1.0	1.0	True	S79I(100%)	I:17													Streptococcus_mitis_parC_79.0_S->I	True	True
ZJH_N21_2_2	Staphylococcus_aureus	gyrA	84.0	210.0	G/S	0.0	0.0095	Y	202.0	0.9619	0.9619	True	G/S84Y(96%)	F:6;S:2;Y:202													Staphylococcus_aureus_gyrA_84.0_G/S->Y	True	True
ZJH_N21_2_4	Klebsiella_pneumoniae	gyrA	154.0	152.0	K	0.0	0.0	R	152.0	1.0	1.0	True	K154R(100%)	R:152													Klebsiella_pneumoniae_gyrA_154.0_K->R	True	True
ZJH_N21_2_4	Enterococcus_faecium	gyrA	87.0	21.0	E/S	0.0	0.0	Y	21.0	1.0	1.0	True	E/S87Y(100%)	Y:21													Enterococcus_faecium_gyrA_87.0_E/S->Y	True	True
ZJH_N21_2_4	Staphylococcus_aureus	parC	80.0	8.0	E/R	0.0	0.0	S	8.0	1.0	1.0	True	E/R80S(100%)	S:8													Staphylococcus_aureus_parC_80.0_E/R->S	True	True
ZJH_N21_2_4	Staphylococcus_aureus	parE	470.0	86.0	Y	0.0	0.0	N	84.0	0.9767	0.9767	True	Y470N(97%)	D:2;N:84													Staphylococcus_aureus_parE_470.0_Y->N	True	True
ZJH_N21_2_4	Streptococcus_mitis	parC	79.0	26.0	S	1.0	0.0385	I	25.0	0.9615	0.9615	True	S79I(96%)	I:25;S:1													Streptococcus_mitis_parC_79.0_S->I	True	True
ZJH_N21_2_4	Pseudomonas_aeruginosa	gyrA	87.0	378.0	D/S	374.0	0.9894	Y	3.0	0.0079	0.0079	True	D/S87Y(0%)	D:374;V:1;Y:3													Pseudomonas_aeruginosa_gyrA_87.0_D/S->Y	False	False
ZJH_N22_1_3	Staphylococcus_aureus	parE	470.0	27.0	Y	0.0	0.0	N	27.0	1.0	1.0	True	Y470N(100%)	N:27													Staphylococcus_aureus_parE_470.0_Y->N	True	True
ZJH_N22_1_3	Enterococcus_faecium	gyrA	87.0	49.0	E/S	0.0	0.0	Y	49.0	1.0	1.0	True	E/S87Y(100%)	Y:49													Enterococcus_faecium_gyrA_87.0_E/S->Y	True	True
ZJH_N22_1_3	Staphylococcus_aureus	parE	432.0	29.0	D/S	27.0	0.931	V	2.0	0.069	0.069	True	D/S432V(6%)	D:27;V:2													Staphylococcus_aureus_parE_432.0_D/S->V	False	False
ZJH_N22_1_4	Staphylococcus_aureus	parC	80.0	8.0	E/R	0.0	0.0	S	8.0	1.0	1.0	True	E/R80S(100%)	S:8													Staphylococcus_aureus_parC_80.0_E/R->S	True	True
ZJH_N22_1_4	Enterococcus_faecium	gyrA	87.0	7.0	E/S	0.0	0.0	Y	7.0	1.0	1.0	True	E/S87Y(100%)	Y:7													Enterococcus_faecium_gyrA_87.0_E/S->Y	True	True
ZJH_N22_1_4	Staphylococcus_aureus	parE	470.0	26.0	Y	0.0	0.0	N	26.0	1.0	1.0	True	Y470N(100%)	N:26													Staphylococcus_aureus_parE_470.0_Y->N	True	True
ZJH_N22_2_2	Staphylococcus_aureus	parE	470.0	24.0	Y	0.0	0.0	N	24.0	1.0	1.0	True	Y470N(100%)	N:24													Staphylococcus_aureus_parE_470.0_Y->N	True	True
ZJH_N22_2_2	Staphylococcus_aureus	parE	432.0	19.0	D/S	0.0	0.0	V	19.0	1.0	1.0	True	D/S432V(100%)	V:19													Staphylococcus_aureus_parE_432.0_D/S->V	True	True
ZJH_N22_2_3	Enterococcus_faecium	gyrA	87.0	178.0	E/S	0.0	0.0	Y	178.0	1.0	1.0	True	E/S87Y(100%)	Y:178													Enterococcus_faecium_gyrA_87.0_E/S->Y	True	True
ZJH_N22_2_3	Staphylococcus_aureus	parE	432.0	8.0	D/S	4.0	0.5	V	4.0	0.5	0.5	True	D/S432V(50%)	D:4;V:4													Staphylococcus_aureus_parE_432.0_D/S->V	False	True
ZJH_N22_2_4	Enterococcus_faecium	gyrA	87.0	122.0	E/S	0.0	0.0	Y	122.0	1.0	1.0	True	E/S87Y(100%)	Y:122													Enterococcus_faecium_gyrA_87.0_E/S->Y	True	True
ZJH_N23_1_2	Staphylococcus_aureus	parE	470.0	48.0	Y	0.0	0.0	N	46.0	0.9583	0.9583	True	Y470N(95%)	N:46;T:2													Staphylococcus_aureus_parE_470.0_Y->N	True	True
ZJH_N23_1_4	Enterococcus_faecium	gyrA	87.0	9.0	E/S	0.0	0.0	Y	9.0	1.0	1.0	True	E/S87Y(100%)	Y:9													Enterococcus_faecium_gyrA_87.0_E/S->Y	True	True
ZJH_N23_1_4	Klebsiella_pneumoniae	gyrA	154.0	6.0	K	0.0	0.0	R	6.0	1.0	1.0	True	K154R(100%)	R:6													Klebsiella_pneumoniae_gyrA_154.0_K->R	True	True
ZJH_N23_2_2	Staphylococcus_aureus	parE	470.0	7.0	Y	0.0	0.0	N	7.0	1.0	1.0	True	Y470N(100%)	N:7													Staphylococcus_aureus_parE_470.0_Y->N	True	True
ZJH_N23_2_2	Klebsiella_pneumoniae	gyrA	154.0	6.0	K	0.0	0.0	R	6.0	1.0	1.0	True	K154R(100%)	R:6													Klebsiella_pneumoniae_gyrA_154.0_K->R	True	True
ZJH_N23_2_3	Klebsiella_pneumoniae	gyrA	154.0	1098.0	K	0.0	0.0	R	1098.0	1.0	1.0	True	K154R(100%)	R:1098													Klebsiella_pneumoniae_gyrA_154.0_K->R	True	True
ZJH_N23_2_3	Escherichia_coli	parE	475.0	947.0	D	944.0	0.9968	V	2.0	0.0021	0.0021	True	D475V(0%)	A:1;D:944;V:2													Escherichia_coli_parE_475.0_D->V	False	False
ZJH_N23_2_4	Klebsiella_pneumoniae	gyrA	154.0	17.0	K	0.0	0.0	R	17.0	1.0	1.0	True	K154R(100%)	R:17													Klebsiella_pneumoniae_gyrA_154.0_K->R	True	True
ZJH_N23_2_4	Escherichia_coli	parC	78.0	601.0	A/G	0.0	0.995	E	2.0	0.0033	0.0017	True	A/G78V(0%)	E:2;G:598;V:1													Escherichia_coli_parC_78.0_A/G->E	False	False
ZJH_N23_2_4	Escherichia_coli	parE	475.0	1145.0	D	1144.0	0.9991	V	1.0	0.0009	0.0009	True	D475V(0%)	D:1144;V:1													Escherichia_coli_parE_475.0_D->V	False	False
ZJH_N24_1_2	Staphylococcus_aureus	parE	470.0	23.0	Y	0.0	0.0	N	23.0	1.0	1.0	True	Y470N(100%)	N:23													Staphylococcus_aureus_parE_470.0_Y->N	True	True
ZJH_N24_1_4	Staphylococcus_aureus	parE	470.0	178.0	Y	0.0	0.0	N	173.0	0.9719	0.9719	True	Y470N(97%)	L:4;N:173;R:1													Staphylococcus_aureus_parE_470.0_Y->N	True	True
ZJH_N24_2_2	Klebsiella_pneumoniae	gyrA	154.0	6.0	K	0.0	0.0	R	6.0	1.0	1.0	True	K154R(100%)	R:6													Klebsiella_pneumoniae_gyrA_154.0_K->R	True	True
ZJH_N24_2_2	Staphylococcus_aureus	parE	432.0	6.0	D/S	4.0	0.6667	V	2.0	0.3333	0.3333	True	D/S432V(33%)	D:4;V:2													Staphylococcus_aureus_parE_432.0_D/S->V	False	True
ZJH_N24_2_3	Klebsiella_pneumoniae	gyrA	154.0	95.0	K	0.0	0.0	R	94.0	0.9895	0.9895	True	K154R(98%)	R:94;S:1													Klebsiella_pneumoniae_gyrA_154.0_K->R	True	True
ZJH_N24_2_4	Klebsiella_pneumoniae	gyrA	154.0	764.0	K	0.0	0.0	R	760.0	0.9948	0.9948	True	K154R(99%)	C:1;L:3;R:760													Klebsiella_pneumoniae_gyrA_154.0_K->R	True	True
ZJH_N24_2_4	Pseudomonas_aeruginosa	gyrA	87.0	35.0	D/S	34.0	0.9714	Y	1.0	0.0286	0.0286	True	D/S87Y(2%)	D:34;Y:1													Pseudomonas_aeruginosa_gyrA_87.0_D/S->Y	False	False
ZJH_N24_2_4	Klebsiella_oxytoca	parC	80.0	591.0	S	586.0	0.9915	R	5.0	0.0085	0.0085	True	S80R(0%)	R:5;S:586													Klebsiella_oxytoca_parC_80.0_S->R	False	False
ZJH_N25_1_2	Enterococcus_faecium	gyrA	87.0	16.0	E/S	0.0	0.0	Y	16.0	1.0	1.0	True	E/S87Y(100%)	Y:16													Enterococcus_faecium_gyrA_87.0_E/S->Y	True	True
ZJH_N25_1_4	Streptococcus_mitis	gyrA	81.0	6.0	S	0.0	0.0	F	6.0	1.0	1.0	True	S81F(100%)	F:6													Streptococcus_mitis_gyrA_81.0_S->F	True	True
ZJH_N25_1_4	Streptococcus_oralis	gyrA	81.0	6.0	S	0.0	0.0	F	6.0	1.0	1.0	True	S81F(100%)	F:6													Streptococcus_oralis_gyrA_81.0_S->F	True	True
ZJH_N25_1_4	Klebsiella_pneumoniae	gyrA	154.0	6.0	K	0.0	0.0	R	6.0	1.0	1.0	True	K154R(100%)	R:6													Klebsiella_pneumoniae_gyrA_154.0_K->R	True	True
ZJH_N25_1_4	Streptococcus_mitis	parC	79.0	5.0	S	0.0	0.0	I	5.0	1.0	1.0	True	S79I(100%)	I:5													Streptococcus_mitis_parC_79.0_S->I	True	True
ZJH_N25_2_2	Staphylococcus_aureus	parE	470.0	40.0	Y	0.0	0.0	N	40.0	1.0	1.0	True	Y470N(100%)	N:40													Staphylococcus_aureus_parE_470.0_Y->N	True	True
ZJH_N25_2_4	Enterococcus_faecium	gyrA	87.0	532.0	E/S	0.0	0.0	Y	532.0	1.0	1.0	True	E/S87Y(100%)	Y:532													Enterococcus_faecium_gyrA_87.0_E/S->Y	True	True
ZJH_N25_2_4	Enterococcus_faecalis	gyrA	87.0	733.0	E/S	0.0	0.0	K	731.0	0.9973	0.9973	True	E/S87K(99%)	K:731;N:2													Enterococcus_faecalis_gyrA_87.0_E/S->K	True	True
ZJH_N25_2_4	Streptococcus_mitis	gyrA	81.0	154.0	S	146.0	0.9481	F	8.0	0.0519	0.0519	True	S81F(5%)	F:8;S:146													Streptococcus_mitis_gyrA_81.0_S->F	False	False
ZJH_N25_2_4	Streptococcus_oralis	gyrA	81.0	191.0	S	183.0	0.9581	F	8.0	0.0419	0.0419	True	S81F(4%)	F:8;S:183													Streptococcus_oralis_gyrA_81.0_S->F	False	False
ZJH_N26_2_2	Staphylococcus_aureus	parE	470.0	8.0	Y	0.0	0.0	N	8.0	1.0	1.0	True	Y470N(100%)	N:8													Staphylococcus_aureus_parE_470.0_Y->N	True	True
ZJH_N26_2_2	Streptococcus_mitis	parC	79.0	10.0	S	0.0	0.0	I	10.0	1.0	1.0	True	S79I(100%)	I:10													Streptococcus_mitis_parC_79.0_S->I	True	True
ZJH_N26_2_4	Enterococcus_faecalis	gyrA	87.0	16.0	E/S	0.0	0.0	K	16.0	1.0	1.0	True	E/S87K(100%)	K:16													Enterococcus_faecalis_gyrA_87.0_E/S->K	True	True
ZJH_N26_2_4	Enterococcus_faecium	gyrA	87.0	15.0	E/S	0.0	0.0	Y	15.0	1.0	1.0	True	E/S87Y(100%)	Y:15													Enterococcus_faecium_gyrA_87.0_E/S->Y	True	True
ZJH_N27_1_4	Staphylococcus_aureus	gyrA	84.0	8.0	G/S	0.0	0.0	L	8.0	1.0	1.0	True	G/S84L(100%)	L:8													Staphylococcus_aureus_gyrA_84.0_G/S->L	True	True
ZJH_N27_2_2	Staphylococcus_aureus	parE	470.0	9.0	Y	0.0	0.0	N	9.0	1.0	1.0	True	Y470N(100%)	N:9													Staphylococcus_aureus_parE_470.0_Y->N	True	True
ZJH_N27_2_3	Pseudomonas_aeruginosa	gyrA	87.0	6.0	D/S	0.0	0.0	N	6.0	1.0	1.0	True	D/S87N(100%)	N:6													Pseudomonas_aeruginosa_gyrA_87.0_D/S->N	True	True
ZJH_N27_2_3	Klebsiella_pneumoniae	gyrA	154.0	37.0	K	0.0	0.0	R	37.0	1.0	1.0	True	K154R(100%)	R:37													Klebsiella_pneumoniae_gyrA_154.0_K->R	True	True
ZJH_N27_2_3	Enterococcus_faecium	gyrA	87.0	19.0	E/S	0.0	0.0	Y	19.0	1.0	1.0	True	E/S87Y(100%)	Y:19													Enterococcus_faecium_gyrA_87.0_E/S->Y	True	True
ZJH_N27_2_3	Klebsiella_oxytoca	parC	80.0	88.0	S	22.0	0.25	I	66.0	0.75	0.75	True	S80I(75%)	I:66;S:22													Klebsiella_oxytoca_parC_80.0_S->I	True	True
ZJH_N27_2_3	Klebsiella_pneumoniae	gyrA	87.0	70.0	D/S	36.0	0.5143	N	34.0	0.4857	0.4857	True	D/S87N(48%)	D:36;N:34													Klebsiella_pneumoniae_gyrA_87.0_D/S->N	False	True
ZJH_N27_2_3	Klebsiella_pneumoniae	gyrA	83.0	50.0	D/S	0.0	0.68	L	16.0	0.32	0.32	True	D/S83L(32%)	L:16;S:34													Klebsiella_pneumoniae_gyrA_83.0_D/S->L	False	True
ZJH_N27_2_4	Enterococcus_faecalis	gyrA	87.0	110.0	E/S	0.0	0.0	K	110.0	1.0	1.0	True	E/S87K(100%)	K:110													Enterococcus_faecalis_gyrA_87.0_E/S->K	True	True
ZJH_N27_2_4	Pseudomonas_aeruginosa	gyrA	87.0	30.0	D/S	0.0	0.0	N	30.0	1.0	1.0	True	D/S87N(100%)	N:30													Pseudomonas_aeruginosa_gyrA_87.0_D/S->N	True	True
ZJH_N27_2_4	Klebsiella_pneumoniae	gyrA	154.0	99.0	K	0.0	0.0	R	99.0	1.0	1.0	True	K154R(100%)	R:99													Klebsiella_pneumoniae_gyrA_154.0_K->R	True	True
ZJH_N27_2_4	Enterococcus_faecium	gyrA	87.0	55.0	E/S	0.0	0.0	Y	55.0	1.0	1.0	True	E/S87Y(100%)	Y:55													Enterococcus_faecium_gyrA_87.0_E/S->Y	True	True
ZJH_N27_2_4	Klebsiella_oxytoca	parC	80.0	206.0	S	48.0	0.233	I	158.0	0.767	0.767	True	S80I(76%)	I:158;S:48													Klebsiella_oxytoca_parC_80.0_S->I	True	True
ZJH_N27_2_4	Klebsiella_pneumoniae	gyrA	87.0	256.0	D/S	84.0	0.3281	N	169.0	0.6602	0.6602	True	D/S87N(66%)	D:84;E:3;N:169													Klebsiella_pneumoniae_gyrA_87.0_D/S->N	False	True
ZJH_N27_2_4	Klebsiella_pneumoniae	gyrA	83.0	225.0	D/S	0.0	0.3822	L	139.0	0.6178	0.6178	True	D/S83L(61%)	L:139;S:86													Klebsiella_pneumoniae_gyrA_83.0_D/S->L	False	True
ZJH_N28_2_2	Staphylococcus_aureus	parE	470.0	8.0	Y	0.0	0.0	N	8.0	1.0	1.0	True	Y470N(100%)	N:8													Staphylococcus_aureus_parE_470.0_Y->N	True	True
ZJH_N28_2_4	Staphylococcus_aureus	parE	470.0	142.0	Y	0.0	0.0	N	142.0	1.0	1.0	True	Y470N(100%)	N:142													Staphylococcus_aureus_parE_470.0_Y->N	True	True
ZJH_N28_2_4	Enterococcus_faecium	gyrA	87.0	77.0	E/S	0.0	0.0	Y	77.0	1.0	1.0	True	E/S87Y(100%)	Y:77													Enterococcus_faecium_gyrA_87.0_E/S->Y	True	True
ZJH_N28_2_4	Streptococcus_mitis	parC	79.0	142.0	S	0.0	0.0	I	138.0	0.9718	0.9718	True	S79I(97%)	I:138;L:4													Streptococcus_mitis_parC_79.0_S->I	True	True
ZJH_N28_2_4	Staphylococcus_aureus	parC	84.0	83.0	D/E/S	7.0	0.0843	N	76.0	0.9157	0.9157	True	D/E/S84N(91%)	D:7;N:76													Staphylococcus_aureus_parC_84.0_D/E/S->N	True	True
ZJH_N28_2_4	Streptococcus_mitis	gyrA	81.0	85.0	S	83.0	0.9765	F	2.0	0.0235	0.0235	True	S81F(2%)	F:2;S:83													Streptococcus_mitis_gyrA_81.0_S->F	False	False
ZJH_N28_2_4	Streptococcus_oralis	gyrA	81.0	95.0	S	93.0	0.9789	F	2.0	0.0211	0.0211	True	S81F(2%)	F:2;S:93													Streptococcus_oralis_gyrA_81.0_S->F	False	False
ZJH_N29_1_2	Staphylococcus_aureus	parE	470.0	9.0	Y	0.0	0.0	N	9.0	1.0	1.0	True	Y470N(100%)	N:9													Staphylococcus_aureus_parE_470.0_Y->N	True	True
ZJH_N29_1_2	Staphylococcus_aureus	parE	432.0	22.0	D/S	4.0	0.1818	V	18.0	0.8182	0.8182	True	D/S432V(81%)	D:4;V:18													Staphylococcus_aureus_parE_432.0_D/S->V	True	True
ZJH_N30_1_4	Enterococcus_faecium	gyrA	87.0	1753.0	E/S	0.0	0.0006	Y	1752.0	0.9994	0.9994	True	E/S87Y(99%)	S:1;Y:1752													Enterococcus_faecium_gyrA_87.0_E/S->Y	True	True
ZJH_N30_1_4	Enterococcus_faecalis	gyrA	87.0	1872.0	E/S	0.0	0.0	K	1869.0	0.9984	0.9984	True	E/S87K(99%)	K:1869;N:1;T:2													Enterococcus_faecalis_gyrA_87.0_E/S->K	True	True
ZJH_N30_2_4	Klebsiella_pneumoniae	gyrA	154.0	10.0	K	0.0	0.0	R	10.0	1.0	1.0	True	K154R(100%)	R:10													Klebsiella_pneumoniae_gyrA_154.0_K->R	True	True
ZJH_N30_2_4	Streptococcus_mitis	parC	79.0	12.0	S	0.0	0.0	I	12.0	1.0	1.0	True	S79I(100%)	I:12													Streptococcus_mitis_parC_79.0_S->I	True	True
ZJH_N30_2_4	Staphylococcus_aureus	parE	470.0	45.0	Y	0.0	0.0	N	45.0	1.0	1.0	True	Y470N(100%)	N:45													Staphylococcus_aureus_parE_470.0_Y->N	True	True
ZJH_N30_2_4	Staphylococcus_aureus	gyrA	84.0	32.0	G/S	0.0	0.0	L	32.0	1.0	1.0	True	G/S84L(100%)	L:32													Staphylococcus_aureus_gyrA_84.0_G/S->L	True	True
ZJH_N30_2_4	Enterococcus_faecalis	gyrA	87.0	24.0	E/S	0.0	0.0	K	24.0	1.0	1.0	True	E/S87K(100%)	K:24													Enterococcus_faecalis_gyrA_87.0_E/S->K	True	True
ZJH_N30_2_4	Enterococcus_faecium	gyrA	87.0	214.0	E/S	0.0	0.0	Y	214.0	1.0	1.0	True	E/S87Y(100%)	Y:214													Enterococcus_faecium_gyrA_87.0_E/S->Y	True	True
ZJH_N30_2_4	Escherichia_coli	parE	458.0	174.0	D/S	0.0	0.9943	Y	1.0	0.0057	0.0057	True	D/S458Y(0%)	S:173;Y:1													Escherichia_coli_parE_458.0_D/S->Y	False	False
ZJH_N31_1_2	Staphylococcus_aureus	parE	470.0	16.0	Y	0.0	0.0	N	16.0	1.0	1.0	True	Y470N(100%)	N:16													Staphylococcus_aureus_parE_470.0_Y->N	True	True
ZJH_N31_1_2	Staphylococcus_aureus	parE	432.0	20.0	D/S	0.0	0.0	V	20.0	1.0	1.0	True	D/S432V(100%)	V:20													Staphylococcus_aureus_parE_432.0_D/S->V	True	True
ZJH_N31_1_4	Staphylococcus_aureus	parC	80.0	30.0	E/R	0.0	0.0	S	30.0	1.0	1.0	True	E/R80S(100%)	S:30													Staphylococcus_aureus_parC_80.0_E/R->S	True	True
ZJH_N31_1_4	Staphylococcus_aureus	parE	470.0	21.0	Y	0.0	0.0	N	21.0	1.0	1.0	True	Y470N(100%)	N:21													Staphylococcus_aureus_parE_470.0_Y->N	True	True
ZJH_N31_2_3	Klebsiella_pneumoniae	gyrA	154.0	324.0	K	0.0	0.0	R	324.0	1.0	1.0	True	K154R(100%)	R:324													Klebsiella_pneumoniae_gyrA_154.0_K->R	True	True
ZJH_N31_2_3	Klebsiella_pneumoniae	gyrA	83.0	476.0	D/S	0.0	0.9958	P	1.0	0.0021	0.0021	True	D/S83A(0%)	A:1;P:1;S:474													Klebsiella_pneumoniae_gyrA_83.0_D/S->P	False	False
ZJH_N31_2_4	Klebsiella_pneumoniae	gyrA	154.0	866.0	K	0.0	0.0	R	866.0	1.0	1.0	True	K154R(100%)	R:866													Klebsiella_pneumoniae_gyrA_154.0_K->R	True	True
ZJH_N31_2_4	Pseudomonas_aeruginosa	gyrA	87.0	130.0	D/S	129.0	0.9923	N	1.0	0.0077	0.0077	True	D/S87N(0%)	D:129;N:1													Pseudomonas_aeruginosa_gyrA_87.0_D/S->N	False	False
ZJH_N31_2_4	Klebsiella_oxytoca	parC	80.0	707.0	S	703.0	0.9943	I	2.0	0.0028	0.0028	True	S80I(0%)	C:2;I:2;S:703													Klebsiella_oxytoca_parC_80.0_S->I	False	False
ZJH_N31_2_4	Escherichia_coli	parC	78.0	786.0	A/G	0.0	0.9911	C	2.0	0.0025	0.0013	True	A/G78V(0%)	C:2;E:2;F:2;G:779;V:1													Escherichia_coli_parC_78.0_A/G->C	False	False
ZJH_N31_2_4	Klebsiella_pneumoniae	gyrA	87.0	1054.0	D/S	1051.0	0.9972	E	2.0	0.0019	0.0009	True	D/S87Y(0%)	D:1051;E:2;Y:1													Klebsiella_pneumoniae_gyrA_87.0_D/S->E	False	False
ZJH_N32_1_2	Staphylococcus_aureus	parE	470.0	30.0	Y	0.0	0.0	N	30.0	1.0	1.0	True	Y470N(100%)	N:30													Staphylococcus_aureus_parE_470.0_Y->N	True	True
ZJH_N32_1_2	Staphylococcus_aureus	parE	432.0	28.0	D/S	18.0	0.6429	V	10.0	0.3571	0.3571	True	D/S432V(35%)	D:18;V:10													Staphylococcus_aureus_parE_432.0_D/S->V	False	True
ZJH_N32_2_2	Staphylococcus_aureus	parE	470.0	14.0	Y	0.0	0.0	N	14.0	1.0	1.0	True	Y470N(100%)	N:14													Staphylococcus_aureus_parE_470.0_Y->N	True	True
ZJH_N32_2_2	Staphylococcus_aureus	parE	432.0	20.0	D/S	12.0	0.6	V	8.0	0.4	0.4	True	D/S432V(40%)	D:12;V:8													Staphylococcus_aureus_parE_432.0_D/S->V	False	True
ZJH_N33_1_2	Staphylococcus_aureus	parE	470.0	24.0	Y	0.0	0.0	N	24.0	1.0	1.0	True	Y470N(100%)	N:24													Staphylococcus_aureus_parE_470.0_Y->N	True	True
ZJH_N33_1_2	Staphylococcus_aureus	parE	432.0	25.0	D/S	11.0	0.44	V	14.0	0.56	0.56	True	D/S432V(56%)	D:11;V:14													Staphylococcus_aureus_parE_432.0_D/S->V	False	True
ZJH_N33_2_4	Enterococcus_faecium	gyrA	87.0	36.0	E/S	0.0	0.0	Y	36.0	1.0	1.0	True	E/S87Y(100%)	Y:36													Enterococcus_faecium_gyrA_87.0_E/S->Y	True	True
ZJH_N33_2_4	Staphylococcus_aureus	parE	470.0	111.0	Y	0.0	0.0	N	111.0	1.0	1.0	True	Y470N(100%)	N:111													Staphylococcus_aureus_parE_470.0_Y->N	True	True
ZJH_N33_2_4	Klebsiella_pneumoniae	gyrA	154.0	124.0	K	0.0	0.0	R	124.0	1.0	1.0	True	K154R(100%)	R:124													Klebsiella_pneumoniae_gyrA_154.0_K->R	True	True
ZJH_N33_2_4	Escherichia_coli	parC	78.0	114.0	A/G	0.0	0.9825	V	2.0	0.0175	0.0175	True	A/G78V(1%)	G:112;V:2													Escherichia_coli_parC_78.0_A/G->V	False	False
ZJH_N34_1_2	Staphylococcus_aureus	parE	432.0	10.0	D/S	0.0	0.0	V	10.0	1.0	1.0	True	D/S432V(100%)	V:10													Staphylococcus_aureus_parE_432.0_D/S->V	True	True
ZJH_N36_1_2	Staphylococcus_aureus	parE	470.0	10.0	Y	0.0	0.0	N	10.0	1.0	1.0	True	Y470N(100%)	N:10													Staphylococcus_aureus_parE_470.0_Y->N	True	True
ZJH_N36_2_2	Klebsiella_pneumoniae	gyrA	154.0	35.0	K	0.0	0.0	R	35.0	1.0	1.0	True	K154R(100%)	R:35													Klebsiella_pneumoniae_gyrA_154.0_K->R	True	True
ZJH_N36_2_2	Staphylococcus_aureus	parE	470.0	37.0	Y	0.0	0.0	N	37.0	1.0	1.0	True	Y470N(100%)	N:37													Staphylococcus_aureus_parE_470.0_Y->N	True	True
ZJH_N36_2_2	Staphylococcus_aureus	gyrA	84.0	201.0	G/S	0.0	0.1791	Y	146.0	0.7264	0.7264	True	G/S84Y(72%)	F:10;R:1;S:36;T:8;Y:146													Staphylococcus_aureus_gyrA_84.0_G/S->Y	False	True
ZJH_N36_2_2	Staphylococcus_aureus	parE	432.0	44.0	D/S	34.0	0.7727	V	10.0	0.2273	0.2273	True	D/S432V(22%)	D:34;V:10													Staphylococcus_aureus_parE_432.0_D/S->V	False	True
ZJH_N36_2_3	Klebsiella_pneumoniae	gyrA	154.0	42.0	K	0.0	0.0	R	42.0	1.0	1.0	True	K154R(100%)	R:42													Klebsiella_pneumoniae_gyrA_154.0_K->R	True	True
ZJH_N36_2_3	Staphylococcus_aureus	parE	432.0	6.0	D/S	0.0	0.0	V	6.0	1.0	1.0	True	D/S432V(100%)	V:6													Staphylococcus_aureus_parE_432.0_D/S->V	True	True
ZJH_N36_2_4	Klebsiella_pneumoniae	gyrA	154.0	1504.0	K	0.0	0.0	R	1504.0	1.0	1.0	True	K154R(100%)	R:1504													Klebsiella_pneumoniae_gyrA_154.0_K->R	True	True
ZJH_N36_2_4	Klebsiella_oxytoca	parC	80.0	1008.0	S	1002.0	0.994	G	4.0	0.004	0.002	True	S80R(0%)	G:4;R:2;S:1002													Klebsiella_oxytoca_parC_80.0_S->G	False	False
ZJH_N36_2_4	Klebsiella_pneumoniae	gyrA	83.0	1594.0	D/S	0.0	0.995	Y	6.0	0.0038	0.0013	True	D/S83A(0%)	A:2;S:1586;Y:6													Klebsiella_pneumoniae_gyrA_83.0_D/S->Y	False	False
ZJH_N38_1_2	Staphylococcus_aureus	parE	470.0	84.0	Y	0.0	0.0	N	84.0	1.0	1.0	True	Y470N(100%)	N:84													Staphylococcus_aureus_parE_470.0_Y->N	True	True
ZJH_N39_1_4	Klebsiella_pneumoniae	gyrA	154.0	6.0	K	0.0	0.0	R	6.0	1.0	1.0	True	K154R(100%)	R:6													Klebsiella_pneumoniae_gyrA_154.0_K->R	True	True
ZJH_N39_2_2	Staphylococcus_aureus	parE	470.0	29.0	Y	0.0	0.0	N	29.0	1.0	1.0	True	Y470N(100%)	N:29													Staphylococcus_aureus_parE_470.0_Y->N	True	True
ZJH_N39_2_2	Staphylococcus_aureus	parE	432.0	18.0	D/S	0.0	0.0	V	18.0	1.0	1.0	True	D/S432V(100%)	V:18													Staphylococcus_aureus_parE_432.0_D/S->V	True	True
ZJH_N39_2_4	Streptococcus_mitis	parC	79.0	348.0	S	0.0	0.0	I	346.0	0.9943	0.9943	True	S79I(99%)	I:346;L:2													Streptococcus_mitis_parC_79.0_S->I	True	True
ZJH_N40_1_2	Staphylococcus_aureus	parE	470.0	11.0	Y	0.0	0.0	N	11.0	1.0	1.0	True	Y470N(100%)	N:11													Staphylococcus_aureus_parE_470.0_Y->N	True	True
ZJH_N41_1_4	Escherichia_coli	parE	458.0	258.0	D/S	0.0	0.9767	A	3.0	0.0116	0.0116	True	D/S458A(1%)	A:3;P:3;S:252													Escherichia_coli_parE_458.0_D/S->A	False	False
ZJH_N41_1_4	Klebsiella_pneumoniae	gyrA	87.0	113.0	D/S	112.0	0.9912	H	1.0	0.0088	0.0088	True	D/S87H(0%)	D:112;H:1													Klebsiella_pneumoniae_gyrA_87.0_D/S->H	False	False
ZJH_N41_1_4	Klebsiella_oxytoca	parC	80.0	179.0	S	176.0	0.9832	A	2.0	0.0112	0.0056	True	S80R(0%)	A:2;R:1;S:176													Klebsiella_oxytoca_parC_80.0_S->A	False	False
ZJH_N42_1_4	Staphylococcus_aureus	parE	470.0	18.0	Y	0.0	0.0	N	18.0	1.0	1.0	True	Y470N(100%)	N:18													Staphylococcus_aureus_parE_470.0_Y->N	True	True
ZJH_N42_2_2	Klebsiella_pneumoniae	gyrA	154.0	12.0	K	0.0	0.0	R	12.0	1.0	1.0	True	K154R(100%)	R:12													Klebsiella_pneumoniae_gyrA_154.0_K->R	True	True
ZJH_N42_2_2	Staphylococcus_aureus	parE	470.0	6.0	Y	0.0	0.0	N	6.0	1.0	1.0	True	Y470N(100%)	N:6													Staphylococcus_aureus_parE_470.0_Y->N	True	True
ZJH_N42_2_2	Staphylococcus_aureus	parE	432.0	10.0	D/S	6.0	0.6	V	4.0	0.4	0.4	True	D/S432V(40%)	D:6;V:4													Staphylococcus_aureus_parE_432.0_D/S->V	False	True
ZJH_N42_2_3	Staphylococcus_aureus	parE	470.0	17.0	Y	0.0	0.0	N	17.0	1.0	1.0	True	Y470N(100%)	N:17													Staphylococcus_aureus_parE_470.0_Y->N	True	True
ZJH_N42_2_3	Klebsiella_pneumoniae	gyrA	154.0	997.0	K	0.0	0.0	R	996.0	0.999	0.999	True	K154R(99%)	L:1;R:996													Klebsiella_pneumoniae_gyrA_154.0_K->R	True	True
ZJH_N42_2_3	Staphylococcus_aureus	parE	432.0	25.0	D/S	23.0	0.92	V	2.0	0.08	0.08	True	D/S432V(8%)	D:23;V:2													Staphylococcus_aureus_parE_432.0_D/S->V	False	False
ZJH_N42_2_4	Klebsiella_pneumoniae	gyrA	154.0	1064.0	K	0.0	0.0	R	1060.0	0.9962	0.9962	True	K154R(99%)	H:2;L:2;R:1060													Klebsiella_pneumoniae_gyrA_154.0_K->R	True	True
ZJH_N42_2_4	Klebsiella_oxytoca	parC	80.0	751.0	S	747.0	0.9947	R	4.0	0.0053	0.0053	True	S80R(0%)	R:4;S:747													Klebsiella_oxytoca_parC_80.0_S->R	False	False
ZJH_N42_2_4	Escherichia_coli	parC	78.0	811.0	A/G	0.0	0.9951	V	4.0	0.0049	0.0049	True	A/G78V(0%)	G:807;V:4													Escherichia_coli_parC_78.0_A/G->V	False	False
ZJH_N42_2_4	Klebsiella_pneumoniae	gyrA	87.0	1157.0	D/S	1154.0	0.9974	Y	2.0	0.0017	0.0017	True	D/S87Y(0%)	D:1154;R:1;Y:2													Klebsiella_pneumoniae_gyrA_87.0_D/S->Y	False	False
ZJH_N43_1_4	Enterococcus_faecalis	gyrA	87.0	9.0	E/S	0.0	0.0	K	9.0	1.0	1.0	True	E/S87K(100%)	K:9													Enterococcus_faecalis_gyrA_87.0_E/S->K	True	True
ZJH_N43_1_4	Enterococcus_faecium	gyrA	87.0	744.0	E/S	0.0	0.0027	Y	741.0	0.996	0.996	True	E/S87Y(99%)	F:1;S:2;Y:741													Enterococcus_faecium_gyrA_87.0_E/S->Y	True	True
ZJH_N43_2_2	Staphylococcus_aureus	parE	470.0	36.0	Y	0.0	0.0	N	36.0	1.0	1.0	True	Y470N(100%)	N:36													Staphylococcus_aureus_parE_470.0_Y->N	True	True
ZJH_N43_2_3	Enterococcus_faecium	gyrA	87.0	18.0	E/S	0.0	0.0	Y	18.0	1.0	1.0	True	E/S87Y(100%)	Y:18													Enterococcus_faecium_gyrA_87.0_E/S->Y	True	True
ZJH_N43_2_3	Staphylococcus_aureus	parE	470.0	94.0	Y	0.0	0.0	N	94.0	1.0	1.0	True	Y470N(100%)	N:94													Staphylococcus_aureus_parE_470.0_Y->N	True	True
ZJH_N43_2_3	Staphylococcus_aureus	parE	432.0	63.0	D/S	38.0	0.6032	V	25.0	0.3968	0.3968	True	D/S432V(39%)	D:38;V:25													Staphylococcus_aureus_parE_432.0_D/S->V	False	True
ZJH_N43_2_4	Staphylococcus_aureus	parE	470.0	75.0	Y	0.0	0.0	N	75.0	1.0	1.0	True	Y470N(100%)	N:75													Staphylococcus_aureus_parE_470.0_Y->N	True	True
ZJH_N43_2_4	Enterococcus_faecium	gyrA	87.0	263.0	E/S	0.0	0.0	Y	263.0	1.0	1.0	True	E/S87Y(100%)	Y:263													Enterococcus_faecium_gyrA_87.0_E/S->Y	True	True
ZJH_N44_1_2	Klebsiella_pneumoniae	gyrA	154.0	8.0	K	0.0	0.0	R	8.0	1.0	1.0	True	K154R(100%)	R:8													Klebsiella_pneumoniae_gyrA_154.0_K->R	True	True
ZJH_N44_1_2	Staphylococcus_aureus	parE	432.0	10.0	D/S	8.0	0.8	V	2.0	0.2	0.2	True	D/S432V(20%)	D:8;V:2													Staphylococcus_aureus_parE_432.0_D/S->V	False	True
ZJH_N45_1_4	Staphylococcus_aureus	parE	470.0	427.0	Y	0.0	0.0	N	427.0	1.0	1.0	True	Y470N(100%)	N:427													Staphylococcus_aureus_parE_470.0_Y->N	True	True
ZJH_N45_2_2	Staphylococcus_aureus	parE	470.0	90.0	Y	0.0	0.0	N	90.0	1.0	1.0	True	Y470N(100%)	N:90													Staphylococcus_aureus_parE_470.0_Y->N	True	True
ZJH_N45_2_3	Staphylococcus_aureus	parE	470.0	136.0	Y	0.0	0.0	N	136.0	1.0	1.0	True	Y470N(100%)	N:136													Staphylococcus_aureus_parE_470.0_Y->N	True	True
ZJH_N45_2_3	Enterococcus_faecium	gyrA	87.0	61.0	E/S	0.0	0.0	Y	61.0	1.0	1.0	True	E/S87Y(100%)	Y:61													Enterococcus_faecium_gyrA_87.0_E/S->Y	True	True
ZJH_N45_2_3	Klebsiella_pneumoniae	gyrA	154.0	6.0	K	0.0	0.0	R	6.0	1.0	1.0	True	K154R(100%)	R:6													Klebsiella_pneumoniae_gyrA_154.0_K->R	True	True
ZJH_N45_2_4	Enterococcus_faecium	gyrA	87.0	30.0	E/S	0.0	0.0	Y	30.0	1.0	1.0	True	E/S87Y(100%)	Y:30													Enterococcus_faecium_gyrA_87.0_E/S->Y	True	True
ZJH_N45_2_4	Klebsiella_pneumoniae	gyrA	154.0	21.0	K	0.0	0.0	R	21.0	1.0	1.0	True	K154R(100%)	R:21													Klebsiella_pneumoniae_gyrA_154.0_K->R	True	True
ZJH_N45_2_4	Staphylococcus_aureus	parE	470.0	124.0	Y	2.0	0.0161	N	122.0	0.9839	0.9839	True	Y470N(98%)	N:122;Y:2													Staphylococcus_aureus_parE_470.0_Y->N	True	True
ZJH_N45_2_4	Klebsiella_pneumoniae	gyrA	87.0	1706.0	D/S	1702.0	0.9977	G	2.0	0.0012	0.0012	True	D/S87G(0%)	D:1702;G:2;V:2													Klebsiella_pneumoniae_gyrA_87.0_D/S->G	False	False
ZJH_N46_1_2	Staphylococcus_aureus	parE	432.0	18.0	D/S	0.0	0.0	V	18.0	1.0	1.0	True	D/S432V(100%)	V:18													Staphylococcus_aureus_parE_432.0_D/S->V	True	True
ZJH_N46_2_3	Enterococcus_faecium	gyrA	87.0	23.0	E/S	0.0	0.0	Y	23.0	1.0	1.0	True	E/S87Y(100%)	Y:23													Enterococcus_faecium_gyrA_87.0_E/S->Y	True	True
ZJH_N46_2_3	Enterococcus_faecalis	gyrA	87.0	28.0	E/S	0.0	0.0	K	28.0	1.0	1.0	True	E/S87K(100%)	K:28													Enterococcus_faecalis_gyrA_87.0_E/S->K	True	True
ZJH_N46_2_3	Klebsiella_oxytoca	parC	80.0	787.0	S	784.0	0.9962	R	2.0	0.0025	0.0025	True	S80R(0%)	C:1;R:2;S:784													Klebsiella_oxytoca_parC_80.0_S->R	False	False
ZJH_N46_2_4	Enterococcus_faecalis	gyrA	87.0	18.0	E/S	0.0	0.0	K	18.0	1.0	1.0	True	E/S87K(100%)	K:18													Enterococcus_faecalis_gyrA_87.0_E/S->K	True	True
ZJH_N46_2_4	Klebsiella_oxytoca	parC	80.0	886.0	S	883.0	0.9966	R	2.0	0.0023	0.0023	True	S80R(0%)	G:1;R:2;S:883													Klebsiella_oxytoca_parC_80.0_S->R	False	False
ZJH_N46_2_4	Klebsiella_pneumoniae	gyrA	87.0	1657.0	D/S	1643.0	0.9916	Q	8.0	0.0048	0.0012	True	D/S87Y(0%)	A:4;D:1643;Q:8;Y:2													Klebsiella_pneumoniae_gyrA_87.0_D/S->Q	False	False
ZJH_N47_2_4	Staphylococcus_aureus	gyrA	84.0	5.0	G/S	0.0	0.0	L	5.0	1.0	1.0	True	G/S84L(100%)	L:5													Staphylococcus_aureus_gyrA_84.0_G/S->L	True	True
ZJH_N48_1_3	Staphylococcus_aureus	parC	80.0	12.0	E/R	0.0	0.0	S	12.0	1.0	1.0	True	E/R80S(100%)	S:12													Staphylococcus_aureus_parC_80.0_E/R->S	True	True
ZJH_N48_1_3	Enterococcus_faecium	gyrA	87.0	67.0	E/S	0.0	0.0	Y	67.0	1.0	1.0	True	E/S87Y(100%)	Y:67													Enterococcus_faecium_gyrA_87.0_E/S->Y	True	True
ZJH_N48_1_3	Staphylococcus_aureus	parE	470.0	49.0	Y	0.0	0.0	N	49.0	1.0	1.0	True	Y470N(100%)	N:49													Staphylococcus_aureus_parE_470.0_Y->N	True	True
ZJH_N48_1_4	Staphylococcus_aureus	parE	470.0	26.0	Y	0.0	0.0	N	26.0	1.0	1.0	True	Y470N(100%)	N:26													Staphylococcus_aureus_parE_470.0_Y->N	True	True
ZJH_N48_2_2	Staphylococcus_aureus	parE	470.0	13.0	Y	0.0	0.0	N	13.0	1.0	1.0	True	Y470N(100%)	N:13													Staphylococcus_aureus_parE_470.0_Y->N	True	True
ZJH_N48_2_2	Staphylococcus_aureus	parE	432.0	12.0	D/S	0.0	0.0	V	12.0	1.0	1.0	True	D/S432V(100%)	V:12													Staphylococcus_aureus_parE_432.0_D/S->V	True	True
ZJH_N48_2_4	Enterococcus_faecalis	gyrA	87.0	1206.0	E/S	0.0	0.0	K	1206.0	1.0	1.0	True	E/S87K(100%)	K:1206													Enterococcus_faecalis_gyrA_87.0_E/S->K	True	True
ZJH_N48_2_4	Staphylococcus_aureus	parE	470.0	104.0	Y	0.0	0.0	N	104.0	1.0	1.0	True	Y470N(100%)	N:104													Staphylococcus_aureus_parE_470.0_Y->N	True	True
ZJH_N48_2_4	Enterococcus_faecium	gyrA	87.0	3147.0	E/S	0.0	0.0019	Y	3139.0	0.9975	0.9975	True	E/S87Y(99%)	F:1;H:1;S:6;Y:3139													Enterococcus_faecium_gyrA_87.0_E/S->Y	True	True
ZJH_N48_2_4	Klebsiella_pneumoniae	gyrA	83.0	24.0	D/S	0.0	0.8333	L	4.0	0.1667	0.1667	True	D/S83L(16%)	L:4;S:20													Klebsiella_pneumoniae_gyrA_83.0_D/S->L	False	True
ZJH_N49_1_2	Staphylococcus_aureus	parE	470.0	31.0	Y	0.0	0.0	N	31.0	1.0	1.0	True	Y470N(100%)	N:31													Staphylococcus_aureus_parE_470.0_Y->N	True	True
ZJH_N49_1_2	Staphylococcus_aureus	parE	432.0	44.0	D/S	32.0	0.7273	V	12.0	0.2727	0.2727	True	D/S432V(27%)	D:32;V:12													Staphylococcus_aureus_parE_432.0_D/S->V	False	True
ZJH_N49_2_4	Klebsiella_pneumoniae	gyrA	154.0	416.0	K	0.0	0.0	R	416.0	1.0	1.0	True	K154R(100%)	R:416													Klebsiella_pneumoniae_gyrA_154.0_K->R	True	True
ZJH_N49_2_4	Enterococcus_faecium	gyrA	87.0	12.0	E/S	0.0	0.0	Y	12.0	1.0	1.0	True	E/S87Y(100%)	Y:12													Enterococcus_faecium_gyrA_87.0_E/S->Y	True	True
ZJH_N49_2_4	Pseudomonas_aeruginosa	gyrA	87.0	66.0	D/S	63.0	0.9545	Y	2.0	0.0303	0.0303	True	D/S87Y(3%)	D:63;V:1;Y:2													Pseudomonas_aeruginosa_gyrA_87.0_D/S->Y	False	False
ZJH_N49_2_4	Escherichia_coli	parE	458.0	660.0	D/S	5.0	0.9591	A	12.0	0.0182	0.0182	True	D/S458A(1%)	A:12;D:5;K:3;P:6;Q:2;R:4;S:628													Escherichia_coli_parE_458.0_D/S->A	False	False
ZJH_N49_2_4	Klebsiella_oxytoca	gyrA	87.0	987.0	D	953.0	0.9656	Y	16.0	0.0162	0.001	True	D87G(0%)	D:953;E:5;F:1;G:1;K:2;V:9;Y:16													Klebsiella_oxytoca_gyrA_87.0_D->Y	False	False
ZJH_N50_1_3	Klebsiella_pneumoniae	gyrA	154.0	716.0	K	0.0	0.0	R	716.0	1.0	1.0	True	K154R(100%)	R:716													Klebsiella_pneumoniae_gyrA_154.0_K->R	True	True
ZJH_N50_1_3	Enterococcus_faecium	gyrA	87.0	5.0	E/S	0.0	0.0	Y	5.0	1.0	1.0	True	E/S87Y(100%)	Y:5													Enterococcus_faecium_gyrA_87.0_E/S->Y	True	True
ZJH_N50_1_3	Klebsiella_oxytoca	parC	80.0	593.0	S	586.0	0.9882	R	7.0	0.0118	0.0118	True	S80R(1%)	R:7;S:586													Klebsiella_oxytoca_parC_80.0_S->R	False	False
ZJH_N50_1_3	Klebsiella_pneumoniae	gyrA	87.0	915.0	D/S	913.0	0.9978	E	1.0	0.0011	0.0011	True	D/S87Y(0%)	D:913;E:1;Y:1													Klebsiella_pneumoniae_gyrA_87.0_D/S->E	False	False
ZJH_N50_1_4	Klebsiella_pneumoniae	gyrA	154.0	747.0	K	0.0	0.0	R	745.0	0.9973	0.9973	True	K154R(99%)	L:2;R:745													Klebsiella_pneumoniae_gyrA_154.0_K->R	True	True
ZJH_N50_1_4	Klebsiella_oxytoca	parC	80.0	551.0	S	549.0	0.9964	R	2.0	0.0036	0.0036	True	S80R(0%)	R:2;S:549													Klebsiella_oxytoca_parC_80.0_S->R	False	False
ZJH_N50_1_4	Klebsiella_pneumoniae	gyrA	87.0	937.0	D/S	934.0	0.9968	Y	3.0	0.0032	0.0032	True	D/S87Y(0%)	D:934;Y:3													Klebsiella_pneumoniae_gyrA_87.0_D/S->Y	False	False
ZJH_N50_2_2	Staphylococcus_aureus	parE	470.0	6.0	Y	0.0	0.0	N	6.0	1.0	1.0	True	Y470N(100%)	N:6													Staphylococcus_aureus_parE_470.0_Y->N	True	True
ZJH_N50_2_2	Staphylococcus_aureus	parE	432.0	8.0	D/S	2.0	0.25	V	6.0	0.75	0.75	True	D/S432V(75%)	D:2;V:6													Staphylococcus_aureus_parE_432.0_D/S->V	True	True
ZJH_N50_2_3	Enterococcus_faecium	gyrA	87.0	545.0	E/S	0.0	0.0	Y	545.0	1.0	1.0	True	E/S87Y(100%)	Y:545													Enterococcus_faecium_gyrA_87.0_E/S->Y	True	True
ZJH_N50_2_3	Staphylococcus_aureus	parE	470.0	8.0	Y	0.0	0.0	N	8.0	1.0	1.0	True	Y470N(100%)	N:8													Staphylococcus_aureus_parE_470.0_Y->N	True	True
ZJH_N50_2_3	Enterococcus_faecalis	gyrA	87.0	572.0	E/S	0.0	0.0	K	570.0	0.9965	0.9965	True	E/S87K(99%)	K:570;R:2													Enterococcus_faecalis_gyrA_87.0_E/S->K	True	True
ZJH_N50_2_3	Klebsiella_pneumoniae	gyrA	154.0	227.0	K	0.0	0.0	R	226.0	0.9956	0.9956	True	K154R(99%)	A:1;R:226													Klebsiella_pneumoniae_gyrA_154.0_K->R	True	True
ZJH_N50_2_3	Klebsiella_oxytoca	parC	80.0	130.0	S	126.0	0.9692	R	4.0	0.0308	0.0308	True	S80R(3%)	R:4;S:126													Klebsiella_oxytoca_parC_80.0_S->R	False	False
ZJH_N50_2_4	Enterococcus_faecalis	gyrA	87.0	22.0	E/S	0.0	0.0	K	22.0	1.0	1.0	True	E/S87K(100%)	K:22													Enterococcus_faecalis_gyrA_87.0_E/S->K	True	True
ZJH_N50_2_4	Klebsiella_pneumoniae	gyrA	154.0	1166.0	K	0.0	0.0	R	1166.0	1.0	1.0	True	K154R(100%)	R:1166													Klebsiella_pneumoniae_gyrA_154.0_K->R	True	True
ZJH_N50_2_4	Enterococcus_faecium	gyrA	87.0	213.0	E/S	0.0	0.0	Y	213.0	1.0	1.0	True	E/S87Y(100%)	Y:213													Enterococcus_faecium_gyrA_87.0_E/S->Y	True	True
ZJH_N50_2_4	Klebsiella_pneumoniae	gyrA	83.0	1137.0	D/S	0.0	0.9974	A	3.0	0.0026	0.0026	True	D/S83A(0%)	A:3;S:1134													Klebsiella_pneumoniae_gyrA_83.0_D/S->A	False	False
ZJH_N51_1_2	Staphylococcus_aureus	parE	432.0	8.0	D/S	0.0	0.0	V	8.0	1.0	1.0	True	D/S432V(100%)	V:8													Staphylococcus_aureus_parE_432.0_D/S->V	True	True
ZJH_N51_1_3	Klebsiella_pneumoniae	gyrA	154.0	910.0	K	0.0	0.0	R	908.0	0.9978	0.9978	True	K154R(99%)	H:2;R:908													Klebsiella_pneumoniae_gyrA_154.0_K->R	True	True
ZJH_N51_1_3	Klebsiella_pneumoniae	gyrA	83.0	789.0	D/S	0.0	0.9975	A	2.0	0.0025	0.0025	True	D/S83A(0%)	A:2;S:787													Klebsiella_pneumoniae_gyrA_83.0_D/S->A	False	False
ZJH_N51_1_3	Escherichia_coli	parE	475.0	567.0	D	562.0	0.9912	E	4.0	0.0071	0.0018	True	D475V(0%)	D:562;E:4;V:1													Escherichia_coli_parE_475.0_D->E	False	False
ZJH_N51_1_4	Staphylococcus_aureus	gyrA	84.0	5.0	G/S	0.0	0.0	L	5.0	1.0	1.0	True	G/S84L(100%)	L:5													Staphylococcus_aureus_gyrA_84.0_G/S->L	True	True
ZJH_N51_1_4	Klebsiella_pneumoniae	gyrA	154.0	1132.0	K	0.0	0.0	R	1124.0	0.9929	0.9929	True	K154R(99%)	C:2;L:4;R:1124;S:2													Klebsiella_pneumoniae_gyrA_154.0_K->R	True	True
ZJH_N51_1_4	Escherichia_coli	parC	78.0	877.0	A/G	0.0	0.9977	D	2.0	0.0023	0.0023	True	A/G78D(0%)	D:2;G:875													Escherichia_coli_parC_78.0_A/G->D	False	False
ZJH_N51_2_3	Enterococcus_faecalis	gyrA	87.0	24.0	E/S	0.0	0.0	K	24.0	1.0	1.0	True	E/S87K(100%)	K:24													Enterococcus_faecalis_gyrA_87.0_E/S->K	True	True
ZJH_N51_2_3	Klebsiella_pneumoniae	gyrA	154.0	41.0	K	0.0	0.0	R	41.0	1.0	1.0	True	K154R(100%)	R:41													Klebsiella_pneumoniae_gyrA_154.0_K->R	True	True
ZJH_N51_2_3	Enterococcus_faecium	gyrA	87.0	685.0	E/S	0.0	0.0	Y	683.0	0.9971	0.9971	True	E/S87Y(99%)	D:2;Y:683													Enterococcus_faecium_gyrA_87.0_E/S->Y	True	True
ZJH_N51_2_3	Klebsiella_pneumoniae	gyrA	87.0	426.0	D/S	56.0	0.1315	N	370.0	0.8685	0.8685	True	D/S87N(86%)	D:56;N:370													Klebsiella_pneumoniae_gyrA_87.0_D/S->N	True	True
ZJH_N51_2_4	Enterococcus_faecium	gyrA	87.0	9.0	E/S	0.0	0.0	Y	9.0	1.0	1.0	True	E/S87Y(100%)	Y:9													Enterococcus_faecium_gyrA_87.0_E/S->Y	True	True
ZJH_N51_2_4	Klebsiella_pneumoniae	gyrA	154.0	1187.0	K	0.0	0.0	R	1184.0	0.9975	0.9975	True	K154R(99%)	R:1184;S:3													Klebsiella_pneumoniae_gyrA_154.0_K->R	True	True
ZJH_N51_2_4	Escherichia_coli	parC	78.0	870.0	A/G	0.0	0.9885	V	6.0	0.0069	0.0069	True	A/G78V(0%)	C:4;G:860;V:6													Escherichia_coli_parC_78.0_A/G->V	False	False
ZJH_N51_2_4	Klebsiella_pneumoniae	gyrA	83.0	1346.0	D/S	0.0	0.9978	Y	2.0	0.0015	0.0007	True	D/S83F(0%)	F:1;S:1343;Y:2													Klebsiella_pneumoniae_gyrA_83.0_D/S->Y	False	False
ZJH_N52_1_4	Staphylococcus_aureus	parE	470.0	2203.0	Y	0.0	0.0	N	2203.0	1.0	1.0	True	Y470N(100%)	N:2203													Staphylococcus_aureus_parE_470.0_Y->N	True	True
ZJH_N52_1_4	Enterococcus_faecium	gyrA	87.0	14.0	E/S	0.0	0.0	Y	14.0	1.0	1.0	True	E/S87Y(100%)	Y:14													Enterococcus_faecium_gyrA_87.0_E/S->Y	True	True
ZJH_N52_1_4	Klebsiella_pneumoniae	gyrA	154.0	65.0	K	0.0	0.0	R	65.0	1.0	1.0	True	K154R(100%)	R:65													Klebsiella_pneumoniae_gyrA_154.0_K->R	True	True
ZJH_N52_1_4	Staphylococcus_aureus	parC	80.0	355.0	E/R	0.0	0.0	S	321.0	0.9042	0.9042	True	E/R80S(90%)	L:34;S:321													Staphylococcus_aureus_parC_80.0_E/R->S	True	True
ZJH_N52_1_4	Staphylococcus_aureus	gyrA	84.0	2133.0	G/S	0.0	0.7318	L	490.0	0.2297	0.2297	True	G/S84L(22%)	F:80;L:490;P:2;S:1561													Staphylococcus_aureus_gyrA_84.0_G/S->L	False	True
ZJH_N52_2_2	Staphylococcus_aureus	parE	432.0	29.0	D/S	0.0	0.0	V	29.0	1.0	1.0	True	D/S432V(100%)	V:29													Staphylococcus_aureus_parE_432.0_D/S->V	True	True
ZJH_N52_2_2	Staphylococcus_aureus	parE	470.0	34.0	Y	0.0	0.0	N	34.0	1.0	1.0	True	Y470N(100%)	N:34													Staphylococcus_aureus_parE_470.0_Y->N	True	True
ZJH_N52_2_3	Staphylococcus_aureus	parE	470.0	6.0	Y	0.0	0.0	N	6.0	1.0	1.0	True	Y470N(100%)	N:6													Staphylococcus_aureus_parE_470.0_Y->N	True	True
ZJH_N52_2_3	Staphylococcus_aureus	parE	432.0	6.0	D/S	4.0	0.6667	V	2.0	0.3333	0.3333	True	D/S432V(33%)	D:4;V:2													Staphylococcus_aureus_parE_432.0_D/S->V	False	True
ZJH_N52_2_4	Klebsiella_pneumoniae	gyrA	154.0	7.0	K	0.0	0.0	R	7.0	1.0	1.0	True	K154R(100%)	R:7													Klebsiella_pneumoniae_gyrA_154.0_K->R	True	True
ZJH_N52_2_4	Staphylococcus_aureus	parE	470.0	211.0	Y	0.0	0.0	N	211.0	1.0	1.0	True	Y470N(100%)	N:211													Staphylococcus_aureus_parE_470.0_Y->N	True	True
ZJH_N53_1_4	Klebsiella_pneumoniae	gyrA	154.0	22.0	K	0.0	0.0	R	22.0	1.0	1.0	True	K154R(100%)	R:22													Klebsiella_pneumoniae_gyrA_154.0_K->R	True	True
ZJH_N53_1_4	Staphylococcus_aureus	parE	470.0	65.0	Y	0.0	0.0	N	65.0	1.0	1.0	True	Y470N(100%)	N:65													Staphylococcus_aureus_parE_470.0_Y->N	True	True
ZJH_N53_1_4	Enterococcus_faecium	gyrA	87.0	892.0	E/S	0.0	0.0	Y	891.0	0.9989	0.9989	True	E/S87Y(99%)	H:1;Y:891													Enterococcus_faecium_gyrA_87.0_E/S->Y	True	True
ZJH_N53_1_4	Enterococcus_faecalis	gyrA	87.0	1498.0	E/S	4.0	0.0027	K	1492.0	0.996	0.996	True	E/S87K(99%)	E:4;K:1492;N:2													Enterococcus_faecalis_gyrA_87.0_E/S->K	True	True
ZJH_N53_1_4	Staphylococcus_aureus	gyrA	84.0	297.0	G/S	0.0	0.0067	L	293.0	0.9865	0.9865	True	G/S84L(98%)	F:1;L:293;S:2;V:1													Staphylococcus_aureus_gyrA_84.0_G/S->L	True	True
ZJH_N53_2_2	Klebsiella_pneumoniae	gyrA	154.0	175.0	K	0.0	0.0	R	175.0	1.0	1.0	True	K154R(100%)	R:175													Klebsiella_pneumoniae_gyrA_154.0_K->R	True	True
ZJH_N53_2_3	Klebsiella_pneumoniae	gyrA	154.0	230.0	K	0.0	0.0	R	230.0	1.0	1.0	True	K154R(100%)	R:230													Klebsiella_pneumoniae_gyrA_154.0_K->R	True	True
ZJH_N53_2_3	Staphylococcus_aureus	parE	432.0	10.0	D/S	4.0	0.4	V	6.0	0.6	0.6	True	D/S432V(60%)	D:4;V:6													Staphylococcus_aureus_parE_432.0_D/S->V	False	True
ZJH_N53_2_4	Klebsiella_pneumoniae	gyrA	154.0	791.0	K	0.0	0.0	R	791.0	1.0	1.0	True	K154R(100%)	R:791													Klebsiella_pneumoniae_gyrA_154.0_K->R	True	True
ZJH_N53_2_4	Enterococcus_faecium	gyrA	87.0	169.0	E/S	0.0	0.0	Y	169.0	1.0	1.0	True	E/S87Y(100%)	Y:169													Enterococcus_faecium_gyrA_87.0_E/S->Y	True	True
ZJH_N53_2_4	Escherichia_coli	parC	78.0	693.0	A/G	0.0	0.9928	V	4.0	0.0058	0.0058	True	A/G78V(0%)	C:1;G:688;V:4													Escherichia_coli_parC_78.0_A/G->V	False	False
ZJH_N53_2_4	Klebsiella_pneumoniae	gyrA	87.0	899.0	D/S	896.0	0.9967	Y	2.0	0.0022	0.0022	True	D/S87Y(0%)	D:896;V:1;Y:2													Klebsiella_pneumoniae_gyrA_87.0_D/S->Y	False	False
ZJH_N54_1_2	Staphylococcus_aureus	parE	470.0	147.0	Y	0.0	0.0	N	147.0	1.0	1.0	True	Y470N(100%)	N:147													Staphylococcus_aureus_parE_470.0_Y->N	True	True
ZJH_N54_1_3	Staphylococcus_aureus	parE	470.0	7.0	Y	0.0	0.0	N	7.0	1.0	1.0	True	Y470N(100%)	N:7													Staphylococcus_aureus_parE_470.0_Y->N	True	True
ZJH_N54_1_4	Staphylococcus_aureus	gyrA	84.0	12.0	G/S	0.0	0.0	L	12.0	1.0	1.0	True	G/S84L(100%)	L:12													Staphylococcus_aureus_gyrA_84.0_G/S->L	True	True
ZJH_N54_2_2	Staphylococcus_aureus	parE	470.0	16.0	Y	0.0	0.0	N	16.0	1.0	1.0	True	Y470N(100%)	N:16													Staphylococcus_aureus_parE_470.0_Y->N	True	True
ZJH_N54_2_4	Klebsiella_pneumoniae	gyrA	154.0	36.0	K	0.0	0.0	R	36.0	1.0	1.0	True	K154R(100%)	R:36													Klebsiella_pneumoniae_gyrA_154.0_K->R	True	True
ZJH_N54_2_4	Staphylococcus_aureus	parE	470.0	286.0	Y	0.0	0.0	N	284.0	0.993	0.993	True	Y470N(99%)	I:2;N:284													Staphylococcus_aureus_parE_470.0_Y->N	True	True
ZJH_N54_2_4	Staphylococcus_aureus	gyrA	84.0	311.0	G/S	0.0	0.1222	L	264.0	0.8489	0.8489	True	G/S84L(84%)	F:8;L:264;S:38;T:1													Staphylococcus_aureus_gyrA_84.0_G/S->L	True	True
ZJH_N55_1_2	Enterococcus_faecium	gyrA	87.0	8.0	E/S	0.0	0.0	Y	8.0	1.0	1.0	True	E/S87Y(100%)	Y:8													Enterococcus_faecium_gyrA_87.0_E/S->Y	True	True
ZJH_N55_1_3	Enterococcus_faecium	gyrA	87.0	253.0	E/S	0.0	0.0	Y	253.0	1.0	1.0	True	E/S87Y(100%)	Y:253													Enterococcus_faecium_gyrA_87.0_E/S->Y	True	True
ZJH_N55_1_3	Enterococcus_faecalis	gyrA	87.0	442.0	E/S	0.0	0.0	K	438.0	0.991	0.991	True	E/S87K(99%)	K:438;N:4													Enterococcus_faecalis_gyrA_87.0_E/S->K	True	True
ZJH_N55_1_4	Staphylococcus_aureus	parC	80.0	6.0	E/R	0.0	0.0	S	6.0	1.0	1.0	True	E/R80S(100%)	S:6													Staphylococcus_aureus_parC_80.0_E/R->S	True	True
ZJH_N55_1_4	Enterococcus_faecalis	gyrA	87.0	2465.0	E/S	0.0	0.0	K	2446.0	0.9923	0.9923	True	E/S87K(99%)	K:2446;N:4;Q:8;R:1;T:2;V:4													Enterococcus_faecalis_gyrA_87.0_E/S->K	True	True
ZJH_N55_2_2	Enterococcus_faecium	gyrA	87.0	6.0	E/S	0.0	0.0	Y	6.0	1.0	1.0	True	E/S87Y(100%)	Y:6													Enterococcus_faecium_gyrA_87.0_E/S->Y	True	True
ZJH_N55_2_2	Enterococcus_faecalis	gyrA	87.0	11.0	E/S	0.0	0.0	K	11.0	1.0	1.0	True	E/S87K(100%)	K:11													Enterococcus_faecalis_gyrA_87.0_E/S->K	True	True
ZJH_N55_2_2	Streptococcus_oralis	gyrA	81.0	27.0	S	25.0	0.9259	F	2.0	0.0741	0.0741	True	S81F(7%)	F:2;S:25													Streptococcus_oralis_gyrA_81.0_S->F	False	False
ZJH_N55_2_2	Streptococcus_mitis	gyrA	81.0	27.0	S	25.0	0.9259	F	2.0	0.0741	0.0741	True	S81F(7%)	F:2;S:25													Streptococcus_mitis_gyrA_81.0_S->F	False	False
ZJH_N55_2_3	Klebsiella_oxytoca	parC	80.0	12.0	S	0.0	0.0	I	12.0	1.0	1.0	True	S80I(100%)	I:12													Klebsiella_oxytoca_parC_80.0_S->I	True	True
ZJH_N55_2_3	Escherichia_coli	parC	56.0	20.0	S	0.0	0.0	T	20.0	1.0	1.0	True	S56T(100%)	T:20													Escherichia_coli_parC_56.0_S->T	True	True
ZJH_N55_2_3	Klebsiella_pneumoniae	gyrA	87.0	8.0	D/S	0.0	0.0	N	8.0	1.0	1.0	True	D/S87N(100%)	N:8													Klebsiella_pneumoniae_gyrA_87.0_D/S->N	True	True
ZJH_N55_2_4	Enterococcus_faecium	gyrA	87.0	12.0	E/S	0.0	0.0	Y	12.0	1.0	1.0	True	E/S87Y(100%)	Y:12													Enterococcus_faecium_gyrA_87.0_E/S->Y	True	True
ZJH_N55_2_4	Pseudomonas_aeruginosa	gyrA	87.0	103.0	D/S	0.0	0.0	N	103.0	1.0	1.0	True	D/S87N(100%)	N:103													Pseudomonas_aeruginosa_gyrA_87.0_D/S->N	True	True
ZJH_N55_2_4	Klebsiella_pneumoniae	gyrA	154.0	27.0	K	0.0	0.0	R	27.0	1.0	1.0	True	K154R(100%)	R:27													Klebsiella_pneumoniae_gyrA_154.0_K->R	True	True
ZJH_N55_2_4	Klebsiella_oxytoca	parC	80.0	563.0	S	32.0	0.0568	I	528.0	0.9378	0.9378	True	S80I(93%)	F:1;I:528;L:2;S:32													Klebsiella_oxytoca_parC_80.0_S->I	True	True
ZJH_N55_2_4	Escherichia_coli	parC	56.0	1078.0	S	0.0	0.0	T	1004.0	0.9314	0.9314	True	S56T(93%)	A:70;N:4;T:1004													Escherichia_coli_parC_56.0_S->T	True	True
ZJH_N55_2_4	Klebsiella_pneumoniae	gyrA	83.0	430.0	D/S	0.0	0.1023	L	385.0	0.8953	0.8953	True	D/S83L(89%)	L:385;M:1;S:44													Klebsiella_pneumoniae_gyrA_83.0_D/S->L	True	True
ZJH_N55_2_4	Klebsiella_pneumoniae	gyrA	87.0	510.0	D/S	50.0	0.098	N	452.0	0.8863	0.8863	True	D/S87N(88%)	D:50;E:2;N:452;T:6													Klebsiella_pneumoniae_gyrA_87.0_D/S->N	True	True
ZJH_N56_1_2	Staphylococcus_aureus	parE	432.0	6.0	D/S	0.0	0.0	V	6.0	1.0	1.0	True	D/S432V(100%)	V:6													Staphylococcus_aureus_parE_432.0_D/S->V	True	True
ZJH_N56_2_2	Staphylococcus_aureus	parE	432.0	77.0	D/S	0.0	0.0	V	77.0	1.0	1.0	True	D/S432V(100%)	V:77													Staphylococcus_aureus_parE_432.0_D/S->V	True	True
ZJH_N56_2_2	Staphylococcus_aureus	parE	470.0	70.0	Y	0.0	0.0	N	70.0	1.0	1.0	True	Y470N(100%)	N:70													Staphylococcus_aureus_parE_470.0_Y->N	True	True
ZJH_N56_2_2	Streptococcus_mitis	parC	79.0	8.0	S	0.0	0.0	I	8.0	1.0	1.0	True	S79I(100%)	I:8													Streptococcus_mitis_parC_79.0_S->I	True	True
ZJH_N56_2_2	Enterococcus_faecium	gyrA	87.0	12.0	E/S	0.0	0.0	Y	12.0	1.0	1.0	True	E/S87Y(100%)	Y:12													Enterococcus_faecium_gyrA_87.0_E/S->Y	True	True
ZJH_N56_2_3	Klebsiella_oxytoca	parC	80.0	16.0	S	0.0	0.0	I	16.0	1.0	1.0	True	S80I(100%)	I:16													Klebsiella_oxytoca_parC_80.0_S->I	True	True
ZJH_N56_2_4	Streptococcus_mitis	parC	79.0	30.0	S	0.0	0.0	I	30.0	1.0	1.0	True	S79I(100%)	I:30													Streptococcus_mitis_parC_79.0_S->I	True	True
ZJH_N56_2_4	Klebsiella_pneumoniae	gyrA	154.0	146.0	K	0.0	0.0	R	146.0	1.0	1.0	True	K154R(100%)	R:146													Klebsiella_pneumoniae_gyrA_154.0_K->R	True	True
ZJH_N56_2_4	Klebsiella_oxytoca	parC	80.0	222.0	S	105.0	0.473	I	117.0	0.527	0.527	True	S80I(52%)	I:117;S:105													Klebsiella_oxytoca_parC_80.0_S->I	False	True
ZJH_N56_2_4	Streptococcus_oralis	gyrA	81.0	26.0	S	14.0	0.5385	Y	12.0	0.4615	0.4615	True	S81Y(46%)	S:14;Y:12													Streptococcus_oralis_gyrA_81.0_S->Y	False	True
ZJH_N56_2_4	Pseudomonas_aeruginosa	gyrA	87.0	59.0	D/S	35.0	0.5932	N	24.0	0.4068	0.4068	True	D/S87N(40%)	D:35;N:24													Pseudomonas_aeruginosa_gyrA_87.0_D/S->N	False	True
ZJH_N56_2_4	Klebsiella_pneumoniae	gyrA	87.0	296.0	D/S	182.0	0.6149	N	114.0	0.3851	0.3851	True	D/S87N(38%)	D:182;N:114													Klebsiella_pneumoniae_gyrA_87.0_D/S->N	False	True
ZJH_N56_2_4	Klebsiella_pneumoniae	gyrA	83.0	267.0	D/S	0.0	0.6442	L	95.0	0.3558	0.3558	True	D/S83L(35%)	L:95;S:172													Klebsiella_pneumoniae_gyrA_83.0_D/S->L	False	True
ZJH_N57_1_4	Klebsiella_pneumoniae	gyrA	154.0	211.0	K	0.0	0.0	R	210.0	0.9953	0.9953	True	K154R(99%)	C:1;R:210													Klebsiella_pneumoniae_gyrA_154.0_K->R	True	True
ZJH_N57_1_4	Pseudomonas_aeruginosa	gyrA	87.0	85.0	D/S	33.0	0.3882	N	52.0	0.6118	0.6118	True	D/S87N(61%)	D:33;N:52													Pseudomonas_aeruginosa_gyrA_87.0_D/S->N	False	True
ZJH_N57_1_4	Klebsiella_oxytoca	parC	80.0	626.0	S	352.0	0.5623	I	273.0	0.4361	0.4361	True	S80I(43%)	I:273;N:1;S:352													Klebsiella_oxytoca_parC_80.0_S->I	False	True
ZJH_N57_1_4	Klebsiella_pneumoniae	gyrA	87.0	577.0	D/S	375.0	0.6499	N	200.0	0.3466	0.3466	True	D/S87N(34%)	D:375;I:2;N:200													Klebsiella_pneumoniae_gyrA_87.0_D/S->N	False	True
ZJH_N57_1_4	Klebsiella_pneumoniae	gyrA	83.0	543.0	D/S	0.0	0.6796	L	174.0	0.3204	0.3204	True	D/S83L(32%)	L:174;S:369													Klebsiella_pneumoniae_gyrA_83.0_D/S->L	False	True
ZJH_N57_1_4	Escherichia_coli	parC	78.0	695.0	A/G	0.0	0.9871	I	4.0	0.0058	0.0043	True	A/G78D(0%)	D:3;G:686;I:4;R:2													Escherichia_coli_parC_78.0_A/G->I	False	False
ZJH_N57_1_4	Escherichia_coli	parE	475.0	921.0	D	914.0	0.9924	S	4.0	0.0043	0.0022	True	D475V(0%)	D:914;E:1;S:4;V:2													Escherichia_coli_parE_475.0_D->S	False	False
ZJH_N58_1_4	Klebsiella_pneumoniae	gyrA	154.0	43.0	K	0.0	0.0	R	42.0	0.9767	0.9767	True	K154R(97%)	C:1;R:42													Klebsiella_pneumoniae_gyrA_154.0_K->R	True	True
ZJH_N58_1_4	Klebsiella_pneumoniae	gyrA	87.0	168.0	D/S	64.0	0.381	N	102.0	0.6071	0.6071	True	D/S87N(60%)	D:64;E:2;N:102													Klebsiella_pneumoniae_gyrA_87.0_D/S->N	False	True
ZJH_N58_1_4	Klebsiella_oxytoca	parC	80.0	760.0	S	630.0	0.8289	I	128.0	0.1684	0.1684	True	S80I(16%)	C:2;I:128;S:630													Klebsiella_oxytoca_parC_80.0_S->I	False	True
ZJH_N58_1_4	Escherichia_coli	parE	458.0	914.0	D/S	0.0	0.9989	A	1.0	0.0011	0.0011	True	D/S458A(0%)	A:1;S:913													Escherichia_coli_parE_458.0_D/S->A	False	False
ZJH_N58_2_2	Streptococcus_mitis	parC	79.0	12.0	S	0.0	0.0	I	12.0	1.0	1.0	True	S79I(100%)	I:12													Streptococcus_mitis_parC_79.0_S->I	True	True
ZJH_N58_2_3	Enterococcus_faecalis	gyrA	87.0	8.0	E/S	0.0	0.0	K	8.0	1.0	1.0	True	E/S87K(100%)	K:8													Enterococcus_faecalis_gyrA_87.0_E/S->K	True	True
ZJH_N58_2_3	Klebsiella_pneumoniae	gyrA	83.0	78.0	D/S	0.0	0.0	L	78.0	1.0	1.0	True	D/S83L(100%)	L:78													Klebsiella_pneumoniae_gyrA_83.0_D/S->L	True	True
ZJH_N58_2_3	Klebsiella_pneumoniae	gyrA	87.0	92.0	D/S	0.0	0.0	N	92.0	1.0	1.0	True	D/S87N(100%)	N:92													Klebsiella_pneumoniae_gyrA_87.0_D/S->N	True	True
ZJH_N58_2_3	Enterococcus_faecium	gyrA	87.0	13.0	E/S	0.0	0.0	Y	13.0	1.0	1.0	True	E/S87Y(100%)	Y:13													Enterococcus_faecium_gyrA_87.0_E/S->Y	True	True
ZJH_N58_2_3	Pseudomonas_aeruginosa	gyrA	87.0	16.0	D/S	0.0	0.0	N	16.0	1.0	1.0	True	D/S87N(100%)	N:16													Pseudomonas_aeruginosa_gyrA_87.0_D/S->N	True	True
ZJH_N58_2_3	Klebsiella_oxytoca	parC	80.0	158.0	S	32.0	0.2025	I	126.0	0.7975	0.7975	True	S80I(79%)	I:126;S:32													Klebsiella_oxytoca_parC_80.0_S->I	True	True
ZJH_N58_2_3	Staphylococcus_aureus	gyrA	84.0	14.0	G/S	0.0	0.4286	Y	8.0	0.5714	0.5714	True	G/S84Y(57%)	S:6;Y:8													Staphylococcus_aureus_gyrA_84.0_G/S->Y	False	True
ZJH_N58_2_4	Klebsiella_pneumoniae	gyrA	154.0	159.0	K	0.0	0.0	R	159.0	1.0	1.0	True	K154R(100%)	R:159													Klebsiella_pneumoniae_gyrA_154.0_K->R	True	True
ZJH_N58_2_4	Pseudomonas_aeruginosa	gyrA	87.0	29.0	D/S	0.0	0.0	N	29.0	1.0	1.0	True	D/S87N(100%)	N:29													Pseudomonas_aeruginosa_gyrA_87.0_D/S->N	True	True
ZJH_N58_2_4	Streptococcus_mitis	parC	79.0	23.0	S	0.0	0.0	I	23.0	1.0	1.0	True	S79I(100%)	I:23													Streptococcus_mitis_parC_79.0_S->I	True	True
ZJH_N58_2_4	Klebsiella_oxytoca	parC	80.0	336.0	S	121.0	0.3601	I	215.0	0.6399	0.6399	True	S80I(63%)	I:215;S:121													Klebsiella_oxytoca_parC_80.0_S->I	False	True
ZJH_N58_2_4	Klebsiella_pneumoniae	gyrA	87.0	389.0	D/S	215.0	0.5527	N	174.0	0.4473	0.4473	True	D/S87N(44%)	D:215;N:174													Klebsiella_pneumoniae_gyrA_87.0_D/S->N	False	True
ZJH_N58_2_4	Klebsiella_pneumoniae	gyrA	83.0	356.0	D/S	0.0	0.5955	L	144.0	0.4045	0.4045	True	D/S83L(40%)	L:144;S:212													Klebsiella_pneumoniae_gyrA_83.0_D/S->L	False	True
ZJH_N58_2_4	Staphylococcus_aureus	gyrA	84.0	417.0	G/S	0.0	0.9305	Y	27.0	0.0647	0.0647	True	G/S84Y(6%)	A:1;S:388;T:1;Y:27													Staphylococcus_aureus_gyrA_84.0_G/S->Y	False	False
ZJH_N59_1_4	Klebsiella_oxytoca	parC	80.0	649.0	S	646.0	0.9954	R	3.0	0.0046	0.0046	True	S80R(0%)	R:3;S:646													Klebsiella_oxytoca_parC_80.0_S->R	False	False
ZJH_N59_1_4	Escherichia_coli	parC	78.0	669.0	A/G	0.0	0.994	V	2.0	0.003	0.003	True	A/G78V(0%)	C:2;G:665;V:2													Escherichia_coli_parC_78.0_A/G->V	False	False
