sample_name	species	likely_resistant	fq_resistance_mutations	qrdr_mutations	genes_affected
N01_1_2	Enterococcus_faecalis	False	0	21	gyrA,gyrB,parC,parE
N01_1_2	Enterococcus_faecium	False	0	20	gyrA,gyrB,parC,parE
N01_1_2	Escherichia_coli	False	0	13	gyrA,gyrB,parC,parE
N01_1_2	Klebsiella_oxytoca	False	0	8	gyrA,gyrB,parC,parE
N01_1_2	Klebsiella_pneumoniae	False	0	9	gyrA,gyrB,parE
N01_1_2	Pseudomonas_aeruginosa	True	2	21	gyrA,gyrB,parC,parE
N01_1_2	Staphylococcus_aureus	True	39	389	gyrA,gyrB,parC,parE
N01_1_2	Streptococcus_mitis	False	0	3	gyrA,gyrB,parC,parE
N01_1_2	Streptococcus_oralis	False	0	4	gyrA,gyrB,parC,parE
N01_1_2	Streptococcus_pneumoniae	False	0	9	gyrA,gyrB,parC,parE
N01_1_3	Enterococcus_faecalis	False	0	29	gyrA,gyrB,parC,parE
N01_1_3	Enterococcus_faecium	False	0	24	gyrA,gyrB,parC,parE
N01_1_3	Escherichia_coli	False	0	13	gyrA,gyrB,parE
N01_1_3	Klebsiella_oxytoca	False	0	5	gyrA,gyrB,parC,parE
N01_1_3	Klebsiella_pneumoniae	False	0	1	gyrA,gyrB,parE
N01_1_3	Pseudomonas_aeruginosa	False	0	10	gyrA,gyrB,parC,parE
N01_1_3	Staphylococcus_aureus	True	34	433	gyrA,gyrB,parC,parE
N01_1_3	Streptococcus_mitis	True	1	2	gyrA,gyrB,parC,parE
N01_1_3	Streptococcus_oralis	True	1	13	gyrA,gyrB,parC,parE
N01_1_3	Streptococcus_pneumoniae	False	0	18	gyrA,gyrB,parC,parE
N01_1_4	Enterococcus_faecalis	True	1	159	gyrA,gyrB,parC,parE
N01_1_4	Enterococcus_faecium	True	1	392	gyrA,gyrB,parC,parE
N01_1_4	Escherichia_coli	True	3	163	gyrA,gyrB,parC,parE
N01_1_4	Klebsiella_oxytoca	False	0	75	gyrA,gyrB,parC,parE
N01_1_4	Klebsiella_pneumoniae	False	0	97	gyrA,gyrB,parE
N01_1_4	Pseudomonas_aeruginosa	False	0	45	gyrA,gyrB,parC,parE
N01_1_4	Staphylococcus_aureus	True	778	2490	gyrA,gyrB,parC,parE
N01_1_4	Streptococcus_mitis	False	0	167	gyrA,gyrB,parC,parE
N01_1_4	Streptococcus_oralis	False	0	201	gyrA,gyrB,parC,parE
N01_1_4	Streptococcus_pneumoniae	False	0	185	gyrA,gyrB,parC,parE
N01_2_2	Enterococcus_faecalis	False	0	18	gyrA,gyrB,parC,parE
N01_2_2	Enterococcus_faecium	False	0	15	gyrA,gyrB,parC,parE
N01_2_2	Escherichia_coli	False	0	6	gyrA,gyrB,parC,parE
N01_2_2	Klebsiella_oxytoca	False	0	2	gyrA,gyrB,parC,parE
N01_2_2	Klebsiella_pneumoniae	False	0	6	gyrA,gyrB,parE
N01_2_2	Pseudomonas_aeruginosa	True	1	48	gyrA,gyrB,parC,parE
N01_2_2	Staphylococcus_aureus	True	223	2736	gyrA,gyrB,parC,parE
N01_2_2	Streptococcus_mitis	True	13	29	gyrA,gyrB,parC,parE
N01_2_2	Streptococcus_oralis	True	13	64	gyrA,gyrB,parC,parE
N01_2_2	Streptococcus_pneumoniae	False	0	54	gyrA,gyrB,parC,parE
N01_2_3	Enterococcus_faecalis	True	1	71	gyrA,gyrB,parC,parE
N01_2_3	Enterococcus_faecium	True	1	86	gyrA,gyrB,parC,parE
N01_2_3	Escherichia_coli	True	2	175	gyrA,gyrB,parC,parE
N01_2_3	Klebsiella_oxytoca	False	0	158	gyrA,gyrB,parC,parE
N01_2_3	Klebsiella_pneumoniae	True	3	130	gyrA,gyrB,parE
N01_2_3	Pseudomonas_aeruginosa	False	0	54	gyrA,gyrB,parC,parE
N01_2_3	Staphylococcus_aureus	True	91	571	gyrA,gyrB,parC,parE
N01_2_3	Streptococcus_mitis	False	0	30	gyrA,gyrB,parC,parE
N01_2_3	Streptococcus_oralis	False	0	73	gyrA,gyrB,parC,parE
N01_2_3	Streptococcus_pneumoniae	False	0	56	gyrA,gyrB,parC,parE
N01_2_4	Enterococcus_faecalis	True	1	202	gyrA,gyrB,parC,parE
N01_2_4	Enterococcus_faecium	True	1	516	gyrA,gyrB,parC,parE
N01_2_4	Escherichia_coli	True	2	537	gyrA,gyrB,parC,parE
N01_2_4	Klebsiella_oxytoca	True	4	356	gyrA,gyrB,parC,parE
N01_2_4	Klebsiella_pneumoniae	True	2	342	gyrA,gyrB,parE
N01_2_4	Pseudomonas_aeruginosa	False	0	79	gyrA,gyrB,parC,parE
N01_2_4	Staphylococcus_aureus	False	0	442	gyrA,gyrB,parC,parE
N01_2_4	Streptococcus_mitis	False	0	177	gyrA,gyrB,parC,parE
N01_2_4	Streptococcus_oralis	False	0	257	gyrA,gyrB,parC,parE
N01_2_4	Streptococcus_pneumoniae	False	0	194	gyrA,gyrB,parC,parE
N02_1_2	Enterococcus_faecalis	False	0	41	gyrA,gyrB,parC,parE
N02_1_2	Enterococcus_faecium	False	0	24	gyrA,gyrB,parC,parE
N02_1_2	Escherichia_coli	False	0	21	gyrA,gyrB,parC,parE
N02_1_2	Klebsiella_oxytoca	False	0	9	gyrA,gyrB,parC,parE
N02_1_2	Klebsiella_pneumoniae	False	0	20	gyrA,gyrB,parE
N02_1_2	Pseudomonas_aeruginosa	False	0	65	gyrA,gyrB,parC,parE
N02_1_2	Staphylococcus_aureus	True	65	441	gyrA,gyrB,parC,parE
N02_1_2	Streptococcus_mitis	False	0	13	gyrA,gyrB,parC,parE
N02_1_2	Streptococcus_oralis	False	0	59	gyrA,gyrB,parC,parE
N02_1_2	Streptococcus_pneumoniae	False	0	43	gyrA,gyrB,parC,parE
N02_1_3	Enterococcus_faecalis	False	0	14	gyrA,gyrB,parE
N02_1_3	Enterococcus_faecium	False	0	14	gyrA,parE
N02_1_3	Escherichia_coli	False	0	6	gyrA,gyrB,parC,parE
N02_1_3	Klebsiella_oxytoca	False	0	2	gyrB,parE
N02_1_3	Klebsiella_pneumoniae	False	0	2	gyrB,parE
N02_1_3	Pseudomonas_aeruginosa	False	0	2	gyrA,gyrB,parC,parE
N02_1_3	Staphylococcus_aureus	True	6	51	gyrA,gyrB,parC,parE
N02_1_3	Streptococcus_mitis	False	0	2	gyrA,gyrB,parC
N02_1_3	Streptococcus_oralis	False	0	5	gyrA,gyrB,parC,parE
N02_1_3	Streptococcus_pneumoniae	False	0	14	gyrA,gyrB,parC
N02_1_4	Enterococcus_faecalis	True	4	282	gyrA,gyrB,parC,parE
N02_1_4	Enterococcus_faecium	True	1	1654	gyrA,gyrB,parC,parE
N02_1_4	Escherichia_coli	False	0	156	gyrA,gyrB,parC,parE
N02_1_4	Klebsiella_oxytoca	False	0	111	gyrA,gyrB,parC,parE
N02_1_4	Klebsiella_pneumoniae	True	2	124	gyrA,gyrB,parE
N02_1_4	Pseudomonas_aeruginosa	True	4	129	gyrA,gyrB,parC,parE
N02_1_4	Staphylococcus_aureus	True	263	779	gyrA,gyrB,parC,parE
N02_1_4	Streptococcus_mitis	False	0	674	gyrA,gyrB,parC,parE
N02_1_4	Streptococcus_oralis	False	0	855	gyrA,gyrB,parC,parE
N02_1_4	Streptococcus_pneumoniae	False	0	685	gyrA,gyrB,parC,parE
N02_2_2	Enterococcus_faecalis	False	0	53	gyrA,gyrB,parC,parE
N02_2_2	Enterococcus_faecium	False	0	35	gyrA,gyrB,parC,parE
N02_2_2	Escherichia_coli	False	0	36	gyrA,gyrB,parC,parE
N02_2_2	Klebsiella_oxytoca	True	1	19	gyrA,gyrB,parC,parE
N02_2_2	Klebsiella_pneumoniae	True	1	25	gyrA,gyrB,parE
N02_2_2	Pseudomonas_aeruginosa	False	0	90	gyrA,gyrB,parC,parE
N02_2_2	Staphylococcus_aureus	True	29	406	gyrA,gyrB,parC,parE
N02_2_2	Streptococcus_mitis	False	0	7	gyrA,gyrB,parC,parE
N02_2_2	Streptococcus_oralis	False	0	107	gyrA,gyrB,parC,parE
N02_2_2	Streptococcus_pneumoniae	False	0	85	gyrA,gyrB,parC,parE
N02_2_3	Enterococcus_faecalis	True	1	36	gyrA,gyrB,parC,parE
N02_2_3	Enterococcus_faecium	False	0	28	gyrA,gyrB,parC,parE
N02_2_3	Escherichia_coli	True	5	68	gyrA,gyrB,parC,parE
N02_2_3	Klebsiella_oxytoca	False	0	49	gyrA,gyrB,parC,parE
N02_2_3	Klebsiella_pneumoniae	True	1	60	gyrA,gyrB,parE
N02_2_3	Pseudomonas_aeruginosa	False	0	5	gyrA,gyrB,parC,parE
N02_2_3	Staphylococcus_aureus	False	0	65	gyrA,gyrB,parC,parE
N02_2_3	Streptococcus_mitis	False	0	7	gyrA,gyrB,parC,parE
N02_2_3	Streptococcus_oralis	False	0	17	gyrA,gyrB,parC,parE
N02_2_3	Streptococcus_pneumoniae	False	0	14	gyrA,gyrB,parC,parE
N02_2_4	Enterococcus_faecalis	True	6	212	gyrA,gyrB,parC,parE
N02_2_4	Enterococcus_faecium	True	2	552	gyrA,gyrB,parC,parE
N02_2_4	Escherichia_coli	True	3	422	gyrA,gyrB,parC,parE
N02_2_4	Klebsiella_oxytoca	False	0	211	gyrA,gyrB,parC,parE
N02_2_4	Klebsiella_pneumoniae	True	1	255	gyrA,gyrB,parE
N02_2_4	Pseudomonas_aeruginosa	False	0	119	gyrA,gyrB,parC,parE
N02_2_4	Staphylococcus_aureus	True	12	445	gyrA,gyrB,parC,parE
N02_2_4	Streptococcus_mitis	False	0	239	gyrA,gyrB,parC,parE
N02_2_4	Streptococcus_oralis	False	0	294	gyrA,gyrB,parC,parE
N02_2_4	Streptococcus_pneumoniae	False	0	240	gyrA,gyrB,parC,parE
N03_1_4	Enterococcus_faecalis	True	1	628	gyrA,gyrB,parC,parE
N03_1_4	Enterococcus_faecium	True	1	1493	gyrA,gyrB,parC,parE
N03_1_4	Escherichia_coli	False	0	548	gyrA,gyrB,parC,parE
N03_1_4	Klebsiella_oxytoca	False	0	142	gyrA,gyrB,parC,parE
N03_1_4	Klebsiella_pneumoniae	True	1	253	gyrA,gyrB,parE
N03_1_4	Pseudomonas_aeruginosa	True	8	258	gyrA,gyrB,parE
N03_1_4	Staphylococcus_aureus	True	135	1913	gyrA,gyrB,parC,parE
N03_1_4	Streptococcus_mitis	False	0	247	gyrA,gyrB,parC,parE
N03_1_4	Streptococcus_oralis	False	0	413	gyrA,gyrB,parC,parE
N03_1_4	Streptococcus_pneumoniae	False	0	414	gyrA,gyrB,parC,parE
N03_2_2	Enterococcus_faecalis	False	0	100	gyrA,gyrB,parC,parE
N03_2_2	Enterococcus_faecium	True	1	54	gyrA,gyrB,parC,parE
N03_2_2	Escherichia_coli	False	0	113	gyrA,gyrB,parC,parE
N03_2_2	Klebsiella_oxytoca	False	0	4	gyrA,gyrB,parE
N03_2_2	Klebsiella_pneumoniae	False	0	101	gyrA,gyrB,parE
N03_2_2	Pseudomonas_aeruginosa	False	0	205	gyrA,gyrB,parC,parE
N03_2_2	Staphylococcus_aureus	True	6	323	gyrA,gyrB,parC,parE
N03_2_2	Streptococcus_mitis	False	0	16	gyrA,gyrB,parC,parE
N03_2_2	Streptococcus_oralis	False	0	186	gyrA,gyrB,parC,parE
N03_2_2	Streptococcus_pneumoniae	False	0	160	gyrA,gyrB,parC,parE
N03_2_3	Enterococcus_faecalis	False	0	24	gyrA,gyrB,parC,parE
N03_2_3	Enterococcus_faecium	True	1	39	gyrA,gyrB,parC,parE
N03_2_3	Escherichia_coli	False	0	7	gyrA,gyrB,parC
N03_2_3	Klebsiella_oxytoca	False	0	1	gyrA,gyrB,parC
N03_2_3	Klebsiella_pneumoniae	False	0	2	gyrA,gyrB
N03_2_3	Pseudomonas_aeruginosa	False	0	20	gyrA,gyrB,parC,parE
N03_2_3	Staphylococcus_aureus	False	0	117	gyrA,gyrB,parC,parE
N03_2_3	Streptococcus_mitis	False	0	8	gyrA,gyrB,parC,parE
N03_2_3	Streptococcus_oralis	False	0	31	gyrA,gyrB,parC,parE
N03_2_3	Streptococcus_pneumoniae	False	0	30	gyrA,gyrB,parC,parE
N03_2_4	Enterococcus_faecalis	True	1	792	gyrA,gyrB,parC,parE
N03_2_4	Enterococcus_faecium	True	3	1950	gyrA,gyrB,parC,parE
N03_2_4	Escherichia_coli	False	0	395	gyrA,gyrB,parC,parE
N03_2_4	Klebsiella_oxytoca	False	0	225	gyrA,gyrB,parC,parE
N03_2_4	Klebsiella_pneumoniae	True	1	193	gyrA,gyrB,parE
N03_2_4	Pseudomonas_aeruginosa	True	10	306	gyrA,gyrB,parC,parE
N03_2_4	Staphylococcus_aureus	True	3	981	gyrA,gyrB,parC,parE
N03_2_4	Streptococcus_mitis	False	0	366	gyrA,gyrB,parC,parE
N03_2_4	Streptococcus_oralis	False	0	580	gyrA,gyrB,parC,parE
N03_2_4	Streptococcus_pneumoniae	False	0	474	gyrA,gyrB,parC,parE
N04_1_2	Enterococcus_faecalis	False	0	15	gyrA,gyrB,parC,parE
N04_1_2	Enterococcus_faecium	False	0	16	gyrA,gyrB,parC,parE
N04_1_2	Escherichia_coli	False	0	32	gyrA,gyrB,parE
N04_1_2	Klebsiella_oxytoca	False	0	0	gyrA,gyrB
N04_1_2	Klebsiella_pneumoniae	False	0	8	gyrA,gyrB
N04_1_2	Pseudomonas_aeruginosa	False	0	19	gyrA,gyrB,parC,parE
N04_1_2	Staphylococcus_aureus	True	42	424	gyrA,gyrB,parC,parE
N04_1_2	Streptococcus_mitis	True	1	5	gyrA,gyrB,parC,parE
N04_1_2	Streptococcus_oralis	True	1	17	gyrA,gyrB,parC,parE
N04_1_2	Streptococcus_pneumoniae	False	0	22	gyrA,gyrB,parC,parE
N04_1_3	Enterococcus_faecalis	False	0	158	gyrA,gyrB,parC,parE
N04_1_3	Enterococcus_faecium	True	1	174	gyrA,gyrB,parC,parE
N04_1_3	Escherichia_coli	True	1	114	gyrA,gyrB,parC,parE
N04_1_3	Klebsiella_oxytoca	False	0	53	gyrA,gyrB,parC,parE
N04_1_3	Klebsiella_pneumoniae	True	1	62	gyrA,gyrB,parE
N04_1_3	Pseudomonas_aeruginosa	True	2	110	gyrA,gyrB,parC,parE
N04_1_3	Staphylococcus_aureus	True	9	418	gyrA,gyrB,parC,parE
N04_1_3	Streptococcus_mitis	False	0	28	gyrA,gyrB,parC,parE
N04_1_3	Streptococcus_oralis	False	0	106	gyrA,gyrB,parC,parE
N04_1_3	Streptococcus_pneumoniae	False	0	142	gyrA,gyrB,parC,parE
N04_1_4	Enterococcus_faecalis	True	1	309	gyrA,gyrB,parC,parE
N04_1_4	Enterococcus_faecium	True	1	642	gyrA,gyrB,parC,parE
N04_1_4	Escherichia_coli	False	0	470	gyrA,gyrB,parC,parE
N04_1_4	Klebsiella_oxytoca	False	0	152	gyrA,gyrB,parC,parE
N04_1_4	Klebsiella_pneumoniae	True	59	256	gyrA,gyrB,parE
N04_1_4	Pseudomonas_aeruginosa	True	21	283	gyrA,gyrB,parC,parE
N04_1_4	Staphylococcus_aureus	True	23	424	gyrA,gyrB,parC,parE
N04_1_4	Streptococcus_mitis	False	0	313	gyrA,gyrB,parC,parE
N04_1_4	Streptococcus_oralis	False	0	403	gyrA,gyrB,parC,parE
N04_1_4	Streptococcus_pneumoniae	False	0	334	gyrA,gyrB,parC,parE
N04_2_2	Enterococcus_faecalis	False	0	34	gyrA,gyrB,parC,parE
N04_2_2	Enterococcus_faecium	False	0	4	gyrA,parC,parE
N04_2_2	Escherichia_coli	False	0	41	gyrA,gyrB,parC,parE
N04_2_2	Klebsiella_oxytoca	False	0	0	gyrA,gyrB,parC
N04_2_2	Klebsiella_pneumoniae	False	0	27	gyrA,gyrB
N04_2_2	Pseudomonas_aeruginosa	False	0	75	gyrA,gyrB,parC,parE
N04_2_2	Staphylococcus_aureus	True	6	186	gyrA,gyrB,parC,parE
N04_2_2	Streptococcus_mitis	False	0	4	gyrA,gyrB,parC,parE
N04_2_2	Streptococcus_oralis	False	0	60	gyrA,gyrB,parC,parE
N04_2_2	Streptococcus_pneumoniae	False	0	61	gyrA,gyrB,parC,parE
N04_2_3	Enterococcus_faecalis	True	1	56	gyrA,gyrB,parC,parE
N04_2_3	Enterococcus_faecium	True	1	88	gyrA,gyrB,parC,parE
N04_2_3	Escherichia_coli	False	0	27	gyrA,gyrB
N04_2_3	Klebsiella_oxytoca	False	0	0	gyrA,gyrB,parE
N04_2_3	Klebsiella_pneumoniae	False	0	18	gyrA,gyrB,parE
N04_2_3	Pseudomonas_aeruginosa	False	0	77	gyrA,gyrB,parC,parE
N04_2_3	Staphylococcus_aureus	True	17	185	gyrA,gyrB,parC,parE
N04_2_3	Streptococcus_mitis	False	0	46	gyrA,gyrB,parC,parE
N04_2_3	Streptococcus_oralis	False	0	87	gyrA,gyrB,parC,parE
N04_2_3	Streptococcus_pneumoniae	False	0	65	gyrA,gyrB,parC,parE
N04_2_4	Enterococcus_faecalis	True	4	406	gyrA,gyrB,parC,parE
N04_2_4	Enterococcus_faecium	True	1	915	gyrA,gyrB,parC,parE
N04_2_4	Escherichia_coli	False	0	429	gyrA,gyrB,parC,parE
N04_2_4	Klebsiella_oxytoca	True	4	11	gyrA,gyrB,parC,parE
N04_2_4	Klebsiella_pneumoniae	False	0	100	gyrA,gyrB,parE
N04_2_4	Pseudomonas_aeruginosa	False	0	134	gyrA,gyrB,parC,parE
N04_2_4	Staphylococcus_aureus	True	15	574	gyrA,gyrB,parC,parE
N04_2_4	Streptococcus_mitis	False	0	350	gyrA,gyrB,parC,parE
N04_2_4	Streptococcus_oralis	False	0	453	gyrA,gyrB,parC,parE
N04_2_4	Streptococcus_pneumoniae	False	0	367	gyrA,gyrB,parC,parE
N05_1_2	Enterococcus_faecalis	False	0	34	gyrA,gyrB,parC,parE
N05_1_2	Enterococcus_faecium	False	0	16	gyrA,gyrB,parC,parE
N05_1_2	Escherichia_coli	False	0	39	gyrA,gyrB,parC,parE
N05_1_2	Klebsiella_oxytoca	False	0	38	gyrA,gyrB,parC,parE
N05_1_2	Klebsiella_pneumoniae	False	0	34	gyrA,gyrB,parE
N05_1_2	Pseudomonas_aeruginosa	False	0	30	gyrA,gyrB,parC,parE
N05_1_2	Staphylococcus_aureus	False	0	56	gyrA,gyrB,parC,parE
N05_1_2	Streptococcus_mitis	True	3	61	gyrA,gyrB,parC,parE
N05_1_2	Streptococcus_oralis	False	0	80	gyrA,gyrB,parC,parE
N05_1_2	Streptococcus_pneumoniae	False	0	55	gyrA,gyrB,parC,parE
N05_1_3	Enterococcus_faecalis	False	0	8	gyrA,gyrB,parC,parE
N05_1_3	Enterococcus_faecium	False	0	17	gyrA,gyrB,parC,parE
N05_1_3	Escherichia_coli	False	0	0	gyrA,gyrB
N05_1_3	Klebsiella_oxytoca	False	0	2	gyrA
N05_1_3	Klebsiella_pneumoniae	False	0	0	gyrA
N05_1_3	Pseudomonas_aeruginosa	False	0	2	gyrA,gyrB
N05_1_3	Staphylococcus_aureus	True	9	33	gyrA,gyrB,parC,parE
N05_1_3	Streptococcus_mitis	False	0	0	gyrA,gyrB,parC,parE
N05_1_3	Streptococcus_oralis	False	0	0	gyrA,gyrB,parC,parE
N05_1_3	Streptococcus_pneumoniae	False	0	0	gyrA,gyrB,parC,parE
N05_1_4	Enterococcus_faecalis	False	0	539	gyrA,gyrB,parC,parE
N05_1_4	Enterococcus_faecium	False	0	435	gyrA,gyrB,parC,parE
N05_1_4	Escherichia_coli	False	0	650	gyrA,gyrB,parC,parE
N05_1_4	Klebsiella_oxytoca	False	0	413	gyrA,gyrB,parC,parE
N05_1_4	Klebsiella_pneumoniae	False	0	222	gyrA,gyrB,parE
N05_1_4	Pseudomonas_aeruginosa	True	27	493	gyrA,gyrB,parC,parE
N05_1_4	Staphylococcus_aureus	True	65	1856	gyrA,gyrB,parC,parE
N05_1_4	Streptococcus_mitis	False	0	114	gyrA,gyrB,parC,parE
N05_1_4	Streptococcus_oralis	False	0	175	gyrA,gyrB,parC,parE
N05_1_4	Streptococcus_pneumoniae	False	0	151	gyrA,gyrB,parC,parE
N05_2_2	Enterococcus_faecalis	False	0	155	gyrA,gyrB,parC,parE
N05_2_2	Enterococcus_faecium	False	0	25	gyrA,gyrB,parC,parE
N05_2_2	Escherichia_coli	False	0	127	gyrA,gyrB,parC,parE
N05_2_2	Klebsiella_oxytoca	False	0	12	gyrA,gyrB,parC,parE
N05_2_2	Klebsiella_pneumoniae	False	0	108	gyrA,gyrB,parE
N05_2_2	Pseudomonas_aeruginosa	True	2	430	gyrA,gyrB,parC,parE
N05_2_2	Staphylococcus_aureus	False	0	393	gyrA,gyrB,parC,parE
N05_2_2	Streptococcus_mitis	False	0	34	gyrA,gyrB,parC,parE
N05_2_2	Streptococcus_oralis	False	0	316	gyrA,gyrB,parC,parE
N05_2_2	Streptococcus_pneumoniae	False	0	228	gyrA,gyrB,parC,parE
N05_2_3	Enterococcus_faecalis	False	0	99	gyrA,gyrB,parC,parE
N05_2_3	Enterococcus_faecium	True	1	132	gyrA,gyrB,parC,parE
N05_2_3	Escherichia_coli	True	4	152	gyrA,gyrB,parC,parE
N05_2_3	Klebsiella_oxytoca	False	0	197	gyrA,gyrB,parC,parE
N05_2_3	Klebsiella_pneumoniae	True	1	83	gyrA,gyrB,parE
N05_2_3	Pseudomonas_aeruginosa	False	0	44	gyrA,gyrB,parC,parE
N05_2_3	Staphylococcus_aureus	True	5	199	gyrA,gyrB,parC,parE
N05_2_3	Streptococcus_mitis	False	0	32	gyrA,gyrB,parC,parE
N05_2_3	Streptococcus_oralis	False	0	68	gyrA,gyrB,parC,parE
N05_2_3	Streptococcus_pneumoniae	False	0	62	gyrA,gyrB,parC,parE
N05_2_4	Enterococcus_faecalis	False	0	430	gyrA,gyrB,parC,parE
N05_2_4	Enterococcus_faecium	True	1	415	gyrA,gyrB,parC,parE
N05_2_4	Escherichia_coli	True	4	496	gyrA,gyrB,parC,parE
N05_2_4	Klebsiella_oxytoca	False	0	461	gyrA,gyrB,parC,parE
N05_2_4	Klebsiella_pneumoniae	False	0	167	gyrA,gyrB,parE
N05_2_4	Pseudomonas_aeruginosa	True	17	239	gyrA,gyrB,parC,parE
N05_2_4	Staphylococcus_aureus	True	7	1833	gyrA,gyrB,parC,parE
N05_2_4	Streptococcus_mitis	False	0	150	gyrA,gyrB,parC,parE
N05_2_4	Streptococcus_oralis	False	0	228	gyrA,gyrB,parC,parE
N05_2_4	Streptococcus_pneumoniae	False	0	173	gyrA,gyrB,parC,parE
N06_1_2	Enterococcus_faecalis	False	0	19	gyrA,gyrB,parC,parE
N06_1_2	Enterococcus_faecium	False	0	13	gyrA,gyrB,parC,parE
N06_1_2	Escherichia_coli	False	0	6	gyrA,gyrB,parC,parE
N06_1_2	Klebsiella_oxytoca	False	0	0	gyrA,gyrB,parC,parE
N06_1_2	Klebsiella_pneumoniae	False	0	2	gyrA,gyrB,parE
N06_1_2	Pseudomonas_aeruginosa	False	0	11	gyrA,gyrB,parC,parE
N06_1_2	Staphylococcus_aureus	True	168	2233	gyrA,gyrB,parC,parE
N06_1_2	Streptococcus_mitis	True	5	15	gyrA,gyrB,parC,parE
N06_1_2	Streptococcus_oralis	True	5	32	gyrA,gyrB,parC,parE
N06_1_2	Streptococcus_pneumoniae	False	0	32	gyrA,gyrB,parC,parE
N06_1_3	Enterococcus_faecalis	False	0	12	gyrA,gyrB,parC,parE
N06_1_3	Enterococcus_faecium	False	0	9	gyrA,gyrB,parC,parE
N06_1_3	Escherichia_coli	True	4	54	gyrA,gyrB,parC,parE
N06_1_3	Klebsiella_oxytoca	False	0	19	gyrA,gyrB,parC,parE
N06_1_3	Klebsiella_pneumoniae	True	5	29	gyrA,gyrB,parE
N06_1_3	Pseudomonas_aeruginosa	False	0	3	gyrA,gyrB,parC,parE
N06_1_3	Staphylococcus_aureus	True	7	60	gyrA,gyrB,parC,parE
N06_1_3	Streptococcus_mitis	False	0	0	gyrA,parC,parE
N06_1_3	Streptococcus_oralis	False	0	0	gyrA,gyrB,parC,parE
N06_1_3	Streptococcus_pneumoniae	False	0	0	gyrB,parC,parE
N06_1_4	Enterococcus_faecalis	False	0	267	gyrA,gyrB,parC,parE
N06_1_4	Enterococcus_faecium	False	0	202	gyrA,gyrB,parC,parE
N06_1_4	Escherichia_coli	False	0	554	gyrA,gyrB,parC,parE
N06_1_4	Klebsiella_oxytoca	False	0	88	gyrA,gyrB,parC,parE
N06_1_4	Klebsiella_pneumoniae	True	1	164	gyrA,gyrB,parE
N06_1_4	Pseudomonas_aeruginosa	True	5	210	gyrA,gyrB,parC,parE
N06_1_4	Staphylococcus_aureus	True	51	790	gyrA,gyrB,parC,parE
N06_1_4	Streptococcus_mitis	False	0	90	gyrA,gyrB,parC,parE
N06_1_4	Streptococcus_oralis	False	0	99	gyrA,gyrB,parC,parE
N06_1_4	Streptococcus_pneumoniae	False	0	99	gyrA,gyrB,parC,parE
N07_1_2	Enterococcus_faecalis	False	0	59	gyrA,gyrB,parC,parE
N07_1_2	Enterococcus_faecium	False	0	11	gyrA,gyrB
N07_1_2	Escherichia_coli	False	0	118	gyrA,gyrB,parC
N07_1_2	Klebsiella_oxytoca	False	0	0	gyrA,gyrB,parE
N07_1_2	Klebsiella_pneumoniae	False	0	118	gyrA,gyrB
N07_1_2	Pseudomonas_aeruginosa	False	0	579	gyrA,gyrB,parC,parE
N07_1_2	Staphylococcus_aureus	True	3	352	gyrA,gyrB,parC,parE
N07_1_2	Streptococcus_mitis	False	0	0	gyrA,gyrB
N07_1_2	Streptococcus_oralis	False	0	356	gyrA,gyrB,parE
N07_1_2	Streptococcus_pneumoniae	False	0	198	gyrA,gyrB
N07_1_3	Enterococcus_faecalis	True	1	29	gyrA,gyrB,parC,parE
N07_1_3	Enterococcus_faecium	True	1	29	gyrA,gyrB,parC,parE
N07_1_3	Escherichia_coli	False	0	18	gyrA,gyrB,parE
N07_1_3	Klebsiella_oxytoca	False	0	0	gyrA,gyrB,parE
N07_1_3	Klebsiella_pneumoniae	False	0	18	gyrA,gyrB,parE
N07_1_3	Pseudomonas_aeruginosa	False	0	92	gyrA,gyrB,parC,parE
N07_1_3	Staphylococcus_aureus	True	26	256	gyrA,gyrB,parC,parE
N07_1_3	Streptococcus_mitis	False	0	10	gyrA,gyrB,parC,parE
N07_1_3	Streptococcus_oralis	False	0	88	gyrA,gyrB,parC,parE
N07_1_3	Streptococcus_pneumoniae	False	0	60	gyrA,gyrB,parC,parE
N07_1_4	Enterococcus_faecalis	True	1	312	gyrA,gyrB,parC,parE
N07_1_4	Enterococcus_faecium	True	1	1420	gyrA,gyrB,parC,parE
N07_1_4	Escherichia_coli	False	0	16	gyrA,gyrB,parE
N07_1_4	Klebsiella_oxytoca	False	0	0	gyrA,gyrB,parE
N07_1_4	Klebsiella_pneumoniae	False	0	9	gyrA,gyrB,parE
N07_1_4	Pseudomonas_aeruginosa	False	0	110	gyrA,gyrB,parE
N07_1_4	Staphylococcus_aureus	True	48	291	gyrA,gyrB,parC,parE
N07_1_4	Streptococcus_mitis	False	0	376	gyrA,gyrB,parC,parE
N07_1_4	Streptococcus_oralis	False	0	688	gyrA,gyrB,parC,parE
N07_1_4	Streptococcus_pneumoniae	False	0	551	gyrA,gyrB,parC,parE
N07_2_2	Enterococcus_faecalis	False	0	12	gyrA,gyrB,parC,parE
N07_2_2	Enterococcus_faecium	False	0	3	gyrA,gyrB,parC,parE
N07_2_2	Escherichia_coli	False	0	19	gyrA,gyrB,parC,parE
N07_2_2	Klebsiella_oxytoca	False	0	4	gyrA,gyrB,parC,parE
N07_2_2	Klebsiella_pneumoniae	False	0	4	gyrA,gyrB,parE
N07_2_2	Pseudomonas_aeruginosa	False	0	7	gyrA,gyrB,parE
N07_2_2	Staphylococcus_aureus	True	11	64	gyrA,gyrB,parC,parE
N07_2_2	Streptococcus_mitis	False	0	2	gyrA,gyrB,parC,parE
N07_2_2	Streptococcus_oralis	False	0	5	gyrA,gyrB,parC,parE
N07_2_2	Streptococcus_pneumoniae	False	0	2	gyrA,gyrB,parC,parE
N07_2_3	Enterococcus_faecalis	True	1	88	gyrA,gyrB,parC,parE
N07_2_3	Enterococcus_faecium	True	1	129	gyrA,gyrB,parC,parE
N07_2_3	Escherichia_coli	True	8	184	gyrA,gyrB,parC,parE
N07_2_3	Klebsiella_oxytoca	False	0	32	gyrA,gyrB,parC,parE
N07_2_3	Klebsiella_pneumoniae	True	1	149	gyrA,gyrB,parE
N07_2_3	Pseudomonas_aeruginosa	False	0	144	gyrA,gyrB,parC,parE
N07_2_3	Staphylococcus_aureus	True	37	391	gyrA,gyrB,parC,parE
N07_2_3	Streptococcus_mitis	False	0	82	gyrA,gyrB,parC,parE
N07_2_3	Streptococcus_oralis	False	0	225	gyrA,gyrB,parC,parE
N07_2_3	Streptococcus_pneumoniae	False	0	165	gyrA,gyrB,parC,parE
N07_2_4	Enterococcus_faecalis	True	1	45	gyrA,gyrB,parC,parE
N07_2_4	Enterococcus_faecium	True	1	105	gyrA,gyrB,parE
N07_2_4	Escherichia_coli	False	0	178	gyrA,gyrB,parC,parE
N07_2_4	Klebsiella_oxytoca	False	0	121	gyrA,gyrB,parC,parE
N07_2_4	Klebsiella_pneumoniae	True	10	99	gyrA,gyrB,parE
N07_2_4	Pseudomonas_aeruginosa	True	3	21	gyrA,gyrB,parC,parE
N07_2_4	Staphylococcus_aureus	True	2	60	gyrA,gyrB,parC,parE
N07_2_4	Streptococcus_mitis	False	0	61	gyrA,gyrB,parE
N07_2_4	Streptococcus_oralis	False	0	83	gyrA,gyrB,parC,parE
N07_2_4	Streptococcus_pneumoniae	False	0	61	gyrA,gyrB,parE
N08_1_2	Enterococcus_faecalis	False	0	16	gyrA,gyrB,parC,parE
N08_1_2	Enterococcus_faecium	False	0	20	gyrA,gyrB,parC,parE
N08_1_2	Escherichia_coli	False	0	12	gyrA,gyrB,parE
N08_1_2	Klebsiella_oxytoca	False	0	2	gyrA,gyrB,parE
N08_1_2	Klebsiella_pneumoniae	False	0	1	gyrA,gyrB,parE
N08_1_2	Pseudomonas_aeruginosa	False	0	8	gyrA,gyrB,parE
N08_1_2	Staphylococcus_aureus	True	239	2038	gyrA,gyrB,parC,parE
N08_1_2	Streptococcus_mitis	True	1	3	gyrA,gyrB,parC,parE
N08_1_2	Streptococcus_oralis	True	1	6	gyrA,gyrB,parC,parE
N08_1_2	Streptococcus_pneumoniae	False	0	10	gyrA,gyrB,parC,parE
N08_1_3	Enterococcus_faecalis	True	1	199	gyrA,gyrB,parC,parE
N08_1_3	Enterococcus_faecium	True	1	354	gyrA,gyrB,parC,parE
N08_1_3	Escherichia_coli	False	0	28	gyrA,gyrB
N08_1_3	Klebsiella_oxytoca	False	0	154	gyrA,gyrB
N08_1_3	Klebsiella_pneumoniae	False	0	6	gyrA,gyrB
N08_1_3	Pseudomonas_aeruginosa	True	8	86	gyrA,gyrB,parC,parE
N08_1_3	Staphylococcus_aureus	True	17	582	gyrA,gyrB,parC,parE
N08_1_3	Streptococcus_mitis	False	0	144	gyrA,parC,parE
N08_1_3	Streptococcus_oralis	False	0	178	gyrA,gyrB,parC,parE
N08_1_3	Streptococcus_pneumoniae	False	0	168	gyrA,gyrB,parC,parE
N08_1_4	Enterococcus_faecalis	True	1	695	gyrA,gyrB,parC,parE
N08_1_4	Enterococcus_faecium	True	3	1164	gyrA,gyrB,parC,parE
N08_1_4	Escherichia_coli	False	0	167	gyrA,gyrB,parE
N08_1_4	Klebsiella_oxytoca	False	0	775	gyrA,gyrB,parC,parE
N08_1_4	Klebsiella_pneumoniae	False	0	3	gyrA,gyrB,parE
N08_1_4	Pseudomonas_aeruginosa	True	19	254	gyrA,gyrB,parE
N08_1_4	Staphylococcus_aureus	True	78	2231	gyrA,gyrB,parC,parE
N08_1_4	Streptococcus_mitis	False	0	499	gyrA,gyrB,parC,parE
N08_1_4	Streptococcus_oralis	False	0	622	gyrA,gyrB,parC,parE
N08_1_4	Streptococcus_pneumoniae	False	0	576	gyrA,gyrB,parC,parE
N08_2_2	Enterococcus_faecalis	False	0	167	gyrA,gyrB,parC,parE
N08_2_2	Enterococcus_faecium	False	0	35	gyrA,gyrB,parC,parE
N08_2_2	Escherichia_coli	False	0	113	gyrA,gyrB,parC,parE
N08_2_2	Klebsiella_oxytoca	True	1	8	gyrA,gyrB,parC,parE
N08_2_2	Klebsiella_pneumoniae	True	1	100	gyrA,gyrB,parE
N08_2_2	Pseudomonas_aeruginosa	False	0	408	gyrA,gyrB,parC,parE
N08_2_2	Staphylococcus_aureus	True	5	647	gyrA,gyrB,parC,parE
N08_2_2	Streptococcus_mitis	False	0	6	gyrA,gyrB,parC,parE
N08_2_2	Streptococcus_oralis	False	0	433	gyrA,gyrB,parC,parE
N08_2_2	Streptococcus_pneumoniae	False	0	320	gyrA,gyrB,parC,parE
N08_2_3	Enterococcus_faecalis	True	1	54	gyrA,gyrB,parC,parE
N08_2_3	Enterococcus_faecium	False	0	41	gyrA,gyrB,parC,parE
N08_2_3	Escherichia_coli	True	2	42	gyrA,gyrB,parC,parE
N08_2_3	Klebsiella_oxytoca	False	0	7	gyrA,gyrB,parC,parE
N08_2_3	Klebsiella_pneumoniae	True	1	23	gyrA,gyrB,parE
N08_2_3	Pseudomonas_aeruginosa	False	0	31	gyrA,gyrB,parC,parE
N08_2_3	Staphylococcus_aureus	False	0	95	gyrA,gyrB,parC,parE
N08_2_3	Streptococcus_mitis	False	0	7	gyrA,gyrB,parC,parE
N08_2_3	Streptococcus_oralis	False	0	50	gyrA,gyrB,parC,parE
N08_2_3	Streptococcus_pneumoniae	False	0	55	gyrA,gyrB,parC,parE
N08_2_4	Enterococcus_faecalis	True	1	73	gyrA,gyrB,parC,parE
N08_2_4	Enterococcus_faecium	True	2	236	gyrA,gyrB,parC,parE
N08_2_4	Escherichia_coli	True	5	253	gyrA,gyrB,parC,parE
N08_2_4	Klebsiella_oxytoca	False	0	157	gyrA,gyrB,parC,parE
N08_2_4	Klebsiella_pneumoniae	True	8	151	gyrA,gyrB,parE
N08_2_4	Pseudomonas_aeruginosa	True	7	38	gyrA,gyrB,parC,parE
N08_2_4	Staphylococcus_aureus	True	1	310	gyrA,gyrB,parC,parE
N08_2_4	Streptococcus_mitis	False	0	98	gyrA,gyrB,parC,parE
N08_2_4	Streptococcus_oralis	False	0	110	gyrA,gyrB,parC,parE
N08_2_4	Streptococcus_pneumoniae	False	0	100	gyrA,gyrB,parC,parE
N09_1_2	Enterococcus_faecalis	False	0	5	gyrA,gyrB,parE
N09_1_2	Enterococcus_faecium	False	0	2	gyrA,gyrB,parC,parE
N09_1_2	Escherichia_coli	False	0	8	gyrA,gyrB,parC,parE
N09_1_2	Klebsiella_oxytoca	False	0	0	gyrA,gyrB
N09_1_2	Klebsiella_pneumoniae	False	0	4	gyrA,gyrB
N09_1_2	Pseudomonas_aeruginosa	False	0	5	gyrA,gyrB,parE
N09_1_2	Staphylococcus_aureus	True	55	266	gyrA,gyrB,parC,parE
N09_1_2	Streptococcus_mitis	False	0	0	gyrA,gyrB,parC
N09_1_2	Streptococcus_oralis	False	0	0	gyrA,gyrB,parC,parE
N09_1_2	Streptococcus_pneumoniae	False	0	0	gyrA,gyrB,parC,parE
N09_1_3	Enterococcus_faecalis	False	0	85	gyrA,gyrB,parC,parE
N09_1_3	Enterococcus_faecium	False	0	114	gyrA,gyrB,parC,parE
N09_1_3	Escherichia_coli	False	0	41	gyrA,gyrB,parC,parE
N09_1_3	Klebsiella_oxytoca	False	0	9	gyrA,gyrB,parC,parE
N09_1_3	Klebsiella_pneumoniae	False	0	12	gyrA,gyrB,parE
N09_1_3	Pseudomonas_aeruginosa	True	1	39	gyrA,gyrB,parC,parE
N09_1_3	Staphylococcus_aureus	False	0	279	gyrA,gyrB,parC,parE
N09_1_3	Streptococcus_mitis	False	0	10	gyrA,gyrB,parC,parE
N09_1_3	Streptococcus_oralis	False	0	58	gyrA,gyrB,parC,parE
N09_1_3	Streptococcus_pneumoniae	False	0	94	gyrA,gyrB,parC,parE
N09_1_4	Enterococcus_faecalis	False	0	2	gyrA,gyrB,parC,parE
N09_1_4	Enterococcus_faecium	False	0	5	gyrA,parC,parE
N09_1_4	Escherichia_coli	False	0	6	gyrA,gyrB
N09_1_4	Klebsiella_oxytoca	False	0	2	gyrB,parE
N09_1_4	Klebsiella_pneumoniae	False	0	2	gyrB,parE
N09_1_4	Pseudomonas_aeruginosa	False	0	0	gyrA,parC,parE
N09_1_4	Staphylococcus_aureus	False	0	30	gyrA,gyrB,parC,parE
N09_1_4	Streptococcus_mitis	False	0	0	gyrA,parC,parE
N09_1_4	Streptococcus_oralis	False	0	3	gyrB,parC,parE
N09_1_4	Streptococcus_pneumoniae	False	0	9	gyrA,gyrB,parC,parE
N09_2_2	Enterococcus_faecalis	False	0	17	gyrA,gyrB,parE
N09_2_2	Enterococcus_faecium	False	0	6	gyrA,gyrB
N09_2_2	Escherichia_coli	False	0	38	gyrA,gyrB,parC,parE
N09_2_2	Klebsiella_oxytoca	False	0	13	gyrA,gyrB,parC,parE
N09_2_2	Klebsiella_pneumoniae	False	0	31	gyrA,gyrB,parE
N09_2_2	Pseudomonas_aeruginosa	False	0	70	gyrA,gyrB,parC,parE
N09_2_2	Staphylococcus_aureus	True	3	99	gyrA,gyrB,parC,parE
N09_2_2	Streptococcus_mitis	False	0	3	gyrA,gyrB,parC,parE
N09_2_2	Streptococcus_oralis	False	0	52	gyrA,gyrB,parC,parE
N09_2_2	Streptococcus_pneumoniae	False	0	37	gyrA,gyrB,parC,parE
N09_2_3	Enterococcus_faecalis	False	0	0	parE
N09_2_3	Enterococcus_faecium	False	0	0	gyrA,parC
N09_2_3	Escherichia_coli	False	0	8	gyrA,gyrB,parC
N09_2_3	Klebsiella_oxytoca	False	0	0	gyrB,parC
N09_2_3	Klebsiella_pneumoniae	False	0	8	gyrA,gyrB
N09_2_3	Pseudomonas_aeruginosa	False	0	0	gyrA,gyrB,parC
N09_2_3	Staphylococcus_aureus	False	0	9	gyrA,gyrB,parC,parE
N09_2_3	Streptococcus_mitis	False	0	0	gyrA,gyrB
N09_2_3	Streptococcus_oralis	False	0	0	gyrA,gyrB
N09_2_3	Streptococcus_pneumoniae	False	0	0	gyrA,gyrB
N09_2_4	Enterococcus_faecalis	False	0	9	gyrA,gyrB,parC,parE
N09_2_4	Enterococcus_faecium	True	1	14	gyrA,parE
N09_2_4	Escherichia_coli	True	10	226	gyrA,gyrB,parC,parE
N09_2_4	Klebsiella_oxytoca	False	0	119	gyrA,gyrB,parC,parE
N09_2_4	Klebsiella_pneumoniae	True	3	155	gyrA,gyrB,parE
N09_2_4	Pseudomonas_aeruginosa	False	0	0	gyrB,parE
N09_2_4	Staphylococcus_aureus	True	6	17	gyrA,gyrB,parC,parE
N09_2_4	Streptococcus_mitis	False	0	6	gyrA,parC
N09_2_4	Streptococcus_oralis	False	0	9	gyrA,parC
N09_2_4	Streptococcus_pneumoniae	False	0	6	gyrA,parC
N10_1_2	Enterococcus_faecalis	False	0	19	gyrA,gyrB,parE
N10_1_2	Enterococcus_faecium	False	0	4	gyrA,gyrB,parC,parE
N10_1_2	Escherichia_coli	False	0	27	gyrA,gyrB,parE
N10_1_2	Klebsiella_oxytoca	False	0	2	gyrA,gyrB,parE
N10_1_2	Klebsiella_pneumoniae	False	0	26	gyrA,gyrB,parE
N10_1_2	Pseudomonas_aeruginosa	False	0	71	gyrA,gyrB,parC,parE
N10_1_2	Staphylococcus_aureus	True	3	129	gyrA,gyrB,parC,parE
N10_1_2	Streptococcus_mitis	False	0	0	gyrA,gyrB,parC,parE
N10_1_2	Streptococcus_oralis	False	0	28	gyrA,gyrB,parC,parE
N10_1_2	Streptococcus_pneumoniae	False	0	25	gyrA,gyrB,parC,parE
N10_1_3	Enterococcus_faecalis	False	0	79	gyrA,gyrB,parC,parE
N10_1_3	Enterococcus_faecium	False	0	63	gyrA,gyrB,parC,parE
N10_1_3	Escherichia_coli	False	0	271	gyrA,gyrB,parC,parE
N10_1_3	Klebsiella_oxytoca	True	3	163	gyrA,gyrB,parC,parE
N10_1_3	Klebsiella_pneumoniae	True	3	181	gyrA,gyrB,parE
N10_1_3	Pseudomonas_aeruginosa	False	0	105	gyrA,gyrB,parC,parE
N10_1_3	Staphylococcus_aureus	True	5	257	gyrA,gyrB,parC,parE
N10_1_3	Streptococcus_mitis	False	0	6	gyrA,gyrB,parC,parE
N10_1_3	Streptococcus_oralis	False	0	60	gyrA,gyrB,parC,parE
N10_1_3	Streptococcus_pneumoniae	False	0	81	gyrA,gyrB,parC,parE
N10_1_4	Enterococcus_faecalis	False	0	14	gyrA,gyrB,parC,parE
N10_1_4	Enterococcus_faecium	False	0	2	gyrA,gyrB,parC,parE
N10_1_4	Escherichia_coli	True	7	178	gyrA,gyrB,parC,parE
N10_1_4	Klebsiella_oxytoca	True	1	156	gyrA,gyrB,parC,parE
N10_1_4	Klebsiella_pneumoniae	False	0	122	gyrA,gyrB,parE
N10_1_4	Pseudomonas_aeruginosa	True	2	40	gyrA,gyrB,parC
N10_1_4	Staphylococcus_aureus	True	258	819	gyrA,gyrB,parC,parE
N10_1_4	Streptococcus_mitis	False	0	0	gyrA,gyrB,parC,parE
N10_1_4	Streptococcus_oralis	False	0	0	gyrA,gyrB,parC,parE
N10_1_4	Streptococcus_pneumoniae	False	0	3	gyrA,gyrB,parC,parE
N10_2_2	Enterococcus_faecalis	False	0	65	gyrA,gyrB,parC,parE
N10_2_2	Enterococcus_faecium	False	0	8	gyrA,gyrB,parC,parE
N10_2_2	Escherichia_coli	False	0	70	gyrA,gyrB,parC,parE
N10_2_2	Klebsiella_oxytoca	False	0	0	gyrA,gyrB,parE
N10_2_2	Klebsiella_pneumoniae	False	0	69	gyrA,gyrB,parE
N10_2_2	Pseudomonas_aeruginosa	False	0	275	gyrA,gyrB,parC,parE
N10_2_2	Staphylococcus_aureus	True	21	376	gyrA,gyrB,parC,parE
N10_2_2	Streptococcus_mitis	False	0	0	gyrA,gyrB,parC
N10_2_2	Streptococcus_oralis	False	0	216	gyrA,gyrB,parC,parE
N10_2_2	Streptococcus_pneumoniae	False	0	137	gyrA,gyrB,parC,parE
N10_2_3	Enterococcus_faecalis	True	1	293	gyrA,gyrB,parC,parE
N10_2_3	Enterococcus_faecium	True	1	272	gyrA,gyrB,parC,parE
N10_2_3	Escherichia_coli	False	0	428	gyrA,gyrB,parC,parE
N10_2_3	Klebsiella_oxytoca	True	2	142	gyrA,gyrB,parC,parE
N10_2_3	Klebsiella_pneumoniae	False	0	182	gyrA,gyrB,parE
N10_2_3	Pseudomonas_aeruginosa	False	0	209	gyrA,gyrB,parC,parE
N10_2_3	Staphylococcus_aureus	True	43	909	gyrA,gyrB,parC,parE
N10_2_3	Streptococcus_mitis	False	0	72	gyrA,gyrB,parC,parE
N10_2_3	Streptococcus_oralis	False	0	151	gyrA,gyrB,parC,parE
N10_2_3	Streptococcus_pneumoniae	False	0	124	gyrA,gyrB,parC,parE
N10_2_4	Enterococcus_faecalis	True	1	190	gyrA,gyrB,parC,parE
N10_2_4	Enterococcus_faecium	True	1	273	gyrA,gyrB,parC,parE
N10_2_4	Escherichia_coli	True	1	622	gyrA,gyrB,parC,parE
N10_2_4	Klebsiella_oxytoca	False	0	86	gyrA,gyrB,parC,parE
N10_2_4	Klebsiella_pneumoniae	False	0	157	gyrA,gyrB,parE
N10_2_4	Pseudomonas_aeruginosa	False	0	129	gyrA,gyrB,parC,parE
N10_2_4	Staphylococcus_aureus	False	0	690	gyrA,gyrB,parC,parE
N10_2_4	Streptococcus_mitis	False	0	57	gyrA,gyrB,parC,parE
N10_2_4	Streptococcus_oralis	False	0	74	gyrA,gyrB,parC,parE
N10_2_4	Streptococcus_pneumoniae	False	0	72	gyrA,gyrB,parC,parE
N11_1_2	Enterococcus_faecalis	False	0	398	gyrA,gyrB,parC,parE
N11_1_2	Enterococcus_faecium	True	1	306	gyrA,gyrB,parC,parE
N11_1_2	Escherichia_coli	False	0	151	gyrA,gyrB,parC,parE
N11_1_2	Klebsiella_oxytoca	False	0	79	gyrA,gyrB,parC,parE
N11_1_2	Klebsiella_pneumoniae	False	0	52	gyrA,gyrB,parE
N11_1_2	Pseudomonas_aeruginosa	False	0	154	gyrA,gyrB,parC,parE
N11_1_2	Staphylococcus_aureus	True	35	1711	gyrA,gyrB,parC,parE
N11_1_2	Streptococcus_mitis	True	1	46	gyrA,gyrB,parC,parE
N11_1_2	Streptococcus_oralis	True	1	189	gyrA,gyrB,parC,parE
N11_1_2	Streptococcus_pneumoniae	False	0	304	gyrA,gyrB,parC,parE
N11_1_3	Enterococcus_faecalis	False	0	0	parC,parE
N11_1_3	Enterococcus_faecium	False	0	4	gyrA,gyrB,parE
N11_1_3	Escherichia_coli	False	0	3	gyrA,gyrB
N11_1_3	Klebsiella_oxytoca	False	0	0	gyrA,gyrB
N11_1_3	Klebsiella_pneumoniae	False	0	0	gyrA,gyrB
N11_1_3	Pseudomonas_aeruginosa	False	0	6	gyrB,parE
N11_1_3	Staphylococcus_aureus	True	4	45	gyrA,gyrB,parC,parE
N11_1_3	Streptococcus_mitis	False	0	0	gyrA,gyrB,parC,parE
N11_1_3	Streptococcus_oralis	False	0	0	gyrA,gyrB,parC,parE
N11_1_3	Streptococcus_pneumoniae	False	0	0	gyrA,parC,parE
N11_1_4	Enterococcus_faecalis	True	1	82	gyrA,gyrB,parC,parE
N11_1_4	Enterococcus_faecium	True	1	137	gyrA,gyrB,parC,parE
N11_1_4	Escherichia_coli	False	0	40	gyrA,gyrB,parC,parE
N11_1_4	Klebsiella_oxytoca	False	0	15	gyrA,gyrB,parC,parE
N11_1_4	Klebsiella_pneumoniae	True	1	13	gyrA,gyrB,parE
N11_1_4	Pseudomonas_aeruginosa	True	1	32	gyrA,gyrB,parC,parE
N11_1_4	Staphylococcus_aureus	True	354	1273	gyrA,gyrB,parC,parE
N11_1_4	Streptococcus_mitis	False	0	353	gyrA,gyrB,parC,parE
N11_1_4	Streptococcus_oralis	False	0	506	gyrA,gyrB,parC,parE
N11_1_4	Streptococcus_pneumoniae	False	0	385	gyrA,gyrB,parC,parE
N11_2_2	Enterococcus_faecalis	False	0	184	gyrA,gyrB,parC,parE
N11_2_2	Enterococcus_faecium	False	0	51	gyrA,gyrB,parC,parE
N11_2_2	Escherichia_coli	False	0	205	gyrA,gyrB,parC,parE
N11_2_2	Klebsiella_oxytoca	False	0	4	gyrA,gyrB,parC,parE
N11_2_2	Klebsiella_pneumoniae	False	0	181	gyrA,gyrB,parE
N11_2_2	Pseudomonas_aeruginosa	True	1	701	gyrA,gyrB,parC,parE
N11_2_2	Staphylococcus_aureus	True	22	1052	gyrA,gyrB,parC,parE
N11_2_2	Streptococcus_mitis	True	1	13	gyrA,gyrB,parC,parE
N11_2_2	Streptococcus_oralis	True	1	477	gyrA,gyrB,parC,parE
N11_2_2	Streptococcus_pneumoniae	False	0	350	gyrA,gyrB,parC,parE
N11_2_3	Enterococcus_faecalis	True	1	31	gyrA,gyrB,parC,parE
N11_2_3	Enterococcus_faecium	True	1	76	gyrA,gyrB,parC,parE
N11_2_3	Escherichia_coli	True	7	124	gyrA,gyrB,parC,parE
N11_2_3	Klebsiella_oxytoca	False	0	62	gyrA,gyrB,parC,parE
N11_2_3	Klebsiella_pneumoniae	True	1	70	gyrA,gyrB,parE
N11_2_3	Pseudomonas_aeruginosa	False	0	13	gyrA,gyrB,parC,parE
N11_2_3	Staphylococcus_aureus	False	0	68	gyrA,gyrB,parC,parE
N11_2_3	Streptococcus_mitis	False	0	11	gyrA,gyrB,parC,parE
N11_2_3	Streptococcus_oralis	False	0	16	gyrA,gyrB,parC,parE
N11_2_3	Streptococcus_pneumoniae	False	0	20	gyrA,gyrB,parC,parE
N11_2_4	Enterococcus_faecalis	False	0	30	gyrA,gyrB,parC,parE
N11_2_4	Enterococcus_faecium	False	0	21	gyrA,gyrB,parC,parE
N11_2_4	Escherichia_coli	False	0	239	gyrA,gyrB,parC,parE
N11_2_4	Klebsiella_oxytoca	True	2	120	gyrA,gyrB,parC,parE
N11_2_4	Klebsiella_pneumoniae	True	1	113	gyrA,gyrB,parE
N11_2_4	Pseudomonas_aeruginosa	True	2	31	gyrA,gyrB,parC,parE
N11_2_4	Staphylococcus_aureus	False	0	159	gyrA,gyrB,parC,parE
N11_2_4	Streptococcus_mitis	False	0	6	gyrA,gyrB,parC,parE
N11_2_4	Streptococcus_oralis	False	0	12	gyrA,gyrB,parC,parE
N11_2_4	Streptococcus_pneumoniae	False	0	24	gyrA,gyrB,parC,parE
N12_1_2	Enterococcus_faecalis	True	1	84	gyrA,gyrB,parC,parE
N12_1_2	Enterococcus_faecium	True	1	84	gyrA,gyrB,parC,parE
N12_1_2	Escherichia_coli	False	0	10	gyrA,gyrB,parC,parE
N12_1_2	Klebsiella_oxytoca	False	0	4	gyrA,gyrB,parC,parE
N12_1_2	Klebsiella_pneumoniae	True	1	6	gyrA,gyrB,parE
N12_1_2	Pseudomonas_aeruginosa	False	0	14	gyrA,gyrB,parC,parE
N12_1_2	Staphylococcus_aureus	True	221	1918	gyrA,gyrB,parC,parE
N12_1_2	Streptococcus_mitis	False	0	50	gyrA,gyrB,parC,parE
N12_1_2	Streptococcus_oralis	False	0	78	gyrA,gyrB,parC,parE
N12_1_2	Streptococcus_pneumoniae	False	0	70	gyrA,gyrB,parC,parE
N12_1_3	Enterococcus_faecalis	False	0	125	gyrA,gyrB,parC,parE
N12_1_3	Enterococcus_faecium	False	0	61	gyrA,gyrB,parC,parE
N12_1_3	Escherichia_coli	False	0	89	gyrA,gyrB,parC,parE
N12_1_3	Klebsiella_oxytoca	False	0	102	gyrA,gyrB,parC,parE
N12_1_3	Klebsiella_pneumoniae	True	3	57	gyrA,gyrB,parE
N12_1_3	Pseudomonas_aeruginosa	False	0	17	gyrA,gyrB,parC,parE
N12_1_3	Staphylococcus_aureus	True	25	288	gyrA,gyrB,parC,parE
N12_1_3	Streptococcus_mitis	False	0	8	gyrA,gyrB,parC,parE
N12_1_3	Streptococcus_oralis	False	0	14	gyrA,gyrB,parC,parE
N12_1_3	Streptococcus_pneumoniae	False	0	11	gyrA,gyrB,parC,parE
N12_1_4	Enterococcus_faecalis	False	0	78	gyrA,gyrB,parC,parE
N12_1_4	Enterococcus_faecium	False	0	44	gyrA,gyrB,parC,parE
N12_1_4	Escherichia_coli	True	1	57	gyrA,gyrB,parC,parE
N12_1_4	Klebsiella_oxytoca	True	1	88	gyrA,gyrB,parC,parE
N12_1_4	Klebsiella_pneumoniae	True	2	51	gyrA,gyrB,parE
N12_1_4	Pseudomonas_aeruginosa	False	0	11	gyrA,gyrB,parC,parE
N12_1_4	Staphylococcus_aureus	True	3	212	gyrA,gyrB,parC,parE
N12_1_4	Streptococcus_mitis	False	0	10	gyrA,gyrB,parE
N12_1_4	Streptococcus_oralis	True	1	18	gyrA,gyrB,parC,parE
N12_1_4	Streptococcus_pneumoniae	False	0	13	gyrA,gyrB,parC,parE
N13_1_2	Enterococcus_faecalis	False	0	5	parC,parE
N13_1_2	Enterococcus_faecium	False	0	2	parC,parE
N13_1_2	Escherichia_coli	False	0	3	gyrA
N13_1_2	Klebsiella_pneumoniae	False	0	0	parE
N13_1_2	Pseudomonas_aeruginosa	False	0	0	gyrA,parC
N13_1_2	Staphylococcus_aureus	True	3	17	gyrA,gyrB,parC,parE
N13_1_2	Streptococcus_mitis	False	0	0	parC
N13_1_2	Streptococcus_oralis	False	0	0	gyrA,parC,parE
N13_1_2	Streptococcus_pneumoniae	False	0	0	parC
N13_1_3	Enterococcus_faecalis	False	0	59	gyrA,gyrB,parC,parE
N13_1_3	Enterococcus_faecium	False	0	64	gyrA,gyrB,parC,parE
N13_1_3	Escherichia_coli	False	0	44	gyrA,gyrB,parC,parE
N13_1_3	Klebsiella_oxytoca	False	0	17	gyrA,gyrB,parC,parE
N13_1_3	Klebsiella_pneumoniae	False	0	33	gyrA,gyrB,parE
N13_1_3	Pseudomonas_aeruginosa	False	0	46	gyrA,gyrB,parC,parE
N13_1_3	Staphylococcus_aureus	True	1	188	gyrA,gyrB,parC,parE
N13_1_3	Streptococcus_mitis	False	0	6	gyrA,gyrB,parC,parE
N13_1_3	Streptococcus_oralis	False	0	53	gyrA,gyrB,parC,parE
N13_1_3	Streptococcus_pneumoniae	False	0	43	gyrA,gyrB,parC,parE
N13_1_4	Enterococcus_faecalis	False	0	29	gyrA,gyrB,parC,parE
N13_1_4	Enterococcus_faecium	True	1	50	gyrA,gyrB,parC,parE
N13_1_4	Escherichia_coli	False	0	45	gyrA,gyrB
N13_1_4	Klebsiella_oxytoca	False	0	1	gyrA,gyrB
N13_1_4	Klebsiella_pneumoniae	False	0	45	gyrA,gyrB
N13_1_4	Pseudomonas_aeruginosa	False	0	9	gyrA,gyrB
N13_1_4	Staphylococcus_aureus	True	18	121	gyrA,gyrB,parC,parE
N13_1_4	Streptococcus_mitis	False	0	2	gyrA,gyrB,parC,parE
N13_1_4	Streptococcus_oralis	False	0	35	gyrA,gyrB,parC,parE
N13_1_4	Streptococcus_pneumoniae	False	0	6	gyrA,gyrB,parC,parE
N13_2_2	Enterococcus_faecalis	False	0	180	gyrA,gyrB,parC,parE
N13_2_2	Enterococcus_faecium	False	0	90	gyrA,gyrB,parC,parE
N13_2_2	Escherichia_coli	True	3	141	gyrA,gyrB,parC,parE
N13_2_2	Klebsiella_oxytoca	False	0	69	gyrA,gyrB,parC,parE
N13_2_2	Klebsiella_pneumoniae	True	1	92	gyrA,gyrB,parE
N13_2_2	Pseudomonas_aeruginosa	True	1	385	gyrA,gyrB,parC,parE
N13_2_2	Staphylococcus_aureus	True	2	478	gyrA,gyrB,parC,parE
N13_2_2	Streptococcus_mitis	False	0	0	gyrA,gyrB,parC,parE
N13_2_2	Streptococcus_oralis	False	0	214	gyrA,gyrB,parC,parE
N13_2_2	Streptococcus_pneumoniae	False	0	186	gyrA,gyrB,parC,parE
N13_2_3	Enterococcus_faecalis	False	0	2	parE
N13_2_3	Enterococcus_faecium	False	0	0	gyrA,parC
N13_2_3	Escherichia_coli	False	0	8	gyrA,gyrB,parC,parE
N13_2_3	Klebsiella_oxytoca	False	0	2	gyrA,gyrB,parC,parE
N13_2_3	Klebsiella_pneumoniae	False	0	3	gyrA,gyrB,parE
N13_2_3	Pseudomonas_aeruginosa	False	0	0	gyrA,gyrB,parC
N13_2_3	Staphylococcus_aureus	False	0	8	gyrA,gyrB,parE
N13_2_3	Streptococcus_mitis	False	0	0	parC
N13_2_3	Streptococcus_oralis	False	0	0	gyrA,parC
N13_2_3	Streptococcus_pneumoniae	False	0	0	parC
N13_2_4	Enterococcus_faecalis	False	0	0	gyrA,gyrB,parC,parE
N13_2_4	Enterococcus_faecium	False	0	0	gyrA
N13_2_4	Escherichia_coli	False	0	392	gyrA,gyrB,parC,parE
N13_2_4	Klebsiella_oxytoca	True	3	367	gyrA,gyrB,parC,parE
N13_2_4	Klebsiella_pneumoniae	True	1	179	gyrA,gyrB,parE
N13_2_4	Pseudomonas_aeruginosa	False	0	41	gyrA,gyrB,parC,parE
N13_2_4	Staphylococcus_aureus	False	0	10	gyrA,gyrB,parC,parE
N13_2_4	Streptococcus_mitis	False	0	0	gyrA,parE
N13_2_4	Streptococcus_oralis	False	0	1	gyrA,gyrB,parE
N13_2_4	Streptococcus_pneumoniae	False	0	7	gyrA,gyrB,parC,parE
N14_1_2	Enterococcus_faecalis	False	0	54	gyrA,gyrB,parC,parE
N14_1_2	Enterococcus_faecium	False	0	29	gyrA,gyrB,parC,parE
N14_1_2	Escherichia_coli	False	0	63	gyrA,gyrB,parC,parE
N14_1_2	Klebsiella_oxytoca	False	0	6	gyrA,gyrB,parC,parE
N14_1_2	Klebsiella_pneumoniae	False	0	45	gyrA,gyrB,parE
N14_1_2	Pseudomonas_aeruginosa	False	0	219	gyrA,gyrB,parC,parE
N14_1_2	Staphylococcus_aureus	True	6	351	gyrA,gyrB,parC,parE
N14_1_2	Streptococcus_mitis	False	0	8	gyrA,gyrB,parC,parE
N14_1_2	Streptococcus_oralis	False	0	149	gyrA,gyrB,parC,parE
N14_1_2	Streptococcus_pneumoniae	False	0	138	gyrA,gyrB,parC,parE
N14_1_3	Enterococcus_faecium	False	0	3	gyrA
N14_1_3	Escherichia_coli	False	0	0	gyrB,parC,parE
N14_1_3	Klebsiella_oxytoca	False	0	2	gyrA,gyrB,parC,parE
N14_1_3	Klebsiella_pneumoniae	False	0	0	gyrB
N14_1_3	Staphylococcus_aureus	False	0	0	gyrB
N14_1_3	Streptococcus_mitis	False	0	0	gyrA
N14_1_3	Streptococcus_oralis	False	0	0	gyrA,parE
N14_1_3	Streptococcus_pneumoniae	False	0	3	gyrA,parE
N14_1_4	Enterococcus_faecalis	False	0	15	gyrA,gyrB,parC,parE
N14_1_4	Enterococcus_faecium	False	0	13	gyrA,gyrB,parC,parE
N14_1_4	Escherichia_coli	False	0	18	gyrA,gyrB,parC,parE
N14_1_4	Klebsiella_oxytoca	False	0	18	gyrA,gyrB,parC,parE
N14_1_4	Klebsiella_pneumoniae	False	0	10	gyrA,gyrB,parE
N14_1_4	Pseudomonas_aeruginosa	False	0	6	gyrA,gyrB,parC,parE
N14_1_4	Staphylococcus_aureus	False	0	66	gyrA,gyrB,parC,parE
N14_1_4	Streptococcus_mitis	False	0	0	gyrA,gyrB,parE
N14_1_4	Streptococcus_oralis	False	0	6	gyrA,gyrB,parC,parE
N14_1_4	Streptococcus_pneumoniae	False	0	2	gyrA,gyrB,parC,parE
N14_2_2	Enterococcus_faecalis	False	0	69	gyrA,gyrB,parC,parE
N14_2_2	Enterococcus_faecium	False	0	17	gyrA,gyrB,parC,parE
N14_2_2	Escherichia_coli	False	0	58	gyrA,gyrB,parC,parE
N14_2_2	Klebsiella_oxytoca	False	0	12	gyrA,gyrB,parC,parE
N14_2_2	Klebsiella_pneumoniae	False	0	53	gyrA,gyrB,parE
N14_2_2	Pseudomonas_aeruginosa	False	0	181	gyrA,gyrB,parC,parE
N14_2_2	Staphylococcus_aureus	False	0	213	gyrA,gyrB,parC,parE
N14_2_2	Streptococcus_mitis	False	0	1	gyrA,gyrB,parC,parE
N14_2_2	Streptococcus_oralis	False	0	117	gyrA,gyrB,parC,parE
N14_2_2	Streptococcus_pneumoniae	False	0	76	gyrA,gyrB,parC,parE
N14_2_3	Enterococcus_faecalis	False	0	96	gyrA,gyrB,parC,parE
N14_2_3	Enterococcus_faecium	True	1	96	gyrA,gyrB,parC,parE
N14_2_3	Escherichia_coli	False	0	34	gyrA,gyrB,parC,parE
N14_2_3	Klebsiella_oxytoca	False	0	47	gyrA,gyrB,parC,parE
N14_2_3	Klebsiella_pneumoniae	True	1	15	gyrA,gyrB,parE
N14_2_3	Pseudomonas_aeruginosa	False	0	25	gyrA,gyrB,parC,parE
N14_2_3	Staphylococcus_aureus	False	0	90	gyrA,gyrB,parC,parE
N14_2_3	Streptococcus_mitis	False	0	3	gyrA,gyrB,parC,parE
N14_2_3	Streptococcus_oralis	False	0	47	gyrA,gyrB,parC,parE
N14_2_3	Streptococcus_pneumoniae	False	0	26	gyrA,gyrB,parC,parE
N14_2_4	Enterococcus_faecalis	False	0	223	gyrA,gyrB,parC,parE
N14_2_4	Enterococcus_faecium	True	1	209	gyrA,gyrB,parC,parE
N14_2_4	Escherichia_coli	True	1	70	gyrA,gyrB,parC,parE
N14_2_4	Klebsiella_oxytoca	False	0	155	gyrA,gyrB,parC,parE
N14_2_4	Klebsiella_pneumoniae	True	2	49	gyrA,gyrB,parE
N14_2_4	Pseudomonas_aeruginosa	False	0	48	gyrA,gyrB,parC,parE
N14_2_4	Staphylococcus_aureus	False	0	291	gyrA,gyrB,parC,parE
N14_2_4	Streptococcus_mitis	False	0	20	gyrA,gyrB,parC,parE
N14_2_4	Streptococcus_oralis	False	0	69	gyrA,gyrB,parC,parE
N14_2_4	Streptococcus_pneumoniae	False	0	37	gyrA,gyrB,parC,parE
N15_1_2	Enterococcus_faecalis	True	1	60	gyrA,gyrB,parC,parE
N15_1_2	Enterococcus_faecium	True	1	27	gyrA,gyrB,parC,parE
N15_1_2	Escherichia_coli	True	2	136	gyrA,gyrB,parC,parE
N15_1_2	Klebsiella_oxytoca	False	0	50	gyrA,gyrB,parC,parE
N15_1_2	Klebsiella_pneumoniae	True	4	111	gyrA,gyrB,parE
N15_1_2	Pseudomonas_aeruginosa	False	0	277	gyrA,gyrB,parC,parE
N15_1_2	Staphylococcus_aureus	True	1	322	gyrA,gyrB,parC,parE
N15_1_2	Streptococcus_mitis	False	0	44	gyrA,gyrB,parC,parE
N15_1_2	Streptococcus_oralis	False	0	231	gyrA,gyrB,parC,parE
N15_1_2	Streptococcus_pneumoniae	False	0	155	gyrA,gyrB,parC,parE
N15_1_3	Enterococcus_faecalis	True	1	65	gyrA,gyrB,parC,parE
N15_1_3	Enterococcus_faecium	True	1	273	gyrA,gyrB,parC,parE
N15_1_3	Escherichia_coli	False	0	14	gyrA,gyrB,parC,parE
N15_1_3	Klebsiella_oxytoca	False	0	5	gyrA,gyrB,parC,parE
N15_1_3	Klebsiella_pneumoniae	False	0	12	gyrA,gyrB,parE
N15_1_3	Pseudomonas_aeruginosa	False	0	50	gyrA,gyrB,parE
N15_1_3	Staphylococcus_aureus	False	0	32	gyrA,gyrB,parC,parE
N15_1_3	Streptococcus_mitis	False	0	31	gyrA,gyrB,parC,parE
N15_1_3	Streptococcus_oralis	False	0	83	gyrA,gyrB,parC,parE
N15_1_3	Streptococcus_pneumoniae	False	0	68	gyrA,gyrB,parC,parE
N15_1_4	Enterococcus_faecalis	True	4	321	gyrA,gyrB,parC,parE
N15_1_4	Enterococcus_faecium	True	1	1007	gyrA,gyrB,parC,parE
N15_1_4	Escherichia_coli	False	0	168	gyrA,gyrB,parC,parE
N15_1_4	Klebsiella_oxytoca	False	0	227	gyrA,gyrB,parC,parE
N15_1_4	Klebsiella_pneumoniae	False	0	100	gyrA,gyrB,parE
N15_1_4	Pseudomonas_aeruginosa	True	9	135	gyrA,gyrB,parC,parE
N15_1_4	Staphylococcus_aureus	True	13	433	gyrA,gyrB,parC,parE
N15_1_4	Streptococcus_mitis	False	0	100	gyrA,gyrB,parC,parE
N15_1_4	Streptococcus_oralis	False	0	244	gyrA,gyrB,parC,parE
N15_1_4	Streptococcus_pneumoniae	False	0	221	gyrA,gyrB,parC,parE
N15_2_2	Enterococcus_faecalis	False	0	8	gyrA,gyrB,parE
N15_2_2	Enterococcus_faecium	False	0	0	gyrA,gyrB,parE
N15_2_2	Escherichia_coli	False	0	1	gyrA,gyrB,parC
N15_2_2	Klebsiella_oxytoca	False	0	4	gyrA,gyrB
N15_2_2	Klebsiella_pneumoniae	False	0	1	gyrA,gyrB,parE
N15_2_2	Pseudomonas_aeruginosa	False	0	6	gyrA,gyrB
N15_2_2	Staphylococcus_aureus	False	0	13	gyrA,gyrB,parC,parE
N15_2_2	Streptococcus_mitis	False	0	24	gyrA,gyrB,parC,parE
N15_2_2	Streptococcus_oralis	False	0	29	gyrA,gyrB,parC,parE
N15_2_2	Streptococcus_pneumoniae	False	0	29	gyrA,gyrB,parC,parE
N15_2_3	Enterococcus_faecalis	True	1	86	gyrA,gyrB,parC,parE
N15_2_3	Enterococcus_faecium	True	1	414	gyrA,gyrB,parC,parE
N15_2_3	Escherichia_coli	True	4	372	gyrA,gyrB,parC,parE
N15_2_3	Klebsiella_oxytoca	False	0	250	gyrA,gyrB,parC,parE
N15_2_3	Klebsiella_pneumoniae	False	0	230	gyrA,gyrB,parE
N15_2_3	Pseudomonas_aeruginosa	False	0	100	gyrA,gyrB,parC,parE
N15_2_3	Staphylococcus_aureus	False	0	60	gyrA,gyrB,parC
N15_2_3	Streptococcus_mitis	False	0	13	gyrA,gyrB,parC,parE
N15_2_3	Streptococcus_oralis	False	0	46	gyrA,gyrB,parC,parE
N15_2_3	Streptococcus_pneumoniae	False	0	41	gyrA,gyrB,parC,parE
N15_2_4	Enterococcus_faecalis	True	1	34	gyrA,gyrB,parC,parE
N15_2_4	Enterococcus_faecium	False	0	57	gyrA,gyrB,parC,parE
N15_2_4	Escherichia_coli	True	1	84	gyrA,gyrB,parC,parE
N15_2_4	Klebsiella_oxytoca	False	0	29	gyrA,gyrB,parC,parE
N15_2_4	Klebsiella_pneumoniae	True	1	37	gyrA,gyrB,parE
N15_2_4	Pseudomonas_aeruginosa	False	0	6	gyrA,gyrB,parE
N15_2_4	Staphylococcus_aureus	False	0	111	gyrA,gyrB,parC,parE
N15_2_4	Streptococcus_mitis	False	0	11	gyrA,gyrB,parC,parE
N15_2_4	Streptococcus_oralis	False	0	27	gyrA,gyrB,parC,parE
N15_2_4	Streptococcus_pneumoniae	False	0	30	gyrA,gyrB,parC,parE
N16_1_2	Enterococcus_faecalis	False	0	24	gyrA,gyrB,parC,parE
N16_1_2	Enterococcus_faecium	False	0	0	gyrA,gyrB,parE
N16_1_2	Escherichia_coli	False	0	34	gyrA,gyrB,parC
N16_1_2	Klebsiella_oxytoca	False	0	0	gyrA,gyrB
N16_1_2	Klebsiella_pneumoniae	False	0	34	gyrA,gyrB
N16_1_2	Pseudomonas_aeruginosa	False	0	140	gyrA,gyrB,parC,parE
N16_1_2	Staphylococcus_aureus	True	3	108	gyrA,gyrB,parC,parE
N16_1_2	Streptococcus_mitis	False	0	12	gyrA,gyrB,parC,parE
N16_1_2	Streptococcus_oralis	False	0	67	gyrA,gyrB,parC,parE
N16_1_2	Streptococcus_pneumoniae	False	0	47	gyrA,gyrB,parC,parE
N16_1_3	Enterococcus_faecalis	True	1	130	gyrA,gyrB,parC,parE
N16_1_3	Enterococcus_faecium	True	1	530	gyrA,gyrB,parC,parE
N16_1_3	Escherichia_coli	False	0	44	gyrA,gyrB,parC,parE
N16_1_3	Klebsiella_oxytoca	False	0	20	gyrA,gyrB,parC,parE
N16_1_3	Klebsiella_pneumoniae	False	0	36	gyrA,gyrB,parE
N16_1_3	Pseudomonas_aeruginosa	False	0	176	gyrA,gyrB,parE
N16_1_3	Staphylococcus_aureus	True	22	209	gyrA,gyrB,parC,parE
N16_1_3	Streptococcus_mitis	False	0	6	gyrA,gyrB,parC,parE
N16_1_3	Streptococcus_oralis	False	0	158	gyrA,gyrB,parC,parE
N16_1_3	Streptococcus_pneumoniae	False	0	113	gyrA,gyrB,parC,parE
N16_1_4	Enterococcus_faecalis	True	1	472	gyrA,gyrB,parC,parE
N16_1_4	Enterococcus_faecium	True	1	2030	gyrA,gyrB,parC,parE
N16_1_4	Escherichia_coli	True	2	72	gyrA,gyrB,parC,parE
N16_1_4	Klebsiella_oxytoca	False	0	53	gyrA,gyrB,parC,parE
N16_1_4	Klebsiella_pneumoniae	True	1	48	gyrA,gyrB,parE
N16_1_4	Pseudomonas_aeruginosa	False	0	101	gyrA,gyrB,parE
N16_1_4	Staphylococcus_aureus	True	23	211	gyrA,gyrB,parC,parE
N16_1_4	Streptococcus_mitis	False	0	203	gyrA,gyrB,parC,parE
N16_1_4	Streptococcus_oralis	False	0	496	gyrA,gyrB,parC,parE
N16_1_4	Streptococcus_pneumoniae	False	0	425	gyrA,gyrB,parC,parE
N16_2_2	Enterococcus_faecalis	False	0	110	gyrA,gyrB,parC,parE
N16_2_2	Enterococcus_faecium	False	0	10	gyrA,gyrB,parC,parE
N16_2_2	Escherichia_coli	False	0	103	gyrA,gyrB,parC,parE
N16_2_2	Klebsiella_oxytoca	False	0	4	gyrA,gyrB,parC,parE
N16_2_2	Klebsiella_pneumoniae	False	0	100	gyrA,gyrB,parE
N16_2_2	Pseudomonas_aeruginosa	False	0	531	gyrA,gyrB,parC,parE
N16_2_2	Staphylococcus_aureus	True	5	537	gyrA,gyrB,parC,parE
N16_2_2	Streptococcus_mitis	False	0	0	gyrA,gyrB,parC,parE
N16_2_2	Streptococcus_oralis	False	0	382	gyrA,gyrB,parC,parE
N16_2_2	Streptococcus_pneumoniae	False	0	245	gyrA,gyrB,parC,parE
N16_2_3	Enterococcus_faecalis	True	1	51	gyrA,gyrB,parC,parE
N16_2_3	Enterococcus_faecium	True	1	242	gyrA,gyrB,parC,parE
N16_2_3	Escherichia_coli	False	0	271	gyrA,gyrB,parC,parE
N16_2_3	Klebsiella_oxytoca	True	3	186	gyrA,gyrB,parC,parE
N16_2_3	Klebsiella_pneumoniae	True	1	129	gyrA,gyrB,parE
N16_2_3	Pseudomonas_aeruginosa	False	0	66	gyrA,gyrB,parC,parE
N16_2_3	Staphylococcus_aureus	True	5	127	gyrA,gyrB,parC,parE
N16_2_3	Streptococcus_mitis	False	0	12	gyrA,gyrB,parC,parE
N16_2_3	Streptococcus_oralis	False	0	64	gyrA,gyrB,parC,parE
N16_2_3	Streptococcus_pneumoniae	False	0	54	gyrA,gyrB,parC,parE
N16_2_4	Enterococcus_faecalis	True	1	132	gyrA,gyrB,parC,parE
N16_2_4	Enterococcus_faecium	True	1	608	gyrA,gyrB,parC,parE
N16_2_4	Escherichia_coli	False	0	186	gyrA,gyrB,parC,parE
N16_2_4	Klebsiella_oxytoca	False	0	118	gyrA,gyrB,parC,parE
N16_2_4	Klebsiella_pneumoniae	True	1	109	gyrA,gyrB,parE
N16_2_4	Pseudomonas_aeruginosa	False	0	53	gyrA,gyrB,parE
N16_2_4	Staphylococcus_aureus	True	7	243	gyrA,gyrB,parC,parE
N16_2_4	Streptococcus_mitis	False	0	34	gyrA,gyrB,parC,parE
N16_2_4	Streptococcus_oralis	False	0	94	gyrA,gyrB,parC,parE
N16_2_4	Streptococcus_pneumoniae	False	0	96	gyrA,gyrB,parC,parE
N17_1_2	Enterococcus_faecalis	False	0	111	gyrA,gyrB,parC,parE
N17_1_2	Enterococcus_faecium	False	0	123	gyrA,gyrB,parC,parE
N17_1_2	Escherichia_coli	False	0	110	gyrA,gyrB,parC,parE
N17_1_2	Klebsiella_oxytoca	False	0	36	gyrA,gyrB,parE
N17_1_2	Klebsiella_pneumoniae	False	0	57	gyrA,gyrB,parE
N17_1_2	Pseudomonas_aeruginosa	False	0	57	gyrA,gyrB,parC,parE
N17_1_2	Staphylococcus_aureus	True	11	528	gyrA,gyrB,parC,parE
N17_1_2	Streptococcus_mitis	False	0	14	gyrA,gyrB,parC,parE
N17_1_2	Streptococcus_oralis	False	0	65	gyrA,gyrB,parC,parE
N17_1_2	Streptococcus_pneumoniae	False	0	115	gyrA,gyrB,parC,parE
N17_1_3	Enterococcus_faecalis	False	0	97	gyrA,gyrB,parC,parE
N17_1_3	Enterococcus_faecium	False	0	136	gyrA,gyrB,parC,parE
N17_1_3	Escherichia_coli	False	0	232	gyrA,gyrB,parC,parE
N17_1_3	Klebsiella_oxytoca	True	7	170	gyrA,gyrB,parC,parE
N17_1_3	Klebsiella_pneumoniae	True	1	96	gyrA,gyrB,parE
N17_1_3	Pseudomonas_aeruginosa	False	0	45	gyrA,gyrB,parC,parE
N17_1_3	Staphylococcus_aureus	False	0	293	gyrA,gyrB,parC,parE
N17_1_3	Streptococcus_mitis	False	0	17	gyrA,gyrB,parC,parE
N17_1_3	Streptococcus_oralis	False	0	27	gyrA,gyrB,parC,parE
N17_1_3	Streptococcus_pneumoniae	False	0	34	gyrA,gyrB,parC,parE
N17_1_4	Enterococcus_faecalis	False	0	47	gyrA,gyrB,parE
N17_1_4	Enterococcus_faecium	False	0	27	gyrA,gyrB,parC,parE
N17_1_4	Escherichia_coli	True	3	309	gyrA,gyrB,parC,parE
N17_1_4	Klebsiella_oxytoca	False	0	337	gyrA,gyrB,parC,parE
N17_1_4	Klebsiella_pneumoniae	True	1	136	gyrA,gyrB,parE
N17_1_4	Pseudomonas_aeruginosa	True	3	60	gyrA,gyrB,parC,parE
N17_1_4	Staphylococcus_aureus	True	5	251	gyrA,gyrB,parC,parE
N17_1_4	Streptococcus_mitis	False	0	21	gyrA,parC,parE
N17_1_4	Streptococcus_oralis	False	0	24	gyrA,gyrB,parC,parE
N17_1_4	Streptococcus_pneumoniae	False	0	26	gyrA,gyrB,parC,parE
N17_2_2	Enterococcus_faecalis	False	0	32	gyrA,gyrB,parE
N17_2_2	Enterococcus_faecium	False	0	13	gyrA,gyrB,parC,parE
N17_2_2	Escherichia_coli	False	0	35	gyrA,gyrB,parC,parE
N17_2_2	Klebsiella_oxytoca	False	0	19	gyrA,gyrB,parC,parE
N17_2_2	Klebsiella_pneumoniae	False	0	23	gyrA,gyrB,parE
N17_2_2	Pseudomonas_aeruginosa	False	0	86	gyrA,gyrB,parC,parE
N17_2_2	Staphylococcus_aureus	False	0	107	gyrA,gyrB,parC,parE
N17_2_2	Streptococcus_mitis	False	0	0	gyrA,gyrB,parC,parE
N17_2_2	Streptococcus_oralis	False	0	46	gyrA,gyrB,parC,parE
N17_2_2	Streptococcus_pneumoniae	False	0	45	gyrA,gyrB,parC,parE
N17_2_3	Enterococcus_faecalis	False	0	49	gyrA,gyrB,parC,parE
N17_2_3	Enterococcus_faecium	False	0	24	gyrA,gyrB,parC,parE
N17_2_3	Escherichia_coli	True	1	98	gyrA,gyrB,parC,parE
N17_2_3	Klebsiella_oxytoca	False	0	35	gyrA,gyrB,parC,parE
N17_2_3	Klebsiella_pneumoniae	True	4	67	gyrA,gyrB,parE
N17_2_3	Pseudomonas_aeruginosa	False	0	84	gyrA,gyrB,parC,parE
N17_2_3	Staphylococcus_aureus	True	15	195	gyrA,gyrB,parC,parE
N17_2_3	Streptococcus_mitis	True	6	26	gyrA,gyrB,parC,parE
N17_2_3	Streptococcus_oralis	True	6	66	gyrA,gyrB,parC,parE
N17_2_3	Streptococcus_pneumoniae	False	0	35	gyrA,gyrB,parC,parE
N17_2_4	Enterococcus_faecalis	True	1	5	gyrA,gyrB,parC,parE
N17_2_4	Enterococcus_faecium	False	0	6	gyrA,gyrB,parE
N17_2_4	Escherichia_coli	False	0	17	gyrA,gyrB,parC,parE
N17_2_4	Klebsiella_oxytoca	False	0	6	gyrA,gyrB,parC,parE
N17_2_4	Klebsiella_pneumoniae	True	1	7	gyrA,gyrB,parE
N17_2_4	Pseudomonas_aeruginosa	False	0	1	gyrA,gyrB
N17_2_4	Staphylococcus_aureus	False	0	17	gyrA,gyrB,parC
N17_2_4	Streptococcus_mitis	False	0	2	gyrA,parE
N17_2_4	Streptococcus_oralis	False	0	4	gyrA,gyrB,parE
N17_2_4	Streptococcus_pneumoniae	False	0	6	gyrA,gyrB,parE
N18_1_2	Enterococcus_faecalis	False	0	19	gyrA,gyrB,parC,parE
N18_1_2	Enterococcus_faecium	False	0	2	gyrA,parC,parE
N18_1_2	Escherichia_coli	False	0	37	gyrA,gyrB,parE
N18_1_2	Klebsiella_oxytoca	False	0	0	gyrA,gyrB,parC,parE
N18_1_2	Klebsiella_pneumoniae	False	0	31	gyrA,gyrB,parE
N18_1_2	Pseudomonas_aeruginosa	False	0	121	gyrA,gyrB,parC,parE
N18_1_2	Staphylococcus_aureus	True	1	146	gyrA,gyrB,parC,parE
N18_1_2	Streptococcus_mitis	False	0	0	gyrA,gyrB,parC,parE
N18_1_2	Streptococcus_oralis	False	0	55	gyrA,gyrB,parC,parE
N18_1_2	Streptococcus_pneumoniae	False	0	37	gyrA,gyrB,parC,parE
N18_1_3	Enterococcus_faecalis	False	0	13	gyrA,gyrB,parC,parE
N18_1_3	Enterococcus_faecium	False	0	9	gyrA,gyrB,parC,parE
N18_1_3	Escherichia_coli	False	0	3	gyrA,gyrB,parE
N18_1_3	Klebsiella_oxytoca	False	0	0	gyrA,gyrB,parC
N18_1_3	Klebsiella_pneumoniae	False	0	0	gyrB
N18_1_3	Pseudomonas_aeruginosa	False	0	12	gyrA,gyrB,parC,parE
N18_1_3	Staphylococcus_aureus	True	3	48	gyrA,gyrB,parC,parE
N18_1_3	Streptococcus_mitis	False	0	4	gyrA,gyrB,parC,parE
N18_1_3	Streptococcus_oralis	False	0	8	gyrA,gyrB,parC,parE
N18_1_3	Streptococcus_pneumoniae	False	0	13	gyrA,gyrB,parC,parE
N18_1_4	Enterococcus_faecalis	True	1	488	gyrA,gyrB,parC,parE
N18_1_4	Enterococcus_faecium	True	1	1360	gyrA,gyrB,parC,parE
N18_1_4	Escherichia_coli	False	0	59	gyrA,gyrB,parC,parE
N18_1_4	Klebsiella_oxytoca	False	0	61	gyrA,gyrB,parC,parE
N18_1_4	Klebsiella_pneumoniae	False	0	11	gyrA,gyrB,parE
N18_1_4	Pseudomonas_aeruginosa	True	1	38	gyrA,gyrB,parC,parE
N18_1_4	Staphylococcus_aureus	True	218	960	gyrA,gyrB,parC,parE
N18_1_4	Streptococcus_mitis	False	0	458	gyrA,gyrB,parC,parE
N18_1_4	Streptococcus_oralis	True	1	608	gyrA,gyrB,parC,parE
N18_1_4	Streptococcus_pneumoniae	False	0	458	gyrA,gyrB,parC,parE
N18_2_2	Enterococcus_faecalis	False	0	145	gyrA,gyrB,parC,parE
N18_2_2	Enterococcus_faecium	False	0	12	gyrA,gyrB,parE
N18_2_2	Escherichia_coli	False	0	137	gyrA,gyrB,parC,parE
N18_2_2	Klebsiella_oxytoca	False	0	10	gyrA,gyrB,parC,parE
N18_2_2	Klebsiella_pneumoniae	False	0	121	gyrA,gyrB,parE
N18_2_2	Pseudomonas_aeruginosa	False	0	470	gyrA,gyrB,parE
N18_2_2	Staphylococcus_aureus	True	5	492	gyrA,gyrB,parC,parE
N18_2_2	Streptococcus_mitis	False	0	4	gyrA,gyrB,parC,parE
N18_2_2	Streptococcus_oralis	False	0	602	gyrA,gyrB,parC,parE
N18_2_2	Streptococcus_pneumoniae	False	0	404	gyrA,gyrB,parC,parE
N18_2_3	Enterococcus_faecalis	False	0	7	gyrA,gyrB,parC,parE
N18_2_3	Enterococcus_faecium	False	0	3	gyrA,parC,parE
N18_2_3	Escherichia_coli	False	0	4	gyrA,gyrB,parC,parE
N18_2_3	Klebsiella_oxytoca	False	0	2	gyrA,gyrB,parC,parE
N18_2_3	Klebsiella_pneumoniae	False	0	2	gyrA,gyrB,parE
N18_2_3	Pseudomonas_aeruginosa	False	0	0	gyrB,parC
N18_2_3	Staphylococcus_aureus	True	1	3	gyrA,gyrB,parC,parE
N18_2_3	Streptococcus_mitis	False	0	0	gyrA,gyrB,parE
N18_2_3	Streptococcus_oralis	False	0	3	gyrA,gyrB,parE
N18_2_3	Streptococcus_pneumoniae	False	0	2	gyrA,gyrB,parE
N18_2_4	Enterococcus_faecalis	False	0	0	gyrA,gyrB,parC,parE
N18_2_4	Enterococcus_faecium	False	0	0	gyrA,parC,parE
N18_2_4	Escherichia_coli	False	0	12	gyrA,gyrB,parC,parE
N18_2_4	Klebsiella_oxytoca	False	0	5	gyrA,gyrB,parC,parE
N18_2_4	Klebsiella_pneumoniae	False	0	0	gyrA,gyrB,parE
N18_2_4	Pseudomonas_aeruginosa	False	0	6	gyrA,gyrB,parE
N18_2_4	Staphylococcus_aureus	False	0	21	gyrA,gyrB,parE
N18_2_4	Streptococcus_mitis	False	0	6	gyrA,parE
N18_2_4	Streptococcus_oralis	False	0	6	gyrA,parC,parE
N18_2_4	Streptococcus_pneumoniae	False	0	6	gyrA,gyrB,parE
N19_1_2	Enterococcus_faecalis	False	0	175	gyrA,gyrB,parC,parE
N19_1_2	Enterococcus_faecium	False	0	23	gyrA,gyrB,parC,parE
N19_1_2	Escherichia_coli	False	0	207	gyrA,gyrB,parC,parE
N19_1_2	Klebsiella_oxytoca	False	0	3	gyrA,gyrB,parC,parE
N19_1_2	Klebsiella_pneumoniae	False	0	198	gyrA,gyrB,parE
N19_1_2	Pseudomonas_aeruginosa	False	0	827	gyrA,gyrB,parC,parE
N19_1_2	Staphylococcus_aureus	True	20	762	gyrA,gyrB,parC,parE
N19_1_2	Streptococcus_mitis	False	0	2	gyrA,gyrB,parC,parE
N19_1_2	Streptococcus_oralis	False	0	533	gyrA,gyrB,parC,parE
N19_1_2	Streptococcus_pneumoniae	False	0	351	gyrA,gyrB,parC,parE
N19_1_3	Enterococcus_faecalis	False	0	3	gyrA,gyrB,parC,parE
N19_1_3	Enterococcus_faecium	False	0	12	gyrA,gyrB
N19_1_3	Escherichia_coli	False	0	105	gyrA,gyrB,parC,parE
N19_1_3	Klebsiella_oxytoca	True	3	45	gyrA,gyrB,parC,parE
N19_1_3	Klebsiella_pneumoniae	False	0	71	gyrA,gyrB,parE
N19_1_3	Pseudomonas_aeruginosa	False	0	37	gyrA,gyrB,parC,parE
N19_1_3	Staphylococcus_aureus	True	5	38	gyrA,gyrB,parC,parE
N19_1_3	Streptococcus_mitis	False	0	1	gyrA,gyrB,parC
N19_1_3	Streptococcus_oralis	False	0	4	gyrA,gyrB
N19_1_3	Streptococcus_pneumoniae	False	0	1	gyrA,gyrB,parC
N19_1_4	Enterococcus_faecalis	True	1	25	gyrA,gyrB,parC,parE
N19_1_4	Enterococcus_faecium	True	1	129	gyrA,gyrB,parC,parE
N19_1_4	Escherichia_coli	True	4	465	gyrA,gyrB,parC,parE
N19_1_4	Klebsiella_oxytoca	False	0	270	gyrA,gyrB,parC,parE
N19_1_4	Klebsiella_pneumoniae	True	3	300	gyrA,gyrB,parE
N19_1_4	Pseudomonas_aeruginosa	False	0	287	gyrA,gyrB,parC,parE
N19_1_4	Staphylococcus_aureus	True	15	60	gyrA,gyrB,parC,parE
N19_1_4	Streptococcus_mitis	False	0	41	gyrA,gyrB,parC,parE
N19_1_4	Streptococcus_oralis	False	0	60	gyrA,gyrB,parC,parE
N19_1_4	Streptococcus_pneumoniae	False	0	44	gyrA,gyrB,parC,parE
N19_2_2	Enterococcus_faecalis	False	0	242	gyrA,gyrB,parC,parE
N19_2_2	Enterococcus_faecium	False	0	13	gyrA,gyrB,parC,parE
N19_2_2	Escherichia_coli	False	0	134	gyrA,gyrB,parC,parE
N19_2_2	Klebsiella_oxytoca	False	0	12	gyrA,gyrB,parC,parE
N19_2_2	Klebsiella_pneumoniae	False	0	106	gyrA,gyrB,parE
N19_2_2	Pseudomonas_aeruginosa	False	0	708	gyrA,gyrB,parC,parE
N19_2_2	Staphylococcus_aureus	True	12	662	gyrA,gyrB,parC,parE
N19_2_2	Streptococcus_mitis	False	0	6	gyrA,gyrB,parC,parE
N19_2_2	Streptococcus_oralis	False	0	686	gyrA,gyrB,parC,parE
N19_2_2	Streptococcus_pneumoniae	False	0	498	gyrA,gyrB,parC,parE
N19_2_3	Enterococcus_faecalis	True	1	270	gyrA,gyrB,parC,parE
N19_2_3	Enterococcus_faecium	True	1	403	gyrA,gyrB,parC,parE
N19_2_3	Escherichia_coli	False	0	99	gyrA,gyrB,parC,parE
N19_2_3	Klebsiella_oxytoca	True	1	25	gyrA,gyrB,parC,parE
N19_2_3	Klebsiella_pneumoniae	True	1	67	gyrA,gyrB,parE
N19_2_3	Pseudomonas_aeruginosa	False	0	228	gyrA,gyrB,parC,parE
N19_2_3	Staphylococcus_aureus	True	109	1229	gyrA,gyrB,parC,parE
N19_2_3	Streptococcus_mitis	True	6	165	gyrA,gyrB,parC,parE
N19_2_3	Streptococcus_oralis	True	3	466	gyrA,gyrB,parC,parE
N19_2_3	Streptococcus_pneumoniae	False	0	355	gyrA,gyrB,parC,parE
N19_2_4	Enterococcus_faecalis	True	1	35	gyrA,gyrB,parC,parE
N19_2_4	Enterococcus_faecium	True	1	37	gyrA,gyrB,parC,parE
N19_2_4	Escherichia_coli	False	0	94	gyrA,gyrB,parC,parE
N19_2_4	Klebsiella_oxytoca	False	0	40	gyrA,gyrB,parC,parE
N19_2_4	Klebsiella_pneumoniae	True	1	37	gyrA,gyrB,parE
N19_2_4	Pseudomonas_aeruginosa	False	0	18	gyrA,gyrB,parC,parE
N19_2_4	Staphylococcus_aureus	True	2	116	gyrA,gyrB,parC,parE
N19_2_4	Streptococcus_mitis	False	0	15	gyrA,gyrB,parC,parE
N19_2_4	Streptococcus_oralis	False	0	23	gyrA,gyrB,parC,parE
N19_2_4	Streptococcus_pneumoniae	False	0	23	gyrA,gyrB,parC,parE
N20_1_2	Enterococcus_faecalis	False	0	24	gyrA,gyrB,parE
N20_1_2	Enterococcus_faecium	False	0	13	gyrA,gyrB
N20_1_2	Escherichia_coli	False	0	23	gyrA,gyrB,parC,parE
N20_1_2	Klebsiella_oxytoca	False	0	0	gyrA,gyrB,parE
N20_1_2	Klebsiella_pneumoniae	False	0	13	gyrA,gyrB,parE
N20_1_2	Pseudomonas_aeruginosa	False	0	66	gyrA,gyrB,parC,parE
N20_1_2	Staphylococcus_aureus	False	0	84	gyrA,gyrB,parE
N20_1_2	Streptococcus_mitis	False	0	3	gyrA,gyrB,parC,parE
N20_1_2	Streptococcus_oralis	False	0	65	gyrA,gyrB,parC,parE
N20_1_2	Streptococcus_pneumoniae	False	0	45	gyrA,gyrB,parC,parE
N20_1_3	Enterococcus_faecalis	False	0	89	gyrA,gyrB,parC,parE
N20_1_3	Enterococcus_faecium	False	0	47	gyrA,gyrB,parC,parE
N20_1_3	Escherichia_coli	False	0	56	gyrA,gyrB,parC,parE
N20_1_3	Klebsiella_oxytoca	False	0	13	gyrA,gyrB,parC,parE
N20_1_3	Klebsiella_pneumoniae	False	0	32	gyrA,gyrB,parE
N20_1_3	Pseudomonas_aeruginosa	False	0	80	gyrA,gyrB,parC,parE
N20_1_3	Staphylococcus_aureus	True	30	541	gyrA,gyrB,parC,parE
N20_1_3	Streptococcus_mitis	False	0	5	gyrA,gyrB,parC,parE
N20_1_3	Streptococcus_oralis	False	0	51	gyrA,gyrB,parC,parE
N20_1_3	Streptococcus_pneumoniae	False	0	40	gyrA,gyrB,parC,parE
N20_1_4	Enterococcus_faecalis	False	0	7	gyrA,gyrB,parC,parE
N20_1_4	Enterococcus_faecium	False	0	7	gyrA,gyrB,parC,parE
N20_1_4	Escherichia_coli	True	1	12	gyrA,gyrB,parC,parE
N20_1_4	Klebsiella_oxytoca	False	0	6	gyrA,gyrB,parC,parE
N20_1_4	Klebsiella_pneumoniae	False	0	6	gyrA,gyrB,parE
N20_1_4	Pseudomonas_aeruginosa	False	0	2	gyrA,gyrB,parE
N20_1_4	Staphylococcus_aureus	True	442	5711	gyrA,gyrB,parC,parE
N20_1_4	Streptococcus_mitis	True	5	11	gyrA,gyrB,parC,parE
N20_1_4	Streptococcus_oralis	True	5	18	gyrA,gyrB,parC,parE
N20_1_4	Streptococcus_pneumoniae	False	0	18	gyrA,gyrB,parC,parE
N20_2_2	Enterococcus_faecalis	False	0	126	gyrA,gyrB,parC,parE
N20_2_2	Enterococcus_faecium	False	0	13	gyrA,parC,parE
N20_2_2	Escherichia_coli	False	0	81	gyrA,gyrB,parC,parE
N20_2_2	Klebsiella_oxytoca	False	0	4	gyrA,gyrB,parC,parE
N20_2_2	Klebsiella_pneumoniae	False	0	69	gyrA,gyrB,parE
N20_2_2	Pseudomonas_aeruginosa	False	0	378	gyrA,gyrB,parE
N20_2_2	Staphylococcus_aureus	True	1	334	gyrA,gyrB,parC,parE
N20_2_2	Streptococcus_mitis	False	0	5	gyrA,gyrB,parC,parE
N20_2_2	Streptococcus_oralis	False	0	417	gyrA,gyrB,parC,parE
N20_2_2	Streptococcus_pneumoniae	False	0	267	gyrA,gyrB,parC,parE
N20_2_3	Enterococcus_faecalis	False	0	0	parC
N20_2_3	Enterococcus_faecium	False	0	3	gyrA,gyrB,parC,parE
N20_2_3	Escherichia_coli	False	0	9	gyrB,parC,parE
N20_2_3	Klebsiella_oxytoca	False	0	3	gyrB,parC,parE
N20_2_3	Klebsiella_pneumoniae	False	0	1	gyrA,gyrB,parE
N20_2_3	Pseudomonas_aeruginosa	False	0	1	gyrA,gyrB,parC
N20_2_3	Staphylococcus_aureus	False	0	0	gyrA
N20_2_3	Streptococcus_mitis	False	0	0	parC
N20_2_3	Streptococcus_oralis	False	0	0	parC
N20_2_3	Streptococcus_pneumoniae	False	0	0	parC
N20_2_4	Enterococcus_faecalis	False	0	5	gyrA,gyrB,parC,parE
N20_2_4	Enterococcus_faecium	False	0	15	gyrA,gyrB,parC,parE
N20_2_4	Escherichia_coli	True	3	180	gyrA,gyrB,parC,parE
N20_2_4	Klebsiella_oxytoca	False	0	97	gyrA,gyrB,parC,parE
N20_2_4	Klebsiella_pneumoniae	True	3	92	gyrA,gyrB,parE
N20_2_4	Pseudomonas_aeruginosa	False	0	2	gyrA,gyrB,parC,parE
N20_2_4	Staphylococcus_aureus	False	0	25	gyrA,gyrB
N20_2_4	Streptococcus_mitis	False	0	2	gyrA
N20_2_4	Streptococcus_oralis	False	0	2	gyrA,gyrB
N20_2_4	Streptococcus_pneumoniae	False	0	4	gyrA,gyrB
N21_1_2	Enterococcus_faecalis	False	0	45	gyrA,gyrB,parC,parE
N21_1_2	Enterococcus_faecium	False	0	27	gyrA,gyrB,parC,parE
N21_1_2	Escherichia_coli	False	0	90	gyrA,gyrB,parC,parE
N21_1_2	Klebsiella_oxytoca	False	0	34	gyrA,gyrB,parC,parE
N21_1_2	Klebsiella_pneumoniae	True	1	62	gyrA,gyrB,parE
N21_1_2	Pseudomonas_aeruginosa	False	0	148	gyrA,gyrB,parC,parE
N21_1_2	Staphylococcus_aureus	True	21	559	gyrA,gyrB,parC,parE
N21_1_2	Streptococcus_mitis	False	0	1	gyrA,gyrB,parC,parE
N21_1_2	Streptococcus_oralis	False	0	90	gyrA,gyrB,parC,parE
N21_1_2	Streptococcus_pneumoniae	False	0	77	gyrA,gyrB,parC,parE
N21_1_3	Enterococcus_faecalis	True	1	115	gyrA,gyrB,parC,parE
N21_1_3	Enterococcus_faecium	True	1	226	gyrA,gyrB,parC,parE
N21_1_3	Escherichia_coli	False	0	261	gyrA,gyrB,parC,parE
N21_1_3	Klebsiella_oxytoca	True	2	122	gyrA,gyrB,parC,parE
N21_1_3	Klebsiella_pneumoniae	True	3	112	gyrA,gyrB,parE
N21_1_3	Pseudomonas_aeruginosa	True	2	62	gyrA,gyrB,parC,parE
N21_1_3	Staphylococcus_aureus	True	17	306	gyrA,gyrB,parC,parE
N21_1_3	Streptococcus_mitis	False	0	40	gyrA,gyrB,parC,parE
N21_1_3	Streptococcus_oralis	False	0	99	gyrA,gyrB,parC,parE
N21_1_3	Streptococcus_pneumoniae	False	0	97	gyrA,gyrB,parC,parE
N21_1_4	Enterococcus_faecalis	True	1	26	gyrA,gyrB,parC,parE
N21_1_4	Enterococcus_faecium	True	1	55	gyrA,gyrB,parC,parE
N21_1_4	Escherichia_coli	True	1	205	gyrA,gyrB,parC,parE
N21_1_4	Klebsiella_oxytoca	False	0	117	gyrA,gyrB,parC,parE
N21_1_4	Klebsiella_pneumoniae	True	1	104	gyrA,gyrB,parE
N21_1_4	Pseudomonas_aeruginosa	False	0	5	gyrA,gyrB,parC,parE
N21_1_4	Staphylococcus_aureus	False	0	15	gyrA,gyrB,parE
N21_1_4	Streptococcus_mitis	False	0	16	gyrA,parC,parE
N21_1_4	Streptococcus_oralis	False	0	22	gyrA,gyrB,parE
N21_1_4	Streptococcus_pneumoniae	False	0	19	gyrA,gyrB,parC,parE
N21_2_2	Enterococcus_faecalis	False	0	6	gyrA,gyrB,parC,parE
N21_2_2	Enterococcus_faecium	False	0	10	gyrA,gyrB,parC,parE
N21_2_2	Escherichia_coli	False	0	95	gyrA,gyrB,parC,parE
N21_2_2	Klebsiella_oxytoca	False	0	38	gyrA,gyrB,parC,parE
N21_2_2	Klebsiella_pneumoniae	True	2	65	gyrA,gyrB,parE
N21_2_2	Pseudomonas_aeruginosa	False	0	42	gyrA,gyrB,parE
N21_2_2	Staphylococcus_aureus	True	1	104	gyrA,gyrB,parC,parE
N21_2_2	Streptococcus_mitis	False	0	0	gyrA,gyrB,parC,parE
N21_2_2	Streptococcus_oralis	False	0	11	gyrA,gyrB,parC,parE
N21_2_2	Streptococcus_pneumoniae	False	0	5	gyrA,gyrB,parC,parE
N21_2_3	Enterococcus_faecalis	False	0	6	gyrA,gyrB
N21_2_3	Enterococcus_faecium	False	0	2	gyrA
N21_2_3	Escherichia_coli	True	2	173	gyrA,gyrB,parC,parE
N21_2_3	Klebsiella_oxytoca	True	2	80	gyrA,gyrB,parC,parE
N21_2_3	Klebsiella_pneumoniae	True	3	73	gyrA,gyrB,parE
N21_2_3	Pseudomonas_aeruginosa	False	0	0	gyrB
N21_2_3	Staphylococcus_aureus	False	0	7	gyrA,gyrB,parC,parE
N21_2_3	Streptococcus_mitis	False	0	4	gyrA
N21_2_3	Streptococcus_oralis	False	0	4	gyrA,gyrB
N21_2_3	Streptococcus_pneumoniae	False	0	4	gyrA,gyrB
N21_2_4	Enterococcus_faecalis	False	0	5	gyrA,gyrB,parC,parE
N21_2_4	Enterococcus_faecium	False	0	15	gyrA,gyrB,parE
N21_2_4	Escherichia_coli	True	4	343	gyrA,gyrB,parC,parE
N21_2_4	Klebsiella_oxytoca	True	5	176	gyrA,gyrB,parC,parE
N21_2_4	Klebsiella_pneumoniae	True	2	171	gyrA,gyrB,parE
N21_2_4	Pseudomonas_aeruginosa	False	0	9	gyrA,gyrB,parC,parE
N21_2_4	Staphylococcus_aureus	True	1	1	gyrA,gyrB,parC
N21_2_4	Streptococcus_mitis	False	0	7	gyrA,parC,parE
N21_2_4	Streptococcus_oralis	False	0	11	gyrA,gyrB,parC,parE
N21_2_4	Streptococcus_pneumoniae	False	0	11	gyrA,gyrB,parC,parE
N22_1_2	Enterococcus_faecalis	False	0	10	gyrA,gyrB,parC,parE
N22_1_2	Enterococcus_faecium	False	0	0	gyrB,parC
N22_1_2	Escherichia_coli	False	0	24	gyrA,gyrB,parC,parE
N22_1_2	Klebsiella_oxytoca	False	0	2	gyrA,gyrB,parC,parE
N22_1_2	Klebsiella_pneumoniae	True	1	24	gyrA,gyrB,parE
N22_1_2	Pseudomonas_aeruginosa	False	0	108	gyrA,gyrB,parC,parE
N22_1_2	Staphylococcus_aureus	False	0	82	gyrA,gyrB,parC,parE
N22_1_2	Streptococcus_mitis	True	2	2	gyrA,gyrB,parC
N22_1_2	Streptococcus_oralis	True	2	78	gyrA,gyrB
N22_1_2	Streptococcus_pneumoniae	False	0	50	gyrA,gyrB
N22_1_3	Enterococcus_faecalis	False	0	34	gyrA,gyrB,parC,parE
N22_1_3	Enterococcus_faecium	False	0	40	gyrA,gyrB,parC,parE
N22_1_3	Escherichia_coli	False	0	51	gyrA,gyrB,parC,parE
N22_1_3	Klebsiella_oxytoca	False	0	14	gyrA,gyrB,parC,parE
N22_1_3	Klebsiella_pneumoniae	True	1	32	gyrA,gyrB,parE
N22_1_3	Pseudomonas_aeruginosa	False	0	25	gyrA,gyrB,parC,parE
N22_1_3	Staphylococcus_aureus	True	47	700	gyrA,gyrB,parC,parE
N22_1_3	Streptococcus_mitis	True	2	2	gyrA,gyrB,parC,parE
N22_1_3	Streptococcus_oralis	True	2	29	gyrA,gyrB,parC,parE
N22_1_3	Streptococcus_pneumoniae	False	0	30	gyrA,gyrB,parC,parE
N22_1_4	Enterococcus_faecalis	False	0	2	gyrA,gyrB,parE
N22_1_4	Enterococcus_faecium	False	0	2	parE
N22_1_4	Escherichia_coli	True	3	464	gyrA,gyrB,parC,parE
N22_1_4	Klebsiella_oxytoca	True	4	227	gyrA,gyrB,parC,parE
N22_1_4	Klebsiella_pneumoniae	True	1	299	gyrA,gyrB,parE
N22_1_4	Pseudomonas_aeruginosa	True	1	9	gyrA,gyrB,parC,parE
N22_1_4	Staphylococcus_aureus	False	0	21	gyrA,gyrB,parC,parE
N22_1_4	Streptococcus_mitis	False	0	0	gyrA
N22_1_4	Streptococcus_oralis	False	0	0	gyrA,parC
N22_2_2	Enterococcus_faecalis	False	0	24	gyrA,gyrB,parC,parE
N22_2_2	Enterococcus_faecium	False	0	0	gyrA,gyrB,parC,parE
N22_2_2	Escherichia_coli	True	3	86	gyrA,gyrB,parC,parE
N22_2_2	Klebsiella_oxytoca	True	25	80	gyrA,gyrB,parC,parE
N22_2_2	Klebsiella_pneumoniae	True	8	44	gyrA,gyrB,parE
N22_2_2	Pseudomonas_aeruginosa	False	0	199	gyrA,gyrB,parC,parE
N22_2_2	Staphylococcus_aureus	True	7	501	gyrA,gyrB,parC,parE
N22_2_2	Streptococcus_mitis	False	0	2	gyrA,gyrB,parC,parE
N22_2_2	Streptococcus_oralis	False	0	90	gyrA,gyrB,parC,parE
N22_2_2	Streptococcus_pneumoniae	False	0	59	gyrA,gyrB,parC,parE
N22_2_3	Enterococcus_faecalis	False	0	5	gyrA,gyrB,parC,parE
N22_2_3	Enterococcus_faecium	False	0	4	gyrA,gyrB,parC,parE
N22_2_3	Escherichia_coli	True	7	522	gyrA,gyrB,parC,parE
N22_2_3	Klebsiella_oxytoca	False	0	317	gyrA,gyrB,parC,parE
N22_2_3	Klebsiella_pneumoniae	True	3	266	gyrA,gyrB,parE
N22_2_3	Pseudomonas_aeruginosa	False	0	48	gyrA,gyrB,parC,parE
N22_2_3	Staphylococcus_aureus	True	2	45	gyrA,gyrB,parC,parE
N22_2_3	Streptococcus_mitis	True	1	4	gyrA,gyrB,parE
N22_2_3	Streptococcus_oralis	True	1	34	gyrA,gyrB,parE
N22_2_3	Streptococcus_pneumoniae	False	0	16	gyrA,gyrB,parE
N22_2_4	Enterococcus_faecalis	True	1	10	gyrA,gyrB,parC,parE
N22_2_4	Enterococcus_faecium	False	0	5	gyrA,gyrB,parE
N22_2_4	Escherichia_coli	False	0	107	gyrA,gyrB,parC,parE
N22_2_4	Klebsiella_oxytoca	False	0	34	gyrA,gyrB,parC,parE
N22_2_4	Klebsiella_pneumoniae	False	0	71	gyrA,gyrB,parE
N22_2_4	Pseudomonas_aeruginosa	False	0	5	gyrA,gyrB,parC,parE
N22_2_4	Staphylococcus_aureus	False	0	4	gyrA,gyrB
N22_2_4	Streptococcus_mitis	False	0	3	gyrA,parE
N22_2_4	Streptococcus_oralis	False	0	3	gyrA,gyrB,parE
N22_2_4	Streptococcus_pneumoniae	False	0	3	gyrA,gyrB,parE
N23_1_4	Enterococcus_faecalis	False	0	106	gyrA,gyrB,parC,parE
N23_1_4	Enterococcus_faecium	False	0	49	gyrA,gyrB,parC,parE
N23_1_4	Escherichia_coli	False	0	22	gyrA,gyrB,parE
N23_1_4	Klebsiella_oxytoca	False	0	84	gyrA,parE
N23_1_4	Klebsiella_pneumoniae	False	0	7	gyrA,parE
N23_1_4	Pseudomonas_aeruginosa	True	3	51	gyrA,gyrB,parE
N23_1_4	Staphylococcus_aureus	True	154	1005	gyrA,gyrB,parC,parE
N23_1_4	Streptococcus_mitis	False	0	30	gyrA,parC,parE
N23_1_4	Streptococcus_oralis	False	0	36	gyrA,gyrB,parC,parE
N23_1_4	Streptococcus_pneumoniae	False	0	33	gyrA,gyrB,parC,parE
N23_2_2	Enterococcus_faecalis	False	0	330	gyrA,gyrB,parC,parE
N23_2_2	Enterococcus_faecium	False	0	162	gyrA,gyrB,parC,parE
N23_2_2	Escherichia_coli	False	0	275	gyrA,gyrB,parC,parE
N23_2_2	Klebsiella_oxytoca	True	1	48	gyrA,gyrB,parC,parE
N23_2_2	Klebsiella_pneumoniae	True	2	217	gyrA,gyrB,parE
N23_2_2	Pseudomonas_aeruginosa	True	2	898	gyrA,gyrB,parC,parE
N23_2_2	Staphylococcus_aureus	True	44	1134	gyrA,gyrB,parC,parE
N23_2_2	Streptococcus_mitis	False	0	2	gyrA,gyrB,parC,parE
N23_2_2	Streptococcus_oralis	False	0	417	gyrA,gyrB,parC,parE
N23_2_2	Streptococcus_pneumoniae	False	0	362	gyrA,gyrB,parC,parE
N23_2_3	Enterococcus_faecalis	False	0	277	gyrA,gyrB,parC,parE
N23_2_3	Enterococcus_faecium	False	0	112	gyrA,gyrB,parC,parE
N23_2_3	Escherichia_coli	False	0	357	gyrA,gyrB,parC,parE
N23_2_3	Klebsiella_oxytoca	False	0	51	gyrA,gyrB,parC,parE
N23_2_3	Klebsiella_pneumoniae	True	1	266	gyrA,gyrB,parE
N23_2_3	Pseudomonas_aeruginosa	True	6	759	gyrA,gyrB,parC,parE
N23_2_3	Staphylococcus_aureus	True	52	1102	gyrA,gyrB,parC,parE
N23_2_3	Streptococcus_mitis	False	0	5	gyrA,gyrB,parC,parE
N23_2_3	Streptococcus_oralis	False	0	377	gyrA,gyrB,parC,parE
N23_2_3	Streptococcus_pneumoniae	False	0	320	gyrA,gyrB,parC,parE
N23_2_4	Enterococcus_faecalis	False	0	3	gyrA,gyrB
N23_2_4	Enterococcus_faecium	False	0	0	gyrA,gyrB
N23_2_4	Escherichia_coli	True	2	430	gyrA,gyrB,parC,parE
N23_2_4	Klebsiella_oxytoca	True	2	205	gyrA,gyrB,parC,parE
N23_2_4	Klebsiella_pneumoniae	True	1	229	gyrA,gyrB,parE
N23_2_4	Pseudomonas_aeruginosa	False	0	6	gyrA,gyrB,parC,parE
N23_2_4	Staphylococcus_aureus	True	7	16	gyrA,gyrB,parC,parE
N23_2_4	Streptococcus_mitis	False	0	0	gyrA
N23_2_4	Streptococcus_oralis	False	0	0	gyrA,parE
N23_2_4	Streptococcus_pneumoniae	False	0	0	gyrA,parE
N24_1_2	Enterococcus_faecalis	False	0	7	gyrA,gyrB,parC,parE
N24_1_2	Enterococcus_faecium	False	0	2	gyrA,gyrB
N24_1_2	Escherichia_coli	False	0	0	gyrA,gyrB
N24_1_2	Klebsiella_oxytoca	False	0	0	gyrB
N24_1_2	Klebsiella_pneumoniae	False	0	0	gyrB
N24_1_2	Pseudomonas_aeruginosa	False	0	11	gyrA,gyrB,parE
N24_1_2	Staphylococcus_aureus	True	1	22	gyrA,gyrB,parC,parE
N24_1_2	Streptococcus_mitis	False	0	0	gyrB,parE
N24_1_2	Streptococcus_oralis	False	0	4	gyrB,parE
N24_1_2	Streptococcus_pneumoniae	False	0	4	gyrB,parE
N24_1_3	Enterococcus_faecalis	False	0	0	gyrA,gyrB,parE
N24_1_3	Escherichia_coli	False	0	20	gyrA,gyrB,parC,parE
N24_1_3	Klebsiella_oxytoca	False	0	19	gyrA,gyrB,parC,parE
N24_1_3	Klebsiella_pneumoniae	False	0	12	gyrA,gyrB,parE
N24_1_3	Pseudomonas_aeruginosa	False	0	10	gyrA,gyrB,parE
N24_1_3	Staphylococcus_aureus	False	0	27	gyrA,gyrB,parC,parE
N24_1_3	Streptococcus_mitis	False	0	0	gyrA,gyrB
N24_1_3	Streptococcus_oralis	False	0	9	gyrA,gyrB
N24_1_3	Streptococcus_pneumoniae	False	0	9	gyrA,gyrB
N24_1_4	Enterococcus_faecalis	False	0	226	gyrA,gyrB,parC,parE
N24_1_4	Enterococcus_faecium	False	0	76	gyrA,gyrB,parC,parE
N24_1_4	Escherichia_coli	True	1	242	gyrA,gyrB,parC,parE
N24_1_4	Klebsiella_oxytoca	True	2	475	gyrA,gyrB,parC,parE
N24_1_4	Klebsiella_pneumoniae	True	3	108	gyrA,gyrB,parE
N24_1_4	Pseudomonas_aeruginosa	True	18	132	gyrA,gyrB,parC,parE
N24_1_4	Staphylococcus_aureus	True	25	936	gyrA,gyrB,parC,parE
N24_1_4	Streptococcus_mitis	False	0	59	gyrA,gyrB,parC,parE
N24_1_4	Streptococcus_oralis	False	0	78	gyrA,gyrB,parC,parE
N24_1_4	Streptococcus_pneumoniae	False	0	68	gyrA,gyrB,parC,parE
N24_2_3	Enterococcus_faecalis	True	1	153	gyrA,gyrB,parC,parE
N24_2_3	Enterococcus_faecium	True	1	246	gyrA,gyrB,parC,parE
N24_2_3	Escherichia_coli	False	0	352	gyrA,gyrB,parC,parE
N24_2_3	Klebsiella_oxytoca	True	4	293	gyrA,gyrB,parC,parE
N24_2_3	Klebsiella_pneumoniae	True	2	260	gyrA,gyrB,parE
N24_2_3	Pseudomonas_aeruginosa	True	2	442	gyrA,gyrB,parC,parE
N24_2_3	Staphylococcus_aureus	True	14	453	gyrA,gyrB,parC,parE
N24_2_3	Streptococcus_mitis	False	0	42	gyrA,gyrB,parC,parE
N24_2_3	Streptococcus_oralis	False	0	216	gyrA,gyrB,parC,parE
N24_2_3	Streptococcus_pneumoniae	False	0	158	gyrA,gyrB,parC,parE
N24_2_4	Enterococcus_faecalis	False	0	13	gyrA,gyrB,parC,parE
N24_2_4	Enterococcus_faecium	True	1	32	gyrA,gyrB,parC,parE
N24_2_4	Escherichia_coli	False	0	183	gyrA,gyrB,parC,parE
N24_2_4	Klebsiella_oxytoca	True	2	209	gyrA,gyrB,parC,parE
N24_2_4	Klebsiella_pneumoniae	True	1	58	gyrA,gyrB,parE
N24_2_4	Pseudomonas_aeruginosa	False	0	33	gyrA,gyrB,parC,parE
N24_2_4	Staphylococcus_aureus	False	0	14	gyrA,gyrB,parC,parE
N24_2_4	Streptococcus_mitis	False	0	3	gyrA,gyrB,parC,parE
N24_2_4	Streptococcus_oralis	False	0	5	gyrA,gyrB,parC,parE
N24_2_4	Streptococcus_pneumoniae	False	0	3	gyrA,gyrB,parC,parE
N25_1_2	Enterococcus_faecalis	False	0	47	gyrA,gyrB,parC,parE
N25_1_2	Enterococcus_faecium	False	0	49	gyrA,gyrB,parC,parE
N25_1_2	Escherichia_coli	False	0	59	gyrA,gyrB,parC,parE
N25_1_2	Klebsiella_oxytoca	False	0	28	gyrA,gyrB,parC,parE
N25_1_2	Klebsiella_pneumoniae	False	0	35	gyrA,gyrB,parE
N25_1_2	Pseudomonas_aeruginosa	True	1	94	gyrA,gyrB,parC,parE
N25_1_2	Staphylococcus_aureus	True	35	570	gyrA,gyrB,parC,parE
N25_1_2	Streptococcus_mitis	True	23	57	gyrA,gyrB,parC,parE
N25_1_2	Streptococcus_oralis	False	0	67	gyrA,gyrB,parC,parE
N25_1_2	Streptococcus_pneumoniae	False	0	69	gyrA,gyrB,parC,parE
N25_1_3	Enterococcus_faecalis	False	0	13	gyrA,gyrB,parE
N25_1_3	Enterococcus_faecium	False	0	5	gyrA,gyrB,parE
N25_1_3	Escherichia_coli	False	0	0	gyrA,gyrB,parC
N25_1_3	Klebsiella_oxytoca	False	0	0	gyrA,gyrB,parC,parE
N25_1_3	Klebsiella_pneumoniae	False	0	0	gyrA,gyrB,parE
N25_1_3	Pseudomonas_aeruginosa	False	0	22	gyrA,gyrB,parC,parE
N25_1_3	Staphylococcus_aureus	True	2	25	gyrA,gyrB,parC
N25_1_3	Streptococcus_mitis	False	0	1	gyrB,parE
N25_1_3	Streptococcus_oralis	False	0	13	gyrB,parE
N25_1_3	Streptococcus_pneumoniae	False	0	13	gyrB,parE
N25_1_4	Enterococcus_faecalis	False	0	28	gyrA,gyrB,parC,parE
N25_1_4	Enterococcus_faecium	True	1	41	gyrA,gyrB,parC,parE
N25_1_4	Escherichia_coli	False	0	220	gyrA,gyrB,parC,parE
N25_1_4	Klebsiella_oxytoca	False	0	199	gyrA,gyrB,parC,parE
N25_1_4	Klebsiella_pneumoniae	True	1	134	gyrA,gyrB,parE
N25_1_4	Pseudomonas_aeruginosa	False	0	20	gyrA,gyrB,parC,parE
N25_1_4	Staphylococcus_aureus	True	6	130	gyrA,gyrB,parC,parE
N25_1_4	Streptococcus_mitis	False	0	21	gyrA,parC,parE
N25_1_4	Streptococcus_oralis	False	0	26	gyrA,gyrB,parC,parE
N25_1_4	Streptococcus_pneumoniae	False	0	23	gyrA,gyrB,parC,parE
N25_2_2	Enterococcus_faecalis	True	1	218	gyrA,gyrB,parC,parE
N25_2_2	Enterococcus_faecium	False	0	73	gyrA,gyrB,parC,parE
N25_2_2	Escherichia_coli	False	0	205	gyrA,gyrB,parC,parE
N25_2_2	Klebsiella_oxytoca	True	1	106	gyrA,gyrB,parC,parE
N25_2_2	Klebsiella_pneumoniae	True	1	120	gyrA,gyrB,parE
N25_2_2	Pseudomonas_aeruginosa	False	0	547	gyrA,gyrB,parC,parE
N25_2_2	Staphylococcus_aureus	True	1	506	gyrA,gyrB,parC,parE
N25_2_2	Streptococcus_mitis	False	0	5	gyrA,gyrB,parC,parE
N25_2_2	Streptococcus_oralis	False	0	546	gyrA,gyrB,parC,parE
N25_2_2	Streptococcus_pneumoniae	False	0	374	gyrA,gyrB,parC,parE
N25_2_3	Enterococcus_faecalis	False	0	4	gyrA,gyrB,parE
N25_2_3	Escherichia_coli	False	0	2	gyrB,parC
N25_2_3	Klebsiella_oxytoca	False	0	2	gyrB,parC
N25_2_3	Staphylococcus_aureus	False	0	0	gyrA,gyrB,parE
N25_2_4	Enterococcus_faecalis	False	0	21	gyrA,gyrB,parC,parE
N25_2_4	Enterococcus_faecium	False	0	24	gyrA,gyrB,parC,parE
N25_2_4	Escherichia_coli	True	3	251	gyrA,gyrB,parC,parE
N25_2_4	Klebsiella_oxytoca	True	4	281	gyrA,gyrB,parC,parE
N25_2_4	Klebsiella_pneumoniae	True	3	124	gyrA,gyrB,parE
N25_2_4	Pseudomonas_aeruginosa	False	0	29	gyrA,gyrB,parC,parE
N25_2_4	Staphylococcus_aureus	False	0	34	gyrA,gyrB,parC,parE
N25_2_4	Streptococcus_mitis	False	0	13	gyrA,parE
N25_2_4	Streptococcus_oralis	False	0	15	gyrA,gyrB,parE
N25_2_4	Streptococcus_pneumoniae	False	0	11	gyrA,gyrB,parC,parE
N26_1_4	Enterococcus_faecalis	True	1	34	gyrA,gyrB,parC,parE
N26_1_4	Enterococcus_faecium	True	1	63	gyrA,gyrB,parC,parE
N26_1_4	Escherichia_coli	True	3	289	gyrA,gyrB,parC,parE
N26_1_4	Klebsiella_oxytoca	False	0	149	gyrA,gyrB,parC,parE
N26_1_4	Klebsiella_pneumoniae	False	0	182	gyrA,gyrB,parE
N26_1_4	Pseudomonas_aeruginosa	True	1	178	gyrA,gyrB,parC,parE
N26_1_4	Staphylococcus_aureus	True	16	63	gyrA,gyrB,parC,parE
N26_1_4	Streptococcus_mitis	False	0	10	gyrA,gyrB,parC,parE
N26_1_4	Streptococcus_oralis	False	0	17	gyrA,gyrB,parC,parE
N26_1_4	Streptococcus_pneumoniae	False	0	11	gyrA,gyrB,parC,parE
N27_1_2	Enterococcus_faecalis	False	0	142	gyrA,gyrB,parC,parE
N27_1_2	Enterococcus_faecium	False	0	88	gyrA,gyrB,parC,parE
N27_1_2	Escherichia_coli	False	0	142	gyrA,gyrB,parC,parE
N27_1_2	Klebsiella_oxytoca	False	0	28	gyrA,gyrB,parC,parE
N27_1_2	Klebsiella_pneumoniae	True	1	102	gyrA,gyrB,parE
N27_1_2	Pseudomonas_aeruginosa	True	1	310	gyrA,gyrB,parC,parE
N27_1_2	Staphylococcus_aureus	True	16	822	gyrA,gyrB,parC,parE
N27_1_2	Streptococcus_mitis	False	0	11	gyrA,gyrB,parC,parE
N27_1_2	Streptococcus_oralis	True	2	284	gyrA,gyrB,parC,parE
N27_1_2	Streptococcus_pneumoniae	False	0	242	gyrA,gyrB,parC,parE
N27_1_3	Enterococcus_faecalis	True	1	127	gyrA,gyrB,parC,parE
N27_1_3	Enterococcus_faecium	True	1	101	gyrA,gyrB,parC,parE
N27_1_3	Escherichia_coli	False	0	74	gyrA,gyrB,parC,parE
N27_1_3	Klebsiella_oxytoca	False	0	36	gyrA,gyrB,parC,parE
N27_1_3	Klebsiella_pneumoniae	True	1	47	gyrA,gyrB,parE
N27_1_3	Pseudomonas_aeruginosa	False	0	60	gyrA,gyrB,parC,parE
N27_1_3	Staphylococcus_aureus	True	12	252	gyrA,gyrB,parC,parE
N27_1_3	Streptococcus_mitis	False	0	27	gyrA,gyrB,parC,parE
N27_1_3	Streptococcus_oralis	False	0	129	gyrA,gyrB,parC,parE
N27_1_3	Streptococcus_pneumoniae	False	0	111	gyrA,gyrB,parC,parE
N27_1_4	Enterococcus_faecalis	False	0	6	gyrA,gyrB
N27_1_4	Enterococcus_faecium	False	0	0	gyrA
N27_1_4	Escherichia_coli	False	0	48	gyrA,gyrB,parC,parE
N27_1_4	Klebsiella_oxytoca	True	2	30	gyrA,gyrB,parC,parE
N27_1_4	Klebsiella_pneumoniae	True	1	22	gyrA,gyrB,parE
N27_1_4	Pseudomonas_aeruginosa	False	0	1	gyrB,parE
N27_1_4	Staphylococcus_aureus	False	0	5	gyrA,gyrB,parE
N27_1_4	Streptococcus_oralis	False	0	0	gyrB
N27_1_4	Streptococcus_pneumoniae	False	0	0	gyrB
N27_2_3	Enterococcus_faecalis	True	1	842	gyrA,gyrB,parC,parE
N27_2_3	Enterococcus_faecium	True	1	1572	gyrA,gyrB,parC,parE
N27_2_3	Escherichia_coli	True	2	813	gyrA,gyrB,parC,parE
N27_2_3	Klebsiella_oxytoca	False	0	298	gyrA,gyrB,parC,parE
N27_2_3	Klebsiella_pneumoniae	True	1	511	gyrA,gyrB,parE
N27_2_3	Pseudomonas_aeruginosa	True	5	832	gyrA,gyrB,parC,parE
N27_2_3	Staphylococcus_aureus	True	3	2147	gyrA,gyrB,parC,parE
N27_2_3	Streptococcus_mitis	False	0	367	gyrA,gyrB,parC,parE
N27_2_3	Streptococcus_oralis	False	0	1043	gyrA,gyrB,parC,parE
N27_2_3	Streptococcus_pneumoniae	False	0	697	gyrA,gyrB,parC,parE
N27_2_4	Enterococcus_faecalis	False	0	29	gyrA,gyrB,parC,parE
N27_2_4	Enterococcus_faecium	True	1	84	gyrA,gyrB,parC,parE
N27_2_4	Escherichia_coli	False	0	201	gyrA,gyrB,parC,parE
N27_2_4	Klebsiella_oxytoca	False	0	72	gyrA,gyrB,parC,parE
N27_2_4	Klebsiella_pneumoniae	True	1	130	gyrA,gyrB,parE
N27_2_4	Pseudomonas_aeruginosa	False	0	69	gyrA,gyrB,parC,parE
N27_2_4	Staphylococcus_aureus	True	2	155	gyrA,gyrB,parC,parE
N27_2_4	Streptococcus_mitis	False	0	20	gyrA,gyrB,parC,parE
N27_2_4	Streptococcus_oralis	False	0	39	gyrA,gyrB,parC,parE
N27_2_4	Streptococcus_pneumoniae	False	0	43	gyrA,gyrB,parC,parE
N28_1_2	Enterococcus_faecalis	False	0	28	gyrA,gyrB,parE
N28_1_2	Enterococcus_faecium	False	0	2	gyrA,gyrB,parC,parE
N28_1_2	Escherichia_coli	False	0	42	gyrA,gyrB,parC,parE
N28_1_2	Klebsiella_oxytoca	False	0	25	gyrA,gyrB,parC,parE
N28_1_2	Klebsiella_pneumoniae	True	3	32	gyrA,gyrB,parE
N28_1_2	Pseudomonas_aeruginosa	False	0	67	gyrA,gyrB,parE
N28_1_2	Staphylococcus_aureus	True	3	147	gyrA,gyrB,parC,parE
N28_1_2	Streptococcus_mitis	False	0	1	gyrA,gyrB,parC,parE
N28_1_2	Streptococcus_oralis	False	0	70	gyrA,gyrB,parC,parE
N28_1_2	Streptococcus_pneumoniae	False	0	54	gyrA,gyrB,parC
N28_1_3	Escherichia_coli	False	0	0	gyrB,parC
N28_1_3	Klebsiella_oxytoca	False	0	0	gyrB,parC
N28_1_3	Klebsiella_pneumoniae	False	0	0	gyrA,gyrB,parE
N28_1_3	Staphylococcus_aureus	False	0	6	gyrA,gyrB
N28_1_4	Enterococcus_faecalis	False	0	0	parE
N28_1_4	Enterococcus_faecium	False	0	0	parC
N28_1_4	Escherichia_coli	True	7	231	gyrA,gyrB,parC,parE
N28_1_4	Klebsiella_oxytoca	True	1	127	gyrA,gyrB,parC,parE
N28_1_4	Klebsiella_pneumoniae	True	5	120	gyrA,gyrB,parE
N28_1_4	Pseudomonas_aeruginosa	False	0	4	gyrA,gyrB,parE
N28_1_4	Staphylococcus_aureus	False	0	0	gyrA
N28_1_4	Streptococcus_oralis	False	0	0	gyrA
N28_2_3	Enterococcus_faecalis	True	1	482	gyrA,gyrB,parC,parE
N28_2_3	Enterococcus_faecium	True	1	341	gyrA,gyrB,parC,parE
N28_2_3	Escherichia_coli	True	5	734	gyrA,gyrB,parC,parE
N28_2_3	Klebsiella_oxytoca	False	0	192	gyrA,gyrB,parC,parE
N28_2_3	Klebsiella_pneumoniae	True	1	585	gyrA,gyrB,parE
N28_2_3	Pseudomonas_aeruginosa	False	0	1327	gyrA,gyrB,parC,parE
N28_2_3	Staphylococcus_aureus	True	202	2880	gyrA,gyrB,parC,parE
N28_2_3	Streptococcus_mitis	False	0	56	gyrA,gyrB,parC,parE
N28_2_3	Streptococcus_oralis	False	0	696	gyrA,gyrB,parC,parE
N28_2_3	Streptococcus_pneumoniae	False	0	617	gyrA,gyrB,parC,parE
N28_2_4	Enterococcus_faecalis	False	0	4	gyrA,gyrB,parC,parE
N28_2_4	Enterococcus_faecium	False	0	9	gyrA,gyrB,parC,parE
N28_2_4	Escherichia_coli	True	4	231	gyrA,gyrB,parC,parE
N28_2_4	Klebsiella_oxytoca	False	0	77	gyrA,gyrB,parC,parE
N28_2_4	Klebsiella_pneumoniae	True	1	123	gyrA,gyrB,parE
N28_2_4	Pseudomonas_aeruginosa	False	0	11	gyrA,gyrB,parE
N28_2_4	Staphylococcus_aureus	False	0	0	gyrA
N28_2_4	Streptococcus_mitis	False	0	3	gyrA
N28_2_4	Streptococcus_oralis	False	0	6	gyrA,parC
N28_2_4	Streptococcus_pneumoniae	False	0	3	gyrA
N29_1_2	Enterococcus_faecalis	False	0	1	gyrA,gyrB,parE
N29_1_2	Enterococcus_faecium	False	0	0	gyrA
N29_1_2	Escherichia_coli	False	0	0	gyrB
N29_1_2	Klebsiella_oxytoca	False	0	0	gyrA
N29_1_2	Pseudomonas_aeruginosa	False	0	0	gyrA,gyrB,parC,parE
N29_1_2	Staphylococcus_aureus	False	0	5	gyrA,gyrB,parC
N29_1_2	Streptococcus_mitis	False	0	0	gyrA,gyrB,parC
N29_1_2	Streptococcus_oralis	False	0	6	gyrA,gyrB
N29_1_2	Streptococcus_pneumoniae	False	0	6	gyrA,gyrB,parC
N29_1_3	Enterococcus_faecalis	True	1	92	gyrA,gyrB,parC,parE
N29_1_3	Enterococcus_faecium	True	1	105	gyrA,gyrB,parC,parE
N29_1_3	Escherichia_coli	False	0	50	gyrA,gyrB,parC,parE
N29_1_3	Klebsiella_oxytoca	False	0	37	gyrA,gyrB,parC,parE
N29_1_3	Klebsiella_pneumoniae	False	0	39	gyrA,gyrB,parE
N29_1_3	Pseudomonas_aeruginosa	False	0	19	gyrA,gyrB,parC,parE
N29_1_3	Staphylococcus_aureus	True	1	123	gyrA,gyrB,parC,parE
N29_1_3	Streptococcus_mitis	False	0	82	gyrA,gyrB,parC,parE
N29_1_3	Streptococcus_oralis	False	0	130	gyrA,gyrB,parC,parE
N29_1_3	Streptococcus_pneumoniae	False	0	101	gyrA,gyrB,parC,parE
N29_1_4	Enterococcus_faecalis	True	1	134	gyrA,gyrB,parC,parE
N29_1_4	Enterococcus_faecium	True	1	150	gyrA,gyrB,parC,parE
N29_1_4	Escherichia_coli	False	0	12	gyrA,gyrB,parC,parE
N29_1_4	Klebsiella_oxytoca	False	0	8	gyrA,gyrB,parC,parE
N29_1_4	Klebsiella_pneumoniae	False	0	4	gyrA,gyrB,parE
N29_1_4	Pseudomonas_aeruginosa	False	0	0	gyrA,parC
N29_1_4	Staphylococcus_aureus	True	59	285	gyrA,gyrB,parC,parE
N29_1_4	Streptococcus_mitis	False	0	333	gyrA,gyrB,parC,parE
N29_1_4	Streptococcus_oralis	False	0	505	gyrA,gyrB,parC,parE
N29_1_4	Streptococcus_pneumoniae	False	0	316	gyrA,gyrB,parC,parE
N29_2_2	Enterococcus_faecalis	True	1	494	gyrA,gyrB,parC,parE
N29_2_2	Enterococcus_faecium	False	0	356	gyrA,gyrB,parC,parE
N29_2_2	Escherichia_coli	True	2	321	gyrA,gyrB,parC,parE
N29_2_2	Klebsiella_oxytoca	False	0	20	gyrA,gyrB,parC,parE
N29_2_2	Klebsiella_pneumoniae	False	0	225	gyrA,gyrB,parE
N29_2_2	Pseudomonas_aeruginosa	True	5	1073	gyrA,gyrB,parC,parE
N29_2_2	Staphylococcus_aureus	True	64	1831	gyrA,gyrB,parC,parE
N29_2_2	Streptococcus_mitis	False	0	10	gyrA,gyrB,parC,parE
N29_2_2	Streptococcus_oralis	False	0	606	gyrA,gyrB,parC,parE
N29_2_2	Streptococcus_pneumoniae	False	0	615	gyrA,gyrB,parC,parE
N29_2_3	Enterococcus_faecalis	True	1	504	gyrA,gyrB,parC,parE
N29_2_3	Enterococcus_faecium	True	1	573	gyrA,gyrB,parC,parE
N29_2_3	Escherichia_coli	False	0	216	gyrA,gyrB,parC,parE
N29_2_3	Klebsiella_oxytoca	False	0	31	gyrA,gyrB,parC,parE
N29_2_3	Klebsiella_pneumoniae	False	0	78	gyrA,gyrB,parE
N29_2_3	Pseudomonas_aeruginosa	True	7	430	gyrA,gyrB,parC,parE
N29_2_3	Staphylococcus_aureus	True	22	1573	gyrA,gyrB,parC,parE
N29_2_3	Streptococcus_mitis	False	0	22	gyrA,gyrB,parC,parE
N29_2_3	Streptococcus_oralis	False	0	361	gyrA,gyrB,parC,parE
N29_2_3	Streptococcus_pneumoniae	False	0	519	gyrA,gyrB,parC,parE
N29_2_4	Enterococcus_faecalis	True	1	154	gyrA,gyrB,parC,parE
N29_2_4	Enterococcus_faecium	True	1	249	gyrA,gyrB,parC,parE
N29_2_4	Escherichia_coli	False	0	67	gyrA,gyrB,parC,parE
N29_2_4	Klebsiella_oxytoca	True	3	54	gyrA,gyrB,parC,parE
N29_2_4	Klebsiella_pneumoniae	False	0	31	gyrA,gyrB,parE
N29_2_4	Pseudomonas_aeruginosa	True	1	75	gyrA,gyrB,parC,parE
N29_2_4	Staphylococcus_aureus	False	0	177	gyrA,gyrB,parC,parE
N29_2_4	Streptococcus_mitis	False	0	75	gyrA,gyrB,parC,parE
N29_2_4	Streptococcus_oralis	False	0	117	gyrA,gyrB,parC,parE
N29_2_4	Streptococcus_pneumoniae	False	0	90	gyrA,gyrB,parC,parE
N30_1_2	Enterococcus_faecalis	False	0	0	gyrA,gyrB,parE
N30_1_2	Enterococcus_faecium	False	0	0	parC,parE
N30_1_2	Escherichia_coli	False	0	0	gyrB
N30_1_2	Staphylococcus_aureus	True	1	42	gyrA,gyrB,parC,parE
N30_1_2	Streptococcus_mitis	False	0	0	gyrA,gyrB
N30_1_2	Streptococcus_oralis	False	0	2	gyrA,gyrB
N30_1_2	Streptococcus_pneumoniae	False	0	0	gyrB,parC
N30_1_3	Enterococcus_faecalis	False	0	7	gyrA,gyrB,parE
N30_1_3	Enterococcus_faecium	False	0	0	gyrB,parC,parE
N30_1_3	Escherichia_coli	False	0	0	gyrB,parC
N30_1_3	Klebsiella_oxytoca	False	0	0	gyrA,gyrB
N30_1_3	Klebsiella_pneumoniae	False	0	0	gyrB
N30_1_3	Pseudomonas_aeruginosa	False	0	0	gyrA,gyrB
N30_1_3	Staphylococcus_aureus	True	36	400	gyrA,gyrB,parC,parE
N30_1_3	Streptococcus_mitis	False	0	0	gyrA,gyrB,parC,parE
N30_1_3	Streptococcus_oralis	False	0	1	gyrA,gyrB,parC
N30_1_3	Streptococcus_pneumoniae	False	0	1	gyrB,parC
N30_1_4	Enterococcus_faecalis	True	1	48	gyrA,gyrB,parC,parE
N30_1_4	Enterococcus_faecium	True	1	85	gyrA,gyrB,parC,parE
N30_1_4	Escherichia_coli	False	0	128	gyrA,gyrB,parC,parE
N30_1_4	Klebsiella_oxytoca	False	0	75	gyrA,gyrB,parC,parE
N30_1_4	Klebsiella_pneumoniae	False	0	86	gyrA,gyrB,parE
N30_1_4	Pseudomonas_aeruginosa	False	0	48	gyrA,gyrB,parC,parE
N30_1_4	Staphylococcus_aureus	True	1	11	gyrA,gyrB,parC,parE
N30_1_4	Streptococcus_mitis	False	0	21	gyrA
N30_1_4	Streptococcus_oralis	False	0	35	gyrA,gyrB,parE
N30_1_4	Streptococcus_pneumoniae	False	0	24	gyrA,gyrB,parE
N30_2_2	Enterococcus_faecalis	False	0	147	gyrA,gyrB,parC,parE
N30_2_2	Enterococcus_faecium	True	1	188	gyrA,gyrB,parC,parE
N30_2_2	Escherichia_coli	False	0	195	gyrA,gyrB,parC,parE
N30_2_2	Klebsiella_oxytoca	False	0	6	gyrA,gyrB,parC,parE
N30_2_2	Klebsiella_pneumoniae	False	0	189	gyrA,gyrB,parE
N30_2_2	Pseudomonas_aeruginosa	False	0	867	gyrA,gyrB,parE
N30_2_2	Staphylococcus_aureus	True	13	702	gyrA,gyrB,parC,parE
N30_2_2	Streptococcus_mitis	False	0	2	gyrA,gyrB,parC,parE
N30_2_2	Streptococcus_oralis	False	0	470	gyrA,gyrB,parC,parE
N30_2_2	Streptococcus_pneumoniae	False	0	319	gyrA,gyrB,parC,parE
N30_2_4	Enterococcus_faecalis	True	1	296	gyrA,gyrB,parC,parE
N30_2_4	Enterococcus_faecium	True	3	362	gyrA,gyrB,parC,parE
N30_2_4	Escherichia_coli	False	0	219	gyrA,gyrB,parC,parE
N30_2_4	Klebsiella_oxytoca	False	0	60	gyrA,gyrB,parC,parE
N30_2_4	Klebsiella_pneumoniae	False	0	115	gyrA,gyrB,parE
N30_2_4	Pseudomonas_aeruginosa	True	1	56	gyrA,gyrB,parC,parE
N30_2_4	Staphylococcus_aureus	True	115	934	gyrA,gyrB,parC,parE
N30_2_4	Streptococcus_mitis	False	0	128	gyrA,gyrB,parC,parE
N30_2_4	Streptococcus_oralis	False	0	165	gyrA,gyrB,parC,parE
N30_2_4	Streptococcus_pneumoniae	False	0	134	gyrA,gyrB,parC,parE
N31_1_2	Enterococcus_faecalis	False	0	145	gyrA,gyrB,parC,parE
N31_1_2	Enterococcus_faecium	True	1	80	gyrA,gyrB,parC,parE
N31_1_2	Escherichia_coli	False	0	265	gyrA,gyrB,parC,parE
N31_1_2	Klebsiella_oxytoca	False	0	11	gyrA,gyrB,parE
N31_1_2	Klebsiella_pneumoniae	False	0	247	gyrA,gyrB,parE
N31_1_2	Pseudomonas_aeruginosa	False	0	904	gyrA,gyrB,parC,parE
N31_1_2	Staphylococcus_aureus	True	231	1917	gyrA,gyrB,parC,parE
N31_1_2	Streptococcus_mitis	False	0	8	gyrA,gyrB,parC,parE
N31_1_2	Streptococcus_oralis	False	0	375	gyrA,gyrB,parC,parE
N31_1_2	Streptococcus_pneumoniae	False	0	214	gyrA,gyrB,parC,parE
N31_1_3	Enterococcus_faecalis	False	0	216	gyrA,gyrB,parC,parE
N31_1_3	Enterococcus_faecium	False	0	139	gyrA,gyrB,parC,parE
N31_1_3	Escherichia_coli	False	0	56	gyrA,gyrB,parC,parE
N31_1_3	Klebsiella_oxytoca	False	0	3	gyrA,gyrB,parC,parE
N31_1_3	Klebsiella_pneumoniae	False	0	25	gyrA,gyrB,parE
N31_1_3	Pseudomonas_aeruginosa	False	0	77	gyrA,gyrB,parC,parE
N31_1_3	Staphylococcus_aureus	True	18	559	gyrA,gyrB,parC,parE
N31_1_3	Streptococcus_mitis	False	0	0	gyrA,gyrB,parC,parE
N31_1_3	Streptococcus_oralis	False	0	90	gyrA,gyrB,parC,parE
N31_1_3	Streptococcus_pneumoniae	False	0	179	gyrA,gyrB,parC,parE
N31_1_4	Enterococcus_faecalis	True	10	80	gyrA,gyrB,parC,parE
N31_1_4	Enterococcus_faecium	True	1	79	gyrA,gyrB,parC,parE
N31_1_4	Escherichia_coli	True	1	101	gyrA,gyrB,parC,parE
N31_1_4	Klebsiella_oxytoca	False	0	60	gyrA,gyrB,parC,parE
N31_1_4	Klebsiella_pneumoniae	False	0	69	gyrA,gyrB,parE
N31_1_4	Pseudomonas_aeruginosa	False	0	0	gyrA,gyrB,parE
N31_1_4	Staphylococcus_aureus	True	2	9	gyrA,gyrB,parC,parE
N31_1_4	Streptococcus_mitis	False	0	40	gyrA,gyrB,parC
N31_1_4	Streptococcus_oralis	False	0	43	gyrA,gyrB,parC,parE
N31_1_4	Streptococcus_pneumoniae	False	0	40	gyrA,gyrB,parC,parE
N31_2_2	Enterococcus_faecalis	True	1	632	gyrA,gyrB,parC,parE
N31_2_2	Enterococcus_faecium	True	1	317	gyrA,gyrB,parC,parE
N31_2_2	Escherichia_coli	False	0	1046	gyrA,gyrB,parC,parE
N31_2_2	Klebsiella_oxytoca	False	0	44	gyrA,gyrB,parC,parE
N31_2_2	Klebsiella_pneumoniae	True	1	869	gyrA,gyrB,parE
N31_2_2	Pseudomonas_aeruginosa	True	3	3769	gyrA,gyrB,parC,parE
N31_2_2	Staphylococcus_aureus	True	34	2239	gyrA,gyrB,parC,parE
N31_2_2	Streptococcus_mitis	False	0	59	gyrA,gyrB,parC,parE
N31_2_2	Streptococcus_oralis	False	0	1434	gyrA,gyrB,parC,parE
N31_2_2	Streptococcus_pneumoniae	False	0	1009	gyrA,gyrB,parC,parE
N31_2_4	Enterococcus_faecalis	True	1	531	gyrA,gyrB,parC,parE
N31_2_4	Enterococcus_faecium	True	1	411	gyrA,gyrB,parC,parE
N31_2_4	Escherichia_coli	True	3	2011	gyrA,gyrB,parC,parE
N31_2_4	Klebsiella_oxytoca	False	0	260	gyrA,gyrB,parC,parE
N31_2_4	Klebsiella_pneumoniae	True	1	899	gyrA,gyrB,parE
N31_2_4	Pseudomonas_aeruginosa	False	0	504	gyrA,gyrB,parC,parE
N31_2_4	Staphylococcus_aureus	False	0	1638	gyrA,gyrB,parC,parE
N31_2_4	Streptococcus_mitis	False	0	70	gyrA,parC,parE
N31_2_4	Streptococcus_oralis	False	0	93	gyrA,gyrB,parC,parE
N31_2_4	Streptococcus_pneumoniae	False	0	63	gyrA,gyrB,parC,parE
N32_1_2	Enterococcus_faecium	False	0	0	gyrB
N32_1_2	Staphylococcus_aureus	True	12	72	gyrA,gyrB,parC,parE
N32_1_2	Streptococcus_mitis	False	0	0	gyrA,gyrB,parC
N32_1_2	Streptococcus_oralis	False	0	0	gyrA,gyrB,parC
N32_1_2	Streptococcus_pneumoniae	False	0	0	gyrA,gyrB,parC
N32_1_3	Enterococcus_faecalis	False	0	63	gyrA,gyrB,parC,parE
N32_1_3	Enterococcus_faecium	False	0	54	gyrA,gyrB,parC,parE
N32_1_3	Escherichia_coli	False	0	19	gyrA,gyrB
N32_1_3	Klebsiella_oxytoca	False	0	0	gyrA,gyrB
N32_1_3	Klebsiella_pneumoniae	False	0	6	gyrA,gyrB
N32_1_3	Pseudomonas_aeruginosa	True	2	43	gyrA,gyrB,parE
N32_1_3	Staphylococcus_aureus	True	201	1102	gyrA,gyrB,parC,parE
N32_1_3	Streptococcus_mitis	False	0	0	gyrA,gyrB,parC,parE
N32_1_3	Streptococcus_oralis	False	0	29	gyrA,gyrB,parC,parE
N32_1_3	Streptococcus_pneumoniae	False	0	31	gyrA,gyrB,parC,parE
N32_1_4	Enterococcus_faecalis	True	1	92	gyrA,gyrB,parC,parE
N32_1_4	Enterococcus_faecium	True	1	162	gyrA,gyrB,parC,parE
N32_1_4	Escherichia_coli	False	0	19	gyrA,gyrB,parC,parE
N32_1_4	Klebsiella_oxytoca	False	0	4	gyrA,gyrB,parC,parE
N32_1_4	Klebsiella_pneumoniae	False	0	12	gyrA,gyrB,parE
N32_1_4	Pseudomonas_aeruginosa	False	0	0	parC
N32_1_4	Staphylococcus_aureus	False	0	1	gyrA,parE
N32_1_4	Streptococcus_mitis	False	0	38	gyrA,gyrB,parC,parE
N32_1_4	Streptococcus_oralis	False	0	47	gyrA,gyrB,parE
N32_1_4	Streptococcus_pneumoniae	False	0	39	gyrA,gyrB,parC,parE
N32_2_3	Enterococcus_faecalis	True	1	851	gyrA,gyrB,parC,parE
N32_2_3	Enterococcus_faecium	True	1	525	gyrA,gyrB,parC,parE
N32_2_3	Escherichia_coli	True	2	758	gyrA,gyrB,parC,parE
N32_2_3	Klebsiella_oxytoca	False	0	125	gyrA,gyrB,parC,parE
N32_2_3	Klebsiella_pneumoniae	True	2	505	gyrA,gyrB,parE
N32_2_3	Pseudomonas_aeruginosa	True	4	1419	gyrA,gyrB,parC,parE
N32_2_3	Staphylococcus_aureus	True	46	2253	gyrA,gyrB,parC,parE
N32_2_3	Streptococcus_mitis	False	0	123	gyrA,gyrB,parC,parE
N32_2_3	Streptococcus_oralis	False	0	932	gyrA,gyrB,parC,parE
N32_2_3	Streptococcus_pneumoniae	False	0	846	gyrA,gyrB,parC,parE
N32_2_4	Enterococcus_faecalis	True	1	173	gyrA,gyrB,parC,parE
N32_2_4	Enterococcus_faecium	True	1	484	gyrA,gyrB,parC,parE
N32_2_4	Escherichia_coli	False	0	172	gyrA,gyrB,parC,parE
N32_2_4	Klebsiella_oxytoca	False	0	86	gyrA,gyrB,parC,parE
N32_2_4	Klebsiella_pneumoniae	True	1	97	gyrA,gyrB,parE
N32_2_4	Pseudomonas_aeruginosa	False	0	18	gyrA,gyrB,parC,parE
N32_2_4	Staphylococcus_aureus	True	2	282	gyrA,gyrB,parC,parE
N32_2_4	Streptococcus_mitis	False	0	211	gyrA,gyrB,parC,parE
N32_2_4	Streptococcus_oralis	False	0	244	gyrA,gyrB,parC,parE
N32_2_4	Streptococcus_pneumoniae	False	0	234	gyrA,gyrB,parC,parE
N33_1_3	Enterococcus_faecalis	False	0	572	gyrA,gyrB,parC,parE
N33_1_3	Enterococcus_faecium	False	0	514	gyrA,gyrB,parC,parE
N33_1_3	Escherichia_coli	False	0	206	gyrA,gyrB,parC,parE
N33_1_3	Klebsiella_oxytoca	False	0	56	gyrA,gyrB,parC,parE
N33_1_3	Klebsiella_pneumoniae	True	1	55	gyrA,gyrB,parE
N33_1_3	Pseudomonas_aeruginosa	True	5	279	gyrA,gyrB,parC,parE
N33_1_3	Staphylococcus_aureus	True	93	2149	gyrA,gyrB,parC,parE
N33_1_3	Streptococcus_mitis	False	0	7	gyrA,gyrB,parC,parE
N33_1_3	Streptococcus_oralis	False	0	271	gyrA,gyrB,parC,parE
N33_1_3	Streptococcus_pneumoniae	False	0	401	gyrA,gyrB,parC,parE
N33_1_4	Enterococcus_faecalis	False	0	5	gyrA,gyrB,parE
N33_1_4	Enterococcus_faecium	False	0	0	parC,parE
N33_1_4	Escherichia_coli	False	0	8	gyrA,parC
N33_1_4	Pseudomonas_aeruginosa	True	1	4	gyrB
N33_1_4	Staphylococcus_aureus	False	0	6	gyrA,gyrB,parC
N33_1_4	Streptococcus_oralis	False	0	0	gyrA,parC
N33_2_3	Enterococcus_faecalis	False	0	0	parE
N33_2_3	Enterococcus_faecium	False	0	0	gyrA,gyrB
N33_2_3	Escherichia_coli	True	2	45	gyrA,gyrB,parC,parE
N33_2_3	Klebsiella_oxytoca	False	0	15	gyrA,gyrB,parC,parE
N33_2_3	Klebsiella_pneumoniae	True	1	28	gyrA,gyrB,parE
N33_2_3	Pseudomonas_aeruginosa	False	0	12	gyrA,gyrB
N33_2_3	Staphylococcus_aureus	True	1	36	gyrA,gyrB,parC,parE
N33_2_3	Streptococcus_mitis	False	0	0	gyrB,parC
N33_2_3	Streptococcus_oralis	False	0	0	gyrA,gyrB,parE
N33_2_3	Streptococcus_pneumoniae	False	0	0	gyrA,gyrB,parC,parE
N33_2_4	Enterococcus_faecalis	True	1	12	gyrA,gyrB,parC,parE
N33_2_4	Enterococcus_faecium	True	1	69	gyrA,gyrB
N33_2_4	Escherichia_coli	True	3	102	gyrA,gyrB,parC,parE
N33_2_4	Klebsiella_oxytoca	False	0	58	gyrA,gyrB,parC,parE
N33_2_4	Klebsiella_pneumoniae	True	1	64	gyrA,gyrB,parE
N33_2_4	Pseudomonas_aeruginosa	False	0	7	gyrA,gyrB
N33_2_4	Staphylococcus_aureus	False	0	0	gyrA
N33_2_4	Streptococcus_mitis	False	0	12	gyrA
N33_2_4	Streptococcus_oralis	False	0	21	gyrA
N33_2_4	Streptococcus_pneumoniae	False	0	13	gyrA
N34_1_2	Enterococcus_faecalis	False	0	2	gyrA,gyrB,parE
N34_1_2	Enterococcus_faecium	False	0	2	parE
N34_1_2	Escherichia_coli	False	0	0	gyrB
N34_1_2	Klebsiella_oxytoca	False	0	0	gyrB
N34_1_2	Klebsiella_pneumoniae	False	0	0	gyrB
N34_1_2	Pseudomonas_aeruginosa	False	0	0	gyrB
N34_1_2	Staphylococcus_aureus	False	0	0	parC
N34_1_2	Streptococcus_mitis	False	0	0	gyrA,parC
N34_1_2	Streptococcus_oralis	False	0	7	gyrA,gyrB,parC,parE
N34_1_2	Streptococcus_pneumoniae	False	0	0	parC
N34_1_3	Enterococcus_faecalis	False	0	1	gyrA,gyrB
N34_1_3	Enterococcus_faecium	False	0	0	gyrA
N34_1_3	Escherichia_coli	False	0	0	gyrA
N34_1_3	Pseudomonas_aeruginosa	False	0	7	gyrA,parC
N34_1_3	Staphylococcus_aureus	False	0	3	gyrA,gyrB
N34_1_3	Streptococcus_oralis	False	0	0	gyrA,gyrB
N34_1_3	Streptococcus_pneumoniae	False	0	9	gyrA
N34_1_4	Enterococcus_faecalis	False	0	75	gyrA,gyrB,parC,parE
N34_1_4	Enterococcus_faecium	False	0	47	gyrA,gyrB,parC,parE
N34_1_4	Escherichia_coli	False	0	41	gyrA,gyrB,parC,parE
N34_1_4	Klebsiella_oxytoca	False	0	7	gyrA,gyrB
N34_1_4	Klebsiella_pneumoniae	False	0	5	gyrA,gyrB,parE
N34_1_4	Pseudomonas_aeruginosa	True	1	35	gyrA,gyrB,parC,parE
N34_1_4	Staphylococcus_aureus	False	0	336	gyrA,gyrB,parC,parE
N34_1_4	Streptococcus_mitis	False	0	0	gyrA,gyrB,parC,parE
N34_1_4	Streptococcus_oralis	False	0	49	gyrA,gyrB,parC,parE
N34_1_4	Streptococcus_pneumoniae	False	0	71	gyrA,gyrB,parC,parE
N34_2_2	Enterococcus_faecalis	False	0	17	gyrA,gyrB,parC,parE
N34_2_2	Enterococcus_faecium	False	0	3	gyrA,gyrB,parC,parE
N34_2_2	Escherichia_coli	False	0	10	gyrA,gyrB,parC,parE
N34_2_2	Klebsiella_oxytoca	False	0	8	gyrA,gyrB,parC,parE
N34_2_2	Klebsiella_pneumoniae	False	0	13	gyrA,gyrB,parE
N34_2_2	Pseudomonas_aeruginosa	False	0	54	gyrA,gyrB,parC,parE
N34_2_2	Staphylococcus_aureus	True	55	614	gyrA,gyrB,parC,parE
N34_2_2	Streptococcus_mitis	False	0	5	gyrA,gyrB,parC,parE
N34_2_2	Streptococcus_oralis	False	0	27	gyrA,gyrB,parC,parE
N34_2_2	Streptococcus_pneumoniae	False	0	14	gyrA,gyrB,parC,parE
N34_2_3	Enterococcus_faecalis	True	1	639	gyrA,gyrB,parC,parE
N34_2_3	Enterococcus_faecium	True	4	752	gyrA,gyrB,parC,parE
N34_2_3	Escherichia_coli	False	0	408	gyrA,gyrB,parC,parE
N34_2_3	Klebsiella_oxytoca	False	0	178	gyrA,gyrB,parC,parE
N34_2_3	Klebsiella_pneumoniae	False	0	261	gyrA,gyrB,parE
N34_2_3	Pseudomonas_aeruginosa	True	2	454	gyrA,gyrB,parC,parE
N34_2_3	Staphylococcus_aureus	True	51	1203	gyrA,gyrB,parC,parE
N34_2_3	Streptococcus_mitis	True	2	189	gyrA,gyrB,parC,parE
N34_2_3	Streptococcus_oralis	True	2	475	gyrA,gyrB,parC,parE
N34_2_3	Streptococcus_pneumoniae	False	0	374	gyrA,gyrB,parC,parE
N35_1_2	Enterococcus_faecalis	False	0	1	gyrA,gyrB,parC,parE
N35_1_2	Enterococcus_faecium	False	0	4	gyrB,parC
N35_1_2	Escherichia_coli	False	0	4	gyrA,gyrB
N35_1_2	Klebsiella_oxytoca	False	0	0	gyrA,gyrB
N35_1_2	Klebsiella_pneumoniae	False	0	4	gyrA,gyrB
N35_1_2	Pseudomonas_aeruginosa	False	0	55	gyrA,gyrB
N35_1_2	Staphylococcus_aureus	True	46	170	gyrA,gyrB,parC,parE
N35_1_2	Streptococcus_mitis	False	0	0	gyrA,gyrB,parC
N35_1_2	Streptococcus_oralis	False	0	23	gyrA,gyrB,parC
N35_1_2	Streptococcus_pneumoniae	False	0	23	gyrA,gyrB,parC
N35_1_3	Enterococcus_faecalis	False	0	0	gyrA,gyrB
N35_1_3	Escherichia_coli	False	0	1	gyrA
N35_1_3	Pseudomonas_aeruginosa	False	0	0	gyrB,parC
N35_1_3	Staphylococcus_aureus	True	2	19	gyrA,gyrB,parC,parE
N35_1_3	Streptococcus_mitis	False	0	0	gyrA
N35_1_3	Streptococcus_oralis	False	0	0	gyrA,parC
N35_1_4	Enterococcus_faecalis	False	0	22	gyrA,gyrB,parC,parE
N35_1_4	Enterococcus_faecium	False	0	12	gyrA,gyrB,parC,parE
N35_1_4	Escherichia_coli	True	2	201	gyrA,gyrB,parC,parE
N35_1_4	Klebsiella_oxytoca	False	0	149	gyrA,gyrB,parC,parE
N35_1_4	Klebsiella_pneumoniae	False	0	160	gyrA,gyrB,parE
N35_1_4	Pseudomonas_aeruginosa	False	0	313	gyrA,gyrB,parC,parE
N35_1_4	Staphylococcus_aureus	True	259	1914	gyrA,gyrB,parC,parE
N35_1_4	Streptococcus_mitis	False	0	18	gyrA,gyrB,parC,parE
N35_1_4	Streptococcus_oralis	False	0	25	gyrA,gyrB,parC,parE
N35_1_4	Streptococcus_pneumoniae	False	0	30	gyrA,gyrB,parC,parE
N35_2_2	Enterococcus_faecalis	False	0	41	gyrA,gyrB,parC,parE
N35_2_2	Enterococcus_faecium	False	0	36	gyrA,gyrB,parC,parE
N35_2_2	Escherichia_coli	False	0	26	gyrA,gyrB,parC,parE
N35_2_2	Klebsiella_oxytoca	False	0	8	gyrA,gyrB,parC,parE
N35_2_2	Klebsiella_pneumoniae	False	0	22	gyrA,gyrB,parE
N35_2_2	Pseudomonas_aeruginosa	True	1	111	gyrA,gyrB,parC,parE
N35_2_2	Staphylococcus_aureus	True	7	212	gyrA,gyrB,parC,parE
N35_2_2	Streptococcus_mitis	False	0	0	gyrA,gyrB,parC,parE
N35_2_2	Streptococcus_oralis	False	0	34	gyrA,gyrB,parC,parE
N35_2_2	Streptococcus_pneumoniae	False	0	49	gyrA,gyrB,parC,parE
N35_2_3	Enterococcus_faecalis	True	1	625	gyrA,gyrB,parC,parE
N35_2_3	Enterococcus_faecium	True	1	655	gyrA,gyrB,parC,parE
N35_2_3	Escherichia_coli	False	0	241	gyrA,gyrB,parC,parE
N35_2_3	Klebsiella_oxytoca	False	0	66	gyrA,gyrB,parC,parE
N35_2_3	Klebsiella_pneumoniae	False	0	71	gyrA,gyrB,parE
N35_2_3	Pseudomonas_aeruginosa	True	5	439	gyrA,gyrB,parC,parE
N35_2_3	Staphylococcus_aureus	True	11	1656	gyrA,gyrB,parC,parE
N35_2_3	Streptococcus_mitis	False	0	58	gyrA,gyrB,parC,parE
N35_2_3	Streptococcus_oralis	False	0	406	gyrA,gyrB,parC,parE
N35_2_3	Streptococcus_pneumoniae	False	0	471	gyrA,gyrB,parC,parE
N36_1_2	Enterococcus_faecalis	False	0	3	gyrA,gyrB,parC,parE
N36_1_2	Enterococcus_faecium	False	0	6	gyrA,gyrB,parC,parE
N36_1_2	Escherichia_coli	False	0	16	gyrA,gyrB
N36_1_2	Klebsiella_oxytoca	False	0	0	gyrA,gyrB,parE
N36_1_2	Klebsiella_pneumoniae	False	0	16	gyrA,gyrB,parE
N36_1_2	Pseudomonas_aeruginosa	False	0	33	gyrA,gyrB,parE
N36_1_2	Staphylococcus_aureus	True	13	105	gyrA,gyrB,parC,parE
N36_1_2	Streptococcus_mitis	False	0	0	gyrA,gyrB,parC
N36_1_2	Streptococcus_oralis	False	0	9	gyrA,gyrB,parC
N36_1_2	Streptococcus_pneumoniae	False	0	9	gyrA,gyrB,parC
N36_1_3	Enterococcus_faecalis	False	0	68	gyrA,gyrB,parE
N36_1_3	Enterococcus_faecium	False	0	9	gyrA,gyrB,parE
N36_1_3	Escherichia_coli	False	0	24	gyrA,gyrB,parC,parE
N36_1_3	Klebsiella_oxytoca	False	0	0	gyrA,gyrB,parC
N36_1_3	Klebsiella_pneumoniae	False	0	0	gyrB
N36_1_3	Pseudomonas_aeruginosa	False	0	26	gyrA,gyrB,parE
N36_1_3	Staphylococcus_aureus	False	0	35	gyrA,gyrB,parC,parE
N36_1_3	Streptococcus_mitis	False	0	1	gyrA,gyrB,parC,parE
N36_1_3	Streptococcus_oralis	False	0	4	gyrA,gyrB,parC,parE
N36_1_3	Streptococcus_pneumoniae	False	0	37	gyrA,gyrB,parC,parE
N36_1_4	Enterococcus_faecalis	False	0	3	gyrA,gyrB,parE
N36_1_4	Enterococcus_faecium	False	0	1	gyrA,gyrB,parC,parE
N36_1_4	Escherichia_coli	False	0	172	gyrA,gyrB,parC,parE
N36_1_4	Klebsiella_oxytoca	False	0	183	gyrA,gyrB,parC,parE
N36_1_4	Klebsiella_pneumoniae	False	0	193	gyrA,gyrB,parE
N36_1_4	Pseudomonas_aeruginosa	True	2	29	gyrA,gyrB,parC,parE
N36_1_4	Staphylococcus_aureus	True	122	503	gyrA,gyrB,parC,parE
N36_1_4	Streptococcus_mitis	False	0	0	gyrA,gyrB,parC
N36_1_4	Streptococcus_oralis	False	0	0	gyrA,gyrB,parC
N36_1_4	Streptococcus_pneumoniae	False	0	3	gyrA,gyrB,parC
N36_2_2	Enterococcus_faecalis	False	0	141	gyrA,gyrB,parC,parE
N36_2_2	Enterococcus_faecium	False	0	184	gyrA,gyrB,parC,parE
N36_2_2	Escherichia_coli	False	0	109	gyrA,gyrB,parC,parE
N36_2_2	Klebsiella_oxytoca	False	0	10	gyrA,gyrB,parC,parE
N36_2_2	Klebsiella_pneumoniae	False	0	22	gyrA,gyrB,parE
N36_2_2	Pseudomonas_aeruginosa	True	2	122	gyrA,gyrB,parC,parE
N36_2_2	Staphylococcus_aureus	True	73	978	gyrA,gyrB,parC,parE
N36_2_2	Streptococcus_mitis	False	0	0	gyrA,gyrB,parC,parE
N36_2_2	Streptococcus_oralis	False	0	80	gyrA,gyrB,parC,parE
N36_2_2	Streptococcus_pneumoniae	False	0	107	gyrA,gyrB,parC,parE
N36_2_3	Enterococcus_faecalis	False	0	164	gyrA,gyrB,parC,parE
N36_2_3	Enterococcus_faecium	False	0	140	gyrA,gyrB,parC,parE
N36_2_3	Escherichia_coli	True	2	702	gyrA,gyrB,parC,parE
N36_2_3	Klebsiella_oxytoca	True	1	573	gyrA,gyrB,parC,parE
N36_2_3	Klebsiella_pneumoniae	True	2	558	gyrA,gyrB,parE
N36_2_3	Pseudomonas_aeruginosa	False	0	148	gyrA,gyrB,parC,parE
N36_2_3	Staphylococcus_aureus	True	6	464	gyrA,gyrB,parC,parE
N36_2_3	Streptococcus_mitis	False	0	6	gyrA,gyrB,parC,parE
N36_2_3	Streptococcus_oralis	False	0	76	gyrA,gyrB,parC,parE
N36_2_3	Streptococcus_pneumoniae	False	0	71	gyrA,gyrB,parC,parE
N37_1_2	Enterococcus_faecalis	False	0	4	gyrA,gyrB,parE
N37_1_2	Enterococcus_faecium	False	0	4	gyrA,gyrB,parC,parE
N37_1_2	Escherichia_coli	False	0	0	gyrA,gyrB,parC
N37_1_2	Klebsiella_oxytoca	False	0	6	gyrA,gyrB,parC
N37_1_2	Klebsiella_pneumoniae	False	0	0	gyrA,gyrB
N37_1_2	Pseudomonas_aeruginosa	False	0	10	gyrA,gyrB,parE
N37_1_2	Staphylococcus_aureus	True	13	58	gyrA,gyrB,parC,parE
N37_1_2	Streptococcus_mitis	False	0	0	gyrA,gyrB,parC,parE
N37_1_2	Streptococcus_oralis	False	0	12	gyrA,gyrB,parC,parE
N37_1_2	Streptococcus_pneumoniae	False	0	12	gyrA,gyrB,parC,parE
N37_1_3	Enterococcus_faecalis	False	0	0	gyrA,gyrB,parE
N37_1_3	Enterococcus_faecium	False	0	8	gyrA,gyrB
N37_1_3	Escherichia_coli	False	0	12	gyrB,parE
N37_1_3	Klebsiella_oxytoca	False	0	0	gyrA,gyrB,parC
N37_1_3	Klebsiella_pneumoniae	False	0	0	gyrB
N37_1_3	Pseudomonas_aeruginosa	False	0	5	gyrA,gyrB,parC,parE
N37_1_3	Staphylococcus_aureus	True	16	59	gyrA,gyrB,parC,parE
N37_1_3	Streptococcus_mitis	False	0	0	gyrA,gyrB,parC,parE
N37_1_3	Streptococcus_oralis	False	0	8	gyrA,gyrB,parC,parE
N37_1_3	Streptococcus_pneumoniae	False	0	11	gyrA,gyrB,parC,parE
N38_1_2	Enterococcus_faecalis	False	0	612	gyrA,gyrB,parC,parE
N38_1_2	Enterococcus_faecium	True	1	430	gyrA,gyrB,parC,parE
N38_1_2	Escherichia_coli	False	0	267	gyrA,gyrB,parC,parE
N38_1_2	Klebsiella_oxytoca	False	0	73	gyrA,gyrB,parC,parE
N38_1_2	Klebsiella_pneumoniae	False	0	28	gyrA,gyrB,parE
N38_1_2	Pseudomonas_aeruginosa	True	4	324	gyrA,gyrB,parC,parE
N38_1_2	Staphylococcus_aureus	True	25	1925	gyrA,gyrB,parC,parE
N38_1_2	Streptococcus_mitis	False	0	93	gyrA,gyrB,parC,parE
N38_1_2	Streptococcus_oralis	False	0	375	gyrA,gyrB,parC,parE
N38_1_2	Streptococcus_pneumoniae	False	0	450	gyrA,gyrB,parC,parE
N38_1_3	Enterococcus_faecalis	False	0	548	gyrA,gyrB,parC,parE
N38_1_3	Enterococcus_faecium	True	1	430	gyrA,gyrB,parC,parE
N38_1_3	Escherichia_coli	False	0	212	gyrA,gyrB,parC,parE
N38_1_3	Klebsiella_oxytoca	False	0	92	gyrA,gyrB,parC,parE
N38_1_3	Klebsiella_pneumoniae	False	0	50	gyrA,gyrB,parE
N38_1_3	Pseudomonas_aeruginosa	True	14	383	gyrA,gyrB,parC,parE
N38_1_3	Staphylococcus_aureus	True	11	1503	gyrA,gyrB,parC,parE
N38_1_3	Streptococcus_mitis	False	0	221	gyrA,gyrB,parC,parE
N38_1_3	Streptococcus_oralis	False	0	417	gyrA,gyrB,parC,parE
N38_1_3	Streptococcus_pneumoniae	False	0	612	gyrA,gyrB,parC,parE
N38_1_4	Enterococcus_faecalis	False	0	0	gyrA,gyrB,parE
N38_1_4	Enterococcus_faecium	False	0	7	gyrA,gyrB,parC,parE
N38_1_4	Escherichia_coli	False	0	2	gyrA,gyrB,parE
N38_1_4	Klebsiella_oxytoca	False	0	4	gyrA,gyrB
N38_1_4	Klebsiella_pneumoniae	False	0	2	gyrA,gyrB
N38_1_4	Pseudomonas_aeruginosa	False	0	0	gyrA
N38_1_4	Staphylococcus_aureus	True	58	170	gyrA,gyrB,parC,parE
N38_1_4	Streptococcus_mitis	False	0	0	gyrA,parC
N38_1_4	Streptococcus_oralis	False	0	0	gyrA,gyrB,parC
N38_1_4	Streptococcus_pneumoniae	False	0	0	gyrA,gyrB,parC
N38_2_2	Enterococcus_faecalis	False	0	389	gyrA,gyrB,parC,parE
N38_2_2	Enterococcus_faecium	True	1	223	gyrA,gyrB,parC,parE
N38_2_2	Escherichia_coli	True	2	324	gyrA,gyrB,parC,parE
N38_2_2	Klebsiella_oxytoca	False	0	50	gyrA,gyrB,parC,parE
N38_2_2	Klebsiella_pneumoniae	True	2	222	gyrA,gyrB,parE
N38_2_2	Pseudomonas_aeruginosa	False	0	743	gyrA,gyrB,parC,parE
N38_2_2	Staphylococcus_aureus	True	18	1171	gyrA,gyrB,parC,parE
N38_2_2	Streptococcus_mitis	False	0	49	gyrA,gyrB,parC,parE
N38_2_2	Streptococcus_oralis	False	0	424	gyrA,gyrB,parC,parE
N38_2_2	Streptococcus_pneumoniae	False	0	368	gyrA,gyrB,parC,parE
N38_2_3	Enterococcus_faecalis	True	1	52	gyrA,gyrB,parC,parE
N38_2_3	Enterococcus_faecium	True	1	96	gyrA,gyrB,parC,parE
N38_2_3	Escherichia_coli	False	0	83	gyrA,gyrB,parC,parE
N38_2_3	Klebsiella_oxytoca	False	0	30	gyrA,gyrB,parC,parE
N38_2_3	Klebsiella_pneumoniae	True	1	47	gyrA,gyrB,parE
N38_2_3	Pseudomonas_aeruginosa	False	0	24	gyrA,gyrB,parC,parE
N38_2_3	Staphylococcus_aureus	False	0	104	gyrA,gyrB,parC,parE
N38_2_3	Streptococcus_mitis	False	0	9	gyrA,gyrB,parC,parE
N38_2_3	Streptococcus_oralis	False	0	19	gyrA,gyrB,parC,parE
N38_2_3	Streptococcus_pneumoniae	False	0	12	gyrA,gyrB,parC,parE
N38_2_4	Enterococcus_faecalis	True	1	332	gyrA,gyrB,parC,parE
N38_2_4	Enterococcus_faecium	True	1	814	gyrA,gyrB,parC,parE
N38_2_4	Escherichia_coli	False	0	934	gyrA,gyrB,parC,parE
N38_2_4	Klebsiella_oxytoca	True	2	77	gyrA,gyrB,parC,parE
N38_2_4	Klebsiella_pneumoniae	True	1	379	gyrA,gyrB,parE
N38_2_4	Pseudomonas_aeruginosa	False	0	236	gyrA,gyrB,parC,parE
N38_2_4	Staphylococcus_aureus	True	9	949	gyrA,gyrB,parC,parE
N38_2_4	Streptococcus_mitis	False	0	112	gyrA,gyrB,parC,parE
N38_2_4	Streptococcus_oralis	False	0	216	gyrA,gyrB,parC,parE
N38_2_4	Streptococcus_pneumoniae	False	0	178	gyrA,gyrB,parC,parE
N39_1_2	Enterococcus_faecalis	False	0	458	gyrA,gyrB,parC,parE
N39_1_2	Enterococcus_faecium	True	1	214	gyrA,gyrB,parC,parE
N39_1_2	Escherichia_coli	False	0	207	gyrA,gyrB,parC,parE
N39_1_2	Klebsiella_oxytoca	False	0	25	gyrA,gyrB,parC,parE
N39_1_2	Klebsiella_pneumoniae	True	1	140	gyrA,gyrB,parE
N39_1_2	Pseudomonas_aeruginosa	False	0	1096	gyrA,gyrB,parC,parE
N39_1_2	Staphylococcus_aureus	True	79	1560	gyrA,gyrB,parC,parE
N39_1_2	Streptococcus_mitis	False	0	52	gyrA,gyrB,parC,parE
N39_1_2	Streptococcus_oralis	False	0	379	gyrA,gyrB,parC,parE
N39_1_2	Streptococcus_pneumoniae	False	0	375	gyrA,gyrB,parC,parE
N39_1_3	Enterococcus_faecalis	False	0	318	gyrA,gyrB,parC,parE
N39_1_3	Enterococcus_faecium	False	0	232	gyrA,gyrB,parC,parE
N39_1_3	Escherichia_coli	False	0	192	gyrA,gyrB,parC,parE
N39_1_3	Klebsiella_oxytoca	False	0	71	gyrA,gyrB,parC,parE
N39_1_3	Klebsiella_pneumoniae	False	0	51	gyrA,gyrB,parE
N39_1_3	Pseudomonas_aeruginosa	True	5	144	gyrA,gyrB,parC,parE
N39_1_3	Staphylococcus_aureus	True	5	939	gyrA,gyrB,parC,parE
N39_1_3	Streptococcus_mitis	False	0	63	gyrA,gyrB,parC,parE
N39_1_3	Streptococcus_oralis	False	0	157	gyrA,gyrB,parC,parE
N39_1_3	Streptococcus_pneumoniae	False	0	214	gyrA,gyrB,parC,parE
N39_1_4	Enterococcus_faecalis	False	0	3	parE
N39_1_4	Enterococcus_faecium	False	0	0	parE
N39_1_4	Escherichia_coli	True	1	324	gyrA,gyrB,parC,parE
N39_1_4	Klebsiella_oxytoca	False	0	707	gyrA,gyrB,parC,parE
N39_1_4	Klebsiella_pneumoniae	True	171	218	gyrA,gyrB,parE
N39_1_4	Pseudomonas_aeruginosa	False	0	122	gyrA,gyrB,parC,parE
N39_1_4	Staphylococcus_aureus	False	0	0	gyrA,gyrB
N39_1_4	Streptococcus_mitis	False	0	0	gyrA,parE
N39_1_4	Streptococcus_oralis	False	0	0	gyrA,parC,parE
N39_1_4	Streptococcus_pneumoniae	False	0	0	gyrA,parE
N39_2_2	Enterococcus_faecalis	False	0	73	gyrA,gyrB,parC,parE
N39_2_2	Enterococcus_faecium	False	0	23	gyrA,gyrB,parC,parE
N39_2_2	Escherichia_coli	False	0	180	gyrA,gyrB,parC,parE
N39_2_2	Klebsiella_oxytoca	False	0	23	gyrA,gyrB,parC,parE
N39_2_2	Klebsiella_pneumoniae	True	10	164	gyrA,gyrB,parE
N39_2_2	Pseudomonas_aeruginosa	False	0	653	gyrA,gyrB,parC,parE
N39_2_2	Staphylococcus_aureus	True	9	414	gyrA,gyrB,parC,parE
N39_2_2	Streptococcus_mitis	False	0	6	gyrA,gyrB,parC,parE
N39_2_2	Streptococcus_oralis	False	0	300	gyrA,gyrB,parC,parE
N39_2_2	Streptococcus_pneumoniae	False	0	209	gyrA,gyrB,parC,parE
N39_2_3	Enterococcus_faecalis	False	0	16	gyrA,gyrB,parC,parE
N39_2_3	Enterococcus_faecium	False	0	0	gyrA,gyrB,parC,parE
N39_2_3	Escherichia_coli	True	1	511	gyrA,gyrB,parC,parE
N39_2_3	Klebsiella_oxytoca	True	2	691	gyrA,gyrB,parC,parE
N39_2_3	Klebsiella_pneumoniae	True	87	248	gyrA,gyrB,parE
N39_2_3	Pseudomonas_aeruginosa	False	0	140	gyrA,gyrB,parC,parE
N39_2_3	Staphylococcus_aureus	True	68	452	gyrA,gyrB,parC,parE
N39_2_3	Streptococcus_mitis	False	0	1	gyrA,gyrB,parC,parE
N39_2_3	Streptococcus_oralis	False	0	28	gyrA,gyrB,parC,parE
N39_2_3	Streptococcus_pneumoniae	False	0	18	gyrA,gyrB,parC,parE
N39_2_4	Enterococcus_faecalis	False	0	57	gyrA,gyrB,parC,parE
N39_2_4	Enterococcus_faecium	False	0	38	gyrA,gyrB,parC,parE
N39_2_4	Escherichia_coli	True	6	534	gyrA,gyrB,parC,parE
N39_2_4	Klebsiella_oxytoca	False	0	860	gyrA,gyrB,parC,parE
N39_2_4	Klebsiella_pneumoniae	True	198	353	gyrA,gyrB,parE
N39_2_4	Pseudomonas_aeruginosa	False	0	123	gyrA,gyrB,parC,parE
N39_2_4	Staphylococcus_aureus	False	0	239	gyrA,gyrB,parC,parE
N39_2_4	Streptococcus_mitis	False	0	10	gyrA,parC,parE
N39_2_4	Streptococcus_oralis	False	0	15	gyrA,gyrB,parC,parE
N39_2_4	Streptococcus_pneumoniae	False	0	15	gyrA,gyrB,parC,parE
N40_1_2	Enterococcus_faecalis	False	0	27	gyrA,gyrB,parC,parE
N40_1_2	Enterococcus_faecium	False	0	6	gyrA,gyrB,parC,parE
N40_1_2	Escherichia_coli	False	0	12	gyrA,gyrB,parC
N40_1_2	Klebsiella_oxytoca	False	0	0	gyrA,gyrB,parC
N40_1_2	Klebsiella_pneumoniae	False	0	12	gyrA,gyrB
N40_1_2	Pseudomonas_aeruginosa	False	0	100	gyrA,gyrB,parC
N40_1_2	Staphylococcus_aureus	True	104	486	gyrA,gyrB,parC,parE
N40_1_2	Streptococcus_mitis	False	0	0	gyrA,gyrB,parC
N40_1_2	Streptococcus_oralis	False	0	37	gyrA,gyrB,parC
N40_1_2	Streptococcus_pneumoniae	False	0	20	gyrA,gyrB,parC
N40_1_3	Enterococcus_faecalis	False	0	179	gyrA,gyrB,parC,parE
N40_1_3	Enterococcus_faecium	False	0	113	gyrA,gyrB,parC,parE
N40_1_3	Escherichia_coli	False	0	103	gyrA,gyrB,parC,parE
N40_1_3	Klebsiella_oxytoca	False	0	4	gyrA,gyrB,parC,parE
N40_1_3	Klebsiella_pneumoniae	False	0	5	gyrA,gyrB,parE
N40_1_3	Pseudomonas_aeruginosa	True	2	100	gyrA,gyrB,parC,parE
N40_1_3	Staphylococcus_aureus	True	18	614	gyrA,gyrB,parC,parE
N40_1_3	Streptococcus_mitis	False	0	6	gyrA,gyrB,parC,parE
N40_1_3	Streptococcus_oralis	False	0	76	gyrA,gyrB,parC,parE
N40_1_3	Streptococcus_pneumoniae	False	0	174	gyrA,gyrB,parC,parE
N40_1_4	Enterococcus_faecalis	True	1	127	gyrA,gyrB,parC,parE
N40_1_4	Enterococcus_faecium	True	1	129	gyrA,gyrB,parC,parE
N40_1_4	Escherichia_coli	False	0	55	gyrA,gyrB,parC,parE
N40_1_4	Klebsiella_oxytoca	False	0	0	gyrA,gyrB,parC,parE
N40_1_4	Klebsiella_pneumoniae	False	0	45	gyrA,gyrB,parE
N40_1_4	Pseudomonas_aeruginosa	False	0	41	gyrA,gyrB,parE
N40_1_4	Staphylococcus_aureus	True	1883	4042	gyrA,gyrB,parC,parE
N40_1_4	Streptococcus_mitis	False	0	23	gyrA,gyrB,parC,parE
N40_1_4	Streptococcus_oralis	False	0	66	gyrA,gyrB,parC,parE
N40_1_4	Streptococcus_pneumoniae	False	0	35	gyrA,gyrB,parC,parE
N40_2_2	Enterococcus_faecalis	False	0	31	gyrA,gyrB,parC,parE
N40_2_2	Enterococcus_faecium	False	0	18	gyrA,gyrB,parC,parE
N40_2_2	Escherichia_coli	False	0	77	gyrA,gyrB,parC,parE
N40_2_2	Klebsiella_oxytoca	False	0	6	gyrA,gyrB,parC,parE
N40_2_2	Klebsiella_pneumoniae	True	1	43	gyrA,gyrB,parE
N40_2_2	Pseudomonas_aeruginosa	False	0	194	gyrA,gyrB,parC,parE
N40_2_2	Staphylococcus_aureus	True	455	3483	gyrA,gyrB,parC,parE
N40_2_2	Streptococcus_mitis	True	1	4	gyrA,gyrB,parC,parE
N40_2_2	Streptococcus_oralis	True	1	39	gyrA,gyrB,parC,parE
N40_2_2	Streptococcus_pneumoniae	False	0	30	gyrA,gyrB,parC,parE
N40_2_3	Enterococcus_faecalis	True	1	264	gyrA,gyrB,parC,parE
N40_2_3	Enterococcus_faecium	True	1	759	gyrA,gyrB,parC,parE
N40_2_3	Escherichia_coli	True	2	521	gyrA,gyrB,parC,parE
N40_2_3	Klebsiella_oxytoca	True	9	271	gyrA,gyrB,parC,parE
N40_2_3	Klebsiella_pneumoniae	True	8	364	gyrA,gyrB,parE
N40_2_3	Pseudomonas_aeruginosa	False	0	667	gyrA,gyrB,parC,parE
N40_2_3	Staphylococcus_aureus	True	95	1392	gyrA,gyrB,parC,parE
N40_2_3	Streptococcus_mitis	False	0	160	gyrA,gyrB,parC,parE
N40_2_3	Streptococcus_oralis	False	0	490	gyrA,gyrB,parC,parE
N40_2_3	Streptococcus_pneumoniae	False	0	293	gyrA,gyrB,parC,parE
N41_1_2	Enterococcus_faecalis	False	0	5	gyrA,gyrB,parC,parE
N41_1_2	Enterococcus_faecium	False	0	18	gyrA,gyrB,parC,parE
N41_1_2	Escherichia_coli	False	0	3	gyrA,gyrB,parC
N41_1_2	Klebsiella_oxytoca	False	0	0	gyrB
N41_1_2	Klebsiella_pneumoniae	False	0	0	gyrB
N41_1_2	Pseudomonas_aeruginosa	False	0	0	gyrB
N41_1_2	Staphylococcus_aureus	True	50	167	gyrA,gyrB,parC,parE
N41_1_2	Streptococcus_mitis	False	0	0	parC,parE
N41_1_2	Streptococcus_oralis	False	0	3	gyrA,gyrB,parC,parE
N41_1_2	Streptococcus_pneumoniae	False	0	15	gyrA,parC,parE
N41_1_3	Enterococcus_faecalis	False	0	246	gyrA,gyrB,parC,parE
N41_1_3	Enterococcus_faecium	False	0	156	gyrA,gyrB,parC,parE
N41_1_3	Escherichia_coli	False	0	342	gyrA,gyrB,parC,parE
N41_1_3	Klebsiella_oxytoca	False	0	182	gyrA,gyrB,parC,parE
N41_1_3	Klebsiella_pneumoniae	True	3	191	gyrA,gyrB,parE
N41_1_3	Pseudomonas_aeruginosa	True	1	96	gyrA,gyrB,parC,parE
N41_1_3	Staphylococcus_aureus	False	0	649	gyrA,gyrB,parC,parE
N41_1_3	Streptococcus_mitis	False	0	0	gyrA,gyrB,parC,parE
N41_1_3	Streptococcus_oralis	False	0	51	gyrA,gyrB,parC,parE
N41_1_3	Streptococcus_pneumoniae	False	0	173	gyrA,gyrB,parC,parE
N41_1_4	Enterococcus_faecalis	False	0	2	gyrA,gyrB,parC,parE
N41_1_4	Enterococcus_faecium	False	0	4	gyrA,gyrB,parE
N41_1_4	Escherichia_coli	True	5	248	gyrA,gyrB,parC,parE
N41_1_4	Klebsiella_oxytoca	False	0	123	gyrA,gyrB,parC,parE
N41_1_4	Klebsiella_pneumoniae	True	3	92	gyrA,gyrB,parE
N41_1_4	Pseudomonas_aeruginosa	False	0	3	gyrA,gyrB,parE
N41_1_4	Staphylococcus_aureus	False	0	16	gyrA,gyrB,parE
N41_1_4	Streptococcus_mitis	False	0	0	gyrA,parC,parE
N41_1_4	Streptococcus_oralis	False	0	0	gyrA,gyrB,parC,parE
N41_1_4	Streptococcus_pneumoniae	False	0	6	gyrA,gyrB,parC,parE
N41_2_2	Enterococcus_faecalis	False	0	54	gyrA,gyrB,parC,parE
N41_2_2	Enterococcus_faecium	False	0	0	gyrA,gyrB,parC,parE
N41_2_2	Escherichia_coli	False	0	131	gyrA,gyrB,parC,parE
N41_2_2	Klebsiella_oxytoca	False	0	3	gyrA,gyrB,parE
N41_2_2	Klebsiella_pneumoniae	False	0	129	gyrA,gyrB,parE
N41_2_2	Pseudomonas_aeruginosa	False	0	491	gyrA,gyrB,parC,parE
N41_2_2	Staphylococcus_aureus	True	49	676	gyrA,gyrB,parC,parE
N41_2_2	Streptococcus_mitis	False	0	14	gyrA,gyrB,parC,parE
N41_2_2	Streptococcus_oralis	False	0	173	gyrA,gyrB,parC,parE
N41_2_2	Streptococcus_pneumoniae	False	0	119	gyrA,gyrB,parC,parE
N41_2_3	Enterococcus_faecalis	True	1	78	gyrA,gyrB,parC,parE
N41_2_3	Enterococcus_faecium	True	1	173	gyrA,gyrB,parC,parE
N41_2_3	Escherichia_coli	True	7	713	gyrA,gyrB,parC,parE
N41_2_3	Klebsiella_oxytoca	True	4	369	gyrA,gyrB,parC,parE
N41_2_3	Klebsiella_pneumoniae	True	2	401	gyrA,gyrB,parE
N41_2_3	Pseudomonas_aeruginosa	False	0	40	gyrA,gyrB,parE
N41_2_3	Staphylococcus_aureus	True	4	180	gyrA,gyrB,parC,parE
N41_2_3	Streptococcus_mitis	False	0	34	gyrA,gyrB,parC,parE
N41_2_3	Streptococcus_oralis	False	0	50	gyrA,gyrB,parC,parE
N41_2_3	Streptococcus_pneumoniae	False	0	64	gyrA,gyrB,parC,parE
N42_1_2	Enterococcus_faecalis	False	0	45	gyrA,gyrB,parC,parE
N42_1_2	Enterococcus_faecium	False	0	3	gyrA,gyrB,parC,parE
N42_1_2	Escherichia_coli	False	0	6	gyrA,gyrB,parC
N42_1_2	Klebsiella_oxytoca	False	0	0	gyrA,gyrB
N42_1_2	Klebsiella_pneumoniae	False	0	1	gyrB
N42_1_2	Pseudomonas_aeruginosa	False	0	21	gyrA,gyrB,parC,parE
N42_1_2	Staphylococcus_aureus	True	88	302	gyrA,gyrB,parC,parE
N42_1_2	Streptococcus_mitis	False	0	0	gyrA,gyrB,parC,parE
N42_1_2	Streptococcus_oralis	False	0	11	gyrA,gyrB,parC,parE
N42_1_2	Streptococcus_pneumoniae	False	0	20	gyrA,gyrB,parC,parE
N42_1_4	Enterococcus_faecalis	False	0	19	gyrA,gyrB,parC,parE
N42_1_4	Enterococcus_faecium	False	0	8	gyrA,gyrB,parC,parE
N42_1_4	Escherichia_coli	False	0	3	gyrA,gyrB,parC,parE
N42_1_4	Klebsiella_oxytoca	False	0	3	gyrA,gyrB,parC
N42_1_4	Klebsiella_pneumoniae	False	0	0	gyrA,gyrB,parE
N42_1_4	Pseudomonas_aeruginosa	False	0	6	gyrB,parC,parE
N42_1_4	Staphylococcus_aureus	True	1102	2701	gyrA,gyrB,parC,parE
N42_1_4	Streptococcus_mitis	False	0	0	gyrA,gyrB,parC,parE
N42_1_4	Streptococcus_oralis	False	0	0	gyrA,gyrB,parC,parE
N42_1_4	Streptococcus_pneumoniae	False	0	6	gyrA,gyrB,parC,parE
N42_2_2	Enterococcus_faecalis	False	0	41	gyrA,gyrB,parC,parE
N42_2_2	Enterococcus_faecium	True	1	26	gyrA,gyrB,parC,parE
N42_2_2	Escherichia_coli	False	0	254	gyrA,gyrB,parE
N42_2_2	Klebsiella_oxytoca	False	0	9	gyrA,gyrB,parC,parE
N42_2_2	Klebsiella_pneumoniae	False	0	247	gyrA,gyrB,parE
N42_2_2	Pseudomonas_aeruginosa	False	0	16	gyrA,gyrB,parC,parE
N42_2_2	Staphylococcus_aureus	True	361	2034	gyrA,gyrB,parC,parE
N42_2_2	Streptococcus_mitis	False	0	100	gyrA,gyrB,parC,parE
N42_2_2	Streptococcus_oralis	False	0	119	gyrA,gyrB,parC,parE
N42_2_2	Streptococcus_pneumoniae	False	0	113	gyrA,gyrB,parC,parE
N42_2_3	Enterococcus_faecalis	True	4	375	gyrA,gyrB,parC,parE
N42_2_3	Enterococcus_faecium	True	1	429	gyrA,gyrB,parC,parE
N42_2_3	Escherichia_coli	True	5	1697	gyrA,gyrB,parC,parE
N42_2_3	Klebsiella_oxytoca	False	0	275	gyrA,gyrB,parC,parE
N42_2_3	Klebsiella_pneumoniae	True	5	1388	gyrA,gyrB,parE
N42_2_3	Pseudomonas_aeruginosa	True	3	194	gyrA,gyrB,parC,parE
N42_2_3	Staphylococcus_aureus	True	74	1888	gyrA,gyrB,parC,parE
N42_2_3	Streptococcus_mitis	False	0	575	gyrA,gyrB,parC,parE
N42_2_3	Streptococcus_oralis	False	0	729	gyrA,gyrB,parC,parE
N42_2_3	Streptococcus_pneumoniae	False	0	622	gyrA,gyrB,parC,parE
N43_1_2	Enterococcus_faecalis	False	0	20	gyrA,gyrB,parE
N43_1_2	Enterococcus_faecium	False	0	15	gyrA,gyrB,parE
N43_1_2	Escherichia_coli	False	0	251	gyrA,gyrB,parC,parE
N43_1_2	Klebsiella_oxytoca	False	0	267	gyrA,gyrB,parC,parE
N43_1_2	Klebsiella_pneumoniae	False	0	90	gyrA,gyrB,parE
N43_1_2	Pseudomonas_aeruginosa	False	0	49	gyrA,gyrB,parC,parE
N43_1_2	Staphylococcus_aureus	True	1	293	gyrA,gyrB,parC,parE
N43_1_2	Streptococcus_mitis	False	0	2	gyrB,parC,parE
N43_1_2	Streptococcus_oralis	False	0	2	gyrA,gyrB,parE
N43_1_2	Streptococcus_pneumoniae	False	0	2	gyrB,parC,parE
N43_1_3	Enterococcus_faecalis	False	0	20	gyrA,gyrB,parC,parE
N43_1_3	Enterococcus_faecium	False	0	15	gyrA,gyrB,parC,parE
N43_1_3	Escherichia_coli	True	4	152	gyrA,gyrB,parC,parE
N43_1_3	Klebsiella_oxytoca	False	0	62	gyrA,gyrB,parC,parE
N43_1_3	Klebsiella_pneumoniae	False	0	81	gyrA,gyrB,parE
N43_1_3	Pseudomonas_aeruginosa	False	0	13	gyrA,gyrB,parC,parE
N43_1_3	Staphylococcus_aureus	True	21	130	gyrA,gyrB,parC,parE
N43_1_3	Streptococcus_mitis	False	0	0	gyrA,gyrB,parC
N43_1_3	Streptococcus_oralis	False	0	11	gyrA,gyrB,parC
N43_1_3	Streptococcus_pneumoniae	False	0	10	gyrA,gyrB,parC
N43_2_2	Enterococcus_faecalis	False	0	461	gyrA,gyrB,parC,parE
N43_2_2	Enterococcus_faecium	False	0	377	gyrA,gyrB,parC,parE
N43_2_2	Escherichia_coli	False	0	419	gyrA,gyrB,parC,parE
N43_2_2	Klebsiella_oxytoca	False	0	93	gyrA,gyrB,parC,parE
N43_2_2	Klebsiella_pneumoniae	False	0	189	gyrA,gyrB,parE
N43_2_2	Pseudomonas_aeruginosa	False	0	432	gyrA,gyrB,parC,parE
N43_2_2	Staphylococcus_aureus	True	197	2304	gyrA,gyrB,parC,parE
N43_2_2	Streptococcus_mitis	False	0	20	gyrA,gyrB,parC,parE
N43_2_2	Streptococcus_oralis	False	0	266	gyrA,gyrB,parC,parE
N43_2_2	Streptococcus_pneumoniae	False	0	304	gyrA,gyrB,parC,parE
N43_2_3	Enterococcus_faecalis	True	1	543	gyrA,gyrB,parC,parE
N43_2_3	Enterococcus_faecium	True	1	440	gyrA,gyrB,parC,parE
N43_2_3	Escherichia_coli	False	0	552	gyrA,gyrB,parC,parE
N43_2_3	Klebsiella_oxytoca	True	1	188	gyrA,gyrB,parC,parE
N43_2_3	Klebsiella_pneumoniae	True	3	290	gyrA,gyrB,parE
N43_2_3	Pseudomonas_aeruginosa	False	0	369	gyrA,gyrB,parC,parE
N43_2_3	Staphylococcus_aureus	True	48	1353	gyrA,gyrB,parC,parE
N43_2_3	Streptococcus_mitis	False	0	50	gyrA,gyrB,parC,parE
N43_2_3	Streptococcus_oralis	False	0	283	gyrA,gyrB,parC,parE
N43_2_3	Streptococcus_pneumoniae	False	0	305	gyrA,gyrB,parC,parE
N44_1_2	Enterococcus_faecalis	False	0	12	gyrA,gyrB,parC,parE
N44_1_2	Enterococcus_faecium	False	0	2	gyrA,gyrB,parC,parE
N44_1_2	Escherichia_coli	False	0	15	gyrA,gyrB
N44_1_2	Klebsiella_oxytoca	False	0	4	gyrA,gyrB
N44_1_2	Klebsiella_pneumoniae	False	0	0	gyrA,gyrB
N44_1_2	Pseudomonas_aeruginosa	False	0	23	gyrA,gyrB,parC
N44_1_2	Staphylococcus_aureus	True	759	5166	gyrA,gyrB,parC,parE
N44_1_2	Streptococcus_mitis	True	2	8	gyrA,parC,parE
N44_1_2	Streptococcus_oralis	True	2	10	gyrA,gyrB,parC,parE
N44_1_2	Streptococcus_pneumoniae	False	0	6	gyrA,gyrB,parC,parE
N44_1_3	Enterococcus_faecalis	False	0	3	gyrA,gyrB,parE
N44_1_3	Enterococcus_faecium	False	0	4	gyrA,gyrB,parC,parE
N44_1_3	Escherichia_coli	False	0	2	gyrA,gyrB
N44_1_3	Klebsiella_oxytoca	False	0	3	gyrA,gyrB
N44_1_3	Klebsiella_pneumoniae	False	0	2	gyrB
N44_1_3	Pseudomonas_aeruginosa	False	0	4	gyrA,gyrB,parC,parE
N44_1_3	Staphylococcus_aureus	True	1	17	gyrA,gyrB,parC,parE
N44_1_3	Streptococcus_mitis	False	0	0	gyrB,parC,parE
N44_1_3	Streptococcus_oralis	False	0	7	gyrB,parC,parE
N44_1_3	Streptococcus_pneumoniae	False	0	4	gyrB,parC,parE
N44_2_2	Enterococcus_faecalis	False	0	167	gyrA,gyrB,parC,parE
N44_2_2	Enterococcus_faecium	False	0	8	gyrA,gyrB,parC,parE
N44_2_2	Escherichia_coli	False	0	418	gyrA,gyrB,parC,parE
N44_2_2	Klebsiella_oxytoca	False	0	18	gyrA,gyrB,parC,parE
N44_2_2	Klebsiella_pneumoniae	False	0	383	gyrA,gyrB,parE
N44_2_2	Pseudomonas_aeruginosa	False	0	1323	gyrA,gyrB,parC,parE
N44_2_2	Staphylococcus_aureus	True	126	1574	gyrA,gyrB,parC,parE
N44_2_2	Streptococcus_mitis	False	0	0	gyrA,gyrB,parC,parE
N44_2_2	Streptococcus_oralis	False	0	478	gyrA,gyrB,parC,parE
N44_2_2	Streptococcus_pneumoniae	False	0	305	gyrA,gyrB,parC,parE
N44_2_3	Enterococcus_faecalis	True	1	32	gyrA,gyrB,parC,parE
N44_2_3	Enterococcus_faecium	True	1	47	gyrA,gyrB,parC
N44_2_3	Escherichia_coli	False	0	42	gyrA,gyrB,parC,parE
N44_2_3	Klebsiella_oxytoca	False	0	12	gyrA,gyrB,parC,parE
N44_2_3	Klebsiella_pneumoniae	True	1	33	gyrA,gyrB,parE
N44_2_3	Pseudomonas_aeruginosa	False	0	13	gyrA,gyrB,parC,parE
N44_2_3	Staphylococcus_aureus	True	27	131	gyrA,gyrB,parC,parE
N44_2_3	Streptococcus_mitis	False	0	9	gyrA,gyrB,parC,parE
N44_2_3	Streptococcus_oralis	False	0	20	gyrA,gyrB,parC,parE
N44_2_3	Streptococcus_pneumoniae	False	0	14	gyrA,gyrB,parC,parE
N45_1_2	Enterococcus_faecalis	False	0	71	gyrA,gyrB,parC,parE
N45_1_2	Enterococcus_faecium	False	0	25	gyrA,gyrB,parC,parE
N45_1_2	Escherichia_coli	False	0	101	gyrA,gyrB,parC,parE
N45_1_2	Klebsiella_oxytoca	False	0	0	gyrA,gyrB,parC,parE
N45_1_2	Klebsiella_pneumoniae	False	0	97	gyrA,gyrB,parE
N45_1_2	Pseudomonas_aeruginosa	True	1	360	gyrA,gyrB,parC,parE
N45_1_2	Staphylococcus_aureus	True	135	1109	gyrA,gyrB,parC,parE
N45_1_2	Streptococcus_mitis	False	0	2	gyrA,gyrB,parC,parE
N45_1_2	Streptococcus_oralis	False	0	195	gyrA,gyrB,parC,parE
N45_1_2	Streptococcus_pneumoniae	False	0	126	gyrA,gyrB,parC,parE
N45_1_3	Enterococcus_faecalis	True	4	124	gyrA,gyrB,parC,parE
N45_1_3	Enterococcus_faecium	True	1	527	gyrA,gyrB,parC,parE
N45_1_3	Escherichia_coli	False	0	451	gyrA,gyrB,parC,parE
N45_1_3	Klebsiella_oxytoca	True	2	170	gyrA,gyrB,parC,parE
N45_1_3	Klebsiella_pneumoniae	True	9	217	gyrA,gyrB,parE
N45_1_3	Pseudomonas_aeruginosa	False	0	8	gyrA,gyrB,parC,parE
N45_1_3	Staphylococcus_aureus	True	10	88	gyrA,gyrB,parC,parE
N45_1_3	Streptococcus_mitis	False	0	145	gyrA,gyrB,parC,parE
N45_1_3	Streptococcus_oralis	False	0	216	gyrA,gyrB,parC,parE
N45_1_3	Streptococcus_pneumoniae	False	0	146	gyrA,gyrB,parC,parE
N45_1_4	Enterococcus_faecalis	True	1	109	gyrA,gyrB,parC,parE
N45_1_4	Enterococcus_faecium	True	1	83	gyrA,gyrB,parC,parE
N45_1_4	Escherichia_coli	False	0	333	gyrA,gyrB,parC,parE
N45_1_4	Klebsiella_oxytoca	True	6	69	gyrA,gyrB,parC,parE
N45_1_4	Klebsiella_pneumoniae	False	0	154	gyrA,gyrB,parE
N45_1_4	Pseudomonas_aeruginosa	False	0	59	gyrA,gyrB,parC,parE
N45_1_4	Staphylococcus_aureus	True	40	329	gyrA,gyrB,parC,parE
N45_1_4	Streptococcus_mitis	False	0	59	gyrA,gyrB,parC,parE
N45_1_4	Streptococcus_oralis	False	0	103	gyrA,gyrB,parC,parE
N45_1_4	Streptococcus_pneumoniae	False	0	71	gyrA,gyrB,parC,parE
N45_2_2	Enterococcus_faecalis	False	0	461	gyrA,gyrB,parC,parE
N45_2_2	Enterococcus_faecium	False	0	254	gyrA,gyrB,parC,parE
N45_2_2	Escherichia_coli	False	0	611	gyrA,gyrB,parC,parE
N45_2_2	Klebsiella_oxytoca	False	0	31	gyrA,gyrB,parC,parE
N45_2_2	Klebsiella_pneumoniae	False	0	518	gyrA,gyrB,parE
N45_2_2	Pseudomonas_aeruginosa	False	0	1872	gyrA,gyrB,parC,parE
N45_2_2	Staphylococcus_aureus	True	5	1320	gyrA,gyrB,parC,parE
N45_2_2	Streptococcus_mitis	False	0	11	gyrA,gyrB,parC,parE
N45_2_2	Streptococcus_oralis	False	0	922	gyrA,gyrB,parC,parE
N45_2_2	Streptococcus_pneumoniae	False	0	604	gyrA,gyrB,parC,parE
N45_2_3	Enterococcus_faecalis	True	1	693	gyrA,gyrB,parC,parE
N45_2_3	Enterococcus_faecium	True	1	2262	gyrA,gyrB,parC,parE
N45_2_3	Escherichia_coli	False	0	901	gyrA,gyrB,parC,parE
N45_2_3	Klebsiella_oxytoca	True	3	227	gyrA,gyrB,parC,parE
N45_2_3	Klebsiella_pneumoniae	True	1	431	gyrA,gyrB,parE
N45_2_3	Pseudomonas_aeruginosa	False	0	341	gyrA,gyrB,parC,parE
N45_2_3	Staphylococcus_aureus	True	3	1045	gyrA,gyrB,parC,parE
N45_2_3	Streptococcus_mitis	False	0	92	gyrA,gyrB,parC,parE
N45_2_3	Streptococcus_oralis	False	0	344	gyrA,gyrB,parC,parE
N45_2_3	Streptococcus_pneumoniae	False	0	299	gyrA,gyrB,parC,parE
N46_1_2	Enterococcus_faecalis	False	0	100	gyrA,gyrB,parC,parE
N46_1_2	Enterococcus_faecium	False	0	76	gyrA,gyrB,parC,parE
N46_1_2	Escherichia_coli	False	0	59	gyrA,gyrB,parC,parE
N46_1_2	Klebsiella_oxytoca	False	0	29	gyrA,gyrB,parC,parE
N46_1_2	Klebsiella_pneumoniae	True	1	23	gyrA,gyrB,parE
N46_1_2	Pseudomonas_aeruginosa	True	2	47	gyrA,gyrB,parC,parE
N46_1_2	Staphylococcus_aureus	True	363	3264	gyrA,gyrB,parC,parE
N46_1_2	Streptococcus_mitis	True	1	13	gyrA,gyrB,parC,parE
N46_1_2	Streptococcus_oralis	True	1	39	gyrA,gyrB,parC,parE
N46_1_2	Streptococcus_pneumoniae	False	0	39	gyrA,gyrB,parC,parE
N46_1_3	Enterococcus_faecalis	False	0	6	gyrA,gyrB,parC,parE
N46_1_3	Enterococcus_faecium	False	0	0	gyrA,gyrB,parC,parE
N46_1_3	Escherichia_coli	False	0	20	gyrA,gyrB
N46_1_3	Klebsiella_oxytoca	False	0	0	gyrA,gyrB,parC
N46_1_3	Klebsiella_pneumoniae	False	0	6	gyrA,gyrB
N46_1_3	Pseudomonas_aeruginosa	False	0	6	gyrA,gyrB,parC
N46_1_3	Staphylococcus_aureus	True	20	115	gyrA,gyrB,parC,parE
N46_1_3	Streptococcus_mitis	False	0	4	gyrA,gyrB,parC,parE
N46_1_3	Streptococcus_oralis	False	0	8	gyrA,gyrB,parC,parE
N46_1_3	Streptococcus_pneumoniae	False	0	16	gyrA,gyrB,parC,parE
N46_2_2	Enterococcus_faecalis	False	0	85	gyrA,gyrB,parC,parE
N46_2_2	Enterococcus_faecium	False	0	78	gyrA,gyrB,parC,parE
N46_2_2	Escherichia_coli	True	2	69	gyrA,gyrB,parC,parE
N46_2_2	Klebsiella_oxytoca	False	0	22	gyrA,gyrB,parC,parE
N46_2_2	Klebsiella_pneumoniae	False	0	21	gyrA,gyrB,parE
N46_2_2	Pseudomonas_aeruginosa	True	1	81	gyrA,gyrB,parC,parE
N46_2_2	Staphylococcus_aureus	True	104	982	gyrA,gyrB,parC,parE
N46_2_2	Streptococcus_mitis	False	0	40	gyrA,gyrB,parC,parE
N46_2_2	Streptococcus_oralis	False	0	110	gyrA,gyrB,parC,parE
N46_2_2	Streptococcus_pneumoniae	False	0	88	gyrA,gyrB,parC,parE
N46_2_3	Enterococcus_faecalis	True	1	499	gyrA,gyrB,parC,parE
N46_2_3	Enterococcus_faecium	True	1	434	gyrA,gyrB,parC,parE
N46_2_3	Escherichia_coli	True	3	1152	gyrA,gyrB,parC,parE
N46_2_3	Klebsiella_oxytoca	True	4	307	gyrA,gyrB,parC,parE
N46_2_3	Klebsiella_pneumoniae	True	3	491	gyrA,gyrB,parE
N46_2_3	Pseudomonas_aeruginosa	False	0	275	gyrA,gyrB,parC,parE
N46_2_3	Staphylococcus_aureus	True	192	2345	gyrA,gyrB,parC,parE
N46_2_3	Streptococcus_mitis	False	0	111	gyrA,gyrB,parC,parE
N46_2_3	Streptococcus_oralis	False	0	221	gyrA,gyrB,parC,parE
N46_2_3	Streptococcus_pneumoniae	False	0	159	gyrA,gyrB,parC,parE
N46_2_4	Enterococcus_faecalis	True	1	663	gyrA,gyrB,parC,parE
N46_2_4	Enterococcus_faecium	True	1	697	gyrA,gyrB,parC,parE
N46_2_4	Escherichia_coli	True	8	1058	gyrA,gyrB,parC,parE
N46_2_4	Klebsiella_oxytoca	False	0	285	gyrA,gyrB,parC,parE
N46_2_4	Klebsiella_pneumoniae	False	0	339	gyrA,gyrB,parE
N46_2_4	Pseudomonas_aeruginosa	False	0	160	gyrA,gyrB,parC,parE
N46_2_4	Staphylococcus_aureus	True	7	1282	gyrA,gyrB,parC,parE
N46_2_4	Streptococcus_mitis	False	0	157	gyrA,gyrB,parC,parE
N46_2_4	Streptococcus_oralis	False	0	287	gyrA,gyrB,parC,parE
N46_2_4	Streptococcus_pneumoniae	False	0	156	gyrA,gyrB,parC,parE
N47_1_2	Enterococcus_faecalis	False	0	30	gyrA,gyrB,parC,parE
N47_1_2	Enterococcus_faecium	False	0	37	gyrA,gyrB,parC,parE
N47_1_2	Escherichia_coli	False	0	36	gyrA,gyrB,parC,parE
N47_1_2	Klebsiella_oxytoca	False	0	8	gyrA,gyrB,parC,parE
N47_1_2	Klebsiella_pneumoniae	False	0	10	gyrA,gyrB,parE
N47_1_2	Pseudomonas_aeruginosa	False	0	22	gyrA,gyrB,parC,parE
N47_1_2	Staphylococcus_aureus	True	126	2106	gyrA,gyrB,parC,parE
N47_1_2	Streptococcus_mitis	False	0	49	gyrA,gyrB,parC,parE
N47_1_2	Streptococcus_oralis	False	0	73	gyrA,gyrB,parC,parE
N47_1_2	Streptococcus_pneumoniae	False	0	74	gyrA,gyrB,parC,parE
N47_1_3	Enterococcus_faecalis	False	0	33	gyrA,gyrB,parC,parE
N47_1_3	Enterococcus_faecium	False	0	40	gyrA,gyrB,parC,parE
N47_1_3	Escherichia_coli	False	0	34	gyrA,gyrB,parC,parE
N47_1_3	Klebsiella_oxytoca	False	0	21	gyrA,gyrB,parC,parE
N47_1_3	Klebsiella_pneumoniae	False	0	19	gyrA,gyrB,parE
N47_1_3	Pseudomonas_aeruginosa	False	0	33	gyrA,gyrB,parC,parE
N47_1_3	Staphylococcus_aureus	True	380	3209	gyrA,gyrB,parC,parE
N47_1_3	Streptococcus_mitis	False	0	12	gyrA,gyrB,parC,parE
N47_1_3	Streptococcus_oralis	False	0	33	gyrA,gyrB,parC,parE
N47_1_3	Streptococcus_pneumoniae	False	0	23	gyrA,gyrB,parC,parE
N47_2_2	Enterococcus_faecalis	False	0	107	gyrA,gyrB,parC,parE
N47_2_2	Enterococcus_faecium	False	0	28	gyrA,gyrB,parC,parE
N47_2_2	Escherichia_coli	False	0	138	gyrA,gyrB,parC,parE
N47_2_2	Klebsiella_oxytoca	False	0	10	gyrA,gyrB,parE
N47_2_2	Klebsiella_pneumoniae	False	0	137	gyrA,gyrB,parE
N47_2_2	Pseudomonas_aeruginosa	True	1	587	gyrA,gyrB,parC,parE
N47_2_2	Staphylococcus_aureus	True	51	804	gyrA,gyrB,parC,parE
N47_2_2	Streptococcus_mitis	False	0	9	gyrA,gyrB,parC,parE
N47_2_2	Streptococcus_oralis	False	0	218	gyrA,gyrB,parC,parE
N47_2_2	Streptococcus_pneumoniae	False	0	123	gyrA,gyrB,parC,parE
N47_2_3	Enterococcus_faecalis	False	0	779	gyrA,gyrB,parC,parE
N47_2_3	Enterococcus_faecium	False	0	352	gyrA,gyrB,parC,parE
N47_2_3	Escherichia_coli	True	1	1193	gyrA,gyrB,parC,parE
N47_2_3	Klebsiella_oxytoca	False	0	570	gyrA,gyrB,parC,parE
N47_2_3	Klebsiella_pneumoniae	False	0	920	gyrA,gyrB,parE
N47_2_3	Pseudomonas_aeruginosa	True	2	1214	gyrA,gyrB,parC,parE
N47_2_3	Staphylococcus_aureus	True	66	2077	gyrA,gyrB,parC,parE
N47_2_3	Streptococcus_mitis	False	0	134	gyrA,gyrB,parC,parE
N47_2_3	Streptococcus_oralis	False	0	721	gyrA,gyrB,parC,parE
N47_2_3	Streptococcus_pneumoniae	False	0	442	gyrA,gyrB,parC,parE
N47_2_4	Enterococcus_faecalis	False	0	1284	gyrA,gyrB,parC,parE
N47_2_4	Enterococcus_faecium	False	0	864	gyrA,gyrB,parC,parE
N47_2_4	Escherichia_coli	True	6	989	gyrA,gyrB,parC,parE
N47_2_4	Klebsiella_oxytoca	True	2	1249	gyrA,gyrB,parC,parE
N47_2_4	Klebsiella_pneumoniae	False	0	595	gyrA,gyrB,parE
N47_2_4	Pseudomonas_aeruginosa	True	3	272	gyrA,gyrB,parE
N47_2_4	Staphylococcus_aureus	True	12	2771	gyrA,gyrB,parC,parE
N47_2_4	Streptococcus_mitis	False	0	447	gyrA,gyrB,parC,parE
N47_2_4	Streptococcus_oralis	False	0	644	gyrA,gyrB,parC,parE
N47_2_4	Streptococcus_pneumoniae	False	0	506	gyrA,gyrB,parC,parE
N48_1_2	Enterococcus_faecalis	False	0	48	gyrA,gyrB,parC,parE
N48_1_2	Enterococcus_faecium	False	0	43	gyrA,gyrB,parC,parE
N48_1_2	Escherichia_coli	False	0	21	gyrA,gyrB,parC,parE
N48_1_2	Klebsiella_oxytoca	False	0	16	gyrA,gyrB,parC,parE
N48_1_2	Klebsiella_pneumoniae	False	0	15	gyrA,gyrB,parE
N48_1_2	Pseudomonas_aeruginosa	False	0	12	gyrA,gyrB,parC,parE
N48_1_2	Staphylococcus_aureus	True	662	5981	gyrA,gyrB,parC,parE
N48_1_2	Streptococcus_mitis	False	0	81	gyrA,gyrB,parC,parE
N48_1_2	Streptococcus_oralis	False	0	106	gyrA,gyrB,parC,parE
N48_1_2	Streptococcus_pneumoniae	False	0	92	gyrA,gyrB,parC,parE
N48_1_3	Enterococcus_faecalis	False	0	208	gyrA,gyrB,parC,parE
N48_1_3	Enterococcus_faecium	False	0	128	gyrA,gyrB,parC,parE
N48_1_3	Escherichia_coli	False	0	73	gyrA,gyrB,parC,parE
N48_1_3	Klebsiella_oxytoca	False	0	19	gyrA,gyrB,parC,parE
N48_1_3	Klebsiella_pneumoniae	False	0	27	gyrA,gyrB,parE
N48_1_3	Pseudomonas_aeruginosa	True	4	122	gyrA,gyrB,parC,parE
N48_1_3	Staphylococcus_aureus	True	340	2817	gyrA,gyrB,parC,parE
N48_1_3	Streptococcus_mitis	False	0	9	gyrA,gyrB,parC,parE
N48_1_3	Streptococcus_oralis	False	0	76	gyrA,gyrB,parC,parE
N48_1_3	Streptococcus_pneumoniae	False	0	115	gyrA,gyrB,parC,parE
N48_2_2	Enterococcus_faecalis	False	0	147	gyrA,gyrB,parC,parE
N48_2_2	Enterococcus_faecium	False	0	53	gyrA,gyrB,parC,parE
N48_2_2	Escherichia_coli	False	0	598	gyrA,gyrB,parC,parE
N48_2_2	Klebsiella_oxytoca	False	0	7	gyrA,gyrB,parC,parE
N48_2_2	Klebsiella_pneumoniae	True	1	586	gyrA,gyrB,parE
N48_2_2	Pseudomonas_aeruginosa	False	0	1041	gyrA,gyrB,parC,parE
N48_2_2	Staphylococcus_aureus	True	362	3656	gyrA,gyrB,parC,parE
N48_2_2	Streptococcus_mitis	False	0	146	gyrA,gyrB,parC,parE
N48_2_2	Streptococcus_oralis	False	0	604	gyrA,gyrB,parC,parE
N48_2_2	Streptococcus_pneumoniae	False	0	407	gyrA,gyrB,parC,parE
N48_2_3	Enterococcus_faecalis	False	0	489	gyrA,gyrB,parC,parE
N48_2_3	Enterococcus_faecium	True	1	412	gyrA,gyrB,parC,parE
N48_2_3	Escherichia_coli	True	4	735	gyrA,gyrB,parC,parE
N48_2_3	Klebsiella_oxytoca	True	2	664	gyrA,gyrB,parC,parE
N48_2_3	Klebsiella_pneumoniae	False	0	474	gyrA,gyrB,parE
N48_2_3	Pseudomonas_aeruginosa	True	3	361	gyrA,gyrB,parC,parE
N48_2_3	Staphylococcus_aureus	True	61	1382	gyrA,gyrB,parC,parE
N48_2_3	Streptococcus_mitis	False	0	447	gyrA,gyrB,parC,parE
N48_2_3	Streptococcus_oralis	False	0	885	gyrA,gyrB,parC,parE
N48_2_3	Streptococcus_pneumoniae	False	0	609	gyrA,gyrB,parC,parE
N48_2_4	Enterococcus_faecalis	False	0	337	gyrA,gyrB,parC,parE
N48_2_4	Enterococcus_faecium	False	0	187	gyrA,gyrB,parC,parE
N48_2_4	Escherichia_coli	True	1	349	gyrA,gyrB,parC,parE
N48_2_4	Klebsiella_oxytoca	False	0	521	gyrA,gyrB,parC,parE
N48_2_4	Klebsiella_pneumoniae	False	0	154	gyrA,gyrB,parE
N48_2_4	Pseudomonas_aeruginosa	True	7	178	gyrA,gyrB,parC,parE
N48_2_4	Staphylococcus_aureus	True	32	1030	gyrA,gyrB,parC,parE
N48_2_4	Streptococcus_mitis	False	0	227	gyrA,gyrB,parC,parE
N48_2_4	Streptococcus_oralis	False	0	308	gyrA,gyrB,parC,parE
N48_2_4	Streptococcus_pneumoniae	False	0	244	gyrA,gyrB,parC,parE
N49_1_2	Enterococcus_faecalis	False	0	23	gyrA,gyrB,parE
N49_1_2	Enterococcus_faecium	False	0	4	gyrA,gyrB,parC,parE
N49_1_2	Escherichia_coli	False	0	85	gyrA,gyrB
N49_1_2	Klebsiella_oxytoca	False	0	0	gyrA,gyrB
N49_1_2	Klebsiella_pneumoniae	False	0	85	gyrB
N49_1_2	Pseudomonas_aeruginosa	False	0	324	gyrA,gyrB,parC,parE
N49_1_2	Staphylococcus_aureus	True	30	378	gyrA,gyrB,parC,parE
N49_1_2	Streptococcus_mitis	False	0	0	gyrA,gyrB,parC
N49_1_2	Streptococcus_oralis	False	0	150	gyrA,gyrB,parC
N49_1_2	Streptococcus_pneumoniae	False	0	114	gyrA,gyrB,parC
N49_1_3	Enterococcus_faecalis	False	0	10	gyrA,gyrB,parE
N49_1_3	Enterococcus_faecium	False	0	15	gyrA,gyrB,parE
N49_1_3	Escherichia_coli	False	0	11	gyrA,gyrB,parC
N49_1_3	Klebsiella_oxytoca	False	0	3	gyrA,gyrB,parC
N49_1_3	Klebsiella_pneumoniae	False	0	0	gyrA,gyrB,parE
N49_1_3	Pseudomonas_aeruginosa	False	0	0	gyrB,parC,parE
N49_1_3	Staphylococcus_aureus	False	0	30	gyrA,gyrB,parC,parE
N49_1_3	Streptococcus_mitis	False	0	0	gyrA,parC
N49_1_3	Streptococcus_oralis	False	0	10	gyrA,gyrB,parC,parE
N49_1_3	Streptococcus_pneumoniae	False	0	6	gyrA,gyrB,parC
N49_1_4	Enterococcus_faecalis	True	4	231	gyrA,gyrB,parC,parE
N49_1_4	Enterococcus_faecium	True	4	982	gyrA,gyrB,parC,parE
N49_1_4	Escherichia_coli	False	0	0	gyrB,parC,parE
N49_1_4	Klebsiella_oxytoca	False	0	0	gyrA,gyrB,parC,parE
N49_1_4	Klebsiella_pneumoniae	True	1	0	gyrA,gyrB,parE
N49_1_4	Pseudomonas_aeruginosa	False	0	0	gyrA,gyrB
N49_1_4	Staphylococcus_aureus	True	115	491	gyrA,gyrB,parC,parE
N49_1_4	Streptococcus_mitis	False	0	316	gyrA,parC,parE
N49_1_4	Streptococcus_oralis	False	0	485	gyrA,gyrB,parC,parE
N49_1_4	Streptococcus_pneumoniae	False	0	335	gyrA,gyrB,parC,parE
N49_2_2	Enterococcus_faecalis	False	0	47	gyrA,gyrB,parC,parE
N49_2_2	Enterococcus_faecium	False	0	18	gyrA,gyrB,parC,parE
N49_2_2	Escherichia_coli	False	0	84	gyrA,gyrB,parC,parE
N49_2_2	Klebsiella_oxytoca	False	0	2	gyrA,gyrB,parC,parE
N49_2_2	Klebsiella_pneumoniae	False	0	78	gyrA,gyrB,parE
N49_2_2	Pseudomonas_aeruginosa	False	0	334	gyrA,gyrB,parC,parE
N49_2_2	Staphylococcus_aureus	True	25	326	gyrA,gyrB,parC,parE
N49_2_2	Streptococcus_mitis	False	0	5	gyrA,gyrB,parC,parE
N49_2_2	Streptococcus_oralis	False	0	153	gyrA,gyrB,parC,parE
N49_2_2	Streptococcus_pneumoniae	False	0	105	gyrA,gyrB,parC,parE
N49_2_3	Enterococcus_faecalis	False	0	6	gyrA,gyrB,parC,parE
N49_2_3	Enterococcus_faecium	False	0	8	gyrA,parE
N49_2_3	Escherichia_coli	True	1	64	gyrA,gyrB,parC,parE
N49_2_3	Klebsiella_oxytoca	False	0	43	gyrA,gyrB,parC,parE
N49_2_3	Klebsiella_pneumoniae	True	1	43	gyrA,gyrB,parE
N49_2_3	Pseudomonas_aeruginosa	False	0	4	gyrA,gyrB,parC,parE
N49_2_3	Staphylococcus_aureus	True	1	25	gyrA,gyrB,parC,parE
N49_2_3	Streptococcus_mitis	False	0	0	gyrA,gyrB,parC
N49_2_3	Streptococcus_oralis	False	0	0	gyrA,gyrB,parC
N49_2_3	Streptococcus_pneumoniae	False	0	0	gyrA,gyrB,parC
N49_2_4	Enterococcus_faecalis	False	0	4	gyrA,gyrB,parC,parE
N49_2_4	Enterococcus_faecium	False	0	10	gyrA
N49_2_4	Escherichia_coli	False	0	287	gyrA,gyrB,parC,parE
N49_2_4	Klebsiella_oxytoca	False	0	180	gyrA,gyrB,parC,parE
N49_2_4	Klebsiella_pneumoniae	True	1	198	gyrA,gyrB,parE
N49_2_4	Pseudomonas_aeruginosa	False	0	12	gyrB,parC,parE
N49_2_4	Staphylococcus_aureus	True	4	11	gyrA,gyrB,parC,parE
N49_2_4	Streptococcus_mitis	False	0	12	gyrA,parE
N49_2_4	Streptococcus_oralis	False	0	12	gyrA,parE
N49_2_4	Streptococcus_pneumoniae	False	0	15	gyrA,parC,parE
N50_1_2	Enterococcus_faecalis	False	0	0	gyrA,gyrB,parC
N50_1_2	Enterococcus_faecium	False	0	7	gyrA,gyrB,parE
N50_1_2	Escherichia_coli	False	0	0	gyrB
N50_1_2	Klebsiella_oxytoca	False	0	0	gyrA,gyrB
N50_1_2	Klebsiella_pneumoniae	False	0	0	gyrB,parE
N50_1_2	Pseudomonas_aeruginosa	False	0	0	gyrA,gyrB,parC
N50_1_2	Staphylococcus_aureus	False	0	27	gyrA,gyrB,parC,parE
N50_1_2	Streptococcus_mitis	False	0	0	gyrA,gyrB,parC,parE
N50_1_2	Streptococcus_oralis	False	0	0	gyrA,gyrB,parC,parE
N50_1_2	Streptococcus_pneumoniae	False	0	9	gyrA,gyrB,parC,parE
N50_1_3	Enterococcus_faecalis	False	0	3	gyrA,gyrB,parE
N50_1_3	Enterococcus_faecium	False	0	3	gyrA,parC
N50_1_3	Escherichia_coli	False	0	3	gyrA,gyrB,parC,parE
N50_1_3	Klebsiella_oxytoca	False	0	0	gyrA,gyrB,parC,parE
N50_1_3	Klebsiella_pneumoniae	False	0	0	gyrA,gyrB,parE
N50_1_3	Pseudomonas_aeruginosa	False	0	9	gyrA,gyrB,parC,parE
N50_1_3	Staphylococcus_aureus	True	2	8	gyrA,gyrB,parC,parE
N50_1_3	Streptococcus_mitis	False	0	0	gyrA,gyrB,parC
N50_1_3	Streptococcus_oralis	False	0	0	gyrA,gyrB,parC,parE
N50_1_3	Streptococcus_pneumoniae	False	0	5	gyrA,parC,parE
N50_2_2	Enterococcus_faecalis	False	0	210	gyrA,gyrB,parC,parE
N50_2_2	Enterococcus_faecium	False	0	1	gyrA,gyrB,parC,parE
N50_2_2	Escherichia_coli	False	0	572	gyrA,gyrB,parC,parE
N50_2_2	Klebsiella_oxytoca	False	0	8	gyrA,gyrB,parC,parE
N50_2_2	Klebsiella_pneumoniae	False	0	546	gyrA,gyrB,parE
N50_2_2	Pseudomonas_aeruginosa	True	1	1905	gyrA,gyrB,parC,parE
N50_2_2	Staphylococcus_aureus	True	22	1057	gyrA,gyrB,parC,parE
N50_2_2	Streptococcus_mitis	False	0	8	gyrA,gyrB,parC,parE
N50_2_2	Streptococcus_oralis	False	0	711	gyrA,gyrB,parC,parE
N50_2_2	Streptococcus_pneumoniae	False	0	397	gyrA,gyrB,parC,parE
N50_2_3	Enterococcus_faecalis	True	1	653	gyrA,gyrB,parC,parE
N50_2_3	Enterococcus_faecium	True	1	280	gyrA,gyrB,parC,parE
N50_2_3	Escherichia_coli	True	2	835	gyrA,gyrB,parC,parE
N50_2_3	Klebsiella_oxytoca	True	3	446	gyrA,gyrB,parC,parE
N50_2_3	Klebsiella_pneumoniae	False	0	436	gyrA,gyrB,parE
N50_2_3	Pseudomonas_aeruginosa	False	0	134	gyrA,gyrB,parC,parE
N50_2_3	Staphylococcus_aureus	True	21	1552	gyrA,gyrB,parC,parE
N50_2_3	Streptococcus_mitis	False	0	223	gyrA,gyrB,parC,parE
N50_2_3	Streptococcus_oralis	False	0	414	gyrA,gyrB,parC,parE
N50_2_3	Streptococcus_pneumoniae	False	0	284	gyrA,gyrB,parC,parE
N50_2_4	Enterococcus_faecalis	True	1	631	gyrA,gyrB,parC,parE
N50_2_4	Enterococcus_faecium	True	1	246	gyrA,gyrB,parC,parE
N50_2_4	Escherichia_coli	True	1	990	gyrA,gyrB,parC,parE
N50_2_4	Klebsiella_oxytoca	False	0	621	gyrA,gyrB,parC,parE
N50_2_4	Klebsiella_pneumoniae	True	1	564	gyrA,gyrB,parE
N50_2_4	Pseudomonas_aeruginosa	False	0	89	gyrA,gyrB,parC,parE
N50_2_4	Staphylococcus_aureus	True	9	1301	gyrA,gyrB,parC,parE
N50_2_4	Streptococcus_mitis	False	0	105	gyrA,gyrB,parC,parE
N50_2_4	Streptococcus_oralis	False	0	212	gyrA,gyrB,parC,parE
N50_2_4	Streptococcus_pneumoniae	False	0	112	gyrA,gyrB,parC,parE
N51_1_2	Enterococcus_faecalis	False	0	6	gyrA,gyrB,parC,parE
N51_1_2	Enterococcus_faecium	False	0	0	gyrA,gyrB,parC,parE
N51_1_2	Escherichia_coli	False	0	12	gyrA,gyrB,parC,parE
N51_1_2	Klebsiella_oxytoca	False	0	3	gyrA,gyrB,parE
N51_1_2	Klebsiella_pneumoniae	True	1	12	gyrA,gyrB,parE
N51_1_2	Pseudomonas_aeruginosa	False	0	17	gyrA,gyrB,parC,parE
N51_1_2	Staphylococcus_aureus	True	366	2339	gyrA,gyrB,parC,parE
N51_1_2	Streptococcus_mitis	False	0	20	gyrA,gyrB,parC,parE
N51_1_2	Streptococcus_oralis	False	0	8	gyrA,gyrB,parC,parE
N51_1_2	Streptococcus_pneumoniae	False	0	7	gyrA,gyrB,parC,parE
N51_1_3	Enterococcus_faecalis	False	0	5	gyrA,gyrB,parE
N51_1_3	Enterococcus_faecium	False	0	20	gyrA,gyrB,parC,parE
N51_1_3	Escherichia_coli	False	0	13	gyrA,gyrB,parC,parE
N51_1_3	Klebsiella_oxytoca	False	0	0	gyrA,gyrB,parC,parE
N51_1_3	Klebsiella_pneumoniae	False	0	4	gyrA,gyrB,parE
N51_1_3	Pseudomonas_aeruginosa	True	1	17	gyrA,gyrB,parC,parE
N51_1_3	Staphylococcus_aureus	True	25	217	gyrA,gyrB,parC,parE
N51_1_3	Streptococcus_mitis	False	0	2	gyrA,gyrB,parC,parE
N51_1_3	Streptococcus_oralis	False	0	5	gyrA,gyrB,parC,parE
N51_1_3	Streptococcus_pneumoniae	False	0	8	gyrA,gyrB,parC,parE
N51_1_4	Enterococcus_faecalis	False	0	7	gyrA,gyrB
N51_1_4	Enterococcus_faecium	False	0	12	gyrA,gyrB,parC,parE
N51_1_4	Escherichia_coli	False	0	0	gyrB,parC
N51_1_4	Klebsiella_oxytoca	False	0	0	gyrA,gyrB,parC,parE
N51_1_4	Klebsiella_pneumoniae	False	0	0	gyrA,parE
N51_1_4	Pseudomonas_aeruginosa	False	0	0	gyrB,parC,parE
N51_1_4	Staphylococcus_aureus	False	0	12	gyrA,gyrB,parC
N51_1_4	Streptococcus_mitis	False	0	1	gyrA,gyrB,parC
N51_1_4	Streptococcus_oralis	False	0	3	gyrA,gyrB,parC
N51_1_4	Streptococcus_pneumoniae	False	0	3	gyrA,gyrB,parC
N51_2_2	Enterococcus_faecalis	False	0	37	gyrA,gyrB,parC,parE
N51_2_2	Enterococcus_faecium	False	0	6	gyrA,gyrB
N51_2_2	Escherichia_coli	False	0	43	gyrA,gyrB,parC,parE
N51_2_2	Klebsiella_oxytoca	False	0	1	gyrA,gyrB,parC,parE
N51_2_2	Klebsiella_pneumoniae	False	0	33	gyrA,gyrB,parE
N51_2_2	Pseudomonas_aeruginosa	False	0	177	gyrA,gyrB,parC,parE
N51_2_2	Staphylococcus_aureus	False	0	125	gyrA,gyrB,parC,parE
N51_2_2	Streptococcus_mitis	False	0	0	gyrA,gyrB,parC,parE
N51_2_2	Streptococcus_oralis	False	0	87	gyrA,gyrB,parC,parE
N51_2_2	Streptococcus_pneumoniae	False	0	36	gyrA,gyrB,parC,parE
N51_2_3	Enterococcus_faecalis	False	0	350	gyrA,gyrB,parC,parE
N51_2_3	Enterococcus_faecium	True	1	250	gyrA,gyrB,parC,parE
N51_2_3	Escherichia_coli	False	0	104	gyrA,gyrB,parC,parE
N51_2_3	Klebsiella_oxytoca	False	0	21	gyrA,gyrB,parC,parE
N51_2_3	Klebsiella_pneumoniae	True	1	12	gyrA,gyrB,parE
N51_2_3	Pseudomonas_aeruginosa	True	1	263	gyrA,gyrB,parC,parE
N51_2_3	Staphylococcus_aureus	False	0	1024	gyrA,gyrB,parC,parE
N51_2_3	Streptococcus_mitis	False	0	9	gyrA,gyrB,parC,parE
N51_2_3	Streptococcus_oralis	False	0	259	gyrA,gyrB,parC,parE
N51_2_3	Streptococcus_pneumoniae	False	0	307	gyrA,gyrB,parC,parE
N51_2_4	Enterococcus_faecalis	False	0	3	gyrA,gyrB,parE
N51_2_4	Enterococcus_faecium	False	0	9	gyrA,gyrB,parC,parE
N51_2_4	Escherichia_coli	True	2	128	gyrA,gyrB,parC,parE
N51_2_4	Klebsiella_oxytoca	False	0	73	gyrA,gyrB,parC,parE
N51_2_4	Klebsiella_pneumoniae	True	3	78	gyrA,gyrB,parE
N51_2_4	Pseudomonas_aeruginosa	False	0	24	gyrA,gyrB,parC,parE
N51_2_4	Staphylococcus_aureus	False	0	18	gyrA,gyrB,parC,parE
N51_2_4	Streptococcus_mitis	False	0	0	gyrA
N51_2_4	Streptococcus_oralis	False	0	0	gyrA
N51_2_4	Streptococcus_pneumoniae	False	0	12	gyrA,parC
N52_1_2	Enterococcus_faecalis	False	0	5	gyrA,gyrB,parE
N52_1_2	Enterococcus_faecium	False	0	4	gyrA,gyrB
N52_1_2	Escherichia_coli	False	0	0	gyrB
N52_1_2	Klebsiella_oxytoca	False	0	0	gyrB
N52_1_2	Klebsiella_pneumoniae	False	0	0	gyrB,parE
N52_1_2	Pseudomonas_aeruginosa	False	0	3	gyrA,gyrB,parC,parE
N52_1_2	Staphylococcus_aureus	False	0	11	gyrA,gyrB,parC,parE
N52_1_2	Streptococcus_mitis	False	0	0	gyrB,parC
N52_1_2	Streptococcus_oralis	False	0	0	gyrA,gyrB,parC,parE
N52_1_2	Streptococcus_pneumoniae	False	0	0	gyrB,parC,parE
N52_1_3	Enterococcus_faecalis	False	0	52	gyrA,gyrB,parC,parE
N52_1_3	Enterococcus_faecium	False	0	42	gyrA,gyrB,parC,parE
N52_1_3	Escherichia_coli	False	0	13	gyrA,gyrB,parC,parE
N52_1_3	Klebsiella_oxytoca	False	0	2	gyrA,gyrB,parC,parE
N52_1_3	Klebsiella_pneumoniae	False	0	5	gyrA,gyrB,parE
N52_1_3	Pseudomonas_aeruginosa	False	0	23	gyrA,gyrB,parC,parE
N52_1_3	Staphylococcus_aureus	True	275	1393	gyrA,gyrB,parC,parE
N52_1_3	Streptococcus_mitis	False	0	2	gyrA,gyrB,parC,parE
N52_1_3	Streptococcus_oralis	False	0	21	gyrA,gyrB,parC,parE
N52_1_3	Streptococcus_pneumoniae	False	0	50	gyrA,gyrB,parC,parE
N52_1_4	Enterococcus_faecalis	False	0	2	gyrA,gyrB,parC,parE
N52_1_4	Enterococcus_faecium	False	0	5	gyrA,gyrB,parC,parE
N52_1_4	Escherichia_coli	True	3	369	gyrA,gyrB,parC,parE
N52_1_4	Klebsiella_oxytoca	False	0	573	gyrA,gyrB,parC,parE
N52_1_4	Klebsiella_pneumoniae	True	3	195	gyrA,gyrB,parE
N52_1_4	Pseudomonas_aeruginosa	False	0	0	gyrA,gyrB,parC,parE
N52_1_4	Staphylococcus_aureus	True	33	151	gyrA,gyrB,parC,parE
N52_1_4	Streptococcus_mitis	False	0	0	gyrA,gyrB,parC,parE
N52_1_4	Streptococcus_oralis	False	0	4	gyrA,gyrB,parC,parE
N52_1_4	Streptococcus_pneumoniae	False	0	16	gyrA,gyrB,parC,parE
N52_2_2	Enterococcus_faecalis	False	0	258	gyrA,gyrB,parC,parE
N52_2_2	Enterococcus_faecium	False	0	112	gyrA,gyrB,parC,parE
N52_2_2	Escherichia_coli	False	0	163	gyrA,gyrB,parC,parE
N52_2_2	Klebsiella_oxytoca	False	0	2	gyrA,gyrB,parC,parE
N52_2_2	Klebsiella_pneumoniae	False	0	127	gyrA,gyrB,parE
N52_2_2	Pseudomonas_aeruginosa	True	5	617	gyrA,gyrB,parC,parE
N52_2_2	Staphylococcus_aureus	True	265	2239	gyrA,gyrB,parC,parE
N52_2_2	Streptococcus_mitis	False	0	3	gyrA,gyrB,parC,parE
N52_2_2	Streptococcus_oralis	False	0	427	gyrA,gyrB,parC,parE
N52_2_2	Streptococcus_pneumoniae	False	0	353	gyrA,gyrB,parC,parE
N52_2_3	Enterococcus_faecalis	True	1	16	gyrA,gyrB,parC,parE
N52_2_3	Enterococcus_faecium	True	1	17	gyrA,gyrB,parC
N52_2_3	Escherichia_coli	False	0	115	gyrA,gyrB,parC,parE
N52_2_3	Klebsiella_oxytoca	False	0	138	gyrA,gyrB,parC,parE
N52_2_3	Klebsiella_pneumoniae	True	1	66	gyrA,gyrB,parE
N52_2_3	Pseudomonas_aeruginosa	False	0	18	gyrA,gyrB,parC,parE
N52_2_3	Staphylococcus_aureus	True	1	11	gyrA,gyrB,parC,parE
N52_2_3	Streptococcus_mitis	False	0	2	gyrA,parC,parE
N52_2_3	Streptococcus_oralis	False	0	4	gyrA,gyrB,parC,parE
N52_2_3	Streptococcus_pneumoniae	False	0	6	gyrA,gyrB,parC,parE
N52_2_4	Enterococcus_faecalis	True	1	50	gyrA,gyrB,parC,parE
N52_2_4	Enterococcus_faecium	True	1	46	gyrA,gyrB,parE
N52_2_4	Escherichia_coli	True	4	327	gyrA,gyrB,parC,parE
N52_2_4	Klebsiella_oxytoca	False	0	204	gyrA,gyrB,parC,parE
N52_2_4	Klebsiella_pneumoniae	True	1	151	gyrA,gyrB,parE
N52_2_4	Pseudomonas_aeruginosa	False	0	6	gyrA,gyrB,parC
N52_2_4	Staphylococcus_aureus	False	0	38	gyrA,gyrB
N52_2_4	Streptococcus_mitis	False	0	27	gyrA,parC,parE
N52_2_4	Streptococcus_oralis	False	0	26	gyrA,gyrB,parC,parE
N52_2_4	Streptococcus_pneumoniae	False	0	14	gyrA,gyrB,parE
N53_1_2	Enterococcus_faecalis	False	0	7	gyrA,gyrB,parE
N53_1_2	Enterococcus_faecium	False	0	7	gyrA,gyrB,parC
N53_1_2	Escherichia_coli	False	0	32	gyrA,gyrB,parC,parE
N53_1_2	Klebsiella_oxytoca	False	0	0	gyrA,gyrB,parE
N53_1_2	Klebsiella_pneumoniae	False	0	32	gyrA,gyrB,parE
N53_1_2	Pseudomonas_aeruginosa	False	0	84	gyrA,gyrB,parE
N53_1_2	Staphylococcus_aureus	True	95	546	gyrA,gyrB,parC,parE
N53_1_2	Streptococcus_mitis	False	0	0	gyrA,gyrB,parC
N53_1_2	Streptococcus_oralis	False	0	44	gyrA,gyrB,parC
N53_1_2	Streptococcus_pneumoniae	False	0	20	gyrA,gyrB,parC
N53_1_3	Enterococcus_faecalis	False	0	4	gyrA,gyrB,parE
N53_1_3	Enterococcus_faecium	False	0	0	gyrA,gyrB
N53_1_3	Escherichia_coli	False	0	28	gyrA,gyrB,parC,parE
N53_1_3	Klebsiella_oxytoca	False	0	54	gyrA,gyrB,parC,parE
N53_1_3	Klebsiella_pneumoniae	False	0	19	gyrA,gyrB,parE
N53_1_3	Pseudomonas_aeruginosa	False	0	18	gyrA,gyrB,parC,parE
N53_1_3	Staphylococcus_aureus	True	18	106	gyrA,gyrB,parC,parE
N53_1_3	Streptococcus_mitis	False	0	0	gyrB,parC
N53_1_3	Streptococcus_oralis	False	0	3	gyrA,gyrB,parC
N53_1_3	Streptococcus_pneumoniae	False	0	0	gyrB,parC
N53_1_4	Enterococcus_faecalis	True	1	47	gyrA,gyrB,parC,parE
N53_1_4	Enterococcus_faecium	True	1	45	gyrA,gyrB,parC,parE
N53_1_4	Escherichia_coli	False	0	400	gyrA,gyrB,parC,parE
N53_1_4	Klebsiella_oxytoca	False	0	631	gyrA,gyrB,parC,parE
N53_1_4	Klebsiella_pneumoniae	False	0	232	gyrA,gyrB,parE
N53_1_4	Pseudomonas_aeruginosa	False	0	34	gyrA,gyrB,parE
N53_1_4	Staphylococcus_aureus	True	1	96	gyrA,gyrB,parC,parE
N53_1_4	Streptococcus_mitis	False	0	1	gyrA,parC,parE
N53_1_4	Streptococcus_oralis	False	0	10	gyrA,gyrB,parC,parE
N53_1_4	Streptococcus_pneumoniae	False	0	29	gyrA,gyrB,parC,parE
N53_2_2	Enterococcus_faecalis	False	0	42	gyrA,gyrB,parC,parE
N53_2_2	Enterococcus_faecium	False	0	13	gyrA,gyrB,parE
N53_2_2	Escherichia_coli	False	0	96	gyrA,gyrB,parC,parE
N53_2_2	Klebsiella_oxytoca	False	0	0	gyrA,gyrB,parC,parE
N53_2_2	Klebsiella_pneumoniae	False	0	96	gyrA,gyrB,parE
N53_2_2	Pseudomonas_aeruginosa	False	0	274	gyrA,gyrB,parE
N53_2_2	Staphylococcus_aureus	True	9	123	gyrA,gyrB,parC,parE
N53_2_2	Streptococcus_mitis	False	0	8	gyrA,gyrB,parC,parE
N53_2_2	Streptococcus_oralis	False	0	114	gyrA,gyrB,parC,parE
N53_2_2	Streptococcus_pneumoniae	False	0	77	gyrA,gyrB,parC,parE
N53_2_3	Enterococcus_faecalis	False	0	6	gyrA,gyrB,parC,parE
N53_2_3	Enterococcus_faecium	False	0	26	gyrA,gyrB,parC,parE
N53_2_3	Escherichia_coli	False	0	13	gyrA,gyrB,parC,parE
N53_2_3	Klebsiella_oxytoca	False	0	2	gyrA,gyrB,parC,parE
N53_2_3	Klebsiella_pneumoniae	False	0	10	gyrA,gyrB,parE
N53_2_3	Pseudomonas_aeruginosa	False	0	24	gyrA,gyrB,parC
N53_2_3	Staphylococcus_aureus	True	12	91	gyrA,gyrB,parC,parE
N53_2_3	Streptococcus_mitis	False	0	3	gyrA,gyrB,parC,parE
N53_2_3	Streptococcus_oralis	False	0	10	gyrA,gyrB,parC,parE
N53_2_3	Streptococcus_pneumoniae	False	0	15	gyrA,gyrB,parC
N53_2_4	Enterococcus_faecalis	True	1	56	gyrA,gyrB,parC,parE
N53_2_4	Enterococcus_faecium	True	1	146	gyrA,gyrB,parC,parE
N53_2_4	Escherichia_coli	True	4	266	gyrA,gyrB,parC,parE
N53_2_4	Klebsiella_oxytoca	False	0	191	gyrA,gyrB,parC,parE
N53_2_4	Klebsiella_pneumoniae	False	0	145	gyrA,gyrB,parE
N53_2_4	Pseudomonas_aeruginosa	False	0	17	gyrA,gyrB,parE
N53_2_4	Staphylococcus_aureus	False	0	57	gyrA,parC,parE
N53_2_4	Streptococcus_mitis	False	0	26	gyrA,gyrB,parC,parE
N53_2_4	Streptococcus_oralis	False	0	47	gyrA,gyrB,parE
N53_2_4	Streptococcus_pneumoniae	False	0	29	gyrA,gyrB,parC,parE
N54_1_2	Enterococcus_faecalis	False	0	27	gyrA,gyrB,parE
N54_1_2	Enterococcus_faecium	False	0	2	gyrA,gyrB,parC
N54_1_2	Escherichia_coli	False	0	14	gyrA,gyrB,parC
N54_1_2	Klebsiella_oxytoca	False	0	0	gyrA,gyrB
N54_1_2	Klebsiella_pneumoniae	False	0	14	gyrB,parE
N54_1_2	Pseudomonas_aeruginosa	False	0	216	gyrA,gyrB,parE
N54_1_2	Staphylococcus_aureus	True	67	608	gyrA,gyrB,parC,parE
N54_1_2	Streptococcus_mitis	False	0	0	gyrA,gyrB,parC
N54_1_2	Streptococcus_oralis	False	0	67	gyrA,gyrB,parC
N54_1_2	Streptococcus_pneumoniae	False	0	43	gyrA,gyrB,parC
N54_1_3	Enterococcus_faecalis	False	0	0	gyrA,gyrB,parC
N54_1_3	Enterococcus_faecium	False	0	0	gyrA,gyrB,parC
N54_1_3	Escherichia_coli	False	0	0	gyrB
N54_1_3	Klebsiella_oxytoca	False	0	0	gyrB
N54_1_3	Klebsiella_pneumoniae	False	0	0	gyrB
N54_1_3	Pseudomonas_aeruginosa	False	0	0	gyrA,gyrB
N54_1_3	Staphylococcus_aureus	True	3	45	gyrA,gyrB,parC,parE
N54_1_3	Streptococcus_mitis	False	0	0	parC
N54_1_3	Streptococcus_oralis	False	0	0	parC
N54_1_3	Streptococcus_pneumoniae	False	0	3	gyrA,parC
N54_1_4	Enterococcus_faecalis	False	0	53	gyrA,gyrB,parC,parE
N54_1_4	Enterococcus_faecium	False	0	60	gyrA,gyrB,parC,parE
N54_1_4	Escherichia_coli	False	0	357	gyrA,gyrB,parC,parE
N54_1_4	Klebsiella_oxytoca	True	7	630	gyrA,gyrB,parC,parE
N54_1_4	Klebsiella_pneumoniae	False	0	145	gyrA,gyrB,parE
N54_1_4	Pseudomonas_aeruginosa	False	0	19	gyrA,gyrB,parE
N54_1_4	Staphylococcus_aureus	True	152	385	gyrA,gyrB,parC,parE
N54_1_4	Streptococcus_mitis	False	0	223	gyrA,gyrB,parC,parE
N54_1_4	Streptococcus_oralis	True	2	401	gyrA,gyrB,parC,parE
N54_1_4	Streptococcus_pneumoniae	False	0	240	gyrA,gyrB,parC,parE
N54_2_2	Enterococcus_faecalis	False	0	40	gyrA,gyrB,parC,parE
N54_2_2	Enterococcus_faecium	False	0	11	gyrA,gyrB,parC,parE
N54_2_2	Escherichia_coli	False	0	31	gyrA,gyrB,parC,parE
N54_2_2	Klebsiella_oxytoca	False	0	0	gyrA,gyrB,parC,parE
N54_2_2	Klebsiella_pneumoniae	False	0	31	gyrA,gyrB,parE
N54_2_2	Pseudomonas_aeruginosa	False	0	179	gyrA,gyrB,parE
N54_2_2	Staphylococcus_aureus	True	47	423	gyrA,gyrB,parC,parE
N54_2_2	Streptococcus_mitis	False	0	4	gyrA,gyrB,parC,parE
N54_2_2	Streptococcus_oralis	False	0	70	gyrA,gyrB,parC,parE
N54_2_2	Streptococcus_pneumoniae	False	0	59	gyrA,gyrB,parC,parE
N54_2_3	Enterococcus_faecalis	False	0	0	parE
N54_2_3	Enterococcus_faecium	False	0	9	gyrA,gyrB
N54_2_3	Escherichia_coli	False	0	42	gyrA,gyrB,parC,parE
N54_2_3	Klebsiella_oxytoca	False	0	60	gyrA,gyrB,parC,parE
N54_2_3	Klebsiella_pneumoniae	True	1	43	gyrA,gyrB,parE
N54_2_3	Pseudomonas_aeruginosa	False	0	10	gyrA,gyrB,parC
N54_2_3	Staphylococcus_aureus	False	0	31	gyrA,gyrB,parC,parE
N54_2_3	Streptococcus_mitis	False	0	0	gyrB,parC,parE
N54_2_3	Streptococcus_oralis	False	0	16	gyrB,parE
N54_2_3	Streptococcus_pneumoniae	False	0	10	gyrB
N54_2_4	Enterococcus_faecalis	True	1	5	gyrA,gyrB,parC,parE
N54_2_4	Enterococcus_faecium	False	0	4	gyrA,parE
N54_2_4	Escherichia_coli	True	15	416	gyrA,gyrB,parC,parE
N54_2_4	Klebsiella_oxytoca	True	3	309	gyrA,gyrB,parC,parE
N54_2_4	Klebsiella_pneumoniae	True	1	195	gyrA,gyrB,parE
N54_2_4	Pseudomonas_aeruginosa	False	0	3	gyrA,gyrB,parE
N54_2_4	Staphylococcus_aureus	False	0	36	gyrA,gyrB,parC
N54_2_4	Streptococcus_mitis	False	0	3	gyrA,parE
N54_2_4	Streptococcus_oralis	False	0	15	gyrA,gyrB,parC,parE
N54_2_4	Streptococcus_pneumoniae	False	0	11	gyrA,gyrB,parC,parE
N55_1_2	Enterococcus_faecalis	False	0	19	gyrA,gyrB,parC,parE
N55_1_2	Enterococcus_faecium	False	0	10	gyrA,gyrB,parC,parE
N55_1_2	Escherichia_coli	False	0	30	gyrA,gyrB
N55_1_2	Klebsiella_oxytoca	False	0	8	gyrA,gyrB
N55_1_2	Klebsiella_pneumoniae	False	0	30	gyrA,gyrB
N55_1_2	Pseudomonas_aeruginosa	False	0	108	gyrA,gyrB,parE
N55_1_2	Staphylococcus_aureus	True	11	160	gyrA,gyrB,parC,parE
N55_1_2	Streptococcus_mitis	False	0	1	gyrA,gyrB,parC
N55_1_2	Streptococcus_oralis	False	0	112	gyrA,gyrB,parC
N55_1_2	Streptococcus_pneumoniae	False	0	61	gyrA,gyrB,parC
N55_1_3	Enterococcus_faecalis	False	0	0	gyrA,gyrB,parC,parE
N55_1_3	Enterococcus_faecium	True	1	16	gyrA,parC
N55_1_3	Escherichia_coli	False	0	0	gyrB,parC
N55_1_3	Klebsiella_oxytoca	False	0	0	gyrB,parC
N55_1_3	Klebsiella_pneumoniae	False	0	0	gyrA,gyrB,parE
N55_1_3	Pseudomonas_aeruginosa	False	0	0	gyrA
N55_1_3	Staphylococcus_aureus	False	0	12	gyrA,gyrB,parC,parE
N55_1_3	Streptococcus_mitis	False	0	1	gyrA,gyrB,parC
N55_1_3	Streptococcus_oralis	False	0	1	gyrA,gyrB,parC
N55_1_3	Streptococcus_pneumoniae	False	0	1	gyrA,gyrB,parC
N55_1_4	Enterococcus_faecalis	True	4	628	gyrA,gyrB,parC,parE
N55_1_4	Enterococcus_faecium	True	1	2433	gyrA,gyrB,parC,parE
N55_1_4	Escherichia_coli	False	0	7	gyrA,gyrB
N55_1_4	Klebsiella_oxytoca	False	0	3	gyrA,gyrB
N55_1_4	Klebsiella_pneumoniae	False	0	1	gyrA,gyrB,parE
N55_1_4	Pseudomonas_aeruginosa	False	0	1	gyrA,parE
N55_1_4	Staphylococcus_aureus	True	328	1758	gyrA,gyrB,parC,parE
N55_1_4	Streptococcus_mitis	False	0	599	gyrA,gyrB,parC,parE
N55_1_4	Streptococcus_oralis	False	0	871	gyrA,gyrB,parC,parE
N55_1_4	Streptococcus_pneumoniae	False	0	628	gyrA,gyrB,parC
N55_2_2	Enterococcus_faecalis	False	0	247	gyrA,gyrB,parC,parE
N55_2_2	Enterococcus_faecium	True	1	228	gyrA,gyrB,parC,parE
N55_2_2	Escherichia_coli	False	0	267	gyrA,gyrB,parC,parE
N55_2_2	Klebsiella_oxytoca	False	0	87	gyrA,gyrB,parC,parE
N55_2_2	Klebsiella_pneumoniae	True	4	153	gyrA,gyrB,parE
N55_2_2	Pseudomonas_aeruginosa	False	0	665	gyrA,gyrB,parC,parE
N55_2_2	Staphylococcus_aureus	True	34	1787	gyrA,gyrB,parC,parE
N55_2_2	Streptococcus_mitis	False	0	177	gyrA,gyrB,parC,parE
N55_2_2	Streptococcus_oralis	False	0	488	gyrA,gyrB,parC,parE
N55_2_2	Streptococcus_pneumoniae	False	0	309	gyrA,gyrB,parC,parE
N55_2_3	Enterococcus_faecalis	True	1	54	gyrA,gyrB,parC,parE
N55_2_3	Enterococcus_faecium	True	1	74	gyrA,gyrB,parC,parE
N55_2_3	Escherichia_coli	True	2	210	gyrA,gyrB,parC,parE
N55_2_3	Klebsiella_oxytoca	True	3	186	gyrA,gyrB,parC,parE
N55_2_3	Klebsiella_pneumoniae	False	0	111	gyrA,gyrB,parE
N55_2_3	Pseudomonas_aeruginosa	False	0	21	gyrA,gyrB,parC,parE
N55_2_3	Staphylococcus_aureus	True	9	133	gyrA,gyrB,parC,parE
N55_2_3	Streptococcus_mitis	False	0	18	gyrA,gyrB,parC,parE
N55_2_3	Streptococcus_oralis	False	0	30	gyrA,gyrB,parC,parE
N55_2_3	Streptococcus_pneumoniae	False	0	23	gyrA,gyrB,parC,parE
N55_2_4	Enterococcus_faecalis	True	1	702	gyrA,gyrB,parC,parE
N55_2_4	Enterococcus_faecium	True	1	674	gyrA,gyrB,parC,parE
N55_2_4	Escherichia_coli	True	3	1607	gyrA,gyrB,parC,parE
N55_2_4	Klebsiella_oxytoca	True	5	1055	gyrA,gyrB,parC,parE
N55_2_4	Klebsiella_pneumoniae	True	2	673	gyrA,gyrB,parE
N55_2_4	Pseudomonas_aeruginosa	False	0	321	gyrA,gyrB,parC,parE
N55_2_4	Staphylococcus_aureus	True	5	1116	gyrA,gyrB,parC,parE
N55_2_4	Streptococcus_mitis	False	0	132	gyrA,gyrB,parC,parE
N55_2_4	Streptococcus_oralis	False	0	252	gyrA,gyrB,parC,parE
N55_2_4	Streptococcus_pneumoniae	False	0	242	gyrA,gyrB,parC,parE
N56_1_2	Enterococcus_faecalis	False	0	14	gyrA,gyrB,parC,parE
N56_1_2	Enterococcus_faecium	False	0	6	gyrA,gyrB,parC,parE
N56_1_2	Escherichia_coli	False	0	5	gyrA,gyrB,parC,parE
N56_1_2	Klebsiella_oxytoca	False	0	0	gyrA,gyrB,parE
N56_1_2	Klebsiella_pneumoniae	False	0	5	gyrA,gyrB,parE
N56_1_2	Pseudomonas_aeruginosa	False	0	30	gyrA,gyrB,parC,parE
N56_1_2	Staphylococcus_aureus	True	406	1755	gyrA,gyrB,parC,parE
N56_1_2	Streptococcus_mitis	False	0	0	gyrA,gyrB,parC,parE
N56_1_2	Streptococcus_oralis	False	0	38	gyrA,gyrB,parC,parE
N56_1_2	Streptococcus_pneumoniae	False	0	36	gyrA,gyrB,parC,parE
N56_1_3	Enterococcus_faecalis	False	0	1	gyrA,gyrB,parE
N56_1_3	Enterococcus_faecium	False	0	4	gyrA,gyrB,parC,parE
N56_1_3	Escherichia_coli	False	0	4	gyrA,gyrB,parC,parE
N56_1_3	Klebsiella_oxytoca	False	0	6	gyrA,gyrB,parC
N56_1_3	Klebsiella_pneumoniae	True	4	4	gyrA,gyrB
N56_1_3	Pseudomonas_aeruginosa	False	0	4	gyrA,gyrB,parC,parE
N56_1_3	Staphylococcus_aureus	True	42	186	gyrA,gyrB,parC,parE
N56_1_3	Streptococcus_mitis	False	0	0	gyrA,gyrB,parC
N56_1_3	Streptococcus_oralis	False	0	6	gyrA,gyrB,parC,parE
N56_1_3	Streptococcus_pneumoniae	False	0	6	gyrB,parC
N56_1_4	Enterococcus_faecalis	False	0	0	gyrA,gyrB,parC,parE
N56_1_4	Enterococcus_faecium	False	0	0	gyrA,gyrB,parC
N56_1_4	Escherichia_coli	True	5	791	gyrA,gyrB,parC,parE
N56_1_4	Klebsiella_oxytoca	False	0	997	gyrA,gyrB,parC,parE
N56_1_4	Klebsiella_pneumoniae	True	271	497	gyrA,gyrB,parE
N56_1_4	Pseudomonas_aeruginosa	False	0	88	gyrA,gyrB,parC,parE
N56_1_4	Staphylococcus_aureus	False	0	14	gyrA,gyrB
N56_1_4	Streptococcus_mitis	False	0	0	gyrA,parC,parE
N56_1_4	Streptococcus_oralis	False	0	1	gyrA,parC,parE
N56_1_4	Streptococcus_pneumoniae	False	0	0	parC,parE
N57_1_2	Enterococcus_faecalis	False	0	0	gyrA,gyrB,parE
N57_1_2	Enterococcus_faecium	False	0	5	gyrA,gyrB
N57_1_2	Escherichia_coli	False	0	4	gyrA,gyrB,parC,parE
N57_1_2	Klebsiella_oxytoca	False	0	0	gyrA,gyrB,parC,parE
N57_1_2	Klebsiella_pneumoniae	True	1	2	gyrA,gyrB,parE
N57_1_2	Pseudomonas_aeruginosa	False	0	13	gyrA,gyrB,parC,parE
N57_1_2	Staphylococcus_aureus	True	5	37	gyrA,gyrB,parC,parE
N57_1_2	Streptococcus_mitis	False	0	6	gyrA,gyrB,parC,parE
N57_1_2	Streptococcus_oralis	False	0	6	gyrA,gyrB,parC,parE
N57_1_2	Streptococcus_pneumoniae	False	0	6	gyrA,gyrB,parC,parE
N57_1_3	Enterococcus_faecalis	True	1	61	gyrA,gyrB,parC,parE
N57_1_3	Enterococcus_faecium	True	1	284	gyrA,gyrB,parC,parE
N57_1_3	Escherichia_coli	False	0	81	gyrA,gyrB,parC,parE
N57_1_3	Klebsiella_oxytoca	False	0	51	gyrA,gyrB,parC,parE
N57_1_3	Klebsiella_pneumoniae	True	1	58	gyrA,gyrB,parE
N57_1_3	Pseudomonas_aeruginosa	False	0	34	gyrA,gyrB,parC,parE
N57_1_3	Staphylococcus_aureus	True	2	49	gyrA,gyrB,parC,parE
N57_1_3	Streptococcus_mitis	False	0	1	gyrA,gyrB,parC,parE
N57_1_3	Streptococcus_oralis	False	0	41	gyrA,gyrB,parC,parE
N57_1_3	Streptococcus_pneumoniae	False	0	37	gyrA,gyrB,parC,parE
N57_1_4	Enterococcus_faecalis	False	0	146	gyrA,gyrB,parC,parE
N57_1_4	Enterococcus_faecium	True	1	108	gyrA,gyrB,parC,parE
N57_1_4	Escherichia_coli	True	5	63	gyrA,gyrB,parE
N57_1_4	Klebsiella_oxytoca	False	0	26	gyrA,gyrB,parC,parE
N57_1_4	Klebsiella_pneumoniae	False	0	8	gyrA,gyrB,parE
N57_1_4	Pseudomonas_aeruginosa	False	0	78	gyrA,gyrB,parC,parE
N57_1_4	Staphylococcus_aureus	True	814	5656	gyrA,gyrB,parC,parE
N57_1_4	Streptococcus_mitis	False	0	12	gyrA,gyrB,parC,parE
N57_1_4	Streptococcus_oralis	False	0	89	gyrA,gyrB,parC,parE
N57_1_4	Streptococcus_pneumoniae	False	0	114	gyrA,gyrB,parC,parE
N57_2_2	Enterococcus_faecalis	True	1	60	gyrA,gyrB,parC,parE
N57_2_2	Enterococcus_faecium	False	0	30	gyrA,gyrB,parC,parE
N57_2_2	Escherichia_coli	False	0	72	gyrA,gyrB
N57_2_2	Klebsiella_oxytoca	False	0	11	gyrA,gyrB
N57_2_2	Klebsiella_pneumoniae	False	0	72	gyrA,gyrB
N57_2_2	Pseudomonas_aeruginosa	False	0	313	gyrA,gyrB,parE
N57_2_2	Staphylococcus_aureus	True	150	833	gyrA,gyrB,parC,parE
N57_2_2	Streptococcus_mitis	False	0	0	gyrA,gyrB,parC,parE
N57_2_2	Streptococcus_oralis	False	0	165	gyrA,gyrB,parC,parE
N57_2_2	Streptococcus_pneumoniae	False	0	123	gyrA,gyrB,parC,parE
N57_2_3	Enterococcus_faecalis	False	0	4	gyrA,gyrB,parE
N57_2_3	Enterococcus_faecium	False	0	4	gyrA,gyrB,parC,parE
N57_2_3	Escherichia_coli	False	0	12	gyrA,gyrB
N57_2_3	Klebsiella_oxytoca	False	0	2	gyrA,gyrB
N57_2_3	Klebsiella_pneumoniae	False	0	12	gyrB
N57_2_3	Pseudomonas_aeruginosa	False	0	38	gyrA,gyrB,parC,parE
N57_2_3	Staphylococcus_aureus	True	43	126	gyrA,gyrB,parC,parE
N57_2_3	Streptococcus_mitis	False	0	0	gyrA,gyrB,parC
N57_2_3	Streptococcus_oralis	False	0	10	gyrA,gyrB,parC
N57_2_3	Streptococcus_pneumoniae	False	0	7	gyrA,gyrB,parC
N57_2_4	Enterococcus_faecalis	True	1	29	gyrA,gyrB,parE
N57_2_4	Enterococcus_faecium	True	1	134	gyrA,gyrB,parC,parE
N57_2_4	Escherichia_coli	True	10	639	gyrA,gyrB,parC,parE
N57_2_4	Klebsiella_oxytoca	False	0	513	gyrA,gyrB,parC,parE
N57_2_4	Klebsiella_pneumoniae	True	1	311	gyrA,gyrB,parE
N57_2_4	Pseudomonas_aeruginosa	False	0	22	gyrA,gyrB,parC,parE
N57_2_4	Staphylococcus_aureus	True	1	39	gyrA,gyrB,parC,parE
N57_2_4	Streptococcus_mitis	False	0	1	gyrA,gyrB,parC,parE
N57_2_4	Streptococcus_oralis	False	0	12	gyrA,gyrB,parC,parE
N57_2_4	Streptococcus_pneumoniae	False	0	8	gyrA,gyrB,parC,parE
N58_1_2	Enterococcus_faecalis	False	0	35	gyrA,gyrB,parE
N58_1_2	Enterococcus_faecium	False	0	8	gyrA,gyrB,parC
N58_1_2	Escherichia_coli	False	0	33	gyrA,gyrB,parC
N58_1_2	Klebsiella_oxytoca	False	0	0	gyrA,gyrB
N58_1_2	Klebsiella_pneumoniae	False	0	33	gyrB
N58_1_2	Pseudomonas_aeruginosa	False	0	272	gyrA,gyrB,parE
N58_1_2	Staphylococcus_aureus	True	45	458	gyrA,gyrB,parC,parE
N58_1_2	Streptococcus_mitis	False	0	0	gyrA,gyrB,parC
N58_1_2	Streptococcus_oralis	False	0	62	gyrA,gyrB,parC
N58_1_2	Streptococcus_pneumoniae	False	0	29	gyrA,gyrB,parC
N58_1_3	Enterococcus_faecalis	False	0	0	gyrA,gyrB,parE
N58_1_3	Enterococcus_faecium	False	0	0	parC
N58_1_3	Escherichia_coli	False	0	0	gyrB,parC,parE
N58_1_3	Klebsiella_oxytoca	False	0	0	gyrA,gyrB
N58_1_3	Klebsiella_pneumoniae	False	0	0	gyrB
N58_1_3	Pseudomonas_aeruginosa	False	0	0	gyrB,parC
N58_1_3	Staphylococcus_aureus	True	17	175	gyrA,gyrB,parC,parE
N58_1_3	Streptococcus_mitis	False	0	1	gyrA,parC
N58_1_3	Streptococcus_oralis	False	0	1	gyrA,parC
N58_1_3	Streptococcus_pneumoniae	False	0	1	gyrA,parC
N58_1_4	Enterococcus_faecalis	True	1	29	gyrA,gyrB,parC,parE
N58_1_4	Enterococcus_faecium	True	1	51	gyrA,gyrB,parC,parE
N58_1_4	Escherichia_coli	True	5	322	gyrA,gyrB,parC,parE
N58_1_4	Klebsiella_oxytoca	True	2	509	gyrA,gyrB,parC,parE
N58_1_4	Klebsiella_pneumoniae	True	1	170	gyrA,gyrB,parE
N58_1_4	Pseudomonas_aeruginosa	True	1	45	gyrA,gyrB,parC,parE
N58_1_4	Staphylococcus_aureus	True	2	43	gyrA,gyrB,parC,parE
N58_1_4	Streptococcus_mitis	False	0	11	gyrA,gyrB,parC
N58_1_4	Streptococcus_oralis	False	0	19	gyrA,gyrB,parC,parE
N58_1_4	Streptococcus_pneumoniae	False	0	11	gyrA,gyrB,parC
N58_2_2	Enterococcus_faecalis	False	0	125	gyrA,gyrB,parC,parE
N58_2_2	Enterococcus_faecium	False	0	6	gyrA,gyrB,parC,parE
N58_2_2	Escherichia_coli	False	0	282	gyrA,gyrB,parC,parE
N58_2_2	Klebsiella_oxytoca	False	0	2	gyrA,gyrB,parE
N58_2_2	Klebsiella_pneumoniae	False	0	279	gyrA,gyrB,parE
N58_2_2	Pseudomonas_aeruginosa	False	0	785	gyrA,gyrB,parC,parE
N58_2_2	Staphylococcus_aureus	True	39	744	gyrA,gyrB,parC,parE
N58_2_2	Streptococcus_mitis	False	0	12	gyrA,gyrB,parC,parE
N58_2_2	Streptococcus_oralis	False	0	346	gyrA,gyrB,parC,parE
N58_2_2	Streptococcus_pneumoniae	False	0	226	gyrA,gyrB,parC,parE
N58_2_3	Enterococcus_faecalis	False	0	8	gyrA,gyrB,parE
N58_2_3	Enterococcus_faecium	False	0	7	gyrA,gyrB,parC,parE
N58_2_3	Escherichia_coli	False	0	95	gyrA,gyrB,parC,parE
N58_2_3	Klebsiella_oxytoca	False	0	88	gyrA,gyrB,parC,parE
N58_2_3	Klebsiella_pneumoniae	False	0	40	gyrA,gyrB,parE
N58_2_3	Pseudomonas_aeruginosa	False	0	3	gyrA,gyrB,parC
N58_2_3	Staphylococcus_aureus	False	0	11	gyrA,gyrB,parC,parE
N58_2_3	Streptococcus_mitis	False	0	0	gyrA,gyrB
N58_2_3	Streptococcus_oralis	False	0	0	gyrA,gyrB,parE
N58_2_3	Streptococcus_pneumoniae	False	0	9	gyrA,gyrB,parC,parE
N58_2_4	Enterococcus_faecalis	False	0	14	gyrA,gyrB,parC,parE
N58_2_4	Enterococcus_faecium	False	0	2	gyrA,gyrB,parC,parE
N58_2_4	Escherichia_coli	True	3	188	gyrA,gyrB,parC,parE
N58_2_4	Klebsiella_oxytoca	True	3	230	gyrA,gyrB,parC,parE
N58_2_4	Klebsiella_pneumoniae	False	0	85	gyrA,gyrB,parE
N58_2_4	Pseudomonas_aeruginosa	False	0	43	gyrA,gyrB,parE
N58_2_4	Staphylococcus_aureus	False	0	81	gyrA,gyrB,parE
N58_2_4	Streptococcus_mitis	False	0	12	gyrA,gyrB,parE
N58_2_4	Streptococcus_oralis	False	0	12	gyrA,gyrB,parE
N58_2_4	Streptococcus_pneumoniae	False	0	14	gyrA,gyrB,parC,parE
N59_1_2	Enterococcus_faecalis	False	0	28	gyrA,gyrB,parC,parE
N59_1_2	Enterococcus_faecium	False	0	9	gyrA,gyrB,parC,parE
N59_1_2	Escherichia_coli	False	0	77	gyrA,gyrB,parC,parE
N59_1_2	Klebsiella_oxytoca	False	0	0	gyrA,gyrB,parC
N59_1_2	Klebsiella_pneumoniae	False	0	69	gyrB
N59_1_2	Pseudomonas_aeruginosa	False	0	202	gyrA,gyrB,parE
N59_1_2	Staphylococcus_aureus	True	204	2076	gyrA,gyrB,parC,parE
N59_1_2	Streptococcus_mitis	False	0	0	gyrA,gyrB,parC,parE
N59_1_2	Streptococcus_oralis	False	0	52	gyrA,gyrB,parC
N59_1_2	Streptococcus_pneumoniae	False	0	46	gyrA,gyrB,parC
N59_1_3	Enterococcus_faecalis	False	0	5	gyrA,gyrB,parE
N59_1_3	Enterococcus_faecium	False	0	2	gyrA,gyrB,parC,parE
N59_1_3	Escherichia_coli	False	0	4	gyrA,gyrB,parE
N59_1_3	Klebsiella_oxytoca	False	0	4	gyrB,parE
N59_1_3	Klebsiella_pneumoniae	False	0	4	gyrA,gyrB,parE
N59_1_3	Pseudomonas_aeruginosa	False	0	10	gyrA,gyrB,parC
N59_1_3	Staphylococcus_aureus	True	53	694	gyrA,gyrB,parC,parE
N59_1_3	Streptococcus_mitis	False	0	0	gyrA,gyrB,parC
N59_1_3	Streptococcus_oralis	False	0	0	gyrA,gyrB,parC,parE
N59_1_3	Streptococcus_pneumoniae	False	0	0	gyrA,gyrB,parC,parE
N59_1_4	Enterococcus_faecalis	True	11	2105	gyrA,gyrB,parC,parE
N59_1_4	Enterococcus_faecium	True	3	5968	gyrA,gyrB,parC,parE
N59_1_4	Escherichia_coli	False	0	198	gyrA,gyrB,parE
N59_1_4	Klebsiella_oxytoca	False	0	48	gyrA,gyrB,parE
N59_1_4	Klebsiella_pneumoniae	True	1	56	gyrA,gyrB,parE
N59_1_4	Pseudomonas_aeruginosa	True	1	172	gyrA,gyrB,parC,parE
N59_1_4	Staphylococcus_aureus	True	223	2342	gyrA,gyrB,parC,parE
N59_1_4	Streptococcus_mitis	False	0	1177	gyrA,gyrB,parC,parE
N59_1_4	Streptococcus_oralis	False	0	1936	gyrA,gyrB,parC,parE
N59_1_4	Streptococcus_pneumoniae	False	0	1457	gyrA,gyrB,parC,parE
N60_1_2	Enterococcus_faecalis	False	0	48	gyrA,gyrB,parC,parE
N60_1_2	Enterococcus_faecium	False	0	33	gyrA,gyrB,parC,parE
N60_1_2	Escherichia_coli	False	0	182	gyrA,gyrB,parC,parE
N60_1_2	Klebsiella_oxytoca	False	0	221	gyrA,gyrB,parC,parE
N60_1_2	Klebsiella_pneumoniae	False	0	60	gyrA,gyrB,parE
N60_1_2	Pseudomonas_aeruginosa	True	38	210	gyrA,gyrB,parC,parE
N60_1_2	Staphylococcus_aureus	True	11	138	gyrA,gyrB,parC,parE
N60_1_2	Streptococcus_mitis	False	0	7	gyrA,gyrB,parC,parE
N60_1_2	Streptococcus_oralis	False	0	32	gyrA,gyrB,parC,parE
N60_1_2	Streptococcus_pneumoniae	False	0	30	gyrA,gyrB,parC,parE
N60_1_3	Enterococcus_faecalis	False	0	3	parE
N60_1_3	Enterococcus_faecium	False	0	4	gyrA,gyrB,parE
N60_1_3	Escherichia_coli	False	0	0	gyrB
N60_1_3	Klebsiella_oxytoca	False	0	1	gyrA,gyrB
N60_1_3	Klebsiella_pneumoniae	False	0	0	gyrB
N60_1_3	Pseudomonas_aeruginosa	False	0	0	gyrB,parC
N60_1_3	Staphylococcus_aureus	False	0	6	gyrA,gyrB,parE
N60_1_3	Streptococcus_mitis	False	0	0	parC,parE
N60_1_3	Streptococcus_oralis	False	0	0	gyrA,parC,parE
N60_1_3	Streptococcus_pneumoniae	False	0	12	gyrA,parC,parE
N60_1_4	Enterococcus_faecalis	True	1	96	gyrA,gyrB,parC,parE
N60_1_4	Enterococcus_faecium	True	1	368	gyrA,gyrB,parC,parE
N60_1_4	Escherichia_coli	True	6	900	gyrA,gyrB,parC,parE
N60_1_4	Klebsiella_oxytoca	True	2	642	gyrA,gyrB,parC,parE
N60_1_4	Klebsiella_pneumoniae	True	2	458	gyrA,gyrB,parE
N60_1_4	Pseudomonas_aeruginosa	True	69	293	gyrA,gyrB,parC,parE
N60_1_4	Staphylococcus_aureus	True	1	37	gyrA,gyrB,parC,parE
N60_1_4	Streptococcus_mitis	False	0	124	gyrA,gyrB,parC,parE
N60_1_4	Streptococcus_oralis	True	3	187	gyrA,gyrB,parC,parE
N60_1_4	Streptococcus_pneumoniae	False	0	118	gyrA,gyrB,parC,parE
N60_2_2	Enterococcus_faecalis	True	1	106	gyrA,gyrB,parC,parE
N60_2_2	Enterococcus_faecium	False	0	30	gyrA,gyrB,parC,parE
N60_2_2	Escherichia_coli	False	0	184	gyrA,gyrB,parC,parE
N60_2_2	Klebsiella_oxytoca	False	0	0	gyrA,gyrB,parC,parE
N60_2_2	Klebsiella_pneumoniae	False	0	178	gyrA,gyrB,parE
N60_2_2	Pseudomonas_aeruginosa	True	2	708	gyrA,gyrB,parC,parE
N60_2_2	Staphylococcus_aureus	True	16	529	gyrA,gyrB,parC,parE
N60_2_2	Streptococcus_mitis	False	0	12	gyrA,gyrB,parC,parE
N60_2_2	Streptococcus_oralis	False	0	276	gyrA,gyrB,parC,parE
N60_2_2	Streptococcus_pneumoniae	False	0	157	gyrA,gyrB,parC,parE
N60_2_3	Enterococcus_faecalis	False	0	76	gyrA,gyrB,parC,parE
N60_2_3	Enterococcus_faecium	True	1	210	gyrA,gyrB,parC,parE
N60_2_3	Escherichia_coli	False	0	161	gyrA,gyrB,parC,parE
N60_2_3	Klebsiella_oxytoca	False	0	46	gyrA,gyrB,parC,parE
N60_2_3	Klebsiella_pneumoniae	True	1	88	gyrA,gyrB,parE
N60_2_3	Pseudomonas_aeruginosa	True	2	38	gyrA,gyrB,parC,parE
N60_2_3	Staphylococcus_aureus	False	0	55	gyrA,gyrB,parC,parE
N60_2_3	Streptococcus_mitis	False	0	9	gyrA,gyrB,parC,parE
N60_2_3	Streptococcus_oralis	False	0	48	gyrA,gyrB,parC,parE
N60_2_3	Streptococcus_pneumoniae	False	0	50	gyrA,gyrB,parC,parE
N60_2_4	Enterococcus_faecalis	True	1	124	gyrA,gyrB,parC,parE
N60_2_4	Enterococcus_faecium	True	1	153	gyrA,gyrB,parC,parE
N60_2_4	Escherichia_coli	True	1	496	gyrA,gyrB,parC,parE
N60_2_4	Klebsiella_oxytoca	False	0	229	gyrA,gyrB,parC,parE
N60_2_4	Klebsiella_pneumoniae	True	1	242	gyrA,gyrB,parE
N60_2_4	Pseudomonas_aeruginosa	True	7	129	gyrA,gyrB,parC,parE
N60_2_4	Staphylococcus_aureus	True	4	243	gyrA,gyrB,parC,parE
N60_2_4	Streptococcus_mitis	False	0	11	gyrA,gyrB,parC,parE
N60_2_4	Streptococcus_oralis	False	0	26	gyrA,gyrB,parC,parE
N60_2_4	Streptococcus_pneumoniae	False	0	22	gyrA,gyrB,parC,parE
N61_1_2	Enterococcus_faecalis	False	0	26	gyrA,gyrB,parE
N61_1_2	Enterococcus_faecium	False	0	6	gyrA,gyrB,parE
N61_1_2	Escherichia_coli	False	0	19	gyrA,gyrB
N61_1_2	Klebsiella_oxytoca	False	0	0	gyrA,gyrB
N61_1_2	Klebsiella_pneumoniae	False	0	19	gyrA,gyrB
N61_1_2	Pseudomonas_aeruginosa	False	0	49	gyrA,gyrB,parC,parE
N61_1_2	Staphylococcus_aureus	True	9	72	gyrA,gyrB,parC,parE
N61_1_2	Streptococcus_mitis	False	0	0	gyrA,gyrB,parC,parE
N61_1_2	Streptococcus_oralis	False	0	21	gyrA,gyrB,parC,parE
N61_1_2	Streptococcus_pneumoniae	False	0	15	gyrA,gyrB,parC,parE
N61_1_3	Enterococcus_faecalis	False	0	8	gyrA,gyrB,parE
N61_1_3	Enterococcus_faecium	False	0	4	gyrA,gyrB,parE
N61_1_3	Escherichia_coli	False	0	0	gyrA,gyrB
N61_1_3	Klebsiella_oxytoca	False	0	0	gyrB
N61_1_3	Klebsiella_pneumoniae	False	0	0	gyrA,gyrB
N61_1_3	Pseudomonas_aeruginosa	False	0	3	gyrA,gyrB,parC,parE
N61_1_3	Staphylococcus_aureus	True	29	108	gyrA,gyrB,parC,parE
N61_1_3	Streptococcus_mitis	False	0	3	gyrA,parC,parE
N61_1_3	Streptococcus_oralis	False	0	9	gyrA,gyrB,parC,parE
N61_1_3	Streptococcus_pneumoniae	False	0	9	gyrA,gyrB,parC,parE
N61_1_4	Enterococcus_faecalis	True	4	3884	gyrA,gyrB,parC,parE
N61_1_4	Enterococcus_faecium	True	1	3543	gyrA,gyrB,parC,parE
N61_1_4	Escherichia_coli	False	0	2017	gyrA,gyrB,parC,parE
N61_1_4	Klebsiella_oxytoca	False	0	1222	gyrA,gyrB,parC,parE
N61_1_4	Klebsiella_pneumoniae	False	0	1224	gyrA,gyrB,parE
N61_1_4	Pseudomonas_aeruginosa	True	3	1108	gyrA,gyrB,parC,parE
N61_1_4	Staphylococcus_aureus	True	1029	7031	gyrA,gyrB,parC,parE
N61_1_4	Streptococcus_mitis	True	1	870	gyrA,gyrB,parC,parE
N61_1_4	Streptococcus_oralis	False	0	1711	gyrA,gyrB,parC,parE
N61_1_4	Streptococcus_pneumoniae	False	0	910	gyrA,gyrB,parC,parE
N61_2_2	Enterococcus_faecalis	False	0	65	gyrA,gyrB,parC,parE
N61_2_2	Enterococcus_faecium	False	0	20	gyrA,gyrB,parC,parE
N61_2_2	Escherichia_coli	False	0	104	gyrA,gyrB,parC,parE
N61_2_2	Klebsiella_oxytoca	True	1	13	gyrA,gyrB,parC,parE
N61_2_2	Klebsiella_pneumoniae	False	0	98	gyrA,gyrB,parE
N61_2_2	Pseudomonas_aeruginosa	False	0	339	gyrA,gyrB,parC,parE
N61_2_2	Staphylococcus_aureus	True	240	2287	gyrA,gyrB,parC,parE
N61_2_2	Streptococcus_mitis	False	0	1	gyrA,gyrB,parC,parE
N61_2_2	Streptococcus_oralis	False	0	215	gyrA,gyrB,parC
N61_2_2	Streptococcus_pneumoniae	False	0	124	gyrA,gyrB,parC
N61_2_3	Enterococcus_faecalis	False	0	21	gyrA,gyrB,parC,parE
N61_2_3	Enterococcus_faecium	False	0	6	gyrA,gyrB,parC,parE
N61_2_3	Escherichia_coli	False	0	14	gyrA,gyrB,parC,parE
N61_2_3	Klebsiella_oxytoca	False	0	5	gyrA,gyrB,parC,parE
N61_2_3	Klebsiella_pneumoniae	False	0	14	gyrA,gyrB,parE
N61_2_3	Pseudomonas_aeruginosa	False	0	81	gyrA,gyrB,parC,parE
N61_2_3	Staphylococcus_aureus	True	17	310	gyrA,gyrB,parC,parE
N61_2_3	Streptococcus_mitis	False	0	0	gyrA,gyrB,parC,parE
N61_2_3	Streptococcus_oralis	False	0	41	gyrA,gyrB,parC,parE
N61_2_3	Streptococcus_pneumoniae	False	0	23	gyrA,gyrB,parC,parE
N61_2_4	Enterococcus_faecalis	False	0	2	gyrA,gyrB,parE
N61_2_4	Enterococcus_faecium	False	0	0	gyrA,gyrB,parC,parE
N61_2_4	Escherichia_coli	False	0	5	gyrA,gyrB,parC,parE
N61_2_4	Klebsiella_oxytoca	False	0	3	gyrA,gyrB,parC,parE
N61_2_4	Klebsiella_pneumoniae	False	0	2	gyrA,gyrB,parE
N61_2_4	Pseudomonas_aeruginosa	False	0	0	gyrB,parC,parE
N61_2_4	Staphylococcus_aureus	False	0	13	gyrA,gyrB,parC
N61_2_4	Streptococcus_mitis	False	0	0	gyrA,gyrB,parC,parE
N61_2_4	Streptococcus_oralis	False	0	1	gyrA,gyrB,parC,parE
N61_2_4	Streptococcus_pneumoniae	False	0	1	gyrA,gyrB,parC,parE
N62_1_2	Enterococcus_faecalis	False	0	11	gyrA,gyrB,parE
N62_1_2	Enterococcus_faecium	False	0	14	gyrA,gyrB,parC
N62_1_2	Escherichia_coli	False	0	23	gyrA,gyrB
N62_1_2	Klebsiella_oxytoca	False	0	0	gyrA,gyrB,parE
N62_1_2	Klebsiella_pneumoniae	False	0	23	gyrA,gyrB
N62_1_2	Pseudomonas_aeruginosa	False	0	84	gyrA,gyrB,parC,parE
N62_1_2	Staphylococcus_aureus	True	58	300	gyrA,gyrB,parC,parE
N62_1_2	Streptococcus_mitis	False	0	2	gyrA,gyrB,parC,parE
N62_1_2	Streptococcus_oralis	False	0	70	gyrA,gyrB,parC,parE
N62_1_2	Streptococcus_pneumoniae	False	0	55	gyrA,gyrB,parC,parE
N62_1_3	Enterococcus_faecalis	False	0	5	gyrA,gyrB,parE
N62_1_3	Enterococcus_faecium	False	0	0	gyrB
N62_1_3	Escherichia_coli	False	0	0	gyrA
N62_1_3	Klebsiella_oxytoca	False	0	0	gyrA,parC
N62_1_3	Klebsiella_pneumoniae	False	0	0	gyrA
N62_1_3	Pseudomonas_aeruginosa	False	0	3	gyrB,parE
N62_1_3	Staphylococcus_aureus	False	0	5	gyrA,gyrB,parC,parE
N62_1_3	Streptococcus_mitis	False	0	0	gyrA,gyrB,parC
N62_1_3	Streptococcus_oralis	False	0	0	gyrA,gyrB,parC
N62_1_3	Streptococcus_pneumoniae	False	0	0	gyrA,gyrB,parC
N62_1_4	Enterococcus_faecalis	False	0	17	gyrA,gyrB,parC,parE
N62_1_4	Enterococcus_faecium	False	0	22	gyrA,gyrB
N62_1_4	Escherichia_coli	False	0	814	gyrA,gyrB,parC,parE
N62_1_4	Klebsiella_oxytoca	True	3	499	gyrA,gyrB,parC,parE
N62_1_4	Klebsiella_pneumoniae	True	8	589	gyrA,gyrB,parE
N62_1_4	Pseudomonas_aeruginosa	False	0	45	gyrA,gyrB,parC,parE
N62_1_4	Staphylococcus_aureus	True	7	82	gyrA,gyrB,parC,parE
N62_1_4	Streptococcus_mitis	False	0	3	gyrA,gyrB,parC
N62_1_4	Streptococcus_oralis	False	0	4	gyrA,gyrB,parC
N62_1_4	Streptococcus_pneumoniae	False	0	3	gyrA,gyrB,parC
N62_2_2	Enterococcus_faecalis	False	0	55	gyrA,gyrB,parC,parE
N62_2_2	Enterococcus_faecium	False	0	21	gyrA,gyrB,parC,parE
N62_2_2	Escherichia_coli	False	0	136	gyrA,gyrB,parC,parE
N62_2_2	Klebsiella_oxytoca	False	0	33	gyrA,gyrB,parC,parE
N62_2_2	Klebsiella_pneumoniae	False	0	126	gyrA,gyrB,parE
N62_2_2	Pseudomonas_aeruginosa	False	0	316	gyrA,gyrB,parC,parE
N62_2_2	Staphylococcus_aureus	True	55	585	gyrA,gyrB,parC,parE
N62_2_2	Streptococcus_mitis	False	0	22	gyrA,gyrB,parC,parE
N62_2_2	Streptococcus_oralis	False	0	106	gyrA,gyrB,parC,parE
N62_2_2	Streptococcus_pneumoniae	False	0	62	gyrA,gyrB,parC,parE
N62_2_3	Enterococcus_faecalis	False	0	20	gyrA,gyrB,parE
N62_2_3	Enterococcus_faecium	False	0	7	gyrA,parE
N62_2_3	Escherichia_coli	False	0	16	gyrA,gyrB,parC,parE
N62_2_3	Klebsiella_oxytoca	False	0	5	gyrA,gyrB,parC,parE
N62_2_3	Klebsiella_pneumoniae	False	0	14	gyrA,gyrB,parE
N62_2_3	Pseudomonas_aeruginosa	False	0	23	gyrA,gyrB,parC,parE
N62_2_3	Staphylococcus_aureus	True	2	88	gyrA,gyrB,parC,parE
N62_2_3	Streptococcus_mitis	False	0	3	gyrA,gyrB,parC,parE
N62_2_3	Streptococcus_oralis	False	0	16	gyrA,gyrB,parC,parE
N62_2_3	Streptococcus_pneumoniae	False	0	8	gyrA,gyrB,parC,parE
N62_2_4	Enterococcus_faecalis	True	1	170	gyrA,gyrB,parC,parE
N62_2_4	Enterococcus_faecium	True	1	169	gyrA,gyrB,parC,parE
N62_2_4	Escherichia_coli	True	6	719	gyrA,gyrB,parC,parE
N62_2_4	Klebsiella_oxytoca	True	7	348	gyrA,gyrB,parC,parE
N62_2_4	Klebsiella_pneumoniae	True	3	393	gyrA,gyrB,parE
N62_2_4	Pseudomonas_aeruginosa	False	0	51	gyrA,gyrB,parC,parE
N62_2_4	Staphylococcus_aureus	False	0	533	gyrA,gyrB,parC,parE
N62_2_4	Streptococcus_mitis	False	0	127	gyrA,gyrB,parC,parE
N62_2_4	Streptococcus_oralis	False	0	179	gyrA,gyrB,parC,parE
N62_2_4	Streptococcus_pneumoniae	False	0	136	gyrA,gyrB,parC,parE
N63_1_2	Enterococcus_faecalis	False	0	0	gyrA,gyrB,parE
N63_1_2	Enterococcus_faecium	False	0	20	gyrA,gyrB,parC,parE
N63_1_2	Escherichia_coli	False	0	0	gyrA,gyrB,parC
N63_1_2	Klebsiella_oxytoca	False	0	0	gyrA,parE
N63_1_2	Klebsiella_pneumoniae	False	0	0	gyrA,parE
N63_1_2	Pseudomonas_aeruginosa	False	0	0	gyrB,parC,parE
N63_1_2	Staphylococcus_aureus	True	46	165	gyrA,gyrB,parC,parE
N63_1_2	Streptococcus_mitis	False	0	0	gyrA,parC
N63_1_2	Streptococcus_oralis	False	0	0	gyrA,parC
N63_1_2	Streptococcus_pneumoniae	False	0	0	gyrA,parC
N63_1_3	Enterococcus_faecalis	False	0	0	gyrA,gyrB,parC,parE
N63_1_3	Enterococcus_faecium	False	0	8	gyrA,gyrB,parC,parE
N63_1_3	Escherichia_coli	False	0	15	gyrA,gyrB,parC,parE
N63_1_3	Klebsiella_oxytoca	False	0	17	gyrA,gyrB,parC,parE
N63_1_3	Klebsiella_pneumoniae	True	1	14	gyrA,gyrB,parE
N63_1_3	Pseudomonas_aeruginosa	False	0	0	gyrA,gyrB,parC,parE
N63_1_3	Staphylococcus_aureus	True	53	427	gyrA,gyrB,parC,parE
N63_1_3	Streptococcus_mitis	False	0	1	gyrA,gyrB,parC,parE
N63_1_3	Streptococcus_oralis	False	0	8	gyrA,gyrB,parC,parE
N63_1_3	Streptococcus_pneumoniae	False	0	10	gyrA,gyrB,parC,parE
N63_1_4	Enterococcus_faecalis	False	0	15	gyrA,gyrB,parC,parE
N63_1_4	Enterococcus_faecium	False	0	4	gyrA,gyrB,parC,parE
N63_1_4	Escherichia_coli	True	2	553	gyrA,gyrB,parC,parE
N63_1_4	Klebsiella_oxytoca	False	0	397	gyrA,gyrB,parC,parE
N63_1_4	Klebsiella_pneumoniae	True	2	389	gyrA,gyrB,parE
N63_1_4	Pseudomonas_aeruginosa	False	0	0	gyrA,gyrB,parC
N63_1_4	Staphylococcus_aureus	True	83	311	gyrA,gyrB,parC,parE
N63_1_4	Streptococcus_mitis	False	0	0	gyrA,parC,parE
N63_1_4	Streptococcus_oralis	False	0	0	gyrA,parC,parE
N63_1_4	Streptococcus_pneumoniae	False	0	0	gyrA,parC,parE
N63_2_2	Enterococcus_faecalis	False	0	2	gyrA,gyrB
N63_2_2	Enterococcus_faecium	False	0	4	gyrA,gyrB,parC,parE
N63_2_2	Escherichia_coli	False	0	18	gyrA,gyrB,parC,parE
N63_2_2	Klebsiella_oxytoca	False	0	19	gyrA,gyrB,parC,parE
N63_2_2	Klebsiella_pneumoniae	True	1	9	gyrA,gyrB,parE
N63_2_2	Pseudomonas_aeruginosa	False	0	8	gyrA,gyrB,parC
N63_2_2	Staphylococcus_aureus	True	77	574	gyrA,gyrB,parC,parE
N63_2_2	Streptococcus_mitis	False	0	2	gyrA,gyrB,parC
N63_2_2	Streptococcus_oralis	False	0	2	gyrA,gyrB,parC
N63_2_2	Streptococcus_pneumoniae	False	0	11	gyrA,gyrB,parC
N63_2_3	Enterococcus_faecalis	False	0	16	gyrA,gyrB,parC,parE
N63_2_3	Enterococcus_faecium	False	0	7	gyrA,gyrB,parC,parE
N63_2_3	Escherichia_coli	False	0	19	gyrA,gyrB,parC,parE
N63_2_3	Klebsiella_oxytoca	False	0	10	gyrA,gyrB,parC,parE
N63_2_3	Klebsiella_pneumoniae	True	1	16	gyrA,gyrB,parE
N63_2_3	Pseudomonas_aeruginosa	False	0	0	gyrA,gyrB,parC,parE
N63_2_3	Staphylococcus_aureus	True	3	92	gyrA,gyrB,parC,parE
N63_2_3	Streptococcus_mitis	False	0	13	gyrA,gyrB,parC,parE
N63_2_3	Streptococcus_oralis	False	0	28	gyrA,gyrB,parC,parE
N63_2_3	Streptococcus_pneumoniae	False	0	27	gyrA,gyrB,parC,parE
N63_2_4	Enterococcus_faecalis	True	1	83	gyrA,gyrB,parC,parE
N63_2_4	Enterococcus_faecium	True	3	200	gyrA,gyrB,parC,parE
N63_2_4	Escherichia_coli	True	3	741	gyrA,gyrB,parC,parE
N63_2_4	Klebsiella_oxytoca	False	0	484	gyrA,gyrB,parC,parE
N63_2_4	Klebsiella_pneumoniae	True	2	496	gyrA,gyrB,parE
N63_2_4	Pseudomonas_aeruginosa	False	0	37	gyrA,gyrB,parC,parE
N63_2_4	Staphylococcus_aureus	False	0	262	gyrA,gyrB,parC,parE
N63_2_4	Streptococcus_mitis	False	0	67	gyrA,gyrB,parC,parE
N63_2_4	Streptococcus_oralis	False	0	90	gyrA,gyrB,parC,parE
N63_2_4	Streptococcus_pneumoniae	False	0	90	gyrA,gyrB,parC,parE
N64_1_2	Enterococcus_faecalis	False	0	5	gyrA,gyrB,parE
N64_1_2	Enterococcus_faecium	False	0	0	gyrA,parC
N64_1_2	Escherichia_coli	False	0	24	gyrA,gyrB
N64_1_2	Klebsiella_oxytoca	False	0	0	gyrA,gyrB
N64_1_2	Klebsiella_pneumoniae	False	0	23	gyrA,gyrB
N64_1_2	Pseudomonas_aeruginosa	False	0	39	gyrA,gyrB,parC,parE
N64_1_2	Staphylococcus_aureus	True	9	78	gyrA,gyrB,parC,parE
N64_1_2	Streptococcus_mitis	False	0	0	gyrA,gyrB,parC
N64_1_2	Streptococcus_oralis	False	0	14	gyrA,gyrB,parC
N64_1_2	Streptococcus_pneumoniae	False	0	11	gyrB,parC
N64_1_3	Enterococcus_faecalis	False	0	4	gyrA,gyrB,parE
N64_1_3	Enterococcus_faecium	False	0	3	gyrA,gyrB
N64_1_3	Escherichia_coli	False	0	0	gyrA,parC
N64_1_3	Klebsiella_pneumoniae	False	0	0	gyrA
N64_1_3	Pseudomonas_aeruginosa	True	1	16	gyrA,gyrB,parE
N64_1_3	Staphylococcus_aureus	True	1	60	gyrA,gyrB,parC,parE
N64_1_3	Streptococcus_mitis	False	0	0	gyrB,parE
N64_1_3	Streptococcus_oralis	False	0	8	gyrB,parC,parE
N64_1_3	Streptococcus_pneumoniae	False	0	11	gyrB,parC,parE
N64_1_4	Enterococcus_faecalis	False	0	39	gyrA,gyrB,parC,parE
N64_1_4	Enterococcus_faecium	False	0	35	gyrA,gyrB,parC,parE
N64_1_4	Escherichia_coli	True	3	908	gyrA,gyrB,parC,parE
N64_1_4	Klebsiella_oxytoca	False	0	729	gyrA,gyrB,parC,parE
N64_1_4	Klebsiella_pneumoniae	True	5	623	gyrA,gyrB,parE
N64_1_4	Pseudomonas_aeruginosa	True	2	1014	gyrA,gyrB,parC,parE
N64_1_4	Staphylococcus_aureus	True	316	1544	gyrA,gyrB,parC,parE
N64_1_4	Streptococcus_mitis	False	0	17	gyrA,gyrB,parC,parE
N64_1_4	Streptococcus_oralis	False	0	72	gyrA,gyrB,parC,parE
N64_1_4	Streptococcus_pneumoniae	False	0	42	gyrA,gyrB,parC,parE
N64_2_2	Enterococcus_faecalis	False	0	12	gyrA,gyrB,parC,parE
N64_2_2	Enterococcus_faecium	False	0	2	gyrA,gyrB,parC,parE
N64_2_2	Escherichia_coli	False	0	7	gyrA,gyrB,parC,parE
N64_2_2	Klebsiella_oxytoca	False	0	0	gyrA,gyrB
N64_2_2	Klebsiella_pneumoniae	False	0	0	gyrA,gyrB
N64_2_2	Pseudomonas_aeruginosa	False	0	4	gyrA,gyrB,parC,parE
N64_2_2	Staphylococcus_aureus	True	40	314	gyrA,gyrB,parC,parE
N64_2_2	Streptococcus_mitis	False	0	1	gyrA,gyrB,parC,parE
N64_2_2	Streptococcus_oralis	False	0	5	gyrA,gyrB,parC,parE
N64_2_2	Streptococcus_pneumoniae	False	0	5	gyrA,gyrB,parC,parE
N64_2_3	Enterococcus_faecalis	False	0	33	gyrA,gyrB,parC,parE
N64_2_3	Enterococcus_faecium	True	1	59	gyrA,gyrB,parC,parE
N64_2_3	Escherichia_coli	False	0	20	gyrA,gyrB,parE
N64_2_3	Klebsiella_oxytoca	False	0	8	gyrA,gyrB,parC,parE
N64_2_3	Klebsiella_pneumoniae	False	0	7	gyrA,gyrB,parE
N64_2_3	Pseudomonas_aeruginosa	False	0	25	gyrA,gyrB,parC,parE
N64_2_3	Staphylococcus_aureus	True	18	189	gyrA,gyrB,parC,parE
N64_2_3	Streptococcus_mitis	False	0	5	gyrA,gyrB,parC,parE
N64_2_3	Streptococcus_oralis	False	0	14	gyrA,gyrB,parC,parE
N64_2_3	Streptococcus_pneumoniae	False	0	16	gyrA,gyrB,parC,parE
N64_2_4	Enterococcus_faecalis	True	1	316	gyrA,gyrB,parC,parE
N64_2_4	Enterococcus_faecium	True	1	376	gyrA,gyrB,parC,parE
N64_2_4	Escherichia_coli	True	5	441	gyrA,gyrB,parC,parE
N64_2_4	Klebsiella_oxytoca	True	8	1257	gyrA,gyrB,parC,parE
N64_2_4	Klebsiella_pneumoniae	True	3	137	gyrA,gyrB,parE
N64_2_4	Pseudomonas_aeruginosa	True	11	257	gyrA,gyrB,parC,parE
N64_2_4	Staphylococcus_aureus	True	9	1611	gyrA,gyrB,parC,parE
N64_2_4	Streptococcus_mitis	False	0	193	gyrA,gyrB,parC,parE
N64_2_4	Streptococcus_oralis	False	0	222	gyrA,gyrB,parC,parE
N64_2_4	Streptococcus_pneumoniae	False	0	259	gyrA,gyrB,parC,parE
N65_1_2	Enterococcus_faecalis	False	0	58	gyrA,gyrB,parC,parE
N65_1_2	Enterococcus_faecium	False	0	12	gyrA,gyrB,parC,parE
N65_1_2	Escherichia_coli	False	0	175	gyrA,gyrB,parC,parE
N65_1_2	Klebsiella_oxytoca	False	0	0	gyrA,gyrB,parE
N65_1_2	Klebsiella_pneumoniae	False	0	163	gyrA,gyrB,parE
N65_1_2	Pseudomonas_aeruginosa	False	0	558	gyrA,gyrB,parE
N65_1_2	Staphylococcus_aureus	True	157	1328	gyrA,gyrB,parC,parE
N65_1_2	Streptococcus_mitis	False	0	4	gyrA,gyrB,parC
N65_1_2	Streptococcus_oralis	False	0	201	gyrA,gyrB,parC,parE
N65_1_2	Streptococcus_pneumoniae	False	0	155	gyrA,gyrB,parC
N65_1_3	Enterococcus_faecalis	True	1	19	gyrA,gyrB,parC,parE
N65_1_3	Enterococcus_faecium	True	1	53	gyrA,gyrB,parC,parE
N65_1_3	Escherichia_coli	False	0	29	gyrA,gyrB,parC,parE
N65_1_3	Klebsiella_oxytoca	False	0	22	gyrA,gyrB,parC,parE
N65_1_3	Klebsiella_pneumoniae	True	1	23	gyrA,gyrB,parE
N65_1_3	Pseudomonas_aeruginosa	False	0	44	gyrA,gyrB,parC,parE
N65_1_3	Staphylococcus_aureus	True	68	550	gyrA,gyrB,parC,parE
N65_1_3	Streptococcus_mitis	False	0	17	gyrA,gyrB,parC,parE
N65_1_3	Streptococcus_oralis	False	0	32	gyrA,gyrB,parC,parE
N65_1_3	Streptococcus_pneumoniae	False	0	23	gyrA,gyrB,parC,parE
N65_1_4	Enterococcus_faecalis	True	1	7	gyrA,gyrB,parC,parE
N65_1_4	Enterococcus_faecium	True	1	41	gyrA,gyrB,parC,parE
N65_1_4	Escherichia_coli	True	6	145	gyrA,gyrB,parC,parE
N65_1_4	Klebsiella_oxytoca	False	0	216	gyrA,gyrB,parC,parE
N65_1_4	Klebsiella_pneumoniae	True	3	72	gyrA,gyrB,parE
N65_1_4	Pseudomonas_aeruginosa	True	2	145	gyrA,gyrB,parC,parE
N65_1_4	Staphylococcus_aureus	True	118	441	gyrA,gyrB,parC,parE
N65_1_4	Streptococcus_mitis	False	0	8	gyrA,parC,parE
N65_1_4	Streptococcus_oralis	False	0	16	gyrA,parC,parE
N65_1_4	Streptococcus_pneumoniae	False	0	11	gyrA,parC
N65_2_2	Enterococcus_faecalis	False	0	77	gyrA,gyrB,parC,parE
N65_2_2	Enterococcus_faecium	True	1	59	gyrA,gyrB,parC,parE
N65_2_2	Escherichia_coli	False	0	191	gyrA,gyrB,parC,parE
N65_2_2	Klebsiella_oxytoca	False	0	1	gyrA,gyrB,parE
N65_2_2	Klebsiella_pneumoniae	False	0	191	gyrA,gyrB,parE
N65_2_2	Pseudomonas_aeruginosa	False	0	626	gyrA,gyrB,parE
N65_2_2	Staphylococcus_aureus	True	78	1009	gyrA,gyrB,parC,parE
N65_2_2	Streptococcus_mitis	False	0	9	gyrA,gyrB,parC,parE
N65_2_2	Streptococcus_oralis	False	0	298	gyrA,gyrB,parC,parE
N65_2_2	Streptococcus_pneumoniae	False	0	152	gyrA,gyrB,parC,parE
N65_2_3	Enterococcus_faecalis	True	1	34	gyrA,gyrB,parC,parE
N65_2_3	Enterococcus_faecium	True	1	91	gyrA,gyrB,parC,parE
N65_2_3	Escherichia_coli	False	0	60	gyrA,gyrB,parC,parE
N65_2_3	Klebsiella_oxytoca	False	0	45	gyrA,gyrB,parC,parE
N65_2_3	Klebsiella_pneumoniae	True	1	35	gyrA,gyrB,parE
N65_2_3	Pseudomonas_aeruginosa	False	0	27	gyrA,gyrB,parE
N65_2_3	Staphylococcus_aureus	True	13	105	gyrA,gyrB,parC,parE
N65_2_3	Streptococcus_mitis	False	0	37	gyrA,gyrB,parC,parE
N65_2_3	Streptococcus_oralis	False	0	74	gyrA,gyrB,parC,parE
N65_2_3	Streptococcus_pneumoniae	False	0	49	gyrA,gyrB,parC,parE
N65_2_4	Enterococcus_faecalis	True	1	665	gyrA,gyrB,parC,parE
N65_2_4	Enterococcus_faecium	True	3	1955	gyrA,gyrB,parC,parE
N65_2_4	Escherichia_coli	True	3	1317	gyrA,gyrB,parC,parE
N65_2_4	Klebsiella_oxytoca	True	3	457	gyrA,gyrB,parC,parE
N65_2_4	Klebsiella_pneumoniae	True	4	502	gyrA,gyrB,parE
N65_2_4	Pseudomonas_aeruginosa	False	0	211	gyrA,gyrB,parC,parE
N65_2_4	Staphylococcus_aureus	True	5	873	gyrA,gyrB,parC,parE
N65_2_4	Streptococcus_mitis	False	0	137	gyrA,gyrB,parC,parE
N65_2_4	Streptococcus_oralis	False	0	203	gyrA,gyrB,parC,parE
N65_2_4	Streptococcus_pneumoniae	False	0	176	gyrA,gyrB,parC,parE
N66_1_2	Enterococcus_faecalis	False	0	43	gyrA,gyrB,parE
N66_1_2	Enterococcus_faecium	False	0	0	gyrA,gyrB,parC,parE
N66_1_2	Escherichia_coli	False	0	44	gyrA,gyrB,parC,parE
N66_1_2	Klebsiella_oxytoca	False	0	8	gyrA,gyrB,parC
N66_1_2	Klebsiella_pneumoniae	False	0	36	gyrA,gyrB
N66_1_2	Pseudomonas_aeruginosa	False	0	224	gyrA,gyrB,parC,parE
N66_1_2	Staphylococcus_aureus	True	47	697	gyrA,gyrB,parC,parE
N66_1_2	Streptococcus_mitis	False	0	8	gyrA,gyrB,parC,parE
N66_1_2	Streptococcus_oralis	False	0	130	gyrA,gyrB,parC,parE
N66_1_2	Streptococcus_pneumoniae	False	0	91	gyrA,gyrB,parC,parE
N66_1_3	Enterococcus_faecalis	False	0	0	parE
N66_1_3	Enterococcus_faecium	False	0	4	gyrA,gyrB,parC
N66_1_3	Escherichia_coli	False	0	2	gyrA,gyrB,parC,parE
N66_1_3	Klebsiella_oxytoca	False	0	4	gyrA,gyrB,parC
N66_1_3	Klebsiella_pneumoniae	False	0	2	gyrA,gyrB,parE
N66_1_3	Pseudomonas_aeruginosa	False	0	4	gyrA,gyrB,parC,parE
N66_1_3	Staphylococcus_aureus	True	17	70	gyrA,gyrB,parC,parE
N66_1_3	Streptococcus_mitis	False	0	0	gyrA,gyrB,parE
N66_1_3	Streptococcus_oralis	False	0	10	gyrA,gyrB,parC,parE
N66_1_3	Streptococcus_pneumoniae	False	0	4	gyrB,parC,parE
N66_1_4	Enterococcus_faecalis	True	1	12	gyrA,gyrB,parC,parE
N66_1_4	Enterococcus_faecium	True	1	58	gyrA,gyrB,parC,parE
N66_1_4	Escherichia_coli	False	0	11	gyrA,gyrB,parC
N66_1_4	Klebsiella_oxytoca	False	0	1	gyrA,gyrB,parC
N66_1_4	Klebsiella_pneumoniae	False	0	9	gyrA,gyrB
N66_1_4	Pseudomonas_aeruginosa	False	0	166	gyrA,gyrB,parC,parE
N66_1_4	Staphylococcus_aureus	True	150	652	gyrA,gyrB,parC,parE
N66_1_4	Streptococcus_mitis	False	0	17	gyrA,parC
N66_1_4	Streptococcus_oralis	False	0	24	gyrA,gyrB,parC,parE
N66_1_4	Streptococcus_pneumoniae	False	0	17	gyrA,parC
N66_2_2	Enterococcus_faecalis	False	0	23	gyrA,gyrB,parE
N66_2_2	Enterococcus_faecium	False	0	0	gyrA,parC,parE
N66_2_2	Escherichia_coli	False	0	60	gyrA,gyrB,parC,parE
N66_2_2	Klebsiella_oxytoca	False	0	0	gyrA,gyrB,parC,parE
N66_2_2	Klebsiella_pneumoniae	False	0	58	gyrA,gyrB,parE
N66_2_2	Pseudomonas_aeruginosa	False	0	226	gyrA,gyrB,parC,parE
N66_2_2	Staphylococcus_aureus	True	19	224	gyrA,gyrB,parC,parE
N66_2_2	Streptococcus_mitis	False	0	4	gyrA,gyrB,parC,parE
N66_2_2	Streptococcus_oralis	False	0	95	gyrA,gyrB,parC,parE
N66_2_2	Streptococcus_pneumoniae	False	0	46	gyrA,gyrB,parC,parE
N66_2_3	Enterococcus_faecalis	True	1	9	gyrA,gyrB,parC,parE
N66_2_3	Enterococcus_faecium	False	0	8	gyrA
N66_2_3	Escherichia_coli	False	0	3	gyrA,gyrB,parC,parE
N66_2_3	Klebsiella_oxytoca	False	0	0	gyrA,gyrB,parC,parE
N66_2_3	Klebsiella_pneumoniae	True	1	0	gyrA,gyrB,parE
N66_2_3	Pseudomonas_aeruginosa	True	2	124	gyrA,gyrB,parC,parE
N66_2_3	Staphylococcus_aureus	False	0	15	gyrA,gyrB,parC,parE
N66_2_3	Streptococcus_mitis	False	0	2	gyrA,gyrB,parC,parE
N66_2_3	Streptococcus_oralis	False	0	2	gyrA,gyrB,parC,parE
N66_2_3	Streptococcus_pneumoniae	False	0	2	gyrA,gyrB,parC,parE
N66_2_4	Enterococcus_faecalis	True	1	39	gyrA,gyrB,parC,parE
N66_2_4	Enterococcus_faecium	False	0	26	gyrA,parC,parE
N66_2_4	Escherichia_coli	True	2	598	gyrA,gyrB,parC,parE
N66_2_4	Klebsiella_oxytoca	True	5	393	gyrA,gyrB,parC,parE
N66_2_4	Klebsiella_pneumoniae	True	2	353	gyrA,gyrB,parE
N66_2_4	Pseudomonas_aeruginosa	False	0	26	gyrA,gyrB,parC,parE
N66_2_4	Staphylococcus_aureus	False	0	109	gyrA,gyrB,parC,parE
N66_2_4	Streptococcus_mitis	False	0	23	gyrA,parE
N66_2_4	Streptococcus_oralis	False	0	23	gyrA,gyrB,parC,parE
N66_2_4	Streptococcus_pneumoniae	False	0	38	gyrA,gyrB,parC,parE
N67_1_2	Enterococcus_faecalis	False	0	24	gyrA,gyrB,parE
N67_1_2	Enterococcus_faecium	False	0	19	gyrA,gyrB,parC,parE
N67_1_2	Escherichia_coli	False	0	0	gyrA,gyrB,parC
N67_1_2	Klebsiella_oxytoca	False	0	3	gyrA,gyrB,parC
N67_1_2	Klebsiella_pneumoniae	False	0	0	gyrA,gyrB,parE
N67_1_2	Pseudomonas_aeruginosa	True	1	9	gyrA,gyrB,parC,parE
N67_1_2	Staphylococcus_aureus	True	261	2240	gyrA,gyrB,parC,parE
N67_1_2	Streptococcus_mitis	False	0	0	gyrA,gyrB,parC,parE
N67_1_2	Streptococcus_oralis	False	0	11	gyrA,gyrB,parC
N67_1_2	Streptococcus_pneumoniae	False	0	0	gyrA,gyrB,parC
N67_1_3	Enterococcus_faecalis	False	0	2	gyrA,gyrB
N67_1_3	Enterococcus_faecium	False	0	2	gyrA,parC
N67_1_3	Escherichia_coli	False	0	0	gyrA,gyrB,parE
N67_1_3	Klebsiella_oxytoca	False	0	0	gyrB
N67_1_3	Klebsiella_pneumoniae	False	0	0	gyrA,gyrB
N67_1_3	Pseudomonas_aeruginosa	False	0	0	gyrA,gyrB,parC,parE
N67_1_3	Staphylococcus_aureus	True	41	125	gyrA,gyrB,parC,parE
N67_1_3	Streptococcus_mitis	False	0	2	gyrB,parC
N67_1_3	Streptococcus_oralis	False	0	10	gyrA,gyrB,parC
N67_1_3	Streptococcus_pneumoniae	False	0	0	gyrA,gyrB
N67_1_4	Enterococcus_faecalis	True	1	549	gyrA,gyrB,parC,parE
N67_1_4	Enterococcus_faecium	True	1	1059	gyrA,gyrB,parC,parE
N67_1_4	Escherichia_coli	False	0	9	gyrA,gyrB
N67_1_4	Klebsiella_oxytoca	False	0	0	gyrA,gyrB
N67_1_4	Klebsiella_pneumoniae	False	0	4	gyrA,gyrB
N67_1_4	Pseudomonas_aeruginosa	True	1	10	gyrA,gyrB,parC
N67_1_4	Staphylococcus_aureus	True	1341	4792	gyrA,gyrB,parC,parE
N67_1_4	Streptococcus_mitis	False	0	323	gyrA,gyrB,parC,parE
N67_1_4	Streptococcus_oralis	False	0	429	gyrA,gyrB,parC,parE
N67_1_4	Streptococcus_pneumoniae	False	0	271	gyrA,gyrB,parC,parE
N67_2_2	Enterococcus_faecalis	False	0	118	gyrA,gyrB,parC,parE
N67_2_2	Enterococcus_faecium	False	0	20	gyrA,gyrB,parC,parE
N67_2_2	Escherichia_coli	False	0	225	gyrA,gyrB,parC,parE
N67_2_2	Klebsiella_oxytoca	False	0	0	gyrA,gyrB,parE
N67_2_2	Klebsiella_pneumoniae	False	0	225	gyrA,gyrB,parE
N67_2_2	Pseudomonas_aeruginosa	False	0	829	gyrA,gyrB,parC,parE
N67_2_2	Staphylococcus_aureus	True	8	410	gyrA,gyrB,parC,parE
N67_2_2	Streptococcus_mitis	False	0	7	gyrA,gyrB,parC,parE
N67_2_2	Streptococcus_oralis	False	0	380	gyrA,gyrB,parC,parE
N67_2_2	Streptococcus_pneumoniae	False	0	233	gyrA,gyrB,parC,parE
N67_2_3	Enterococcus_faecalis	True	1	145	gyrA,gyrB,parC,parE
N67_2_3	Enterococcus_faecium	True	1	245	gyrA,gyrB,parC,parE
N67_2_3	Escherichia_coli	False	0	424	gyrA,gyrB,parC,parE
N67_2_3	Klebsiella_oxytoca	False	0	201	gyrA,gyrB,parC,parE
N67_2_3	Klebsiella_pneumoniae	True	1	186	gyrA,gyrB,parE
N67_2_3	Pseudomonas_aeruginosa	True	1	113	gyrA,gyrB,parC,parE
N67_2_3	Staphylococcus_aureus	False	0	835	gyrA,gyrB,parC,parE
N67_2_3	Streptococcus_mitis	False	0	102	gyrA,gyrB,parC,parE
N67_2_3	Streptococcus_oralis	False	0	169	gyrA,gyrB,parC,parE
N67_2_3	Streptococcus_pneumoniae	False	0	112	gyrA,gyrB,parC,parE
N67_2_4	Enterococcus_faecalis	True	1	916	gyrA,gyrB,parC,parE
N67_2_4	Enterococcus_faecium	True	1	652	gyrA,gyrB,parC,parE
N67_2_4	Escherichia_coli	False	0	1321	gyrA,gyrB,parC,parE
N67_2_4	Klebsiella_oxytoca	True	2	788	gyrA,gyrB,parC,parE
N67_2_4	Klebsiella_pneumoniae	True	5	709	gyrA,gyrB,parE
N67_2_4	Pseudomonas_aeruginosa	True	4	394	gyrA,gyrB,parC,parE
N67_2_4	Staphylococcus_aureus	True	15	2328	gyrA,gyrB,parC,parE
N67_2_4	Streptococcus_mitis	False	0	274	gyrA,gyrB,parC,parE
N67_2_4	Streptococcus_oralis	False	0	437	gyrA,gyrB,parC,parE
N67_2_4	Streptococcus_pneumoniae	False	0	303	gyrA,gyrB,parC,parE
N68_1_2	Enterococcus_faecalis	False	0	12	gyrA,gyrB,parE
N68_1_2	Enterococcus_faecium	False	0	0	gyrA,gyrB,parC,parE
N68_1_2	Escherichia_coli	False	0	27	gyrA,gyrB
N68_1_2	Klebsiella_oxytoca	False	0	0	gyrA,gyrB
N68_1_2	Klebsiella_pneumoniae	False	0	27	gyrB
N68_1_2	Pseudomonas_aeruginosa	False	0	196	gyrA,gyrB,parE
N68_1_2	Staphylococcus_aureus	True	128	944	gyrA,gyrB,parC,parE
N68_1_2	Streptococcus_mitis	False	0	0	gyrA,gyrB,parC
N68_1_2	Streptococcus_oralis	False	0	59	gyrA,gyrB,parC,parE
N68_1_2	Streptococcus_pneumoniae	False	0	35	gyrA,gyrB,parC,parE
N68_1_3	Enterococcus_faecalis	False	0	74	gyrA,gyrB,parE
N68_1_3	Enterococcus_faecium	False	0	4	gyrA,gyrB,parC,parE
N68_1_3	Escherichia_coli	False	0	110	gyrA,gyrB
N68_1_3	Klebsiella_oxytoca	False	0	0	gyrA,gyrB
N68_1_3	Klebsiella_pneumoniae	False	0	104	gyrB
N68_1_3	Pseudomonas_aeruginosa	False	0	380	gyrA,gyrB,parC,parE
N68_1_3	Staphylococcus_aureus	True	156	797	gyrA,gyrB,parC,parE
N68_1_3	Streptococcus_mitis	False	0	0	gyrA,gyrB,parC
N68_1_3	Streptococcus_oralis	False	0	130	gyrA,gyrB,parC
N68_1_3	Streptococcus_pneumoniae	False	0	79	gyrA,gyrB,parC
N68_1_4	Enterococcus_faecalis	False	0	72	gyrA,gyrB,parC,parE
N68_1_4	Enterococcus_faecium	False	0	77	gyrA,gyrB,parC,parE
N68_1_4	Escherichia_coli	False	0	30	gyrA,gyrB,parC,parE
N68_1_4	Klebsiella_oxytoca	False	0	14	gyrA,gyrB,parC,parE
N68_1_4	Klebsiella_pneumoniae	False	0	4	gyrA,gyrB,parE
N68_1_4	Pseudomonas_aeruginosa	False	0	8	gyrA,gyrB,parC,parE
N68_1_4	Staphylococcus_aureus	True	199	1594	gyrA,gyrB,parC,parE
N68_1_4	Streptococcus_mitis	False	0	4	gyrA,gyrB,parC,parE
N68_1_4	Streptococcus_oralis	False	0	66	gyrA,gyrB,parC,parE
N68_1_4	Streptococcus_pneumoniae	False	0	60	gyrA,gyrB,parC,parE
N68_2_2	Enterococcus_faecalis	False	0	0	gyrA,gyrB,parE
N68_2_2	Enterococcus_faecium	False	0	0	gyrA,gyrB,parC,parE
N68_2_2	Escherichia_coli	False	0	3	gyrA,gyrB,parC
N68_2_2	Klebsiella_oxytoca	False	0	0	gyrA,gyrB,parC
N68_2_2	Klebsiella_pneumoniae	False	0	3	gyrB
N68_2_2	Pseudomonas_aeruginosa	False	0	13	gyrA,gyrB,parC
N68_2_2	Staphylococcus_aureus	False	0	24	gyrA,gyrB,parC,parE
N68_2_2	Streptococcus_mitis	False	0	3	gyrA,gyrB,parC
N68_2_2	Streptococcus_oralis	False	0	12	gyrB,parC,parE
N68_2_2	Streptococcus_pneumoniae	False	0	3	gyrA,gyrB,parC,parE
N68_2_3	Enterococcus_faecalis	True	1	5	gyrA,gyrB,parC,parE
N68_2_3	Enterococcus_faecium	False	0	12	gyrA,parC
N68_2_3	Escherichia_coli	False	0	5	gyrA,parC
N68_2_3	Pseudomonas_aeruginosa	False	0	0	parE
N68_2_3	Staphylococcus_aureus	True	5	13	gyrA,gyrB,parC,parE
N68_2_3	Streptococcus_mitis	False	0	2	gyrA,gyrB,parC,parE
N68_2_3	Streptococcus_oralis	False	0	4	gyrA,gyrB,parC,parE
N68_2_3	Streptococcus_pneumoniae	False	0	8	gyrA,gyrB,parC,parE
N68_2_4	Enterococcus_faecalis	True	4	88	gyrA,gyrB,parC,parE
N68_2_4	Enterococcus_faecium	True	1	468	gyrA,gyrB,parC,parE
N68_2_4	Escherichia_coli	False	0	6	gyrA
N68_2_4	Staphylococcus_aureus	True	56	133	gyrA,gyrB,parC,parE
N68_2_4	Streptococcus_mitis	False	0	148	gyrA,gyrB,parC
N68_2_4	Streptococcus_oralis	False	0	222	gyrA,gyrB,parC
N68_2_4	Streptococcus_pneumoniae	False	0	146	gyrA,gyrB,parC
ZJH_N01_1_2	Enterococcus_faecium	False	0	0	gyrA,parE
ZJH_N01_1_2	Escherichia_coli	False	0	6	gyrA,gyrB,parC
ZJH_N01_1_2	Klebsiella_oxytoca	False	0	0	gyrA,gyrB,parC
ZJH_N01_1_2	Klebsiella_pneumoniae	False	0	3	gyrA,gyrB
ZJH_N01_1_2	Pseudomonas_aeruginosa	False	0	0	gyrA,gyrB,parC
ZJH_N01_1_2	Staphylococcus_aureus	False	0	8	gyrA,gyrB
ZJH_N01_1_2	Streptococcus_mitis	False	0	1	parE
ZJH_N01_1_2	Streptococcus_oralis	False	0	1	parC,parE
ZJH_N01_1_2	Streptococcus_pneumoniae	False	0	1	parE
ZJH_N01_1_3	Klebsiella_oxytoca	False	0	0	parC
ZJH_N01_1_4	Enterococcus_faecalis	False	0	0	gyrA,gyrB
ZJH_N01_1_4	Enterococcus_faecium	False	0	8	gyrA,gyrB,parC,parE
ZJH_N01_1_4	Escherichia_coli	False	0	13	gyrA,gyrB,parC,parE
ZJH_N01_1_4	Klebsiella_oxytoca	False	0	10	gyrA,gyrB,parC,parE
ZJH_N01_1_4	Klebsiella_pneumoniae	False	0	9	gyrA,gyrB,parE
ZJH_N01_1_4	Pseudomonas_aeruginosa	False	0	17	gyrA,gyrB,parE
ZJH_N01_1_4	Staphylococcus_aureus	True	1	13	gyrA,gyrB,parC,parE
ZJH_N01_1_4	Streptococcus_mitis	False	0	0	gyrA,gyrB
ZJH_N01_1_4	Streptococcus_oralis	False	0	0	gyrA,gyrB,parE
ZJH_N01_1_4	Streptococcus_pneumoniae	False	0	0	gyrA,gyrB
ZJH_N01_2_2	Enterococcus_faecalis	False	0	46	gyrA,gyrB,parC,parE
ZJH_N01_2_2	Enterococcus_faecium	False	0	19	gyrA,gyrB,parC,parE
ZJH_N01_2_2	Escherichia_coli	False	0	116	gyrA,gyrB,parC,parE
ZJH_N01_2_2	Klebsiella_oxytoca	False	0	4	gyrA,gyrB,parC,parE
ZJH_N01_2_2	Klebsiella_pneumoniae	False	0	100	gyrA,gyrB,parE
ZJH_N01_2_2	Pseudomonas_aeruginosa	False	0	261	gyrA,gyrB,parC,parE
ZJH_N01_2_2	Staphylococcus_aureus	False	0	149	gyrA,gyrB,parE
ZJH_N01_2_2	Streptococcus_mitis	True	33	271	gyrA,gyrB,parC,parE
ZJH_N01_2_2	Streptococcus_oralis	False	0	282	gyrA,gyrB,parC,parE
ZJH_N01_2_2	Streptococcus_pneumoniae	False	0	207	gyrA,gyrB,parC,parE
ZJH_N01_2_3	Enterococcus_faecalis	False	0	85	gyrA,gyrB,parC,parE
ZJH_N01_2_3	Enterococcus_faecium	False	0	15	gyrA,gyrB,parC,parE
ZJH_N01_2_3	Escherichia_coli	True	13	2313	gyrA,gyrB,parC,parE
ZJH_N01_2_3	Klebsiella_oxytoca	True	428	1885	gyrA,gyrB,parC,parE
ZJH_N01_2_3	Klebsiella_pneumoniae	True	127	1162	gyrA,gyrB,parE
ZJH_N01_2_3	Pseudomonas_aeruginosa	True	1	868	gyrA,gyrB,parC,parE
ZJH_N01_2_3	Staphylococcus_aureus	False	0	425	gyrA,gyrB,parC,parE
ZJH_N01_2_3	Streptococcus_mitis	True	2	18	gyrA,gyrB,parC,parE
ZJH_N01_2_3	Streptococcus_oralis	False	0	418	gyrA,gyrB,parE
ZJH_N01_2_3	Streptococcus_pneumoniae	False	0	229	gyrA,gyrB,parC,parE
ZJH_N01_2_4	Enterococcus_faecalis	False	0	0	gyrA,gyrB,parE
ZJH_N01_2_4	Enterococcus_faecium	True	1	25	gyrA,gyrB,parC,parE
ZJH_N01_2_4	Escherichia_coli	True	4	1027	gyrA,gyrB,parC,parE
ZJH_N01_2_4	Klebsiella_oxytoca	True	145	1191	gyrA,gyrB,parC,parE
ZJH_N01_2_4	Klebsiella_pneumoniae	True	110	579	gyrA,gyrB,parE
ZJH_N01_2_4	Pseudomonas_aeruginosa	True	12	142	gyrA,gyrB,parC,parE
ZJH_N01_2_4	Staphylococcus_aureus	False	0	0	parC
ZJH_N01_2_4	Streptococcus_mitis	False	0	10	gyrA,gyrB,parC,parE
ZJH_N01_2_4	Streptococcus_oralis	False	0	10	gyrA,gyrB,parE
ZJH_N01_2_4	Streptococcus_pneumoniae	False	0	10	gyrA,gyrB,parC,parE
ZJH_N02_1_2	Enterococcus_faecalis	False	0	8	gyrA,gyrB,parE
ZJH_N02_1_2	Enterococcus_faecium	False	0	6	gyrA,gyrB,parC,parE
ZJH_N02_1_2	Escherichia_coli	False	0	0	gyrB,parC
ZJH_N02_1_2	Klebsiella_oxytoca	False	0	0	gyrB
ZJH_N02_1_2	Klebsiella_pneumoniae	True	1	0	gyrA,gyrB
ZJH_N02_1_2	Pseudomonas_aeruginosa	False	0	4	gyrA,gyrB,parC,parE
ZJH_N02_1_2	Staphylococcus_aureus	True	90	386	gyrA,gyrB,parC,parE
ZJH_N02_1_2	Streptococcus_mitis	True	6	12	gyrA,gyrB,parC,parE
ZJH_N02_1_2	Streptococcus_oralis	True	5	16	gyrA,gyrB,parC,parE
ZJH_N02_1_2	Streptococcus_pneumoniae	False	0	14	gyrA,gyrB,parC,parE
ZJH_N02_1_3	Enterococcus_faecalis	False	0	10	gyrA,gyrB,parE
ZJH_N02_1_3	Enterococcus_faecium	False	0	15	gyrA,gyrB,parC,parE
ZJH_N02_1_3	Escherichia_coli	False	0	33	gyrA,gyrB,parC,parE
ZJH_N02_1_3	Klebsiella_oxytoca	False	0	2	gyrA,gyrB,parE
ZJH_N02_1_3	Klebsiella_pneumoniae	False	0	11	gyrA,gyrB,parE
ZJH_N02_1_3	Pseudomonas_aeruginosa	False	0	7	gyrA,gyrB,parC,parE
ZJH_N02_1_3	Staphylococcus_aureus	True	6	21	gyrA,gyrB,parC,parE
ZJH_N02_1_3	Streptococcus_mitis	False	0	3	gyrA,gyrB,parE
ZJH_N02_1_3	Streptococcus_oralis	False	0	3	gyrA,gyrB,parE
ZJH_N02_1_3	Streptococcus_pneumoniae	False	0	3	gyrA,gyrB,parE
ZJH_N02_1_4	Enterococcus_faecalis	False	0	0	gyrA,gyrB,parE
ZJH_N02_1_4	Enterococcus_faecium	False	0	4	gyrA,gyrB,parC
ZJH_N02_1_4	Escherichia_coli	False	0	0	gyrA,parC,parE
ZJH_N02_1_4	Klebsiella_oxytoca	False	0	0	parC,parE
ZJH_N02_1_4	Klebsiella_pneumoniae	True	1	0	gyrA,gyrB,parE
ZJH_N02_1_4	Pseudomonas_aeruginosa	False	0	0	gyrB
ZJH_N02_1_4	Staphylococcus_aureus	True	119	543	gyrA,gyrB,parC,parE
ZJH_N02_1_4	Streptococcus_mitis	False	0	0	gyrA,parC
ZJH_N02_1_4	Streptococcus_oralis	False	0	0	gyrA,parC
ZJH_N02_1_4	Streptococcus_pneumoniae	False	0	0	gyrA,parC
ZJH_N02_2_2	Enterococcus_faecalis	False	0	118	gyrA,gyrB,parE
ZJH_N02_2_2	Enterococcus_faecium	False	0	0	gyrA,gyrB,parC,parE
ZJH_N02_2_2	Escherichia_coli	False	0	162	gyrA,gyrB,parC,parE
ZJH_N02_2_2	Klebsiella_oxytoca	False	0	9	gyrA,gyrB,parC,parE
ZJH_N02_2_2	Klebsiella_pneumoniae	False	0	159	gyrA,gyrB,parE
ZJH_N02_2_2	Pseudomonas_aeruginosa	False	0	602	gyrA,gyrB,parC,parE
ZJH_N02_2_2	Staphylococcus_aureus	True	4	482	gyrA,gyrB,parC,parE
ZJH_N02_2_2	Streptococcus_mitis	False	0	0	gyrA,gyrB,parC
ZJH_N02_2_2	Streptococcus_oralis	False	0	427	gyrA,gyrB,parC
ZJH_N02_2_2	Streptococcus_pneumoniae	False	0	223	gyrA,gyrB,parC
ZJH_N02_2_3	Enterococcus_faecalis	False	0	4	gyrA,gyrB,parC,parE
ZJH_N02_2_3	Enterococcus_faecium	True	1	50	gyrA,gyrB,parC,parE
ZJH_N02_2_3	Escherichia_coli	False	0	2	gyrA,gyrB
ZJH_N02_2_3	Klebsiella_oxytoca	False	0	0	gyrA,gyrB,parC
ZJH_N02_2_3	Klebsiella_pneumoniae	False	0	2	gyrB,parE
ZJH_N02_2_3	Pseudomonas_aeruginosa	False	0	5	gyrA,gyrB
ZJH_N02_2_3	Staphylococcus_aureus	False	0	12	gyrA,gyrB,parC,parE
ZJH_N02_2_3	Streptococcus_mitis	False	0	0	gyrB,parC
ZJH_N02_2_3	Streptococcus_oralis	False	0	0	gyrB
ZJH_N02_2_3	Streptococcus_pneumoniae	False	0	0	gyrB,parC
ZJH_N02_2_4	Enterococcus_faecalis	False	0	184	gyrA,gyrB,parC,parE
ZJH_N02_2_4	Enterococcus_faecium	True	1	1520	gyrA,gyrB,parC,parE
ZJH_N02_2_4	Escherichia_coli	False	0	55	gyrA,gyrB,parC,parE
ZJH_N02_2_4	Klebsiella_oxytoca	False	0	0	gyrA,gyrB,parC,parE
ZJH_N02_2_4	Klebsiella_pneumoniae	True	1	46	gyrA,gyrB,parE
ZJH_N02_2_4	Pseudomonas_aeruginosa	False	0	47	gyrA,gyrB,parC,parE
ZJH_N02_2_4	Staphylococcus_aureus	True	803	4310	gyrA,gyrB,parC,parE
ZJH_N02_2_4	Streptococcus_mitis	False	0	24	gyrA,gyrB,parC,parE
ZJH_N02_2_4	Streptococcus_oralis	False	0	70	gyrA,gyrB,parC,parE
ZJH_N02_2_4	Streptococcus_pneumoniae	False	0	24	gyrA,gyrB,parC,parE
ZJH_N03_1_2	Enterococcus_faecalis	False	0	27	gyrA,gyrB,parC,parE
ZJH_N03_1_2	Enterococcus_faecium	False	0	20	gyrA,gyrB,parE
ZJH_N03_1_2	Escherichia_coli	False	0	9	gyrA,gyrB,parC,parE
ZJH_N03_1_2	Klebsiella_oxytoca	False	0	3	gyrA,gyrB,parC,parE
ZJH_N03_1_2	Klebsiella_pneumoniae	True	1	10	gyrA,gyrB,parE
ZJH_N03_1_2	Pseudomonas_aeruginosa	False	0	29	gyrA,gyrB,parC,parE
ZJH_N03_1_2	Staphylococcus_aureus	False	0	32	gyrA,gyrB,parC,parE
ZJH_N03_1_2	Streptococcus_mitis	True	37	262	gyrA,gyrB,parC,parE
ZJH_N03_1_2	Streptococcus_oralis	False	0	255	gyrA,gyrB,parC,parE
ZJH_N03_1_2	Streptococcus_pneumoniae	False	0	217	gyrA,gyrB,parC,parE
ZJH_N03_1_3	Enterococcus_faecalis	False	0	18	gyrA,gyrB,parE
ZJH_N03_1_3	Enterococcus_faecium	False	0	1	gyrA,gyrB,parE
ZJH_N03_1_3	Escherichia_coli	False	0	52	gyrA,gyrB,parC,parE
ZJH_N03_1_3	Klebsiella_oxytoca	False	0	14	gyrA,gyrB,parC,parE
ZJH_N03_1_3	Klebsiella_pneumoniae	False	0	31	gyrA,gyrB,parE
ZJH_N03_1_3	Pseudomonas_aeruginosa	False	0	170	gyrA,gyrB,parC,parE
ZJH_N03_1_3	Staphylococcus_aureus	False	0	51	gyrA,gyrB,parC,parE
ZJH_N03_1_3	Streptococcus_mitis	False	0	2	gyrA,gyrB,parC,parE
ZJH_N03_1_3	Streptococcus_oralis	False	0	4	gyrA,gyrB,parC,parE
ZJH_N03_1_3	Streptococcus_pneumoniae	False	0	4	gyrA,gyrB,parE
ZJH_N03_2_2	Enterococcus_faecalis	False	0	175	gyrA,gyrB,parC,parE
ZJH_N03_2_2	Enterococcus_faecium	False	0	27	gyrA,gyrB,parC,parE
ZJH_N03_2_2	Escherichia_coli	False	0	205	gyrA,gyrB,parC,parE
ZJH_N03_2_2	Klebsiella_oxytoca	False	0	10	gyrA,gyrB,parC,parE
ZJH_N03_2_2	Klebsiella_pneumoniae	False	0	195	gyrA,gyrB,parE
ZJH_N03_2_2	Pseudomonas_aeruginosa	False	0	920	gyrA,gyrB,parC,parE
ZJH_N03_2_2	Staphylococcus_aureus	False	0	549	gyrA,gyrB,parC,parE
ZJH_N03_2_2	Streptococcus_mitis	True	107	459	gyrA,gyrB,parC,parE
ZJH_N03_2_2	Streptococcus_oralis	False	0	948	gyrA,gyrB,parC,parE
ZJH_N03_2_2	Streptococcus_pneumoniae	False	0	542	gyrA,gyrB,parC,parE
ZJH_N03_2_4	Enterococcus_faecalis	False	0	2	gyrA,gyrB,parC
ZJH_N03_2_4	Enterococcus_faecium	False	0	12	gyrA,gyrB,parC,parE
ZJH_N03_2_4	Escherichia_coli	False	0	370	gyrA,gyrB,parC,parE
ZJH_N03_2_4	Klebsiella_oxytoca	False	0	454	gyrA,gyrB,parC,parE
ZJH_N03_2_4	Klebsiella_pneumoniae	True	2	241	gyrA,gyrB,parE
ZJH_N03_2_4	Pseudomonas_aeruginosa	True	3	222	gyrA,gyrB,parC,parE
ZJH_N03_2_4	Staphylococcus_aureus	False	0	0	gyrA
ZJH_N03_2_4	Streptococcus_mitis	False	0	1	gyrA,gyrB,parC,parE
ZJH_N03_2_4	Streptococcus_oralis	False	0	3	gyrA,gyrB,parC,parE
ZJH_N03_2_4	Streptococcus_pneumoniae	False	0	0	gyrA,gyrB,parC,parE
ZJH_N04_1_2	Enterococcus_faecalis	False	0	247	gyrA,gyrB,parE
ZJH_N04_1_2	Enterococcus_faecium	False	0	0	gyrA,parE
ZJH_N04_1_2	Escherichia_coli	False	0	548	gyrA,gyrB,parC,parE
ZJH_N04_1_2	Klebsiella_oxytoca	False	0	2	gyrA,gyrB,parE
ZJH_N04_1_2	Klebsiella_pneumoniae	False	0	543	gyrA,gyrB,parE
ZJH_N04_1_2	Pseudomonas_aeruginosa	False	0	2398	gyrA,gyrB,parE
ZJH_N04_1_2	Staphylococcus_aureus	True	1	896	gyrA,gyrB,parC,parE
ZJH_N04_1_2	Streptococcus_mitis	False	0	0	gyrA,gyrB
ZJH_N04_1_2	Streptococcus_oralis	False	0	749	gyrA,gyrB,parE
ZJH_N04_1_2	Streptococcus_pneumoniae	False	0	398	gyrA,gyrB,parE
ZJH_N04_1_3	Enterococcus_faecalis	False	0	7	gyrA,gyrB,parE
ZJH_N04_1_3	Enterococcus_faecium	False	0	6	gyrA,gyrB,parC,parE
ZJH_N04_1_3	Escherichia_coli	False	0	4	gyrA,gyrB
ZJH_N04_1_3	Klebsiella_oxytoca	False	0	0	gyrA,gyrB,parC
ZJH_N04_1_3	Klebsiella_pneumoniae	False	0	4	gyrB
ZJH_N04_1_3	Pseudomonas_aeruginosa	False	0	34	gyrA,gyrB,parC,parE
ZJH_N04_1_3	Staphylococcus_aureus	False	0	73	gyrA,gyrB,parC,parE
ZJH_N04_1_3	Streptococcus_mitis	False	0	0	gyrA,gyrB
ZJH_N04_1_3	Streptococcus_oralis	False	0	9	gyrA,gyrB,parE
ZJH_N04_1_3	Streptococcus_pneumoniae	False	0	3	gyrA,gyrB,parE
ZJH_N04_1_4	Enterococcus_faecalis	True	1	841	gyrA,gyrB,parC,parE
ZJH_N04_1_4	Enterococcus_faecium	True	26	6666	gyrA,gyrB,parC,parE
ZJH_N04_1_4	Escherichia_coli	True	1	4	gyrB,parC,parE
ZJH_N04_1_4	Klebsiella_oxytoca	False	0	0	gyrA,gyrB,parC,parE
ZJH_N04_1_4	Klebsiella_pneumoniae	False	0	0	gyrA,gyrB,parE
ZJH_N04_1_4	Pseudomonas_aeruginosa	False	0	0	gyrA,gyrB,parC
ZJH_N04_1_4	Staphylococcus_aureus	True	7	42	gyrA,gyrB,parC,parE
ZJH_N04_1_4	Streptococcus_mitis	False	0	39	gyrA,gyrB,parC,parE
ZJH_N04_1_4	Streptococcus_oralis	True	6	153	gyrA,gyrB,parC,parE
ZJH_N04_1_4	Streptococcus_pneumoniae	False	0	121	gyrA,gyrB,parC,parE
ZJH_N04_2_2	Enterococcus_faecalis	False	0	31	gyrA,gyrB,parE
ZJH_N04_2_2	Escherichia_coli	False	0	38	gyrA,gyrB,parC
ZJH_N04_2_2	Klebsiella_oxytoca	False	0	0	gyrA,gyrB
ZJH_N04_2_2	Klebsiella_pneumoniae	False	0	38	gyrB
ZJH_N04_2_2	Pseudomonas_aeruginosa	False	0	194	gyrA,gyrB,parC
ZJH_N04_2_2	Staphylococcus_aureus	True	1	106	gyrA,gyrB,parC,parE
ZJH_N04_2_2	Streptococcus_mitis	False	0	0	gyrA,gyrB
ZJH_N04_2_2	Streptococcus_oralis	False	0	96	gyrA,gyrB
ZJH_N04_2_2	Streptococcus_pneumoniae	False	0	60	gyrA,gyrB
ZJH_N04_2_3	Enterococcus_faecalis	False	0	56	gyrA,gyrB,parC,parE
ZJH_N04_2_3	Enterococcus_faecium	False	0	0	gyrA,gyrB,parC,parE
ZJH_N04_2_3	Escherichia_coli	False	0	172	gyrA,gyrB,parC,parE
ZJH_N04_2_3	Klebsiella_oxytoca	False	0	55	gyrA,gyrB,parC,parE
ZJH_N04_2_3	Klebsiella_pneumoniae	True	1	153	gyrA,gyrB,parE
ZJH_N04_2_3	Pseudomonas_aeruginosa	False	0	439	gyrA,gyrB,parC,parE
ZJH_N04_2_3	Staphylococcus_aureus	True	1	362	gyrA,gyrB,parC,parE
ZJH_N04_2_3	Streptococcus_mitis	False	0	0	gyrA,gyrB,parC
ZJH_N04_2_3	Streptococcus_oralis	False	0	193	gyrA,gyrB
ZJH_N04_2_3	Streptococcus_pneumoniae	False	0	108	gyrA,gyrB,parC
ZJH_N04_2_4	Enterococcus_faecalis	False	0	4	gyrA,gyrB,parC,parE
ZJH_N04_2_4	Enterococcus_faecium	True	1	76	gyrA,gyrB,parC,parE
ZJH_N04_2_4	Escherichia_coli	True	9	1079	gyrA,gyrB,parC,parE
ZJH_N04_2_4	Klebsiella_oxytoca	True	10	633	gyrA,gyrB,parC,parE
ZJH_N04_2_4	Klebsiella_pneumoniae	True	4	770	gyrA,gyrB,parE
ZJH_N04_2_4	Pseudomonas_aeruginosa	False	0	6	gyrA,gyrB,parC,parE
ZJH_N04_2_4	Staphylococcus_aureus	False	0	1	gyrA,gyrB,parC
ZJH_N04_2_4	Streptococcus_mitis	False	0	0	parC
ZJH_N04_2_4	Streptococcus_pneumoniae	False	0	0	parC
ZJH_N05_1_2	Enterococcus_faecalis	False	0	71	gyrA,gyrB,parE
ZJH_N05_1_2	Enterococcus_faecium	False	0	1	gyrA,gyrB,parC,parE
ZJH_N05_1_2	Escherichia_coli	False	0	203	gyrA,gyrB
ZJH_N05_1_2	Klebsiella_oxytoca	False	0	0	gyrA,gyrB
ZJH_N05_1_2	Klebsiella_pneumoniae	False	0	203	gyrA,gyrB
ZJH_N05_1_2	Pseudomonas_aeruginosa	False	0	718	gyrA,gyrB,parE
ZJH_N05_1_2	Staphylococcus_aureus	True	517	1947	gyrA,gyrB,parC,parE
ZJH_N05_1_2	Streptococcus_mitis	False	0	0	gyrA,gyrB,parC
ZJH_N05_1_2	Streptococcus_oralis	False	0	166	gyrA,gyrB,parC,parE
ZJH_N05_1_2	Streptococcus_pneumoniae	False	0	70	gyrA,gyrB,parC,parE
ZJH_N05_1_4	Enterococcus_faecalis	False	0	0	gyrA,gyrB,parE
ZJH_N05_1_4	Enterococcus_faecium	False	0	0	parC,parE
ZJH_N05_1_4	Escherichia_coli	False	0	8	gyrA,gyrB,parC,parE
ZJH_N05_1_4	Klebsiella_oxytoca	False	0	21	gyrA,gyrB,parC,parE
ZJH_N05_1_4	Klebsiella_pneumoniae	True	1	21	gyrA,gyrB,parE
ZJH_N05_1_4	Pseudomonas_aeruginosa	False	0	4	gyrB,parC,parE
ZJH_N05_1_4	Staphylococcus_aureus	False	0	0	gyrA,gyrB,parC,parE
ZJH_N05_1_4	Streptococcus_mitis	False	0	0	parC,parE
ZJH_N05_1_4	Streptococcus_oralis	False	0	0	gyrA,parC,parE
ZJH_N05_1_4	Streptococcus_pneumoniae	False	0	0	parE
ZJH_N05_2_2	Enterococcus_faecalis	False	0	191	gyrA,gyrB,parE
ZJH_N05_2_2	Enterococcus_faecium	False	0	0	gyrA,parE
ZJH_N05_2_2	Escherichia_coli	False	0	440	gyrA,gyrB
ZJH_N05_2_2	Klebsiella_oxytoca	False	0	0	gyrA,gyrB
ZJH_N05_2_2	Klebsiella_pneumoniae	False	0	440	gyrA,gyrB
ZJH_N05_2_2	Pseudomonas_aeruginosa	False	0	1580	gyrA,gyrB,parC,parE
ZJH_N05_2_2	Staphylococcus_aureus	True	3	1054	gyrA,gyrB,parC,parE
ZJH_N05_2_2	Streptococcus_mitis	False	0	0	gyrA,gyrB
ZJH_N05_2_2	Streptococcus_oralis	False	0	537	gyrA,gyrB
ZJH_N05_2_2	Streptococcus_pneumoniae	False	0	316	gyrA,gyrB
ZJH_N05_2_3	Enterococcus_faecalis	False	0	35	gyrA,gyrB,parE
ZJH_N05_2_3	Enterococcus_faecium	True	1	39	gyrA,gyrB,parC,parE
ZJH_N05_2_3	Escherichia_coli	False	0	101	gyrA,gyrB,parC,parE
ZJH_N05_2_3	Klebsiella_oxytoca	False	0	4	gyrA,gyrB,parC,parE
ZJH_N05_2_3	Klebsiella_pneumoniae	False	0	98	gyrA,gyrB,parE
ZJH_N05_2_3	Pseudomonas_aeruginosa	False	0	354	gyrA,gyrB,parC,parE
ZJH_N05_2_3	Staphylococcus_aureus	True	92	926	gyrA,gyrB,parC,parE
ZJH_N05_2_3	Streptococcus_mitis	False	0	0	gyrA,gyrB,parC
ZJH_N05_2_3	Streptococcus_oralis	False	0	120	gyrA,gyrB,parC,parE
ZJH_N05_2_3	Streptococcus_pneumoniae	False	0	66	gyrA,gyrB,parC,parE
ZJH_N05_2_4	Enterococcus_faecalis	True	3	277	gyrA,gyrB,parC,parE
ZJH_N05_2_4	Enterococcus_faecium	True	1	5978	gyrA,gyrB,parC,parE
ZJH_N05_2_4	Escherichia_coli	False	0	26	gyrA,gyrB
ZJH_N05_2_4	Klebsiella_oxytoca	False	0	0	gyrA,gyrB,parC
ZJH_N05_2_4	Klebsiella_pneumoniae	True	1	26	gyrA,gyrB
ZJH_N05_2_4	Pseudomonas_aeruginosa	False	0	64	gyrA,gyrB
ZJH_N05_2_4	Staphylococcus_aureus	True	185	704	gyrA,gyrB,parC,parE
ZJH_N05_2_4	Streptococcus_mitis	False	0	8	gyrA,gyrB,parC,parE
ZJH_N05_2_4	Streptococcus_oralis	True	1	34	gyrA,gyrB,parC,parE
ZJH_N05_2_4	Streptococcus_pneumoniae	False	0	26	gyrA,gyrB,parC,parE
ZJH_N06_1_2	Enterococcus_faecalis	False	0	7	gyrA,gyrB
ZJH_N06_1_2	Enterococcus_faecium	False	0	12	gyrA,gyrB,parE
ZJH_N06_1_2	Escherichia_coli	False	0	10	gyrA,gyrB,parC,parE
ZJH_N06_1_2	Klebsiella_oxytoca	False	0	2	gyrA,gyrB,parC,parE
ZJH_N06_1_2	Klebsiella_pneumoniae	False	0	9	gyrA,gyrB,parE
ZJH_N06_1_2	Pseudomonas_aeruginosa	False	0	23	gyrA,gyrB,parC
ZJH_N06_1_2	Staphylococcus_aureus	True	1	35	gyrA,gyrB,parC,parE
ZJH_N06_1_2	Streptococcus_mitis	True	2	2	gyrA,gyrB,parC,parE
ZJH_N06_1_2	Streptococcus_oralis	False	0	14	gyrA,gyrB,parC,parE
ZJH_N06_1_2	Streptococcus_pneumoniae	False	0	10	gyrA,gyrB,parE
ZJH_N06_1_3	Escherichia_coli	False	0	0	gyrB,parC
ZJH_N06_1_3	Klebsiella_oxytoca	False	0	0	gyrB,parC
ZJH_N06_1_3	Klebsiella_pneumoniae	False	0	0	gyrB,parE
ZJH_N06_1_3	Pseudomonas_aeruginosa	False	0	1	gyrA,gyrB
ZJH_N06_1_3	Staphylococcus_aureus	False	0	0	gyrB
ZJH_N06_1_3	Streptococcus_oralis	False	0	0	parE
ZJH_N06_1_3	Streptococcus_pneumoniae	False	0	0	parE
ZJH_N06_1_4	Enterococcus_faecium	False	0	0	parE
ZJH_N06_1_4	Klebsiella_oxytoca	False	0	0	parC
ZJH_N06_1_4	Klebsiella_pneumoniae	False	0	0	parE
ZJH_N06_2_2	Enterococcus_faecalis	False	0	20	gyrA,gyrB,parE
ZJH_N06_2_2	Enterococcus_faecium	False	0	0	gyrA,parE
ZJH_N06_2_2	Escherichia_coli	False	0	109	gyrA,gyrB
ZJH_N06_2_2	Klebsiella_oxytoca	False	0	0	gyrA,gyrB
ZJH_N06_2_2	Klebsiella_pneumoniae	False	0	109	gyrA,gyrB
ZJH_N06_2_2	Pseudomonas_aeruginosa	False	0	367	gyrA,gyrB,parC,parE
ZJH_N06_2_2	Staphylococcus_aureus	True	1	259	gyrA,gyrB,parC,parE
ZJH_N06_2_2	Streptococcus_mitis	False	0	0	gyrA,gyrB,parC,parE
ZJH_N06_2_2	Streptococcus_oralis	False	0	201	gyrA,gyrB,parC
ZJH_N06_2_2	Streptococcus_pneumoniae	False	0	136	gyrA,gyrB,parE
ZJH_N06_2_3	Enterococcus_faecalis	False	0	0	parC,parE
ZJH_N06_2_3	Enterococcus_faecium	False	0	0	gyrA,parE
ZJH_N06_2_3	Escherichia_coli	False	0	11	gyrA,gyrB
ZJH_N06_2_3	Klebsiella_oxytoca	False	0	0	gyrB
ZJH_N06_2_3	Klebsiella_pneumoniae	False	0	11	gyrA,gyrB
ZJH_N06_2_3	Pseudomonas_aeruginosa	False	0	8	gyrA,gyrB,parC,parE
ZJH_N06_2_3	Staphylococcus_aureus	False	0	3	gyrA,gyrB,parC
ZJH_N06_2_3	Streptococcus_mitis	False	0	0	parC,parE
ZJH_N06_2_3	Streptococcus_oralis	False	0	0	parE
ZJH_N06_2_3	Streptococcus_pneumoniae	False	0	0	parC,parE
ZJH_N06_2_4	Enterococcus_faecalis	False	0	138	gyrA,gyrB,parC,parE
ZJH_N06_2_4	Enterococcus_faecium	True	1	2872	gyrA,gyrB,parC,parE
ZJH_N06_2_4	Escherichia_coli	False	0	4	gyrA,gyrB,parC
ZJH_N06_2_4	Klebsiella_oxytoca	False	0	0	gyrA,gyrB
ZJH_N06_2_4	Klebsiella_pneumoniae	True	1	4	gyrA,gyrB
ZJH_N06_2_4	Pseudomonas_aeruginosa	False	0	12	gyrA,gyrB
ZJH_N06_2_4	Staphylococcus_aureus	True	313	1269	gyrA,gyrB,parC,parE
ZJH_N06_2_4	Streptococcus_mitis	True	4	4	gyrA,gyrB,parC,parE
ZJH_N06_2_4	Streptococcus_oralis	False	0	12	gyrA,gyrB,parC,parE
ZJH_N06_2_4	Streptococcus_pneumoniae	False	0	12	gyrA,gyrB,parC,parE
ZJH_N07_1_2	Enterococcus_faecalis	False	0	70	gyrA,gyrB,parE
ZJH_N07_1_2	Enterococcus_faecium	False	0	0	gyrA,gyrB,parC
ZJH_N07_1_2	Escherichia_coli	False	0	172	gyrA,gyrB,parC
ZJH_N07_1_2	Klebsiella_oxytoca	False	0	0	gyrA,gyrB
ZJH_N07_1_2	Klebsiella_pneumoniae	False	0	172	gyrB
ZJH_N07_1_2	Pseudomonas_aeruginosa	False	0	924	gyrA,gyrB,parE
ZJH_N07_1_2	Staphylococcus_aureus	True	26	655	gyrA,gyrB,parC,parE
ZJH_N07_1_2	Streptococcus_mitis	False	0	0	gyrA,gyrB
ZJH_N07_1_2	Streptococcus_oralis	False	0	303	gyrA,gyrB,parC
ZJH_N07_1_2	Streptococcus_pneumoniae	False	0	172	gyrA,gyrB,parC
ZJH_N07_1_3	Enterococcus_faecium	False	0	12	gyrB,parE
ZJH_N07_1_3	Escherichia_coli	False	0	0	parC
ZJH_N07_1_3	Klebsiella_pneumoniae	False	0	0	parE
ZJH_N07_1_3	Pseudomonas_aeruginosa	False	0	0	parC
ZJH_N07_1_3	Staphylococcus_aureus	False	0	0	gyrA
ZJH_N07_1_4	Enterococcus_faecalis	False	0	3	gyrA,gyrB
ZJH_N07_1_4	Enterococcus_faecium	False	0	0	parE
ZJH_N07_1_4	Escherichia_coli	False	0	0	parC
ZJH_N07_1_4	Klebsiella_oxytoca	False	0	0	parC
ZJH_N07_1_4	Staphylococcus_aureus	False	0	0	gyrB
ZJH_N07_1_4	Streptococcus_mitis	False	0	0	parC
ZJH_N07_2_3	Enterococcus_faecalis	False	0	6	gyrA,gyrB,parE
ZJH_N07_2_3	Escherichia_coli	True	3	306	gyrA,gyrB,parC,parE
ZJH_N07_2_3	Klebsiella_oxytoca	False	0	185	gyrA,gyrB,parC,parE
ZJH_N07_2_3	Klebsiella_pneumoniae	True	3	212	gyrA,gyrB,parE
ZJH_N07_2_3	Pseudomonas_aeruginosa	False	0	13	gyrA,gyrB,parC
ZJH_N07_2_3	Staphylococcus_aureus	False	0	0	gyrA
ZJH_N07_2_3	Streptococcus_mitis	False	0	0	gyrB
ZJH_N07_2_3	Streptococcus_oralis	False	0	0	gyrA,gyrB
ZJH_N07_2_3	Streptococcus_pneumoniae	False	0	0	gyrB
ZJH_N07_2_4	Escherichia_coli	True	1	671	gyrA,gyrB,parC,parE
ZJH_N07_2_4	Klebsiella_oxytoca	True	3	381	gyrA,gyrB,parC,parE
ZJH_N07_2_4	Klebsiella_pneumoniae	True	4	458	gyrA,gyrB,parE
ZJH_N07_2_4	Pseudomonas_aeruginosa	False	0	0	gyrA,gyrB,parC
ZJH_N07_2_4	Streptococcus_oralis	False	0	0	parC
ZJH_N08_1_2	Enterococcus_faecalis	False	0	187	gyrA,gyrB,parE
ZJH_N08_1_2	Enterococcus_faecium	False	0	3	gyrA,parC,parE
ZJH_N08_1_2	Escherichia_coli	False	0	274	gyrA,gyrB,parC
ZJH_N08_1_2	Klebsiella_oxytoca	False	0	8	gyrA,gyrB
ZJH_N08_1_2	Klebsiella_pneumoniae	False	0	273	gyrA,gyrB,parE
ZJH_N08_1_2	Pseudomonas_aeruginosa	False	0	1871	gyrA,gyrB,parC,parE
ZJH_N08_1_2	Staphylococcus_aureus	True	1	895	gyrA,gyrB,parC,parE
ZJH_N08_1_2	Streptococcus_mitis	False	0	0	gyrA,gyrB
ZJH_N08_1_2	Streptococcus_oralis	False	0	556	gyrA,gyrB
ZJH_N08_1_2	Streptococcus_pneumoniae	False	0	341	gyrA,gyrB
ZJH_N08_1_3	Enterococcus_faecium	False	0	0	gyrA
ZJH_N08_1_3	Escherichia_coli	False	0	4	gyrA,gyrB,parC,parE
ZJH_N08_1_3	Klebsiella_oxytoca	False	0	8	gyrA,gyrB,parC
ZJH_N08_1_3	Klebsiella_pneumoniae	True	1	0	gyrA,gyrB,parE
ZJH_N08_1_3	Pseudomonas_aeruginosa	False	0	4	gyrA,gyrB,parC,parE
ZJH_N08_1_3	Staphylococcus_aureus	True	1	109	gyrA,gyrB,parC,parE
ZJH_N08_1_3	Streptococcus_mitis	False	0	0	gyrA
ZJH_N08_1_3	Streptococcus_oralis	False	0	0	gyrA
ZJH_N08_1_3	Streptococcus_pneumoniae	False	0	0	parC
ZJH_N08_1_4	Escherichia_coli	False	0	0	parC
ZJH_N08_1_4	Klebsiella_oxytoca	False	0	0	parC
ZJH_N08_1_4	Klebsiella_pneumoniae	False	0	0	gyrA,parE
ZJH_N08_1_4	Pseudomonas_aeruginosa	False	0	0	parC
ZJH_N08_1_4	Staphylococcus_aureus	False	0	0	gyrA
ZJH_N08_1_4	Streptococcus_pneumoniae	False	0	0	gyrA
ZJH_N08_2_2	Enterococcus_faecalis	False	0	155	gyrA,gyrB,parE
ZJH_N08_2_2	Enterococcus_faecium	False	0	0	gyrA,gyrB,parC
ZJH_N08_2_2	Escherichia_coli	False	0	427	gyrA,gyrB,parC
ZJH_N08_2_2	Klebsiella_oxytoca	False	0	0	gyrA,gyrB
ZJH_N08_2_2	Klebsiella_pneumoniae	False	0	427	gyrA,gyrB
ZJH_N08_2_2	Pseudomonas_aeruginosa	False	0	1543	gyrA,gyrB,parE
ZJH_N08_2_2	Staphylococcus_aureus	True	5	649	gyrA,gyrB,parC,parE
ZJH_N08_2_2	Streptococcus_mitis	False	0	0	gyrA,gyrB
ZJH_N08_2_2	Streptococcus_oralis	False	0	567	gyrA,gyrB,parE
ZJH_N08_2_2	Streptococcus_pneumoniae	False	0	339	gyrA,gyrB,parE
ZJH_N08_2_3	Enterococcus_faecalis	False	0	4	gyrA,gyrB,parE
ZJH_N08_2_3	Enterococcus_faecium	False	0	0	gyrA,gyrB,parC,parE
ZJH_N08_2_3	Escherichia_coli	False	0	14	gyrA,gyrB,parC,parE
ZJH_N08_2_3	Klebsiella_oxytoca	False	0	0	gyrA,gyrB,parC,parE
ZJH_N08_2_3	Klebsiella_pneumoniae	False	0	14	gyrA,gyrB,parE
ZJH_N08_2_3	Pseudomonas_aeruginosa	False	0	44	gyrA,gyrB,parE
ZJH_N08_2_3	Staphylococcus_aureus	False	0	61	gyrA,gyrB,parC,parE
ZJH_N08_2_3	Streptococcus_mitis	False	0	0	gyrA,gyrB
ZJH_N08_2_3	Streptococcus_oralis	False	0	6	gyrA,gyrB,parC
ZJH_N08_2_3	Streptococcus_pneumoniae	False	0	0	gyrA,gyrB
ZJH_N08_2_4	Enterococcus_faecalis	False	0	10	gyrA,gyrB,parC,parE
ZJH_N08_2_4	Enterococcus_faecium	True	1	61	gyrA,gyrB,parC,parE
ZJH_N08_2_4	Escherichia_coli	False	0	0	gyrB,parC,parE
ZJH_N08_2_4	Klebsiella_oxytoca	False	0	0	parE
ZJH_N08_2_4	Klebsiella_pneumoniae	False	0	0	parE
ZJH_N08_2_4	Pseudomonas_aeruginosa	False	0	0	parE
ZJH_N08_2_4	Staphylococcus_aureus	True	185	1710	gyrA,gyrB,parC,parE
ZJH_N08_2_4	Streptococcus_mitis	False	0	0	parC
ZJH_N08_2_4	Streptococcus_oralis	False	0	3	gyrB,parC
ZJH_N08_2_4	Streptococcus_pneumoniae	False	0	3	gyrB,parC
ZJH_N09_1_2	Escherichia_coli	False	0	0	gyrB,parC
ZJH_N09_1_2	Klebsiella_oxytoca	False	0	0	gyrB,parC
ZJH_N09_1_2	Klebsiella_pneumoniae	False	0	0	gyrB
ZJH_N09_1_2	Pseudomonas_aeruginosa	False	0	0	gyrA,gyrB,parC
ZJH_N09_1_2	Staphylococcus_aureus	False	0	3	gyrA,gyrB,parC
ZJH_N09_1_2	Streptococcus_mitis	False	0	0	gyrB
ZJH_N09_1_2	Streptococcus_oralis	False	0	0	gyrB
ZJH_N09_1_2	Streptococcus_pneumoniae	False	0	0	gyrB
ZJH_N09_1_3	Enterococcus_faecium	False	0	8	gyrA,gyrB,parE
ZJH_N09_1_3	Escherichia_coli	False	0	0	gyrA,gyrB,parC
ZJH_N09_1_3	Klebsiella_oxytoca	False	0	0	gyrA,parC
ZJH_N09_1_3	Klebsiella_pneumoniae	False	0	0	gyrA
ZJH_N09_1_3	Pseudomonas_aeruginosa	False	0	6	gyrA,gyrB,parC,parE
ZJH_N09_1_3	Staphylococcus_aureus	False	0	4	gyrA,gyrB,parE
ZJH_N09_1_3	Streptococcus_oralis	False	0	0	gyrA
ZJH_N09_2_2	Enterococcus_faecalis	False	0	4	gyrA,gyrB,parE
ZJH_N09_2_2	Enterococcus_faecium	False	0	6	gyrB,parC
ZJH_N09_2_2	Escherichia_coli	False	0	9	gyrA,gyrB,parC
ZJH_N09_2_2	Klebsiella_oxytoca	False	0	2	gyrA,gyrB,parC
ZJH_N09_2_2	Klebsiella_pneumoniae	False	0	9	gyrA,gyrB
ZJH_N09_2_2	Pseudomonas_aeruginosa	False	0	12	gyrA,gyrB,parC,parE
ZJH_N09_2_2	Staphylococcus_aureus	True	44	482	gyrA,gyrB,parC,parE
ZJH_N09_2_2	Streptococcus_mitis	False	0	0	gyrA,gyrB,parC,parE
ZJH_N09_2_2	Streptococcus_oralis	False	0	18	gyrA,gyrB,parC,parE
ZJH_N09_2_2	Streptococcus_pneumoniae	False	0	12	gyrA,gyrB,parC,parE
ZJH_N09_2_4	Enterococcus_faecalis	True	1	28	gyrA,gyrB,parC,parE
ZJH_N09_2_4	Enterococcus_faecium	True	6	430	gyrA,gyrB,parC,parE
ZJH_N09_2_4	Escherichia_coli	True	5	496	gyrA,gyrB,parC,parE
ZJH_N09_2_4	Klebsiella_oxytoca	False	0	307	gyrA,gyrB,parC,parE
ZJH_N09_2_4	Klebsiella_pneumoniae	False	0	319	gyrA,gyrB,parE
ZJH_N09_2_4	Pseudomonas_aeruginosa	False	0	156	gyrA,gyrB,parC,parE
ZJH_N09_2_4	Staphylococcus_aureus	True	1	6	gyrA,gyrB,parC,parE
ZJH_N09_2_4	Streptococcus_mitis	False	0	1	gyrA
ZJH_N09_2_4	Streptococcus_oralis	False	0	2	gyrA
ZJH_N09_2_4	Streptococcus_pneumoniae	False	0	1	gyrA,parC
ZJH_N10_1_2	Enterococcus_faecium	False	0	0	gyrA
ZJH_N10_1_2	Escherichia_coli	False	0	1	gyrA,gyrB,parC
ZJH_N10_1_2	Klebsiella_oxytoca	False	0	5	gyrA,gyrB,parC
ZJH_N10_1_2	Klebsiella_pneumoniae	False	0	1	gyrA,gyrB
ZJH_N10_1_2	Pseudomonas_aeruginosa	False	0	8	gyrA,gyrB,parC,parE
ZJH_N10_1_2	Staphylococcus_aureus	False	0	10	gyrA,gyrB,parC
ZJH_N10_1_2	Streptococcus_mitis	False	0	0	parE
ZJH_N10_1_2	Streptococcus_oralis	False	0	0	parE
ZJH_N10_1_2	Streptococcus_pneumoniae	False	0	0	parE
ZJH_N10_1_4	Escherichia_coli	False	0	0	parC
ZJH_N10_1_4	Klebsiella_oxytoca	False	0	0	parC
ZJH_N10_1_4	Klebsiella_pneumoniae	False	0	0	gyrA
ZJH_N10_1_4	Pseudomonas_aeruginosa	False	0	0	parC
ZJH_N10_1_4	Streptococcus_mitis	False	0	0	parC
ZJH_N10_2_2	Enterococcus_faecalis	False	0	56	gyrA,gyrB,parC,parE
ZJH_N10_2_2	Enterococcus_faecium	False	0	0	gyrA,parC
ZJH_N10_2_2	Escherichia_coli	False	0	84	gyrA,gyrB,parC,parE
ZJH_N10_2_2	Klebsiella_oxytoca	False	0	0	gyrA,gyrB,parC,parE
ZJH_N10_2_2	Klebsiella_pneumoniae	False	0	83	gyrA,gyrB,parE
ZJH_N10_2_2	Pseudomonas_aeruginosa	False	0	379	gyrA,gyrB,parC,parE
ZJH_N10_2_2	Staphylococcus_aureus	True	1	245	gyrA,gyrB,parC,parE
ZJH_N10_2_2	Streptococcus_mitis	True	7	14	gyrA,gyrB,parC,parE
ZJH_N10_2_2	Streptococcus_oralis	True	4	140	gyrA,gyrB,parE
ZJH_N10_2_2	Streptococcus_pneumoniae	False	0	73	gyrA,gyrB,parC,parE
ZJH_N10_2_3	Enterococcus_faecalis	False	0	13	gyrA,gyrB,parE
ZJH_N10_2_3	Enterococcus_faecium	False	0	27	gyrA,gyrB,parC,parE
ZJH_N10_2_3	Escherichia_coli	True	3	280	gyrA,gyrB,parC,parE
ZJH_N10_2_3	Klebsiella_oxytoca	False	0	200	gyrA,gyrB,parC,parE
ZJH_N10_2_3	Klebsiella_pneumoniae	True	1	200	gyrA,gyrB,parE
ZJH_N10_2_3	Pseudomonas_aeruginosa	False	0	45	gyrA,gyrB,parC,parE
ZJH_N10_2_3	Staphylococcus_aureus	False	0	10	gyrA,gyrB,parC,parE
ZJH_N10_2_3	Streptococcus_mitis	True	4	7	gyrA,gyrB,parC
ZJH_N10_2_3	Streptococcus_oralis	False	0	3	gyrA,gyrB,parE
ZJH_N10_2_3	Streptococcus_pneumoniae	False	0	3	gyrA,gyrB
ZJH_N10_2_4	Enterococcus_faecium	False	0	2	parC
ZJH_N10_2_4	Escherichia_coli	True	2	520	gyrA,gyrB,parC,parE
ZJH_N10_2_4	Klebsiella_oxytoca	False	0	293	gyrA,gyrB,parC,parE
ZJH_N10_2_4	Klebsiella_pneumoniae	True	2	368	gyrA,gyrB,parE
ZJH_N10_2_4	Pseudomonas_aeruginosa	False	0	0	gyrA,parC,parE
ZJH_N10_2_4	Staphylococcus_aureus	True	1	2	gyrA,parC,parE
ZJH_N10_2_4	Streptococcus_mitis	False	0	0	gyrB
ZJH_N10_2_4	Streptococcus_oralis	False	0	0	gyrA,gyrB,parE
ZJH_N10_2_4	Streptococcus_pneumoniae	False	0	0	gyrB,parC,parE
ZJH_N11_1_2	Enterococcus_faecalis	False	0	3	gyrA,gyrB
ZJH_N11_1_2	Enterococcus_faecium	False	0	0	gyrA
ZJH_N11_1_2	Escherichia_coli	False	0	0	gyrB
ZJH_N11_1_2	Klebsiella_oxytoca	False	0	1	gyrA,gyrB,parC
ZJH_N11_1_2	Klebsiella_pneumoniae	False	0	0	gyrB
ZJH_N11_1_2	Pseudomonas_aeruginosa	False	0	2	gyrA,gyrB,parC,parE
ZJH_N11_1_2	Staphylococcus_aureus	True	2	63	gyrA,gyrB,parC,parE
ZJH_N11_1_2	Streptococcus_mitis	False	0	0	gyrB
ZJH_N11_1_2	Streptococcus_oralis	False	0	0	gyrB
ZJH_N11_1_2	Streptococcus_pneumoniae	False	0	0	gyrB
ZJH_N11_1_3	Enterococcus_faecalis	False	0	0	parC
ZJH_N11_1_3	Escherichia_coli	False	0	0	gyrB,parE
ZJH_N11_1_3	Klebsiella_oxytoca	False	0	0	gyrA,parE
ZJH_N11_1_3	Klebsiella_pneumoniae	False	0	0	parE
ZJH_N11_1_3	Pseudomonas_aeruginosa	False	0	0	gyrA,gyrB,parC,parE
ZJH_N11_1_3	Staphylococcus_aureus	False	0	0	gyrA
ZJH_N11_1_4	Enterococcus_faecium	False	0	0	gyrA
ZJH_N11_1_4	Escherichia_coli	False	0	5	gyrA,gyrB,parC,parE
ZJH_N11_1_4	Klebsiella_oxytoca	False	0	3	gyrA,gyrB,parC,parE
ZJH_N11_1_4	Klebsiella_pneumoniae	True	1	4	gyrA,gyrB,parE
ZJH_N11_1_4	Pseudomonas_aeruginosa	False	0	1	gyrB,parC
ZJH_N11_1_4	Staphylococcus_aureus	False	0	0	gyrA
ZJH_N11_1_4	Streptococcus_mitis	False	0	0	parE
ZJH_N11_1_4	Streptococcus_oralis	False	0	0	parE
ZJH_N11_2_2	Enterococcus_faecalis	False	0	8	gyrA,gyrB,parC,parE
ZJH_N11_2_2	Enterococcus_faecium	False	0	13	gyrA,parC,parE
ZJH_N11_2_2	Escherichia_coli	False	0	21	gyrA,gyrB,parE
ZJH_N11_2_2	Klebsiella_oxytoca	False	0	6	gyrA,gyrB,parC,parE
ZJH_N11_2_2	Klebsiella_pneumoniae	False	0	21	gyrA,gyrB,parE
ZJH_N11_2_2	Pseudomonas_aeruginosa	False	0	42	gyrA,gyrB,parC,parE
ZJH_N11_2_2	Staphylococcus_aureus	True	4	389	gyrA,gyrB,parC,parE
ZJH_N11_2_2	Streptococcus_mitis	True	7	7	gyrA,gyrB,parC,parE
ZJH_N11_2_2	Streptococcus_oralis	True	8	17	gyrA,gyrB,parC,parE
ZJH_N11_2_2	Streptococcus_pneumoniae	False	0	12	gyrA,gyrB,parC,parE
ZJH_N11_2_3	Enterococcus_faecium	False	0	0	parE
ZJH_N11_2_3	Escherichia_coli	False	0	5	gyrA,gyrB,parC
ZJH_N11_2_3	Klebsiella_oxytoca	False	0	0	gyrA,gyrB,parC
ZJH_N11_2_3	Klebsiella_pneumoniae	False	0	0	gyrA,gyrB
ZJH_N11_2_3	Pseudomonas_aeruginosa	False	0	4	gyrB,parC,parE
ZJH_N11_2_3	Staphylococcus_aureus	False	0	38	gyrA,gyrB,parC,parE
ZJH_N11_2_3	Streptococcus_mitis	False	0	0	parC
ZJH_N11_2_3	Streptococcus_pneumoniae	False	0	0	parC
ZJH_N11_2_4	Enterococcus_faecalis	False	0	6	gyrA,gyrB,parC,parE
ZJH_N11_2_4	Enterococcus_faecium	False	0	4	gyrB,parC,parE
ZJH_N11_2_4	Klebsiella_pneumoniae	True	1	0	gyrA
ZJH_N11_2_4	Pseudomonas_aeruginosa	False	0	0	parC
ZJH_N11_2_4	Staphylococcus_aureus	True	89	4981	gyrA,gyrB,parC,parE
ZJH_N11_2_4	Streptococcus_mitis	True	1	1	gyrA,gyrB,parC,parE
ZJH_N11_2_4	Streptococcus_oralis	True	2	2	gyrA,parC,parE
ZJH_N11_2_4	Streptococcus_pneumoniae	False	0	1	gyrA,gyrB,parC,parE
ZJH_N12_1_2	Enterococcus_faecalis	False	0	224	gyrA,gyrB,parE
ZJH_N12_1_2	Enterococcus_faecium	False	0	0	gyrA,gyrB,parC,parE
ZJH_N12_1_2	Escherichia_coli	False	0	279	gyrA,gyrB,parC
ZJH_N12_1_2	Klebsiella_oxytoca	False	0	0	gyrA,gyrB
ZJH_N12_1_2	Klebsiella_pneumoniae	False	0	279	gyrB
ZJH_N12_1_2	Pseudomonas_aeruginosa	False	0	1102	gyrA,gyrB,parC,parE
ZJH_N12_1_2	Staphylococcus_aureus	True	85	781	gyrA,gyrB,parC,parE
ZJH_N12_1_2	Streptococcus_mitis	False	0	0	gyrA,gyrB,parC
ZJH_N12_1_2	Streptococcus_oralis	False	0	456	gyrA,gyrB,parC
ZJH_N12_1_2	Streptococcus_pneumoniae	False	0	223	gyrA,gyrB,parC
ZJH_N12_1_3	Escherichia_coli	False	0	23	gyrA,gyrB,parC,parE
ZJH_N12_1_3	Klebsiella_oxytoca	False	0	9	gyrA,gyrB,parC,parE
ZJH_N12_1_3	Klebsiella_pneumoniae	True	1	9	gyrA,gyrB,parE
ZJH_N12_1_3	Pseudomonas_aeruginosa	False	0	17	gyrA,gyrB,parC,parE
ZJH_N12_1_3	Staphylococcus_aureus	False	0	2	gyrA,gyrB,parC,parE
ZJH_N12_1_4	Escherichia_coli	False	0	536	gyrA,gyrB,parC,parE
ZJH_N12_1_4	Klebsiella_oxytoca	False	0	332	gyrA,gyrB,parC,parE
ZJH_N12_1_4	Klebsiella_pneumoniae	True	2	343	gyrA,gyrB,parE
ZJH_N12_1_4	Pseudomonas_aeruginosa	False	0	0	gyrB,parC,parE
ZJH_N12_1_4	Staphylococcus_aureus	True	1	0	gyrA,gyrB,parC,parE
ZJH_N12_2_2	Enterococcus_faecalis	False	0	10	gyrA,gyrB,parE
ZJH_N12_2_2	Enterococcus_faecium	False	0	3	parE
ZJH_N12_2_2	Escherichia_coli	False	0	9	gyrA,gyrB,parC,parE
ZJH_N12_2_2	Klebsiella_oxytoca	False	0	3	gyrA,gyrB,parC,parE
ZJH_N12_2_2	Klebsiella_pneumoniae	False	0	9	gyrA,gyrB,parE
ZJH_N12_2_2	Pseudomonas_aeruginosa	False	0	5	gyrB,parC
ZJH_N12_2_2	Staphylococcus_aureus	False	0	1	gyrA,gyrB
ZJH_N12_2_2	Streptococcus_mitis	True	48	75	gyrA,gyrB,parC,parE
ZJH_N12_2_2	Streptococcus_oralis	True	13	30	gyrA,gyrB,parC,parE
ZJH_N12_2_2	Streptococcus_pneumoniae	False	0	26	gyrA,gyrB,parC,parE
ZJH_N12_2_4	Enterococcus_faecalis	False	0	3	gyrA,gyrB,parC,parE
ZJH_N12_2_4	Enterococcus_faecium	True	1	91	gyrA,gyrB,parC,parE
ZJH_N12_2_4	Escherichia_coli	True	3	487	gyrA,gyrB,parC,parE
ZJH_N12_2_4	Klebsiella_oxytoca	False	0	263	gyrA,gyrB,parC,parE
ZJH_N12_2_4	Klebsiella_pneumoniae	True	1	365	gyrA,gyrB,parE
ZJH_N12_2_4	Pseudomonas_aeruginosa	False	0	67	gyrA,gyrB,parC,parE
ZJH_N12_2_4	Staphylococcus_aureus	False	0	0	gyrA,gyrB,parC,parE
ZJH_N12_2_4	Streptococcus_mitis	True	1	6	gyrA,gyrB,parC,parE
ZJH_N12_2_4	Streptococcus_oralis	True	2	11	gyrA,gyrB,parC,parE
ZJH_N12_2_4	Streptococcus_pneumoniae	False	0	4	gyrA,gyrB,parC,parE
ZJH_N13_1_2	Enterococcus_faecium	False	0	0	gyrA,parC
ZJH_N13_1_2	Escherichia_coli	False	0	0	gyrB
ZJH_N13_1_2	Klebsiella_oxytoca	False	0	0	gyrB
ZJH_N13_1_2	Klebsiella_pneumoniae	False	0	0	gyrB
ZJH_N13_1_2	Pseudomonas_aeruginosa	False	0	5	gyrA,gyrB,parC,parE
ZJH_N13_1_2	Staphylococcus_aureus	True	1	84	gyrA,gyrB,parC,parE
ZJH_N13_1_2	Streptococcus_mitis	False	0	1	gyrA,gyrB,parC
ZJH_N13_1_2	Streptococcus_oralis	False	0	2	gyrA,gyrB
ZJH_N13_1_2	Streptococcus_pneumoniae	False	0	1	gyrA,gyrB,parC
ZJH_N13_1_3	Enterococcus_faecium	False	0	0	parE
ZJH_N13_1_3	Klebsiella_oxytoca	False	0	0	parE
ZJH_N13_1_3	Klebsiella_pneumoniae	False	0	0	parE
ZJH_N13_1_3	Pseudomonas_aeruginosa	False	0	0	gyrA,parC
ZJH_N13_1_3	Staphylococcus_aureus	False	0	3	gyrA,gyrB
ZJH_N13_1_4	Enterococcus_faecium	False	0	0	parE
ZJH_N13_1_4	Escherichia_coli	False	0	1	gyrA,gyrB,parC
ZJH_N13_1_4	Klebsiella_oxytoca	False	0	0	gyrB,parC,parE
ZJH_N13_1_4	Klebsiella_pneumoniae	False	0	0	gyrA,gyrB,parE
ZJH_N13_1_4	Pseudomonas_aeruginosa	False	0	0	parC
ZJH_N13_2_2	Enterococcus_faecalis	False	0	6	gyrA,gyrB,parE
ZJH_N13_2_2	Enterococcus_faecium	False	0	0	gyrA,parC
ZJH_N13_2_2	Escherichia_coli	False	0	69	gyrA,gyrB,parC,parE
ZJH_N13_2_2	Klebsiella_oxytoca	False	0	32	gyrA,gyrB,parC,parE
ZJH_N13_2_2	Klebsiella_pneumoniae	True	1	60	gyrA,gyrB,parE
ZJH_N13_2_2	Pseudomonas_aeruginosa	False	0	34	gyrA,gyrB,parC
ZJH_N13_2_2	Staphylococcus_aureus	False	0	26	gyrA,gyrB,parC,parE
ZJH_N13_2_2	Streptococcus_mitis	False	0	0	gyrB
ZJH_N13_2_2	Streptococcus_oralis	False	0	0	gyrB
ZJH_N13_2_2	Streptococcus_pneumoniae	False	0	0	gyrB
ZJH_N13_2_3	Enterococcus_faecalis	False	0	0	parE
ZJH_N13_2_3	Enterococcus_faecium	False	0	0	gyrB
ZJH_N13_2_3	Escherichia_coli	False	0	4	gyrA,gyrB,parC
ZJH_N13_2_3	Klebsiella_oxytoca	False	0	0	gyrA,parC
ZJH_N13_2_3	Klebsiella_pneumoniae	False	0	4	gyrA,gyrB
ZJH_N13_2_3	Pseudomonas_aeruginosa	False	0	4	gyrB,parC,parE
ZJH_N13_2_3	Staphylococcus_aureus	False	0	10	gyrA,gyrB,parC,parE
ZJH_N13_2_3	Streptococcus_oralis	False	0	6	gyrB
ZJH_N13_2_3	Streptococcus_pneumoniae	False	0	6	gyrB
ZJH_N13_2_4	Enterococcus_faecalis	True	1	9	gyrA,gyrB,parC,parE
ZJH_N13_2_4	Enterococcus_faecium	True	1	61	gyrA,gyrB,parE
ZJH_N13_2_4	Escherichia_coli	True	6	225	gyrA,gyrB,parC,parE
ZJH_N13_2_4	Klebsiella_oxytoca	False	0	102	gyrA,gyrB,parC,parE
ZJH_N13_2_4	Klebsiella_pneumoniae	True	5	153	gyrA,gyrB,parE
ZJH_N13_2_4	Pseudomonas_aeruginosa	False	0	0	gyrA,gyrB,parC
ZJH_N13_2_4	Staphylococcus_aureus	True	2	6	gyrA,gyrB,parC
ZJH_N13_2_4	Streptococcus_mitis	False	0	3	gyrA
ZJH_N13_2_4	Streptococcus_oralis	False	0	3	gyrA
ZJH_N13_2_4	Streptococcus_pneumoniae	False	0	3	gyrA
ZJH_N14_1_2	Enterococcus_faecalis	False	0	2	gyrA,gyrB,parE
ZJH_N14_1_2	Enterococcus_faecium	False	0	0	parE
ZJH_N14_1_2	Escherichia_coli	False	0	16	gyrA,gyrB
ZJH_N14_1_2	Klebsiella_oxytoca	False	0	0	gyrA,gyrB
ZJH_N14_1_2	Klebsiella_pneumoniae	False	0	16	gyrB
ZJH_N14_1_2	Pseudomonas_aeruginosa	False	0	21	gyrA,gyrB,parC
ZJH_N14_1_2	Staphylococcus_aureus	False	0	30	gyrA,gyrB,parC,parE
ZJH_N14_1_2	Streptococcus_mitis	False	0	0	gyrB
ZJH_N14_1_2	Streptococcus_oralis	False	0	42	gyrB
ZJH_N14_1_2	Streptococcus_pneumoniae	False	0	42	gyrB
ZJH_N14_1_3	Escherichia_coli	False	0	0	gyrB,parC
ZJH_N14_1_3	Klebsiella_oxytoca	False	0	0	gyrA,gyrB
ZJH_N14_1_3	Klebsiella_pneumoniae	False	0	0	gyrB
ZJH_N14_1_4	Enterococcus_faecalis	False	0	32	gyrA,gyrB,parE
ZJH_N14_1_4	Enterococcus_faecium	False	0	8	gyrA,gyrB,parC
ZJH_N14_1_4	Escherichia_coli	False	0	2	gyrA,gyrB,parC,parE
ZJH_N14_1_4	Klebsiella_oxytoca	False	0	0	gyrA,gyrB,parC,parE
ZJH_N14_1_4	Klebsiella_pneumoniae	True	1	1	gyrA,gyrB,parE
ZJH_N14_1_4	Pseudomonas_aeruginosa	False	0	0	parC
ZJH_N14_1_4	Staphylococcus_aureus	True	431	1912	gyrA,gyrB,parC,parE
ZJH_N14_1_4	Streptococcus_mitis	False	0	0	gyrA,gyrB,parE
ZJH_N14_1_4	Streptococcus_oralis	False	0	0	gyrA,parC
ZJH_N14_1_4	Streptococcus_pneumoniae	False	0	0	gyrA,parC,parE
ZJH_N14_2_2	Enterococcus_faecalis	False	0	58	gyrA,gyrB,parE
ZJH_N14_2_2	Enterococcus_faecium	False	0	0	gyrA,gyrB,parC
ZJH_N14_2_2	Escherichia_coli	False	0	159	gyrA,gyrB,parC,parE
ZJH_N14_2_2	Klebsiella_oxytoca	False	0	64	gyrA,gyrB,parC,parE
ZJH_N14_2_2	Klebsiella_pneumoniae	True	2	158	gyrA,gyrB,parE
ZJH_N14_2_2	Pseudomonas_aeruginosa	False	0	447	gyrA,gyrB,parC,parE
ZJH_N14_2_2	Staphylococcus_aureus	True	10	367	gyrA,gyrB,parC,parE
ZJH_N14_2_2	Streptococcus_mitis	False	0	14	gyrA,gyrB,parC,parE
ZJH_N14_2_2	Streptococcus_oralis	False	0	159	gyrA,gyrB,parC,parE
ZJH_N14_2_2	Streptococcus_pneumoniae	False	0	117	gyrA,gyrB,parC,parE
ZJH_N14_2_3	Enterococcus_faecalis	False	0	156	gyrA,gyrB,parE
ZJH_N14_2_3	Enterococcus_faecium	False	0	2	gyrA,gyrB,parC,parE
ZJH_N14_2_3	Escherichia_coli	False	0	182	gyrA,gyrB,parC,parE
ZJH_N14_2_3	Klebsiella_oxytoca	False	0	16	gyrA,gyrB,parC,parE
ZJH_N14_2_3	Klebsiella_pneumoniae	True	1	176	gyrA,gyrB,parE
ZJH_N14_2_3	Pseudomonas_aeruginosa	False	0	1062	gyrA,gyrB,parC,parE
ZJH_N14_2_3	Staphylococcus_aureus	True	5	361	gyrA,gyrB,parE
ZJH_N14_2_3	Streptococcus_mitis	False	0	2	gyrA,gyrB
ZJH_N14_2_3	Streptococcus_oralis	False	0	341	gyrA,gyrB
ZJH_N14_2_3	Streptococcus_pneumoniae	False	0	191	gyrA,gyrB
ZJH_N14_2_4	Enterococcus_faecalis	False	0	2	gyrA,gyrB
ZJH_N14_2_4	Enterococcus_faecium	False	0	15	gyrA,gyrB,parC,parE
ZJH_N14_2_4	Escherichia_coli	True	9	552	gyrA,gyrB,parC,parE
ZJH_N14_2_4	Klebsiella_oxytoca	True	6	350	gyrA,gyrB,parC,parE
ZJH_N14_2_4	Klebsiella_pneumoniae	True	7	411	gyrA,gyrB,parE
ZJH_N14_2_4	Pseudomonas_aeruginosa	False	0	0	gyrA,gyrB,parC
ZJH_N14_2_4	Staphylococcus_aureus	False	0	2	parC,parE
ZJH_N14_2_4	Streptococcus_mitis	False	0	0	parC
ZJH_N15_1_2	Enterococcus_faecalis	False	0	7	gyrA,gyrB,parE
ZJH_N15_1_2	Escherichia_coli	False	0	0	gyrA,gyrB
ZJH_N15_1_2	Klebsiella_oxytoca	False	0	2	gyrA,gyrB,parC
ZJH_N15_1_2	Klebsiella_pneumoniae	False	0	0	gyrA,gyrB
ZJH_N15_1_2	Pseudomonas_aeruginosa	False	0	3	gyrA,gyrB,parC,parE
ZJH_N15_1_2	Staphylococcus_aureus	False	0	3	gyrA,gyrB,parC,parE
ZJH_N15_1_2	Streptococcus_mitis	False	0	5	gyrA,gyrB,parC,parE
ZJH_N15_1_2	Streptococcus_oralis	False	0	10	gyrA,gyrB,parC,parE
ZJH_N15_1_2	Streptococcus_pneumoniae	False	0	9	gyrA,gyrB,parC,parE
ZJH_N15_1_4	Enterococcus_faecalis	True	5	239	gyrA,gyrB,parC,parE
ZJH_N15_1_4	Enterococcus_faecium	True	1	2739	gyrA,gyrB,parC,parE
ZJH_N15_1_4	Escherichia_coli	False	0	0	gyrA
ZJH_N15_1_4	Klebsiella_oxytoca	False	0	0	gyrA,gyrB
ZJH_N15_1_4	Klebsiella_pneumoniae	False	0	0	gyrA,gyrB
ZJH_N15_1_4	Pseudomonas_aeruginosa	False	0	0	gyrA,parC
ZJH_N15_1_4	Staphylococcus_aureus	True	13	3297	gyrA,gyrB,parC,parE
ZJH_N15_1_4	Streptococcus_mitis	True	3	39	gyrA,gyrB,parC,parE
ZJH_N15_1_4	Streptococcus_oralis	True	6	70	gyrA,gyrB,parC,parE
ZJH_N15_1_4	Streptococcus_pneumoniae	False	0	38	gyrA,gyrB,parC,parE
ZJH_N16_1_2	Enterococcus_faecalis	False	0	1	gyrA,gyrB,parE
ZJH_N16_1_2	Enterococcus_faecium	False	0	8	gyrA,gyrB,parE
ZJH_N16_1_2	Escherichia_coli	False	0	4	gyrA,gyrB,parC,parE
ZJH_N16_1_2	Klebsiella_oxytoca	False	0	5	gyrA,gyrB,parC,parE
ZJH_N16_1_2	Klebsiella_pneumoniae	False	0	5	gyrB,parE
ZJH_N16_1_2	Pseudomonas_aeruginosa	False	0	14	gyrA,gyrB,parE
ZJH_N16_1_2	Staphylococcus_aureus	False	0	7	gyrA,gyrB,parC,parE
ZJH_N16_1_2	Streptococcus_mitis	True	39	76	gyrA,gyrB,parC,parE
ZJH_N16_1_2	Streptococcus_oralis	False	0	40	gyrA,gyrB,parC,parE
ZJH_N16_1_2	Streptococcus_pneumoniae	False	0	31	gyrA,gyrB,parC,parE
ZJH_N16_1_3	Enterococcus_faecalis	False	0	3	gyrA,gyrB,parE
ZJH_N16_1_3	Enterococcus_faecium	False	0	0	gyrB,parC,parE
ZJH_N16_1_3	Escherichia_coli	False	0	2	gyrA,gyrB,parC
ZJH_N16_1_3	Klebsiella_oxytoca	False	0	1	gyrA,gyrB,parC,parE
ZJH_N16_1_3	Klebsiella_pneumoniae	False	0	0	gyrA,gyrB,parE
ZJH_N16_1_3	Pseudomonas_aeruginosa	False	0	7	gyrA,gyrB,parC,parE
ZJH_N16_1_3	Staphylococcus_aureus	False	0	1	gyrA,gyrB,parE
ZJH_N16_1_3	Streptococcus_mitis	True	41	56	gyrA,gyrB,parC,parE
ZJH_N16_1_3	Streptococcus_oralis	False	0	24	gyrA,gyrB,parC,parE
ZJH_N16_1_3	Streptococcus_pneumoniae	False	0	19	gyrA,gyrB,parC,parE
ZJH_N16_2_2	Enterococcus_faecalis	False	0	60	gyrA,gyrB,parE
ZJH_N16_2_2	Enterococcus_faecium	False	0	7	gyrA,gyrB,parC,parE
ZJH_N16_2_2	Escherichia_coli	False	0	36	gyrA,gyrB,parC,parE
ZJH_N16_2_2	Klebsiella_oxytoca	False	0	4	gyrA,gyrB,parC,parE
ZJH_N16_2_2	Klebsiella_pneumoniae	False	0	8	gyrA,gyrB,parE
ZJH_N16_2_2	Pseudomonas_aeruginosa	False	0	250	gyrA,gyrB,parC,parE
ZJH_N16_2_2	Staphylococcus_aureus	True	25	447	gyrA,gyrB,parC,parE
ZJH_N16_2_2	Streptococcus_mitis	True	7	15	gyrA,gyrB,parC,parE
ZJH_N16_2_2	Streptococcus_oralis	False	0	105	gyrA,gyrB,parC,parE
ZJH_N16_2_2	Streptococcus_pneumoniae	False	0	100	gyrA,gyrB,parC,parE
ZJH_N16_2_3	Enterococcus_faecalis	False	0	20	gyrA,gyrB,parC,parE
ZJH_N16_2_3	Enterococcus_faecium	False	0	8	gyrA,gyrB
ZJH_N16_2_3	Escherichia_coli	False	0	28	gyrA,gyrB,parC,parE
ZJH_N16_2_3	Klebsiella_oxytoca	False	0	2	gyrA,gyrB,parC,parE
ZJH_N16_2_3	Klebsiella_pneumoniae	True	1	24	gyrA,gyrB,parE
ZJH_N16_2_3	Pseudomonas_aeruginosa	False	0	100	gyrA,gyrB,parC
ZJH_N16_2_3	Staphylococcus_aureus	False	0	34	gyrA,gyrB,parC,parE
ZJH_N16_2_3	Streptococcus_mitis	False	0	2	gyrA,gyrB,parC,parE
ZJH_N16_2_3	Streptococcus_oralis	False	0	33	gyrA,gyrB,parE
ZJH_N16_2_3	Streptococcus_pneumoniae	False	0	11	gyrA,gyrB,parC,parE
ZJH_N16_2_4	Enterococcus_faecalis	False	0	33	gyrA,gyrB,parE
ZJH_N16_2_4	Enterococcus_faecium	False	0	0	gyrA,gyrB,parC,parE
ZJH_N16_2_4	Escherichia_coli	False	0	498	gyrA,gyrB,parC,parE
ZJH_N16_2_4	Klebsiella_oxytoca	False	0	283	gyrA,gyrB,parC,parE
ZJH_N16_2_4	Klebsiella_pneumoniae	True	2	341	gyrA,gyrB,parE
ZJH_N16_2_4	Pseudomonas_aeruginosa	False	0	54	gyrA,gyrB,parC,parE
ZJH_N16_2_4	Staphylococcus_aureus	True	4	24	gyrA,gyrB,parC,parE
ZJH_N16_2_4	Streptococcus_mitis	True	8	33	gyrA,gyrB,parC,parE
ZJH_N16_2_4	Streptococcus_oralis	True	11	66	gyrA,gyrB,parC,parE
ZJH_N16_2_4	Streptococcus_pneumoniae	False	0	56	gyrA,gyrB,parC,parE
ZJH_N17_1_2	Enterococcus_faecalis	False	0	413	gyrA,gyrB,parC,parE
ZJH_N17_1_2	Enterococcus_faecium	False	0	0	gyrA,parE
ZJH_N17_1_2	Escherichia_coli	False	0	619	gyrA,gyrB,parE
ZJH_N17_1_2	Klebsiella_oxytoca	False	0	17	gyrA,gyrB,parE
ZJH_N17_1_2	Klebsiella_pneumoniae	False	0	618	gyrA,gyrB,parE
ZJH_N17_1_2	Pseudomonas_aeruginosa	False	0	2443	gyrA,gyrB
ZJH_N17_1_2	Staphylococcus_aureus	False	0	1681	gyrA,gyrB,parC,parE
ZJH_N17_1_2	Streptococcus_mitis	False	0	0	gyrA,gyrB
ZJH_N17_1_2	Streptococcus_oralis	False	0	985	gyrA,gyrB,parE
ZJH_N17_1_2	Streptococcus_pneumoniae	False	0	692	gyrA,gyrB,parE
ZJH_N17_1_3	Escherichia_coli	False	0	0	gyrA
ZJH_N17_1_3	Klebsiella_oxytoca	False	0	0	parC
ZJH_N17_1_3	Klebsiella_pneumoniae	False	0	0	gyrA
ZJH_N17_1_3	Pseudomonas_aeruginosa	False	0	0	gyrA,parC,parE
ZJH_N17_1_3	Staphylococcus_aureus	False	0	3	gyrA,gyrB
ZJH_N17_1_4	Enterococcus_faecalis	False	0	959	gyrA,gyrB,parC,parE
ZJH_N17_1_4	Enterococcus_faecium	True	19	4517	gyrA,gyrB,parC,parE
ZJH_N17_1_4	Escherichia_coli	False	0	14	gyrA,gyrB,parC
ZJH_N17_1_4	Klebsiella_oxytoca	False	0	2	parC
ZJH_N17_1_4	Klebsiella_pneumoniae	False	0	6	gyrA,gyrB
ZJH_N17_1_4	Staphylococcus_aureus	False	0	34	gyrA,gyrB,parC,parE
ZJH_N17_1_4	Streptococcus_mitis	False	0	73	gyrA,gyrB,parC,parE
ZJH_N17_1_4	Streptococcus_oralis	False	0	190	gyrA,gyrB,parC,parE
ZJH_N17_1_4	Streptococcus_pneumoniae	False	0	160	gyrA,gyrB,parC,parE
ZJH_N17_2_2	Enterococcus_faecalis	False	0	1	gyrA,gyrB,parC,parE
ZJH_N17_2_2	Enterococcus_faecium	False	0	0	gyrA,gyrB,parC
ZJH_N17_2_2	Escherichia_coli	False	0	3	gyrA,gyrB,parC,parE
ZJH_N17_2_2	Klebsiella_oxytoca	False	0	2	gyrA,gyrB,parC,parE
ZJH_N17_2_2	Klebsiella_pneumoniae	False	0	5	gyrA,gyrB,parE
ZJH_N17_2_2	Pseudomonas_aeruginosa	False	0	75	gyrA,gyrB,parC,parE
ZJH_N17_2_2	Staphylococcus_aureus	True	6	154	gyrA,gyrB,parC,parE
ZJH_N17_2_2	Streptococcus_mitis	False	0	2	gyrA,gyrB,parC,parE
ZJH_N17_2_2	Streptococcus_oralis	False	0	20	gyrA,gyrB,parC,parE
ZJH_N17_2_2	Streptococcus_pneumoniae	False	0	18	gyrA,gyrB,parC,parE
ZJH_N17_2_3	Enterococcus_faecalis	False	0	0	gyrA,gyrB,parE
ZJH_N17_2_3	Enterococcus_faecium	False	0	0	gyrB,parC,parE
ZJH_N17_2_3	Escherichia_coli	False	0	9	gyrA,gyrB,parC,parE
ZJH_N17_2_3	Klebsiella_oxytoca	False	0	6	gyrA,gyrB,parC,parE
ZJH_N17_2_3	Klebsiella_pneumoniae	False	0	4	gyrA,gyrB,parE
ZJH_N17_2_3	Pseudomonas_aeruginosa	False	0	17	gyrA,gyrB,parC
ZJH_N17_2_3	Staphylococcus_aureus	False	0	4	gyrA,gyrB,parC,parE
ZJH_N17_2_3	Streptococcus_mitis	True	23	32	gyrA,gyrB,parC,parE
ZJH_N17_2_3	Streptococcus_oralis	False	0	4	gyrA,gyrB,parE
ZJH_N17_2_3	Streptococcus_pneumoniae	False	0	1	gyrA,gyrB,parC,parE
ZJH_N17_2_4	Enterococcus_faecalis	False	0	2	parE
ZJH_N17_2_4	Enterococcus_faecium	False	0	2	gyrA,gyrB,parC,parE
ZJH_N17_2_4	Escherichia_coli	True	15	549	gyrA,gyrB,parC,parE
ZJH_N17_2_4	Klebsiella_oxytoca	True	10	746	gyrA,gyrB,parC,parE
ZJH_N17_2_4	Klebsiella_pneumoniae	False	0	315	gyrA,gyrB,parE
ZJH_N17_2_4	Pseudomonas_aeruginosa	True	19	187	gyrA,gyrB,parC,parE
ZJH_N18_1_2	Enterococcus_faecalis	False	0	3	gyrA,gyrB,parE
ZJH_N18_1_2	Enterococcus_faecium	False	0	0	gyrA,gyrB,parC,parE
ZJH_N18_1_2	Escherichia_coli	False	0	10	gyrA,gyrB,parC,parE
ZJH_N18_1_2	Klebsiella_oxytoca	False	0	1	gyrA,gyrB,parC,parE
ZJH_N18_1_2	Klebsiella_pneumoniae	False	0	8	gyrA,gyrB,parE
ZJH_N18_1_2	Pseudomonas_aeruginosa	False	0	36	gyrA,gyrB,parC
ZJH_N18_1_2	Staphylococcus_aureus	True	23	186	gyrA,gyrB,parC,parE
ZJH_N18_1_2	Streptococcus_mitis	False	0	0	gyrA,gyrB,parC,parE
ZJH_N18_1_2	Streptococcus_oralis	False	0	3	gyrA,gyrB,parC,parE
ZJH_N18_1_2	Streptococcus_pneumoniae	False	0	3	gyrA,gyrB,parC,parE
ZJH_N18_1_3	Enterococcus_faecalis	False	0	7	gyrA,gyrB,parE
ZJH_N18_1_3	Enterococcus_faecium	False	0	0	parE
ZJH_N18_1_3	Escherichia_coli	False	0	15	gyrA,gyrB,parC,parE
ZJH_N18_1_3	Klebsiella_oxytoca	False	0	0	gyrA,gyrB,parC,parE
ZJH_N18_1_3	Klebsiella_pneumoniae	False	0	15	gyrA,gyrB,parE
ZJH_N18_1_3	Pseudomonas_aeruginosa	False	0	43	gyrA,gyrB,parC,parE
ZJH_N18_1_3	Staphylococcus_aureus	False	0	44	gyrA,gyrB,parC,parE
ZJH_N18_1_3	Streptococcus_mitis	False	0	0	gyrA,gyrB
ZJH_N18_1_3	Streptococcus_oralis	False	0	15	gyrA,gyrB
ZJH_N18_1_3	Streptococcus_pneumoniae	False	0	3	gyrA,gyrB
ZJH_N18_1_4	Enterococcus_faecalis	False	0	0	parC
ZJH_N18_1_4	Enterococcus_faecium	False	0	0	gyrA
ZJH_N18_1_4	Escherichia_coli	True	7	856	gyrA,gyrB,parC,parE
ZJH_N18_1_4	Klebsiella_oxytoca	True	3	530	gyrA,gyrB,parC,parE
ZJH_N18_1_4	Klebsiella_pneumoniae	True	7	637	gyrA,gyrB,parE
ZJH_N18_1_4	Pseudomonas_aeruginosa	False	0	86	gyrA,gyrB,parC,parE
ZJH_N18_1_4	Staphylococcus_aureus	False	0	0	gyrA
ZJH_N18_1_4	Streptococcus_mitis	True	2	3	gyrA,gyrB,parC
ZJH_N18_1_4	Streptococcus_oralis	False	0	2	gyrB
ZJH_N18_1_4	Streptococcus_pneumoniae	False	0	1	gyrB,parC
ZJH_N18_2_2	Enterococcus_faecalis	False	0	5	gyrA,gyrB,parE
ZJH_N18_2_2	Enterococcus_faecium	False	0	1	gyrA,gyrB,parE
ZJH_N18_2_2	Escherichia_coli	False	0	25	gyrA,gyrB,parC,parE
ZJH_N18_2_2	Klebsiella_oxytoca	False	0	11	gyrA,gyrB,parC,parE
ZJH_N18_2_2	Klebsiella_pneumoniae	True	1	29	gyrA,gyrB,parE
ZJH_N18_2_2	Pseudomonas_aeruginosa	False	0	48	gyrA,gyrB,parC,parE
ZJH_N18_2_2	Staphylococcus_aureus	True	11	71	gyrA,gyrB,parC,parE
ZJH_N18_2_2	Streptococcus_mitis	False	0	0	gyrA,gyrB,parC,parE
ZJH_N18_2_2	Streptococcus_oralis	False	0	31	gyrB,parC,parE
ZJH_N18_2_2	Streptococcus_pneumoniae	False	0	15	gyrB,parC,parE
ZJH_N18_2_3	Enterococcus_faecalis	True	1	106	gyrA,gyrB,parC,parE
ZJH_N18_2_3	Enterococcus_faecium	True	1	160	gyrA,gyrB,parC,parE
ZJH_N18_2_3	Escherichia_coli	False	0	390	gyrA,gyrB,parC,parE
ZJH_N18_2_3	Klebsiella_oxytoca	False	0	172	gyrA,gyrB,parC,parE
ZJH_N18_2_3	Klebsiella_pneumoniae	True	2	369	gyrA,gyrB,parE
ZJH_N18_2_3	Pseudomonas_aeruginosa	False	0	867	gyrA,gyrB,parE
ZJH_N18_2_3	Staphylococcus_aureus	False	0	534	gyrA,gyrB,parC,parE
ZJH_N18_2_3	Streptococcus_mitis	False	0	8	gyrA,gyrB
ZJH_N18_2_3	Streptococcus_oralis	False	0	326	gyrA,gyrB
ZJH_N18_2_3	Streptococcus_pneumoniae	False	0	233	gyrA,gyrB,parC,parE
ZJH_N18_2_4	Enterococcus_faecalis	False	0	36	gyrA,gyrB,parC,parE
ZJH_N18_2_4	Enterococcus_faecium	True	1	473	gyrA,gyrB,parC,parE
ZJH_N18_2_4	Escherichia_coli	False	0	143	gyrA,gyrB,parC,parE
ZJH_N18_2_4	Klebsiella_oxytoca	False	0	113	gyrA,gyrB,parC,parE
ZJH_N18_2_4	Klebsiella_pneumoniae	True	1	149	gyrA,gyrB,parE
ZJH_N18_2_4	Pseudomonas_aeruginosa	False	0	25	gyrA,gyrB,parC,parE
ZJH_N18_2_4	Staphylococcus_aureus	True	1	30	gyrA,gyrB,parC,parE
ZJH_N18_2_4	Streptococcus_mitis	True	166	327	gyrA,gyrB,parC,parE
ZJH_N18_2_4	Streptococcus_oralis	True	3	148	gyrA,gyrB,parC,parE
ZJH_N18_2_4	Streptococcus_pneumoniae	False	0	117	gyrA,gyrB,parC,parE
ZJH_N19_1_2	Enterococcus_faecalis	False	0	10	gyrA,gyrB,parE
ZJH_N19_1_2	Enterococcus_faecium	False	0	3	gyrA,gyrB,parC,parE
ZJH_N19_1_2	Escherichia_coli	False	0	19	gyrA,gyrB
ZJH_N19_1_2	Klebsiella_oxytoca	False	0	0	gyrA,gyrB
ZJH_N19_1_2	Klebsiella_pneumoniae	False	0	8	gyrA,gyrB
ZJH_N19_1_2	Pseudomonas_aeruginosa	False	0	8	gyrA,gyrB,parC,parE
ZJH_N19_1_2	Staphylococcus_aureus	True	363	3243	gyrA,gyrB,parC,parE
ZJH_N19_1_2	Streptococcus_mitis	False	0	0	gyrA,gyrB,parC,parE
ZJH_N19_1_2	Streptococcus_oralis	False	0	3	gyrA,gyrB,parC,parE
ZJH_N19_1_2	Streptococcus_pneumoniae	False	0	0	gyrA,gyrB,parC
ZJH_N19_1_3	Escherichia_coli	False	0	0	gyrB,parC
ZJH_N19_1_3	Klebsiella_oxytoca	False	0	0	gyrB
ZJH_N19_1_3	Klebsiella_pneumoniae	False	0	0	gyrB,parE
ZJH_N19_1_3	Pseudomonas_aeruginosa	False	0	0	gyrA,parC,parE
ZJH_N19_1_3	Staphylococcus_aureus	False	0	2	gyrA,gyrB
ZJH_N19_1_3	Streptococcus_oralis	False	0	0	gyrA,gyrB
ZJH_N19_1_3	Streptococcus_pneumoniae	False	0	0	gyrB
ZJH_N19_1_4	Enterococcus_faecium	False	0	0	parE
ZJH_N19_1_4	Escherichia_coli	False	0	0	gyrA,gyrB,parC,parE
ZJH_N19_1_4	Klebsiella_oxytoca	False	0	0	gyrA,gyrB,parC,parE
ZJH_N19_1_4	Klebsiella_pneumoniae	False	0	0	gyrA,gyrB,parE
ZJH_N19_1_4	Pseudomonas_aeruginosa	False	0	0	parC
ZJH_N19_1_4	Streptococcus_oralis	False	0	0	parE
ZJH_N19_1_4	Streptococcus_pneumoniae	False	0	0	parC,parE
ZJH_N19_2_2	Enterococcus_faecalis	False	0	5	gyrA,gyrB,parE
ZJH_N19_2_2	Enterococcus_faecium	False	0	0	gyrB,parE
ZJH_N19_2_2	Escherichia_coli	False	0	8	gyrA,gyrB,parC
ZJH_N19_2_2	Klebsiella_oxytoca	False	0	0	gyrA,gyrB
ZJH_N19_2_2	Klebsiella_pneumoniae	False	0	8	gyrA,gyrB
ZJH_N19_2_2	Pseudomonas_aeruginosa	False	0	77	gyrA,gyrB,parC
ZJH_N19_2_2	Staphylococcus_aureus	False	0	98	gyrA,gyrB,parC,parE
ZJH_N19_2_2	Streptococcus_mitis	False	0	0	gyrA,gyrB,parC,parE
ZJH_N19_2_2	Streptococcus_oralis	False	0	19	gyrA,gyrB,parC,parE
ZJH_N19_2_2	Streptococcus_pneumoniae	False	0	13	gyrA,gyrB,parE
ZJH_N19_2_4	Enterococcus_faecalis	False	0	2	gyrA,gyrB
ZJH_N19_2_4	Enterococcus_faecium	False	0	16	gyrA,gyrB,parC,parE
ZJH_N19_2_4	Escherichia_coli	False	0	2	gyrA,parC
ZJH_N19_2_4	Klebsiella_oxytoca	False	0	2	gyrA,parC,parE
ZJH_N19_2_4	Klebsiella_pneumoniae	False	0	0	gyrA,parE
ZJH_N19_2_4	Pseudomonas_aeruginosa	False	0	2	gyrB,parC
ZJH_N19_2_4	Streptococcus_mitis	False	0	0	gyrA,parC,parE
ZJH_N19_2_4	Streptococcus_oralis	False	0	2	gyrA,gyrB,parE
ZJH_N19_2_4	Streptococcus_pneumoniae	False	0	2	gyrA,gyrB,parC,parE
ZJH_N20_1_3	Enterococcus_faecalis	False	0	0	gyrA,gyrB
ZJH_N20_1_3	Enterococcus_faecium	False	0	0	parE
ZJH_N20_1_3	Escherichia_coli	False	0	1	gyrA,gyrB,parC
ZJH_N20_1_3	Klebsiella_oxytoca	False	0	2	gyrA,gyrB
ZJH_N20_1_3	Klebsiella_pneumoniae	False	0	1	gyrA,gyrB
ZJH_N20_1_3	Pseudomonas_aeruginosa	False	0	12	gyrA,gyrB,parC,parE
ZJH_N20_1_3	Staphylococcus_aureus	False	0	10	gyrA,gyrB,parC,parE
ZJH_N20_1_3	Streptococcus_oralis	False	0	6	gyrB
ZJH_N20_1_4	Enterococcus_faecalis	False	0	0	parC
ZJH_N20_1_4	Escherichia_coli	False	0	1	gyrA,gyrB,parC
ZJH_N20_1_4	Klebsiella_oxytoca	False	0	0	gyrB,parC
ZJH_N20_1_4	Klebsiella_pneumoniae	False	0	1	gyrA,gyrB
ZJH_N20_2_2	Enterococcus_faecalis	False	0	41	gyrA,gyrB,parC,parE
ZJH_N20_2_2	Enterococcus_faecium	True	1	13	gyrA,gyrB,parC,parE
ZJH_N20_2_2	Escherichia_coli	False	0	18	gyrA,gyrB,parC,parE
ZJH_N20_2_2	Klebsiella_oxytoca	False	0	7	gyrA,gyrB,parC
ZJH_N20_2_2	Klebsiella_pneumoniae	False	0	8	gyrA,gyrB,parE
ZJH_N20_2_2	Pseudomonas_aeruginosa	False	0	227	gyrA,gyrB,parC,parE
ZJH_N20_2_2	Staphylococcus_aureus	True	9	269	gyrA,gyrB,parC,parE
ZJH_N20_2_2	Streptococcus_mitis	True	25	56	gyrA,gyrB,parC,parE
ZJH_N20_2_2	Streptococcus_oralis	True	7	76	gyrA,gyrB,parC,parE
ZJH_N20_2_2	Streptococcus_pneumoniae	False	0	60	gyrA,gyrB,parC,parE
ZJH_N20_2_3	Enterococcus_faecalis	False	0	2	gyrA,gyrB,parC
ZJH_N20_2_3	Enterococcus_faecium	False	0	0	gyrA,gyrB,parC,parE
ZJH_N20_2_3	Escherichia_coli	False	0	1	gyrA,gyrB,parC
ZJH_N20_2_3	Klebsiella_oxytoca	False	0	0	gyrA,gyrB,parC
ZJH_N20_2_3	Klebsiella_pneumoniae	False	0	0	gyrB
ZJH_N20_2_3	Pseudomonas_aeruginosa	False	0	23	gyrA,gyrB,parC,parE
ZJH_N20_2_3	Staphylococcus_aureus	False	0	6	gyrA,gyrB,parC
ZJH_N20_2_3	Streptococcus_mitis	True	2	2	gyrA,gyrB,parC
ZJH_N20_2_3	Streptococcus_oralis	False	0	6	gyrA,gyrB
ZJH_N20_2_3	Streptococcus_pneumoniae	False	0	3	gyrA,gyrB,parC
ZJH_N20_2_4	Enterococcus_faecalis	False	0	263	gyrA,gyrB,parC,parE
ZJH_N20_2_4	Enterococcus_faecium	True	1	223	gyrA,gyrB,parC,parE
ZJH_N20_2_4	Escherichia_coli	True	2	1156	gyrA,gyrB,parC,parE
ZJH_N20_2_4	Klebsiella_oxytoca	False	0	126	gyrA,gyrB,parC,parE
ZJH_N20_2_4	Klebsiella_pneumoniae	True	2	782	gyrA,gyrB,parE
ZJH_N20_2_4	Pseudomonas_aeruginosa	True	1	2738	gyrA,gyrB,parC,parE
ZJH_N20_2_4	Staphylococcus_aureus	True	47	820	gyrA,gyrB,parC,parE
ZJH_N20_2_4	Streptococcus_mitis	True	2	6	gyrA,gyrB,parC,parE
ZJH_N20_2_4	Streptococcus_oralis	False	0	69	gyrA,gyrB,parC,parE
ZJH_N20_2_4	Streptococcus_pneumoniae	False	0	19	gyrA,gyrB,parC,parE
ZJH_N21_1_2	Enterococcus_faecalis	False	0	10	gyrA,gyrB,parC,parE
ZJH_N21_1_2	Enterococcus_faecium	False	0	0	gyrA,gyrB,parC,parE
ZJH_N21_1_2	Escherichia_coli	False	0	41	gyrA,gyrB,parC,parE
ZJH_N21_1_2	Klebsiella_oxytoca	False	0	15	gyrA,gyrB,parC,parE
ZJH_N21_1_2	Klebsiella_pneumoniae	True	1	34	gyrA,gyrB,parE
ZJH_N21_1_2	Pseudomonas_aeruginosa	False	0	83	gyrA,gyrB,parC,parE
ZJH_N21_1_2	Staphylococcus_aureus	True	129	519	gyrA,gyrB,parC,parE
ZJH_N21_1_2	Streptococcus_mitis	True	4	13	gyrA,gyrB,parC,parE
ZJH_N21_1_2	Streptococcus_oralis	False	0	35	gyrA,gyrB,parC,parE
ZJH_N21_1_2	Streptococcus_pneumoniae	False	0	28	gyrA,gyrB,parC,parE
ZJH_N21_1_4	Enterococcus_faecium	False	0	0	gyrA,gyrB
ZJH_N21_1_4	Escherichia_coli	False	0	0	gyrA,gyrB,parC
ZJH_N21_1_4	Klebsiella_oxytoca	False	0	0	gyrA,gyrB,parC,parE
ZJH_N21_1_4	Klebsiella_pneumoniae	False	0	0	gyrA,gyrB,parE
ZJH_N21_1_4	Pseudomonas_aeruginosa	False	0	0	parC
ZJH_N21_1_4	Staphylococcus_aureus	True	8	34	gyrA,gyrB,parC,parE
ZJH_N21_1_4	Streptococcus_pneumoniae	False	0	0	gyrA
ZJH_N21_2_2	Enterococcus_faecalis	False	0	45	gyrA,gyrB,parC,parE
ZJH_N21_2_2	Enterococcus_faecium	True	1	12	gyrA,gyrB,parC,parE
ZJH_N21_2_2	Escherichia_coli	False	0	13	gyrA,gyrB,parC,parE
ZJH_N21_2_2	Klebsiella_oxytoca	False	0	0	gyrA,gyrB,parC,parE
ZJH_N21_2_2	Klebsiella_pneumoniae	False	0	1	gyrA,gyrB,parE
ZJH_N21_2_2	Pseudomonas_aeruginosa	False	0	70	gyrA,gyrB,parC,parE
ZJH_N21_2_2	Staphylococcus_aureus	True	204	415	gyrA,gyrB,parC,parE
ZJH_N21_2_2	Streptococcus_mitis	True	18	21	gyrA,gyrB,parC,parE
ZJH_N21_2_2	Streptococcus_oralis	False	0	2	gyrA,gyrB,parE
ZJH_N21_2_2	Streptococcus_pneumoniae	False	0	3	gyrA,gyrB,parC,parE
ZJH_N21_2_4	Enterococcus_faecalis	False	0	65	gyrA,gyrB,parE
ZJH_N21_2_4	Enterococcus_faecium	True	1	60	gyrA,gyrB,parC,parE
ZJH_N21_2_4	Escherichia_coli	True	2	1250	gyrA,gyrB,parC,parE
ZJH_N21_2_4	Klebsiella_oxytoca	False	0	2059	gyrA,gyrB,parC,parE
ZJH_N21_2_4	Klebsiella_pneumoniae	True	1	1952	gyrA,gyrB,parE
ZJH_N21_2_4	Pseudomonas_aeruginosa	True	4	115	gyrA,gyrB,parC,parE
ZJH_N21_2_4	Staphylococcus_aureus	True	10	149	gyrA,gyrB,parC,parE
ZJH_N21_2_4	Streptococcus_mitis	True	26	66	gyrA,gyrB,parC,parE
ZJH_N21_2_4	Streptococcus_oralis	False	0	59	gyrA,gyrB,parC,parE
ZJH_N21_2_4	Streptococcus_pneumoniae	False	0	24	gyrA,gyrB,parC,parE
ZJH_N22_1_3	Enterococcus_faecalis	False	0	15	gyrA,gyrB,parC,parE
ZJH_N22_1_3	Enterococcus_faecium	True	1	145	gyrA,gyrB,parC,parE
ZJH_N22_1_3	Escherichia_coli	True	5	936	gyrA,gyrB,parC,parE
ZJH_N22_1_3	Klebsiella_oxytoca	False	0	1323	gyrA,gyrB,parC,parE
ZJH_N22_1_3	Klebsiella_pneumoniae	False	0	1457	gyrA,gyrB,parE
ZJH_N22_1_3	Pseudomonas_aeruginosa	False	0	182	gyrA,gyrB,parC,parE
ZJH_N22_1_3	Staphylococcus_aureus	True	4	103	gyrA,gyrB,parC,parE
ZJH_N22_1_3	Streptococcus_mitis	False	0	23	gyrA,gyrB,parC,parE
ZJH_N22_1_3	Streptococcus_oralis	False	0	17	gyrA,gyrB,parC,parE
ZJH_N22_1_3	Streptococcus_pneumoniae	False	0	7	gyrA,gyrB,parC,parE
ZJH_N22_1_4	Enterococcus_faecalis	False	0	0	gyrA,gyrB,parC,parE
ZJH_N22_1_4	Enterococcus_faecium	True	1	30	gyrA,gyrB,parC,parE
ZJH_N22_1_4	Escherichia_coli	True	7	1625	gyrA,gyrB,parC,parE
ZJH_N22_1_4	Klebsiella_oxytoca	True	5	2469	gyrA,gyrB,parC,parE
ZJH_N22_1_4	Klebsiella_pneumoniae	False	0	2593	gyrA,gyrB,parE
ZJH_N22_1_4	Pseudomonas_aeruginosa	False	0	108	gyrA,gyrB,parC,parE
ZJH_N22_1_4	Staphylococcus_aureus	True	12	93	gyrA,gyrB,parC,parE
ZJH_N22_1_4	Streptococcus_mitis	False	0	1	gyrA,parC,parE
ZJH_N22_1_4	Streptococcus_oralis	False	0	10	gyrA,gyrB,parE
ZJH_N22_1_4	Streptococcus_pneumoniae	False	0	1	gyrA,parC,parE
ZJH_N22_2_2	Enterococcus_faecalis	False	0	263	gyrA,gyrB,parC,parE
ZJH_N22_2_2	Enterococcus_faecium	False	0	2	gyrA,gyrB,parC
ZJH_N22_2_2	Escherichia_coli	False	0	293	gyrA,gyrB,parC,parE
ZJH_N22_2_2	Klebsiella_oxytoca	False	0	35	gyrA,gyrB,parC,parE
ZJH_N22_2_2	Klebsiella_pneumoniae	False	0	300	gyrA,gyrB,parE
ZJH_N22_2_2	Pseudomonas_aeruginosa	False	0	1399	gyrA,gyrB,parC,parE
ZJH_N22_2_2	Staphylococcus_aureus	True	24	1248	gyrA,gyrB,parC,parE
ZJH_N22_2_2	Streptococcus_mitis	False	0	0	gyrA,gyrB
ZJH_N22_2_2	Streptococcus_oralis	False	0	568	gyrA,gyrB,parC
ZJH_N22_2_2	Streptococcus_pneumoniae	False	0	320	gyrA,gyrB,parC
ZJH_N22_2_3	Enterococcus_faecalis	False	0	188	gyrA,gyrB,parC,parE
ZJH_N22_2_3	Enterococcus_faecium	True	1	441	gyrA,gyrB,parC,parE
ZJH_N22_2_3	Escherichia_coli	False	0	149	gyrA,gyrB,parC,parE
ZJH_N22_2_3	Klebsiella_oxytoca	False	0	9	gyrA,gyrB,parC,parE
ZJH_N22_2_3	Klebsiella_pneumoniae	False	0	155	gyrA,gyrB,parE
ZJH_N22_2_3	Pseudomonas_aeruginosa	False	0	667	gyrA,gyrB,parC,parE
ZJH_N22_2_3	Staphylococcus_aureus	True	5	478	gyrA,gyrB,parC,parE
ZJH_N22_2_3	Streptococcus_mitis	False	0	2	gyrA,gyrB,parE
ZJH_N22_2_3	Streptococcus_oralis	False	0	334	gyrA,gyrB,parE
ZJH_N22_2_3	Streptococcus_pneumoniae	False	0	212	gyrA,gyrB,parC,parE
ZJH_N22_2_4	Enterococcus_faecalis	False	0	9	gyrA,gyrB,parC,parE
ZJH_N22_2_4	Enterococcus_faecium	True	1	322	gyrA,gyrB,parC,parE
ZJH_N22_2_4	Escherichia_coli	False	0	2	gyrB
ZJH_N22_2_4	Klebsiella_pneumoniae	False	0	0	parE
ZJH_N22_2_4	Pseudomonas_aeruginosa	False	0	0	parC
ZJH_N22_2_4	Streptococcus_mitis	False	0	0	parC
ZJH_N22_2_4	Streptococcus_oralis	False	0	0	gyrB
ZJH_N22_2_4	Streptococcus_pneumoniae	False	0	0	gyrB,parC
ZJH_N23_1_2	Enterococcus_faecalis	False	0	3	gyrA,gyrB,parE
ZJH_N23_1_2	Enterococcus_faecium	False	0	0	gyrA,gyrB,parC,parE
ZJH_N23_1_2	Escherichia_coli	False	0	14	gyrA,gyrB
ZJH_N23_1_2	Klebsiella_oxytoca	False	0	3	gyrA,gyrB
ZJH_N23_1_2	Klebsiella_pneumoniae	False	0	14	gyrA,gyrB
ZJH_N23_1_2	Pseudomonas_aeruginosa	False	0	16	gyrA,gyrB,parC,parE
ZJH_N23_1_2	Staphylococcus_aureus	True	1	412	gyrA,gyrB,parC,parE
ZJH_N23_1_2	Streptococcus_mitis	False	0	0	gyrA,gyrB,parC
ZJH_N23_1_2	Streptococcus_oralis	False	0	7	gyrA,gyrB
ZJH_N23_1_2	Streptococcus_pneumoniae	False	0	4	gyrA,gyrB,parC
ZJH_N23_1_3	Enterococcus_faecalis	False	0	0	gyrA,gyrB
ZJH_N23_1_3	Enterococcus_faecium	False	0	0	parC
ZJH_N23_1_3	Escherichia_coli	False	0	4	gyrA,gyrB,parC,parE
ZJH_N23_1_3	Klebsiella_oxytoca	False	0	4	gyrA,gyrB,parC,parE
ZJH_N23_1_3	Klebsiella_pneumoniae	False	0	4	gyrB,parE
ZJH_N23_1_3	Pseudomonas_aeruginosa	False	0	5	gyrA,gyrB,parC,parE
ZJH_N23_1_3	Staphylococcus_aureus	True	1	3	gyrA,gyrB,parE
ZJH_N23_1_3	Streptococcus_mitis	False	0	1	gyrA,gyrB
ZJH_N23_1_3	Streptococcus_oralis	False	0	4	gyrA,gyrB
ZJH_N23_1_3	Streptococcus_pneumoniae	False	0	4	gyrA,gyrB
ZJH_N23_1_4	Enterococcus_faecalis	False	0	26	gyrA,gyrB,parE
ZJH_N23_1_4	Enterococcus_faecium	True	1	48	gyrA,gyrB,parC,parE
ZJH_N23_1_4	Escherichia_coli	False	0	32	gyrA,gyrB,parC,parE
ZJH_N23_1_4	Klebsiella_oxytoca	False	0	32	gyrA,gyrB,parC,parE
ZJH_N23_1_4	Klebsiella_pneumoniae	True	1	25	gyrA,gyrB,parE
ZJH_N23_1_4	Pseudomonas_aeruginosa	False	0	24	gyrA,gyrB,parC,parE
ZJH_N23_1_4	Staphylococcus_aureus	False	0	21	gyrA,gyrB,parC,parE
ZJH_N23_1_4	Streptococcus_mitis	False	0	0	gyrA,parC,parE
ZJH_N23_1_4	Streptococcus_oralis	False	0	7	gyrA,gyrB,parE
ZJH_N23_1_4	Streptococcus_pneumoniae	False	0	3	gyrA,gyrB,parC,parE
ZJH_N23_2_2	Enterococcus_faecalis	False	0	63	gyrA,gyrB,parE
ZJH_N23_2_2	Enterococcus_faecium	False	0	2	gyrA,parE
ZJH_N23_2_2	Escherichia_coli	False	0	219	gyrA,gyrB,parC,parE
ZJH_N23_2_2	Klebsiella_oxytoca	False	0	2	gyrA,gyrB,parC,parE
ZJH_N23_2_2	Klebsiella_pneumoniae	True	1	219	gyrA,gyrB,parE
ZJH_N23_2_2	Pseudomonas_aeruginosa	False	0	519	gyrA,gyrB,parC,parE
ZJH_N23_2_2	Staphylococcus_aureus	True	3	258	gyrA,gyrB,parC,parE
ZJH_N23_2_2	Streptococcus_mitis	False	0	0	gyrA,gyrB,parC
ZJH_N23_2_2	Streptococcus_oralis	False	0	127	gyrA,gyrB,parE
ZJH_N23_2_2	Streptococcus_pneumoniae	False	0	85	gyrA,gyrB,parC
ZJH_N23_2_3	Enterococcus_faecium	False	0	0	gyrB
ZJH_N23_2_3	Escherichia_coli	True	3	501	gyrA,gyrB,parC,parE
ZJH_N23_2_3	Klebsiella_oxytoca	False	0	358	gyrA,gyrB,parC,parE
ZJH_N23_2_3	Klebsiella_pneumoniae	True	1	398	gyrA,gyrB,parE
ZJH_N23_2_3	Pseudomonas_aeruginosa	False	0	30	gyrA,gyrB,parC,parE
ZJH_N23_2_3	Staphylococcus_aureus	False	0	2	gyrA,gyrB,parE
ZJH_N23_2_3	Streptococcus_mitis	False	0	0	gyrB
ZJH_N23_2_3	Streptococcus_oralis	False	0	0	gyrA,gyrB
ZJH_N23_2_3	Streptococcus_pneumoniae	False	0	0	gyrB
ZJH_N23_2_4	Enterococcus_faecalis	False	0	1	gyrA,gyrB,parC,parE
ZJH_N23_2_4	Enterococcus_faecium	False	0	2	gyrA,gyrB,parC,parE
ZJH_N23_2_4	Escherichia_coli	True	7	2501	gyrA,gyrB,parC,parE
ZJH_N23_2_4	Klebsiella_oxytoca	False	0	326	gyrA,gyrB,parC,parE
ZJH_N23_2_4	Klebsiella_pneumoniae	True	1	1544	gyrA,gyrB,parE
ZJH_N23_2_4	Pseudomonas_aeruginosa	False	0	5051	gyrA,gyrB,parC,parE
ZJH_N23_2_4	Staphylococcus_aureus	False	0	31	gyrA,gyrB,parE
ZJH_N23_2_4	Streptococcus_mitis	False	0	1	gyrA,gyrB,parC,parE
ZJH_N23_2_4	Streptococcus_oralis	False	0	11	gyrA,gyrB,parE
ZJH_N23_2_4	Streptococcus_pneumoniae	False	0	2	gyrA,gyrB,parC,parE
ZJH_N24_1_2	Enterococcus_faecalis	False	0	12	gyrA,gyrB
ZJH_N24_1_2	Enterococcus_faecium	False	0	0	gyrB,parC
ZJH_N24_1_2	Escherichia_coli	False	0	1	gyrA,gyrB
ZJH_N24_1_2	Klebsiella_oxytoca	False	0	10	gyrB,parE
ZJH_N24_1_2	Klebsiella_pneumoniae	False	0	11	gyrA,gyrB,parE
ZJH_N24_1_2	Pseudomonas_aeruginosa	False	0	0	gyrA,gyrB,parC
ZJH_N24_1_2	Staphylococcus_aureus	True	1	156	gyrA,gyrB,parC,parE
ZJH_N24_1_2	Streptococcus_mitis	False	0	0	gyrB,parC
ZJH_N24_1_2	Streptococcus_oralis	False	0	6	gyrA,gyrB
ZJH_N24_1_2	Streptococcus_pneumoniae	False	0	6	gyrA,gyrB,parC
ZJH_N24_1_3	Escherichia_coli	False	0	0	gyrA
ZJH_N24_1_3	Klebsiella_oxytoca	False	0	6	gyrA
ZJH_N24_1_3	Pseudomonas_aeruginosa	False	0	0	gyrA,parC,parE
ZJH_N24_1_3	Staphylococcus_aureus	False	0	0	gyrB
ZJH_N24_1_4	Enterococcus_faecalis	False	0	24	gyrA,gyrB,parC,parE
ZJH_N24_1_4	Enterococcus_faecium	False	0	3	gyrA,gyrB,parC,parE
ZJH_N24_1_4	Escherichia_coli	False	0	1	gyrA,gyrB,parC,parE
ZJH_N24_1_4	Klebsiella_oxytoca	False	0	0	gyrA,gyrB,parC,parE
ZJH_N24_1_4	Klebsiella_pneumoniae	False	0	0	gyrA,gyrB,parE
ZJH_N24_1_4	Pseudomonas_aeruginosa	False	0	30	gyrA,gyrB,parC,parE
ZJH_N24_1_4	Staphylococcus_aureus	True	11	1615	gyrA,gyrB,parC,parE
ZJH_N24_1_4	Streptococcus_mitis	True	4	15	gyrA,parC,parE
ZJH_N24_1_4	Streptococcus_oralis	True	4	15	gyrA,gyrB,parC,parE
ZJH_N24_1_4	Streptococcus_pneumoniae	False	0	13	gyrA,gyrB,parC,parE
ZJH_N24_2_2	Enterococcus_faecium	False	0	0	gyrB
ZJH_N24_2_2	Escherichia_coli	False	0	2	gyrA,gyrB,parC,parE
ZJH_N24_2_2	Klebsiella_oxytoca	False	0	2	gyrB,parC,parE
ZJH_N24_2_2	Klebsiella_pneumoniae	True	1	2	gyrA,gyrB,parE
ZJH_N24_2_2	Pseudomonas_aeruginosa	False	0	6	gyrA,gyrB,parC
ZJH_N24_2_2	Staphylococcus_aureus	True	4	97	gyrA,gyrB,parC,parE
ZJH_N24_2_2	Streptococcus_oralis	False	0	3	gyrB
ZJH_N24_2_2	Streptococcus_pneumoniae	False	0	3	gyrB
ZJH_N24_2_3	Enterococcus_faecalis	False	0	0	gyrA,gyrB
ZJH_N24_2_3	Escherichia_coli	False	0	36	gyrA,gyrB,parC,parE
ZJH_N24_2_3	Klebsiella_oxytoca	False	0	13	gyrA,gyrB,parC,parE
ZJH_N24_2_3	Klebsiella_pneumoniae	True	1	22	gyrA,gyrB,parE
ZJH_N24_2_3	Pseudomonas_aeruginosa	False	0	6	gyrA,gyrB,parC,parE
ZJH_N24_2_3	Staphylococcus_aureus	False	0	27	gyrA,gyrB,parC,parE
ZJH_N24_2_3	Streptococcus_mitis	False	0	0	gyrA,gyrB
ZJH_N24_2_3	Streptococcus_oralis	False	0	0	gyrA
ZJH_N24_2_3	Streptococcus_pneumoniae	False	0	0	gyrA
ZJH_N24_2_4	Escherichia_coli	False	0	497	gyrA,gyrB,parC,parE
ZJH_N24_2_4	Klebsiella_oxytoca	True	8	400	gyrA,gyrB,parC,parE
ZJH_N24_2_4	Klebsiella_pneumoniae	True	7	492	gyrA,gyrB,parE
ZJH_N24_2_4	Pseudomonas_aeruginosa	True	2	4	gyrA,gyrB,parC,parE
ZJH_N24_2_4	Staphylococcus_aureus	False	0	0	gyrA
ZJH_N25_1_2	Enterococcus_faecalis	False	0	98	gyrA,gyrB,parE
ZJH_N25_1_2	Enterococcus_faecium	True	1	126	gyrA,gyrB,parC,parE
ZJH_N25_1_2	Escherichia_coli	False	0	102	gyrA,gyrB,parC
ZJH_N25_1_2	Klebsiella_oxytoca	False	0	0	gyrA,gyrB
ZJH_N25_1_2	Klebsiella_pneumoniae	False	0	100	gyrA,gyrB
ZJH_N25_1_2	Pseudomonas_aeruginosa	False	0	520	gyrA,gyrB,parC,parE
ZJH_N25_1_2	Staphylococcus_aureus	False	0	359	gyrA,gyrB,parC,parE
ZJH_N25_1_2	Streptococcus_mitis	True	3	3	gyrA,gyrB,parC,parE
ZJH_N25_1_2	Streptococcus_oralis	False	0	251	gyrA,gyrB,parC,parE
ZJH_N25_1_2	Streptococcus_pneumoniae	False	0	167	gyrA,gyrB,parC,parE
ZJH_N25_1_3	Enterococcus_faecalis	False	0	0	gyrA,gyrB
ZJH_N25_1_3	Escherichia_coli	False	0	0	gyrB
ZJH_N25_1_3	Pseudomonas_aeruginosa	False	0	16	gyrB
ZJH_N25_1_3	Staphylococcus_aureus	False	0	0	gyrA
ZJH_N25_1_4	Enterococcus_faecalis	False	0	2	gyrA,gyrB
ZJH_N25_1_4	Escherichia_coli	False	0	0	gyrA,gyrB,parC
ZJH_N25_1_4	Klebsiella_oxytoca	False	0	1	gyrA,gyrB,parC
ZJH_N25_1_4	Klebsiella_pneumoniae	True	1	0	gyrA,gyrB,parE
ZJH_N25_1_4	Pseudomonas_aeruginosa	False	0	0	gyrB,parC
ZJH_N25_1_4	Staphylococcus_aureus	True	2	9	gyrA,gyrB,parC,parE
ZJH_N25_1_4	Streptococcus_mitis	True	13	22	gyrA,gyrB,parC,parE
ZJH_N25_1_4	Streptococcus_oralis	True	7	18	gyrA,gyrB,parC,parE
ZJH_N25_1_4	Streptococcus_pneumoniae	False	0	16	gyrA,gyrB,parC,parE
ZJH_N25_2_2	Enterococcus_faecalis	False	0	230	gyrA,gyrB,parE
ZJH_N25_2_2	Enterococcus_faecium	False	0	9	gyrA,gyrB,parC
ZJH_N25_2_2	Escherichia_coli	False	0	230	gyrA,gyrB,parC
ZJH_N25_2_2	Klebsiella_oxytoca	False	0	0	gyrA,gyrB,parC
ZJH_N25_2_2	Klebsiella_pneumoniae	False	0	230	gyrA,gyrB
ZJH_N25_2_2	Pseudomonas_aeruginosa	False	0	1386	gyrA,gyrB,parC,parE
ZJH_N25_2_2	Staphylococcus_aureus	True	4	1018	gyrA,gyrB,parC,parE
ZJH_N25_2_2	Streptococcus_mitis	False	0	11	gyrA,gyrB,parC,parE
ZJH_N25_2_2	Streptococcus_oralis	False	0	533	gyrA,gyrB,parE
ZJH_N25_2_2	Streptococcus_pneumoniae	False	0	401	gyrA,gyrB,parC,parE
ZJH_N25_2_4	Enterococcus_faecalis	True	1	191	gyrA,gyrB,parC,parE
ZJH_N25_2_4	Enterococcus_faecium	True	1	1310	gyrA,gyrB,parC,parE
ZJH_N25_2_4	Escherichia_coli	False	0	4	gyrA,gyrB,parC
ZJH_N25_2_4	Klebsiella_oxytoca	False	0	0	gyrA,gyrB,parC
ZJH_N25_2_4	Klebsiella_pneumoniae	False	0	4	gyrA,gyrB
ZJH_N25_2_4	Pseudomonas_aeruginosa	False	0	20	gyrA,gyrB,parC,parE
ZJH_N25_2_4	Staphylococcus_aureus	False	0	1	gyrA
ZJH_N25_2_4	Streptococcus_mitis	True	9	290	gyrA,gyrB,parC,parE
ZJH_N25_2_4	Streptococcus_oralis	True	9	418	gyrA,gyrB,parE
ZJH_N25_2_4	Streptococcus_pneumoniae	False	0	300	gyrA,gyrB,parC,parE
ZJH_N26_1_2	Enterococcus_faecalis	False	0	2	gyrA,gyrB,parE
ZJH_N26_1_2	Enterococcus_faecium	False	0	12	gyrA
ZJH_N26_1_2	Escherichia_coli	True	1	4	gyrA,gyrB,parE
ZJH_N26_1_2	Klebsiella_oxytoca	False	0	0	gyrA,gyrB,parE
ZJH_N26_1_2	Klebsiella_pneumoniae	False	0	4	gyrA,gyrB,parE
ZJH_N26_1_2	Pseudomonas_aeruginosa	False	0	9	gyrA,gyrB,parC,parE
ZJH_N26_1_2	Staphylococcus_aureus	True	3	29	gyrA,gyrB,parC,parE
ZJH_N26_1_2	Streptococcus_mitis	False	0	0	gyrA,gyrB
ZJH_N26_1_2	Streptococcus_oralis	False	0	5	gyrA,gyrB,parC
ZJH_N26_1_2	Streptococcus_pneumoniae	False	0	4	gyrA,gyrB
ZJH_N26_1_4	Enterococcus_faecalis	False	0	2	parE
ZJH_N26_1_4	Enterococcus_faecium	False	0	6	gyrA,parE
ZJH_N26_1_4	Escherichia_coli	False	0	2	gyrB,parC
ZJH_N26_1_4	Klebsiella_pneumoniae	False	0	2	gyrB
ZJH_N26_1_4	Pseudomonas_aeruginosa	False	0	0	parC
ZJH_N26_1_4	Staphylococcus_aureus	True	2	14	gyrA,parE
ZJH_N26_1_4	Streptococcus_mitis	False	0	2	gyrA,parC
ZJH_N26_1_4	Streptococcus_oralis	False	0	4	gyrA,gyrB,parC,parE
ZJH_N26_1_4	Streptococcus_pneumoniae	False	0	4	gyrA,gyrB,parE
ZJH_N26_2_2	Enterococcus_faecalis	False	0	79	gyrA,gyrB,parE
ZJH_N26_2_2	Enterococcus_faecium	False	0	0	gyrA
ZJH_N26_2_2	Escherichia_coli	False	0	82	gyrA,gyrB,parC
ZJH_N26_2_2	Klebsiella_oxytoca	False	0	0	gyrA,gyrB
ZJH_N26_2_2	Klebsiella_pneumoniae	False	0	82	gyrA,gyrB
ZJH_N26_2_2	Pseudomonas_aeruginosa	False	0	314	gyrA,gyrB,parC,parE
ZJH_N26_2_2	Staphylococcus_aureus	True	3	229	gyrA,gyrB,parC,parE
ZJH_N26_2_2	Streptococcus_mitis	True	11	26	gyrA,gyrB,parC,parE
ZJH_N26_2_2	Streptococcus_oralis	False	0	168	gyrA,gyrB,parC,parE
ZJH_N26_2_2	Streptococcus_pneumoniae	False	0	98	gyrA,gyrB,parC,parE
ZJH_N26_2_4	Enterococcus_faecalis	True	1	1	gyrA,gyrB,parC,parE
ZJH_N26_2_4	Enterococcus_faecium	True	1	24	gyrA,gyrB,parC,parE
ZJH_N26_2_4	Escherichia_coli	False	0	70	gyrA,gyrB,parC,parE
ZJH_N26_2_4	Klebsiella_oxytoca	False	0	12	gyrA,gyrB,parC,parE
ZJH_N26_2_4	Klebsiella_pneumoniae	False	0	43	gyrA,gyrB,parE
ZJH_N26_2_4	Pseudomonas_aeruginosa	False	0	145	gyrA,gyrB,parC,parE
ZJH_N26_2_4	Staphylococcus_aureus	False	0	0	gyrA,parC,parE
ZJH_N26_2_4	Streptococcus_mitis	False	0	3	gyrA,parC
ZJH_N26_2_4	Streptococcus_oralis	False	0	4	gyrA
ZJH_N26_2_4	Streptococcus_pneumoniae	False	0	2	gyrA,parC
ZJH_N27_1_4	Enterococcus_faecium	False	0	0	parE
ZJH_N27_1_4	Escherichia_coli	False	0	0	parC
ZJH_N27_1_4	Klebsiella_oxytoca	False	0	0	parE
ZJH_N27_1_4	Klebsiella_pneumoniae	False	0	0	gyrA,gyrB,parE
ZJH_N27_1_4	Pseudomonas_aeruginosa	False	0	0	parC,parE
ZJH_N27_1_4	Staphylococcus_aureus	True	10	19	gyrA,gyrB,parC,parE
ZJH_N27_1_4	Streptococcus_mitis	False	0	0	parC
ZJH_N27_2_2	Enterococcus_faecalis	False	0	43	gyrA,gyrB,parE
ZJH_N27_2_2	Enterococcus_faecium	False	0	1	gyrA,gyrB,parE
ZJH_N27_2_2	Escherichia_coli	False	0	77	gyrA,gyrB,parC,parE
ZJH_N27_2_2	Klebsiella_oxytoca	True	2	23	gyrA,gyrB,parC,parE
ZJH_N27_2_2	Klebsiella_pneumoniae	False	0	61	gyrA,gyrB,parE
ZJH_N27_2_2	Pseudomonas_aeruginosa	False	0	329	gyrA,gyrB,parC,parE
ZJH_N27_2_2	Staphylococcus_aureus	True	1	157	gyrA,gyrB,parC,parE
ZJH_N27_2_2	Streptococcus_mitis	True	2	24	gyrA,gyrB,parC,parE
ZJH_N27_2_2	Streptococcus_oralis	False	0	138	gyrA,gyrB,parC,parE
ZJH_N27_2_2	Streptococcus_pneumoniae	False	0	89	gyrA,gyrB,parC,parE
ZJH_N27_2_3	Enterococcus_faecalis	False	0	1	gyrA,gyrB,parC,parE
ZJH_N27_2_3	Enterococcus_faecium	True	1	39	gyrA,parE
ZJH_N27_2_3	Escherichia_coli	False	0	156	gyrA,gyrB,parC,parE
ZJH_N27_2_3	Klebsiella_oxytoca	True	67	192	gyrA,gyrB,parC,parE
ZJH_N27_2_3	Klebsiella_pneumoniae	True	19	66	gyrA,gyrB,parE
ZJH_N27_2_3	Pseudomonas_aeruginosa	True	1	7	gyrA,gyrB,parC
ZJH_N27_2_3	Staphylococcus_aureus	True	2	5	gyrA,gyrB,parC,parE
ZJH_N27_2_3	Streptococcus_mitis	False	0	1	gyrA,parC,parE
ZJH_N27_2_3	Streptococcus_oralis	False	0	2	gyrA,parE
ZJH_N27_2_3	Streptococcus_pneumoniae	False	0	1	gyrA,parE
ZJH_N27_2_4	Enterococcus_faecalis	True	1	86	gyrA,gyrB,parC,parE
ZJH_N27_2_4	Enterococcus_faecium	True	1	158	gyrA,gyrB,parE
ZJH_N27_2_4	Escherichia_coli	False	0	799	gyrA,gyrB,parC,parE
ZJH_N27_2_4	Klebsiella_oxytoca	True	159	758	gyrA,gyrB,parC,parE
ZJH_N27_2_4	Klebsiella_pneumoniae	True	142	460	gyrA,gyrB,parE
ZJH_N27_2_4	Pseudomonas_aeruginosa	True	1	57	gyrA,gyrB,parC,parE
ZJH_N27_2_4	Staphylococcus_aureus	False	0	0	gyrB
ZJH_N27_2_4	Streptococcus_mitis	False	0	63	gyrA,gyrB,parC,parE
ZJH_N27_2_4	Streptococcus_oralis	False	0	91	gyrA,gyrB,parE
ZJH_N27_2_4	Streptococcus_pneumoniae	False	0	66	gyrA,parC,parE
ZJH_N28_1_2	Enterococcus_faecalis	False	0	3	gyrA,gyrB,parE
ZJH_N28_1_2	Escherichia_coli	False	0	0	gyrB
ZJH_N28_1_2	Klebsiella_pneumoniae	False	0	1	gyrA,gyrB
ZJH_N28_1_2	Pseudomonas_aeruginosa	False	0	0	gyrA,parC,parE
ZJH_N28_1_2	Staphylococcus_aureus	False	0	2	gyrA,gyrB,parC,parE
ZJH_N28_1_2	Streptococcus_mitis	False	0	0	gyrA,gyrB,parC,parE
ZJH_N28_1_2	Streptococcus_oralis	False	0	0	gyrA,gyrB,parE
ZJH_N28_1_2	Streptococcus_pneumoniae	False	0	0	gyrA,gyrB,parC,parE
ZJH_N28_1_4	Enterococcus_faecalis	False	0	0	parC
ZJH_N28_1_4	Enterococcus_faecium	False	0	2	gyrA,parC,parE
ZJH_N28_1_4	Escherichia_coli	False	0	0	gyrA,gyrB,parC
ZJH_N28_1_4	Klebsiella_oxytoca	False	0	0	gyrB
ZJH_N28_1_4	Klebsiella_pneumoniae	False	0	0	gyrA,gyrB
ZJH_N28_1_4	Pseudomonas_aeruginosa	False	0	0	parC,parE
ZJH_N28_1_4	Staphylococcus_aureus	False	0	3	gyrA,gyrB,parE
ZJH_N28_1_4	Streptococcus_mitis	False	0	0	parC
ZJH_N28_1_4	Streptococcus_oralis	False	0	2	parC
ZJH_N28_1_4	Streptococcus_pneumoniae	False	0	0	parC
ZJH_N28_2_2	Enterococcus_faecalis	False	0	139	gyrA,gyrB,parE
ZJH_N28_2_2	Enterococcus_faecium	False	0	14	gyrA,gyrB,parE
ZJH_N28_2_2	Escherichia_coli	True	2	345	gyrA,gyrB,parC
ZJH_N28_2_2	Klebsiella_oxytoca	False	0	0	gyrA,gyrB
ZJH_N28_2_2	Klebsiella_pneumoniae	True	2	345	gyrA,gyrB
ZJH_N28_2_2	Pseudomonas_aeruginosa	False	0	1495	gyrA,gyrB,parE
ZJH_N28_2_2	Staphylococcus_aureus	True	1	552	gyrA,gyrB,parC,parE
ZJH_N28_2_2	Streptococcus_mitis	False	0	38	gyrA,gyrB,parC,parE
ZJH_N28_2_2	Streptococcus_oralis	False	0	373	gyrA,gyrB,parE
ZJH_N28_2_2	Streptococcus_pneumoniae	False	0	223	gyrA,gyrB,parC,parE
ZJH_N28_2_3	Enterococcus_faecium	False	0	0	gyrA,gyrB,parE
ZJH_N28_2_3	Escherichia_coli	False	0	12	gyrB
ZJH_N28_2_3	Klebsiella_pneumoniae	False	0	12	gyrA,gyrB
ZJH_N28_2_3	Pseudomonas_aeruginosa	False	0	12	gyrB
ZJH_N28_2_3	Staphylococcus_aureus	False	0	8	gyrA,gyrB,parC
ZJH_N28_2_3	Streptococcus_mitis	False	0	0	gyrA,gyrB,parC
ZJH_N28_2_3	Streptococcus_oralis	False	0	0	gyrA,gyrB,parE
ZJH_N28_2_3	Streptococcus_pneumoniae	False	0	0	gyrA,gyrB,parC,parE
ZJH_N28_2_4	Enterococcus_faecalis	False	0	670	gyrA,gyrB,parC,parE
ZJH_N28_2_4	Enterococcus_faecium	True	1	393	gyrA,gyrB,parC,parE
ZJH_N28_2_4	Escherichia_coli	True	17	307	gyrA,gyrB,parC
ZJH_N28_2_4	Klebsiella_oxytoca	False	0	2	gyrA,gyrB,parC
ZJH_N28_2_4	Klebsiella_pneumoniae	True	17	225	gyrA,gyrB
ZJH_N28_2_4	Pseudomonas_aeruginosa	False	0	906	gyrA,gyrB,parC,parE
ZJH_N28_2_4	Staphylococcus_aureus	True	136	2177	gyrA,gyrB,parC,parE
ZJH_N28_2_4	Streptococcus_mitis	True	142	828	gyrA,gyrB,parC,parE
ZJH_N28_2_4	Streptococcus_oralis	True	5	948	gyrA,gyrB,parC,parE
ZJH_N28_2_4	Streptococcus_pneumoniae	False	0	701	gyrA,gyrB,parC,parE
ZJH_N29_1_2	Enterococcus_faecalis	False	0	0	gyrA,gyrB
ZJH_N29_1_2	Enterococcus_faecium	False	0	2	gyrA,gyrB
ZJH_N29_1_2	Escherichia_coli	False	0	1	gyrA,gyrB
ZJH_N29_1_2	Klebsiella_oxytoca	False	0	0	gyrA,gyrB,parC
ZJH_N29_1_2	Klebsiella_pneumoniae	False	0	1	gyrA,gyrB
ZJH_N29_1_2	Pseudomonas_aeruginosa	False	0	0	gyrA,gyrB,parC,parE
ZJH_N29_1_2	Staphylococcus_aureus	True	23	102	gyrA,gyrB,parC,parE
ZJH_N29_1_2	Streptococcus_oralis	False	0	0	gyrB
ZJH_N29_1_2	Streptococcus_pneumoniae	False	0	0	gyrB,parC
ZJH_N29_1_4	Enterococcus_faecalis	False	0	2	gyrA,gyrB,parE
ZJH_N29_1_4	Enterococcus_faecium	False	0	0	gyrB,parE
ZJH_N29_1_4	Escherichia_coli	False	0	9	gyrA,gyrB,parC
ZJH_N29_1_4	Klebsiella_oxytoca	False	0	2	gyrA,gyrB,parC
ZJH_N29_1_4	Klebsiella_pneumoniae	False	0	9	gyrA,gyrB
ZJH_N29_1_4	Pseudomonas_aeruginosa	False	0	3	gyrA,parC,parE
ZJH_N29_1_4	Staphylococcus_aureus	False	0	37	gyrA,gyrB,parC,parE
ZJH_N29_1_4	Streptococcus_mitis	False	0	0	gyrA,parC
ZJH_N29_1_4	Streptococcus_oralis	False	0	3	gyrA,gyrB
ZJH_N29_1_4	Streptococcus_pneumoniae	False	0	3	gyrB,parC
ZJH_N30_1_3	Enterococcus_faecalis	False	0	1	gyrA,gyrB,parC,parE
ZJH_N30_1_3	Enterococcus_faecium	False	0	6	gyrA,gyrB,parC,parE
ZJH_N30_1_3	Escherichia_coli	False	0	7	gyrA,gyrB,parC,parE
ZJH_N30_1_3	Klebsiella_oxytoca	False	0	8	gyrA,gyrB,parC,parE
ZJH_N30_1_3	Klebsiella_pneumoniae	False	0	8	gyrA,gyrB,parE
ZJH_N30_1_3	Pseudomonas_aeruginosa	False	0	11	gyrA,gyrB,parC,parE
ZJH_N30_1_3	Staphylococcus_aureus	False	0	0	gyrA,gyrB,parC
ZJH_N30_1_3	Streptococcus_mitis	False	0	0	gyrA,gyrB,parE
ZJH_N30_1_3	Streptococcus_oralis	False	0	3	gyrA,gyrB,parE
ZJH_N30_1_3	Streptococcus_pneumoniae	False	0	0	gyrA,gyrB
ZJH_N30_1_4	Enterococcus_faecalis	True	1	592	gyrA,gyrB,parC,parE
ZJH_N30_1_4	Enterococcus_faecium	True	1	3881	gyrA,gyrB,parC,parE
ZJH_N30_1_4	Escherichia_coli	False	0	6	gyrB,parC
ZJH_N30_1_4	Klebsiella_oxytoca	False	0	0	parE
ZJH_N30_1_4	Staphylococcus_aureus	False	0	0	gyrA,parC,parE
ZJH_N30_1_4	Streptococcus_mitis	False	0	677	gyrA,gyrB,parC,parE
ZJH_N30_1_4	Streptococcus_oralis	False	0	917	gyrA,gyrB,parE
ZJH_N30_1_4	Streptococcus_pneumoniae	False	0	703	gyrA,gyrB,parC,parE
ZJH_N30_2_3	Enterococcus_faecalis	False	0	1	parC
ZJH_N30_2_3	Enterococcus_faecium	False	0	1	parC
ZJH_N30_2_3	Klebsiella_oxytoca	False	0	0	gyrB
ZJH_N30_2_3	Klebsiella_pneumoniae	False	0	0	gyrB
ZJH_N30_2_3	Pseudomonas_aeruginosa	False	0	10	gyrB,parC
ZJH_N30_2_3	Staphylococcus_aureus	False	0	6	gyrA,gyrB
ZJH_N30_2_3	Streptococcus_mitis	False	0	0	gyrB
ZJH_N30_2_3	Streptococcus_oralis	False	0	6	gyrB
ZJH_N30_2_3	Streptococcus_pneumoniae	False	0	6	gyrB
ZJH_N30_2_4	Enterococcus_faecalis	True	1	36	gyrA,gyrB,parC,parE
ZJH_N30_2_4	Enterococcus_faecium	True	1	379	gyrA,gyrB,parC,parE
ZJH_N30_2_4	Escherichia_coli	True	8	367	gyrA,gyrB,parC,parE
ZJH_N30_2_4	Klebsiella_oxytoca	False	0	48	gyrA,gyrB,parC,parE
ZJH_N30_2_4	Klebsiella_pneumoniae	True	7	237	gyrA,gyrB,parE
ZJH_N30_2_4	Pseudomonas_aeruginosa	False	0	873	gyrA,gyrB,parC,parE
ZJH_N30_2_4	Staphylococcus_aureus	True	34	159	gyrA,gyrB,parC,parE
ZJH_N30_2_4	Streptococcus_mitis	True	13	19	gyrA,gyrB,parC,parE
ZJH_N30_2_4	Streptococcus_oralis	False	0	36	gyrA,gyrB,parE
ZJH_N30_2_4	Streptococcus_pneumoniae	False	0	36	gyrA,gyrB,parC,parE
ZJH_N31_1_2	Enterococcus_faecalis	False	0	4	gyrA,gyrB,parE
ZJH_N31_1_2	Enterococcus_faecium	False	0	8	gyrA,gyrB,parC,parE
ZJH_N31_1_2	Escherichia_coli	False	0	7	gyrA,gyrB,parC,parE
ZJH_N31_1_2	Klebsiella_oxytoca	False	0	2	gyrA,gyrB,parC,parE
ZJH_N31_1_2	Klebsiella_pneumoniae	False	0	4	gyrA,gyrB,parE
ZJH_N31_1_2	Pseudomonas_aeruginosa	False	0	18	gyrA,gyrB,parC,parE
ZJH_N31_1_2	Staphylococcus_aureus	True	22	84	gyrA,gyrB,parC,parE
ZJH_N31_1_2	Streptococcus_mitis	False	0	0	gyrA,gyrB,parC
ZJH_N31_1_2	Streptococcus_oralis	False	0	1	gyrA,gyrB,parC
ZJH_N31_1_2	Streptococcus_pneumoniae	False	0	0	gyrA,gyrB,parC
ZJH_N31_1_4	Enterococcus_faecalis	False	0	14	gyrA,gyrB,parC
ZJH_N31_1_4	Enterococcus_faecium	False	0	0	gyrA,gyrB,parC
ZJH_N31_1_4	Klebsiella_oxytoca	False	0	0	parC
ZJH_N31_1_4	Klebsiella_pneumoniae	False	0	0	parE
ZJH_N31_1_4	Pseudomonas_aeruginosa	False	0	0	gyrA,gyrB,parC
ZJH_N31_1_4	Staphylococcus_aureus	True	32	231	gyrA,gyrB,parC,parE
ZJH_N31_1_4	Streptococcus_mitis	False	0	0	gyrA,parC
ZJH_N31_1_4	Streptococcus_oralis	False	0	0	gyrA,gyrB,parC
ZJH_N31_1_4	Streptococcus_pneumoniae	False	0	0	gyrA,gyrB,parC
ZJH_N31_2_2	Enterococcus_faecalis	False	0	6	gyrA,gyrB,parE
ZJH_N31_2_2	Escherichia_coli	False	0	5	gyrA,gyrB,parC
ZJH_N31_2_2	Klebsiella_oxytoca	False	0	0	gyrA,gyrB,parC,parE
ZJH_N31_2_2	Klebsiella_pneumoniae	False	0	5	gyrA,gyrB,parE
ZJH_N31_2_2	Pseudomonas_aeruginosa	False	0	8	gyrB,parC,parE
ZJH_N31_2_2	Staphylococcus_aureus	False	0	5	gyrA,gyrB,parE
ZJH_N31_2_2	Streptococcus_mitis	False	0	0	gyrA,gyrB
ZJH_N31_2_2	Streptococcus_oralis	False	0	6	gyrA,gyrB
ZJH_N31_2_2	Streptococcus_pneumoniae	False	0	0	gyrB,parC
ZJH_N31_2_3	Enterococcus_faecalis	False	0	4	gyrA,gyrB
ZJH_N31_2_3	Escherichia_coli	True	3	407	gyrA,gyrB,parC,parE
ZJH_N31_2_3	Klebsiella_oxytoca	False	0	363	gyrA,gyrB,parC,parE
ZJH_N31_2_3	Klebsiella_pneumoniae	True	2	461	gyrA,gyrB,parE
ZJH_N31_2_3	Pseudomonas_aeruginosa	False	0	4	gyrA,gyrB,parC,parE
ZJH_N31_2_3	Staphylococcus_aureus	False	0	33	gyrA,gyrB,parC,parE
ZJH_N31_2_3	Streptococcus_mitis	False	0	0	gyrA,gyrB,parC,parE
ZJH_N31_2_3	Streptococcus_oralis	False	0	0	gyrB,parC,parE
ZJH_N31_2_3	Streptococcus_pneumoniae	False	0	0	gyrA,gyrB,parC,parE
ZJH_N31_2_4	Escherichia_coli	True	5	737	gyrA,gyrB,parC,parE
ZJH_N31_2_4	Klebsiella_oxytoca	True	3	784	gyrA,gyrB,parC,parE
ZJH_N31_2_4	Klebsiella_pneumoniae	True	3	921	gyrA,gyrB,parE
ZJH_N31_2_4	Pseudomonas_aeruginosa	True	1	7	gyrA,gyrB,parC,parE
ZJH_N31_2_4	Staphylococcus_aureus	False	0	0	gyrB,parC,parE
ZJH_N31_2_4	Streptococcus_mitis	False	0	0	gyrA,parC
ZJH_N31_2_4	Streptococcus_oralis	False	0	0	gyrA,parC
ZJH_N31_2_4	Streptococcus_pneumoniae	False	0	0	gyrA,parC
ZJH_N32_1_2	Enterococcus_faecalis	False	0	200	gyrA,gyrB,parE
ZJH_N32_1_2	Enterococcus_faecium	False	0	0	gyrA,gyrB,parC,parE
ZJH_N32_1_2	Escherichia_coli	False	0	420	gyrA,gyrB,parC
ZJH_N32_1_2	Klebsiella_oxytoca	False	0	6	gyrA,gyrB,parC,parE
ZJH_N32_1_2	Klebsiella_pneumoniae	False	0	414	gyrA,gyrB,parE
ZJH_N32_1_2	Pseudomonas_aeruginosa	False	0	1945	gyrA,gyrB,parC,parE
ZJH_N32_1_2	Staphylococcus_aureus	True	12	1194	gyrA,gyrB,parC,parE
ZJH_N32_1_2	Streptococcus_mitis	False	0	0	gyrA,gyrB,parC,parE
ZJH_N32_1_2	Streptococcus_oralis	False	0	680	gyrA,gyrB,parE
ZJH_N32_1_2	Streptococcus_pneumoniae	False	0	449	gyrA,gyrB,parC,parE
ZJH_N32_1_4	Enterococcus_faecalis	False	0	0	gyrA,gyrB,parC,parE
ZJH_N32_1_4	Enterococcus_faecium	False	0	114	gyrB,parC,parE
ZJH_N32_1_4	Escherichia_coli	False	0	1117	gyrA,gyrB,parC,parE
ZJH_N32_1_4	Klebsiella_oxytoca	False	0	285	gyrA,gyrB,parC,parE
ZJH_N32_1_4	Klebsiella_pneumoniae	False	0	807	gyrA,gyrB,parE
ZJH_N32_1_4	Pseudomonas_aeruginosa	False	0	2307	gyrA,gyrB,parC,parE
ZJH_N32_1_4	Staphylococcus_aureus	False	0	24	gyrA
ZJH_N32_1_4	Streptococcus_oralis	False	0	30	gyrA,gyrB,parC
ZJH_N32_1_4	Streptococcus_pneumoniae	False	0	30	gyrB
ZJH_N32_2_2	Enterococcus_faecalis	False	0	48	gyrA,gyrB,parE
ZJH_N32_2_2	Enterococcus_faecium	False	0	0	gyrA,gyrB
ZJH_N32_2_2	Escherichia_coli	False	0	150	gyrA,gyrB,parC
ZJH_N32_2_2	Klebsiella_oxytoca	False	0	0	gyrA,gyrB,parC
ZJH_N32_2_2	Klebsiella_pneumoniae	False	0	150	gyrA,gyrB
ZJH_N32_2_2	Pseudomonas_aeruginosa	False	0	523	gyrA,gyrB,parC,parE
ZJH_N32_2_2	Staphylococcus_aureus	True	10	375	gyrA,gyrB,parC,parE
ZJH_N32_2_2	Streptococcus_mitis	False	0	0	gyrA,gyrB
ZJH_N32_2_2	Streptococcus_oralis	False	0	250	gyrA,gyrB
ZJH_N32_2_2	Streptococcus_pneumoniae	False	0	145	gyrA,gyrB
ZJH_N32_2_3	Enterococcus_faecalis	False	0	0	parE
ZJH_N32_2_3	Klebsiella_oxytoca	False	0	0	parC
ZJH_N32_2_3	Klebsiella_pneumoniae	False	0	0	gyrA
ZJH_N32_2_3	Pseudomonas_aeruginosa	False	0	0	parC
ZJH_N32_2_3	Staphylococcus_aureus	False	0	0	gyrA,gyrB,parE
ZJH_N32_2_3	Streptococcus_pneumoniae	False	0	0	parC
ZJH_N32_2_4	Escherichia_coli	False	0	5	gyrA,gyrB,parC,parE
ZJH_N32_2_4	Klebsiella_oxytoca	False	0	4	gyrA,gyrB,parC,parE
ZJH_N32_2_4	Klebsiella_pneumoniae	False	0	0	gyrA,gyrB,parE
ZJH_N32_2_4	Pseudomonas_aeruginosa	False	0	17	gyrA,gyrB,parC,parE
ZJH_N32_2_4	Staphylococcus_aureus	False	0	0	gyrA
ZJH_N32_2_4	Streptococcus_oralis	False	0	0	parE
ZJH_N32_2_4	Streptococcus_pneumoniae	False	0	0	parE
ZJH_N33_1_2	Enterococcus_faecalis	False	0	3	gyrA,gyrB,parC,parE
ZJH_N33_1_2	Enterococcus_faecium	False	0	0	gyrA,gyrB,parC
ZJH_N33_1_2	Escherichia_coli	False	0	4	gyrA,gyrB,parC
ZJH_N33_1_2	Klebsiella_oxytoca	False	0	0	gyrA,gyrB
ZJH_N33_1_2	Klebsiella_pneumoniae	False	0	4	gyrA,gyrB
ZJH_N33_1_2	Pseudomonas_aeruginosa	False	0	6	gyrA,gyrB,parC,parE
ZJH_N33_1_2	Staphylococcus_aureus	True	26	195	gyrA,gyrB,parC,parE
ZJH_N33_1_2	Streptococcus_mitis	False	0	0	gyrB,parC
ZJH_N33_1_2	Streptococcus_oralis	False	0	4	gyrB,parC
ZJH_N33_1_2	Streptococcus_pneumoniae	False	0	4	gyrB,parC
ZJH_N33_1_3	Enterococcus_faecalis	False	0	0	gyrA,gyrB
ZJH_N33_1_3	Enterococcus_faecium	False	0	0	gyrA,gyrB
ZJH_N33_1_3	Staphylococcus_aureus	False	0	3	gyrA,gyrB,parC
ZJH_N33_1_3	Streptococcus_mitis	False	0	0	gyrA,gyrB
ZJH_N33_1_3	Streptococcus_oralis	False	0	0	gyrA,gyrB
ZJH_N33_1_3	Streptococcus_pneumoniae	False	0	0	gyrA,gyrB
ZJH_N33_1_4	Enterococcus_faecalis	False	0	0	parE
ZJH_N33_1_4	Escherichia_coli	False	0	0	gyrA,parC
ZJH_N33_1_4	Klebsiella_oxytoca	False	0	0	parC
ZJH_N33_1_4	Klebsiella_pneumoniae	False	0	0	parE
ZJH_N33_1_4	Pseudomonas_aeruginosa	False	0	0	parC
ZJH_N33_1_4	Staphylococcus_aureus	False	0	0	gyrA,gyrB,parC,parE
ZJH_N33_2_2	Enterococcus_faecalis	False	0	169	gyrA,gyrB,parE
ZJH_N33_2_2	Enterococcus_faecium	False	0	0	gyrA,parE
ZJH_N33_2_2	Escherichia_coli	False	0	406	gyrA,gyrB,parC,parE
ZJH_N33_2_2	Klebsiella_oxytoca	False	0	0	gyrA,gyrB,parE
ZJH_N33_2_2	Klebsiella_pneumoniae	False	0	406	gyrA,gyrB,parE
ZJH_N33_2_2	Pseudomonas_aeruginosa	False	0	1489	gyrA,gyrB,parC,parE
ZJH_N33_2_2	Staphylococcus_aureus	True	65	747	gyrA,gyrB,parC,parE
ZJH_N33_2_2	Streptococcus_mitis	False	0	0	gyrA,gyrB,parC
ZJH_N33_2_2	Streptococcus_oralis	False	0	530	gyrA,gyrB
ZJH_N33_2_2	Streptococcus_pneumoniae	False	0	293	gyrA,gyrB,parC
ZJH_N33_2_4	Enterococcus_faecalis	False	0	6	gyrA,gyrB,parE
ZJH_N33_2_4	Enterococcus_faecium	True	4	58	gyrA,gyrB,parC,parE
ZJH_N33_2_4	Escherichia_coli	True	6	141	gyrA,gyrB,parC,parE
ZJH_N33_2_4	Klebsiella_oxytoca	False	0	72	gyrA,gyrB,parC,parE
ZJH_N33_2_4	Klebsiella_pneumoniae	True	1	81	gyrA,gyrB,parE
ZJH_N33_2_4	Pseudomonas_aeruginosa	False	0	0	gyrB,parC
ZJH_N33_2_4	Staphylococcus_aureus	True	1	57	gyrA,gyrB,parC,parE
ZJH_N33_2_4	Streptococcus_oralis	False	0	0	gyrB,parE
ZJH_N33_2_4	Streptococcus_pneumoniae	False	0	0	gyrB,parC,parE
ZJH_N34_1_2	Enterococcus_faecalis	False	0	0	gyrA,gyrB
ZJH_N34_1_2	Enterococcus_faecium	False	0	0	gyrB
ZJH_N34_1_2	Escherichia_coli	False	0	1	gyrA,parC,parE
ZJH_N34_1_2	Klebsiella_oxytoca	False	0	0	parC,parE
ZJH_N34_1_2	Klebsiella_pneumoniae	False	0	1	gyrA,parE
ZJH_N34_1_2	Pseudomonas_aeruginosa	False	0	1	gyrA,parC,parE
ZJH_N34_1_2	Staphylococcus_aureus	True	14	45	gyrA,gyrB,parC,parE
ZJH_N34_1_2	Streptococcus_pneumoniae	False	0	0	gyrB
ZJH_N34_1_3	Escherichia_coli	False	0	0	gyrB
ZJH_N34_1_3	Klebsiella_oxytoca	False	0	0	gyrB
ZJH_N34_1_3	Klebsiella_pneumoniae	False	0	0	gyrB
ZJH_N34_1_3	Pseudomonas_aeruginosa	False	0	0	gyrA,parE
ZJH_N34_1_3	Staphylococcus_aureus	False	0	0	gyrA
ZJH_N34_1_4	Enterococcus_faecium	False	0	0	gyrA
ZJH_N34_1_4	Escherichia_coli	False	0	0	parC
ZJH_N34_1_4	Klebsiella_oxytoca	False	0	0	parC
ZJH_N34_1_4	Klebsiella_pneumoniae	False	0	0	gyrA,gyrB,parE
ZJH_N34_1_4	Pseudomonas_aeruginosa	False	0	0	gyrA,parC,parE
ZJH_N34_1_4	Streptococcus_oralis	False	0	0	parC
ZJH_N35_1_2	Enterococcus_faecalis	False	0	0	parE
ZJH_N35_1_2	Enterococcus_faecium	False	0	0	gyrA
ZJH_N35_1_2	Escherichia_coli	False	0	16	gyrA,gyrB,parC,parE
ZJH_N35_1_2	Klebsiella_oxytoca	False	0	0	gyrA,gyrB,parC
ZJH_N35_1_2	Klebsiella_pneumoniae	False	0	16	gyrB,parE
ZJH_N35_1_2	Pseudomonas_aeruginosa	False	0	28	gyrA,gyrB,parE
ZJH_N35_1_2	Staphylococcus_aureus	False	0	37	gyrA,gyrB,parC,parE
ZJH_N35_1_2	Streptococcus_mitis	False	0	0	gyrB,parC
ZJH_N35_1_2	Streptococcus_oralis	False	0	12	gyrB
ZJH_N35_1_2	Streptococcus_pneumoniae	False	0	9	gyrB,parC
ZJH_N35_1_4	Escherichia_coli	False	0	0	parC
ZJH_N35_1_4	Klebsiella_oxytoca	False	0	0	parC
ZJH_N35_1_4	Pseudomonas_aeruginosa	False	0	0	parC
ZJH_N35_1_4	Staphylococcus_aureus	False	0	2	gyrA,gyrB,parC
ZJH_N35_1_4	Streptococcus_mitis	False	0	0	gyrA,gyrB,parC
ZJH_N35_1_4	Streptococcus_oralis	False	0	3	gyrA,gyrB,parE
ZJH_N35_1_4	Streptococcus_pneumoniae	False	0	3	gyrA,gyrB,parC,parE
ZJH_N36_1_2	Enterococcus_faecalis	False	0	20	gyrA,gyrB,parE
ZJH_N36_1_2	Enterococcus_faecium	False	0	0	gyrB
ZJH_N36_1_2	Escherichia_coli	False	0	12	gyrA,gyrB
ZJH_N36_1_2	Klebsiella_oxytoca	False	0	8	gyrA,gyrB,parC
ZJH_N36_1_2	Klebsiella_pneumoniae	False	0	12	gyrA,gyrB
ZJH_N36_1_2	Pseudomonas_aeruginosa	False	0	53	gyrA,gyrB,parC,parE
ZJH_N36_1_2	Staphylococcus_aureus	True	1	67	gyrA,gyrB,parC,parE
ZJH_N36_1_2	Streptococcus_mitis	False	0	0	gyrA,gyrB,parC
ZJH_N36_1_2	Streptococcus_oralis	False	0	22	gyrA,gyrB,parC
ZJH_N36_1_2	Streptococcus_pneumoniae	False	0	13	gyrA,gyrB,parC
ZJH_N36_1_3	Enterococcus_faecium	False	0	0	gyrA
ZJH_N36_1_3	Escherichia_coli	False	0	0	parC
ZJH_N36_1_3	Klebsiella_pneumoniae	False	0	0	parE
ZJH_N36_1_3	Pseudomonas_aeruginosa	False	0	0	parC
ZJH_N36_1_3	Staphylococcus_aureus	False	0	3	gyrA,gyrB
ZJH_N36_1_3	Streptococcus_mitis	False	0	0	gyrB
ZJH_N36_1_3	Streptococcus_oralis	False	0	0	gyrB
ZJH_N36_1_3	Streptococcus_pneumoniae	False	0	0	gyrB
ZJH_N36_1_4	Enterococcus_faecalis	False	0	3	gyrA,gyrB
ZJH_N36_1_4	Escherichia_coli	False	0	4	gyrA,gyrB,parE
ZJH_N36_1_4	Klebsiella_oxytoca	False	0	0	parE
ZJH_N36_1_4	Klebsiella_pneumoniae	False	0	4	gyrA,gyrB,parE
ZJH_N36_1_4	Pseudomonas_aeruginosa	False	0	0	gyrA,gyrB,parE
ZJH_N36_1_4	Staphylococcus_aureus	False	0	0	gyrB
ZJH_N36_1_4	Streptococcus_mitis	False	0	0	gyrA,parE
ZJH_N36_1_4	Streptococcus_oralis	False	0	0	gyrA,gyrB,parC,parE
ZJH_N36_1_4	Streptococcus_pneumoniae	False	0	0	gyrA
ZJH_N36_2_2	Enterococcus_faecalis	False	0	12	gyrA,gyrB,parE
ZJH_N36_2_2	Enterococcus_faecium	False	0	0	gyrB,parC
ZJH_N36_2_2	Escherichia_coli	False	0	58	gyrA,gyrB,parC,parE
ZJH_N36_2_2	Klebsiella_oxytoca	False	0	36	gyrA,gyrB,parC,parE
ZJH_N36_2_2	Klebsiella_pneumoniae	True	1	32	gyrA,gyrB,parE
ZJH_N36_2_2	Pseudomonas_aeruginosa	False	0	92	gyrA,gyrB,parC,parE
ZJH_N36_2_2	Staphylococcus_aureus	True	159	364	gyrA,gyrB,parC,parE
ZJH_N36_2_2	Streptococcus_mitis	False	0	0	gyrA,gyrB,parC,parE
ZJH_N36_2_2	Streptococcus_oralis	False	0	29	gyrA,gyrB,parC,parE
ZJH_N36_2_2	Streptococcus_pneumoniae	False	0	7	gyrA,gyrB,parC,parE
ZJH_N36_2_3	Enterococcus_faecalis	False	0	0	gyrA,gyrB
ZJH_N36_2_3	Escherichia_coli	False	0	26	gyrA,gyrB,parC,parE
ZJH_N36_2_3	Klebsiella_oxytoca	False	0	15	gyrA,gyrB,parC,parE
ZJH_N36_2_3	Klebsiella_pneumoniae	True	1	17	gyrA,gyrB,parE
ZJH_N36_2_3	Pseudomonas_aeruginosa	False	0	0	gyrA,gyrB,parC,parE
ZJH_N36_2_3	Staphylococcus_aureus	True	12	18	gyrA,gyrB,parC,parE
ZJH_N36_2_3	Streptococcus_mitis	False	0	0	parC
ZJH_N36_2_4	Enterococcus_faecium	False	0	0	gyrA
ZJH_N36_2_4	Escherichia_coli	True	3	633	gyrA,gyrB,parC,parE
ZJH_N36_2_4	Klebsiella_oxytoca	True	5	382	gyrA,gyrB,parC,parE
ZJH_N36_2_4	Klebsiella_pneumoniae	True	2	443	gyrA,gyrB,parE
ZJH_N36_2_4	Pseudomonas_aeruginosa	False	0	1	gyrA,gyrB
ZJH_N36_2_4	Staphylococcus_aureus	False	0	4	gyrA,parE
ZJH_N36_2_4	Streptococcus_oralis	False	0	0	gyrA,parE
ZJH_N37_1_2	Enterococcus_faecalis	False	0	34	gyrA,gyrB,parE
ZJH_N37_1_2	Enterococcus_faecium	False	0	5	gyrA,gyrB,parE
ZJH_N37_1_2	Escherichia_coli	False	0	86	gyrA,gyrB,parC,parE
ZJH_N37_1_2	Klebsiella_oxytoca	False	0	4	gyrA,gyrB,parC,parE
ZJH_N37_1_2	Klebsiella_pneumoniae	False	0	87	gyrA,gyrB,parE
ZJH_N37_1_2	Pseudomonas_aeruginosa	False	0	327	gyrA,gyrB,parC,parE
ZJH_N37_1_2	Staphylococcus_aureus	False	0	162	gyrA,gyrB,parC,parE
ZJH_N37_1_2	Streptococcus_mitis	False	0	0	gyrA,gyrB,parC
ZJH_N37_1_2	Streptococcus_oralis	False	0	85	gyrA,gyrB,parC
ZJH_N37_1_2	Streptococcus_pneumoniae	False	0	18	gyrA,gyrB,parC
ZJH_N37_1_3	Staphylococcus_aureus	False	0	0	gyrA
ZJH_N38_1_2	Enterococcus_faecalis	False	0	4	gyrA,gyrB,parC,parE
ZJH_N38_1_2	Enterococcus_faecium	False	0	3	gyrA,parC,parE
ZJH_N38_1_2	Escherichia_coli	False	0	4	gyrA,gyrB,parC,parE
ZJH_N38_1_2	Klebsiella_oxytoca	False	0	0	gyrA,gyrB,parC,parE
ZJH_N38_1_2	Klebsiella_pneumoniae	False	0	0	gyrA,gyrB,parE
ZJH_N38_1_2	Pseudomonas_aeruginosa	False	0	1	gyrA,gyrB,parC,parE
ZJH_N38_1_2	Staphylococcus_aureus	True	8	1133	gyrA,gyrB,parC,parE
ZJH_N38_1_2	Streptococcus_mitis	False	0	2	gyrA,gyrB,parC,parE
ZJH_N38_1_2	Streptococcus_oralis	False	0	9	gyrA,gyrB,parC,parE
ZJH_N38_1_2	Streptococcus_pneumoniae	False	0	2	gyrA,gyrB,parC,parE
ZJH_N38_1_3	Enterococcus_faecalis	False	0	14	gyrA,gyrB,parE
ZJH_N38_1_3	Enterococcus_faecium	False	0	0	gyrA
ZJH_N38_1_3	Escherichia_coli	False	0	14	gyrA,gyrB,parC,parE
ZJH_N38_1_3	Klebsiella_oxytoca	False	0	2	gyrA,gyrB,parC,parE
ZJH_N38_1_3	Klebsiella_pneumoniae	False	0	14	gyrA,gyrB,parE
ZJH_N38_1_3	Pseudomonas_aeruginosa	False	0	149	gyrA,gyrB,parC,parE
ZJH_N38_1_3	Staphylococcus_aureus	False	0	56	gyrA,gyrB
ZJH_N38_1_3	Streptococcus_mitis	False	0	0	gyrA,gyrB
ZJH_N38_1_3	Streptococcus_oralis	False	0	66	gyrA,gyrB
ZJH_N38_1_3	Streptococcus_pneumoniae	False	0	45	gyrA,gyrB
ZJH_N38_1_4	Escherichia_coli	False	0	0	gyrA,parC
ZJH_N38_1_4	Klebsiella_oxytoca	False	0	0	gyrA,parC
ZJH_N38_1_4	Klebsiella_pneumoniae	False	0	0	gyrA
ZJH_N38_1_4	Pseudomonas_aeruginosa	False	0	0	parE
ZJH_N38_1_4	Staphylococcus_aureus	False	0	0	gyrB,parC
ZJH_N38_1_4	Streptococcus_mitis	False	0	0	gyrA,gyrB,parC
ZJH_N38_1_4	Streptococcus_oralis	False	0	0	gyrA,gyrB,parE
ZJH_N38_1_4	Streptococcus_pneumoniae	False	0	0	gyrA,gyrB,parE
ZJH_N39_1_4	Enterococcus_faecalis	False	0	19	gyrA,gyrB,parC,parE
ZJH_N39_1_4	Enterococcus_faecium	False	0	10	gyrA,gyrB,parC,parE
ZJH_N39_1_4	Escherichia_coli	False	0	280	gyrA,gyrB,parC,parE
ZJH_N39_1_4	Klebsiella_oxytoca	False	0	544	gyrA,gyrB,parC,parE
ZJH_N39_1_4	Klebsiella_pneumoniae	True	1	121	gyrA,gyrB,parE
ZJH_N39_1_4	Pseudomonas_aeruginosa	False	0	877	gyrA,gyrB,parC,parE
ZJH_N39_1_4	Staphylococcus_aureus	False	0	12	gyrA,gyrB,parC,parE
ZJH_N39_1_4	Streptococcus_mitis	False	0	6	gyrA,gyrB,parC,parE
ZJH_N39_1_4	Streptococcus_oralis	False	0	22	gyrA,gyrB,parC,parE
ZJH_N39_1_4	Streptococcus_pneumoniae	False	0	15	gyrA,gyrB,parC,parE
ZJH_N39_2_2	Enterococcus_faecalis	False	0	219	gyrA,gyrB,parE
ZJH_N39_2_2	Enterococcus_faecium	False	0	0	gyrA,gyrB,parC,parE
ZJH_N39_2_2	Escherichia_coli	False	0	377	gyrA,gyrB,parC
ZJH_N39_2_2	Klebsiella_oxytoca	False	0	0	gyrA,gyrB
ZJH_N39_2_2	Klebsiella_pneumoniae	False	0	375	gyrA,gyrB
ZJH_N39_2_2	Pseudomonas_aeruginosa	False	0	1852	gyrA,gyrB,parC,parE
ZJH_N39_2_2	Staphylococcus_aureus	True	20	792	gyrA,gyrB,parC,parE
ZJH_N39_2_2	Streptococcus_mitis	False	0	0	gyrA,gyrB,parC
ZJH_N39_2_2	Streptococcus_oralis	False	0	635	gyrA,gyrB,parC
ZJH_N39_2_2	Streptococcus_pneumoniae	False	0	400	gyrA,gyrB,parC
ZJH_N39_2_3	Enterococcus_faecalis	False	0	0	gyrA,gyrB
ZJH_N39_2_3	Staphylococcus_aureus	False	0	11	gyrA,gyrB,parC,parE
ZJH_N39_2_3	Streptococcus_mitis	False	0	0	parC
ZJH_N39_2_3	Streptococcus_oralis	False	0	4	gyrB
ZJH_N39_2_3	Streptococcus_pneumoniae	False	0	4	gyrB,parC
ZJH_N39_2_4	Enterococcus_faecalis	False	0	341	gyrA,gyrB,parC,parE
ZJH_N39_2_4	Enterococcus_faecium	False	0	199	gyrA,gyrB,parC,parE
ZJH_N39_2_4	Escherichia_coli	False	0	127	gyrA,gyrB,parC,parE
ZJH_N39_2_4	Klebsiella_oxytoca	False	0	9	gyrA,gyrB,parE
ZJH_N39_2_4	Klebsiella_pneumoniae	False	0	126	gyrA,gyrB,parE
ZJH_N39_2_4	Pseudomonas_aeruginosa	False	0	269	gyrA,gyrB,parE
ZJH_N39_2_4	Staphylococcus_aureus	False	0	217	gyrA,gyrB,parC,parE
ZJH_N39_2_4	Streptococcus_mitis	True	348	2371	gyrA,gyrB,parC,parE
ZJH_N39_2_4	Streptococcus_oralis	False	0	2381	gyrA,gyrB,parC,parE
ZJH_N39_2_4	Streptococcus_pneumoniae	False	0	1824	gyrA,gyrB,parC,parE
ZJH_N40_1_2	Enterococcus_faecalis	False	0	1	gyrA,gyrB
ZJH_N40_1_2	Enterococcus_faecium	False	0	0	gyrA,gyrB
ZJH_N40_1_2	Escherichia_coli	False	0	0	gyrB
ZJH_N40_1_2	Klebsiella_oxytoca	False	0	0	gyrB,parC
ZJH_N40_1_2	Klebsiella_pneumoniae	False	0	0	gyrA,gyrB
ZJH_N40_1_2	Pseudomonas_aeruginosa	False	0	7	gyrA,gyrB,parC,parE
ZJH_N40_1_2	Staphylococcus_aureus	True	1	97	gyrA,gyrB,parC,parE
ZJH_N40_1_2	Streptococcus_mitis	False	0	0	gyrA
ZJH_N40_1_2	Streptococcus_oralis	False	0	6	gyrA,parE
ZJH_N40_1_2	Streptococcus_pneumoniae	False	0	0	gyrA
ZJH_N40_1_4	Enterococcus_faecalis	False	0	2	gyrA,gyrB
ZJH_N40_1_4	Enterococcus_faecium	False	0	0	gyrA
ZJH_N40_1_4	Escherichia_coli	False	0	0	gyrA,parC
ZJH_N40_1_4	Klebsiella_oxytoca	False	0	0	parC
ZJH_N40_1_4	Klebsiella_pneumoniae	False	0	0	gyrA,parE
ZJH_N40_1_4	Pseudomonas_aeruginosa	False	0	0	gyrA,parE
ZJH_N40_1_4	Staphylococcus_aureus	False	0	0	gyrA,parC,parE
ZJH_N40_1_4	Streptococcus_mitis	False	0	0	parC
ZJH_N40_1_4	Streptococcus_oralis	False	0	0	gyrB
ZJH_N40_1_4	Streptococcus_pneumoniae	False	0	0	gyrB,parC
ZJH_N41_1_2	Enterococcus_faecalis	False	0	0	parE
ZJH_N41_1_2	Pseudomonas_aeruginosa	False	0	0	parC
ZJH_N41_1_3	Enterococcus_faecalis	False	0	0	gyrA,gyrB
ZJH_N41_1_3	Escherichia_coli	False	0	0	gyrA,gyrB,parC
ZJH_N41_1_3	Klebsiella_oxytoca	False	0	0	gyrB,parE
ZJH_N41_1_3	Klebsiella_pneumoniae	False	0	0	gyrB,parE
ZJH_N41_1_3	Pseudomonas_aeruginosa	False	0	0	gyrA,parC
ZJH_N41_1_3	Staphylococcus_aureus	False	0	2	gyrA,gyrB,parC
ZJH_N41_1_3	Streptococcus_mitis	False	0	0	gyrA
ZJH_N41_1_3	Streptococcus_oralis	False	0	0	gyrA
ZJH_N41_1_3	Streptococcus_pneumoniae	False	0	0	gyrA
ZJH_N41_1_4	Enterococcus_faecalis	False	0	0	gyrA,gyrB
ZJH_N41_1_4	Enterococcus_faecium	False	0	2	gyrA,parC
ZJH_N41_1_4	Escherichia_coli	True	1	719	gyrA,gyrB,parC,parE
ZJH_N41_1_4	Klebsiella_oxytoca	True	2	801	gyrA,gyrB,parC,parE
ZJH_N41_1_4	Klebsiella_pneumoniae	True	2	853	gyrA,gyrB,parE
ZJH_N41_1_4	Pseudomonas_aeruginosa	False	0	56	gyrA,gyrB,parC,parE
ZJH_N41_1_4	Staphylococcus_aureus	False	0	3	gyrA,gyrB
ZJH_N42_1_3	Escherichia_coli	False	0	0	parC
ZJH_N42_1_3	Klebsiella_pneumoniae	False	0	0	parE
ZJH_N42_1_3	Staphylococcus_aureus	False	0	0	gyrA,gyrB
ZJH_N42_1_3	Streptococcus_mitis	False	0	3	gyrB
ZJH_N42_1_3	Streptococcus_oralis	False	0	6	gyrB
ZJH_N42_1_3	Streptococcus_pneumoniae	False	0	3	gyrB
ZJH_N42_1_4	Enterococcus_faecalis	False	0	0	gyrA,gyrB
ZJH_N42_1_4	Enterococcus_faecium	False	0	1	gyrB,parC
ZJH_N42_1_4	Pseudomonas_aeruginosa	False	0	0	parE
ZJH_N42_1_4	Staphylococcus_aureus	True	4	30	gyrA,gyrB,parC,parE
ZJH_N42_1_4	Streptococcus_mitis	False	0	1	gyrA,parC
ZJH_N42_1_4	Streptococcus_oralis	False	0	1	gyrA,gyrB,parC
ZJH_N42_1_4	Streptococcus_pneumoniae	False	0	1	gyrA,gyrB,parC
ZJH_N42_2_2	Enterococcus_faecalis	False	0	0	gyrA,gyrB
ZJH_N42_2_2	Enterococcus_faecium	False	0	0	parC
ZJH_N42_2_2	Escherichia_coli	False	0	8	gyrA,gyrB,parC,parE
ZJH_N42_2_2	Klebsiella_oxytoca	False	0	2	gyrA,gyrB,parC,parE
ZJH_N42_2_2	Klebsiella_pneumoniae	True	1	3	gyrA,gyrB,parE
ZJH_N42_2_2	Pseudomonas_aeruginosa	False	0	5	gyrB,parC
ZJH_N42_2_2	Staphylococcus_aureus	True	6	78	gyrA,gyrB,parC,parE
ZJH_N42_2_2	Streptococcus_mitis	False	0	0	gyrA
ZJH_N42_2_2	Streptococcus_pneumoniae	False	0	0	gyrA
ZJH_N42_2_3	Enterococcus_faecalis	False	0	0	gyrA,gyrB
ZJH_N42_2_3	Enterococcus_faecium	False	0	0	gyrB,parC
ZJH_N42_2_3	Escherichia_coli	False	0	322	gyrA,gyrB,parC,parE
ZJH_N42_2_3	Klebsiella_oxytoca	False	0	226	gyrA,gyrB,parC,parE
ZJH_N42_2_3	Klebsiella_pneumoniae	True	1	238	gyrA,gyrB,parE
ZJH_N42_2_3	Pseudomonas_aeruginosa	False	0	0	parE
ZJH_N42_2_3	Staphylococcus_aureus	True	7	67	gyrA,gyrB,parC,parE
ZJH_N42_2_3	Streptococcus_mitis	False	0	0	parC
ZJH_N42_2_3	Streptococcus_pneumoniae	False	0	0	parC
ZJH_N42_2_4	Enterococcus_faecium	False	0	0	parC
ZJH_N42_2_4	Escherichia_coli	True	5	376	gyrA,gyrB,parC,parE
ZJH_N42_2_4	Klebsiella_oxytoca	True	5	230	gyrA,gyrB,parC,parE
ZJH_N42_2_4	Klebsiella_pneumoniae	True	4	327	gyrA,gyrB,parE
ZJH_N42_2_4	Pseudomonas_aeruginosa	False	0	4	gyrB,parC,parE
ZJH_N42_2_4	Staphylococcus_aureus	False	0	3	gyrA,gyrB,parC,parE
ZJH_N42_2_4	Streptococcus_oralis	False	0	0	gyrA
ZJH_N43_1_2	Staphylococcus_aureus	False	0	5	gyrA,gyrB,parC,parE
ZJH_N43_1_3	Enterococcus_faecalis	False	0	0	gyrA,gyrB
ZJH_N43_1_3	Enterococcus_faecium	False	0	0	gyrA
ZJH_N43_1_3	Escherichia_coli	False	0	3	gyrA,parC
ZJH_N43_1_3	Klebsiella_pneumoniae	False	0	3	gyrA,parE
ZJH_N43_1_3	Pseudomonas_aeruginosa	False	0	0	parC
ZJH_N43_1_3	Staphylococcus_aureus	False	0	2	gyrA,gyrB,parC,parE
ZJH_N43_1_3	Streptococcus_mitis	False	0	0	gyrB
ZJH_N43_1_3	Streptococcus_oralis	False	0	4	gyrB
ZJH_N43_1_3	Streptococcus_pneumoniae	False	0	4	gyrB
ZJH_N43_1_4	Enterococcus_faecalis	True	1	74	gyrA,gyrB,parC,parE
ZJH_N43_1_4	Enterococcus_faecium	True	4	941	gyrA,gyrB,parC,parE
ZJH_N43_1_4	Escherichia_coli	False	0	0	gyrB
ZJH_N43_1_4	Klebsiella_oxytoca	False	0	0	parC,parE
ZJH_N43_1_4	Klebsiella_pneumoniae	False	0	0	parE
ZJH_N43_1_4	Pseudomonas_aeruginosa	False	0	0	gyrA,gyrB,parC,parE
ZJH_N43_1_4	Staphylococcus_aureus	False	0	0	parE
ZJH_N43_1_4	Streptococcus_mitis	False	0	1	gyrA,gyrB,parE
ZJH_N43_1_4	Streptococcus_oralis	False	0	1	gyrA,gyrB,parE
ZJH_N43_1_4	Streptococcus_pneumoniae	False	0	3	gyrA,gyrB,parC,parE
ZJH_N43_2_2	Enterococcus_faecalis	False	0	0	gyrA,gyrB
ZJH_N43_2_2	Enterococcus_faecium	False	0	0	gyrA,gyrB
ZJH_N43_2_2	Escherichia_coli	False	0	0	gyrA,gyrB,parE
ZJH_N43_2_2	Klebsiella_oxytoca	False	0	0	gyrA,gyrB,parE
ZJH_N43_2_2	Klebsiella_pneumoniae	False	0	0	gyrB,parE
ZJH_N43_2_2	Pseudomonas_aeruginosa	False	0	10	gyrA,gyrB,parC,parE
ZJH_N43_2_2	Staphylococcus_aureus	True	1	307	gyrA,gyrB,parC,parE
ZJH_N43_2_2	Streptococcus_mitis	False	0	0	gyrA,gyrB,parC
ZJH_N43_2_2	Streptococcus_oralis	False	0	0	gyrA,gyrB,parC,parE
ZJH_N43_2_2	Streptococcus_pneumoniae	False	0	0	gyrA,gyrB,parC,parE
ZJH_N43_2_3	Enterococcus_faecalis	False	0	0	gyrA,gyrB
ZJH_N43_2_3	Enterococcus_faecium	True	1	19	gyrA,gyrB,parC,parE
ZJH_N43_2_3	Escherichia_coli	False	0	0	gyrB,parE
ZJH_N43_2_3	Klebsiella_oxytoca	False	0	0	gyrB
ZJH_N43_2_3	Klebsiella_pneumoniae	False	0	0	gyrA,gyrB
ZJH_N43_2_3	Pseudomonas_aeruginosa	False	0	3	gyrA
ZJH_N43_2_3	Staphylococcus_aureus	True	27	908	gyrA,gyrB,parC,parE
ZJH_N43_2_3	Streptococcus_mitis	False	0	0	gyrA,parC,parE
ZJH_N43_2_3	Streptococcus_oralis	False	0	0	gyrA,gyrB,parC
ZJH_N43_2_3	Streptococcus_pneumoniae	False	0	0	gyrA,gyrB,parC
ZJH_N43_2_4	Enterococcus_faecalis	False	0	40	gyrA,gyrB,parC,parE
ZJH_N43_2_4	Enterococcus_faecium	True	1	501	gyrA,gyrB,parC,parE
ZJH_N43_2_4	Escherichia_coli	False	0	0	gyrA,gyrB,parC
ZJH_N43_2_4	Klebsiella_oxytoca	False	0	0	gyrB,parC
ZJH_N43_2_4	Klebsiella_pneumoniae	False	0	0	gyrA,gyrB
ZJH_N43_2_4	Pseudomonas_aeruginosa	False	0	4	gyrA,gyrB,parC,parE
ZJH_N43_2_4	Staphylococcus_aureus	True	32	421	gyrA,gyrB,parC,parE
ZJH_N43_2_4	Streptococcus_mitis	False	0	1	gyrA,parC
ZJH_N43_2_4	Streptococcus_oralis	False	0	5	gyrA,gyrB,parC,parE
ZJH_N43_2_4	Streptococcus_pneumoniae	False	0	3	gyrA,gyrB,parC,parE
ZJH_N44_1_2	Enterococcus_faecium	False	0	0	gyrB
ZJH_N44_1_2	Escherichia_coli	False	0	5	gyrA,gyrB,parC,parE
ZJH_N44_1_2	Klebsiella_oxytoca	False	0	3	gyrA,gyrB,parC,parE
ZJH_N44_1_2	Klebsiella_pneumoniae	True	1	3	gyrA,gyrB,parE
ZJH_N44_1_2	Staphylococcus_aureus	True	3	39	gyrA,gyrB,parC,parE
ZJH_N44_1_2	Streptococcus_mitis	False	0	0	parC
ZJH_N44_1_2	Streptococcus_oralis	False	0	0	parC
ZJH_N44_1_2	Streptococcus_pneumoniae	False	0	0	parC
ZJH_N44_1_3	Enterococcus_faecium	False	0	4	gyrA,gyrB,parE
ZJH_N44_1_3	Escherichia_coli	False	0	0	parC
ZJH_N44_1_3	Klebsiella_oxytoca	False	0	0	parC
ZJH_N44_1_3	Klebsiella_pneumoniae	False	0	0	gyrB
ZJH_N44_1_3	Pseudomonas_aeruginosa	False	0	0	parC
ZJH_N44_1_4	Enterococcus_faecalis	False	0	0	gyrA,gyrB
ZJH_N44_1_4	Enterococcus_faecium	False	0	0	gyrA,gyrB,parC,parE
ZJH_N44_1_4	Escherichia_coli	False	0	0	parC
ZJH_N44_1_4	Klebsiella_oxytoca	False	0	0	parC
ZJH_N44_1_4	Pseudomonas_aeruginosa	False	0	0	parC
ZJH_N44_1_4	Staphylococcus_aureus	False	0	0	gyrB
ZJH_N45_1_2	Enterococcus_faecium	False	0	0	gyrB
ZJH_N45_1_2	Escherichia_coli	False	0	1	gyrB
ZJH_N45_1_2	Pseudomonas_aeruginosa	False	0	0	gyrA,parC,parE
ZJH_N45_1_2	Staphylococcus_aureus	False	0	22	gyrA,gyrB,parC,parE
ZJH_N45_1_2	Streptococcus_mitis	False	0	0	gyrA,parE
ZJH_N45_1_2	Streptococcus_oralis	False	0	0	gyrA,parE
ZJH_N45_1_2	Streptococcus_pneumoniae	False	0	0	gyrA
ZJH_N45_1_3	Escherichia_coli	False	0	0	gyrA,parC
ZJH_N45_1_3	Klebsiella_oxytoca	False	0	0	gyrA,parC
ZJH_N45_1_3	Klebsiella_pneumoniae	False	0	0	gyrA
ZJH_N45_1_3	Staphylococcus_aureus	False	0	0	gyrA,gyrB
ZJH_N45_1_3	Streptococcus_mitis	False	0	0	gyrA
ZJH_N45_1_3	Streptococcus_oralis	False	0	0	gyrA
ZJH_N45_1_3	Streptococcus_pneumoniae	False	0	0	gyrA
ZJH_N45_1_4	Enterococcus_faecalis	False	0	0	gyrA,gyrB
ZJH_N45_1_4	Enterococcus_faecium	False	0	0	gyrA,gyrB,parC,parE
ZJH_N45_1_4	Escherichia_coli	False	0	0	gyrA,parC
ZJH_N45_1_4	Klebsiella_oxytoca	False	0	0	gyrA,parC
ZJH_N45_1_4	Klebsiella_pneumoniae	False	0	0	gyrA
ZJH_N45_1_4	Staphylococcus_aureus	True	2	1213	gyrA,gyrB,parC,parE
ZJH_N45_1_4	Streptococcus_mitis	False	0	0	gyrA,parC
ZJH_N45_1_4	Streptococcus_oralis	False	0	0	gyrA,parC
ZJH_N45_1_4	Streptococcus_pneumoniae	False	0	0	gyrA,parC
ZJH_N45_2_2	Enterococcus_faecalis	False	0	8	gyrA,gyrB,parE
ZJH_N45_2_2	Enterococcus_faecium	False	0	6	gyrA,gyrB,parC,parE
ZJH_N45_2_2	Escherichia_coli	False	0	2	gyrA,gyrB,parC
ZJH_N45_2_2	Klebsiella_oxytoca	False	0	0	gyrA,gyrB,parC
ZJH_N45_2_2	Klebsiella_pneumoniae	False	0	2	gyrA,gyrB
ZJH_N45_2_2	Pseudomonas_aeruginosa	False	0	0	gyrA,gyrB,parC,parE
ZJH_N45_2_2	Staphylococcus_aureus	True	157	1801	gyrA,gyrB,parC,parE
ZJH_N45_2_2	Streptococcus_mitis	False	0	0	gyrA,gyrB,parC
ZJH_N45_2_2	Streptococcus_oralis	False	0	6	gyrA,gyrB,parC
ZJH_N45_2_2	Streptococcus_pneumoniae	False	0	0	gyrA,gyrB,parC
ZJH_N45_2_3	Enterococcus_faecalis	False	0	11	gyrA,gyrB,parC,parE
ZJH_N45_2_3	Enterococcus_faecium	True	1	91	gyrA,gyrB,parC,parE
ZJH_N45_2_3	Escherichia_coli	False	0	0	parC,parE
ZJH_N45_2_3	Klebsiella_oxytoca	False	0	0	gyrB,parC,parE
ZJH_N45_2_3	Klebsiella_pneumoniae	True	1	0	gyrA,gyrB,parE
ZJH_N45_2_3	Pseudomonas_aeruginosa	False	0	3	gyrA,gyrB,parC,parE
ZJH_N45_2_3	Staphylococcus_aureus	True	18	1719	gyrA,gyrB,parC,parE
ZJH_N45_2_3	Streptococcus_mitis	False	0	0	parC
ZJH_N45_2_3	Streptococcus_oralis	False	0	0	gyrB,parC
ZJH_N45_2_3	Streptococcus_pneumoniae	False	0	0	gyrB,parC
ZJH_N45_2_4	Enterococcus_faecalis	False	0	18	gyrA,gyrB,parE
ZJH_N45_2_4	Enterococcus_faecium	True	1	38	gyrA,gyrB,parC,parE
ZJH_N45_2_4	Escherichia_coli	True	6	710	gyrA,gyrB,parC,parE
ZJH_N45_2_4	Klebsiella_oxytoca	True	5	469	gyrA,gyrB,parC,parE
ZJH_N45_2_4	Klebsiella_pneumoniae	True	4	514	gyrA,gyrB,parE
ZJH_N45_2_4	Pseudomonas_aeruginosa	False	0	0	gyrB,parC
ZJH_N45_2_4	Staphylococcus_aureus	True	142	636	gyrA,gyrB,parC,parE
ZJH_N45_2_4	Streptococcus_mitis	False	0	4	gyrA,parE
ZJH_N45_2_4	Streptococcus_oralis	False	0	6	gyrA,parC,parE
ZJH_N45_2_4	Streptococcus_pneumoniae	False	0	4	gyrA,gyrB,parC,parE
ZJH_N46_1_2	Enterococcus_faecalis	False	0	46	gyrA,gyrB,parE
ZJH_N46_1_2	Enterococcus_faecium	False	0	0	gyrA,gyrB,parE
ZJH_N46_1_2	Escherichia_coli	False	0	100	gyrA,gyrB
ZJH_N46_1_2	Klebsiella_oxytoca	False	0	0	gyrA,gyrB
ZJH_N46_1_2	Klebsiella_pneumoniae	False	0	100	gyrB,parE
ZJH_N46_1_2	Pseudomonas_aeruginosa	False	0	333	gyrA,gyrB,parC
ZJH_N46_1_2	Staphylococcus_aureus	True	19	307	gyrA,gyrB,parC,parE
ZJH_N46_1_2	Streptococcus_mitis	False	0	0	gyrA,gyrB
ZJH_N46_1_2	Streptococcus_oralis	False	0	109	gyrA,gyrB
ZJH_N46_1_2	Streptococcus_pneumoniae	False	0	63	gyrA,gyrB
ZJH_N46_1_4	Enterococcus_faecalis	False	0	0	gyrA,gyrB
ZJH_N46_1_4	Enterococcus_faecium	False	0	0	gyrB,parE
ZJH_N46_1_4	Klebsiella_oxytoca	False	0	0	gyrA
ZJH_N46_1_4	Pseudomonas_aeruginosa	False	0	0	gyrB
ZJH_N46_1_4	Staphylococcus_aureus	False	0	2	gyrB,parC,parE
ZJH_N46_2_2	Enterococcus_faecalis	False	0	449	gyrA,gyrB,parE
ZJH_N46_2_2	Enterococcus_faecium	False	0	1	gyrA,gyrB,parE
ZJH_N46_2_2	Escherichia_coli	False	0	645	gyrA,gyrB,parC,parE
ZJH_N46_2_2	Klebsiella_oxytoca	False	0	0	gyrA,gyrB,parC,parE
ZJH_N46_2_2	Klebsiella_pneumoniae	False	0	635	gyrA,gyrB,parE
ZJH_N46_2_2	Pseudomonas_aeruginosa	False	0	2770	gyrA,gyrB,parC,parE
ZJH_N46_2_2	Staphylococcus_aureus	False	0	1574	gyrA,gyrB,parC,parE
ZJH_N46_2_2	Streptococcus_mitis	False	0	0	gyrA,gyrB
ZJH_N46_2_2	Streptococcus_oralis	False	0	1253	gyrA,gyrB,parE
ZJH_N46_2_2	Streptococcus_pneumoniae	False	0	761	gyrA,gyrB,parC,parE
ZJH_N46_2_3	Enterococcus_faecalis	True	1	12	gyrA,gyrB,parC,parE
ZJH_N46_2_3	Enterococcus_faecium	True	1	55	gyrA,gyrB
ZJH_N46_2_3	Escherichia_coli	True	3	435	gyrA,gyrB,parC,parE
ZJH_N46_2_3	Klebsiella_oxytoca	True	3	275	gyrA,gyrB,parC,parE
ZJH_N46_2_3	Klebsiella_pneumoniae	False	0	317	gyrA,gyrB,parE
ZJH_N46_2_3	Pseudomonas_aeruginosa	False	0	33	gyrB,parC
ZJH_N46_2_3	Staphylococcus_aureus	True	1	52	gyrA,gyrB,parC,parE
ZJH_N46_2_3	Streptococcus_mitis	False	0	5	gyrA,gyrB,parC
ZJH_N46_2_3	Streptococcus_oralis	False	0	24	gyrA,gyrB
ZJH_N46_2_3	Streptococcus_pneumoniae	False	0	17	gyrA,gyrB,parC
ZJH_N46_2_4	Enterococcus_faecalis	True	1	2	gyrA,gyrB,parC,parE
ZJH_N46_2_4	Enterococcus_faecium	False	0	11	gyrA,gyrB,parC
ZJH_N46_2_4	Escherichia_coli	True	5	653	gyrA,gyrB,parC,parE
ZJH_N46_2_4	Klebsiella_oxytoca	True	3	402	gyrA,gyrB,parC,parE
ZJH_N46_2_4	Klebsiella_pneumoniae	True	3	482	gyrA,gyrB,parE
ZJH_N46_2_4	Pseudomonas_aeruginosa	False	0	2	gyrB,parC,parE
ZJH_N46_2_4	Staphylococcus_aureus	True	7	38	gyrA,gyrB,parC,parE
ZJH_N46_2_4	Streptococcus_mitis	False	0	2	gyrA
ZJH_N46_2_4	Streptococcus_oralis	False	0	4	gyrA
ZJH_N46_2_4	Streptococcus_pneumoniae	False	0	2	gyrA
ZJH_N47_1_2	Enterococcus_faecalis	False	0	2	gyrA,gyrB,parE
ZJH_N47_1_2	Enterococcus_faecium	False	0	0	gyrA,gyrB,parC
ZJH_N47_1_2	Escherichia_coli	False	0	8	gyrA,gyrB
ZJH_N47_1_2	Klebsiella_oxytoca	False	0	0	gyrA,gyrB
ZJH_N47_1_2	Klebsiella_pneumoniae	False	0	8	gyrB
ZJH_N47_1_2	Pseudomonas_aeruginosa	False	0	18	gyrA,gyrB,parC
ZJH_N47_1_2	Staphylococcus_aureus	True	4	339	gyrA,gyrB,parC,parE
ZJH_N47_1_2	Streptococcus_mitis	False	0	0	gyrA,gyrB,parC,parE
ZJH_N47_1_2	Streptococcus_oralis	False	0	21	gyrA,gyrB,parE
ZJH_N47_1_2	Streptococcus_pneumoniae	False	0	9	gyrA,gyrB,parC,parE
ZJH_N47_1_3	Enterococcus_faecium	False	0	0	parE
ZJH_N47_1_3	Escherichia_coli	False	0	0	gyrA
ZJH_N47_1_3	Pseudomonas_aeruginosa	False	0	8	gyrA,gyrB,parC
ZJH_N47_1_3	Staphylococcus_aureus	True	1	2	gyrA,gyrB
ZJH_N47_1_4	Enterococcus_faecalis	False	0	0	gyrA,gyrB
ZJH_N47_1_4	Enterococcus_faecium	False	0	0	gyrA
ZJH_N47_1_4	Escherichia_coli	False	0	12	gyrA,gyrB,parC
ZJH_N47_1_4	Klebsiella_oxytoca	False	0	4	gyrB,parC
ZJH_N47_1_4	Klebsiella_pneumoniae	False	0	6	gyrA,gyrB
ZJH_N47_1_4	Pseudomonas_aeruginosa	False	0	10	gyrA,gyrB,parC
ZJH_N47_1_4	Staphylococcus_aureus	False	0	2	gyrA,gyrB,parC,parE
ZJH_N47_1_4	Streptococcus_mitis	False	0	0	parC
ZJH_N47_1_4	Streptococcus_oralis	False	0	0	gyrA,parC
ZJH_N47_1_4	Streptococcus_pneumoniae	False	0	0	parC
ZJH_N47_2_2	Enterococcus_faecalis	False	0	7	gyrA,gyrB,parE
ZJH_N47_2_2	Enterococcus_faecium	False	0	0	gyrA,gyrB
ZJH_N47_2_2	Escherichia_coli	False	0	16	gyrA,gyrB,parC
ZJH_N47_2_2	Klebsiella_oxytoca	False	0	4	gyrA,gyrB,parC
ZJH_N47_2_2	Klebsiella_pneumoniae	False	0	16	gyrA,gyrB
ZJH_N47_2_2	Pseudomonas_aeruginosa	False	0	30	gyrA,gyrB,parC,parE
ZJH_N47_2_2	Staphylococcus_aureus	False	0	43	gyrA,gyrB,parC,parE
ZJH_N47_2_2	Streptococcus_mitis	False	0	0	gyrB,parC,parE
ZJH_N47_2_2	Streptococcus_oralis	False	0	0	gyrB,parE
ZJH_N47_2_2	Streptococcus_pneumoniae	False	0	0	gyrB,parC,parE
ZJH_N47_2_3	Enterococcus_faecalis	False	0	3	gyrA,gyrB
ZJH_N47_2_3	Enterococcus_faecium	False	0	0	parE
ZJH_N47_2_3	Escherichia_coli	False	0	12	gyrA,gyrB
ZJH_N47_2_3	Klebsiella_oxytoca	False	0	0	gyrB
ZJH_N47_2_3	Klebsiella_pneumoniae	False	0	12	gyrB,parE
ZJH_N47_2_3	Pseudomonas_aeruginosa	False	0	32	gyrA,gyrB,parC
ZJH_N47_2_3	Staphylococcus_aureus	False	0	1	gyrA,gyrB,parC
ZJH_N47_2_3	Streptococcus_mitis	False	0	0	gyrB
ZJH_N47_2_3	Streptococcus_oralis	False	0	0	gyrB
ZJH_N47_2_3	Streptococcus_pneumoniae	False	0	0	gyrB
ZJH_N47_2_4	Escherichia_coli	False	0	0	parC
ZJH_N47_2_4	Klebsiella_oxytoca	False	0	0	parC
ZJH_N47_2_4	Klebsiella_pneumoniae	False	0	0	gyrB
ZJH_N47_2_4	Pseudomonas_aeruginosa	False	0	0	parC,parE
ZJH_N47_2_4	Staphylococcus_aureus	True	6	13	gyrA,gyrB,parC,parE
ZJH_N47_2_4	Streptococcus_pneumoniae	False	0	0	parC
ZJH_N48_1_3	Enterococcus_faecalis	False	0	3	gyrA,gyrB,parE
ZJH_N48_1_3	Enterococcus_faecium	True	1	72	gyrA,gyrB,parC,parE
ZJH_N48_1_3	Escherichia_coli	False	0	1	gyrA,gyrB,parE
ZJH_N48_1_3	Klebsiella_oxytoca	False	0	0	gyrB,parC
ZJH_N48_1_3	Klebsiella_pneumoniae	False	0	1	gyrA,gyrB,parE
ZJH_N48_1_3	Pseudomonas_aeruginosa	False	0	0	gyrA,gyrB,parC
ZJH_N48_1_3	Staphylococcus_aureus	True	14	366	gyrA,gyrB,parC,parE
ZJH_N48_1_3	Streptococcus_mitis	False	0	13	gyrA,gyrB,parC,parE
ZJH_N48_1_3	Streptococcus_oralis	False	0	13	gyrA,gyrB,parC,parE
ZJH_N48_1_3	Streptococcus_pneumoniae	False	0	13	gyrA,gyrB,parC,parE
ZJH_N48_1_4	Enterococcus_faecalis	False	0	0	gyrA,gyrB
ZJH_N48_1_4	Enterococcus_faecium	False	0	6	gyrA,gyrB,parC,parE
ZJH_N48_1_4	Klebsiella_oxytoca	False	0	0	parE
ZJH_N48_1_4	Klebsiella_pneumoniae	False	0	0	gyrB,parE
ZJH_N48_1_4	Pseudomonas_aeruginosa	False	0	0	gyrB
ZJH_N48_1_4	Staphylococcus_aureus	True	2	38	gyrA,gyrB,parC,parE
ZJH_N48_1_4	Streptococcus_mitis	False	0	22	gyrA,gyrB,parC,parE
ZJH_N48_1_4	Streptococcus_oralis	False	0	29	gyrA,gyrB,parC,parE
ZJH_N48_1_4	Streptococcus_pneumoniae	False	0	27	gyrA,gyrB,parC,parE
ZJH_N48_2_2	Enterococcus_faecalis	False	0	1	gyrA,gyrB,parE
ZJH_N48_2_2	Enterococcus_faecium	False	0	0	gyrB,parC
ZJH_N48_2_2	Escherichia_coli	False	0	5	gyrA,gyrB,parC
ZJH_N48_2_2	Klebsiella_oxytoca	False	0	0	gyrA,gyrB,parC,parE
ZJH_N48_2_2	Klebsiella_pneumoniae	False	0	5	gyrA,gyrB,parE
ZJH_N48_2_2	Pseudomonas_aeruginosa	False	0	11	gyrA,gyrB,parC
ZJH_N48_2_2	Staphylococcus_aureus	True	14	167	gyrA,gyrB,parC,parE
ZJH_N48_2_2	Streptococcus_mitis	False	0	0	gyrB,parC,parE
ZJH_N48_2_2	Streptococcus_oralis	False	0	20	gyrA,gyrB,parC,parE
ZJH_N48_2_2	Streptococcus_pneumoniae	False	0	15	gyrB,parC,parE
ZJH_N48_2_4	Enterococcus_faecalis	True	1	512	gyrA,gyrB,parC,parE
ZJH_N48_2_4	Enterococcus_faecium	True	1	5753	gyrA,gyrB,parC,parE
ZJH_N48_2_4	Escherichia_coli	True	3	40	gyrA,gyrB,parC
ZJH_N48_2_4	Klebsiella_oxytoca	True	4	9	gyrA,gyrB,parC
ZJH_N48_2_4	Klebsiella_pneumoniae	True	5	36	gyrA,gyrB
ZJH_N48_2_4	Pseudomonas_aeruginosa	False	0	31	gyrA,gyrB,parE
ZJH_N48_2_4	Staphylococcus_aureus	True	9	139	gyrA,gyrB,parC,parE
ZJH_N48_2_4	Streptococcus_mitis	False	0	416	gyrA,gyrB,parC,parE
ZJH_N48_2_4	Streptococcus_oralis	False	0	674	gyrA,gyrB,parC,parE
ZJH_N48_2_4	Streptococcus_pneumoniae	False	0	465	gyrA,gyrB,parC,parE
ZJH_N49_1_2	Enterococcus_faecalis	False	0	0	gyrA,gyrB
ZJH_N49_1_2	Enterococcus_faecium	False	0	0	gyrB,parC
ZJH_N49_1_2	Escherichia_coli	False	0	0	gyrA,gyrB
ZJH_N49_1_2	Klebsiella_oxytoca	False	0	0	gyrA,gyrB,parC
ZJH_N49_1_2	Klebsiella_pneumoniae	False	0	0	gyrA,gyrB,parE
ZJH_N49_1_2	Pseudomonas_aeruginosa	False	0	0	gyrA,gyrB,parC
ZJH_N49_1_2	Staphylococcus_aureus	True	15	743	gyrA,gyrB,parC,parE
ZJH_N49_1_2	Streptococcus_mitis	True	1	5	gyrA
ZJH_N49_1_2	Streptococcus_oralis	True	1	5	gyrA,gyrB
ZJH_N49_1_2	Streptococcus_pneumoniae	False	0	5	gyrA,gyrB
ZJH_N49_1_3	Staphylococcus_aureus	False	0	3	gyrB
ZJH_N49_1_4	Enterococcus_faecalis	False	0	4	gyrA,gyrB,parE
ZJH_N49_1_4	Enterococcus_faecium	False	0	0	gyrA,gyrB,parC,parE
ZJH_N49_1_4	Escherichia_coli	False	0	8	gyrA,gyrB
ZJH_N49_1_4	Klebsiella_oxytoca	False	0	0	gyrA,gyrB
ZJH_N49_1_4	Klebsiella_pneumoniae	False	0	8	gyrA,gyrB,parE
ZJH_N49_1_4	Pseudomonas_aeruginosa	False	0	13	gyrA,gyrB
ZJH_N49_1_4	Staphylococcus_aureus	False	0	3	gyrA,parE
ZJH_N49_1_4	Streptococcus_mitis	False	0	4	gyrA,parC,parE
ZJH_N49_1_4	Streptococcus_oralis	False	0	4	gyrA,parC,parE
ZJH_N49_1_4	Streptococcus_pneumoniae	False	0	0	parC
ZJH_N49_2_2	Enterococcus_faecalis	False	0	0	gyrA,gyrB,parE
ZJH_N49_2_2	Enterococcus_faecium	False	0	20	gyrA,gyrB,parC
ZJH_N49_2_2	Escherichia_coli	False	0	57	gyrA,gyrB,parC,parE
ZJH_N49_2_2	Klebsiella_oxytoca	False	0	4	gyrA,gyrB,parC,parE
ZJH_N49_2_2	Klebsiella_pneumoniae	False	0	31	gyrA,gyrB,parE
ZJH_N49_2_2	Pseudomonas_aeruginosa	False	0	17	gyrA,gyrB,parC,parE
ZJH_N49_2_2	Staphylococcus_aureus	True	5	72	gyrA,gyrB,parC,parE
ZJH_N49_2_2	Streptococcus_mitis	False	0	7	gyrA,gyrB,parC,parE
ZJH_N49_2_2	Streptococcus_oralis	False	0	11	gyrA,gyrB,parE
ZJH_N49_2_2	Streptococcus_pneumoniae	False	0	11	gyrA,gyrB,parC,parE
ZJH_N49_2_4	Enterococcus_faecalis	False	0	0	gyrA,gyrB,parE
ZJH_N49_2_4	Enterococcus_faecium	True	1	15	gyrA,gyrB,parC,parE
ZJH_N49_2_4	Escherichia_coli	True	9	1172	gyrA,gyrB,parC,parE
ZJH_N49_2_4	Klebsiella_oxytoca	True	2	1447	gyrA,gyrB,parC,parE
ZJH_N49_2_4	Klebsiella_pneumoniae	True	1	455	gyrA,gyrB,parE
ZJH_N49_2_4	Pseudomonas_aeruginosa	True	3	140	gyrA,gyrB,parC,parE
ZJH_N49_2_4	Staphylococcus_aureus	False	0	0	gyrA,gyrB,parC
ZJH_N49_2_4	Streptococcus_oralis	False	0	0	gyrA,parC
ZJH_N50_1_2	Escherichia_coli	False	0	0	parC
ZJH_N50_1_2	Klebsiella_oxytoca	False	0	0	parC
ZJH_N50_1_2	Pseudomonas_aeruginosa	False	0	0	parC
ZJH_N50_1_2	Staphylococcus_aureus	False	0	0	parC
ZJH_N50_1_2	Streptococcus_mitis	False	0	0	parC
ZJH_N50_1_3	Enterococcus_faecalis	False	0	6	gyrA,gyrB,parC,parE
ZJH_N50_1_3	Enterococcus_faecium	True	1	11	gyrA,gyrB
ZJH_N50_1_3	Escherichia_coli	False	0	325	gyrA,gyrB,parC,parE
ZJH_N50_1_3	Klebsiella_oxytoca	True	8	211	gyrA,gyrB,parC,parE
ZJH_N50_1_3	Klebsiella_pneumoniae	True	3	220	gyrA,gyrB,parE
ZJH_N50_1_3	Pseudomonas_aeruginosa	False	0	9	gyrB,parE
ZJH_N50_1_3	Staphylococcus_aureus	False	0	9	gyrA,gyrB,parC
ZJH_N50_1_3	Streptococcus_mitis	False	0	2	gyrA,gyrB
ZJH_N50_1_3	Streptococcus_oralis	False	0	26	gyrA,gyrB
ZJH_N50_1_3	Streptococcus_pneumoniae	False	0	10	gyrA,gyrB
ZJH_N50_1_4	Enterococcus_faecalis	False	0	0	gyrA,gyrB
ZJH_N50_1_4	Escherichia_coli	False	0	319	gyrA,gyrB,parC,parE
ZJH_N50_1_4	Klebsiella_oxytoca	True	4	212	gyrA,gyrB,parC,parE
ZJH_N50_1_4	Klebsiella_pneumoniae	True	5	235	gyrA,gyrB,parE
ZJH_N50_1_4	Pseudomonas_aeruginosa	False	0	0	gyrB
ZJH_N50_1_4	Staphylococcus_aureus	False	0	0	gyrB
ZJH_N50_1_4	Streptococcus_oralis	False	0	0	gyrA
ZJH_N50_1_4	Streptococcus_pneumoniae	False	0	0	gyrA
ZJH_N50_2_2	Enterococcus_faecalis	False	0	42	gyrA,gyrB,parE
ZJH_N50_2_2	Enterococcus_faecium	False	0	0	gyrA,gyrB,parC,parE
ZJH_N50_2_2	Escherichia_coli	False	0	69	gyrA,gyrB,parC
ZJH_N50_2_2	Klebsiella_oxytoca	False	0	0	gyrA,gyrB,parC,parE
ZJH_N50_2_2	Klebsiella_pneumoniae	False	0	68	gyrA,gyrB,parE
ZJH_N50_2_2	Pseudomonas_aeruginosa	False	0	307	gyrA,gyrB,parC
ZJH_N50_2_2	Staphylococcus_aureus	True	8	164	gyrA,gyrB,parC,parE
ZJH_N50_2_2	Streptococcus_mitis	False	0	0	gyrA,gyrB,parC,parE
ZJH_N50_2_2	Streptococcus_oralis	False	0	85	gyrA,gyrB,parC,parE
ZJH_N50_2_2	Streptococcus_pneumoniae	False	0	58	gyrA,gyrB,parC,parE
ZJH_N50_2_3	Enterococcus_faecalis	True	1	312	gyrA,gyrB,parC,parE
ZJH_N50_2_3	Enterococcus_faecium	True	1	1175	gyrA,gyrB,parC,parE
ZJH_N50_2_3	Escherichia_coli	False	0	564	gyrA,gyrB,parC,parE
ZJH_N50_2_3	Klebsiella_oxytoca	True	5	61	gyrA,gyrB,parC,parE
ZJH_N50_2_3	Klebsiella_pneumoniae	True	1	527	gyrA,gyrB,parE
ZJH_N50_2_3	Pseudomonas_aeruginosa	True	3	1628	gyrA,gyrB,parE
ZJH_N50_2_3	Staphylococcus_aureus	True	3	997	gyrA,gyrB,parC,parE
ZJH_N50_2_3	Streptococcus_mitis	False	0	223	gyrA,gyrB,parC,parE
ZJH_N50_2_3	Streptococcus_oralis	False	0	878	gyrA,gyrB,parC,parE
ZJH_N50_2_3	Streptococcus_pneumoniae	False	0	565	gyrA,gyrB,parC,parE
ZJH_N50_2_4	Enterococcus_faecalis	True	1	29	gyrA,gyrB,parC,parE
ZJH_N50_2_4	Enterococcus_faecium	True	1	530	gyrA,gyrB,parC,parE
ZJH_N50_2_4	Escherichia_coli	False	0	432	gyrA,gyrB,parC,parE
ZJH_N50_2_4	Klebsiella_oxytoca	False	0	303	gyrA,gyrB,parC,parE
ZJH_N50_2_4	Klebsiella_pneumoniae	True	2	323	gyrA,gyrB,parE
ZJH_N50_2_4	Pseudomonas_aeruginosa	False	0	0	gyrB,parC
ZJH_N50_2_4	Staphylococcus_aureus	False	0	6	gyrA,gyrB,parC
ZJH_N50_2_4	Streptococcus_mitis	True	4	8	gyrA,gyrB,parC,parE
ZJH_N50_2_4	Streptococcus_oralis	False	0	8	gyrA,gyrB,parE
ZJH_N50_2_4	Streptococcus_pneumoniae	False	0	4	gyrA,gyrB,parC,parE
ZJH_N51_1_2	Enterococcus_faecalis	False	0	44	gyrA,gyrB,parE
ZJH_N51_1_2	Enterococcus_faecium	False	0	0	gyrA,gyrB,parC,parE
ZJH_N51_1_2	Escherichia_coli	False	0	61	gyrA,gyrB,parE
ZJH_N51_1_2	Klebsiella_oxytoca	False	0	0	gyrA,gyrB,parE
ZJH_N51_1_2	Klebsiella_pneumoniae	False	0	61	gyrA,gyrB,parE
ZJH_N51_1_2	Pseudomonas_aeruginosa	False	0	204	gyrA,gyrB,parC,parE
ZJH_N51_1_2	Staphylococcus_aureus	True	9	385	gyrA,gyrB,parC,parE
ZJH_N51_1_2	Streptococcus_mitis	True	2	6	gyrA,gyrB,parC
ZJH_N51_1_2	Streptococcus_oralis	True	4	108	gyrA,gyrB,parC,parE
ZJH_N51_1_2	Streptococcus_pneumoniae	False	0	99	gyrA,gyrB,parC,parE
ZJH_N51_1_3	Enterococcus_faecalis	False	0	0	gyrA,gyrB
ZJH_N51_1_3	Enterococcus_faecium	False	0	6	gyrA,gyrB
ZJH_N51_1_3	Escherichia_coli	True	2	335	gyrA,gyrB,parC,parE
ZJH_N51_1_3	Klebsiella_oxytoca	False	0	219	gyrA,gyrB,parC,parE
ZJH_N51_1_3	Klebsiella_pneumoniae	True	2	241	gyrA,gyrB,parE
ZJH_N51_1_3	Pseudomonas_aeruginosa	False	0	1	gyrA,gyrB,parC
ZJH_N51_1_3	Staphylococcus_aureus	True	2	15	gyrA,gyrB,parC,parE
ZJH_N51_1_3	Streptococcus_oralis	False	0	0	gyrA,gyrB
ZJH_N51_1_3	Streptococcus_pneumoniae	False	0	0	gyrB,parC
ZJH_N51_1_4	Enterococcus_faecalis	False	0	4	gyrA,gyrB
ZJH_N51_1_4	Escherichia_coli	True	3	647	gyrA,gyrB,parC,parE
ZJH_N51_1_4	Klebsiella_oxytoca	False	0	387	gyrA,gyrB,parC,parE
ZJH_N51_1_4	Klebsiella_pneumoniae	True	7	503	gyrA,gyrB,parE
ZJH_N51_1_4	Pseudomonas_aeruginosa	True	1	7	gyrA,gyrB,parC
ZJH_N51_1_4	Staphylococcus_aureus	True	6	14	gyrA,gyrB,parC,parE
ZJH_N51_1_4	Streptococcus_mitis	False	0	2	gyrB,parE
ZJH_N51_1_4	Streptococcus_oralis	False	0	2	parC,parE
ZJH_N51_1_4	Streptococcus_pneumoniae	False	0	2	gyrA,parC,parE
ZJH_N51_2_3	Enterococcus_faecalis	True	1	1025	gyrA,gyrB,parC,parE
ZJH_N51_2_3	Enterococcus_faecium	True	1	7607	gyrA,gyrB,parC,parE
ZJH_N51_2_3	Escherichia_coli	False	0	175	gyrA,gyrB,parC,parE
ZJH_N51_2_3	Klebsiella_oxytoca	False	0	263	gyrA,gyrB,parC,parE
ZJH_N51_2_3	Klebsiella_pneumoniae	True	2	162	gyrA,gyrB,parE
ZJH_N51_2_3	Pseudomonas_aeruginosa	False	0	397	gyrA,gyrB,parE
ZJH_N51_2_3	Staphylococcus_aureus	False	0	381	gyrA,gyrB,parC,parE
ZJH_N51_2_3	Streptococcus_mitis	True	4	9	gyrA,gyrB,parC,parE
ZJH_N51_2_3	Streptococcus_oralis	True	4	726	gyrA,gyrB,parC,parE
ZJH_N51_2_3	Streptococcus_pneumoniae	False	0	720	gyrA,gyrB,parC,parE
ZJH_N51_2_4	Enterococcus_faecalis	False	0	9	gyrA,gyrB,parC,parE
ZJH_N51_2_4	Enterococcus_faecium	True	1	30	gyrA,gyrB,parC,parE
ZJH_N51_2_4	Escherichia_coli	True	9	713	gyrA,gyrB,parC,parE
ZJH_N51_2_4	Klebsiella_oxytoca	False	0	408	gyrA,gyrB,parC,parE
ZJH_N51_2_4	Klebsiella_pneumoniae	True	11	548	gyrA,gyrB,parE
ZJH_N51_2_4	Pseudomonas_aeruginosa	False	0	6	gyrA,gyrB,parC,parE
ZJH_N51_2_4	Staphylococcus_aureus	False	0	0	gyrA,gyrB,parE
ZJH_N51_2_4	Streptococcus_mitis	False	0	7	gyrA,gyrB,parC,parE
ZJH_N51_2_4	Streptococcus_oralis	False	0	7	gyrA,gyrB,parC,parE
ZJH_N51_2_4	Streptococcus_pneumoniae	False	0	4	gyrA,gyrB,parC,parE
ZJH_N52_1_2	Enterococcus_faecium	False	0	0	gyrA
ZJH_N52_1_2	Escherichia_coli	False	0	0	gyrA
ZJH_N52_1_2	Pseudomonas_aeruginosa	False	0	0	gyrA,gyrB,parC
ZJH_N52_1_2	Staphylococcus_aureus	True	5	32	gyrA,gyrB,parC,parE
ZJH_N52_1_2	Streptococcus_mitis	False	0	0	gyrA
ZJH_N52_1_2	Streptococcus_oralis	False	0	0	gyrA,parC,parE
ZJH_N52_1_2	Streptococcus_pneumoniae	False	0	0	gyrA
ZJH_N52_1_3	Escherichia_coli	False	0	0	parC
ZJH_N52_1_3	Klebsiella_oxytoca	False	0	0	parC
ZJH_N52_1_3	Staphylococcus_aureus	False	0	0	gyrA,gyrB
ZJH_N52_1_4	Enterococcus_faecalis	False	0	51	gyrA,gyrB,parC,parE
ZJH_N52_1_4	Enterococcus_faecium	True	1	319	gyrA,gyrB,parC,parE
ZJH_N52_1_4	Escherichia_coli	False	0	46	gyrA,gyrB,parC,parE
ZJH_N52_1_4	Klebsiella_oxytoca	False	0	2	gyrA,gyrB,parC,parE
ZJH_N52_1_4	Klebsiella_pneumoniae	True	1	30	gyrA,gyrB,parE
ZJH_N52_1_4	Pseudomonas_aeruginosa	False	0	151	gyrA,gyrB,parC,parE
ZJH_N52_1_4	Staphylococcus_aureus	True	834	3104	gyrA,gyrB,parC,parE
ZJH_N52_1_4	Streptococcus_mitis	False	0	137	gyrA,gyrB,parC,parE
ZJH_N52_1_4	Streptococcus_oralis	False	0	238	gyrA,gyrB,parC,parE
ZJH_N52_1_4	Streptococcus_pneumoniae	False	0	183	gyrA,gyrB,parC,parE
ZJH_N52_2_2	Enterococcus_faecalis	False	0	12	gyrA,gyrB,parE
ZJH_N52_2_2	Enterococcus_faecium	False	0	0	gyrA,gyrB,parC
ZJH_N52_2_2	Escherichia_coli	False	0	36	gyrA,gyrB,parC,parE
ZJH_N52_2_2	Klebsiella_oxytoca	False	0	6	gyrA,gyrB,parC,parE
ZJH_N52_2_2	Klebsiella_pneumoniae	False	0	35	gyrA,gyrB,parE
ZJH_N52_2_2	Pseudomonas_aeruginosa	False	0	87	gyrA,gyrB,parC,parE
ZJH_N52_2_2	Staphylococcus_aureus	True	48	1104	gyrA,gyrB,parC,parE
ZJH_N52_2_2	Streptococcus_mitis	False	0	0	gyrA,gyrB,parC,parE
ZJH_N52_2_2	Streptococcus_oralis	False	0	33	gyrA,gyrB,parC,parE
ZJH_N52_2_2	Streptococcus_pneumoniae	False	0	11	gyrA,gyrB,parC,parE
ZJH_N52_2_3	Enterococcus_faecalis	False	0	0	gyrA,gyrB,parE
ZJH_N52_2_3	Enterococcus_faecium	False	0	10	gyrA,gyrB,parC
ZJH_N52_2_3	Escherichia_coli	False	0	2	gyrA,gyrB,parC,parE
ZJH_N52_2_3	Klebsiella_oxytoca	False	0	3	gyrA,gyrB,parC,parE
ZJH_N52_2_3	Klebsiella_pneumoniae	False	0	2	gyrA,gyrB,parE
ZJH_N52_2_3	Pseudomonas_aeruginosa	False	0	0	parE
ZJH_N52_2_3	Staphylococcus_aureus	True	31	89	gyrA,gyrB,parC,parE
ZJH_N52_2_3	Streptococcus_pneumoniae	False	0	0	parC
ZJH_N52_2_4	Enterococcus_faecalis	False	0	24	gyrA,gyrB,parE
ZJH_N52_2_4	Enterococcus_faecium	False	0	2	gyrB,parC,parE
ZJH_N52_2_4	Escherichia_coli	False	0	0	gyrB
ZJH_N52_2_4	Klebsiella_oxytoca	False	0	0	gyrB
ZJH_N52_2_4	Klebsiella_pneumoniae	True	1	0	gyrA,gyrB,parE
ZJH_N52_2_4	Pseudomonas_aeruginosa	False	0	0	parC
ZJH_N52_2_4	Staphylococcus_aureus	True	161	684	gyrA,gyrB,parC,parE
ZJH_N52_2_4	Streptococcus_mitis	True	2	4	gyrA,gyrB,parC,parE
ZJH_N52_2_4	Streptococcus_oralis	True	2	2	gyrA,gyrB,parC,parE
ZJH_N52_2_4	Streptococcus_pneumoniae	False	0	2	gyrA,gyrB,parC,parE
ZJH_N53_1_4	Enterococcus_faecalis	True	23	1247	gyrA,gyrB,parC,parE
ZJH_N53_1_4	Enterococcus_faecium	True	1	2303	gyrA,gyrB,parC,parE
ZJH_N53_1_4	Escherichia_coli	False	0	0	gyrB
ZJH_N53_1_4	Klebsiella_oxytoca	False	0	0	gyrB,parE
ZJH_N53_1_4	Klebsiella_pneumoniae	True	1	0	gyrA,gyrB,parE
ZJH_N53_1_4	Pseudomonas_aeruginosa	False	0	0	gyrB,parC,parE
ZJH_N53_1_4	Staphylococcus_aureus	True	299	1227	gyrA,gyrB,parC,parE
ZJH_N53_1_4	Streptococcus_mitis	False	0	734	gyrA,gyrB,parC,parE
ZJH_N53_1_4	Streptococcus_oralis	True	2	1178	gyrA,gyrB,parC,parE
ZJH_N53_1_4	Streptococcus_pneumoniae	False	0	768	gyrA,gyrB,parC,parE
ZJH_N53_2_2	Enterococcus_faecalis	False	0	75	gyrA,gyrB,parE
ZJH_N53_2_2	Enterococcus_faecium	False	0	12	gyrA,gyrB,parE
ZJH_N53_2_2	Escherichia_coli	False	0	78	gyrA,gyrB,parC,parE
ZJH_N53_2_2	Klebsiella_oxytoca	False	0	60	gyrA,gyrB,parC,parE
ZJH_N53_2_2	Klebsiella_pneumoniae	True	1	64	gyrA,gyrB,parE
ZJH_N53_2_2	Pseudomonas_aeruginosa	False	0	106	gyrA,gyrB,parC,parE
ZJH_N53_2_2	Staphylococcus_aureus	False	0	133	gyrA,gyrB,parC,parE
ZJH_N53_2_2	Streptococcus_mitis	False	0	20	gyrA,gyrB,parC,parE
ZJH_N53_2_2	Streptococcus_oralis	False	0	50	gyrA,gyrB,parC,parE
ZJH_N53_2_2	Streptococcus_pneumoniae	False	0	44	gyrA,gyrB,parC
ZJH_N53_2_3	Enterococcus_faecalis	False	0	21	gyrA,gyrB,parC,parE
ZJH_N53_2_3	Enterococcus_faecium	False	0	3	gyrA,gyrB,parC,parE
ZJH_N53_2_3	Escherichia_coli	False	0	195	gyrA,gyrB,parC,parE
ZJH_N53_2_3	Klebsiella_oxytoca	False	0	49	gyrA,gyrB,parC,parE
ZJH_N53_2_3	Klebsiella_pneumoniae	True	1	57	gyrA,gyrB,parE
ZJH_N53_2_3	Pseudomonas_aeruginosa	False	0	104	gyrA,gyrB,parC,parE
ZJH_N53_2_3	Staphylococcus_aureus	True	7	162	gyrA,gyrB,parC,parE
ZJH_N53_2_3	Streptococcus_mitis	False	0	0	gyrA,gyrB
ZJH_N53_2_3	Streptococcus_oralis	False	0	59	gyrA,gyrB,parC
ZJH_N53_2_3	Streptococcus_pneumoniae	False	0	33	gyrA,gyrB
ZJH_N53_2_4	Enterococcus_faecalis	False	0	96	gyrA,gyrB,parC,parE
ZJH_N53_2_4	Enterococcus_faecium	True	1	283	gyrA,gyrB,parC,parE
ZJH_N53_2_4	Escherichia_coli	True	7	606	gyrA,gyrB,parC,parE
ZJH_N53_2_4	Klebsiella_oxytoca	False	0	273	gyrA,gyrB,parC,parE
ZJH_N53_2_4	Klebsiella_pneumoniae	True	4	367	gyrA,gyrB,parE
ZJH_N53_2_4	Pseudomonas_aeruginosa	False	0	35	gyrA,gyrB,parC,parE
ZJH_N53_2_4	Staphylococcus_aureus	True	6	130	gyrA,gyrB,parC,parE
ZJH_N53_2_4	Streptococcus_mitis	False	0	14	gyrA,gyrB,parE
ZJH_N53_2_4	Streptococcus_oralis	False	0	17	gyrA,gyrB,parC,parE
ZJH_N53_2_4	Streptococcus_pneumoniae	False	0	9	gyrA,gyrB,parC,parE
ZJH_N54_1_2	Enterococcus_faecalis	False	0	0	gyrA,gyrB,parC
ZJH_N54_1_2	Enterococcus_faecium	False	0	0	gyrA,gyrB,parC
ZJH_N54_1_2	Escherichia_coli	False	0	4	gyrA,gyrB
ZJH_N54_1_2	Klebsiella_oxytoca	False	0	4	gyrA,gyrB
ZJH_N54_1_2	Klebsiella_pneumoniae	False	0	4	gyrA,gyrB,parE
ZJH_N54_1_2	Pseudomonas_aeruginosa	False	0	6	gyrA,gyrB,parC,parE
ZJH_N54_1_2	Staphylococcus_aureus	True	21	5878	gyrA,gyrB,parC,parE
ZJH_N54_1_2	Streptococcus_mitis	False	0	0	gyrA,parC,parE
ZJH_N54_1_2	Streptococcus_oralis	False	0	3	gyrA,gyrB,parC,parE
ZJH_N54_1_2	Streptococcus_pneumoniae	False	0	0	gyrA,parC,parE
ZJH_N54_1_3	Pseudomonas_aeruginosa	False	0	0	gyrA,gyrB,parC,parE
ZJH_N54_1_3	Staphylococcus_aureus	True	1	122	gyrA,gyrB,parC,parE
ZJH_N54_1_3	Streptococcus_mitis	False	0	0	gyrA,parC
ZJH_N54_1_3	Streptococcus_oralis	False	0	0	gyrA,parC
ZJH_N54_1_3	Streptococcus_pneumoniae	False	0	0	parC
ZJH_N54_1_4	Enterococcus_faecalis	False	0	0	gyrA,gyrB
ZJH_N54_1_4	Enterococcus_faecium	False	0	0	parC,parE
ZJH_N54_1_4	Escherichia_coli	False	0	0	gyrA,gyrB,parC,parE
ZJH_N54_1_4	Klebsiella_oxytoca	False	0	6	gyrA,gyrB,parC,parE
ZJH_N54_1_4	Klebsiella_pneumoniae	False	0	0	gyrA,gyrB,parE
ZJH_N54_1_4	Pseudomonas_aeruginosa	False	0	0	gyrA,gyrB,parC,parE
ZJH_N54_1_4	Staphylococcus_aureus	True	13	63	gyrA,gyrB,parC,parE
ZJH_N54_1_4	Streptococcus_mitis	False	0	0	gyrA,gyrB,parC
ZJH_N54_1_4	Streptococcus_oralis	False	0	0	gyrB,parE
ZJH_N54_1_4	Streptococcus_pneumoniae	False	0	0	gyrB,parC,parE
ZJH_N54_2_2	Enterococcus_faecalis	False	0	17	gyrA,gyrB,parC
ZJH_N54_2_2	Enterococcus_faecium	False	0	2	gyrA,gyrB,parC
ZJH_N54_2_2	Escherichia_coli	False	0	12	gyrA,gyrB,parC,parE
ZJH_N54_2_2	Klebsiella_oxytoca	False	0	10	gyrA,gyrB,parC,parE
ZJH_N54_2_2	Klebsiella_pneumoniae	False	0	7	gyrA,gyrB,parE
ZJH_N54_2_2	Pseudomonas_aeruginosa	False	0	1	gyrA,gyrB,parC,parE
ZJH_N54_2_2	Staphylococcus_aureus	True	1	159	gyrA,gyrB,parC,parE
ZJH_N54_2_2	Streptococcus_mitis	False	0	1	gyrA,parC,parE
ZJH_N54_2_2	Streptococcus_oralis	False	0	1	gyrA,parC,parE
ZJH_N54_2_2	Streptococcus_pneumoniae	False	0	1	gyrA,parC,parE
ZJH_N54_2_3	Enterococcus_faecium	False	0	6	gyrA,gyrB,parE
ZJH_N54_2_3	Escherichia_coli	False	0	1	gyrA,gyrB,parE
ZJH_N54_2_3	Klebsiella_oxytoca	False	0	0	gyrA,gyrB,parC,parE
ZJH_N54_2_3	Klebsiella_pneumoniae	False	0	0	gyrA,gyrB
ZJH_N54_2_3	Pseudomonas_aeruginosa	False	0	0	gyrA,gyrB,parC,parE
ZJH_N54_2_3	Staphylococcus_aureus	True	3	44	gyrA,gyrB,parC,parE
ZJH_N54_2_3	Streptococcus_mitis	False	0	0	parC
ZJH_N54_2_3	Streptococcus_oralis	False	0	3	gyrA
ZJH_N54_2_3	Streptococcus_pneumoniae	False	0	0	parC
ZJH_N54_2_4	Enterococcus_faecalis	False	0	26	gyrA,gyrB,parC,parE
ZJH_N54_2_4	Enterococcus_faecium	False	0	19	gyrA,gyrB,parC,parE
ZJH_N54_2_4	Escherichia_coli	False	0	21	gyrA,gyrB
ZJH_N54_2_4	Klebsiella_oxytoca	False	0	0	gyrA,gyrB,parC
ZJH_N54_2_4	Klebsiella_pneumoniae	True	1	21	gyrA,gyrB,parE
ZJH_N54_2_4	Pseudomonas_aeruginosa	False	0	2	gyrA,gyrB,parE
ZJH_N54_2_4	Staphylococcus_aureus	True	272	1259	gyrA,gyrB,parC,parE
ZJH_N54_2_4	Streptococcus_mitis	False	0	0	gyrA,parC
ZJH_N54_2_4	Streptococcus_oralis	False	0	1	gyrA,gyrB,parC
ZJH_N54_2_4	Streptococcus_pneumoniae	False	0	0	gyrA,gyrB,parC
ZJH_N55_1_2	Enterococcus_faecalis	False	0	90	gyrA,gyrB,parE
ZJH_N55_1_2	Enterococcus_faecium	True	1	15	gyrA,gyrB,parC,parE
ZJH_N55_1_2	Escherichia_coli	False	0	24	gyrA,gyrB,parC,parE
ZJH_N55_1_2	Klebsiella_oxytoca	False	0	10	gyrA,gyrB,parC,parE
ZJH_N55_1_2	Klebsiella_pneumoniae	False	0	2	gyrA,gyrB,parE
ZJH_N55_1_2	Pseudomonas_aeruginosa	False	0	267	gyrA,gyrB,parC,parE
ZJH_N55_1_2	Staphylococcus_aureus	False	0	58	gyrA,gyrB,parE
ZJH_N55_1_2	Streptococcus_mitis	False	0	5	gyrA,gyrB,parC,parE
ZJH_N55_1_2	Streptococcus_oralis	False	0	48	gyrA,gyrB,parC,parE
ZJH_N55_1_2	Streptococcus_pneumoniae	False	0	47	gyrA,gyrB,parC,parE
ZJH_N55_1_3	Enterococcus_faecalis	True	1	192	gyrA,gyrB,parC,parE
ZJH_N55_1_3	Enterococcus_faecium	True	1	597	gyrA,gyrB,parC,parE
ZJH_N55_1_3	Escherichia_coli	False	0	10	gyrA,gyrB,parC
ZJH_N55_1_3	Klebsiella_oxytoca	False	0	0	gyrA,gyrB,parC
ZJH_N55_1_3	Klebsiella_pneumoniae	False	0	0	gyrA,gyrB
ZJH_N55_1_3	Pseudomonas_aeruginosa	False	0	314	gyrA,gyrB,parC,parE
ZJH_N55_1_3	Staphylococcus_aureus	False	0	48	gyrA,gyrB,parC,parE
ZJH_N55_1_3	Streptococcus_mitis	False	0	119	gyrA,gyrB,parC,parE
ZJH_N55_1_3	Streptococcus_oralis	False	0	223	gyrA,gyrB,parC,parE
ZJH_N55_1_3	Streptococcus_pneumoniae	False	0	142	gyrA,gyrB,parC,parE
ZJH_N55_1_4	Enterococcus_faecalis	True	43	2548	gyrA,gyrB,parC,parE
ZJH_N55_1_4	Enterococcus_faecium	True	3	3747	gyrA,gyrB,parC,parE
ZJH_N55_1_4	Escherichia_coli	False	0	47	gyrA,gyrB
ZJH_N55_1_4	Klebsiella_oxytoca	False	0	0	gyrA
ZJH_N55_1_4	Klebsiella_pneumoniae	False	0	18	gyrA
ZJH_N55_1_4	Pseudomonas_aeruginosa	False	0	302	gyrA,gyrB,parC,parE
ZJH_N55_1_4	Staphylococcus_aureus	True	7	111	gyrA,gyrB,parC,parE
ZJH_N55_1_4	Streptococcus_mitis	False	0	1047	gyrA,gyrB,parC,parE
ZJH_N55_1_4	Streptococcus_oralis	False	0	1742	gyrA,gyrB,parC,parE
ZJH_N55_1_4	Streptococcus_pneumoniae	False	0	1172	gyrA,gyrB,parC,parE
ZJH_N55_2_2	Enterococcus_faecalis	True	1	93	gyrA,gyrB,parE
ZJH_N55_2_2	Enterococcus_faecium	True	1	29	gyrA,gyrB,parC,parE
ZJH_N55_2_2	Escherichia_coli	False	0	37	gyrA,gyrB,parC,parE
ZJH_N55_2_2	Klebsiella_oxytoca	False	0	10	gyrA,gyrB,parC,parE
ZJH_N55_2_2	Klebsiella_pneumoniae	False	0	21	gyrA,gyrB,parE
ZJH_N55_2_2	Pseudomonas_aeruginosa	False	0	274	gyrA,gyrB,parC,parE
ZJH_N55_2_2	Staphylococcus_aureus	True	2	186	gyrA,gyrB,parC,parE
ZJH_N55_2_2	Streptococcus_mitis	True	7	250	gyrA,gyrB,parC,parE
ZJH_N55_2_2	Streptococcus_oralis	True	3	441	gyrA,gyrB,parC,parE
ZJH_N55_2_2	Streptococcus_pneumoniae	False	0	417	gyrA,gyrB,parC,parE
ZJH_N55_2_3	Enterococcus_faecalis	False	0	0	gyrA,gyrB
ZJH_N55_2_3	Enterococcus_faecium	False	0	6	gyrA,gyrB,parE
ZJH_N55_2_3	Escherichia_coli	True	21	29	gyrA,gyrB,parC,parE
ZJH_N55_2_3	Klebsiella_oxytoca	True	13	31	gyrA,parC,parE
ZJH_N55_2_3	Klebsiella_pneumoniae	True	5	12	gyrA,parE
ZJH_N55_2_3	Pseudomonas_aeruginosa	False	0	0	gyrA,gyrB,parC,parE
ZJH_N55_2_3	Staphylococcus_aureus	False	0	27	gyrA,gyrB
ZJH_N55_2_3	Streptococcus_mitis	False	0	0	gyrA
ZJH_N55_2_3	Streptococcus_oralis	False	0	0	gyrB
ZJH_N55_2_3	Streptococcus_pneumoniae	False	0	0	gyrB
ZJH_N55_2_4	Enterococcus_faecalis	False	0	769	gyrA,gyrB,parC,parE
ZJH_N55_2_4	Enterococcus_faecium	True	1	173	gyrA,gyrB,parC,parE
ZJH_N55_2_4	Escherichia_coli	True	1012	2047	gyrA,gyrB,parC,parE
ZJH_N55_2_4	Klebsiella_oxytoca	True	529	1966	gyrA,gyrB,parC,parE
ZJH_N55_2_4	Klebsiella_pneumoniae	True	388	1116	gyrA,gyrB,parE
ZJH_N55_2_4	Pseudomonas_aeruginosa	True	1	398	gyrA,gyrB,parC,parE
ZJH_N55_2_4	Staphylococcus_aureus	False	0	1010	gyrA,gyrB,parC,parE
ZJH_N55_2_4	Streptococcus_mitis	False	0	152	gyrA,gyrB,parC,parE
ZJH_N55_2_4	Streptococcus_oralis	False	0	411	gyrA,gyrB,parC,parE
ZJH_N55_2_4	Streptococcus_pneumoniae	False	0	165	gyrA,gyrB,parC,parE
ZJH_N56_1_2	Enterococcus_faecium	False	0	5	gyrB
ZJH_N56_1_2	Escherichia_coli	False	0	0	gyrB,parC
ZJH_N56_1_2	Klebsiella_oxytoca	False	0	0	gyrB
ZJH_N56_1_2	Klebsiella_pneumoniae	False	0	0	gyrB
ZJH_N56_1_2	Staphylococcus_aureus	True	7	11	gyrA,gyrB,parC,parE
ZJH_N56_1_2	Streptococcus_mitis	False	0	0	parC
ZJH_N56_1_2	Streptococcus_pneumoniae	False	0	0	parC
ZJH_N56_1_3	Enterococcus_faecium	False	0	0	parE
ZJH_N56_1_3	Pseudomonas_aeruginosa	False	0	0	parC
ZJH_N56_1_3	Staphylococcus_aureus	False	0	0	gyrA
ZJH_N56_1_4	Enterococcus_faecalis	False	0	0	gyrA,gyrB
ZJH_N56_1_4	Klebsiella_pneumoniae	False	0	0	parE
ZJH_N56_1_4	Pseudomonas_aeruginosa	False	0	0	gyrA,gyrB,parC,parE
ZJH_N56_1_4	Staphylococcus_aureus	False	0	8	gyrA,gyrB,parC,parE
ZJH_N56_1_4	Streptococcus_mitis	False	0	0	gyrA
ZJH_N56_1_4	Streptococcus_pneumoniae	False	0	0	parE
ZJH_N56_2_2	Enterococcus_faecalis	False	0	112	gyrA,gyrB,parE
ZJH_N56_2_2	Enterococcus_faecium	True	1	21	gyrA,gyrB,parC,parE
ZJH_N56_2_2	Escherichia_coli	False	0	23	gyrA,gyrB
ZJH_N56_2_2	Klebsiella_oxytoca	False	0	14	gyrA,gyrB,parC
ZJH_N56_2_2	Klebsiella_pneumoniae	False	0	2	gyrA,gyrB
ZJH_N56_2_2	Pseudomonas_aeruginosa	False	0	476	gyrA,gyrB,parC,parE
ZJH_N56_2_2	Staphylococcus_aureus	True	81	2071	gyrA,gyrB,parC,parE
ZJH_N56_2_2	Streptococcus_mitis	True	11	26	gyrA,gyrB,parC,parE
ZJH_N56_2_2	Streptococcus_oralis	True	5	140	gyrA,gyrB,parC,parE
ZJH_N56_2_2	Streptococcus_pneumoniae	False	0	133	gyrA,gyrB,parC,parE
ZJH_N56_2_3	Escherichia_coli	False	0	32	gyrA,gyrB,parC,parE
ZJH_N56_2_3	Klebsiella_oxytoca	True	17	34	gyrA,gyrB,parC,parE
ZJH_N56_2_3	Klebsiella_pneumoniae	False	0	0	gyrA,gyrB,parE
ZJH_N56_2_3	Pseudomonas_aeruginosa	False	0	0	parC
ZJH_N56_2_3	Staphylococcus_aureus	False	0	0	gyrA
ZJH_N56_2_4	Enterococcus_faecalis	False	0	422	gyrA,gyrB,parC,parE
ZJH_N56_2_4	Enterococcus_faecium	False	0	122	gyrA,gyrB,parC,parE
ZJH_N56_2_4	Escherichia_coli	True	2	890	gyrA,gyrB,parC,parE
ZJH_N56_2_4	Klebsiella_oxytoca	True	126	783	gyrA,gyrB,parC,parE
ZJH_N56_2_4	Klebsiella_pneumoniae	True	98	469	gyrA,gyrB,parE
ZJH_N56_2_4	Pseudomonas_aeruginosa	True	1	300	gyrA,gyrB,parC,parE
ZJH_N56_2_4	Staphylococcus_aureus	False	0	627	gyrA,gyrB,parC,parE
ZJH_N56_2_4	Streptococcus_mitis	True	31	123	gyrA,gyrB,parC,parE
ZJH_N56_2_4	Streptococcus_oralis	True	13	213	gyrA,gyrB,parC,parE
ZJH_N56_2_4	Streptococcus_pneumoniae	False	0	76	gyrA,gyrB,parC,parE
ZJH_N57_1_2	Enterococcus_faecalis	False	0	0	gyrA,gyrB
ZJH_N57_1_2	Escherichia_coli	False	0	0	gyrB,parC,parE
ZJH_N57_1_2	Klebsiella_oxytoca	False	0	3	gyrB,parC,parE
ZJH_N57_1_2	Klebsiella_pneumoniae	False	0	3	gyrA,gyrB,parE
ZJH_N57_1_2	Pseudomonas_aeruginosa	False	0	0	gyrA,gyrB,parC,parE
ZJH_N57_1_2	Staphylococcus_aureus	True	2	127	gyrA,gyrB,parC,parE
ZJH_N57_1_3	Enterococcus_faecium	False	0	0	gyrA
ZJH_N57_1_3	Escherichia_coli	False	0	0	gyrA,gyrB,parC
ZJH_N57_1_3	Klebsiella_oxytoca	False	0	0	gyrB,parC,parE
ZJH_N57_1_3	Klebsiella_pneumoniae	False	0	0	gyrA,gyrB,parE
ZJH_N57_1_3	Pseudomonas_aeruginosa	False	0	2	gyrA,gyrB,parC,parE
ZJH_N57_1_3	Staphylococcus_aureus	False	0	3	gyrA,gyrB,parC
ZJH_N57_1_3	Streptococcus_mitis	False	0	0	gyrA
ZJH_N57_1_3	Streptococcus_oralis	False	0	0	gyrA
ZJH_N57_1_4	Enterococcus_faecium	False	0	4	gyrA,parC
ZJH_N57_1_4	Escherichia_coli	True	8	1026	gyrA,gyrB,parC,parE
ZJH_N57_1_4	Klebsiella_oxytoca	True	276	1083	gyrA,gyrB,parC,parE
ZJH_N57_1_4	Klebsiella_pneumoniae	True	177	376	gyrA,gyrB,parE
ZJH_N57_1_4	Pseudomonas_aeruginosa	True	1	65	gyrA,gyrB,parC,parE
ZJH_N57_1_4	Staphylococcus_aureus	False	0	11	gyrA,gyrB,parC,parE
ZJH_N57_1_4	Streptococcus_pneumoniae	False	0	0	parE
ZJH_N58_1_2	Enterococcus_faecalis	False	0	2	gyrA,gyrB,parE
ZJH_N58_1_2	Enterococcus_faecium	False	0	6	gyrA,gyrB
ZJH_N58_1_2	Escherichia_coli	False	0	60	gyrA,gyrB,parC,parE
ZJH_N58_1_2	Klebsiella_oxytoca	False	0	61	gyrA,gyrB,parC,parE
ZJH_N58_1_2	Klebsiella_pneumoniae	False	0	39	gyrA,gyrB,parE
ZJH_N58_1_2	Pseudomonas_aeruginosa	False	0	12	gyrA,gyrB,parC
ZJH_N58_1_2	Staphylococcus_aureus	False	0	13	gyrA,gyrB
ZJH_N58_1_2	Streptococcus_mitis	False	0	0	gyrB
ZJH_N58_1_2	Streptococcus_oralis	False	0	6	gyrA,gyrB,parC
ZJH_N58_1_2	Streptococcus_pneumoniae	False	0	0	gyrA,gyrB
ZJH_N58_1_3	Escherichia_coli	False	0	27	gyrA,gyrB,parC,parE
ZJH_N58_1_3	Klebsiella_oxytoca	False	0	23	gyrA,gyrB,parC,parE
ZJH_N58_1_3	Klebsiella_pneumoniae	False	0	17	gyrA,gyrB,parE
ZJH_N58_1_3	Pseudomonas_aeruginosa	False	0	0	gyrA,gyrB,parC,parE
ZJH_N58_1_3	Staphylococcus_aureus	False	0	5	gyrB
ZJH_N58_1_4	Enterococcus_faecalis	False	0	0	gyrA,gyrB,parC
ZJH_N58_1_4	Enterococcus_faecium	False	0	7	gyrA,gyrB,parC
ZJH_N58_1_4	Escherichia_coli	True	1	695	gyrA,gyrB,parC,parE
ZJH_N58_1_4	Klebsiella_oxytoca	True	129	748	gyrA,gyrB,parC,parE
ZJH_N58_1_4	Klebsiella_pneumoniae	True	102	318	gyrA,gyrB,parE
ZJH_N58_1_4	Pseudomonas_aeruginosa	True	3	117	gyrA,gyrB,parC,parE
ZJH_N58_1_4	Staphylococcus_aureus	False	0	0	gyrB
ZJH_N58_1_4	Streptococcus_mitis	False	0	0	gyrB,parC
ZJH_N58_1_4	Streptococcus_oralis	False	0	3	gyrA,gyrB
ZJH_N58_1_4	Streptococcus_pneumoniae	False	0	0	parC
ZJH_N58_2_2	Enterococcus_faecalis	False	0	6	gyrA,gyrB
ZJH_N58_2_2	Enterococcus_faecium	False	0	4	gyrA,gyrB,parC,parE
ZJH_N58_2_2	Escherichia_coli	False	0	2	gyrA,gyrB,parC
ZJH_N58_2_2	Klebsiella_oxytoca	False	0	1	gyrA,parC,parE
ZJH_N58_2_2	Klebsiella_pneumoniae	False	0	1	gyrA,parE
ZJH_N58_2_2	Pseudomonas_aeruginosa	False	0	52	gyrA,gyrB,parC,parE
ZJH_N58_2_2	Staphylococcus_aureus	True	2	12	gyrA,gyrB,parC,parE
ZJH_N58_2_2	Streptococcus_mitis	True	13	15	gyrA,gyrB,parC,parE
ZJH_N58_2_2	Streptococcus_oralis	False	0	2	gyrA,gyrB,parE
ZJH_N58_2_2	Streptococcus_pneumoniae	False	0	4	gyrA,gyrB,parC,parE
ZJH_N58_2_3	Enterococcus_faecalis	True	1	38	gyrA,gyrB,parC,parE
ZJH_N58_2_3	Enterococcus_faecium	True	1	23	gyrA,gyrB,parC,parE
ZJH_N58_2_3	Escherichia_coli	False	0	360	gyrA,gyrB,parC,parE
ZJH_N58_2_3	Klebsiella_oxytoca	True	128	382	gyrA,gyrB,parC,parE
ZJH_N58_2_3	Klebsiella_pneumoniae	True	80	93	gyrA,gyrB,parE
ZJH_N58_2_3	Pseudomonas_aeruginosa	True	1	41	gyrA,gyrB,parC,parE
ZJH_N58_2_3	Staphylococcus_aureus	True	9	43	gyrA,gyrB,parC,parE
ZJH_N58_2_3	Streptococcus_mitis	False	0	0	gyrA,gyrB
ZJH_N58_2_3	Streptococcus_oralis	False	0	0	gyrA,gyrB,parC,parE
ZJH_N58_2_3	Streptococcus_pneumoniae	False	0	0	gyrA,gyrB,parC
ZJH_N58_2_4	Enterococcus_faecalis	False	0	1414	gyrA,gyrB,parC,parE
ZJH_N58_2_4	Enterococcus_faecium	False	0	500	gyrA,gyrB,parC,parE
ZJH_N58_2_4	Escherichia_coli	False	0	2002	gyrA,gyrB,parC,parE
ZJH_N58_2_4	Klebsiella_oxytoca	True	216	1482	gyrA,gyrB,parC,parE
ZJH_N58_2_4	Klebsiella_pneumoniae	True	147	971	gyrA,gyrB,parE
ZJH_N58_2_4	Pseudomonas_aeruginosa	True	1	383	gyrA,gyrB,parC,parE
ZJH_N58_2_4	Staphylococcus_aureus	True	28	2409	gyrA,gyrB,parC,parE
ZJH_N58_2_4	Streptococcus_mitis	True	24	137	gyrA,gyrB,parC,parE
ZJH_N58_2_4	Streptococcus_oralis	False	0	541	gyrA,gyrB,parC,parE
ZJH_N58_2_4	Streptococcus_pneumoniae	False	0	137	gyrA,gyrB,parC,parE
ZJH_N59_1_2	Enterococcus_faecium	False	0	0	parC
ZJH_N59_1_2	Escherichia_coli	False	0	0	parC,parE
ZJH_N59_1_2	Klebsiella_oxytoca	False	0	0	parC,parE
ZJH_N59_1_2	Klebsiella_pneumoniae	False	0	0	gyrA,gyrB,parE
ZJH_N59_1_2	Pseudomonas_aeruginosa	False	0	0	parC
ZJH_N59_1_2	Staphylococcus_aureus	False	0	44	gyrA,gyrB,parC,parE
ZJH_N59_1_3	Enterococcus_faecalis	False	0	0	gyrA,gyrB,parE
ZJH_N59_1_3	Enterococcus_faecium	False	0	0	parC
ZJH_N59_1_3	Escherichia_coli	True	2	320	gyrA,gyrB,parC,parE
ZJH_N59_1_3	Klebsiella_oxytoca	False	0	159	gyrA,gyrB,parC,parE
ZJH_N59_1_3	Klebsiella_pneumoniae	True	6	188	gyrA,gyrB,parE
ZJH_N59_1_3	Pseudomonas_aeruginosa	True	1	1	gyrA,gyrB
ZJH_N59_1_3	Staphylococcus_aureus	True	1	72	gyrA,gyrB,parC,parE
ZJH_N59_1_3	Streptococcus_mitis	False	0	0	parE
ZJH_N59_1_3	Streptococcus_oralis	False	0	0	parE
ZJH_N59_1_3	Streptococcus_pneumoniae	False	0	0	parC,parE
ZJH_N59_1_4	Escherichia_coli	True	8	559	gyrA,gyrB,parC,parE
ZJH_N59_1_4	Klebsiella_oxytoca	True	4	272	gyrA,gyrB,parC,parE
ZJH_N59_1_4	Klebsiella_pneumoniae	False	0	419	gyrA,gyrB,parE
ZJH_N59_1_4	Pseudomonas_aeruginosa	False	0	3	gyrA,gyrB,parC,parE
ZJH_N59_1_4	Staphylococcus_aureus	False	0	0	gyrA
ZJH_N59_1_4	Streptococcus_mitis	False	0	0	gyrA,parC
ZJH_N59_1_4	Streptococcus_oralis	False	0	0	gyrA,parC
ZJH_N59_1_4	Streptococcus_pneumoniae	False	0	0	parC
ZJH_N59_2_3	Enterococcus_faecalis	False	0	0	gyrA,gyrB
ZJH_N59_2_3	Enterococcus_faecium	False	0	0	gyrB,parC
ZJH_N59_2_3	Escherichia_coli	False	0	154	gyrA,gyrB,parC,parE
ZJH_N59_2_3	Klebsiella_oxytoca	False	0	57	gyrA,gyrB,parC,parE
ZJH_N59_2_3	Klebsiella_pneumoniae	False	0	80	gyrA,gyrB,parE
ZJH_N59_2_3	Pseudomonas_aeruginosa	False	0	4	gyrA,gyrB,parC
ZJH_N59_2_3	Staphylococcus_aureus	False	0	130	gyrA,gyrB,parC,parE
ZJH_N59_2_4	Escherichia_coli	False	0	244	gyrA,gyrB,parC,parE
ZJH_N59_2_4	Klebsiella_oxytoca	True	6	146	gyrA,gyrB,parC,parE
ZJH_N59_2_4	Klebsiella_pneumoniae	True	3	164	gyrA,gyrB,parE
ZJH_N59_2_4	Pseudomonas_aeruginosa	True	2	6	gyrA,gyrB,parC,parE
