sample_name	MerP_Gneg	aadA1	aafC	abaF	acrF	adeC	adeD	adeE	agg3C	aggC	aggD	ail	air	alo	alpha-1	alpha-5	amvA	ariR	arsA	arsB_R773	arsB_pI258	arsB_pYV	arsC_gluta	arsC_thio	arsD	arsH	arsN2	arsP	arsR_R46	arsR_pI258	arsR_pKW301	arsR_pSX267	arsR_pYV	aut	bepD	bepE	bepG	beta-4	bimA_Bm	bind_CopB	blaEC	blaEC-5	blaEC-8	bonA	bont_DC	cadC_Lm	cadC_Sa	cadR	capA	capB	capC	capD	cesB	cesC	cesD	chrA	chrR_I	clpL	cnf1	cnrA	cnrC	cnrT	copA_Ehir	copB_Ehir	copC_Psyr	copR	copS	cpb2	cueA	cvaB	cytK1	dpsA	eat(A)	eatA	ehxA	eilA	emhA	emhB	emhC	emrD	emrD3	entFM	epeA	epsilon-1	epsilon-2	epsilon-7	espC	espF	espP	espX1	f17a	farB	fdeC	gamma-1	gamma-5	golS	golT	gyrA	hblD	hld	hlyE	hmrM	ibeA	iha	inhA1	inhA2	inlK	inl_lmo0610	iota-1	ireA	iroD	iroE	iroN	iss	iucB	iucC	iucD	iutA	kdeA	lambda-2	lmrC_abcf	lmrS	lpfA-O113	lpfA1	mchF	mco	mdsA	mdsB	mdtM	mepA	merA	merB	merB1	merC	merD	merE	merF	merR_Bc1	merR_Bc2	merR_Ps	merT	merT_pI258	mexA	mexE	mexX	mrdH	mreA	mtrA_Ngon	mtrC	mtrF	mtrR	multi_CopA	ncrA	ncrB	ncrC	ncrY	nfaE	nheB	nheC	nirB	nirD	norM-Burk	nreB	pet	pfoA	pic_auto	plcA	plcR	pmrA	qacR	ranA	ranB	rho-1	rho-3	rpeA	sab	sat_auto	scn	sdeA	sdeB	seb	sec2	sed	see	seh	sej	sek	selV	selX	senB	sep	sepA	sigA	silA	silB	silC	silE	silP	sinH	sodC1	sph	splA	splB	splE	srpA	srpB	srpC	srpR	srpS	sslE	tbtA	tbtB	tbtM	tccC	tccP	tccP2	tcrB	terB	terC	terD	terE	terW	terZ	tir	tsh	ttgA	ttgB	ttgD	ttgE	ttgR	vac_auto	virF_Yersin	ybtQ	yfeA	yfeB	yfeD	ymoA
N01_1_2	0.0	0.0	0.0	0.0185574	0.042404	0.0	0.0425582	0.0192374	0.0	0.0	0.0	0.0	0.0	0.0	0.008489	0.0	0.0	0.0	0.546552	3.83209	13.0737	2.5238	0.0280974	6.46836	0.230817	0.0	0.0	0.328277	0.0	3.95183	0.0	3.95183	0.0	0.0	0.0	0.0568892	0.0371147	0.0	32.8029	0.0242543	0.0	0.0	0.0	0.00655807	0.0	0.0	0.616315	0.0	0.0	1.58735	4.41541	0.0377111	0.306452	2.33651	0.0148321	0.0	0.0	5.08774	0.0	0.0296366	0.0	0.0	10.4788	3.74381	0.0	2.21848	0.629543	0.0	3.55985	0.262564	0.0	0.0	0.477824	0.00875603	0.0	0.0	0.0	0.0113455	0.00819267	0.0202017	0.0	0.0	0.0264033	0.0	0.0	0.0	0.0	0.0	0.00920022	0.0	0.0	0.0	0.0	0.0	0.230429	0.0	3.18977	0.0	0.0	0.0	0.0	1.65599	0.0	0.011465	0.0	0.0	0.0	0.0	0.0	0.0	0.0	0.0	0.1706	0.0	0.0	0.0	0.0	0.0	0.0	0.0	2.72264	9.82942	0.0	0.0	0.262564	4.37761	0.00975509	0.075565	0.0	0.0353082	0.567972	0.0	0.0	0.0	0.0	0.0	0.0	3.38986	0.0	0.0	0.0	0.0	0.0	0.0	0.0401998	0.0	0.0	0.0132114	0.0	0.0	0.0	0.0	0.0	0.0	0.0	0.0	0.0	0.0	0.0	0.0	0.0	0.0	0.0	0.0	0.0	0.0261724	0.0	0.0	3.62077	8.48631	0.785642	0.094248	0.0	0.0	0.0194784	0.172744	0.0	0.0	0.0	0.0190355	0.0	0.0	0.0	0.0	0.0	0.0	0.0	0.0	0.0	0.0	0.0	0.0526132	0.0	0.0304277	0.0185143	0.0	0.0	4.75394	0.0	0.0	1.25933	0.0	0.0	0.0	0.0	0.0569976	0.0254129	0.0	0.0	0.0262316	0.0	0.0533502	0.0	0.0	0.0236085	0.0115647	11.2961	0.0	0.0	0.0	0.0	0.0	0.0	0.0141233	0.115815	0.0414528	0.034166	0.0	0.00762145	0.0	0.0492572	0.0	0.531092	1.13642	1.18217	1.13804	0.0
N01_1_3	0.148748	0.0	0.0	0.0477378	0.370218	0.0513916	0.0729858	0.128667	0.0	0.0	0.0	0.0	0.00116606	0.0	0.00727917	0.0	0.0138792	0.0	1.15993	3.6599	14.6396	2.56193	0.289116	8.57895	0.226196	0.22025	0.0	0.454718	0.0	8.9929	0.0	8.53674	0.0	0.0	0.0	0.117076	0.101841	0.0	29.9063	0.0161759	0.0362033	0.0362033	0.0362033	0.00692115	0.0	0.0	0.0	0.0	0.0	1.58185	4.17388	0.00646732	0.331661	1.9918	0.0	0.0	0.0	1.46554	0.0	0.136594	0.0163304	0.0	9.06527	1.37582	0.0	2.34471	0.392598	0.0	2.62807	0.195777	0.0	0.0839561	0.375582	0.00500543	0.0	0.0	0.0531795	0.223757	0.0632257	0.0346452	0.0	0.0	0.00503119	0.0	0.0	0.0	0.00261961	0.0412194	0.0	0.137137	0.0	0.0	0.0193152	0.0	0.0073181	0.132434	2.20159	0.0	0.0	0.0	0.0681969	0.132434	0.0	0.00981696	0.0	0.00855303	0.00571154	0.0	0.0	0.0100182	0.0	0.0	0.0471891	0.139641	0.0	0.0	0.0	0.0	0.0249723	0.0	2.34704	10.7473	0.0	0.0	0.195777	6.65769	0.0250945	0.233264	0.0582688	0.340607	0.0541141	0.0	0.0	0.0	0.112171	0.0	0.0	0.0	0.0	0.424702	0.175447	0.0	0.0089094	0.0	0.051706	0.0271525	0.0	0.0339855	0.0	0.0256271	0.0	0.021966	0.0237035	0.0	0.0181497	0.0	0.0	0.0	0.0	0.0	0.0	0.0	0.0	0.0	0.0	0.0224423	0.0	0.0	0.0513182	14.0831	0.528372	0.107755	0.0	0.0	0.00556747	0.0501714	0.0	0.0	0.0345577	0.124052	0.0	0.0	0.0	0.0	0.0565489	0.0	0.0	0.11404	0.167706	0.0	0.0	0.00250822	0.00266035	0.23156	0.0635028	0.066647	0.0	3.76955	0.0	0.0384406	1.63492	0.115973	0.298114	0.0858881	0.0178653	0.192239	0.246966	0.0	0.0	0.0247425	0.026798	0.19279	0.0430341	0.0	0.0	0.0	2.48772	0.0	0.0	0.035453	0.0712752	0.0	0.0352702	0.0121105	0.0198619	0.0266588	0.231119	0.0	0.0588174	0.0	0.00496908	0.012578	0.455402	0.116512	0.161269	0.0459223	0.0
N01_1_4	0.0	0.0	0.708455	0.0	49.5657	0.0	0.0	14.2687	0.0	0.627159	3.01996	2.74399	0.0	0.0	0.0	0.170365	2.14481	8.92975	69.0247	101.535	185.182	85.0354	54.4789	67.1075	31.1213	16.0153	0.0	11.8303	38.1273	42.0032	26.821	41.5159	0.159389	2.89304	0.0	3.14831	3.06191	0.0	18.8186	1.49178	7.77837	7.77837	7.74228	0.649065	0.0	0.0	0.0	0.0	0.0	20.4216	44.0465	0.0322395	3.06246	24.776	0.0	0.0	2.7178	27.7229	0.0	0.0	0.0	0.0	31.5839	27.7356	0.0537155	49.929	8.50155	0.0	22.5301	5.62633	0.0	0.0	8.46266	0.0	0.0	0.0	7.3609	18.0149	2.66151	20.7678	0.0	0.0	0.0	0.0	0.0	0.0	0.0	0.0136985	0.0	0.0	0.0	3.29701	0.0	0.0	0.00729612	0.0	18.3422	0.00388489	0.25142	0.13119	0.0	0.0366767	0.0	0.901741	0.0	0.0	0.0	0.0	0.0	1.74292	0.0	0.0	5.88092	0.0	5.05164	6.08215	7.13543	3.71382	23.6525	0.0	29.5903	125.354	4.46457	0.0	5.62145	48.9171	0.0	8.06867	1.73451	0.626344	0.245779	0.0	0.0	0.0	36.4019	30.6552	0.0	0.0	0.0	0.0	0.0	0.0	10.1795	1.30684	0.352263	0.0	0.0	0.0	1.83348	0.0	1.77821	13.485	0.0	0.0	0.0	0.0	3.16337	0.0	0.0	0.0	0.0	0.0	0.0	0.0	0.0	0.0	0.0	0.0	0.886843	53.2394	7.21696	0.0	0.170004	0.173621	0.0	0.0	0.0	0.0	9.23364	15.2613	0.0	0.0	0.0	0.0	0.0	0.0	0.0	0.0	0.0	0.0	0.0	0.0	0.0	58.9776	62.8213	56.1106	64.0024	61.4671	0.0	0.0191626	13.6739	0.115625	0.0283065	0.0713585	6.62594	16.2588	2.77365	0.0	0.0	0.0	4.5865	16.68	2.54569	0.0	0.0	0.0	10.7221	26.3225	57.9466	57.0139	45.4258	27.3531	23.6142	0.00610185	0.0	8.20396	23.5942	6.18065	5.95855	1.64889	0.0	0.0250804	6.46432	6.06154	15.0334	7.09657	13.7942
N01_2_2	0.0981098	0.0	0.0	0.0	0.422962	0.0	0.0361044	0.139265	0.0	0.0	0.0356763	0.0	0.0	0.0	0.0	0.0	0.0183085	0.0	5.54858	27.2252	84.6984	22.1454	0.381385	57.9517	3.87899	0.29054	0.0	2.69926	0.152985	38.9412	0.0	38.3824	0.0	0.0472571	0.0	0.0857994	0.0881619	0.0	15.3015	0.0213383	0.0238786	0.0238786	0.0238786	0.0285311	0.0	0.0	0.0	0.0	0.0	9.96753	24.0395	0.00853129	1.8594	8.63971	0.0	0.0	0.410277	11.8043	0.0	0.0921886	0.0	0.0	73.9818	14.1502	0.0	16.1458	0.146211	0.0	26.0943	1.09114	0.0	0.0553749	1.63046	0.0	0.0	0.0	0.0584592	0.171111	0.0556023	0.205658	0.0	0.0106944	0.0	0.0	0.0	0.0	0.0	0.0181247	0.0	0.0190424	0.0	0.0443325	0.0127397	0.0	0.0337875	0.0582329	23.5175	0.0	0.0	0.0	0.0	0.0388219	0.0	0.0	0.0	0.0	0.0	0.0	0.0	0.0462538	0.0	0.0	0.0248996	0.184206	0.0	0.0	0.0	0.0431576	0.153729	0.0	11.8191	61.963	0.0	0.0	1.10405	30.6946	0.0220687	0.119664	0.120787	1.44777	0.0158631	0.0	0.0	0.0	0.0739844	0.0	0.0	0.37326	0.0	0.186747	0.0771462	0.0	0.0705164	0.0	0.0341037	0.191029	0.0	0.0	0.021855	0.042257	0.0	0.0869287	0.083382	0.0	0.167593	0.0	0.0363956	0.0	0.0	0.0	0.0	0.0	0.0216453	0.0	0.0	0.0	0.0	0.0	1.33135	34.8627	3.58953	0.0355358	0.0	0.0	0.0	0.0157579	0.0	0.0	0.102569	0.107659	0.0676112	0.0338056	0.0696996	0.0	0.0	0.100663	0.0	0.338479	0.176982	0.0	0.0	0.0	0.0	0.49906	0.251307	0.361435	0.0940219	34.4524	0.0	0.0	5.41832	1.18563	0.786507	0.302129	0.0235668	0.219205	0.0574911	0.0	0.0	0.0	0.0235668	0.18966	0.0378453	0.0	0.0	0.0	26.0373	0.0593822	0.0520236	0.0	0.0235055	0.115719	0.0930526	0.0392439	0.0	0.0820555	0.231879	0.0117834	0.0905196	0.0	0.0	0.0	2.94362	0.0698615	0.471059	0.0	0.132737
N01_2_3	0.171804	0.0	0.627073	0.202169	36.3307	0.0678366	0.0842983	8.37547	0.0	0.417179	2.31154	1.65565	0.0	0.0	0.0126111	0.226759	1.12212	6.12702	30.7187	42.5565	50.5973	37.6953	33.6711	18.4702	18.8104	10.7351	0.0	3.52632	20.695	22.5799	25.1274	22.0154	2.47429	0.689613	0.0	2.05086	1.81952	0.0	9.93605	0.822058	1.06627	1.06627	1.06627	0.0889321	0.0	0.0	0.0	0.0	0.0	3.37363	10.4319	0.0597578	0.690994	9.82458	0.0	0.0	0.802975	8.88943	0.0	0.0256828	0.0	0.0449032	11.6536	8.49092	0.0	24.4583	7.80908	0.0	8.23968	2.86044	0.0	0.0	2.20053	0.32375	0.0	0.0	5.09803	10.6334	2.15019	17.7567	0.0	0.0	1.18254	0.0	0.0	0.0	0.871383	0.0158694	0.379658	0.0	0.0	2.1116	0.0	0.0	0.0	0.0	6.33894	0.0	0.0291264	0.0	0.0	0.501371	0.0	0.215742	0.0	0.0	0.0	0.0	0.0	0.607475	0.0	0.805161	2.4908	0.0	0.337627	0.557696	0.735366	4.56688	14.633	0.0	12.9589	23.3146	0.910289	0.0	2.8661	17.6921	0.0483066	5.57548	12.1429	0.935417	0.0416676	0.0	0.0	0.0	3.62759	1.90071	0.0963776	0.0	0.0	0.0545032	0.0	0.0	5.89635	0.837905	0.278694	2.79113	0.0	0.0	0.784556	0.591982	0.243456	7.90296	0.0	0.0	2.50505	0.0	2.82021	0.0	0.0	0.0	0.0	0.0	0.0	1.17691	0.0	5.44625	0.0	0.0	0.345755	12.398	2.45633	0.0	0.226278	0.243039	0.694483	0.00551883	0.182939	0.0	5.99707	9.71657	0.0295991	0.0295991	0.0305134	0.0	0.0	0.0	0.0	0.576258	0.07748	0.0	0.0	0.483441	0.144417	39.3378	50.9475	43.5091	26.9469	32.1052	0.318929	0.355189	3.48523	0.93764	0.360716	0.132267	4.85939	12.4679	1.93799	0.0738595	0.0	0.0051959	2.76501	12.1262	1.72308	0.0	0.0	0.0	3.21787	6.62913	7.24249	7.7187	7.88238	4.8127	3.97175	0.0139875	0.361311	4.19781	15.5916	3.22928	5.129	0.599277	0.69732	0.0	2.46557	3.3031	6.35962	2.34702	25.5684
N01_2_4	0.307026	0.0	1.12612	0.251809	152.79	0.717272	2.25971	40.422	0.0	0.982871	8.16875	8.23195	0.0	0.0	0.0100164	0.985571	5.87272	26.1305	153.251	174.153	55.4089	168.186	166.693	5.742	75.4793	83.1631	0.0329212	0.0	131.776	0.448355	150.527	0.448355	13.3312	4.40374	0.0	12.3421	9.79645	0.0	23.9485	3.68383	9.19128	9.19128	9.16637	0.0440475	0.0	0.0392311	0.0	0.954269	0.0	0.0	0.0	0.0088993	0.526592	27.0372	0.0175008	0.0	5.81543	23.4518	0.0	0.314723	0.0	0.0	26.3387	19.2663	0.333619	81.533	29.1411	0.0	30.5412	10.7827	0.0	0.288818	7.79923	0.175636	0.0	0.0	21.0628	52.2937	9.87946	76.8134	0.0	0.0557788	0.61962	0.0	0.0	0.0	0.335236	0.0567196	0.285865	0.0	0.0	10.0536	0.0	0.0	0.015105	0.485959	18.7445	0.00536188	0.0809683	0.0	0.0	1.468	0.0	0.00675427	0.0	0.00588466	0.0	0.0	0.0	4.42513	0.0	5.96214	13.5583	0.0	5.13977	6.16623	7.20937	19.712	79.7565	0.0	34.005	0.753628	5.79223	0.0	10.8096	3.74178	0.0	24.1227	39.7923	2.66632	0.595706	0.0	0.0	0.0	35.115	29.7957	0.344468	0.283172	0.0	1.46102	0.563318	0.0	26.199	4.6737	0.901228	10.4243	0.0980777	0.0	4.24038	2.93572	2.81125	35.9843	0.0434894	0.0	11.2636	0.0	10.8771	0.0	0.0	0.0	0.0	0.0	1.95309	0.584834	0.0	2.40876	0.0	0.0	2.04786	0.249086	6.59809	0.0	0.983481	1.11827	0.252815	0.0164376	0.127138	0.0	31.1114	45.8959	0.0	0.0	0.109059	0.0	0.0	0.0	0.0387467	0.92193	0.969238	0.0	0.0	0.196586	0.0988403	187.712	163.722	176.886	164.182	146.453	1.1721	0.185135	0.0	1.39636	1.719	0.965183	21.9653	51.4353	8.23603	0.219987	0.0362133	0.272373	14.5534	51.1016	7.48104	0.0180028	0.0	0.0	6.25711	24.0961	63.8596	62.3225	48.2787	28.1558	24.456	0.589519	0.0888251	24.2479	70.4502	17.0117	19.5773	4.68542	0.266669	0.0	7.6765	18.1459	31.4007	11.7693	47.4927
N02_1_2	0.412444	0.0	0.0	0.0	0.924688	0.0	0.0674574	0.341515	0.0	0.0	0.0	0.0	0.00431093	0.0	0.0	0.00448044	0.0	0.236859	3.40752	7.73603	28.5125	5.59858	0.653197	18.7169	2.09062	0.0542844	0.0	3.02865	0.142918	21.3615	0.14414	20.2372	0.0	0.0	0.0	0.2605	0.251004	0.0	30.0021	0.0384446	0.0780757	0.0557684	0.0557684	0.0410468	0.0	0.0	0.0	0.0	0.0	3.53608	12.0018	0.0159398	0.696394	7.65249	0.0	0.0	0.360735	6.32713	0.0	0.465845	0.0	0.0	13.6096	4.48172	0.0	6.45134	0.100166	0.0	6.64642	0.621255	0.0	0.103462	1.2623	0.0	0.0	0.0	0.0327675	0.583459	0.19046	0.11741	0.011095	0.0	0.0	0.0	0.0	0.0	0.0	0.0338642	0.0	0.160105	0.0	0.10768	0.0267783	0.0	0.130766	0.163203	5.47594	0.0	0.0	0.0	0.0280139	0.0816017	0.0	0.0242304	0.0	0.0	0.0	0.0	0.0	0.0493832	0.0	0.0264332	0.0523377	0.0	0.0	0.0	0.0	0.0115194	0.0	0.0	7.67466	23.5084	0.0	0.0	0.621255	21.4538	0.103083	0.423206	0.215421	0.0	0.907735	0.0	0.0	0.0	0.0691162	0.0	0.0	0.0	0.0	1.07583	0.324315	0.0	0.120773	0.0609555	0.0743391	0.0780757	0.0	0.0279211	0.13271	0.0631624	0.179833	0.033837	0.0389477	0.0	0.0782828	0.0	0.0	0.0	0.0	0.0	0.0	0.0	0.0	0.0	0.0	0.0	0.0255521	0.0294831	3.44665	35.5133	1.85573	0.248982	0.00447093	0.00447093	0.00686101	0.0588839	0.0	0.0	0.0	0.18908	0.0	0.0	0.0	0.0	0.0	0.0	0.0	0.0	0.0	0.0	0.0	0.0	0.0	0.606892	0.0586927	0.0730059	0.0	5.41704	0.00576757	0.0	4.8255	0.0357296	0.0	0.0	0.0110081	0.582222	0.277492	0.0	0.0	0.0914734	0.0660484	0.527515	0.194453	0.00403068	0.0124736	0.0	3.26139	0.0	0.0	0.0436901	0.0658764	0.0	0.0	0.0075422	0.00611914	0.0328526	0.657887	0.0220161	0.140939	0.0	0.0	0.0	0.982117	0.0261058	0.312303	0.367847	0.248005
N02_1_3	0.0	0.0	0.0	0.0	0.0324804	0.0	0.0	0.0	0.0	0.0	0.0	0.0	0.0	0.0	0.0	0.0	0.0	0.0	0.0287819	0.351808	0.964214	0.273628	0.0	0.21223	0.0463047	0.0	0.0	0.0354612	0.0	0.373524	0.0	0.373524	0.0	0.0684469	0.0	0.0745629	0.119875	0.0	38.4366	0.0	0.0	0.0	0.0	0.00991783	0.0	0.0	0.0	0.0	0.0	0.0481967	0.112057	0.0953229	0.00626719	0.46051	0.0	0.0	0.0599237	0.405314	0.0	0.0	0.026744	0.0	0.43099	0.240337	0.0	0.338104	0.0229626	0.0	0.301909	0.136264	0.0	0.0	0.111834	0.012296	0.0	0.0	0.0	0.0	0.0	0.0	0.0	0.0	0.0	0.0	0.0	0.0	0.0	0.0	0.00430659	0.0	0.0	0.0	0.0	0.0	0.0	0.0	0.330444	0.0	0.0	0.215495	0.0	0.0	0.0	0.0	0.0	0.0140072	0.0	0.0	0.0	0.0	0.0	0.0	0.0	0.0	0.0	0.0	0.0	0.0	0.0136323	0.0	0.650787	0.465935	0.0	0.0	0.136264	0.181518	0.0273979	0.116726	0.0	0.0	0.0295406	0.0	0.0	0.0	0.0	0.0	0.0	0.0	0.0	0.0	0.0	0.0	0.0	0.0	0.0	0.0	0.0	0.0	0.0	0.0629536	0.0	0.0	0.0	0.0	0.0	0.0	0.0	0.0	0.0	0.0	0.0	0.0	0.0134361	0.0	0.0	0.0	0.0	0.0	0.0	0.118579	0.0432654	0.0	0.0	0.0	0.0	0.0	0.0	0.0	0.0	0.0748475	0.0	0.0	0.0	0.0	0.0	0.0	0.0	0.0	0.0	0.0	0.0	0.0	0.0	0.0	0.0	0.0	0.0	0.441438	0.0	0.0	0.0826382	0.0	0.0	0.0	0.0	0.085377	0.0118957	0.0	0.0	0.00368367	0.0	0.0321081	0.0	0.0	0.0331531	0.0324804	0.102443	0.0	0.0	0.0	0.0	0.0	0.0	0.00991658	0.0	0.0	0.0213239	0.0	0.0	0.0	0.0	0.0411976	0.0466129	0.0	0.0	0.0	0.0
N02_1_4	0.0	0.0	0.0	0.0	0.014531	0.0	0.0	0.00290059	0.0	0.0	0.0	0.0	0.0	0.0	0.0	0.0	0.0	0.0	0.226624	14.5359	45.8602	9.78621	0.0	23.129	0.0248588	0.0	0.0	2.91272	0.0	15.1828	0.0	15.6984	0.0	15.6117	0.0	0.457477	0.00559612	0.0	13.1189	0.0	0.0	0.0	0.0	0.0	0.0	0.0	0.195637	0.0	0.0	6.74678	13.2749	0.0113721	0.963384	24.4341	0.0	0.00721322	16.5837	28.5688	0.0	0.0	0.0	0.0	25.7904	51.2353	0.0	16.349	0.0259863	0.0	16.0007	7.84897	0.0	0.0	23.8892	0.00660112	0.0	0.0	0.0	0.0	0.0	0.0	0.0	0.0	0.0066351	0.0	0.0	0.0	0.0	0.0	0.0	0.0	0.0	0.330929	0.0	0.0	0.0	0.0	15.1145	0.0	0.0	0.0	0.0	4.32104	0.0	0.263624	0.0	0.0	0.0200862	0.0	0.0	0.0	0.0220091	0.0	2.60133	0.0	0.0	0.0	0.0	0.0	0.0	0.0	23.8176	38.5526	0.0	0.0	7.84897	16.0075	0.0	0.014242	0.0	0.0798561	1.55946	0.0	0.0	0.0	0.0	0.0	0.0	0.0452318	0.0	0.0	0.0	0.0	0.0	0.0	0.0	0.0	0.0	0.0	0.0	0.0	0.0	0.0	0.0	0.0	0.0	0.0	0.0	0.0	0.0	0.0	0.0	0.0	0.0	0.0	0.0	0.0350777	0.0	0.0	3.97796	2.54638	9.03535	0.0	0.0	0.0	0.349985	2.45758	0.0	0.0	0.0	0.00287015	0.0	0.0	0.0	0.0	0.0	0.0	0.0	0.0	0.0	0.0	0.0	0.0022036	0.0	0.0	0.0	0.0	0.0	21.8757	0.0	0.0	4.30335	0.0	0.0	0.0	0.0	0.0114587	0.0127725	0.0	0.0	0.274885	0.0	0.00574577	0.0	0.0	0.0	0.0	17.7513	0.0	0.0173367	0.0	0.0	0.0	0.0	0.0	0.0567531	0.0	0.0057239	0.0	0.0	0.0	0.0305815	0.0	4.8547	7.63619	24.3874	20.7526	0.0
N02_2_2	0.264248	0.0	0.0340408	0.0452295	1.99654	0.0417353	0.0518631	0.64235	0.0	0.0	0.0	0.108652	0.00165718	0.057202	0.010345	0.0	0.0295872	0.109262	2.70583	8.74059	22.0267	7.836	1.36962	14.6602	1.2055	0.333883	0.0340012	1.70791	0.370843	12.2249	0.623355	11.947	0.0908816	0.0339418	0.0	0.466805	0.312083	0.010345	21.1164	0.022989	0.154354	0.154354	0.154354	0.0836079	0.0	0.0	0.237179	0.0	0.0	1.26521	7.97395	0.0643387	0.349887	9.44126	0.0	0.0	1.69006	6.11736	0.0	0.568833	0.0116042	0.013813	8.06131	2.8808	0.0	7.04176	0.483066	0.0731153	4.17976	0.667765	0.0	0.119317	1.10636	0.0355682	0.0	0.0	0.176348	0.718955	0.369405	0.393897	0.0	0.0	0.00715024	0.0102469	0.0102469	0.0102469	0.0297836	0.0585803	0.00747451	0.102577	0.0	0.43941	0.0308818	0.0	0.0208007	0.156844	3.73425	0.0	0.0	0.0	0.0	0.0418251	0.0	0.00697585	0.0	0.0	0.0162343	0.0	0.0	0.0640695	0.0	0.0609676	0.0737708	0.0	0.0	0.0	0.0	0.192627	0.331242	0.0	9.26547	8.27882	0.0254564	0.0	0.667765	13.2948	0.0475518	0.732088	0.437713	0.043028	1.13335	0.0	0.0	0.0	0.318831	0.369278	0.118589	0.402134	0.0748026	1.30776	0.83114	0.0	0.151943	0.0585803	0.0979782	0.244395	0.0	0.0643996	0.153046	0.136578	0.230434	0.288764	0.11229	0.0	0.232146	0.0	0.039211	0.0482597	0.0	0.0	0.0	0.0	0.0233197	0.00750334	0.155279	0.0460701	0.0589354	0.0	1.89624	12.8371	1.38919	0.306278	0.0	0.0	0.0237372	0.0746981	0.0	0.0	0.27012	0.552097	0.0	0.0	0.0	0.0	0.0	0.0	0.0	0.0	0.0	0.0	0.0	0.0213722	0.00756169	2.04406	1.02658	1.28395	0.33765	4.52034	0.00665139	0.0	1.36255	0.0	0.0	0.0	0.12695	0.981695	0.412923	0.0	0.0	0.137458	0.139644	0.993795	0.366956	0.0	0.0	0.0	2.85165	0.0	0.168144	0.10077	0.0	0.0	0.0498684	0.00845594	0.00705685	0.12629	1.14268	0.12695	0.357581	0.0230434	0.00706197	0.0715024	1.54521	0.105372	1.04774	0.16316	0.143005
N02_2_3	0.0	0.0	0.372759	0.227828	20.622	0.0	0.102225	4.68245	0.0	0.288001	0.858612	1.33255	0.0	0.208794	0.0226563	0.126741	0.535663	3.82866	14.2296	18.6522	6.67634	17.5328	18.2374	1.19392	7.92035	8.6833	0.0	0.107833	13.2474	0.243394	15.6906	0.243394	1.6321	0.29734	0.0	1.64383	1.28376	0.00906253	21.7352	0.412849	0.0225364	0.0225364	0.0225364	0.016695	0.00331212	0.0	0.0	0.0	0.0	0.228999	0.511127	0.0241553	0.0762307	3.92389	0.0	0.0	0.36444	3.00272	0.0	0.0	0.0	0.0	3.30571	2.12969	0.0	9.80394	4.27779	0.128102	3.8484	1.18824	0.0	0.0	0.714149	0.258617	0.0	0.0	3.43179	6.488	1.40813	10.1686	0.0	0.0	0.933307	0.0	0.00897658	0.0	0.746861	0.0282079	0.419064	0.0	0.0	1.05439	0.0	0.0	0.0	0.0824398	2.59024	0.0	0.0	0.0	0.0	0.366399	0.0	0.146875	0.0	0.0212969	0.0	0.0	0.00908185	0.455249	0.0	0.627559	1.46288	0.0	0.0269582	0.0513179	0.0191004	3.10726	11.5449	0.0	4.98604	0.734988	0.111502	0.0	1.18824	0.827959	0.0	3.25101	10.1458	0.0471171	0.029943	0.0	0.0	0.0	0.069826	0.0	0.0	0.0	0.0	0.0587502	0.036405	0.0	3.89335	0.667133	0.160934	2.27618	0.0	0.0141039	0.247519	0.0398819	0.0	4.23888	0.0	0.0	1.85289	0.0	1.40835	0.0	0.0	0.0	0.0	0.00919954	0.0	0.916952	0.501605	3.16971	0.0	0.0	0.0319454	0.225364	0.526257	0.0	0.126472	0.126472	0.270327	0.104105	0.2202	0.0	3.80764	5.7835	0.0	0.0	0.0	0.0	0.0	0.0	0.0	0.0	0.0	0.0	0.0	0.393174	0.105988	26.0111	20.6941	25.1507	18.5461	19.8255	0.180631	0.358937	0.226162	0.0	0.0	0.0	3.41418	6.82719	1.1485	0.0199037	0.0	0.0168023	1.9462	6.44807	1.04476	0.0	0.0	0.0246921	0.676949	0.0560446	0.540095	0.198624	0.199659	0.163823	0.109215	0.0150775	0.102003	2.62201	8.94431	2.09077	2.55075	0.3028	0.402121	0.0	0.970942	1.95167	3.55666	1.57226	7.0781
N02_2_4	0.0	0.0	2.19096	1.3457	110.295	0.219627	1.92096	24.9279	0.0	1.4242	4.32536	7.30101	0.0	0.270144	0.0670023	0.899387	5.13407	20.2569	67.5859	80.3115	26.8864	77.2814	71.2154	4.32406	37.7698	26.2538	0.0275272	0.137026	68.9202	0.899746	74.7914	0.899746	4.96647	7.1171	0.0	8.02993	7.64209	0.0	18.1032	1.97285	0.968476	0.968476	0.968476	0.0363328	0.0	0.0984097	0.0640063	0.0	0.0	0.49099	1.0497	0.0372059	0.387474	27.339	0.0	0.0	6.27296	28.3978	0.0	0.0913739	0.0	0.0	20.8823	25.2383	0.0309952	50.8676	20.2091	0.236775	22.1483	8.95965	0.0	0.0	10.7249	1.6356	0.0	0.0	19.9471	35.726	5.98945	53.196	0.0	0.0186559	6.38505	0.0	0.0	0.0	4.4096	0.0	2.63838	0.0	0.0216285	8.27492	0.0	0.0	0.0	0.0507921	16.1222	0.0134501	0.0	0.0	0.0	1.85391	0.0	1.00672	0.0	0.0	0.0065716	0.0	0.0	2.55318	0.0	2.80113	7.47099	0.0	0.411078	0.636868	0.723731	18.23	58.6819	0.0	31.3268	1.94773	0.164875	0.0	8.94838	3.47728	0.0	17.1621	49.8322	0.0870882	0.705644	0.0	0.0	0.0	3.48467	1.7938	0.0	0.0	0.0	0.0	0.0	0.0	22.4087	2.59896	0.941957	12.2049	0.0	0.0	1.81093	0.0884582	0.130591	20.3138	0.0	0.0	10.2116	0.0	5.79347	0.0	0.0	0.0	0.0	0.00850192	0.679664	6.22046	1.12356	22.6141	0.0	0.0	1.50567	0.333239	5.50182	0.0	0.89748	1.01436	2.09471	1.31121	1.28783	0.0	20.4473	33.2414	0.0	0.0	0.0	0.0	0.0	0.0	0.0	0.0	0.0	0.0	0.0	2.1369	0.890738	129.856	100.236	110.662	84.6323	95.4133	1.23854	2.80855	0.162565	0.0	0.0	0.0	18.1814	35.9898	5.62461	0.202338	0.0605598	0.243274	9.28083	35.5102	5.03396	0.0	0.0	0.0	6.33919	3.26306	6.17117	5.52726	4.44894	3.10369	2.32146	0.0	1.0198	13.0463	50.5026	10.1956	14.6703	3.46999	2.48418	0.0	5.58037	12.5526	23.7111	10.792	32.1858
N03_1_4	0.0	0.0	0.0	0.0	4.78347	0.0	0.0	2.78241	0.0	0.0	0.0	0.0	0.0	0.0	0.0	0.0	0.0	0.0	0.771792	7.45296	23.5474	5.18323	0.0249932	12.0452	0.0	0.0	0.0	1.65097	0.0	8.38247	0.0	9.05848	0.0	4.71346	0.0	4.26086	1.61109	0.0	16.3405	0.0	0.0	0.0	0.0	0.16648	0.0	1.36046	0.0	0.0	0.0	3.35822	7.16904	0.0	0.612677	26.9823	0.0	0.0	4.85856	74.9827	0.0	0.0	0.0	0.0	27.895	26.2895	0.0	7.12865	0.973492	0.0	18.3055	10.0124	0.0	0.0	18.914	0.0	0.0	0.0	0.0	4.95182	0.0	0.0	0.0	0.361631	0.0	0.0	0.0	0.0	0.0	0.0170626	0.0	0.0	0.0	0.0488079	0.0	0.0	0.0	0.0	17.7498	0.0	0.0	0.0	0.0	0.0	0.0	1.2289	0.0	0.0	0.0118498	0.0	0.0	0.0	0.0	0.0	0.00979043	0.0	0.0	0.0	0.0	0.0	0.0	0.0	48.6494	19.4865	0.0	0.0	10.0937	10.3098	0.026032	8.0727	0.0	0.0392592	0.355527	0.0	0.0	0.0	0.0	0.0	0.0	0.0800533	0.0	0.0	0.0	0.0	0.0	0.0	0.0	0.0	0.0	0.0235035	0.060153	0.319014	0.10092	0.00628147	0.0	0.0	0.0	0.0	0.0	0.0	0.0	0.0	0.0	0.0	0.0	0.0	0.0	0.00516974	0.0	0.0	1.49059	0.863785	14.5113	0.0	0.0	0.0	0.0	9.23442	0.0	0.0	0.0	0.0474107	0.0	0.0	0.0	0.0	0.0	0.0	0.0	0.0	0.0	0.0	0.0	0.0	0.0	0.230061	0.0	0.0	0.0	13.1379	0.0	0.0	2.82666	0.0	0.0	0.0148495	0.0	3.80591	0.0226053	0.0	0.0	0.0443337	0.0	2.03044	0.0	0.0	0.0	0.0	24.8632	0.0	0.0102278	4.67074	3.88175	0.0	3.07583	0.0	0.0	0.0	5.23744	0.0	2.25416	0.0	0.00515473	0.0	4.5411	0.0	9.21314	3.42993	0.0
N03_2_2	2.31607	0.0288255	0.0	0.0	0.647028	0.0	0.121759	0.300875	0.0	0.0	0.0	0.0	0.0	0.0	0.0161914	0.0	0.0	0.0	3.57041	2.76081	5.14998	2.30068	0.375138	2.01779	1.44652	0.0653213	0.0	0.0963283	0.0	2.17427	0.0	2.17427	0.0	0.0	0.0	0.38339	0.410583	0.0	13.0714	0.0231305	0.0805284	0.0805284	0.0805284	0.301164	0.0	0.0	0.0	0.0	0.110824	0.851004	2.84104	0.12947	0.544783	19.7024	0.0	0.0	4.84269	7.6747	0.0	0.190778	0.0	0.0	8.27894	6.40622	0.0	7.21632	0.64101	0.0	5.89341	2.4931	0.0	0.0933734	1.7316	0.0111338	0.0	0.0	0.0788594	0.339021	0.0468784	0.0	0.0	0.0	0.0	0.0	0.0	0.0	0.0	0.091686	0.0	0.176602	0.0	0.0	0.0	0.0	0.0	0.0	6.58264	0.0	0.0	0.0	0.0	0.0	0.0	0.0	0.0	0.0	0.0	0.0	0.0	0.0222839	0.0	0.0	0.0209929	0.155305	0.0	0.0	0.0	0.0	0.0185157	0.0	17.7611	6.73978	0.0	0.0	2.4931	0.262978	0.093031	0.626955	0.111094	0.101017	0.0267485	0.0	0.0	0.0	0.0	0.0	0.0	0.343305	0.0	0.472341	0.260169	0.0	0.0396351	0.0	0.153349	0.0402642	0.0	0.0	0.0	0.156759	0.0	0.0855049	0.0	0.0	0.040371	0.0	0.0	0.0	0.0	0.0	0.0	0.0	0.0	0.0	0.0	0.0	0.0	0.0	0.0380497	1.28845	1.88045	0.179762	0.0	0.0	0.0	0.0371994	0.0	0.0	0.0	0.123444	0.0	0.0	0.0	0.0	0.125784	0.0	0.0	0.0	0.0	0.0	0.0	0.0	0.0	0.246652	0.123595	0.0494152	0.0	6.32778	0.0	0.0	0.561205	0.0	0.0	0.0	0.0397386	0.543567	0.290826	0.0	0.0	0.020013	0.0	0.34888	0.12763	0.0	0.0	0.0	15.4874	0.0	0.0	0.0788594	0.0	0.0	0.0	0.0529387	0.0	0.197661	0.463402	0.0794771	0.0654149	0.0	0.0	0.0	5.12816	0.0471203	3.53593	0.0	0.447643
N03_2_3	0.0	0.0	0.0	0.0	0.358199	0.0418722	0.0650415	0.164642	0.0	0.0	0.0	0.0	0.0	0.0	0.0	0.0	0.0	0.0	0.400941	1.70167	4.74198	1.34999	0.137412	3.51076	0.443465	0.0	0.0	0.154371	0.0826798	1.85833	0.0833865	1.76541	0.0455898	0.187292	0.0	0.0927397	0.113444	0.0	11.1463	0.0444812	0.0	0.0	0.0	0.025288	0.0	0.0	0.0	0.0	0.0	0.419622	1.20327	0.0184428	0.105492	2.42235	0.0	0.0	0.599981	2.34564	0.0	0.149469	0.0465691	0.0	2.74059	1.40589	0.0	2.06058	0.0948229	0.0	1.58936	0.307063	0.0	0.119708	0.41868	0.0142739	0.0	0.0	0.0	0.212695	0.1202	0.0246993	0.0	0.0115595	0.00717369	0.0	0.0	0.0	0.0	0.0195908	0.0	0.0	0.0	0.00960258	0.00688512	0.0	0.0	0.094415	1.31703	0.0	0.0	0.0	0.0	0.0	0.0	0.0	0.0	0.0	0.0	0.0	0.0	0.0	0.0	0.0305838	0.0201853	0.0	0.0	0.0	0.0	0.0	0.094951	0.0	3.16944	2.95121	0.0	0.0	0.307063	1.25377	0.0119269	0.170919	0.0830822	0.0215846	0.572874	0.0	0.0	0.0	0.0	0.0	0.0	0.44013	0.0	0.0672843	0.0	0.0	0.0762205	0.0705269	0.0982994	0.0387152	0.0	0.0646107	0.0	0.0274051	0.0	0.0704703	0.0112658	0.0	0.0388178	0.0	0.0	0.0	0.0	0.0	0.0	0.0210717	0.0	0.0	0.0	0.00711095	0.0	0.0	0.0487811	0.825923	0.508529	0.134436	0.0	0.0	0.0	0.095382	0.0	0.0	0.0	0.0605109	0.0	0.0	0.0	0.0	0.0	0.0	0.0	0.0	0.0	0.0	0.0	0.00714741	0.0	0.213911	0.0792268	0.105587	0.135503	1.425	0.0	0.0	0.287794	0.0	0.0809645	0.0	0.0	0.236937	0.176068	0.0	0.0	0.00320717	0.0254732	0.209661	0.12272	0.0	0.0	0.0	0.891919	0.0	0.0	0.101101	0.0508136	0.0	0.0	0.0169673	0.00707998	0.0633521	0.269201	0.0254732	0.0792052	0.0	0.0	0.0	0.616866	0.0	0.377766	0.130956	0.143474
N03_2_4	0.0	0.0	0.0	0.0122852	15.6437	0.0	0.014087	4.83434	0.0	0.0	0.396719	0.531214	0.0	0.0	0.0	0.134732	0.235736	1.0684	16.5896	18.4278	6.75685	17.9732	16.6663	2.44121	11.6567	0.906889	0.0	0.0668687	21.5782	1.4087	17.2927	1.4087	1.43174	8.13137	0.0	3.46986	2.0246	0.0	24.5315	0.212304	0.0	0.0	0.0	0.187019	0.0	1.14457	0.0	0.0	0.0	0.159047	0.598698	0.0	0.389993	39.873	0.0	0.0	11.5257	63.9535	0.0	0.0	0.0	0.0	31.1806	33.1191	0.0	13.5253	4.27859	0.0	24.6258	16.7321	0.0	0.0	15.985	0.0	0.0	0.0	1.5191	7.17536	0.846088	7.39568	0.0	0.675976	0.0	0.0	0.0	0.0	0.0	0.0212154	0.0	0.0	0.0290254	0.840654	0.0	0.0	0.0	0.0	21.8506	0.0	0.0	0.0	0.0	0.261291	0.0	1.05501	0.0	0.0	0.0	0.0537216	0.0	0.247502	0.0	0.977038	1.04195	0.0	0.0	0.0	0.0	2.28048	7.33913	0.0	52.2894	1.73525	0.0	0.0	16.8606	0.764441	0.0387479	6.96847	4.78136	0.140247	1.03053	0.0	0.0	0.0	0.0	0.0	0.0	0.079438	0.0	0.0	0.0	0.0	2.03601	0.381877	0.0532255	1.03417	0.0	0.0	0.29419	0.0494628	0.0	2.17919	0.0	0.0	1.19104	0.0	0.958541	0.0	0.0	0.0	0.0	0.0	0.0	0.0	0.0	0.0	0.0	0.0	3.09034	0.642859	14.359	0.0	0.134447	0.14565	0.00429831	6.1975	0.0	0.0	2.73469	3.49823	0.0	0.0	0.0	0.0	0.0	0.0	0.0	0.0	0.0	0.0	0.0	0.0	0.0	15.1831	13.2862	11.8345	10.712	30.2935	0.166211	0.0	0.0311659	0.0	0.0	0.0	1.35169	7.09381	0.729025	0.0246852	0.0	0.0312582	0.868944	5.89818	0.675556	0.0	0.0	0.0	11.3231	0.0	0.0	6.04902	3.93446	0.0	2.97994	0.00980079	0.0	2.14049	9.33382	1.3379	2.53284	0.100145	0.011509	0.0	7.83165	0.932228	14.7807	7.69349	4.81651
N04_1_2	0.305666	0.0	0.0	0.0	0.835488	0.0	0.206223	0.352533	0.0	0.0	0.0277879	0.0	0.0	0.0	0.0	0.0	0.0	0.0	0.625988	5.26457	12.5565	5.05203	0.544603	2.23692	0.232408	0.362077	0.0	0.177983	0.0	2.14258	0.0	2.00866	0.0	0.0	0.0	0.354189	0.255054	0.0	304.697	0.0854751	0.0371975	0.0371975	0.0371975	0.0231115	0.0	0.0	0.0571571	0.0	0.187703	2.81213	7.59275	0.0531594	0.519017	2.28726	0.0	0.0	0.0375953	5.3949	0.0	0.502632	0.0	0.0	8.61408	0.603138	0.0	4.8788	0.0303686	0.0	3.54159	0.553173	0.0	0.129393	0.75776	0.0205716	0.0	0.0	0.127493	0.566424	0.389772	0.0355966	0.0	0.0	0.0	0.0	0.0	0.0	0.0	0.112937	0.0	0.0296638	0.0	0.220993	0.00992283	0.0	0.00751907	0.408213	2.59836	0.00800721	0.0	0.0	0.0467131	0.0	0.0	0.0	0.0	0.0	0.0	0.0	0.0	0.0926397	0.0	0.0	0.0	0.0	0.0	0.0	0.0	0.0	0.0855271	0.0	3.86604	21.3395	0.0	0.0	0.553173	1.56398	0.0859453	0.466026	0.102633	2.69081	0.0370668	0.0	0.0	0.0	0.0	0.177983	0.0	0.0	0.0	2.08486	0.600883	0.0	0.146465	0.0508216	0.212504	0.14879	0.0	0.0465585	0.238316	0.065827	0.0	0.0451385	0.0974179	0.0	0.111888	0.0	0.0	0.0	0.0	0.0	0.0	0.0	0.0337186	0.0	0.0	0.0	0.0	0.0	1.05455	2.19465	2.00866	0.221428	0.0	0.0	0.0	0.0638228	0.0108493	0.36053	0.0355067	0.167708	0.0	0.0	0.0	0.0	0.0	0.0	0.0	0.0	1.58527	0.0	0.0	0.0	0.0	0.55626	0.244675	0.197823	0.0	4.95105	0.0	0.0	1.03692	1.132	1.54609	0.411818	0.0367119	0.676251	0.268675	0.0	0.0	0.00924435	0.165204	0.6379	0.265295	0.0	0.0	0.0	2.58075	0.0	0.0	0.0	0.0732326	0.0	0.0	0.0373292	0.0	0.182606	0.755877	0.0734238	0.208157	0.0333191	0.0	0.0	0.853933	0.0	0.520765	0.0235917	0.0
N04_1_3	12.6534	0.0	0.0	0.0	15.2291	0.0	2.60762	5.72517	0.0	0.0	0.0	0.0	0.0	0.0	0.0	0.0	0.0	0.0	2.91029	10.2875	19.059	11.9119	5.57465	6.17335	1.53933	2.29826	0.0	0.294713	0.789232	9.31294	0.795977	9.0912	0.0	1.2596	0.467987	7.32553	5.99926	0.0	284.548	1.13227	0.0	0.0	0.0	0.170739	0.0	0.0	0.378575	1.10119	0.0	2.50348	6.82949	1.62844	0.729201	21.7674	0.0	0.223332	0.996036	39.2332	0.0	8.97138	0.388965	0.595287	27.0241	10.58	0.549977	27.1962	0.704002	0.0	24.0409	6.02876	0.0	4.85644	5.66955	0.0	0.0	0.0	1.44761	8.47433	5.16323	0.353656	0.0	0.0	0.359507	0.0	0.196268	0.0	0.0	3.17911	0.0	0.785902	0.0	0.960568	0.0492922	0.199207	0.0	3.00417	15.9894	0.0253897	0.0	0.0	0.0	2.55355	0.0	0.20071	0.0	0.0	0.0	0.0	0.19857	1.12492	0.0	0.0	0.89918	0.0	0.0	0.0	0.0	0.0	0.056648	0.198359	34.6489	19.1196	0.0	0.0	6.02876	3.87201	1.30928	9.26002	0.453184	1.23623	0.941114	0.0	0.0	0.32792	7.44272	1.17885	0.0	7.87748	0.0	28.7416	19.3025	0.0	3.33471	0.0	2.75635	1.72462	2.42524	0.0	0.112747	0.697598	0.662057	0.784798	3.44127	2.32823	1.42041	0.0	0.0	0.0	0.0	2.32823	0.0	0.0	0.0	0.0	0.0	0.0	0.0	0.0	0.407441	12.0723	7.46114	1.19162	0.0	0.0	0.113665	4.53615	0.0538943	0.0	0.0	3.73228	0.0	0.0	0.0	0.0	0.0	0.0	0.0	0.0	0.0	0.0	0.0	0.102415	0.0	11.164	1.45852	3.27565	0.0	27.713	0.0	0.0	2.74718	1.77577	0.289822	0.0	0.97263	10.8651	6.47556	0.0	0.0	0.290838	3.22184	8.96159	4.34408	0.0	0.0	0.0	9.2016	0.0	0.0	3.25712	3.15282	0.0	1.31336	0.0845094	0.23654	4.05173	10.8104	0.911841	4.53639	0.662057	0.0	0.0	7.24426	8.07313	12.3075	7.26597	0.684775
N04_1_4	0.0	0.0	0.0	0.0	3.38421	0.0	0.0	3.59661	0.0	0.0	0.0	0.0	0.0	0.0	0.0	0.0	0.0	0.0	4.24838	2.20613	6.65611	2.093	0.0	1.90415	0.0	0.0	0.0	0.487507	0.0	2.77989	0.0	2.62545	0.0	16.6405	0.0	3.46826	4.20108	0.0	243.989	0.0	0.0	0.0	0.0	0.0943149	0.0	0.0	1.45021	0.109568	0.0	0.976449	1.99998	0.0153271	0.266035	32.7652	0.0	0.0	20.3351	96.9741	0.0	0.0	0.851438	0.0	30.8951	54.8649	0.0	14.3288	3.68848	0.0	23.7957	18.8607	0.0	0.0	26.8649	0.0	0.0	0.0	0.0	5.55648	0.0	0.0	0.0	0.0	0.655795	0.0	0.264856	0.0	0.0	0.0	0.0	0.0	0.0	1.11505	0.0	0.268822	0.0	0.0	20.456	0.0	0.0	0.0	0.0	8.33469	0.0	0.500926	0.0	0.0	0.148895	0.0412272	0.267962	1.24647	0.0197756	0.0	1.36438	0.0	0.0	0.0	0.0	0.0	0.0	0.267677	46.8234	10.8556	0.0	0.0	18.8607	1.06823	0.0	5.16732	0.0	7.821	2.27993	0.0	0.0	0.0	0.0	0.0	0.0	18.8984	0.0	0.0	0.0	0.0	0.0	0.0	0.0	0.0	0.0	0.0	0.0	0.0303671	0.0	0.0	0.0	0.0	0.0	0.0	0.0	0.0	0.0	0.0	0.0	0.0	0.0	0.0	0.0	0.00590532	0.0	0.0	5.2094	0.0	21.3187	0.0	0.0	0.0	0.64653	17.2182	0.0	2.49477	0.0	0.02321	0.0	0.0	0.0	0.0	0.0	0.0	0.0	0.0	3.41808	0.0	0.0	0.00593993	0.0	0.0	0.0	0.0	0.0	25.7294	0.0	0.0	0.478349	7.42089	6.1567	1.79801	0.0	3.42081	0.0	0.0	0.0	1.08213	0.0	1.55655	0.0	0.0	0.0	0.0	19.7055	0.0	0.0	1.72243	1.30911	0.0	0.748432	0.0144528	0.635461	0.0	6.58053	0.0	1.99022	0.0	0.0	0.0	14.5297	18.902	47.2831	32.7313	0.0
N04_2_2	0.203984	0.0	0.0	0.0	0.507693	0.0	0.075066	0.307648	0.0	0.0	0.0	0.0	0.0	0.0	0.0399287	0.0	0.0	0.0	1.42998	1.44022	2.98955	1.39658	0.264317	0.995194	0.465285	0.0	0.0	0.0	0.0	0.357457	0.0	0.357457	0.0	0.0163757	0.0	0.276503	0.192029	0.0	237.453	0.0285205	0.0248234	0.0248234	0.0248234	0.125759	0.0	0.0	0.0	0.0	0.0455498	1.00895	1.2511	0.0	0.339364	7.23025	0.0	0.0	2.7096	4.36554	0.0	0.418195	0.0	0.0	3.96984	1.57226	0.0	5.01519	0.222928	0.0	2.38697	0.926244	0.0	0.057566	0.655517	0.0	0.0	0.0	0.121545	0.284611	0.250477	0.0475101	0.0	0.0	0.00689945	0.0	0.0	0.0	0.0	0.150735	0.0	0.0	0.0	0.0921734	0.0	0.0	0.0	0.242148	2.44727	0.0	0.0	0.0	0.0	0.0	0.0	0.0	0.0	0.0	0.0313297	0.0	0.0	0.0	0.0	0.0	0.0	0.0	0.0	0.0	0.0	0.0	0.0913212	0.0	6.57339	13.5969	0.0	0.0	0.926244	0.16213	0.0458839	0.302112	0.0456606	2.01366	0.0494723	0.0	0.0	0.0	0.0	0.0	0.0	0.0	0.0	0.258848	0.160397	0.0	0.0488711	0.0226102	0.0709062	0.0744703	0.0	0.0621408	0.0454395	0.0175716	0.0	0.075307	0.303385	0.0	0.0746678	0.0	0.0	0.0	0.0	0.0	0.0	0.0	0.0	0.0	0.0	0.0	0.0	0.0	0.328414	0.595762	0.905719	0.0738839	0.0	0.0	0.0	0.0720781	0.0	0.0	0.0	0.143256	0.21086	0.562292	0.108686	0.0	0.0775476	0.0	0.0	0.50826	0.459963	0.0	0.0	0.0	0.0	0.429358	0.0870836	0.0812403	0.0	2.61594	0.0	0.0527149	0.249113	0.318076	0.467216	0.314084	0.0	0.223411	0.239064	0.0	0.0	0.0308457	0.0489987	0.268861	0.1377	0.0	0.0277611	0.0271978	2.07197	0.0	0.0	0.0972358	0.0977422	0.0	0.0	0.0334519	0.0	0.0243721	0.330333	0.0979974	0.0627343	0.0	0.0	0.0	1.65495	0.0	0.600275	0.157437	0.0
N04_2_3	0.0	0.0	0.0	0.0	0.289129	0.0	0.0	0.243007	0.0	0.0	0.0	0.0	0.0	0.0	0.0	0.0167374	0.0	0.0	0.876493	2.56394	6.39153	2.3808	0.110915	1.49147	0.260329	0.0675962	0.0	0.0	0.0	2.54998	0.0	2.47499	0.0	1.63546	0.0	0.134743	0.227092	0.0167552	298.77	0.023936	0.0	0.0	0.0	0.0706944	0.0	0.0	0.0	0.0	0.0382279	0.762092	1.20749	0.0	0.369964	8.0098	0.0	0.0	2.82151	11.8404	0.0	0.0584955	0.0	0.0	7.29082	4.33861	0.0	7.09425	0.0510256	0.0	4.14471	1.41952	0.0	0.0	3.36375	0.0172823	0.0	0.0	0.0408029	0.194075	0.0323407	0.0	0.0	0.0365427	0.0	0.0165963	0.0165963	0.0165963	0.0	0.026076	0.006053	0.0	0.0	0.0	0.0	0.0	0.0	0.0	4.33484	0.0	0.0	0.0	0.0	0.0169354	0.0	0.316808	0.0	0.0	0.0131468	0.0133474	0.0	0.392018	0.0	0.0	0.021724	0.0	0.0	0.0	0.0	0.0107581	0.0	0.0	10.2617	23.7067	0.0	0.0439942	1.41952	0.510256	0.0	0.298294	0.0	17.9974	0.12456	0.0	0.0	0.0	0.0	0.0	0.0	0.0	0.0	0.10862	0.201922	0.0	0.0	0.0	0.0	0.0416664	0.0	0.052152	0.0	0.0147471	0.0373221	0.0505615	0.0	0.0	0.0417769	0.0558507	0.0	0.0	0.0	0.0	0.047727	0.0340171	0.0	0.0	0.0	0.0	0.0	0.0	0.767808	1.08333	2.28039	0.0310038	0.0	0.0	0.00640761	2.04023	0.0	0.942302	0.0	0.0300571	0.0589884	0.117977	0.0	0.0	0.0	0.0	0.0	0.0	7.79775	0.0	0.0	0.0	0.0	0.0900853	0.0	0.0340907	0.0	4.6677	0.0	0.0	0.696898	5.77274	2.58142	1.15324	0.0	0.254998	0.133757	0.0	0.0	0.0880172	0.0205612	0.15795	0.049528	0.0	0.0	0.0684779	2.8465	0.0	0.0	0.0816057	0.0	0.0	0.0	0.153318	0.0	0.0	0.382134	0.0	0.1053	0.0	0.0	0.0	1.80823	0.0487613	1.61741	0.66065	0.0
N04_2_4	0.0	0.0	0.0	0.0	9.72087	0.0	0.0	10.0848	0.0	0.0	0.0	0.0	0.0	0.0	0.0	0.0	0.0	0.0	1.19282	2.31723	4.47042	2.33774	0.0	1.00202	0.0728743	0.0	0.0	0.139522	0.0	2.09948	0.0753658	1.93152	0.0824093	16.0352	0.0	7.89578	8.54711	0.0	324.56	0.0	0.0	0.0	0.0	0.023413	0.0	0.0	0.430136	0.0	0.0214024	0.303408	0.117571	0.0	0.22028	36.4489	0.0	0.0	16.0324	130.904	0.0	0.0	0.0	0.0	39.244	58.214	0.0	8.96983	2.65618	0.0	30.9175	15.6551	0.0	0.0	26.3478	0.0	0.0	0.0	0.0	9.82913	0.0	0.0	0.0	0.0	0.0778041	0.0	0.0	0.0	0.0	0.0	0.0	0.0	0.0	0.13859	0.0	0.0	0.0	0.0	29.9204	0.0	0.0216653	0.0	0.0	0.682668	0.0	0.0253385	0.0	0.0	0.0736043	0.0149454	0.0	4.45408	0.0	0.0	0.158112	0.0	0.0	0.0	0.0	0.0	0.0	0.0	68.942	11.476	0.0	0.0	15.6551	0.0	0.0215594	12.0577	0.0	9.83223	1.19327	0.0	0.0	0.0	0.0	0.0	0.0	1.06079	0.0	0.0	0.0	0.0	0.0	0.0	0.0	0.0	0.0	0.0	0.0213506	0.0660509	0.0	0.0	0.0	0.0	0.0	0.0	0.0	0.0	0.0	0.0	0.0	0.0	0.0	0.0	0.0	0.0	0.0	0.0	3.8137	0.0	36.8032	0.0	0.0	0.0	0.0502234	27.0137	0.0	3.31609	0.0	0.0336557	0.0	0.0660509	0.0680911	0.0	0.0	0.0	0.0	0.0	4.62502	0.0	0.0	0.0452526	0.0	0.0336236	0.0	0.0	0.0	27.0092	0.0	0.0	1.04045	8.74307	9.4398	2.43504	0.0	8.08718	0.0	0.0	0.0	1.15947	0.0	4.39627	0.0	0.0	0.0	0.0	15.8249	0.0	0.0	0.137064	0.22963	0.0	0.316536	0.265314	0.0703888	0.0	14.9173	0.0	4.36258	0.0	0.0	0.0	16.6966	1.71988	19.5654	11.3625	0.0
N05_1_2	0.0	0.0	0.0	0.0	0.406877	0.0502048	0.0	0.191766	0.0	0.0	0.0	0.0	0.0	0.0458734	0.0	0.0124311	0.0237276	0.0	0.981486	2.31234	6.36573	1.84987	0.164756	3.10166	0.193351	0.0	0.0	0.0740361	0.0	1.11407	0.0	1.00266	0.0	0.0	0.0293912	0.189031	0.228513	0.0124444	335.437	0.0355553	0.0	0.0	0.0	0.00887422	0.0	0.0	3.32862	0.0	0.0	0.503127	2.26156	0.0221129	0.170101	14.7824	0.0434859	0.0561041	0.187664	29.236	0.0	0.369287	0.0	0.0	6.3309	3.29292	0.0921079	4.89085	1.3903	0.0	4.85206	3.22984	0.0	0.0	1.54102	0.111407	0.0	0.0	0.0606099	0.21067	0.14412	0.0	0.0	0.0554394	0.0516075	0.0123264	0.0123264	0.0123264	0.0	0.0469787	0.0	0.0	0.0	0.367708	0.0	0.0	0.95083	0.0	4.50737	0.0133231	0.0	0.0	0.0	2.23892	0.0	0.0	0.0587087	0.0292443	0.0195287	0.0198266	0.0	0.0342539	0.0	0.0	0.209752	0.0	0.0	0.0	0.0	0.0	0.0	0.0	12.1011	3.21018	0.0	0.0	3.22984	0.909541	0.0572015	0.199393	0.0569231	0.0	0.185025	0.0	0.0	0.0	0.0	0.0	0.0	0.0	0.0	0.161348	0.599882	0.0	0.121851	0.0	0.0883958	0.216624	0.0	0.0	0.0	0.0	0.0	0.0375528	0.0	0.0	0.155142	0.0	0.0	0.0	0.0	0.0	0.0	0.0	0.0	0.0	0.0	0.110838	0.14179	0.0	33.7479	1.11407	3.43253	0.0921079	0.0	0.0	0.133253	0.963917	0.0	0.0	0.0	0.122781	0.0	0.0	0.0	0.0	0.0	0.0	0.0	0.0	0.0	0.0	0.0	0.128546	0.0	0.401447	0.0	0.126599	0.0	5.68579	0.0	0.0	0.655624	0.0	0.0	0.0489444	0.0	0.256235	0.223523	0.0	0.0	0.0	0.0	0.234624	0.122617	0.0	0.0	0.0	1.21748	0.0	0.0	0.606099	0.121851	0.0	0.0	0.962602	0.118845	0.0	0.300512	0.0	0.111726	0.0	0.118931	0.0	2.53029	3.22321	4.25371	7.22274	0.0
N05_1_3	0.0	0.0	0.0	0.0	0.114661	0.0	0.0	0.0817428	0.0	0.0	0.0	0.0	0.0	0.565115	0.0	0.0	0.0	0.0	0.522538	2.28674	7.13622	1.69535	0.0	4.10993	0.0	0.0	0.0	0.429201	0.0	1.61461	0.0	1.61461	0.0	0.0	0.0	0.0483463	0.141936	0.0	379.775	0.0	0.0	0.0	0.0	0.049302	0.0	0.0	0.0	0.0	0.0	0.473967	1.92139	0.0	0.455126	1.04508	0.0	0.0	0.0	1.58713	0.0	0.0314827	0.0	0.0963264	1.76987	0.886306	0.0	1.24228	0.10985	0.0	1.33843	0.339554	0.100614	0.0	0.0338392	0.0124019	0.0	0.0	0.0	0.0642785	0.0	0.0	0.0	0.682959	0.0	0.0	0.0	0.0	0.0	0.0	0.0	0.0715336	0.0	0.0	0.0	0.0	0.0	0.0	1.04431	0.0	0.291583	0.652056	0.0	0.0	0.0	0.0487168	0.53179	0.741714	0.0283029	0.0	0.0	0.0744661	0.0	0.0	0.0467037	0.0	0.0	0.0	0.0	0.0	0.0824986	0.0	1.72304	3.77135	0.0	0.0	0.339554	0.0	0.0	0.080272	0.0	0.0	0.0595903	0.0	0.928956	0.0	0.0	0.214601	0.0	1.2747	0.782467	0.233841	0.144901	0.0	0.0	0.0	0.0	0.0	0.0	0.0	0.0	0.031748	0.0	0.0	0.0	0.0	0.0	0.0	0.0	0.168272	0.0941858	0.0	0.0	0.0	0.0	0.0	0.0676785	0.0	0.205496	0.237111	0.0847673	1.43521	0.523659	0.133492	0.0	0.0	0.0	0.142068	0.0	0.0	0.0	0.0323539	0.0	0.0	0.0	0.0	0.0	0.0	0.0	0.0	0.0	0.0	0.0	0.0	0.0	0.0646461	0.0	0.0366958	0.0	0.863085	0.0	0.0	0.400081	0.0	0.281385	0.0	0.0	0.161461	0.0	0.0	0.0	0.0	0.0	0.113347	0.0	0.0	0.0	0.0	0.453046	0.0	0.0	0.0	0.0	0.0	0.0	0.0589685	0.0	0.0	0.193569	0.0	0.0161924	0.0	0.0	0.0	0.620592	0.0524875	0.285412	0.0	0.0
N05_1_4	0.0	0.0	0.0	0.0	9.5914	0.0	0.0	4.44292	0.0	0.0	0.0	0.0	0.0	0.0	0.0	0.0	0.0	0.0	5.01937	8.47391	22.7233	6.59608	0.0	15.7299	0.448624	0.0	0.0	1.56752	0.0	8.3364	0.0	8.3364	0.0	0.0	0.0	4.36022	10.4969	0.0	248.716	0.0	0.0	0.0	0.0	0.101237	0.0	0.0	0.0	0.0	0.0	2.18885	5.51882	0.0256538	0.903207	49.8916	0.0	0.0	0.0	108.115	0.0	0.0	0.0	0.0	39.5289	22.3119	0.0	9.53471	0.644836	0.0	31.4188	15.7259	0.0	0.0	4.78096	0.308203	0.0	0.0	0.0	7.92385	0.0	0.0	0.0	0.868279	0.369208	0.0	0.0	0.0	0.0	0.0	0.0	0.0	0.0	0.57323	0.0	0.0	0.0	0.0	27.3196	0.0	0.0	0.0	0.0	3.89615	0.0	0.233981	0.0	0.0	0.0	0.0	0.0	7.07355	0.0	0.0	1.11375	0.0	0.0	0.0	0.0	0.0	0.0495287	0.0	70.6252	15.6869	0.0	0.0	15.7259	0.996565	0.0165903	10.2938	0.0	1.53123	0.59626	0.0	0.0	0.0	0.0	0.0	0.0	0.0	0.0	0.0	0.0	0.0	0.0	0.0	0.0	0.0	0.0	0.0	0.0	0.0889477	0.0	0.0	0.0	0.0	0.0	0.0	0.0	0.0	0.0	0.0	0.0	0.0	0.0	0.0	0.0	0.321468	0.0	0.0	0.0339272	3.19526	24.6791	0.0	0.0	0.0	0.579716	28.2411	0.0	0.0	0.0	0.0906452	0.0	0.0	0.0	0.0	0.0	0.0	0.0	0.0	1.13091	0.0	0.0	0.621377	0.0	0.0	0.236152	0.0	0.0	16.1864	0.0	0.0	1.64132	0.603789	0.591262	2.04415	0.0	7.93573	0.0432194	0.0	0.0	0.0	0.0	3.46077	0.0	0.0	0.0	0.0	3.93193	0.0	0.0	14.3443	12.9347	0.0	8.80367	0.0485541	0.457943	0.0	12.4088	0.0	3.69408	0.0	0.453348	0.0	16.2918	8.361	22.2754	8.72088	0.0
N05_2_2	0.927802	0.0	0.0090546	0.0360921	2.12176	0.0	0.206928	0.755776	0.0	0.00920498	0.0	0.0	0.0	0.0	0.0165102	0.0	0.0	0.0	3.37498	0.884256	1.40759	0.920348	1.20222	0.999368	0.0641305	0.233127	0.104862	0.0	0.0	0.443417	0.0	0.443417	0.0	0.0	0.0	0.855643	0.628002	0.0165102	276.302	0.23586	0.0615857	0.0615857	0.0615857	0.498417	0.0	0.0	1.51411	0.0	0.0	0.166877	0.931176	0.24937	0.572871	36.0618	0.0576937	0.0	9.12917	15.1454	0.0	1.18162	0.0555594	0.0881795	8.60186	6.48037	0.122202	10.7701	1.15643	0.0	8.23627	3.55241	0.0	0.571273	1.99803	0.011353	0.0	0.0	0.140722	1.15478	0.764826	0.294676	0.0	0.0360083	0.00570573	0.0	0.0163536	0.0	0.0	0.0311638	0.0	0.0654835	0.0	0.0609807	0.0	0.0	0.0	0.400506	9.16327	0.0	0.0	0.0	0.0	0.133502	0.0	0.0	0.0	0.0193995	0.0	0.0	0.0165454	0.0908907	0.0	0.0	0.0535158	0.0	0.0	0.0	0.0	0.0636049	0.169923	0.0	29.3492	0.935693	0.0	0.0	3.55241	0.150838	0.208699	1.05081	0.302085	0.0	0.0545504	0.0	0.0	0.0	0.0	0.0	0.0	0.0	0.0	2.08712	1.59175	0.0	0.303117	0.0373966	0.195461	0.2874	0.0	0.0	0.0	0.0581258	0.0	0.0871887	0.17921	0.0	0.20583	0.0	0.0	0.0	0.0	0.0	0.0	0.0335196	0.0	0.0	0.0	0.0	0.0	0.0	5.91684	0.780085	0.569251	0.213853	0.0	0.0	0.0	0.102958	0.0	0.0	0.156764	0.547925	0.0	0.0	0.0	0.0	0.0	0.0	0.0	0.0	0.0	0.0	0.0	0.0113697	0.0	1.13919	0.0900208	0.38631	0.0	7.36475	0.0	0.0	0.297573	0.065761	0.0	0.0	0.0	1.41154	1.08736	0.0	0.0	0.0204071	0.36469	1.18583	0.715788	0.0	0.0	0.0899687	7.07222	0.0	0.0	0.281443	0.282909	0.0	0.0799979	0.0138321	0.0112624	0.161243	1.47665	0.303908	0.45951	0.0367763	0.0112706	0.0	7.50157	0.0	4.0236	1.14574	0.0
N05_2_3	0.300066	0.0	5.26674	2.43961	79.1974	0.0148101	0.0368081	28.9571	1.27625	4.99398	5.23751	3.70137	0.0	0.230051	0.0	0.594073	2.7858	10.6237	0.756331	36.1286	15.6327	31.0729	35.4796	4.02589	0.114075	0.0592405	0.0932637	0.240243	34.4491	2.69488	35.2744	2.69488	0.1935	0.228846	0.0	7.45915	5.68813	0.0	218.827	0.0489469	0.036516	0.036516	0.036516	0.308033	0.0	0.230051	0.11222	0.0	0.0	0.786624	2.2545	0.0521854	0.648465	12.9758	0.0	0.0165504	0.184533	11.2578	0.00679952	0.544688	0.0	0.0	13.0636	3.423	0.0	5.7116	0.0298122	0.0	10.4907	6.62506	0.0	0.296384	3.49897	0.0252433	0.0	0.0	11.3893	28.8228	1.85647	47.9088	2.41553	0.0	0.0	0.0	0.0	0.0	0.0	0.0277169	0.0	0.0	0.0	4.78632	0.0146115	0.0	0.0	0.0890518	8.3578	0.0235815	0.0	0.0	0.0	2.65671	0.0	0.00990175	0.0	0.0086269	0.0	0.0	0.0	1.68749	0.016833	5.92795	6.85392	0.0	0.0	0.0118787	0.0	11.2291	34.0038	0.0	18.8132	5.13668	2.96295	1.85069	6.62506	1.55023	0.0	12.5809	29.4868	0.0	0.14555	0.0	0.0	0.0	0.0	0.0	0.0	0.518911	0.0	0.809143	0.589873	0.0	9.23797	1.46345	0.903977	7.92396	0.143782	0.0	0.0334214	1.33119	0.0	0.0664673	0.159388	0.153367	9.1349	0.0	8.48775	0.0	0.0	0.153367	0.0	0.0	0.0	0.0	0.771427	0.0	0.0	0.0	0.603883	3.6516	1.35899	0.081514	0.592813	0.768462	0.0	0.751841	0.0	0.0	12.7051	19.3414	0.0	0.0	0.0	0.0	0.0	0.0	0.0	0.0	0.0	0.0	0.0	0.0	0.0	6.0857	2.08166	0.224075	0.0	7.88864	0.821384	0.0387726	1.54724	0.175462	0.085911	0.0	9.92881	29.9592	0.395628	1.25775	0.0	0.0136125	14.3436	29.399	0.318309	0.0	0.0408374	0.0600132	1.64044	0.0	0.0397782	0.0	0.0	0.0	0.0	0.0122151	0.0	14.305	41.0808	13.6769	12.1683	3.0419	0.0	0.0	27.4912	8.4613	13.6636	2.75598	25.3732
N05_2_4	0.186453	0.0	4.41352	1.53585	71.8382	0.0	0.0457431	25.7884	1.49514	4.22228	6.3055	2.39576	0.0	8.08913	0.0	0.592449	2.38342	13.2025	0.6462	33.1106	17.6723	28.3235	27.6633	12.0206	0.425297	0.0	0.0	0.379986	30.8184	1.38863	31.9615	1.30695	0.240472	0.538859	0.0215498	7.32944	7.9226	0.0	231.574	0.0	0.0	0.0	0.0	0.217972	0.0	0.142947	0.0	0.0	0.0	0.774682	2.00126	0.0162133	0.550043	62.7989	0.0	0.0	0.321058	48.9062	0.0	0.0398182	0.0	0.0	38.8314	17.4181	0.0	12.5695	1.27819	0.0	28.0198	20.7243	0.0	0.0	5.85484	0.0125484	0.0	0.0	9.26564	27.3158	0.774909	37.6946	1.33167	1.64626	0.10721	0.0	0.0	0.0	0.0	0.0	0.0	0.0	0.0	4.16204	0.0	0.0	0.0	0.0	24.9436	0.0097686	0.0	0.0	0.0	4.0763	0.0187677	0.221815	0.0	0.0	0.0	0.0	0.0	2.54919	0.0	4.70516	5.86774	0.0	0.0	0.0	0.0	9.98287	26.0853	0.0	44.3941	2.44288	1.57167	1.19788	20.7243	2.05622	0.0209702	13.182	24.4784	0.626185	0.195956	0.0	0.0	0.0	0.0	0.0	0.0	1.5477	0.0	0.0	0.0	0.0	6.25394	1.46736	0.518499	7.17005	0.0	0.0	0.0623014	1.60615	0.0	0.013767	0.0	0.0	8.48583	0.0	6.0522	0.0	0.0	0.0	0.0	0.0	0.0	0.0	24.1384	0.037508	0.0	0.0	1.17931	2.22362	6.9873	0.0	0.591192	0.663954	0.16051	6.45658	0.0	0.0	11.0892	17.2682	0.0	0.0	0.0	0.0	0.0	0.0	0.0	0.0	0.0	0.0	0.0	0.163368	0.0	5.17553	1.69149	0.0742583	0.0	24.0983	0.762646	0.0	0.126502	0.29074	0.071177	0.287091	8.57683	27.4214	0.0	0.801573	0.0	0.0	11.1073	24.9195	0.0	0.0	0.0	0.0	4.017	0.0	0.0	14.2651	12.5079	0.0	9.54447	0.0155377	0.255189	12.2526	37.5226	12.0703	11.059	1.2601	0.255374	0.0	35.763	9.39999	16.2007	3.97182	14.6311
N06_1_2	0.239107	0.0	0.0	0.0	0.387885	0.0	0.0293305	0.121975	0.0	0.0	0.0	0.0	0.0	0.0	0.0	0.0	0.0446204	0.0	4.57661	27.7403	93.5293	22.0746	0.193643	52.0366	4.45411	0.0472057	0.0	2.08841	0.0	36.1917	0.0	35.0395	0.0	0.0191954	0.0	0.167284	0.122779	0.0	235.534	0.0334314	0.0581954	0.0581954	0.0581954	0.0048674	0.0	0.0	2.19085	0.0	0.0	9.03569	24.0143	0.010396	1.827	5.27346	0.0	0.0	0.0588178	11.5918	0.0	0.306377	0.0	0.0156235	68.3656	13.4612	0.0	14.0094	0.0475116	0.0	23.1763	1.03066	0.0	0.0674781	0.669596	0.0	0.0	0.0	0.0712366	0.18766	0.0677553	0.0	0.0	0.0	0.0	0.0	0.0	0.0	0.0	0.0220862	0.00845422	0.0348068	0.0	0.0216089	0.0	0.0	0.0117636	0.0354804	20.3041	0.0	0.0	0.0	0.054812	0.0473073	0.0	0.0	0.0	0.0	0.0	0.0	0.0	0.0322077	0.0	0.0	0.00758547	0.0	0.0	0.0	0.0	0.0	0.0535228	0.0	9.44192	56.5268	0.0	0.0	1.03066	29.3028	0.0134461	0.249976	0.0267614	0.0243339	0.0483257	0.0	0.0	0.0	0.0	0.0	0.0	0.165398	0.0	0.682693	0.282024	0.0	0.0143215	0.0	0.0554103	0.0290977	0.0	0.0	0.0266318	0.0205973	0.0	0.0353096	0.0762051	0.0	0.0145874	0.0	0.0	0.0	0.0	0.0	0.0	0.0	0.0	0.0	0.0	0.0	0.0	0.0	0.72868	43.3847	3.71586	0.0433029	0.0	0.0	0.0089495	0.0422445	0.0	0.0	0.0	0.13119	0.0	0.0	0.0	0.0	0.0	0.0	0.0	0.0	0.0	0.0	0.0	0.0	0.0	0.366981	0.0510392	0.0357108	0.0	29.6438	0.0	0.0	4.70456	0.0	0.0	0.0	0.0	0.298543	0.175142	0.0	0.0	0.0	0.0287179	0.252125	0.149881	0.0	0.0650825	0.0	22.4697	0.0	0.0	0.0	0.0572861	0.0	0.0	0.0669501	0.0	0.0285687	0.235467	0.0	0.131315	0.0	0.0	0.0	2.49809	0.0681049	0.259234	0.756638	0.0
N06_1_3	0.0	0.0	2.66452	0.0	36.8244	0.0196795	0.0489102	7.65843	0.0	0.0108786	1.92113	1.79315	0.0	0.0	0.0	0.233896	0.967291	6.69767	29.0823	34.0594	18.32	31.3935	25.8328	5.00218	18.6445	13.0672	0.0641305	0.493358	26.968	2.35817	34.3312	2.35817	4.45677	0.176051	0.0	3.28644	2.27774	0.0	306.624	1.06232	0.0	0.0	0.0	0.151897	0.0	0.0764222	2.53498	0.0	0.0	0.53249	1.40617	0.0346717	0.328256	4.49111	0.0	0.043984	0.0	6.03573	0.0	0.10218	0.0	0.052106	6.12217	2.83971	0.0	19.0133	8.21992	0.0	5.96438	4.0671	0.0	0.0562617	2.63588	0.0134172	0.0	0.0	4.51406	13.2822	2.44802	25.4225	0.0	0.0869257	0.0404588	0.0	0.0	0.0	0.0	0.03683	0.0	0.0193474	0.0	2.21609	0.0	0.0	0.0	0.0	3.54567	0.0	0.0	0.0	0.0	1.00581	0.0	0.0131762	0.0	0.0	0.0	0.0	0.0	0.657924	0.0	2.2711	3.09905	0.0	0.0	0.0	0.0	6.80283	20.7288	0.0	8.82114	4.44234	0.0	0.0	4.0671	1.58456	0.0	5.14981	13.8118	0.0	0.0483515	0.0	0.0	0.0	0.0	0.0	0.0	0.0	0.0	0.0	0.0783817	0.0	6.32871	1.19329	0.461998	3.34802	0.0	0.0	1.62096	0.120215	0.0	8.15497	0.0	0.0	3.74611	0.0	2.58849	0.0910239	0.0	0.0	0.0	0.0	0.043984	0.0	0.0	0.0267366	0.0	0.0320652	0.0917066	1.64975	0.778975	0.0	0.2334	0.243125	0.126852	0.42267	0.0	0.0	8.49907	12.0059	0.0	0.0	0.0	0.0	0.0	0.0	0.0	0.0	0.0	0.0	0.0	0.0537475	0.0	45.32	42.0021	41.6451	34.39	32.8476	0.288543	0.0	0.595146	0.0	0.0	0.0	4.26208	12.4022	1.88865	0.128561	0.0	0.0	3.23248	13.0859	1.71109	0.0	0.0	0.0	0.941573	0.0	0.0	0.237582	0.143292	0.0	0.0940581	0.0162313	0.0732056	5.6215	18.001	4.76491	4.61599	1.08657	0.0732587	0.0	22.9038	5.96235	7.56502	2.83121	15.9138
N06_1_4	0.0	0.0	2.10992	0.0	82.9431	0.0	0.0	21.9584	0.0	0.0	3.20385	3.41368	0.0	0.0	0.0	0.715622	2.90891	11.4896	60.5155	76.1273	56.0587	69.5151	57.2583	19.9337	30.506	32.8618	0.0	2.76242	57.1735	9.85754	76.3144	9.85754	8.62437	0.304686	0.0313326	11.5813	17.3773	0.0	278.56	1.03183	0.0	0.0	0.0	0.432025	0.0	0.20784	0.0	0.0	0.0	4.66633	10.2257	0.094294	1.08337	36.8132	0.0	0.0	0.0666865	128.914	0.0	0.0	0.0	0.0	48.5625	29.4207	0.0981919	38.4324	13.1168	0.0	45.0059	15.1821	0.0	0.0	6.82013	0.0639506	0.0	0.0	7.01055	35.6735	3.89219	55.6273	0.0	0.177304	0.0183388	0.0	0.0	0.0	0.0	0.0	0.0	0.0	0.0	5.24295	0.0	0.0	0.0	0.0	40.7453	0.0142032	0.0	0.0	0.0	3.21816	0.0	0.12542	0.0	0.0	0.0416373	0.0	0.0	11.7948	0.0	6.4111	5.89978	0.0	0.0	0.0	0.0	13.2881	46.908	0.0	84.9841	21.6482	0.0	0.0	15.1821	1.42749	0.0	24.5511	28.2783	0.0	0.197247	0.0	0.0	0.0	0.0	0.0	0.0	0.0	0.0	0.0	0.0	0.0	9.06051	2.40393	0.659642	8.67648	0.0	0.0	2.53635	0.0233528	0.0	13.8115	0.0	0.0	9.62567	0.0	4.87753	0.0	0.0	0.0	0.0	0.0	0.0	0.0	0.0	0.0636244	0.0	0.0	0.124704	5.47641	36.4963	0.0	0.714104	0.819897	0.101468	33.0569	0.0	0.0	16.8161	24.6552	0.0	0.0	0.0	0.0	0.0	0.0	0.0	0.0	0.0	0.0	0.0	0.100494	0.0	81.1347	63.7696	73.4726	61.8323	72.0259	1.04062	0.0	2.64858	0.0	0.0	0.0	8.07481	35.2496	3.15069	0.349637	0.0	0.0	5.20956	29.6573	2.90191	0.0	0.0	0.0	2.57826	0.0	0.0	2.84299	1.8186	0.0	1.47086	0.0	0.108595	10.4298	50.5816	9.18184	13.4709	1.35933	0.108674	0.0	63.8873	14.7096	21.1199	5.85857	32.8264
N07_1_2	0.0	0.0	0.0	0.0	0.321532	0.0	0.0443714	0.080228	0.0	0.0	0.0	0.0	0.0	0.0	0.0	0.0	0.0	0.0	10.7699	0.58044	3.09568	0.503048	0.0	3.02532	0.137515	0.0	0.0	0.26328	0.0	0.792347	0.0	0.792347	0.0	0.0580778	0.0	0.189802	0.123827	0.0	265.263	0.0	0.0	0.0	0.0	1.00143	0.0	0.0	0.0	0.0	0.0	1.57447	4.32621	0.0	1.47657	86.3875	0.0	0.0	23.3128	13.4058	0.0	0.169946	0.0	0.0	20.4791	15.4794	0.0	27.6843	1.65315	0.0	16.7435	7.06991	0.0	0.0	2.12558	0.0	0.0	0.0	0.0862139	0.110403	0.0	0.0	0.0	0.0	0.0	0.0	0.0	0.0	0.0	0.23999	0.0	0.0	0.0	0.0	0.0	0.0	0.0	0.10735	19.4525	0.0	0.0	0.0	0.0	0.0	0.0	0.0	0.0	0.0	0.0	0.0	0.0	0.0	0.0	0.0	0.0	0.0	0.0	0.0	0.0	0.0	0.0	0.0	66.5269	16.916	0.0	0.0	7.06991	0.467194	0.0406829	0.25211	0.0	0.0368126	0.029243	0.0	0.455871	0.0	0.0	0.0	0.0	0.0	0.0	0.229507	0.568864	0.0	0.0866629	0.0	0.0838251	0.0440193	0.0	0.0	0.0	0.0	0.0	0.0534166	0.0384279	0.0	0.044136	0.0	0.0	0.0	0.0	0.0	0.0	0.0	0.0	0.0	0.0	0.0121278	0.0	0.0	0.124795	5.10624	0.256977	0.0	0.0	0.0	0.0	0.0	0.0	0.0	0.0420184	0.190526	0.0	0.0	0.0	0.0	0.0	0.0	0.0	0.0	0.0	0.0	0.0	0.0	0.0	0.317241	0.0	0.0	0.0	13.0492	0.0	0.0	1.03075	0.0	0.0	0.0	0.0	0.253551	0.0	0.0	0.0	0.0109397	0.0868892	0.238385	0.0348832	0.0	0.0	0.0	16.7329	0.0	0.0	0.0	0.0	0.0	0.0	0.38696	0.0	0.0432189	0.25331	0.0434446	0.0635694	0.0	0.0	0.0	13.8984	0.0	10.4206	0.0	0.0
N07_1_3	0.319071	0.0	0.0	0.0	0.501059	0.0	0.0260929	0.2642	0.0	0.0	0.0	0.0	0.00333498	0.0	0.0	0.0	0.0198475	0.0	2.7813	5.64334	18.5912	4.52833	0.0689072	20.9781	0.970396	0.0839899	0.0	2.57007	0.0	7.08235	0.0	6.24365	0.0	0.802595	0.0	0.139518	0.136533	0.0	369.061	0.046264	0.0	0.0	0.0	0.132378	0.0	0.0	0.0	0.0	0.0	5.74464	17.6127	0.0	1.34259	12.7002	0.0	0.0	3.34882	8.00829	0.0	0.181705	0.0	0.0	47.1231	6.05977	0.0	39.8141	0.0634006	0.0	15.4497	2.02976	0.0290351	0.420207	1.99212	0.00715789	0.0	0.0	0.0253493	0.296791	0.0200921	0.0743152	0.0	0.0681079	0.0	0.0	0.0	0.0	0.00749221	0.0940849	0.0	0.0	0.0	0.0384473	0.0276213	0.0	0.0	0.31564	12.3881	0.0	0.0	0.0	0.0	0.0420853	0.0	0.0	0.0	0.0	0.0	0.0165845	0.0	0.0	0.0	0.0	0.0	0.0	0.0	0.0	0.0	0.0	0.0	0.0	12.5019	97.3804	0.0	0.0	2.02976	7.52354	0.0	0.231648	0.0	0.0	0.0687861	0.0	0.178718	0.0	0.0	0.0	0.0	0.0	0.0	0.404889	0.334524	0.0	0.0254813	0.0	0.0246469	0.284744	0.203851	0.0	0.0	0.0183237	0.0	0.047118	0.112989	0.10872	0.23359	0.0	0.0	0.0	0.0	0.10872	0.0	0.0422671	0.0	0.0	0.0	0.0071318	0.0	0.0	0.244621	42.8669	1.13338	0.231138	0.0	0.0	0.0	0.00683298	0.0	0.0	0.0	0.14005	0.0	0.0	0.0	0.0	0.0	0.0	0.0	0.0	0.0	0.0	0.0	0.0	0.0	0.195883	0.0227026	0.0	0.0	20.6015	0.0	0.0	6.78299	0.0	0.0	0.0409407	0.0255479	0.307523	0.0415492	0.0	0.0	0.0900642	0.127739	0.299059	0.0205133	0.0	0.0	0.0567236	11.6427	0.0	0.0	0.101397	0.0509627	0.0	0.0	0.0680684	0.0	0.0254151	0.391021	0.0	0.0654191	0.139121	0.0	0.0	3.93998	0.0605872	1.74611	0.39402	0.0
N07_1_4	0.0	0.0	0.0	0.0	0.0110949	0.0	0.0	0.0332204	0.0	0.0	0.0	0.0	0.00391383	0.0	0.0	0.0	0.0	0.0	4.48316	7.77117	27.9068	7.26377	0.0	8.96035	1.80314	0.0	0.0	1.6716	0.0	7.76481	0.0	7.43672	0.0	26.8542	0.0	0.0	0.0	0.0	274.869	0.0	0.0	0.0	0.0	0.0871147	0.0	0.0	0.0	0.0	0.0	3.50669	7.732	0.065122	0.676488	42.6686	0.0	0.0	34.1425	41.258	0.0	0.0	0.0	0.0	47.163	77.6423	0.0	17.0268	0.124008	0.0	31.0823	16.7237	0.0	0.0	35.3434	0.00840027	0.0	0.0	0.0	0.0	0.0	0.0	0.0	0.0	0.0	0.0	0.0	0.0	0.0	0.0	0.0	0.0	0.0	0.0	0.0	0.0	0.0	0.0	24.8777	0.0130788	0.0	0.0	0.0	0.0	0.0	0.0	0.0	0.0	0.172535	0.038926	0.0	0.0	0.0	0.0	0.0	0.0	0.0	0.0	0.0	0.0	0.0838188	0.0	37.4506	21.9875	0.0	0.0	16.7237	9.25102	0.0	0.0326226	0.0	3.17566	2.03831	0.0	0.0	0.0	0.0	0.0	0.0	0.0	0.0	0.0	0.0	0.0	0.0	0.0	0.0	0.0	0.0	0.0	0.0278043	0.0215041	0.0	0.0	0.0	0.0	0.0	0.0	0.0	0.0	0.0	0.0	0.0	0.0	0.0	0.0	0.0	0.0	0.0	0.0	6.54541	6.62257	26.0256	0.0	0.0	0.0	0.0	0.0	0.0	0.0	0.0	0.0	0.0	0.0	0.0	0.0	0.0	0.0	0.0	0.0	0.0	0.0	0.0	0.0	0.0	0.0	0.0	0.0	0.0	40.3094	0.0	0.0	3.218	0.0	0.0	0.0	0.0	0.0218727	0.0	0.0	0.0	1.96294	0.0	0.0548385	0.0	0.0	0.0	0.0665691	29.1682	0.0	0.0	0.0	0.0	0.0	0.0	0.0204691	0.0	0.0	0.0109259	0.0	0.0329031	0.0	0.0	0.0	15.8586	0.142206	29.7325	16.2999	0.0
N07_2_2	0.0	0.0	0.0273487	0.0	0.0339678	0.0	0.0	0.0113008	0.0	0.0278029	0.0	0.0	0.0	0.0	0.0124669	0.0	0.0	0.0	0.441465	2.97061	9.97469	2.07125	0.165055	3.63996	0.677953	0.0	0.0	0.333766	0.794502	2.23217	0.600969	2.12056	0.43809	0.0409037	0.0	0.0111396	0.0327039	0.0	287.159	0.0	0.0	0.0	0.0	0.020744	0.0	0.39063	0.190551	0.0	0.0	0.831664	3.51567	0.0221529	0.249059	2.56853	0.0435647	0.0	0.376008	4.38835	0.0	0.0544053	0.0559375	0.0	4.60385	1.66515	0.0	1.16179	0.312184	0.0	2.58462	0.620314	0.0	0.0718951	0.421038	0.00857272	0.0	0.0	0.0	0.0222159	0.0	0.0296681	0.0	0.02719	0.0	0.0	0.0	0.0	0.0	0.0563409	0.00900761	0.0	0.0	0.0230234	0.0	0.0	0.0	0.0756058	2.19633	0.0	0.0	0.0	0.0	0.176414	0.0	0.0	0.0	0.0	0.0	0.0	0.0	0.0	0.0	0.0	0.0322835	0.0	0.0	0.0	0.0	0.0	0.0570263	0.0	2.65855	3.99563	0.0	0.0	0.620314	2.37922	0.0	0.0221949	0.0570263	1.03707	0.0823824	0.0	0.0	0.0	0.0	0.0	0.0	0.176224	0.0	0.0	0.0	0.0	0.0	0.0	0.0	0.0	0.0	0.0	0.1135	0.0219455	0.0	0.0188104	0.0	0.0	0.0	0.0	0.0	0.0	0.0	0.0	0.0	0.0253108	0.0	0.0	0.0	0.0	0.0	0.0	2.05081	5.39441	0.633454	0.0	0.0	0.0	0.00953531	0.0327344	0.0	0.0	0.0	0.0	0.0	0.0	0.0452467	0.0908442	0.0	0.0	0.0	0.341801	0.0	0.0	0.0	0.00859157	0.0	0.022343	0.0	0.0	0.0	2.58526	0.0	0.0	1.65931	0.0	0.534888	0.63743	0.0	0.0334826	0.0248809	0.0	0.0	0.00770473	0.0	0.0335785	0.0	0.0	0.0	0.0339678	1.82953	0.0	0.0	0.0	0.0	0.0	0.0	0.0207414	0.0170086	0.0	0.0111502	0.0	0.0335785	0.0	0.0170209	0.0430842	0.994449	0.217689	0.197288	0.393252	0.0
N07_2_3	22.7012	0.0	2.19691	0.0717785	57.4352	0.0	0.109741	11.3101	0.484723	2.06253	2.23657	3.04624	0.0701312	0.0	0.0	0.0	4.73718	17.5709	289.057	202.224	77.6882	184.495	169.901	10.0544	167.673	21.7245	0.0	1.56277	275.516	6.95681	182.638	6.36891	66.0563	3.48328	0.0258499	3.8043	2.92856	0.0	262.798	2.3106	12.7106	12.7106	12.7378	0.223742	0.0	41.9246	0.0	0.0	0.0	2.72141	7.54471	0.0	0.985861	32.6969	0.0	0.0	6.327	13.8052	0.0	0.334344	0.0245543	0.0	30.9213	23.9278	0.16202	50.5543	15.6435	0.0	24.1219	5.99044	0.0	5.68063	6.07848	0.0376859	0.0	0.0	12.1007	21.1128	5.07018	24.5095	1.57031	0.0	0.00756489	0.0	0.0	0.0	0.0	0.0989254	0.0	0.0	0.113682	4.16381	0.00726058	0.0	0.0	0.132752	17.4482	0.0117178	0.0	0.0	0.0	2.03552	0.0	0.915167	0.0	0.0257206	0.0343514	0.0	0.0	5.3776	0.0	0.0	0.510865	0.0	0.0	0.0	0.115339	9.41684	25.1824	0.0	32.9	13.4752	0.0	0.0	6.01987	8.66612	0.0503093	5.5046	24.1561	0.887703	1.80813	0.0	0.0	0.0	38.7074	8.98594	0.0	1.39239	0.0	38.9534	22.3352	0.0	8.86825	0.0743729	0.10366	19.0795	0.0	0.0	0.0	0.0770655	0.0	17.026	0.0475208	16.2326	28.9545	0.0	2.57206	0.0255291	0.0	16.2326	0.0	0.0	0.0	0.0	0.0	0.0449923	0.0	0.0	0.668736	8.87293	3.69423	0.324039	0.0	0.0	0.0418562	3.41984	0.0	0.0	0.753432	1.18786	0.0	0.0	0.0	0.0797538	0.0425134	0.0	0.0846769	0.214338	0.0	0.0	0.0788371	0.0301487	0.0	103.54	82.0673	106.49	73.5895	90.3246	0.0	0.0	1.66918	0.392348	0.853796	0.903988	7.49457	15.9321	5.22057	0.0	0.0	0.250273	5.29186	15.5355	4.72353	0.0	0.0	0.0	30.4306	0.0	0.0	0.106614	0.0	0.0	0.0	0.133614	0.0447964	9.2995	26.5086	4.83521	7.3305	1.90162	0.0373575	0.0	10.3396	7.10303	15.3804	5.86913	23.4511
N07_2_4	70.594	0.0	7.16872	0.0	206.624	0.0	0.0	35.4147	1.47023	6.61683	5.85875	12.966	0.438728	0.0	0.0	0.0	12.7386	65.5229	927.049	651.96	187.279	595.309	621.501	0.738767	530.139	81.7806	0.0	0.12344	982.28	1.30023	627.611	0.557242	248.624	3.06337	0.0490037	12.0877	9.41609	0.0	280.253	6.13229	43.0314	43.0314	43.0314	0.00739795	0.0	164.967	0.0	0.0	0.0	0.0838858	0.910161	0.0	0.66175	38.005	0.0	0.0	3.44179	12.1724	0.0	0.0	0.0	0.0	29.3088	21.7518	0.307141	137.785	52.5709	0.0	43.1618	8.42639	0.0	19.8624	5.02185	0.32863	0.0195425	0.0	42.6449	71.4326	13.336	75.2488	5.64574	0.0	0.0430223	0.0	0.0	0.0	0.0	0.0	0.0	0.0	0.0	11.9933	0.0	0.0	0.0	0.629144	23.6444	0.044427	0.0	0.0	0.0	7.84333	0.0	3.24591	0.0	0.0	0.0	0.0330567	0.0	17.99	0.0	0.0	2.95915	0.0	0.0	0.0	0.0437297	32.5591	89.64	0.0	48.2454	1.33808	0.0	0.0	8.42639	4.17029	0.0	19.0971	86.2233	0.474642	2.91352	0.0	0.0	0.0	87.4458	19.5035	0.0	0.879855	0.150027	130.875	63.1779	0.0	31.7439	0.0939926	0.0	68.5717	0.0	0.0	0.330567	0.0	0.0924335	63.3002	0.0	60.4607	103.053	0.0	7.3138	0.0	0.0	60.4607	0.0	0.0	0.0	0.0	0.0	0.326953	0.0	0.0	1.02393	1.23831	3.68984	0.0	0.0	0.0	0.126955	13.2792	0.0	0.0	0.295507	3.46149	0.0	0.0	0.301212	0.15119	0.0	0.0	0.0	0.0	0.0	0.0	0.149452	0.128594	0.0	356.38	302.734	364.276	232.01	283.71	0.0	0.10957	0.345194	0.330567	0.242782	1.30567	26.1234	55.8356	13.4992	0.0	0.0	0.282101	17.1101	53.4249	11.5303	0.0	0.0	0.0	19.0371	0.0	0.0	0.0	0.0	0.0	0.0	0.325661	0.113228	31.4082	91.6347	16.3972	23.8251	7.67198	0.0991461	0.0	12.8509	23.7302	45.0484	18.9144	60.5181
N08_1_2	0.307463	0.0	0.0132026	0.0	0.382621	0.0	0.0150862	0.163664	0.0	0.0134219	0.0	0.0	0.0	0.0	0.0	0.0	0.0	0.0	1.52089	29.6155	75.8214	28.0104	0.199202	13.929	0.98185	0.0728411	0.0	0.984662	0.0958869	12.7155	0.0967065	12.2845	0.0	0.00987317	0.0	0.13982	0.0947274	0.0	273.955	0.137564	0.0	0.0	0.0	0.077968	0.0	0.0	0.551934	0.0	2.11463	16.1203	47.2198	0.0106944	3.61124	8.04038	0.0	0.0271335	0.0	16.5066	0.0	0.246884	0.0	0.0482159	48.8411	2.74525	0.0	18.1181	0.0610943	0.0	14.1929	2.2257	0.0	0.347075	2.75527	0.0124155	0.0	0.0	0.0	0.230583	0.116167	0.0716118	0.0	0.0	0.0	0.0	0.0	0.0	0.0	0.0681606	0.00434845	0.0238706	0.0	0.0	0.0	0.0	0.0	0.0729978	11.0996	0.0	0.0	0.0	0.0	0.0243326	0.0	0.0	0.0	0.0	0.00944462	0.0	0.0	0.0248492	0.0	0.0	0.0156064	0.0	0.0	0.0	0.0	0.0	0.0	0.0	13.2655	136.411	0.0	0.0	2.2257	11.8278	0.0829926	0.241079	0.0550592	0.0	0.129254	0.0	0.0	0.0	0.0	0.0	0.0	1.31863	0.0	0.507209	0.386826	0.0	0.0294653	0.0	0.071251	0.0598659	0.0	0.0	0.0	0.0211885	0.0	0.0363231	0.0653271	0.0	0.0600247	0.0	0.0	0.0	0.0	0.0	0.0	0.0	0.0	0.0	0.0	0.0	0.0	0.158247	1.32947	19.9952	7.18634	0.0890918	0.0	0.00599929	0.0	0.0079013	0.0	0.0	0.0	0.107964	0.0	0.0	0.0	0.0	0.0	0.0	0.0	0.0	0.0	0.0	0.0	0.0	0.0	0.231902	0.0656303	0.0367359	0.0	22.931	0.00773916	0.0	6.74207	0.0	0.0	0.0	0.0	0.274785	0.0840792	0.0	0.0	0.0111584	0.0295422	0.243152	0.0237205	0.0	0.0	0.0	13.9882	0.0	0.0	0.263813	0.265187	0.0	0.0874845	0.0100844	0.0	0.0146944	0.263757	0.0295422	0.0864539	0.0	0.0	0.0	3.85941	0.0	2.85724	0.113906	0.0
N08_1_3	0.40939	0.0	0.0	0.0	0.800585	0.0	0.125546	0.35412	0.0	0.0	0.0	0.0	0.0	0.0	0.0	0.0	0.0	0.0	0.290218	0.963494	3.32844	0.985392	0.265239	2.42532	0.311272	0.0808238	0.0	0.357568	0.0797963	1.25546	0.0804784	1.25546	0.0	5.29135	0.0473164	0.349071	0.350362	0.0	347.049	0.11448	0.0498199	0.0498199	0.0498199	0.0476215	0.0	0.0	0.0	0.127243	0.0	1.45796	3.38975	0.0	0.495023	41.1787	0.0	0.0	5.63951	13.3426	0.00927682	0.419653	0.0	0.0	20.5263	22.8962	0.0	3.24689	0.0406737	0.0	13.2272	7.77255	0.0	0.288833	8.66419	0.0275522	0.0	0.0	0.0487874	0.49088	0.174012	0.0476758	0.0	1.2272	0.0	0.0	0.0	0.0	0.0	0.0	0.0	0.0	0.0	0.0	0.0	0.0	0.0	0.121496	10.576	0.0	0.0	0.0	0.0	0.0	0.0	0.0	0.0	0.0	0.0	0.0159593	0.0	0.0551448	0.0	0.0	0.0	0.0	0.0	0.0	0.0	0.0	0.0916396	0.0	25.8042	6.16638	0.0	0.0	7.77255	0.0	0.0230219	0.427999	0.0916396	0.0	0.562641	0.0	0.0	0.0	0.771801	0.476758	0.0	0.0	0.0	1.62344	0.724305	0.0	0.0490415	0.0	0.118589	0.0996399	0.0	0.0	0.0	0.0528987	0.0	0.0453417	0.326188	0.0	0.0999042	0.0	0.0	0.0233647	0.0	0.0	0.0	0.0	0.0225803	0.0	0.0	0.0	0.0	0.0	1.74195	0.0996399	4.90794	0.0370707	0.0	0.0	0.0	0.0591786	0.0	0.0	0.0	0.224618	0.0	0.0	0.0	0.0	0.0	0.0	0.0	0.0	0.0	0.0	0.0	0.0	0.0	0.619353	0.152928	0.203809	0.0	11.6416	0.0	0.0	1.19436	0.0	0.0	0.0393974	0.0491695	0.502185	0.299872	0.0	0.0	0.0185719	0.147509	0.494631	0.23688	0.0	0.0278579	0.0	64.9847	0.0	0.0	14.0508	12.8489	0.0	8.83652	0.0333309	0.0	0.122285	0.609216	0.0	0.215839	0.0446254	0.0	0.0	5.45217	0.0	4.75554	5.87708	0.0
N08_1_4	0.0	0.0	0.0	0.0	0.0214057	0.0	0.0	0.0	0.0	0.0	0.0	0.0	0.0	0.0	0.0	0.0	0.0	0.0	0.948413	4.53403	18.8403	3.72684	0.0	11.581	0.488263	0.0	0.0	0.373923	0.0	3.79799	0.0	3.72766	0.0	14.3318	0.0	0.0561595	0.054958	0.0	285.286	0.0	0.0	0.0	0.0	0.21196	0.0	0.0	0.0	0.0	0.0	6.65442	17.9209	0.0977218	1.47589	107.082	0.0274535	0.0	16.863	38.7685	0.0	0.0	0.0	0.0	79.4494	66.3559	0.0	11.6186	0.0159503	0.0	49.7329	22.3874	0.0	0.0	23.0246	0.0	0.0	0.0	0.0	0.0	0.0151642	0.0	0.0	3.02749	0.0	0.0	0.0	0.0	0.00565465	0.0355047	0.0	0.0	0.0	0.0	0.0	0.0	0.0	0.0	39.093	0.0	0.0	0.0	0.0	0.0158817	0.0161597	0.0	0.0	0.0	0.0	0.0	0.0	0.0	0.0	0.0	0.0203724	0.0	0.0	0.0	0.0	0.0	0.0179683	0.0	61.3717	37.8615	0.0	0.0	22.4085	0.0	0.0	0.111894	0.0	0.0	1.64832	0.0	0.0	0.0	0.0	0.0	0.0	0.0	0.0	0.0	0.0	0.0	0.0	0.0	0.0	0.0	0.0	0.0	0.0	0.0553182	0.0	0.0	0.0	0.0	0.0	0.0	0.0	0.0	0.0	0.0	0.0	0.0	0.0	0.0	0.0	0.0	0.0	0.0	4.02481	2.6961	16.2527	0.0	0.0	0.0	0.0	0.0	0.0	0.0	0.0	0.0	0.0	0.0	0.0	0.0	0.0	0.0	0.0	0.0	0.0	0.0	0.0	0.0	0.0	0.0281601	0.0	0.0	0.0	39.3687	0.0	0.0	5.75113	0.0	0.0	0.0	0.0	0.0914331	0.0156794	0.0	0.0	0.00485534	0.0	0.0282139	0.0	0.0	0.0	0.0	208.607	0.0	0.0	52.001	37.2711	0.0	25.677	0.0256869	0.0	0.0	0.0210799	0.0	0.0	0.0699998	0.0	0.0271507	13.8607	0.0	15.7646	13.1839	0.0
N08_2_2	0.952343	0.0	0.185882	0.0	5.15612	0.0854619	0.127441	1.72051	0.0	0.0	0.251859	0.088995	0.0	0.0	0.0	0.0	0.113094	0.447475	8.41513	4.72346	8.63189	4.35299	4.1508	2.23263	1.90898	1.43576	0.0	0.352882	1.75501	2.42744	2.1104	2.42744	0.223319	0.0	0.0	0.976703	0.57052	0.0	186.37	0.0753196	0.0	0.0	0.0	1.23066	0.0	0.0	0.0	0.0	0.0	1.61014	5.25693	0.0903408	1.6928	34.0697	0.0	0.0	1.57597	13.5575	0.0	0.724768	0.0	0.0	20.208	11.0614	0.0627169	22.8652	2.23641	0.0	14.1734	6.00512	0.0	0.781845	1.95549	0.0	0.0	0.0	0.577776	2.1517	0.686924	2.92388	0.0	0.0	0.0	0.0	0.0	0.0	0.0	0.127953	0.0	0.0	0.0	0.219078	0.0	0.0	0.0	0.565262	15.9092	0.00907181	0.0	0.0	0.0	0.0	0.0	0.0801083	0.0	0.0	0.0132972	0.0	0.0	0.151604	0.0	0.174782	0.186767	0.0	0.0	0.0	0.0	0.53318	1.60851	0.0	36.963	25.9485	0.0	0.0	6.00512	1.72031	0.233693	1.37276	1.3372	0.0528654	0.0559933	0.0	0.0	0.0	0.0	0.0	0.0	0.23955	0.0	1.09863	1.08924	0.0	0.663754	0.172736	0.280883	0.379288	0.0	0.0	0.173573	0.119327	0.0	0.652035	0.0367901	0.0	0.316912	0.0	0.481757	0.0	0.0	0.0	0.0	0.0	0.0	0.0	0.0	0.0	0.0	0.0	0.45799	6.27933	1.07636	0.313585	0.0	0.0	0.0	0.100119	0.0	0.0	1.06603	1.81646	0.0	0.0	0.0	0.0	0.0	0.0	0.0	0.0	0.0	0.0	0.0	0.0	0.0	5.37584	3.43735	5.22383	1.88064	13.8833	0.0	0.0	1.29226	0.0	0.0	0.0	0.561505	2.29849	0.659526	0.0	0.0	0.0418938	0.415929	2.34311	0.500947	0.0	0.0	0.0	12.8046	0.0	0.0	0.206348	0.165939	0.0	0.0821139	0.0144819	0.0	0.496523	3.05415	0.499115	0.981367	0.0754981	0.0	0.0	14.4458	0.665809	8.20641	7.37703	1.17133
N08_2_3	0.322282	0.0	1.58283	0.0	19.9242	0.0	0.0	4.42462	0.0	0.00879299	1.17194	0.869622	0.00757923	0.0	0.0	0.0236317	0.556313	2.33202	16.4116	14.3423	4.84398	13.2908	18.1136	0.0	9.12778	6.58534	0.0	0.0	11.6213	0.14119	15.015	0.14119	1.38551	0.090554	0.0	1.70515	1.30322	0.0	313.808	0.771039	0.0	0.0	0.0	0.154642	0.0	0.0	0.0	0.0	0.0	0.0	0.0	0.12611	0.113315	4.31549	0.0	0.0	0.237834	4.14258	0.0	0.123886	0.0	0.0	2.97314	1.61962	0.0583661	11.0868	4.30661	0.0	3.6598	1.69671	0.0	0.0909508	0.872928	0.0	0.0	0.0	2.07396	6.73799	1.99391	9.21401	0.0	0.0	0.0	0.0	0.0	0.0	0.0	0.0595381	0.0	0.125105	0.0405054	1.0194	0.0104622	0.0	0.0	0.0	2.91448	0.0	0.0	0.0	0.0	0.366639	0.0	0.0106348	0.0	0.0	0.0	0.0	0.0	0.325585	0.0	1.11536	1.00196	0.0	0.0	0.0	0.0	2.78475	9.19798	0.0	6.68604	0.154106	0.0	0.0	1.71792	0.448271	0.0724938	3.43951	7.26821	0.0	0.0130272	0.0	0.0	0.0	0.0	0.0	0.0	0.0	0.0	0.511206	0.190064	0.0	2.77968	0.75018	0.168041	1.50995	0.0	0.0245447	0.77176	0.0555243	0.0	4.93769	0.0171189	0.0	1.71057	0.0	1.94279	0.0	0.0	0.0	0.0	0.0	0.0	0.0	0.0	0.0	0.0	0.0518356	0.166781	0.0	0.457914	0.0583661	0.0235816	0.0864659	0.0	0.015529	0.0	0.0	4.02446	6.48593	0.0	0.0	0.0	0.0	0.0	0.0	0.0	0.0	0.0	0.0	0.0	0.0	0.0	22.3859	22.0139	25.8474	13.641	17.1521	0.0811216	0.0	0.0	0.0	0.0	0.0	1.95473	7.02422	1.92001	0.0346378	0.0	0.0243672	1.76119	6.71867	1.55398	0.0	0.0	0.0	1.66807	0.0	0.0	0.153627	0.0	0.0	0.0	0.0128913	0.0	2.36815	9.38727	2.20633	2.14516	0.526954	0.0	0.0	12.4199	1.85886	3.09478	0.596979	8.82958
N08_2_4	0.0	0.0493017	9.41623	0.030269	235.162	0.0	0.0694169	51.9873	0.0	0.0	8.53992	12.434	0.0	0.0	0.0	2.36523	7.60347	35.3909	180.169	203.619	68.529	187.728	187.902	0.986035	96.7031	83.8477	0.0	0.205944	173.726	0.247917	237.174	0.247917	32.3567	3.13466	0.0	21.7381	14.7228	0.0	243.554	4.03085	0.0	0.0	0.0	1.06969	0.0	0.0	0.0	0.0	0.0	0.0559813	0.260313	0.0	0.538679	40.2951	0.0	0.0	3.54973	42.6286	0.0	0.0	0.0	0.0	32.271	17.2379	0.409942	109.679	43.3762	0.0	40.5475	21.9721	0.0	0.0	4.9101	0.0	0.0	0.0	25.1546	83.3372	13.9511	163.206	0.0	0.400956	0.0	0.0	0.0	0.0	0.0	0.0522717	0.0	0.0	0.0	14.9591	0.0	0.0	0.0	0.0	25.2296	0.0148242	0.0	0.0	0.0	4.61846	0.0	0.0187007	0.0	0.0	0.0	0.0	0.0	5.31679	0.0	19.7479	19.1734	0.0	0.0	0.0	0.0	42.8521	138.644	0.0	54.6138	1.29886	0.0	0.0	21.9162	4.32918	0.0636463	33.8826	86.201	0.748688	0.320245	0.0	0.0	0.0	0.0	0.0	0.0	0.0	0.0	0.179526	0.0	0.0	33.6916	8.46802	1.01634	26.2724	0.0	0.0	8.57206	4.63104	0.0	44.9385	0.120237	0.0	28.5171	0.0	16.9518	0.0	0.0	0.0	0.0	0.0	0.0	0.0	0.0	0.0	0.0	0.0	0.553166	0.550927	1.70862	0.0	2.36021	2.53964	0.0635427	0.0	0.0	0.22249	53.1144	76.4173	0.0	0.0	0.0	0.0	0.0	0.0	0.0	0.0	0.0	0.0	0.0	0.0	0.0	271.443	206.922	248.593	189.902	193.184	3.06251	0.0731217	0.0	0.772115	0.162021	1.41593	28.1723	80.3748	11.2471	0.669029	0.0	0.0256719	18.453	79.2252	10.1506	0.0	0.0385079	0.0	17.9583	0.0	0.0	5.59741	5.15203	0.0	3.80458	0.0	0.0	33.5026	112.237	27.8664	27.3615	3.88619	0.0	0.0	147.893	34.695	45.9711	14.9811	84.4104
N09_1_2	0.537051	0.0	0.0	0.0	0.322231	0.0	0.0988175	0.154849	0.0	0.0	0.0	0.0	0.0	0.0	0.0	0.0	0.0	0.0	1.33251	13.5587	34.6723	11.5766	0.173974	9.54487	1.12293	0.0	0.0	0.586338	0.0	13.058	0.0	11.764	0.0	0.0	0.0	0.129158	0.160866	0.0	336.833	0.0	0.0	0.0	0.0	0.0171797	0.0	0.0	0.0	0.0	0.0	2.17823	6.09374	0.0700502	1.43234	5.37235	0.0	0.0	0.0	13.3509	0.0	0.344072	0.0589603	0.0	26.8592	2.40089	0.0	6.97472	1.87308	0.0	7.60015	0.848219	0.0	0.151561	0.714997	0.00903598	0.0	0.0	0.0	0.234165	0.101455	0.0	0.0	0.0	0.0	0.0	0.0	0.0	0.0	0.0992143	0.00949438	0.0521189	0.0	0.436816	0.0	0.0	0.0	0.239075	6.36227	0.0	0.0	0.0	0.0	0.0	0.0	0.0	0.0	0.0	0.0	0.0	0.0	0.0	0.0	0.0	0.034075	0.0	0.0	0.0	0.0	0.0	0.0	0.0	5.78378	45.0945	0.0	0.0	0.848219	8.11029	0.0302009	0.222246	0.0	33.2853	0.21979	0.0	0.0	0.0	0.0	0.0	0.0	0.0	0.0	0.255562	0.527871	0.0	0.0965014	0.0	0.0311138	0.0	0.0	0.0818025	0.538352	0.0	0.643953	0.0396539	0.0	0.0	0.0	0.0	0.0	0.0	0.0	0.0	0.0	0.0	0.0592431	0.0	0.0	0.0	0.0	0.0	0.0617609	25.6193	1.1923	0.0	0.0	0.0	0.0	0.0690066	0.0	0.0	0.0	0.0942915	0.97152	1.52667	48.5026	13.5012	0.0	69.9345	0.406656	13.5359	18.5888	0.0	10.5538	0.0	0.0	0.235504	0.0286594	0.0534727	0.0	11.5736	0.0	0.0	3.86233	37.4229	26.6008	11.9387	0.0	0.317628	0.104902	0.0	0.0	0.113695	0.0645023	0.259549	0.0517911	0.0	0.0730898	0.0	7.85258	0.0	0.0	0.0	0.0	0.0	0.0	0.0440363	0.0	0.0320836	0.235056	0.0645023	0.106179	0.0	0.0	0.0	0.883767	0.0	0.0415898	0.0	0.0
N09_1_3	1.09931	0.0	0.0	0.0	1.67894	0.0	0.0	0.540835	0.0	0.0	0.0	0.0	0.00626735	0.0	0.0	0.00977067	0.0	0.0	0.472305	2.56582	4.72539	2.80102	0.0647479	0.139306	0.30394	0.394601	0.0	0.0	0.0	1.05077	0.0	1.05077	0.0	0.0	0.0	1.16238	1.12896	0.0195621	234.877	0.223567	0.0486466	0.0486466	0.0486466	0.00929999	0.0	0.0	0.0	0.0	0.0	0.197725	2.39049	0.48665	0.133696	3.93587	0.0	0.0	0.0	7.30319	0.0	0.640265	0.0	0.0522398	5.62008	1.05992	0.0	3.52709	0.139005	0.0	3.05321	0.486674	0.0	0.338437	0.844178	0.0	0.0	0.0	0.28583	0.688476	0.396464	0.0	0.0	0.0	0.0	0.0193766	0.0193766	0.0193766	0.00703997	0.516943	0.0	1.10563	0.0	0.234822	0.012977	0.0	0.0	0.23727	3.00047	0.0	0.0	0.0	0.122182	0.0	0.0402372	0.0263822	0.0	0.0	0.0	0.0	0.0	0.0673075	0.0	0.0	0.0887716	0.844365	0.0	0.0	0.0	0.0	0.134222	0.0	7.4755	3.84207	0.0	0.0	0.486674	1.39005	0.247277	2.0983	0.0	4.29198	1.1779	0.0	0.0	0.0	0.0	0.0	0.0	0.0	0.0	1.07794	1.33591	0.0	0.191546	0.0221547	0.0463184	0.0972931	0.0	0.0	0.311668	0.49931	0.0871488	0.0737897	0.106169	0.0	0.0975512	0.0	0.0	0.0	0.0	0.0	0.0	0.0	0.0	0.0	0.0	0.0	0.0278612	0.0	0.045971	6.90781	2.09443	0.651557	0.0	0.0	0.0	0.179775	0.0	0.0	0.0	0.877309	0.0	0.0688704	13.3476	2.85091	0.0	6.80166	0.151345	3.71599	6.44495	0.0	2.71247	0.0	0.0	0.937826	0.0426645	0.318414	0.0	5.29363	0.0	0.0	1.11198	5.88273	5.41733	1.23102	0.096023	1.71625	0.956509	0.0	0.0	0.0241794	0.16804	1.07134	0.269851	0.0	0.0	0.0	2.1854	0.0	0.0	0.476383	0.766183	0.0	0.188599	0.175889	0.0	0.0	1.21598	0.0	0.377603	0.0	0.0	0.101407	0.887294	0.0	0.0	0.185118	0.0
N09_1_4	0.0	0.0	0.0	0.0	0.0405603	0.0	0.0	0.0	0.0	0.0	0.0	0.0	0.00286162	0.0	0.0178638	0.0	0.0	0.0	0.0	0.0	0.0390511	0.0	0.0	0.0	0.0	0.0720686	0.0	0.0	0.0	0.0	0.0	0.0	0.0	0.0	0.0	0.0319239	0.0468613	0.0	330.7	0.0	0.0	0.0	0.0	0.0276009	0.0	0.0	0.0	0.0	0.0	0.0	0.0	0.0476143	0.00313049	0.287534	0.0	0.0	0.0	0.29773	0.0	0.0	0.0	0.0	0.0461318	0.0450187	0.0	0.0723792	0.0	0.0	0.0631277	0.0600571	0.0	0.0	0.0670338	0.0122838	0.0	0.0148339	0.0	0.0	0.0	0.0	0.0	0.0	0.0	0.0	0.0	0.0	0.0	0.0403653	0.0	0.0	0.0	0.0	0.0	0.0	0.0	0.0	0.0990352	0.0	0.0	0.0	0.0	0.0	0.0	0.0	0.0	0.0	0.0	0.0	0.0	0.0	0.0	0.0	0.0	0.0	0.0	0.0	0.0	0.0	0.0	0.0	0.441894	0.0	0.0	0.0	0.0600571	0.0	0.0205281	0.0874582	0.0	0.0	0.0149395	0.0	0.0	0.0	0.0	0.318835	0.0	0.0	0.0	0.0	0.0	0.0	0.0	0.0	0.0	0.0	0.0	0.0	0.0	0.0	0.0	0.0275278	0.0	0.0	0.0	0.0	0.0	0.0	0.0	0.0	0.0	0.0	0.0	0.0	0.0	0.0	0.0	0.0	0.0	0.0	0.0	0.0	0.0	0.0	0.0	0.0	0.0	0.0	0.0	0.0400572	0.0	0.0	0.0	0.0	0.0693883	0.0624237	0.0	0.0	0.0	0.0	0.0	0.0	0.0	0.0	0.0	0.0	0.0	0.183185	0.0	0.0471685	0.0	0.0	0.0	0.0	0.0	0.0399809	0.0178259	0.0	0.0	0.0	0.0	0.0320764	0.0	0.0	0.0	0.0	0.0708522	0.0	0.0	0.0	0.0	0.0	0.0	1.0664	0.0	0.0	0.0319543	0.0	0.00801909	0.0	0.0	0.0617352	0.0	0.0	0.0	0.0	0.0
N09_2_2	0.174487	0.0	0.0	0.0	0.457545	0.0172241	0.0	0.10062	0.0	0.0	0.0	0.0	0.0	0.0	0.0170775	0.0170593	0.0	0.0	0.563498	0.615981	1.95994	0.634647	0.0	0.912093	0.0	0.0	0.0	0.0	0.0	0.305768	0.0	0.305768	0.0	0.0	0.0	0.206001	0.164262	0.0170775	285.351	0.0	0.0	0.0	0.0	0.0598759	0.00624138	0.0	0.0	0.0	0.0	0.379744	0.856151	0.0	0.206496	5.52503	0.0	0.0	1.24474	2.45916	0.0	0.111789	0.0191561	0.0	3.25246	0.860742	0.0	2.80233	0.0866784	0.0	1.86076	0.55117	0.0	0.0492418	0.224291	0.0176147	0.0	0.0	0.0	0.144552	0.461478	0.0	0.0	0.0	0.0	0.0169155	0.0169155	0.0169155	0.0	0.0265775	0.0	0.0677335	0.0	2.31804	0.0	0.0	0.0171688	0.0	1.84092	0.0	0.0	0.0	0.0	0.0345222	0.0	0.0	0.0	0.010033	0.0	0.0	0.0	0.0	0.0	0.0	0.265702	0.0	0.0	0.0	0.0	0.0	0.0	0.0	4.71971	5.89049	0.0	0.0	0.55117	0.260035	0.0196245	0.167217	0.0	0.372909	0.285638	0.0	0.0	0.0	0.0	0.0	0.0	0.0	0.0	0.276773	0.137204	0.0	0.0	0.0	0.0	0.127403	0.0	0.611283	1.84627	0.0	1.71179	0.0128835	0.0	0.0	0.0851609	0.0	0.0	0.0	0.0	0.0	0.0	0.0	0.038496	0.0	0.0	0.0116918	0.0	0.0280644	0.802642	0.764421	0.0929701	0.0	0.0	0.0	0.0	0.330697	0.0	0.0	0.0	0.122541	0.0	0.0	0.12396	0.0	0.099501	0.0	0.0	0.0668868	0.0	0.0	0.0	0.0	0.0	0.0688634	0.0	0.191105	0.0	2.16956	0.0	0.0	0.568242	0.0	0.0	0.0671667	0.0	0.405143	0.204495	0.0	0.0	0.00527707	0.0	0.383305	0.168269	0.0	0.0712404	0.0465299	1.4224	0.0	0.0	0.0	0.0	0.0	0.0	0.0143073	0.0	0.0	0.496401	0.0	0.0996594	0.0	0.0	0.0	0.948212	0.0	0.540499	0.107737	0.0
N09_2_3	0.0	0.0	0.0	0.0	0.140424	0.0	0.0407968	0.0663882	0.0	0.00907401	0.0	0.0	0.0	0.0	0.0	0.0	0.0	0.0	0.0130983	0.213471	0.444732	0.24905	0.053869	0.0	0.0	0.0	0.0	0.0	0.0	0.0	0.0	0.0	0.0	0.0133497	0.0	0.050899	0.04981	0.0	324.1	0.0232504	0.0	0.0	0.0	0.00967176	0.0	0.0	0.0	0.0	0.0	0.115152	0.0	0.0	0.0142606	0.0523931	0.0	0.0	0.0	0.227854	0.0	0.0	0.0	0.0	0.199641	0.0205078	0.0	0.263772	0.0660855	0.0	0.095857	0.120377	0.0	0.187715	0.0	0.0167873	0.0	0.0	0.0	0.0290024	0.0	0.17429	0.0	0.0	0.0	0.0	0.0	0.0	0.0117142	0.0	0.0	0.0	0.0	0.0	0.0	0.0	0.0	0.0493509	0.120305	0.0	0.0	0.0	0.0	0.0658012	0.0	0.0109905	0.0	0.0	0.0255405	0.0	0.0	0.0111997	0.0186571	0.0	0.0105509	0.0	0.0	0.0	0.0	0.0	0.0372233	0.0	0.111062	0.890574	0.0	0.0	0.120377	0.0	0.0	0.0941686	0.0186117	0.0676937	0.0134436	0.0	0.0	0.0	0.0	0.0	0.0	0.0	0.0	0.0	0.0	0.0	0.0	0.0	0.038536	0.0	0.0	0.0	0.0370431	0.0	0.0	0.0245566	0.0706641	0.0	0.0	0.0	0.0	0.0	0.0	0.0	0.0	0.0	0.0	0.0	0.0	0.0	0.0	0.0	0.0	0.0809459	0.0	0.0301157	0.0	0.0	0.0	0.021367	0.0	0.0	0.0	0.145981	0.0	0.0	0.0	0.0	0.0	0.113746	0.0	0.0	0.0	0.0	0.0	0.0	0.0	0.131257	0.124236	0.182128	0.0	0.296704	0.0	0.0	0.0225646	0.0	0.0	0.0	0.0	0.0728513	0.0	0.0	0.0	0.0100584	0.0399446	0.0438361	0.0	0.0	0.0	0.0221721	0.0860691	0.0	0.0	0.0	0.0	0.0	0.0	0.0136353	0.0	0.0397371	0.0509474	0.0	0.021918	0.0	0.0	0.0	0.11455	0.0	0.0	0.0	0.449964
N09_2_4	0.0	0.0	12.7258	0.0311965	263.857	0.0287865	0.0715439	57.1636	0.0	0.0477384	13.3084	14.6135	0.0	0.0	0.0	2.62302	7.4011	42.5043	244.194	262.082	85.5096	245.859	224.456	0.0	138.247	122.688	0.0	0.0	207.925	1.53308	284.456	1.02206	37.6107	0.374576	0.0337047	22.417	15.0242	0.0	224.578	5.80343	0.0	0.0	0.0	1.13809	0.0	0.0	0.0	0.0	0.0	0.0288484	0.35772	0.0253582	0.685229	30.5961	0.0	0.0	0.14347	23.0234	0.0	0.0	0.0	0.0	27.0317	7.31863	0.528129	140.794	58.931	0.0	39.9073	20.1889	0.0	0.0	1.39232	0.0	0.0	0.0	28.1148	90.0614	16.3067	181.214	0.0	0.0	0.0	0.0	0.0	0.0	0.0	0.0644927	0.0	0.0	0.0	17.0251	0.0	0.0	0.0	0.0	22.1524	0.0305569	0.0	0.0	0.0	5.48119	0.0293534	4.72205	0.0	0.0	0.0	0.0	0.0	5.93144	0.0	21.9089	23.8685	0.0	0.0	0.0	0.0	51.5871	164.368	0.0	54.3396	4.01598	0.0	0.0	20.2081	5.21514	0.0327983	39.7226	106.957	3.82847	0.42436	0.0	0.0	0.0	0.109955	0.0	0.0	0.0	0.0	0.0	0.0	0.0	37.0645	8.75982	1.58811	29.5261	0.0	0.0	8.93216	0.0	0.0	59.9884	0.0	0.0	33.3405	0.0	21.474	0.0	0.0	0.0	0.0	0.0	0.0	0.0	0.0	0.0	0.0	0.0	0.167681	0.709761	0.258967	0.0	2.61746	2.75971	0.0218299	0.0	0.0	0.0	59.2134	86.3494	0.301449	0.502415	2.58967	0.363959	0.0	2.44353	0.0552037	1.56502	2.23575	0.0	0.308379	0.00982746	0.0	343.482	279.806	330.687	244.628	250.648	3.65182	0.150725	0.118712	3.41046	4.73125	1.40319	31.102	87.7052	14.2689	0.68953	0.0	0.0	21.6803	87.3671	13.0208	0.0	0.0	0.0	3.43381	0.0	0.0386585	0.0	0.0	0.0	0.0	0.142455	0.0	34.8777	121.42	32.3629	30.8649	4.95891	0.0	0.0	176.553	34.8029	48.3283	12.2891	126.649
N10_1_2	1.6292	0.0	0.0	0.0	0.662026	0.0	0.0570998	0.309726	0.0378311	0.0	0.0	0.0	0.0	0.0	0.0	0.0	0.0	0.0	0.659972	1.94206	7.12087	1.99185	0.301583	0.567753	0.265443	0.0	0.0	0.0338804	0.0	0.305892	0.274518	0.305892	0.0	0.0	0.0	0.152655	0.0697148	0.0113896	371.723	0.0	0.0566466	0.0566466	0.0566466	0.108294	0.0	0.0	0.0	0.0	0.12993	0.874916	2.28399	0.0	0.335317	6.04974	0.0	0.0	1.88933	2.76387	0.0	0.377749	0.0	0.0	3.27951	1.16247	0.0	11.26	0.0693707	0.0	2.10636	0.888355	0.0	0.394093	0.512872	0.0156638	0.0	0.0	0.166418	0.375478	0.10992	0.0813129	0.0	0.0	0.0	0.0	0.0112816	0.0	0.0	0.0859936	0.0	0.0	0.0	0.0	0.0	0.0	0.0	0.0	2.28717	0.0	0.0	0.0	0.0355688	0.0	0.0	0.0307208	0.0	0.0	0.0178735	0.0	0.0114139	0.0470258	0.0783381	0.0	0.0	0.0	0.0	0.0	0.0	0.0	0.0	0.0	5.732	24.9515	0.0	0.0	0.888355	0.369977	0.0	0.202769	0.0	0.0	0.0376316	0.0	0.0	0.0	0.0	0.0	0.0	0.0	0.0	0.812195	0.091506	0.0	0.0557615	0.0	0.0	0.0566466	0.0	0.0	0.0	0.0200491	0.0	0.0343698	0.0494513	0.0	0.0567968	0.0	0.0	0.106265	0.0	0.0	0.0	0.0	0.0	0.0	0.0	0.0	0.0	0.0	0.214124	1.07629	0.413367	0.0	0.0	0.0	0.0	0.0149528	0.0	0.0	0.0	0.0510792	0.0	0.0	0.0	0.0	0.0	0.0	0.0	0.0	0.0	0.0	0.0	0.0	0.0	0.408244	0.0248404	0.162215	0.0	2.43972	0.0	0.0	0.568471	0.0	0.0	0.0	0.0559071	0.387463	0.0909232	0.0	0.0	0.00703892	0.0559071	0.388573	0.0897795	0.0	0.0316752	0.062065	1.49074	0.140871	0.0	0.110945	0.167284	0.0	0.109807	0.0190841	0.0	0.0556166	0.539894	0.0	0.132933	0.0	0.0	0.0	1.85265	0.0	0.540717	0.0	0.0
N10_1_3	1.57542	0.0	6.51126	0.0374519	106.895	0.0	0.365031	30.7566	4.24896	7.09698	0.0	0.0	0.0109777	0.0	0.0	0.932716	0.0	0.361895	1.93031	62.5634	31.9465	61.1402	62.6594	2.50105	0.465827	0.414703	0.0	0.152889	0.136477	1.91718	34.4798	1.76381	1.50508	0.112421	2.50871	4.88334	13.8647	0.00856613	173.005	0.244746	0.042604	0.042604	0.042604	0.312557	0.0	0.0671013	0.0	0.0	0.0390881	0.88314	2.73773	0.243544	0.930712	15.7734	0.0	0.0386195	0.344477	28.588	0.0	2.25789	0.0	0.25163	20.5728	6.35754	0.126806	22.1087	0.243478	0.0	25.0142	6.66981	0.0	1.53139	2.04117	1.64342	0.0	0.0	8.53195	55.6477	1.24007	37.6107	0.0	0.0	1.74069	0.00848489	0.00848489	0.00848489	0.0	0.582084	0.0	0.0	0.0	7.90978	1.96616	0.0	0.0	0.727292	14.1625	0.0366841	0.0	0.0	0.0	2.07798	0.0	2.95746	0.0	0.0	0.215083	0.0409432	0.0	14.5363	0.0	0.0	15.7822	0.16433	0.0	0.0	0.0	0.0	9.14929	0.0	35.7305	20.9758	0.0	0.0	6.66981	1.70434	0.216562	18.0869	0.313466	0.0	0.169817	0.0	0.0	0.0	0.0	0.0	0.0	0.0	0.371638	5.77534	2.33994	0.0	7.65374	2.34774	0.750453	0.340832	0.167753	0.0	0.0	0.105553	0.0	0.284346	0.855426	0.0	0.320378	0.0	9.15608	0.0	0.0	0.0	0.0	0.0521738	0.0	0.0	0.0	0.0	0.0	0.0	0.120782	0.937288	1.11922	0.538924	0.922198	0.862426	0.746905	0.230544	0.0	0.0	0.0406675	1.17555	0.0	0.0	0.0	0.0	0.0	0.0	0.0	0.0	0.0	0.0	0.0	0.00589902	0.0	2.60218	0.504428	0.819159	0.0	11.9953	0.0	0.0	1.37766	0.0	0.0	0.0	8.95619	45.2915	1.45315	0.0	12.6357	1.86878	12.9297	43.4986	1.1479	0.00769805	0.0	0.0	2.2537	0.0	0.0	0.750979	0.75489	0.0	0.0	0.0145872	0.0	15.7488	62.4253	14.107	19.6497	7.36524	0.0	0.0	9.96806	0.0	3.22629	0.594455	49.2603
N10_1_4	0.0	0.0	6.01065	0.0258176	94.2615	0.0238231	0.0888126	26.8172	3.26901	6.30801	0.0	0.0	0.0	0.0	0.0	0.719656	0.0	0.0	5.94999	95.1121	174.579	85.637	60.7459	30.5293	3.57819	0.0	0.0	10.6449	0.0	48.424	33.1149	48.0011	1.66005	0.116247	2.37094	3.3769	12.5887	0.0118102	192.183	0.0	0.0	0.0	0.0	0.179669	0.0	0.0	0.0	0.0750106	0.0	16.9985	36.7832	0.0	3.12102	16.3862	0.0	0.0	0.0	31.2419	0.0	0.0	0.0	0.0	32.6642	16.6226	0.0	31.1035	3.34412	0.0	27.8096	6.97223	0.0	0.0	2.12725	1.75416	0.0	0.0	8.11048	49.3625	0.0	28.4987	0.0	0.0	1.82849	0.0116982	0.0116982	0.0116982	0.0	0.0	0.0	0.0	0.0	6.1942	1.50424	0.0	0.0	0.0	18.8712	0.0252883	0.0	0.426984	0.0	1.90995	0.0	2.86698	0.0	0.0	0.148268	0.0188162	0.0	12.7757	0.0	0.0	16.0628	0.0	0.0	0.0	0.0	0.0	6.50968	0.0	38.2208	101.53	0.0	0.0	6.97223	41.7688	0.0542864	14.1082	0.0540223	0.0	0.253639	0.0	0.0	0.0	0.0	0.0	0.0	0.500823	0.25619	0.0	0.0	0.0	7.16977	2.54132	0.0	0.0	0.0	0.0	0.0	0.0415789	0.0	0.0	0.0	0.0	0.0	0.0	7.07278	0.0	0.0	0.0	0.0	0.0	0.0	0.0	0.0	0.0	0.0	0.0	0.0555079	13.5099	3.81483	0.0	0.706357	0.659266	0.785872	0.0	0.0	0.0	0.0	0.370759	0.0	0.0	0.0	0.0	0.0	0.0	0.0	0.0	0.0	0.0	0.0	0.0	0.0	0.0	0.0	0.0	0.0	15.8113	0.0	0.0	7.20456	0.0	0.0	0.0	6.72471	37.8616	0.0	0.0	10.6746	1.05834	10.1161	37.0371	0.0	0.0	0.0	0.0	7.32298	0.0	0.0	0.0	0.0	0.0	0.0	0.0201847	0.0	13.0624	56.2578	11.2755	15.873	6.99767	0.0	0.0	10.8984	0.0	2.05585	0.186268	50.4469
N10_2_2	0.15448	0.0	0.0	0.0	0.370752	0.0	0.0189495	0.164461	0.0	0.0	0.0	0.0	0.0	0.0	0.0	0.0	0.0	0.0	2.68911	2.87548	6.39547	2.39623	0.200171	1.99185	0.117456	0.0914945	0.0	0.359801	0.0	1.08283	0.0	1.08283	0.0	0.0	0.0	0.162116	0.125596	0.0	219.595	0.0167992	0.0375983	0.0375983	0.0375983	0.323453	0.0	0.0	0.231092	0.0	0.172478	1.39065	3.83728	0.0402991	0.643839	23.6545	0.0	0.0	5.51006	5.2212	0.0	0.171549	0.0	0.0	7.21345	4.15315	0.0	8.39252	0.767395	0.0	4.82643	2.31786	0.0	0.174382	1.03542	0.0	0.0	0.0	0.0	0.16839	0.0437746	0.0	0.0	0.0	0.0	0.0	0.0	0.0	0.0	0.0285385	0.0	0.0	0.0	0.0139609	0.0100297	0.0	0.00760008	0.0458457	5.97916	0.0	0.0	0.0	0.0	0.0	0.0	0.0	0.0	0.0	0.0118632	0.0	0.0	0.0104042	0.0	0.0	0.00980148	0.0	0.0	0.0	0.0	0.0	0.0345794	0.0	19.0871	8.48002	0.0	0.0	2.31786	1.74966	0.0347485	0.222065	0.0691589	0.0	0.0499548	0.0	0.0	0.0	0.0	0.0	0.0	0.0	0.0	0.294045	0.0607357	0.0	0.0	0.0	0.0536983	0.0	0.0	0.0	0.0	0.0133073	0.0	0.0228124	0.065645	0.0	0.0	0.0	0.0	0.0	0.0	0.0	0.0	0.0	0.0	0.0	0.0	0.0	0.0	0.0	0.497425	1.27834	0.603605	0.0	0.0	0.0	0.0	0.0248117	0.0	0.0	0.0	0.11527	0.0	0.106458	0.0	0.0	0.0	0.0	0.0	0.0	0.139335	0.0	0.0	0.0	0.0	0.162579	0.0	0.0	0.0	4.21197	0.0	0.0	0.461161	0.0	0.0	0.0	0.0	0.277475	0.0150872	0.0	0.0	0.0186879	0.0371074	0.264696	0.0	0.0	0.0	0.0205973	4.86731	0.0	0.0	0.0	0.0	0.0	0.0	0.0251543	0.0	0.0184573	0.243405	0.0	0.0475096	0.0	0.0	0.0	3.86637	0.0	3.06255	0.143075	0.0
N10_2_3	0.0	0.0	1.54498	0.0183284	33.5885	0.0	0.0210166	9.92564	0.974711	1.73892	0.0311511	0.0	0.00537235	0.0	0.0	0.201009	0.0	0.0	2.5641	15.6525	16.129	15.0293	17.2055	3.58238	0.521073	0.0	0.0	0.673396	0.0	2.17672	7.67915	1.95154	0.294626	0.660208	0.613865	3.37125	11.4516	0.0	207.678	0.0	0.0	0.0	0.0	0.144491	0.0	0.0	0.0	0.0	0.22955	1.71184	4.57111	0.0	0.73758	21.1336	0.0	0.0	2.31801	108.191	0.0	0.0	0.0	0.0	25.43	17.1042	0.0	10.0214	0.340442	0.0	20.6808	8.05036	0.0	0.0967022	4.53053	0.415105	0.00788912	0.0	1.98052	18.5639	0.0161832	7.90119	0.0	0.0	0.480987	0.0	1.13775	0.0	0.0	0.0316515	0.0	0.0	0.0	1.67225	0.411582	1.15479	0.0	0.0	19.3674	0.0	0.0	0.0	0.0	0.542364	0.0	0.881974	0.0	0.0	0.0263146	0.013358	1.1511	7.30428	0.0	0.0	4.56568	0.0	0.0	0.0	0.0	0.0	1.47653	1.14987	63.6935	14.0748	0.0	0.0	8.05036	3.43846	0.0192695	11.5159	0.0	0.0523091	0.429382	0.0	0.0	0.0	0.0	0.0	0.0	2.66658	0.0	0.0	0.0	0.0	1.88821	0.759637	0.0	0.0	0.0	0.0	0.0	1.15119	0.0	0.0253009	0.0	0.0	0.0	0.0	1.81141	0.0	0.0	0.0	0.0	0.0	0.0	0.0	0.0	0.0	0.0	0.0	0.177328	2.83558	16.4319	0.0	0.200583	0.167152	0.230858	18.6464	0.0060812	0.0	0.0	0.172966	0.0	0.0	0.0	0.0	0.0	0.0	0.0	0.0	0.154534	0.0	0.0	0.00577803	0.0	0.0901571	0.0	0.0	0.0	10.0307	0.0	0.0	1.23217	0.13358	0.0	0.0989276	1.85199	16.423	0.0	0.0	3.84968	0.217628	2.77798	11.8557	0.0	0.0	0.0	0.0	4.97704	0.0	0.0	0.0	0.0	0.0	0.0	0.027413	0.0	3.48002	23.1413	3.08664	6.81986	1.45672	0.0	0.0289751	12.0644	0.536802	9.92451	0.952095	15.183
N10_2_4	0.0	0.0	1.65633	0.0	39.6748	0.0	0.0	14.1492	0.784789	1.83848	0.0	0.0	0.0	0.0	0.0	0.200104	0.0	0.0	2.13299	13.0697	4.78324	13.4066	19.0746	1.09731	0.0	0.0	0.0	0.0	0.0	0.0	8.04693	0.0	0.270738	0.530844	0.873435	6.38859	16.5729	0.0	266.682	0.0	0.0	0.0	0.0	0.0494475	0.0	0.0	0.0	0.0	0.0	0.124598	0.0	0.0273808	0.135016	30.8043	0.0	0.0	0.464742	153.063	0.0	0.0	0.0	0.0	47.3929	30.3669	0.0	5.18194	0.187704	0.0	42.0739	11.1897	0.0	0.0	6.10024	0.445024	0.0	0.0	1.72613	23.4223	0.0	8.47066	0.0	0.0	0.468615	0.0	1.51102	0.0	0.0	0.0696369	0.0	0.0	0.0	1.93506	0.327102	1.53365	0.0	0.0	41.2513	0.0	0.0	0.0	0.0	0.280345	0.0	0.706559	0.0	0.0	0.0725432	0.0	1.52874	16.3931	0.0	0.0	3.33642	0.0	0.0	0.0	0.0	0.0	0.986776	1.52712	106.859	0.301132	0.0	0.0	11.1897	0.0625679	0.0	18.8188	0.0	0.192272	0.560032	0.0	0.0	0.0	0.0	0.0	0.0	1.52468	0.0	0.0	0.0	0.0	2.75356	0.488633	0.0	0.0	0.0	0.0	0.0	2.22421	0.0	0.0	0.0	0.0	0.0	0.0	2.10258	0.0	0.0	0.0	0.0	0.0	0.0	0.0	0.0	0.0	0.0	0.0	0.181056	0.229912	42.1671	0.0	0.19968	0.18432	0.188569	36.4034	0.0	0.0	0.0	0.165853	0.0	0.0	0.0	0.0	0.0	0.0	0.0	0.0	0.0	0.0	0.0	0.0	0.0	0.0690394	0.0	0.0	0.0	17.1356	0.0	0.0	0.0	0.0	0.0	0.0	1.89092	22.0164	0.0	0.0	3.06402	0.323782	3.02548	15.3699	0.0	0.0	0.0	0.0	1.05934	0.0	0.0	0.0	0.0	0.0	0.0	0.660788	0.0	3.085	32.8691	3.66839	9.46263	2.67722	0.0	0.0	22.028	0.0896871	7.02277	0.43745	14.0585
N11_1_2	3.09157	0.0	0.0	0.0	4.90196	0.0494881	0.286987	1.76427	0.0	0.0	0.0	0.0	0.0681207	0.0	0.0	0.0	0.0	0.0	0.144792	8.33073	12.9252	9.26034	3.4105	0.0	0.0	0.956771	0.0	0.0	0.651454	0.292844	0.657022	0.292844	0.0	0.0	0.0	2.25061	2.34548	0.0	225.118	0.0363459	0.142355	0.203364	0.203364	0.0680365	0.0	0.0	0.0	0.0	0.597061	5.71991	15.5281	1.11892	1.24966	15.269	0.0	0.0737377	0.493294	18.7654	0.0	1.79867	0.0366929	0.0655155	17.0532	2.90587	0.121058	24.5525	0.581103	0.0	13.2839	2.04551	0.0	2.73531	3.1301	0.0168701	0.0153897	0.0	0.537703	2.62311	1.10493	0.116767	0.0	0.036432	0.0	0.0	0.0	0.0	0.0	0.740931	0.0	0.0648705	0.0	0.0302049	0.00542495	0.0	0.00822156	1.19027	9.74244	0.0	0.0	0.0	0.0	0.0	0.0	0.0220895	0.0	0.0384358	0.0513333	0.0	0.0	0.146315	0.0	0.0	0.0424119	0.156881	0.0	0.0	0.0	0.0	0.205739	0.0	24.2334	77.7665	0.0	0.0	2.04551	0.199235	0.582645	4.57153	0.168332	0.0	0.0540398	0.0	0.0	0.0	0.441066	0.0	0.0	0.0	0.0	4.77134	3.41651	0.0	0.500466	0.0926164	0.503441	0.305046	0.0	0.0	0.0	0.705376	0.0	0.370168	0.639117	0.0	0.326245	0.0	0.0	0.0	0.0	0.0	0.0	0.0	0.0	0.0	0.0	0.0	0.0465888	0.0	0.0384358	0.73211	4.89722	0.242115	0.0	0.0	0.0	0.193253	0.0	0.0	0.038824	1.66506	0.0	0.0	0.0	0.0	0.0317651	0.0	0.0	0.0	0.0	0.0	0.0	0.0	0.0	3.13642	0.606412	0.765388	0.0	17.9274	0.0	0.0	1.88211	0.0	0.0	0.0	0.180638	4.42927	2.54607	0.0	0.0	0.257755	0.66234	3.14975	1.07975	0.0	0.0	0.0445632	6.30325	0.0	0.0	0.0398298	0.320298	0.0	0.157685	0.0274052	0.022314	0.798666	3.37913	0.180638	1.16739	0.0728641	0.0223302	0.0	6.75344	0.237993	1.57884	0.0515917	0.0
N11_1_3	0.0	0.0	0.0	0.0	0.0329865	0.0	0.0	0.0	0.0	0.0	0.0	0.0	0.0	0.0	0.0	0.0	0.0	0.0	0.389738	1.34976	5.34612	0.979239	0.160287	1.89673	0.188105	0.0	0.0	0.180069	0.0	0.75869	0.0	0.650306	0.0	0.0	0.0	0.0108178	0.0211727	0.0	359.517	0.0345907	0.0	0.0	0.0	0.033095	0.0	0.0	0.185046	0.0	0.0	1.00343	2.88302	0.0430259	0.27581	0.623581	0.0423061	0.0	0.0	0.952398	0.0	0.0845337	0.0	0.0	4.45522	0.594951	0.0	2.64887	0.0245796	0.0	1.92525	0.309337	0.0	0.0	0.272583	0.0166501	0.0	0.0	0.0294828	0.0215741	0.0233683	0.0	0.0	0.0	0.0	0.0	0.0	0.0	0.0	0.0457042	0.00874739	0.0	0.0	0.0	0.0	0.0	0.0	0.0	1.3722	0.0	0.0	0.0	0.0	0.0244739	0.0	0.0	0.0	0.0	0.0	0.0	0.0	0.0	0.0	0.0	0.0	0.0	0.0	0.0	0.0	0.0	0.0	0.0	0.681582	12.3977	0.0	0.0	0.309337	0.122898	0.0278248	0.161653	0.0	0.0251778	0.0600019	0.0	0.0	0.0	0.0	0.0	0.0	0.0	0.0	0.0	0.0	0.0	0.0	0.0	0.0	0.0602135	0.0	0.0376833	0.0	0.042623	0.0	0.0	0.0262826	0.0	0.0603732	0.0	0.0	0.0	0.0	0.0	0.0	0.0245796	0.027291	0.0	0.0	0.0	0.0	0.0	0.113804	4.93751	0.131819	0.0	0.0	0.0	0.0	0.0	0.0	0.0	0.0	0.0325773	0.0	0.0	0.0	0.0	0.0470262	0.0	0.0	0.0	0.0	0.0	0.0	0.0	0.0	0.0650926	0.0528091	0.0492656	0.0	2.11054	0.0	0.0	1.14139	0.0	0.0	0.0	0.0	0.0867074	0.0	0.0	0.0	0.0149643	0.0	0.0	0.0	0.0	0.0	0.0	0.848324	0.0	0.0	0.0	0.0	0.0	0.0	0.0402844	0.0	0.0	0.0	0.0	0.0	0.0	0.0	0.0418395	0.2651	0.0	0.0	0.0763782	0.0
N11_1_4	0.0	0.0	0.0	0.0	0.0173556	0.0	0.0	0.0	0.0	0.0	0.0	0.0	0.0	0.0	0.0	0.0	0.0182181	0.0	13.0878	57.6697	174.972	45.5551	0.0	67.3613	3.93405	0.0	0.0	10.9711	0.0	43.9666	0.0	44.2233	0.0	5.31367	0.0	0.495178	0.0417745	0.0	320.277	0.0	0.0	0.0	0.0	0.0	0.0	0.0	13.2167	0.0	0.0	23.5644	40.9557	0.0169783	3.2316	47.276	0.0	0.0	5.52339	96.9494	0.0	0.0	0.0	0.0	102.843	57.0314	0.0	31.1256	0.0193985	0.0	41.396	8.06923	0.0	0.0	14.2162	0.341652	0.0	0.0	0.0	0.0	0.0	0.0	0.0	0.0	0.21133	0.0	0.0	0.0	0.0	0.0	0.0	0.0	0.0	0.299972	0.0	0.0	0.0	0.0	40.5286	0.0102295	0.0	0.0	0.0	3.09041	0.0	0.0387134	0.0	0.0	0.0149942	0.0	0.0	0.0	0.0	0.0	2.22989	0.0	0.0	0.0	0.0	0.0	0.327792	0.0	40.1478	109.459	0.0	0.0	8.08208	38.9522	0.0	0.0510313	0.437057	0.0	4.00932	0.0	0.0	0.0	0.0	0.0	0.0	21.8122	0.0	0.0	0.0	0.0	0.0	0.0	0.0	0.0	0.0	0.0	0.0	0.0168193	0.0	0.0144166	0.0	0.0	0.0	0.0	0.0	0.0	0.0	0.0	0.0	0.0	0.0	0.0	0.0	0.0	0.0	0.0	6.5565	40.0604	11.5823	0.0	0.0	0.0	1.05235	2.12621	0.0	0.0	0.0453612	0.0342806	0.0	0.0	0.0	0.0	0.0	0.0	0.0	0.0	0.0	0.0	0.0	0.289726	0.0	0.0	0.0	0.0	0.0	50.2638	0.0	0.0	11.0216	0.0	0.0745354	0.0	0.0	0.0171076	0.0	0.0	0.0	0.383825	0.0234504	0.00857833	0.0	0.0	0.0	0.0	107.361	0.0	0.0	0.0	0.0	0.0	0.0	0.452981	0.00651779	0.0	0.00854568	0.0	0.0	0.0	0.0	0.0	9.04129	4.78272	10.0399	14.3162	0.0
N11_2_2	2.41033	0.0	0.0	0.0483468	2.51077	0.0	0.277188	1.20953	0.0	0.0	0.0	0.0	0.00472373	0.0	0.0	0.0	0.0	0.0778619	4.55652	5.70493	11.6194	6.18839	1.56163	0.47248	0.0	0.446119	0.0	0.0657884	0.0	0.197992	0.118457	0.197992	0.0	0.0	0.0	0.895856	0.786442	0.0	208.166	0.252755	0.0916629	0.0916629	0.0916629	0.76841	0.0	0.0	0.0	0.0	0.857804	5.91633	14.2752	0.0785979	2.03344	60.1366	0.0	0.0	13.8594	20.3566	0.0	1.48632	0.0	0.0984334	15.8489	8.66678	0.109129	28.4656	0.987821	0.0	11.5408	5.53187	0.0	0.552676	3.19514	0.0101386	0.0	0.0	0.143621	1.65525	0.512258	0.0877179	0.0	0.0	0.0	0.0	0.0	0.0	0.0	0.361792	0.0	0.263154	0.0	0.0136144	0.00978082	0.0	0.0	0.40237	13.0148	0.0	0.0	0.0	0.0	0.0	0.0151635	0.00995648	0.0260842	0.0173243	0.0115688	0.0	0.0	0.0913139	0.0	0.0	0.0573493	0.0	0.0	0.0	0.0310749	0.0	0.0674425	0.0	49.3003	75.0167	0.0	0.0	5.53187	0.748349	0.237203	1.38463	0.0505818	0.0	0.048715	0.130135	0.0	0.0	0.0	0.0	0.0	0.0	0.0	2.48514	1.71762	0.0	0.0541384	0.0	0.244373	0.439982	0.0	0.0	0.0	0.155724	0.0	0.200216	0.448111	0.0	0.404386	0.0	0.0	0.0171953	0.0	0.0	0.0	0.0	0.033236	0.0	0.0	0.0	0.0	0.0	1.07411	3.88651	1.57858	0.35467	0.0	0.0	0.0	0.222602	0.0	0.0	0.0	0.443025	0.0	0.0	0.0	0.0	0.0	0.0	0.142587	0.288738	0.0	0.0	0.0	0.0	0.0	1.45993	0.418034	0.419983	0.0	11.4487	0.0189595	0.0	0.776782	0.0	0.028754	0.0	0.0	1.77533	0.941617	0.0	0.0	0.0592283	0.199026	1.54876	0.435831	0.00662496	0.0	0.0	12.5924	0.0	0.0998518	0.430863	0.505291	0.0	0.0	0.0494097	0.0	0.143994	1.83298	0.253305	0.542728	0.0	0.0	0.0	11.1383	0.0429084	7.74634	0.0232541	0.611445
N11_2_3	1.10896	0.0	1.40477	0.0474532	114.721	0.569234	0.380891	27.6263	1.51414	1.35548	6.37148	4.90173	0.403368	0.360086	0.0217073	0.520422	4.84253	10.3171	22.5711	105.821	34.2612	101.597	96.8512	0.0	10.4554	42.0358	0.0	0.0	34.0657	3.88664	26.1601	3.88664	43.2888	2.67079	0.0	9.71752	7.38371	0.0217073	194.411	2.84607	23.5358	23.5358	23.3738	0.281215	0.0	9.01215	0.0	0.0	0.0	0.0	0.0	0.0	0.39562	17.1205	0.0	0.0	2.50969	37.105	0.0	1.17465	0.0	0.0	15.5559	10.7221	0.160668	55.5857	16.0418	0.15342	20.5838	12.1437	0.0	2.12811	5.86487	0.0	0.0	0.0	16.7574	45.6063	5.44688	54.0341	0.268485	0.0	0.0	0.0215014	0.0215014	0.0215014	0.0	0.0675658	0.0	0.0	5.9749	6.4141	0.1296	0.0	0.0436468	0.658221	12.4355	0.0	0.0	0.0	0.0	1.71138	0.0	0.175652	0.0	0.0510121	0.0	0.0	0.0	4.0033	0.199072	0.12793	6.27625	9.57779	9.42756	9.34198	13.9082	8.89228	48.9022	0.0	25.8857	0.466639	0.0	0.0	12.1729	3.7901	0.0	19.4387	7.49668	0.180574	1.86477	42.2467	2.42249	0.0	22.5791	8.52355	0.0	3.37524	0.0	27.0188	0.872003	0.0	18.9701	2.60592	1.23354	5.23617	0.0	0.0	2.3221	0.534959	4.54516	22.6975	0.282746	0.0	6.0078	3.18374	6.00627	0.0	0.0	0.0	3.21531	0.0	0.097865	0.0	0.651652	0.0	0.0	0.0	0.357085	0.0	2.52106	0.482005	0.519318	0.519318	0.0	1.15419	0.0	0.0	21.5385	31.4056	0.0	0.0764227	0.0	0.0	0.0	0.0	0.0839706	0.0	1.40033	0.0	0.0	0.0	0.0	128.187	97.2426	110.858	80.0607	103.805	2.42849	0.0	0.0	0.172923	0.0	0.170752	13.9051	35.932	5.63191	0.0	0.0	0.0670771	10.8151	36.9704	5.17608	0.0	0.0	0.118289	12.484	0.0	42.2798	1.05725	0.956478	0.0	0.627842	0.0363723	0.0148076	16.0589	57.8558	11.9339	14.4023	4.25504	0.0	0.0	6.96006	7.95979	18.0002	6.7788	17.4041
N11_2_4	0.0	0.0	2.42478	0.207113	226.419	0.573339	0.197908	49.5248	3.35675	2.44744	17.9525	9.78485	0.510959	0.465667	0.442135	1.6247	9.18286	44.029	40.234	185.401	59.8557	179.049	206.863	1.12448	21.4673	97.3403	0.0	0.0	73.7124	0.0	52.1412	0.0	96.8271	0.0	0.0372943	14.8713	11.5569	0.442135	253.155	4.49154	38.1288	38.1288	37.8539	0.247729	0.0	21.0278	0.0	0.0	0.0	0.0	1.38536	0.0	0.713931	36.6503	0.0	0.0	0.079375	28.9072	0.0	0.0	0.0	0.0	27.0153	9.7893	0.4675	90.0184	39.1756	0.44641	37.331	24.9084	0.0	2.82292	0.266643	0.0	0.0	0.0	35.3389	84.3314	11.9781	91.877	0.859339	0.21104	0.0	0.437942	0.437942	0.437942	0.0	0.0596109	0.0	0.0	22.7977	12.102	0.115225	0.0	0.0	0.0	20.3874	0.0169056	0.0	0.0	0.0	1.75564	0.0	0.660167	0.0	0.0	0.0	0.0	0.0	7.86707	0.0	0.884073	14.0651	33.6242	14.0916	17.8577	23.2964	15.2284	96.9317	0.0	50.1326	0.432024	0.0	0.0	25.0146	8.27111	0.0	33.3689	17.6962	0.131355	0.182604	63.2052	4.13439	0.0	25.063	8.45494	0.0	0.669614	0.114178	28.3555	0.0	0.0	43.0605	5.47228	1.12165	10.72	0.0	0.0	5.35502	0.305757	12.381	50.0806	0.0	0.0	11.4178	2.8423	12.868	0.0	0.0	0.0	3.59833	0.0	0.0	0.0	1.95538	0.0	0.0	0.0	0.0	0.31414	5.44439	0.0	1.62125	1.65273	0.0120774	1.22311	0.0	0.0	40.3688	51.7526	0.0	0.0	0.916949	0.172594	0.0	0.606968	0.0	0.0	0.0	0.0	0.170611	0.0	0.0	237.872	217.791	220.269	190.281	197.099	6.17279	0.0	0.043785	0.0	0.0	0.0	30.5776	67.2888	12.4796	0.0	0.0	0.204935	23.3304	65.2559	10.8912	0.0	0.0	0.0	13.5488	0.0	71.6491	4.53753	2.16462	0.0	1.75073	0.0550765	0.0	37.8596	106.543	23.5242	26.6099	11.2554	0.0215586	0.0	9.23682	15.4405	31.0356	10.5097	111.76
N12_1_2	0.308739	0.0	0.0	0.0	1.23496	0.0609528	0.0	0.34923	0.0	0.0	0.0	0.0793409	0.00242025	0.0	0.0	0.0	0.0288073	0.159573	9.92195	83.9405	209.942	72.166	0.450064	182.636	3.57985	0.670481	0.0	4.56172	0.0	86.0912	0.242769	82.2364	0.265458	2.0324	0.0	0.37125	0.416152	0.0	242.296	0.0167872	0.150286	0.150286	0.150286	0.00359135	0.0	0.0	0.115464	0.0959595	0.18959	1.19114	41.4225	0.0805407	0.291242	21.4003	0.0	0.0	1.82272	25.3521	0.0	0.243953	0.0	0.0201733	115.694	25.1772	0.0	50.0743	0.153369	0.0	35.0512	2.29589	0.0	0.0871289	7.11518	0.00519459	0.0	0.0	0.20236	0.632696	0.233298	0.107863	0.0	0.0	0.0	0.0	0.0	0.0	0.0108744	0.114072	0.0	0.14981	0.0	0.0	0.0200452	0.0	0.258218	0.0916259	25.3142	0.0	0.0	0.0	0.0	0.198523	0.0	0.0203759	0.0	0.0	0.0237095	0.0	0.0	0.114365	0.0519586	0.0445204	0.137123	0.289837	0.0	0.0733323	0.0636862	0.0	2.29789	0.0	24.9115	13.1834	0.0	0.0	2.29589	68.7095	0.0868094	0.679168	2.98899	0.0628408	0.0499192	0.0	0.0	0.100014	0.11641	0.0	0.0	0.587301	0.0	0.930477	0.606924	0.0	0.147938	0.0855543	0.05366	0.112714	0.0	0.0940531	0.0	0.0531911	0.0	0.193767	0.0983973	0.0	0.150684	0.0	0.0	0.0	0.0	0.0	0.0	0.0	0.0170288	0.0	0.0283473	0.0	0.0	0.0	7.10101	94.9431	3.50938	0.16774	0.0	0.0	0.0	0.0297528	0.0	0.0	0.0	0.271031	0.0	0.0	0.0	0.0	0.0	0.0	0.0	0.0887626	0.0	0.108689	0.0	0.0	0.0	0.622777	0.26361	0.215182	0.295875	42.1154	0.0	0.0	0.418938	0.0	0.0589295	0.0594226	0.0741619	0.662761	0.271376	0.0	0.0	0.0466864	0.037081	0.488321	0.119094	0.0135774	0.0	0.0	34.2866	0.0	0.122784	0.257549	0.295875	0.0	0.0	0.0251363	0.0103062	0.239774	0.770233	0.037081	0.176338	0.0	0.0618824	0.0	2.74115	0.0439691	1.93664	1.73951	0.0
N12_1_3	3.98123	0.0	0.627444	0.0	23.4394	0.0	0.0	10.1452	0.0	0.563909	0.677656	0.696585	0.0	0.0	0.0	0.024845	0.521644	2.36418	0.106754	5.92634	2.60976	6.52441	6.31127	3.12902	0.0	6.85654	0.0	0.0	2.17941	0.148439	1.13232	0.148439	4.58843	0.136004	0.0	13.1045	14.7307	0.0	341.619	0.405312	1.79364	1.79364	1.77302	0.00591203	0.0	1.36378	0.0	0.0	0.0	0.284907	0.623443	0.0	0.636345	3.73639	0.0	0.0	0.291718	11.2861	0.0	0.0217076	0.0	0.0	6.46566	1.94304	0.0613625	7.35636	1.93564	0.0	8.01765	2.49734	0.0	0.0	2.27103	0.0	0.0	0.0	1.27192	5.79123	0.608081	6.11606	0.0	0.166202	0.0	0.0	0.0	0.0	0.0	0.0312974	0.0	0.0	0.0	0.857388	0.0	0.0	0.0	0.100555	3.66671	0.0	0.0	0.0	0.0	0.0167592	0.0	0.79498	0.0	0.0	0.0	0.0	0.0	9.08237	3.19325	2.32081	3.84815	0.0	0.690523	1.50227	1.60753	0.702651	6.37095	0.0	14.5536	2.04142	0.0	0.0	2.49734	0.370296	0.0	18.3314	0.530913	0.327584	0.520449	0.0	0.0	3.9514	8.04855	5.72147	0.0	0.175783	0.0	8.54547	4.79572	0.0	2.43533	0.0187784	0.0	1.6287	0.0	0.0258048	0.396256	0.437811	0.369338	2.32665	0.0	0.0	1.63302	0.0	1.09982	0.0	0.0	0.0	0.0	0.0336632	0.0	0.0	0.0	0.0	0.0	0.0	0.0584478	0.453563	59.7266	8.92825	0.0247923	0.0247923	0.0	0.0	0.0	0.0	0.373909	12.0837	0.0	0.0	0.0	0.0	0.0	0.0	0.0	0.0	0.0	0.0	0.0	0.0	0.0	12.9934	10.3244	10.7956	11.3649	14.0558	0.0	0.0	0.183907	0.0330214	0.0970088	0.0326069	1.40397	13.5525	0.678375	0.0	0.0	0.0	0.915632	11.1276	0.539141	0.0	0.0	0.0	0.416506	0.0	5.25525	0.807569	0.446476	0.0	0.359679	0.027586	0.0	1.53837	15.3043	1.1598	1.2579	0.147735	0.0	0.0	1.11514	1.06159	2.6764	1.01989	4.24033
N12_1_4	3.06161	0.0	0.541334	0.0	28.7351	0.0	0.0220916	11.8793	0.00975777	0.520843	1.08057	0.509094	0.0	0.0	0.0	0.0792339	0.403295	2.60631	0.0283711	5.89537	2.27338	6.14583	7.70094	1.00416	0.0	8.71101	0.0	0.0524326	1.96578	0.0	1.69935	0.0	5.65194	0.159036	0.0	17.8051	18.5646	0.0	304.991	0.0587543	2.06013	2.06013	2.06013	0.0	0.0	0.828435	0.0	0.0	0.0	0.249421	0.165687	0.0	0.515841	2.21294	0.0	0.0	0.0886027	10.2937	0.0	0.0	0.0	0.0	5.246	1.58802	0.0	6.57035	2.14713	0.0	8.00405	1.45776	0.0	0.0	2.05042	0.0	0.0	0.0	1.73843	6.87876	0.425275	6.41775	0.0	0.0	0.0304572	0.0	0.0	0.0	0.0	0.0332705	0.0	0.0	0.0	0.846338	0.0	0.0	0.0	0.0	2.96412	0.0	0.0	0.0	0.0	0.0	0.0	1.01174	0.0	0.0	0.0	0.0	0.0	11.6806	4.56649	2.46713	3.13091	0.0	0.786489	1.22625	1.82033	1.24492	6.65167	0.0	15.8771	1.22285	0.0	0.0	1.45776	0.608354	0.0	21.8562	0.483758	0.0366564	0.174714	0.0	0.0	2.742	6.24721	9.54273	0.0	0.0	0.0	7.37021	5.02725	0.0	2.48099	0.0199623	0.0	1.38072	0.0	0.0	0.541592	0.387844	0.196312	3.17811	0.0	0.0	1.38439	0.0	1.03554	0.0	0.0	0.0	0.0	0.0	0.0	0.0	0.0	0.0	0.0	0.0	0.0414217	0.0	79.1011	11.709	0.0790659	0.0790659	0.00674072	0.0404961	0.0	0.0	0.12552	15.296	0.0	0.0	0.0	0.0	0.0	0.0	0.0	0.0	0.0	0.0	0.0	0.0303456	0.0	11.9724	10.4948	10.2568	8.97471	13.3253	0.0	0.0	0.0733128	0.0	0.0	0.0	1.579	17.4129	0.510077	0.0	0.0	0.00544665	1.08151	14.2029	0.451558	0.0	0.0	0.0	0.27964	0.0	5.87305	0.343393	0.258886	0.0	0.169935	0.0740997	0.0300593	2.21633	19.2408	1.90345	1.19478	0.157049	0.0240649	0.0	0.964899	1.69278	3.76561	1.08419	4.264
N13_1_2	0.0	0.0	0.0	0.0	0.00947758	0.0	0.0	0.0189186	0.0	0.0	0.0	0.0	0.0	0.0	0.0313063	0.0	0.0	0.0	0.0	1.00374	2.76029	1.00374	0.0690796	3.26977	0.0	0.0	0.0	0.0310421	0.0	0.934219	0.0	0.934219	0.0	0.0	0.0	0.0	0.0182499	0.0	370.062	0.0	0.0	0.0	0.0	0.00992216	0.0	0.0	0.319002	0.0	0.0	0.506286	1.04632	0.0370862	0.00731491	0.705463	0.0	0.0	0.0	0.431331	0.0	0.0364319	0.0	0.0	1.95377	0.0262984	0.0	0.930192	0.0	0.0	0.553156	0.112267	0.0	0.0	0.0587383	0.0	0.0	0.0	0.0	0.00929791	0.0	0.0496673	0.0	0.0	0.0	0.0	0.0	0.0	0.0	0.0	0.0	0.0	0.0	0.0	0.0	0.0	0.0	0.0	0.334262	0.0	0.0	0.0	0.0	0.0	0.0	0.0	0.0	0.0	0.0	0.0	0.0	0.0	0.0	0.0	0.0	0.0	0.0	0.0	0.0	0.0	0.0	0.0	0.979149	4.1195	0.0	0.0	0.112267	0.169491	0.0479672	0.00928911	0.0	1.36723	0.0344791	0.0	0.0	0.0	0.0	0.124168	0.0	0.0	0.0	0.0	0.0	0.0	0.0	0.0	0.0	0.0	0.0	0.0	0.0	0.0	0.0	0.0	0.0	0.0	0.0	0.0	0.0	0.0	0.027248	0.0	0.0	0.0	0.0	0.0	0.0	0.0	0.0	0.0	0.0490465	0.778516	0.113621	0.0	0.0	0.0	0.0399076	0.0	0.0	0.0	0.0	0.00936002	0.0	0.0	0.0	0.0	0.0	0.0	0.0	0.0	0.0	0.0	0.0	0.0	0.0	0.0280533	0.0	0.0	0.0	0.927424	0.0	0.0	0.0	0.0	0.0	0.0	0.0	0.0373687	0.0208265	0.0	0.0	0.0	0.0	0.0187379	0.0	0.0	0.0	0.0	0.607045	0.0	0.0	0.0	0.0	0.0	0.0	0.0524561	0.0	0.0	0.0186666	0.0	0.0	0.0	0.0	0.0721272	0.0816081	0.0	0.0	0.0	0.0
N13_1_3	1.42034	0.0	0.0254126	0.0337653	3.71043	0.0	0.406534	1.51911	0.0171014	0.0258347	0.0	0.0	0.0148457	0.0284688	0.0	0.0	0.0	0.0	0.310768	1.68826	1.23243	2.27916	2.65842	0.219986	0.0	0.934704	0.0	0.0918929	0.0	0.138277	0.0	0.138277	0.0	0.0	0.0	1.06961	0.830626	0.0	265.998	0.0514861	0.172846	0.211256	0.211256	0.0477299	0.0	0.0	0.708248	0.0981019	0.0352405	0.0936714	0.0	0.137231	0.151579	3.70435	0.0269871	0.017409	0.427032	2.11093	0.0	2.78383	0.103955	0.226861	3.19101	0.447639	0.171485	4.78754	0.219511	0.0	3.90268	0.986632	0.0861666	2.13778	0.405723	0.0	0.0	0.0	0.394949	2.49095	1.50557	0.202164	0.0	0.137622	0.0	0.0	0.0	0.0	0.0	0.524786	0.00557997	0.0918929	0.0	0.0142904	0.0563549	0.0	0.0155284	0.608864	2.56891	0.0	0.0	0.0	0.0241181	0.0468357	0.0	0.0208607	0.0273257	0.181488	0.0	0.0123043	0.0	0.233836	0.0177062	0.0	0.150197	0.296308	0.0	0.0	0.0	0.0	0.0706524	0.0	4.92753	0.241481	0.0	0.0	0.986632	0.203832	0.195244	1.90425	0.317936	0.0	0.0382752	0.0	0.0	0.102247	0.654548	0.0918929	0.0	0.218332	0.0	4.35572	3.04032	0.0	0.510436	0.139943	0.822869	0.768205	0.302481	0.0480764	0.0	0.0951625	0.0	0.64089	0.838284	0.483969	0.693218	0.0	0.0	0.14411	0.0403308	0.483969	0.0	0.0627174	0.0522269	0.0	0.0289802	0.00529121	0.0	0.0	0.0362977	0.307282	1.00905	0.914587	0.0	0.0	0.00590687	0.233197	0.0	0.0	0.0916608	0.907442	0.0	0.0	0.0	0.0	0.0899943	0.0	0.0	0.0	0.0	0.0	0.0	0.0	0.0	2.89274	0.286339	0.659958	0.0	3.81896	0.0	0.0	0.0856583	0.0	0.12049	0.0	0.113726	2.55812	1.84956	0.0	0.0	0.0906846	0.47386	2.48225	1.29363	0.00694028	0.0214779	0.0210421	1.03124	0.0	0.0	0.45137	0.11343	0.0	0.111685	0.0129404	0.00526817	0.452543	2.76981	0.322225	1.04698	0.206432	0.0	0.0	1.96889	0.0449507	0.0244429	0.0243609	0.0
N13_1_4	0.0	0.0	0.0	0.0	0.00742073	0.0	0.0	0.0	0.0	0.0	0.0	0.0	0.0	28.0562	0.0	0.0	0.0	0.0	0.381392	0.0	0.0178615	0.0	0.0	0.581853	0.0	0.0	0.0	0.0	0.0	0.0	0.0	0.0	0.0	0.0	0.0	0.0146016	0.0285784	0.0	353.868	0.0	0.0	0.0	0.0	0.0145665	0.0	0.0	0.0	0.0	0.0	0.0	0.0	0.0145188	2.43701	5.86555	0.0	0.0	0.0	0.958695	0.0	0.0142627	0.0	0.0	1.39261	0.308865	0.0	2.41669	0.267557	0.0	0.904715	0.648279	7.90836	0.0	1.04246	0.0	0.0	0.0	0.0	0.0	0.0	0.0	0.202117	11.4843	0.0	0.0	0.0	0.0	0.0	0.0	0.0059035	0.0	0.0	0.0	0.0	0.0	0.0	0.0	1.1878	0.0	7.11433	0.0	0.0	0.0330342	0.0	0.0	21.7982	24.3278	0.0	0.0	0.0	0.0	0.0	0.0	0.0	0.0	0.0	0.0	0.0	0.0	0.0	0.0	3.74962	0.0319354	0.0	0.0	0.648279	0.0	0.0	0.0436389	0.0	0.0	0.0539927	0.0	0.0	0.0	0.0	0.0	0.0	0.0	0.0	0.0	0.0	0.0	0.0	0.0	0.0	0.0	0.0	0.0	0.0	0.0	0.0	0.0	0.0	0.0	0.0	0.0	0.0	14.5223	6.89107	0.0	0.0	0.0	0.0	0.0	7.12857	0.0	8.19248	13.2662	0.0384023	0.0	1.66064	0.0	0.0	0.0	0.0	0.0	0.0	0.0	0.0	0.021986	0.0	0.0	0.0	0.0	0.0634748	0.0	0.0	0.0	0.0	0.0	0.0	0.0	0.0	0.0	0.0	0.0	0.0	0.428244	0.0	0.0	8.97186	0.0	0.0	0.0	0.0	0.0219442	0.0163067	0.0	0.0	0.0	0.0	0.0146714	0.0	0.0	0.0	0.0	0.205244	0.0	0.0	1.98976	0.0	0.0	1.57548	0.0136907	0.0	0.0	0.00730776	0.0	0.0	0.0	0.0	0.0	0.562296	0.0	0.0258601	0.0	0.0
N13_2_2	0.884208	0.0	0.787843	0.0	34.5667	0.471325	0.390466	9.97817	0.0191631	0.607933	1.12536	0.999798	0.0110903	0.0	0.0	0.0950923	1.56754	1.64522	3.73305	12.5237	11.4264	11.3318	9.73875	4.00573	0.73952	1.18704	0.0	0.231685	2.06815	2.55663	0.139055	2.47915	3.87729	0.0	0.020439	2.97706	2.58041	0.0	238.182	0.096155	6.60677	6.69285	6.62829	0.421701	0.0	0.0	2.5793	0.329786	0.0	0.769737	2.7658	0.169153	0.706707	32.0374	0.0	0.0390154	6.48167	10.5694	0.016029	1.00457	0.0	0.02311	11.2858	4.96152	0.0	15.6032	2.37189	0.0	10.3162	3.38656	0.0	2.04616	1.8023	0.0	0.0	0.0	5.60579	13.91	2.30511	14.3748	0.0	0.0	0.0	0.0	0.0	0.0	0.0	0.196017	0.0	0.0343237	0.0	2.62101	0.0114816	0.0	0.0	0.472338	9.20087	0.0	0.0	0.0	0.0	0.279904	0.0	0.37401	0.0	0.0	0.0135805	0.0	0.0	1.70317	0.0	0.0	0.403931	0.0	2.34259	3.87834	3.72081	2.10036	11.0838	0.0	33.7052	8.1178	4.64233	0.0	3.38656	3.03954	0.358007	8.25027	0.71253	0.0	0.0571861	0.0	0.0	0.0	0.066678	0.0	0.0	0.0	0.0	3.25389	1.11244	0.0	6.33406	1.1565	0.594224	3.57239	0.0	0.0	1.37877	0.426539	2.3903	0.19586	0.356951	0.0	3.49555	0.0	0.623224	0.0	0.0	0.0	0.0	0.0	0.0	0.0	0.0	0.0	0.0	0.0	0.0406736	12.0084	0.188449	0.128106	0.0948907	0.0948907	0.0	0.142017	0.0	0.0	4.31386	9.12051	0.0	0.0	0.0	0.0	0.0	0.0	0.0	0.0	0.0	0.0	0.0	0.0	0.0	15.9437	10.0787	10.4061	0.0	9.19963	0.0	0.0	1.2958	0.0	0.0	0.0	4.24789	12.5817	2.64249	0.114038	0.0	0.0481344	3.67443	12.6799	2.14879	0.0	0.0	0.0	5.99521	0.0	13.9017	0.505785	0.50842	0.0	0.083433	0.0143977	0.0	4.2047	18.2044	4.26913	5.12013	1.85055	0.0	0.418699	6.29392	2.44293	10.052	1.50137	7.77583
N13_2_3	0.0	0.0	0.251808	0.0	8.69123	0.146239	0.0605752	2.37672	0.0	0.242517	0.897854	0.38071	0.0	0.0	0.0	0.02414	0.437727	0.765698	0.0972419	3.56584	1.37351	2.98474	2.15959	0.0	0.0	0.243731	0.0	0.0	0.673771	0.0	0.0	0.0	0.424593	0.0	0.0	0.755751	0.422618	0.0	295.154	0.0345224	1.95307	1.95307	1.95307	0.0186689	0.0	0.0	0.0	0.0	0.0	0.0	0.0	0.0	0.0254091	0.855729	0.084445	0.0	0.0	0.773301	0.0	0.0210917	0.0	0.0	0.655261	0.0761251	0.089432	1.61556	0.466089	0.0	0.896673	0.357472	0.0	0.13936	0.113352	0.0	0.0	0.0	1.6772	3.25125	0.326509	3.96806	0.0	0.0	0.0	0.0	0.0	0.0	0.0	0.0	0.0	0.0239617	0.0	0.513223	0.0	0.0	0.0	0.0	0.521003	0.0129361	0.0	0.0	0.0	0.268681	0.0	0.244781	0.0	0.0	0.0	0.0	0.0	0.498881	0.0277021	0.0	0.172326	0.0	0.682909	1.13383	0.891312	0.698229	4.42155	0.0	1.91703	0.0	1.48663	0.0	0.389969	0.171717	0.0	1.68862	0.331616	0.025128	0.0598833	0.0	0.0	0.0	0.0	0.575081	0.0	0.0	0.0	0.0	0.0	0.0	1.80424	0.191578	0.257483	1.50236	0.236622	0.0	0.33001	0.0	0.592116	0.0364618	0.104922	0.504794	1.62686	0.0	0.457978	0.0	0.0	0.504794	0.0	0.0	0.0	0.0	0.0	0.0	0.0	0.0	0.0567893	0.0	0.0	0.0	0.0240888	0.0240888	0.0	0.00793147	0.0	0.0	1.49144	2.17837	0.0	0.0	0.0	0.0	0.0	0.0	0.0	0.0	0.0	0.0	0.0	0.0	0.0	4.9156	3.53121	2.97468	0.236622	0.660821	0.0	0.0	0.0	0.0	0.0	0.0	1.12689	2.87732	0.313487	0.0	0.0	0.0224021	0.830339	2.78794	0.309543	0.0	0.134413	0.0658427	0.0798724	0.0	3.40408	0.0	0.0	0.0	0.0	0.0201024	0.0	1.06203	4.05252	1.42344	1.17158	0.376801	0.0	0.0	0.321271	0.914255	1.79737	0.8385	3.17352
N13_2_4	0.0	0.0	9.7647	0.0503743	302.5	4.78772	0.346575	81.4775	0.034018	8.89906	25.8276	15.1667	0.00492183	0.0	0.0	1.07422	13.518	45.4312	1.35999	111.26	37.0587	90.4891	106.423	0.0	0.0	0.061977	0.0504917	0.0	27.2904	0.0	0.123424	0.0	41.9048	0.0	0.0	23.0474	17.3556	0.0	180.184	0.0853465	70.2548	70.5605	69.9492	0.214537	0.0	0.0	0.0	0.0	0.0	0.0	0.0	0.0	0.772644	39.7365	0.0	0.0	0.0386113	19.7048	0.0	0.0804492	0.0	0.0	19.2806	2.58422	0.0	51.6315	18.3393	0.0	23.2715	9.50314	0.0	0.0442964	2.55089	0.0	0.0	0.0	51.3466	112.883	14.6927	104.795	0.0760033	0.0	0.0	0.0	0.0	0.0	0.0	0.0694261	0.0	0.0	0.0	19.1785	0.0050955	0.0	0.0	0.0	16.0399	0.0328944	0.0	0.0	0.0	5.40359	0.0	0.0207183	0.0	0.0	0.0	0.0	0.0	14.3032	0.193716	0.0452684	4.54133	0.0	27.8988	39.6434	43.84	23.0715	128.437	0.0	59.0992	0.0	41.2428	0.0	9.50314	10.8695	0.0706144	55.7455	9.27574	0.0319483	0.367995	0.0	0.0	0.0	0.0	0.0	0.176105	0.108576	0.0555409	0.0	0.246848	0.0	53.6823	8.87316	1.43679	33.9431	1.88029	0.0	8.68886	0.0811272	20.0526	1.13578	2.96817	5.45535	35.5462	1.22899	10.4229	0.0	0.0	5.37513	1.75038	0.0	0.103889	0.0	0.0	0.0	0.0	0.0	0.0361016	0.0	0.250899	0.0	1.07195	1.07195	0.0	0.0252106	0.0	0.0	52.2561	88.7865	0.0	0.0	0.0	0.0	0.0	0.0	0.0	0.0	0.0	0.0	0.0	0.0	0.0	179.159	128.944	150.017	10.8305	19.8843	0.0	0.0	0.0	0.0	0.0	0.0	43.9252	93.3897	14.5786	0.0	0.0	0.00474709	35.9319	95.8916	13.0934	0.0	0.0	0.0	0.0710861	0.0	123.037	0.0	0.0376058	0.0	0.0	1.24581	0.0	42.553	144.345	38.0056	37.2188	15.9463	0.0	0.0	9.07045	28.613	54.9182	18.2689	160.546
N14_1_2	0.57092	0.174087	0.0153222	0.0	1.70007	0.0	0.245115	0.72177	0.0	0.0	0.103804	0.0366792	0.0	0.0	0.0	0.0	0.0	0.0	0.685788	3.51182	6.703	3.3744	0.832256	5.42158	0.217044	0.140892	0.0918263	0.353211	0.0	1.43817	0.0	1.62576	0.0	0.0	0.0	0.561694	0.470279	0.0	166.669	0.0798247	0.0	0.0	0.0	0.204214	0.0	0.0547131	68.3781	0.0	0.0637435	0.338869	5.12115	0.0372339	0.306002	15.3796	0.0244074	0.0629792	3.61633	6.04406	0.0	0.957099	0.125357	0.0	5.71782	3.58202	0.0	26.0925	0.326152	0.0	4.73906	1.79403	0.0	0.644474	0.917346	0.0384233	0.0	0.0	0.0850463	1.10775	0.444895	0.0831086	0.0	0.0	0.0	0.0	0.0	0.0	0.0301635	0.131839	0.0	0.0	0.0	0.0515959	0.0463344	0.0	0.0	0.550661	4.56062	0.0	0.0	0.0	0.0	0.0	0.0	0.0376791	0.0	0.0	0.0	0.0	0.0	0.0576771	0.0	0.0	0.0	0.0669957	0.0	0.0452019	0.0441631	0.0	0.0479239	0.0	13.6554	10.0736	0.0	0.0	1.79403	1.77256	0.128422	0.870436	0.0479239	0.0	0.057694	0.0	0.0	0.0931288	0.215265	0.0	0.0	0.0493652	0.0	3.07903	1.01009	0.0	0.222272	0.0316413	0.33076	0.312647	0.0	0.0	0.0	0.110656	0.0	0.189696	0.227445	0.0	0.417968	0.0	0.158845	0.0	0.0	0.0	0.0	0.0	0.0	0.0607924	0.0	0.0	0.0	0.0	0.311865	18.2725	0.101399	0.20679	0.0	0.0	0.0	0.114623	0.212773	0.0	0.0165797	0.413481	0.0	0.0	0.0	0.0	0.0	0.0	0.0	0.0	0.0	0.184238	0.0	0.0	0.0	1.4458	0.1828	0.454759	0.0	4.36909	0.0	0.0737705	0.794067	0.0	0.0	0.0	0.0	1.15679	0.780621	0.0	0.0	0.530944	0.27428	1.00334	0.619394	0.0	0.0	0.0	4.63561	0.0	0.0	0.0340185	0.0341957	0.0	0.0336696	0.0116205	0.0	0.221695	1.25564	0.06857	0.401334	0.0	0.0	0.0482763	3.3975	0.0203269	2.71908	0.0	0.0
N14_1_3	0.195849	0.0	0.399468	0.0	1.49716	0.0	0.0	0.390942	0.116725	0.117556	0.142436	0.0	0.042988	0.0	0.0	0.0	0.0	0.607352	0.0	0.104756	0.0628539	0.104756	0.761328	0.0	0.0	0.0	0.0	0.0570193	0.0	0.0	0.154001	0.0	0.0	0.0	0.0	0.0513824	0.0670441	0.0	231.621	0.0	0.476669	0.500503	0.476669	0.026199	0.0	0.0	0.0	0.0	0.0	0.0	0.0	0.0170303	0.0100772	0.5245	0.0	0.0	0.0963535	0.063894	0.0	0.00836495	0.0	0.0	0.148501	0.024153	0.0	0.0776642	0.058374	0.0	0.203212	0.0902194	0.0	0.0	0.0179821	0.0527231	0.0	0.0	0.443451	0.495284	0.0739963	0.387731	0.0	0.0	0.238475	0.0	0.0	0.0	0.158659	0.0	0.124645	0.0	0.0	0.070798	0.654857	0.0	0.0	0.0	0.106267	0.0	0.0	0.0	0.149652	0.0387486	0.0	0.116329	0.0	0.0	0.0	0.0	0.0	0.0395712	0.0	0.0	0.0124263	0.0	0.313606	0.790812	0.949384	0.763062	0.438397	0.0	0.45781	0.393327	0.0	0.0	0.0902194	0.175122	0.0	0.110907	1.16175	0.0	0.112212	0.0	0.0	0.0	0.0	0.0	0.0	0.0	0.0	0.0	0.0	0.0	0.234611	0.0	0.0226928	0.0238335	0.0	0.0	0.109068	0.0	0.0	0.0	0.0416122	0.0	0.0477934	0.0	0.363268	0.0	0.0	0.0	0.0	0.0	0.0	0.278057	0.0	0.302053	0.0	0.0	0.0225226	0.0	0.0	0.0	0.0	0.0	0.0513127	0.0503299	1.82823	0.0	0.0227501	0.0257893	0.0	0.0	0.0	0.0	0.074455	0.0	0.0	0.0	0.0	2.0684	0.0	0.0264002	0.0840658	0.566823	0.0836107	0.448503	0.0	0.196561	0.160216	0.0	0.0531507	0.0	0.0	0.0	0.211701	0.300302	0.114765	0.0	0.0	0.402772	0.164656	0.318371	0.0944345	0.0	0.0	0.0	0.0633548	0.0	0.0	0.0	0.0	0.0	0.0	0.0321178	0.0196133	0.327602	0.59146	0.0470447	0.189302	0.0853939	0.0588827	0.0	0.449703	0.139459	0.0910005	0.0302317	2.25226
N14_1_4	0.0	0.0	1.06122	0.0	15.985	0.0	0.0516008	7.94912	0.182335	0.436128	0.152967	0.108102	0.105523	0.0	0.0	0.0411271	0.0	13.0452	8.71427	0.900015	1.62003	0.900015	3.13421	0.87956	0.31984	0.0	0.0	0.0	0.655943	0.368577	0.992324	0.368577	0.0	0.0	0.0	12.4894	8.20813	0.0	131.725	0.0	2.81552	3.07148	2.81552	0.0244662	0.0	0.0	0.0	0.0	0.0	0.0832272	0.129002	0.0	0.0144298	4.90385	0.0	0.0	0.0	6.36776	0.0	0.0	0.0	0.0	4.75784	1.55633	0.0	8.00703	0.37614	0.0	5.98938	0.609023	0.0	0.0	0.154494	0.382194	0.0	0.0	0.852216	3.64997	0.238402	2.35143	0.0	0.0458538	3.55704	0.0	0.0	0.0	6.62296	0.0	2.54335	0.0408235	0.0	0.988425	4.15137	0.0	0.0	0.0	1.85134	0.0	0.0	0.0	4.17864	0.0832272	0.0	0.471959	0.0	0.0	0.0	0.0	0.0	17.6504	0.0	0.0	0.0800703	0.0	1.89829	3.53035	11.4974	1.29531	1.12995	0.0	4.56541	0.885046	0.0	0.0	0.609023	0.292553	0.0473113	13.9997	2.02449	0.0	0.0340076	0.0	0.0	0.0	0.0	0.0	0.0	0.0	0.0	0.0	0.0	0.0	0.554306	0.0	0.0	0.0511913	0.0	0.0	0.140559	0.0	0.0	0.465899	0.044689	0.0	0.102654	0.0	1.48248	0.0	0.0	0.0	0.0	0.0	0.0	7.19665	0.0	2.2566	0.0	0.0	0.0967516	0.0	88.7574	0.0	0.0410399	0.0410399	0.519577	0.608076	58.9916	0.0	0.195458	8.77042	0.0	0.0	0.0	0.0	0.0	0.0	0.0	0.0	0.0	13.5748	0.0	0.0709322	1.2188	2.13979	1.48158	2.47114	0.268754	2.29858	1.0059	0.0	0.342483	0.0	0.0	0.0	0.50523	9.04858	0.246501	0.0	0.0	2.21365	0.353661	7.85471	0.2434	0.0	0.0	0.0	0.381019	0.0	0.0	2.10547	2.21722	0.0	1.88542	0.0	0.042127	0.753908	10.1815	0.50523	0.55445	0.366831	0.379418	0.0	3.73484	0.419357	0.912136	0.389604	68.8644
N14_2_2	0.328728	0.0190928	0.0294078	0.0	1.0081	0.0	0.120972	0.335385	0.00593698	0.0119585	0.0	0.0	0.0	0.0	0.0107245	0.0	0.0	0.0	0.958039	0.644715	0.550938	0.78538	0.49695	0.305485	0.208285	0.0648991	0.0	0.0	0.21358	0.0960094	0.215406	0.0960094	0.0	0.0	0.0	0.378516	0.206309	0.0	194.624	0.0612826	0.0133346	0.0133346	0.0133346	0.208401	0.0	0.0	0.655674	0.0	0.0	0.0541989	0.235223	0.0381134	0.223646	7.81967	0.0187379	0.0	2.6685	2.48807	0.0	0.496093	0.0120298	0.0286392	2.56871	2.14863	0.0793779	5.5402	0.217732	0.0	2.40024	1.29798	0.0	0.247386	0.734444	0.00369267	0.0151366	0.0	0.0652914	0.530327	0.258752	0.267976	0.0	0.0	0.0222375	0.0	0.0	0.0	0.0270164	0.0197667	0.011623	0.0	0.0	0.0198055	0.0711432	0.0	0.0	0.0325193	2.66228	0.0	0.0	0.0	0.0334917	0.0325193	0.0	0.0	0.0	0.00630062	0.0	0.0	0.0	0.0221398	0.0245878	0.0	0.034762	0.0	0.0	0.0433778	0.0226031	0.0688592	0.12264	0.0	8.55329	0.513481	0.0	0.0	1.29798	0.0217732	0.197183	0.410495	0.0490559	0.0223031	0.968636	0.0	0.0	0.0	0.0	0.0	0.0	0.151594	0.0	0.625717	0.73238	0.0	0.144389	0.0242915	0.0888752	0.0933425	0.10501	0.0	0.0	0.0188783	0.0	0.137542	0.209536	0.50405	0.0935901	0.0714964	0.0812983	0.0	0.0	0.50405	0.0	0.0	0.024175	0.0272249	0.0	0.0146953	0.0	0.0	0.252025	0.293362	0.13623	0.198445	0.0	0.0	0.0082026	0.0633582	0.0388927	0.258487	0.0890997	0.240482	0.0	0.0	0.0	0.0	0.0	0.0	0.0	0.126012	0.0	0.0	0.0	0.00739076	0.00783903	0.845689	0.257288	0.480047	0.140014	2.35223	0.00689534	0.0	0.0148687	0.0	0.0	0.0	0.0526423	0.60486	0.363857	0.0	0.0	0.235289	0.0921239	0.519937	0.317012	0.00963766	0.0149127	0.0584405	2.67976	0.0663223	0.0871556	0.0522331	0.183768	0.0	0.0516974	0.0179697	0.0365783	0.104738	0.594692	0.118445	0.187755	0.0	0.0366049	0.0	2.07155	0.0312105	1.88382	0.0	0.593
N14_2_3	0.34287	0.0896137	0.699342	0.0183395	14.6901	0.118459	0.252352	4.22057	0.204349	0.420961	0.46755	0.352447	0.0080634	0.0	0.0	0.0167609	0.335915	2.30378	8.29111	13.5529	4.38315	14.4332	14.1615	0.0	3.58455	1.8615	0.0	0.0	12.3636	0.15021	10.7843	0.15021	5.45387	0.0	0.0396282	2.25636	1.99534	0.0167787	249.855	0.316932	2.08624	2.16969	2.08624	0.0777732	0.0	1.24862	0.0	0.0	0.0	0.0508774	0.0	0.0596295	0.0999717	7.94002	0.0	0.0	0.210856	4.79872	0.0	0.622387	0.075284	0.0	4.12715	1.61737	0.0	9.27965	1.66918	0.0	4.67428	2.96712	0.0	0.145141	1.38517	0.0	0.0	0.0	2.57419	5.44172	0.971582	8.36515	0.166021	0.747488	0.255135	0.0166196	0.0166196	0.0166196	0.163034	0.0309255	0.145476	0.0166371	0.0	1.25494	0.756878	0.0	0.0	0.559652	3.10066	0.0	0.0	0.0	0.0523987	0.135673	0.0	0.0905137	0.0	0.0	0.0131653	0.0133661	0.0	0.438753	0.0192342	0.519141	0.565617	0.965633	0.948317	1.50662	1.41453	2.06846	5.73702	0.0	8.38693	0.508246	0.0	0.0	3.01225	0.630199	0.0385624	4.28652	2.99323	0.0523407	0.069297	0.0	0.0	0.0	0.129279	0.0	0.0	0.0	0.0	0.978952	0.876223	0.0	2.85457	0.437056	0.476736	3.17109	0.739313	0.0	0.477361	0.900836	0.224247	2.1139	6.13761	3.59251	6.56818	3.02017	1.30373	0.0	0.0	3.06678	1.05147	0.0	0.0	0.26165	0.0	0.252904	0.0	0.0	0.059145	0.1669	1.15702	0.124189	0.0167254	0.0334507	0.0064166	0.143182	0.401602	0.0	2.42953	4.04082	0.0	0.0	0.0	0.0	0.0	0.0	0.0	0.0	0.0	0.764459	0.0	0.0115546	0.116512	14.073	8.14216	10.5317	9.09081	10.2853	0.377579	0.0443034	0.0	0.0	0.0	0.0	1.85311	6.15108	0.870642	0.0	0.0	0.637724	1.85311	5.57368	0.843158	0.0829312	0.0	0.0	0.942771	3.00913	5.52247	5.51612	6.20201	1.01103	1.375	0.0558301	0.0171684	2.23266	7.51834	1.48249	2.0939	0.0747488	0.0	0.0579853	5.81281	0.634787	1.19485	0.396946	5.45062
N14_2_4	0.0	0.0	1.01875	1.85637	39.3576	0.401474	0.0665198	15.5996	0.161599	0.650995	0.345088	1.11486	0.012753	0.0	0.0	0.026509	1.74564	3.5035	31.0103	31.0942	9.68792	33.0375	31.9717	0.283465	12.8848	1.23119	0.0	0.0	26.2133	0.712713	23.7723	0.712713	7.6933	0.021767	0.0	17.452	15.9764	0.0	257.117	0.4128	1.97976	2.14474	2.04575	0.0930428	0.0	1.76693	0.0	0.0	0.0	0.0	0.0	0.0	0.162765	20.5881	0.0	0.0	0.0	16.913	0.0	0.266357	0.0	0.0	9.697	3.47758	0.0	26.1814	3.31342	0.0	13.0195	8.22576	0.0	0.0	2.91273	0.0364959	0.0	0.0	2.84347	10.0134	1.12688	11.5252	0.131289	1.30045	0.275128	0.0	0.0	0.0	0.238753	0.0412996	0.201324	0.0	0.0	1.39672	0.73937	0.0	0.0	0.402338	7.40502	0.0	0.0	0.0	0.0414368	0.509628	0.0	0.143156	0.0	0.0	0.0	0.0	0.0	8.38194	0.0	0.469184	1.08381	1.14543	0.828867	1.22363	1.56605	2.77734	9.13434	0.0	18.969	0.0777909	0.195903	0.0	8.08302	0.862028	0.0	26.3505	4.64304	0.331128	0.399474	0.0	0.0	0.0	0.0	0.0	0.0	0.0	0.0	0.0	0.0	0.0	3.1506	0.901624	0.408418	4.78441	3.24804	0.0	0.332197	2.8028	0.47289	3.78378	8.58383	12.3339	9.95813	6.10355	1.76023	0.0	0.0	11.0866	2.4189	0.0	0.8973	0.336834	0.0	0.354538	0.0	0.0	0.124725	0.0	58.9433	0.0982084	0.0264527	0.0396791	0.0202969	0.0348393	0.98163	0.0	2.89764	16.6736	0.0	0.0	0.0	0.0	0.0	0.0	0.0	0.0	0.0	2.51358	0.0	0.0640083	0.14548	20.8786	17.884	20.6795	16.8898	20.9386	0.341244	0.0	0.0	0.0	0.103506	0.104372	2.247	20.633	1.50941	0.0	0.0	0.565812	1.98648	16.9754	1.28124	0.155012	0.0	0.0	0.754313	5.08746	12.149	13.1187	13.4469	2.39855	2.8143	0.0892485	0.0362046	3.36919	21.99	2.31213	3.52612	0.768446	0.0362309	0.0	14.0289	1.96934	2.35171	0.920786	11.7388
N15_1_2	0.136162	0.0	0.0	0.0	0.859332	0.295699	0.0501075	0.332198	0.0	0.00742994	0.0247567	0.0	0.0	0.0	0.0266529	0.0	0.0	0.281503	5.19093	3.45217	15.411	2.86953	0.264652	11.1508	0.155292	0.134409	0.0	0.118926	0.0	1.37199	0.0	1.37199	0.0	0.131171	0.0	0.762091	0.681695	0.0	282.317	0.0592287	0.0	0.0	0.0	0.254212	0.0	0.0	0.407378	0.0	0.0	1.13146	2.75591	0.0	0.511444	18.0825	0.0	0.0	3.44991	14.5792	0.0	0.0988658	0.0	0.0	9.99741	3.82019	0.0	11.15	0.202919	0.0	5.54134	2.1595	0.0	0.115278	1.17518	0.0366551	0.0501577	0.0	0.0162265	0.807419	0.951734	0.0951408	0.0	0.0145323	0.00921094	0.0	0.0	0.0	0.0	0.0251544	0.0	0.0	0.0	4.40533	0.0	0.0	0.194267	0.0	5.67239	0.00683036	0.0	0.0	0.0	0.56573	0.0	0.00899919	0.0	0.0078293	0.020913	0.0	0.0	0.0550229	0.0305534	0.0	0.311012	0.0	0.0	0.0	0.0	0.0	0.0	0.0	13.8228	33.3225	0.0	0.0	2.1595	1.35279	0.015314	0.533816	0.0	0.0554287	0.484343	0.0588116	0.114401	0.0	0.0	0.079284	0.0	0.659309	0.0	0.259177	0.374736	0.0	0.0815552	0.0452779	0.0946615	0.0497098	0.0	1.07847	5.36866	0.0351879	4.18552	0.150805	0.0433956	0.0	0.0166139	0.0	0.0252558	0.015542	0.0	0.0	0.0	0.0	0.0901214	0.0	0.0	0.0775517	0.0	0.0	1.12742	6.99252	1.13661	0.0986368	0.0	0.0	0.0101927	1.11535	0.0096658	0.0	0.0	0.346641	0.0	0.0	0.193465	0.0	0.0	0.0232842	0.0	1.1483	0.276328	0.0	0.0	0.0091772	0.00974096	0.268689	0.043597	0.623632	0.0	6.31658	0.0	0.0	2.16172	0.0	0.0	0.0	0.0163536	0.745647	0.678207	0.0292684	0.0	0.0741235	0.0817681	0.759748	0.459581	0.0	0.0	0.0	4.15801	0.0	0.0	0.0	0.0652441	0.0	0.0	0.0223295	0.00909062	0.048806	1.07867	0.114475	0.592245	0.0	0.0	0.0	3.73097	0.213306	2.95246	1.80757	0.0
N15_1_3	0.0	0.0	0.0608426	0.0202101	1.53656	0.0	0.0463486	0.393873	0.020472	0.0721619	0.0	0.0970989	0.0	0.0	0.0	0.0	0.158647	0.292933	1.87497	1.49555	0.545673	1.51576	1.40759	0.065836	0.143642	1.00704	0.0	0.0550022	0.589177	0.0	0.668489	0.0	0.0812183	3.60961	0.0	0.0908687	0.0889246	0.0	297.077	0.0616337	0.114952	0.114952	0.114952	0.0791131	0.0	0.0	0.0	0.0	0.0	0.0	0.0	0.0	0.0680453	6.75586	0.0	0.0	2.23068	5.07862	0.0	0.0322762	0.0	0.0	3.59313	8.0147	0.0	4.34518	0.638169	0.0	2.85322	2.48651	0.0	0.0	4.96096	0.00635725	0.0	0.0	0.157597	0.650747	0.0356893	1.51806	0.0	0.205933	0.00638997	0.0	0.0	0.0	0.0	0.0417806	0.0	0.0	0.0	0.119514	0.0245317	0.0	0.0	0.112134	3.06383	0.0	0.0	0.0	0.0	0.186889	0.0	0.0124861	0.0	0.0	0.0	0.0	0.0	0.114514	0.360332	0.0817275	0.275694	0.0	0.0275011	0.119661	0.116911	0.0474883	0.549755	0.0	6.04066	2.60169	0.0	0.0	2.52381	0.0938483	0.0212478	0.230426	0.211444	0.115359	0.320734	0.0	0.0	0.673197	0.213697	0.220009	0.0	0.0	0.0	0.779135	0.371383	0.0	0.294205	0.0	0.0437801	0.114952	0.0	0.0	0.042084	0.113919	0.0411865	0.376629	0.0	0.0	0.115257	0.0	0.175209	0.0	0.0	0.0	0.0	0.0	0.0416804	0.0	0.0	0.0	0.0	0.0	1.32528	0.183923	0.805284	0.136856	0.0	0.0	0.0141422	0.0121374	0.0	0.0	0.0	0.124385	0.0325481	0.0325481	0.469749	0.0	0.0	0.193837	0.0715256	1.44839	0.170399	0.0	0.0	0.0	0.0	1.96341	1.47192	1.37315	2.11224	4.69806	0.0118883	0.0	0.0512705	0.220941	0.180298	0.0	0.204212	0.504868	0.0738034	0.0	0.0	0.0171407	0.136141	0.581017	0.0546563	0.0	0.0	0.0503789	2.97012	0.0	0.375664	0.0900555	0.135787	0.0	0.0	0.0154908	0.0	0.316013	0.777253	0.249592	0.249007	0.0411865	0.0	0.0	1.38814	0.0538103	2.22379	1.51644	0.511197
N15_1_4	4.73542	0.0	4.70227	1.19737	84.5393	0.0	0.105614	21.0344	0.59478	5.2032	2.07419	3.7614	0.0	0.0	0.147467	0.336709	2.95233	15.5751	45.0647	62.2863	21.1843	58.2107	69.0305	0.750102	27.9856	16.5731	0.0669009	0.0626667	61.5058	0.565791	62.37	0.565791	7.68048	7.89688	0.820965	7.62365	6.59475	0.147467	174.41	1.94282	3.24806	3.27425	3.22186	0.240366	0.0	1.15516	0.0	0.0	0.0	0.127759	1.18816	0.0	1.10015	45.5055	0.0	0.0	9.4248	47.0208	0.0	0.0	0.0	0.0	27.2015	31.0313	0.0779633	41.1845	14.7344	0.0	28.0166	17.7912	0.0	0.0	14.5062	0.0	0.0198225	0.0	13.4155	31.3183	2.62274	38.9286	1.04225	1.78318	0.0436824	0.146068	0.219102	0.146068	0.00758142	0.0327859	0.0152211	0.0	0.865691	5.81631	0.572978	0.0741277	0.0	2.29967	24.2408	0.0	0.0	0.0	0.0657896	2.34225	0.0	1.47951	0.0	0.0	0.0	0.0167819	0.0738906	5.40732	6.25475	9.96342	11.3626	0.202068	1.34733	2.60741	2.57524	10.4018	26.7168	0.0738119	58.9947	1.87323	0.0	0.0	18.0462	2.56622	0.0242087	14.0363	17.0322	0.372396	0.93967	0.0	0.0	3.90475	15.7448	9.77601	0.0	0.0	0.152328	12.8376	9.30895	0.0	14.5168	1.19293	0.324225	6.75806	0.0	0.0	0.671277	3.22628	1.73625	15.0666	0.0	0.0	7.1962	0.0	7.9051	0.0	0.0	0.0	0.0	0.0	0.0	0.0305597	0.0	0.223718	0.0	0.0	1.23767	0.628657	7.45468	0.0	0.335995	0.430493	0.0402821	2.97317	0.397276	0.0	7.97608	13.0758	0.0	0.0	0.152916	0.0	0.0	0.478503	0.0	0.0	0.0	0.0	0.0	0.0435224	0.0153987	66.3078	65.9553	55.8718	57.5515	80.1708	0.446983	0.945634	0.321282	0.0	0.0	0.0414282	11.9178	30.515	2.1022	0.0462679	0.0	0.240861	10.5476	31.69	1.74363	0.0	0.0	0.0	8.64801	1.23767	16.5498	16.3654	16.1928	1.07899	20.3104	0.0882472	0.143706	14.6591	42.2338	12.5382	13.9489	2.76862	0.230096	0.72804	29.2592	11.5567	22.7697	11.0642	39.6054
N15_2_2	0.0	0.0	0.0880797	0.0	1.11829	0.0	0.0	0.169846	0.0	0.0447712	0.0	0.0	0.0	0.0	0.0133837	0.0	0.0	0.0	0.495473	0.35109	1.5799	0.292575	0.177193	0.953084	0.0	0.0	0.0	0.0	0.0	0.239633	0.0	0.239633	0.0	0.0878235	0.0	0.0956708	0.035109	0.0	259.05	0.0297416	0.232976	0.232976	0.199694	0.0556739	0.0	0.0	0.0	0.0	0.0	0.108221	0.503229	0.0237821	0.0422172	1.03403	0.0467685	0.0	0.336383	1.12423	0.0	0.0934501	0.0	0.0357407	1.52075	0.472198	0.0	1.40991	0.0815165	0.0	0.993214	0.377961	0.0	0.0771823	0.100445	0.0	0.0	0.0	0.065185	0.333896	0.0	0.382199	0.0	0.0	0.0647537	0.0	0.0	0.0	0.019266	0.050525	0.0580202	0.0	0.0	0.0494331	0.16869	0.0	0.0	0.162332	0.939844	0.0	0.0	0.0	0.0	0.0811659	0.0550578	0.0721992	0.0	0.0	0.0	0.0	0.0	0.221037	0.0	0.0	0.0173527	0.256749	0.0	0.0433071	0.423118	0.326549	0.09183	0.0	1.84943	5.80648	0.0	0.0	0.377961	0.108689	0.0	0.154876	0.12244	0.0556669	0.0663307	0.0	0.0	0.0	0.0	0.0	0.0	0.0	0.0	0.0	0.215055	0.0	0.131049	0.0	0.0316895	0.0	0.0	0.041658	0.0	0.0235594	0.0	0.0	0.0581095	0.0	0.0	0.0	0.0	0.0	0.0	0.0	0.0	0.0	0.0	0.0970734	0.0	0.183392	0.0	0.0	0.408873	1.33129	0.0971484	0.0495304	0.0	0.0	0.0	0.0702833	0.223269	0.0	0.0	0.0	0.0	0.0	0.0485742	0.0	0.0	0.0	0.0	0.366938	0.0	0.0	0.0	0.0184333	0.0880454	0.263847	0.0583792	0.081693	0.0	1.1742	0.0344206	0.0	0.222668	0.0	0.104404	0.105278	0.0656956	0.359449	0.0801319	0.0	0.0	0.0496281	0.0656956	0.300399	0.0	0.0	0.148884	0.0	0.530832	0.0	0.0	0.0	0.0	0.0	0.0	0.0445335	0.0456485	0.0980315	0.466839	0.0656956	0.180239	0.0	0.127908	0.0462526	0.900118	0.0	0.423593	0.168869	0.555032
N15_2_3	0.911103	0.0	18.7652	0.0	254.044	0.0256963	0.15966	50.727	4.25948	9.8438	5.06431	5.28483	1.657	0.0	0.53503	0.928946	0.0485781	27.8508	2.8706	26.1489	12.4757	25.5085	68.9798	0.272148	0.395851	3.85445	0.0	0.0	17.1499	0.0	13.7144	0.0	0.0	1.29567	5.89699	15.025	10.7826	1.59235	245.619	0.0849255	58.3836	66.9051	58.2569	1.4353	0.0	0.0	0.0	0.0	0.0	0.0515032	0.0	0.0	2.09397	32.1507	0.0	0.0574316	7.04382	17.036	0.0	0.300196	0.0	0.0	23.1266	10.4496	0.0	25.8071	8.50887	0.0	34.3329	8.77102	0.0	0.0734631	1.88819	0.867209	0.85104	0.0	37.7848	76.5346	3.83577	70.9375	0.126047	1.02152	27.4181	1.57725	1.57725	1.57725	18.8878	0.0	16.9447	0.0252626	2.61738	15.1975	104.01	0.0	0.0	10.1976	37.179	0.0	0.0	0.0	7.678	6.20613	0.0	5.05093	0.0	0.0	0.0	0.0	0.0	18.3036	0.0584122	0.15015	1.6021	35.0682	66.9965	86.0061	80.8949	103.992	44.5474	0.0	46.355	0.59748	0.0	6.48897	8.83954	5.74155	0.11711	22.3615	70.1862	0.0	0.652389	0.0	0.0	0.0	0.0	0.0	0.0	0.0	0.0	0.165165	0.307038	0.0	31.2148	0.0288542	0.0	11.3092	0.0	0.0	6.81357	23.2314	0.0	0.211428	0.0553094	0.0	12.7686	0.0	20.1345	0.0297134	0.0	0.0	0.0	0.0	0.0	37.5219	0.0	80.3565	0.0	0.0	0.419107	0.380143	1.52571	0.0471437	0.914277	1.26983	4.52088	8.16975	71.6991	0.0	2.23766	1.45111	0.0	0.0	0.0	0.0	0.0	0.0	0.0	0.0498937	0.0	0.0	0.0	1.1492	15.727	53.8909	20.5595	33.5649	0.748406	17.998	23.6541	7.0636	0.0	0.0	0.0	0.0	27.8884	83.7872	5.16098	0.0	0.0	12.4547	12.6623	84.988	4.74461	0.0	0.0	0.0	2.05469	18.592	46.6557	44.2374	41.9731	6.67808	57.3547	0.0426898	36.9228	33.0931	109.366	26.4502	45.3704	11.6907	72.8557	1.76095	87.089	38.6298	49.3897	24.3508	151.794
N15_2_4	0.0	0.0	10.0781	0.153327	231.776	0.0	0.0	41.9933	2.3297	4.45793	5.0816	3.4991	2.02241	0.0	0.0	0.700643	0.267466	118.897	4.45934	4.67646	1.68659	4.44647	77.3058	0.0	1.08976	4.10297	0.0	0.0	3.07303	0.0	3.6628	0.0	0.0	1.72593	2.98178	11.0302	9.13827	1.64826	151.605	0.155864	71.3375	79.3608	71.2503	1.25042	0.0	0.0	0.0	0.0	0.0	0.0	0.0	0.0	1.64703	29.8042	0.0	0.0	1.23399	49.3777	0.0	0.0612168	0.0	0.0	19.4259	15.3337	0.0	26.9974	9.61189	0.0	21.3159	9.8094	0.0	0.0	3.02675	1.73628	6.83063	0.0	31.1718	67.8053	2.91069	53.9128	0.347003	0.312467	37.1828	1.63263	1.7021	1.63263	24.1812	0.0	20.5241	0.0	0.364257	15.1549	100.757	0.0705139	0.0	0.212679	15.8994	0.0	0.0	0.0	26.9417	5.88412	0.0	4.39852	0.0	0.0	0.0	0.0	0.140577	8.54297	0.0	0.413357	2.09159	92.5045	69.4774	86.4132	174.878	94.9777	46.1995	0.0702135	51.9905	0.411209	0.0	24.6779	9.85656	5.55354	0.0	19.9165	75.1543	0.583456	0.695225	0.0	0.0	0.0	0.0	0.0	0.0	0.0	0.0	0.0	0.0	0.0	27.0418	0.0	0.0	10.3779	0.0	0.0	5.58733	1.48158	0.0	0.529137	0.0	0.0	11.9794	0.0	12.229	0.0	0.0	0.0	0.0	0.0	0.0	53.0089	0.0	138.685	0.0	0.0	0.741718	0.0	4.70932	0.0	0.699157	0.978819	18.6955	13.8123	231.952	0.0	1.91465	1.16385	0.0	0.0	0.0	0.0	0.0	0.0	0.0	0.0	0.0	0.0	0.0	2.41504	19.4049	53.0461	24.2459	32.2517	1.60248	11.388	26.5165	1.29639	0.0	0.0	0.0	0.551719	19.2799	59.4316	4.40936	0.0	0.0	11.6603	11.8778	57.0201	3.93924	0.0	0.0	0.0	2.64278	0.867506	3.99003	4.61172	4.29235	0.0	6.59305	0.0587616	42.3189	28.4272	94.6927	13.4271	25.2198	6.0931	103.277	0.0	93.7946	17.6563	29.3024	12.8321	179.854
N16_1_2	0.0	0.0	0.0	0.0	0.0521831	0.0	0.0	0.0260412	0.0	0.0	0.0	0.0	0.0	0.0	0.0	0.0	0.0	0.0	3.12898	1.06763	3.99838	0.921093	0.0	2.04581	2.1574	0.0	0.0	0.028486	0.0	0.685835	0.0	0.685835	0.0	0.0157096	0.0	0.0770098	0.0502414	0.0	309.593	0.0273604	0.0	0.0	0.0	0.151373	0.0	0.0	0.146367	0.0	0.0	0.271015	0.960169	0.0	0.325561	13.2558	0.0334631	0.0	3.36958	4.62209	0.0	0.016716	0.0	0.0	2.94283	2.20816	0.0	7.56599	0.155535	0.0	1.96275	1.54534	0.0	0.0	0.467148	0.0131698	0.0	0.0	0.0	0.0255969	0.0369675	0.0	0.0	0.0	0.0	0.0	0.0	0.0	0.0	0.432769	0.0	0.0	0.0	0.0	0.0	0.0	0.0481368	0.0	2.4775	0.0	0.0	0.0	0.0	0.0387165	0.0	0.0	0.0	0.011252	0.0	0.0152569	0.0	0.0	0.0219551	0.0	0.024832	0.0	0.0	0.0	0.0	0.0	0.0	0.0	9.78575	39.0942	0.0	0.0	1.54534	0.349954	0.0	0.0511454	0.0	1.75252	0.49042	0.0	0.0	0.0	0.0	0.0	0.0	0.541449	0.0	0.0	0.0769366	0.0	0.0	0.0	0.0	0.0	0.0	0.119226	0.0	0.0	0.0	0.0	0.0	0.0	0.0	0.0	0.0	0.0	0.0	0.0	0.0	0.0	0.0215865	0.0	0.0	0.0	0.0	0.0	1.6878	2.33374	0.0695103	0.0	0.0	0.0	0.0	0.0	0.0	0.0	0.0	0.0515358	0.303424	0.337138	3.30174	0.0	0.0371966	0.0	0.333392	14.7401	3.97129	0.0	0.0	0.0	0.0	0.0	0.0208854	0.0389679	0.0	2.02945	0.0	0.0	0.504514	0.610277	0.933774	0.414299	0.0	0.0600106	0.0191116	0.0	0.0	0.153873	0.0	0.03439	0.0188712	0.0	0.0	0.0782747	2.36751	0.0	0.0	0.0	0.0	0.0	0.0	0.047796	0.0	0.0	0.0513887	0.0	0.0085975	0.0	0.0	0.0	1.63257	0.0	1.63665	0.63434	0.0
N16_1_3	0.0	0.0	0.403655	0.0928262	7.35315	0.0	0.0	1.7321	0.0470144	0.299877	0.368125	0.37165	0.00453479	0.0	0.0	0.0282786	0.242892	2.24243	8.47516	8.91131	8.41624	7.70457	4.77859	1.10876	1.31951	0.0	0.0	0.0421047	4.73571	4.81517	5.11734	4.81517	0.0	0.464401	0.0	0.619724	0.408435	0.0	319.673	0.440357	0.0	0.0	0.0	0.322996	0.0	0.0	0.0	0.0	0.0	0.343357	0.798305	0.0	1.03682	28.8884	0.0	0.0	2.06336	18.7026	0.0	0.111185	0.0	0.0	8.75431	5.11871	0.0	18.6386	3.70703	0.0	7.31947	9.5553	0.0	0.0	1.46064	0.0	0.0	0.0	0.758321	2.82497	0.409808	5.65887	0.0350134	0.882802	0.0	0.0	0.0	0.0	0.0	0.0521768	0.0	0.0	0.657944	0.339816	0.0	0.0	0.0853802	0.257518	9.6257	0.0	0.0	0.0	0.0	0.286131	0.0	0.0191165	0.0	0.0	0.0	0.022551	0.0	0.272725	0.0	0.542214	0.825833	0.0	0.0	0.0	0.0	1.03605	3.46385	0.0	32.9367	39.7216	0.0	0.0	9.91695	0.488524	0.0	0.957563	3.23725	8.97799	0.795032	0.0	0.0	0.0	0.0	0.336838	0.0	0.0	0.0	0.0917592	0.0	0.0	0.970163	0.0641209	0.0670281	0.879966	0.0	0.13217	0.193294	0.0	0.0630573	1.36681	0.0307277	0.0	0.988176	0.0	0.965692	0.0	0.0	0.0	0.0	0.0	0.0	0.0	0.0	0.0	0.0	0.0	0.898093	0.140795	0.616452	0.0	0.0282186	0.0282186	0.0	0.0464563	0.0	0.0	0.806369	1.75201	0.84714	0.697645	3.49323	0.0	0.0	0.0	0.821302	15.2454	9.3266	0.0	0.0	0.0	0.0	5.96129	5.64926	5.99017	6.28296	13.9986	0.0364024	0.0	0.588721	10.4298	11.9801	3.45153	0.903217	2.77506	0.19774	0.0621733	0.0	0.314913	1.00743	2.93551	0.195253	0.0	0.0	0.0	7.42914	2.626	3.18248	3.44691	4.29643	0.767601	0.887006	0.0474335	0.0	1.03676	3.58263	1.25061	1.16912	0.0630573	0.0	0.0	8.67819	0.74146	2.86709	1.07155	2.34796
N16_1_4	0.0	0.0	2.42674	0.736529	48.2558	0.0226543	0.0	10.9336	0.335732	2.05378	2.12807	2.71295	0.0	0.0	0.0	0.359003	0.749477	10.4383	25.615	38.3977	25.8276	34.9851	33.8267	7.03795	17.1877	0.0	0.0	0.734975	37.6649	3.72006	38.3478	3.51897	0.0986628	15.6604	0.0	4.08428	2.85773	0.0	242.001	0.898461	0.0	0.0	0.0	0.110788	0.0	0.0	0.0	0.0	0.0	1.5211	4.36353	0.0	1.60991	46.4215	0.0	0.0	20.888	46.8098	0.0	0.0	0.0	0.0	33.2949	47.2514	0.0	38.9514	12.267	0.0	27.9798	23.485	0.0	0.0	26.445	0.0	0.0	0.0	7.43907	16.3207	2.53626	27.3678	0.500065	2.62672	0.0	0.0	0.0	0.0	0.0	0.0507544	0.0	0.0	2.2622	3.04885	0.0	0.0	0.0	0.0	24.0886	0.0	0.0	0.0	0.0	1.20326	0.0	0.53088	0.0	0.0	0.0176242	0.0	0.0	1.63841	0.0	3.47485	4.89259	0.0	0.0	0.0	0.0473404	8.00422	19.2645	0.0	55.5819	12.4225	0.0	0.0	23.923	5.81429	0.0516231	7.68776	13.7933	3.03628	1.96667	0.0	0.0	0.0	0.0	0.0	0.0	0.0	0.0	0.0	0.0	0.0	7.2029	0.915781	0.239326	3.68654	0.0	0.0	0.460108	0.0197695	0.0	7.81178	0.0	0.0	4.34038	0.0	6.4278	0.0	0.0	0.0	0.0	0.0	0.0	0.0	0.0	0.00769455	0.0	0.0	4.85618	2.4577	14.8775	0.0	0.358241	0.436606	0.0343594	0.0	0.0	0.0	7.1979	12.4608	0.988476	1.89787	0.0815206	0.0	0.0	0.0	0.477885	2.7272	1.50074	0.0	0.0	0.0	0.0	47.6118	47.249	41.4279	37.7556	71.1088	0.491019	0.0593085	1.4325	3.17602	4.16144	7.77413	6.03646	17.7256	1.77069	0.0986628	0.0	0.131875	6.0089	17.2924	1.54923	0.0100927	0.0	0.0	19.8963	18.5441	29.1152	32.3818	31.7257	3.92501	9.25761	0.0934241	0.0	8.30843	22.4196	6.47748	6.99761	1.60105	0.0	0.0388122	18.6371	5.0987	18.4835	8.82105	18.0089
N16_2_2	0.0741243	0.0	0.0159147	0.0	0.672061	0.0	0.109111	0.276197	0.0	0.016179	0.0	0.0	0.0	0.0	0.0145094	0.014494	0.0	0.0	9.37673	0.618507	2.61676	0.729521	0.192097	1.03325	5.41046	0.058536	0.0	0.043161	0.0	0.259788	0.0	0.129894	0.0	0.0	0.0	0.155577	0.126873	0.0145094	231.609	0.0644864	0.0721634	0.0902042	0.0721634	0.573388	0.0	0.0	0.0	0.0	0.0	0.366637	1.04565	0.0	1.05267	36.1057	0.0	0.0163536	9.04396	7.56426	0.0134373	0.272271	0.0	0.0	7.55009	7.74271	0.0	13.7271	0.883729	0.0	6.93053	4.17556	0.0202357	0.460208	1.36117	0.00997723	0.0	0.0	0.0	0.323196	0.112024	0.0345288	0.0	0.0	0.00501429	0.0143718	0.0215578	0.0143718	0.0	0.191711	0.0	0.086322	0.0	0.0401932	0.0288755	0.0	0.00729352	0.175986	9.08961	0.0	0.0	0.0	0.0	0.0293309	0.0	0.019568	0.0	0.0170486	0.0	0.0	0.0	0.0399381	0.0	0.0	0.00940612	0.0	0.0	0.0	0.0	0.0	0.0995539	0.0	29.4808	12.2778	0.0	0.0	4.18532	0.147288	0.0833672	0.297059	0.0331846	0.211222	2.40898	0.0	0.0	0.0	0.0	0.0	0.0	0.0	0.0	0.517337	0.233143	0.0	0.017759	0.0164324	0.103065	0.0360817	0.0	0.0	0.0	0.0127705	0.0	0.0328384	0.0472478	0.0757715	0.0361774	0.0	0.0	0.0338434	0.0	0.0757715	0.0	0.0	0.0490607	0.0	0.0	0.0198817	0.0	0.0	0.767187	0.288653	0.500268	0.161089	0.0	0.0	0.0	0.052384	0.0105238	0.0	0.0	0.0845923	0.0	0.0	0.0	0.0	0.056359	0.0	0.0	0.625115	0.0668572	0.0	0.0	0.0249796	0.0	0.36405	0.0791118	0.0738035	0.0	5.94324	0.0	0.0	0.160931	0.0	0.0	0.0	0.0	0.422156	0.130308	0.0	0.0	0.0493188	0.124637	0.429879	0.142965	0.0	0.0	0.0	8.95831	0.0448647	0.0786102	0.0	0.0	0.0437144	0.0	0.0121559	0.00989759	0.0885641	0.480151	0.0178053	0.149806	0.0	0.0495239	0.0	6.0592	0.0	6.40614	4.0047	0.200572
N16_2_3	0.430055	0.0	7.14433	0.16102	163.65	0.0	0.211013	36.0168	0.291262	4.14189	1.75931	2.32085	0.876526	0.0	0.347246	0.714777	0.601902	54.3463	7.94349	23.969	11.1334	23.463	42.7692	0.224801	1.9619	0.509421	0.0	0.0	23.4708	4.71012	20.5434	4.99273	0.0	0.725014	3.28052	11.941	7.95901	0.747106	219.983	0.514439	30.2495	34.1746	30.3803	0.746628	0.0	0.0	0.321667	0.0	0.0	0.042543	0.131883	0.0	1.02158	25.846	0.0	0.02372	6.98206	15.6015	0.0	0.0734727	0.0	0.0	16.4537	7.5444	0.0778839	25.8366	8.54536	0.0	22.497	7.78282	0.0	0.0	2.15199	0.282194	0.00990116	0.0	17.9631	53.3565	3.96056	44.1726	0.104118	0.375024	16.6842	0.719175	0.74002	0.719175	10.535	0.0	8.67481	0.0	1.29721	11.7957	49.7146	0.0211578	0.0	4.91372	21.9993	0.0	0.0	0.0	12.3887	3.48853	0.0	1.63199	0.0	0.0	0.0	0.0	0.0210901	11.8753	0.0	3.00769	3.31528	55.0075	30.7067	40.1779	88.1786	51.1859	36.0273	0.0210676	33.3359	5.96354	0.0	2.37611	7.86772	4.55041	0.0	18.1902	50.4671	0.2626	0.260754	0.0	0.0	0.0	0.324303	0.0	0.0	0.0	0.0	0.0	0.169081	0.0	16.5885	0.905705	0.29898	6.28016	0.0	0.0	4.9576	14.1145	0.0	3.33413	0.0456871	0.0	7.29382	0.0	3.98841	0.0490881	0.0	0.0	0.0	0.0	0.0	23.0567	0.0	72.6849	0.0	0.0	0.173097	0.0	2.17684	0.0	0.713261	0.84962	8.43453	6.11296	91.6239	0.0	7.26857	9.86294	0.0	0.0	0.496472	0.0	0.0	0.0	0.0	1.15398	0.0	0.0	0.0	0.913039	7.43767	45.3734	25.933	31.6435	11.6772	23.3673	13.0575	6.33485	0.233422	0.0	0.0	0.0	15.1339	61.062	3.8221	0.0462208	0.0	1.46971	7.59277	62.0683	3.67034	0.0	0.0	0.0	5.27255	28.6326	57.4662	67.3938	67.9509	7.35504	42.0505	0.0176315	19.9333	18.241	73.6527	18.0264	32.9142	5.25034	46.583	1.01822	45.4241	23.4267	31.0392	14.4718	155.496
N16_2_4	0.0	0.0	3.68051	0.134593	220.653	0.0	0.0385834	40.7693	0.835066	1.69918	2.11599	3.79907	1.37587	0.0	0.0	0.891806	1.05654	53.4857	13.8494	18.6075	6.39319	16.7569	75.0951	0.0	5.50053	0.620978	0.0	0.0	21.0901	7.85449	20.4047	9.09467	0.135222	1.01004	1.89039	12.337	10.2291	0.815793	171.526	0.205231	49.5307	56.1144	49.4924	1.03179	0.0	0.0	0.0	0.0	0.0	0.0	0.0	0.0	1.72093	38.2531	0.0	0.0	1.39272	39.1376	0.0	0.0	0.0	0.0	26.6122	15.7683	0.0	29.9978	10.25	0.0	26.6712	12.2954	0.0	0.0	2.68582	0.232855	5.06915	0.0	30.6993	61.6878	3.11955	59.5601	0.152303	0.960014	27.012	0.808057	0.808057	0.808057	17.2606	0.0581076	15.5364	0.0	0.237193	13.5876	83.1164	0.0	0.0	0.186694	22.6798	0.0	0.0	0.0	14.1804	5.38301	0.0	3.23835	0.0	0.0	0.0483098	0.0	0.0	7.32972	0.0	3.49247	3.77186	56.3988	61.355	77.6732	107.218	90.5683	48.4053	0.0	54.2514	0.541452	0.0	2.34411	12.3782	8.18752	0.0	20.7989	73.6113	0.640212	0.457712	0.0	0.0	0.0	0.0	0.0	0.0	0.108788	0.0	0.0	0.0	0.0	25.3957	0.871614	0.218672	12.8229	0.0	0.0	6.97164	1.1109	0.0	2.09019	0.0	0.0	14.0082	0.0	3.50051	0.0359027	0.0	0.0	0.0	0.0	0.0	37.1656	0.0	109.149	0.0	0.0	0.397892	0.0	7.54165	0.0	0.889915	1.3809	11.0311	12.2459	134.461	0.0	8.54974	9.22247	0.162571	0.216761	0.0	0.0	0.0	0.0	0.0	0.120573	0.709254	0.0	0.0	1.65358	14.3225	60.151	31.3211	36.6104	13.0621	25.4125	20.5057	0.487712	0.0	1.41009	0.240146	0.484311	19.191	56.4145	3.22553	0.0676112	0.0	2.24499	12.6555	53.6465	2.85129	0.0	0.0	0.0	17.155	12.6602	18.013	26.3137	23.4364	2.87521	10.5362	0.452936	34.345	27.8477	89.7588	13.1844	24.4878	5.34865	75.5487	0.106388	76.244	17.1117	25.6249	10.9244	132.985
N17_1_2	2.13761	0.0	0.0	0.0	4.30113	0.0	0.429076	1.74989	0.0	0.0	0.0	0.0	0.00609345	0.0	0.0	0.0	0.0	0.0	0.994933	5.03084	13.0344	5.80001	2.51805	8.73593	0.443261	1.15096	0.0	0.4809	0.0	4.17158	0.0	4.17158	0.0	0.0	0.02246	1.71644	1.43025	0.0	261.121	0.706433	0.0236484	0.0	0.0	0.103982	0.0	0.0	0.0	0.0	0.0433936	2.0185	5.78061	0.473147	0.479951	7.65333	0.0	0.0428733	0.286816	9.49699	0.0	2.1497	0.0426687	0.0507903	14.391	2.86386	0.0703865	13.7939	0.347524	0.0	9.79043	1.41951	0.0	1.91944	1.15976	0.0065392	0.0	0.0	0.277899	2.28773	1.1931	0.0905224	0.0	0.0	0.0	0.0	0.0	0.0	0.0	0.0591993	0.0	0.113153	0.0	0.0702483	0.0	0.0	0.0	1.03809	7.79095	0.0	0.0219634	0.0	0.0	0.0961193	0.0	0.0128251	0.0112159	0.0	0.0	0.015151	0.0	0.301024	0.0	0.0	0.0246596	0.0	0.198018	0.0	0.0	0.0	0.217496	0.0	10.8372	24.9217	0.0	0.0	1.41951	3.72623	0.196704	2.68342	0.239246	0.0	0.0314204	0.0	0.0816355	0.0	0.0	0.0	0.0	0.0	0.0	3.88388	2.44488	0.0	0.41902	0.02154	0.495365	0.496616	0.0931155	0.0591993	0.0	0.502196	0.0	0.258272	0.495469	0.0	0.569067	0.0	0.0	0.0	0.0496616	0.0	0.0	0.0	0.0214367	0.0	0.0	0.0	0.0	0.0	1.63138	21.189	1.13896	0.316739	0.0	0.0	0.0290939	0.237211	0.0	0.0	0.0	0.929734	0.0	0.0	0.0	0.0	0.0	0.0	0.0	0.0	0.0	0.0	0.0	0.0	0.0	2.8888	0.269625	0.851342	0.124154	11.9296	0.0	0.0502196	2.53142	0.0	0.0	0.0	0.163378	3.19253	2.04973	0.0	0.0	0.123419	0.490133	2.45889	1.08693	0.0	0.0	0.0	3.94778	0.0	0.0	0.370532	0.605251	0.0	0.0921556	0.0637368	0.0	0.510805	2.93434	0.0933587	0.930622	0.0847307	0.0	0.0	2.49878	0.0	0.210686	0.119988	0.0
N17_1_3	0.471615	0.0	3.21491	0.0168173	110.889	2.37427	0.173554	31.7011	0.00851758	3.13105	7.31718	5.29227	0.0098588	0.0	0.0	0.299708	4.37113	14.6254	1.05252	40.5296	20.0294	32.9282	39.1108	3.83485	0.478111	0.279326	0.0	0.48057	8.21196	2.06612	0.0	2.06612	14.3953	0.0	0.0	9.99477	7.29197	0.0	214.329	0.0341911	25.6926	25.75	25.5778	0.115205	0.0	0.0	0.117584	0.0	0.0	0.808676	3.80855	0.09569	0.620145	16.2212	0.0	0.0	0.154683	10.1548	0.0	24.1316	0.0	0.0410877	19.9262	7.45438	0.0	21.3826	6.74725	0.0	20.3984	4.1485	0.0	1.10911	1.4867	0.0	0.0	0.0	18.3221	42.0862	5.00409	49.3385	0.0190301	0.0171361	0.0	0.0	0.0	0.0	0.0	0.0283585	0.0	0.0	0.0	7.13198	0.03062	0.0	0.0	0.233272	15.5433	0.0	0.0	0.0	0.0	1.83507	0.0	0.02078	0.0	0.0	0.0	0.0	0.0	9.31721	0.0	0.0	1.35652	0.0	9.03928	15.4212	15.76	8.75279	43.1422	0.0	33.0992	16.4023	15.0686	0.0	4.13816	3.96713	0.0353615	21.2834	3.343	3.27974	0.114381	0.0	0.0	0.0	0.118548	0.0	0.0	0.0	0.0556264	1.34654	2.03963	0.0	19.4345	2.38724	1.16577	11.9567	0.0	0.0	3.69451	0.595848	7.53988	0.116074	0.133606	0.0	11.6048	0.0	3.03253	0.0	0.0	0.0	0.0	0.0	0.0	0.0	0.0	0.0	0.0	0.101139	0.0	3.55832	12.8155	0.0569404	0.299073	0.299073	0.0	0.085848	0.0	0.0	16.5264	30.4507	0.0	0.0	0.0558411	0.0	0.0	0.0537653	0.0	0.0	0.0	0.0	0.0	0.0	0.0	51.8333	39.1437	42.3555	0.0	9.6419	0.0	0.040626	1.17324	0.0	0.0	0.030257	14.2929	36.1296	5.54256	0.0	0.0	0.0570527	13.0468	37.2346	4.62387	0.0	0.0	0.0	0.956054	0.0	47.7441	0.674434	0.376637	0.0	0.148337	0.429324	0.0	14.1435	55.2093	13.6699	14.0484	6.06617	0.0	0.0	17.7236	9.33593	19.649	5.77544	56.2563
N17_1_4	0.0	0.0	8.94766	0.0431789	287.797	4.50229	0.0247559	76.2104	0.0328038	8.12717	20.0347	13.0176	0.0	0.0	0.0	0.769512	11.9386	35.7779	1.35119	100.521	37.4361	81.6946	98.0649	1.05494	0.153446	0.0	0.129839	0.117512	21.5565	0.265242	0.0	0.265242	34.531	0.032403	0.0	22.2909	16.6239	0.0	178.321	0.0	70.5347	70.7803	69.9944	0.211281	0.0	0.0	0.0754754	0.0	0.0	0.479147	0.495119	0.0	0.654204	38.1513	0.0	0.0	0.0496442	20.8187	0.0	0.0	0.0	0.0	24.6369	3.63375	0.0	47.7379	15.2586	0.0	26.4195	9.62878	0.0	0.0	2.31624	0.0	0.0	0.0	52.1895	105.568	10.5607	106.795	0.0	0.373979	0.0	0.0	0.0	0.0	0.0	0.0892642	0.0	0.0	0.0	18.0745	0.0	0.0	0.0	0.0	18.7616	0.0105734	0.0	0.0	0.0	5.17079	0.0	0.0133192	0.0	0.0	0.0	0.0	0.0	14.0272	0.0	0.0	4.34082	0.0	25.0007	34.5134	43.0037	20.7356	120.324	0.0	58.1102	1.87213	36.0646	0.0	9.62878	10.266	0.022698	53.5206	7.72493	0.164309	0.440516	0.0	0.0	0.0	0.0	0.0	0.0	0.0	0.0714113	0.0	0.0	0.0	53.4283	8.88082	1.40304	34.4569	0.0	0.0	8.33939	0.226002	15.1351	0.0	0.0	0.0	33.2186	0.0	8.42251	0.0	0.0	0.0	0.0	0.0	0.0	0.0	0.0	0.0	0.0	0.0	0.069626	1.22797	0.143374	0.0	0.76788	0.787569	0.0	0.0	0.0	0.0	48.2225	82.5237	0.0695391	0.208617	0.0	0.0	0.0	0.0	0.0	0.0773623	0.0910144	0.0	0.0	0.0	0.0	151.474	105.284	113.009	0.0	18.4094	0.0	0.0	0.0547698	0.0	0.308165	0.815703	42.224	89.9613	10.5252	0.0	0.0	0.0122071	35.6311	91.5225	9.38078	0.0	0.0	0.0	0.300309	0.0	127.026	3.22276	3.2879	0.0	1.85669	0.0168179	0.0	40.365	136.24	36.9642	34.6955	12.4513	0.0	0.0	10.0249	25.4074	57.4825	16.4174	142.119
N17_2_2	4.08651	0.0	0.0	0.0582882	4.18943	0.107571	0.0	1.18431	0.0295217	0.0	0.0990669	0.0	0.0	0.0	0.0266638	0.0532708	0.0508396	0.0	3.34758	3.73045	4.83792	3.61387	2.8241	2.27854	2.48568	0.752994	0.0	0.0793162	3.18609	0.954816	2.35644	0.954816	0.0	0.0	0.125949	0.857701	1.18908	0.0266638	204.876	0.41477	0.132613	0.132613	0.132613	0.202818	0.0	0.0	0.0	0.508053	0.182504	0.485108	3.00767	0.189519	0.532679	12.532	0.0	0.0	2.41257	5.40385	0.0	0.651616	0.0	0.142409	6.50698	2.35184	0.197354	8.64273	0.649605	0.0	5.15098	1.00399	0.0	0.461299	1.00056	0.018335	0.0	0.0	0.454527	1.56798	0.463194	1.0787	0.0	0.0	0.0	0.0264109	0.0264109	0.0264109	0.0383827	0.201317	0.0	0.0528775	0.0	0.147725	0.035376	0.0	0.0	0.646811	4.46749	0.0	0.0	0.0	0.0	0.107802	0.0	0.0359597	0.0	0.0	0.0	0.0	0.0	0.11009	0.0	0.0	0.0345709	0.0	0.0	0.0	0.0	0.376644	0.304914	0.0	12.6912	10.3174	0.131225	0.0	1.00399	0.324803	0.183843	1.75637	1.09769	0.0	0.220245	0.470684	0.0	0.353013	1.43809	1.58632	0.916973	0.0	0.0	3.28424	1.71377	0.0	0.587436	0.0	0.0	0.663067	0.0	0.0	0.0606875	0.0469362	0.0	0.844852	0.463075	0.0	0.797791	0.0	0.101064	0.0	0.0	0.0	0.0	0.0	0.0	0.0193395	0.0	0.0365097	0.151903	0.0	0.250639	6.10022	0.967719	0.690738	0.0265789	0.0265789	0.0	0.0525082	0.0773578	0.0	0.316464	1.31538	0.0	0.0	0.0	0.0	0.0	0.0	0.0	0.0	0.0	0.0	0.0	0.0	0.0	3.67955	2.09351	3.03805	1.91461	6.47105	0.308585	0.0	1.40476	0.0	0.0	0.0	0.261764	2.07673	0.478929	0.0	0.0	0.0329572	0.196323	2.13055	0.420359	0.0	0.0	0.0726491	3.52517	0.0	0.0	0.129865	0.130541	0.0	0.257066	0.672556	0.0	0.455708	2.17014	0.654411	0.670287	0.0	0.0	0.0	5.00445	0.232792	2.53171	0.252321	1.10576
N17_2_3	20.3727	0.0	0.678736	0.150304	49.7688	0.0693463	0.0	10.5952	0.228377	0.728342	2.55457	2.52746	0.121155	0.0	0.0	0.377757	2.032	9.44045	54.3939	40.6572	28.0317	38.7033	28.6742	6.85478	18.9619	2.49647	0.0	0.715847	69.5602	1.53883	50.5446	1.53883	10.8725	0.563968	0.0	4.39268	2.52511	0.0	199.69	0.993144	2.22275	2.22275	2.22275	0.290099	0.0	8.07884	0.0	0.0	0.0	2.50184	15.5114	0.0	0.95187	25.0112	0.0	0.0	2.07371	16.2264	0.0	0.06001	0.0	0.0	21.2181	15.4213	0.0	25.4901	7.60772	0.0	17.0081	0.0924617	0.0	1.58603	4.38612	0.0	0.0	0.39966	5.77658	16.1424	4.84399	38.9421	0.0	0.0765767	0.0	0.0	0.034052	0.0	0.0	0.129781	0.0	0.0	0.0	3.1744	0.0228055	0.0345619	0.0	0.0	12.7906	0.0	0.0	0.0	0.0	1.38991	0.0	0.185454	0.0	0.0	0.0	0.0	0.0344514	0.993591	0.0	1.72214	2.09493	0.0	0.0	0.0556203	0.0	7.59323	32.0795	0.0344147	29.0897	29.3593	0.507571	0.0	8.78386	0.837547	0.0790107	6.36515	22.6444	3.07425	0.34076	0.0	0.0	2.73088	34.6993	17.5894	21.6749	0.242973	1.49148	32.0925	21.8198	0.0	8.49962	1.94671	0.488394	4.87295	0.0	0.0	1.09544	1.39186	0.0	9.12922	0.0	0.0	6.08592	0.0	2.21517	0.0	0.0	0.0	0.0	0.0	0.0	0.0	0.0	0.0	0.0	0.0	0.484731	11.7977	3.86786	0.0	0.376956	0.479762	0.026294	1.26373	0.0249347	0.0	13.2199	13.3517	0.242063	0.242063	0.374309	0.0	0.0	0.0	0.26597	2.96224	3.00977	0.0	0.0	0.0	0.0	51.569	41.7626	63.3018	43.3116	45.7507	4.64174	0.181547	3.05042	0.821577	0.402266	1.08169	6.2437	16.1885	4.59688	0.302013	0.0	0.191215	5.23121	15.278	3.99708	0.0	0.0	0.0	42.9963	0.0	0.0	0.334874	0.0	0.0	0.0	0.119909	0.0	4.70042	21.9535	5.82183	5.98776	1.53153	0.0	0.0	49.4678	5.60267	10.8806	2.9279	21.8604
N17_2_4	38.479	0.0	1.77033	0.588051	144.632	0.0	0.0	25.6032	0.59567	2.09968	3.99782	9.88846	0.0861834	1.48742	0.0	0.537433	5.64195	45.4583	113.442	92.9121	29.4026	84.6794	96.1588	1.91562	45.9749	20.6196	0.0	0.0	222.861	0.0	170.736	0.0	66.1695	0.88259	0.0	11.2971	8.70316	0.0	206.159	2.39113	9.36526	9.36526	9.36526	0.255771	0.0	40.0365	0.0	0.0	0.0	0.0	0.0	0.0	0.282843	28.5769	0.0	0.0	2.70441	32.6389	0.0	0.0	0.0	0.0	23.2716	14.2362	3.98208	28.338	18.5687	1.90122	22.1809	10.8524	0.0	12.4104	5.04715	0.0	0.0	0.0	15.0669	47.4566	5.71146	91.5424	0.0	0.0	0.0	0.0	0.0	0.0	0.0	0.0	0.0	0.0	0.0	5.96138	0.0	0.0	0.0	4.8941	18.5587	0.0	0.0	0.0	0.0	2.71895	0.0	4.35969	0.0	0.0	0.0	0.0	0.0	8.1449	0.0	4.75603	8.71938	0.0	0.0	0.0	0.0	23.8354	81.2112	0.0	38.5488	0.0	0.0	0.0	10.8524	1.63841	0.0	19.8746	44.297	0.0	0.444397	0.0	0.0	5.34216	51.816	41.6102	70.9247	0.0	0.0	71.4989	62.6752	0.0	19.7548	0.609306	3.82159	10.0342	0.0	0.0	4.89805	0.0	1.1984	20.6998	1.75193	0.0	14.7559	0.0	1.0196	0.0	0.0	0.0	0.0	0.0	0.0	0.0	3.533	0.0	0.0	0.0	0.0	0.0	13.6682	0.0	0.536293	1.07259	0.0	9.18214	0.0	0.0	21.7104	34.5031	0.0	0.0	0.0	0.0	0.0	0.0	0.0	0.0	0.0	0.0	0.0	0.0	0.0	126.31	133.178	150.513	122.919	98.0798	11.761	2.84115	0.0	0.0	0.0	0.0	12.5441	42.8661	6.44234	0.0	0.0	0.0	7.26236	42.989	5.8312	0.0	0.0	0.0	2.84514	0.0	0.0	2.62033	1.31699	0.0	0.0	0.938264	0.0	10.5086	60.148	10.5634	19.3209	3.59519	0.0	0.0	67.7384	8.6114	18.7305	5.09118	145.024
N18_1_2	0.0	0.0	0.0	0.0	0.207527	0.0	0.0369532	0.093541	0.0	0.0	0.0	0.0	0.0	0.0	0.014742	0.0	0.0	0.0778508	1.07965	1.17627	5.54298	1.0957	0.195175	5.87891	0.0	0.0	0.0	0.0	0.0	1.31976	0.0	1.31976	0.0	0.0	0.0	0.0329312	0.0515626	0.0	186.143	0.0631798	0.0	0.0	0.0	0.122648	0.0	0.0	0.0	0.0	0.0	0.610919	2.03242	0.0	0.475348	9.42021	0.0	0.0	2.59364	1.63144	0.0	0.0643335	0.0	0.0	3.78795	1.6811	0.0	6.6898	0.134684	0.0	1.7973	0.961496	0.0	0.0425075	0.359574	0.0354799	0.0	0.0	0.0	0.0919451	0.0	0.0	0.0	0.0	0.0	0.0	0.0	0.0	0.0	0.0278262	0.0106514	0.0	0.0	0.0	0.0	0.0	0.0	0.0894028	2.03412	0.0	0.0	0.0	0.0	0.0149005	0.0	0.0	0.0	0.0	0.0231343	0.0117436	0.0	0.0	0.0	0.0	0.0	0.0	0.0	0.0	0.0	0.0189309	0.0	0.0	7.49459	16.0902	0.0	0.0	0.961496	0.46391	0.0338813	0.0721742	0.0	0.0	0.727392	0.0	0.0	0.0	0.0	0.0877053	0.0844966	0.0	0.0	0.430058	0.11844	0.0	0.0360871	0.0	0.0523581	0.0366599	0.0	0.0229428	0.0	0.0	0.0	0.0333646	0.0320033	0.0	0.0	0.0	0.0	0.0	0.0	0.0	0.0	0.0	0.0996938	0.0	0.0	0.0	0.0	0.0242263	0.0346436	1.72301	0.0267518	0.0	0.0	0.0	0.0	0.0145155	0.0	0.0	0.0	0.0132227	0.0	0.0	0.0	0.0	0.143155	0.0	0.0	0.0	0.0	0.0	0.0	0.0	0.0	0.0858659	0.0	0.0	0.0	2.20039	0.0	0.0	0.429213	0.0	0.0	0.0	0.0	0.178167	0.0	0.0	0.0	0.00455537	0.0	0.158825	0.0290512	0.0	0.0	0.0	2.62141	0.0455837	0.0	0.0	0.0	0.0	0.0	0.0247013	0.0	0.0179967	0.10548	0.0	0.0330884	0.0	0.0	0.0	1.63707	0.0	1.35308	0.0	0.0
N18_1_3	0.0	0.0	0.0	0.0119921	0.0946619	0.0	0.0	0.024863	0.0	0.0	0.0	0.0	0.0	0.0	0.0	0.0	0.0	0.0	0.0882977	0.431714	1.67889	0.419722	0.036314	0.664106	0.0	0.0221313	0.0	0.212138	0.0	0.589324	0.0	0.589324	0.0	0.0809935	0.0	0.0735255	0.0767492	0.0	157.514	0.031347	0.0136418	0.0136418	0.0136418	0.00912785	0.0	0.0	0.0	0.0	0.0	0.321593	0.37815	0.0	0.0480666	0.618084	0.0191695	0.0247318	0.0	0.512001	0.0	0.0670308	0.0	0.0	0.828737	0.463125	0.0	0.60012	0.0222747	0.0	0.374789	0.169673	0.0	0.0	0.288192	0.0150888	0.0	0.0	0.0	0.0391021	0.0	0.0	0.0	0.0	0.0	0.0	0.0	0.0	0.0	0.0414184	0.0	0.0	0.0	0.0	0.00363909	0.0	0.0	0.0665366	0.371707	0.0	0.0	0.0	0.0	0.0	0.0	0.00740889	0.0	0.0	0.0	0.0	0.0	0.0226497	0.0	0.0	0.00710273	0.0	0.0	0.0	0.0	0.0	0.0	0.0	0.776763	2.7659	0.0	0.0	0.169673	0.356395	0.0	0.102546	0.0	0.0798586	0.00906254	0.0	0.0	0.0	0.0845342	0.0	0.0	0.0	0.0	0.142251	0.0	0.0	0.0134286	0.0	0.0389666	0.0	0.0	0.0	0.0	0.0289696	0.0	0.016554	0.0	0.0	0.0	0.0	0.0	0.0	0.0	0.0	0.0	0.0445493	0.0	0.0	0.0	0.0	0.015626	0.03606	0.103132	0.709371	0.0796384	0.040603	0.0	0.0	0.0	0.0360097	0.0	0.0	0.0	0.0442837	0.0	0.0	0.0	0.0	0.127849	0.0	0.0	0.0	0.0	0.0	0.0	0.0	0.0	0.0835671	0.0	0.0	0.0	0.568787	0.0	0.0	0.471546	0.0	0.0	0.0	0.0134637	0.0933096	0.0437927	0.0	0.0	0.00678052	0.0	0.0738766	0.0	0.0	0.0	0.0448399	0.747016	0.0	0.0	0.0534361	0.0	0.0	0.0	0.00919177	0.0	0.0	0.0735954	0.0	0.0147753	0.0	0.0	0.0	0.10296	0.0	0.173622	0.190344	0.0
N18_1_4	0.0	0.0	0.0	0.0	1.00268	0.0	0.0	0.400297	0.0	0.0	0.0	0.0	0.0	0.0	0.0	0.0	0.0	0.0	1.18876	22.6529	65.4287	18.342	0.0	19.5192	0.473193	0.0	0.0	2.67257	0.0	24.6066	0.0	24.1976	0.0	28.7656	0.0	0.35377	0.832214	0.0	208.215	0.0	0.0	0.0	0.0	0.0	0.0	0.0	0.0	0.0	0.0	7.11087	16.7952	0.0270588	2.00942	79.953	0.0	0.0	27.2121	61.4896	0.0	0.0	0.0	0.0	59.5666	125.45	0.0	23.8774	0.0463739	0.0	39.283	20.3551	0.0	0.0	46.5279	0.0	0.0	0.0	0.0	0.814071	0.0	0.0	0.0	0.118719	0.0157876	0.0	0.173458	0.0	0.0	0.0	0.0	0.0	0.0	0.0562439	0.0	0.176056	0.0765459	0.0	37.7644	0.0	0.0	0.550542	0.0	0.292438	0.0	0.0102684	0.0	0.0	0.0	0.0121306	0.175492	0.743997	0.0174562	0.0	0.148077	0.0	0.0	0.0	0.0	0.0	0.0	0.175306	73.6617	90.8096	0.0	0.0	20.3551	10.3259	0.0	1.04374	0.0	54.4062	2.0251	0.0	0.0	0.0	0.0	0.0	0.0	0.0	0.0550542	0.0	0.0	0.0	0.0	0.0	0.0	0.0	0.0	0.0	0.0	0.0	0.0	0.0	0.0	0.0	0.0	0.0	0.0	0.0	0.0	0.0	0.0	0.0	0.0	0.0	0.0	0.0	0.0	0.0	9.14312	2.76436	19.8408	0.0	0.0	0.0	0.0174704	2.03416	0.0	16.3327	0.0	0.0	0.0	0.0	0.0	0.0	0.0	0.0	0.0	0.0	27.7862	0.0	0.0	0.0157413	0.0	0.0	0.0166057	0.0619657	0.0	44.8942	0.0	0.0	8.50822	41.2136	46.2386	26.5919	0.0	0.817948	0.0	0.0	0.0	0.117637	0.0	0.35546	0.0	0.0	0.0	0.0	448.669	0.0	0.0	4.89497	3.35486	0.0	2.53249	0.0127576	0.0155814	0.0	1.19851	0.0	0.328116	0.0	0.0	0.0	9.53875	0.376686	30.8934	35.2568	0.0
N18_2_2	0.419229	0.0	0.0	0.0	0.894356	0.0	0.0257127	0.37193	0.0	0.0	0.0381118	0.0	0.0197184	0.0	0.0	0.0	0.0	0.0	4.83765	2.66844	10.315	2.66844	0.882744	4.01762	0.239065	0.0827663	0.0651505	0.213595	0.0817142	1.19381	0.0824126	1.01014	0.0	0.0336554	0.0	0.320798	0.242178	0.0	234.111	0.022795	0.255087	0.229578	0.229578	0.663219	0.0	0.0	0.0	0.0	0.0	0.870915	3.79263	0.0	1.20079	50.5229	0.0	0.0	15.9845	10.7638	0.0	0.331257	0.0	0.0	15.3376	10.6375	0.0	18.3286	1.10376	0.0	12.2522	4.34523	0.0	0.23662	2.77143	0.0070536	0.00965193	0.0	0.0	0.548376	0.138595	0.146465	0.0	0.0	0.0	0.0	0.0	0.0	0.0	0.0638561	0.0	0.142396	0.0	0.0	0.0612424	0.0	0.0	0.808707	12.9785	0.0109821	0.0	0.0	0.0	0.0	0.0	0.0	0.0	0.0	0.0160973	0.0	0.0	0.0	0.0	0.0	0.0531988	0.0	0.0305135	0.016596	0.0	0.026345	0.0938421	0.0	39.3041	11.1458	0.151449	0.0	4.34523	1.16624	0.0471505	0.3835	0.0938421	0.0853299	0.016946	0.0	0.132086	0.0	0.0	0.0	0.0	0.144997	0.0	0.398991	0.247238	0.448478	0.0	0.0464688	0.0242879	0.255087	0.0	0.0	0.0	0.0	0.0	0.092863	0.178148	0.214273	0.127882	0.205155	0.0388802	0.0	0.0	0.214273	0.058438	0.0	0.0	0.0	0.0	0.0	0.0	0.0	0.433902	22.5497	1.07964	0.493502	0.0	0.0	0.0	0.047134	0.0	0.0	0.0	0.165612	0.0	0.0	0.0	0.0	0.0	0.0	0.0	0.0	0.0	0.0	0.0	0.0	0.0	0.698583	0.0	0.104354	0.0	7.87745	0.0	0.0541701	3.10032	0.0	0.0	0.0	0.0	0.495889	0.163775	0.0	0.0	0.0190183	0.075527	0.524938	0.121287	0.0	0.0	0.0	10.8493	0.0	0.0	0.04996	0.150661	0.0	0.0	0.0524037	0.0	0.0	0.715602	0.0503513	0.119723	0.045698	0.0	0.0	8.82405	0.0	6.36325	0.19414	0.0
N18_2_3	0.0	0.0	0.0	0.0	0.976568	0.0	0.0	0.239073	0.0	0.0	0.0	0.10654	0.0	0.0	0.0	0.0	0.116049	0.428555	0.326553	1.06441	0.709608	0.93136	1.34301	0.0	0.0	0.163697	0.0	0.0	0.0	0.908129	0.0	0.363252	0.0	0.0	0.0	0.145024	0.177402	0.0	241.277	0.0	0.0	0.0	0.0	0.0168789	0.0	0.0	0.0	0.0	0.0462881	0.0820246	0.254276	0.0	0.0	0.718417	0.0708948	0.0	0.0	1.35253	0.0	0.0	0.0	0.0	0.550117	0.485715	0.0	0.328805	0.0390793	0.0	0.597453	0.491091	0.0	0.0	0.114196	0.0	0.0	0.0	0.049406	0.289224	0.0	0.820765	0.0	0.0	0.0	0.0	0.0	0.0	0.0	0.092129	0.0	0.0804671	0.0	0.074934	0.0	0.0	0.0	0.0	0.474893	0.0	0.0	0.0	0.0	0.0820246	0.0	0.0	0.0	0.0715152	0.0	0.0	0.0	0.0558439	0.0	0.119566	0.368262	0.0	0.0	0.0	0.0	0.234476	0.556809	0.0	0.899888	0.0	0.0	0.0	0.491091	0.0411894	0.0466276	0.180594	0.0928015	0.210959	0.0670324	0.0	0.0	0.0	0.0	0.0	0.0	0.0	0.0	0.0	0.0	0.0	0.0496633	0.091907	0.0	0.252258	0.0	0.0	0.0	0.0	0.0	0.122444	0.440432	0.63569	0.607025	0.40576	0.0	0.0	0.0	0.63569	0.34674	0.0	0.0	0.0	0.0	0.0	0.0	0.0	0.0	0.0	0.441792	0.0	0.0	0.0	0.0	0.239716	0.0	0.0	0.0963167	0.272959	0.0	0.0	0.0	0.0	0.0	0.0	0.0	0.0	0.0	0.0	0.0	0.0	0.0	0.999894	1.19468	2.10521	0.0	1.0171	0.0	0.107139	0.0	0.0	0.0	0.0	0.049793	0.435902	0.0	0.0	0.0	0.0125383	0.0	0.418936	0.0	0.0	0.0	0.0	0.831494	0.0	0.0	0.0	0.0	0.0	0.0	0.0682315	0.0	0.148603	0.508068	0.049793	0.0910731	0.0	0.0	0.0	0.412511	0.0	0.385267	0.0	0.841355
N18_2_4	0.0	0.0	1.37217	0.0	60.4449	0.0	0.0	13.1543	0.0	0.0	6.50722	0.0	0.0	0.0	0.0	1.24968	1.43117	15.8555	49.5348	57.43	18.0494	57.43	89.4383	3.56348	19.4372	18.1692	0.0	0.0	63.7802	0.0	64.3254	0.0	8.79214	0.0	0.0	7.60119	5.90709	0.0	174.996	2.22402	2.48878	2.48878	2.48878	0.0	0.0	3.91983	0.0	0.0	0.0	0.0	0.0	0.0	0.263076	23.3579	0.0	0.0	2.5154	76.7285	0.0	0.0	0.0	0.0	20.0299	11.6649	5.55566	19.2612	15.747	0.0	18.2729	25.2349	0.0	0.0	2.3472	0.0	0.0	0.0	6.093	20.5094	5.31229	40.4883	0.0	0.557321	0.0	0.0	0.991316	0.0	0.0	0.0	0.0	15.3816	0.0	2.77237	0.165977	1.00616	0.0	0.0	15.4122	0.0	0.0	9.04576	0.781361	0.505784	0.0	3.04125	0.0	0.0	0.0	0.0	1.00294	5.50957	0.0	1.47454	3.56839	0.0	0.0	0.809603	1.05466	11.5667	25.7507	1.00187	56.3431	0.0	0.0	0.0	24.8985	0.507969	0.0	14.6994	13.1615	0.520331	0.418487	0.0	0.0	0.0	0.0	0.0	0.0	0.0	0.0	0.0	0.0	0.0	7.96215	1.13344	0.0	11.8217	19.5991	0.0	2.84733	0.0	0.0	9.8153	32.0466	75.7833	45.5407	33.3602	10.4318	0.0	0.0	70.5569	8.55235	0.0	2.82002	0.0	0.0	0.0	0.0	0.0	0.0	4.97756	13.621	0.0	1.24703	1.24703	0.0	13.3033	0.0	0.0	10.6904	12.5674	0.0	0.0	0.0	0.0	0.0	0.0	0.0	0.0	0.0	0.0	0.0	0.0	0.0	56.7235	80.7612	90.6142	45.7313	56.4455	0.965211	0.0	0.0	0.0	0.0	0.0	6.75479	20.8311	4.49407	0.0	0.0	0.463885	4.29851	16.8474	4.43754	0.0	0.0	0.0	9.59283	0.0	1.35556	2.4372	1.22495	0.0	1.2061	0.0	0.0	6.10882	28.6435	4.29851	8.98528	0.0	0.0	0.0	14.8706	2.18442	7.91884	3.94613	38.0454
N19_1_2	1.02327	0.0	0.0	0.0182443	1.45531	0.0	0.0836804	0.658166	0.0	0.0	0.0310081	0.0	0.00534768	0.0	0.0	0.0	0.0	0.0	8.53014	4.83473	25.7244	4.68878	0.773455	20.6824	1.1022	0.471376	0.0	0.496522	0.0	2.98859	0.0	2.98859	0.0	0.0	0.0	0.387778	0.306504	0.0	344.064	0.0715353	0.0415082	0.0415082	0.0415082	0.978026	0.0	0.0	0.0	0.0	0.0	2.49692	9.20485	0.0296599	1.62341	74.8503	0.0	0.0	18.375	14.3436	0.0	0.91052	0.0187232	0.0668611	28.7292	13.6605	0.0	35.4041	1.57579	0.0	19.0916	7.82259	0.0	0.818194	2.72462	0.0114777	0.0	0.0	0.142268	0.907199	0.257743	0.0397217	0.0	0.0	0.0	0.0	0.0	0.0	0.0	0.0945186	0.0	0.0331014	0.0	0.107889	0.0110727	0.0	0.0	0.556745	18.7027	0.00893513	0.0	0.0	0.0	1.1641	0.0	0.0225432	0.0	0.0	0.0	0.0	0.0	0.0574308	0.0	0.0	0.0541037	0.0	0.0496522	0.0	0.0	0.0643036	0.0763508	0.0	59.685	52.1589	0.0	0.0	7.82259	5.04929	0.172629	0.668611	0.0190877	0.0	0.689371	0.147325	4.3703	0.0	0.128607	0.297913	0.0	0.0	0.0	1.67722	0.938723	5.89898	0.163438	0.0	0.138326	0.186787	0.0	0.0	0.0	0.0440733	0.0	0.0629618	0.362358	0.0	0.0832365	0.0	0.0	0.0	0.0	0.0	0.0	0.0	0.0	0.0	0.0	0.0	0.0	0.0	0.372639	34.4933	0.454346	0.216202	0.0	0.0	0.0	0.482097	0.0	0.0	0.0	0.179657	0.0	0.0	0.0	0.0	0.0	0.0	0.0	0.0	0.0	0.0	0.0	0.0	0.0	1.28632	0.0364039	0.203767	0.0	17.1165	0.0	0.0	4.92918	0.0	0.0	0.0	0.0204831	0.81439	0.333123	0.0	0.0	0.0773673	0.225314	0.749288	0.263146	0.0	0.0232102	0.0	17.6872	0.103224	0.0452164	0.243887	0.163438	0.0	0.080462	0.0277701	0.0	0.12226	0.940509	0.102416	0.277236	0.0371803	0.0	0.0	13.2361	0.0	8.29408	0.131628	0.0
N19_1_3	0.0	0.0	2.18161	0.0258809	58.031	0.0	0.0593535	12.1805	0.642298	2.65348	6.5981	4.60073	0.00379304	0.0	0.0355174	0.248358	3.04744	12.1291	93.8896	71.9748	24.1469	65.9445	78.5285	1.51756	71.2794	0.0	0.0	0.0352177	105.535	0.847908	77.1406	0.847908	13.937	0.155376	0.0	5.0143	2.91937	0.0	248.386	2.18366	14.4556	14.4556	14.3673	0.111161	0.0	10.2941	0.0	0.0	0.0	0.622255	1.26126	0.0	0.522829	9.33751	0.0827419	0.0	0.595122	8.08218	0.0	0.0826651	0.0	0.0	7.93385	3.16261	0.175257	29.4049	12.3066	0.0	10.5431	2.08565	0.0	0.273099	1.1773	0.0244231	0.0	0.0	10.235	19.7259	3.56487	29.6674	0.0	0.0	0.0	0.0	0.0	0.0	0.0	0.267519	0.0342161	0.0234785	0.0	5.09432	0.0	0.0	0.0	0.0	6.72395	0.0	0.0	0.0	0.0	1.6753	0.0	0.911409	0.0	0.013911	0.0557368	0.0	0.0	2.50927	0.0	0.0	1.18195	0.0	5.07135	7.18295	8.15945	6.15732	24.8299	0.0	15.1683	5.69165	6.93364	0.0	2.08565	2.7161	0.0544195	11.7084	1.65172	0.0492424	0.156468	0.0	0.0	0.0	0.0	0.0	0.0	0.0	0.0	0.460502	0.190236	0.0	12.7228	2.27939	0.420483	8.65572	0.0	0.0	0.0	0.0208404	5.48528	13.326	0.0771048	0.0	8.76724	0.0	3.9938	0.0	0.0	0.0	0.0	0.0	0.0	0.0	0.0	0.0	0.0	0.0	0.027822	0.824355	0.386715	0.0	0.247831	0.259632	0.0	0.077715	0.0	0.0	12.8993	21.1532	0.0	0.0	0.0	0.0	0.0459867	0.0	0.0	0.0	0.0	0.0	0.0	0.0	0.0	85.4657	77.5142	82.0206	75.6603	49.5737	0.0	0.0	0.984849	0.0	0.0	0.0	9.73406	18.1134	3.61508	0.0	0.0	0.0146335	6.30535	15.9651	3.05633	0.0106394	0.0	0.0	0.516526	43.7098	73.0587	67.0034	49.9057	69.1982	21.4586	0.0393939	0.0	6.41712	24.3224	2.93475	8.12072	4.48316	0.0	0.0	2.42574	6.16735	16.562	6.12457	52.0435
N19_1_4	0.0	0.0	6.95918	0.0	158.127	0.0	0.0	34.3051	2.04431	8.60853	14.1807	8.52485	0.0	0.0	0.0	0.482774	8.45872	31.4116	251.499	178.79	58.8383	162.835	195.973	2.29439	165.774	0.0	0.0	0.0737245	253.009	3.43907	187.072	3.77188	31.8972	2.66309	0.0	15.0256	7.89928	0.0	206.691	3.02915	39.7219	39.7527	39.4445	0.172319	0.0	24.9471	0.094703	0.0	0.0	0.0751514	0.621251	0.0440396	1.31599	24.6533	0.0	0.0	3.11456	51.8976	0.0	0.0	0.0	0.0	30.6412	16.2079	0.18344	89.3718	33.5868	0.0	38.6676	14.8147	0.0	0.0	4.48733	0.298242	0.0	0.0	24.0212	57.3811	7.46267	75.4349	0.0	0.0	1.5674	0.0	0.0	0.0	0.0	0.046781	0.0	0.0	0.0	15.4474	0.0	0.0	0.0	0.0	20.0757	0.013267	0.0	0.0	0.0	23.4222	0.0	3.81588	0.0	0.0	0.0194465	0.0	0.0	5.30406	0.0	0.0	3.69538	0.0	15.4821	18.7458	23.1663	18.4593	69.4657	0.0	53.8028	10.147	14.7588	0.0650752	14.8314	7.06959	0.0569607	32.1546	5.18654	9.48371	1.94482	0.0	0.372325	0.0	0.0	0.0	0.0	0.0	0.0	0.0	0.0	0.451491	31.0019	5.75406	0.880237	25.2692	0.0	0.0	0.0	0.0	11.1516	32.3091	0.0	0.0	25.3362	0.0	9.67574	0.0	0.0	0.0	0.0	0.0	0.0	0.0	0.0	1.07825	0.0	0.0	1.31045	0.0	2.06884	0.0	0.48175	0.494102	2.11359	12.1935	0.0	6.77005	34.5924	52.8182	0.0	0.0	0.0	0.0	0.0	0.0	0.0	0.0	6.10973	0.0	0.0	0.955772	0.0	206.73	178.024	186.728	179.985	133.484	0.0	0.0	0.412335	6.41653	11.0685	6.14103	22.9624	50.7429	8.06242	0.0	0.0	0.283362	15.4806	43.4231	6.54463	0.0111362	0.0	0.0	10.3378	103.917	183.556	179.676	127.405	187.719	57.5255	0.0618503	0.929848	15.4909	68.4943	7.0864	22.0397	7.94966	0.296076	0.0	19.3043	60.5504	80.7156	47.7274	111.517
N19_2_2	0.244445	0.0	0.00656035	0.0	0.755062	0.0	0.074963	0.412043	0.0	0.0	0.0	0.0	0.00191623	0.0	0.0	0.0	0.0	0.0	3.77382	1.34672	4.17091	1.28134	0.712676	2.64074	0.0464647	0.0965189	0.037988	0.0533755	0.047646	1.33862	0.0480532	1.17799	0.0	0.0	0.0	0.192395	0.209199	0.00598109	189.88	0.0265826	0.0	0.0	0.0	0.555185	0.0	0.0	0.0	0.037988	0.0	0.628722	2.73615	0.0318841	0.859475	35.3892	0.0	0.0134826	10.4026	9.05936	0.0	0.537687	0.0	0.0319445	9.52998	6.80545	0.0442695	12.238	1.08073	0.0	7.36948	3.05643	0.0	0.655351	1.79552	0.0	0.0112557	0.0794661	0.145653	0.570216	0.15008	0.0142335	0.0	0.0	0.0	0.0	0.0	0.0	0.00430162	0.0186166	0.0	0.0	0.0308913	0.0220913	0.0158708	0.0	0.0	0.326452	9.0044	0.0	0.0	0.0	0.0	0.0	0.0	0.00806632	0.0	0.0	0.0	0.0	0.0	0.00823166	0.0	0.0	0.0155096	0.114739	0.0	0.0193536	0.0	0.0	0.0	0.0	29.2335	6.10146	0.0	0.0	3.06447	1.22645	0.0412388	0.378009	0.0410381	0.0	0.0592853	0.0	0.128361	0.0	0.0	0.0	0.0	0.338179	0.0	1.20199	0.576638	0.0871663	0.102488	0.0135475	0.113294	0.193357	0.0	0.0	0.0	0.021057	0.0	0.0360977	0.285656	0.0	0.178957	0.0	0.0	0.195313	0.0	0.0	0.0	0.012143	0.0134826	0.0	0.0	0.0	0.0	0.0	0.112444	7.07984	0.434149	0.486964	0.0	0.0	0.0	0.0745965	0.0	0.0	0.0141975	0.139483	0.0	0.0	0.0	0.0	0.0	0.0	0.0	0.0	0.0	0.0	0.0	0.0	0.0	0.696748	0.0130446	0.109524	0.0	5.13837	0.0	0.0	0.829237	0.0	0.0233287	0.0235239	0.0293589	0.540804	0.226799	0.0	0.0	0.0221784	0.102756	0.451067	0.200373	0.0	0.0	0.0	6.95859	0.0369883	0.0	0.116523	0.11713	0.0	0.0	0.0199017	0.0	0.116825	0.599133	0.0440383	0.198684	0.0	0.0	0.0	6.98802	0.0174063	4.0321	0.0	0.0
N19_2_3	0.698376	0.0	0.103086	0.0	3.61603	0.0	0.0642506	1.32435	0.0	0.0381083	0.317443	0.134603	0.0218986	0.0	0.0	0.0	0.0977443	0.541437	2.87422	54.7998	167.78	46.5256	2.77137	102.521	0.796495	0.758322	0.0	2.59239	1.49736	39.6212	1.30423	44.9754	0.225177	7.31649	0.0	0.855045	0.425847	0.0	151.514	0.0189866	0.191222	0.191222	0.191222	0.210201	0.0	0.0669277	0.0	0.0	0.0	12.2974	33.678	0.0151821	1.77575	19.8033	0.0	0.0	9.01913	73.5464	0.0	0.693512	0.0191678	0.0684488	29.5107	26.9684	0.0	32.4368	0.902006	0.0	15.4487	4.53844	0.0	0.394175	15.3733	0.0	0.0	0.0	0.228872	1.53014	0.593691	1.28094	0.0	0.0	0.00590538	0.0	0.0	0.0	0.0	0.115836	0.0	0.186381	0.0	0.441801	0.0	0.0	0.0	0.31089	13.5259	0.0182946	0.0	0.0	0.0	0.362705	0.0	0.0345681	0.0201539	0.0200783	0.0134079	0.0	0.0	0.352767	0.0	0.276942	0.0664661	0.163904	0.152493	0.248819	0.162067	0.219435	1.56327	0.0	27.2715	126.464	0.210244	0.0	4.52695	12.5067	0.039273	1.407	1.01613	5.38383	4.19209	0.0	6.38105	0.0	0.0	0.101662	0.0	0.362315	0.0617794	1.27393	1.57881	54.3515	0.250979	0.154821	0.16184	0.424938	0.501957	0.0	0.0	0.0601597	0.0761263	0.489872	1.18708	1.24932	0.681704	0.455678	0.0971531	0.0199288	0.0	1.24932	0.292048	0.0	0.0192598	0.0	0.0	0.0	0.0	0.0	1.80705	37.7345	3.78309	0.569149	0.0	0.0	0.0457439	1.53111	0.0	0.0	0.73012	1.06522	0.0	0.0	0.0	0.0	0.0	0.0	0.0	0.133855	0.196846	0.0	0.0	0.00588375	0.0	3.45293	1.67707	3.30292	1.72896	18.2627	0.0	0.0	7.5338	0.136124	0.0	0.168019	0.104848	1.78984	0.63091	0.0	0.0	0.348499	0.293573	1.66456	0.740835	0.0	0.0	0.0	14.5377	1.47945	0.69435	1.29	0.878426	0.566311	0.0823725	0.0698376	0.00582824	0.229466	2.23135	0.209695	0.836116	0.0761263	0.0	0.0590538	8.98011	0.621619	4.92155	3.04543	3.0708
N19_2_4	0.0	0.0	3.57419	0.0	85.5658	0.345954	0.286604	24.1485	0.0	0.318732	3.39846	4.5032	0.0	0.0	0.0	0.799506	1.19903	24.7558	55.3945	75.2335	26.3692	76.6082	88.5545	2.03554	30.2	30.444	0.0	0.0	99.7345	0.511792	92.3195	1.53538	40.1781	2.53217	0.0	8.17311	4.59899	0.0	176.953	1.52449	8.38771	7.81905	7.81905	0.224221	0.0	13.8824	0.0	0.0	0.0	0.231132	0.0	0.0	0.12022	30.9179	0.0	0.0	3.16107	79.2734	0.0	0.0498962	0.0	0.0	21.7758	14.7672	0.0	31.7333	13.4636	0.0	22.9633	16.452	0.0	0.0	5.25583	0.157475	0.0	0.0949438	9.88449	26.2833	5.40692	44.8952	0.0	0.127342	0.0	0.0	0.0	0.0	0.0	0.0	0.0	24.715	0.0	4.8565	0.0	0.0	0.0	0.0	16.3398	0.0	0.0	0.0	2.32092	3.23585	0.0	1.46699	0.0	0.0	0.0897132	0.0	0.0	3.22587	0.0	2.35842	3.85433	0.0	0.510173	0.462463	0.602446	8.29565	40.0095	0.0	32.9646	2.34616	7.5965	0.0	16.2214	2.90163	0.0	14.1979	26.673	1.66446	0.188887	0.0	0.0	0.0	0.440477	2.72092	0.0	0.0	0.0	0.370608	0.0	0.0	9.79603	2.58979	0.270721	17.2019	31.9071	0.0	1.69152	0.6038	0.0	15.44	56.4686	109.865	47.7515	33.1576	3.03361	0.0	0.0	103.297	15.3072	0.0	0.257737	0.0	0.0	0.156671	0.0	0.0	0.403037	1.42165	8.50682	0.0	0.79781	0.740824	0.0874503	12.2337	0.0	0.918602	14.5202	14.5114	0.0	0.0	0.0	0.0	0.0	0.0	0.0	0.0	0.526845	0.0	0.0	0.0393975	0.0	80.1207	78.0513	91.6574	58.9628	65.2024	0.882159	0.0	0.0	0.910817	1.56086	2.69815	8.1379	29.8375	5.24832	0.502226	0.0	1.20125	6.17358	28.1779	4.84433	0.0	0.0	0.0	3.17441	1.41416	3.71676	5.29029	2.51898	1.03343	2.48023	0.0	0.0779945	9.35184	40.1886	6.73481	12.6775	2.29215	0.0	0.0	21.3701	5.65665	17.3699	3.42626	54.5285
N20_1_2	0.0	0.0	0.0	0.0	0.0412862	0.0	0.0	0.0	0.0	0.0	0.0	0.0	0.00208059	0.0	0.0	0.0	0.0247645	0.0	0.125434	0.0	0.0	0.0	0.0	0.0	0.0504501	0.0	0.0	0.0	0.0	0.116275	0.0	0.116275	0.0	0.0	0.0	0.0754353	0.0511071	0.0	144.526	0.0	0.0	0.0	0.0	0.0671498	0.0	0.0	0.0	0.0	0.0148167	0.0	0.0813928	0.0	0.0341413	4.34838	0.0	0.0	1.53428	1.03906	0.0	0.0	0.0	0.0	0.654049	0.744646	0.0	1.36824	0.0395537	0.0	0.619626	0.558921	0.0	0.0	0.194953	0.0	0.0	0.0	0.0	0.0	0.0	0.0	0.0	0.0	0.0	0.0	0.0	0.0	0.0	0.0606403	0.0	0.0	0.0	0.0	0.0	0.0	0.0	0.0	0.832063	0.0	0.0	0.0	0.0	0.0	0.0	0.0	0.0	0.0	0.0	0.0	0.0	0.0	0.0297779	0.0	0.0	0.0	0.0	0.0	0.0	0.0	0.0	0.0	3.09101	0.368044	0.0	0.0	0.558921	0.0	0.0	0.115615	0.0	0.0	0.0214568	0.0	0.0	0.0	0.0	0.0	0.0	0.0	0.0	0.0	0.0	0.0	0.0	0.0	0.0461294	0.0	0.0	0.0	0.0	0.0114316	0.0	0.0	0.0	0.0	0.0	0.0	0.0	0.0	0.0	0.0	0.0	0.0	0.0	0.0	0.0	0.0	0.0	0.0	0.0	0.322987	0.0	0.0	0.0	0.0	0.0	0.00852578	0.0	0.0	0.0	0.0465989	0.0	0.0	0.0	0.0	0.0	0.0	0.0	0.0	0.0	0.0	0.0	0.0	0.0	0.0	0.0	0.0	0.0	0.584548	0.0	0.0	0.0	0.0	0.0	0.0	0.0	0.0639515	0.0907245	0.0	0.0	0.0361211	0.0	0.0291521	0.0	0.0	0.0	0.0707763	0.798474	0.0	0.0	0.0	0.0	0.0	0.0	0.0324131	0.0	0.0	0.0290412	0.0	0.0	0.0	0.0	0.0	0.741473	0.0	0.616612	0.0	0.0
N20_1_3	1.44305	0.0	0.0	0.0257288	1.81183	0.0	0.221267	0.784144	0.0	0.0131238	0.0	0.0	0.00754149	0.0	0.0	0.0	0.0673227	0.0621538	1.38292	9.15944	40.8959	8.19461	0.934933	23.0068	0.594313	0.332376	0.0373763	0.490149	0.0	5.7951	0.0	5.7951	0.0	0.0	0.0	0.609958	0.442535	0.0	254.02	0.168136	0.0292682	0.0292682	0.0292682	0.0524562	0.0	0.0	0.0	0.0	0.0	4.80602	12.3172	0.135939	0.779634	3.84566	0.0	0.0	0.532462	4.06442	0.0	1.11969	0.0132021	0.0628601	21.2529	2.2542	0.0	17.2865	0.119475	0.0	6.86262	1.40864	0.0	1.18779	0.640395	0.0161864	0.0	0.0	0.114646	1.12207	0.533859	0.0560171	0.0	0.0	0.0	0.0	0.0	0.0	0.0	0.244372	0.0	0.0233404	0.0	0.0	0.0156152	0.0	0.00591624	0.463948	4.70519	0.00630033	0.0135914	0.0	0.0	0.0356883	0.0	0.0	0.00694063	0.0207438	0.00923487	0.0	0.0	0.0890901	0.0	0.0	0.0	0.0	0.0	0.0	0.0	0.0	0.0269182	0.0	5.91318	69.0828	0.0	0.0	1.42447	9.56994	0.202874	1.04767	0.161509	0.0	0.0388871	0.0	0.0	0.0	0.0	0.0	0.0	0.0	0.0	2.86122	1.56022	0.0	0.15846	0.0	0.236873	0.39512	0.115243	0.0549505	0.0133939	0.0517948	0.0	0.266373	0.357707	0.122926	0.469533	0.0	0.0	0.0	0.0	0.122926	0.0	0.0	0.0	0.0	0.0	0.0	0.0	0.116049	1.29995	31.8145	0.619378	0.0871132	0.0	0.0	0.0	0.108161	0.0	0.0	0.0977823	0.464493	0.0	0.0	0.0	0.0	0.0	0.0	0.0	0.0	0.0	0.0282229	0.0	0.0	0.0	1.45016	0.154014	0.263414	0.0	9.6486	0.0151346	0.0	4.12837	0.0	0.0	0.0	0.014443	1.35395	0.634206	0.0	0.0	0.0509162	0.158873	1.28386	0.47547	0.0	0.0	0.0	6.90877	0.0	0.0	0.114646	0.144054	0.0	0.0	0.0195812	0.0	0.244256	1.34739	0.231089	0.364552	0.0	0.0	0.0203371	1.40823	0.0	0.223502	0.0185627	0.0
N20_1_4	0.119687	0.0	0.0706669	0.0	0.686204	0.0	0.0	0.222984	0.0259392	0.0522476	0.0435225	0.0	0.0	0.0	0.0	0.0117016	0.0223351	0.433024	11.7654	76.5533	269.544	54.1981	0.581577	121.373	7.28012	0.0472583	0.0	6.91683	0.0933151	78.9659	0.0	78.0221	0.205816	0.0	0.0	0.162237	0.0819437	0.0	178.75	0.0260312	0.364126	0.393257	0.378691	0.00556894	0.0	0.0917599	0.0	0.0	0.0267262	33.7676	72.16	0.0520377	6.91175	14.3296	0.0	0.0	0.0	23.1703	0.0	0.0	0.0	0.0	139.031	29.1442	0.0	37.9459	0.0237823	0.0	47.3564	3.42623	0.0	0.0675533	3.1539	0.0040275	0.0	0.0	0.128369	0.245273	0.0452205	0.181197	0.0	0.0	0.00809646	0.0	0.0	0.0	0.0252937	0.0221108	0.00423181	0.0	0.0	0.0540824	0.0233123	0.0	0.0	0.0	43.3809	0.0188118	0.0	0.635261	0.018291	0.0473599	0.0	0.0394949	0.0	0.0	0.0183826	0.0	0.0	0.0886698	0.0	0.0	0.0151878	0.0	0.0348455	0.151617	0.111099	0.0601704	0.21433	0.0	25.4396	200.273	0.0	0.0	3.42623	82.0607	0.0	0.234613	0.0401868	0.0609026	0.00967591	0.0	0.0502794	0.0	0.0902556	0.0	0.0	0.0	0.0423507	0.0	0.0	0.0	0.1147	0.0	0.0	0.101955	0.0	0.0	0.0	0.0	0.0	0.079535	0.02543	0.0	0.102226	0.0	0.0443999	0.0	0.0	0.0	0.0	0.0	0.0	0.0382333	0.0	0.0321026	0.0	0.0	0.151404	112.996	8.29027	0.0	0.0116768	0.0116768	0.0358379	0.00768937	0.152933	0.0	0.0	0.231151	0.0	0.0	0.0	0.0	0.0	0.0	0.0	0.0	0.0	0.182583	0.0	0.0	0.00428118	0.53009	0.344898	0.202587	0.382333	62.3166	0.0301264	0.0	21.4215	0.0	0.0	0.0230359	0.0574996	0.267414	0.0701349	0.0	0.0	0.0180986	0.0287498	0.210338	0.0346264	0.0	0.0	0.0	41.9927	0.0	0.222128	0.0285264	0.028675	0.0	0.0282338	0.0196278	0.0079907	0.0715012	0.33526	0.0718746	0.115686	0.0	0.0119948	0.0	7.22781	0.0681807	0.203911	0.147801	0.728681
N20_2_2	0.0	0.0	0.0326792	0.0	0.764417	0.0	0.0	0.283572	0.0	0.0	0.0	0.0782293	0.0	0.0	0.0	0.0	0.0142019	0.0	2.34983	0.830413	2.27956	0.944391	0.197226	0.477376	0.115728	0.0	0.0	0.0	0.178005	0.133362	0.0598421	0.133362	0.0	0.0122191	0.0351835	0.259562	0.182365	0.00744843	177.957	0.0165521	0.0740902	0.0740902	0.0740902	0.339055	0.0	0.0	0.0	0.0946151	0.0	0.210798	0.233384	0.0	0.616092	26.0159	0.026028	0.0	7.56314	6.09778	0.0	0.182027	0.0	0.0	5.95322	4.80533	0.0	8.38975	0.620005	0.0	4.9309	2.10346	0.0	0.0	0.950306	0.0	0.0	0.0	0.054416	0.391554	0.244406	0.0709015	0.0	0.0	0.0	0.0	0.00737779	0.0	0.0	0.0231838	0.0	0.0	0.0	0.0	0.0	0.0	0.0	0.0451711	6.75376	0.0	0.0	0.0	0.0	0.0752852	0.0	0.0	0.0	0.0087519	0.0	0.0	0.00746431	0.0	0.0	0.0219483	0.0289718	0.428665	0.0	0.0361524	0.0156985	0.0	0.340707	0.0	20.3946	3.15869	0.0	0.0	2.11348	0.559517	0.0684745	0.417704	0.0681413	0.0	1.70678	0.0	0.0	0.0	0.0	0.0	0.0	0.0	0.0	0.482864	0.119684	0.0	0.0911656	0.0	0.0176361	0.0370451	0.0	0.0	0.0	0.0524458	0.0	0.0337152	0.0323396	0.0	0.0371433	0.0	0.0	0.0	0.0	0.0	0.0	0.0	0.0	0.0	0.0	0.00510315	0.0	0.0	0.0	2.2968	0.162197	0.11026	0.0	0.0	0.0	0.0195573	0.0	0.0	0.0	0.24051	0.0	0.0	0.0	0.0	0.0	0.0	0.0	0.0	0.0	0.0	0.0	0.0	0.0	0.774239	0.276162	0.878979	0.0972433	3.59836	0.0	0.0	0.247841	0.0	0.0581039	0.0	0.0365615	0.493441	0.208113	0.0	0.0	0.00920647	0.0	0.394546	0.278887	0.0	0.0207146	0.0	4.74646	0.0	0.0	0.0	0.0	0.0	0.0	0.0124804	0.0	0.0727431	0.479647	0.0548422	0.173868	0.0	0.0	0.0	4.76476	0.0216765	3.22966	0.0	0.0
N20_2_3	0.0	0.0	0.0	0.0	0.481429	0.0	0.0	0.0436818	0.0	0.0	0.0	0.126531	0.0	0.0	0.0481894	0.0	0.0	0.254484	1.00835	0.632066	0.263361	0.632066	0.797501	0.0	0.374364	0.0	0.0	0.0	0.191941	0.0	0.580745	0.0	0.0	0.0	0.0	0.043059	0.0	0.0	203.483	0.0535438	0.0	0.0	0.0	0.00859111	0.0	0.0	0.0	0.0	0.0	0.0	0.0	0.0	0.00844483	0.0	0.0	0.0	0.0	0.0	0.0	0.0	0.0	0.0	0.0622226	0.0607213	0.0	0.781001	0.097836	0.0	0.0851468	0.0	0.0	0.0	0.0	0.0	0.0	0.0	0.0	0.171746	0.232536	0.344036	0.0596027	0.0	0.0	0.0	0.0	0.0	0.0	0.0	0.0	0.0	0.0	0.0	0.0	0.0	0.0	0.0	0.0296842	0.0	0.0	0.0	0.0	0.0487076	0.0	0.0	0.0	0.0	0.0	0.0	0.0	0.0	0.0	0.0	0.0312401	0.0	0.0	0.0	0.0	0.0618826	0.661286	0.0	0.123316	0.0	0.0	0.0	0.0	0.0	0.0	0.0857918	0.165321	0.0	0.241805	0.0	0.0	0.0	0.0	0.0	0.0	0.0	0.0	0.0	0.0	0.0	0.0589819	0.054576	0.0570505	0.0599181	0.0	0.0	0.0	0.0	0.0	0.145419	0.0	0.0	0.060077	0.0	0.0	0.0	0.0	0.0	0.0	0.0	0.0	0.0	0.0	0.0	0.0	0.0	0.0	0.0	0.0	0.0	0.0	0.0	0.0	0.0	0.0	0.0	0.285973	0.38901	0.0	0.0	0.0	0.0	0.0	0.168394	0.0	0.0	0.111025	0.0	0.0	0.0	0.0	1.07955	0.7357	1.32365	0.0	0.713788	0.0	0.0	0.0	0.0	0.0	0.0	0.236543	0.194135	0.33661	0.0	0.0	0.0	0.295679	0.0865293	0.284894	0.0	0.0	0.0	0.0	0.0	0.0	0.0	0.0	0.0	0.0	0.607756	0.0	0.235315	0.2155	0.0	0.0216323	0.0	0.0	0.0	0.452227	0.140242	0.0	0.0	0.0
N20_2_4	0.0	0.0	13.1986	0.305875	209.933	0.0	0.526104	45.977	0.0	0.0780107	5.97846	10.287	0.0	0.0	0.0	1.81704	4.53538	28.8175	124.995	152.784	36.8579	150.643	175.522	0.0	75.546	0.0	0.0	0.0	194.503	1.25263	153.447	1.25263	18.4382	1.1477	0.0	17.441	8.31979	0.0	180.111	3.10936	0.0	0.0	0.0	0.706772	0.0	8.7684	0.0	0.0	0.0	0.0	0.0	0.0	0.245201	26.8007	0.0	0.0	0.0	11.5668	0.0	0.0	0.0	0.0	19.4218	5.28925	1.55346	67.7473	32.2423	0.0	26.948	13.5477	0.0	0.0	2.49401	0.0	0.0	0.0	19.0815	59.7789	12.1533	121.537	0.0	0.0	0.0	0.0	0.0	0.0	0.0	0.317696	0.0	0.0	0.0	6.46002	0.0	0.0	0.0	0.0	13.8766	0.0	0.0	0.0	0.0	3.39422	0.0	0.0944871	0.0	0.0	0.0	0.111463	0.0	2.21457	0.0	11.5446	9.25218	0.0	0.0	0.0	0.0	25.6045	89.7641	0.0	35.2089	0.273443	0.0	0.0	13.4537	2.27259	0.0	27.0899	76.1635	0.0	0.462306	0.0	0.0	0.0	0.0	0.0	0.0	0.0	0.0	0.0	0.0	0.0	20.5509	9.9833	1.3252	13.2222	0.0	0.0	11.7832	0.0	0.0	37.5789	0.0	0.0	13.6061	0.0	9.81142	0.0	0.0	0.0	0.0	0.0	0.0	0.0	0.525054	0.0	0.0	0.0	0.493223	0.0	1.77738	0.0	1.81319	1.81319	0.0	0.0	0.0	0.0	60.2828	55.4719	0.0	0.0	0.507823	0.509791	0.0	0.244472	0.0	0.0	0.644736	0.0	1.00786	0.0	0.0	183.434	165.094	218.214	151.164	154.643	2.06915	1.10837	0.0	0.0	0.0	0.0	21.9782	67.9551	9.2152	0.614608	0.0	0.0	16.312	65.0093	8.54782	0.0	0.0	0.0	1.57239	0.0	0.0	3.06667	0.342516	0.0	0.337246	0.11437	0.0	22.3765	80.2797	20.6046	26.7575	1.24669	0.0	0.0	115.332	14.4557	37.1993	8.38589	162.473
N21_1_2	1.36063	0.0	0.0162295	0.0	25.7949	0.0149235	0.185449	6.14959	0.0	0.0082495	0.962062	1.32093	0.161177	0.0	0.0147965	0.169978	0.73352	2.96927	1.59569	14.6203	23.3374	14.0866	6.0728	6.63823	0.229895	0.0895408	0.0	0.286096	4.89161	1.2584	5.70612	1.2584	0.0649938	0.0485468	0.0	2.45914	1.56553	0.0	208.024	0.126827	0.0735908	0.0735908	0.0735908	0.328856	0.0	0.0	0.0	0.0	0.793334	4.11278	12.5642	0.0262924	1.1798	16.1474	0.0	0.0333541	2.64041	8.94692	0.0	1.06543	0.0165975	0.0395133	13.517	2.53563	0.0	30.0955	1.68226	0.0	7.16349	3.27321	0.0	0.469311	0.791211	0.0	0.0	0.0	2.91866	9.53831	1.35659	15.4756	0.0366017	0.0	0.0	0.0	0.0	0.0	0.0106498	0.0460552	0.0	0.0733579	0.0	1.88546	0.0883401	0.0	0.0223134	0.314067	5.80591	0.0	0.0	0.0	0.0	0.4038	0.0	0.189845	0.0174513	0.0173858	0.0	0.0	0.0	0.274915	0.0	1.56963	1.95681	0.0	0.0660221	0.0718175	0.140334	3.79068	12.4027	0.0	16.4834	106.137	0.0	0.0	3.25331	2.17792	0.0510098	3.77352	8.02032	0.0153857	2.74708	0.0	0.0	0.295929	0.0	0.176059	0.0	0.104576	0.0	2.15824	1.42653	0.0	3.82126	0.552995	0.385379	2.24452	0.0	0.0	1.14502	0.0520924	0.0	0.145114	0.305155	0.0	2.49028	0.0	1.65446	0.0	0.0	0.0	0.0	0.0	0.0	0.0	0.0	0.0	0.0	0.0	0.608504	7.39588	1.53049	0.0273793	0.169618	0.169618	0.0226341	0.0971275	0.005366	0.0	5.04013	6.95433	0.0	0.0	0.0	0.0	0.0	0.0	0.0	0.0	0.0	35.5168	0.0	0.0	0.0	10.2094	3.37229	5.67486	0.0	8.03331	0.256863	0.0390693	2.25657	0.0	0.0	0.0	2.99599	8.76246	1.12214	0.0974906	0.0	0.0320055	2.12443	9.03333	0.976814	0.0	0.0205749	0.0	4.53841	0.0	0.0601239	0.540492	0.289764	0.0	0.0716941	0.0369257	0.0	3.73908	12.4993	3.35914	3.34764	0.62622	0.0	0.0	17.1486	3.9616	8.75731	0.910131	21.2721
N21_1_3	81.3048	0.0	1.42483	0.0	143.32	0.0	0.292475	23.0074	0.00861233	0.28623	0.780318	3.22703	141.879	0.0	0.0	0.388516	0.934377	11.584	42.519	67.9494	43.055	66.419	47.0637	19.2213	40.8498	0.564865	0.0	3.88732	37.4268	13.7881	42.3713	13.5095	0.546682	1.40367	1.92901	8.5282	7.60434	0.451158	244.012	0.68896	23.986	24.1988	24.9725	0.703544	0.0	0.0609322	0.0	0.197618	0.0	6.27405	23.3005	0.704925	1.50763	20.5584	0.0	0.0526034	0.742917	13.2651	0.0	1.67691	0.069803	0.145406	26.7767	11.1932	0.230295	59.8502	7.51717	0.0	19.9381	7.68845	0.0	0.986878	4.43674	0.00534884	0.00731919	8.68123	20.6664	39.0544	4.05381	64.1778	0.0192418	0.0	5.5753	0.454584	0.446879	0.446879	2.62018	0.17619	3.94537	6.67941	0.0	9.30863	51.2656	0.0	0.0	0.99064	13.9913	0.0	0.0	0.0	3.42516	3.85249	0.0	1.58406	0.0	0.0	0.0122068	0.0	0.00779517	3.80046	0.0	1.69617	2.15826	14.8476	49.5171	58.3062	25.6571	58.0355	47.7673	0.0	28.783	159.159	55.6238	0.0	7.66752	14.6395	0.250284	13.2251	82.4231	0.0	3.54671	0.137312	0.0	37.0228	96.253	42.1127	0.0	0.549765	0.0	108.316	96.1792	0.0	15.7853	0.84571	0.939308	10.3682	0.0	0.0	0.973735	0.246467	0.0	0.316887	0.202638	0.0	12.083	0.0	1.26778	0.0	0.0	0.0	0.0	0.0	0.0	8.24842	0.0	2.51545	0.0	0.0	0.475271	80.6627	2.82312	0.230295	0.387692	0.488492	0.0237978	4.14612	17.676	0.0	6.44405	8.28864	0.0	0.0	0.0	0.0	0.0	0.0	0.0	0.0	0.0	42.9013	0.0	0.00535668	4.05962	57.6724	24.633	24.5786	0.203107	13.1525	10.3827	0.0821558	15.0767	0.0309825	0.0303397	0.0305936	14.7956	37.5203	5.13849	0.0341676	0.0	0.149026	10.5383	35.3372	4.30741	0.0	0.0	0.0	6.35546	0.0962088	0.0842867	0.530395	0.304661	0.0	0.224981	0.0130336	0.148572	19.3527	55.6912	9.01097	16.4115	3.11881	0.30798	0.0268819	108.693	8.62484	14.993	6.13412	41.6131
N21_1_4	32.8869	0.0	1.55218	0.0606575	200.698	0.0	0.208662	28.4219	0.0	1.57796	3.19591	8.45138	108.029	0.0	0.0	1.27503	1.693	148.877	47.2079	53.6819	15.0431	54.3491	39.1241	0.0	23.7116	0.0	0.0	1.73335	54.1548	21.363	59.745	23.1018	0.487527	3.68709	2.0971	9.24796	7.83695	0.527204	181.478	0.0	41.5391	42.2982	43.6092	0.758506	0.0	0.0	0.212055	0.0	0.0	0.0	0.0	0.0	0.836359	19.562	0.0	0.0	3.62647	10.6551	0.0	0.0	0.0	0.0	12.5756	15.5587	0.0	22.5975	7.04177	0.0	12.8126	5.78372	0.0	0.0	4.06078	0.0190803	0.0	276.449	25.4746	48.8526	5.03445	66.8246	0.0	0.0	12.8688	0.522204	0.522204	0.522204	5.35235	0.0	7.79875	103.616	0.0	12.9645	52.9753	0.0	0.0	0.0	9.4349	0.029707	0.0	0.0	27.8158	4.48735	0.0	3.36793	0.0	0.0	0.0	0.0	0.0	2.40587	0.0	4.0882	5.25252	71.3283	35.905	44.803	121.817	73.2597	55.5924	0.0	28.9229	0.0	79.4772	0.0	5.78372	4.7884	0.0	17.3144	86.9424	0.0	5.31739	0.0	0.0	10.4698	58.1516	9.57467	0.0	10.59	0.200636	54.5039	67.5476	0.0	26.762	1.8855	0.656995	12.8344	0.0	0.0	2.71563	0.048844	0.0	0.167465	0.0	0.0	15.2899	0.0	3.99655	0.0647214	0.072452	0.0	0.0	0.0	0.0	22.3796	0.0	3.40292	0.0	0.0	0.717275	0.0	1.8127	0.0	1.24467	1.60424	0.0	6.04711	175.475	0.0	16.5981	19.3878	0.0	0.0	0.0	0.0	0.0	0.0	0.0	0.0	0.0	337.146	0.0	0.229467	8.88354	55.1492	20.9993	27.7199	0.54339	9.10524	19.4461	0.439596	0.0	0.0	0.0	0.0	21.5199	51.296	4.98396	0.731291	0.0	0.0171484	13.484	49.2757	4.21042	0.0	0.0	0.0	46.1125	0.0	0.0	0.0	0.0	0.0	0.0	0.0	0.018928	22.7631	71.5972	14.9141	20.7018	4.82098	0.0189417	0.0	86.4072	18.0076	34.8648	11.7285	258.142
N21_2_2	4.0396	0.0	0.275963	0.0	24.4062	0.0	0.0	3.31232	0.0	0.253827	0.222567	1.00665	16.5128	0.0	0.0119807	0.023936	0.25128	4.17576	6.74943	8.98333	11.9952	8.53809	7.45506	6.31349	4.00216	0.0	0.0	0.926612	9.16222	1.17982	10.0106	0.965306	0.105251	0.0786171	0.198074	1.49873	0.921904	0.0838652	241.343	0.0	5.89909	5.92888	6.16723	0.113915	0.0	0.0	0.366241	0.0	0.0546694	0.387506	2.1773	0.0	0.390513	5.55381	0.0	0.0	0.602241	1.869	0.0	0.0	0.0	0.0	6.65195	1.82666	0.0	5.77658	0.948627	0.0	4.38904	0.741127	0.0	0.0	0.269746	0.016501	0.0	3.66111	1.95479	5.76439	0.346876	10.3781	0.0	0.0	1.54851	0.094937	0.0830699	0.094937	0.741595	0.216575	1.13398	2.1621	0.0	1.17265	7.14499	0.0	0.0120448	0.0	3.08485	0.0	0.0	0.0	0.823129	0.435945	0.0	0.4201	0.0	0.0	0.0	0.0	0.0	0.362755	0.0	0.317734	0.372808	4.48178	4.52614	6.68736	5.93396	10.6003	6.57629	0.0	5.17107	15.289	14.0332	0.0	0.741127	4.13504	0.0	2.00496	10.8783	0.0249157	0.217717	0.0	0.0	1.82411	8.03103	1.14045	0.0	0.0	0.0	9.16486	7.12291	0.0	2.02362	0.271371	0.141838	1.48967	0.0	0.0	0.327222	0.0	0.0	0.0398651	0.0	0.0	1.85209	0.0	0.272465	0.0558903	0.0	0.0	0.0	0.0	0.0	2.52871	0.0	0.689504	0.0	0.0	0.309702	27.9462	0.217411	0.0	0.0238853	0.0358279	0.0	0.676343	5.25729	0.0	1.99074	2.25668	0.0	0.0	0.0	0.0	0.0	0.0	0.0	0.0	0.0	23.1558	0.0	0.0495392	1.30484	6.18385	1.85521	3.33957	0.0	3.89048	2.32633	0.0	1.49494	0.0	0.0	0.0	1.52903	6.08143	0.406481	0.157877	0.0	0.0	0.970347	5.37818	0.354148	0.0	0.0	0.0	2.28089	0.0	0.0	0.0583518	0.0586557	0.0	0.0	0.0199326	0.0653811	2.48639	8.76521	1.61724	2.2911	0.747235	0.0654286	0.0	11.6367	1.77819	4.73986	1.09596	18.7146
N21_2_3	91.9323	0.0	3.30806	0.0	293.316	0.0	0.0	36.5881	0.0	2.3541	1.12056	7.91902	238.248	0.0	0.0	0.954041	0.287526	127.947	90.5358	87.4677	27.8007	86.6985	77.1974	0.715911	59.746	0.0	0.0	4.0372	82.888	0.0	101.77	0.0	0.44159	0.0	2.25566	11.1837	6.7249	1.40745	147.111	0.0	87.2503	88.7503	92.7503	0.770675	0.0	0.0	0.0	0.0	0.0	0.0	0.0	0.0	0.687083	16.5052	0.0	0.0	0.0	5.22767	0.0	0.0	0.0	0.0	11.2284	3.42025	0.0	26.8837	9.3888	0.0	13.3224	4.05581	0.0	0.0	0.471558	1.5577	0.0	231.743	33.7851	66.3741	3.68687	87.5623	0.0	0.0	22.965	1.3941	1.3941	1.3941	10.2026	0.0	14.7452	120.916	0.0	14.4814	118.576	0.0	0.0	0.0	8.5459	0.0	0.0	0.0	33.4361	7.92583	0.0	6.77907	0.0	0.0	0.0	0.0	0.0503733	5.9495	0.0	1.33308	1.82483	90.6431	94.0517	105.317	159.655	139.814	58.7465	0.0	22.2959	1.57173	176.384	0.0	4.05581	6.42928	0.0	18.1662	135.427	0.0	3.0725	0.0	0.0	33.9402	144.461	23.326	0.0	0.0	0.363463	148.919	139.731	0.0	26.3321	1.25241	0.357054	18.1251	0.0	0.0	0.686443	0.0	0.0	0.0	0.0	0.0	19.4264	0.0	1.5242	0.0	0.0	0.0	0.0	0.0	0.0	37.698	0.0	7.74875	0.0	0.0	0.118125	0.0	0.0	0.0	0.901911	1.00212	0.038446	8.74392	181.563	0.0	7.7557	4.14791	0.0	0.0	0.0	0.0	0.0	0.0	0.0	0.0	0.0	408.376	0.0	0.346409	16.7911	76.3029	22.1451	37.1251	0.0	4.0091	34.1933	0.0	0.278762	0.0	0.0	0.0	18.752	63.0002	4.21339	0.0	0.0	0.0	12.0901	61.4658	3.86322	0.0	0.139793	0.0	0.531647	0.0	0.0	0.0	0.0	0.0	0.0	0.0	0.0342889	30.9274	91.578	12.3369	30.8232	7.61377	0.0343138	0.0	128.071	21.9428	26.4092	16.8071	230.692
N21_2_4	55.9912	0.0	3.54478	0.122867	266.869	0.0	0.211331	33.7018	0.0	2.6009	1.35736	8.41191	180.782	0.0	0.0	1.62821	0.696577	142.767	70.6094	69.3582	21.8703	69.0511	74.4122	0.0	38.2054	0.0	0.0	5.01576	77.6819	3.77376	88.2802	4.02535	1.97505	0.645425	2.78765	11.4755	6.83139	1.01169	171.811	0.0	66.3204	67.2289	70.0243	0.771548	0.0	0.220136	0.0	0.0	0.0	0.0568093	0.0	0.0	1.42818	17.9124	0.0	0.0	0.847583	5.69544	0.0	0.0245277	0.0	0.0	11.3939	5.55947	0.0	27.2134	8.50115	0.0	14.2013	4.91291	0.0	0.162063	0.896363	0.0193243	0.0	316.203	37.0239	63.0987	4.55641	74.2333	0.0	0.0	21.2885	1.0021	1.0021	1.0021	9.81005	0.127002	12.1828	129.407	0.0	14.6873	89.3905	0.0	0.0	0.0	8.48231	0.0300869	0.0	0.0	33.7883	5.51051	0.0	5.30601	0.0	0.0	0.0	0.0	0.0563248	4.29314	0.0	2.07025	3.71651	88.6834	72.7285	90.6612	140.788	123.998	61.6381	0.0	26.2725	0.0	148.955	0.0	4.9507	4.96376	0.0	16.9855	113.571	0.0	2.97126	0.0	0.0	20.2773	102.201	21.735	0.0	1.98619	0.203203	93.277	115.148	0.0	30.6815	1.655	0.598859	16.7723	0.0	0.0	1.59905	0.0	0.0	0.0	0.0	0.0	18.008	0.0	1.8108	0.0	0.0	0.0	0.0	0.0	0.0	34.3453	0.0	6.79662	0.0	0.0	0.264163	0.0	0.203987	0.0	1.59675	1.82085	0.0214942	7.85849	205.501	0.0	13.8085	12.4772	0.0	0.0	0.0	0.0	0.0	0.0	0.0	0.0	0.258984	395.571	0.0	0.600371	15.3034	63.5856	22.4937	33.049	0.366894	5.63549	30.2469	0.0	0.0	0.0	0.0	0.0	23.5885	61.5878	5.21597	0.370323	0.0	0.0	16.9672	57.9545	4.43041	0.0	0.0	0.0	8.09952	0.0	0.0	0.0	0.0	0.0	0.0	0.0	1.1502	32.3171	89.4285	14.4152	29.1412	7.38656	1.15104	0.0	115.247	22.736	35.6665	10.4602	281.256
N22_1_2	0.214804	0.0	0.0	0.0	7.21741	0.0	0.0790478	1.47691	0.0	0.0	0.156221	0.386407	0.0	0.0	0.0	0.0525025	0.16034	0.444089	0.98133	2.2979	1.24087	2.36684	0.974181	0.0	0.0	0.0424076	0.0	0.125076	1.92595	0.0	2.11132	0.0	0.0	0.0	0.0248266	0.582339	0.367664	0.0420467	292.414	0.0300334	0.0	0.0	0.0	0.177405	0.0	0.0	0.0	0.0	0.023983	0.169995	0.658732	0.0186786	0.206314	9.91482	0.0	0.0	1.53234	1.24739	0.0	0.119269	0.0	0.0	1.45229	1.27155	0.0	3.79055	0.832307	0.0	1.56015	1.31464	0.0	0.242478	0.197225	0.00722822	0.0	0.0	0.511968	2.34146	0.40579	4.97801	0.0260026	0.0	0.0	0.0	0.041648	0.0	0.0	0.0793653	0.0	0.0	0.0	0.543551	0.00697317	0.0	0.0	0.0	1.51517	0.0	0.0	0.0	0.0	0.0637482	0.0	0.227149	0.0	0.0	0.0	0.0	0.0316023	0.159137	0.0240999	0.433648	0.599673	0.0	0.0	0.0	0.0	1.25537	4.8323	0.0	7.94423	5.23836	0.0	0.0	1.3005	0.256094	0.0	1.11348	2.95708	0.0	0.492291	0.0	0.0	0.0	0.0	0.0	0.0	0.0	0.0	0.0681447	0.168906	0.0	1.055	0.142858	0.0995565	0.575083	0.0	0.0	0.263174	0.0	0.0	0.0	0.114099	0.0	0.602818	0.0	0.278899	0.0	0.0	0.0	0.0	0.0	0.0236954	0.0	0.0	0.0	0.0	0.0345489	0.0741073	0.0	0.152602	0.0	0.0523912	0.041913	0.0	0.00690012	0.0	0.0	1.74664	1.97054	0.0	0.0	0.0	0.0	0.0	0.0	0.0	0.0	0.0	11.3178	0.0	0.0	0.0	2.77873	1.10043	1.53989	0.0	1.47316	0.0540683	0.0	0.0874423	0.0	0.0	0.0	0.46438	2.26792	0.314681	0.0461728	0.0380038	0.0454746	0.46438	2.24611	0.290008	0.0	0.0	0.0	1.5565	0.0	0.0	0.0	0.0	0.0	0.0	0.0176132	0.0	0.487633	3.1025	0.722369	0.924867	0.0	0.0	0.0	6.26398	1.0401	3.75943	0.397892	5.23111
N22_1_3	0.679101	0.0	0.0	0.036324	18.3056	0.0	0.0277677	4.42824	0.0	0.0	0.823153	1.04711	0.0	0.0	0.0110775	0.221315	0.454112	2.39847	0.187218	8.42717	7.42221	8.19712	3.9965	1.89325	0.0	0.089381	0.0	0.0	3.52979	1.78507	3.73796	1.78507	0.0	0.0	0.0130815	1.66784	1.23502	0.0	206.156	0.0492335	0.0550946	0.0550946	0.0550946	0.141533	0.0	0.0	0.0	0.0	0.720309	2.39608	7.04605	0.0590523	1.63065	5.13512	0.0	0.0	0.13921	4.82242	0.0	0.541431	0.0	0.014791	8.16725	0.600207	0.122987	9.02151	1.19197	0.0	4.91285	2.30156	0.0154494	0.606886	0.602742	0.011426	0.0	0.0	2.05021	6.9337	0.951486	12.2187	0.0	0.0	0.0	0.0	0.0	0.0	0.0	0.0172399	0.0160075	0.0	0.0	1.59569	0.0146971	0.0	0.0	0.30231	3.24123	0.0	0.0	0.0	0.0	0.179146	0.0	0.306701	0.0	0.0260322	0.0	0.0	0.0	0.327785	0.0126986	1.10984	1.46499	0.0	0.0	0.0	0.0	3.15801	8.31004	0.0	7.64431	32.6675	0.0	0.0	2.30156	0.393576	0.0127297	3.04202	6.5999	0.414672	0.0183003	0.0244434	0.0	0.0	0.170703	0.0	0.0	0.0	0.0	1.36445	0.978989	0.0	2.44052	0.639828	0.11803	1.70793	0.108468	0.0	0.693352	0.0974989	0.0	0.208926	0.20441	0.0	2.0301	0.0	1.25962	0.0	0.0	0.0	0.0	0.0	0.0	0.0	0.0	0.0	0.0	0.0	0.0650805	1.01925	1.72878	0.614934	0.220846	0.231888	0.00847265	0.050901	0.0	0.0	4.11519	5.62872	0.0	0.0	0.0	0.0	0.0430285	0.0	0.0	0.0	0.0	35.6748	0.0	0.0	0.0	7.63347	2.74214	4.05697	0.0	6.27298	0.299139	0.0292497	1.13651	0.0	0.0	0.0	2.39252	6.73367	0.795889	0.0243292	0.0	0.0616147	1.93033	6.80766	0.764048	0.0	0.0	0.0	2.57759	0.0	0.0	0.0269764	0.0271169	0.0	0.106799	0.00928065	0.00755652	2.89397	9.29333	1.9847	2.25264	0.394801	0.015124	0.0	12.2408	2.56292	6.11801	0.925978	19.2945
N22_1_4	0.0	0.0	0.0	0.0468993	281.895	0.0	0.0268889	60.3542	0.0	0.0	12.9928	17.2374	0.0	0.0	0.0	2.79676	7.26083	44.412	0.638842	89.5073	32.5715	85.4036	60.9261	0.152778	0.0	0.0	0.0	0.0	80.4959	0.0	86.0101	0.0	0.188474	0.0	0.025335	24.7387	18.4127	0.0	229.948	0.0	0.0	0.0	0.0	2.4657	0.0	0.0	0.0	0.0	0.0	0.0650538	0.0	0.0	3.09794	32.1148	0.0	0.0	0.0539216	9.23949	0.0	0.0	0.0	0.0	18.2691	5.48772	0.0	46.6355	13.5679	0.0	20.5205	18.2193	0.0	0.0	0.0805058	0.0	0.0	0.0	31.6868	98.0426	9.9177	181.092	0.0	0.0	0.0	0.0	0.0	0.0	0.0	0.145433	0.0	0.0	0.0	29.0614	0.014232	0.0	0.0	0.0	14.418	0.0114844	0.0	0.0	0.0	4.31524	0.0	5.65015	0.0	0.0	0.0	0.0	0.0	6.64349	0.0	24.023	24.5895	0.0	0.0	0.0	0.0	54.687	168.424	0.0	54.1682	1.00624	0.0	0.0	18.2193	5.59702	0.0	39.5981	110.819	0.446166	0.212654	0.0	0.0	0.0	0.0	0.0	0.0	0.0	0.0775642	0.0	0.0861824	0.0	41.1999	8.21246	1.67632	32.064	0.0	0.0	9.66829	0.0	0.0	0.0	0.0	0.0	36.8296	0.0	18.0931	0.0	0.0	0.0	0.0	0.0	0.0	0.0	0.0	0.0	0.0	0.0	0.0756251	0.0	0.0389318	0.0	2.79083	3.17577	0.0902496	0.0	0.0	0.34473	59.9144	89.3935	0.0	0.0	0.0	0.0	0.0	0.0	0.0	0.0840279	0.0988563	641.373	0.0	0.0	0.0	98.9975	40.1696	60.3691	0.0	15.7545	3.72435	0.226592	0.0	0.170904	0.0	0.0	36.7265	95.5517	7.12899	0.753895	0.0	0.0	24.8003	95.0069	6.99704	0.0	0.0	0.0	0.127637	0.0	0.0	0.0	0.0	0.0	0.0	0.0	0.0	42.1667	130.92	34.2255	33.4282	5.68682	0.0	0.0	172.138	53.6322	102.327	14.719	246.449
N22_2_2	0.0	0.0	0.0	0.0	5.27523	0.0	0.0	1.02789	0.0	0.0	0.327686	0.39699	0.0	0.0	0.0	0.0125861	0.0960935	1.19766	1.74408	10.4113	47.4016	8.92396	1.08427	24.2254	0.391521	0.0	0.0	0.449754	0.702582	3.83505	0.708587	3.60945	0.0	0.0	0.0	0.484098	0.286448	0.0	192.434	0.0279989	0.0626642	0.0626642	0.0626642	0.140763	0.0	0.0	0.0	0.0	0.0574928	5.80715	14.3701	0.0	1.42193	12.4519	0.0	0.0	2.47004	5.76217	0.0	0.0659806	0.0	0.0	36.7995	4.04839	0.0	18.2758	0.460439	0.0	13.1496	1.69435	0.0	0.0	1.6075	0.0173278	0.0	0.0	0.613654	1.48184	0.194555	3.02834	0.0	0.0	0.0261254	0.0	0.0	0.0	0.0181371	0.0	0.0273102	0.199891	0.0	0.767851	0.0835817	0.0	0.0126669	0.15282	9.31339	0.0134892	0.0	0.0	0.196736	2.44511	0.0	0.0850828	0.0	0.0	0.0	0.0	0.0	0.0520213	0.0	0.222762	0.179695	0.120852	0.0	0.0	0.0	0.695726	2.76637	0.0	11.1557	69.6084	0.0	0.0	1.7113	8.54371	0.0868718	0.717789	2.10359	0.0	0.104073	0.0	0.0	0.0	0.0	0.0	0.0	0.0890491	0.0	0.163359	0.0	0.0	0.74022	0.256848	0.0596651	0.657974	0.0	0.0	0.258091	0.0221789	0.0	0.0190105	0.0	0.0	0.659719	0.0	0.382049	0.0	0.0	0.0	0.0	0.0	0.0	0.0274156	0.0	0.0776908	0.0	0.0828218	0.177653	61.1602	0.594463	0.0	0.0125594	0.0125594	0.0	1.02556	0.00913852	0.0	1.43558	1.75167	0.0	0.0	0.0	0.0	0.0489402	0.0	0.0	0.0	0.0	11.0882	0.0	0.0173659	0.00920958	1.69354	0.851854	1.12795	0.0	16.1072	0.0162018	0.0	7.68606	0.0	0.0	0.0	0.680307	1.79345	0.201164	0.0	0.0	0.07008	0.340153	1.7194	0.198634	0.0	0.03504	0.0	10.2111	0.0	0.0	0.0	0.0	0.0	0.0	0.020962	0.0	0.676773	2.18615	0.556615	0.746583	0.0	0.0172019	0.0	7.37018	3.41005	9.45089	2.54358	10.6243
N22_2_3	0.0	0.0	5.1163	0.0278604	190.279	0.0	0.0638932	24.7917	0.0282214	5.57076	31.6309	4.35027	4.95695	0.0	0.0	0.827522	0.947705	172.7	1.82571	57.2531	20.3659	58.3954	56.6096	2.63196	0.49504	0.874075	0.0	2.76752	40.8131	0.570475	49.7629	0.45638	1.67943	0.376334	1.35452	8.4042	5.40492	0.726445	145.182	0.182066	44.909	46.9374	44.2118	0.309004	0.0	0.199666	0.0	0.0	0.0	0.103053	1.03826	0.0	1.05863	13.539	0.0	0.0	0.896896	5.99848	0.0	0.0	0.0	0.0	10.3673	4.40015	0.0943305	18.4347	8.61626	0.0	10.1935	3.89049	0.0	0.0	0.430418	2.78685	0.0	3.66172	21.415	45.8759	4.23112	57.9285	0.0	0.0	13.5127	0.719556	0.719556	0.719556	24.1251	0.057596	8.95045	244.958	0.0	12.1918	64.1693	0.0128128	0.0	0.0772901	7.31673	0.0136446	0.0294348	0.0	49.5119	5.04962	0.0	0.103276	0.0	0.0	0.479999	0.0	0.0	3.28002	0.0	2.4035	2.77605	129.579	0.0	0.0	0.0	5.28624	46.6373	0.0127582	16.9589	4.73221	113.59	59.2306	3.89049	5.27843	0.0	13.2619	87.5325	0.0	0.273708	0.0	0.0	0.0	0.0	0.0	0.0	0.18015	0.0921536	0.0826205	0.102393	0.0	19.0931	1.03923	0.422467	10.839	0.0	0.0	1.79845	0.0	0.0	0.288442	0.0	0.266222	12.266	0.0	1.25596	0.029727	0.0	0.266222	0.0	0.0	0.0	14.5128	0.0	30.2293	0.0	0.0	0.0299499	2.15513	0.185019	0.0	0.800358	0.889287	4.00632	2.46794	2.07986	0.0	8.19841	10.3567	0.0	0.0	0.0	0.0	0.0	0.0	0.0	0.0	0.0	99.0792	0.0	1.84307	1.96561	43.0205	16.6219	38.144	0.332777	4.86459	3.29408	0.134606	0.42407	0.0	0.0	0.0	15.3581	42.9339	4.6292	0.111962	0.0	46.7305	10.6975	41.4894	4.42028	0.0	0.0	0.0	3.89223	0.0	0.0	0.0	0.0	0.0	0.0	0.0642932	0.0260812	19.0124	65.337	9.10227	20.081	4.82605	5.02863	0.0	21.7274	4.33949	9.88247	1.08543	207.359
N22_2_4	0.0	0.0	5.0244	0.0	215.881	0.0	0.0	29.585	0.0	5.5867	23.4017	11.6518	5.48054	0.0	0.0	1.07247	1.91058	163.286	8.40999	59.3002	20.184	61.1778	54.961	5.60666	0.556032	1.15502	0.0	1.9162	55.8765	6.40761	62.1045	6.40761	2.51514	2.1135	2.53567	8.56987	9.13755	1.28834	193.674	0.159054	45.3872	45.2092	43.7853	0.331763	0.0	1.12133	0.0	0.0	0.0	0.0	0.0	0.0	0.903086	15.4375	0.0	0.0	0.359785	22.6175	0.0	0.0	0.0	0.0	11.737	8.74819	0.529763	22.04	6.39377	0.0	13.8269	5.00508	0.0	0.82552	3.0887	3.59285	0.0	2.37738	21.4389	50.444	4.55901	63.8733	0.0	0.0	14.0496	1.27612	1.34702	1.27612	24.9853	0.0	7.96395	216.885	0.36967	13.0859	67.1374	0.143914	0.0	0.0	7.93603	0.0	0.0	0.0	42.022	3.32782	0.0	0.193333	0.0	0.0	0.786242	0.0	0.143454	5.61487	0.0	1.89818	2.32	122.202	0.0	0.0	0.0	6.15813	50.9101	0.143301	28.4505	0.0	128.219	70.6627	5.10134	4.79533	0.0	16.4377	85.9415	0.297699	1.89188	0.0	0.0	0.0	0.0	0.0	0.0	7.08209	0.0	0.0	0.0	0.0	19.4481	1.45908	0.0	14.4171	0.0	0.0	2.11777	0.0	0.0	1.40391	0.0	0.0	15.3477	0.0	2.7129	0.0	0.0	0.0	0.0	0.0	0.0	14.5877	0.0	30.0602	0.0	0.0	0.0	0.0	3.89652	0.0	1.0702	1.14155	3.66782	5.3091	1.81697	0.0	8.15514	13.0323	0.0	0.0	0.0	0.0	0.0	0.0	0.0	0.0	0.0	109.501	0.0	1.67584	2.45891	52.2076	21.8543	38.4456	9.81165	10.6832	5.70636	0.755954	0.0	0.0	0.0	0.0	15.4586	52.8628	5.14241	0.0	0.0	45.0302	10.0129	52.0503	4.37249	0.0	0.0	0.0	26.5902	0.0	0.0	0.0	0.0	0.0	0.0	0.0	0.0488243	19.9218	75.5378	9.48594	22.4266	7.97155	4.4951	0.0	24.5163	6.24891	19.0287	4.28966	160.284
N23_1_4	0.0	0.0	0.0	0.0	0.0	0.0	0.0	0.0	0.0	0.0	0.0	0.0	0.0	0.0	0.0	0.0	0.0	0.0	3.57762	55.7155	183.883	41.9486	0.0	61.7302	1.15115	0.0	0.0	11.1666	0.0	53.5045	0.0	55.4944	0.0	0.0405145	0.0	0.0	0.0	0.0	174.325	0.0	0.0	0.0	0.0	0.0	0.0	0.0	0.0	0.0	0.0	19.5204	41.4771	0.0438843	4.0509	44.919	0.0	0.0	0.0	24.9929	0.0	0.0	0.0	0.0	61.5128	16.2752	0.0	17.7113	0.0501399	0.0	34.8804	5.84521	0.0	0.0	3.93864	0.0	0.0	0.0	0.0	0.0	0.0	0.0	0.0	1.98041	0.0	0.0	0.0	0.0	0.0	0.0	0.0	0.0	0.0	0.0	0.0	0.0	0.0	0.0	27.2918	0.0264405	0.0	0.892876	0.0	0.0	0.0	0.0	0.0	0.0	0.0	0.0	0.0	0.0	0.0	0.0	0.0	0.0	0.0	0.0	0.0	0.0	0.0	0.0	29.1554	162.021	0.0	0.0	5.91163	35.3486	0.0	0.0	0.0	48.3299	0.0423627	0.0	0.0	0.0	0.0	0.0	0.0	0.0	0.0	0.0	0.0	0.0	0.0	0.0	0.0	0.0	0.0	0.0	0.0	0.0869467	0.0	0.0	0.0	0.0	0.0	0.0	0.0	0.0	0.0	0.0	0.0	0.0	0.0	0.0	0.0	0.0	0.0	0.0	0.0580369	61.7832	7.61875	0.0	0.0	0.0	0.0188892	0.0	0.0	18.0559	0.0	0.0	0.0	0.0	0.0	0.0	0.0	0.0	0.0	0.0	25.8321	0.0	0.0	0.0	0.0	0.0	0.0	0.0	0.0	24.4529	0.0	0.0	12.6004	34.3303	13.5821	54.4916	0.0	0.0	0.0	0.0	0.0	0.0	0.0	0.0	0.0	0.0	0.0686828	0.0	10.1871	0.0	0.0	17.9223	17.6529	0.0	12.5003	0.698498	0.0	0.0	0.0	0.0	0.0	0.0	0.0	0.0	8.42067	0.0	0.54715	0.0779019	0.0
N23_2_2	0.405283	0.0	0.261046	0.0	14.0498	0.0	0.0596576	3.68905	0.0	0.0	0.913728	1.04151	0.0	0.0145365	0.0	0.134721	0.242019	2.2623	17.1745	15.9723	17.2209	14.4288	8.08739	11.4118	7.88861	5.66491	0.0	1.34513	9.60589	2.34369	13.5122	2.48573	1.32418	0.0	0.0374734	2.45974	2.42793	0.00793319	341.752	0.352586	0.0	0.0	0.0	0.605326	0.0	0.0	0.0	0.0	0.0181	1.44333	4.0766	0.620259	1.12887	89.895	0.0	0.0	12.8407	17.855	0.0	0.422367	0.0355952	0.0847409	25.1168	9.65638	0.0	21.2466	3.96214	0.0	17.1852	6.17699	0.0	0.274498	3.75093	0.0	0.0	0.0	1.42962	5.27305	1.04125	10.5534	0.0196242	0.0	0.0	0.0	0.0	0.0	0.0	0.569023	0.0	0.0	0.0	1.17206	0.015788	0.0	0.0159512	0.096222	17.4653	0.0	0.0	0.0	0.0	0.449036	0.0	0.0214287	0.0	0.018643	0.0124494	0.0126393	0.0	0.152856	0.0	0.864942	1.90287	0.0	0.0	0.0	0.0	2.14955	8.63656	0.0	65.4366	7.68975	0.0	0.0	6.18766	7.94039	0.838707	4.27942	5.35249	0.0164982	2.87938	0.0	0.0	0.0	0.122249	0.18879	0.0	0.0	0.0	1.28572	0.892315	0.0	2.03908	0.592982	0.150271	1.73607	0.0	0.0	0.884753	1.01943	0.0	3.42337	0.0861109	0.0	1.87914	0.0	1.29298	0.0	0.0	0.0	0.0	0.0	0.017883	0.0	0.0	0.0	0.0	0.0	0.149144	41.3894	0.604638	0.0587181	0.134435	0.158159	0.0	0.166641	0.0	0.0	3.4273	4.41882	0.0	0.0	0.0	0.0	0.0	0.0	0.0	0.0	0.0	0.0	0.0	0.0	0.0	18.803	16.0044	15.8829	11.4447	30.5248	0.173423	0.0418944	2.08978	0.0	0.0	0.0	1.8497	6.4345	1.53577	0.0	0.0	0.029417	1.1877	5.37745	0.797311	0.0	0.0	0.0864603	12.7014	0.0	0.0	0.0386383	0.0	0.382421	0.0768784	0.0131986	0.0	2.22748	7.23015	1.49923	1.69514	0.282737	0.0	0.109665	15.8946	1.61611	7.83383	1.72667	7.56687
N23_2_3	0.638043	0.0	1.55092	0.00975082	50.0874	0.0269926	0.0447238	11.0906	0.0	0.0	3.3808	3.53699	0.0	0.0	0.00892096	0.445574	0.620848	10.0817	41.1747	50.7433	32.3142	46.3067	35.4326	11.3715	23.9097	21.5221	0.0293207	1.433	38.7661	6.10959	55.9047	6.86829	7.52362	0.0146347	0.0105348	4.96207	4.00174	0.0	351.514	1.43727	0.0776454	0.110922	0.0776454	0.484545	0.0	0.0	0.170441	0.0	0.183183	2.74113	6.84833	0.174372	0.883282	32.0926	0.0	0.0	6.77135	11.6805	0.00826178	0.179082	0.050034	0.0	18.1479	6.61527	0.0330146	32.585	11.3651	0.0	16.2145	7.03608	0.0	0.128615	1.78259	0.00306719	0.0	0.0	5.34426	18.5559	2.92725	32.1204	0.0	0.0	0.0	0.0	0.0	0.0	0.0	0.0841938	0.00322279	0.0	0.0	3.95397	0.0355076	0.0	0.013453	0.297557	12.1444	0.0	0.0	0.161264	0.0	0.892672	0.0	0.0120484	0.0	0.0	0.0139995	0.00710653	0.0	1.11114	0.0	3.64082	4.55141	0.0	0.0796111	0.0144332	0.00940102	11.0263	35.0935	0.0	35.8866	16.2484	0.0	0.0	7.02408	10.6406	0.287041	7.45264	16.9346	0.259734	0.0957945	0.0	0.0	0.0	0.0687353	0.530741	0.0	0.0	0.0	0.491576	0.250854	0.0	7.62138	1.90952	0.264034	5.92324	0.0	0.0277672	1.74618	0.243405	0.0794854	10.5797	0.0484163	0.0	6.65073	0.0	4.83531	0.0	0.0	0.0	0.0	0.0	0.0	0.0	0.0	0.0	0.0	0.0	0.0419285	34.9404	1.81313	0.297131	0.444629	0.529109	0.0238812	0.0585594	0.0	0.215018	10.0586	15.1631	0.0	0.0	0.0	0.0	0.0	0.0	0.0	0.0	0.287745	0.0	0.0	0.0	0.0	66.3862	57.3477	64.1815	43.2097	55.4016	0.653879	0.0	3.43839	0.390859	0.434943	0.719276	6.01012	17.6779	2.82194	0.274299	0.0	0.0110266	3.97391	16.9957	2.2942	0.0	0.0248098	0.0121532	6.99399	0.0	0.0	0.108623	0.0655133	0.0	0.0645054	0.0373695	0.0	9.23517	24.3712	6.08675	6.33533	1.43074	0.0	0.0	40.4914	5.67268	10.1786	2.84214	21.6425
N23_2_4	0.0	0.0	22.9348	0.0380914	188.955	0.0351487	0.0873562	35.5227	0.0	0.0194298	5.9561	11.5296	0.0	0.0	0.0	1.96691	4.38553	27.2375	133.418	161.355	54.6992	151.908	168.176	0.248171	69.3074	71.1409	0.343621	0.0	156.436	1.40394	200.331	1.09195	16.6854	0.0	0.041154	14.9002	10.0256	0.0	167.726	3.63984	0.0	0.0	0.0	0.766258	0.0	0.0	0.0	0.0	0.0	0.211346	0.436781	0.0	0.396963	17.4451	0.0	0.0	0.0	13.3822	0.0	0.0	0.0	0.0	14.3994	3.53494	0.773825	72.8596	34.7043	0.0	22.8653	12.302	0.0	0.0	0.0326932	0.0	0.0	0.0	18.2039	58.8878	10.5944	109.098	0.0	0.0	0.0	0.0	0.0	0.0	0.0	0.0657803	0.0	0.0	0.0	11.2306	0.0115591	0.0	0.0	0.0	12.0859	0.0932761	0.0	0.0	0.0	3.98034	0.0	0.0235335	0.0	0.0	0.0	0.0	0.0	2.90175	0.0	12.9905	11.0701	0.0	0.0	0.0	0.0	31.7069	95.5658	0.0	28.4482	2.41773	0.0857554	0.0	12.302	3.82065	0.0	24.7861	68.8249	0.0	0.14393	0.0	0.0	0.0	0.0	0.0	0.0	0.0	0.0	0.0	0.0	0.0	24.1424	6.43331	1.27899	18.4592	0.0	0.0	7.01969	0.0306728	0.0	39.8834	0.0378275	0.0	19.855	0.0	9.24637	0.0406434	0.0	0.0	0.0	0.0	0.0	0.0	0.0	0.0	0.0	0.0	0.0409482	1.12662	0.505924	0.0	1.96274	1.99747	0.0133273	0.0800663	0.0	0.0	46.0771	57.9058	0.0	0.0	0.0	0.0	0.0	0.0	0.0	0.0	0.0802906	0.0	0.0	0.0	0.0	199.846	173.636	214.455	154.352	148.605	2.48714	0.368074	0.241582	0.0	0.0	0.0	19.0735	59.6518	8.86777	1.14808	0.0	0.0	13.9844	57.9298	8.44718	0.0	0.0	0.0	0.0921479	0.0	0.0472026	0.0	0.0	0.0	0.0	0.0291966	0.0	21.0591	80.4315	19.9288	20.6345	2.56169	0.0	0.0	116.944	16.6328	29.0636	5.71626	98.7575
N24_1_2	0.0	0.0	0.0	0.0	0.00678561	0.0	0.0	0.00677252	0.0	0.0	0.0	0.0	0.0	0.0	0.0	0.0	0.0	0.0	0.156336	0.40832	1.68228	0.326656	0.0	0.159616	0.0	0.0	0.0	0.0	0.0	0.20066	0.0	0.20066	0.0	0.0	0.0	0.0	0.0	0.0	213.473	0.0	0.0	0.0	0.0	0.0106559	0.0	0.0	0.0	0.0	0.0	0.256759	1.40462	0.0	0.180684	0.913966	0.0	0.0	0.187784	0.91649	0.0	0.0	0.0	0.0	0.791064	0.188287	0.0	1.96768	0.0863497	0.0	0.510451	0.120568	0.0	0.0	0.084109	0.0	0.0	0.0	0.0	0.00665697	0.0	0.0	0.0	0.0	0.0	0.0	0.0	0.0	0.0	0.0675299	0.0	0.0	0.0	0.0	0.0	0.0	0.0	0.0	0.543071	0.0	0.0	0.0	0.0	0.0	0.0	0.0	0.0	0.0	0.0	0.0	0.0	0.0	0.0	0.0	0.0	0.0	0.0	0.0	0.0	0.0	0.0	0.0	0.52259	6.03023	0.0	0.0	0.120568	0.151687	0.0	0.00665067	0.0	1.00996	0.0124966	0.0	0.0	0.0	0.0	0.0	0.0	0.0528053	0.0	0.0	0.0	0.0	0.0	0.0	0.0	0.0	0.0	0.0	0.0	0.0	0.0	0.0	0.0	0.0	0.0	0.0	0.0	0.0174271	0.0	0.0	0.0	0.0	0.0	0.0	0.0	0.0	0.0	0.0	0.0351155	0.743186	0.0	0.0	0.0	0.0	0.0	0.0	0.0	0.240106	0.0	0.0	0.0	0.21043	0.108465	0.0	0.0	0.0	0.0578033	0.117052	0.963956	0.0	0.0	0.0	0.0	0.0	0.0	0.0304031	0.0	0.527797	0.0	0.0	0.14502	0.208312	0.0291415	0.176312	0.0	0.00668867	0.0	0.0	0.0	0.00923485	0.0	0.00670784	0.0	0.0	0.0	0.0	0.217311	0.0	0.080958	0.0	0.0	0.0	0.0	0.0125637	0.0	0.0	0.00668231	0.0	0.00670784	0.0	0.0	0.0	0.280457	0.0	0.0945873	0.0	0.0
N24_1_3	0.0	0.0	0.0980563	0.0	7.1693	0.0	0.0	3.00643	0.0	0.109653	0.531442	0.187786	0.0	0.0	0.0	0.0267909	0.238637	1.32189	0.546798	2.1888	1.40709	2.91189	4.14253	0.0	0.0694498	0.0	0.0	0.0	1.21066	0.0	0.430945	0.0	1.25659	0.0	0.0	0.375438	0.320503	0.0	212.015	0.0	0.955945	0.955945	0.955945	0.0637509	0.0	0.0	0.0	0.0	0.0	0.0542157	0.0	0.0	0.0939981	1.15115	0.0	0.0	0.584195	0.679426	0.0	0.00780262	0.0	0.0	0.72722	0.371733	0.0	1.23154	0.308549	0.0	0.621306	0.853567	0.0	0.0	0.167733	0.018442	0.0	0.0	0.674887	2.97903	0.120788	3.38265	0.0	0.0	0.0	0.0	0.0	0.0	0.0	0.0	0.0	0.0	0.0	0.462271	0.0	0.0	0.0	0.0	0.561697	0.0191422	0.0	0.0	0.0	0.180719	0.0	0.144887	0.0	0.0	0.0280582	0.0	0.0	0.282985	0.942824	1.68595	1.29818	0.0	0.0	0.0	0.0	1.26281	2.82159	0.0	1.86065	3.52909	0.0	0.093893	0.829523	0.199649	0.0	0.962893	1.84017	0.0	0.194385	0.0	0.0	0.0	0.0	0.0	0.0	0.0	0.0	0.0579547	0.0	0.0	0.962893	0.303738	0.0423346	0.666939	0.0	0.0	0.22382	0.0	0.0	0.0594933	0.0	0.0	0.82474	0.0	0.0	0.0	0.0	0.0	0.0	0.0	0.0	0.0	0.0	0.0122499	0.0	0.0	0.0210086	0.17785	0.129783	0.0	0.0267341	0.0534683	0.0	0.0	0.0	0.0	0.976156	1.36315	0.0	0.0	0.0	0.0	0.0	0.0	0.0	0.0	0.0	0.964679	0.0	0.0	0.0	1.86654	0.662915	0.818516	0.4085	0.723204	0.0689748	0.0	0.0743666	0.0	0.0	0.0	0.658232	2.57705	0.0892084	0.0	0.0	0.00552494	0.526586	2.43996	0.0880862	0.0	0.0	0.0487155	0.307298	1.76914	1.88895	2.69955	2.05709	0.0	0.818795	0.0299587	0.0	0.829429	3.46212	0.548527	1.26814	0.159307	0.0	0.0	3.88711	0.754487	1.98061	0.0845983	11.6165
N24_1_4	0.0	0.0	5.94595	0.0691658	188.333	0.0	0.0264367	64.8649	0.0	1.51705	7.36675	9.85839	0.0	0.0	0.0	1.23264	5.85174	26.7338	43.3897	96.4633	34.8365	107.391	101.023	2.10292	20.6469	0.0	0.0	0.690199	68.8083	1.51067	65.3292	1.6995	45.0289	0.0	0.0	11.1765	8.844	0.0	205.469	1.3359	26.2794	26.5416	26.5416	0.933842	0.0	4.37858	0.0	0.0	0.0	0.682238	2.57758	0.0	1.73731	55.5782	0.0	0.0	0.0	17.5354	0.0	0.0	0.0	0.0	31.1712	8.58485	0.0780612	47.7741	16.9369	0.0	30.3128	20.8629	0.0	0.0	1.66219	0.0	0.0	0.0	21.8822	70.1951	8.46844	93.3651	0.0	1.99685	0.00728954	0.0	0.0	0.0	0.0	0.0478926	0.0	0.0	0.0	10.3617	0.00699631	0.0	0.0	0.0	21.1658	0.293574	0.0	0.0	0.0	2.66499	0.0	0.0142235	0.0	0.0	0.0	0.0	0.0105691	6.35759	19.4165	42.017	28.3739	0.0	0.0	0.0	0.0	33.9127	94.1688	0.0	47.8776	6.513	0.0	3.87689	20.5792	6.65914	0.0	22.0901	53.9589	0.131599	0.121962	0.0	0.0	0.0	0.0	0.0	0.1209	0.298158	0.0762598	0.0	0.0	0.0	30.7224	3.39218	0.524406	23.4993	0.0	0.0	6.38514	0.0371302	0.0	13.0009	0.0	0.0	22.0627	0.0	3.03809	0.0	0.0	0.0	0.0	0.0	0.0	0.0	0.0	0.0	0.0	0.0	0.0495688	1.94079	0.0765542	0.0	1.23002	1.55593	0.0	0.0	0.0	0.677865	20.4534	27.7926	0.148521	0.0742604	0.0	0.0384255	0.0	0.0	0.0	0.0	0.0	20.2069	0.0759676	0.0	0.0	106.604	75.2158	77.6149	49.0869	62.5349	1.95292	0.334172	0.643371	0.0	0.0	0.0	21.303	64.8738	6.01983	0.23163	0.0	0.0	17.3426	64.2643	5.48687	0.0	0.0	0.0	0.348585	21.6538	40.8836	78.6938	61.3931	0.0	31.9274	0.0344827	0.0	28.9688	89.5541	19.2063	27.5256	3.10099	0.0	0.0	82.3123	27.5314	54.509	5.85511	94.6182
N24_2_3	1.02839	0.0	2.53916	0.0366711	201.259	0.0	0.252297	84.9481	0.0278597	2.71227	4.51866	10.3509	0.0134361	0.0	0.0	1.4495	9.00376	29.854	8.84283	77.3394	29.3186	106.291	89.9475	4.18106	2.01994	0.236867	0.0	0.374254	35.4793	2.10248	5.25619	1.80212	39.4215	1.7062	0.0396196	12.0363	10.5319	0.0	527.124	0.0931949	46.388	46.5966	46.5757	1.92995	0.0	0.985536	0.0	0.106544	0.0	1.15297	3.67934	0.119233	2.85445	57.8361	0.0	0.0	11.0886	24.2344	0.0	0.651534	0.0188169	0.0895942	31.3964	18.3685	0.124162	38.164	15.1215	0.0	27.6049	26.3148	0.0	0.241849	7.71118	0.0115352	0.0	0.0	26.0222	83.4913	7.69002	110.26	0.0	0.0186832	0.0	0.0	0.0	0.0	0.0422588	0.0309188	0.0	0.0	0.0	13.7704	0.0333844	0.0	0.0	0.0508664	25.8332	0.637568	0.0	0.0	0.0	2.6281	0.0	0.022656	0.0	0.0	0.105299	0.0400896	0.0	7.3302	35.5947	60.5533	52.6236	0.321808	0.0	0.0	0.0	36.8472	115.982	0.0	72.7186	6.94998	0.0	8.23666	25.1643	11.9201	0.424094	32.0225	58.7197	0.0	0.304841	0.0	0.0	0.0	0.0	0.0	0.1923	0.0	0.0	0.48937	1.28035	0.0	39.1545	4.57859	0.853966	27.2404	0.0	0.0	6.87251	0.206704	0.0	1.06305	0.0910426	0.0	25.7024	0.0	0.127166	0.0	0.0438016	0.0	0.0	0.0	0.0	0.00608356	0.0	0.0	0.0238918	0.0	0.80814	10.0952	3.47031	0.062081	1.44643	1.59692	0.0	0.0770811	0.0121671	0.0	30.6213	55.9724	0.0	0.0	0.0	0.0	0.0	0.0	0.0	0.0	0.0	39.6829	0.0	0.0	0.00613086	79.1962	34.8299	48.8928	4.70867	21.6746	2.20027	0.221469	2.04666	0.0	0.0	0.0	23.6735	75.3363	5.42359	0.478952	0.0	0.0725707	21.7796	73.6093	4.80991	0.0	0.0	0.0	10.1132	37.1392	70.8905	126.557	78.5555	0.0	45.0415	0.0548472	0.0	32.9502	105.744	20.6268	31.251	6.57647	0.0	0.0	138.664	36.9073	72.1001	9.94796	86.2634
N24_2_4	0.0	0.0	2.65315	0.463841	206.389	0.0	0.0	66.6633	0.046985	2.41329	3.46872	8.02263	0.0679794	0.0	0.0	1.14457	5.01663	28.237	7.24036	68.1846	18.4609	84.9756	133.998	0.0	1.97803	1.54083	0.0	0.0	28.3965	0.0	10.5692	0.0	27.9605	0.348083	0.0	9.59339	6.23402	0.0	264.602	0.28291	37.9908	38.2018	38.2018	1.12978	0.0	2.32693	0.0	0.0	0.0	0.0	0.531871	0.0	1.48733	18.3058	0.0	0.0	0.0	17.4272	0.0	0.185192	0.0	0.0	21.041	7.64653	0.0	29.058	8.87408	0.0	19.6952	15.0659	0.0	0.0	2.30902	0.0583618	0.0	0.0	23.4588	70.3657	7.9453	115.934	0.104974	0.0	0.0879933	0.0	0.0840681	0.0	0.122175	0.160202	0.0306613	0.0	0.220388	8.93417	0.844537	0.0853268	0.0	0.257357	15.8411	0.181733	0.0	0.0	0.0	2.402	0.0	0.229255	0.0	0.0	0.0	0.0	0.0850539	6.77493	27.2422	51.1446	34.3332	0.0	0.0	0.0	0.0	29.8087	82.207	0.0849634	33.3022	0.331728	0.20885	5.57127	14.8376	4.99706	0.0	22.7405	41.6373	0.0	0.280424	0.0	0.0	0.0	0.0	0.0	0.0	0.0	0.0	0.550211	0.0	0.0	33.138	5.95951	0.401917	26.1714	0.0	0.0	10.1416	0.0	0.0	1.72879	0.0	0.0	24.6537	0.0	0.321696	0.0	0.0	0.0	0.0	0.0	0.0	0.0615591	0.0	0.232596	0.0	0.0	0.0997257	0.0	1.07812	0.0	1.14214	1.09984	0.0	1.36496	0.0	0.0	37.5734	40.918	0.0	0.0	0.0	0.0	0.0	0.0	0.0	0.0	0.0	31.8512	0.0	0.0292237	0.0620378	63.9614	33.8744	54.3095	9.14153	15.1825	2.40106	0.896411	0.0	0.0	0.0	0.0	23.7467	62.6088	6.01319	1.67763	0.0	0.0	20.7263	64.1217	6.1048	0.0	0.0	0.0	0.617149	26.2436	48.5121	81.8475	51.9405	0.511414	23.3205	0.0	0.0	27.7678	94.6968	16.456	28.3461	3.78107	0.057938	0.0	112.834	28.2814	62.5888	3.21264	110.872
N25_1_2	0.458654	0.0	0.0351694	0.0	1.79967	0.0	0.128598	0.685928	0.0	0.0500548	0.0	0.0	0.00410909	0.0	0.0	0.0	0.0	0.0	1.22831	10.0934	36.028	9.19625	1.35843	20.8698	1.29528	0.155228	0.0	1.25902	0.10217	9.18557	0.0	9.07075	0.0	0.0	0.0	0.527166	0.302803	0.0	217.025	0.0285013	0.159472	0.159472	0.159472	0.0426817	0.0	0.0	0.0	0.0	0.453565	4.78353	15.7934	0.0911611	1.33282	7.18409	0.0	0.0	0.0967064	11.9193	0.00593895	0.526123	0.0287734	0.0	21.6943	2.61807	0.0949296	26.5285	0.156234	0.0	8.2791	1.35394	0.0	0.0	0.926464	0.00440968	0.0120681	0.0745516	0.14055	1.01705	0.532249	0.167869	0.0317265	0.0	0.0	0.0	0.0	0.0	0.0	0.0199604	0.0	0.114456	0.0	0.284229	0.0340326	0.0	0.00644709	0.544467	5.82262	0.00686564	0.0	0.0	0.0	0.051854	0.0	0.0	0.0	0.00753504	0.0100635	0.010217	0.0	0.0882581	0.0441075	0.132277	0.0415726	0.123021	0.0	0.0	0.0	0.01647	0.0880004	0.0	8.1723	87.0994	0.0	0.0	1.35394	7.12167	0.0147385	0.690712	0.0146667	0.0	0.0317822	0.0	0.0	0.0	0.0	0.0	0.0	0.0	0.0	1.70448	0.875868	0.0	0.188376	0.0290507	0.167024	0.127577	0.0	0.119762	0.977913	0.0451538	0.485671	0.106434	0.125294	0.0	0.159895	0.0	0.0	0.0	0.0	0.0	0.0	0.0	0.0289114	0.0	0.0	0.0175744	0.0	0.0	3.17979	21.0184	1.81539	0.0474648	0.0	0.0063924	0.0	0.155752	0.0	0.0	0.106556	0.368124	0.0	0.0	0.186194	0.0	0.0	0.0	0.0	0.0	0.0	0.0461329	0.0	0.0	0.0	0.856222	0.0839169	0.430574	0.0	11.245	0.0164926	0.0	6.08138	0.0	0.0	0.0	0.0472169	1.19412	0.614322	0.0	0.0	0.0356688	0.0944339	1.15724	0.48022	0.0	0.0	0.0174726	5.77368	0.118974	0.0694874	0.499733	0.251168	0.0	0.247304	0.0322355	0.0	0.172229	1.38226	0.015739	0.466352	0.0	0.0	0.0	2.75825	0.0559879	0.974227	0.970958	0.531885
N25_1_3	0.0	0.0	0.0957604	0.0	1.77415	0.0440272	0.0	0.633108	0.0	0.0121688	0.0405468	0.0573091	0.0	0.0	0.0	0.0	0.020808	0.576311	0.456706	1.31211	1.93238	1.47911	0.722417	0.777146	0.169559	0.0	0.0	0.0649261	0.52161	0.683889	0.613746	0.683889	0.191744	0.0	0.0	0.0877614	0.171767	0.0	345.481	0.0242514	0.135692	0.135692	0.135692	0.0622582	0.0	0.0	0.0	0.0	0.0	0.0661828	0.205167	0.0	0.0382488	1.89709	0.114405	0.0	0.548574	0.436525	0.0	0.0666744	0.0	0.029143	0.845467	0.357529	0.0	1.54759	0.332343	0.0	0.694173	0.366893	0.0	0.0629345	0.0204757	0.0	0.0	0.0	0.0	0.641753	0.126386	0.363586	0.0	0.0	0.0	0.0	0.0	0.0	0.0	0.123594	0.0	0.0	0.0	0.161231	0.0	0.0	0.0	0.198548	0.712571	0.0	0.0	0.0	0.0	0.0	0.0	0.0589559	0.0	0.0	0.0171258	0.0	0.0	0.105137	0.150122	0.610998	0.282988	0.0	0.0	0.0	0.115004	0.154155	0.923499	0.0	1.37771	1.5782	0.0	0.0	0.352217	0.155094	0.0	0.349716	0.549108	0.0	0.419825	0.0	0.0	0.0	0.0	0.0	0.0	0.0	0.0	0.282988	0.087678	0.0	0.213715	0.148313	0.0775189	0.217107	0.0	0.0	0.0	0.0	0.0486177	0.181126	0.0	0.0	0.244894	0.0	0.0	0.0	0.0	0.0	0.0	0.0	0.0	0.0	0.0	0.0	0.0	0.0	0.128229	1.03126	0.0396074	0.0403871	0.0	0.0	0.00834689	0.00716364	0.0	0.0	0.181334	0.146827	0.0	0.0	0.0	0.0	0.0	0.0	0.0	0.0	0.0	0.130846	0.0	0.0	0.0	0.762774	0.595031	0.821554	0.569907	1.00718	0.0	0.0	0.847296	0.0	0.0	0.0	0.160705	0.683889	0.108899	0.0	0.0	0.0202334	0.107137	0.636859	0.0645178	0.0	0.0	0.0	0.432841	0.0	0.413881	0.53152	0.106858	0.0	0.15782	0.0726253	0.0	0.10658	0.849167	0.0803524	0.254744	0.0486177	0.0	0.0	1.00706	0.158798	0.967115	0.103272	0.452573
N25_1_4	0.0	0.0	5.71036	0.0318792	276.28	0.0	0.0365548	92.7045	0.0	1.51228	9.91531	14.8568	0.0	0.0	0.0	2.43278	7.31281	37.8897	97.1535	171.893	58.9765	188.087	177.046	6.85403	39.1982	0.0	0.0	0.303659	140.798	2.74161	132.745	2.74161	91.2162	0.14354	0.0	17.7996	13.6953	0.0	241.428	2.49532	36.1559	36.4097	36.4097	1.20459	0.0	14.2792	0.0	0.0	0.0	0.648553	1.46219	0.0	2.1109	36.7113	0.0	0.0	0.513136	18.4524	0.0	0.0	0.0	0.0	28.3011	7.90142	0.107937	77.226	32.3901	0.0	32.0885	23.1213	0.0	0.0	2.73614	0.0	0.0	0.0	31.5356	100.348	12.2444	148.151	0.0	0.519737	0.0	0.0	0.0	0.0	0.0	0.0550524	0.0	0.0	0.0	15.6202	0.0	0.0	0.0	0.0	21.1639	0.202967	0.0	0.0	0.0	5.33582	0.0	0.0196955	0.0	0.0	0.0	0.0	0.0	9.21229	26.0787	65.6182	44.1872	0.0	0.0	0.0	0.0	53.615	142.717	0.0	51.1253	5.21533	0.0	4.9012	22.3369	9.14857	0.0	33.4393	84.3162	0.0	0.289098	0.0	0.0	0.0	0.112361	0.0	0.0	0.0	0.105447	0.0	0.117163	0.425056	41.731	5.41716	0.75964	32.4932	0.0	0.0	8.33104	0.0256705	0.0	25.6778	0.0	0.0	32.5793	0.0	6.30128	0.0	0.0	0.0	0.0	0.0	0.0	0.0	0.0	0.0	0.0	0.0	0.0685403	1.30553	0.317561	0.0	2.42762	2.73289	0.0111538	0.0	0.0	1.05447	29.0777	37.9849	0.0	0.0	0.0	0.425056	0.0	0.509593	0.0	0.0	0.0	28.0456	0.472691	0.0	0.0	191.063	134.981	151.115	108.903	116.593	3.4317	0.231035	0.485241	0.0	0.0568799	0.0	30.351	94.2592	9.05139	0.640563	0.0	0.0	25.1255	92.7617	8.39151	0.0	0.0405564	0.0	0.674799	28.6787	48.1164	90.3453	56.2601	0.0	29.1735	0.0	0.0	39.3795	130.311	26.7361	39.2126	5.65214	0.0	0.0	104.304	39.6812	77.4482	11.224	127.203
N25_2_2	0.615401	0.0	0.283132	0.0188096	23.2954	0.0	0.215683	8.5327	0.0476333	0.220673	0.351658	0.813331	0.00551338	0.0	0.0	0.0859525	0.951545	2.09019	7.4649	10.3641	4.5143	12.057	12.8727	0.980379	2.54007	1.18024	0.0	0.076786	4.31824	0.462179	2.62691	0.462179	3.47714	0.0988079	0.0	1.83751	1.40696	0.0	211.166	0.0764835	4.19384	4.21524	4.21524	0.80687	0.0	0.337005	0.0	0.109299	0.0	0.260907	1.13234	0.0458684	1.13994	43.5429	0.0300674	0.0	10.2075	12.8836	0.0	0.901184	0.0772136	0.0459553	11.3989	9.32412	0.0	18.268	2.8125	0.0	12.3653	4.67468	0.0	0.744306	2.64761	0.0	0.00809622	0.0	2.78684	8.72445	1.89332	11.0367	0.170276	0.0	0.0	0.0	0.0	0.0	0.0	0.0267819	0.0	0.0	0.0	0.969304	0.0342475	0.0	0.0	0.208726	12.9749	0.04606	0.0	0.0	0.0	0.313089	0.0	0.0348126	0.0608893	0.0202203	0.0	0.0	0.0	0.757892	2.88016	4.18351	3.38028	0.0	0.0	0.0	0.0	3.67944	10.6661	0.0	36.0663	4.94368	0.0	0.361481	4.63997	0.698758	0.118652	4.05938	5.68727	0.0	0.0284293	0.0759449	0.0	0.0	0.265185	0.0	0.0	0.0	0.0	2.73323	2.21214	0.0	3.98088	0.526216	0.387089	2.65325	0.0	0.0	0.940025	0.0605852	0.0	0.804918	0.280189	0.0	2.29557	0.0	0.0652268	0.0	0.0	0.0	0.0	0.0	0.038792	0.0	0.0	0.0	0.0	0.0	0.525728	3.29516	0.499653	0.827919	0.0857702	0.0857702	0.0	0.169444	0.0	0.138259	3.4926	5.78054	0.0	0.0	0.0624566	0.0	0.0	0.0	0.0	0.0	0.0	3.15685	0.0	0.0	0.0	13.1384	8.44468	8.17566	2.30287	10.9704	0.630675	0.0454389	0.0477176	0.0	0.0	0.0	2.93538	8.05732	1.82026	0.15118	0.0	0.0797646	3.10432	8.42031	1.50911	0.00773244	0.0478587	0.0	9.30533	3.19268	5.6174	10.5188	5.56059	0.0	3.1523	0.029358	0.0	3.48735	11.5666	2.66085	3.5458	0.229994	0.0	0.0297358	20.6712	2.72943	11.111	0.732817	8.08813
N25_2_3	0.0	0.0	0.0	0.0	0.121585	0.0	0.0	0.077223	0.0	0.0	0.0	0.0639108	0.0	0.0	0.0	0.0243146	0.0	0.0	0.0	0.0266047	0.0266047	0.0266047	0.0	0.0	0.0	0.0	0.0	0.0	0.193899	0.0	0.0	0.0	0.213832	0.0	0.0	0.0108746	0.0	0.0243405	238.732	0.0	0.0	0.0	0.0	0.0115717	0.0177917	0.0	0.0	0.0	0.0	0.0	0.0	0.0	0.0	0.0	0.0	0.0	0.0	0.113589	0.0	0.0	0.0	0.0	0.0314287	0.0153352	0.0	0.0	0.0	0.0	0.0430077	0.0490989	0.0	0.0	0.0	0.00836872	0.0	0.0	0.0	0.0650618	0.0	0.0579242	0.0	0.0	0.0	0.0241097	0.0241097	0.0241097	0.0	0.0	0.0	0.0	0.0	0.0	0.0	0.0	0.0	0.0	0.029987	0.0	0.0	0.0	0.0	0.0	0.0	0.0	0.0	0.0	0.0190986	0.0	0.0	0.0	0.0	0.0358622	0.0473381	0.0	0.0	0.0	0.0	0.0468854	0.139173	0.0	0.0415246	0.142703	0.0	0.0	0.0490989	0.0	0.0	0.0650002	0.0556693	0.329028	0.0407119	0.0	0.0	0.0	0.0	0.0	0.0	0.0	0.0	0.0	0.0	0.0	0.0595835	0.0	0.0288162	0.0	0.0	0.0	0.0	0.0428466	0.0	0.0404957	0.0	0.0	0.0	0.0	0.0	0.0	0.0	0.0	0.0	0.0	0.0274341	0.0	0.0	0.0	0.0	0.0400001	0.0286001	0.242117	0.0	0.0	0.0	0.0	0.0	0.0	0.0	0.0	0.0	0.0654964	0.0	0.0	0.35336	0.0	0.0	0.042528	0.0	0.0	0.0	0.0875513	0.0876631	0.0	0.0	0.0545283	0.159258	0.049524	0.0	0.0416001	0.0	0.0	0.0	0.0	0.0	0.0957325	0.0	0.0871622	0.0	0.0	0.0	0.0	0.0	0.0546325	0.0	0.0	0.0	0.0	0.0	0.0	0.230779	0.177824	0.0	0.0	0.0	0.0202479	0.0	0.0	0.0761944	0.0896087	0.021853	0.0	0.00830794	0.0	0.095175	0.0708361	0.0	0.0	0.0
N25_2_4	0.0	0.0	2.84504	0.191132	202.568	0.0	0.0	67.6567	0.16134	1.94986	1.84081	7.80543	0.0280118	0.0	0.0	1.63034	6.44601	26.1643	16.5593	80.785	22.1076	96.2666	115.37	0.0	5.20742	13.1687	0.0	0.0	33.8962	0.0	14.5173	0.0	33.5403	0.812782	0.0	9.11448	6.26912	0.0	218.803	0.194295	40.2961	40.5135	40.441	1.02183	0.0	1.14148	0.0	0.0	0.0	0.0	0.0	0.0	1.43004	17.9197	0.0	0.0	0.879001	12.0463	0.0	0.127184	0.0	0.0	18.778	6.38984	0.0	28.104	8.81627	0.0	17.0965	15.3243	0.0	0.0	2.29663	0.0	0.0	0.0	22.9242	68.7096	7.98802	95.2948	0.288374	0.129837	0.0	0.0	0.0	0.0	0.0	0.263419	0.0	0.0	0.0	9.58036	0.0193335	0.0	0.0	0.0	12.7822	0.124809	0.0	0.0	0.0	2.35661	0.0	0.314439	0.0	0.0	0.0	0.0	0.0	4.97371	27.6628	43.5409	30.5696	0.0	0.0	0.0	0.0	28.668	83.9197	0.0	26.6	0.0	0.0	3.5201	14.9715	4.20104	0.0	23.0372	47.059	0.0	0.240734	0.0	0.0	0.0	0.0	0.0	0.0	0.0	0.42147	0.0	0.23415	0.0	29.8925	7.26147	1.72516	26.5258	0.0	0.0	8.29163	0.0	0.129837	3.34199	0.0	0.0	26.2329	0.0	0.0	0.0	0.0	0.0	0.0	0.0	0.0	0.0	0.0	0.0	0.0	0.0	0.205467	0.0	0.317323	0.0	1.62688	1.71404	0.0	0.0	0.0	0.0	34.7287	38.8452	0.0	0.0	0.0	0.0	0.0	0.0	0.0	0.0	0.0	29.9115	0.0	0.0	0.0	69.5988	35.7223	53.19	9.70259	16.6366	6.40853	0.307815	0.0	0.0	0.0	0.0	21.4586	64.3665	5.93279	0.640083	0.0	0.0	18.7405	64.6817	5.571	0.0	0.0	0.0	0.616496	37.6689	54.6332	84.1738	52.5081	0.0	25.1477	0.15248	0.0	26.684	93.0562	15.6648	27.9712	4.02494	0.0	0.0	111.497	21.6281	55.16	4.6885	139.395
N26_1_4	0.0	0.0	0.307077	0.0	12.7496	0.0	0.0	1.95769	0.0	0.0891933	0.0	0.210028	9.37952	0.0	0.0	0.159809	0.0	11.4052	5.79374	12.3276	30.8628	10.3168	4.76556	13.1013	1.24281	0.0	0.0	3.09326	2.86741	6.0868	2.89192	5.72876	0.0	5.18325	0.0	2.8232	0.489609	0.0799893	179.642	0.0	4.87342	4.67451	5.37071	0.0142603	0.0	2.19304	0.0	0.0	0.0	3.39567	10.5266	0.142136	0.61677	15.0637	0.0	0.0	5.62919	51.993	0.0	0.0	0.0	0.0	25.5109	51.5041	0.0	19.9318	0.162397	0.0	12.2019	8.55164	0.0	0.0	10.3555	0.0	0.0	15.1443	0.77917	3.42096	0.308788	5.52027	0.0	0.0	0.0	0.0792307	0.0792307	0.0792307	0.0	0.0	0.0	6.26583	0.0	8.34623	5.88997	0.0	0.0	0.0	3.89253	0.0	0.0	0.0	1.7486	46.165	0.0	2.48472	0.0	0.0	0.0	0.0	0.0	0.330263	0.0	0.0	0.155565	6.52157	0.0	0.0	0.0	0.0	1.37208	0.0	42.8487	17.3515	7.08596	0.0	8.55164	9.09424	0.0	1.03244	0.182944	0.0	3.89825	0.0	0.0	0.0	0.0	0.0	0.0	1.69601	0.0	0.0	0.0	0.0	0.881132	0.0	0.0	0.994576	0.0	0.0	0.0	0.492818	0.0	0.0	0.0	0.0	0.997214	0.0	0.0	0.0	0.0	0.0	0.227848	0.0	0.0	0.0	0.0	0.0	0.0	0.0	1.40981	0.198915	2.75793	0.0	0.15947	0.15947	0.0	12.1554	0.0	0.0	0.189874	0.0358731	0.0	0.0	0.0	0.0	0.0	0.0	0.0	0.0	0.0	21.7705	0.0	0.0	0.0	3.26134	0.9595	0.732369	0.0	15.357	2.00575	0.633623	1.99619	0.0	0.0	0.0	0.490796	3.11501	0.239458	0.0	0.0	3.48513	0.196318	3.19575	0.0788154	0.0	0.0	0.0	181.577	0.0	0.0	0.0	0.0	0.0	0.0	0.0	0.0	0.488246	4.65019	0.0	1.32857	0.178175	0.0	0.0	9.69587	80.0784	97.3418	57.654	9.95161
N27_1_2	2.48783	0.0	0.0	0.0389472	3.47352	0.0	0.327503	1.48578	0.0	0.0	0.0	0.0	0.0209294	0.0218919	0.0	0.0	0.0	0.0	2.68607	7.51682	28.9508	7.3091	1.92633	18.0161	0.322951	0.503138	0.0	0.706638	0.331162	4.25329	0.333992	3.72163	0.0	0.0	0.0140262	1.385	0.89319	0.0	220.057	0.0395918	0.0886101	0.103378	0.118147	0.288686	0.0	0.0	0.0	0.0	0.0812977	2.85725	8.18758	0.242715	1.01783	21.9665	0.0	0.0535486	3.64202	10.769	0.0	1.85563	0.0	0.0475776	20.3437	4.54228	0.0879124	24.7841	0.74754	0.0	11.9694	2.70736	0.0	1.23293	1.33711	0.0122511	0.0223521	0.0	0.31817	2.18006	0.882644	0.25439	0.0	0.0	0.0	0.0	0.0	0.0	0.00854891	0.291453	0.0	0.0	0.0	0.0219349	0.0472754	0.0	0.011941	1.29657	9.66501	0.0	0.0	0.0	0.0	0.168073	0.0	0.00802075	0.0280173	0.0279122	0.0093196	0.0	0.0	0.147121	0.0	0.0	0.0153998	0.0	0.0	0.0192167	0.0	0.0610103	0.42106	0.0	21.3166	54.362	0.0	0.0	2.69139	5.13633	0.13649	1.9454	0.47539	0.0	0.0588658	0.0	0.0	0.0	0.0	0.0	0.272314	0.0	0.0	3.15697	1.66996	0.0	0.36344	0.040355	0.478093	0.649808	0.0	0.0	0.0135168	0.15681	0.0	0.340502	0.786441	0.0	0.503456	0.0	0.0225098	0.0	0.0	0.0	0.0	0.0	0.0	0.00861487	0.0222852	0.0	0.0676659	0.019519	1.20022	23.0682	0.991476	0.571431	0.0	0.0	0.0	0.272885	0.00861487	0.0	0.0281941	0.767053	0.0	0.0	0.0	0.0	0.0	0.0	0.0	0.0232602	0.0	0.0	0.0	0.0040927	0.00868186	3.05996	0.738281	0.459162	0.0387669	13.2693	0.0152734	0.0	4.80847	0.0473088	0.0463273	0.0	0.0437267	2.42437	1.2919	0.0	0.0	0.102767	0.233209	2.22871	0.971368	0.0106739	0.0330322	0.0	7.1763	0.0	0.112614	0.347095	0.319827	0.0	0.171767	0.00995087	0.0	0.304497	2.51767	0.306087	0.789113	0.0	0.0	0.0	5.22947	0.0518493	2.16155	0.18733	0.0
N27_1_3	1.2859	0.0	0.0	0.0	11.3502	0.0	0.394342	3.71906	0.0	0.0140335	0.701399	0.561772	0.0100803	0.13918	0.0	0.0565741	0.227967	1.19632	9.53106	14.1275	6.01143	13.8249	8.66442	2.15096	7.28392	2.86871	0.0	0.0	8.32129	0.225338	7.48239	0.338008	1.10563	0.949725	0.0	1.73743	1.13901	0.00629269	240.023	0.11187	0.0156485	0.0156485	0.0156485	0.096479	0.0	1.08444	0.0	0.0	0.0	0.0508829	0.27604	0.145362	0.134535	8.34601	0.0439787	0.0	1.54995	6.79611	0.0	2.10352	0.0988208	0.184848	4.46072	1.75234	0.186303	9.91805	2.56791	0.0	5.36661	1.51475	0.0	0.834651	1.88906	0.00865418	0.0	0.0	1.02672	4.90592	1.71259	3.99833	0.0	0.0548968	0.0	0.00623302	0.00623302	0.00623302	0.0	0.308822	0.0	0.0	0.0	0.406738	0.0626161	0.0	0.0	1.22119	4.00803	0.0	0.0	0.0	0.0393032	0.254414	0.0	0.0339462	0.0	0.0	0.01975	0.0	0.0	0.415705	0.0	0.852966	0.587434	0.120717	0.0	0.0	0.0	1.28484	3.69876	0.0	8.3413	1.11908	0.0	0.0	1.51475	0.0894296	0.0578497	3.092	1.69826	0.0	0.0103957	0.0	0.0	0.0	0.0	0.0	0.0	0.0	0.0	3.63067	1.97171	0.0	1.72525	0.17104	0.595983	0.970207	0.0	0.0	0.0	0.121847	0.0	2.06033	0.478128	0.0	1.01985	0.0	0.667838	0.0146777	0.0	0.0	0.0	0.0	0.0567399	0.0	0.0	0.0	0.0	0.0	2.83926	0.0	0.776504	0.419183	0.0564541	0.037636	0.0	0.223057	0.0	0.0	1.67297	3.25107	0.0	0.0	0.0	0.0	0.0	0.0	0.0	0.0	0.0	0.0	0.0	0.0	0.0	12.4223	8.90701	11.651	7.969	12.6189	0.0566429	0.0	0.0348975	0.0	0.147265	0.0	1.3282	5.12081	1.85868	0.0552816	0.0	0.175004	0.957541	5.33322	1.53769	0.0	0.0175004	0.0	1.36439	0.0	0.034093	0.398429	0.492928	0.0	0.182004	0.0105439	0.0	1.76686	6.23593	0.957541	2.0621	0.336406	0.0	0.0	2.35227	0.622645	1.51364	0.396989	1.65276
N27_1_4	0.0	0.0	0.0	0.0	108.787	0.0	0.0	27.0531	0.0371277	0.0	12.5836	4.57853	0.0	0.0	0.0	0.90444	2.55752	18.0628	137.636	153.722	43.3969	147.711	134.965	0.0	82.8414	29.898	0.0	0.0	159.477	0.0	124.739	0.0	28.2809	0.0	0.0	9.76804	6.68547	0.0	266.144	3.2043	0.0	0.0	0.0	0.0159421	0.0	20.2262	0.0	0.0	0.0	0.0	0.0	0.0	0.270318	12.0904	0.0	0.0	0.0	2.90623	0.0	0.0	0.0	0.0	10.6948	2.1127	0.0	66.4395	25.6665	0.0	17.1827	6.08783	0.0	0.0	0.062917	0.0	0.0	0.0	9.30943	35.9733	6.92565	66.2349	0.0	0.0	0.0	0.0	0.0	0.0	0.0	0.151545	0.0	0.0	0.0	6.00703	0.0	0.0	0.0	0.0	9.29531	0.0359014	0.0	0.0	0.0	1.49134	0.0	1.58513	0.0	0.0	0.0	0.0	0.0	1.75375	0.0	8.49794	7.34775	0.0	0.0	0.0	0.282703	23.1243	49.9281	0.0	22.5398	0.0	0.0	0.0	6.08783	1.49778	0.0770695	16.2682	24.849	0.0	1.62655	0.0	0.0	0.0	0.516745	0.0	0.0	0.0	0.0	0.0	0.0	0.0	12.8056	3.64585	1.27038	8.92273	0.0	0.0	0.0	0.0	0.0	32.5839	0.0	0.0	10.7858	0.0	9.78689	0.0	0.0	0.0	0.0	0.0	0.0	0.0	0.0	0.0	0.0	0.0	0.0	0.0	0.121704	0.0	0.902522	1.33707	0.0	0.0220122	0.145932	0.0	23.1635	30.4687	0.0	0.0	0.0	0.0	0.0	0.0	0.0	0.0	0.0	0.0	0.0	0.0	0.0	158.479	153.0	156.584	133.528	121.501	1.46611	0.0	0.0	0.0	0.0	0.0	14.1558	37.4955	5.48781	0.294593	0.0	0.0	6.58411	36.9105	5.15445	0.0	0.0	0.0913664	0.0	0.0	0.0	0.0	0.0	0.0	0.0	0.845834	0.0	13.1817	48.7967	11.6045	14.6317	2.68903	0.137348	0.115888	3.72383	12.1987	14.9647	3.91373	62.5793
N27_2_3	4.02744	0.0431847	0.0864701	1.31241	64.7309	0.0	0.045603	16.6998	0.0	0.108192	4.03307	5.159	0.0	0.0	0.0	0.799628	1.3297	7.3016	49.7709	65.435	23.1462	66.1906	46.7672	0.475031	35.0031	29.4805	0.0	0.126274	37.2457	6.35185	57.491	5.64609	6.02002	0.746122	0.157548	8.43677	6.12459	0.0	362.673	1.19937	0.0	0.0	0.0	0.389203	0.0	0.285019	0.0	0.0	0.0	0.257436	0.60804	0.474133	0.994696	72.1722	0.0	0.0273399	7.28551	44.7298	0.0	0.28052	0.0	0.0	39.8322	27.3633	0.0	42.7774	11.844	0.0	34.0808	24.09	0.0169151	0.0	7.88495	0.0	0.0171182	0.0	6.57168	24.9574	4.56498	46.7575	0.0	1.33729	0.0	0.0	0.0	0.0	0.0	0.228931	0.0	0.0	0.0	4.68125	0.00804569	0.0	0.0	0.0735532	28.5168	0.0	0.0	0.0	0.0	1.1033	0.0	1.17939	0.0	0.0	0.0951649	0.0	0.0	1.79441	0.0	4.43164	6.12495	0.0	0.0360783	0.0	0.0127811	13.2619	45.395	0.0	73.5773	1.05475	0.0	0.0	24.2694	5.08478	0.710805	12.9986	25.3535	0.529681	0.380693	0.0	0.0	1.72617	4.25192	2.30901	0.0	0.17144	0.0	7.66602	8.33132	0.0	9.18889	1.95049	0.358966	7.08777	0.0	0.0	3.03652	3.25583	0.0	9.57992	0.105319	0.0	8.19523	0.0	5.9762	0.0	0.0	0.0	0.0	0.0	0.0	0.0	0.0	0.0	0.0	0.0	0.427528	3.61929	7.85727	1.30166	0.797932	0.816066	0.00463822	0.230881	0.0	0.0	11.3144	22.6111	0.0	0.0	0.0	0.0	0.0	0.0	0.0	0.0	0.0	0.0	0.0	0.0	0.0	72.654	54.7818	70.7611	36.9337	62.5452	1.02154	0.0	0.151337	0.193233	0.0	0.0	7.99243	24.7016	4.30856	0.133186	0.0	0.753304	5.90874	24.7561	3.33418	0.0	0.016865	0.0165228	40.2313	0.0	0.0	0.0590712	0.0296895	0.0	0.0292327	0.0103268	0.0	9.81649	33.2585	8.54312	9.11407	2.64757	0.00413971	0.0	46.7696	6.68868	19.5387	3.57708	24.3104
N27_2_4	3.55407	0.0	0.254356	0.0	114.538	0.0	0.0968814	25.1546	0.0	0.25858	3.73357	5.88595	0.0	0.0	0.0	1.27408	1.91601	13.4709	60.779	124.96	39.0342	122.003	108.224	1.10093	41.1346	55.6652	0.0	0.0	84.9765	0.69201	104.955	0.69201	6.79075	1.14127	0.0	13.2959	7.84064	0.0	199.291	1.63187	0.0	0.0	0.0	0.284801	0.0	0.908263	0.0	0.0	0.0	0.0	0.726611	0.0	0.419928	30.9805	0.0	0.0	0.388562	64.5704	0.0	0.0	0.0	0.0	25.9005	11.8829	0.572134	42.1246	21.4217	0.0	26.8609	11.3306	0.0	0.0	1.95793	0.0	0.0	0.0	9.50618	40.2563	4.99825	51.5066	0.0	0.258274	0.0	0.0	0.038283	0.0	0.0278182	0.145906	0.0	0.0	0.0	6.35249	0.025639	0.0388562	0.0	0.0	20.9031	0.0	0.0	0.0	0.0	1.64073	0.0	0.052199	0.0	0.0	0.0	0.0	0.0387319	2.07451	0.0	5.80833	6.96544	0.0	0.0	0.0	0.0	15.9318	58.6062	0.0386907	45.2978	0.453187	0.0	0.0	11.3306	3.13871	0.0	19.0598	41.5459	0.0	0.1277	0.0	0.0	2.55849	5.65803	0.45988	0.0	6.55588	0.279466	6.01333	6.21035	0.281632	13.2455	2.6263	1.28118	11.7257	0.0	0.0	5.01414	0.340173	0.0	17.0281	0.0	0.0	13.4914	0.0	5.71327	0.0	0.0	0.0	0.0	0.0	0.0	0.0	0.0	0.10592	0.0	0.0	0.544958	0.0	16.8327	0.143034	1.27138	1.46401	0.0	7.15448	0.0	0.0	28.3488	31.3385	0.0	0.0	0.0	0.0	0.0	0.0	0.0	0.0	0.0	0.0	0.0	0.0266158	0.0	101.926	79.5731	93.3427	78.4639	72.0005	1.49099	0.408208	0.10717	0.0	0.0	0.0	13.6595	38.4758	4.55096	1.01861	0.0	0.0	9.29606	37.9267	4.26522	0.0	0.0	0.0	8.48223	0.0	0.0	2.44713	1.13533	0.0	0.931552	0.129521	0.0	15.004	55.5847	12.6161	15.129	1.54964	0.0	0.0	6.83086	12.2601	19.8167	4.75467	76.401
N28_1_2	0.0	0.0	0.0	0.0	12.7372	0.0	0.0	2.64424	0.0	0.0	0.937924	1.03108	0.0	0.0	0.0	0.196135	0.0	1.48124	8.93919	15.8197	19.7439	15.5744	12.069	11.5851	2.83272	4.18689	0.0	0.584059	4.02195	3.01327	5.18308	2.51106	0.0	0.0	0.0662465	1.50377	0.858431	0.0	173.919	0.186994	0.0	0.0	0.0	0.300031	0.0	0.0	0.0	0.0	0.0	2.21135	5.27322	0.0	0.825784	20.1357	0.0	0.0	4.93483	5.53501	0.0	0.391697	0.0	0.0	15.2474	4.77134	0.0	16.9334	1.53755	0.0	8.68958	3.2439	0.0	0.0	0.999912	0.0385751	0.0	0.0	1.22951	4.22357	1.62419	8.67745	0.0	0.0	0.0	0.0	0.0	0.0	0.0	0.0	0.0	0.0	0.0	2.07199	0.0558209	0.0	0.0	0.0	7.67139	0.0	0.0	0.0	0.0	0.396909	0.0	0.037828	0.0	0.0	0.0	0.0	0.0	0.193017	0.0	0.661219	0.800075	0.0	0.0	0.0	0.0	1.62087	7.18492	0.0	16.413	20.6653	0.0	0.0	3.2439	4.84043	0.0644648	2.57169	5.06793	0.0	2.34574	0.0	0.0	0.0	0.0	0.0	0.0	0.594724	0.202816	0.36367	0.676054	0.0	2.19717	0.444729	0.0	0.90677	0.0	0.436525	2.04289	0.0	1.12462	1.10035	0.0	0.0	0.979112	0.0	1.59472	0.0	0.0	0.0	0.0	0.0	0.0	0.0	0.0	0.0384065	0.0	0.0	0.0	45.3385	1.42519	0.0	0.195719	0.195719	0.0	0.220945	0.0	0.0	1.79769	4.35242	0.0	0.0	0.0	0.0	0.0	0.0	0.0	0.0	0.0	0.0	0.0	0.0	0.0	10.7073	7.52443	13.4113	5.67603	12.9753	0.180343	0.0	4.58879	0.0	0.0	0.0	1.65218	4.84634	1.23154	0.0	0.0	0.0346694	1.44566	4.86023	1.5477	0.0	0.0780062	0.0	5.37705	0.0	0.0	0.0	0.0	0.0	0.0	0.0458541	0.0	1.36967	6.37201	1.85871	2.06497	0.0	0.0	0.0	12.8101	1.22443	4.61629	0.442384	6.59152
N28_1_3	0.0	0.0	0.0	0.0	0.862888	0.0	0.0	0.329291	0.0	0.0	0.0	0.0	0.0179055	0.0	0.0	0.0	0.0	0.0	0.314848	1.22174	0.427608	1.22174	0.554943	0.0	0.0	0.225471	0.0	0.0	0.445209	0.0	0.898028	0.0	0.245489	0.0	0.0	0.149814	0.0488694	0.0	224.277	0.23952	0.0	0.0	0.0	0.016606	0.0	0.0	0.0	0.0	0.0	0.0	0.0	0.0	0.0391757	0.359826	0.0	0.0	0.0	0.335328	0.0	0.073168	0.0	0.0	0.324733	0.0	0.0	0.566106	0.510596	0.0	0.0987493	0.0375784	0.0	0.0	0.0	0.0192153	0.0	0.0	0.20415	0.273877	0.161811	0.664995	0.0	0.0	0.0	0.0	0.0	0.0	0.0	0.126895	0.0	0.0	0.0	0.0	0.0	0.0	0.0	0.0	0.0344264	0.0	0.0	0.0	0.0	0.0	0.0	0.188431	0.0	0.0	0.0	0.0	0.0	0.192294	0.0	0.0823427	0.0724616	0.0	0.0	0.0	0.0	0.0358843	0.447375	0.0	0.23836	0.273049	0.0	0.0	0.0375784	0.226931	0.0	0.198995	0.319554	0.116227	0.046739	0.0	0.0	0.0	0.0	0.0	0.0	0.0	0.0	0.0	0.0	0.0	0.342022	0.0	0.0	0.138981	0.0	0.0	0.0	0.0491897	0.0	0.252976	0.0	0.0	0.139349	0.0	0.0	0.0	0.0	0.0	0.0	0.0	0.0	0.0	0.0	0.0	0.0	0.0	0.0656683	0.0	0.0	0.0	0.0	0.0	0.0	0.0366862	0.0	0.0	0.132663	0.0751927	0.0	0.0	0.0	0.0	0.0	0.0	0.0	0.0	0.0	0.0	0.0	0.0	0.0	0.550888	0.975121	0.341134	0.729648	0.636784	0.0	0.0	0.154969	0.0	0.0	0.0	0.274332	0.350231	0.111539	0.0	0.0	0.0	0.274332	0.401411	0.110136	0.0	0.0	0.0	0.0	0.0	0.0	0.0	0.0	0.0	0.0	0.0464908	0.0	0.341134	0.549839	0.0	0.0501764	0.12449	0.0	0.0	0.917827	0.081323	0.0884422	0.0	0.0
N28_1_4	0.0	0.0	0.0	0.134081	167.533	0.0	0.076873	30.1895	0.0	0.0	5.1274	8.21339	0.0196506	0.0	0.0	1.25603	3.21604	21.3776	109.88	188.048	53.9005	183.691	161.19	0.0	75.0465	92.0496	0.0	0.0	125.326	0.0	163.602	0.0	13.4707	0.0	0.0724306	12.6051	6.75767	0.0	217.841	2.72599	0.0	0.0	0.0	0.62692	0.0	0.480456	0.0	0.0	0.0	0.0	0.0	0.0	0.397693	15.7958	0.0	0.0	0.308314	10.8358	0.0	0.0	0.0	0.0	12.513	2.97548	0.907949	64.1161	27.3953	0.0	19.1821	10.8876	0.0	0.0	0.230159	0.0	0.0	0.101864	15.0858	50.9329	10.8917	95.9696	0.0	0.0	0.0423932	0.0	0.0	0.0	0.022073	0.113049	0.0221579	0.608172	0.0	9.85454	0.10172	0.0	0.0	0.0	10.6544	0.065666	0.0	0.0	0.0	2.41778	0.0	0.0414186	0.0	0.0	0.0	0.0	0.0	2.06814	0.0	9.39827	9.14524	0.0	0.0	0.0	0.0	22.5657	84.1675	0.0	26.1068	0.0	0.0	0.322094	10.8876	2.61501	0.0	21.02	70.7007	0.0	0.15199	0.0	0.0	0.0	0.0	0.0	0.0	0.0	0.0	0.0	0.0	0.0	22.8967	5.41816	1.30703	13.8036	0.0	0.0	5.93299	0.0	0.0	29.1975	0.0	0.0	14.5284	0.0	7.32308	0.071532	0.0	0.0	0.0	0.0	0.0	0.0444867	0.0	0.0630336	0.0	0.0	0.0	0.0	0.222605	0.0	1.25336	1.6202	0.023456	0.0	0.0444867	0.0	46.2985	52.0983	0.0	0.0	0.0	0.0	0.0	0.0	0.0	0.0	0.0	0.220618	0.0	0.021119	0.0	154.305	152.899	188.189	128.922	120.341	1.97178	0.323903	0.0	0.0	0.0	0.0	19.72	50.0224	10.0988	0.269415	0.0	0.0	13.4728	48.7064	9.60913	0.0	0.0	0.0	0.0	0.0	0.0	0.0	0.0	0.0	0.0	0.0	0.0	19.393	70.0524	16.7846	16.933	1.2296	0.0	0.0	106.1	16.9573	29.0215	5.90091	130.571
N28_2_3	0.285674	0.0142219	0.0306674	0.0174631	102.959	0.00805702	0.0400487	26.2711	0.00884469	0.0178153	4.92695	6.4394	0.0	0.0	0.0	0.877795	2.20095	15.1448	99.2325	159.106	119.683	155.038	94.4988	51.1702	59.98	67.3406	0.0262557	4.64569	70.8914	24.8517	117.772	23.7789	16.071	0.622485	0.0188672	9.58272	7.33102	0.0	440.107	2.7427	0.0	0.0	0.0	1.11132	0.0	0.0312881	0.946274	0.0	0.0	10.1737	26.0317	0.312289	2.72703	63.0562	0.0	0.0	14.0345	29.7756	0.0	0.463656	0.00896079	0.0426656	70.9655	18.3752	0.147818	76.1919	23.4843	0.0	47.986	14.4973	0.0	0.230342	5.62061	0.00274658	0.0	0.0	10.7093	39.1934	7.8021	68.5803	0.0	0.0	0.0	0.0	0.0	0.0	0.0	0.0248647	0.0	0.0	0.0	8.30579	0.0105986	0.0	0.0	0.266453	35.4937	0.0	0.0	0.288813	0.0	1.12233	0.0	0.010789	0.0	0.0	0.00626806	0.0	0.0	2.03945	0.0	7.28551	9.13008	0.19156	0.0	0.0	0.0	19.9064	71.3094	0.0	75.6774	55.3819	0.0	0.0	14.4919	11.2232	0.449814	16.3694	38.377	0.631299	0.244146	0.0	0.0	0.0	0.0	0.0	0.0	0.338758	0.0	0.802701	0.224632	0.0	14.6761	2.65986	0.387752	11.7206	0.312881	0.0	4.60912	0.696072	0.0	21.4667	0.893119	1.25152	13.8232	0.0532563	8.32667	0.0279497	0.0	1.00122	0.022755	0.0	0.0	0.0	0.0	0.0	0.0	0.0	0.713368	99.804	5.6536	0.325199	0.875934	1.01529	0.0580446	0.0131095	0.0	0.0	18.953	31.6057	0.0	0.0	0.115971	0.0291052	0.0	0.05583	0.309018	0.187729	0.073619	0.0	0.0287707	0.0	0.0	137.319	107.933	141.568	79.6543	127.168	1.22242	0.0210931	17.477	1.30455	0.919169	0.958279	11.5284	36.4336	6.83954	0.228081	0.0	0.116019	7.89146	37.2158	5.78534	0.0	0.0	0.0	25.9651	0.0	0.0216402	0.0194537	0.0391101	0.0	0.0	0.501948	0.0	15.3986	51.9531	12.5969	13.5157	3.52325	0.0	0.0	81.3386	13.0654	21.2633	5.01449	28.4353
N28_2_4	0.0	0.0	0.0	0.0	227.976	0.0	0.0	44.6636	0.0	0.0	9.75181	12.8435	0.0	0.0	0.0	2.26437	3.98083	44.7323	171.963	298.099	84.5005	289.232	255.487	0.0	101.487	178.326	0.0	0.0	192.929	0.0	261.194	0.0	24.6301	0.782867	0.0	15.8838	11.1624	0.0	250.627	3.9768	0.0	0.0	0.0	0.794053	0.0	0.0	0.0	0.0	0.0	0.0	0.0	0.0	0.355421	22.8516	0.0	0.0	1.79913	20.9975	0.0	0.0	0.0	0.0	18.7937	7.14065	0.883038	84.8344	47.8376	0.0	28.5283	13.3163	0.0	0.0	1.90267	0.0	0.0	0.0	25.1311	70.689	15.5438	130.6	0.0	0.0	0.0	0.0	0.0	0.0	0.0	0.539162	0.0	0.0	0.0	16.1939	0.0395715	0.0	0.0	1.8088	15.4329	0.127729	0.0	0.0	0.0	5.06465	0.0	0.0805645	0.0	0.0	0.0	0.0	0.0	3.20182	0.0	19.1597	14.695	0.0	0.0	0.0	0.0	35.0073	128.381	0.0	36.025	0.233151	0.0	0.0	13.3163	4.11766	0.274195	28.0895	88.5433	0.0	0.492732	0.0	0.0	0.0	0.0	0.0	0.0	2.108	0.43133	0.0	0.0	0.0	33.8774	8.51227	2.11862	21.9545	0.0	0.0	8.9608	0.105005	0.0	47.5224	2.84897	1.24606	26.326	1.19304	12.6616	0.0	0.0	1.24606	0.339836	0.0	0.0	0.0	0.0	0.0	0.0	0.0	0.140182	0.0	0.216498	0.0	2.25956	2.2001	0.0912496	0.156628	0.0	0.0	62.4448	64.6336	0.0	0.0	0.0	0.0	0.0	0.0	0.0	0.0	0.0	0.0	0.0	0.0	0.0	245.673	219.478	271.019	203.264	196.629	2.91487	0.630032	0.0	0.0	0.0	0.0	29.4273	67.3409	12.6194	1.57214	0.0	0.0	18.447	67.3732	12.3431	0.0	0.0	0.0	1.65616	0.0	0.0	0.0	0.0	0.0	0.0	0.0	0.0	30.2939	94.1662	27.8168	22.8683	2.92323	0.0	0.0	123.808	19.6168	35.4939	9.4082	112.146
N29_1_2	0.0	0.0	0.0	0.0	0.0545807	0.0	0.0	0.0272377	0.0	0.0	0.0	0.0	0.0	0.0	0.0	0.0150082	0.0	0.0	0.16928	0.525498	2.82455	0.426967	0.198912	1.81884	0.0	0.0	0.0	0.0446923	0.0	0.134502	0.0	0.134502	0.0	0.0	0.0	0.0268493	0.0	0.0	194.216	0.0	0.0	0.0	0.0	0.0124996	0.0	0.0	0.0	0.0	0.0	0.455573	1.22397	0.0	0.0737206	0.773849	0.0	0.0	0.0	0.220355	0.0	0.0393391	0.0	0.0	1.88174	0.15145	0.0	1.27835	0.152514	0.0	0.743303	0.202042	0.0	0.0	0.0	0.0	0.0	0.0	0.0365874	0.0401595	0.0	0.0	0.0	0.0	0.0	0.0	0.0	0.0	0.0	0.0553833	0.0	0.0	0.0	0.0	0.0	0.0	0.0	0.0	0.610814	0.0	0.0	0.0	0.0	0.0	0.0	0.0	0.0	0.0353069	0.0	0.0	0.0	0.0	0.0	0.0	0.0	0.0	0.0	0.0	0.0	0.0	0.0	0.0	0.435729	4.63907	0.0	0.0	0.202042	0.732065	0.03453	0.0401215	0.0	0.0	0.0773143	0.0	0.0	0.0	0.0	0.0	0.0	0.0	0.0	0.0	0.0	0.0	0.0	0.0	0.0	0.0	0.0	0.0	0.0	0.0	0.0	0.0453379	0.0	0.0	0.0	0.0	0.0	0.0	0.0	0.0	0.0	0.0	0.0338675	0.0	0.0	0.0	0.0	0.0	0.0353069	5.00648	0.054528	0.0	0.0	0.0	0.0	0.0	0.0	0.0	0.0	0.0404277	0.0	0.0528942	0.0	0.0	0.0	0.0	0.0	0.0	0.0	0.0	0.0	0.0	0.0	0.0	0.0655348	0.0	0.0	0.770332	0.0	0.0	0.791541	0.0	0.0	0.0	0.0	0.0403507	0.0	0.0	0.0	0.0	0.0	0.0539551	0.0	0.0	0.0417833	0.081871	0.337675	0.0	0.0	0.0	0.0	0.0	0.0	0.0245613	0.0	0.0	0.0537498	0.0	0.0269776	0.0	0.0	0.0	0.234988	0.0	0.0475514	0.0	0.0
N29_1_3	0.905131	0.0	0.0	0.0	1.70746	0.0	0.222059	0.651329	0.0	0.0109756	0.0	0.0	0.0126141	0.0	0.0	0.00983257	0.0	0.0	0.871378	1.95808	6.36913	1.87201	0.977371	2.24302	0.535266	0.317681	0.0	0.263519	0.0	5.19899	0.0	5.19899	0.0	4.05299	0.0	0.606862	0.499202	0.0	164.64	0.0656202	0.146864	0.0979095	0.0979095	0.0233973	0.0	0.0	0.451339	0.125033	0.0	0.716318	3.02247	0.332319	0.241488	9.09402	0.0	0.0	1.18748	14.6596	0.0	0.807549	0.0	0.0525707	6.78682	5.07272	0.145708	5.86254	0.299755	0.0	3.80301	1.03246	0.0	0.454108	6.66693	0.0	0.0	0.0490412	0.16779	0.798078	0.66496	0.0468478	0.0	0.0	0.0136065	0.0	0.0	0.0	0.0141691	0.148634	0.0	0.195199	0.0	0.0363554	0.065296	0.0	0.0	0.358159	2.94672	0.0	0.0	0.0	0.0	0.0	0.0	0.0132937	0.0464364	0.0809589	0.123572	0.0	0.0	0.0406403	0.0	0.0	0.012762	0.283238	0.0	0.0	0.0	0.0	0.0450241	0.0	11.5698	15.7157	0.0	0.0	1.03246	1.7186	0.135733	1.08646	0.0900481	0.0	0.195131	0.0	0.0	0.0	0.758397	0.0	0.0	2.36529	0.0	1.53144	1.81886	0.0	0.313234	0.0445901	0.186447	0.293728	0.0963797	0.0	0.0	0.0693067	0.0	0.178217	0.235051	0.102805	0.269965	0.0	0.0	0.0	0.231311	0.102805	0.0	0.0	0.0	0.0142785	0.0	0.0134777	0.0	0.0	1.54978	8.61604	1.78619	0.291416	0.00981172	0.00981172	0.0	0.0969181	0.0428354	0.0	0.233648	0.697465	0.0	0.0	0.0	0.0	0.0	0.0	0.0	0.0	0.0	0.0472064	0.0	0.0	0.0	1.28776	0.279076	0.420566	0.0	4.36267	0.0126572	0.0	2.23805	0.0	0.0	0.0	0.0966313	1.22485	0.805415	0.0	0.0	0.0121663	0.120789	1.08696	0.678901	0.0	0.0	0.0	7.40456	0.0608714	0.0266641	0.287641	0.192759	0.0	0.237242	0.0164928	0.0	0.264356	1.32052	0.0966313	0.450692	0.0	0.0	0.0	1.63188	0.0	2.5857	2.60807	0.0
N29_1_4	0.0	0.0	0.114559	0.0	4.44249	0.0	0.0	0.646942	0.0	0.0970516	0.129351	0.274239	0.161733	0.0	0.0	0.0347777	0.0663809	1.83853	7.42495	18.4939	65.6419	12.5576	0.921854	24.9162	0.135231	0.280908	0.0	3.46935	1.66402	35.8425	1.25868	39.1151	0.0	9.30943	0.0	0.171095	0.106549	0.0	187.677	0.0	1.0822	1.16878	1.12549	0.0165512	0.0127239	0.0	15.4317	0.0	0.0	7.35451	21.0536	0.0	0.982262	57.3822	0.0	0.0	3.06258	117.256	0.0	0.0	0.0	0.0	31.7368	22.7896	0.0	6.98245	0.035341	0.0	22.5554	5.22021	0.0	0.0	8.13246	0.0598497	0.0	0.0289097	0.720646	1.16324	0.0335994	1.3256	0.0	0.0	0.144379	0.0	0.0	0.0	0.375871	0.0	0.113195	2.93428	0.0	0.546502	1.88225	0.0	0.0	0.0	14.0039	0.0	0.0	0.629342	0.706703	0.105567	0.0	0.0470198	0.0	0.0204536	1.20195	0.0	0.0	0.143744	0.0	0.359061	0.0902781	3.00543	0.0	0.0	0.146752	0.111768	1.19437	0.0	41.4863	44.8024	2.48442	0.182826	5.22021	20.6038	0.0	0.371884	1.39343	0.796424	2.24307	0.0	0.0	0.0	0.0	0.0	0.0	13.7793	0.0	0.0	0.0	0.0	0.553952	0.0788574	0.0	0.346305	0.0	0.0	0.0	0.0	0.0	0.0525294	0.0	0.0	0.477432	0.0	0.131959	0.0	0.0	0.0	0.0	0.0	0.0	0.189385	0.0	0.477053	0.0	0.0	9.89956	33.0721	12.4459	0.0	0.0347039	0.0347039	0.039942	0.0228532	0.0378771	0.0	0.247923	0.374723	0.0	0.0	0.0	0.0	0.0	0.0	0.0	0.0	0.0	2.00362	0.0	0.0599374	0.0254477	1.54426	0.569475	0.743768	0.90905	18.2669	0.0895371	0.0	6.41966	0.0	0.0	0.0	0.683568	0.997358	0.0694815	0.0	0.0	1.03277	0.256338	0.984587	0.0343038	0.0	0.0	0.0	51.8964	0.0	0.0	0.0	0.0	0.0	0.0	0.0291674	0.0	0.637516	1.57246	0.256338	0.484479	0.0775493	0.059415	0.0	9.93754	0.202637	3.91167	18.6142	3.36883
N29_2_2	0.660052	0.0	0.0157461	0.0156912	1.68191	0.0	0.0179925	0.286284	0.00794723	0.0240114	0.0	0.0	0.0	0.0	0.0	0.0	0.013686	0.0	7.98341	3.95417	12.1606	3.56189	0.617701	9.25184	3.01115	0.0289579	0.0	1.13165	0.0	5.84757	0.0	5.3335	0.0	0.141303	0.0508583	2.12934	2.134	0.00717787	400.559	0.0638033	0.0356995	0.0356995	0.0356995	1.19605	0.0	0.0	0.0548553	0.0	0.0	1.56709	4.99293	0.714259	1.2629	49.0558	0.050165	0.0	0.252569	24.3282	0.0	0.288181	0.0161031	0.0	24.0323	13.9647	0.0	19.1655	1.09296	0.0	16.775	6.75685	0.0	0.289757	4.12104	0.0	0.0	0.0	0.0174798	0.454077	0.166255	0.0	0.0	0.0	0.0	0.0	0.0071098	0.0	0.0	0.0264596	0.0	0.0	0.0	0.198837	0.0142848	0.0	0.00721625	0.0870606	21.117	0.0	0.0	0.259508	0.0	0.0435303	0.0	0.0	0.0	0.0	0.0	0.0114359	0.00719317	0.0296363	0.0	0.0	0.0930648	0.0	0.0	0.0	0.0	0.0	0.0328331	0.0	53.0592	10.7731	0.0	0.0	6.7472	9.61804	1.68268	4.10838	0.0328331	1.11956	4.05792	0.253416	0.0	0.0	0.0	0.0	0.0	0.0	0.0	1.02371	0.69202	0.0	0.0351417	0.0	0.0339909	0.142798	0.140567	0.0	0.228719	1.21298	0.0	0.064981	0.155824	0.149938	0.143177	0.0	0.0	0.0167424	0.0	0.149938	0.0	0.0	0.0323607	0.0	0.0	0.0	0.0	0.0	0.438568	29.9161	1.3807	0.106255	0.0	0.0	0.0	0.0848111	0.0	2.13373	0.0340768	1.52585	1.06136	0.101082	0.0	0.0	0.0	0.0	1.83257	0.4217	0.859937	0.0	0.0	0.0	0.0	0.598179	0.0782738	0.131439	0.0	19.481	0.0	0.0379056	2.72674	0.0	0.0	0.338771	0.0	2.56394	1.5901	0.0	0.0	0.0443603	0.0528501	1.11487	0.155596	0.0	0.0	0.0	20.6781	0.0	0.0	0.244717	0.245992	0.0	0.0	0.0120271	0.0	0.0175252	1.18766	0.0352334	0.309327	0.0	0.0	0.0	11.1368	0.167113	8.42832	4.5736	0.198447
N29_2_3	1.04015	0.0	0.0558309	0.0185454	3.70603	0.0	0.0	0.911263	0.0328749	0.0472984	0.393997	0.289577	0.00271797	0.0	0.0212088	0.016949	0.169842	0.537607	4.09649	3.66271	6.90815	3.41235	1.43204	5.28613	0.428383	0.0171127	0.0	0.504716	0.270322	4.2151	0.0	4.51889	0.0	0.340969	0.0100182	1.27729	1.56152	0.0254506	433.717	0.0471307	0.43248	0.43248	0.43248	0.274253	0.0	0.0	0.0	0.0	0.0	1.06327	1.3025	0.59545	0.446002	15.8944	0.05929	0.0	2.00429	12.4255	0.0	0.15179	0.00951612	0.0	10.3022	6.15726	0.0	8.57603	0.335859	0.0	7.5548	2.31021	0.0	0.0489234	3.22323	0.0204175	0.0	0.0	0.444176	1.60624	0.139185	0.726791	0.0104928	0.00925117	0.0	0.0210077	0.0252092	0.0210077	0.00305303	0.320261	0.0	0.00841193	0.0	0.31334	0.0140694	0.0	0.0	0.0771727	8.19399	0.0	0.0	0.153356	0.0	0.0685979	0.0	0.091661	0.0	0.0149522	0.0266261	0.0	0.0042508	0.286055	0.0	0.0	0.291482	0.0	0.454244	0.253922	0.464882	0.179753	1.15446	0.0	20.5369	4.1862	0.0	0.0	2.32162	3.98725	0.857893	3.11504	0.116416	1.22617	0.392419	0.0	0.10924	0.280793	1.60144	0.908488	0.0	0.719505	0.0	1.51241	1.19277	0.0	0.519174	0.105686	0.0100435	0.221514	0.0	0.0264057	0.202742	1.04535	0.207866	0.441606	0.0736675	0.0	0.412475	0.0	0.192932	0.00989393	0.0	0.0	0.0	0.0	0.0	0.0	0.0	0.0	0.0	0.0	0.209331	11.8141	1.15461	0.0313957	0.0169131	0.0169131	0.0	0.0612567	0.0	2.59001	0.573923	1.74252	0.403206	1.00055	0.0615792	0.0	0.0	0.0	0.360986	1.42877	1.0359	0.0	0.0	0.0	0.0	2.18558	1.49869	1.42402	2.04901	10.6278	0.010909	0.0	1.23499	1.52056	2.03499	2.30226	0.458066	2.57842	0.948137	0.0	0.0	0.0419435	0.270675	1.46237	0.200617	0.0	0.0235932	0.0231145	11.3281	0.104928	1.97639	0.268572	0.353038	0.0	0.490739	0.0426444	0.0	0.590321	2.31041	0.468476	0.533157	0.188969	0.0	0.0	3.13806	0.604878	3.24887	1.75279	0.879541
N29_2_4	1.20548	0.0	0.614694	0.193437	22.3415	0.178493	0.0	5.69492	0.391886	0.526234	1.64383	1.54894	0.0	0.0	0.0884871	0.176786	0.674871	4.36139	22.5036	11.3483	7.41508	10.3166	7.81013	2.52054	0.0	0.0	0.0	0.438702	3.05455	57.3003	1.89579	59.1487	0.0	9.04843	0.139326	1.71311	1.26379	0.0884871	209.152	0.393276	2.12712	2.12712	2.12712	0.0631012	0.0	0.0	0.0	0.0	0.0	1.13289	0.554519	0.0	0.134391	59.7247	0.0	0.0	9.34083	27.4507	0.0	0.0	0.0	0.0	29.7825	39.6563	0.436629	13.9825	3.9523	0.0	23.4524	11.8599	0.0	0.0	15.3295	0.0	0.0	0.0	2.65767	7.98928	1.4233	9.68653	0.0	0.0657013	0.0	0.0876479	0.204512	0.0876479	0.0	0.133298	0.0	0.0	0.75754	1.47073	0.1761	0.118614	0.0	0.715508	20.7127	0.0	0.0	0.0	0.0	0.357754	0.0	0.438197	0.0	0.0	0.0	0.0	0.118234	2.76042	0.0	0.0	1.83565	0.0	0.789663	1.86112	1.05682	1.74234	5.80154	0.118108	35.1732	5.53366	0.0	0.0	11.9392	1.91626	0.0	3.80707	0.742057	2.08558	6.23712	0.0	0.0	1.75728	4.7725	4.91346	0.0	28.3513	0.0	5.54519	1.89579	0.859719	3.32134	0.334048	0.209516	1.61368	0.0	0.0	0.671331	2.85567	0.919818	2.93726	0.0	0.0	2.64757	0.0	1.00618	0.0687989	0.0	0.0	0.0	0.0	0.0	0.0	0.0	0.0	0.0	0.0	4.02026	3.08066	7.60055	0.0	0.176411	0.176411	0.0	1.76191	0.0	0.710922	3.78081	5.21184	0.519213	1.03843	0.6423	0.0	0.0	0.0	0.456394	1.96392	1.2232	0.0	0.0	0.0	0.0	15.2506	13.5735	15.9634	23.6826	30.4481	0.0	0.623055	0.572512	0.469931	1.2655	0.696049	2.96805	8.13295	1.35392	0.0	0.0	0.273431	1.59261	8.60643	1.33689	0.0	0.0820294	0.0	144.089	2.55371	10.3872	8.18849	7.65352	0.710922	8.95761	0.0	0.0	2.8086	11.0271	3.33001	3.20424	1.44543	0.0	1.01934	8.99594	3.17604	15.31	12.7465	14.2707
N30_1_2	0.0	0.0	0.0	0.0	0.0	0.0	0.0	0.113117	0.0	0.0	0.0	0.0	0.0	0.0	0.0	0.0	0.0	0.0	0.0	4.50113	13.0942	4.36473	0.0	8.88652	0.969439	0.0	0.0	0.0	0.0	2.79291	0.0	2.79291	0.0	0.0	0.0	0.0557519	0.163677	0.0	266.328	0.0	0.0	0.0	0.0	0.0296629	0.0	0.0	0.0	0.0	0.0	1.63971	3.51906	0.221743	0.0	2.20946	0.0	0.0	0.0	1.99663	0.0	0.0544578	0.0	0.0	16.1129	0.0	0.0	4.29771	1.32205	0.0	6.46778	3.69191	0.0	0.0	0.819476	0.0	0.0	0.0	0.0	0.0	0.0	0.0	0.0	0.0	0.0	0.0	0.0	0.0	0.0	0.194209	0.0	0.0	0.0	0.0	0.0	0.0	0.0	0.0	5.91891	0.0	0.0	11.279	0.0	0.0	0.0	0.0	0.0	0.0	0.0	0.0	0.0	0.0	0.0	0.0	0.0	0.0	0.0	0.0	0.0	0.0	0.285407	0.0	3.19334	17.9245	0.0	0.0	3.69191	0.0	0.0	0.222163	0.0	9.08313	0.103077	0.0	0.0	0.0	0.0	0.0	0.0	0.0	0.0	0.80898	0.501291	0.0	0.0	0.0	0.0	0.0	0.0	0.0	0.0	0.0	0.0	0.0	0.0	0.0	0.0	0.0	0.0	0.0	0.0	0.0	0.0	0.0	0.0	0.0	0.0	0.0	0.0	0.0	0.0	31.0323	0.905808	0.0	0.0	0.0	0.0	0.0	0.0	0.0	0.0	0.0559647	0.0	0.0	0.0	0.0	0.0	0.0	0.0	0.0	0.0	0.0	0.0	0.0	0.0	0.0	0.0	0.0	0.0	10.3795	0.0	0.0	0.0	0.0	0.0	0.0	0.0	0.279291	0.124525	0.0	0.0	0.0	0.0	0.0	0.0	0.0	0.0	0.0	3.6296	0.0	0.0	0.0	0.0	0.0	0.0	3.4624	0.0	0.0	0.0	0.0	0.0	0.0	0.0	0.0	0.585535	0.0	0.0	0.0	0.0
N30_1_3	0.0	0.0	0.0	0.0	0.025131	0.0	0.0	0.0	0.0	0.0	0.0	0.0	0.0	0.0	0.0	0.0	0.0527598	0.0	0.356309	17.663	59.8848	17.9654	0.0	44.5333	0.0	0.0	0.0	0.0	0.0	12.6337	0.0	12.6337	0.0	0.0	0.0	0.197799	0.0967835	0.0	400.796	0.0	0.0	0.0	0.0	0.0230211	0.0	0.0	0.0	0.0	0.568192	8.2227	26.0106	0.0	0.795252	12.2927	0.0	0.0	0.0	10.4411	0.0	0.0724529	0.0	0.0	49.4844	0.906535	0.0	16.0324	0.0561783	0.0	20.0457	11.275	0.0	0.0	2.12861	0.0	0.0	0.0	0.0	0.0	0.10682	0.131699	0.0	0.0603494	0.0	0.0	0.0	0.0	0.0	0.0	0.0	0.0	0.0	0.0	0.0	0.0	0.0	0.0	15.3745	0.0	0.0	11.0045	0.0	0.0	0.0	0.0	0.0	0.0325132	0.0434233	0.0	0.0	0.0	0.0	0.0	0.0	0.0	0.0	0.0	0.0	0.0	0.0	0.0	13.2649	80.4651	0.0	0.0	11.275	1.23592	0.0635955	0.270943	0.0	39.0734	0.0914256	0.0	0.0	0.0	0.852806	0.0	0.0	0.0	0.0	0.0	0.0	0.0	0.0	0.0	0.0	0.0	0.0	0.0	0.0	0.0974179	0.0	0.0	0.0	0.0	0.0	0.0	0.0	0.0	0.0	0.0	0.0	0.0	0.0	0.0	0.0	0.0	0.0	0.0	0.0650264	59.4527	4.01708	0.0	0.0	0.0	0.0	0.0363276	0.0	0.0	0.0	0.148915	0.0	0.0	0.0	0.0	0.0	0.0	0.0	0.0	0.0	0.0	0.0	0.0	0.0	0.123978	0.0	0.0	0.0	31.9378	0.0	0.0	2.83891	0.881714	0.215855	0.435323	0.0	0.173404	0.220897	0.0	0.0	0.0	0.0	0.0745289	0.109059	0.0	0.0	0.0	14.6332	0.0	0.0	0.0	0.0	0.0	0.0	0.0463647	0.0	0.0	0.0	0.0	0.0496859	0.0	0.0	0.0	3.11608	0.0	0.788199	0.0	0.0
N30_1_4	1.85959	0.0	0.0	0.0	0.0413241	0.0	0.0	0.0412444	0.0	0.0	0.0	0.0	0.0	0.0	0.0	0.0	0.0	0.0	0.732371	2.48665	9.74769	2.28772	0.0	1.94411	0.70695	0.0	0.0	0.270699	0.0	2.44403	0.0	2.03669	0.0	4.47858	0.0	0.935096	0.0	0.0	268.134	0.0	0.0	0.0	0.0	0.0162235	0.0	0.0	0.0	0.0	0.0	0.735836	3.42164	0.0	0.414628	5.56602	0.0	0.0	4.34566	7.03741	0.0	0.0	0.0	0.0	8.10759	12.6133	0.0	7.55857	0.0923768	0.160791	9.27229	7.89326	0.0	0.0	3.75629	1.19068	0.0	0.0	0.0	0.0405407	0.0	0.0	0.0	0.0	0.849119	0.0	0.0	0.0	0.0	0.205627	0.0	0.0	0.0	2.26877	0.0	0.0	0.0	0.0	3.19517	0.0	0.0	0.0	0.0	16.1884	0.0	1.04468	0.0	0.0	0.0	0.0	0.0	0.0	0.0	0.0	4.36554	0.0	0.0	0.0	0.0	0.0	0.0	0.0	16.068	4.97951	0.0	0.0	7.89326	0.0	0.0	0.0	0.0	0.3785	2.1047	0.0	0.0	0.0	0.0	0.0	0.0	0.0	0.0	0.0	0.0	0.0	0.0	0.0	0.0	0.0	0.0	0.0	0.0	0.0	0.0	0.0	0.0	0.0	0.0	0.0	0.0	0.0	0.0	0.0	0.0	0.0	0.0	0.0	0.0	1.434	0.0	0.0	0.320778	9.95714	1.65137	0.0	0.0	0.0	1.56605	8.93042	0.0	0.0	0.0	0.0	0.0	0.0	0.0	0.0	0.0	0.0	0.0	0.0	0.0	0.0	0.0	1.53535	0.0	0.0	0.0	0.0	0.0	11.3536	0.0	0.0	0.504666	0.362462	0.0	0.0	0.0	0.0	0.0	0.0	0.0	0.0	0.0	0.0	0.0	0.0	0.0	0.0	10.4069	0.0	0.123258	7.7563	0.222763	0.0	0.0	0.0743834	2.14163	0.0	0.040695	0.0	0.0	0.0	2.01894	0.0	10.4613	33.1041	42.4824	31.719	0.0
N30_2_2	0.0	0.0	0.0	0.0	0.0809717	0.0	0.0	0.0621658	0.0	0.0	0.0	0.0	0.0	0.0	0.00685808	0.0	0.0	0.0	7.10892	1.85902	5.92187	1.73908	0.0	3.36981	0.0532777	0.0553356	0.0	0.0	0.0	1.47351	0.0	1.47351	0.0	0.0112506	0.0	0.0735353	0.101946	0.0205742	221.651	0.0	0.0	0.0	0.0	0.694462	0.0	0.0	0.0	0.0	0.0938825	1.24773	3.56712	0.0609319	1.07924	58.9245	0.0718951	0.0	8.44608	11.5673	0.0	0.0239428	0.0	0.0	14.7351	7.50951	0.0	16.4499	0.793642	0.0	9.20135	10.7628	0.0	0.0395497	3.47421	0.00471587	0.0	0.0	0.0	0.0305526	0.0	0.0	0.0	0.0	0.0	0.0	0.0203791	0.0	0.0	0.0517799	0.0	0.0	0.0	0.392622	0.0	0.0	0.0	0.0415909	12.9185	0.0	0.0	0.247946	0.0	0.1525	0.0	0.0	0.0	0.0	0.0	0.0	0.0206181	0.0	0.0	0.0	0.00889186	0.0	0.0	0.0	0.0	0.0	1.01953	0.0	62.0909	8.40336	0.0	0.0	10.8273	0.194929	0.0945711	0.201456	0.737202	2.35329	0.0226594	0.0	0.0	0.0	0.0	0.0	0.0	0.387765	0.0	0.0	0.0	0.0	0.0	0.0	0.0324766	0.0	0.0	0.0213463	0.0	0.0241446	0.0	0.0	0.0	0.0	0.0	0.0	0.0	0.0	0.0	0.0	0.0	0.0	0.0	0.0	0.0	0.0234934	0.0	0.0	0.741359	3.37679	0.821381	0.0	0.0	0.0	0.0104908	0.0540218	0.0	0.0	0.0	0.036908	0.0	0.0	0.0248903	0.0999472	0.0	0.575161	0.0	0.107443	0.31601	0.0	0.197597	0.0188911	0.0	0.0614547	0.0	0.0	0.0	12.4009	0.0	0.0	0.285248	0.655586	1.04323	0.242759	0.0	0.147351	0.0273741	0.0	0.0	0.644236	0.0	0.0615721	0.0135149	0.0	0.0	0.0	13.6458	0.0	0.0	0.0668041	0.0	0.0	0.0	0.0114913	0.00935645	0.0	0.0490702	0.0	0.0123144	0.0	0.0	0.0237007	12.7216	0.0598755	7.18459	2.46615	0.0
N30_2_4	0.0	0.0	0.0	0.0	5.06153	0.0	0.0	6.27013	0.0	0.0	0.0	0.0	0.021006	3.26285	0.0	0.0	0.0	0.0	6.25286	25.5126	95.9947	19.8153	0.108506	27.1972	2.92877	0.0	0.0	5.41226	0.0	23.1852	0.0	22.5982	0.0	8.57786	0.0	3.01713	4.4432	0.0	201.929	0.0	0.0	0.0	0.0	0.120785	0.0	0.0	0.0	0.0	0.0	10.4045	25.0635	0.0291264	1.57985	30.1826	0.0	0.0	8.89867	62.0031	0.0	0.0143063	0.0	0.0	57.1446	32.6127	0.0	12.8178	0.0665567	1.10056	36.9944	10.5805	0.0	0.0	12.3632	0.067727	0.0	0.0	0.0	3.31525	0.0	0.0780146	0.0	0.0	0.0793053	0.0	0.0	0.0	0.0	0.0	0.0	0.0	0.0	0.151354	0.0	0.0	0.0	0.0	27.5848	0.0175488	0.0	0.592611	0.0	1.55736	0.0	0.0885511	0.0	0.0	0.077168	0.0	0.0	1.39867	0.0	0.0	0.085009	0.0	0.0	0.0	0.0	0.0	0.0	0.0	48.4048	75.3737	0.0	0.0	10.5805	0.0	0.0	5.60287	0.0	10.3969	1.05608	0.0	0.0	0.0	0.0	0.0	0.0	0.0	0.0	0.212523	0.0	0.0	0.0	0.0	0.0	0.0	0.0	0.0	0.0	0.807904	0.0	0.0	0.0	0.0	0.0	0.0	0.0	0.0	0.0	0.0	0.0	0.0	0.0	0.0	9.87212	0.0673814	0.0	0.0	1.50227	55.1912	19.5127	0.0	0.0	0.0	0.0501477	5.99315	0.0	3.16059	0.0	0.0294044	0.288537	0.461659	8.56654	3.34435	0.0	10.7683	0.634069	7.25454	8.30817	0.0	7.43829	0.180605	0.0	0.0	0.0	0.0	0.0	33.5425	0.0	0.0	9.77196	7.96509	10.2293	4.38383	0.0	4.71041	0.0	0.0719995	0.0	0.0	0.0	2.50176	0.0	0.0	0.0	0.0	15.0395	0.0	0.0	1.27734	0.240748	0.0	0.237044	0.16479	0.100632	0.0	6.53845	0.0	1.44219	0.0	0.100705	0.0	5.10178	1.28797	13.229	9.35848	0.0
N31_1_2	0.0	0.0	0.0	0.0	0.163169	0.0	0.0145273	0.0262668	0.0	0.0	0.0430651	0.0	0.0	0.0	0.0	0.0	0.0	0.0	8.42346	15.393	52.1209	12.5551	0.0	33.6356	3.69185	0.140285	0.0	3.94788	0.0	14.8386	0.0	14.3716	0.0	0.0285222	0.0	0.341778	0.359804	0.0	277.331	0.0165585	0.0	0.0	0.0	0.601324	0.0	0.0	0.0	0.0	0.0528906	7.06448	17.7233	0.144174	1.92763	67.4623	0.0	0.0	10.7789	14.3186	0.00536722	0.0354077	0.0260035	0.061906	61.0475	13.2615	0.0	17.9165	0.870696	0.0	30.536	6.91293	0.0	0.0334217	3.24037	0.0	0.0	0.0	0.0	0.0361461	0.0223726	0.0	0.0	0.0	0.0	0.0	0.0	0.0	0.0	0.153149	0.0	0.0229862	0.0	0.0107028	0.00384455	0.0	0.0	0.0	24.3113	0.0	0.0	0.209528	0.0	0.0	0.0	0.0156544	0.0	0.0	0.0	0.00923344	0.0	0.0159524	0.0	0.0	0.0	0.0	0.0172397	0.0	0.0	0.0	0.172313	0.0	54.0225	42.3247	0.0	0.0	6.91293	30.2979	0.266393	0.546837	0.0927838	4.04964	0.0478711	0.0	0.0	0.0	0.0	0.0	0.0	0.163842	0.0	0.0751411	0.0	0.0	0.0	0.0	0.0274445	0.0	0.0	0.0	0.0	0.183631	0.0	0.0	0.0125814	0.0	0.0	0.0	0.0439333	0.0	0.0	0.0	0.0	0.0	0.0	0.0	0.0	0.0	0.0	0.0	0.0136193	93.5915	3.51263	0.0428955	0.0	0.0	0.00443265	0.0	0.0	0.0	0.0	0.23392	0.0612105	0.081614	0.126202	0.0	0.0	0.0	0.179349	1.31654	1.06818	0.0	0.0	0.0	0.0	0.0571259	0.0252795	0.0	0.0	36.6814	0.0	0.0	9.65807	3.60104	3.70717	1.29925	0.0	0.306111	0.0809642	0.0	0.0	0.100287	0.0	0.104064	0.0	0.0	0.0	0.0473716	21.8982	0.0	0.0	0.0	0.0	0.0	0.0	0.00971075	0.0	0.01415	0.119218	0.0142238	0.00520318	0.0	0.0	0.0	9.33638	0.0	6.64	0.347339	0.0
N31_1_3	0.0	0.0	0.0	0.012443	0.475598	0.0	0.0142679	0.0773935	0.0	0.0	0.0	0.0	0.0	0.0	0.00569199	0.0	0.0	0.0	0.705456	2.87432	8.73496	2.51348	0.150718	4.98567	0.707501	0.0	0.0723037	0.440229	0.0	2.34402	0.0	2.29306	0.0	0.00933765	0.0	0.493342	0.577353	0.0	301.928	0.0487885	0.0283094	0.0283094	0.0283094	0.0466788	0.0	0.0	0.0	0.0	0.181812	1.28872	3.17461	0.323658	0.243385	6.04677	0.0	0.0	0.686692	6.22325	0.0	0.084455	0.0127696	0.0304004	8.84151	1.85043	0.0	4.1051	0.0808927	0.0	5.36388	0.796065	0.0158768	0.032825	1.1	0.0352262	0.00535583	0.0	0.0138613	0.0811446	0.0439464	0.081273	0.0	0.0	0.0	0.0	0.0	0.0	0.0	0.0177168	0.0	0.0112879	0.0	0.0	0.0	0.0	0.0	0.0690384	4.27056	0.0	0.0	0.0	0.0	0.0230128	0.0234156	0.00767643	0.0	0.00668809	0.00893234	0.0	0.0	0.0391689	0.0	0.0	0.0147599	0.0	0.0	0.0	0.0	0.0	0.0260364	0.0	7.71012	10.1114	0.0	0.0	0.796065	3.72106	0.340128	1.25655	0.0520727	3.23159	0.0376132	0.100478	0.0	0.0	0.0	0.0	0.0	1.64939	0.0	0.0737996	0.0	0.0	0.0278671	0.0	0.107818	0.0141547	0.0	0.0	0.0	0.450883	0.0	0.0515294	0.0	0.0	0.0141922	0.0	0.0	0.0	0.0	0.0	0.0	0.0	0.0	0.0	0.0	0.0	0.0	0.0187079	0.0	11.2105	1.09488	0.0421297	0.0	0.0	0.0	0.00747273	0.0	0.0	0.0	0.393117	0.100196	0.0	0.165266	0.0	0.0	0.0	0.286239	1.71661	1.65235	0.0	0.0	0.0	0.0	0.0867093	0.0372423	0.0926489	0.0743121	7.00426	0.0	0.0	1.4047	3.96751	4.66224	1.49992	0.0	0.764353	0.340795	0.0	0.0	0.0703547	0.0139699	0.327059	0.0336508	0.0	0.0	0.0	3.59708	0.070401	0.0	0.0	0.0836012	0.0	0.0	0.0381495	0.0	0.0138973	0.346177	0.0	0.0562132	0.0	0.0	0.0196709	1.52235	0.0165649	0.342286	0.0	0.0
N31_1_4	17.4795	0.0	7.2171	0.287677	118.562	0.0	0.0	26.3029	1.60272	5.28261	11.49	5.87407	0.0	0.0	0.460589	0.197185	3.01098	26.4081	77.8427	155.202	60.6998	153.619	197.312	0.937129	52.6496	107.508	0.0	0.782918	94.8724	3.53432	76.6524	2.94526	63.5846	12.6292	1.55403	8.17226	6.84671	0.460589	242.669	1.02353	14.3991	14.3991	14.3991	0.172046	0.0	13.4009	0.0	0.0	0.0	0.665059	2.88636	0.0	0.553472	33.4671	0.0	0.0	11.5763	31.4955	0.0	0.0	0.0	0.0	28.5464	36.1486	0.487012	53.0528	33.1294	0.0	30.3052	9.91024	0.0	0.0	17.5305	0.0	0.0	0.0	15.062	42.0349	6.09615	38.363	0.0	0.0	0.0	0.456221	0.456221	0.456221	0.0	0.0	0.0	0.0	1.01394	5.22509	1.22217	0.0	0.0	2.79325	29.6688	0.0704448	0.0	0.0	0.0	0.0	0.0	0.0887382	0.0	0.0	0.0	0.0	0.0	10.6857	0.0	0.193889	6.99551	0.0	7.63345	11.8165	10.6782	5.66118	59.4427	0.0	39.8492	19.2881	0.0	25.224	9.91024	3.07249	0.0	18.5669	7.07293	10.947	1.95661	0.0	0.0	28.3119	67.9342	45.4092	1.50855	0.0	0.0	80.1924	38.5905	0.0	21.2611	1.1923	1.55795	46.3061	83.1116	0.0	5.54109	12.6249	6.742	30.6771	133.271	265.957	101.553	110.103	4.23975	0.0	0.0	251.525	40.484	0.0	0.0	0.0	0.0	0.0	0.0	0.0	3.71103	19.3078	8.11937	0.0	0.196767	0.196767	0.0	0.647875	0.0	0.0	25.1463	28.7416	0.69495	0.0	0.47761	0.0	0.0	0.0	0.0	3.86566	6.06378	0.0	0.0	0.0	0.0	112.498	110.642	131.198	130.573	131.048	0.0	1.3899	1.27715	5.50365	14.6285	3.36425	18.5713	42.1173	5.38402	0.0	0.0	0.0	9.04342	45.6052	5.44596	0.0591305	0.0	0.0	14.0925	9.76587	46.5216	24.9966	22.8718	5.94717	31.0838	0.0	0.0	20.7239	57.0837	18.4098	17.3678	9.38017	0.0	3.18348	6.79224	15.5105	62.6835	28.8497	36.3827
N31_2_2	0.512488	0.0	0.0973363	0.0	2.36182	0.00778291	0.0290147	0.853373	0.0	0.0774413	0.0573413	0.0	0.0	0.0	0.0	0.0	0.0367833	0.122253	11.4767	1.56882	3.35693	1.49291	0.22987	1.64856	0.269765	0.0622633	0.0	0.263979	0.52251	1.31257	0.495978	1.31257	0.0	0.392433	0.182253	0.875681	0.765853	0.0	402.148	0.0514445	0.0	0.0	0.0	1.47522	0.0	0.0	0.0	0.0	0.0	0.421181	0.846262	0.260529	1.9784	118.444	0.0	0.0	30.1008	21.262	0.0	0.24583	0.0173119	0.0	20.2465	17.9835	0.0	25.4035	2.10717	0.0	18.7796	14.0404	0.0	0.0890021	4.69824	0.0	0.0036341	0.0	0.253691	1.13446	0.230866	0.725367	0.0	0.00841493	0.0	0.0	0.0	0.0	0.00277706	0.0142229	0.0	0.0	0.15855	0.399023	0.0230357	0.0	0.0	0.257388	23.7527	0.0	0.0	0.0	0.0	0.88136	0.0	0.229283	0.0	0.0	0.0	0.0	0.0	0.541636	0.0	0.0113694	0.0400203	0.0370085	0.0	0.0	0.0	0.173414	0.653007	0.0	101.295	2.18666	0.0	0.0	14.0715	1.91917	0.29263	1.49057	0.335328	0.433295	0.178474	0.0	0.0	0.0	0.535107	0.596821	0.796135	0.0	0.0	0.725367	1.11595	0.0	0.217232	0.0	0.045678	0.172706	0.0	0.0	0.00878169	1.11386	0.0	0.139718	0.0586325	0.0	0.211646	0.0	0.146243	0.0	0.0	0.0	0.0	0.0	0.0	0.00279848	0.0	0.0	0.0	0.0	0.21761	4.12577	1.42833	0.0285578	0.0	0.0	0.00295105	0.612915	0.0139924	0.0	0.174015	0.532951	0.0	0.0	0.0560129	0.0	0.0	0.0	0.0	0.0	0.266679	0.0	0.0	0.0	0.0	1.56967	1.02662	1.74277	1.46081	16.4944	0.0	0.163004	0.31026	0.307359	0.737407	0.273151	0.350373	1.82723	0.408115	0.0	0.0	0.0715352	0.160982	1.37175	0.129258	0.0	0.0107303	0.0	20.3633	0.93057	1.26469	1.93557	1.30339	0.278987	1.67392	0.0131407	0.0	0.329712	1.67021	0.511356	0.758622	0.29221	0.0	0.400019	19.8299	2.45906	19.5629	2.65319	1.86675
N31_2_4	88.5368	0.0	3.47212	0.0102671	182.851	0.0	0.0706375	48.6441	0.0676006	3.55596	20.3816	13.0965	0.0	0.0	0.0986294	1.54355	3.5462	31.7472	3.53792	70.2781	26.5917	66.315	34.5726	0.0334458	0.766212	3.14534	0.061746	0.0	52.8284	0.0420461	56.7515	0.0	1.32033	0.100162	0.665554	21.9063	22.0372	0.0986294	357.637	5.27067	0.513897	0.513897	0.478858	1.01928	0.0	0.367903	0.0	0.53694	0.0	0.0	0.0	0.0333825	0.538275	35.4699	0.0	0.0	2.50253	89.7622	0.0	0.176266	0.0105366	0.150506	40.0004	19.198	0.5562	86.8506	43.0137	0.0	48.7569	23.1732	0.0	0.0	2.21183	0.0	0.0	0.0	18.8832	71.1856	10.6609	111.008	0.0	0.0209234	0.0	0.0976941	0.0976941	0.0976941	0.0	0.0354606	0.0	0.0	0.844369	15.0486	0.186938	0.0	0.0	1.50959	37.2745	0.00502829	0.0	0.0	0.0	3.25654	0.0	0.513796	0.0	0.0	0.00737035	0.0	0.0	10.2194	0.46302	14.6008	18.3048	0.0	0.265449	0.372336	0.504836	34.7518	100.016	0.0	71.6791	0.00917846	0.0	0.147983	23.1353	3.86179	0.0539712	35.3104	59.1975	0.0	0.248286	0.0	0.0	0.124362	65.7522	64.2108	155.812	0.132777	0.0	92.7726	75.9202	0.0	25.4428	4.58505	0.622748	22.4246	0.919759	0.0	6.15726	4.34043	0.439392	52.1915	1.80468	3.62998	26.9458	0.939328	16.8939	0.0	0.0	3.38471	0.401349	0.0	0.0	0.0	0.0	0.0	0.0	0.0	0.0662226	0.0	25.1254	0.0173813	1.54028	1.7135	0.0466989	17.3634	0.0	0.0	32.3309	50.1767	0.0	0.0	0.0	0.0	0.0	0.0	0.0	0.0	0.0	0.112623	0.0	0.0	0.0	267.193	230.617	244.087	186.496	202.184	2.10777	1.06651	0.0	0.0	0.0	0.0	22.6044	68.9724	8.95154	0.309451	0.186782	0.0116104	13.7748	64.8775	7.68201	0.177269	0.0	0.0	0.391188	3.10782	9.23681	8.76106	7.81795	1.44331	13.5615	0.0	0.0	28.6793	95.7025	24.6332	27.4041	7.88813	0.0	0.876476	104.935	25.792	32.6133	11.9408	75.0523
N32_1_2	0.0	0.0	0.0	0.0	0.0	0.0	0.0	0.0	0.0	0.0	0.0	0.0	0.0	0.0	0.0	0.0	0.0	0.0	4.18402	10.6546	42.6186	8.87887	0.0	24.2958	6.3106	0.0	0.0	4.34952	0.0	4.36333	0.0	1.45444	0.0	0.0	0.0	0.290336	0.284124	0.0	282.062	0.0	0.0	0.0	0.0	0.0	0.0	0.0	0.0	0.0	0.0	6.24003	20.3622	0.0	1.13883	8.36803	0.0	0.0	0.816666	7.36506	0.0	0.0	0.0	0.0	37.9694	5.9367	0.0	9.21566	0.312944	0.0	19.7115	2.62174	0.0	1.87382	0.609647	0.111717	0.0	0.0	0.0	0.0	0.0	0.0	0.0	0.0	0.0	0.0	0.0	0.0	0.0	0.0	0.0	0.0	0.0	0.0	0.0	0.0	0.0	0.0	16.0122	0.0	0.0	0.0	0.0	0.0	0.0	0.0	0.0	0.0	0.0	0.0	0.0	0.0	0.0	0.0	0.0	0.0	0.0	0.0	0.0	0.0	0.0	0.0	6.92907	46.9897	0.0	0.0	2.62174	14.513	0.0	0.433854	0.0	6.08163	0.543476	0.0	0.0	0.0	0.0	0.0	0.0	0.0	0.0	0.0	0.0	0.0	0.0	0.0	0.0	0.0	0.0	0.0	0.0	0.0	0.0	0.0	0.0	0.0	0.0	0.0	0.0	0.0	0.0	0.0	0.0	0.0	0.0	0.0	0.0	0.0	0.0	1.06795	1.52717	83.2265	0.589639	0.0	0.0	0.0	0.0	0.0	0.0	0.0	0.0	0.291444	0.0	0.0	0.0	0.0	0.0	0.0	0.0	0.636319	8.98333	0.0	0.0	0.0	0.0	0.0	0.0	0.0	0.0	26.2858	0.0	0.0	10.8118	5.82394	1.26736	4.47287	0.0	0.145444	0.0	0.0	0.0	0.0	0.0	0.0	0.0	0.0	0.0	0.0	10.31	0.0	0.0	0.0	0.0	0.0	0.0	0.531188	0.0	0.0	0.0	0.0	0.0	0.0	0.0	0.0	1.01642	0.0	0.0	0.0	0.0
N32_1_3	0.0	0.0	0.0	0.0	0.150153	0.0	0.0	0.0321136	0.0	0.0	0.0	0.0	0.0	0.0	0.0	0.0	0.0337747	0.0	2.49954	12.1203	38.5682	9.26772	0.0390867	26.0276	1.10089	0.0	0.112506	3.17913	0.0	8.88049	0.0	9.62053	0.0	0.0387456	0.0	0.205762	0.283969	0.0118092	416.317	0.0337405	0.0	0.0	0.0	0.0203514	0.0	0.0	0.0	0.0	0.0	5.27577	11.8777	0.104921	0.689132	5.24618	0.0206331	0.0	0.0	5.56605	0.0109366	0.010307	0.0	0.0	26.6537	5.85535	0.0	7.77521	0.0119877	0.0	13.5071	1.41338	0.0164697	0.034051	1.66177	0.0243613	0.0	0.0	0.0	0.0105219	0.0227939	0.0562056	0.0	0.0	0.0	0.0	0.0116972	0.0	0.0	0.0445808	0.0	0.0117095	0.0	0.0	0.0	0.0	0.0	0.0	9.76214	0.0	0.0	0.64042	0.0	0.0	0.0	0.0	0.0	0.0138758	0.00926595	0.0188146	0.0118343	0.00812636	0.0	0.0173991	0.0	0.0	0.0	0.0	0.0	0.0	0.0	0.0	6.86989	25.9399	0.0	0.0	1.41338	22.6088	0.122134	0.441502	0.0270088	0.920958	0.0292635	0.0	0.0	0.0	0.0	0.070257	0.0	0.0	0.0	0.0	0.0	0.0	0.0	0.0267485	0.0	0.0	0.0	0.0183785	0.0	0.145514	0.0	0.00982355	0.0	0.0	0.0	0.0	0.0	0.0	0.0	0.0	0.0	0.0	0.0	0.0	0.0	0.0	0.0	0.0	0.527279	43.1397	1.62866	0.0	0.0	0.0	0.0	0.0116277	0.0	0.0	0.0	0.153587	0.062363	0.0415753	0.0214298	0.0	0.0	0.0	0.0913631	0.416273	0.408111	0.0	0.0	0.0	0.0	0.0899478	0.0	0.0	0.0	15.0834	0.0	0.0	7.20394	0.893693	0.667879	0.487684	0.0	0.301302	0.153193	0.0	0.0	0.0218947	0.0144917	0.106023	0.0465434	0.0	0.0	0.0160878	7.07254	0.0	0.0	0.0	0.0	0.0	0.0	0.00989359	0.0	0.0	0.10562	0.0	0.0265058	0.0	0.0	0.0408111	0.951217	0.0	0.261631	0.111751	0.0
N32_1_4	2.64087	0.0	0.531563	0.0	14.1727	0.0	0.0	2.81149	0.321943	0.576417	1.80059	1.18765	0.0	0.0	0.0	0.0322742	0.184807	3.75359	33.5422	18.9989	5.72086	19.9171	23.526	0.0	13.8045	15.9019	0.0	0.0	19.303	32.3946	13.2382	37.3117	8.51495	7.84425	0.0	0.72172	0.452018	0.0	197.445	0.358983	3.45479	3.45479	3.45479	0.00383993	0.0	5.31475	0.0	0.0	0.0	0.0	0.0	0.0	0.0905891	12.8968	0.0	0.0	9.25716	11.2003	0.0	0.0	0.0	0.0	9.34461	21.658	0.0	9.68698	2.68935	0.0	8.48685	3.21513	0.0	0.0	9.21405	0.0	0.0	0.0	1.88829	4.80738	0.748336	5.68957	0.0	0.0	0.0	0.0	0.0	0.0	0.0	0.119098	0.0	0.0	0.0	0.59666	0.0	0.0	0.0	0.0	6.44815	0.0	0.0	0.0	0.0	0.0	0.0664551	0.0872701	0.0	0.0	0.0	0.0514746	0.0	0.222328	0.0	0.0	0.628345	0.0	1.05718	1.41134	1.63426	1.07872	10.1972	0.0	11.5196	0.0631393	0.0	6.27759	3.21513	0.393564	0.0	2.09944	0.738929	0.0	0.480369	0.0	0.0	4.70521	7.9659	4.22873	0.0	0.0	0.0	11.7291	2.8553	0.0	2.7681	0.731807	0.382494	6.5882	7.5925	0.0	0.29414	0.0	0.431801	3.60735	18.5166	23.9585	13.9364	10.7695	1.34706	0.0	0.0	22.6088	2.76091	0.0	0.0	0.0	0.0	0.0	0.0	0.106189	1.8222	0.0	4.57309	0.0	0.0322057	0.0322057	0.0	0.0212081	0.0	0.0	3.52783	3.76727	0.0	0.0	0.0	0.0	0.0	0.0	0.0	0.0	0.0	0.0	0.0	0.0	0.0	12.4201	12.1198	14.199	15.6068	19.989	0.0	0.0	0.0	0.0	0.0	0.0	2.29956	3.87579	0.838237	0.0	0.0	0.0798685	1.11013	4.49603	0.636687	0.0	0.0	0.0	8.50018	0.0	4.98873	0.0	0.0	0.0	0.0	0.814937	0.0	2.52426	6.55945	1.74449	1.24729	0.431801	0.0	0.0	1.46544	1.97452	8.69175	11.5161	3.57294
N32_2_3	0.474188	0.516397	1.10081	0.0	44.8265	0.0117021	0.0145418	11.7424	0.0192691	0.853875	1.89675	2.37624	0.00185861	0.0	0.13923	0.197032	0.652609	5.02426	45.6795	56.7509	29.8275	56.5226	37.2504	9.70827	22.3985	26.1658	0.0	1.08718	31.7947	8.0499	49.4047	7.58249	7.38979	0.761348	0.698771	5.78491	5.10314	0.13923	351.448	1.07	0.0577054	0.0577054	0.0577054	1.1149	0.0	0.090886	0.0	0.0	0.0	1.88808	5.12597	0.52573	1.57373	76.008	0.0	0.0	21.8418	36.3157	0.0	0.70886	0.0	0.0464758	30.9212	19.7878	0.0429382	42.9201	8.66852	0.0	28.0175	13.8786	0.0161815	0.33455	6.86815	0.00797828	0.0	0.0	5.69332	18.0394	2.34027	25.333	0.0	0.167988	0.0	0.137909	0.137909	0.137909	0.0	0.0541704	0.0	0.0	0.685369	3.05334	0.230903	0.0	0.0	1.79426	30.6821	0.0	0.0	0.0	0.0	0.351817	0.0	0.75216	0.0	0.0	0.0	0.101669	0.0	3.59286	0.0	2.54709	2.91086	0.0	0.0	0.0187716	0.0	6.12363	20.3133	0.0	81.1343	8.3668	0.0	0.0	13.9332	9.01008	1.0933	9.95614	13.7589	0.627354	1.52382	0.0	0.0	0.0	0.268188	0.414164	0.0	9.02026	0.0419474	1.69236	1.63129	0.0	7.75371	0.722708	0.109887	3.11609	0.113607	0.0180568	1.42601	6.06587	0.0	7.63267	0.239284	0.727088	3.54383	0.618798	3.0784	0.0	0.0	0.727088	0.231346	0.0	0.0	0.0	0.0	0.0	0.0	0.0	0.327189	18.8697	2.23179	0.128815	0.196614	0.20818	0.0266224	0.11805	0.0	0.0	6.22431	11.0	0.0	0.0	0.0	0.0	0.0	0.0	0.0	0.0	0.0	0.0	0.0	0.0	0.0	44.6701	39.7789	46.7059	26.9628	55.0604	0.276015	1.59306	2.15553	0.0	0.0	0.0	7.21867	20.6908	3.06812	0.0509641	0.0	0.182847	3.53103	20.8439	1.7034	0.01564	0.0161336	0.0	18.1312	9.25602	12.635	15.0032	14.7974	1.1186	19.156	0.0777634	0.0	7.52111	23.8673	7.90209	9.47401	2.89457	0.0	1.8645	44.4872	8.32324	25.2645	6.09363	18.0435
N32_2_4	0.797081	0.0	1.67712	0.0341076	221.241	0.0	0.312881	51.3108	0.0690991	1.16565	12.9272	10.9792	0.0	0.11503	0.109217	1.88589	4.25411	34.9354	218.538	325.216	107.78	322.01	219.581	0.111108	143.027	168.127	0.0	0.0	186.312	0.139679	297.838	0.139679	37.6937	7.49951	1.14235	20.8702	15.021	0.109217	285.702	7.45449	0.737194	0.737194	0.737194	1.00693	0.0	0.122219	0.0	4.06296	0.0	0.0946212	0.0	0.0	0.995251	41.8391	0.0	0.0	9.64681	80.6125	0.0	1.41624	0.0	1.37496	39.1638	18.6769	2.6561	140.91	54.3254	0.0	54.1991	20.9189	0.0	0.0	20.0527	0.0	0.0	0.0	25.267	86.2461	19.2137	146.737	0.077191	5.07412	0.0	0.108181	0.108181	0.108181	0.0	0.070511	0.0	0.0	1.60287	17.8646	0.45541	0.0	0.0	5.48803	34.6378	0.0	0.0	0.0	0.0	3.02788	0.0	1.60149	0.0	0.0	0.0	0.0	0.0	10.2213	0.0	11.31	19.7236	0.0	0.278474	0.0	0.0	36.0446	122.433	0.0	62.5513	4.26877	0.0	0.491607	20.9189	3.95958	0.0717178	31.2353	74.4733	1.2979	0.773266	0.0	0.0	0.309851	0.480862	1.29954	0.0	0.0	0.0	0.404587	0.626764	0.0	33.6102	7.73956	0.738856	24.987	0.611095	0.0	7.45743	11.755	0.0	55.9579	3.6581	2.93326	29.0602	0.832129	20.5801	0.0	0.0	2.60734	0.177773	0.0	0.0	0.0	0.322014	0.0	0.0	0.0	1.61329	0.155199	6.96507	0.0	1.88189	1.9752	0.023867	0.143385	0.0	0.0	38.2583	61.3101	0.0	0.0	0.0	0.0	0.0	0.0	0.0	0.122219	0.575148	0.0	0.0	0.0	0.0	310.089	264.197	305.865	217.041	247.016	2.66842	2.88382	0.0432634	0.310726	1.15626	0.184096	27.954	81.9356	14.1058	0.274136	0.676905	0.395344	17.6914	81.8902	12.2988	1.52832	0.0	0.0	10.1694	6.56123	18.1321	18.6178	16.194	4.32467	23.5413	0.967295	0.0	35.4657	113.311	30.3665	33.0587	9.59217	0.0	2.58817	126.555	34.2819	49.3814	16.5857	78.9391
N33_1_3	0.0	0.0	0.0	0.0	18.2341	0.0820361	0.407774	4.31318	0.0	0.0	0.654776	0.355948	0.0260592	0.0	0.0	0.0947934	0.594498	1.86133	15.2086	30.8498	53.224	29.1606	12.7429	25.0997	13.3748	8.64114	0.0	3.54867	8.09933	12.3789	12.634	12.3789	1.78639	0.0	0.0320174	5.87483	7.31386	0.0	388.542	0.301252	0.0	0.0	0.0	0.124062	0.0	0.0	0.207202	0.0	1.02067	9.64627	17.9251	3.22789	1.57743	33.9084	0.0	0.0	0.272576	38.2288	0.0	1.00571	0.0	0.0	52.5646	12.8454	0.0	34.384	3.55041	0.0	32.9432	3.3726	0.0	0.156355	6.81658	0.0	0.0	0.0	1.98077	6.25672	1.7008	12.3236	0.0	0.0	0.0	0.0	0.0	0.0	0.00975723	0.562941	0.0293842	0.0	0.0	1.32687	0.0359716	0.0	0.0	0.411063	28.3585	0.0	0.0	0.0	0.0	0.137021	0.0	0.0182826	0.0	0.0	0.0212737	0.0215982	0.0	0.69032	0.0	2.3169	1.75765	0.0	0.0	0.0438655	0.0	2.83757	10.8517	0.0	57.9098	57.224	0.0	0.0	3.3726	26.2015	4.29957	13.0084	6.23195	0.0	0.067186	0.0	0.0	0.180751	0.0	0.322606	0.0	1.91623	0.0	2.54859	2.06937	0.0	2.45567	0.706235	0.513569	3.10146	0.0	0.0	0.3394	2.57722	0.0	2.20905	0.0588588	0.0	3.6167	0.0	1.54148	0.0	0.0	0.0	0.0	0.0550451	0.0	0.0	0.0	0.0	0.0	0.0	0.0	97.9656	5.36286	0.852874	0.0945923	0.202698	0.0	0.0800883	0.0	0.0	3.73278	8.83981	0.0	0.0	0.0984011	0.0	0.0	0.0	0.0	0.424765	0.124931	0.0	0.0	0.0	0.0	22.6069	17.7692	21.2382	9.55721	57.3664	0.209186	0.0	8.57047	0.539955	0.0	0.853084	2.16264	12.5366	5.41102	0.0	0.0	0.050268	1.3974	8.20319	1.28231	0.0	0.0	0.0	21.9372	0.0	0.0	0.330128	0.331847	0.0	0.0653484	0.155131	0.0	3.07816	10.1483	1.73011	2.17859	1.08708	0.0	0.0	16.3686	2.1304	4.71961	0.855231	3.74792
N33_1_4	0.0	0.0	0.0	0.0	0.117479	0.0	0.0	0.0703517	0.0	0.0	0.0	0.0	0.0	0.0	0.0	0.0	0.0	0.0	0.0832817	0.169662	0.28277	0.169662	0.0	0.368458	0.0	0.20874	0.0	0.0769565	0.0	0.231602	0.0	0.231602	0.0	0.0	0.0	0.0231162	0.0452433	0.0	425.537	0.0	0.0	0.0	0.0	0.0215233	0.0	0.0	0.0	0.0	0.0	0.104595	0.0	0.0	0.00906721	0.582972	0.0	0.0	0.0	0.34494	0.0	0.0225796	0.0	0.0	0.467659	0.130393	0.0	0.31446	0.0498325	0.0	0.45711	0.13916	0.0	0.0	0.145618	0.035579	0.0	0.0	0.0	0.046101	0.0	0.0	0.0	0.0	0.0	0.0	0.0	0.0	0.0	0.0976637	0.018692	0.0	0.0	0.0	0.0	0.0	0.0	0.0	0.605566	0.0	0.0	0.0	0.0	0.0	0.0	0.0	0.0	0.0	0.0	0.0	0.0	0.0	0.0	0.0	0.0	0.0	0.0	0.0	0.0	0.0	0.295842	0.0	0.662021	0.252788	0.0	0.0	0.13916	0.315139	0.0594578	0.207258	0.177505	0.0	0.0854772	0.0	0.0	0.0	0.0	0.0	0.0	0.0	0.0	0.0	0.0	0.0	0.0	0.0	0.0	0.0	0.0	0.0	0.117764	0.182159	0.0	0.0780682	0.0	0.0	0.0	0.0	0.0	0.0	0.0	0.0	0.0	0.0	0.0	0.0	0.0	0.0	0.0	0.0	0.0	0.128668	0.0	0.0	0.0	0.0	0.0	0.0	0.0	0.0	0.0	0.162431	0.0	0.0	0.0	0.0	0.0	0.0	0.0	0.0	0.0	0.0	0.0	0.0	0.0	0.162276	0.0	0.210548	0.0	0.70744	0.0	0.0	0.0	0.0	0.0	0.0	0.126988	0.092641	0.0	0.0	0.0	0.0	0.126988	0.0464532	0.0	0.0	0.0	0.0704877	0.205217	0.0	0.0	0.0	0.0	0.0	0.0	0.043348	0.0	0.126329	0.0925528	0.0	0.0232266	0.0	0.0	0.0	0.202315	0.0	0.163759	0.0	0.0
N33_2_3	0.0	0.0	0.0	0.0	72.7031	0.0	0.0	16.5079	0.0	0.0	3.89958	6.40548	0.0	0.0	0.0	0.425048	1.56851	13.1825	80.2224	110.131	40.8032	110.938	74.7362	5.05013	43.1924	62.1413	0.0	0.168764	59.2046	1.5237	93.2125	1.5237	11.9617	0.0465352	0.0	7.04637	4.88646	0.0	406.443	1.82808	0.0	0.0	0.0	0.347258	0.0	0.0	0.0	0.0	0.0	0.286717	0.177765	0.0	0.159073	9.58833	0.0991252	0.0	0.427776	6.42978	0.0	0.0742749	0.0	0.0	9.5231	2.57354	0.0	39.0776	17.5653	0.0	14.6689	5.37871	0.0	0.0	0.691898	0.0	0.0266914	0.0	7.04611	25.3757	4.48974	40.4358	0.0	0.0	0.0	0.0	0.0	0.0	0.0	0.107087	0.0	0.0	0.0	6.07682	0.0	0.0	0.0285184	0.0	7.61848	0.0	0.0	0.0	0.0	0.745464	0.0	1.37921	0.0	0.0	0.0890307	0.0	0.0	1.17122	0.0	5.51683	7.8339	0.0	0.0	0.0	0.0	17.1572	51.2533	0.0	18.583	3.15985	0.0	0.0	5.34057	4.37692	0.0	10.378	27.7676	1.06187	0.0937247	0.0	0.0	0.0	0.0	0.0	0.0	3.80924	0.0	0.0	0.0	0.0	11.9436	1.99182	0.268662	9.09985	0.0	0.0	2.71166	0.0	0.0	23.1978	0.0	0.0	10.3971	0.0	7.09625	0.0	0.0	0.0	0.0	0.0	0.0	0.0	0.0	0.0	0.0	0.0	0.133323	8.18281	0.41181	0.0	0.424147	0.39587	0.0	0.0744824	0.0	0.0	15.4197	21.7287	0.0	0.0	0.205905	0.0	0.0	0.0	0.219462	0.222206	1.4378	0.0	0.0	0.0	0.0	113.293	89.2741	100.137	75.1796	87.2663	0.583632	0.0	0.314628	0.0	1.88091	0.223135	9.1203	25.5727	5.09516	0.373804	0.0	0.035062	6.68358	25.2894	3.74535	0.0	0.0788896	0.0772889	1.38761	0.0	0.0	0.0	0.0	0.0	0.0	0.522837	0.0	12.6744	34.0983	8.70257	9.95787	2.65383	0.0	0.0	42.1045	10.3192	9.60647	4.29498	29.4096
N33_2_4	0.0	0.0	0.0	0.0	305.908	0.0	0.0	66.8525	0.0	0.0	17.8572	18.2769	0.0	0.0	0.0	2.37298	5.68803	55.1388	323.404	416.886	131.756	418.758	306.275	0.0	178.106	237.138	0.181572	0.0	271.97	0.0	432.969	0.0	66.004	2.99071	0.0	23.5954	18.7913	0.0	389.404	8.7777	0.0	0.0	0.0	1.34929	0.0	0.0	0.0	0.0	0.0	0.0	0.0	0.0	0.890665	42.593	0.0	0.0	3.74893	59.185	0.0511622	0.0	0.0	0.0	34.2036	15.8713	0.0	186.23	72.679	0.0	50.986	22.1388	0.0	0.0	4.40521	0.018994	0.0	0.0	33.4314	111.12	21.1131	208.442	0.0	0.0	0.0	0.0	0.0	0.0	0.0	0.249662	0.0	0.0	0.0	22.496	0.0366476	0.0	0.0	0.0	29.4359	0.0	0.0	0.0	0.0	4.13203	0.0	0.0373058	0.0	0.0	0.0	0.0	0.0	7.26102	0.0	27.0229	29.0448	0.0	0.0	0.0	0.0	64.0253	182.07	0.0	74.3602	0.0	0.0	0.0	22.0645	5.94443	0.0	41.1355	111.567	0.0	0.0912647	0.0	0.0	0.0	0.0	0.0	0.0	0.0	0.0	0.0	0.0	0.0	45.168	7.57046	0.981038	34.5511	0.0	0.0	10.8134	0.0	0.0	88.7721	0.0	0.0	38.4307	0.0	25.2319	0.0	0.0	0.0	0.0	0.0	0.0	0.0	0.0	0.0	0.0	0.0	0.714032	0.0	1.604	0.0	2.36795	2.39548	0.253521	0.0	0.0	0.0	60.3879	92.958	0.0	0.0	0.0	0.0	0.0	0.0	0.0	0.0	0.0	0.0	0.0	0.0	0.0	472.639	358.146	431.735	301.661	324.072	3.12572	0.0	0.0	0.440082	0.215476	0.0	40.6759	105.986	19.2944	0.242662	0.0	0.546268	25.6936	102.718	16.7111	0.0	0.0	0.0	2.19112	0.0	0.0	0.0	0.0	0.0	0.0	0.925662	0.0376848	54.2226	146.722	37.3541	38.91	6.89113	0.0377121	0.0	199.424	40.354	48.3453	18.8201	117.223
N34_1_2	0.0	0.0	0.0	0.0	0.417677	0.0	0.0	0.138957	0.0	0.0	0.0	0.0	0.0	0.0	0.0	0.0	0.0	1.07939	0.0	0.446818	0.893635	0.446818	0.0	0.0	0.0	0.20615	0.0	0.0	1.22118	0.0	1.23161	0.0	0.0	0.0	0.0	0.136976	0.134045	0.0	338.512	0.0	0.0	0.0	0.0	0.0425124	0.0	0.0	0.0	0.0	0.0	0.0	0.0	0.363198	0.0537281	0.164496	0.0	0.0	0.0	0.408791	0.0	0.133796	0.0	0.0	0.725772	0.321936	0.0	0.0	0.0	0.0	0.601916	0.137433	0.0	0.0	0.0	0.105412	0.0	0.0	0.124438	0.0910576	0.0986302	0.0	0.0	0.0	0.0	0.0	0.0	0.0	0.0	0.0	0.0	0.0	0.0	0.0	0.0	0.0	0.0	0.0	0.881338	0.0	0.0	0.0	0.0	0.0	0.0	0.0	0.0	0.0	0.0	0.0	0.0	0.0	0.0	0.0	0.265009	0.0	0.0	0.0	0.0	0.0	0.0	0.0	1.04609	0.0	0.0	0.0	0.137433	0.0	0.0	0.409371	0.0	0.0	0.0844164	0.0	0.0	0.0	0.0	0.0	0.0	0.0	0.0	0.0	0.821075	0.0	0.125086	0.0	0.0	0.0	0.0	0.0	0.0	0.0	0.0	0.0770994	0.0	0.0	0.0	0.0	0.0	0.0	0.0	0.0	0.0	0.0	0.0	0.0	0.0	0.0	0.0	0.0	0.120082	0.0	0.0	0.0	0.0	0.0	0.0	0.0	0.0	0.0	0.0	0.229165	0.0	0.0	0.0	0.0	0.0	0.0	0.0	0.0	0.0	0.0	0.0	0.0	0.0	0.228946	0.0	0.0	0.0	1.16443	0.0	0.0	0.0	0.0	0.0	0.0	0.250825	0.0914913	0.0	0.0	0.0	0.0	0.125412	0.0917534	0.100698	0.0	0.0	0.0	0.472898	0.0	0.553693	0.0	0.0	0.0	0.0	0.428101	0.0	0.249522	0.182808	0.125412	0.0	0.0	0.0	0.0	0.159843	0.0	0.323454	0.0	0.0
N34_1_3	0.0	0.0	0.0	0.0	0.267325	0.0	0.0	0.0667024	0.0	0.0	0.0	0.0	0.0	0.0	0.0	0.0	0.0	0.0	0.0	0.0	0.0	0.0	0.0	0.524018	0.0	0.0	0.233684	0.0	0.0	0.0	0.0	0.0	0.0	0.0	0.0	0.263005	0.0965168	0.0	322.126	0.0	0.0	0.0	0.0	0.0174916	0.0	0.0	0.0	0.0	0.0	0.0	0.0	0.0	0.0	0.710654	0.128569	0.0	0.0	0.441513	0.0	0.192675	0.0	0.0	0.237535	0.185443	0.0	0.0	0.0	0.0	0.260039	0.0989561	0.0	0.424358	0.0	0.0506001	0.0	0.0	0.0895989	0.262257	0.0710168	0.0	0.0	0.0	0.0	0.0	0.0	0.0	0.0	0.0	0.0	0.0	0.0	0.0	0.0	0.0	0.0	0.0	0.271967	0.0	0.0	0.0	0.0	0.0	0.0	0.0496913	0.0	0.0432315	0.0577382	0.0	0.0	0.0	0.0	0.0	0.0	0.0	0.0	0.059527	0.0	0.0	0.0	0.0	0.502144	0.0	0.0	0.0	0.0989561	0.0	0.0	0.29476	0.0	0.0	0.182347	0.0	0.0	0.0	0.0	0.0	0.0	0.0	0.0	0.0	0.0	0.0	0.0900655	0.0	0.0	0.0	0.0	0.0	0.0	0.0	0.0	0.122425	0.47924	0.0	0.0	0.0	0.0	0.0	0.0	0.0	0.0	0.0	0.0	0.0	0.0690323	0.0	0.0	0.0	0.0	0.0	0.0	0.0	0.0	0.0	0.0	0.0483033	0.0	0.0	0.0	0.330011	0.0	0.0	0.0	0.0	0.0	0.0	0.0	0.0	0.0	0.0	0.0	0.0	0.0	0.0	0.320976	0.0	0.48035	0.377293	0.0	0.0	0.0	0.0	0.0	0.0	0.0	0.296444	0.0734292	0.0	0.0	0.0	0.0	0.264261	0.0725056	0.0330642	0.0	0.100247	0.194572	0.0	0.0	0.0	0.0	0.0	0.0	0.0601481	0.0	0.0898316	0.263255	0.0903007	0.0	0.0	0.0	0.0	0.0	0.0	0.0	0.0	0.0
N34_1_4	0.0	0.0	0.0	0.0	0.367572	0.0	0.0	0.0444683	0.0	0.0	0.0	0.0	0.0	0.0	0.0122642	0.0	0.0	0.0	0.0789616	0.294912	0.670255	0.268102	0.162372	0.873363	0.0	0.0989562	0.0	0.0364823	0.0	0.0	0.0	0.0	0.0	0.0201194	0.0	0.67943	0.697066	0.0	471.082	0.0	0.0	0.0	0.0	0.0174916	0.0	0.0	0.0	0.0	0.0	0.22313	0.922272	0.305099	0.0171937	3.98756	0.171426	0.0	0.0	3.90821	0.0	0.0	0.0	0.0	1.7736	0.927217	0.0	2.73302	0.0248993	0.0	1.77693	0.197912	0.0	0.0	0.552258	0.0253001	0.0	0.0	0.0	0.0546369	0.0	0.0	0.0	0.053496	0.0	0.0	0.0	0.0	0.0	0.0452094	0.0	0.0	0.0	0.0	0.0	0.0	0.0	0.0	2.31172	0.0	0.0	0.0	0.0	0.0247922	0.0	0.0	0.0	0.0	0.0	0.0	0.0	0.0	0.0	0.0	0.0318025	0.0	0.0	0.0	0.232636	0.0314983	0.0841489	0.0	6.36049	0.647124	0.0	0.0	0.197912	0.149396	0.253681	1.39738	0.0841489	0.102021	0.0615395	0.0	0.0	0.0	0.0	0.0	0.0	0.0	0.0	0.0	0.0	0.0	0.0300219	0.0277793	0.0	0.0609968	0.0	0.0381735	0.0	0.474953	0.0	0.0204042	0.0266245	0.0	0.0	0.0	0.0	0.0	0.0	0.0	0.0	0.0	0.0	0.0	0.0	0.0	0.0	0.0806181	0.0	0.0	0.178045	0.0	0.0	0.0	0.0187606	0.0	0.0	0.0	0.0873363	0.550019	0.0	0.0	0.0	0.0	0.0	0.0	0.0	0.0	0.0	0.0	0.0	0.0	0.0	0.109899	0.0	0.0	0.0	3.06026	0.0	0.0	0.0	0.0	0.0	0.0	0.0	0.812477	0.391623	0.0	0.0	0.00757948	0.0	0.165163	0.0	0.0	0.0341077	0.0334156	0.794503	0.0	0.0	0.0597326	0.0	0.0	0.0	0.0205497	0.0	0.0	0.230348	0.0	0.0220218	0.0	0.0	0.0423838	0.709735	0.142766	0.194081	0.0773718	0.508606
N34_2_2	0.0	0.0	0.00554969	0.0110607	0.0827146	0.0	0.0	0.0183456	0.0	0.0	0.0	0.0	0.00162103	0.0186513	0.0	0.0	0.0192945	0.0	1.81611	5.14321	18.3607	3.9376	0.0334936	10.9894	0.707517	0.0	0.0	1.26428	0.0	3.4425	0.0	3.39721	0.0	0.0	0.01195	0.108504	0.0840611	0.0	363.583	0.0	0.0	0.0	0.0	0.0258581	0.0	0.0	0.348006	0.0	0.0115439	2.3627	6.15121	0.0449536	0.377721	2.83411	0.0707225	0.0	0.0	4.22314	0.0046858	0.0132482	0.0	0.0	15.2156	3.32161	0.0	3.30056	0.0102723	0.0	7.50365	0.748454	0.0	0.0291784	0.560098	0.00695843	0.0	0.0	0.0123215	0.0180326	0.00976609	0.0361222	0.0	0.011035	0.0	0.0	0.0	0.0	0.0	0.0382015	0.00731143	0.0100339	0.0	0.14016	0.0	0.0	0.0305203	0.0	5.14256	0.0	0.0	0.0	0.0	0.357985	0.0	0.0546677	0.0	0.00594511	0.0238201	0.0	0.0	0.0348176	0.0	0.0	0.301766	0.0	0.0	0.0	0.0	0.0	0.0	0.0	3.54764	11.5491	0.0	0.0	0.748454	9.45054	0.0930286	0.184659	0.0	0.431415	0.108663	0.0	0.0	0.0	0.0	0.120407	0.0	0.1788	0.0	0.0	0.0	0.0	0.0123856	0.0	0.0	0.0251645	0.0	0.0314973	0.0	0.0534392	0.0	0.0152683	0.0329521	0.0	0.0252312	0.0	0.0	0.0	0.0	0.0	0.0	0.0	0.0114055	0.0	0.0569591	0.0	0.0	0.0166297	2.27103	34.123	0.8998	0.0	0.0	0.0	0.00773977	0.0929961	0.0	0.0	0.0	0.0499208	0.0	0.0	0.0	0.0	0.0	0.0	0.0	0.158536	0.139885	0.0	0.0	0.0	0.0	0.0680089	0.0	0.0308837	0.0	9.43723	0.0	0.0	3.68983	0.221682	0.4539	0.0596998	0.012418	0.135888	0.0807828	0.0	0.0	0.0312695	0.012418	0.0499684	0.00997083	0.0	0.0422138	0.0689288	7.39167	0.0	0.0	0.0	0.0	0.0304877	0.0	0.0254336	0.0	0.0123535	0.0633542	0.012418	0.00454259	0.0	0.0	0.0524568	0.80719	0.912933	0.896771	0.989522	0.0
N34_2_3	0.329786	0.0	0.0	0.0141118	0.832526	0.0	0.0809074	0.251617	0.0	0.0	0.0	0.0	0.00206819	14.6704	0.0	0.0	0.0615422	0.0	4.74846	5.32013	18.7545	4.65688	0.384595	14.4806	1.30388	0.156259	0.0820008	1.57462	0.102848	5.1434	0.41491	5.08561	0.0	4.74431	0.0304928	0.796	0.818482	0.0	395.0	0.358632	0.0642123	0.0642123	0.0642123	0.448065	0.0	0.0	0.690673	0.0	0.0	3.158	6.87713	0.28677	0.911793	27.2024	0.0	0.0	10.3514	26.9835	0.0	0.36059	0.0434467	0.0689552	29.7568	24.7033	0.0	18.3611	0.48492	0.0	19.36	13.4817	0.486165	0.260591	13.8802	0.0177558	0.0121604	0.0	0.141483	0.339351	0.0996806	0.0	0.0958114	1.32289	0.0267708	0.0	0.0	0.0	0.0	0.0475926	0.0	0.0	0.0	0.143058	0.012847	0.0	0.0454293	0.234893	17.1942	0.0	0.19382	0.466774	0.0	0.730777	0.0	0.0871847	1.55318	1.35773	0.0405213	0.0719939	0.0	0.0355377	0.0	0.0	0.0167395	0.0	0.0	0.0	0.0	0.0248691	0.221462	0.0	34.9987	12.1992	0.0	0.0	13.4904	9.10864	0.459926	1.44806	0.0295283	1.46331	0.821161	0.227908	2.0781	0.0	0.0	0.0	0.0	2.2356	1.63371	0.544033	0.82982	0.0	0.14222	0.0584873	0.0611391	0.0	0.0	0.0	0.0293853	3.05676	0.0287586	0.681804	0.084084	0.0	0.0	0.0	0.0	1.20458	0.859642	0.0	0.0	0.0	0.101862	0.0	53.6436	0.0442278	1.47104	0.487991	4.62689	6.42123	13.4013	0.04778	0.0	0.0	0.0	0.330523	0.0	0.311182	0.0919403	0.903261	0.0227268	0.0227268	0.0	0.0	0.0	0.0	0.0	0.0	1.33854	0.0	0.0	0.0266728	0.0	0.561107	0.211185	0.0919403	0.0421393	22.0583	0.0	0.0	4.27807	0.0	0.0	0.0761681	0.174278	0.982448	0.373617	0.0	0.0	0.0877694	0.095061	0.689684	0.0636065	0.0058012	0.0359057	0.0175886	18.0762	0.0	0.104923	0.282966	0.126418	0.0	0.155591	0.0429597	0.0	0.0945671	0.739021	0.126748	0.191257	0.0575171	0.0	0.022309	8.38018	1.55928	10.5833	5.11102	0.0
N35_1_2	2.46941	0.28685	0.0	0.0	0.47559	0.0	0.0	0.0	0.0	0.0	0.0	0.0	0.0	0.0	0.0	0.0	0.0	0.0	12.0595	31.7884	137.28	25.3602	0.0	78.3102	14.3947	0.0	0.0	7.54889	3.52972	39.3067	3.55989	40.3885	0.0	0.0	0.0	0.179963	0.352226	0.0	259.555	0.0	0.0	0.0	0.0	0.129262	0.0	0.0	0.0	0.0	0.0	13.4357	38.1167	0.572616	1.84945	14.6529	0.0	0.0908016	3.23972	10.2046	0.0373047	0.105471	0.0	0.0	65.1702	18.5768	0.0	13.2198	0.245341	0.0	38.4336	3.57517	0.0	0.0	3.3254	0.0	0.0	0.0	0.0	0.251232	0.0	0.0	0.0	0.0	0.0	0.0	0.0	0.0	0.0579851	0.364079	0.0	0.0	0.0	0.148779	0.0	0.0	0.0	0.977142	29.0805	0.0	0.0	1.45632	0.0	0.0	0.0	0.0	0.0	0.0	0.0	0.0	0.0	0.0	0.0	0.0	0.0	0.0	1.91718	0.0	0.0	0.0	0.0921271	0.0	20.7532	88.7173	0.0	0.0	3.57517	50.4584	0.277733	0.466132	0.0921271	0.0	0.80849	0.0	0.0	0.0	0.0	0.0	0.0	0.0	0.0	0.0	0.323626	0.0	0.0	0.0	0.0	0.20034	0.0	0.0	0.0	0.283627	0.0	0.121555	0.0	0.0	0.200871	0.0	0.0	0.0	0.0	0.0	0.0	0.0	0.0	0.0	0.0	0.0	0.0	0.132393	0.0	241.009	8.18687	0.0	0.0	0.0	0.0	0.0	0.0	0.0	0.0	0.39743	0.0	0.0	0.0	0.0	0.0	0.0	0.0	0.0	0.371218	0.0	0.0	0.0	0.0	0.108287	0.263556	0.737615	0.0	40.5721	0.0	0.0	15.6372	0.0	1.2569	0.0	0.0	0.468796	0.0	0.0	0.0	0.17426	0.0	0.325481	0.0	0.0	0.0	0.109751	20.5031	0.0	0.0	0.0	0.0	0.0	0.0	0.269977	0.0	0.0	0.396296	0.0	0.0723291	0.0	0.0	0.0	3.78013	0.0	0.892424	0.508245	0.0
N35_1_3	0.0	0.0	0.0	0.0	0.0	0.0	0.0	0.0	0.0	0.0	0.0	0.0	0.0	0.0	0.0	0.0	0.0	0.0	0.145406	0.473955	1.89582	0.31597	0.0	0.385986	0.0	0.0	0.0	0.214979	0.0	0.808732	0.0	0.808732	0.0	0.0	0.0	0.0161439	0.0	0.0	316.68	0.0	0.0	0.0	0.0	0.0279155	0.0	0.0	0.0	0.0	0.0	0.182617	1.13223	0.0321047	0.0316618	0.232649	0.0	0.0	0.0	0.144539	0.0	0.0315383	0.0	0.0	0.653207	0.204893	0.0	0.732042	0.0	0.0	0.532061	0.0485934	0.0	0.0	0.033899	0.0124238	0.0	0.0	0.0	0.0	0.0	0.0	0.0446931	0.0	0.0	0.0	0.0	0.0	0.0	0.0	0.0	0.0	0.0	0.0	0.0	0.0	0.0	0.0	0.356139	0.0	0.0	0.0	0.0	0.0	0.0	0.0	0.0	0.0424584	0.0567058	0.0	0.0	0.0	0.0	0.0	0.0	0.0	0.0	0.0	0.0	0.0	0.0	0.0	0.277405	1.44765	0.0	0.0	0.0485934	0.660261	0.0	0.0160827	0.0	0.0	0.0	0.0	0.0	0.0	0.0	0.0	0.0	0.0	0.0	0.0	0.0	0.0	0.0	0.0	0.0427793	0.0	0.0	0.0	0.0	0.0	0.0	0.0601182	0.0	0.0	0.0	0.0	0.0	0.0	0.0	0.0	0.0	0.0	0.0	0.0	0.0	0.0	0.0	0.0	0.0849169	2.87549	0.262292	0.0	0.0	0.0	0.0	0.0	0.0	0.0	0.0	0.0	0.0	0.0	0.0	0.0	0.0	0.0	0.0	0.0	0.0	0.0	0.0	0.0	0.0	0.0	0.0	0.110282	0.0	0.55582	0.0	0.0	0.0500985	0.0	0.0	0.0	0.0	0.0161746	0.0	0.0	0.0	0.0	0.0	0.0	0.0	0.0	0.0	0.0492272	0.286639	0.0	0.0	0.0	0.0	0.0	0.0	0.0908202	0.0	0.0	0.0	0.0	0.0	0.0	0.0	0.124878	0.0565171	0.0	0.0	0.0	0.0
N35_1_4	0.0	0.0	0.0	0.0	0.0109952	0.0	0.0	0.0	0.0	0.0	0.0	0.0	0.0	1.18264	0.0	0.0	0.0	0.0	11.6529	67.5659	249.806	54.148	0.0	129.319	8.37047	0.0	0.0	15.3055	0.0	58.201	0.0	58.3093	0.0	0.0993026	0.0	1.56855	0.0529306	0.0	301.257	0.0	0.0	0.0	0.0	0.0	0.0	0.0	0.277563	0.0	0.0	35.9512	83.9091	0.0215124	6.76355	19.0577	0.0	0.0	0.0	46.7632	0.0	0.0422658	0.0	0.0	90.9624	35.2386	0.0	56.9985	12.8259	0.0	52.3797	14.0501	0.337688	0.0	5.97397	0.0	0.0	0.0	0.0	0.0	0.0	0.0	0.0	0.80901	0.0	0.0	0.0	0.0	0.0	0.0547119	0.0	0.0	0.0	5.16463	0.0	0.0	0.0	0.0	39.4201	0.0259227	0.726983	1.31309	0.0	16.0055	0.0	0.931989	1.37075	1.18068	0.0	0.0	0.0	0.0166619	0.0	0.0	8.88431	0.0	0.0	0.0	0.0	0.0	0.0	0.0	47.1519	272.791	0.0	0.0	14.0501	41.7843	0.0	0.107766	0.0	47.7862	1.62001	0.106855	1.03928	0.0	0.0	0.0	0.0	0.513387	1.05047	0.0	0.0	0.0	0.0	0.0	0.0	0.0	0.0	0.0	0.0	0.0	0.0	0.0	0.0	0.0	0.0	0.0	0.0	0.338861	0.695449	0.0	0.0	0.0	0.0	0.0	0.295291	0.0	0.13794	0.557067	0.654354	39.198	11.2043	0.0	0.0	0.0	0.0	4.72845	0.0	18.8695	0.0	0.0434354	0.0	0.0	0.0	0.0	0.0	0.0	0.0	0.0	24.5453	0.0	0.0	0.0	0.0	0.0	0.0	0.0	0.0	53.3829	0.0	0.0	48.3737	42.0966	67.2888	74.2324	0.0	0.0433527	0.0241615	0.0	0.0	0.404026	0.0	0.0	0.0	0.0	0.0336689	0.0	84.8624	0.0	0.0	0.0	0.0	0.0	0.0	0.422976	0.0	0.0	0.0	0.0	0.0	0.0	0.0	0.0	12.0807	34.8801	43.7577	28.8321	0.0
N35_2_2	0.0	0.0	0.0	0.0232297	0.106161	0.0	0.0399551	0.0337133	0.0	0.00592453	0.0	0.0	0.0	0.0	0.0	0.0	0.0	0.0	0.359185	1.41701	4.15811	1.20794	0.0	1.96748	0.206379	0.0	0.0337458	0.268685	0.0	0.713483	0.0	0.761049	0.0	0.0	0.0	0.204143	0.153316	0.0	314.422	0.0	0.0	0.0	0.0	0.0726203	0.0	0.0	0.0	0.0	0.0121223	0.515549	1.26524	0.0566471	0.0968337	5.57592	0.129965	0.0	0.721114	2.74868	0.0	0.0463731	0.0	0.0	2.8951	1.40593	0.0393258	2.06664	0.032361	0.0	1.8901	0.664489	0.0	0.0306404	0.388784	0.0182677	0.0	0.0	0.0	0.0426061	0.051277	0.06322	0.0	0.0	0.0	0.0	0.0	0.0	0.0	0.0165377	0.00383888	0.0	0.0	0.107934	0.0	0.0	0.0213663	0.0	1.75425	0.0	0.0	0.0	0.0	0.289996	0.0437145	0.0143311	0.012533	0.0187289	0.0166757	0.0	0.0	0.00731242	0.0121814	0.0	0.130887	0.0	0.0	0.0	0.0	0.0	0.0	0.0	4.74058	3.76915	0.0	0.0	0.671634	0.873747	0.134323	0.20337	0.0	1.41434	0.0877747	0.0	0.0	0.0	0.0	0.18966	0.0	0.0375517	0.0384183	0.0	0.042687	0.0	0.0	0.0120347	0.0377409	0.0	0.0	0.0165377	0.0	0.00935278	0.0	0.00801667	0.0230687	0.0	0.0	0.0	0.0	0.0	0.0	0.0	0.0	0.0	0.0359308	0.0	0.0	0.0	0.0	0.0	0.824073	3.99022	0.2314	0.0786517	0.0	0.0	0.0	0.125557	0.0	0.384183	0.0	0.119141	0.0374111	0.0	0.0	0.0	0.0206379	0.0185665	0.0822121	0.416199	0.612057	0.0	0.0	0.0	0.0	0.0285665	0.0231758	0.0540518	0.0	2.2278	0.0	0.0	0.751367	1.43906	1.65789	0.982159	0.0	0.133184	0.0954341	0.0	0.0	0.0164181	0.0	0.0667826	0.0314112	0.0	0.0591051	0.0289529	2.45153	0.0	0.0	0.0	0.0260124	0.0	0.0	0.0623185	0.0	0.0389173	0.0760325	0.0260803	0.0143106	0.0	0.0	0.0550851	0.839322	0.664887	1.05941	0.636868	0.0
N35_2_3	0.443299	0.0	0.0	0.0	1.95446	0.0	0.0217512	0.542732	0.0	0.0	0.0	0.0455682	0.0	2.79887	0.0	0.0	0.0	0.458242	2.44422	1.99175	5.36825	2.01072	0.574416	4.26373	0.741519	0.315066	0.0	0.490435	0.0	1.63134	0.139431	1.63134	0.0	0.896811	0.0	2.45787	2.64808	0.0	347.316	0.0991697	0.0	0.0	0.0	0.388808	0.0	0.0	0.132629	0.0	0.0	1.12264	1.52259	1.66526	0.398407	27.7943	0.0	0.0	3.70759	29.5146	0.0	0.674046	0.0	0.0231725	15.6636	9.81866	0.256904	15.0126	0.916088	0.0	12.879	4.4576	0.0	0.950782	6.08904	0.0	0.0	0.0	0.105657	0.773148	0.0837444	0.0206499	0.0	0.0579861	0.0	0.0	0.0	0.0	0.0	0.0319871	0.0	0.0	0.0	0.240375	0.0	0.0	0.0523425	0.315744	14.9344	0.0	0.0	0.0	0.0	0.596404	0.0	0.0351582	0.0102343	0.0305877	0.0	0.0414748	0.0	0.0835973	0.0	0.102278	0.0337519	0.0	0.0	0.15443	0.0	0.0445722	0.19846	0.0	39.2884	5.22301	0.0	0.0	4.4576	1.53269	2.55271	5.08249	0.0	1.11884	0.243698	0.0	0.0	0.0	0.0	0.0	0.0	0.122657	0.0627439	0.731291	0.209146	0.0	0.191173	0.117928	0.0205459	0.323679	0.0	0.0	0.0197499	1.95517	0.0386574	0.170204	0.282565	0.0	0.129815	0.0	0.03289	0.0	0.0	0.0	0.0	0.0	0.0	0.0	10.8268	0.0237805	0.0	0.0	0.672928	4.61782	3.68469	0.545921	0.0	0.0	0.0	0.375938	0.0	0.557724	0.082391	1.67337	0.0610989	0.0916484	0.0314931	0.0632303	0.0	0.0606447	0.0	0.475808	0.0799677	0.0	0.0625035	0.0119512	0.0	0.979738	0.832703	0.105931	0.0	17.7965	0.0	0.0	1.46773	1.07143	1.62457	1.22863	0.106484	3.22384	1.6452	0.0	0.0	0.0804409	0.149078	1.18416	0.1368	0.0	0.0	0.0	10.2791	0.0	0.0	0.0	0.0	0.0	0.0418293	0.0290792	0.0118385	0.190676	1.25727	0.0851876	0.334994	0.0386574	0.0118471	0.0	5.41519	1.48993	5.95962	1.58755	0.0
N36_1_2	0.871957	0.0	0.0	0.0	0.310029	0.0	0.0	0.0	0.0	0.0	0.0	0.0	0.0	0.0	0.0	0.0	0.0	0.0	6.59343	15.8575	76.9553	13.4322	0.0	42.541	9.94464	0.0	0.271014	3.80792	0.0	19.864	0.0	19.864	0.0	0.28	0.0	0.266892	0.261182	0.0	353.159	0.0	0.106111	0.106111	0.106111	0.1065	0.0	0.0	0.0	0.0	0.0	9.31588	25.6704	0.0	0.717853	15.3847	0.0	0.0	3.64637	4.66528	0.0	0.446909	0.0	0.0	26.8319	4.24758	0.0	8.81729	0.0866308	0.0	18.2455	6.82846	0.0	1.47644	1.84138	0.0	0.0	0.0	0.0	0.076038	0.0	0.0	0.0	0.0	0.0294927	0.0	0.0	0.0	0.0	0.0	0.0	0.0	0.0	0.0	0.0	0.0	0.0	0.0	12.7217	0.0	0.0	0.0	0.0	0.0	0.0	0.0	0.0	0.0	0.0	0.0	0.0	0.0	0.0	0.0	0.221297	0.0	0.0	0.0	0.0	0.0	0.195183	0.0	14.7046	50.2001	0.0	0.0	6.82846	1.55935	0.0	0.265881	1.46387	0.621173	2.19581	0.0	0.0	0.0	0.0	0.0	0.0	0.0	0.0	0.0	0.0	0.0	0.0	0.0	0.0	0.0	0.0	0.0	0.0	0.0751124	0.0	0.128764	0.0	0.0	0.0	0.0	0.0	0.0	0.0	0.0	0.0	0.0	0.0	0.0618982	0.0	0.0	0.0	0.0	0.0	117.783	2.78757	0.0	0.0	0.0	0.0	0.0	0.123796	0.0	0.0	0.344456	0.0	0.0	0.0	0.0	0.0	0.0	0.0	0.0	0.0	0.0	0.0	0.0	0.0	0.458837	0.0	0.0	0.0	19.6904	0.0	0.0	9.70213	0.0	0.0	0.0	0.0	0.2674	0.0851593	0.0	0.0	0.0263708	0.0	0.268166	0.0	0.0	0.0	0.0	6.03625	0.0	0.0	0.0	0.0	1.54269	0.0	2.08084	0.0	0.104182	0.30531	0.209452	0.0383095	0.0	0.0	0.0	7.87518	0.0	2.16081	0.53839	0.0
N36_1_3	5.0677	0.0	0.0	0.0	4.44027	0.0	0.0	1.41301	0.0	0.0	0.0	0.0	0.0	0.0	0.0	0.28312	0.0	0.0	0.228096	2.01361	4.18212	1.08425	1.40713	2.01831	1.10089	0.285854	0.0	0.421545	0.0	0.634324	0.0	3.17162	0.0	0.0	0.0	1.64611	2.10655	0.0	350.594	0.0	0.0	0.0	0.0	0.0926343	0.0	0.0	0.0	0.0	0.0	0.859407	11.5447	2.64402	0.19867	6.1586	0.0	0.0	1.42469	4.15685	0.0	0.803949	0.635838	0.0	10.9787	3.92839	0.0	8.32551	0.86312	0.0	6.84403	0.0952848	0.0	0.0	0.664711	0.0	0.0	0.0	0.0	1.64143	0.136764	0.505854	0.175274	0.0	0.0	0.0	0.0	0.0	0.0	0.0	0.0	0.28103	0.0	1.04682	0.0	0.0	0.0	0.429704	6.8961	0.0	0.0	0.0	0.0	0.0	0.0	0.0	0.0	0.0	0.0	0.0	0.0	0.0	0.0	0.0	0.367471	0.0	0.0	0.0	0.0	0.545935	0.0	0.0	11.8461	4.56951	0.0	0.0	0.0952848	0.0	2.117	3.59511	0.0	0.0	2.48876	0.0	0.0	0.0	0.0	0.0	0.0	0.0	0.0	2.75603	3.41559	0.0	0.346896	0.0	0.0	0.0	0.0	0.882173	0.0	1.37199	0.0	0.0	0.0	0.0	0.0	0.0	0.0	0.0	0.0	0.0	0.0	0.0	0.0	0.0	0.0	0.0	0.0	0.0	0.0	19.7345	0.514317	0.0	0.28252	0.28252	0.0	0.0930225	0.0	0.0	0.0	2.28793	0.0	0.0	0.0	0.0	0.0	0.0	0.0	0.0	0.0	0.0	0.0	0.0	0.0	2.34924	0.927203	0.0	0.925057	10.0915	0.364455	0.0	0.0	0.0	0.0	0.0	0.0	2.7276	0.28282	0.0	0.0	0.0	0.0	1.52674	0.0	0.0	0.0	0.0	3.46603	0.0	1.15166	0.0	0.0	0.0	0.0	0.238297	0.0	0.0	2.15465	0.0	0.0	0.0	0.0	0.0	2.77055	0.0	0.0	0.0	3.91789
N36_1_4	0.0	0.0	0.0	0.0355546	155.381	0.0	1.99769	49.1531	0.0	0.0	0.0	17.5091	0.0	0.0	0.0	0.617388	0.0620222	0.0	10.1051	79.8911	143.498	75.3402	46.1884	80.4961	4.80134	0.131232	0.0	7.88614	18.398	29.8489	18.6859	28.9753	1.85748	0.0800443	0.0	13.7335	20.3941	0.0	334.289	0.0	0.0	0.0	0.0	0.0289957	0.0	0.0	0.0	0.0	0.0	17.3598	47.4962	0.0578014	2.8616	28.4826	0.0	0.0	0.0	17.457	0.0	0.0	0.0	0.0	43.0303	6.80398	0.0	53.5755	0.0990614	0.0	39.1983	12.9044	0.0	0.0	3.05159	0.0	0.0	0.0	20.0018	81.7172	7.53436	43.2335	21.1625	0.0	0.0	0.0	0.0	0.0	0.0	0.220507	0.0	0.0	0.0	10.0021	0.0	0.0	0.0	30.8728	63.5984	0.0	0.0	0.0	0.0	5.22767	0.0	0.46129	0.0	0.0	0.0255233	0.0	0.0	15.8257	0.0	0.38341	11.0499	0.0	22.0618	39.4974	67.5641	34.5661	39.2069	0.0	77.7742	93.0658	0.0	0.0	12.9044	7.79283	1.86901	67.5675	7.99762	1.11619	0.053738	0.0	0.0	0.0	0.0	0.0	0.0	0.0	0.0	0.0	0.0	0.0	39.7341	9.35728	0.03851	0.0	0.0	0.0	0.0	0.0	0.0	0.0541185	0.0	0.0	0.0	0.0	0.0	0.0	0.0	0.0	0.0	0.0	0.0	0.0	0.0	0.0	0.0	0.0	0.0382212	3.88279	5.7258	0.0	0.616078	0.632291	0.0248795	0.0	0.0	0.0	75.7088	121.608	0.0	0.0	0.0	0.0	0.0	0.0	0.0	0.0	0.0	0.0	0.0	0.0	0.0	20.4769	2.87324	7.67733	0.0	26.3703	1.10847	16.4909	18.9415	0.0	0.0	0.0	24.1103	87.6539	8.63425	0.0	9.40829	0.0100516	17.444	73.4635	7.94872	0.0	0.0	0.0	0.301039	0.0	0.0	0.0	0.0796274	0.0	0.0	0.0272522	0.0	6.43307	105.492	10.4584	35.7169	2.46354	0.0	0.0	16.306	46.9541	68.1032	94.0908	178.515
N36_2_2	0.0	0.0	0.0	0.0131441	0.311267	0.0	0.0150719	0.0599533	0.0	0.0	0.0	0.0	0.00192637	0.0664936	0.0	0.0	0.0	0.0635052	2.60339	6.07257	22.345	5.06048	0.0	16.1852	2.19539	0.0970293	0.0	1.77071	0.0	8.34337	0.0	8.12806	0.0	0.0	0.0	0.542631	0.820191	0.0	264.255	0.0	0.0	0.0	0.0	0.0485944	0.0	0.0	0.0459509	0.0381889	0.0	2.64974	7.42291	0.363264	0.491017	7.35529	0.021011	0.0	0.151122	7.87266	0.0	0.0944617	0.0	0.0	19.0909	3.85636	0.0	5.18908	0.048829	0.0	9.71032	1.4231	0.0	0.104024	1.30864	0.028942	0.0	0.0	0.0146424	0.0803596	0.034817	0.057235	0.0	0.0	0.0	0.0	0.0	0.0	0.0	0.0187151	0.0	0.0	0.0	0.0	0.0199434	0.0	0.0544039	0.0729285	7.68903	0.0	0.0	0.0	0.0	0.048619	0.0	0.0	0.0212746	0.0353247	0.0	0.0	0.0	0.0082752	0.110282	0.0	0.0233874	0.0	0.0	0.0	0.0	0.0154425	0.0137517	0.0	9.68321	13.7363	0.0	0.0	1.4231	12.9641	0.317836	1.17749	0.0275035	0.512678	0.00993314	0.0	0.0	0.0	0.0	0.0	0.0	0.0849919	0.0434766	0.116937	0.144922	0.0	0.0	0.0	0.0569467	0.104666	0.0	0.0935755	0.0	0.306942	0.0	0.0200069	0.0522121	0.0	0.104944	0.0	0.0	0.0	0.0	0.0	0.0	0.0	0.0	0.0	0.0225627	0.0	0.0	0.0	3.20749	55.9514	1.3748	0.0	0.0	0.0	0.0	0.0236814	0.0	0.0	0.0	0.496164	0.0635052	0.0	0.0218222	0.0	0.0	0.0	0.0232591	0.306148	0.0	0.0	0.0	0.0	0.0	0.0808192	0.0262272	0.0122337	0.0	12.1877	0.0	0.0	4.81834	0.598724	1.31332	0.331077	0.0	0.59211	0.371997	0.0	0.0	0.0185797	0.0	0.161947	0.0355469	0.0	0.0501653	0.0	5.65991	0.0	0.0	0.0	0.0	0.0	0.0	0.0100748	0.0	0.0293608	0.13982	0.0147571	0.0161947	0.0	0.00410455	0.0	1.59872	0.0874916	0.114181	0.455191	0.0
N36_2_3	0.0	0.0	0.0	0.0808028	149.796	0.0	2.34723	46.6955	0.0	0.0	0.0	16.0462	0.0	0.0	0.0	0.480008	0.0234924	0.0	1.95343	43.8894	18.221	43.9702	51.0983	2.76382	0.0	0.0745606	0.0	0.32986	22.6237	0.882418	22.916	0.882418	1.29889	0.0	0.0	13.3047	18.6762	0.0	296.083	0.0176014	0.061279	0.061279	0.061279	0.0380737	0.0	0.0	0.0470802	0.0	0.0	0.28643	1.23539	0.131362	0.980259	28.875	0.0	0.0	0.0	14.2349	0.0	0.0967833	0.0	0.0	27.6259	3.68722	0.0	47.4252	0.325189	0.0	31.2112	12.4433	0.0	0.0	0.75131	0.0	0.0	0.0	17.4176	77.8721	6.24272	45.7112	18.6527	0.219559	0.0	0.0	0.0	0.0	0.0	0.046513	0.0222555	0.0	0.0	8.16865	0.0245203	0.0	0.0	34.1101	49.9472	0.00659552	0.0	0.0	0.0	6.01503	0.0	0.00830828	0.0	0.0	0.0386702	0.0	0.0	17.1013	0.0	0.127072	10.8709	0.0	21.3676	42.4797	65.0889	33.6693	44.1431	0.0	68.9439	2.70883	0.0	0.0323512	12.4433	8.05469	1.99636	63.2609	8.20021	1.28117	0.0508864	0.0	0.0	0.0	0.0	0.0	0.0	0.0870807	0.0	0.0798741	0.0	0.0	34.1118	6.75369	0.0875194	0.0	0.0	0.0	0.0	0.347018	0.0274449	0.0	0.0267477	0.0	0.0	0.0	0.0	0.0	0.0	0.0	0.0	0.0	0.0	0.0	0.0	0.0	0.0	0.0	0.0144772	4.22825	0.201227	0.0	0.47899	0.472849	0.0	0.0242634	0.0	0.0	64.3576	103.926	0.0	0.0	0.178869	0.0	0.0	0.129164	0.0238307	0.506701	0.425799	0.0443179	0.0	0.0	0.0	20.1549	3.74861	5.91621	0.0	22.0755	0.863481	18.9342	0.409973	0.343526	0.600713	0.314985	22.1807	84.0228	5.7171	0.0	8.79767	0.0152291	14.9988	70.0435	6.26434	0.0	0.0171328	0.0503554	1.42532	0.0761957	0.116819	0.0	0.0	0.0	0.0	0.0309672	0.0	5.41484	100.324	9.49521	33.1744	2.9366	0.0	0.0	15.5612	43.2433	59.1371	91.3325	210.175
N37_1_2	0.0535969	0.0	0.0	0.0	0.0190567	0.0317441	0.0	0.0	0.0	0.0	0.0	0.0	0.0	0.0	0.0	0.0104802	0.0	0.0	0.15198	0.756838	2.08704	0.527493	0.0	0.522976	0.0815027	0.0	0.033317	0.0312083	0.0	1.22099	0.0	1.17403	0.0	0.0	0.0	0.0187487	0.0321083	0.0104913	368.661	0.0	0.0	0.0	0.0	0.0180802	0.0	0.0	0.0	0.0	0.0	0.148458	0.525964	0.0093212	0.0992801	1.03009	0.0733221	0.0118247	0.105474	1.21	0.0	0.00457838	0.0	0.0	1.97778	0.304051	0.0	0.59511	0.181878	0.0	1.30379	0.338603	0.0	0.0	0.0885793	0.0108213	0.0	0.0	0.0	0.0	0.0303752	0.0249667	0.0	0.0	0.0	0.0103918	0.0103918	0.0103918	0.0	0.0238208	0.0113703	0.0	0.0	0.0	0.0	0.0	0.0	0.0	1.00169	0.0	0.0	0.0	0.0	0.0212082	0.0215795	0.0	0.0	0.0123273	0.0	0.00835748	0.0	0.0	0.0120266	0.0	0.0	0.0	0.0	0.0	0.0	0.0	0.0	0.0	0.832259	5.02318	0.0	0.0	0.338603	0.362097	0.0361681	0.0420248	0.0	4.32	0.0259978	0.0	0.0	0.0	0.0	0.0624166	0.0	0.0	0.0	0.0	0.0	0.0	0.0	0.0	0.0124204	0.0130447	0.0	0.0	0.0	0.0	0.0	0.0	0.0	0.0	0.0	0.0	0.0	0.0	0.0	0.0	0.0	0.0	0.0	0.0	0.0	0.0	0.0	0.0	0.0123273	3.10465	0.171344	0.0	0.0	0.0	0.0	0.00344338	0.0	0.0	0.0	0.0141152	0.0923392	0.0369357	0.209421	0.0	0.0203757	0.0	0.304377	2.19837	1.45027	0.0	0.0	0.0	0.0	0.0	0.0	0.010673	0.0	1.78708	0.0	0.0	0.48	2.21473	2.84397	2.31072	0.0	0.0187844	0.0	0.0	0.0	0.0486283	0.0	0.0141287	0.0103373	0.0	0.029177	0.0142925	0.638037	0.0	0.0	0.0	0.0	0.0	0.0	0.035158	0.00357831	0.0	0.0140749	0.0	0.0	0.0	0.0	0.0	0.172295	0.0	0.116217	0.0	0.0
N37_1_3	0.0	0.0	0.0	0.0127731	0.0477604	0.0	0.0	0.0	0.0	0.0	0.0	0.0	0.0	0.0	0.0	0.0	0.0	0.0	0.0940487	0.549244	1.89042	0.395967	0.0773583	0.873798	0.0	0.0471454	0.0742222	0.0173811	0.0	0.680017	0.0	0.680017	0.0	0.0	0.0	0.0261048	0.0255462	0.00584302	350.096	0.0	0.0	0.0	0.0	0.0180558	0.0	0.0	0.0	0.0	0.0	0.118117	0.219698	0.0207654	0.0778198	0.526672	0.0	0.0	0.0	0.934884	0.00541127	0.0	0.0	0.0	1.99931	0.279776	0.0	0.544509	0.146315	0.0	1.01865	0.330018	0.0	0.0	0.0986666	0.00401788	0.0	0.0	0.0	0.0208244	0.0	0.0	0.0	0.0	0.0	0.0	0.00578761	0.0	0.0	0.13203	0.0168868	0.0115874	0.0	0.0	0.0	0.0	0.0	0.0	0.80623	0.0	0.0	0.0	0.0	0.0118117	0.0600924	0.0	0.0	0.0	0.00916935	0.0	0.00585548	0.0	0.0	0.0	0.0	0.0	0.0	0.0	0.0	0.0	0.0	0.0	0.558215	4.06509	0.0	0.0	0.330018	0.771077	0.0	0.0676153	0.0	1.50678	0.0386112	0.0	0.0	0.0	0.0	0.0695246	0.0	0.0	0.0422495	0.0	0.0	0.0	0.0	0.0	0.0	0.0	0.0	0.0	0.0	0.0	0.0	0.0	0.0	0.0	0.0	0.0	0.0	0.0	0.0	0.0	0.0	0.0118627	0.0263426	0.0	0.0	0.0	0.0	0.0192043	0.0137311	2.81887	0.0	0.0	0.0	0.0	0.0	0.0115065	0.0	0.0	0.0	0.0262044	0.0205709	0.0205709	0.212063	0.0	0.022696	0.0	0.0678079	0.70944	1.56158	0.0	0.0	0.0	0.0	0.0209435	0.0	0.0	0.0	1.5046	0.0	0.0	0.194423	1.72221	2.68925	1.67761	0.0	0.0418472	0.0	0.0	0.0	0.0252775	0.0143406	0.0209835	0.0	0.0	0.0324997	0.0159201	0.617996	0.0	0.0	0.0	0.0	0.0	0.0	0.0489522	0.0	0.0	0.0313555	0.0	0.0	0.0	0.0	0.0201928	0.191916	0.0	0.0184931	0.0	0.0
N38_1_2	5.85092	0.0	0.321031	0.0	5.27016	0.0	0.0	1.09583	0.140894	0.156086	0.0945604	0.0	0.0	0.0	0.0	0.0	0.121317	1.34403	4.54716	9.43042	22.6441	8.42896	3.28531	16.4929	0.593151	2.66961	0.0	2.23339	3.75076	5.92398	3.27163	5.92398	0.223587	0.0	0.12022	3.88875	4.50657	0.0	390.481	0.0848361	0.411388	0.411388	0.411388	0.0907464	0.0	0.0	0.680758	0.727412	0.522607	3.11266	6.69866	1.92204	0.633329	42.8907	0.0	0.0	0.383804	34.9525	0.0	0.721934	0.0	0.0	29.7568	8.25787	0.0	19.4896	1.18844	0.0	21.6603	3.67926	0.0	0.660472	4.96621	0.0	0.0	0.0	0.619787	1.80279	0.638622	1.60501	0.0629573	0.0	0.017591	0.0	0.0	0.0	0.0	0.960794	0.0	0.0	0.0	0.423014	0.0	0.0	0.0	0.0771735	17.888	0.0	0.0	0.0	0.0	0.488765	0.0	0.189053	0.0	0.0	0.0399395	0.0	0.0	0.385302	0.0	0.712463	0.19799	0.0	0.0	0.0617653	0.0	0.4739	0.6694	0.0	55.0334	20.9146	0.0	0.0	3.67926	9.37833	2.31049	8.79017	1.3388	0.105857	0.168181	0.0	0.0	0.926625	0.686338	0.302833	0.0	0.539634	0.0	3.9598	2.96491	0.0	0.373809	0.144119	0.180784	0.981001	0.0	0.0792178	0.144817	2.44166	0.0	1.24803	2.92831	1.3291	3.23637	1.52705	0.0964668	0.0	0.0	0.797459	0.434978	0.0	0.0	0.0	0.0	0.0	0.0	0.0	1.85409	23.1643	2.1245	0.47094	0.0	0.0	0.019466	0.183772	0.0	3.06715	0.513515	3.49269	0.0896021	0.0896021	0.0	0.0	0.0	0.177872	0.0	0.0	0.0	0.0	0.0	0.0175266	0.0	3.19288	3.05292	3.00342	1.49524	33.4643	0.0	0.0	2.99929	0.810975	0.148903	0.100099	0.249857	5.77588	2.92063	0.0	0.0	0.0471869	0.374785	2.66201	0.501547	0.0	0.0	0.0	13.7789	0.865663	0.0689446	0.123957	0.0	0.0	0.122686	0.0426449	0.0173612	0.403908	3.22095	0.530945	0.616945	0.226766	0.0	0.0	10.3895	0.740674	2.53737	0.682389	0.87955
N38_1_3	0.0	0.0	0.0	0.0	2.29896	0.0	0.206906	0.523749	0.0	0.0	0.0	0.0	0.0	0.0	0.0	0.0	0.0	0.581197	2.19218	3.12765	6.61618	2.97728	0.0910678	2.0573	0.427492	0.0	0.0	0.736611	0.0	1.72422	0.0	1.72422	0.0	0.0	0.0	3.15915	4.36668	0.0	442.848	0.0393058	0.0	0.0	0.0	0.0801175	0.0	0.0	0.0	0.0	0.0	1.19583	3.62085	1.66229	0.29412	51.3722	0.0	0.0	0.0	37.5476	0.0	1.04462	0.0617261	0.0734751	18.7047	6.55248	0.0	17.4465	0.837902	0.0	16.2375	3.53353	0.0	1.03136	5.23976	0.0189474	0.0	0.0	0.0	0.698675	0.132768	0.0	0.0	0.0	0.0	0.0	0.0	0.0	0.0	1.60996	0.0	0.0	0.0	0.330277	0.0365042	0.0	0.0	0.584009	16.1688	0.0	0.0	0.0	0.0	0.250289	0.0	0.0371065	0.0	0.0	0.0431774	0.087672	0.0	0.170402	0.0	0.0	0.231877	0.0	0.0	0.0	0.173968	0.0706646	0.25171	0.0	63.0622	5.43074	0.0	0.0	3.53353	3.49126	2.87721	7.83735	0.0943914	0.257488	0.0454539	0.0	0.0	0.0	0.423988	0.327383	0.0	0.194461	0.0	1.15939	0.221053	0.0	0.168381	0.0	0.130293	0.205264	0.0	0.0	0.0	3.31766	0.0	0.269841	0.388247	0.0	0.205808	0.0	0.0	0.0	0.0	0.0	0.0	0.0	0.0	0.0099781	0.0	0.0471269	0.0	0.0	0.775897	8.48424	0.848794	0.25456	0.0	0.0	0.0	0.162548	0.0	0.0	0.0	2.3198	0.0	0.0	0.0	0.0	0.0	0.0	0.0	0.107764	0.126781	0.2969	0.0	0.0189474	0.0	0.838275	0.330041	0.167943	0.0	25.5184	0.0	0.0	1.10625	0.164385	0.0536582	0.0	0.0675281	5.09875	2.08663	0.0	0.0	0.119029	0.0675281	1.6674	0.135552	0.0	0.0	0.0	9.82149	0.0	0.0	0.20101	0.336761	0.082895	0.0	0.0234269	0.0	0.134355	1.84562	0.270112	0.308778	0.0	0.0	0.0	11.8773	0.240216	2.56891	0.347158	0.380342
N38_1_4	0.0	0.0	0.913213	0.0	5.34712	0.0	0.0	0.269536	0.0	0.132626	0.441911	0.0	0.819282	0.0	0.0	0.0	0.0	0.0	32.1626	92.6928	297.189	80.4724	0.0	183.798	33.7258	0.0	0.0	11.145	0.0	141.618	0.0	141.085	0.0	0.0	0.0	0.0531385	0.104003	0.0	214.904	0.0	0.887329	0.887329	0.887329	0.0	0.0	0.0	0.0	0.0	0.0	23.6831	100.623	0.0	4.98155	21.2503	0.0	0.0	0.0	13.797	0.0	0.0	0.0	0.0	134.609	28.8501	0.0	28.9147	12.6008	0.0	64.8684	4.31859	0.0	0.0	8.70326	0.0	0.111915	0.592598	0.0	0.21195	0.0	1.13219	0.0	0.0	0.0	0.0	0.0	0.0	0.0	0.0	0.0	0.471744	0.0	0.0	2.16979	0.0	0.0	0.0	50.187	0.0	0.0	0.0	0.0	0.0	0.0	0.160407	0.0	0.0	0.0	0.0	0.0	0.327389	1.63615	1.22668	0.925269	3.42255	1.41523	2.11676	1.2534	3.89479	0.0	0.0	30.9438	233.834	0.0	0.0	4.31859	78.1175	0.0	0.529372	0.0	0.247353	0.0994692	0.0	0.0	0.787348	0.0	0.0	0.0	0.0	0.0	0.0	0.0	0.0	0.291155	0.0	0.0	0.0	0.0	0.0	0.0	0.0	0.0	0.0	0.0	0.0	0.0	0.0	0.90164	0.0	0.0	0.0	0.0	0.0	0.0	0.0	0.0	0.651915	0.0	0.0	0.0	529.735	14.8927	0.0	0.0	0.0	0.090971	0.0	1.38029	0.0	0.0	0.426731	0.0	0.0	0.0	0.0	0.0	0.0	0.0	0.0	0.0	3.70777	0.0	0.0	0.0	0.799357	0.389107	0.967995	0.0	75.823	0.305892	0.0	38.7519	0.0	0.0	0.0	0.0	1.01155	0.0	0.0	0.0	0.514546	0.0	1.01445	0.0	0.0	0.0	0.0	37.2678	0.0	0.0	0.0	0.0	0.0	0.0	0.0972203	0.0	0.145199	1.11697	0.145957	0.213569	0.0	0.0	0.0	7.0691	0.17307	0.188221	0.0	0.822084
N38_2_2	0.111603	0.0	0.0	0.0	0.977144	0.0220332	0.0136899	0.346539	0.0	0.0	0.0	0.02868	0.0	0.0	0.0	0.0	0.0	0.0	4.14918	0.895418	2.62656	0.919295	0.578448	2.3724	0.254565	0.352531	0.0	0.227444	0.0	0.880067	0.0	0.880067	0.0	0.00895938	0.0128988	0.834475	1.15091	0.0	400.2	0.0485459	0.0135813	0.0135813	0.0135813	0.296638	0.0	0.0	0.0834752	0.0	0.024921	0.353289	0.787171	0.446411	0.62401	23.7699	0.038169	0.0	7.74177	11.9277	0.0	0.419469	0.0245047	0.0145845	8.10254	5.86318	0.040423	10.4224	0.587662	0.0	7.1988	4.02472	0.0	0.409438	2.96137	0.00375547	0.0	0.0362808	0.0	0.486609	0.13704	0.0389903	0.0	0.0	0.0	0.0	0.0	0.0	0.0	0.0201323	0.0	0.0	0.0	0.141203	0.0	0.0	0.0	0.0662416	8.71321	0.0	0.0	0.0	0.0	0.0993625	0.0	0.0221281	0.0	0.0	0.034282	0.00870123	0.0	0.0676479	0.0	0.0	0.042486	0.0	0.0	0.0	0.0115106	0.0	0.0874357	0.0	29.2837	1.72903	0.0	0.0	4.02472	1.49688	0.615043	1.80361	0.0624541	0.0681468	0.171425	0.0	0.0	0.0	0.0	0.0	0.0	0.0771989	0.0	0.743505	0.789804	0.0	0.0935836	0.0	0.0646565	0.0814877	0.106953	0.0169991	0.0124303	0.471072	0.0	0.098884	0.15413	0.171124	0.0817039	0.0	0.0	0.0	0.0	0.171124	0.0	0.0221759	0.0	0.0	0.0	0.0	0.0	0.0	0.205349	5.62265	0.475712	0.424442	0.0	0.0	0.0	0.132645	0.0	0.0	0.012964	0.62702	0.0	0.0	0.0	0.0	0.0	0.0	0.0	0.0	0.201323	0.0	0.0	0.0	0.0	0.440453	0.214402	0.133344	0.0	8.54377	0.0	0.0	0.333162	0.0	0.0	0.0	0.013404	1.27121	0.741175	0.0	0.0	0.043878	0.0536159	0.603103	0.12915	0.0	0.0	0.0744018	8.4118	0.0	0.0295892	0.159598	0.213905	0.0	0.157961	0.00915103	0.00745098	0.0133344	0.747346	0.0536159	0.201034	0.0	0.00745639	0.018874	5.09102	0.206621	4.68431	0.379	0.0
N38_2_3	145.155	0.0	0.0	0.0	105.527	0.0	0.0	32.5128	0.0	0.0	5.61957	12.1978	0.0	0.0	0.0	0.647526	1.95692	23.3916	1.65199	37.5512	14.6426	37.0789	12.873	0.0	0.0	0.435853	0.0	0.0	33.5643	0.0	36.4552	0.0	0.0	3.98771	0.0	11.9702	10.7694	0.0	259.511	3.84127	0.0	0.0	0.0	0.160503	0.0	0.0	1.65128	0.0	0.0	0.218395	0.0	0.287959	0.435446	26.6057	0.0	0.121767	6.78835	59.4917	0.0	0.424319	0.0	0.0	33.3397	26.6136	0.0	60.8446	25.4432	0.0	29.2062	14.0199	0.0	0.0	24.5269	0.0	0.0	0.0	8.15586	36.2898	5.21323	59.1325	0.0	0.0	0.0	0.0	0.0	0.0	0.0	0.407846	0.0	0.0	0.56107	8.0804	0.0	0.0	0.0	0.0	21.2291	0.0	0.0	0.0	0.0	1.20117	0.0	3.64776	0.0	0.0	0.0847693	0.0	0.0	7.88044	0.0	5.88947	7.42392	0.0	0.0	0.0	0.0	17.9661	57.6953	0.0	50.4082	1.58348	0.0	0.0	14.1652	2.19338	0.496595	20.3396	38.2988	2.47144	3.39107	0.0	0.0	27.1763	53.6902	74.5584	0.0	0.381781	0.0	166.688	93.3078	0.0	10.843	2.20237	0.127901	10.2091	0.0	0.0	0.0	0.570526	0.0	31.705	0.0	0.0	11.0443	0.0	9.82777	0.0	0.0	0.0	0.0	0.0	0.0	0.0	0.0	0.0	0.0	0.0	2.28496	2.41794	16.2721	0.799635	0.646153	1.07692	0.0	8.47462	0.0	0.0	17.695	24.8554	0.380351	0.0	0.0	0.0	0.0	0.0	0.0	0.84628	0.0	0.0	0.0	0.0	0.0	157.897	134.423	163.101	102.611	141.867	1.38924	0.0	0.0	0.0	2.94969	0.0	11.4016	39.7994	5.60593	0.0	0.0	0.0667677	4.90533	37.3915	4.57737	0.0	0.0	0.0	6.42745	0.0	0.0	0.0	0.0	0.0	0.0	3.52994	0.0	12.3975	49.9555	7.68944	17.7016	4.09102	0.0	0.0	8.27975	9.43223	14.7031	7.49725	55.2571
N38_2_4	188.087	0.0	0.0	0.0131295	126.736	0.0	0.0	34.8268	0.0	0.0	4.99854	8.42119	0.0	0.0	0.0	0.953944	2.35904	18.1423	1.94312	39.6904	15.0595	36.8019	19.561	0.940945	0.0	0.0	0.0	0.0357321	35.5007	0.591451	37.686	0.698988	0.0	3.47805	0.0141851	16.0998	13.3763	0.0	347.052	3.04306	0.0	0.0	0.0	0.237705	0.0	0.0	0.0	0.0	0.0	0.279248	0.828031	0.0	0.431529	35.2468	0.0	0.0	2.71717	85.7181	0.0	0.0	0.0	0.0	46.1657	29.2046	0.0444541	62.5647	25.3019	0.0	37.1143	17.0178	0.0	0.0	29.6933	0.0	0.0	0.0	10.8233	48.1567	5.52974	74.2227	0.0	0.0	0.0	0.0	0.0	0.0	0.0	0.0814279	0.0	0.0	0.0	8.08584	0.0	0.0	0.0	0.0	28.147	0.0	0.0	0.0	0.0	2.11257	0.0	0.00811159	0.0	0.0	0.0	0.0	0.0	8.02627	0.0	8.65433	10.4659	0.0	0.0	0.0194343	0.0	20.6468	64.4925	0.0	64.1823	1.162	0.0	0.0	17.0178	3.31668	0.0	25.5071	40.3576	0.0	3.31398	0.0	0.0	32.9198	79.826	81.0404	0.0	0.254692	0.0	196.469	112.624	0.0	15.0992	2.87045	0.455067	11.9634	0.0	0.0	0.0	0.0	0.0267567	31.2098	0.0	0.0	13.8072	0.0	9.3791	0.0	0.0	0.0	0.0	0.0	0.0	0.0	0.0	0.0	0.0	0.0	1.6937	1.07537	21.1876	0.0	0.951921	1.0537	0.0367497	14.7371	0.0	0.0	21.214	33.2437	0.0	0.0	0.0	0.0	0.0	0.0	0.0	0.0	0.0	0.0	0.0	0.0	0.0	161.023	132.575	141.521	100.367	134.579	1.33612	0.0	0.283116	0.0	0.0	0.0	17.0402	47.0257	4.69873	0.290198	0.0	0.00742363	8.46113	43.909	4.27272	0.0	0.0	0.0	5.09778	0.0	0.0	0.0	0.0	0.0	0.0	2.09322	0.0	16.2185	63.6279	13.7235	19.3797	3.5854	0.0	0.0	8.44502	12.5673	22.3356	8.50639	72.7295
N39_1_2	0.397481	0.0	0.0	0.00654172	0.358752	0.0	0.0	0.10579	0.00331324	0.0	0.0	0.0314295	0.0	0.0	0.0	0.0	0.0	0.189636	2.24457	4.7035	14.2152	3.85961	0.158475	10.6338	0.302217	0.0362181	0.0190063	1.24624	0.0238385	5.3044	0.0240422	6.00094	0.0	0.0147274	0.0	0.457236	0.43437	0.0	343.164	0.0	0.0	0.0	0.0	0.246475	0.0	0.0	0.160086	0.0190063	0.013655	2.18986	5.25082	0.212699	0.501337	36.7127	0.0	0.0134913	4.91888	7.50516	0.0	0.130591	0.0201404	0.0	8.71316	4.82272	0.0	8.0872	0.322	0.0	6.8843	2.7566	0.0	0.103544	1.56649	0.00617324	0.0	0.0	0.0291496	0.135981	0.0288803	0.0	0.0148049	0.00652654	0.00206834	0.0	0.0	0.0	0.0	0.00931437	0.0	0.0	0.0	0.0055264	0.0238216	0.0	0.0	0.09074	7.43604	0.0	0.0	0.0	0.0	0.00604933	0.0	0.00404158	0.0	0.00351617	0.0140882	0.0	0.0	0.00823701	0.0274433	0.0	0.00387992	0.0	0.00890171	0.0	0.0	0.0	0.0	0.0	27.4964	8.89497	0.0	0.0	2.76465	7.75229	0.288859	0.868389	0.0	0.143136	0.0642675	0.0	0.0	0.0	0.0230569	0.0	0.0	0.0	0.0	0.116398	0.0961689	0.0	0.0219761	0.0	0.0354275	0.0	0.0	0.00931437	0.0	0.395076	0.0	0.0270909	0.0259856	0.0	0.0	0.0997496	0.0	0.00698	0.0	0.0	0.0681925	0.00607546	0.0	0.0	0.0	0.0	0.0	0.0491773	0.0492264	26.5667	0.716811	0.0221491	0.0	0.0	0.0	0.0294651	0.0	0.0	0.0	0.303304	0.0	0.0	0.0	0.0	0.0	0.0	0.0	0.0468823	0.0	0.0	0.0	0.00206227	0.0	0.0911725	0.0261062	0.00608861	0.0	5.57133	0.0	0.0	1.93338	0.0	0.0	0.0235392	0.0	0.53044	0.191113	0.0	0.0	0.00924701	0.0367224	0.25792	0.00589715	0.0	0.0	0.0	4.83462	0.0	0.0162129	0.0145748	0.0146507	0.0	0.0144997	0.0200566	0.0	0.00730634	0.246233	0.0	0.0214933	0.0	0.0	0.0620501	3.99241	0.0174176	2.36779	0.0377576	0.0
N39_1_3	0.0	0.0	0.879858	0.0	5.32834	0.0	0.0394268	0.98377	0.191561	0.438466	0.0	0.247794	0.070549	0.0	0.0	0.0	0.0	1.66124	0.455704	5.91403	16.2636	5.02004	1.35356	12.3209	0.488762	0.12691	0.0	1.35686	0.0	2.8162	0.0	3.37944	0.0	0.0	0.0	1.96759	3.23208	0.0629152	512.094	0.0449394	1.48633	1.64278	1.48633	0.0691677	0.0	0.0	0.0	0.0	0.287089	3.21138	7.68823	0.978218	0.446529	26.9878	0.0	0.0	0.632516	23.8239	0.0	0.48048	0.0	0.042003	13.8508	4.9746	0.0	12.3634	0.415131	0.0	10.9498	2.68627	0.0	0.181412	3.77742	0.0324471	0.0	0.0	0.880975	1.1772	0.212516	2.2084	0.0	0.0	0.423983	0.0623185	0.0623185	0.0623185	0.316985	0.712533	0.170466	0.0	0.0	0.203331	1.70075	0.0	0.0	0.38155	11.5878	0.0	0.0	0.0	0.0491198	0.158979	0.0	0.509098	0.0	0.0	0.0246829	0.0	0.0157623	0.151531	0.0	0.0	0.0815728	0.150868	1.26328	0.916114	1.29286	0.848323	0.935308	0.0	33.5683	15.2154	0.0	0.0	2.66512	9.03709	1.15678	5.11037	1.72672	0.0981309	0.103937	0.0	0.0	0.0	0.0	0.0	0.0	0.0	0.0	0.203932	1.64278	0.0	1.00107	0.0356267	0.111726	0.156456	0.0	0.0	0.0715984	1.60587	0.4905	0.0949282	0.136583	0.657114	0.235306	0.0	1.07311	0.0	0.0	0.328557	0.0	0.0	0.0	0.524778	0.0	0.474157	0.0	0.0	0.0	21.8256	1.9409	0.0	0.0	0.0	0.0240603	0.134222	2.0763	0.0	0.0	1.36846	0.0	0.0	0.228341	0.0	0.0	0.0	0.0	0.0	0.217427	5.35581	0.0	0.0216631	0.29892	2.14235	0.240129	1.05608	0.0	15.4482	0.586548	0.0	2.66044	0.0	0.184046	0.494898	0.617653	3.91452	2.00901	0.0	0.0	0.797091	0.308826	1.69456	0.15498	0.0	0.0	0.0428553	6.90386	0.0	0.0426082	0.0	0.0	0.0	0.0	0.0514263	0.0107294	0.614444	2.29302	0.34743	0.578976	0.0	0.0536858	0.0	8.24126	0.320419	2.1406	0.297686	2.60913
N39_1_4	0.0	0.0	85.4547	0.0	320.366	0.010731	0.0400053	54.6311	24.6676	33.5454	30.676	10.1969	2.85825	0.0	0.0	1.52517	0.0	83.6627	0.899091	0.0697767	0.116294	0.0697767	98.5341	0.0	0.0	0.0	0.0	0.0158249	0.0	0.0	0.0	0.0	0.0	0.0	5.65401	11.4274	10.6293	1.69703	364.415	0.0	88.9403	103.532	89.1917	0.895933	0.0	0.0	0.0	0.0	0.0	0.0	0.0	0.00945304	0.745811	23.7874	0.0	0.0	0.0	3.98634	0.0	0.00464314	0.0	0.0	14.9882	5.55033	0.0	28.4951	13.5547	0.0	17.001	5.85914	0.0	0.0	0.0	2.30828	0.0	0.0	50.4859	87.5329	4.12786	67.6925	0.0	0.0	46.7121	1.68094	1.68094	1.68094	43.3174	0.0	32.2295	0.0	0.0	18.5683	141.952	0.0	0.0	0.0	12.2493	0.0	0.0	0.0	11.8288	7.72145	0.0	15.7697	0.0	0.00625083	0.00834835	0.0084757	0.0	9.04951	0.0	0.0313521	3.42114	84.2969	105.156	126.308	143.405	106.052	72.1871	0.0	33.135	0.0207928	0.0	0.0	5.83768	9.21288	0.0	21.2197	132.0	0.0	0.632773	0.0	0.0	0.0	0.0	0.0	0.0	0.0	0.0	0.0689746	0.0427407	0.0	37.1794	0.0	0.0	16.6027	0.0	0.0496754	10.0013	0.0187291	0.0236998	0.0160535	0.0	0.0	19.0476	0.0	118.282	0.0124086	0.0	0.0	0.0	0.0	0.0	63.7468	0.0	54.3403	0.0	0.0	0.0	0.0	0.0	0.0	1.51664	2.40223	5.65168	4.18701	176.003	0.0	2.68975	0.14792	0.0	0.0	0.0	0.0	0.0	0.0	0.0	0.0	0.0	356.361	0.0	2.45454	23.7006	78.1514	26.1519	42.1484	0.0	4.37634	35.846	0.0	0.0	0.0	0.0	0.0	30.5132	75.6338	5.8925	0.0	0.0	87.1154	20.9558	73.7203	5.22082	0.0	0.0	0.0144947	0.0421997	0.0	0.0	0.0	0.0	0.0	0.0	0.00885073	0.00725785	43.4343	121.957	19.0495	33.8201	9.24293	4.59393	0.0	103.799	32.7133	33.4219	16.764	281.949
N39_2_2	0.704437	0.0	2.35509	0.021531	10.7253	0.0	0.0740665	2.19628	0.687013	0.955484	0.548912	0.155167	0.0820437	0.0	0.0	0.0688716	0.131457	2.18455	6.61082	2.23922	5.64111	1.93779	3.78157	2.59513	0.0	0.675499	0.125112	0.263686	0.392301	1.32262	0.316524	1.32262	0.0	0.0	0.0697863	0.739257	0.72344	0.0492464	304.523	0.0218873	2.91465	3.35553	2.93915	0.668415	0.0	0.0	0.225813	0.0	0.0224716	0.617221	2.03683	0.0350031	0.980373	52.8231	0.0688351	0.0	15.15	9.77048	0.0	0.438416	0.0	0.0	10.174	8.35234	0.0	15.1645	1.6597	0.0	8.82904	6.45036	0.0	0.283997	1.38598	0.0745	0.0	0.0	1.99078	3.25577	0.41824	2.22668	0.0	0.0	1.42279	0.0487793	0.0487793	0.0487793	1.38237	0.148728	0.996283	0.0	0.0	0.345595	4.64549	0.0	0.00990194	0.358386	10.8115	0.0	0.0	0.0	0.492136	0.497759	0.0	0.438342	0.0	0.0231458	0.0	0.0	0.0	0.338884	0.0	0.0870688	0.0893906	2.26734	3.01774	4.19094	5.43874	3.56673	2.45537	0.0	42.2421	8.3729	0.0	0.0	6.45036	2.03963	0.113182	1.39401	4.57284	2.58086	0.081356	0.0	0.0	0.0	0.455327	0.820357	0.0	0.0	0.0	1.27701	0.791309	0.0	1.6636	0.0223092	0.0466414	0.979716	0.385763	0.0	0.179338	0.0	0.0	0.282356	0.384872	0.514351	1.05599	0.0	2.94922	0.0	0.0	0.514351	0.0	0.0	0.0	1.97882	0.0	1.50481	0.0	0.0	0.87954	2.98813	0.822167	0.364501	0.0490897	0.0589076	0.150664	0.103445	5.45783	0.0	0.140278	0.450548	0.0346753	0.0	0.0	0.0	0.0	0.0344175	0.0381001	0.462916	1.63382	9.02213	0.0	0.0271306	0.763127	3.38913	0.945164	1.48293	0.192882	8.71965	1.10188	0.0	1.11974	1.64767	2.26656	0.581066	1.16031	3.42999	0.353821	0.0432632	0.0	2.69654	1.06362	3.13916	0.252323	0.0	0.0273915	0.0	11.5241	0.12182	0.053362	0.191882	0.241102	0.0	0.0474785	0.0165032	0.0537493	1.89976	4.71284	1.11196	1.37946	0.0438783	0.1143	0.0	11.4458	0.372626	6.32807	0.900977	8.4414
N39_2_3	0.288355	0.0	40.6056	0.0308473	298.967	0.0142321	0.0707431	72.9475	12.3347	18.1657	22.5703	12.1528	1.92139	0.0	0.0	1.00786	3.63222	80.2567	645.603	467.707	166.76	416.223	481.113	18.2887	424.623	0.19925	0.0	2.16175	632.023	11.2431	406.773	11.5589	117.396	0.115745	4.13261	16.8011	14.4365	0.84666	416.444	2.66541	56.3033	64.2864	56.5489	0.794955	0.00515721	92.5188	0.0	0.0	0.12878	4.02209	12.6453	0.0	1.53564	33.4107	0.0	0.0	1.48958	12.2672	0.0	0.147792	0.0	0.0	33.2975	6.95222	0.0522218	67.751	23.3344	0.0	32.3962	12.8184	0.0	0.122064	2.21072	1.14013	0.0	0.0	39.226	89.4243	6.8773	103.328	0.0349062	0.0	24.9292	0.83863	0.83863	0.83863	24.1876	0.0439217	17.4394	0.0	0.0366418	18.5284	83.6861	0.0	0.00709323	0.0427882	20.957	0.0151074	0.0	0.255083	5.68472	9.1852	0.0	8.1451	0.0	0.0	0.0	0.011241	0.0	7.7877	0.0	10.1666	15.0756	88.1808	56.6043	72.5315	77.8462	73.1351	83.2813	0.0	46.9307	25.2739	0.0	0.0	12.8184	15.3414	0.0486467	27.5712	134.015	1.87814	0.396298	0.0	0.0	0.0	0.0	0.0	0.0	0.149598	0.0	0.365913	0.170056	0.0	34.0071	2.95651	0.46776	48.7938	24.9397	0.0	3.98251	0.0	0.0	27.9978	0.0153168	83.0495	81.8554	0.0	70.5738	0.032914	0.0	83.0495	0.0	0.0	0.0	34.5221	0.0	28.4284	0.0	0.0	0.265287	29.0903	1.8693	0.104444	0.998694	1.43474	3.18927	2.43612	101.893	0.0	16.212	24.3264	0.0745188	0.0	0.0	0.0	0.0	0.0	0.109172	0.829021	1.59302	186.005	0.0	1.16124	14.2339	157.162	139.122	138.012	100.542	124.042	21.9923	0.0	5.86918	1.37702	2.44922	0.776991	28.7625	83.4074	7.44887	0.278923	0.0	46.5734	29.6629	84.945	6.3819	0.0	0.0196218	0.0	5.13037	0.0	0.0764515	0.0687271	0.0	0.0	0.0340111	0.011822	0.0192516	39.9308	126.036	27.7235	35.0105	10.7498	2.75016	0.0	99.7805	25.2967	36.9794	12.3073	242.562
N39_2_4	0.0	0.0	93.5996	0.0766051	406.708	0.0	0.0732004	84.664	26.4155	37.818	34.9366	11.6241	2.80863	0.0	0.0	1.96031	2.91762	95.4278	338.079	240.527	67.3997	213.715	312.816	0.0	203.721	0.164937	0.0	0.0	360.062	0.052286	237.526	0.052286	59.3128	0.0383248	4.38651	17.8948	17.231	1.67037	320.797	2.01171	93.4176	108.566	93.65	1.25572	0.0	49.2273	0.0	0.0	0.0	0.0	0.0	0.0103781	0.894535	35.4784	0.0	0.0	0.117434	20.2469	0.0	0.0764628	0.0	0.0	24.1999	7.38873	0.0864572	62.4728	24.1419	0.0	30.7455	10.5559	0.0	0.0336812	0.898568	2.59039	0.0110021	0.0	58.0009	119.131	6.69626	107.118	0.0	0.0	50.7747	1.65453	1.64296	1.65453	46.7367	0.0530438	35.0374	0.0	0.0	23.4486	147.526	0.0	0.0	0.141678	20.4275	0.0	0.0	0.0	12.1291	12.4795	0.0	18.4393	0.0	0.0	0.0	0.0	0.0	12.4028	0.0	5.64492	11.1997	98.8766	106.413	131.449	162.03	121.748	100.383	0.0	52.6086	0.136965	0.0	0.0	10.5245	13.2448	0.0268461	34.2399	170.365	0.0	0.752588	0.0	0.0	0.0	0.0	0.0	0.0	0.0	0.0	0.0	0.0	0.0	48.6954	1.33613	0.428693	43.6879	13.1532	0.0	10.4483	0.0205619	0.0520382	18.9551	0.0	44.5302	64.7591	0.0	129.813	0.0136229	0.0	44.5302	0.0	0.0	0.0	68.6042	0.0	58.0615	0.0	0.0	0.0	0.0	2.37407	0.0	1.95033	3.02738	6.18689	6.68235	189.448	0.0	11.1464	13.8875	0.0	0.0	0.0	0.0	0.0	0.0	0.0	0.0	0.0	397.579	0.0	2.42527	26.0584	163.947	93.1267	102.706	69.5785	78.8368	38.3851	0.0	0.0	0.0	0.0	0.0	37.0254	107.192	8.12431	0.102617	0.0	92.6158	29.672	104.678	7.18193	0.0	0.0	0.0	0.370635	0.0722372	0.90182	0.853373	0.600472	0.070385	0.253386	0.0	0.0199203	51.3211	165.746	28.5396	46.2327	11.3964	4.68068	0.0	128.509	37.8183	45.0848	21.9601	307.119
N40_1_2	0.24663	0.0	0.0	0.0	0.0255765	0.0	0.0	0.0	0.0	0.0	0.0	0.0	0.0	0.0	0.00402305	0.0	0.0	0.0	1.0296	6.41124	15.153	4.92496	0.0	2.57841	0.406295	0.0	0.0511036	0.382953	0.0	8.31966	0.0	8.1756	0.0	0.0	0.0	0.014379	0.0246248	0.0	345.558	0.0	0.0	0.0	0.0	0.0497273	0.0	0.0	0.0	0.0	0.0	0.813261	1.99168	0.0142974	0.83332	5.43938	0.0281165	0.0	0.0	9.93425	0.00745156	0.0140452	0.0	0.0	16.9915	1.05441	0.0	7.20472	0.0653419	0.0	9.50155	1.8178	0.0	0.0464008	1.37378	0.0193648	0.0	0.0	0.0	0.0143381	0.00776523	0.0191477	0.0	0.00877416	0.00278064	0.0	0.0	0.0	0.0	0.0909054	0.0145337	0.0	0.0	0.0	0.0	0.0	0.0	0.0975913	6.72571	0.0	0.0	0.0	0.0	0.00813261	0.0	0.0	0.0	0.0141812	0.0126266	0.0	0.0	0.0	0.0	0.0	0.0	0.0	0.0	0.0	0.0	0.0	0.0	0.0	5.72397	38.9252	0.0	0.0	1.83944	2.32781	0.0184922	0.028649	0.0	34.9888	0.039877	0.0	0.0	0.0	0.0	0.0957384	0.0	0.0	0.0	0.0	0.0	0.0	0.0	0.00911245	0.0285768	0.0	0.0	0.0500883	0.0	0.0141635	0.0	0.00669321	0.0	0.0	0.0	0.0	0.0	0.0	0.0	0.0	0.0	0.00816774	0.0	0.0	0.0	0.0	0.0229192	0.0	0.0472708	18.8283	0.627844	0.0	0.0	0.0	0.0	0.00264083	0.0	0.0	0.0	0.0108254	0.637359	0.43907	1.53311	0.0	0.0	0.0	1.19831	11.991	16.7024	0.0	0.0	0.0	0.0	0.0144201	0.0	0.0	0.0	14.022	0.0	0.0	2.36493	23.0585	33.2975	15.0475	0.0	0.0216095	0.0	0.0	0.0	0.303329	0.0	0.0180595	0.0	0.0	0.0223767	0.0657681	5.856	0.0	0.0	0.0	0.0	0.0	0.0193932	0.0404456	0.0	0.0	0.0143926	0.0	0.0	0.0	0.0	0.0556127	1.78072	0.0	0.343788	0.0	0.0
N40_1_3	0.0	0.0	0.0	0.00605509	0.105657	0.0111746	0.0	0.0100432	0.0	0.0	0.0	0.0	0.00177484	0.0	0.00276988	0.0	0.00528131	0.0	0.0713339	1.07175	2.27066	0.902208	0.0	0.414223	0.0	0.0	0.0175925	0.0	0.0	1.81018	0.0	1.81018	0.0	0.0	0.0	0.237599	0.326975	0.0	315.912	0.0	0.0	0.0	0.0	0.0289701	0.0	0.0	0.0	0.0	0.0	0.0895892	0.190937	0.167345	0.133	2.95144	0.0193583	0.0	0.0	4.90453	0.00513042	0.0	0.0248562	0.0	3.80539	0.551451	0.0	2.03132	0.0224941	0.0	2.16648	0.484234	0.0	0.0	0.613244	0.0152374	0.0	0.0	0.0	0.0172756	0.0	0.0	0.0	0.0	0.0	0.0	0.0	0.0	0.0	0.00862148	0.00400259	0.00549301	0.0	0.0	0.00183746	0.0	0.0	0.0	1.59702	0.0	0.0	0.0	0.0	0.0111987	0.0	0.0	0.0	0.0260369	0.0391205	0.0	0.0	0.0	0.0	0.0	0.0	0.0	0.0	0.00896278	0.0	0.0	0.0	0.0	3.70943	6.17631	0.0	0.0	0.484234	0.241811	0.152784	0.505451	0.0	7.29839	0.0183036	0.0	0.0	0.0	0.0	0.0	0.0	0.0	0.0	0.0	0.0890149	0.0	0.0	0.0	0.0262336	0.0	0.0	0.017243	0.0	0.190157	0.0	0.0046083	0.00601313	0.0	0.0	0.0	0.0	0.0	0.0	0.0	0.0	0.011247	0.0187316	0.0	0.0	0.0	0.0	0.0091038	0.0130184	2.98942	0.241268	0.0	0.0	0.0	0.0	0.016364	0.0	0.0	0.0	0.201239	0.243791	0.195033	0.180951	0.0	0.010759	0.0	0.300013	2.71217	2.57816	0.00664206	0.0	0.0	0.0	0.00496413	0.0	0.0112714	0.0	3.13389	0.0	0.0	0.606759	6.79606	6.65507	3.48611	0.0	0.257889	0.237704	0.0	0.0	0.0838795	0.0	0.0721174	0.00545846	0.0	0.0154064	0.0226408	1.39522	0.0	0.0	0.0	0.0	0.0	0.0133522	0.0464115	0.00188947	0.0	0.0743203	0.0	0.0	0.0	0.00378168	0.0287171	0.610848	0.0	0.0613664	0.0	0.076579
N40_1_4	0.0	0.0	0.00667397	0.0	0.729456	0.0	0.0	0.15995	0.00336843	0.0	0.0226071	0.0159765	0.0243677	7.95697	0.0	0.0151955	0.0	0.224928	0.979383	83.7322	181.664	67.6508	0.36251	3.92139	0.732675	0.0	0.0	0.26245	0.0969423	143.044	0.171099	136.753	0.0	0.0848457	0.0	0.0788347	0.0877891	0.00608468	198.405	0.0260772	0.113484	0.075656	0.075656	0.00216953	0.0	0.0	0.0	0.0	0.0	0.879465	2.74541	0.0162181	11.1566	41.1439	0.0	0.0	0.214103	142.657	0.0	0.0	0.0	0.0	107.985	1.85925	0.0	74.4164	0.0617667	0.0	72.7313	17.5597	4.70127	0.0	18.6943	0.0	0.0	0.0252632	0.12595	0.184328	0.00587228	0.2534	0.135464	7.44767	0.0	0.00602697	0.00602697	0.00602697	0.0	0.0114851	0.0	0.174967	0.0	0.0280923	0.201821	0.0	0.100934	0.0	43.4404	0.00651435	7.02653	0.549961	0.047505	0.141452	0.0	0.00821781	16.9973	14.0345	0.0	0.00969423	0.0	0.0125613	0.0	0.0268947	0.00394455	0.0	0.0	0.0	0.0	0.023441	0.208744	0.0	29.7502	615.671	0.0	0.0	17.5597	2.75479	0.0279687	0.151656	0.0765396	586.246	0.0452341	0.0134263	0.287286	0.0	0.0	0.0	0.0	0.989103	0.395972	0.0	0.0	0.0	0.0744739	0.0620197	0.0	0.0983528	0.0	0.00946953	0.0	0.0267771	0.0	0.0642651	0.0	0.0	0.0986137	0.0	0.0	10.5096	4.9967	0.0	0.0	0.0	0.0	0.0	2.51731	0.0	5.24296	4.16971	2.65961	136.937	10.1252	0.0	0.0121306	0.00909798	0.0	0.00399413	0.0	0.0244427	0.108326	0.0791356	14.3847	12.2425	21.8294	0.0	0.0	0.0425249	32.5523	281.952	353.143	0.0	0.0	0.0	0.0	0.411658	0.205693	0.154751	0.158878	101.199	0.023473	0.0	43.5044	399.584	666.428	296.677	0.0672015	0.245126	0.0303588	0.0133635	0.0	5.77788	0.0597347	0.191199	0.00599538	0.0082021	0.00846094	0.0	34.8083	0.0	0.0	1.0965	0.0	0.0	0.733282	0.00509768	0.0	0.111421	0.269382	0.044801	0.0983312	0.0677677	0.0	0.0	10.9491	0.00885386	0.192579	0.662168	0.126168
N40_2_2	0.144033	0.0	0.0	0.0	1.60677	0.0	0.0	0.517518	0.0	0.0	0.0261878	0.037014	0.00451637	0.0	0.0	0.0	0.0	0.744439	14.0452	49.1983	177.749	35.5774	0.279951	80.4096	9.69186	0.0	0.0	9.01573	0.449187	34.642	0.509655	33.9479	0.0	0.0	0.0	0.170046	0.172571	0.0140968	322.779	0.0313263	0.0	0.0	0.0	0.0753946	0.0	0.0	0.0	0.0	0.0	19.6771	46.7761	0.0	2.92244	14.4082	0.0	0.0	1.31093	17.5459	0.0	0.104581	0.0	0.0	130.435	23.6422	0.0	25.7881	0.815668	0.0	64.4534	5.42173	0.0	0.0812946	3.61031	0.0	0.0	0.0	0.18881	0.646851	0.176862	0.788352	0.0	0.0314005	0.0	0.0139631	0.0139631	0.0139631	0.0	0.0532169	0.0	0.0	0.0	0.104134	0.051433	0.0	0.0708611	0.0854905	45.7099	0.0150923	0.0	0.254827	0.0	0.071242	0.0	0.0190115	0.0332522	0.0662551	0.0	0.0112297	0.0	0.0194012	0.0	0.103848	0.100525	0.0	0.0	0.0	0.0	0.162922	0.773782	0.0	18.4576	106.504	0.0	0.0	5.40278	72.6946	0.0323986	0.338805	0.741541	2.66779	0.554091	0.0	0.0	0.0	0.0	0.0	0.0	1.09595	0.0509655	0.456932	0.283141	0.0	0.138031	0.0159651	0.0333779	0.0701112	0.0	0.0	0.0160424	0.0248146	0.0	0.361585	0.0612056	0.0	0.0527229	0.0	0.106863	0.0	0.0184042	0.0	0.0	0.0	0.0	0.0	0.0	0.0	0.0	0.0231661	1.44105	225.162	6.44644	0.0	0.0	0.0	0.0	0.00925351	0.0	0.0	0.217504	0.467832	0.0496293	0.0992586	0.0511622	0.0	0.0	0.0	0.136327	0.993827	1.59142	0.0	0.0	0.0	0.0	1.93902	1.7832	1.37673	1.79441	76.5266	0.0181273	0.0	29.336	2.6109	3.27152	1.7742	0.207588	0.675171	0.168803	0.0	0.0	0.0653403	0.034598	0.632809	0.16668	0.0	0.0	0.0192044	33.8078	0.0	0.0	0.0	0.0690157	0.0	0.0	0.0118102	0.0	0.275346	0.863649	0.0864949	0.253124	0.0	0.0	0.0	4.29942	0.51281	1.98542	0.733697	0.876906
N40_2_3	0.331205	0.023084	0.0	0.028345	141.526	0.0	0.0487534	34.0381	0.0	0.0	7.49126	8.6476	0.0124625	0.0	0.0	1.15278	2.58354	22.3225	3.2871	54.0965	41.1003	54.1106	28.368	11.6805	1.05767	0.287708	0.0	0.7907	34.396	24.3767	36.6692	18.6308	0.11391	0.946565	0.0	11.7886	8.87766	0.0	240.792	3.14073	0.0483665	0.0483665	0.0483665	0.529359	0.0	0.0507848	0.0495462	0.0	0.0	3.47303	7.71929	0.0921615	1.28382	41.3861	0.0	0.0	4.13883	33.4704	0.0	0.243314	0.0	0.0	49.7914	20.1043	0.0479857	88.0766	30.1287	0.0	42.2087	28.1692	0.0	0.0	5.49814	0.0	0.0	0.0	13.483	52.4388	9.34774	96.2109	0.0	0.0288824	0.0	0.0	0.0	0.0	0.0	0.0201794	0.0	0.0	0.0	11.4101	0.00860152	0.0	0.0847319	0.0393173	31.1178	0.0	0.0	0.234391	0.0	2.07071	0.0	0.026268	0.0	0.0	0.234	0.0103291	0.0	2.93556	0.0	11.9782	13.9031	0.0	0.0	0.0104891	0.0136641	27.2073	82.1305	0.0	67.4341	22.3622	0.0	0.0	27.62	12.9254	0.104301	19.8696	55.2183	4.69198	0.278469	0.0	0.0	0.0	0.0	0.0	0.0	0.0458209	0.0937566	0.504346	0.468783	0.0	20.2028	4.15579	0.552621	17.4442	0.0	0.0	5.76955	2.28246	0.0288824	33.7381	0.154817	0.0	19.996	0.0	11.7952	0.0	0.0	0.0	0.0	0.0	0.0	0.0	0.0	0.0	0.0	0.0	3.73268	20.8298	5.27064	0.0959713	1.15033	1.31836	0.0545451	0.0340457	0.0	0.0	28.7935	44.6073	0.0912985	0.0456493	0.141178	0.0	0.0	0.0	0.100316	2.25992	2.21063	0.0	0.0	0.0	0.0	198.964	163.751	163.329	113.504	175.032	1.68403	0.102711	4.26053	4.38987	4.62753	2.62636	17.7415	50.4424	8.4361	0.170865	0.0	0.344575	12.2043	50.1737	7.21847	0.0	0.0	0.0	14.7683	0.0	0.0702499	0.0315761	0.063481	0.0	0.0	0.0323585	0.0	22.778	69.9004	18.6008	18.7365	4.5923	0.0	0.0	31.2213	18.2637	31.7226	12.9041	47.678
N41_1_2	0.0	0.0	0.0	0.0	0.819984	0.0233488	0.0	0.125908	0.0	0.0	0.0	0.0	0.645268	0.0	0.0	0.0	0.0	0.0	0.596195	5.71862	14.5749	4.57996	0.383118	1.23643	0.44961	0.0	0.0	0.378754	0.0	7.97908	0.0	7.46095	0.0	0.0	0.0	0.0620564	0.151822	0.0	249.937	0.0	0.201492	0.201492	0.230276	0.0137572	0.0	0.0	0.0	0.0	0.0	0.350986	1.01552	0.0	0.616646	2.64562	0.0404482	0.0	0.0	7.93278	0.0	0.0202053	0.0	0.0	12.6292	0.875112	0.0	4.4554	0.0235001	0.0	7.41732	1.04291	0.0	0.0	1.38993	0.0397972	0.0108914	0.173012	0.0563759	0.206266	0.0	0.165274	0.0	0.0	0.0480025	0.0	0.0	0.0	0.0333248	0.087394	0.0250897	0.0459095	0.0	0.0213763	0.138215	0.0	0.0	0.0	4.74866	0.0	0.0	0.0	0.144592	0.0	0.0	0.0312211	0.0	0.0136007	0.0181645	0.0	0.0	0.446055	0.530759	0.238758	0.135069	0.888209	0.137729	0.0561819	0.365938	0.118913	0.0529468	0.0	2.36963	33.9763	0.227865	0.0	1.04291	2.20901	0.0798085	0.185464	0.0	29.6808	0.154883	0.0	0.0	0.154334	0.17837	0.0	0.0	0.0	0.0	0.0	0.0929962	0.0	0.113339	0.0	0.0	0.0	0.0	0.0	0.0	0.0	0.0	0.0	0.0	0.0	0.0	0.0	0.0	0.0	0.0	0.0	0.0	0.0	0.0	0.0755594	0.0	0.0158609	0.0	0.0	0.0544028	17.904	0.462109	0.0	0.0	0.0115382	0.0	0.0151963	0.235074	0.0	0.0549523	0.0415288	0.774272	0.652018	1.05025	0.0	0.089922	0.0	1.61193	14.4621	14.8274	0.0	0.0	0.0079711	0.0169216	0.0622339	0.0	0.094204	0.0	9.58808	0.0744224	0.0	2.59978	20.4241	39.0075	16.6623	0.0568175	0.196886	0.023101	0.0	0.0	0.500749	0.0	0.249411	0.0	0.0	0.064382	0.0	3.70337	0.0	0.0	0.0	0.0	0.0	0.0	0.0581848	0.00789591	0.0	0.36234	0.0	0.0519606	0.0	0.00790164	0.0	0.923309	0.202116	0.0	0.0730239	0.480025
N41_1_3	80.7682	0.0	7.17244	0.0132115	387.616	0.0	0.0454475	58.0694	0.0	5.51921	0.0	13.2978	284.446	0.0	0.0	1.70247	0.0	86.0439	132.062	111.941	39.4231	111.109	109.338	0.0430374	127.375	0.0487634	0.0344299	11.2181	109.96	0.324625	118.474	0.324625	2.54846	0.0	6.4089	16.7296	17.9306	2.0125	238.06	0.0172673	114.205	112.837	119.841	1.58814	0.0	0.0	0.0	0.0	0.0	0.0	0.0	0.493995	0.957414	49.2024	0.0	0.0272467	0.0	11.0637	0.0	0.073847	0.0	0.0	23.3324	9.29055	0.0	51.2264	17.006	0.0	25.7992	7.84279	0.0	0.104557	1.02053	1.71885	4.9758	162.66	53.027	99.8122	6.69581	100.373	0.0	0.0	27.6069	1.99342	2.00539	1.99342	13.3237	0.27378	19.0689	98.3258	0.0	25.3689	151.942	0.0121517	0.0	0.0	19.4403	0.0	0.0	0.0	44.8058	10.189	0.0	22.9031	0.0	0.0	0.0474202	0.00962871	0.0121129	176.034	310.027	395.19	92.6581	262.888	137.367	157.922	161.627	120.185	104.358	0.0121	60.1705	0.377942	224.353	0.0	7.82653	13.2024	0.500034	28.6145	7.83721	0.289074	3.79395	0.0	0.0	28.0847	85.8195	33.6542	0.0	0.0	0.0873991	134.697	133.526	0.0	39.2932	0.027378	0.0286194	21.9723	0.0	0.0	0.0	0.510646	0.0	0.0372521	0.01312	0.0	25.3457	0.0	0.0	0.0	0.0	0.0	0.0	0.0	0.0	45.9648	0.0	10.6373	0.0	0.0	0.0	0.300579	0.153539	0.0	1.69284	2.16876	0.00462241	10.1003	166.22	0.0	3.04131	0.926947	0.0	0.0	0.0	0.0	0.0	0.0	0.0935134	0.544424	0.0	0.0	0.0	0.403997	21.4957	115.065	42.3764	62.1706	0.0	9.28231	52.1388	0.0	0.0167579	0.26479	0.542165	0.0475393	35.6431	91.9934	10.5055	0.0	0.0	110.212	26.3578	82.0834	9.44442	0.0	0.0	0.0	1.14258	0.0	0.0	0.0	0.0295882	0.0	0.0	0.142278	1.17906	45.2705	139.78	16.8352	39.517	14.7004	1.17992	0.0	177.366	33.1887	40.8951	19.0254	422.645
N41_1_4	67.4222	0.0	7.95754	0.0	415.296	0.0	0.0267436	59.2253	0.00590627	6.329	0.0	12.382	311.306	0.0	0.0	2.41929	0.0	131.671	137.124	107.39	36.5237	108.44	115.085	0.0	95.647	0.0	0.0	10.8857	103.943	0.0	118.203	0.0	2.7181	0.0	6.6145	15.4913	14.2223	2.35251	338.546	0.0	117.242	116.512	121.911	1.23886	0.0	0.125361	0.0	0.0	0.0	0.0	0.0	0.0	1.13862	36.1313	0.0	0.0	0.0	6.30181	0.0	0.0	0.0	0.0	20.7258	7.64935	0.0	44.1139	19.0288	0.0	23.985	6.99437	0.0	0.0	0.0100088	0.00366819	5.83761	242.446	58.0036	104.951	5.12768	101.888	0.0	0.0	35.6835	2.3302	2.34077	2.3302	16.7979	0.0201382	24.2704	115.332	0.0	24.3234	163.197	0.00536302	0.0	0.0	16.1539	0.00571119	0.0	0.0	37.8997	11.4307	0.0	22.3455	0.0	0.0	0.00837132	0.016998	0.0160376	231.163	341.751	427.892	92.8049	259.164	139.817	166.02	186.669	146.617	94.8958	0.00534017	44.3836	0.0	242.084	0.0	6.98002	12.9314	0.0	26.1548	7.19832	0.0	2.9875	0.0	0.0	25.0721	90.8761	26.7859	0.0	0.0	0.0	112.703	108.732	0.0	40.3243	0.0	0.0126308	25.0323	0.0	0.0	0.0	0.0	0.0	0.0	0.0	0.0	29.1422	0.0	0.0	0.0	0.0	0.0	0.0	0.0	0.0	57.4182	0.0	12.642	0.0	0.0	0.0125361	0.0	0.116164	0.0	2.39288	3.02035	0.00408008	12.5676	239.315	0.0	3.36827	0.363641	0.0	0.0	0.0	0.0	0.0	0.0	0.0	0.0	0.0	0.0511676	0.0	0.529382	27.3025	122.187	39.1614	49.7861	0.0	5.63439	54.9117	0.0	0.0	0.0	0.0	0.0	39.5131	92.2988	7.77182	0.0	0.0	111.54	27.0753	87.1465	6.30745	0.0	0.0	0.0	0.00705263	0.0	0.0	0.0	0.0	0.0	0.0	0.0179407	0.0109167	47.1877	144.679	16.3001	44.2917	13.9738	0.0109247	0.0	169.931	40.7208	48.0675	22.6322	419.294
N41_2_2	0.508986	0.0	0.0	0.0	1.29396	0.0	0.0249743	0.397372	0.0	0.0	0.0	0.0	0.734161	0.0	0.0	0.0	0.0	0.0	7.12023	7.51406	26.1358	5.72811	0.659531	13.1966	3.32818	0.0401946	0.0	1.09658	0.238102	5.61921	0.240137	5.35163	0.0	0.0	0.0	0.0979266	0.0784075	0.0	331.197	0.0	0.421193	0.421193	0.421193	0.404975	0.0	0.0	0.0	0.0	0.0	2.19532	7.05523	0.0	1.0825	38.616	0.0	0.0	9.01477	8.55501	0.0	0.147828	0.0	0.0	23.3748	9.05149	0.0	12.6351	0.788874	0.0	14.3179	5.90861	0.0	0.0574561	1.70109	0.013702	0.0843725	0.612222	0.242626	0.541503	0.153846	0.0948389	0.0	0.0	0.048204	0.0	0.0	0.0	0.0286841	0.112835	0.0359929	0.158065	0.0	0.0551985	0.211497	0.0	0.0	0.0	14.1278	0.0	0.0	0.0	0.0	0.0402811	0.0	0.0806199	0.0	0.0	0.0	0.0158735	0.0	0.521059	0.799481	0.792678	0.103342	0.668953	0.237097	0.274029	0.419971	0.191913	0.0	0.0	27.5181	21.3008	0.0980664	0.0	5.89521	8.75852	0.0228982	0.212849	0.0455735	5.94658	0.0329186	0.0	0.0	0.0	0.230295	0.118549	0.0	0.0	0.0	0.775063	0.640365	0.0	0.146334	0.0	0.0	0.0743281	0.0	0.0	0.0	0.0	0.0	0.0751633	0.0	0.0	0.0496835	0.0	0.0	0.0	0.0	0.0	0.0	0.0	0.0898354	0.0650371	0.0	0.0204632	0.0	0.0	0.3512	34.8351	1.04863	0.0	0.0	0.0	0.0	0.0523204	0.231243	0.0	0.0472997	0.0625548	0.0701524	0.28061	0.216958	0.0	0.0	0.0	0.423946	2.30231	4.08586	0.0	0.0	0.0205832	0.0291302	0.633879	0.0434587	0.263527	0.260148	15.5976	0.192175	0.0	3.4533	5.91287	4.93527	3.33077	0.0978104	0.463808	0.0795358	0.0	0.0	0.178563	0.0489052	0.465137	0.137437	0.0	0.0	0.0	12.2632	0.0616141	0.0539789	0.0485251	0.0	0.0	0.0	0.132607	0.00679633	0.243256	0.579208	0.0978104	0.205733	0.0	0.0	0.0	7.55772	0.11598	5.58137	0.251419	1.37726
N41_2_3	55.6507	0.0	4.93306	0.0417778	341.481	0.0	0.0798419	56.4803	0.0	3.66534	5.20708	13.95	189.169	0.0117415	0.0	1.76908	1.97985	74.8855	157.25	191.008	63.6554	191.37	150.674	0.680471	120.109	65.3556	0.0837503	7.46623	134.784	0.62733	178.16	0.62733	14.6066	1.25406	4.0924	18.4824	15.4689	1.36963	318.193	1.91111	75.0261	74.7885	78.9865	1.33558	0.0	0.199605	0.0	0.0	0.0	0.206044	0.279447	0.045279	0.962301	43.4346	0.0	0.0	2.27357	16.6989	0.0	0.244641	0.0	0.0680471	24.8492	11.6472	0.141452	80.4786	31.0401	0.0	30.8187	11.7107	0.0	0.146948	2.72514	0.0131415	3.26081	122.09	43.6855	95.5436	11.7673	128.222	0.0	0.0	19.369	1.35664	1.38819	1.35664	9.96802	0.0480976	13.2144	62.5471	0.0	23.5879	101.414	0.0320222	0.0128089	0.193166	20.1148	0.00682021	0.0	0.0	26.9964	8.43491	0.0	13.8578	0.0	0.0	0.0699783	0.0101494	0.0319198	127.925	211.659	280.88	67.695	183.677	93.29	104.787	110.767	97.4955	119.952	0.0318858	60.0119	0.647367	153.058	0.0	11.6765	12.0151	0.102487	29.8387	39.5567	0.132481	2.98881	0.0	0.0	20.1994	55.9548	23.043	0.0	0.0	0.0460627	86.3945	82.1963	0.0	38.5799	2.51069	0.362004	24.1902	0.0	0.0	4.23375	0.17942	0.0	19.6946	0.0414883	0.0	27.4152	0.0	7.89566	0.0297178	0.0	0.0	0.0	0.0	0.0	31.8074	0.0	6.7694	0.0	0.0	0.733548	1.01387	2.10394	0.141452	1.75898	2.05743	0.0438514	7.40573	126.851	0.0	20.2024	28.5637	0.0	0.0	0.0	0.0	0.0	0.0	0.0	0.0998024	0.0	0.0	0.0	0.403893	14.8167	193.407	121.347	154.175	66.535	86.0696	36.8627	0.100924	0.0706566	0.101494	0.0993883	0.10022	33.5367	90.3811	12.5738	0.167892	0.0	70.8184	24.4998	83.2449	11.4365	0.0	0.0	0.0	1.74338	0.0	0.0172569	0.0310267	0.0623765	0.0	0.0307084	0.352244	0.00434553	43.6901	132.657	22.7018	37.3987	12.1182	0.00869738	0.0	184.447	33.0738	43.3284	17.8238	312.0
N42_1_2	0.0	0.0	0.0	0.0072768	0.0634874	0.0134293	0.0	0.0150869	0.0	0.0	0.0	0.0	0.00106647	0.0	0.0066575	0.00997563	0.0063469	0.0	0.0857267	5.83599	12.618	4.91184	0.0	0.40298	0.0	0.0	0.0422841	0.0594118	0.0	10.0725	0.0	9.74467	0.0	0.0	0.0	0.0446154	0.0756787	0.00332875	264.795	0.0	0.00827784	0.0	0.00827784	0.0185945	0.0	0.0	0.0	0.0	0.0151894	0.107665	0.396343	0.0473198	0.750172	3.42907	0.0116321	0.0	0.0	13.3505	0.0	0.0261478	0.00746784	0.0	13.2941	0.310386	0.0	6.46035	0.0135163	0.0	7.66572	1.93829	0.0	0.0	1.38651	0.0137338	0.0	0.0	0.0	0.0148295	0.0	0.0158432	0.0	0.0	0.0	0.0	0.00329718	0.0	0.0	0.0125664	0.00481018	0.0132026	0.0	0.0	0.0	0.0	0.0	0.0201872	4.71609	0.0	0.0	0.0	0.0	0.00672908	0.0	0.0	0.0	0.027379	0.020895	0.00530343	0.00333585	0.00458129	0.0	0.0	0.0	0.0	0.0	0.0	0.0	0.0	0.0076132	0.0	2.89619	47.2086	0.0	0.0	1.93829	0.36494	0.0688538	0.121487	0.0152264	45.8139	0.0219966	0.0	0.0	0.0	0.0	0.0792158	0.0	0.0	0.0	0.0647384	0.0	0.0	0.0	0.00753982	0.0157633	0.0	0.0	0.041444	0.0	0.0585959	0.0	0.0	0.0	0.0	0.0	0.0	0.0	0.00776433	0.0	0.0	0.0	0.0	0.0150073	0.0	0.0	0.0	0.0	0.0656438	0.0234677	17.4166	0.918169	0.0	0.00995447	0.0199089	0.0	0.00437014	0.0	0.0	0.0	0.0417999	1.1016	0.644555	1.72761	0.0	0.0	0.0	1.89287	18.396	26.2439	0.0	0.0	0.0	0.0	0.0149143	0.0	0.0	0.0	11.181	0.0128414	0.0	2.93519	29.5136	49.5191	22.6756	0.0	0.0804606	0.0398602	0.0	0.0	0.508132	0.0	0.0298856	0.0	0.0	0.0277724	0.0181393	3.996	0.0	0.0	0.0	0.0	0.0	0.0	0.0446207	0.0	0.0	0.0238175	0.0	0.00298856	0.0	0.0	0.0460151	0.97359	0.0	0.0105354	0.0	0.0
N42_1_4	0.0	0.0	0.0321807	0.0	0.307912	0.0	0.0	0.0590996	0.00721865	0.010905	0.0605596	0.0171191	0.092953	0.0	0.0	0.0260516	0.0	0.0	7.14132	56.5046	174.93	45.7723	0.215797	37.1432	3.97601	0.0	0.0	6.83653	0.0	57.434	0.0	55.8289	0.0	0.0	0.0	0.0291285	0.0285053	0.00325991	312.568	0.0	0.0405333	0.0405333	0.0405333	0.00774893	0.0	0.0	0.0	0.0	0.0	14.3924	36.1998	0.0115853	4.83298	17.7562	0.045566	0.0	0.0	45.9821	0.0	0.0	0.0	0.0	65.3019	15.0957	0.0	31.4224	8.71572	0.01152	39.9475	6.58894	0.0	0.0	8.29995	0.00896654	0.0	0.0433119	0.0873251	0.0987552	0.0125845	0.20946	0.0	0.0	0.0225317	0.00322899	0.00322899	0.00322899	0.0164244	0.0123065	0.00706606	0.0258592	0.0	0.0120405	0.0994767	0.0	0.0	0.0	30.1291	0.0	0.0	0.0	0.0203609	0.00658993	0.0	0.0351715	0.0	0.00766079	0.0102314	0.0	0.0	0.0628117	0.179375	0.33621	0.0887595	0.0625371	0.0678804	0.0685647	0.164896	0.0711658	0.111836	0.0	17.2347	270.647	0.0641742	0.0	6.58894	31.7021	0.0149844	0.0580363	0.0745576	180.103	0.00538544	0.0	0.0	0.0215797	0.0	0.0775776	0.0	0.0	0.0	0.0	0.0523815	0.0	0.0877799	0.0147678	0.023156	0.0405333	0.0	0.0	0.0	0.0	0.0145228	0.0108471	0.0	0.034048	0.0406408	0.0	0.135917	0.0	0.0	0.034048	0.0	0.0	0.014697	0.0260089	0.0	0.0245681	0.0	0.0	0.0	117.368	6.16413	0.0	0.0259963	0.0259963	0.00249334	0.0	0.0874843	0.0	0.00773817	0.0760231	4.95799	3.95951	9.93832	0.0	0.0	0.0	8.66331	79.9659	102.369	0.0234514	0.0	0.00449313	0.00953131	0.128532	0.0568783	0.0198982	0.0	44.635	0.0461115	0.0	23.927	114.367	184.202	79.5568	0.0320033	0.122573	0.0325299	0.0	0.0	1.39818	0.00800082	0.11707	0.00642414	0.0	0.0	0.0	18.8384	0.0	0.0176618	0.0	0.0	0.0	0.0	0.0109245	0.00444748	0.0397963	0.151612	0.0320033	0.0468281	0.0145228	0.00445071	0.0	5.0681	0.0189741	0.144446	0.0411318	0.225317
N42_2_2	0.415879	0.0	0.0	0.0	0.602034	0.0	0.0437267	0.242457	0.0	0.0	0.0	0.0	0.00186293	0.0	0.00581471	0.0	0.0	0.0	13.0375	44.9596	165.716	36.1889	0.0769835	65.9212	9.44098	0.0	0.0	8.66576	0.0	36.9074	0.0467165	36.0224	0.0	0.0	0.0	0.223413	0.157619	0.0	238.939	0.0332269	0.0	0.0	0.0	0.0145129	0.0	0.0	0.0	0.0	0.0	17.3496	40.848	0.0413295	3.18534	10.3888	0.0203191	0.0	0.175374	25.1196	0.0	0.365404	0.0130449	0.0	98.4075	9.15857	0.0	23.5596	0.0354158	0.0	49.4665	10.6111	0.0	0.134131	4.4294	0.0159937	0.0	0.0	0.0	0.357481	0.134682	0.0830253	0.0	0.0	0.0	0.0	0.0	0.0	0.0	0.0658534	0.0	0.0230626	0.0	0.0	0.00385733	0.0	0.00584581	0.246844	34.4283	0.00622532	0.0	0.210224	0.0	0.0	0.0	0.0157064	0.0	0.0	0.0182499	0.0185282	0.0	0.024008	0.0	0.0342685	0.0150782	0.0	0.0	0.0	0.0	0.0	0.0132989	0.0	14.8302	141.737	0.0	0.0	10.6111	1.15691	0.0133639	0.331263	0.0132989	40.5947	0.00960603	0.0	0.0	0.0	0.0	0.0691877	0.0	0.164386	0.0	0.414649	0.233583	0.0	0.0284679	0.039512	0.0688392	0.0144599	0.0	0.0	0.0	0.0307069	0.0	0.043867	0.164101	0.0	0.0144982	0.0	0.0	0.0	0.0	0.0	0.0	0.0354158	0.0	0.0	0.0	0.0	0.0	0.0191113	0.109317	112.758	6.56322	0.0	0.0	0.0	0.0	0.0229015	0.0	0.280299	0.0138026	0.0990943	0.900736	0.859794	1.85712	0.0847416	0.0	0.101595	2.13685	18.4016	19.318	0.0	0.0209419	0.0	0.0	0.562736	0.253635	0.189293	0.189786	60.833	0.0	0.0	25.604	32.2855	46.4482	21.4974	0.0428133	0.369594	0.116047	0.0	0.0	0.373732	0.0285422	0.313228	0.137505	0.0	0.0	0.047529	35.6317	0.0	0.0	0.0	0.0284679	0.0	0.0	0.0584581	0.0	0.0425909	0.483656	0.0	0.11485	0.0	0.0	0.020095	10.1859	0.0	0.147228	0.0183417	0.0
N42_2_3	0.339093	0.0	0.0	0.0483667	157.394	0.0	0.0831907	37.3135	0.0	0.0	8.83696	10.4569	0.00177213	0.0	0.0	0.906169	1.91946	30.0281	25.8903	58.3786	52.9615	57.7378	27.1322	19.9705	11.3872	0.0	0.140525	2.23773	39.5685	9.25992	43.9062	9.16088	0.145778	1.66055	0.0	13.3099	11.2549	0.0	346.674	4.51108	0.0412652	0.0275102	0.0275102	0.182101	0.0	0.0	0.211359	0.0	0.0	3.23147	9.18564	0.00982877	1.03523	39.9394	0.0	0.0	2.14094	44.0365	0.0	0.197935	0.0	0.0	50.4515	31.2871	0.286582	92.2449	35.2393	0.0	40.7809	34.2016	0.0	0.223288	9.01856	0.0	0.0	0.0	14.5476	58.82	9.93976	104.331	0.0	0.0	0.0	0.0	0.0	0.0	0.0	0.0172166	0.0	0.0	0.0	10.3069	0.0	0.0	0.0	0.0670893	27.6394	0.00567003	0.0	0.0	0.0	2.01268	0.0	0.0149194	0.0	0.00649928	0.00868017	0.0176252	0.0	3.86721	0.0	9.16011	13.7623	0.0	0.0	0.0	0.0	26.1392	80.2558	0.0	59.7509	22.9488	0.0	0.0	33.3983	6.46839	0.114413	23.3088	57.8515	4.19865	0.374651	0.0	0.0	0.0	0.0	0.0	0.0	0.156374	0.0	0.215148	0.133318	0.0	21.1497	4.86115	0.667936	18.308	0.0	0.0	6.58425	0.0681572	0.0	38.5408	0.0120079	0.0	21.3356	0.0	12.5163	0.0	0.0	0.0	0.0	0.0	0.0	0.0	0.0	0.0	0.0157558	0.0	0.753916	31.1415	13.1491	0.184231	0.904247	1.05312	0.0634592	1.95341	0.0	0.088879	31.7086	47.3604	0.077894	0.155788	0.702624	0.100764	0.0	0.425231	0.385142	2.3614	2.31935	0.0	0.17929	0.0	0.0	217.677	187.867	198.433	138.254	211.178	1.3372	0.0584205	5.76691	2.57768	3.08513	1.84917	19.2908	55.7378	9.16246	0.218667	0.0199978	0.2598	12.5438	54.7255	7.73918	0.0	0.0	0.0	94.277	0.0	0.0	0.05388	0.0270803	0.0	0.0533274	0.0368101	0.0	24.2144	77.8528	18.8292	20.9566	5.76618	0.0	0.0	14.8023	16.9504	23.9488	9.63114	52.5294
N43_1_2	0.075405	0.0	0.267129	0.0	11.5018	0.0	0.0554981	3.15756	0.0	0.246878	0.71292	0.348801	0.0	0.0	0.0	0.0	0.436217	1.40304	0.296972	3.0653	1.37132	2.83944	3.12665	0.63066	0.0	0.0	0.0	0.0	0.411532	0.0660691	0.118586	0.0660691	0.0	0.0	0.0174303	2.45969	1.98115	0.0	308.516	0.0210859	2.01878	2.03713	2.03713	0.0578909	0.0	0.0	0.0	0.0	0.0	0.0298377	0.231242	0.0131139	0.0336258	4.32391	0.0257891	0.0	0.0	2.76506	0.00683474	0.0322064	0.0	0.0	3.37334	0.929928	0.0	1.04657	0.0284314	0.0	2.8601	0.98253	0.0	0.0	0.0138468	0.0101496	0.388875	0.0	1.18616	4.52401	2.57832	3.45985	0.0	0.0	0.0	0.0	0.0	0.0	0.0	0.055721	0.0	0.0146356	0.0	17.4726	0.0	0.0	0.0	0.089513	1.34563	0.0302607	0.0	0.0	0.0	0.0149188	0.0	0.0996733	0.0	0.0346863	0.0347442	0.0	0.0	0.365654	2.62262	1.91373	2.91843	0.0	0.834227	0.811934	2.02207	0.710785	3.78089	0.0	6.1063	0.432677	0.0	0.0	0.98253	0.704214	0.0	3.1533	0.506369	0.0153479	0.0365761	0.0	0.0	0.0	0.0	0.0	0.0	0.0	0.0	0.0	0.0592928	0.0	1.69818	0.317609	0.0524226	1.39479	0.0	4.43341	16.7133	0.0129911	9.20584	0.0122783	0.0	0.0	1.38009	0.0	0.811212	0.017214	0.0	0.0	0.0	0.0	0.0	0.0	0.0	0.0555789	0.0	0.0485123	0.0	0.880922	0.0	0.0	0.0	0.0	0.0	2.30112	0.0	0.0	1.99709	3.90552	0.0	0.0	0.0	0.0	0.0573327	0.0	0.0	0.0	0.0680123	0.0	0.0	0.0	0.0	1.3028	0.128766	0.976021	0.0	2.37969	0.0	0.0	0.0	0.0	0.0	0.0	1.30413	5.13357	1.13412	0.0	0.0	0.00456099	1.06866	5.41994	1.03259	0.0	0.0	0.040216	0.478095	0.0	5.41786	3.66632	0.0361316	0.0	0.0	0.0741953	0.0	1.78387	7.82834	0.905647	1.48419	0.197268	0.0	0.0	2.29703	1.18127	2.77958	1.11741	2.34643
N43_1_3	0.316149	0.0	1.94131	0.0	49.6397	0.0	0.0	12.8235	0.00685176	1.82864	4.59854	3.05481	0.0	0.524684	0.0	0.142183	1.99411	9.47738	1.26503	23.0251	17.8302	20.8741	20.0733	7.80027	0.0961512	0.0499326	0.0786101	0.497035	7.19749	4.48751	0.0	4.48751	0.108732	0.0	0.0	3.4173	3.04115	0.0	385.743	0.0	9.15662	9.15662	9.11045	0.040453	0.0	0.0	0.0	0.0	0.0141193	1.20096	2.98614	0.472849	0.31233	6.873	0.0432502	0.0	0.0	4.14214	0.0	0.0756175	0.0138834	0.0	8.60586	1.89486	0.0458043	4.96463	0.012564	0.0	7.31153	3.46199	0.0345231	0.0	0.371554	0.0170216	0.0	0.0	8.06263	20.1312	0.764471	21.9432	0.0153083	0.206771	0.0	0.0	0.0	0.0	0.0	0.023362	0.0	0.0	0.0	4.43429	0.0	0.0	0.0	0.03753	5.09286	0.0	0.0	0.0	0.0	0.0	0.0	1.02803	0.773673	0.770772	0.0291343	0.0	0.0	2.23147	13.6206	13.6037	17.0021	0.0	3.62651	5.80714	8.56921	3.90194	25.1369	0.0	12.7323	6.313	0.0	0.0	3.47032	2.19871	0.0853371	8.82488	2.61842	0.0	0.163575	0.0	0.531246	0.0	0.0	0.0	0.0	0.174952	0.671209	0.0401183	0.0994384	0.0	10.2709	1.47181	0.0732638	7.01751	0.0	0.0577862	1.30991	0.0326806	3.22562	0.00933732	0.0134345	0.0	6.68123	0.0	4.43323	0.245388	0.38781	0.0	0.0	0.012564	0.01395	0.0	0.0812775	0.0	0.299671	0.122038	0.0	15.5432	0.494121	0.0	0.141882	0.141882	0.0	0.0203113	0.0	0.0	10.6648	15.159	0.0	0.0	0.0	0.0	0.0	0.0	0.0	0.0	0.0	0.0	0.0	0.0	0.0	6.39942	1.47116	0.0	0.0	6.10624	0.0	0.0	2.79704	0.0	0.0	0.0	7.71569	15.108	0.802791	0.0	0.0	0.0152982	5.69564	16.618	0.817084	0.0	0.0	0.0337226	1.05543	0.0	24.1403	0.120563	0.0	0.0	0.059663	0.0311077	0.0	9.91181	25.1726	7.10816	4.84484	2.53639	0.0	0.0213866	2.10037	7.2039	11.0467	4.27502	13.773
N43_2_2	0.397929	0.0	3.79337	0.0	94.5832	0.0314244	0.0585751	24.5075	0.00862413	3.58712	7.26401	7.24008	0.0	0.0	0.0	0.280115	4.63373	15.631	6.39411	51.764	58.0983	46.7068	40.1157	30.6188	3.50967	0.0942732	0.0	3.98533	9.67978	13.1794	0.0625802	12.8307	0.0	0.0127782	0.0183967	8.14316	7.4513	0.0	408.19	0.0	20.3967	20.3579	20.1061	0.254586	0.0	0.0	0.297638	0.0	0.0177716	5.49535	15.9129	1.46715	1.27764	40.2202	0.0	0.0	2.19265	27.4908	0.0	0.367114	0.0174747	0.0832033	60.2949	12.7495	0.0	22.8493	0.23721	0.0	36.848	7.7304	0.0	0.224598	3.88747	0.0	0.0	0.0	15.8388	37.1022	1.98458	45.7108	0.0	0.0347009	0.0	0.0	0.0	0.0	0.0	0.529293	0.0	0.015447	0.0	8.18498	0.0	0.0	0.140956	0.047238	29.3163	0.00833928	0.0	0.0	0.0	0.07873	0.0	1.52539	0.0	0.0	0.0122235	0.01241	0.0	4.12727	22.2514	24.6052	30.1157	0.149426	6.02434	12.9047	14.7094	7.45192	43.8066	0.0	57.2596	33.3062	0.0	0.0	7.75135	34.7434	0.877194	21.3278	5.07722	2.17065	0.167284	0.0	0.0	0.0	0.240062	0.185364	0.0	0.165155	0.563222	0.151487	0.187741	0.0	20.4593	3.35219	0.405747	12.2031	0.0	0.0242447	3.45707	1.59052	5.55214	0.0822684	0.152187	0.0	11.9053	0.0	5.2257	0.0363369	0.0406772	0.0	0.0	0.0	0.0	0.0	0.0	0.0	0.0443751	0.0	2.15996	113.392	2.77044	0.172958	0.279521	0.279521	0.0	0.0306783	0.0	0.0	22.3355	31.663	0.0	0.0	0.0	0.0	0.0605115	0.0272189	0.0301312	0.457618	0.430699	0.0	0.0	0.0	0.0	11.1329	2.61617	0.0792412	0.0	41.8634	0.0	0.0822684	9.67612	1.64432	2.55203	1.40923	14.2232	31.3307	3.3889	0.0	0.0	0.0770218	10.61	31.3855	2.25643	0.0	0.0	0.0	16.9711	0.0	45.1341	0.151749	0.0762697	0.0	0.0750963	0.0130515	0.0	18.3142	47.2335	14.2614	9.54573	4.44171	0.0	0.0	7.34625	11.4702	22.4834	5.9951	16.6896
N43_2_3	4.0806	0.0	4.04243	0.0306337	204.218	0.0	0.0	38.9077	0.00775764	3.46109	2.83755	8.42597	18.3984	0.0	0.0	0.636926	1.93713	54.54	5.70657	66.4291	49.9175	64.9587	56.2149	18.8606	1.90511	0.254404	0.0	6.66961	30.3637	12.9843	27.5271	12.1689	0.307768	0.413795	2.74702	9.74162	9.47193	0.952902	314.801	0.0778515	44.6226	44.6401	46.2256	0.657041	0.0	0.0	0.214187	0.0	0.0	3.51266	8.73774	0.622518	1.35801	57.8551	0.0	0.0	4.01514	27.1203	0.0	0.25073	0.0	0.0	43.5976	14.7528	0.0	35.5714	4.33867	0.0990412	32.3287	20.5125	0.234525	0.323251	4.82465	0.520346	0.0	7.64515	27.7782	60.8056	3.40807	55.6745	0.0	0.187286	10.5719	0.943865	0.943865	0.943865	9.08255	0.71417	4.95613	4.7382	0.0	12.8619	72.932	0.0	0.0	0.0849837	25.2228	0.0	0.145642	0.0	10.4811	4.99987	0.0	0.0188988	0.37187	0.131725	0.153935	0.0558156	0.0	60.0765	21.5579	25.4365	17.5603	101.011	10.588	15.8024	19.3009	11.9398	58.2826	0.0	61.1408	27.6184	72.8969	0.0	19.2311	21.8214	0.660234	20.7067	80.7175	11.9339	0.578755	0.123685	1.20297	1.5306	3.29312	1.50066	0.0	0.0	0.405307	7.76722	7.20546	0.0	26.8423	1.19028	0.0995401	13.4861	0.0	0.0	5.39019	1.33205	3.80816	0.158577	0.0456321	0.0	14.3255	0.0	2.28394	0.0653721	0.329312	0.0	0.0	0.0	0.0	9.74722	0.0	64.7343	0.0598749	0.230288	0.197587	63.6321	2.94982	0.10372	0.635575	0.914949	4.00855	3.66566	1.55508	0.0	10.4615	13.8512	0.394681	0.296011	0.228865	0.0	0.0	0.0489683	0.758908	5.43365	6.19881	0.0	0.0	1.71773	3.18045	43.3097	17.5735	22.8237	0.503115	28.4046	19.3172	0.0	6.43081	11.6096	11.9973	5.84219	20.8421	52.6774	4.88025	0.0	0.0	59.3454	14.9781	49.6704	3.90756	0.0	0.0	0.0	17.4429	0.0	17.4621	0.136502	0.0686066	0.0	0.0675512	0.0699423	27.3009	28.3807	82.8826	15.8379	20.9602	7.83481	48.0838	0.0	68.2076	23.7145	33.5299	10.2772	86.4928
N44_1_2	0.0	0.0	0.0	0.0	0.0404308	0.0	0.0	0.0	0.0	0.0	0.0	0.0	0.0	0.210988	0.0	0.0	0.0	0.0	16.5009	61.7678	231.292	43.0971	0.0	106.879	12.45	0.0	0.0403918	10.8587	0.0	46.1159	0.0	45.6035	0.0	0.0	0.0	0.02273	0.0111218	0.0	301.391	0.0	0.0	0.0	0.0	0.0136052	0.0	0.0	0.0	0.0	0.0580387	27.3573	78.0326	0.0113005	3.88502	14.4536	0.022223	0.0	0.0319678	15.7632	0.0	0.0499553	0.0	0.0	162.481	29.0645	0.0	28.0347	0.0258228	0.0	80.1484	5.6701	0.0354776	0.0	3.81827	0.0131192	0.0	0.0	0.015487	0.033998	0.0	0.0	0.0314631	0.198322	0.0	0.0	0.0	0.0	0.0	0.024008	0.00459491	0.0	0.0	0.0	0.0	0.0	0.0	0.0	56.6772	0.00680864	0.0	0.459845	0.0	0.0128559	0.0261618	0.0	0.285023	0.336261	0.0	0.0101322	0.0	0.0	0.0	0.0	0.0	0.0	0.0	0.0	0.0	0.0	0.0	0.0	18.075	162.313	0.0	0.0	5.6701	92.0713	0.0	0.0622706	0.0	0.0	0.0210122	0.0	0.0	0.0	0.0	0.0	0.0	0.584314	0.0	0.0	0.153282	0.0	0.0	0.0	0.0150579	0.0316295	0.0	0.0197946	0.0	0.0223894	0.0	0.00979997	0.013806	0.0	0.0317134	0.0	0.0	0.0	0.182661	0.0	0.0	0.0	0.0	0.0	0.0715926	0.0	0.0543453	0.459845	0.0	312.215	9.87867	0.0	0.0	0.0	0.0	0.0	0.0	0.0	0.0	0.0114084	0.0	0.0	0.0	0.0	0.0	0.0	0.0	0.0	0.0	0.0	0.0	0.0	0.0	0.0341925	0.01387	0.0258787	0.0	91.4523	0.0	0.0	39.3066	0.0	0.0	0.0250125	0.0	0.0398532	0.0	0.0	0.0	0.0	0.0156083	0.0171289	0.0	0.0	0.0	0.0	39.8364	0.0	0.0	0.0	0.0311353	0.0	0.0	0.0213119	0.0	0.0	0.0398153	0.0	0.0	0.0	0.0	0.0	3.91901	0.0	0.0603837	0.0401207	0.0
N44_1_3	0.0	0.0	0.0	0.0	0.0	0.0153541	0.0	0.0	0.0	0.0	0.0	0.0	0.0	0.0	0.0	0.0	0.0	0.0	0.0980138	0.199675	1.06493	0.0665582	0.0	0.59625	0.0	0.0	0.0483446	0.0452848	0.0	0.0	0.0	0.0	0.0	0.0	0.0	0.0544107	0.073214	0.0	249.141	0.0	0.0	0.0	0.0	0.021712	0.0	0.0	0.0	0.0	0.0	0.0769355	0.2862	0.0541021	0.0266779	0.441062	0.0531971	0.0	0.0382621	0.294319	0.0	0.00664346	0.0170764	0.0	0.245708	0.182232	0.0	0.154203	0.0293238	0.0	0.277951	0.143305	0.0	0.0	0.0856887	0.0209364	0.0	0.0	0.0	0.0	0.0	0.0181139	0.0	0.0166009	0.0	0.0	0.0	0.0	0.0	0.0236921	0.0	0.0	0.0	0.0	0.0050494	0.0	0.0	0.0	0.206304	0.0	0.0	0.0	0.0	0.0	0.0	0.0	0.0	0.00894376	0.0	0.0	0.0	0.0	0.0	0.0	0.0	0.0	0.0	0.0	0.0	0.0	0.0	0.0	0.571362	0.371882	0.0	0.0	0.143305	0.401793	0.0349878	0.094858	0.0	0.0316593	0.0377241	0.0	0.0	0.0	0.0	0.0905697	0.0	0.0	0.0	0.0	0.0	0.0	0.0	0.0	0.0	0.0	0.0	0.0	0.0	0.0	0.0	0.0	0.0	0.0	0.0	0.0	0.0	0.0177544	0.0	0.0	0.0	0.0	0.0	0.0	0.0	0.0	0.0	0.0250175	0.0	0.605715	0.055251	0.0	0.0	0.0	0.00582181	0.00999303	0.0	0.0	0.0	0.0477911	0.0	0.0	0.0	0.0	0.0886984	0.0	0.0	0.0	0.0	0.0	0.0	0.0	0.0	0.00682079	0.0	0.0309741	0.0	0.173455	0.0	0.0	0.16885	0.0	0.0	0.0299373	0.0	0.0204429	0.0	0.0	0.0	0.0	0.0	0.0	0.0	0.0	0.0	0.0	0.130823	0.0	0.0	0.0	0.0	0.0	0.0	0.0510161	0.0	0.0	0.0	0.0	0.0	0.0	0.0	0.0	0.0238103	0.0	0.0	0.0	0.0
N44_2_2	0.129622	0.0	0.473114	0.0138666	10.364	0.0	0.0159003	2.98994	0.0	0.438533	0.636328	0.399729	0.0	0.0	0.0	0.0380189	0.507973	2.00988	10.2712	16.7092	44.4979	13.5061	4.11506	23.3988	2.75956	0.127953	0.0	2.03786	1.26327	12.6067	0.203851	12.1524	0.278628	0.0624359	0.0149815	0.952207	0.809809	0.0	379.894	0.0563842	1.76671	1.76671	1.76671	0.73958	0.0	0.149066	0.0	0.0	0.0434172	4.85987	15.1053	0.0676291	1.79635	57.6456	0.0	0.0	16.2936	14.2427	0.0	0.116263	0.0	0.0	41.7466	14.7787	0.0	21.5888	0.927234	0.0	24.8742	8.6923	0.0176933	0.182903	3.16579	0.00436184	0.0238744	0.0	1.22033	4.28405	0.404039	4.89087	0.0	0.0	0.0	0.0	0.0	0.0	0.0	0.0718389	0.0	0.0	0.0	1.17144	0.0	0.00637715	0.0	0.0	23.2488	0.0	0.0	0.0	0.0	0.0256457	0.0	0.00855471	0.0	0.0	0.0199086	0.0101062	0.0	0.488883	2.93769	2.71029	3.61048	0.0	0.811371	1.32389	1.72462	0.863441	5.3243	0.0	53.339	29.1809	0.0	0.0	8.6923	20.4507	0.0874714	2.01578	0.91398	0.0263833	0.0209583	0.0	0.0	0.0	0.0	0.0	0.0	1.34495	0.0458664	0.0822432	0.101925	0.0	1.86332	0.316091	0.120154	1.43545	0.0	0.118463	0.577495	0.0558299	0.819509	0.248842	0.481968	0.46376	1.4867	0.253729	0.961715	0.0	0.0	0.265006	0.108411	0.0386348	0.0	0.0	0.0	0.0	0.0	0.0625451	0.342851	65.2735	2.39426	0.0938997	0.0379383	0.0379383	0.0	0.0374746	0.0	0.0	2.3188	3.16907	0.0	0.0	0.0	0.0	0.0	0.0	0.0	0.0	0.0	0.0	0.0	0.0	0.0	2.85342	1.02375	1.03249	0.910958	26.6548	0.00815681	0.0	7.47528	0.0	0.0	0.0	1.30773	3.08353	0.493721	0.0	0.0	0.0	0.840684	3.40559	0.425009	0.0	0.0	0.0	19.2381	0.0	4.27866	0.123578	0.0310554	0.0	0.0	0.0105533	0.0	1.76556	5.3953	1.15205	1.2472	0.649955	0.0	0.0219214	11.3399	1.53219	10.8612	1.12049	2.4552
N44_2_3	0.0	0.0	0.131707	0.0	8.60085	0.0	0.0	2.16965	0.0	0.0981889	1.01124	0.46242	0.0	0.0	0.00800515	0.0479798	0.290004	2.28282	5.74671	11.2698	14.8747	11.1998	5.56414	6.78375	3.73132	1.71166	0.0	0.619132	4.20881	4.58657	3.0228	4.80156	1.61749	0.183853	0.0189066	0.836888	0.559988	0.0	255.487	0.106735	0.517581	0.517581	0.517581	0.0256885	0.0	0.62707	0.0	0.0	0.0182642	1.78007	4.01325	0.0	0.235677	3.55626	0.0559467	0.0	0.804795	2.65771	0.0	0.0139737	0.0	0.0	4.48596	1.91651	0.0	5.83824	1.13766	0.0	3.17778	1.34564	0.0	0.0	0.645844	0.0330278	0.0	0.0	1.13068	3.18825	0.339931	4.3244	0.0	0.017459	0.0	0.0	0.0	0.0	0.0	0.0302202	0.0231356	0.0317504	0.0	0.694828	0.0	0.0	0.0	0.0	2.33733	0.0	0.0	0.0	0.0	0.145642	0.0	0.0864924	0.0	0.00940605	0.037687	0.0	0.0	0.363572	0.917663	1.36815	1.73331	0.0	0.214315	0.194273	0.404924	1.2233	4.66869	0.0	4.50671	8.24447	0.0	0.0	1.35641	3.28297	0.0183981	1.29689	2.61813	0.499436	0.0661234	0.0	0.0	0.0	0.0	0.190502	0.0	0.0	0.0	0.103791	0.0	0.0	1.64606	0.0725286	0.075817	1.09488	0.313535	0.0498334	0.327959	0.0422744	0.213976	1.28031	0.0695135	1.00331	1.29739	0.0	0.849578	0.0	0.0	0.919702	0.0	0.0	0.0	0.0	0.0	0.0	0.0	0.0	0.0564363	8.8387	0.958763	0.0	0.0478781	0.0478781	0.0122455	0.0210191	0.0	0.0	0.494055	0.883163	0.0	0.0	0.0	0.0	0.0	0.0	0.0	0.0	0.0	0.0	0.0	0.0	0.0	7.68982	6.14558	6.15669	4.38949	7.39714	0.0411756	0.0	1.93115	0.12754	0.124894	0.0	1.35565	2.98844	0.239645	0.0	0.0	0.0	0.903766	3.03293	0.205079	0.0	0.0	0.0	1.31235	0.0	1.49629	0.0	0.0	0.0	0.0	0.0133183	0.0	1.71996	4.15262	1.27706	1.20742	0.320965	0.0	0.0276648	1.00164	0.978462	1.8242	0.378767	2.65582
N45_1_2	0.0466459	0.0	0.0	0.0199601	0.344143	0.00920907	0.0343314	0.0951811	0.0	0.0	0.0	0.0	0.0102386	0.00836535	0.0	0.0	0.0	0.0	5.45981	10.2894	22.4152	9.18165	0.151107	1.4955	1.98611	0.0736725	0.0869883	0.149385	0.0	10.3403	0.0	10.1768	0.0	0.0	0.0	0.106062	0.0798405	0.0	273.19	0.0260877	0.0	0.0	0.0	0.213784	0.0	0.0	0.0	0.0	0.145825	1.7904	2.68929	0.048674	2.27532	15.843	0.0159533	0.0	3.8554	22.5041	0.0	0.107584	0.0	0.0	29.309	3.2272	0.0675815	14.4651	0.213181	0.0	16.6441	4.1318	0.0	0.105311	2.62968	0.0188358	0.0	0.0	0.0444707	0.126099	0.00881196	0.119508	0.0	0.0099569	0.00315546	0.0	0.0	0.0	0.0	0.0344693	0.00659712	0.0	0.0	0.0	0.0726847	0.0	0.0	0.138433	12.3456	0.0	0.0	0.0	0.0	0.119975	0.0	0.00615699	0.0	0.00536428	0.0429859	0.0	0.0	0.0188496	0.0	0.0	0.00591921	0.0	0.0135805	0.0	0.0	0.0	0.0626485	0.0	14.7513	77.0761	0.0	0.0	4.15022	0.861992	0.0314774	0.21132	0.0522071	59.2444	0.0527943	0.0	0.0	0.0	0.0	0.0	0.0	0.0	0.0	0.14798	0.0366788	0.0	0.0558779	0.0206816	0.0540482	0.0340589	0.0	0.02842	0.0207817	0.00803638	0.040677	0.0275533	0.0792873	0.0	0.0341493	0.0	0.0	0.0106487	0.0	0.0	0.0	0.00926874	0.0	0.0	0.0	0.00625572	0.0	0.0	0.0429142	24.1137	1.39181	0.0337907	0.0	0.0	0.0069836	0.0209776	0.0	0.0	0.0216739	0.114656	0.93222	0.980438	2.8002	0.0	0.0	0.0	2.96691	24.8187	28.2519	0.0	0.0	0.00314621	0.0	0.196366	0.0099569	0.0185776	0.0	23.4442	0.0	0.0	5.1649	41.114	52.3162	24.9764	0.0224095	0.208441	0.0364452	0.0	0.0165055	0.756148	0.0224095	0.151655	0.0089967	0.0	0.0126965	0.0248778	12.9467	0.0846992	0.0	0.0667061	0.0	0.0	0.0221207	0.038248	0.00622848	0.0557328	0.220492	0.0560238	0.0614817	0.040677	0.0	0.0	3.71305	0.0	2.45637	0.345618	0.126218
N45_1_3	0.397274	0.0	2.59085	0.0212495	368.087	0.0	0.0487322	51.7839	0.0107624	3.3601	11.4848	10.3114	10.0311	0.0	0.0	1.12638	0.0	66.733	0.938763	115.342	44.0503	120.719	99.1589	1.86899	0.0	0.0392159	0.0	0.346986	65.2	0.609153	70.9897	0.696175	1.62251	6.36262	5.8543	14.7743	13.4637	2.42041	213.123	0.194411	128.43	110.349	109.889	0.136326	0.0	0.0	0.0	0.0	0.0	0.825304	1.64471	0.0172728	1.18219	31.3547	0.0	0.0	8.64867	16.5638	0.0	0.288457	0.0	0.0	32.9846	27.7916	0.0	44.1111	13.8342	0.0	33.2515	9.72553	0.0	0.056057	10.0674	0.0	0.0	1.95338	51.06	91.6847	5.291	94.172	0.0	0.0	0.0	2.39746	2.43597	2.39746	0.0	0.0	0.0	65.2141	0.10041	20.9314	143.546	0.0488625	0.0	0.117901	23.5678	0.0	0.0	0.0	32.1778	10.1984	0.0	0.0131283	0.0114646	0.0114216	1.34237	1.92038	0.0487063	10.154	0.0	0.0	2.7853	0.0	0.0	0.0	0.0	0.0374479	74.5434	0.0486544	36.4828	5.62295	0.430553	0.0	9.75168	14.0316	0.0	22.8778	175.454	0.485166	1.46132	0.0	0.0	0.0	0.0	0.0	0.0	0.0	0.140574	0.819206	0.624772	0.0	36.6206	0.0440352	0.0230159	19.6524	0.0	0.0	0.0	0.0	0.0433047	0.0586664	0.0422046	0.0	22.5887	0.0	0.0	0.0453464	0.0	0.0	0.0	0.019735	0.0	0.0	0.0	0.0	0.0	0.0	1.25638	2.94907	7.47918	0.0719472	1.12399	2.11233	0.00743474	0.440275	0.0	0.0	0.0461479	0.566721	0.0	0.0	0.0705583	0.0	0.0377574	0.0	0.0	0.266504	0.0	0.116547	0.0	0.0	0.0	90.8068	34.3444	54.3887	0.0	17.2224	9.13729	0.0513331	0.566027	0.309739	0.303313	0.229388	32.2072	81.0086	8.5941	0.0426976	0.0	106.265	22.4019	77.0343	7.71977	0.0	0.0	0.0	6.68269	0.0	0.0	0.0	0.0	0.0	0.0	0.0162875	0.0	42.6486	128.296	13.9326	38.8706	11.5624	0.0	0.0	8.40753	0.0282888	7.38367	4.10872	69.0672
N45_1_4	0.0	0.0	2.27351	0.0	317.768	0.0	0.0	46.8194	0.0286867	3.22133	11.4555	11.021	9.85323	0.334284	0.0	1.25528	0.0	159.813	1.50134	95.7775	56.0165	96.7687	82.0695	1.38381	0.0	0.0	0.0	0.0	58.1011	24.1231	65.1548	23.1952	1.3657	0.828835	5.44622	14.2727	13.3896	2.24118	420.75	0.0863653	107.987	91.9111	91.7823	0.189383	0.0	0.101479	0.990041	0.0	0.0	0.130941	0.324733	0.0460397	2.27931	36.9078	0.0452695	0.0	0.520963	66.3976	0.0	0.0	0.0	0.0	47.4053	14.3159	0.0	46.5579	14.0449	0.0	40.2102	10.3831	0.07227	0.0	5.712	0.133623	0.0	3.76513	47.1011	82.7839	4.72597	82.8687	0.0	0.230853	0.0984945	2.21992	2.50223	2.21992	0.0	0.0585457	0.0	146.387	0.0	22.2497	133.265	0.286529	0.0	0.0	29.8612	0.0	0.119681	0.936731	31.6777	12.9893	0.0	0.0874821	0.152792	0.441434	1.24011	2.39422	0.285613	10.1984	0.0	0.076348	3.51048	0.0	0.0	0.0209596	0.0	0.0332719	71.1391	0.285309	53.3291	103.699	0.637566	0.0	10.3831	11.3359	0.0	24.9431	150.248	89.7417	0.877465	0.0	0.0	0.0	0.0	0.0	0.0	1.00716	0.0	0.0	0.0	0.0	29.9046	0.0	0.0	20.5536	0.507396	0.0	0.0294855	0.0684129	0.0	0.0195466	0.0	0.0	22.74	0.0	0.0	0.0	0.101479	0.0	0.0	0.0	0.0	0.0	0.0729192	0.00887573	0.147606	0.0	1.12642	65.7199	13.6821	0.0	1.25262	1.93704	0.108993	7.72149	0.0	0.0	0.0	0.441551	4.19599	3.147	2.77403	0.0	0.0	0.0452695	7.31652	46.8834	71.1548	0.0	0.0	0.0982057	0.0	85.0336	30.7687	49.7643	0.169132	26.7167	8.59588	0.0	4.63392	52.838	88.1732	42.2901	27.8207	73.3666	7.88564	0.0	0.0	94.866	20.4442	68.3313	7.4801	0.0	0.0	0.0	7.82717	0.0801151	0.175468	0.0	0.0	0.0	0.0624487	0.689699	0.141393	38.6517	114.522	11.3508	35.5555	11.2541	0.0	0.0	11.1036	3.84553	6.15025	4.74024	99.2108
N45_2_2	3.30414	0.0	0.0	0.0	4.92418	0.222066	0.534661	2.32636	0.0	0.0	0.0	0.0	0.00440877	0.101454	0.0	0.0	0.0	0.0	9.54646	2.67731	4.12126	3.06838	1.50305	3.23383	0.106904	1.30464	0.0	0.388879	0.0	2.77186	0.497513	2.89505	0.0	0.0	0.0162504	1.71528	1.85908	0.0	399.169	0.03058	0.171102	0.102661	0.102661	1.43599	0.0	0.0	0.0	1.09251	0.0313965	0.445087	1.16418	0.574632	2.12213	92.7623	0.0480868	0.0	28.1534	22.7974	0.0	2.68435	0.0308719	0.110244	18.5057	15.9871	0.101853	31.9202	1.91376	0.0	19.3463	11.6214	0.0191919	1.66652	5.06053	0.0	0.0	0.0	0.770758	2.96103	1.97881	0.130991	0.0510605	0.0306525	0.0	0.0	0.0	0.0	0.0	0.415593	0.0	0.109159	0.0	0.0127066	0.0228217	0.0	0.0207519	2.33671	23.6413	0.0	0.0	0.248756	0.0	0.0695448	0.0	0.0557558	0.154185	0.0808459	0.0	0.0	0.0	0.359841	0.0	0.0	0.0178418	0.659966	0.0	0.011132	0.029003	0.0265068	0.44062	0.0	86.9907	3.44225	0.0	0.0	11.64	2.79381	0.695788	3.50945	0.361938	0.057236	0.113667	0.0	0.0	0.45547	0.636164	0.818692	0.078874	0.291775	0.0	7.27055	4.14594	0.200548	0.656873	0.29611	0.472449	0.547528	0.269486	0.0	0.0469806	0.375464	0.0613049	1.1212	0.71697	0.431178	0.600447	0.0	0.0	0.0	0.0	0.431178	0.0	0.0279381	0.0	0.0	0.0516381	0.0	0.0	0.0904569	0.226368	4.75665	1.4983	0.560192	0.0	0.0	0.0	0.347773	0.0	0.0	0.0489975	1.35155	0.0	0.0	0.0	0.0	0.0	0.0	0.0	0.0	0.126817	0.0	0.0	0.0	0.0	2.91014	0.420173	0.769961	0.0	16.3299	0.0	0.0	0.648675	0.0	0.107347	0.0541228	0.253303	3.92372	1.63408	0.0	0.0248757	0.0765405	0.439058	3.31723	0.922016	0.0123665	0.0191351	0.0	19.6577	0.0	0.186388	0.603202	0.808459	0.0	0.26534	0.123729	0.0	0.97435	4.09845	0.236416	1.12427	0.36783	0.0	0.142669	18.0255	0.180214	15.5268	0.195332	0.0
N45_2_3	0.095679	0.0	0.554648	0.0204709	99.4041	0.0	0.0	21.3993	0.0	0.699603	1.46128	4.08159	1.50008	0.327935	0.0	0.439656	1.37483	26.1107	1.26611	31.5865	13.5927	31.6889	20.5184	4.00112	0.509234	0.226673	0.0	0.13928	19.1715	0.419165	20.9905	0.419165	0.164532	1.47476	1.57029	8.58492	5.32242	0.327752	342.46	0.0208096	18.6063	16.0447	16.0447	0.179188	0.0	0.0	0.214694	0.0	0.0	0.321811	1.0563	0.0166398	1.3161	55.0154	0.0	0.0	1.74167	84.7534	0.0	0.196155	0.0	0.025007	35.4154	20.956	0.0	27.356	11.8444	0.33092	31.2719	28.8504	0.0	0.0540029	5.07767	0.0	0.0	0.435458	12.3599	34.6342	2.94621	40.7142	0.0	3.40001	0.0	0.324643	0.398847	0.324643	0.0	0.0707026	0.0	15.6179	0.0	6.03549	20.8725	0.0753153	0.0	0.11358	29.43	0.0	0.0	0.0	6.11201	2.38519	0.0	0.0252582	0.0	0.0	0.337991	0.402825	0.0750744	2.51315	0.0	2.78699	1.52981	0.359285	0.0278559	0.106054	0.039473	7.45564	40.8212	0.0749944	83.1682	2.89146	0.138259	0.0	29.4297	3.72632	0.0430439	16.3129	34.1819	0.447913	0.340342	0.0	0.0	0.0	0.0	0.0	0.0	0.0	0.0	0.9106	0.526644	0.0	11.8054	1.1878	0.155207	8.77918	0.0	0.0	1.85427	0.016484	0.0	0.494521	0.0	0.0	9.78312	0.0	2.02315	0.0	0.0	0.0	0.0	0.0	0.0	0.0	1.52857	0.0	0.0	0.0	0.484136	6.89294	20.1199	0.138622	0.438723	0.644083	0.0071623	6.817	0.0	0.0	7.82442	13.5061	0.0	0.0	0.0	0.0	0.0	0.0	0.0	0.0	0.0	0.0	0.0	0.0	0.0	29.9234	13.2139	19.777	1.46708	28.2426	1.49317	0.0494521	0.363524	0.0	0.0730495	0.110491	10.5032	30.6661	2.65382	0.041133	0.0	14.283	7.40051	26.8446	2.65735	0.00841536	0.0	0.0	9.48339	0.0	0.38051	1.27704	0.871078	0.0	0.586831	0.0306173	0.0	12.7121	45.5534	7.69929	13.6871	2.92025	0.0	0.0	13.211	5.99549	12.8629	4.10585	35.0804
N46_1_2	0.555524	0.0	0.0	0.0	0.919701	0.0	0.0340721	0.326511	0.0	0.0	0.0	0.0	0.0	0.0	0.0	0.0	0.0	0.0	10.5564	45.5814	138.824	37.722	0.314927	96.8442	8.07805	0.219349	0.0431657	9.07737	0.0	40.5215	0.0	38.2095	0.0	0.0	0.0	0.504038	0.451654	0.0	218.053	0.058254	0.0	0.0	0.0	0.0266559	0.0	0.0	0.103878	0.0	0.263604	16.0194	41.8235	0.0966129	2.39391	13.8929	0.0	0.0	0.10249	19.4646	0.0	0.492338	0.0	0.0	93.7042	15.4061	0.0	27.3991	0.0275962	0.0	45.5443	6.50734	0.0	0.666288	4.06774	0.00467339	0.0319746	0.0	0.0	0.466272	0.393544	0.0	0.0	0.0	0.0	0.0	0.0	0.0	0.0	0.15394	0.0	0.0	0.0	0.489494	0.0	0.0	0.0204979	0.453379	31.1137	0.0145525	0.0	0.0	0.0	0.0824326	0.0	0.0	0.0320629	0.023957	0.0106653	0.010828	0.0	0.0561217	0.0	0.0	0.158612	0.0	0.0	0.0	0.0	0.0	0.233158	0.0	18.1916	81.9086	0.0	0.0	6.50734	60.2288	0.140579	0.816715	0.264246	0.0	0.123504	0.0	0.0	0.0	0.0	0.0	0.0	0.336238	0.0	1.23365	0.819042	0.0	0.0166368	0.0	0.048276	0.0845043	0.0	0.148078	0.603275	0.191417	0.514715	0.0922901	0.132787	0.0	0.0677828	0.0	0.0	0.0	0.0	0.0	0.0	0.0275962	0.076601	0.0	0.0	0.0	0.0	0.0	1.99641	134.497	6.83252	0.075455	0.0	0.0	0.00519815	0.17845	0.0	0.0	0.0	0.316988	0.0	0.0	0.0	0.0	0.0	0.0	0.0	0.0	0.0	0.0	0.0	0.0	0.0	0.627281	0.0444677	0.248904	0.0	49.6834	0.0	0.0	23.2927	0.02707	0.0	0.0534605	0.0	0.888309	0.569677	0.0	0.0	0.0336017	0.0	0.652887	0.334828	0.0	0.0	0.0185175	23.1371	0.0	0.0	0.0331012	0.166368	0.0	0.0327617	0.0113877	0.0	0.0165936	0.747658	0.0166802	0.195256	0.0302774	0.0092789	0.0	5.85703	0.0395574	1.09702	0.943272	0.0
N46_1_3	0.124508	0.0	0.00668306	0.0	0.166011	0.0	0.0916382	0.0607534	0.0	0.0	0.0	0.0	0.00390415	0.0	0.0	0.0	0.0	0.0	0.813995	3.1434	11.6013	2.5973	0.0	4.20876	0.520671	0.0	0.0773971	0.688736	0.0	2.18186	0.0	2.18186	0.0	0.0	0.0	0.0871085	0.053278	0.0	367.822	0.0	0.0	0.0	0.0	0.0173799	0.0	0.0	0.0	0.0	0.0	1.4534	3.09279	0.0433073	0.200736	0.647273	0.0212914	0.0	0.0306277	0.885511	0.0	0.0691328	0.0	0.0	5.97914	0.45297	0.0	1.28372	0.0123702	0.0	2.80628	1.00782	0.0	0.0702747	0.354389	0.0209487	0.0	0.0	0.0	0.0651456	0.0823238	0.0289994	0.0	0.027144	0.0	0.0	0.0	0.0	0.0	0.0230016	0.0044023	0.0845817	0.0	0.0225045	0.00404191	0.0	0.0	0.0	2.05675	0.0	0.0	0.220284	0.0	0.0	0.0	0.0	0.0	0.0	0.0478079	0.00970743	0.0	0.00838563	0.0	0.0	0.0236995	0.0	0.0	0.0	0.0	0.0	0.0139352	0.0	1.61115	7.51347	0.0	0.0	1.00782	0.0494807	0.0560136	0.157286	0.0278705	0.0126712	0.0301971	0.0	0.0	0.0	0.0	0.0	0.0	0.0861261	0.0	0.276495	0.0	0.0	0.0	0.0	0.115413	0.0303036	0.0	0.0948243	0.12481	0.0536272	0.108576	0.0202739	0.0	0.0	0.030384	0.0	0.0	0.0	0.0	0.0	0.0	0.0	0.0137347	0.0	0.0	0.0	0.0	0.0600775	0.0572739	6.84862	0.420156	0.0	0.0	0.0	0.0	0.0199979	0.0	0.0	0.0	0.0601157	0.0	0.0	0.0	0.0	0.0	0.0	0.0	0.0	0.0	0.0	0.0	0.0	0.0	0.109197	0.0265772	0.0	0.159094	3.25593	0.0	0.0	1.52055	0.0	0.0	0.0	0.0	0.141821	0.0486402	0.0	0.0	0.00376554	0.029908	0.103935	0.0360213	0.0	0.0	0.0830056	1.01498	0.0	0.0	0.0593512	0.0894904	0.0	0.0293712	0.0306277	0.0	0.0743816	0.0871914	0.0	0.0547028	0.0	0.0	0.0210566	0.876738	0.0	0.0192841	0.0192194	0.0
N46_2_2	0.992775	0.0	0.00592087	0.0944034	2.37776	0.555329	0.202967	1.20371	0.0	0.0060192	0.0	0.0	0.0	0.0	0.0	0.00539233	0.205849	0.34208	3.08448	15.1636	51.1313	13.0159	0.893342	25.6016	1.92903	0.631551	0.0307526	2.79401	0.0860031	7.20051	0.303584	7.15218	0.0	0.0619883	0.0127492	0.800679	0.5617	0.0	305.522	0.119957	0.0671188	0.0671188	0.0671188	0.0423437	0.0	0.0	0.247521	0.548561	0.160108	6.52551	15.0196	0.0671442	1.01597	5.3696	0.0188631	0.0730098	0.379885	10.3931	0.0199968	1.44169	0.0484409	0.0144153	31.9367	2.63232	0.0799084	11.8543	0.394537	0.0	16.1891	3.6659	0.0	0.933899	1.34704	0.00371191	0.0	0.0	0.35493	1.43809	0.416771	0.0770762	0.0	0.0601207	0.0	0.0	0.00534688	0.0	0.00388529	0.0198988	0.0	0.0214101	0.0	0.0598136	0.0	0.00542694	0.0271347	1.40768	13.5733	0.0	0.0	0.195161	0.0	0.0545611	0.0	0.0218401	0.0572995	0.0887982	0.0338844	0.0	0.00540958	0.163444	0.0742564	0.0	0.00699888	0.0	0.0481726	0.0	0.0	0.0138639	0.296303	0.00540382	7.35803	37.5975	0.0	0.0	3.6659	0.438374	0.0620316	1.58568	0.0123459	0.37046	0.0891772	0.0476449	0.115849	0.178668	1.24775	0.385381	0.371282	0.152607	0.0	2.76456	1.60466	0.0	0.317137	0.220085	0.242845	0.577222	0.845697	0.0	0.0	0.0570133	0.0	0.708594	0.210936	0.11276	0.242269	0.0	0.0409208	0.0	0.0	0.11276	0.0	0.0	0.79094	0.0	0.0	0.0	0.0	0.0	1.75059	28.9953	2.95831	0.519405	0.0053809	0.0	0.00412871	0.170084	0.0	0.0	0.0512544	0.65364	0.0	0.0	0.0	0.295011	0.0419354	0.0943157	0.0	0.0845697	0.0994938	0.0647217	0.136089	0.0	0.0	1.94454	0.259007	0.131797	0.0	19.4357	0.0	0.0285067	7.93309	0.0860031	0.0	0.0	0.119237	1.73006	0.441702	0.0	0.0	0.0700578	0.304716	1.61385	0.297856	0.0	0.0	0.0	6.75131	0.0	0.0	0.394367	0.343565	0.0	0.130107	0.0271347	0.0	0.408571	2.03257	0.0662426	0.799657	0.168338	0.0	0.0	3.70643	0.0314191	0.205018	0.732181	0.149241
N46_2_3	0.549035	0.0	4.21191	0.036144	137.771	0.125069	0.155419	37.461	0.0274592	3.80252	12.2707	9.68114	0.00264859	0.0838045	0.0	0.334457	5.31988	22.658	10.7982	76.4807	112.281	67.761	60.7175	54.1907	4.75249	0.500276	0.0	6.79959	13.0065	24.275	0.265674	23.942	0.108939	0.21699	0.019525	11.4385	10.0263	0.0	287.618	0.229638	26.2835	26.2835	26.0985	0.507976	0.0	0.0	0.221125	0.105013	0.00943078	9.94349	27.1984	0.0661046	2.05139	37.91	0.0	0.0	0.457115	42.2057	0.0	0.544761	0.00927322	0.0551915	72.5539	13.3075	0.0	26.3107	0.310503	0.0	43.4365	20.239	0.0	0.691282	3.4124	0.00568468	0.00389327	0.0	20.2729	56.9379	2.56107	58.0166	0.0	0.0552438	0.0	0.0	0.122829	0.0	0.0	0.187252	0.0	0.0	0.0	11.7938	0.00274205	0.124668	0.00831119	0.350947	32.306	0.0265523	0.0	0.149442	0.0	0.0417794	0.0	0.0334475	0.00975026	0.0291411	0.0194598	0.0	0.124269	7.92456	38.2767	37.7586	44.7393	0.0	8.79151	16.4648	21.1175	10.1808	59.445	0.124137	54.2768	57.6521	0.0	0.0	20.2723	6.6884	0.132999	26.812	6.78777	0.447002	0.437031	0.0	0.0	0.0547251	0.318482	0.0	0.0473839	1.08092	0.0896649	1.31302	1.19553	0.0	27.2995	4.22253	0.900413	18.4201	0.0809475	0.0	3.64087	0.261942	9.94388	0.536358	0.161521	0.0	17.4589	0.0	8.993	0.0	0.0	0.0	0.0	0.0	0.232942	0.0	0.263685	0.00283198	0.0	0.0	0.417689	71.3366	11.5214	0.198863	0.333747	0.341988	0.0	4.95996	0.0	0.630975	28.9547	40.2859	0.0	0.0	0.0	0.0753	0.0	0.0	0.0	0.0	0.0	0.0	0.0297738	0.0	0.0	16.6531	3.47079	0.210253	0.0	44.2945	0.0	0.0	17.0548	0.131711	0.128979	0.0	19.0419	44.0687	2.73056	0.0181564	0.0	0.0894095	14.0608	46.507	2.59032	0.0	0.022991	0.0225245	14.9244	0.0	61.8541	0.442904	0.364264	0.0	0.219181	0.0275078	0.0	24.4533	72.1679	18.9303	15.2079	8.04718	0.0	0.0	16.9448	18.5372	28.8206	9.57028	28.4554
N46_2_4	0.0	0.0	6.42543	0.0133396	192.116	0.0	0.0305922	54.5504	0.0337811	5.6884	21.6972	13.0743	0.0	0.15746	0.0	0.396219	7.41147	32.5472	2.45549	84.4264	36.217	73.5413	78.9311	2.95493	0.331837	0.0	0.0	0.381192	22.215	1.31109	0.0	1.31109	0.0	0.200211	0.0	14.3564	16.7866	0.0	258.454	0.0	37.3297	37.3297	37.1325	0.19872	0.0	0.0	0.186538	0.0	0.0	1.07319	2.14145	0.0	0.639476	65.6304	0.0	0.0	0.0920219	66.1719	0.0	0.0	0.0	0.0	39.1831	21.191	0.0	17.8015	0.284943	0.0	37.3345	22.3205	0.0	0.0	4.29344	0.0	0.00574178	0.0	27.5062	80.0816	2.35566	79.4332	0.0	0.394182	0.0	0.0	0.447278	0.0	0.0	0.0275771	0.0	0.0	0.0	13.6358	0.0	0.453975	0.0	0.0	32.3263	0.0	0.0	0.0	0.0	0.0493422	0.0	0.0246888	0.0	0.0	0.00957602	0.0	0.452523	15.0161	50.631	51.6243	60.6121	0.0	10.4011	20.6833	28.8988	15.539	87.9106	0.452041	76.182	6.41577	0.0	0.0	22.4025	6.9997	0.0140245	37.8111	10.0485	2.01776	0.181456	0.0	0.0	0.0	0.0	0.0	0.0	0.0	0.0882467	0.0	0.0	0.0	37.3888	3.95303	0.447902	31.3813	0.0	0.0	5.56937	0.0966747	12.5323	0.0	0.0	0.0	30.0039	0.0	22.5509	0.0	0.0	0.0	0.0	0.0	0.0	0.0	0.641153	0.0	0.0	0.0	0.200761	0.0	15.99	0.0	0.395379	0.395379	0.0	14.6725	0.0	0.686363	33.8947	53.6111	0.0	0.0	0.0885874	0.644748	0.0	0.0852942	0.0	0.0	0.731063	0.0	0.241749	0.0	0.0	25.5032	4.75119	0.0	0.0	24.4181	0.0	0.0	1.20135	0.388884	0.0	0.0	28.5304	59.8733	2.47222	0.0	0.0	0.211189	20.7276	63.2607	2.8139	0.0	0.0169705	0.0	5.38106	0.0	98.1573	1.78322	1.28463	0.0	0.911882	0.0101523	0.0	37.6194	100.64	25.9395	19.8542	10.2216	0.0	0.0	18.0289	26.7622	41.1179	11.7223	40.8271
N47_1_2	0.784073	0.0	0.00601223	0.0	1.20971	0.0331705	0.0686998	0.486927	0.00606888	0.00611208	0.0	0.0	0.0	0.0202058	0.0	0.0	0.0	0.0	0.732288	14.9542	34.6534	15.3376	0.399136	5.11345	0.68132	0.24325	0.0696281	0.684824	0.0436651	2.06099	0.0880766	2.01192	0.0	0.00899212	0.0	0.372233	0.364268	0.0	225.907	0.187932	0.0545236	0.0545236	0.0545236	0.02215	0.0	0.0	1.34048	0.0348141	1.35065	9.31879	19.7855	0.0487002	2.21507	7.35817	0.0574626	0.0370682	0.137767	16.7949	0.0	0.401865	0.0	0.0	30.5398	2.07204	0.0	14.9688	0.122413	0.0	16.1935	2.94112	0.0	0.505765	2.05688	0.0150768	0.0	0.0	0.146832	0.805838	0.211601	0.0	0.0	0.0	0.0	0.0	0.0	0.0	0.0	0.0170612	0.0	0.0	0.0	0.0202455	0.0436343	0.0	0.314109	0.166209	10.7439	0.00586843	0.0	0.0	0.0	0.232693	0.0450983	0.014806	0.0	0.0064406	0.0172036	0.0	0.0	0.0377195	0.0	0.0	0.0781756	0.0	0.0815266	0.0	0.0	0.0	0.0752187	0.0	10.1179	75.4769	0.0	0.0	2.94112	5.03007	0.100782	0.800196	0.0501458	0.0683958	0.905533	0.0	0.0	0.0	0.506801	0.260885	0.0	3.2542	0.0396345	1.20817	0.308268	0.0	0.0939254	0.0869093	0.0908498	0.122678	0.0	0.0341224	0.0124757	0.106137	0.0	0.0578931	0.214191	0.0	0.0956694	0.0	0.0	0.0	0.0	0.0	0.0	0.0	0.0741364	0.00397568	0.0	0.0	0.0624543	0.0180157	10.7429	10.9865	6.70419	0.324566	0.0	0.0	0.0	0.115139	0.0516838	0.0	0.0260226	0.319572	0.0	0.0385954	0.119363	0.0	0.0	0.0383084	0.0	0.0858747	0.0	0.0788645	0.0	0.0	0.0	0.59924	0.179321	0.156136	0.0	23.1081	0.0	0.0	5.89724	0.0	0.0	0.0	0.0538118	0.834211	0.262547	0.0	0.0	0.0711388	0.0672648	0.757863	0.183631	0.00492589	0.015244	0.0	9.47158	0.0	0.0	0.160181	0.0805075	0.0	0.026423	0.0642912	0.0	0.133831	0.936369	0.0672648	0.285429	0.122097	0.0	0.0378859	3.85793	0.0319039	1.66545	1.50425	0.378859
N47_1_3	0.349727	0.0	0.0268169	0.0106893	1.23903	0.0	0.0367713	0.474269	0.00541392	0.0109049	0.0181677	0.0	0.00626642	0.0	0.0	0.0	0.0	0.0	8.49235	29.834	101.634	23.7517	0.550275	55.157	5.01427	0.177544	0.0	6.06552	0.0	19.9178	0.0	19.5676	0.0429572	0.0160433	0.0	0.340799	0.371989	0.0	296.827	0.125738	0.0243197	0.0243197	0.0243197	0.0302205	0.0	0.0	0.112108	0.0	0.0334691	12.0001	32.8797	0.0608221	1.82349	9.20857	0.017087	0.0	0.0737393	9.17327	0.00452849	0.606027	0.0219399	0.013058	69.7418	13.2717	0.0	17.8904	0.138985	0.0	33.5285	3.23525	0.0272784	0.281989	2.45876	0.0302617	0.0	0.0	0.178617	0.58381	0.302023	0.19782	0.0	0.0	0.023658	0.0	0.0	0.0	0.0175973	0.0180252	0.0141319	0.106668	0.0	0.0361212	0.0519003	0.0	0.0245798	0.266889	23.2953	0.0104702	0.0	0.0	0.0	0.118617	0.0	0.0131891	0.0	0.0287276	0.00767348	0.0155811	0.0	0.080757	0.0	0.0288177	0.057059	0.140707	0.0872737	0.0870234	0.195811	0.100468	0.145385	0.0	10.5025	66.347	0.0	0.0	3.24182	46.7187	0.0561909	0.626784	0.0782845	0.0	0.0807806	0.0431588	0.0	0.0	0.0	0.0	0.0	0.069119	0.0	1.14118	0.785712	0.0	0.155608	0.0443028	0.0694673	0.206717	0.0	0.0	0.0445173	0.0430376	0.0	0.169691	0.148614	0.0	0.195073	0.0	0.111204	0.0	0.0	0.0	0.0	0.0	0.0661355	0.0354662	0.0	0.0201009	0.0	0.0321428	0.792882	118.364	5.19981	0.162865	0.0	0.0	0.0	0.0930839	0.0851188	0.0	0.0696427	0.368415	0.0	0.0	0.0	0.0	0.0	0.0	0.0	0.0	0.0	0.515924	0.0	0.0	0.0107226	0.81938	0.213291	0.338264	0.0	37.9525	0.0314392	0.0	18.3043	0.0	0.0	0.0	0.120011	0.757314	0.361077	0.0	0.0	0.175274	0.0720065	0.711193	0.298719	0.0	0.0	0.0399688	18.2047	0.0	0.0	0.0	0.119698	0.0	0.0707141	0.032773	0.0	0.179081	0.861555	0.156014	0.219504	0.0435679	0.0	0.0	2.54677	0.0426912	0.247618	0.0771211	0.675944
N47_2_2	0.182515	0.0	0.00653106	0.0	0.313655	0.0	0.0	0.183512	0.0	0.00663953	0.0	0.0	0.0	0.0219495	0.00595438	0.0	0.0	0.0	4.25535	5.67522	18.7308	4.77708	0.0788327	6.27556	0.786372	0.024022	0.0	0.726209	0.0	2.6653	0.0	2.6653	0.0	0.0	0.0	0.138332	0.083306	0.0	356.34	0.0170125	0.0	0.0	0.0	0.346061	0.0	0.0	0.0910101	0.0	0.203779	3.14161	8.32105	0.0105806	0.993374	28.0239	0.0416143	0.0	8.1712	9.05066	0.0	0.166303	0.0133583	0.0	14.9077	5.71717	0.0881436	9.62608	0.423109	0.0210418	9.42673	3.83551	0.0	0.171691	1.80985	0.00818891	0.00560272	0.0	0.0145003	0.190992	0.137917	0.0283399	0.0	0.0129864	0.0	0.0	0.0	0.0	0.0	0.0674352	0.00430217	0.0118083	0.0	0.274908	0.0	0.0	0.155642	0.108331	9.28697	0.0	0.0	0.0	0.0	0.0601841	0.0612377	0.0	0.0	0.0139928	0.0	0.0	0.0	0.0	0.0	0.0	0.00772017	0.0	0.0	0.0	0.0	0.0	0.0	0.0	23.9935	19.4445	0.0	0.0	3.83551	6.21365	0.0410547	0.164309	0.0136183	0.705832	0.0393471	0.0	0.0	0.0	0.0	0.0	0.0682576	0.0420836	0.0	0.424609	0.0478386	0.0	0.0145758	0.013487	0.0281971	0.10365	0.0	0.111201	0.365914	0.283001	0.23874	0.00898414	0.0	0.0	0.133618	0.0	0.0	0.0138886	0.0	0.0	0.0	0.0	0.0	0.0	0.0782033	0.0	0.0	0.0195704	4.11388	12.4084	2.07461	0.0661077	0.0	0.0	0.0	0.0781721	0.0	0.0	0.0	0.0640892	0.0	0.020963	0.0648315	0.0	0.0	0.0	0.0	0.0	0.329242	0.0	0.0	0.0	0.0	0.202756	0.0389591	0.0848049	0.0	10.2784	0.0	0.0	3.05448	0.284599	0.371593	0.398122	0.0	0.250538	0.0831844	0.0	0.0	0.0110397	0.0146139	0.261947	0.046936	0.0	0.0165595	0.0162235	9.29705	0.0	0.0	0.0580013	0.0	0.0	0.0	0.00997704	0.0	0.0	0.250299	0.0	0.112263	0.0	0.00406472	0.0	4.95452	0.0693142	3.90102	0.281734	0.0
N47_2_3	0.274432	0.0	2.26258	0.0469726	47.617	0.0	0.0134655	10.6542	0.814827	2.6895	2.57467	1.86185	0.00344209	20.1091	0.0	0.198548	2.05874	6.58144	37.0934	30.45	28.759	28.1131	25.7812	15.9902	31.1319	0.45511	0.0	1.29435	20.7117	12.8403	18.4287	12.0227	1.08542	0.00881248	0.0253746	4.56956	2.96867	0.037603	288.797	1.50412	13.6926	13.6926	13.559	0.629518	0.0	0.168318	0.0	0.0682372	0.0245124	2.28044	5.04955	0.162273	1.67942	61.1826	0.0187716	0.0	10.9632	33.2697	0.0	0.290689	0.0	0.0	37.1156	23.014	0.159041	48.319	15.6831	6.64415	31.5882	13.6244	0.0	0.247831	4.28355	0.0	0.0151638	0.0	6.77634	17.4604	2.33295	25.708	0.0	0.0239315	0.0	0.0372464	0.0	0.0372464	0.0	0.0198022	0.0	0.0	0.0	3.90869	0.0142542	0.0	0.00540059	0.130311	25.2279	0.0	0.0372203	0.0	0.0	1.32483	0.0	0.0144894	0.0	0.0	0.0	0.0	0.0	1.80394	0.147792	0.189952	1.22582	0.0	4.41037	5.35374	6.43082	3.96652	20.1982	0.0	62.3633	27.9667	0.0	0.0	13.6244	10.4263	0.123461	10.08	1.74461	23.6167	0.470345	0.260775	0.0691719	0.0	0.0413898	0.0	0.0	2.20206	0.0	0.975086	0.690537	0.0	8.88931	1.36277	0.292543	17.6868	14.6227	0.0334407	0.0	5.39943	3.06323	10.1396	49.2943	49.4295	52.9868	32.84	3.42066	0.0751794	0.0	45.5021	12.578	0.0	0.0	0.0	75.2091	0.0	0.0	0.0	0.467083	13.5991	8.40292	0.159041	0.198127	0.198127	0.0	0.0423147	0.0	9.84015	7.89311	13.5345	0.0756487	0.0567365	0.253452	0.0	0.0	0.0	0.16624	2.3775	8.53968	0.0	0.0	0.0	0.0	61.7306	54.7015	58.1901	64.3116	59.5419	0.0	0.0851048	4.31967	3.18806	4.84003	2.66211	7.48863	15.2352	2.74455	0.0	0.0	0.561061	5.91971	13.3497	2.17014	0.00965497	0.029879	0.0	37.9604	0.46509	27.1832	1.0727	0.97309	0.161845	0.492007	0.0625608	0.0	5.87584	20.9861	2.42589	6.84366	2.22563	0.0	0.0	16.6022	5.12772	19.6881	3.96508	21.7576
N47_2_4	0.0	0.0	4.28575	0.0	88.4075	0.0	0.0	20.5415	1.1322	5.24379	5.76941	6.53025	0.0040447	59.743	0.0126246	0.277447	3.56256	15.2673	40.3768	47.6756	20.3536	45.3712	58.6672	9.66455	37.1217	0.356524	0.0	0.112663	52.4468	4.29478	45.9979	4.06874	2.21816	0.0	0.0	6.69502	4.88486	0.0	239.786	2.25841	22.9809	22.9809	22.7611	0.0112535	0.0	0.296679	0.0	0.0	0.0	0.33177	0.435129	0.0	1.28096	91.8283	0.0	0.0	0.0	44.2788	0.0	0.0	0.0	0.0	59.1076	18.6836	0.0	72.5585	31.9234	36.8953	47.0746	22.6563	0.0	0.0	2.98456	0.0	0.0237581	0.0	12.6204	31.822	4.28875	36.2474	0.0	1.20921	0.0	0.0	0.0	0.0	0.00454332	0.0285268	0.0	0.0	0.0	7.58892	0.00837485	0.0	0.0126922	0.0	29.8468	0.00675807	0.0	0.0	0.0	1.85026	0.0	1.45782	0.0	0.0	0.0	0.0100569	0.0	3.78776	0.101305	0.0372011	1.4568	0.0	6.17768	7.88421	11.0024	8.75446	37.6371	0.0	70.1369	9.38764	0.0	0.0	22.6563	4.39572	0.0	16.9467	3.07507	10.8826	0.0521404	0.250715	0.027094	0.0	0.145908	0.0	0.0	0.0446134	0.0456429	0.245528	0.152143	0.0	17.6617	2.51641	0.179353	40.6717	49.1993	0.0	0.129303	14.4562	7.87395	24.2201	115.301	156.91	113.069	80.6715	6.77098	0.0	0.0	144.384	33.264	0.0	0.0	0.0	221.248	0.0	0.0	0.0	1.37956	5.05453	15.1891	0.0	0.276859	0.276859	0.0	0.0124307	0.0	1.36929	12.961	24.6289	0.0888926	0.0666695	0.183277	0.0	0.0	0.0	0.146508	2.1262	5.00282	0.0	0.0	0.00435013	0.0	146.563	130.016	115.371	189.504	109.883	0.00811707	0.0	0.455083	1.65939	2.31434	1.66339	14.1291	26.9159	5.00134	0.0	0.0	0.120934	9.5588	24.318	3.90596	0.0	0.0	0.0	3.75543	0.0780734	46.323	25.2715	13.5051	0.114107	8.36787	0.0309578	0.0	9.49373	37.3912	4.15196	12.8589	6.04607	0.0	0.0	18.2351	9.11163	19.9584	6.07296	49.4756
N48_1_2	0.0485227	0.0	0.0156269	0.0	0.422687	0.0	0.0119042	0.150668	0.0	0.00529548	0.0352893	0.0	0.00456451	0.0	0.0	0.0	0.0	0.0	15.3338	53.5379	188.478	41.1942	0.188624	112.651	11.3631	0.0	0.0	11.1178	0.0756626	47.1068	0.0381546	45.9589	0.0417205	0.00779073	0.0	0.157007	0.178564	0.0	298.87	0.0135687	0.0236195	0.0236195	0.0236195	0.020884	0.0	0.0	0.0	0.0	0.0	19.9204	56.0095	0.101265	3.44877	18.6055	0.0165951	0.0	0.0238721	24.2074	0.0	0.132638	0.0106542	0.0	118.654	24.7859	0.0	26.2265	0.1157	0.0	58.4471	4.89837	0.0	0.191709	4.25024	0.00653122	0.0134057	0.0	0.011565	0.220031	0.174164	0.0	0.0	0.0213083	0.00656484	0.0	0.0	0.0	0.0	0.0717123	0.0102938	0.00941791	0.0	0.368353	0.0189023	0.0	0.310338	0.0288006	40.5454	0.0203375	0.0	0.515087	0.0	0.49921	0.0	0.0128094	0.0	0.0111602	0.0149051	0.00756626	0.0	0.006536	0.0	0.0	0.0307868	0.0	0.0	0.0691511	0.0	0.0426894	0.0760307	0.0	21.1538	116.716	0.0	0.0	4.89837	98.3835	0.0654879	0.350871	0.1412	0.0493815	0.062764	0.0	0.122304	0.0	0.0731818	0.113015	0.0544401	0.0	0.0	0.369442	0.114464	0.0	0.0	0.0	0.0112446	0.0472391	0.0	0.118254	0.475593	0.133756	0.148098	0.00716547	0.0824774	0.0	0.0473644	0.0	0.0720015	0.0	0.0	0.0	0.0	0.0	0.0	0.00688903	0.0	0.0	0.0541102	0.0	12.3767	296.638	8.63517	0.105451	0.0	0.0	0.00726459	0.121578	0.0620013	0.0	0.0	0.102231	0.0	0.0	0.0	0.0	0.0	0.0	0.0	0.0	0.0	0.11388	0.0	0.0032704	0.0034713	0.217034	0.0621451	0.0676377	0.0	66.7612	0.0305341	0.0	35.3045	0.0756626	0.0	0.0186782	0.0	0.382636	0.151646	0.0	0.0	0.0763092	0.0233112	0.251558	0.0655108	0.0	0.0528295	0.064697	31.6379	0.0	0.0	0.13878	0.139503	0.0	0.0	0.00795738	0.00323954	0.011595	0.305818	0.0233112	0.106592	0.0423137	0.0032419	0.0164121	3.95157	0.304056	0.24049	1.03363	0.328242
N48_1_3	0.350362	0.0	0.165492	0.0299845	1.71911	0.0276681	0.137529	0.590582	0.0531528	0.076473	0.254809	0.0	0.0153806	0.0	0.0	0.0	0.0261528	0.0	14.0855	41.7234	126.265	34.6921	0.862583	109.056	9.74992	0.138341	0.0871172	11.1185	0.109266	54.766	0.110199	49.4859	0.0	0.0337522	0.0161977	0.71085	0.887541	0.0	226.416	0.235137	0.375203	0.375203	0.375203	0.0252683	0.0	0.0	0.0	0.0	0.0	17.3991	40.0983	0.194984	2.51906	17.8829	0.0	0.0	0.344742	20.7482	0.0	0.628505	0.0307717	0.0183144	129.89	21.0597	0.101522	27.2038	0.11139	0.0	59.1995	4.38078	0.0	0.553702	4.1305	0.00944567	0.0	0.0	0.0835061	0.922699	0.3177	0.293772	0.0	0.0	0.113765	0.0	0.0	0.0	0.0789791	0.0213466	0.0198207	0.0	0.0	0.0506615	0.145585	0.0	0.0758432	0.0415914	41.1218	0.0	0.0	0.991795	0.0214175	0.194093	0.0	0.055495	0.0323547	0.0322333	0.0	0.0	0.0	0.0566325	0.0314472	0.0	0.00889196	0.131565	0.856836	0.699036	0.534813	0.0880693	0.172539	0.0	24.137	98.0135	0.0	0.0	4.39001	94.9596	0.504385	1.56893	0.298021	0.171151	0.0226596	0.0	0.0	0.0	0.158525	0.0	0.0	0.0	0.0	1.20041	1.21219	0.0	0.0335764	0.0310683	0.146146	0.238766	0.0	0.0	0.0936562	0.313883	0.0	0.124173	0.238214	0.0	0.256499	0.0	0.675861	0.0159967	0.0	0.0	0.0	0.0	0.0	0.114408	0.0	0.0845773	0.0	0.0	2.1274	243.2	8.13923	0.253806	0.0	0.0	0.0	0.0405168	0.3482	0.0	0.0651179	0.492112	0.0	0.0	0.0	0.0	0.0	0.0	0.0	0.0	0.0	0.986735	0.0	0.0047263	0.0300778	1.09391	0.134617	0.265123	0.0	70.9915	0.0440949	0.0724345	26.8896	0.0	0.106999	0.188815	0.016832	1.44283	0.643298	0.0	0.0	0.211922	0.117824	0.948221	0.364906	0.0	0.0	0.037372	34.3913	0.0	0.0	0.0668049	0.0671528	0.0	0.132921	0.0114914	0.00935656	0.21768	1.1777	0.0841602	0.357122	0.274976	0.00936336	0.0	4.25845	0.0798349	0.195354	0.411029	0.663628
N48_2_2	0.111136	0.0	0.0	0.0	0.212393	0.0	0.0272653	0.0887372	0.0	0.0	0.0	0.0	0.0	0.0	0.00543856	0.0	0.0	0.0	18.6807	25.3354	83.3891	19.5811	0.108005	50.9289	5.9995	0.043882	0.0	6.09911	0.0	20.0595	0.0	19.7187	0.0	0.0	0.0	0.145787	0.237779	0.0	265.689	0.0155388	0.0	0.0	0.0	0.672886	0.0	0.0	0.0	0.0	0.0	11.3239	26.0725	0.038656	2.58662	54.9042	0.0380093	0.0122596	13.8331	21.6962	0.0050367	0.137656	0.0	0.0	84.4715	27.1169	0.0	27.1919	0.684578	0.0	42.9544	10.0343	0.0151699	0.125454	7.89797	0.0	0.0102347	0.0	0.132442	0.106606	0.0629846	0.0129424	0.0	0.0121143	0.0	0.0	0.0	0.0	0.0	0.516141	0.0	0.0	0.0	0.0803497	0.0	0.0	0.00546765	0.0659645	34.8544	0.0174678	0.0	0.39325	0.0169842	0.0439763	0.0	0.00733465	0.0	0.0	0.00853464	0.0	0.0	0.00748499	0.0124689	0.0	0.0141028	0.0	0.0	0.0	0.0	0.0	0.0	0.0	50.0648	58.0841	0.0	0.0	10.0563	43.6584	0.124994	0.309833	0.0	3.16688	0.00898462	0.0	0.0	0.0	0.0	0.0	0.0	0.0	0.0	0.105771	0.305861	0.0	0.0665658	0.0	0.0386316	0.0270489	0.0	0.0846399	0.123783	8.61615	0.0242287	0.0164117	0.0	0.0	0.0271207	0.0	0.0	0.0	0.0142007	0.0	0.0	0.0	0.0	0.0	0.0	0.00744683	0.0	0.0	0.741276	125.345	4.32271	0.0	0.0	0.0	0.0	0.0464101	0.0	0.0	0.0	0.156099	0.019147	0.076588	0.0986921	0.0	0.0	0.0	0.147266	1.29936	1.42842	0.0	0.0	0.0	0.0	0.0925956	0.0	0.022131	0.0	48.8545	0.0	0.0	14.6129	2.88106	3.3516	1.41175	0.0	0.24344	0.206227	0.0	0.0	0.03025	0.0533917	0.146483	0.04287	0.0	0.0	0.0148181	68.0555	0.0	0.0883963	0.0264883	0.0	0.0	0.0262167	0.0182255	0.0	0.0663929	0.150789	0.0667396	0.0537104	0.0	0.0	0.0	13.1847	0.0158274	11.8769	0.120086	0.0
N48_2_3	23.1753	0.0	2.25029	0.431773	173.58	0.0	0.031942	35.7961	2.81467	2.37291	0.568137	9.83687	2.2005	28.6773	0.0	0.101834	0.352301	26.0426	87.4165	112.776	58.2337	107.4	103.376	26.089	56.2779	47.9386	0.0	2.52074	74.4072	12.6057	59.0721	12.2064	35.0391	0.0209044	0.015048	10.6973	8.74689	0.0	319.367	2.42113	43.5716	43.5716	43.5558	0.12419	0.0	10.2813	0.0	0.040467	0.0	4.39202	8.02542	0.0905726	2.42736	65.8187	0.0	0.0	1.44123	49.8838	0.0	0.200193	0.0142938	0.0170145	54.7494	20.8335	0.141475	74.296	20.5803	10.222	42.6368	16.3137	0.0	0.404173	5.28381	0.00876242	0.0	0.0	37.9207	59.7038	8.78076	82.7863	0.0	0.0567689	0.0	0.0	0.0	0.0	0.0	0.0234867	0.0	0.0	0.0	12.2371	2.67967	0.0	0.0192164	0.0386395	33.627	0.0136426	0.0	0.460701	0.0	4.00562	0.0	2.72389	0.0	0.0	0.0	0.0	0.0	8.40932	0.146076	0.168972	2.58565	0.0	0.947645	0.886513	1.00714	22.721	77.9751	0.0	75.6737	23.3712	0.0	0.0334587	16.288	12.3404	0.13179	16.5154	77.0862	6.82388	2.18934	0.337415	0.0	25.3483	37.4565	35.4798	0.0	0.225155	0.0460701	58.4868	35.0645	0.0	30.6006	0.346359	0.0905156	23.3544	0.873413	0.0	0.0870089	5.01336	0.823149	18.8037	2.69718	1.99637	22.7491	2.03885	0.507143	0.0297227	0.0	1.92983	0.907442	0.0	0.0	0.0	91.7853	0.00436524	0.0362977	0.0	5.13567	22.4988	15.4468	0.117896	0.101618	0.101618	0.0	0.238394	0.0	0.0	1.1948	3.91464	0.0448623	0.0897246	0.34686	0.0	0.0	0.0	0.345052	2.44556	3.49365	0.0305567	0.0	0.00438763	0.0	140.656	105.386	121.351	54.0684	75.5064	44.775	0.0	5.72411	5.07552	4.5229	3.23262	26.9588	49.4815	9.04089	0.0	0.0	0.555204	17.6859	44.5895	8.72628	0.0	0.0354386	0.0	16.2321	0.157608	3.84891	0.930951	0.998186	0.0	0.614268	0.0106758	0.00434624	17.3918	75.2942	6.67716	18.1332	6.58519	0.0	0.0	12.7954	21.7314	31.1958	13.6664	65.3518
N48_2_4	17.6582	0.0	3.01804	0.0	181.343	0.0	0.0	34.6299	1.74984	3.13156	0.0422445	7.10534	1.98895	48.3259	0.0	0.022716	0.130075	43.7122	93.1162	105.884	52.1965	102.579	100.933	15.465	47.7862	59.6319	0.0	0.744092	83.9631	13.538	65.5888	13.2326	43.4507	0.0	0.0	9.99701	7.08879	0.0	252.617	1.64234	31.4415	31.4415	31.4415	0.0175676	0.0	14.2505	0.0	0.0	0.0	2.75816	5.27268	0.0	1.92079	83.4166	0.0	0.0	0.0	39.3556	0.0	0.0	0.0	0.0	58.4456	20.1866	0.168313	64.6339	15.951	20.4114	44.8542	17.2321	0.0	0.0	3.75462	0.0234898	0.0	0.0	33.5311	59.9736	5.22323	73.1645	0.0	0.835781	0.0471523	0.0	0.0	0.0	0.0	0.0	0.0	0.0	0.0	14.2785	2.23261	0.0	0.0228617	0.0	34.7951	0.0243459	0.0	0.0	0.0	6.20586	0.0	3.3735	0.0	0.0	0.0	0.0	0.0	7.87115	0.0	0.0	2.69776	0.0	0.270579	0.441495	0.599096	21.4925	72.6567	0.0	72.1382	18.8426	0.0	0.0	17.2321	5.47089	0.0	14.6958	65.2714	10.7352	2.08498	0.0	0.0	10.9889	30.6619	27.3285	0.0	0.562519	0.0	45.6261	23.5681	0.0	25.3558	0.128769	0.0269216	27.1155	0.111332	0.0707806	0.0	5.36395	0.405227	25.8876	0.987332	0.475016	27.2158	0.758005	0.172385	0.0	0.0	0.475016	0.194325	0.0	0.0	0.0	156.499	0.03116	0.0	0.0	4.3553	32.9118	13.5765	0.0	0.0226678	0.0226678	0.0695711	1.09715	0.0	1.37024	0.566781	2.91673	0.280206	0.160118	0.412659	0.0	0.0	0.0	1.58339	6.23459	4.34849	0.0	0.0	0.0469796	0.0	131.586	101.299	98.828	42.603	64.6324	42.152	0.0	2.20693	3.98531	6.5635	3.0409	22.3524	48.9911	5.30989	0.0	0.0	0.168645	14.9295	43.6702	4.99663	0.0	0.0	0.0	5.21616	0.0	1.84805	20.5451	10.9105	0.0	6.906	0.0378331	0.0155121	14.6021	76.0252	6.27877	20.8449	4.30554	0.0155234	0.0	18.0324	25.7766	33.611	18.0403	65.3846
N49_1_2	0.0	0.0	0.0	0.0	0.0365861	0.0487553	0.0	0.00730311	0.0	0.0	0.0	0.0	0.00258123	0.0	0.0322269	0.0	0.0153617	0.0	3.00858	3.15262	13.632	2.5538	0.0	7.17171	0.751074	0.0	0.0	0.527257	0.0	2.88508	0.0	2.88508	0.0	0.0	0.0	0.0215969	0.0140899	0.0	321.137	0.0	0.0	0.0	0.0	0.184809	0.0	0.0	0.0	0.0	0.0	1.88926	4.19057	0.0143163	0.485687	14.4983	0.0	0.0	4.85989	3.28715	0.00746141	0.00703187	0.0180748	0.0	11.2248	3.57347	0.0	4.89655	0.245356	0.0	6.14977	2.78447	0.0	0.0	0.84652	0.0166203	0.0	0.0	0.0	0.0	0.031102	0.0	0.0	0.0	0.0	0.0	0.0	0.0	0.0	0.218461	0.00582116	0.0	0.0	0.0	0.0	0.0	0.0	0.0	5.87603	0.0	0.0	0.291282	0.0	0.0	0.0	0.0	0.0	0.0284	0.0	0.0128361	0.0	0.0	0.0	0.0	0.0	0.0	0.0	0.0	0.0	0.0	0.0	0.0	11.4081	12.5645	0.0	0.0	2.78447	5.08705	0.0185167	0.0430303	0.0	1.3069	0.741162	0.0	0.0	0.0	0.0	0.0	0.0	0.0	0.0	0.0	0.0647293	0.0	0.0	0.0	0.0	0.0	0.0	0.0250772	0.0	0.0425468	0.0	0.0	0.0524711	0.0	0.0	0.0	0.0	0.0	0.0	0.0	0.0	0.0327142	0.0	0.0	0.0	0.0	0.0	0.0529603	0.0189333	10.218	0.847979	0.0	0.0	0.0	0.0123244	0.00528864	0.0	0.0	0.0	0.00722646	0.0283645	0.056729	1.02342	0.058708	0.0	1.54845	0.0	0.315555	0.0742483	0.0	0.145083	0.0	0.0	0.00721957	0.0	0.032785	0.0	7.09598	0.0	0.0	2.25636	0.705988	0.691341	0.158438	0.0	0.0577015	0.0	0.0	0.0	0.00497918	0.0	0.00723336	0.0	0.0	0.0448126	0.0	5.25127	0.0	0.0	0.0	0.0	0.0	0.0	0.0539988	0.0	0.0	0.0216175	0.0197737	0.00723336	0.0	0.0	0.0	2.63365	0.0	2.14195	0.0254139	0.0
N49_1_3	0.0603551	0.0	0.0	0.0	0.0053649	0.0	0.0	0.00535455	0.0	0.0	0.0	0.0	0.0	0.0	0.0059071	0.0	0.0	0.0	0.009508	0.0903923	0.413222	0.0903923	0.0	0.252394	0.0	0.0	0.0	0.0175717	0.0	0.158648	0.0	0.158648	0.0	0.0	0.0	0.0158346	0.0103305	0.0059071	248.552	0.0	0.0	0.0	0.0	0.0189559	0.0	0.0	0.0	0.0	0.0	0.0119412	0.148071	0.0	0.0186331	0.114096	0.0825676	0.0	0.0296934	0.378054	0.0	0.0	0.0	0.0	0.221191	0.0893191	0.0	0.167537	0.0113784	0.0	0.173956	0.230368	0.0	0.0	0.0332495	0.0324955	0.00555823	0.0	0.0	0.0	0.0114018	0.0	0.0	0.0128832	0.0	0.0	0.00585107	0.0	0.0	0.0183863	0.004268	0.0	0.0	0.0	0.0	0.0	0.0	0.0	0.138271	0.0	0.0	0.0	0.0	0.0119412	0.0	0.0	0.0	0.0138817	0.0278097	0.0	0.00591969	0.0	0.0	0.0	0.0	0.0	0.0	0.0	0.0	0.0	0.0	0.0	0.35271	0.796537	0.0	0.0	0.230368	0.0359784	0.0135762	0.0368075	0.0	0.712511	0.0296406	0.0	0.0	0.0	0.0	0.0	0.0	0.0	0.0	0.0	0.0	0.0	0.0	0.0	0.0419597	0.0	0.0	0.0	0.0	0.0	0.0	0.00982773	0.0	0.0	0.0	0.0	0.0	0.0	0.0	0.0	0.0	0.0119928	0.0	0.0	0.0	0.0	0.0	0.0	0.0694084	0.0	0.0643166	0.0218609	0.0	0.0	0.0	0.0	0.0	0.0	0.0	0.0105967	0.0831861	0.041593	0.600289	0.0860879	0.0	0.412838	0.045701	0.555267	0.27219	0.0	0.0638238	0.00407087	0.00431778	0.0	0.0	0.0120188	0.0	0.181724	0.0	0.0	0.131036	0.39998	0.668164	0.116165	0.0	0.0105765	0.0117891	0.0	0.0	0.010952	0.0	0.0	0.0	0.0	0.0657121	0.0	0.101526	0.0	0.0	0.0	0.0	0.0	0.0	0.0296934	0.0	0.0	0.0	0.0	0.00530341	0.0	0.0	0.0	0.110869	0.0	0.0186959	0.0	0.0
N49_1_4	0.0	0.0	0.0	0.0	4.26774	0.0	0.0	0.849509	0.0	0.0	0.147126	0.207949	0.0169156	0.0	0.0	0.0131856	0.0	1.11529	12.9388	41.8685	148.862	33.7891	3.40772	80.4615	11.4847	0.0	0.0	7.02836	3.25963	51.6393	4.13587	50.3395	0.463836	29.6873	0.0	0.412801	0.207755	0.0	156.65	0.0586648	0.0984731	0.0984731	0.0984731	0.0015688	0.0	0.0	0.0	0.0	0.0	12.3276	44.3365	0.0234548	2.38252	53.3272	0.0	0.0297545	41.2702	51.232	0.110018	0.0	0.0	0.0	87.91	99.7432	0.0	33.907	0.884344	0.0	52.9578	31.5959	0.0736357	0.0	47.9464	0.0	0.01242	0.0	0.385729	1.1996	0.101911	2.88987	0.0	0.0	0.0	0.0	0.0	0.0	0.0	0.0	0.0	0.0	0.0	0.195012	0.0	0.0	0.0	0.0	43.4348	0.0	0.152428	8.58989	0.0	0.026683	0.0	0.106962	0.0	0.0	0.0	0.0210299	0.0	0.0908317	0.423675	0.661221	0.462077	0.0	0.0	0.0	0.0	0.813614	1.84152	0.0	57.5794	137.309	0.0	0.0	31.5959	40.3314	0.0	0.669729	0.78491	49.2187	2.48588	0.0	0.0	0.0	0.0	0.0	0.0	0.0	0.0	0.0	0.0	0.0	0.387738	0.0597957	0.0312534	0.229771	0.0	0.0	0.120171	0.162647	0.0	0.856384	0.0	0.0	0.23038	0.0	0.0500307	0.0307881	0.0689312	0.0	0.0	0.0	0.0	0.0	0.0	0.0180737	0.0	0.0867665	8.28208	101.165	33.582	0.0	0.0131576	0.0	0.0100957	0.0	0.0	0.0	0.501318	1.01818	4.0894	5.85528	52.5527	8.46411	0.0	64.4827	3.47209	22.3854	30.1067	0.0949562	5.98988	0.0181797	0.0	4.7667	4.34698	3.92102	5.34217	70.5655	0.0509204	0.0	17.8611	30.283	46.4899	19.9352	0.453542	1.45346	0.105373	0.0	0.0	0.407877	0.291563	1.29172	0.104047	0.0	0.0	0.0	44.0287	0.0	0.0	0.0	0.0	0.0	0.0	0.395287	0.0180081	0.386731	1.7	0.38875	0.55698	0.176412	0.108127	0.0	8.1754	0.268896	36.3038	38.3887	2.37204
N49_2_2	0.756053	0.0	0.0067636	0.0	3.09142	0.0	0.0463712	0.81608	0.0	0.00687592	0.114553	0.0647643	0.00592679	0.0	0.0123328	0.0307992	0.0470296	0.846666	4.49618	4.3136	7.19832	3.72048	2.12263	3.46906	1.62874	0.149264	0.0	0.18343	1.03156	1.54571	1.23855	1.54571	0.0	0.0	0.0	0.446301	0.248032	0.00616639	294.882	0.0137031	0.199347	0.199347	0.199347	0.263839	0.0	0.0	0.471252	0.0	0.0	0.536012	1.58435	0.0438291	0.44089	18.8383	0.021548	0.0	5.14547	5.68952	0.125636	0.339065	0.0	0.0658682	5.9238	4.28126	0.0	7.87012	0.713596	0.0	4.80128	2.57894	0.0	0.320047	1.1454	0.0169609	0.00580221	0.0	0.450498	1.06038	0.440384	1.36472	0.0	0.0	0.0	0.0	0.00610791	0.0	0.0221914	0.0698362	0.0	0.0366861	0.0640487	0.113878	0.278162	0.0	0.0247974	0.299169	5.03672	0.0	0.0	0.0	0.0385143	0.0623269	0.0	0.0166324	0.0145456	0.014491	0.0	0.0	0.00617953	0.02546	0.169651	0.308899	0.255841	0.118294	0.0	0.0	0.0519857	0.546382	1.10005	0.0	15.8744	5.78435	0.0	0.0	2.57894	1.99056	0.0283443	0.735528	0.944912	2.34677	0.112057	0.0	0.0	0.163279	0.0	0.0	0.0	0.392238	0.0	0.559653	0.297251	0.0	0.40756	0.0558689	0.116804	0.306688	0.0	0.0	0.154384	0.0976922	0.0	0.669889	0.0401598	0.0	0.292126	0.0	0.140236	0.0	0.0	0.0	0.0	0.0	0.0	0.0178901	0.0	0.00844957	0.0	0.0	3.10108	6.53245	0.738538	0.091282	0.0307338	0.0307338	0.00943272	0.0607165	0.0	0.0	0.439121	0.796452	0.130256	0.260513	3.24509	0.494267	0.0	3.74935	0.166975	1.28004	2.61406	0.665403	0.377544	0.00424956	0.0	3.53089	2.77044	2.64728	1.85163	6.27417	0.0555059	0.0	1.1285	1.74383	1.5874	1.09137	0.484295	1.24761	0.319971	0.0	0.0	0.0609747	0.39349	1.19582	0.352402	0.0	0.0342982	0.0	4.62245	0.0	0.0	0.240265	0.0905688	0.0	0.0594503	0.0413291	0.0546831	0.496835	1.54424	0.408624	0.470577	0.0824133	0.0883983	0.0	3.80962	0.340965	2.42005	0.408471	1.27862
N49_2_3	0.0	0.0	0.0100428	0.0	88.6611	0.0	0.0	22.633	0.0202748	0.0102096	5.00071	5.5775	0.0	0.0	0.0366241	0.56707	2.32188	14.0221	73.923	84.0651	27.2611	75.4785	53.5189	0.391212	39.2635	0.0	0.0	0.0272363	60.3925	0.327873	78.1956	0.327873	11.5024	0.0901222	0.0	9.48206	5.50026	0.0	328.938	2.05502	0.0	0.0	0.0	0.0914098	0.0	0.0	0.0	0.0	0.0	0.0925448	0.114756	0.0325394	0.327323	9.87409	0.0	0.0	0.1841	2.78343	0.0932742	0.0319653	0.0	0.0	7.82639	2.8612	0.0	43.6269	14.5551	0.0	11.3246	5.65159	0.0	0.0	1.08228	0.0251841	0.0172478	0.0	9.69922	30.5843	4.50657	56.499	0.0	0.0	0.00632843	0.0	0.0	0.0	0.0065901	0.0	0.0	0.036315	0.0	6.01959	0.176142	0.0	0.0	0.0	6.86954	0.0	0.0	0.0	0.114374	1.11054	0.0376659	1.78069	0.0	0.0	0.0	0.0	0.0	1.76418	0.0419837	5.96261	7.63322	0.175646	0.0	0.0	0.0	15.1675	53.3571	0.0	19.0409	0.608371	0.0	0.0	5.65159	2.43515	0.0210432	14.3281	31.5787	0.894941	0.0605038	0.0	0.0	0.0	0.0705464	0.0	0.0	0.0	0.0	0.178069	0.0	0.0	11.6549	1.74207	0.260151	10.5648	0.0	0.0	3.12591	0.0	0.0	19.327	0.0397537	0.0	12.1452	0.0	7.80847	0.0	0.0	0.0	0.0	0.0	0.0	0.00664095	0.0	0.00626851	0.0	0.0	0.06455	1.00183	0.166152	0.0	0.565868	0.602375	0.0280119	0.00601024	0.0	0.0	15.0834	26.4195	0.0967041	0.257878	0.398764	0.133437	0.0	1.24781	0.0354184	0.32275	0.210948	0.439116	0.0989272	0.0	0.0	110.877	87.0651	85.3215	71.2441	70.6581	0.788846	0.0	0.177719	0.291751	0.249986	0.216067	12.292	32.1807	3.59982	0.0804361	0.0	0.00565856	7.57297	31.6318	3.08541	0.0	0.0	0.0	0.641566	0.0	0.0	0.0	0.0	0.0	0.0	0.0613666	0.0437204	15.0449	42.0179	9.46059	13.1278	2.4066	0.0812539	0.0949265	3.83791	8.97971	15.7934	4.59215	39.9957
N49_2_4	0.623278	0.0	0.812474	0.0	370.231	0.0	0.0218444	90.9692	0.781536	0.456711	20.5277	29.3344	0.120055	0.0	0.0	3.21224	4.05429	72.2522	349.576	351.993	111.445	322.542	245.865	0.124116	176.222	0.0	0.0572843	0.0	281.64	0.624126	368.554	0.624126	57.8775	0.100073	0.20582	33.9113	21.786	0.0871452	534.986	8.73389	4.37755	4.89765	4.35588	0.240291	0.0	0.0	0.0	0.0	0.0	0.0	0.0	0.0	0.998758	36.8905	0.0	0.0	0.131417	10.899	8.27236	0.0	0.0	0.0	26.5779	6.29198	0.193504	177.356	82.1288	0.0	47.4254	25.7937	0.0	0.0	3.04121	0.102021	0.278795	0.0	37.4354	126.314	15.8955	195.252	0.0	0.0	0.210815	0.0863188	0.0863188	0.0863188	0.570781	0.0321241	0.0	0.0	0.360073	29.8376	7.44591	0.0	0.0	0.0	24.8004	0.0	0.0	0.0	1.41517	4.82691	0.0	0.0117696	0.0	0.0	0.0	0.0138842	0.0	9.10317	5.75414	33.3572	37.6364	3.5943	0.0	0.0	0.0	68.8233	199.111	0.0	65.2061	1.48165	0.0	0.0	25.7586	8.42166	0.0200285	52.6717	114.484	1.9573	0.187156	0.0	0.0	0.461502	4.02868	1.76276	0.0	0.0	0.0	5.31045	3.78076	0.0	44.6701	8.29035	0.619017	42.3885	0.0	0.0	10.79	0.0	0.0	100.364	0.0	0.0	48.7805	0.0	32.7996	0.0203267	0.0	0.0	0.0	0.0	0.0	0.549903	0.0	0.137324	0.0	0.0	0.0409583	0.0433421	0.189768	0.0	3.20543	3.34442	0.239951	0.646408	0.0	0.0	58.7689	94.6183	0.184082	0.306803	2.72001	0.0635012	0.0	2.89296	0.303395	1.26288	2.08807	31.1366	0.156928	0.0780157	0.0	488.18	419.048	398.288	358.897	366.996	5.99526	0.0460205	0.120821	1.90907	1.59754	0.548395	45.3	124.544	14.8876	0.650739	0.0	0.0161571	26.4999	120.762	12.7082	0.0	0.0	0.0	0.334118	0.0	0.0	0.0	0.0	0.0	0.0	0.0144985	3.99477	57.9799	164.238	35.5898	51.7944	14.4033	8.7687	0.0	16.5332	33.2485	44.0474	19.6545	223.223
N50_1_2	0.0	0.0	0.0	0.0	0.109208	0.0	0.0	0.0512927	0.0	0.0	0.0	0.0	0.0	0.0	0.0	0.0	0.0	0.0	0.0341549	0.201011	0.587569	0.201011	0.0	0.503698	0.109898	0.0285357	0.0	0.0420811	0.0	0.0	0.0	0.0	0.0	0.0	0.0	0.037921	0.0247398	0.0	305.477	0.0	0.0	0.0	0.0	0.0226979	0.0	0.0	0.0	0.0	0.0	0.0571941	0.132976	0.0125686	0.0123952	0.0910796	0.0	0.0	0.0355551	0.235773	0.0	0.0	0.0	0.0	0.328787	0.0623883	0.0	0.257928	0.0143603	0.0249955	0.31661	0.266333	0.0	0.0	0.0530843	0.0048638	0.0	0.0	0.0	0.0378131	0.0	0.0168324	0.0	0.0157555	0.0	0.0	0.0	0.0	0.0	0.0319654	0.0102211	0.0	0.0	0.0	0.0	0.0	0.0	0.0	0.252707	0.0	0.0	0.0	0.0	0.0	0.0	0.0	0.0	0.00831101	0.0	0.0	0.0	0.0	0.0	0.0	0.0	0.0	0.0	0.0	0.0	0.0	0.0	0.0	0.30167	0.442333	0.0	0.0	0.266333	0.0	0.0	0.0755547	0.0485315	0.0294195	0.0350552	0.0	0.0	0.0	0.0	0.0	0.0	0.0	0.0	0.0	0.0	0.0	0.0	0.0	0.0167476	0.0	0.0	0.0440319	0.0	0.0	0.0	0.0	0.0	0.0	0.0	0.0	0.0	0.0	0.0	0.0	0.0	0.0143603	0.0159444	0.00513026	0.0	0.0	0.0	0.0	0.0	0.0	0.0	0.0	0.0	0.0	0.0	0.0139291	0.0	0.0	0.0	0.0190329	0.0	0.0	0.0	0.0	0.0	0.0	0.0	0.0	0.0	0.0	0.0	0.0	0.0	0.00633824	0.0617059	0.0719568	0.0	0.419077	0.0	0.0	0.0	0.0	0.0	0.0	0.0	0.063322	0.0141164	0.0	0.0	0.00874268	0.0173598	0.0571531	0.0	0.0	0.0590131	0.0385438	0.0467568	0.0	0.0	0.0	0.0	0.0	0.0	0.0711103	0.0	0.0	0.0569356	0.0	0.0	0.0	0.0	0.0	0.0442517	0.0	0.0	0.0	0.0
N50_1_3	0.0	0.0	0.226452	0.0582353	2.72187	0.0	0.0	0.609729	0.0	0.259917	0.0742327	0.209842	0.0	0.0	0.0	0.0	0.0126984	0.562723	0.032159	1.57235	0.960882	1.52868	1.41077	0.189706	0.0	0.0	0.0	0.0	1.22023	0.596218	1.23066	0.65584	0.0	0.0	0.0	0.333247	0.250412	0.0199797	367.408	0.0295995	0.0	0.0	0.0	0.029287	0.0	0.0	0.0	0.0	0.0	0.0	0.0417353	0.0355026	0.0303444	0.557423	0.0465449	0.0	0.066955	0.355194	0.0	0.0348763	0.0	0.0	1.03192	0.0839181	0.0	1.67301	0.297465	0.0	0.925707	0.241814	0.0	0.0384067	0.0124956	0.00915917	0.0	0.0	0.210839	1.0325	0.102838	1.25206	0.0164745	0.0	0.0	0.0	0.0197902	0.0	0.0	0.0601951	0.0192476	0.0396221	0.0	0.122992	0.0	0.0	0.0	0.0	0.475881	0.0	0.0	0.0	0.0	0.053852	0.0	0.0179893	0.0	0.0	0.0313537	0.0	0.0200223	0.0916587	0.0	0.274746	0.198602	0.0	0.0	0.0	0.0	0.265122	0.563579	0.0	0.749872	0.924076	0.0	0.0	0.241814	0.162254	0.0153063	0.563189	0.335101	0.831012	0.0110023	0.0	0.0	0.0	0.0	0.0	0.0	0.0	0.0	0.129523	0.0	0.0	0.358663	0.015085	0.0	0.794958	0.978171	0.0	0.0	0.0	0.0	0.793841	2.34219	3.1997	2.00927	2.21996	0.40389	0.0	0.0	2.85191	0.948529	0.0	0.0150127	0.0	0.0	0.0	0.0	0.0437783	0.0626029	0.430602	0.072513	0.0	0.0	0.0	0.0	0.00437171	0.0	0.0	0.142279	0.459964	0.0468936	0.0468936	0.0	0.0	0.0517379	0.0	0.0	0.260845	0.521691	0.0	0.0	0.0	0.0	2.53038	2.89048	2.49328	2.73888	2.51929	0.0	0.0	0.147735	0.583587	0.727337	0.314324	0.114418	1.07319	0.119623	0.0	0.0	0.0576227	0.277872	1.18987	0.0787458	0.0	0.0	0.0	0.237733	0.0	0.0	0.0	0.0652114	0.0	0.0	0.13391	0.0	0.373991	1.44148	0.179799	0.424528	0.0890089	0.0	0.0	0.791651	0.271344	0.337255	0.105038	2.30158
N50_2_2	1.25774	0.0	0.0540081	0.0807296	3.60553	0.0372465	0.246853	1.51196	0.0	0.0343156	0.0	0.0646438	0.0	0.0	0.0	0.0	0.0469421	0.0650069	9.63939	3.24264	6.10854	3.49828	1.99645	2.67366	0.09563	0.720098	0.0	0.421105	0.392245	1.43263	0.494497	1.54283	0.0	0.0403883	0.0290735	0.791948	0.699656	0.0	237.485	0.0683879	0.137753	0.137753	0.137753	1.27358	0.0	0.0	0.18815	0.0	0.0280855	0.709205	1.5814	0.0437476	1.83578	80.7411	0.0	0.0277488	24.38	13.9265	0.0	1.89631	0.0690408	0.0657457	16.1966	13.1068	0.22778	25.4118	1.73694	0.0	14.7251	10.4042	0.017168	1.63275	3.118	0.00846469	0.0	0.0	0.314762	2.28134	0.724687	0.322237	0.0152253	0.01371	0.0170165	0.0	0.0	0.0	0.00886006	0.25559	0.0	0.0244119	0.0	0.1705	0.0	0.0	0.0	0.746531	18.5701	0.0	0.0	0.0	0.0	0.0248844	0.0	0.0831267	0.0145185	0.014464	0.00965879	0.0	0.0	0.110122	0.0282225	0.10882	0.0638413	0.0	0.0	0.00995803	0.0129722	0.0237115	0.380077	0.0	73.9005	3.24764	0.0	0.0	10.4042	0.387374	0.0424373	1.56146	0.436385	0.0512002	0.0508402	0.0	0.0264183	0.0	0.284539	0.146471	0.0	0.0435009	0.0	3.55117	1.73074	0.0	0.482135	0.348531	0.39348	0.918352	0.0	0.0	0.0840526	0.140848	0.08226	0.492195	0.761617	0.0	0.951481	0.0410328	0.0	0.0	0.0321423	0.0	0.0	0.0	0.0	0.0	0.0	0.0253015	0.0876609	0.0202294	0.245889	2.78567	0.759502	0.592229	0.0	0.0	0.0	0.331299	0.0178568	0.0	0.189932	0.684558	0.0	0.0	0.0	0.0	0.0	0.0	0.0	0.0	0.0	0.0590369	0.0	0.00848331	0.00899785	2.71356	0.899388	1.01436	0.441957	13.8013	0.0	0.0	0.921603	0.0	0.0	0.0484152	0.211485	2.13792	0.835291	0.0	0.0	0.0190191	0.317227	2.10537	0.764138	0.0	0.0	0.0167699	16.7466	0.0	0.0	0.599546	0.391735	0.111262	0.178019	0.0309391	0.00839712	0.360662	2.81299	0.196379	0.911774	0.02742	0.00840322	0.0	15.8358	0.179121	13.2465	0.135904	0.765744
N50_2_3	0.319518	0.0	3.43006	0.62893	138.418	0.0	0.0156777	30.4275	1.85584	3.87757	0.511229	6.14188	0.589115	4.80705	0.0	0.0874684	10.1603	23.8468	213.38	199.658	69.3874	182.485	164.657	6.72537	90.0818	67.7487	0.0	0.53954	151.363	2.91157	152.154	3.13553	38.7363	0.266767	0.0	9.65697	6.51353	0.0	271.014	5.22589	22.8166	22.8166	22.7855	0.0958917	0.00457164	6.761	0.86036	0.0	0.0285395	1.3149	2.54762	0.0	0.499792	51.0196	0.0	0.0	0.345831	38.0934	0.0	0.158305	0.0	0.0167021	38.3839	15.7145	0.185169	100.097	31.5924	2.49752	39.7615	19.4457	0.0	9.23348	1.98318	0.00430075	0.00589091	0.0415486	27.2938	48.6937	8.94545	62.7653	3.8369	1.15632	0.0	0.0	0.0	0.0	0.0	0.0230554	0.0	0.124032	0.0974441	11.4002	0.713627	0.0	0.0	0.189649	29.2955	0.0	0.0	0.0	0.0	3.52748	0.0	1.99907	0.0295063	0.0514424	0.0098149	0.0	0.0	8.50451	0.344144	1.64026	4.41137	0.119982	0.186048	0.414878	0.171365	18.9224	59.5637	0.00626105	45.0911	4.16795	0.0	0.0	19.4457	7.09813	0.0287488	15.7055	51.4531	1.65188	0.0723267	0.0	0.0	0.0	0.0	0.0	0.0	0.0	0.0452241	0.486549	0.351743	0.0	21.863	0.49583	0.222133	49.9259	36.8058	0.0194673	0.0284704	0.869759	0.167179	54.0729	93.6451	111.246	111.781	40.6535	2.96327	0.0	0.0	109.417	32.4599	0.228562	0.0	0.0	14.8093	0.0	0.0178155	0.0411128	1.95481	3.17286	6.10612	0.0	0.0872829	0.0935174	0.0	1.53958	0.0	0.0	3.51857	8.26332	0.0220192	0.0	0.0	0.0	0.0	0.0	0.0	0.0	0.0	0.0	0.0	0.0	0.0	231.814	193.002	181.579	113.745	136.374	24.8114	0.0	0.780415	0.0	0.0	0.0	18.804	42.1841	8.92479	0.0	0.0	0.363339	12.9556	39.6041	7.87581	0.00562058	0.0	0.0	5.11013	2.20467	3.89683	5.05666	3.03143	5.35151	1.32657	0.681182	0.0	15.9576	62.5671	7.56765	17.0197	4.45811	0.0	0.0432289	21.4035	19.0389	23.18	10.4956	40.2029
N50_2_4	0.524189	0.0	5.7454	0.684127	285.499	0.0103488	0.154321	58.3727	2.72084	6.12113	1.77271	14.4945	1.31658	5.19132	0.0	0.286995	14.8882	74.1262	414.631	390.637	120.889	357.249	355.305	4.20145	179.43	155.708	0.0	0.335746	376.444	0.459289	371.088	0.505218	100.237	0.109412	0.0121169	16.4342	13.5166	0.0	307.039	8.76721	45.1251	45.1251	45.1251	0.120121	0.0	19.5313	0.235246	0.0	0.0	0.570407	0.643005	0.0	1.24429	65.5501	0.0	0.0	0.128945	36.9317	0.0	0.0761217	0.0	0.0137004	43.4094	14.8167	0.8354	174.983	60.6827	2.46566	55.1751	21.3806	0.0	24.231	1.40537	0.0	0.0	0.0	49.9745	100.844	13.1506	118.634	6.10431	1.15421	0.0	0.0	0.0	0.0	0.0	0.0581028	0.0	0.0	1.70521	22.5589	1.44982	0.00515779	0.0	0.777828	36.6399	0.0	0.0	0.0	0.0	6.54413	0.0	5.55595	0.0	0.0	0.0	0.00817379	0.0	18.5558	1.67024	3.49218	8.29476	0.0	0.90041	1.46087	3.871	40.5897	128.061	0.00513582	65.6512	2.03529	0.0504977	0.0	21.5048	9.37426	0.0943283	29.3508	90.138	0.597482	0.296641	0.0	0.0	0.169808	0.553406	0.244179	0.0	0.0	0.0370964	0.266071	0.329746	0.0	39.7734	1.04585	0.267244	89.7782	78.6174	0.0	0.350305	0.74957	1.57704	116.794	169.791	244.235	201.83	85.6769	3.94748	0.0239332	0.0	240.43	72.5718	0.187485	0.104083	0.0	15.7671	0.0	0.0	0.0	0.735437	1.68406	5.23217	0.0	0.286386	0.281272	0.0	2.12165	0.0	0.0	10.5828	18.3928	0.0	0.0	0.0	0.0	0.0	0.0	0.0	0.0	0.0	0.0	0.0	0.0	0.0	427.16	352.314	342.035	218.354	232.218	56.1749	0.677322	0.483676	0.0	0.0	0.0	36.2634	82.1576	13.7509	0.0	0.0	0.269504	23.8734	76.009	12.5366	0.0	0.0	0.0	5.94169	17.2279	30.7419	30.0846	22.3545	28.1005	8.80422	0.464201	0.0	28.6346	126.767	14.0647	33.3524	9.43937	0.0	0.0	23.3263	40.8198	45.4163	22.8828	105.245
N51_1_2	0.176359	0.0	0.0	0.0	0.22992	0.0	0.0144223	0.0469384	0.0	0.00641559	0.0	0.0	0.0	0.212092	0.0	0.0	0.0	0.0	5.87139	25.5827	87.7032	19.7342	0.0	41.1362	6.48108	0.0232118	0.0365429	5.22008	0.0	18.2854	0.0924504	18.1823	0.0	0.0	0.0	0.0616922	0.0402482	0.00575356	316.895	0.0255714	0.0	0.0	0.0	0.0225661	0.0	0.0	0.0	0.0	0.0	11.0493	25.0587	0.0408949	1.8532	8.59408	0.0201054	0.0	0.0578433	11.8907	0.0	0.0401734	0.0	0.0	63.8972	12.3246	0.0851708	14.1736	0.0116811	0.0	32.2061	3.23418	0.0	0.19908	1.72722	0.0118691	0.0	0.0191108	0.056045	0.143539	0.0	0.0	0.0	0.153792	0.0	0.0	0.00569899	0.0	0.0	0.0651608	0.00415707	0.0	0.0	0.0106254	0.0	0.0	0.0	0.0	23.6323	0.0	0.0	0.208013	0.0	0.151201	0.0355034	0.0	0.0882164	0.15549	0.00902896	0.0	0.00576583	0.0	0.0131911	0.0	0.00745979	0.0	0.0	0.0	0.0	0.0	0.0	0.0	9.77625	71.8264	0.0	0.0	3.23418	33.7584	0.0132233	0.112674	0.013159	5.51603	0.01901	0.0	0.0	0.0	0.0	0.0684601	0.0	0.162657	0.0	0.111897	0.0	0.0	0.0704212	0.0	0.013623	0.0572312	0.0	0.0537253	0.0	0.010128	0.0	0.00868113	0.0	0.0	0.057383	0.0	0.0	0.201303	0.225348	0.0	0.0	0.0350433	0.0	0.0	0.0755657	0.0	0.0491668	0.0756412	2.71769	93.8305	4.00928	0.23422	0.0	0.0	0.00880121	0.0377678	0.0	0.0	0.0	0.0464457	0.162048	0.121536	0.12529	0.0	0.0	0.0	0.267079	3.01966	2.25348	0.0	0.0	0.00793013	0.00420556	0.0928029	0.0752902	0.292659	0.0	37.4061	0.0	0.0	15.1402	4.35418	5.31858	1.9461	0.042363	0.139072	0.0574134	0.0	0.0	0.0355578	0.056484	0.0981457	0.0793678	0.0258525	0.016001	0.0313527	16.5978	0.0	0.0	0.0280225	0.0281685	0.0	0.0277351	0.0192811	0.0	0.0561906	0.133794	0.042363	0.0309934	0.0	0.0	0.0198836	2.13274	0.100465	0.0910496	0.199637	0.0
N51_1_3	0.0	0.0	0.0	0.0	0.542121	0.0	0.0695933	0.245372	0.0	0.0	0.0	0.0	0.0	0.0767573	0.0	0.0	0.0	0.0	0.793202	2.85251	8.89135	2.27594	0.505409	5.73354	0.539204	0.280016	0.0440836	0.536815	0.0	2.79616	0.0	2.54761	0.0	0.0	0.0	0.192258	0.157799	0.0	283.337	0.0793236	0.0	0.0	0.0	0.0222731	0.0	0.0	0.0	0.0	0.0	1.16456	2.69674	0.0493336	0.16542	1.7875	0.0485083	0.0	0.0	1.22158	0.0	0.339243	0.0467139	0.0185351	4.51687	1.17194	0.0	1.99668	0.0422745	0.0	3.09049	0.466693	0.0	0.400268	0.364635	0.0143183	0.0	0.0	0.0507075	0.401975	0.187559	0.231243	0.0	0.0309212	0.0	0.0	0.0	0.0	0.0	0.0216039	0.0	0.0	0.0	0.0897261	0.0	0.0	0.0	0.0841854	2.35151	0.0	0.0	0.0	0.0433513	0.0140309	0.0	0.00937409	0.294702	0.260975	0.0217842	0.0110583	0.0	0.0477626	0.0	0.0	0.0179983	0.0	0.0	0.0	0.0	0.0	0.0634975	0.0	1.66958	5.37141	0.0	0.0	0.466693	4.57974	0.047856	0.352168	0.0	0.144344	0.638506	0.0	0.0	0.0	0.0	0.330348	0.0	0.245277	0.0	0.404961	0.111528	0.0	0.0169905	0.0157214	0.0821709	0.0690409	0.0	0.0648116	0.0	0.0244358	0.0618424	0.062835	0.0753391	0.0	0.0692241	0.0	0.0	0.097137	0.0	0.0	0.0	0.0	0.0	0.0	0.0130227	0.0	0.316333	0.1825	0.0	8.52656	0.881671	0.051373	0.0	0.0	0.0	0.0546735	0.0	0.0	0.0329514	0.11206	0.0	0.0977434	0.0503812	0.0	0.0	0.0	0.0	0.0	0.127929	0.0	0.0	0.0	0.0	0.597082	0.0756887	0.127098	0.0	3.29777	0.0	0.0	1.61666	0.276456	0.270721	0.0	0.0170349	0.410103	0.152374	0.0	0.0	0.0257372	0.0851745	0.3365	0.109423	0.0	0.0579086	0.0	1.36727	0.0	0.0	0.06761	0.135924	0.0	0.0	0.0348897	0.0	0.0847321	0.44696	0.0170349	0.0934723	0.0618424	0.0	0.0	0.260541	0.0	0.0439351	0.0	0.0
N51_1_4	0.457555	0.0	0.0350851	0.0	0.871534	0.0	0.0	0.266755	0.0	0.0356678	0.0237691	0.100786	0.0	0.0	0.0	0.00639063	0.0365938	0.0675683	0.803184	0.811134	0.195791	0.587373	0.635238	0.0	0.347893	0.129047	0.0406323	0.0	1.52888	0.0	1.33635	0.0	0.112403	0.0	0.0	0.051447	0.0950985	0.0	326.606	0.0142165	0.159089	0.159089	0.159089	0.0258518	0.0	0.0	0.0	0.0	0.0	0.0	0.0	0.0113678	0.0022422	0.453078	0.0	0.0	0.0	0.170598	0.00592471	0.0	0.0430567	0.0	0.140427	0.0725499	0.0	0.311047	0.129883	0.0	0.203467	0.206475	0.0	0.0	0.0240063	0.0131973	0.0	0.0	0.0623169	0.256504	0.0123482	0.456728	0.0474757	0.0	0.0	0.0	0.0	0.0	0.0	0.0235827	0.0	0.0126869	0.0	0.023629	0.0	0.0	0.0	0.0	0.133985	0.0	0.0	0.0	0.0	0.0129324	0.0263176	0.00862781	0.0	0.00751698	0.0	0.0	0.0	0.0176093	0.0146673	0.0	0.0497676	0.0	0.057091	0.0	0.0	0.106799	0.219474	0.0	0.458386	0.0625113	0.0	0.0	0.206475	0.0519532	0.0147031	0.159451	0.321895	0.0	0.0105687	0.0	0.0	0.169397	0.197167	0.0	0.0	0.0	0.0	0.497676	0.411185	0.0	0.0	0.0	0.0151476	0.0159089	0.0	0.0	0.0	0.0	0.0	0.328189	0.30554	0.0	0.287121	0.0	0.0	0.0	0.0	0.0	0.0	0.0	0.0288421	0.0	0.0	0.0	0.0	0.0630795	0.0	0.0	0.0	0.047351	0.00637708	0.00637708	0.0	0.0	0.0	0.0	0.0607433	0.120501	0.0	0.0	0.0	0.0	0.0	0.0	0.0	0.0	0.0	0.0	0.0	0.0	0.0	0.882833	0.599963	0.728919	0.459371	0.911149	0.0740386	0.0	0.0709567	0.0	0.0	0.0503229	0.0157013	0.263452	0.0255354	0.0	0.0	0.00790741	0.0157013	0.258463	0.0252142	0.0	0.0711667	0.0348613	0.0338317	0.039563	0.0519906	0.124634	0.0	0.0	0.0619957	0.0321582	0.0	0.0312394	0.320419	0.0	0.137847	0.0	0.0	0.0221088	0.0200119	0.186179	0.0202478	0.0201798	0.0
N51_2_2	0.588261	0.0	0.0	0.0	0.16434	0.0	0.0206172	0.0671002	0.0	0.0	0.0	0.0	0.0105405	0.0	0.0	0.0	0.0156824	0.0	1.66808	1.00688	3.36228	0.737183	0.32668	2.40143	0.191688	0.0663643	0.0522394	0.269132	0.0	0.368164	0.0	0.368164	0.0	0.0	0.0	0.0587942	0.0647283	0.0	194.897	0.0	0.0	0.0	0.0	0.146632	0.0	0.0	0.0	0.0	0.0	0.515429	0.618515	0.0438456	0.285389	11.4383	0.0574828	0.0	2.89412	2.01785	0.0	0.0789654	0.0	0.0	4.94897	2.63242	0.0	2.76599	0.150287	0.0	3.27472	1.41577	0.0	0.0474321	0.601848	0.0169673	0.0	0.0	0.0200296	0.0806121	0.0317513	0.0	0.0	0.0	0.00568488	0.0	0.0	0.0	0.0	0.111511	0.0	0.016311	0.0	0.0	0.0163686	0.0	0.0	0.0	3.67826	0.0	0.0	0.0	0.0513717	0.0997605	0.0	0.0	0.0	0.00966429	0.0645362	0.0	0.0	0.0	0.0	0.0	0.010664	0.0	0.0244666	0.0	0.0	0.0	0.0188113	0.0	9.79409	3.6005	0.0	0.0	1.41577	0.918421	0.0378065	0.05125	0.0	0.0	0.866691	0.0725956	0.0	0.0	0.0	0.0	0.0	0.0	0.0	0.319921	0.132161	0.0	0.0	0.0	0.0584239	0.0	0.0	0.0	0.0	0.144783	0.0	0.013684	0.0	0.0	0.0	0.0	0.0	0.0	0.0	0.0	0.0	0.0	0.0	0.0	0.0	0.00563516	0.0	0.027033	0.0	4.58159	0.208958	0.0	0.0	0.0	0.0251633	0.0269952	0.0357937	0.0	0.0	0.0295093	0.0	0.0	0.0	0.0	0.0	0.0	0.0	0.0	0.0	0.118338	0.0	0.0226728	0.0	0.0958138	0.0179384	0.0	0.0	3.2144	0.021153	0.0	0.592971	0.0	0.0	0.0	0.0	0.0662694	0.0492448	0.0	0.0	0.0609975	0.0	0.059075	0.0	0.0	0.0	0.15687	2.83812	0.0	0.0	0.0	0.0	0.0	0.0792968	0.0689076	0.00561062	0.0401633	0.0809189	0.0	0.0221531	0.0	0.0	0.0	2.46994	0.167554	1.61397	0.518888	0.0
N51_2_3	11.6065	0.0	3.58217	0.0	45.0236	0.0	0.0	8.25369	1.21841	1.46458	5.8692	1.21171	0.369626	0.0	0.0	0.0177305	0.643008	12.7476	2.71407	10.5538	3.95769	10.9806	18.9168	0.505587	0.137887	0.143213	0.0	0.0	8.48357	0.635595	8.55608	0.635595	0.0	0.0	0.419205	6.4073	5.16827	0.0887466	131.846	0.552201	6.66492	7.41527	6.84147	0.394484	0.0	0.0	0.0	0.0	0.0	0.0	0.222458	1.89237	0.435461	38.6254	0.0	0.0	0.624548	26.979	0.0	0.247864	0.0	0.0	22.666	11.4957	0.0	22.5814	7.27914	0.0	21.9949	7.90061	0.0	0.0	4.06286	0.0610255	0.0	0.0	5.48941	14.1382	2.74076	27.1596	0.0	0.0387108	1.90153	0.087905	0.087905	0.087905	2.27398	0.335027	1.42349	0.0	0.0	4.29401	10.1025	0.0	0.0	0.0	17.2748	0.0	0.0	0.0	0.720587	0.861128	0.0	0.789934	0.0	0.0	0.0557074	0.0	0.0	0.464133	0.0	1.93518	0.989555	7.15044	11.8797	8.67242	8.71627	9.11714	19.0388	0.0	55.8063	0.346868	0.0	0.0	7.90061	1.15313	1.91727	11.8971	24.7221	0.184562	0.381189	0.0	0.0	4.81732	11.4876	7.18061	0.0	0.0	0.0	15.994	17.8252	0.0	5.17041	0.643252	0.672418	1.32416	0.0	0.0	0.484776	3.43685	0.0	3.37437	0.0	0.0	1.41618	0.0	12.0423	0.0	0.0	0.0	0.0	0.0	0.0	3.02533	0.0	2.93071	0.0	0.0	0.0	1.9421	0.38651	0.0656865	0.0176929	0.0176929	0.0950289	0.302928	11.5091	0.0	4.29749	11.3352	0.0	0.0	0.0	0.0	0.0	0.0	0.0	0.0	0.0	19.536	0.0	0.0733379	1.15467	35.8499	34.2204	39.6524	13.4402	34.117	3.49208	0.0	0.196866	0.0	0.0	0.0	4.44336	16.2077	4.74672	0.0	0.0	6.98747	2.74443	12.4137	2.20359	0.0	0.0	0.0	6.78169	0.0	0.0	0.0	0.0	0.0	0.0	0.0892212	0.266369	4.55028	20.3356	2.96224	5.78455	0.948874	0.16963	0.0	21.0428	9.60771	9.21291	4.75896	66.4921
N51_2_4	57.2736	0.0	95.815	0.0962346	448.953	0.0	0.036783	82.5623	27.9122	39.6465	43.2346	17.4925	3.79395	0.0	0.0	2.46262	1.56682	140.261	1.20458	22.2623	9.04605	23.2888	160.278	1.04497	0.0	0.296001	0.0	0.0436507	20.4567	0.0	22.0462	0.0	0.386737	0.649962	5.05997	18.9859	17.9895	2.02502	312.377	2.08698	106.7	123.486	107.065	0.969687	0.0	0.0	0.0	0.0	0.0	0.177982	0.0	0.0260749	1.04918	42.8453	0.0	0.0	0.221288	9.95881	0.0	0.0	0.0	0.0	28.8946	11.1865	0.0	76.6379	27.1106	0.0	32.4617	11.3664	0.0	0.0	3.35893	3.98572	0.0	0.0	64.2869	133.818	8.35548	122.292	0.0	0.0	61.3107	2.00582	2.00582	2.00582	58.5332	0.0663155	42.7168	0.0	0.0	31.0018	174.917	0.0147525	0.0	0.0	22.6158	0.0	0.0	0.0	13.5645	13.6156	0.0	11.498	0.0	0.0	0.0	0.0	0.0	11.9558	0.100929	6.35631	10.8637	88.9548	118.206	154.223	189.74	143.665	121.726	0.0146897	60.7821	0.831633	0.0	0.0	11.327	14.8066	0.0	32.9036	171.128	0.0	2.23025	0.0	0.0	11.268	25.7783	28.6349	0.0	0.0	0.0	59.4553	30.6525	0.0	52.5882	1.56217	0.243213	27.7332	0.0	0.0	14.0608	0.0	0.0	21.0336	0.0	0.0	32.6364	0.0	151.73	0.102682	0.0	0.0	0.0	0.0	0.0	82.815	0.0	66.9775	0.0	0.0	0.241389	0.145964	0.213029	0.0	2.4574	3.59834	4.91587	6.50189	236.791	0.0	15.9184	17.9791	0.0	0.0	0.0	0.0	0.0	0.0	0.0	0.114947	0.338079	456.105	0.0	2.41515	30.8158	197.91	123.247	139.787	63.0292	89.483	44.2491	0.0	0.0406892	0.23379	0.744055	0.346284	38.8238	114.684	11.2458	0.257825	0.0	105.352	25.5704	112.114	10.1789	0.0	0.0	0.0	0.795413	0.0	0.119253	0.0	0.0	0.0	0.0	0.0244135	0.0200198	60.5128	180.59	30.6125	50.7084	14.4474	6.02031	0.0	121.205	46.8898	51.552	23.19	521.521
N52_1_2	0.0	0.0	0.0	0.0	0.0132501	0.0	0.0	0.0066123	0.0	0.0	0.0	0.0	0.0	0.0	0.0	0.0291475	0.0139086	0.0	0.0117414	0.0956784	0.669749	0.0637856	0.0	0.519466	0.0	0.0	0.0	0.0216992	0.0	0.130609	0.0	0.130609	0.0	0.0	0.0	0.019554	0.00637856	0.0291785	339.012	0.0	0.0	0.0	0.0	0.0286104	0.005332	0.0	0.0	0.0	0.0166431	0.0294923	0.274278	0.0	0.0306799	0.117414	0.0	0.0	0.0	0.301511	0.0	0.00636672	0.0327301	0.0	0.621647	0.128683	0.0	0.147779	0.0562045	0.0	0.48119	0.215813	0.0	0.0	0.0136865	0.0200642	0.0	0.0	0.0	0.0194984	0.0	0.0	0.0	0.0	0.0	0.0289018	0.0289018	0.0289018	0.0	0.131864	0.0	0.0144661	0.0	0.0	0.0	0.0	0.0	0.0	0.395421	0.0	0.0	0.0	0.0	0.0294923	0.0	0.0	0.0	0.0	0.0	0.0	0.0	0.0	0.0	0.0	0.0	0.0	0.0	0.0	0.0	0.0	0.0	0.0	0.13689	0.798315	0.0	0.0	0.215813	0.266577	0.0167652	0.0259733	0.0	0.273064	0.0120509	0.0	0.0	0.0	0.0	0.0	0.0	0.103112	0.0	0.0	0.0	0.0	0.0	0.0	0.0172719	0.0	0.0	0.0	0.0	0.0	0.0	0.0121362	0.0	0.0	0.0181882	0.0	0.0	0.0170148	0.0	0.0	0.0	0.0444295	0.0164435	0.0	0.0	0.0	0.0	0.0239754	0.0685695	1.05212	0.0264747	0.0	0.0	0.0	0.0	0.0	0.0	0.0	0.0	0.0130858	0.0	0.0770444	0.0264747	0.0	0.0283345	0.0	0.0282179	0.285706	0.067225	0.0	0.0	0.0	0.0	0.0261466	0.0	0.0742094	0.0	0.590113	0.0	0.0	0.20227	0.319604	0.853563	0.401662	0.0	0.00653043	0.0145583	0.0	0.0	0.00901637	0.0	0.0130983	0.0	0.0	0.0405737	0.0	0.16395	0.0	0.0	0.0	0.0	0.0	0.0353451	0.122227	0.0	0.0	0.0195727	0.0	0.00654914	0.0	0.0	0.0	0.0570462	0.0	0.0	0.0460198	0.0
N52_1_3	1.09864	0.0	0.0353822	0.0352588	1.73341	0.0	0.04043	0.653041	0.059526	0.0359698	0.0799013	0.0282333	0.0	0.29728	0.0	0.0107412	0.0205021	0.624621	8.35947	34.8239	110.76	28.5361	1.42359	58.8456	4.67786	0.0433799	0.0	7.38872	0.513941	33.5473	0.475139	33.5954	0.0472314	0.0	0.0	0.369904	0.305576	0.0	286.544	0.0119474	0.0	0.0	0.0	0.0191696	0.0	0.0	0.0	0.0	0.13493	12.2703	27.0544	0.0668739	2.38178	9.10368	0.0751488	0.0	0.0270254	22.2652	0.0	0.122003	0.0	0.0	66.8026	14.4703	0.0397933	21.3042	0.240135	0.0	33.3751	5.14052	0.11997	0.0620093	2.89507	0.0110909	0.0	0.0	0.117834	0.694592	0.124528	0.831631	0.0	0.263466	0.0	0.0	0.0	0.0	0.0	0.0202962	0.00776903	0.0213239	0.0	0.0794303	0.0	0.0	0.0	0.0	25.1893	0.0	0.149005	0.0	0.0	0.0217366	0.0	0.00726114	0.843349	0.802284	0.00843699	0.0	0.0	0.022198	0.0369787	0.12674	0.153355	0.0	0.0	0.0	0.0	0.248545	0.553331	0.0	12.7582	100.193	0.185216	0.0282333	5.15498	46.8045	0.0123564	0.603005	0.553331	33.4644	0.0355273	0.0	0.0	0.106769	0.207121	0.703687	0.0	49.1696	0.0	1.42899	1.16625	0.0	0.236895	0.0243554	0.0254597	0.0668486	0.0	0.0	0.0	0.0662477	0.0	0.405598	0.0116715	0.0	0.0804311	0.0	0.142646	0.463992	0.322879	0.0	0.0	0.0	0.0242386	0.0	0.060524	0.0	0.122515	0.318069	0.0	79.3894	6.43915	0.0	0.0107185	0.0107185	0.00411209	0.0105875	0.0	0.0	0.19143	0.540096	1.09782	0.870684	1.44393	0.0	0.0	0.0	1.78857	17.8145	16.8459	0.0	0.0	0.0	0.0	1.18033	1.40708	1.53144	0.912484	37.9185	0.013827	0.0	21.5269	26.7892	36.3199	17.9102	0.131952	0.784535	0.214597	0.0	0.0	0.621336	0.211123	0.757822	0.148328	0.0	0.0149519	0.0	17.5709	0.0	0.0	0.0785558	0.0	0.0	0.0259167	0.0450424	0.0	0.1969	0.966513	0.158342	0.212383	0.0239514	0.0	0.05574	3.32152	0.219048	0.357336	0.0678356	0.52024
N52_1_4	109.405	0.0	12.9366	7.71372	320.076	0.00723354	0.00898888	115.837	10.847	12.5556	25.3145	17.5133	0.0	0.0	0.0	2.09199	6.0716	76.1656	111.301	345.126	117.869	297.025	316.312	1.5322	0.195007	0.0	0.0	0.288014	165.285	2.0867	242.527	2.0546	46.7506	0.0	0.0169388	26.2649	22.8778	0.0	288.522	6.17587	0.0178351	0.0178351	0.0178351	0.0332437	0.0	0.0561805	0.0	0.0	0.0	0.579928	1.59553	0.0254883	1.91667	36.7213	0.0	0.0	0.0721033	6.10575	0.0	0.209699	0.0	0.0	29.7263	3.09972	0.0796259	103.653	41.0178	0.0	39.9642	129.263	0.0	0.0	0.235487	0.00493172	0.0	0.00595553	38.0747	120.366	9.30958	158.822	7.49566	0.0	0.0	0.0	0.0	0.0	0.0	0.0135375	0.00518191	0.0	0.018521	21.3044	0.0	0.0	0.0	0.0	25.067	0.0115176	0.0	0.0	0.0	14.4402	0.0	0.0048362	0.0	0.0	0.0	0.00571327	0.0	6.53931	17.1912	21.2922	34.2988	0.0	0.0	0.0	0.00755792	49.7474	131.594	0.0	57.7752	11.0025	0.0176483	9.62287	123.848	8.55448	0.00824164	48.9281	134.202	7.22641	3.28197	0.0	0.0	26.8242	90.1559	108.976	0.0	0.0	0.0259295	261.437	185.252	0.0	37.799	6.91223	0.883039	39.362	0.0351128	0.0	0.0	0.0126248	0.0	68.3635	0.0544938	0.149815	47.2989	0.0	35.5161	0.0	0.0	0.149815	0.0	0.0	0.0	0.0	0.0	0.0	0.0	0.0	0.0	4.15557	0.507577	0.0	2.08756	2.38425	0.0	0.00235393	0.0	0.0	50.8689	73.5086	0.176748	0.151498	0.195222	0.0	0.0	0.0	0.305178	3.21633	3.66826	0.0	0.0	0.0	0.0	300.107	276.181	274.774	155.55	300.167	2.7022	0.0	1.2131	4.89913	5.315	3.41314	32.2385	120.933	7.06372	0.0945093	0.0	0.068702	48.4942	116.62	5.37778	0.0	0.0	0.0	1.13783	0.0	0.0	0.0	0.0	0.0	0.0	0.0596607	0.0	51.5256	160.822	47.8077	51.0679	15.5601	0.0	0.0	10.2864	37.674	42.0276	16.3564	158.082
N52_2_2	0.356334	0.0	0.0306023	0.0	1.15927	0.0	0.0699366	0.29084	0.0	0.0388882	0.0	0.0	0.00446936	0.0	0.0139501	0.0	0.0265986	0.0	10.5421	22.8869	70.8718	18.7853	0.0923458	49.0251	6.06888	0.253257	0.0	4.19121	0.0	25.6018	0.112078	25.1647	0.0612762	0.0114425	0.0	0.710501	0.628209	0.00697506	122.222	0.119572	0.0	0.0	0.0	0.591076	0.0	0.0	0.0	0.0	0.0	8.64337	23.1228	0.470981	1.94839	43.4259	0.0731214	0.0	9.11606	16.3867	0.0	0.383531	0.0	0.149013	58.6217	17.2879	0.0	20.2349	0.877983	0.0	32.2405	5.18709	0.0	0.201121	3.89991	0.0	0.0131262	0.0	0.0509577	0.422602	0.148095	0.0663955	0.0	0.0152124	0.0	0.0	0.00690891	0.0	0.0	0.210652	0.0	0.0	0.0	0.0257625	0.00925413	0.0	0.0	0.380703	26.8879	0.0074676	0.0	0.0	0.0	0.0705006	0.0	0.0	0.0	0.00819569	0.0218917	0.0	0.00698993	0.0479982	0.0319832	0.0	0.018087	0.133807	0.0	0.0	0.0	0.0268711	0.0478581	0.0	40.4341	50.1079	0.0	0.0	5.17771	43.4177	0.448859	1.45908	0.0478581	1.0154	0.0230459	0.0	0.0	0.0461729	0.161227	0.165989	0.0	1.72541	0.0	0.723482	0.280195	0.0	0.0853718	0.0	0.0825762	0.156108	0.0	0.0	0.0	0.478849	0.0	0.0947175	0.181706	0.0	0.139131	0.0	0.0	0.0	0.0	0.0	0.0	0.014161	0.0157231	0.0	0.0	0.0	0.0	0.0	0.491741	94.2201	3.99975	0.154879	0.0	0.0	0.0	0.0412074	0.0	0.0	0.0331139	0.513013	0.0	0.0	0.151889	0.0	0.0	0.0	0.0539634	0.710293	0.1607	0.0	0.0	0.0	0.0	0.487523	0.486797	0.241258	0.0910632	35.1352	0.0	0.0	14.0415	0.916806	1.25146	0.576099	0.0	1.19267	0.876991	0.0	0.0	0.0344855	0.0171189	0.626223	0.17869	0.0	0.0	0.038009	21.7537	0.0	0.018895	0.135887	0.204892	0.0	0.0	0.0350618	0.0	0.05109	0.723654	0.0513568	0.33816	0.0	0.0	0.0	9.27299	0.0608968	4.96709	0.0880074	0.0
N52_2_3	120.661	0.0	12.578	4.26111	321.535	0.0229937	0.142868	106.365	9.35202	10.7659	33.6275	16.342	0.0	0.0	0.0	1.94716	8.82417	54.7793	177.918	371.14	114.028	333.712	368.991	0.892922	55.7006	130.604	0.0	0.0339084	199.954	0.612289	234.999	0.408193	99.1394	0.243099	0.0	27.1849	20.6726	0.0	125.754	7.16871	22.9042	22.9042	22.8475	0.108384	0.0	15.5368	0.0	0.0	0.0	0.253475	1.14294	0.060766	1.39432	32.8424	0.0	0.0	0.286499	16.6729	0.0	0.189031	0.0	0.0	34.3824	6.47787	0.0	126.225	48.3219	0.0	47.9895	73.1813	0.0	0.0	1.66821	0.00784986	0.0	0.0	41.5833	126.326	11.3751	200.195	5.38573	0.0	0.00787872	0.0	0.0	0.0	0.00819821	0.0430324	0.016472	0.0	0.0	21.0933	0.0151236	0.01146	0.0	0.0691294	29.828	0.0122039	0.0	0.0	0.0	7.81163	0.0	1.46254	0.0	0.0	0.0178883	0.0	0.0	7.96962	6.82105	13.2007	31.5984	0.0	9.76563	12.2642	16.7453	39.4642	143.102	0.0	61.7429	2.22766	6.90028	28.6733	70.0848	9.74307	0.0523964	51.2111	93.646	1.01935	5.85656	0.0	0.0	54.4054	153.085	160.319	0.0	0.161129	0.0	298.544	208.074	0.0	45.3995	8.15894	2.67202	69.0526	58.9329	0.0	4.72189	0.0401313	7.66813	74.4723	151.867	175.489	151.432	118.702	29.38	0.0	0.0	161.917	47.0164	0.0	0.0	0.0165356	0.0	0.0	0.0	0.0	2.73234	1.19056	0.413709	0.0	1.94303	2.03393	0.0	0.0448955	0.082678	0.0	59.5822	81.2627	0.0	0.0	0.0	0.0	0.0	0.0	0.0440949	0.0446461	0.997972	0.0	0.0	0.0	0.0166642	367.182	298.356	318.298	216.906	344.285	1.96418	0.0	0.410902	0.817251	0.622452	0.134499	35.4744	113.345	10.3511	0.100141	0.0	0.0422685	44.4829	114.908	8.53611	0.0	0.0	0.0	0.527464	0.0	50.086	0.277592	0.111615	0.0	0.0	0.0383365	0.0	54.8834	165.732	52.6241	44.1702	14.7269	0.0	0.0	11.4639	40.8367	53.0702	19.6323	121.017
N52_2_4	104.176	0.0	12.8363	2.13905	327.259	0.019738	0.0490556	93.9217	8.76457	11.8493	48.3164	22.8663	0.0	0.0	0.0	1.2707	11.1569	66.7625	255.715	467.96	147.552	435.939	504.266	0.0	154.312	270.253	0.0	0.0	299.244	0.175199	277.746	0.175199	154.645	0.770507	0.0231104	22.75	18.0793	0.0	365.66	8.58908	41.634	41.6583	41.488	0.202357	0.0	38.0947	0.0	0.0	0.0	0.0	0.0	0.0173874	1.0117	34.6497	0.0	0.0220574	0.491868	30.5423	0.0	0.0597822	0.0219521	0.0	31.422	9.76509	0.144849	163.144	58.088	0.0	51.2341	48.0555	0.0	0.0	4.3144	0.0	0.0	0.0	42.0579	125.772	11.4644	153.594	2.83199	0.0	0.0	0.0	0.0	0.0	0.0	0.132662	0.0	0.0	0.0	22.8593	0.0	0.0	0.0	0.0	29.185	0.010476	0.0	0.0	0.0	5.08358	0.0	3.33028	0.0	0.0	0.0	0.0467691	0.0	10.4369	5.83283	6.40106	32.6051	0.0	20.6371	26.8497	37.266	32.5069	149.875	0.0	63.4673	0.07649	3.41912	64.6424	45.8712	12.3169	0.0	54.003	52.7482	0.0406988	6.14273	0.0	0.0	70.539	157.571	154.036	0.0	0.0	0.0	248.471	168.157	0.0	53.4629	8.73249	3.45212	114.414	120.723	0.0	6.36951	0.0	15.6495	101.295	320.249	411.454	282.671	235.884	30.5979	0.0	0.0	374.764	92.7039	0.0	0.0	0.0	0.0	0.0	0.0	0.0	5.67972	0.0	1.31399	0.0	1.26801	1.35579	0.0	0.53312	0.0	0.0	69.3096	85.6162	0.0	0.0	0.0	0.0	0.0	0.0	0.0757031	0.306597	0.0	0.0	0.0	0.0	0.0	419.992	376.496	378.509	313.943	383.124	0.717212	0.0	0.0	0.0	0.152663	0.0	40.1058	103.595	12.342	0.0	0.0	0.0241891	35.711	108.838	10.702	0.0	0.0	0.0	0.582147	0.0	103.589	0.0	0.0	0.0	0.0	0.0166629	0.0	58.4606	159.865	41.4987	38.1709	17.1317	0.0	0.0	11.2487	34.6275	59.8639	19.7231	112.539
N53_1_2	0.0	0.0	0.0	0.0	0.456682	0.0	0.0	0.132942	0.0077324	0.00778743	0.0518957	0.0	0.0	0.0	0.0	0.0	0.0	0.295047	2.2707	7.20602	22.5035	5.19078	0.323617	7.65894	0.759564	0.0	0.13307	0.893312	0.111268	7.31507	0.224438	6.87742	0.0613533	0.0	0.0	0.0686434	0.0854952	0.0	368.114	0.0199538	0.0	0.0	0.0	0.0929648	0.0	0.0	0.0	0.0	0.015934	2.28709	5.90833	0.0248197	0.651096	6.11516	0.0	0.0	1.68508	5.70812	0.0	0.0426682	0.0	0.0	16.1956	2.8248	0.0	5.40465	0.141788	0.0	9.14795	1.65294	0.0	0.0	0.825515	0.00960469	0.0	0.0	0.0170073	0.230235	0.0269602	0.199437	0.0	0.0152316	0.0	0.0	0.0	0.0	0.0	0.0790941	0.0	0.0138498	0.0	0.0257949	0.0185316	0.0	0.0	0.0	7.00361	0.0	0.0	0.0	0.0	0.0141179	0.0	0.00943219	0.0	0.0	0.0219192	0.0111268	0.0	0.0	0.0160117	0.0	0.0090549	0.0	0.0	0.0	0.0	0.0896831	0.127782	0.0	5.74272	29.3301	0.0	0.0	1.63416	5.45886	0.0160509	0.161633	0.159728	16.383	0.0346123	0.0	0.0	0.0	0.10762	0.581692	0.0	0.0	0.0	0.316922	0.448876	0.0	0.0683834	0.0	0.0	0.0173672	0.0	0.0869511	0.0	0.0368809	0.0	0.0948367	0.0	0.0	0.0174133	0.0	0.0	0.0	0.0	0.0	0.0	0.0	0.0	0.0	0.0	0.0	0.0	0.0	0.0984721	28.8296	0.836442	0.0	0.0	0.0	0.0106832	0.0320905	0.0	0.0	0.0497334	0.125283	1.27854	2.40955	24.1554	3.35874	0.0271273	26.7229	0.837486	6.64687	8.39909	0.0	2.84223	0.0	0.00510483	0.40678	0.182779	0.227353	0.0911779	11.0289	0.0	0.0	3.42764	7.95566	14.655	6.12532	0.0171405	0.218827	0.0	0.0	0.0	0.120851	0.034281	0.219454	0.0137627	0.0	0.0971125	0.0761137	4.70893	0.0	0.0	0.0	0.0	0.0	0.0	0.0936158	0.0	0.0	0.262342	0.0171405	0.0689712	0.0933385	0.0	0.0241353	1.7477	0.0203245	0.508386	0.0	0.0
N53_1_3	87.0481	0.0	8.07044	4.41236	196.766	0.0	0.0882472	68.7915	6.52239	7.77266	18.225	9.67514	0.0225581	0.0	0.035205	1.5591	4.29601	41.5208	77.1974	204.559	85.4253	175.314	192.186	10.3624	0.182329	0.0	0.0	0.139632	99.3715	6.82865	149.058	7.77415	30.103	0.250265	0.0	16.9763	13.2576	0.02347	235.753	4.06813	0.0	0.0	0.0	0.0571838	0.0	0.0	2.24205	0.0	0.0	0.877727	3.67696	0.0	1.11461	24.7062	0.0820141	0.0	0.589887	5.80491	0.0	0.225329	0.0526534	0.0	24.2286	3.13478	0.0	76.2653	29.0901	0.0	29.6507	70.4304	0.0	0.135348	0.704568	0.0	0.0	0.0	22.6905	71.4656	5.66268	97.9934	4.29624	0.0	0.0	0.0232474	0.0232474	0.0232474	0.0	0.0530331	0.0	0.0232719	0.0	13.0247	0.0389234	0.0	0.0	0.0	18.3896	0.0125637	0.0	0.0	0.0	8.4926	0.0	2.42489	0.0	0.0	0.0184155	0.0	0.02352	3.94076	9.41662	12.5178	19.0188	0.0	0.0	0.0	0.0	31.3446	78.8534	0.0	39.7993	13.3472	8.43199	6.16251	67.3847	4.78879	0.0	30.3767	74.747	10.8113	2.11312	0.0	0.0	23.3824	80.2904	92.4361	0.0	0.0	0.0	198.708	145.382	0.0	21.8894	4.67816	0.666855	24.98	0.0	0.0	0.0	0.0413142	0.0	50.6925	0.0254755	0.0	29.2304	0.0	20.3716	0.0	0.0	0.0	0.0	0.0	0.0	0.0	0.0	0.0	0.0	0.0	0.0551545	10.6223	0.724035	0.0	1.55579	1.68446	0.017951	0.0308126	0.0	0.0	32.1177	45.7024	0.743656	1.32205	16.0566	1.36817	0.0455822	13.4913	0.635525	3.30927	5.19101	0.0	1.14113	0.0	0.0	225.392	193.821	204.764	117.203	210.443	1.85609	0.0	1.00872	5.98286	10.7563	4.2462	20.1321	73.2136	4.54351	0.0	0.0	0.0797763	28.5133	69.4304	3.33008	0.0	0.0	0.0639472	3.19601	0.0	0.0	0.0	0.0	0.0	0.0	0.0983146	0.0	31.6887	95.867	27.6492	31.3543	7.47591	0.0	0.0405548	6.99296	20.1835	26.8901	10.0685	95.8714
N53_1_4	148.339	0.0	12.6489	7.97105	337.954	0.0	0.00884814	118.797	10.216	11.7372	27.2658	16.1639	0.0	0.0	0.0	2.20733	6.77745	76.7626	123.66	344.136	110.26	295.693	325.31	0.175957	0.0	0.0	0.0	0.0735012	149.453	0.0	236.66	0.0	52.1896	0.0868601	0.0	28.2697	22.9455	0.0	359.295	7.8441	0.0	0.0	0.0	0.0394357	0.0	0.0	0.0	0.0	0.0	0.0142712	0.0442407	0.0188169	1.57614	37.0781	0.0	0.0	0.124205	5.08768	0.0	0.215658	0.0	0.0	28.4678	3.06453	0.156758	118.992	47.3199	0.0	41.3551	115.387	0.0	0.0	0.291406	0.0	0.0	0.0	39.2321	125.605	10.4992	168.414	7.79743	0.0	0.0	0.0	0.0	0.0	0.0	0.0133255	0.0	0.0	0.0	21.1404	0.0210744	0.0	0.0	0.0214068	25.6921	0.0151164	0.0	0.0	0.0	13.5434	0.0	3.54212	0.0	0.0	0.0	0.0168715	0.0	6.44179	13.5393	21.8846	33.684	0.0	0.0	0.0	0.0	50.8406	142.927	0.0	62.772	0.220744	0.017372	12.9571	110.958	7.15926	0.0892386	50.594	135.233	0.0	4.56597	0.0	0.0	38.2745	120.919	141.248	0.0	0.0	0.0	329.357	237.368	0.0	40.7931	7.18779	1.03637	39.2022	0.0	0.0	0.0	0.0434951	0.0157254	75.4791	0.0	0.0	47.0424	0.0	36.231	0.0	0.0	0.0	0.0	0.0	0.0	0.0	0.0	0.0	0.0	0.0	0.00829514	0.245782	0.0896771	0.0	2.19913	2.49118	0.0	0.0	0.0	0.0	49.8714	73.2378	0.0	0.0	0.0	0.0	0.0	0.0	0.0	0.0	0.0	0.0	0.0	0.0	0.0	347.083	320.596	328.703	180.304	338.446	2.90954	0.0186408	0.117453	0.0	0.0	0.0	36.7325	125.719	8.43955	0.124039	0.0	0.00872598	51.824	121.063	6.35091	0.0	0.0	0.0	0.289338	0.0	0.086059	0.08596	0.0172815	0.0	0.0	0.00601097	0.0	57.3377	167.857	52.2312	52.9431	17.5652	0.0	0.0	10.9093	41.1213	43.3581	14.9424	172.441
N53_2_2	1.05994	0.0	0.0853395	0.0	3.68624	0.0	0.0325049	0.90509	0.143573	0.0722973	0.433613	0.0680968	0.0	0.0	0.0	0.0	0.0741744	0.136959	5.44763	5.1592	6.86004	4.79069	5.49378	3.60139	1.3096	1.7787	0.164721	0.154295	1.85939	2.32178	1.56273	2.20569	1.8227	0.255274	0.0	0.382365	0.260795	0.0	197.602	0.144082	0.451457	0.451457	0.451457	0.28358	0.0	0.203156	0.0	0.0	0.0	0.550486	1.21893	0.0	0.50448	22.1245	0.13594	0.0	6.06207	8.95613	0.0	0.0	0.0	0.0	7.46764	4.7875	0.0	7.88103	0.710825	0.0	5.71279	3.31327	0.0	0.0	1.63011	0.00891685	0.0	0.0	0.8842	1.502	0.200235	1.26522	0.0	0.0282815	0.0	0.0	0.0	0.0	0.0	0.0586025	0.0	0.0	0.0	0.287371	0.0	0.0	0.0	0.0786408	6.05473	0.0	0.0	0.0	0.0	0.340777	0.0	0.0350268	0.0	0.0152367	0.0	0.0	0.0	0.0178468	0.11892	0.0764221	0.538012	0.0	0.270017	0.272739	0.573937	0.199825	1.3346	0.0	18.4057	7.07032	0.0	0.340484	3.31327	1.42165	0.0596055	0.715661	0.177946	3.9912	0.128534	0.0	0.0	0.858404	0.299738	2.00584	0.0	0.0	0.0	1.93348	0.729276	0.0	0.825319	0.146859	0.0921108	0.83842	0.507889	0.0	0.0	0.0	0.0	0.684794	3.2092	1.21893	1.93995	0.864492	0.0983011	0.0	0.0	1.21893	0.221624	0.0263268	0.058462	0.0	0.0	0.0	0.0	0.0	5.42425	4.83704	0.61182	0.0	0.0	0.0	0.0	0.0	0.0	0.0	0.615623	1.02353	0.0913058	0.31957	9.22436	0.897664	0.0	6.43452	0.351133	1.72682	1.25478	0.0	0.934048	0.0	0.0	3.71838	2.79987	3.79927	2.53944	7.40225	0.0	0.0	1.22253	2.94403	5.00724	2.44807	0.731996	1.03319	0.284677	0.0	0.0	0.0320561	0.445563	1.09436	0.153325	0.0	0.0	0.0	5.72607	0.0	1.08896	0.0	0.0	0.0	0.0	0.108639	0.0	0.854836	1.80926	0.636519	0.32598	0.0	0.0	0.0	4.01579	0.301903	3.3654	0.572653	0.0
N53_2_3	0.268931	0.0	0.129915	0.0863081	3.93237	0.0	0.0	1.07365	0.0874264	0.102723	0.293379	0.207332	0.0	0.0	0.0	0.0131465	0.100372	0.694991	2.18184	11.479	22.325	10.1556	2.87491	10.5902	0.715668	1.64591	0.0	0.274037	2.5161	8.48286	1.90321	8.95413	2.08107	0.496561	0.0	0.282224	0.241663	0.0	205.375	0.0292455	0.621814	0.752723	0.621814	0.0797715	0.0	0.927813	0.0	0.0	0.0	1.43661	2.969	0.0	0.29059	3.3469	0.0919765	0.0	0.79385	2.68473	0.195008	0.0459455	0.0	0.0	8.8703	3.101	0.0	4.37245	0.721409	0.0	5.62733	1.06187	0.0	0.0	0.691384	0.00904962	0.0247913	0.0	0.673025	1.70026	0.0762064	1.91043	0.0	0.088574	0.0090962	0.0	0.0	0.0	0.0	0.0496821	0.00950871	0.0	0.0	0.121521	0.192067	0.0	0.0	0.0	4.52354	0.0	0.0	0.0	0.0	0.0	0.243627	0.0710967	0.0	0.0154635	0.103262	0.0	0.0	0.0905625	0.0	0.23268	0.324201	0.252466	0.313186	0.191631	0.166424	0.338001	1.83606	0.0	3.81677	10.9306	0.129538	0.414665	0.991083	1.22907	0.0	0.749748	0.361192	6.377	0.173931	0.0	0.0	0.958304	3.24481	1.56593	0.0	0.0	0.0	4.60707	2.22041	0.0	1.0309	0.0596185	0.0934824	0.327271	1.80408	0.0	0.0898608	0.0	0.117259	0.63542	2.51416	3.98616	1.77195	1.40378	0.249412	0.0	0.0	3.8487	0.599798	0.0	0.0	0.0	0.0	0.00901664	0.0	0.0	0.0	6.61087	1.09857	0.0487041	0.0131186	0.0131186	0.0603946	0.0777497	0.0	0.0	0.562311	1.1096	0.0	0.370662	3.20018	0.623337	0.0	3.95499	0.203635	1.44326	1.57667	0.126233	0.616172	0.0453476	0.0	3.91527	3.07118	3.69518	2.57726	8.99697	0.0846158	0.0	0.912303	2.04433	3.33653	0.828173	0.613697	1.3549	0.15759	0.0	0.0	0.512401	0.355298	1.16974	0.077804	0.0	0.0	0.107572	2.62728	0.162774	1.03387	0.0	0.0	0.0	0.0	0.15436	0.260344	0.706905	2.2364	0.613697	0.519882	0.0	0.350372	0.090962	1.46145	0.497897	1.04132	0.664206	0.90962
N53_2_4	66.8284	0.0	9.30203	0.444294	383.662	0.018635	0.0463143	89.0835	5.78928	8.63242	33.9806	18.3381	1.2283	0.0	0.0	1.42117	6.69349	89.2785	198.347	332.11	105.5	314.822	428.448	0.0	125.235	230.813	0.0	0.0	221.587	0.0	194.238	0.0	117.76	2.59154	2.98919	20.356	17.9899	1.0162	323.459	6.34357	75.7431	85.8514	78.5229	0.913519	0.0	30.9003	0.0	0.0	0.0	0.0	0.0	0.0	1.82615	37.1446	0.0	0.0	2.69341	24.6599	51.6159	0.0161261	0.0207254	0.0	32.5289	13.0492	0.0683773	136.285	47.2833	0.0	47.6092	25.5921	0.0	0.0	6.63861	0.820678	2.92941	0.0	54.9157	130.86	11.109	135.183	0.66272	0.435232	1.56438	1.00657	1.00657	1.00657	1.88174	0.0575094	0.0	0.0	2.33798	25.0622	85.4052	0.0	0.0	0.0	27.7362	0.00989057	0.0	0.0	9.69368	6.20013	88.8534	0.0124769	0.0	0.0	0.159471	0.132467	0.0	12.7398	1.99095	1.96001	24.303	89.852	15.3892	21.3137	30.1796	19.1829	130.069	0.0	60.1255	0.0	0.591052	50.8907	24.8343	13.9543	0.0212321	47.9836	24.6995	0.0	4.28855	0.0	0.0	44.7039	109.688	122.564	0.0	0.0	0.0	168.468	106.359	0.0	54.2519	6.50771	2.99672	87.6203	113.976	0.0	11.2702	0.0	11.0298	70.8374	272.37	360.19	216.753	186.058	19.6789	0.0	0.0	330.279	72.4713	0.0	0.0	1.86946	0.0	1.05701	0.0	0.0	4.27683	0.0	1.67643	0.0	1.41816	1.67601	2.07029	5.03328	0.0	0.0	53.2438	66.0078	0.0	0.0	0.0	0.0	0.0	0.0	0.0	0.0	0.0	202.078	0.0	0.782507	0.0	335.271	288.604	292.641	237.059	278.591	15.0632	0.0	0.0	0.0	0.0	0.0363344	41.515	105.96	12.9429	0.0811582	0.0	88.1295	31.6068	110.61	10.6865	0.0	0.0	0.0	1.73434	0.0	86.2636	0.0	0.0	0.0	0.0	0.124278	29.9274	60.3138	169.597	35.6426	42.1257	15.0631	68.4371	0.0	63.7206	38.4727	58.4191	22.8754	133.707
N54_1_2	1.10688	0.0964325	0.0	0.0	0.245973	0.0	0.0	0.0981993	0.0	0.0	0.0	0.0	0.00867695	0.0	0.0	0.0	0.0	0.0	11.5085	27.8856	102.129	20.2481	0.0	55.1594	7.36393	0.0	0.0	1.93353	0.215747	16.4872	0.217591	17.942	0.0	0.0	0.0	0.0	0.023682	0.0	154.496	0.0	0.0	0.0	0.0	0.540773	0.0	0.0	0.0	0.0	0.247167	10.676	32.4167	0.0	2.449	37.577	0.18928	0.0	13.2056	12.6749	0.0	0.0472761	0.0	0.0	60.5331	20.6805	0.0	21.9467	0.824779	0.0	36.5602	7.83048	0.0	0.0	3.0997	0.0	0.0	0.0	0.0	0.144786	0.0	0.0	0.0	0.0	0.0	0.0	0.0	0.0	0.0	2.93748	0.0	0.0	0.0	0.0	0.0	0.0	0.0	0.0	32.3649	0.0	0.0	0.979161	0.0	0.109498	0.0	0.0	0.0	0.0	0.127503	0.0	0.0	0.0	0.0	0.0	0.0702294	0.0	0.0	0.0	0.0	0.0	0.123884	0.0	40.7054	78.2799	0.0	0.0	7.83048	33.706	0.0	0.0964325	0.0	0.0	0.044742	0.0	0.0	0.0	0.0	0.0	0.0	0.0	0.0	0.351147	0.0	0.0	0.0	0.0	0.0	0.0	0.0	0.0	0.0	0.0	0.0	0.0	0.0	0.0	0.0	0.0	0.0	0.0	0.0	0.0	0.0	0.0	0.0	0.0	0.0	0.0	0.0	0.0	0.0	94.5589	4.52153	0.0	0.0	0.0	0.0	0.0	0.0	0.0	0.0	0.0242922	0.0	0.0	0.0	0.0	0.0	0.0	0.0	0.0	0.0	0.0	0.0	0.0	0.0	0.218421	0.354406	0.0	0.0	39.7148	0.069653	0.0	14.569	0.0	0.0	0.213039	0.0	0.169721	0.0540513	0.0	0.0	0.0	0.0	0.121577	0.0	0.0	0.0	0.0	26.0669	0.0	0.0	0.131908	0.0	0.0	0.0	0.18152	0.0	0.0	0.145337	0.0	0.0243154	0.0	0.0	0.0	10.1663	0.0	6.68599	2.13575	0.0
N54_1_3	0.707436	0.0	0.0	0.0	0.0628832	0.0	0.0	0.0470715	0.0	0.0	0.0	0.0	0.0110914	0.0	0.0	0.0	0.0	0.0	0.250752	2.80013	8.85447	2.08118	0.0	3.5747	0.268943	0.0	0.0	0.154472	0.0	2.63436	0.0	3.09925	0.0	0.0	0.0	0.0464003	0.121087	0.0	216.804	0.0384658	0.0	0.0	0.0	0.0329165	0.0	0.0	0.0	0.0	0.0	0.909778	2.49489	0.0	0.151669	1.17018	0.0	0.0	0.0	0.715464	0.0	0.0	0.0	0.0	3.2408	0.850631	0.0	1.89361	0.333423	0.0	2.07976	0.325886	0.0	0.0	0.22734	0.0	0.0	0.0	0.0	0.0308456	0.0	0.123578	0.0	0.0	0.0	0.0	0.0	0.0	0.0	0.0	0.0	0.0	0.0	0.0	0.0114827	0.0	0.0	0.0	1.66336	0.0	0.0	0.0	0.0	0.0	0.0	0.0	0.0	0.0	0.2988	0.0	0.0	0.0	0.0	0.0	0.0	0.0	0.0	0.0	0.0	0.0	0.0	0.0	1.03355	4.73585	0.0	0.0	0.325886	3.37369	0.0397825	0.0616327	0.0	0.0	0.028952	0.0	0.0	0.0	0.0	0.0	0.0	0.0	0.0	0.0	0.0	0.0	0.0	0.0	0.0	0.0	0.0	0.107755	0.0	0.0	0.0	0.0575966	0.0	0.0	0.0	0.0	0.0	0.0	0.0	0.0	0.0	0.0	0.0	0.0125548	0.0	0.0	0.0	0.113783	0.0	6.80112	0.376935	0.0	0.0	0.0	0.0	0.0	0.0	0.0	0.0	0.0155258	0.0	0.0	0.0	0.0	0.0	0.0	0.0	0.0	0.0	0.0	0.0	0.0	0.0	0.031022	0.0	0.0704374	0.0	1.7553	0.0	0.0	1.6799	0.0	0.0	0.0	0.0	0.0774811	0.0	0.0	0.0	0.0213952	0.0	0.0155406	0.0	0.0	0.0	0.0	0.43481	0.0	0.0	0.0	0.0	0.0	0.0	0.0870109	0.0	0.0	0.0464444	0.0	0.0	0.0	0.0	0.0	0.351953	0.0503747	0.109569	0.0	0.0
N54_1_4	92.1104	0.0	8.94644	6.67952	279.359	0.0127345	0.0316495	88.6023	7.12953	8.72896	18.53	12.2996	0.0	0.0	0.0	1.31172	4.10465	57.5426	89.2582	282.624	104.761	242.519	254.965	6.0242	0.343306	0.0	0.0	1.10798	142.171	4.23878	212.468	4.63439	41.8728	3.8112	0.0447308	21.9772	16.5001	0.0	441.423	5.70982	0.0	0.0	0.0	0.077283	0.0	0.19781	9.11854	0.0	0.0	2.37371	7.1607	0.0	1.8741	60.5013	0.0	0.0	0.0	47.8362	0.0	0.0991803	0.0	0.0168588	35.6139	7.45365	0.42054	86.9936	37.7333	0.0	38.3721	83.1988	0.0	0.0	1.55168	0.0	0.0	0.0	33.4688	100.107	9.005	160.421	4.99729	0.0	0.0	0.0	0.0	0.0	0.0	0.0232717	0.0	0.0	0.0	15.5527	0.00837584	0.0	0.0	0.0	25.3782	0.0	0.0	0.0	0.0	8.93333	0.0	0.00851404	0.0	0.0	1.29782	0.0100581	0.0	4.5528	9.42249	14.3799	21.8545	0.0	0.0	0.0	0.0	33.9195	98.2406	0.0	61.5076	13.8302	8.2645	8.61963	80.168	10.228	0.0	36.6116	110.152	0.0656447	2.93064	0.0	0.0	27.0804	81.183	90.5917	0.0	0.0	0.0	225.912	157.284	0.0	32.7004	4.73313	0.597913	31.0687	0.0	0.0	0.0574749	0.0333387	0.0	56.9329	0.0	0.0	37.652	0.0	28.5468	0.0294505	0.0	0.0	0.0	0.0	0.0	0.0	0.0	0.0	0.0	0.0	8.11514	3.64221	7.67562	0.0	1.30894	1.48514	0.0	0.0	0.0	0.0	33.7475	46.6929	0.0	0.0	0.0	0.0	0.0	0.0	0.0	0.0	0.0	0.0	0.0	0.0	0.0	245.286	245.784	252.014	152.767	260.591	1.67232	0.200032	1.71552	0.0	0.0	0.0	30.1517	99.7921	6.62725	0.166382	0.0	0.79592	45.3671	98.4627	5.03854	0.0	0.0175571	0.0	4.13146	0.0	0.0	0.0	0.0	0.0	0.0	0.021501	0.0	46.3337	134.591	45.1347	41.8687	12.4592	0.0	0.0	11.8587	29.01	31.2899	17.8825	137.187
N54_2_2	0.14307	0.0	0.0307176	0.0	1.32261	0.0	0.0	0.520406	0.0155035	0.0	0.0	0.147067	0.0	0.0	0.0	0.0	0.0	0.0	4.77816	13.3155	39.6405	10.1627	0.926935	20.4417	2.39318	0.0	0.0	2.29094	0.223093	9.90319	0.225	9.77784	0.0	0.0229712	0.0	0.212702	0.195907	0.0	204.869	0.0622339	0.0	0.0	0.0	0.21968	0.0	0.0	0.0	0.0	0.0	3.48169	10.0912	0.0248818	1.03062	17.5349	0.0489311	0.0	4.08248	11.1648	0.0	0.0	0.0	0.0	23.3959	7.55166	0.0	9.1343	0.454859	0.0	13.9377	2.63626	0.0	0.0	2.02297	0.0	0.0	0.0	0.0681993	0.53648	0.0540553	0.766423	0.0	0.0	0.0	0.0	0.0	0.0	0.0	0.126562	0.0	0.138845	0.0	0.051719	0.0	0.0	0.0	0.0	12.4724	0.0	0.0	0.0	0.0	0.141532	0.0	0.0567348	0.0	0.0164531	0.153819	0.0	0.0	0.0578147	0.0321036	0.206308	0.0726205	0.0	0.0	0.0	0.0	0.143852	0.35228	0.0	16.2202	28.5689	0.0	0.294133	2.63626	13.5605	0.0	0.398863	0.576459	6.05707	0.0231326	0.0	0.0	0.0933509	0.215778	0.0	0.0	0.0	0.2025	0.181551	0.449999	0.0	0.0685546	0.0634336	0.0	0.174107	0.0	0.0	0.0	0.0246488	0.0	0.147893	0.0	0.0	0.174569	0.0	0.0530745	0.0	0.0	0.0	0.0	0.0	0.0631294	0.0	0.0525448	0.0	0.0	0.0	6.9103	31.3392	2.59184	0.0	0.0	0.0	0.0	0.0	0.0	0.0	0.132954	0.376788	0.197191	0.295786	0.101641	0.0	0.0	0.0	0.216666	1.53562	4.19393	0.0	0.0	0.0	0.0	1.15438	0.610788	0.797726	0.914061	15.7311	0.0	0.0	7.14423	3.9599	7.4824	2.03771	0.0343668	0.601713	0.0558916	0.0	0.0	0.173077	0.0343668	0.553151	0.0551886	0.0	0.194711	0.0381521	7.40505	0.0	0.0	0.0	0.0	0.0	0.0	0.0234625	0.0	0.0341882	0.763949	0.0687335	0.251432	0.0	0.0	0.0	3.30704	0.0	1.72841	1.0159	0.193566
N54_2_3	82.8546	0.0	9.7247	5.67265	331.836	0.0	0.0	105.58	5.98557	7.20366	20.8894	19.4469	0.701468	0.0	0.0270306	2.02514	8.7101	64.2356	127.914	280.56	93.5987	243.51	241.383	0.19249	50.1875	3.16246	0.0	0.804074	183.244	1.20994	245.835	1.45193	65.5403	0.0886867	0.255364	28.9351	22.0524	0.0270306	121.412	5.46618	10.755	10.6878	10.6878	0.163844	0.0	10.3752	0.0	0.0	0.0	0.65571	0.508175	0.0	1.39265	41.1587	0.0	0.0	0.407627	10.0914	0.0	0.0707764	0.0	0.0	26.9095	5.00682	0.0	101.087	42.8052	0.0	38.6226	69.0289	0.0	0.0	0.355012	0.0185872	0.0	0.0	40.5487	119.626	12.5739	164.996	6.82024	0.0	0.0	0.0267742	0.0267742	0.0267742	0.0	0.122157	0.0	2.73385	0.14038	22.9128	1.02209	0.570678	0.0	0.0	22.6781	0.0	0.0	0.0	0.675315	10.4914	0.0	0.364544	0.0	0.0	0.169674	0.0861313	0.0	7.32873	8.36629	19.9925	26.6003	0.0	0.160815	0.0	0.0	48.4571	140.088	0.568247	61.7004	1.2678	6.38544	4.96819	66.2299	6.96957	0.0	48.6038	128.713	1.68642	3.21517	0.0	0.0	27.377	105.592	118.681	0.0	0.0	0.0	204.497	164.397	0.0	43.936	6.73485	1.08803	36.0293	0.0	0.0	1.84567	0.0	0.120421	58.6481	0.0	0.0	40.4383	0.0	27.1505	0.063049	0.0	0.0	0.0	0.0	0.0	0.0	0.0	0.0	0.0	0.177684	0.127044	3.49538	0.29431	0.0	2.02084	2.29029	0.0826973	0.212922	0.0	0.0	50.4325	70.4074	0.0951638	0.0951638	0.0	0.0	0.0	0.0	0.418251	0.423479	0.622763	0.0	0.0	0.0	0.0	311.517	255.149	256.177	154.217	290.214	8.75924	0.0	0.674568	0.861313	1.26517	0.531564	35.957	118.623	10.1419	0.356197	0.0	4.37679	40.3355	116.341	8.52285	0.0	0.0	0.0	0.786206	0.0	0.0	0.0	0.0	0.0	0.0	0.0883782	0.0	51.8734	159.052	46.1736	50.2108	9.87449	0.0	0.0	10.358	39.1751	44.8289	15.7739	128.538
N54_2_4	62.5973	0.0	9.87231	3.33146	351.715	0.0	0.0512762	82.8756	2.43471	4.34524	15.7705	21.0547	2.83775	0.0377031	0.0204559	1.87994	8.69771	64.2752	166.686	282.392	90.6202	253.37	233.993	0.218506	93.4413	21.7869	0.0	2.61654	244.512	0.183129	288.921	0.183129	94.166	0.268462	1.37692	25.1141	15.6601	0.0204559	554.762	7.20503	37.5415	36.2952	36.4732	0.245554	0.0	18.5075	0.468989	0.0	0.0	0.0	0.0	0.0181744	0.742042	33.3866	0.0	0.0	0.359893	15.1919	0.0378888	0.0357076	0.0	0.0	26.9675	6.89496	0.378515	131.326	59.2431	0.0	43.9871	38.5121	0.0	0.0	0.537325	0.0	0.0	0.0	44.2356	109.074	17.1754	170.161	3.2891	0.0	0.0	0.0202619	0.0202619	0.0202619	0.0	0.0462225	0.0	59.43	0.0	23.3463	1.59446	0.575828	0.0	0.0	23.7522	0.0219004	0.0	0.0	10.0295	10.9789	0.0	1.43456	0.0	0.0	0.738325	0.0488862	0.0	9.5439	4.38505	15.8832	22.2521	0.0	0.0	0.0	0.0862267	45.681	152.027	0.573376	54.7368	0.239857	1.40942	1.77246	36.9992	9.19898	0.0	37.7197	136.284	0.255246	2.70349	0.0	0.0	21.7337	68.4032	63.8924	0.0	0.0	0.073956	101.447	83.3238	0.0	43.5397	4.81872	0.774954	36.4732	0.0	0.0	4.19024	0.0180043	0.0	65.2629	0.0	0.0	41.4919	0.0	17.9105	0.0238568	0.0	0.0	0.0	0.0	0.0	0.0	0.0383804	0.0	0.0	0.0	0.144214	0.0	0.296966	0.0	1.87596	2.16143	0.00782285	1.55762	0.0	0.0	35.835	49.5117	0.0	0.0	0.0	0.0	0.0	0.0	0.0	0.0	0.0942576	0.0	0.0	0.0	0.0	351.512	293.492	329.695	226.002	260.553	13.6915	0.0540128	0.0	0.244431	0.398933	0.160908	39.2604	103.88	14.697	0.898531	0.0	24.9617	32.8341	99.2741	12.94	0.0	0.0	0.0	0.419188	0.0	0.0554137	0.0	0.0	0.0	0.0	0.071349	0.0	48.8206	146.346	33.9889	44.6554	14.2619	0.0	0.0	11.054	40.0942	45.2875	18.7124	199.779
N55_1_2	0.0	0.0	0.0	0.0	0.204812	0.0	0.0	0.0438037	0.0	0.0	0.0	0.0	0.0	0.0	0.0	0.0	0.0	0.0	5.47064	5.84532	22.008	4.78894	0.21326	8.14429	0.625681	0.0	0.0	1.1979	0.0	4.75875	0.0	4.61455	0.0	0.0	0.0	0.0719653	0.112681	0.0	206.508	0.0	0.0	0.0	0.0	0.388636	0.0	0.0	0.0	0.0	0.0	1.66068	6.66226	0.0858686	0.739573	18.0972	0.0	0.0	5.42503	5.02569	0.0149177	0.0	0.0	0.0	13.8104	5.62224	0.0	4.69908	0.555951	0.0	9.43023	3.27091	0.0	0.0	1.11823	0.0775351	0.0	0.0	0.0	0.0287042	0.0	0.0	0.0	0.0	0.0	0.0	0.0	0.0	0.0	0.121618	0.0	0.0	0.0	0.0297475	0.0106856	0.0	0.0	0.0	10.2002	0.0	0.0	0.0	0.0	0.0	0.0	0.0	0.0	0.0	0.0	0.0	0.0	0.0	0.0	0.0	0.0	0.0	0.0	0.0	0.0	0.0620553	0.147362	0.0	16.9277	12.4028	0.0	0.0	3.27091	5.4614	0.0740415	0.143385	0.147362	0.0	1.46359	0.0	0.0	0.0	0.0	0.0	0.0	0.0	0.0	0.0	0.0	0.0	0.0	0.0	0.0	0.0	0.0	0.0	0.0	0.170129	0.0	0.0	0.0	0.0	0.0	0.0	0.0	0.0	0.0420597	0.0	0.0	0.032703	0.0	0.0	0.0	0.0	0.0	0.0	0.151415	19.3875	0.759998	0.0	0.0	0.0	0.0	0.0	0.0	0.0	0.0	0.043344	0.0	0.0	0.0	0.0	0.0	0.0	0.0	0.0	0.0	0.0	0.0	0.0	0.0	0.0288684	0.0	0.0	0.0	10.1127	0.0	0.0	3.17123	0.0	0.0628278	0.0	0.0	0.0865228	0.0	0.0	0.0	0.179189	0.0	0.0289236	0.0	0.0	0.0	0.0	7.11288	0.0	0.0	0.0	0.0	0.0	0.0	0.188931	0.0439521	0.0	0.0288135	0.0	0.0	0.0	0.021992	0.0	3.82946	0.0	4.89422	2.79457	0.0
N55_1_3	0.0	0.0	0.0469347	0.0	0.777257	0.0	0.0	0.252121	0.0236885	0.0238571	0.0	0.0	0.0	0.0	0.0	0.0	0.0407942	0.0	0.241063	1.87084	3.55459	1.40313	0.424891	1.5236	0.332422	0.0	0.0	0.127288	0.170437	1.91538	0.171893	1.91538	0.0	0.175493	0.0	0.133822	0.093542	0.0	234.864	0.0	0.0	0.0	0.0	0.0254287	0.0	0.0	0.0	0.0	0.0	0.216253	1.07261	0.0	0.0374935	0.757626	0.0	0.0	0.215096	0.627594	0.0	0.0	0.0959977	0.0	1.49179	0.700938	0.0	0.260063	0.130312	0.0	1.13411	0.345262	0.0	0.0	0.0802855	0.0	0.0	0.0	0.104205	0.133441	0.0	0.407322	0.0	0.0	0.0	0.0	0.0	0.0	0.0	0.0	0.0	0.0	0.0	0.0790237	0.0	0.0	0.0	0.0	0.685321	0.0	0.0	0.0	0.0	0.0432506	0.0	0.0288959	0.0	0.0	0.268601	0.0	0.0	0.0294459	0.098105	0.252182	0.02774	0.0	0.0	0.0	0.0	0.192323	0.146799	0.0	0.803001	1.67248	0.0	0.0	0.345262	0.912186	0.0491724	0.22854	0.244666	0.0	0.141382	0.0	0.0	0.283261	0.329697	0.254576	0.0	0.756072	0.0	0.4161	0.0	0.0	0.104748	0.0	0.0	0.0	0.0	0.0	0.0973924	0.0	0.0	0.19369	0.0	0.0	0.0	0.0	0.0	0.0	0.0	0.0	0.0	0.0	0.0	0.0	0.0	0.0	0.0	0.0	0.201115	1.38333	0.388253	0.0	0.0	0.0	0.0	0.0	0.0	0.0	0.253933	0.364617	0.0	0.0	0.0	0.0	0.0	0.0	0.0	0.0	0.197172	0.0	0.0	0.0	0.0	0.325926	1.07324	0.783566	0.0	2.0721	0.0	0.0	0.237304	0.0	0.0	0.0841486	0.105021	0.210692	0.0	0.0	0.154704	0.0	0.105021	0.249713	0.0	0.0	0.0	0.0	0.848587	0.0	0.0	0.0	0.0	0.0	0.0	0.179247	0.0	0.0522377	0.30617	0.157531	0.15367	0.0	0.0	0.0	0.10039	0.0	0.474009	0.0	1.47879
N55_1_4	0.0	0.0	0.0	0.0	0.0251538	0.0	0.0	0.00941447	0.0	0.0	0.0128627	0.0	0.0077641	0.0510473	0.0	0.0	0.0	0.0	8.53131	27.1694	107.921	22.1593	0.0	50.4658	2.68948	0.0	0.0879532	6.30257	0.0	25.9102	0.0	25.6622	0.0	13.5509	0.0	0.0216539	0.0151361	0.0	382.475	0.0	0.0	0.0	0.0	0.0181044	0.0	0.0	0.0	0.0	0.0	12.3942	32.9115	0.0246069	1.49366	25.4435	0.0120976	0.0	20.7264	24.8755	0.0	0.0	0.00776675	0.0	68.3843	53.883	0.0	17.7582	0.021086	0.0	39.6017	11.2293	0.0	0.0	23.0072	0.00952236	0.0	0.0	0.0168615	0.0	0.0	0.0	0.0	0.00771153	0.0	0.0	0.0	0.0	0.0	0.0130693	0.0	0.0	0.0	0.0	0.00229659	0.0	0.0	0.0	30.3845	0.0111194	0.0	0.375492	0.0	0.0139969	0.0	0.0	0.0571641	0.0528819	0.0271642	0.00551571	0.0	0.0	0.0158745	0.0	0.0179546	0.0	0.0102983	0.00560115	0.0	0.0	0.00791793	0.0	22.8626	70.5317	0.0	0.0	11.2293	33.2034	0.0	0.0677972	0.0395896	0.0	1.36691	0.0	0.0	0.0	0.0	0.0	0.0	0.146809	0.0500657	0.0	0.0	0.0	0.00847466	0.0	0.0	0.0	0.0	0.0	0.0	0.0	0.0	0.0115195	0.0	0.0	0.0	0.0	0.0	0.0242253	0.0	0.0	0.0	0.00702866	0.007804	0.0	0.00649554	0.0	0.0	0.0	4.16546	67.9436	18.2063	0.0	0.0	0.0	0.0	0.0	0.0	0.0	0.0	0.0124209	0.0	0.0	0.0	0.0	0.0	0.0	0.0	0.0	0.0	0.0	0.0	0.0	0.0	0.0248181	0.0528535	0.0	0.0	44.1515	0.0	0.0	13.1419	0.0	0.0	0.0136162	0.0254903	0.0340923	0.0138185	0.0	0.0	0.00855823	0.00849678	0.00621637	0.0	0.0	0.0	0.0	26.6108	0.0	0.0281349	0.0168615	0.0	0.0	0.0	0.0174025	0.0	0.00845264	0.0123854	0.00849678	0.0	0.0154231	0.0	0.0239284	4.62962	0.0201503	18.6929	15.627	0.0
N55_2_2	0.883847	0.0	0.0406637	0.297161	1.45905	0.0	0.0	0.425669	0.0820938	0.179136	0.0459141	0.0	0.0316736	0.022777	0.0	0.0	0.0235624	0.52208	12.2727	7.69916	21.9899	6.02425	1.47249	10.1202	1.05603	0.0	0.0	0.95577	0.196886	11.395	0.595706	14.1608	0.32569	0.0405455	0.0	0.309178	0.302563	0.0247155	143.257	0.0706157	0.0	0.0	0.0	0.590434	0.0	0.0	0.0	0.0	0.0	2.04846	4.02698	0.0658768	1.10879	46.7038	0.0	0.0	11.5542	32.5585	0.0	0.0215715	0.0	0.0	33.4447	20.1183	0.0	22.8821	0.426516	0.0	23.7857	16.2528	0.0	0.0	5.10096	0.0	0.0232558	0.0	0.120376	0.539524	0.0477054	1.29396	0.0	0.110107	0.0	0.0244811	0.0244811	0.0244811	0.0	0.111695	0.00892873	0.0	0.0	0.0	0.0491868	0.0	0.0248476	0.149887	17.2189	0.0	0.0	1.34034	0.0	0.099925	0.0	0.0	0.0	0.0145203	0.0387856	0.433149	0.0	0.0	0.0	0.109244	0.0160224	0.0	0.0	0.0	0.0	0.269777	1.04575	0.0	52.073	11.5438	0.0	0.0648954	16.2528	3.2365	0.0568033	0.572014	0.678323	0.95089	0.347059	0.0	0.0	0.245414	0.380862	0.0	0.0	0.0	0.0	1.76247	0.595706	0.0	0.121003	0.111964	0.0	0.307309	0.0	0.0	0.0	8.26626	0.0	0.0372914	0.0	0.0	0.369749	0.0	0.0	0.0	0.0	0.0	0.0	0.0	0.0	0.0	0.139117	0.0	0.0	0.0	2.6427	9.6495	11.4817	0.0457334	0.0	0.0	0.0	0.0162238	0.0	0.0	0.176004	0.57638	0.0	0.0	0.0	0.0	0.0	0.0	0.0	0.0968023	0.0	0.0	0.0	0.0	0.0	1.38421	0.539038	0.980595	0.484012	21.7541	0.127128	0.0	3.18677	0.0	0.0	0.0	0.212308	0.807608	0.024663	0.0	0.0	0.358951	0.151649	0.676784	0.0	0.0555271	0.0	0.0	23.592	0.0	0.0	0.0	0.0	0.0	0.0	0.0621191	0.0	0.241377	0.806839	0.151649	0.255181	0.16516	0.0168719	0.0	55.2015	0.251746	7.90063	1.16942	1.19579
N55_2_3	121.58	0.0	9.94565	7.44066	287.836	0.0	0.0	103.679	8.32092	9.09367	22.9655	14.7998	0.0	2.88581	0.0	1.61844	5.42549	47.0216	85.9039	250.185	76.3114	215.273	237.933	0.678678	0.317304	0.0	0.0	0.0	111.06	0.0	169.217	0.0	33.8487	1.18375	0.0	25.3282	20.2981	0.0	123.049	5.68797	0.0	0.0	0.0	0.101943	0.0	0.0	0.0	0.0	0.0	0.0	0.0	0.0725781	1.32178	34.5807	0.0	0.0	1.16345	13.5604	0.0	0.178244	0.061088	0.0727155	34.2626	8.40615	0.302313	87.9858	32.7273	1.10659	40.7994	90.6108	0.0	0.0	4.67469	0.0	0.0	0.0	36.7692	111.409	9.25025	151.08	7.10622	0.121307	0.0	0.0	0.121371	0.0	0.0	0.0	0.0	0.0	0.0	18.0529	0.0	0.123189	0.0	0.0825673	27.0551	0.0291525	0.0	0.0	0.0	10.0182	0.0	0.0183878	0.0	0.0	0.0	0.0	0.122795	5.09669	8.2094	19.1367	27.2552	0.0	0.0	0.0	0.0	43.0619	118.949	0.122664	58.9727	0.133035	10.8548	8.07914	87.9926	7.10382	0.219035	45.0351	107.117	0.311454	5.26312	0.0	0.0	33.4368	113.818	134.783	0.0	0.0	0.0984456	300.619	218.877	0.0	36.1275	6.29103	0.870388	29.7264	0.0	0.0	0.0	0.862782	0.0606537	52.3832	0.0	0.0	34.0147	0.0	27.9181	0.0	0.0	0.0	0.0	0.0	0.0	0.0	10.0136	0.0	0.0	0.0	0.447928	0.135428	4.05185	0.100771	1.61501	1.80501	0.0	0.911584	0.0	0.0	44.9543	64.0873	0.0	0.0	0.0	0.0	0.0	0.0	0.0	0.0	0.0	0.0	0.0	0.0	0.0	269.464	245.15	241.582	122.025	264.785	1.97834	0.0	0.0	0.0	0.0	0.0	32.3457	108.563	6.62993	0.119607	0.0	0.00841416	49.7549	106.466	4.88307	0.0	0.0	0.0	2.03399	0.0	0.0	0.0	0.0	0.0	0.0	0.0231847	0.0	48.8316	149.045	46.3466	45.899	10.2505	0.0	0.0	11.2647	34.9863	38.1783	17.2643	99.184
N55_2_4	109.653	0.0	8.83194	6.85065	239.433	0.0	0.0156951	87.0336	6.26696	7.6032	16.9824	10.0615	0.0	0.109635	0.0	1.35727	6.60198	41.0013	72.2154	205.348	64.5508	177.638	195.533	0.111471	0.0486419	0.0	0.0	0.0186255	84.3197	0.0	144.023	0.0	33.5263	0.996353	0.0591525	22.6727	16.1678	0.0	868.828	5.13431	0.0	0.0	0.0	0.129486	0.0	0.0245236	0.0	0.0	0.0	0.0	0.0980945	0.0611932	1.10823	36.725	0.0	0.0	1.38486	35.9318	0.0	0.11203	0.0	0.0	33.4343	10.509	0.0695158	68.8776	29.4156	0.0995696	38.6109	81.1659	0.0	0.0	7.37765	0.0	0.0	0.0	29.1691	90.829	10.2546	127.242	6.04056	0.0	0.0	0.0	0.285291	0.0	0.0	0.0115405	0.0	0.0	0.0162588	15.6103	0.00623042	0.289562	0.0	0.0	27.0371	0.0201105	0.0	0.0	0.0	7.99312	0.0	3.14579	0.0	0.0	0.00491291	0.00997571	0.288636	4.19666	4.11279	16.1718	21.9718	0.0	0.0	0.0	0.0	32.9863	99.5838	0.288329	61.7996	0.0795361	0.0154075	7.95717	78.3451	4.61447	0.16549	39.5862	94.3569	0.0	3.40314	0.0	0.0	31.8531	83.2195	85.2305	0.0	0.0	0.0452744	242.287	195.787	0.0	28.9609	4.89291	0.948824	24.0487	0.0	0.00974449	0.014251	0.143284	0.0	37.5767	0.00679639	0.0	28.5463	0.0	25.026	0.0	0.0	0.0	0.0	0.0	0.0	0.0	0.411175	0.0	0.0	0.0	0.419354	0.0	9.81703	0.0	1.35127	1.54163	0.0	3.70526	0.0	0.0	36.2727	56.4923	0.0	0.0	0.0	0.0	0.0	0.0	0.0	0.0	0.0	0.0	0.0	0.0	0.0	206.705	193.886	218.942	111.439	202.984	1.68277	0.0495984	0.0	0.0	0.0	0.0	26.3472	91.1887	8.27868	0.192522	0.0	0.00386961	38.8562	87.4475	6.43475	0.0	0.0174132	0.00852996	1.83358	0.0	0.0	0.0	0.0	0.0	0.0	0.0266561	0.0	41.2303	122.482	36.8738	38.5829	9.84665	0.0	0.0	8.79913	29.6197	40.3674	8.72975	132.817
N56_1_2	0.0	0.0	0.0	0.0	2.07203	0.0	0.0	0.445803	0.0	0.0	0.0	0.215222	0.0175073	0.0	0.0	0.0272935	0.0	0.865725	0.791605	165.567	570.555	121.159	0.452169	408.304	0.424516	0.0	0.0	35.2737	0.0	323.119	0.0	253.163	0.0	0.0	0.0967959	0.122068	0.131402	0.0409838	158.572	0.0	0.475615	0.577532	0.54356	0.0893018	0.0	0.0	0.0	0.0	0.0	40.7893	118.571	0.0	3.99325	33.9071	0.0	0.0	0.0	29.1258	0.404858	0.0	0.0	0.0	167.399	69.1484	0.0	48.2113	0.194149	0.0	96.1189	32.7929	0.0	0.0	8.81738	0.0470388	0.0257089	0.0	0.266147	0.426024	0.0263688	0.357614	0.0	0.0	0.141635	0.0405951	0.0405951	0.0405951	0.147492	0.123477	0.088835	0.027092	0.0	0.0756872	1.06938	0.0	0.0	0.0	85.3133	0.0	0.0	13.8294	0.0426631	0.0	0.786794	0.0553517	0.0	0.0	0.0428768	0.0	0.0	0.11281	0.0	0.0	0.0354251	0.262073	1.42233	0.795693	1.52602	1.10522	0.437427	0.0	40.7855	350.621	0.0	0.0	32.7929	92.221	0.0313975	0.304015	0.0624895	71.5663	0.0677061	0.0	0.0	0.0	0.0	0.0	0.0	3.08971	0.0	0.0	0.0	0.0	0.167208	0.0	0.0	0.0679449	0.0	0.0	0.248748	0.0480959	0.0	0.045457	0.0	0.0	0.102188	0.0	0.0	0.0	0.0	0.0	0.0	0.0	0.0	0.14863	0.0	0.514787	0.0	0.0	0.0	310.033	16.2131	0.0	0.0272356	0.0272356	0.0208976	0.00896759	0.0198173	0.0	0.0	0.0490137	0.0	0.0	0.0	0.0	0.0	0.0	0.0	0.0	0.0	0.0	0.0	0.0376586	0.00998569	0.612087	0.268154	0.389139	0.0	78.6217	0.193239	0.0	31.4411	0.0	0.0532846	0.0	0.0	0.538124	0.0545291	0.0	0.0	0.548786	0.0670579	0.50287	0.0538432	0.0	0.0379929	0.0	51.547	0.0	0.0	0.0	0.0	0.0	0.0	0.133999	0.205018	0.200129	0.745326	0.0670579	0.159447	0.0608606	0.727411	0.0	11.4527	0.87466	0.951229	1.12041	0.377694
N56_1_3	0.0	0.0	0.0	0.0	5.99544	0.0	0.0	1.11732	0.0	0.0	0.0	0.0	0.0658182	0.0	0.0	0.0410437	0.0	1.44652	0.440892	10.0298	34.4605	8.14358	1.35993	27.7962	0.106397	0.0	0.0	1.14074	0.0	21.8246	0.0	19.6176	0.0	0.0224678	0.0970405	0.171327	0.383227	0.0136958	212.473	0.0	1.77103	2.38408	1.83915	0.0699941	0.0	0.0	0.0	0.0	0.0	3.65456	9.35513	0.0486731	0.29281	4.54118	0.0478589	0.0	0.0	2.7209	0.9386	0.0119536	0.0	0.0	15.2083	3.88292	0.0	5.82661	0.38928	0.0	8.58269	2.96526	0.0	0.0	0.976474	0.0282532	0.103095	0.0	0.667048	1.39113	0.317225	2.57481	0.0	0.0	0.359716	0.0135659	0.0135659	0.0135659	0.315443	0.0426293	0.10885	0.0	0.21105	0.303514	3.4252	0.0	0.0	0.0	7.05288	0.0	0.0	1.48547	0.0427709	0.110744	4.02842	0.0184972	0.0	0.0	0.0429851	0.0	0.0	0.075397	0.0	0.0	0.177573	0.788206	2.4037	3.3016	4.30097	2.86676	0.814416	0.0	4.64961	27.9696	0.0	0.0	2.96526	6.47873	0.0629537	0.414505	0.0939711	10.1967	0.0226257	0.0	0.0	0.0	0.0	0.0	0.0	1.74235	0.0	0.0	0.0	0.0	0.502892	0.0	0.0	0.136233	0.0	0.0	0.218204	0.0	0.0	0.0	0.0	0.0	0.136595	0.0	0.0	0.0	0.0	0.0	0.0	0.0	0.0	0.397347	0.0	2.21448	0.0	0.0	0.0	24.2495	1.4912	0.0	0.0409566	0.0819133	0.0628513	0.242737	0.119204	0.0	0.0325102	0.0368532	0.0	0.0	0.0	0.0	0.0	0.0	0.0	0.0	0.0	0.0	0.0	0.207646	0.130142	1.8409	0.209091	1.78342	0.0	8.22378	0.616404	0.0	2.39252	0.0	0.0	0.0	0.403364	1.27514	0.410001	0.0	0.0	3.09789	0.268909	1.35257	0.269896	0.0	0.0	0.0	4.27324	0.0	0.0	0.0	0.0	0.0	0.0	0.114742	1.03702	0.601903	2.04564	0.134455	0.688583	0.0610144	2.1784	0.0	3.02036	0.996442	2.124	0.907231	1.51459
N56_1_4	0.0	0.0	0.0	0.0354094	505.526	0.0	0.121808	84.169	0.0	0.0	0.0	15.8215	4.73543	0.0	0.0	1.9255	0.0	160.558	1.19931	0.0	0.0	0.0	141.645	0.0	0.0	0.0	0.0	0.0	0.0	0.0	0.0	0.0	0.0	0.0265725	8.18686	17.4477	18.1792	2.72935	368.579	0.0	130.972	160.417	139.854	2.84538	0.00591992	0.0	0.0	0.0	0.0	0.0	0.0	0.0143913	3.63903	45.5738	0.0	0.0	0.0407113	6.47916	171.012	0.0	0.0	0.0	22.9123	9.3785	0.0	49.1237	18.9421	0.0	26.283	7.41698	0.0	0.0	0.182348	0.144798	0.00762064	0.0	76.7416	139.25	7.97257	107.392	0.0	0.0	31.5828	2.70346	2.70346	2.70346	27.042	0.0367779	13.5115	0.0	27.9976	30.5867	260.116	0.0	0.0	0.0	18.9876	0.0	0.0	0.0	30.9579	14.9313	323.045	5.46912	0.0	0.0	0.0254191	0.0387103	0.0243487	14.4123	0.0	0.0	6.07991	143.327	193.939	248.216	364.367	246.612	109.101	0.0	63.1839	0.0	0.0	0.0	7.3843	15.0945	0.0372275	30.416	7.96496	0.0	1.40486	0.0	0.0	0.0	0.0	0.0	0.0	0.0	0.0	0.0	0.0	0.0	59.5957	0.0	0.0191764	30.1298	0.0	0.0	16.9772	0.0	0.0	0.0	0.0	0.0	34.1273	0.0	0.0	0.113345	0.0	0.0	0.0	0.0	0.0	31.7797	0.0	164.812	0.0	0.0	0.0761302	0.0	0.264545	0.0	1.91335	2.99515	5.98387	10.6221	6.12096	0.0	3.44124	0.428595	0.0	0.0	0.0	0.0	0.0	0.0	0.0	0.0	0.0	0.0	0.0	2.3592	10.5315	126.983	39.9374	75.883	0.0	5.4906	67.861	0.0	0.0	0.0	0.0	0.0	41.9014	115.602	11.3145	0.0	0.0	195.281	29.5178	114.784	10.1028	0.0	0.0	0.0	0.0428299	0.0	0.0	0.0	0.0	0.0	0.0	0.0134744	90.0303	65.6499	191.622	31.8236	50.928	19.664	217.576	0.0	176.619	129.893	142.827	72.6302	245.184
N57_1_2	2.08736	0.0	0.0560201	0.0	10.9393	0.0	0.0853497	2.51543	0.0	0.00949174	0.695786	0.894027	0.0	0.0	0.0	0.0935355	0.210994	1.43848	9.41277	10.3462	5.58247	9.7135	7.66345	1.45483	6.01769	5.76935	0.0	0.329177	7.66249	0.228615	11.0791	0.228615	1.5704	0.0	0.0	1.11048	0.751772	0.0	217.245	0.208078	0.0	0.0	0.0	0.117357	0.0	0.0	0.455372	0.0	0.0	0.464605	0.693467	0.0453773	0.161105	2.76766	0.059491	0.0	0.299523	2.89417	0.0	0.148589	0.0	0.0	3.60509	0.643555	0.0	6.86339	1.95286	0.0	3.05823	3.12506	0.0	0.343624	0.0798557	0.0234134	0.0	0.0	1.09866	4.36103	0.575059	8.28514	0.0	0.0556952	0.0	0.0	0.0	0.0	0.0	0.269283	0.0184509	0.0	0.0	0.943207	0.00564682	0.0	0.0684624	0.0	1.97155	0.0	0.0	0.0	0.0	0.0688304	0.0175088	0.0114965	0.0	0.0	0.080149	0.0	0.0	0.128868	0.0	0.752496	1.07055	0.0	0.0	0.0	0.0358813	1.73804	5.97682	0.0	3.71759	2.24575	0.0	0.0	3.07928	1.52081	0.0391273	1.80338	3.93263	0.194728	0.281249	0.0	0.0	2.14126	5.05015	5.77326	0.0	0.902429	0.0	7.72562	5.53953	0.0	1.97955	0.751952	0.32248	1.33359	0.250048	0.0	0.658722	0.0149842	0.0	2.41459	0.129355	0.0	1.57059	0.0	1.12925	0.0	0.0	0.0	0.0	0.0	0.0	0.0	0.0	0.0	0.0	0.0	2.18042	2.20148	0.741455	0.0630042	0.0933371	0.0678816	0.0	0.00558767	0.0	0.0	2.46512	3.23726	0.0	0.0	0.0	0.0	0.0	0.0297455	0.0	0.0	0.549125	0.0	0.0	0.0	0.0	13.6003	9.15257	12.4699	9.33513	10.1159	0.0766221	0.0	0.35405	0.0	0.298813	0.0669585	1.06548	4.25225	0.543629	0.0373904	0.0	0.0	0.564077	4.14215	0.486467	0.0	0.0473464	0.0463857	0.506427	0.0	0.0691776	0.165835	0.0416747	0.0	0.0820671	0.057052	0.0	1.35091	6.03732	1.04459	1.40619	0.303376	0.0	0.0294174	6.36395	2.22953	4.41836	0.617568	2.58873
N57_1_3	20.0017	0.0	0.217438	0.0902833	82.4748	0.0	0.0621149	18.7782	0.0182906	0.202629	3.86684	5.29191	0.0635122	0.0	0.0165199	0.453815	2.22064	16.4884	84.5704	86.383	26.9586	80.8216	64.5754	0.411746	47.292	47.286	0.0524619	0.0982831	63.6283	0.0739463	89.6552	0.0739463	16.3269	0.135504	0.0	8.0153	5.04864	0.00825996	186.283	2.73496	1.29406	1.29406	1.29406	0.696034	0.0	0.970545	0.0	0.157386	0.0	0.0500927	0.103525	0.0	1.07115	14.3322	0.0	0.0	0.166083	9.29521	0.0	0.0504647	0.0	0.0	10.2281	3.28893	0.0611367	46.1511	19.5199	0.0	14.9936	21.9268	0.0	0.0	0.325452	0.0	0.0	0.0	8.85057	30.2553	5.38882	55.1565	0.0612976	0.404777	0.0	0.00818162	0.00818162	0.00818162	0.0	0.0	0.005968	0.0163805	0.042897	9.12198	0.0547944	0.0	0.0	0.0	9.08725	0.00884324	0.0	0.0	0.0	0.868273	0.0169898	0.256213	0.0	0.0291164	0.0129622	0.0263199	0.0	1.9212	0.0	5.86587	6.42568	0.0	0.0	0.0133638	0.0	16.4515	45.3393	0.0	23.0535	0.0484264	0.162604	0.0	21.5492	2.4316	0.0189838	12.9332	30.6229	0.0171778	2.40163	0.0	0.0	24.0586	51.5503	39.7064	0.0	0.0	0.0	60.0265	47.1171	0.0	11.505	2.71285	0.586728	13.5568	0.0	0.0	3.06438	0.27626	0.0	20.1649	0.0179316	0.0	15.3228	0.0	6.41812	0.0	0.0	0.0	0.0	0.0	0.0	0.0	0.0	0.0	0.0	0.0	0.0970545	0.164325	0.719478	0.0	0.452852	0.485787	0.00631763	0.0108441	0.0	0.0	16.96	26.3529	0.0	0.0	0.0	0.0	0.0	0.0	0.0	0.0	0.0	0.0	0.0	0.0	0.0	127.235	89.9117	115.642	81.6876	87.3749	1.0834	0.0	0.0916149	0.0	0.0	0.0	9.6497	28.595	4.87951	0.108846	0.0	0.045943	6.64937	27.8316	4.32981	0.0	0.0	0.0	0.709822	0.0	0.0447514	0.0	0.0	0.0	0.0	0.0415207	0.011269	13.1893	40.5948	9.66998	10.0262	2.46546	0.0112772	0.0	54.2601	16.5624	28.7569	3.88218	27.1753
N57_1_4	0.0331016	0.0	0.0	0.00708219	0.291294	0.0	0.0	0.164454	0.0	0.0	0.0	0.0	0.0020759	0.0	0.0	0.0	0.0	0.0684347	0.370239	56.6363	179.519	44.8161	0.0	119.484	0.0503363	0.0261403	0.0	18.6768	0.0	38.1683	0.0	44.8101	0.0	0.0212589	0.0	0.225795	0.39377	0.00323973	384.734	0.0	0.0402823	0.0402823	0.0402823	0.0184823	0.0	0.0	0.0	0.0	0.0	28.2529	64.947	0.0863519	3.56993	14.601	0.0	0.0	0.0488558	21.8746	0.0	0.0820009	0.0	0.0	48.5749	30.4575	0.0	31.6873	0.0526193	0.0	30.2092	6.62221	0.00903663	0.0	4.4738	0.0111388	0.0	0.0	0.0	0.0461853	0.0	0.0	0.0	0.0	0.00447845	0.0	0.003209	0.0	0.0	0.0201678	0.00468154	0.0	0.0	0.017949	0.0	0.0	0.0	0.0	28.362	0.006937	0.0	0.468514	0.0	0.00654913	0.0	0.00437549	0.0	0.00380668	0.00508405	0.0051616	0.00324663	0.0267526	0.0	0.0190931	0.00420047	0.0	0.0	0.0	0.0	0.0457634	0.192649	0.0	23.7106	152.286	0.0	0.0	6.61785	85.2433	0.148917	0.568118	0.037048	1.00389	0.053521	0.0	0.0	0.0215982	0.0499237	0.231292	0.0	1.12197	0.0	0.0630071	0.0	0.0	0.0	0.0	0.0	0.0161129	0.0	0.0100839	0.0	0.188195	0.0	0.0	0.00703313	0.0	0.0242335	0.0	0.0	0.0	0.0	0.0	0.0	0.0	0.0	0.0023498	0.0	0.0310749	0.0	0.0	0.00761336	41.9581	12.052	0.0359686	0.0	0.0	0.00495581	0.00212664	0.0	0.0520572	0.0	0.162728	0.0	0.0	0.0	0.0	0.0377522	0.0	0.0	0.0888225	0.417988	0.0	0.0	0.00892408	0.00236807	0.0725773	0.0494603	0.0263666	0.0	14.3519	0.0	0.0	33.8312	0.425832	1.03617	0.382261	0.0	0.35674	0.213368	0.0	0.0	0.0320352	0.0	0.186153	0.00638437	0.0	0.00900989	0.00882708	10.4724	0.0	0.0351048	0.015779	0.0475835	0.0	0.0156171	0.00542842	0.0132598	0.0	0.179649	0.0	0.0174518	0.0144329	0.0265389	0.0	5.82213	0.0942831	0.215327	0.102193	0.179138
N57_2_2	0.0	0.0	0.0	0.0	0.0503068	0.0	0.0	0.0125525	0.0	0.0	0.0	0.0	0.0	0.0	0.0	0.0	0.0528069	0.0	10.0079	37.1133	122.268	30.0599	0.0	74.4527	6.13192	0.0	0.175904	8.56808	0.0	41.4061	0.0	41.1582	0.0	0.15902	0.0	0.0742408	0.0847612	0.0	152.562	0.0	0.0	0.0	0.0	0.362083	0.0	0.0	1.4816	0.0	0.0	17.9437	44.8649	0.0738198	3.20326	34.2362	0.0	0.0	6.61286	20.5685	0.0	0.0	0.0	0.0	56.1085	22.2299	0.0	22.8918	0.506056	0.0	31.7103	7.15091	0.0	0.0	3.81933	0.0	0.0	0.0	0.0	0.0	0.0	0.0	0.0	0.0	0.0	0.0	0.0	0.0	0.0	0.438068	0.0	0.0	0.0	0.204588	0.0	0.0	0.0	0.0	27.7569	0.0	0.0	0.0	0.0	0.0	0.0	0.0	0.0	0.0	0.0	0.0	0.0	0.0381168	0.0	0.0	0.0	0.0	0.0	0.0	0.0	0.0	0.380055	0.0	37.2552	105.272	0.0	0.0	7.15091	51.3647	0.0636523	0.271185	0.348384	6.04767	0.137261	0.0	0.0	0.0	0.0	0.0	0.0	0.587228	0.0	0.0	0.0	0.0	0.0	0.0	0.0	0.0	0.0	0.0	0.0	0.146257	0.0	0.0	0.0	0.0	0.0	0.0	0.0	0.0	0.0	0.0	0.0	0.0	0.0	0.0	0.0	0.0	0.0	0.0	0.0325422	97.2479	9.69985	0.102495	0.0	0.0	0.0	0.0	0.0	0.0	0.0	0.0621035	0.0487524	0.0975048	0.0	0.0	0.0	0.0	0.0535675	0.379659	1.08474	0.0	0.0	0.0	0.0	0.0	0.0	0.0	0.0	28.7634	0.0	0.0	19.1222	0.275782	0.378084	0.326784	0.0	0.148764	0.0829101	0.0	0.0	0.196837	0.0	0.0497302	0.0545782	0.0	0.0	0.0	18.0332	0.0	0.0	0.0	0.0	0.0	0.0	0.069609	0.0	0.0	0.0371557	0.0	0.0	0.0	0.0	0.0	9.22662	0.0403	4.8649	0.742574	0.0
N57_2_3	0.0	0.0	0.0	0.0	0.0897769	0.0	0.0	0.0128005	0.0	0.0	0.0	0.0	0.00452425	0.0	0.0	0.0	0.0	0.0	0.659162	7.34709	20.7138	4.90835	0.0	9.65393	0.0	0.0	0.0	1.68027	0.0	9.35511	0.0	10.8722	0.0	0.0	0.0	0.0757081	0.0740883	0.0	206.292	0.0	0.0	0.0	0.0	0.0386023	0.0	0.0	0.0	0.0	0.0	1.45587	3.89375	0.0250929	0.702807	5.59151	0.0	0.0	0.851817	7.47495	0.0	0.0123251	0.0	0.0	10.8126	2.77583	0.0	6.57986	0.0573397	0.0	7.10283	1.19638	0.0	0.0	1.00682	0.0388417	0.0	0.0	0.0	0.0	0.0	0.0	0.0	0.0	0.0	0.0	0.0	0.0	0.0	0.0	0.0204061	0.0	0.0	0.0521578	0.0	0.0	0.0	0.0	5.34098	0.0	0.0	0.0	0.0	0.0	0.0580926	0.0190721	0.0	0.0165927	0.0886421	0.0	0.0	0.0194351	0.0	0.0	0.0	0.0	0.0	0.0	0.0	0.0	0.0	0.0	6.74548	36.2072	0.0	0.0	1.21537	5.38994	0.0	0.0502809	0.0	26.5189	0.0233289	0.0	0.0	0.0	0.0	0.672109	0.0	0.199611	0.0	0.0	0.0	0.0	0.0	0.0	0.100308	0.0	0.0	0.0439541	0.0	0.024858	0.0	0.0426136	0.0	0.0	0.0	0.0	0.0	0.0	0.0	0.0	0.0	0.0	0.0	0.0	0.0	0.0	0.0	0.0	0.0	21.0701	1.07628	0.209042	0.0	0.0	0.0	0.0185393	0.0	0.0	0.0	0.0506647	0.944602	0.447443	1.17879	0.0	0.0	0.0	1.91191	13.9932	14.4454	0.0	0.0	0.0	0.0	0.0	0.0	0.172392	0.0	8.04494	0.0	0.0	3.60242	17.4364	29.7429	12.1078	0.0	0.0505682	0.0281829	0.0	0.0	0.366545	0.0	0.0507131	0.0	0.0	0.0	0.153903	3.99531	0.0	0.0	0.0	0.0	0.0	0.0	0.0946463	0.0	0.0	0.02526	0.0	0.0126783	0.0	0.0	0.0	1.5019	0.0	0.223471	0.178177	0.0
N57_2_4	44.7789	0.0	3.40276	8.99623	345.613	0.0	0.0881682	73.6634	3.10769	3.27885	11.4479	17.178	2.17491	0.0	1.06224	0.857321	14.3922	86.2612	138.65	377.242	115.059	383.224	377.292	0.0500956	83.3954	312.155	0.0	0.0	201.012	0.0	243.649	0.0	221.306	0.126944	0.0332292	21.7424	17.162	1.10445	527.107	3.59551	36.8767	36.8767	36.8767	1.08775	0.0	54.3336	0.0	0.268079	0.0	0.0	0.0	0.0	1.8541	45.2692	0.0	0.0	0.176808	15.1856	0.0	0.0122797	0.0	0.0	25.8055	8.45634	0.104136	100.244	39.8756	0.0	35.6319	45.7774	0.0	0.0	0.329971	0.0	0.0	0.0	55.5048	120.525	14.4065	161.8	0.64386	0.0313394	0.0	1.09397	1.05217	1.09397	0.0	0.0953742	0.0	0.0	0.328804	30.3868	1.81532	0.0	0.0	0.0	21.8572	0.00753145	0.0	0.0	0.0	7.09612	0.0	4.07952	0.0	0.0	0.0	0.0336235	0.0	14.8227	0.161283	7.6698	13.8637	0.0	0.0	0.07967	0.207571	54.8973	167.873	0.0	63.3539	0.0	6.43951	0.0	44.9923	9.11198	0.0323355	35.8684	131.496	0.0	3.81184	0.0	0.0	43.0286	74.7984	76.0032	0.403208	0.0	0.0508663	96.3161	72.5127	0.0	51.3855	3.71262	0.449724	40.6203	0.0	0.0	5.49183	0.136215	0.0940182	35.4088	0.0	0.0	44.7798	0.0	10.7188	0.0	0.0	0.0	0.0	0.0	0.0	0.0	0.0	0.0	0.0	0.0	0.0330631	0.0	0.485095	0.0	0.855502	0.834466	0.0215219	0.0	0.0	0.0	25.4485	39.6757	0.0	0.0	0.0	0.0	0.0	0.0	0.0	0.0	0.0	0.0	0.0	0.0	0.0	266.799	200.051	268.126	136.523	145.886	10.2491	0.260047	0.0	0.0	0.0	0.0	45.9085	104.643	13.2393	0.2163	0.432363	0.00869509	31.9236	98.5703	12.2825	0.0	0.0	0.0	0.530125	1.17461	1.54358	1.88442	1.68759	0.169554	0.678217	1.84024	0.0	43.0077	155.941	26.5195	40.2567	12.5671	0.00480219	0.0243111	79.0433	54.1088	73.0727	20.2594	125.056
N58_1_2	0.0	0.0	0.0	0.0	0.013993	0.031079	0.0	0.0	0.0	0.0171801	0.0	0.0	0.0	0.0	0.0	0.0	0.0	0.0	3.91829	10.2053	27.3826	9.29594	0.0	5.70535	2.03477	0.0	0.0	0.412485	0.0	4.41381	0.0	4.41381	0.0	0.0	0.0	0.0	0.0134724	0.0154072	190.416	0.0	0.0	0.0	0.0	0.216079	0.0	0.0	0.0	0.0	0.738201	4.95219	12.4552	0.0	1.2636	22.6666	0.0	0.0	6.19585	5.56715	0.0	0.0	0.0	0.0	18.3223	5.16411	0.0	7.74081	0.688168	0.0	11.3793	3.97811	0.0	0.0888516	1.61884	0.0105946	0.0	0.0	0.0	0.0	0.0	0.0	0.0	0.0	0.0	0.0	0.0152611	0.0	0.0	0.0696289	0.0111321	0.0	0.0	0.0569069	0.0	0.0	0.0	0.0	9.68051	0.0	0.0	0.0	0.0	0.0	0.0	0.0	0.0	0.0181035	0.120892	0.0	0.0154401	0.0424094	0.0	0.0	0.0	0.0	0.0	0.0	0.0	0.0	0.0	0.0	19.6346	41.13	0.0	0.0	3.99883	6.41247	0.0	0.0411443	0.0	0.0	1.39159	0.0	0.0	0.0	0.0	0.0	0.0	0.0	0.0	0.0	0.0	0.11227	0.0	0.0	0.0	0.0	0.0	0.0959126	0.0	0.0542427	0.0	0.0	0.0	0.0	0.0	0.0	0.0	0.0	0.0	0.0	0.0	0.0312804	0.0	0.0	0.0	0.0	0.0	0.0	0.0	13.5633	1.8453	0.0	0.0	0.0	0.0	0.0	0.0	0.0	0.0	0.0	0.0	0.0	0.0	0.0	0.0	0.0	0.0	0.0	0.0	0.0	0.0	0.0	0.0	0.0	0.0	0.0	0.0	13.5875	0.0	0.0	3.11872	0.0	0.0	0.0	0.0	0.0413794	0.0	0.0	0.0	0.0095219	0.0	0.0276653	0.0	0.0	0.0	0.167917	8.29044	0.0	0.0417372	0.0	0.0	0.0	0.0	0.206528	0.0	0.0	0.0	0.0	0.0	0.0	0.0	0.0	4.77137	0.0	4.19367	0.0	0.0
N58_1_3	0.0	0.0	0.0	0.0	0.134239	0.0	0.0	0.0446601	0.0	0.0	0.0	0.0	0.0	0.0	0.0	0.0	0.0	0.0	0.733546	3.17726	12.4936	2.36948	0.0	5.17508	0.382748	0.0	0.0	0.476316	0.0	2.53616	0.0	2.7567	0.0	0.0	0.0	0.121064	0.0861629	0.0	213.844	0.0821145	0.0	0.0	0.0	0.0278145	0.0	0.0	0.0	0.0	0.0	1.41926	3.93657	0.0437737	0.241751	1.66535	0.0430414	0.0	0.0619152	1.1496	0.011407	0.0430014	0.0276328	0.0	6.26619	1.53651	0.0	1.7467	0.403337	0.0	3.78683	0.397533	0.0	0.0	0.11555	0.0169395	0.0	0.0	0.0	0.0438982	0.0	0.0879352	0.0	0.0	0.0	0.0	0.0	0.0	0.0	0.0	0.0177988	0.0244265	0.0	0.0227468	0.0	0.0	0.0	0.0	2.82246	0.0	0.0	0.0	0.0	0.0	0.0	0.0332705	0.0	0.0	0.115975	0.0	0.0	0.0678075	0.0	0.0	0.0638794	0.0	0.0	0.0	0.0	0.0	0.0	0.0	1.618	8.85812	0.0	0.0	0.397533	5.1764	0.0	0.0986773	0.0	0.0	0.0206017	0.0	0.0	0.0	0.0	0.293117	0.0	0.0	0.0	0.0	0.0	0.0	0.0	0.0	0.0	0.0	0.0	0.0	0.0	0.0	0.0	0.0	0.0	0.0	0.0	0.0	0.0	0.0	0.0	0.0	0.0	0.0	0.0	0.0	0.0	0.0	0.0	0.0	0.115781	7.59624	0.402329	0.0	0.0	0.0	0.0	0.0	0.0	0.0	0.0584754	0.0552392	0.0	0.0	0.0	0.0	0.0	0.0	0.0	0.0	0.0	0.0	0.0	0.0	0.0	0.0110373	0.0	0.0	0.0	3.92955	0.0	0.0	1.19538	0.0	0.0	0.0	0.0	0.198482	0.0	0.0	0.0	0.0	0.0	0.132701	0.0	0.0	0.0	0.134239	1.3516	0.0	0.0	0.0	0.0	0.0	0.0	0.0825536	0.0	0.0	0.0660978	0.0	0.0442336	0.0	0.0	0.0425667	0.134854	0.0	0.116951	0.0	0.0
N58_1_4	0.0	0.0	0.260351	0.424543	335.701	0.0	0.027045	130.475	0.0	0.216552	13.0682	23.9099	0.0	1.92894	0.0	2.20944	11.2939	52.8744	1.45876	119.391	31.2275	168.119	234.834	0.307329	0.0	0.0435273	0.0	0.0	1.28922	0.0	1.21356	0.0	67.3913	0.601786	0.0	17.6036	13.4344	0.0	453.226	0.623377	67.8539	69.732	69.7052	3.04807	0.0	0.0	0.0	0.0	0.0	0.0436209	0.135225	0.115031	3.85708	26.8134	0.0	0.0	1.73551	19.2336	0.0	0.414338	0.0	0.0	24.4352	8.99988	0.0	41.1357	16.3847	0.0	24.4523	32.5294	0.0	0.12444	5.44543	0.0	0.0	0.0	40.9353	130.71	10.0586	181.295	0.186824	0.0	0.0	0.0	0.0	0.0	0.0	0.0407304	0.0	0.0	0.0	16.9961	0.0	0.0	0.0	1.17776	22.3573	0.84323	0.0	0.0	0.0	6.78305	0.0	0.130957	0.0	0.0	0.0	0.0171896	0.0108122	13.8838	0.0	45.2092	35.4196	0.0	0.64189	1.46629	2.04656	66.6841	177.223	0.0	56.3232	0.548209	1.64606	13.598	31.0785	12.4638	0.0	44.9277	76.9153	0.179502	0.409952	0.0	0.0	0.0	0.0	0.0	0.0	0.0	0.0	0.0	0.0	0.0	56.0708	8.72444	1.25177	44.6993	0.0	0.0	11.3697	0.474806	1.29777	1.20465	0.0	0.0	39.2493	0.0	1.5131	0.0	0.0	0.0	0.0	0.0	0.072963	0.0	7.0244	0.0	0.0	0.0	0.152128	0.214643	1.33136	0.0	2.20475	2.37683	0.0	0.0	0.0	0.0	50.7605	75.9188	0.0	0.0	0.0	0.0	0.0	0.0	0.0	0.0	0.0	52.7273	0.0	0.0	0.0	88.1249	37.0613	53.8924	0.0	13.4979	3.17714	0.683721	0.029917	0.0	0.420824	0.0424346	38.2107	116.969	6.76124	0.947838	0.0	0.0	33.1795	112.335	6.42105	0.0	0.0	0.0	0.855853	57.4483	136.959	180.924	104.746	0.0	55.3382	0.0184397	0.0	55.2402	166.014	26.2153	49.421	11.3916	0.0	0.0	179.381	64.4934	125.629	12.4901	185.536
N58_2_2	0.258672	0.0	0.0138844	0.0	0.643806	0.0	0.0	0.332757	0.0	0.014115	0.0	0.0	0.0	0.0	0.0	0.0	0.0241357	0.267391	10.9006	6.66893	21.9161	4.81491	0.0837952	11.6285	0.983382	0.0	0.0	1.24261	0.0	5.43951	0.0	4.75957	0.0	0.0	0.0	0.180972	0.166031	0.0	151.389	0.0562597	0.0314786	0.0314786	0.0314786	1.02455	0.0	0.0	0.0	0.0	0.0288809	2.45655	6.74272	0.0	1.81456	80.0325	0.0442339	0.0	20.8072	14.5825	0.0	0.110482	0.0567968	0.0	27.4917	14.4669	0.0	17.8997	1.49058	0.0	18.8772	8.17093	0.0	0.0	3.3013	0.0087044	0.0	0.0	0.215784	0.48498	0.219898	0.873592	0.0	0.0	0.0	0.0	0.0	0.0	0.0	0.228825	0.00914598	0.0	0.0	0.0701312	0.0	0.0	0.0	0.0	19.8679	0.0135523	0.0	0.0	0.0	0.0255891	0.0	0.0170961	0.0	0.0	0.0397293	0.0	0.0	0.0348431	0.0	0.111902	0.131298	0.0	0.0	0.0	0.0	0.0487661	0.0868534	0.0	65.3253	13.6058	0.0	0.0	8.17093	11.2307	0.0581854	0.27043	0.173707	0.789751	0.0836479	0.0	0.0	0.0	0.0	0.0	0.0	0.626259	0.0	0.0	0.406801	0.0	0.216907	0.0	0.0	0.125914	0.0	0.0	0.115244	0.0	0.0	0.0190994	0.0549604	0.0	0.126248	0.0	0.0	0.0	0.0	0.0	0.0	0.0	0.114138	0.0	0.0	0.0	0.0	0.0	0.446209	19.9574	0.50536	0.0936923	0.0	0.0	0.0	0.0	0.0	0.0	0.0	0.329264	0.356522	0.356522	0.0	0.0	0.0	0.0	0.0489667	0.0495788	0.349968	0.0607088	0.0	0.0	0.0	0.317607	0.0	0.0515105	0.0	18.7065	0.0	0.0	4.21201	0.302515	1.43182	0.448076	0.0621353	0.396631	0.0252631	0.0	0.0	0.0469385	0.0310677	0.409132	0.0498906	0.0	0.0704078	0.0	17.3379	0.0	0.137163	0.123305	0.0	0.0	0.0	0.0424204	0.0	0.154531	0.498147	0.0310677	0.181836	0.338358	0.0	0.0	17.0465	0.147355	10.9374	0.0399293	0.0
N58_2_3	0.0	0.0	0.404848	0.0849339	350.713	0.0	0.0	140.082	0.0	0.238278	7.14553	24.2797	0.0	0.39386	0.0	2.56156	11.6676	39.8044	1.34455	122.305	34.8654	169.188	181.579	0.0	0.0	0.0	0.0	0.0	2.47604	0.0	2.18505	0.0	53.0758	0.0	0.0	20.9687	17.9211	0.0	88.7986	0.0	70.4345	72.1253	72.077	3.00614	0.0	0.0	0.0	0.0	0.0	0.0785411	0.0	0.0	3.80604	40.649	0.0	0.0	0.0976513	20.9028	0.0	0.0	0.0	0.0	28.7708	9.00801	0.0	50.2172	22.0865	0.0	29.588	31.14	0.0	0.0	5.21216	0.0	0.0	0.0	45.8885	142.694	11.1365	186.445	0.0	0.0865441	0.0	0.0	0.0	0.0	0.0	0.0	0.0	0.0	0.0	22.6018	0.0	0.0	0.0	0.0	23.55	1.62226	0.0897337	0.0	0.0	3.92705	0.0	0.393552	0.0	0.0	0.0	0.0	0.0194678	12.5125	0.0	46.1386	36.4964	0.0	2.48486	2.54583	4.21718	66.3575	174.388	0.0	68.5028	0.0759285	1.72091	16.7306	30.0167	13.528	0.17859	52.8111	94.2808	0.0	0.288835	0.0	0.0	0.0	0.0	0.0	0.0	0.0	0.0	0.0	0.0	0.0	61.3924	7.43633	0.873942	38.8404	0.0	0.0	12.6897	0.205178	1.90397	0.0	0.253036	0.0	35.3591	0.0	1.84081	0.0	0.0	0.0	0.0	0.0	0.0	0.0	1.53085	0.0	0.0	0.0	0.0	0.0	0.56404	0.0	2.55612	2.69168	0.0	0.0	0.0	0.0	54.0446	96.2351	0.0	0.0	0.0	0.0	0.0	0.0	0.0	0.0	0.0	55.4346	0.0	0.0	0.0	106.101	45.5037	60.1579	0.0	16.0031	3.44732	0.0	0.0	0.0	0.0	0.0	38.9532	130.156	6.90111	0.511985	0.0	0.0	34.8529	127.145	6.58461	0.0	0.0	0.0	0.102733	48.5353	117.511	172.768	109.47	0.0	63.1168	0.0	0.0	55.067	184.537	32.8027	53.0208	12.6354	0.0	0.0	198.681	64.3368	128.072	15.1356	135.076
N58_2_4	0.0	0.0	0.243578	0.0485457	338.775	0.0	0.222663	130.24	0.0	0.148574	14.109	21.3411	0.0	1.55537	0.0	1.55284	11.3477	56.9949	1.35828	123.403	32.4285	169.91	231.532	0.158141	0.0	0.0	0.0	0.0	1.59214	0.0	2.49782	0.0	66.5258	0.0	0.0	17.6998	13.5345	0.0	526.108	0.0	67.2628	69.3061	69.3613	2.91913	0.0	0.0	0.0	0.0	0.0	0.0	0.0	0.0394606	3.40128	31.455	0.0	0.0	0.0	18.95	0.0	0.0	0.0	0.0	26.3514	8.33867	0.0	44.5386	18.395	0.0	24.9816	34.4327	0.0	0.0	4.58326	0.0	0.0	0.0	43.8043	134.726	8.65848	182.904	0.0	0.0	0.0	0.0	0.0	0.0	0.0	0.100359	0.0	0.0	0.0	17.0606	0.0147316	0.0	0.0	0.0	21.1482	0.737033	0.0512891	0.0	0.0	5.79104	0.0	0.239939	0.0	0.0	0.0	0.0353808	0.0222544	12.6837	0.0	45.4793	34.58	0.0	1.123	1.58087	2.57423	60.2	172.838	0.0	53.9483	0.0	2.73229	12.1283	32.4617	12.3986	0.0510383	43.8645	79.0799	0.184732	0.146746	0.0	0.0	0.0	0.0	0.0	0.254569	0.0	0.0	0.0	0.0	0.0	57.0792	7.94746	0.841296	40.921	0.0	0.0	10.6648	0.664549	1.38505	0.0	0.0	0.0	38.6486	0.0	1.76761	0.0	0.0	0.0	0.0	0.0	0.0	0.0	4.66659	0.0	0.0	0.0	0.0	0.0	0.967166	0.0	1.54955	1.72664	0.0	0.0145773	0.0	0.0	47.9696	72.3443	0.0	0.0	0.0	0.0	0.0	0.0	0.0	0.0	0.0	56.9261	0.0	0.0	0.0	89.0904	40.8775	52.1415	0.0	12.8537	2.14172	0.586367	0.0	0.0	0.0	0.0	36.735	117.415	6.07182	1.36563	0.0	0.0	31.3937	113.824	5.95169	0.0	0.0	0.0	0.352315	56.7187	134.211	175.109	104.699	0.0	56.5222	0.0	0.0	54.4368	169.52	30.3037	49.8241	11.7729	0.0	0.0	176.688	63.5934	123.631	10.7175	186.951
N59_1_2	0.0	0.0	0.0	0.0	0.0494369	0.0	0.0	0.0123354	0.0	0.0	0.0	0.0	0.0	0.0	0.0	0.0	0.0	0.0	9.85668	59.0505	161.92	50.1259	0.0	67.4476	4.54584	0.109801	0.0	6.03157	0.0	29.1165	0.0	30.3348	0.0	0.0	0.0	0.0121595	0.0237987	0.0	172.335	0.0	0.0	0.0	0.0	0.202171	0.0	0.0	0.0	0.0	1.95603	27.4817	63.5325	0.0	4.79811	25.3645	0.0	0.0	4.37794	19.8499	0.0	0.0	0.0	0.0	103.933	19.1362	0.0	32.2551	0.165768	0.0	61.4583	6.84425	0.0	0.0	5.08097	0.0	0.0	0.0	0.0662787	0.0484997	0.0	0.0	0.0	0.0	0.0	0.0	0.0	0.0	0.0	0.061499	0.0	0.0	0.0	0.0	0.0361095	0.0	0.0	0.0	44.3437	0.0	0.0	0.491992	0.0	0.0	0.0	0.0	0.0	0.0319795	0.128131	0.0	0.0	0.0	0.0	0.0	0.0	0.0	0.0	0.0	0.0	0.0349502	0.0	0.0	30.3892	187.223	0.0	0.0	6.84425	47.2716	0.0312758	0.133248	0.0	0.339605	0.227612	0.0	0.29205	0.0	0.0	0.0	0.0	0.0	0.0	0.0	0.0	0.0	0.0666239	0.0	0.0	0.0338407	0.0	0.0	0.0	0.0	0.0	0.0	0.0	0.0	0.0339305	0.0	0.0	0.0	0.0	0.0	0.0	0.0	0.0	0.0	0.0	0.0	0.0	0.0	0.0	103.823	13.829	0.0	0.0	0.0	0.0	0.0	0.0	0.0	0.0	0.0244118	0.0	0.0	0.0	0.0	0.0	0.0	0.0	0.0	0.0	0.0	0.0	0.0	0.0	0.0121943	0.0	0.0	0.0	71.3859	0.0	0.071864	24.7157	0.0	0.0	0.0	0.0333989	0.109644	0.0543176	0.0	0.0	0.0672809	0.0333989	0.0488702	0.0	0.0	0.0	0.0	30.5132	0.0	0.147456	0.0	0.0	0.0	0.0	0.067921	0.0	0.0332254	0.0973685	0.0	0.0122176	0.0	0.0	0.0	8.30083	0.0	5.38375	0.0	0.0
N59_1_3	0.0	0.0	0.0	0.0	0.0511783	0.0	0.0	0.0510795	0.0	0.0	0.0523414	0.0	0.00451342	0.0	0.0	0.0	0.0	0.0	2.38091	18.293	49.0584	16.5068	0.0	16.7536	2.18882	0.113668	0.0894755	2.0115	0.0	8.95437	0.0	9.83719	0.0	0.0	0.0	0.0251756	0.110866	0.0	211.633	0.0	0.0	0.0	0.0	0.0217665	0.0	0.0	0.0	0.0	0.867825	10.1667	21.3644	0.0250328	1.817	6.03163	0.0984563	0.0	0.0708148	6.34883	0.0	0.0	0.0	0.0	32.7603	5.50286	0.0	8.44772	0.0286012	0.0	18.453	1.85658	0.0	0.0	1.85023	0.0193744	0.0	0.0	0.0686133	0.0502081	0.0271917	0.0	0.0	0.0	0.0	0.0	0.0	0.0	0.0	0.106364	0.0	0.0	0.0	0.0	0.0	0.0	0.0	0.0	13.0688	0.0	0.0	0.0	0.0	0.0569564	0.0	0.0380528	0.0	0.0	0.0663224	0.0	0.0	0.0387771	0.0	0.0	0.0182653	0.0	0.0	0.0	0.0	0.0	0.0	0.0	8.2194	68.1666	0.0	0.0	1.85658	15.8737	0.0323774	0.100321	0.0	0.0	0.0465461	0.0	0.0	0.0	0.325632	0.0	0.0	0.199133	0.0	0.365307	0.0	0.0	0.0689707	0.0	0.0	0.0	0.0	0.0	0.0	0.0247985	0.0627601	0.0637674	0.0917485	0.147137	0.0	0.0	0.0	0.0	0.0	0.147137	0.0	0.0	0.0	0.0	0.0	0.00965188	0.0	0.0	0.0	37.485	4.44821	0.0	0.0	0.0	0.0	0.0	0.0	0.0	0.0	0.0379076	0.0	0.0	0.0	0.0	0.0	0.0	0.0	0.0	0.0	0.0	0.0	0.00970137	0.0	0.0378714	0.0	0.0286631	0.0	21.3804	0.0	0.0	6.8751	0.0	0.0	0.0	0.0691508	0.0630589	0.196808	0.0	0.0	0.0	0.0691508	0.0	0.0277618	0.0	0.0	0.0	8.80962	0.0	0.0	0.0	0.0	0.0	0.0	0.118025	0.0	0.0687915	0.0503991	0.0691508	0.0252958	0.0627601	0.0	0.0	2.35763	0.0	1.07009	0.17775	0.0
N59_1_4	0.209967	0.0	0.00375671	0.0224616	0.951851	0.0	0.0	0.301149	0.00379211	0.0038191	0.0509011	0.035972	0.0	0.0	0.0	0.0	0.0261217	0.0	0.264616	17.243	51.512	13.9861	0.521468	33.4145	0.0	0.0138176	0.0	4.73755	0.436542	11.8968	0.632893	13.9205	0.0	32.6051	0.0	0.752848	0.925418	0.0	363.175	0.0304444	0.0340688	0.0681375	0.0340688	0.018318	0.0	0.0	0.183223	0.19578	0.0156286	8.37069	18.2867	0.279956	1.07317	53.5297	0.0	0.0	52.7171	65.2759	0.00317192	0.0538078	0.00768377	0.0	71.3729	101.876	0.0	29.5444	0.0695356	0.0	49.2244	35.0782	0.0	0.0	67.3267	0.0141309	0.0	0.0	0.100088	0.296011	0.0462761	0.52164	0.00847236	0.0305166	0.0	0.0	0.0	0.0	0.0	0.168086	0.0	0.0	0.0	0.0253006	0.0	0.0	0.0	0.0	41.9041	0.0	0.0	0.37148	0.0	0.0	0.0	0.00462571	0.0	0.0	0.0	0.0109136	0.0	0.00471376	0.0	0.0	0.0133221	0.0	0.0	0.0498717	0.0794047	0.153938	0.0861666	0.0	52.9084	40.3341	0.0	0.0	35.069	24.0037	0.582501	1.72865	0.0861666	0.0	4.18139	0.0	0.0	0.0	0.131947	0.0	0.0	0.0484135	0.0	0.555086	0.110068	0.0	0.0922252	0.0155157	0.0	0.178861	0.0	0.0	0.0311816	0.560699	0.0	0.124026	0.0148707	0.0	0.187875	0.0	0.0	0.0	0.0	0.0	0.0	0.0	0.0154412	0.0	0.0	0.0	0.0	0.0	12.1375	17.8861	43.5937	0.0760511	0.0	0.0	0.0	0.0134895	0.0	0.0	0.0894305	0.792586	0.0	0.0	0.0	0.0	0.0	0.0	0.0	0.0	0.0	0.008213	0.0	0.0141516	0.0	0.445021	0.209155	0.327525	0.0223576	54.8563	0.0	0.0	8.70879	0.0545678	0.0534356	0.0	0.100872	1.15595	0.45114	0.0	0.0	0.0275171	0.092466	0.458171	0.0337474	0.0	0.00952514	0.0	37.9276	0.169447	0.0	0.0834067	0.100609	0.0	0.0990615	0.0115188	0.0	0.117073	0.563642	0.050436	0.147599	0.0	0.0	0.0236728	18.0581	0.0398699	47.4253	26.8255	0.0946911
N60_1_2	0.0	0.0	0.0	0.0	0.201105	0.0	0.0	0.0912351	0.0	0.0	0.0	0.0	0.00322463	0.0	0.0	0.0	0.0	0.0	0.939628	5.12658	16.8979	4.13647	0.133255	15.8401	0.0	0.081211	0.0	0.868263	0.0	7.11833	0.0	7.38865	0.0	0.033023	0.0	0.728467	0.149617	0.0	168.452	0.0223666	0.0	0.0	0.0	0.0562234	0.0	0.0	0.0	0.0	0.0	1.48529	4.3521	0.321927	0.328069	2.98089	0.0	0.0	0.050594	4.09309	0.0	0.0702773	0.0	0.0	4.95147	3.23401	0.0	6.97347	0.756111	0.0	4.01918	2.6935	0.0	0.0	0.47211	0.0346053	0.0	0.0	0.0980422	0.152453	0.0388545	0.0718563	0.0497951	0.0448392	0.0	0.0	0.0	0.0	0.0	0.0759926	0.00727216	0.0598802	0.0	1.82158	0.0	0.0	0.0	0.122078	2.62877	0.0	0.0929836	0.0	0.0	6.83639	0.0	0.394212	0.0474835	0.035479	0.0157948	0.0	0.0	0.0	0.0461516	0.0	0.0130498	0.0	0.0	0.0	0.0	0.0	0.0460393	0.0	10.2338	10.897	0.0	0.0	2.6935	2.9221	0.0925289	0.456927	0.069059	0.0209316	0.94777	0.0	0.0	0.0	0.0	0.0	0.0	7.75382	0.0	0.0	0.0808639	0.0	0.0	0.0455956	0.0	0.0	0.0	0.0313281	0.0	0.212608	0.0	0.0167453	0.0	0.0	0.0	0.0	0.0	0.0939065	0.0	0.0	0.0	0.0	0.0	0.0	0.0	0.0	0.0	0.0	0.0	7.8592	0.949761	0.0	0.0	0.0	0.0	0.621048	0.0	0.0	0.0	0.180555	0.0	0.0	0.0	0.0	0.0	0.0	0.0	0.0	0.0	0.0482708	0.0	0.0	0.0	0.0901914	0.0219515	0.0	0.0	4.44957	0.0	0.0	2.45597	0.0	0.235546	0.0	0.0	0.360422	0.180785	0.0	0.0	0.0311015	0.0	0.1988	0.0	0.0	0.0559827	0.0	3.30007	0.0	0.0	0.0490211	0.0	0.0	0.0	0.0674587	0.0	0.0491485	0.198043	0.0	0.0451818	0.0	0.0	0.0695667	1.66868	13.0053	15.641	10.4135	0.0
N60_1_3	0.0	0.0	0.0	0.0	0.0650368	0.0240748	0.0	0.0108186	0.0	0.0	0.0	0.0	0.0	0.0	0.0	0.0	0.0	0.0	0.0	0.0	0.0	0.0	0.0	0.0	0.0	0.0	0.0	0.0	0.0	0.0	0.0	0.0	0.0	0.0587374	0.0	0.0213286	0.0521807	0.0	201.732	0.0	0.0	0.0	0.0	0.0326253	0.0	0.0	0.0	0.0	0.0	0.0	0.0	0.0	0.0167321	0.230524	0.0834115	0.0	0.239975	0.286439	0.0	0.0	0.0267753	0.0	0.2928	0.135348	0.0	0.145071	0.0229894	0.0	0.379585	0.449396	0.0	0.0	0.0447858	0.00820691	0.0	0.0	0.0	0.010634	0.0	0.0	0.0	0.0	0.0	0.0	0.0	0.0	0.0	0.0901112	0.00862325	0.0946738	0.0	0.0	0.0	0.0	0.0	0.0	0.279368	0.0	0.0	0.0	0.0	0.0482531	0.0	0.0160959	0.0	0.0	0.0374586	0.0	0.0	0.0	0.0	0.0	0.0154743	0.0	0.0	0.0	0.0	0.0	0.0	0.0	0.570105	0.023324	0.0	0.0	0.449396	0.0	0.0822898	0.116863	0.0	0.0496409	0.0399247	0.0	0.0	0.0	0.0	0.710054	0.0	0.0	0.0	0.0	0.0	0.0	0.0	0.0	0.0	0.0	0.0	0.0	0.0	0.0210091	0.0	0.0198564	0.0	0.0	0.0	0.0	0.0	0.0	0.0	0.0	0.0	0.0	0.0	0.0	0.0	0.0	0.0	0.0	0.112188	0.0	0.476476	0.0	0.0	0.0	0.0	0.0156688	0.0	0.0	0.0	0.04282	0.0	0.0	0.0	0.0	0.185436	0.0	0.0	0.0	0.0	0.0	0.0	0.0	0.0	0.0106948	0.0	0.0	0.0	0.258373	0.0	0.0	0.0	0.0	0.0	0.0	0.0	0.0747923	0.0	0.0	0.0	0.00737597	0.0	0.0321457	0.0	0.0	0.0	0.0325184	0.0631159	0.0	0.0	0.0	0.0	0.0	0.0	0.0198564	0.0	0.0	0.0320234	0.0	0.0	0.0	0.0	0.0	0.112002	0.0	0.113322	0.0	0.0
N60_1_4	32.8497	0.0	4.78419	0.0475957	229.537	0.0	0.0545764	52.5897	0.0160708	3.3908	18.9561	16.998	0.00232517	0.0	0.0	1.40646	6.73903	44.305	150.424	196.459	65.4441	185.703	171.897	1.80888	96.8055	85.7881	0.0	0.151121	136.441	0.259888	180.872	0.389832	23.4628	2.14305	0.0	15.9981	11.7403	0.0	308.126	7.49942	19.8886	19.9067	19.7443	1.18258	0.0	0.0	5.15814	0.0	0.0	0.498817	0.682205	0.0	1.73222	37.4278	0.0	0.0	3.7576	46.4384	0.0	0.00633431	0.0	0.0	27.0539	14.0922	0.322302	126.149	56.4477	0.0	42.0266	66.9713	0.0	0.0	5.55569	0.0	0.0	0.0	30.01	83.7011	13.2379	133.505	0.0	0.129328	0.0	0.0	0.0	0.0	0.0	0.0327983	0.0	0.0	0.0	21.9539	0.0	0.0	0.0	0.0	20.0459	0.0	0.0	0.0	0.0	9.91765	0.0	0.00978774	0.00855967	0.0	0.0	0.0	0.0	6.06294	0.0	10.8212	23.5243	0.0	7.72878	11.965	13.43	32.1997	123.079	0.0	61.609	2.66642	0.0	0.0	65.7123	7.61772	0.0166798	33.4772	50.3106	0.0	2.97341	0.0	0.0	37.185	61.2307	61.8303	0.0	13.9519	0.0524773	86.052	57.4918	0.0	41.11	5.90149	0.773281	29.1832	0.0	0.0	8.57299	0.0127754	8.43866	65.9867	0.0	0.0	31.0159	0.0	22.4743	0.0	0.0	0.0	0.0	0.0	0.0	0.0	0.0	0.00496872	0.0	0.0	6.54917	0.288764	7.48055	0.0	1.40348	1.38901	0.0166527	0.819409	0.0	0.0	46.2211	64.7965	0.0	0.0	0.0	0.0	0.0	0.0	0.0	0.0	0.0	0.0	0.0	0.0	0.0	324.441	290.009	326.765	300.17	266.192	1.25989	0.153305	0.201241	0.0	0.0	0.0	31.8659	71.9499	13.0503	0.286909	0.0	0.0	22.6214	72.5927	11.0697	0.0	0.0201836	0.0197741	5.07576	0.0	44.825	0.0353474	0.0	0.0	0.0	0.0488161	0.0	42.7575	106.303	30.156	25.9264	12.3508	0.0	0.0	88.5619	48.0501	80.6932	27.9063	132.729
N60_2_2	0.0	0.0	0.0	0.0	1.2177	0.0265152	0.0	0.381287	0.0	0.0	0.146515	0.0690284	0.00421134	0.0	0.0262895	0.0	0.025063	0.277665	9.6479	5.63207	17.241	4.45393	0.957161	10.7648	1.73598	1.16667	0.0	1.01664	0.0	4.70708	0.0	4.5894	0.0	0.215638	0.0	0.293633	0.402291	0.0	147.36	0.0876318	0.0	0.0	0.0	0.938931	0.0	0.0	0.100456	0.0	0.059981	2.20549	4.77768	0.0	1.63089	66.8159	0.0	0.0592618	17.3117	11.9179	0.0	0.114727	0.0	0.0351025	21.708	13.8468	0.0	15.6581	1.76134	0.0	15.3599	7.49496	0.0	0.0	3.23083	0.00903883	0.0	0.0	0.128042	0.503613	0.253718	0.281531	0.0	0.117119	0.0	0.0	0.0	0.0	0.0	0.0496228	0.0	0.0	0.0	0.0485504	0.0	0.0	0.0	0.0797166	17.6839	0.0	0.0	0.0	0.0	0.106289	0.0	0.0177275	0.0155032	0.0154451	0.0	0.104713	0.0	0.0180909	0.0	0.0774676	0.0681715	0.0	0.0	0.0	0.0831126	0.151919	0.511079	0.0	58.5512	15.1047	0.0	0.0	7.49496	6.69843	0.120842	0.655246	0.120254	0.0	0.0434309	0.0	0.0	0.435073	0.810235	0.0	0.0	0.0	0.0	0.511286	0.528037	0.0	0.193064	0.148868	0.0	0.0653761	0.0	0.0	0.0	0.0925549	0.0	0.49583	0.14268	0.0	0.0	0.262895	0.298937	0.0	0.0	0.0	0.0748853	0.0	0.0	0.0	0.0	0.0	0.0	0.0	0.494243	18.3053	1.24038	0.0	0.0	0.0	0.0	0.0431427	0.0	0.0	0.0312022	0.353705	0.0	0.0	0.0	0.0	0.102116	0.0	0.0	0.0	0.0	0.0	0.0	0.0	0.0	1.14255	1.66277	0.695364	0.514837	16.4298	0.0	0.0	2.04112	0.0	0.0	0.0	0.290352	0.706062	0.131169	0.0	0.0	0.129978	0.129045	0.601872	0.0777112	0.0	0.0	0.0	17.1178	0.0	0.106825	0.128042	0.0643546	0.0	0.443551	0.0214888	0.0	0.224656	0.70539	0.0322613	0.259631	0.0585596	0.0	0.0	13.1784	0.153016	8.98624	0.290243	0.363414
N60_2_3	7.71458	0.0	1.35268	0.330112	261.999	0.0	0.0	66.1148	0.445852	0.841923	13.559	20.3539	0.0322536	0.0	0.0503363	2.11188	7.24618	40.1389	21.7136	118.95	42.7495	110.973	72.6402	0.358455	10.9492	6.19374	0.0	0.0	86.412	0.0	99.2829	0.0	5.74868	0.123864	0.475539	23.3207	18.3542	0.0503363	116.855	0.223717	0.625874	0.625874	0.563287	2.14774	0.0	0.0	0.384684	0.0	0.0	0.0	0.315441	0.0	2.48754	39.7001	0.0	0.0	1.13862	28.9601	0.0	0.0219666	0.0	0.0672104	26.6153	9.6091	0.0	46.3983	18.2417	0.0	30.0321	29.581	0.0	0.0	1.03888	0.0	0.0	0.0	26.7226	100.081	9.61867	170.757	0.684838	0.840926	0.0	0.0498589	0.0498589	0.0498589	0.0	0.113741	0.0	0.0	0.517116	23.2862	0.0834794	0.0	0.0	0.763163	24.7433	0.0	0.0	0.0	0.0	3.76494	0.0	0.679829	0.0	0.0	0.0	0.0	0.0	8.48642	0.346215	18.17	25.7139	0.0	0.0	0.0	0.31827	51.0652	155.245	0.0	63.7608	0.393481	0.495457	0.528671	29.4118	6.33606	0.0	40.0798	91.5238	0.0	0.49894	0.0	0.0	3.83194	12.9925	12.2782	0.0	1.06728	0.0	22.6791	17.1875	0.0	34.871	7.69599	0.834289	29.8542	0.0	0.0	10.0246	4.07592	0.224247	7.48096	0.109275	0.0	34.4516	0.503363	24.7074	0.0	0.0	0.0	0.430146	0.0	0.0	0.0	0.0	0.0	0.0	0.0	0.177435	1.0014	3.47107	0.0	2.1074	1.88161	0.134749	3.33724	0.0	0.0	45.1654	81.697	0.0	0.0	0.0	0.0	0.0	0.0	0.0	0.0	0.0	0.0	0.0	0.0	0.0	98.9849	52.6954	67.236	19.3865	46.9146	2.52439	1.46201	0.0	0.0	0.0	0.0	33.4178	96.1193	5.32432	0.442207	0.0	0.0622171	21.7432	94.9485	5.25734	0.0	0.0	0.0	1.19788	2.49032	7.22695	10.1742	7.51636	0.151654	9.46322	0.21161	0.0	43.2604	134.407	37.2475	33.9166	9.19412	0.0	0.608847	148.68	52.2235	95.9067	17.4657	80.0199
N60_2_4	32.3573	0.0	2.33228	0.618122	205.711	0.0	0.0283512	51.8154	0.438292	1.67736	13.069	12.8293	0.0	0.0	0.316689	1.19762	4.80907	33.3286	108.756	161.8	58.3013	151.836	124.136	1.85249	53.2464	51.379	0.0743476	0.0	133.076	0.0	185.101	0.0	23.6481	0.445307	1.20208	19.4645	13.6086	0.316689	570.409	3.21716	0.309388	0.309388	0.309388	1.77307	0.0	0.0885975	0.432183	0.0	0.0	0.525869	0.992292	0.0	1.98601	34.4438	0.0	0.0	3.41124	40.6719	0.0	0.0197432	0.0	0.0	30.9751	12.5272	0.0	73.4596	31.964	0.0	39.3826	57.2956	0.0	0.0	2.46163	0.0	0.0	0.0	20.7676	75.611	8.90705	135.278	0.727432	0.201549	0.0	0.313686	0.313686	0.313686	0.0	0.0416929	0.0	0.0	1.8591	19.1329	0.622746	0.0	0.0	2.53789	31.1984	0.0	0.0	0.0	0.0	6.19611	0.0	0.0152535	0.0	0.0	0.0	0.0	0.0	10.3826	0.829791	15.7309	18.9024	0.0	0.134578	0.311082	0.357568	35.9909	110.689	0.0	59.9119	3.27129	0.779287	0.534555	56.3222	4.79919	0.0	30.7272	66.3253	0.0	2.41035	0.0	0.0	32.4192	67.0146	61.3678	0.0	2.71788	0.0817823	76.1083	53.522	0.0	27.8528	4.63696	0.562382	23.626	0.442988	0.0	7.61981	9.25794	0.151162	33.175	0.564732	0.59065	27.1856	0.754021	17.0622	0.0	0.0	0.59065	0.0644346	0.0	0.0	0.0	0.0	0.0	0.0	0.0	0.531585	0.112505	7.79932	0.0	1.19508	1.28527	0.0346028	6.39238	0.00820347	0.0	34.7141	51.4136	0.0	0.0	0.0	0.0	0.0	0.0	0.0	0.0	0.0	0.0	0.0	0.0	0.0	191.431	143.984	172.086	118.868	143.444	1.61439	3.04616	0.878135	0.0	0.0	0.0	25.7881	76.0521	6.81693	0.397447	0.0	0.0	15.9614	72.523	6.04023	0.0	0.0	0.0	1.6598	6.71476	22.06	16.1404	16.7782	4.36172	19.5732	0.0190191	0.0	32.6959	101.188	28.3975	31.824	8.86815	0.0	2.18888	107.661	49.472	80.758	19.0158	126.173
N61_1_2	0.0	0.0	0.0	0.0792666	0.065864	0.0	0.0	0.0328685	0.0	0.0	0.0	0.0	0.00580856	0.0	0.0	0.0	0.0691372	0.0	1.34237	5.15233	17.9935	4.5182	0.120016	12.0071	1.5493	0.0	0.0	0.808971	0.0	4.05769	0.0	4.05769	0.0	0.0	0.0	0.0647997	0.04756	0.0	217.323	0.103601	0.0	0.0	0.0	0.101276	0.0	0.0	5.95788	0.0	0.0	1.90581	3.97654	0.0966483	0.406677	7.12042	0.0	0.0	0.455677	3.11838	0.0	0.110767	0.0	0.0	7.30385	2.71855	0.0	5.28899	0.184042	0.0	5.25365	1.34095	0.0	0.209108	0.816398	0.0997356	0.0	0.0	0.0883022	0.0161539	0.0	0.0	0.0	0.0	0.0	0.0	0.0	0.0	0.0	0.0819342	0.0	0.0	0.0	0.133928	0.0	0.0	0.0	0.0	4.62354	0.0	0.0	0.0	0.0	0.0733003	0.0	0.0	0.0	0.0	0.22761	0.0	0.0	0.0	0.0831333	0.0	0.0470133	0.0	0.0	0.0	0.0	0.0	0.0	0.0	6.61898	14.9165	0.0	0.0	1.34095	3.34957	0.0416683	0.11297	0.0	3.39338	0.0299513	0.0	0.0	0.0	0.0	0.215726	0.0	2.94717	0.0	0.0	0.0	0.0	0.0	0.0	0.0	0.0	0.0	0.0	0.0825294	0.0319145	0.0	0.246197	0.0	0.0	0.0	0.0	0.0	0.0	0.0	0.0	0.0	0.0	0.0	0.0	0.0	0.0	0.0	0.0	0.0	10.9107	0.592204	0.0	0.0	0.0	0.0	0.0119011	0.0	0.0	0.0	0.0813088	0.255316	0.0638289	0.0658005	0.0	0.0	0.0	0.210399	1.34918	1.00249	0.0	0.0	0.0	0.0	0.162463	0.0	0.0	0.0	5.43288	0.0	0.0	2.91579	3.68287	4.2429	1.49744	0.0	0.0649231	0.0	0.0	0.0	0.100842	0.0	0.0325546	0.0	0.0	0.0	0.098796	3.04413	0.0	0.0	0.0	0.0	0.0	0.0	0.0303785	0.0	0.0	0.048646	0.0	0.0162773	0.0	0.0	0.0	2.12674	0.0	0.803342	0.915024	0.0
N61_1_3	0.536491	0.0	0.0	0.0	0.23844	0.0	0.0	0.0356971	0.0	0.0	0.0	0.0	0.0	0.0	0.0	0.0	0.050058	0.0	0.126774	2.61134	9.64186	1.83655	0.0	5.23485	0.713843	0.0	0.166747	0.780968	0.0	0.470068	0.0	0.470068	0.0	0.0	0.0	0.18767	0.114784	0.0	202.768	0.0	0.0652872	0.130574	0.0652872	0.0421243	0.0	0.0	0.0	0.0	0.0	1.2472	2.13881	0.0	0.202434	2.78902	0.045871	0.0	0.197956	1.01515	0.0243139	0.0687426	0.0	0.0	2.64413	1.52174	0.0	1.70197	0.0266507	0.0	1.39165	0.388361	0.0	0.0	0.34481	0.0270796	0.0	0.0	0.0959012	0.0	0.0	0.0	0.0	0.0286294	0.0	0.0	0.0	0.0	0.0	0.0495554	0.0	0.0260323	0.0	0.0	0.0261241	0.0	0.0	0.0	1.40697	0.0	0.0	0.0	0.0	0.0265361	0.0	0.0	0.0	0.0	0.0411996	0.0	0.0	0.0180663	0.0	0.0	0.0510591	0.0	0.0	0.0	0.0	0.0	0.0	0.0	1.72436	6.7725	0.0	0.0	0.388361	2.74502	0.241355	0.222014	0.0	0.0	0.0439121	0.0	0.0	0.0	0.0	0.0	0.0	0.0	0.0	0.0	0.0	0.0	0.0321336	0.118933	0.0	0.0	0.0	0.0	0.0	0.0462146	0.0	0.0396125	0.0	0.0	0.0	0.0	0.0	0.0	0.0	0.0	0.0	0.0	0.0295906	0.0	0.0	0.0	0.0	0.0	0.0	0.457011	1.04812	0.0	0.0	0.0	0.0	0.0172336	0.0	0.0	0.0	0.0588706	0.0	0.0	0.0	0.0	0.0	0.0	0.0	0.0	0.0	0.0	0.0	0.0	0.0	0.0117629	0.0	0.0267084	0.0	1.42089	0.0	0.0	1.20117	0.0	0.358403	0.0516288	0.0322175	0.152772	0.0261981	0.0	0.0	0.0	0.0	0.094283	0.0	0.0	0.0365068	0.0	0.902451	0.0	0.0	0.0	0.0	0.0	0.0	0.109976	0.0	0.0	0.0939242	0.0	0.0	0.0	0.0	0.0	0.49275	0.0	0.332371	1.57347	0.0
N61_1_4	0.0	0.0	0.00327562	0.0	0.103066	0.0	0.0	0.0433127	0.00330648	0.00333002	0.033287	0.0313654	0.0	0.0	0.00597277	0.0	0.00569412	0.0630832	0.235536	0.789934	2.30452	0.698537	0.0	15.7799	0.1856	0.0	0.0379352	0.0977191	0.0	0.855529	0.0	0.695117	0.0262355	13.6392	0.0	0.0400267	0.0470043	0.0	353.552	0.0	0.0	0.0	0.0	0.00532407	0.0021829	0.0	0.0	0.0	0.0	0.247517	0.804732	0.0106132	0.0240737	97.7137	0.0208714	0.0	17.0684	51.2384	0.00553143	0.0026065	0.0	0.0	80.6531	81.5105	0.0	19.0333	5.3355	0.0	48.8868	38.843	0.0	0.0344442	38.0681	0.00205355	0.0	0.0	0.0	0.0345911	0.0	0.0	0.0	2.52781	0.0	0.0	0.0	0.0	0.0	0.0225478	0.0	0.00592237	0.0	0.00551513	0.0	0.0	0.0	0.0	53.2486	0.00319727	0.0068973	0.0	0.0	0.006037	0.018428	0.00402755	0.00704442	0.00701801	0.0234324	0.908773	0.0	0.00411011	0.00684684	0.0	0.023232	0.0	0.0	0.0	0.0	0.0383498	0.0819621	0.0	33.0649	0.32099	0.0	0.0	38.847	0.909461	0.0205907	0.0638001	0.143434	3.08668	1.01138	0.0	0.0	0.0395381	0.0	0.0	0.0	0.52767	0.0	0.0774401	0.0719796	0.0	0.00731042	0.0	0.0	0.00742646	0.0292417	0.00929537	0.0067971	0.0473124	0.0	0.00450594	0.0	0.124765	0.00744616	0.0	0.0	0.00696576	0.0	0.0935734	0.0	0.0121261	0.0	0.0	0.0	0.00204607	0.0	0.0	4.07746	1.44073	10.9145	0.0	0.0	0.0	0.0	0.0	0.0	0.0	0.0	0.0401794	0.0	0.0	0.0	0.0	0.116	0.0	0.0	0.0	0.0	0.0143225	0.0	0.0	0.0	0.0428172	0.0	0.0972192	0.0	50.4786	0.00384022	0.0	0.124213	0.0	0.0	0.0	0.0439771	0.0641646	0.0238404	0.0	0.0	0.662581	0.029318	0.0375366	0.0	0.0	0.0	0.0	313.451	0.0	0.0323597	0.0436353	0.0146208	0.0	0.0287918	0.0150118	0.00203716	0.0218743	0.0667746	0.0	0.0187683	0.0	0.00203864	0.0309618	24.8398	0.0260731	12.8829	5.54847	0.16513
N61_2_2	0.0	0.0	0.0	0.0245076	0.59055	0.0	0.0	0.335354	0.0	0.0	0.0	0.0	0.0	0.0	0.0	0.0	0.0641273	0.0	13.8946	41.2953	140.11	30.0463	0.296852	74.4065	8.88349	0.0904571	0.0	6.36964	0.0	26.8976	0.0	26.2955	0.0	0.0	0.0	0.220382	0.0784242	0.0	189.828	0.0	0.0	0.0	0.0	0.434375	0.0	0.0	77.1092	0.0	0.230205	15.5014	44.2607	0.0	3.0491	31.5065	0.0391757	0.0	0.39448	16.8612	0.0	0.538165	0.0	0.0	94.0047	24.5375	0.0	23.8019	0.682824	0.0	52.5592	7.74916	0.0	0.0646519	4.90102	0.108085	0.0	0.0	0.0273012	0.309655	0.0649174	0.106717	0.0	0.0249722	0.0619897	0.0	0.0	0.0	0.0	0.0506647	0.0162002	0.0	0.0582224	0.0828154	0.0	0.0	0.0901669	0.0	44.1833	0.0	0.0	0.0	0.0	3.67139	0.0	0.0	0.0	0.0	0.0175931	0.0	0.0	0.0154294	0.282734	0.0	0.029071	0.0	0.0	0.0	0.0	0.028793	0.0	0.0	33.5656	100.497	0.0	0.0	7.74916	47.4335	0.12883	0.249485	0.051281	0.0	0.129645	0.0	0.0	0.0	0.345517	0.0	0.0	0.0	0.0	0.0	0.0	0.0	0.0	0.0253934	0.0	0.055758	0.0	0.104685	0.102065	0.0	0.549388	0.575121	0.0243378	0.0	0.0838588	0.0	0.0	0.0	0.0	0.0	0.0	0.0	0.0	0.0	0.0	0.153619	0.0	0.0	2.05496	109.118	6.51012	0.0414892	0.0	0.0	0.0600226	0.765348	0.0	0.0	0.0798353	0.160889	0.0	0.0	0.0	0.0	0.0	0.0	0.0	0.0	0.0	0.0	0.0	0.0772033	0.0	0.130598	0.171155	0.159671	0.0	59.5252	0.0	0.0	21.6361	0.0	0.0	0.0	0.0550301	0.431567	0.0	0.0	0.0	0.0	0.0	0.322086	0.0	0.0	0.0	0.0305457	30.4587	0.0	0.0	0.382216	0.548867	0.0	0.216169	0.0186518	0.0994175	0.0	0.471264	0.027515	0.25163	0.0	0.0612244	0.0	10.4681	1.10929	8.48028	4.27896	0.154974
N61_2_3	0.0	0.0	0.0161443	0.0	0.528029	0.0	0.0737903	0.200131	0.00814823	0.0	0.0	0.154589	0.0	0.0	0.0	0.0	0.0701607	0.0	0.995032	2.57408	5.87212	2.57408	0.0	1.83428	0.0571723	0.0	0.0467422	0.153243	0.0	0.592958	0.236508	0.724727	0.0	0.0	0.0	0.197277	0.141574	0.0	182.146	0.0163542	0.0366024	0.0366024	0.0366024	0.132951	0.0	0.0	3.54329	0.373938	0.218282	1.35381	2.12147	0.0261544	0.536507	7.55751	0.0	0.0	1.84969	3.03208	0.0	0.109195	0.0990622	0.0	5.53047	1.40953	0.0	3.39929	0.522947	0.0	3.87503	1.16782	0.0	0.0848815	0.759444	0.0202424	0.0	0.0	0.197141	0.268845	0.156255	0.192649	0.0364097	0.0	0.00508665	0.0	0.0	0.0	0.0	0.0997766	0.0	0.0	0.0	0.0951374	0.0	0.0	0.00739876	0.0446313	3.20959	0.0	0.0	0.0	0.0	0.342173	0.0	0.00992517	0.0	0.00864731	0.138588	0.0117252	0.0	0.0	0.0	0.021686	0.0381674	0.0	0.0437838	0.0	0.0	0.047253	0.067327	0.0	7.59582	10.9017	0.0	0.0	1.16782	1.04589	0.0507421	0.268591	0.0336635	0.0	0.0243158	0.0	0.0	0.0974344	0.0	0.0	0.0	0.104028	0.0	0.0954185	0.0	0.0	0.126107	0.0	0.104552	0.0732047	0.0	0.229068	0.619758	0.103638	0.32786	0.0111041	0.111836	0.0	0.0917486	0.0	0.0	0.137327	0.0576487	0.0	0.0	0.0298827	0.0165896	0.0	0.0	0.0453794	0.0	0.0	0.328598	0.878456	0.828005	0.0544712	0.0	0.0	0.0168865	0.111111	0.0	0.0	0.0	0.171626	0.0	0.0	0.0	0.0	0.0	0.0	0.0	0.0	0.0	0.0529427	0.0	0.00506802	0.0	0.316546	0.176558	0.104816	0.0	4.67898	0.0	0.0	0.877485	0.0	0.0	0.0578899	0.0903113	0.270125	0.176251	0.0	0.0	0.0363858	0.0541868	0.270899	0.0435085	0.0264545	0.0	0.0	2.4227	0.0	0.0996808	0.0716875	0.0720609	0.0	0.0709523	0.0986502	0.0351414	0.179684	0.42784	0.0541868	0.158575	0.131144	0.00502385	0.0	1.40429	0.428349	1.67705	0.487499	0.0
N61_2_4	0.0	0.0	1.63527	0.465591	88.5928	0.429623	0.0	20.6575	0.235812	1.89992	7.91321	2.23692	0.0	4.71069	0.0	0.0	1.62437	8.99794	13.7126	100.568	54.0086	100.568	121.25	0.0	3.30916	27.4959	0.0	0.0	49.2027	0.0	49.6233	0.0	48.6477	0.698793	0.0	5.89955	7.82193	0.0	7536.45	5.67955	10.5928	10.5928	10.5928	0.0506269	0.0	11.6786	6.5107	0.0	0.0	0.430547	0.0	0.378458	0.0746473	31.539	0.0	0.0	1.07061	26.1259	0.0	0.0	0.0	0.0	11.8252	5.90414	0.0	29.3403	19.4583	0.0	17.3109	10.8838	0.0	0.0	1.59844	0.0	0.0	0.0	8.81728	31.8809	4.93316	50.1778	0.0	0.0	0.0	0.0	0.0	0.0	0.0	0.0	0.0	0.0	0.0	10.2265	0.0	0.0	0.0	0.0	13.3819	0.0	0.0	0.0	0.0	0.0	0.0	1.14895	0.0	0.0	0.0	0.0	0.0	2.345	0.0	0.0	12.1503	0.0	1.26711	5.16878	8.52888	10.3931	30.6882	0.0	44.3283	0.83245	8.38552	0.0	11.1702	6.05369	0.0	18.2004	12.1779	0.0	0.351853	0.0	0.0	0.0	0.0	0.0	0.0	0.0	0.0	2.76144	15.4003	0.0	11.47	0.964839	0.0	1.58892	0.0	0.0	0.0	0.0	5.69301	17.3532	0.0	0.0	1.59314	0.0	11.3018	0.0	0.0	0.0	0.0	0.0	0.0	0.0	0.0	0.0	0.0	0.0	2.00204	0.0	5.41092	6.30564	0.0	0.0	0.0	0.0	0.0	0.0	14.1559	21.7779	0.0	0.0	0.0	0.0	0.0	0.0	0.0	0.0	0.0	0.0	0.0	0.0	0.0	85.5019	97.5473	87.5352	50.051	106.29	0.0	0.0	2.36229	0.0	0.0	0.0	6.27272	29.9353	4.25062	0.0	0.0	0.0	7.31817	33.8454	3.35772	0.0	0.0	0.0	1.97107	5.26853	7.50044	0.0	0.0	0.0	0.0	0.0	0.0	10.4002	46.2889	3.13636	8.79598	1.89767	0.0	0.0	8.32796	13.6362	10.7854	8.06191	94.2137
N62_1_2	0.0	0.0	0.0	0.0	0.0341861	0.0	0.0	0.0511803	0.0	0.0	0.0	0.0	0.0	0.034486	0.0	0.0188006	0.0	0.0	2.54464	13.4948	49.4534	11.8079	0.249174	24.9287	0.731046	0.0	0.119536	2.01547	0.0	14.3215	0.0	15.8379	0.0	0.0	0.0	0.0168168	0.0329141	0.0188206	202.82	0.0	0.0936049	0.0936049	0.0936049	0.275134	0.0	0.0	1.86981	0.0	0.0429401	5.85906	14.0351	0.033443	1.22032	21.1448	0.0	0.0	6.244	8.00501	0.0	0.0	0.0	0.0	28.8942	6.73504	0.0	8.69315	0.114631	0.0	15.3857	6.96011	0.0	0.0	2.89559	0.0	0.0	0.0	0.274995	0.0670761	0.0	0.0	0.0	0.0	0.0	0.0186421	0.0186421	0.0186421	0.0	0.0	0.0	0.0	0.0	0.0	0.0	0.0	0.0	0.0	12.7062	0.0	0.0	2.72174	0.0	0.0	0.0	0.0	0.0	0.0	0.0295348	0.0	0.0	0.0	0.0862991	0.110917	0.0	0.0	0.0	0.0	0.0	0.0	0.0860892	0.0	20.9342	46.3432	0.0	0.0	6.96011	11.8452	0.0	0.0502594	0.129134	11.0375	0.0621839	0.0	0.0	0.0	0.0	0.0	0.0	0.133017	0.0	0.0	0.0	0.0	0.0921423	0.0426297	0.0	0.0936049	0.0	0.0	0.0	0.0662596	0.0	0.085191	0.0	0.0	0.0938532	0.0	0.0	0.0	0.0	0.0	0.0	0.0	0.0	0.0	0.0	0.0	0.0	0.0	0.309598	43.1519	1.63935	0.0	0.0	0.0	0.0	0.0	0.0	0.0	0.0446751	0.016881	0.0	0.0	0.0	0.0	0.0	0.0	0.0	0.737139	0.0	0.0451309	0.0	0.0	0.0	0.0505948	0.0	0.0	0.0	16.9837	0.0	0.0	5.32305	0.599706	1.02771	0.666201	0.0	0.0673955	0.0	0.0	0.0	0.0581569	0.0923829	0.0506915	0.0	0.0	0.0	0.0	10.4506	0.0	0.0	0.0	0.0	0.0	0.0	0.220747	0.0	0.091903	0.0673314	0.0	0.0	0.0	0.0	0.0	5.91673	0.0	2.79964	0.356201	0.0
N62_1_3	0.0	0.0	0.0	0.0	0.334906	0.0	0.0	0.03714	0.0	0.0	0.0	0.0	0.0	0.0	0.0	0.0	0.0	0.0	0.0329745	0.761327	2.5079	0.626975	0.271227	1.02121	0.0	0.0	0.130115	0.0609402	0.0	0.550203	0.0	0.550203	0.0	0.0	0.0	0.0	0.0537407	0.0	222.193	0.0	0.0	0.0	0.0	0.029218	0.0	0.0	0.0	0.0	0.0	0.165652	0.770284	0.0364028	0.0430807	0.197847	0.214763	0.0	0.0	0.43704	0.0	0.0894015	0.0	0.0	0.793561	0.180697	0.0	0.498028	0.0789225	0.0	0.917004	0.358143	0.0	0.0	0.153749	0.0	0.0	0.0	0.0	0.109519	0.0790846	0.0	0.0	0.04468	0.0	0.0	0.0	0.0	0.0	0.0	0.0	0.0	0.0	0.0	0.0	0.0	0.0	0.0	0.630966	0.0	0.0	0.0	0.0	0.0	0.0842761	0.0	0.0	0.0	0.0642975	0.0	0.0	0.0	0.0	0.0603671	0.0796845	0.0	0.0	0.0	0.0	0.10523	0.32798	0.0	0.698987	2.3621	0.0	0.0	0.358143	0.041592	0.0470833	0.109415	0.0937085	0.213021	0.0342653	0.0	0.0	0.0	0.0	0.0	0.0	0.0	0.0	0.0	0.0	0.0	0.200595	0.0	0.0	0.152834	0.0	0.0	0.0	0.036062	0.0	0.063138	0.177895	0.427935	0.153239	1.36575	0.0	0.0	0.0	0.213968	0.466839	0.0	0.0	0.0	0.0	0.0	0.0	0.0	0.0	0.713225	0.148703	0.0	0.0	0.0	0.0156689	0.0134477	0.0	0.0	0.048629	0.128626	0.0	0.0	0.0	0.0	0.0	0.0	0.0	0.0	0.188795	0.0	0.0	0.0	0.0	0.275364	0.17872	0.166728	0.0	0.746942	0.0	0.0	0.170417	0.489587	0.15981	0.0	0.0	0.220081	0.0	0.0	0.0	0.0253216	0.0	0.165534	0.0	0.0	0.0	0.0	0.352099	0.0	0.0	1.19733	0.0	0.0	0.0	0.102979	0.0	0.0	0.128258	0.0502796	0.0919632	0.0	0.0	0.0707981	0.19225	0.0	0.129677	0.0	0.566385
N62_1_4	0.0	0.0	0.0	0.0713072	273.505	0.0	0.0272552	71.7272	0.00601925	0.0060621	17.048	20.6127	0.00174177	0.0	0.0	2.38953	8.14753	43.8686	1.34759	98.5227	36.3072	94.4939	64.4911	1.00658	0.0	0.0	0.0357367	0.145548	68.2967	0.827389	72.2874	0.827389	0.0	0.107023	0.0128401	26.4844	16.4387	0.0	369.954	5.56943	0.0	0.0	0.0	0.359256	0.0	0.0	0.0	0.0	0.0	0.24178	0.613242	0.048302	0.609736	36.735	0.0	0.0	0.13664	16.4618	0.0	0.0	0.0	0.0	23.6073	7.11749	0.362151	115.423	52.7591	0.0	34.6517	15.1263	0.0	0.0	0.33661	0.0	0.0	0.0	28.1334	95.8565	17.2933	170.867	0.0	0.0	0.0	0.0	0.0	0.0	0.0	0.0169217	0.0	0.0	0.0	21.4153	0.0	0.0	0.0	0.0	20.1936	0.00582044	0.0	0.0	0.0	6.05549	0.0	0.0220274	0.0	0.0	0.0	0.0173232	0.0	5.45453	0.0	25.6158	26.6725	0.0	0.0	0.0	0.0	59.7813	191.744	0.0	57.772	1.65741	0.0	0.0	15.119	7.49444	0.0374842	43.4863	95.331	0.0904486	0.161663	0.0	0.0	0.0	0.0	0.0	0.0	0.0	0.0393104	0.0	0.0436782	0.0	39.0329	7.42539	0.810962	99.3678	113.546	0.0	0.0	0.00956994	0.0484393	48.0274	307.423	364.084	278.765	236.236	24.4596	0.0380423	0.0	336.715	96.0126	0.0	0.0	0.0	0.0	0.0	0.0	0.0	0.0383276	0.135194	0.355159	0.0	2.38447	2.67711	0.0956371	0.0	0.0	0.0	49.2839	81.5364	0.0	0.0	0.0	0.0	0.0	0.0	0.0	0.0	0.0	0.0	0.0	0.00374659	0.0	316.997	241.111	305.835	196.181	202.134	3.38359	0.143549	0.180897	0.064962	0.0424095	0.0427644	42.9242	98.9752	14.973	0.620883	0.0	0.0100796	21.2153	96.0374	13.2205	0.0	0.0151194	0.0	0.280314	290.18	300.848	417.248	378.512	31.6776	89.549	0.0	0.0	42.0907	128.867	34.9852	40.585	9.95428	0.00371122	0.0	10.7139	34.6807	36.3919	12.8959	117.012
N62_2_2	0.072935	0.0	0.023489	0.0	1.28366	0.0	0.0178934	0.375295	0.0	0.0	0.0795654	0.187431	0.00228699	0.0	0.0	0.0499151	0.0408318	0.301574	4.06737	7.06893	19.4747	5.14955	1.18134	10.675	2.38455	0.316782	0.045338	0.849369	0.852968	3.13134	0.97496	3.13134	0.0627104	0.0	0.0	0.216864	0.193498	0.021415	190.819	0.11104	0.0	0.0	0.0	0.209555	0.0	0.0	0.654636	0.0	0.0	2.07794	5.27855	0.0253687	0.577932	19.6934	0.0498886	0.0	4.44942	10.4695	0.0	0.0	0.0640574	0.0	16.5354	5.90949	0.0	6.42079	0.391297	0.0	10.2752	3.11982	0.0	0.0	1.3929	0.0589029	0.0	0.0	0.278135	0.508817	0.330678	0.866357	0.0	0.031137	0.0493384	0.0	0.0212119	0.0	0.0	0.0322597	0.0103152	0.0	0.0	1.05462	0.0236768	0.0	0.122	0.0	9.29553	0.0	0.0	0.0	0.0	1.1977	0.0293655	0.0385633	0.0	0.0	0.11202	0.0	0.0214606	0.0	0.0	0.0841382	0.194359	0.0	0.0	0.0	0.0	0.229167	0.408152	0.0	17.6214	14.5779	0.0	0.0	3.13902	7.36218	0.0164059	0.254167	0.293869	1.29153	0.412743	0.0	0.0	0.141761	0.550001	0.424685	0.0	1.00903	0.0	0.416484	0.286753	0.0	0.209688	0.0161687	0.0507054	0.177514	0.139792	0.355498	1.23477	0.0251312	0.795026	0.323115	0.418408	0.298223	0.302574	0.333121	0.0811696	0.0	0.0	0.298223	0.122	0.0	0.0	0.0	0.0	0.0342348	0.0	0.0	9.37725	17.1833	1.83943	0.0792522	0.0498093	0.0498093	0.0709766	0.337375	0.0	0.0	0.118611	0.300926	0.0	0.0	0.155444	0.0	0.0277273	0.0	0.0552265	0.559168	0.197353	0.0	0.0	0.00983153	0.0	1.54797	1.29218	1.36524	1.25813	12.3464	0.0642546	0.0	2.71172	0.312755	0.389794	0.252678	0.105118	0.536801	0.284926	0.0	0.0	0.0308811	0.105118	0.487069	0.211007	0.0	0.0	0.136145	6.60621	0.0	0.0	0.382436	0.034948	0.0860259	0.0	0.0478433	0.0584327	0.366001	0.702285	0.140157	0.192264	0.0954031	0.0243646	0.0	4.35425	1.0387	3.34371	2.63447	0.493384
N62_2_3	0.0921057	0.0	0.0197753	0.0394127	2.21872	0.0	0.0	0.621025	0.0199617	0.0	0.100479	0.0946785	0.0	0.0	0.0	0.0270151	0.137505	0.571262	1.66863	2.7983	2.42388	2.32535	0.895112	1.41229	1.05046	0.545519	0.0	0.0	0.933546	0.645617	1.23123	0.564915	0.237581	0.0295767	0.0	0.362469	0.228594	0.0	216.114	0.140227	0.0448345	0.0448345	0.0448345	0.077141	0.0	0.0	0.206676	0.0	0.0	0.0364461	0.282458	0.0320368	0.0410732	3.30824	0.0	0.0	0.317198	2.70438	0.0	0.0157358	0.0202237	0.0	1.74596	1.04502	0.0	2.59325	0.768675	0.0	1.50786	0.909198	0.0	0.0	0.169136	0.0309939	0.0	0.0149712	0.285385	1.1807	0.173998	1.37296	0.0	0.12048	0.0124614	0.0	0.0	0.0	0.0	0.0	0.00651324	0.143016	0.0	0.216421	0.0358803	0.0	0.0362512	0.0	1.32159	0.0	0.0	0.0	0.0	0.109338	0.0	0.0365247	0.0	0.0	0.155611	0.0	0.0	0.248133	0.0	0.398451	0.233758	0.0	0.0536312	0.0	0.113996	0.347284	0.824693	0.0	3.21417	1.10986	0.0	0.0	0.909198	0.439243	0.0207182	0.553681	0.680372	0.206219	0.0148923	0.0	0.0	0.358045	0.416741	1.07262	0.0	0.0	0.0	0.759713	0.362125	0.0	0.419273	0.0204186	0.0640332	0.672518	0.088268	0.0841761	0.287245	0.0634736	0.160639	0.394443	1.44817	0.75322	0.966499	0.480779	0.170841	0.0	0.0	0.75322	0.25678	0.0	0.0	0.0	0.0	0.0	0.0	0.0	1.61001	1.79338	0.621625	0.133444	0.0269578	0.00898592	0.0	0.100596	0.0261535	0.0	0.299576	0.477051	0.0	0.0	0.0	0.0	0.0	0.0	0.0	0.0	0.249227	0.1297	0.0	0.0124157	0.0131784	2.14872	2.65418	1.94419	1.17691	2.86566	0.0579598	0.0	0.174974	0.143622	0.457089	0.0354549	0.376118	0.992636	0.125936	0.0	0.0	0.0668539	0.154872	0.906454	0.0710585	0.0	0.0	0.0	1.41825	0.390237	0.14652	0.0439053	0.22067	0.0543188	0.0	0.045314	0.0122986	0.396174	1.43513	0.331869	0.33992	0.0	0.024615	0.0	1.18435	0.629627	1.05565	0.227483	0.747682
N62_2_4	31.162	0.0	5.0608	0.341908	254.949	0.0157747	0.137219	63.898	0.22512	1.89226	21.0652	20.4104	0.0	0.0	0.0	2.00767	4.95039	50.5487	175.506	282.485	89.7168	277.271	211.368	0.0556896	111.42	128.69	0.0	0.0	184.15	0.0	259.297	0.0	35.175	0.500332	0.0	21.4661	16.9313	0.0	519.479	7.6117	4.95903	4.95903	4.86179	0.225857	0.0	0.673844	0.0	0.0	0.0	0.0	0.0	0.0416883	0.740037	33.3817	0.0	0.0	0.314483	37.4538	0.0	0.0	0.0	0.0	26.7384	8.24774	0.405175	141.349	60.0149	0.0	41.5361	40.3308	0.0	0.0	1.1298	0.0	0.0	0.0	28.5662	90.9368	13.2379	152.511	0.348207	0.540005	0.0	0.0	0.0	0.0	0.0	0.0590444	0.0	0.0	0.0	24.5805	0.00518774	0.0	0.0	0.0	22.188	0.0	0.0	0.0	0.0	5.35914	0.0	0.137304	0.0	0.0	0.0981774	0.0	0.0	7.66315	4.98436	26.7771	30.4688	2.40034	2.0006	2.77087	3.11512	52.6121	166.373	0.0	57.0739	0.0611312	3.19443	0.246403	39.6682	6.55718	0.0	33.5391	88.427	0.14637	2.2867	9.80137	0.570628	30.1289	62.0017	66.9967	3.22728	0.0	0.0	97.1857	53.4049	0.0	36.6211	5.06601	0.388845	50.4265	44.9485	0.0	8.65036	1.12881	1.35872	74.1711	112.422	147.919	108.55	93.1652	21.7863	0.0	0.0	135.177	37.1561	0.0	0.0	0.0	0.0	0.0	0.0	0.0	0.459439	0.0	3.32074	0.0578821	2.00341	2.03459	0.0478505	1.39115	0.0	0.0	34.6946	54.5505	0.0	0.0	0.0	0.0	0.0	0.0	0.0	0.0	0.0	0.0	0.0	0.0	0.0	374.237	328.05	352.722	270.712	275.294	2.55426	0.123894	0.0	0.0	0.0305022	0.0307574	31.6689	84.6138	11.9084	0.996168	0.0	0.0	21.4197	82.5745	10.4178	0.0	0.0	0.0	1.32339	23.2621	40.3565	46.0868	39.9712	15.5031	12.1009	0.0767064	0.0	43.3997	118.218	31.1699	32.5074	12.1588	0.00533844	0.0	19.9493	28.4027	34.7503	15.3434	117.292
N63_1_2	0.0	0.0	0.0	0.0	0.0731415	0.0	0.0504676	0.0365002	0.0	0.0	0.0	0.0	0.0	0.0	0.0	0.0	0.0	0.0	1.5231	8.93453	26.9356	6.24977	0.399832	9.74943	1.72049	0.0	0.0	1.73682	0.0	11.3552	0.0	11.175	0.0	0.0	0.0	0.125929	0.052815	0.0	229.551	0.0	0.0	0.0	0.0	0.0454649	0.0	0.0	0.0	0.0	0.0	1.99429	5.80378	0.0357757	0.945563	2.91658	0.0	0.0	0.0	10.1472	0.0	0.0	0.0903359	0.0	17.3916	2.28322	0.0	5.62866	1.70639	0.0	10.6248	1.89524	0.0	0.0	1.62433	0.0	0.0	0.0	0.0490294	0.0896937	0.0	0.0	0.0	0.0	0.0	0.0	0.0	0.0	0.0	0.0	0.0	0.0	0.0	0.0	0.0	0.0	0.0	0.0	7.39156	0.0	0.0	0.0	0.0	0.0	0.0	0.0543832	0.0	0.0	0.0631899	0.0	0.0	0.0	0.0	0.0	0.026104	0.0	0.0	0.0	0.0	0.0	0.0920942	0.0	2.91952	52.6448	0.0	0.0	1.89524	6.74446	0.0925446	0.10753	0.0	38.4369	0.0673501	0.0	0.0	0.0	0.0	0.239562	0.0	0.0	0.0	0.0	0.0	0.0	0.0492848	0.0	0.0476709	0.0	0.0	0.0626668	0.0	0.0708815	0.0	0.0669924	0.0	0.0	0.0	0.0	0.0	0.0	0.0	0.0	0.0	0.0	0.0	0.0	0.0	0.0	0.0	0.0	0.0	40.8548	1.24221	0.0	0.0	0.0	0.0	0.0	0.0	0.0	0.0	0.0180586	1.41763	1.1341	4.67654	0.0	0.156408	1.05532	2.25858	14.0363	17.2555	0.0	0.0	0.0	0.0	0.180413	0.0	0.0	0.262852	13.5116	0.0	0.0	4.01955	24.8596	42.3269	16.629	0.0494135	0.0720966	0.0401812	0.0	0.0	0.335953	0.0494135	0.0361516	0.0	0.0	0.0	0.0	5.24374	0.0	0.0	0.0	0.0	0.0	0.0	0.337351	0.0	0.0491568	0.090035	0.0	0.0	0.0	0.0	0.0	1.76343	0.0	0.0	0.190524	0.0
N63_1_3	8.49647	0.0	0.0	0.0	20.1546	0.0	0.0	4.50793	0.0	0.0	1.2722	0.94188	0.0208957	0.0	0.0	0.260607	0.466338	2.5832	12.2563	32.7926	70.1476	27.339	9.17459	31.6989	9.24685	7.49903	0.0	3.2497	7.53359	17.5165	9.16998	17.0786	0.716213	0.0	0.0	2.3748	1.52557	0.0	200.828	0.253638	0.0	0.0	0.0	0.284873	0.0119183	0.0	0.498438	0.0	0.0	6.95481	18.8011	0.0289735	1.73728	9.65809	0.0	0.0	0.0	11.3485	0.0151005	0.0	0.0	0.0	42.7176	10.6837	0.0	20.6121	3.60829	0.0	24.527	3.31097	0.0	0.0	1.95794	0.0224242	0.0	0.0	0.992679	6.46493	0.849749	16.7627	0.0	0.0	0.0	0.0	0.0	0.0	0.0	0.0	0.0	0.0	0.0	1.86694	0.0	0.0	0.0	0.0	18.6615	0.0	0.0	2.35799	0.0	0.0659224	0.0	0.484473	0.0	0.0	0.0	0.0	0.0	0.448813	0.0	1.63359	1.71239	0.0	0.0	0.0	0.0	4.27145	10.2553	0.0	12.128	64.2075	0.0	0.0	3.31097	21.087	0.0749485	3.42534	6.52608	24.5842	0.457923	0.0	0.0	7.77142	15.7039	1.74611	0.0	0.11524	0.0	23.8889	12.183	0.0	2.23518	0.406257	0.115821	7.46074	12.6128	0.0	0.0371113	0.0574044	0.0	2.80461	37.5564	39.5095	23.5799	22.7187	1.97767	0.0	0.0	36.1035	9.9393	0.0	0.0	0.0	0.0	0.0	0.0	0.0	0.0	63.984	3.19558	0.241369	0.260054	0.292561	0.0124711	0.0107032	0.0	0.0	4.18008	6.68361	0.344426	0.344426	0.887662	0.237627	0.0	0.683731	1.63992	9.45163	14.2751	0.0	0.234896	0.0	0.0	16.3205	11.2374	15.2938	10.1115	34.7411	0.377408	0.0	8.68076	8.76754	15.5178	6.79773	2.84129	7.22557	0.650826	0.0	0.0	0.16123	1.56071	6.8071	0.546244	0.0	0.0	0.044426	11.6623	0.0	0.0	0.0	0.0	0.0	0.0	0.163925	0.0	2.10995	9.21659	2.36107	2.41542	0.435838	0.0	0.0	16.0665	3.13183	9.39228	1.23439	8.56507
N63_1_4	76.3421	0.0	0.0	0.0582651	277.515	0.0	0.0668107	71.1676	0.0	0.00990669	20.2677	23.701	0.0	0.0	0.0	2.02349	5.08195	47.1991	138.655	204.219	107.402	194.839	142.032	14.9944	82.8922	74.3018	0.175203	1.26856	160.232	18.2934	214.922	18.2139	21.6198	0.0145748	0.0	26.4115	15.887	0.0	518.73	4.14605	0.0	0.0	0.0	2.97033	0.0	0.0	0.271588	0.0	0.0	3.21482	8.40701	0.0315741	4.4746	34.0346	0.0	0.0	0.0446596	24.0234	0.0	0.0	0.0	0.0	34.3575	7.70204	0.394551	96.9763	41.0532	0.0	40.1241	21.2069	0.0	0.0	1.95031	0.0	0.0	0.0	23.8641	96.1393	10.7007	174.152	0.0	0.0	0.0	0.0	0.0	0.0	0.0	0.0335395	0.0	0.0	0.0	20.5912	0.0	0.0	0.0	0.0	23.0838	0.00951177	0.0	0.0	0.0	6.80679	0.0	0.0119818	0.0	0.0	0.0	0.0141548	0.0	5.63685	0.0	23.1429	28.9705	0.0	0.0	0.0	0.0	60.8324	171.497	0.0	59.5658	67.4705	0.0	0.0	21.1472	15.5844	0.0408378	38.4668	94.0186	50.3667	5.32783	0.0	0.0	80.1611	153.131	8.77419	0.0	0.0	0.0642411	181.253	116.99	0.0	34.6668	7.60676	0.631083	124.386	183.642	0.0	0.0	0.0312784	0.0395798	40.6977	447.693	614.844	339.88	392.631	27.8153	0.0	0.0	563.53	151.843	0.0	0.0	0.0	0.0	0.0	0.0	0.0	0.0208783	15.9073	2.06365	0.0	2.0192	2.2406	0.0815428	0.0	0.0	0.0	51.2468	75.1381	0.750682	0.656847	2.12814	0.0	0.0	0.0	2.06206	18.5121	29.5162	0.0	0.0	0.0	0.0	244.115	194.096	209.163	144.061	167.766	2.84471	0.328423	5.56756	29.3005	50.4546	22.2586	41.9965	96.2949	9.00739	0.624399	0.0	0.280025	20.3441	91.4021	7.91364	0.0	0.0	0.0	4.60439	0.0	0.0	0.0	0.0	0.0	0.0	0.177374	0.0	31.3012	125.246	30.8542	39.7865	11.5573	0.0	0.0	172.126	61.0708	113.938	16.6747	135.832
N63_2_2	1.76391	0.0	0.0	0.0198629	3.77951	0.0	0.0	1.10366	0.0	0.0	0.101277	0.477153	0.0	0.0	0.0090862	0.00907655	0.22522	0.0959666	3.18826	11.5999	35.2764	8.1835	0.721777	17.9879	2.1882	0.146627	0.0	1.62171	1.15811	6.10074	1.387	6.01939	0.0	0.0745291	0.0	0.316635	0.301915	0.0181724	217.56	0.0	0.0	0.0	0.0	0.0421166	0.0	0.0	0.0	0.0	0.0	3.83887	11.445	0.0	0.735637	2.69101	0.031751	0.0	0.0913479	2.84701	0.0168296	0.0475823	0.0	0.0	21.2353	5.03761	0.0	3.35015	0.166024	0.0	11.4094	2.9081	0.0	0.0	0.767158	0.00624801	0.0	0.0	0.132762	1.43295	0.315685	2.57312	0.0	0.0	0.0	0.0	0.0180001	0.0	0.0	0.0	0.00656497	0.0	0.0	0.419501	0.0241102	0.0	0.0	0.0	9.74998	0.0	0.0	0.0	0.0	0.0183678	0.0	0.024508	0.0	0.0320289	0.0855529	0.0	0.0182112	0.0875362	0.0208318	0.374841	0.200272	0.0	0.0	0.0147006	0.0383006	0.653412	1.5378	0.0	3.36371	21.6633	0.0	0.0	2.9081	12.7101	0.0	0.687488	1.14296	0.623571	0.180127	0.0	0.0	2.94726	5.53067	0.108114	0.0	0.321091	0.1314	2.65066	2.55501	0.0	0.311392	0.0411616	0.0430279	1.03938	1.1566	0.0	0.0	0.0159944	0.0	0.0411286	4.93131	4.93482	4.28184	3.27103	0.172198	0.0	0.0	4.27052	1.2941	0.0	0.0	0.0131806	0.0	0.0124505	0.0	0.0	0.0	30.1873	1.68182	0.0336261	0.0090573	0.0090573	0.00694958	0.0119288	0.0922642	0.0	0.49607	0.969831	0.0	0.0	0.0	0.0	0.0	0.0	0.0	0.498227	0.502414	0.0	0.0	0.0	0.0	1.36787	0.515236	1.2941	0.0	13.2101	0.011684	0.0	5.03896	0.940961	1.0632	0.500311	0.490608	1.41537	0.199472	0.0	0.0	0.0730003	0.156102	1.31338	0.179057	0.0	0.0	0.0	5.66999	0.0	0.0492278	0.22127	0.222423	0.0	0.0876003	0.167471	0.0	0.19966	2.01539	0.356805	0.628137	0.161915	0.0124053	0.0314008	4.56185	0.475971	1.2941	0.171967	2.00965
N63_2_3	13.6737	0.0	0.00906105	0.0	40.3797	0.0	0.0	10.3787	0.0	0.00921153	1.90296	3.25363	0.0	0.0	0.0	0.214557	0.960821	4.9733	8.85566	16.7586	6.37479	15.9821	10.5543	0.764767	5.71168	4.36591	0.0	0.0491476	14.741	0.739555	19.3801	0.739555	1.52404	0.0406561	0.0	3.92695	2.74495	0.0	181.327	0.458943	0.0	0.0	0.0	0.397643	0.0	0.0	0.0	0.0	0.0	0.0166996	0.258844	0.0293585	0.512477	6.16971	0.0288674	0.0	0.124577	2.23597	0.00765056	0.0721014	0.018533	0.0	4.13866	1.3428	0.0	10.7108	3.68979	0.0	4.43733	2.86617	0.0	0.0	0.371991	0.0170417	0.0	0.0	3.27914	14.9344	1.67425	26.7756	0.0	0.0368025	0.0171294	0.0	0.0	0.0	0.00594588	0.0623721	0.0179062	0.0	0.0	3.28005	0.00548011	0.0	0.0	0.0	2.90055	0.0	0.0	0.0	0.0	0.517688	0.0	0.0222821	0.0779455	0.0194133	0.0648191	0.0	0.0	0.818599	0.0189398	2.43427	3.3739	0.0	0.0245738	0.0267309	0.0	7.71228	22.049	0.0	10.1189	0.74263	0.0	0.0	2.85506	1.543	0.0	6.00783	11.8653	0.412318	1.13273	0.0	0.0	13.6713	22.3412	1.47443	0.0	0.0	0.0	31.1148	24.8889	0.0	4.73199	1.04785	0.1956	15.3252	19.4942	0.025713	0.0	0.0	0.0	1.96938	61.3156	63.9345	46.3654	42.7368	3.00593	0.0	0.0	56.7731	17.7896	0.0	0.0	0.00599176	0.0	0.00565573	0.0	0.0	0.0582399	0.739555	0.14991	0.0305721	0.214102	0.255276	0.0126368	0.0	0.0479341	0.0	7.76532	12.1815	0.0	0.0	0.0	0.0	0.0	0.0	0.0	0.0	0.114196	0.0	0.0	0.0	0.0	22.5039	15.4586	18.6401	10.192	10.2596	0.350555	0.0	0.137439	0.0	0.322213	0.0649818	5.7581	13.7039	1.20354	0.0725731	0.0	0.0510541	2.73712	14.0176	1.09073	0.0	0.068923	0.0675245	0.491476	0.204351	0.29092	0.281644	0.202222	0.0	0.0796443	0.138419	0.0	4.76004	19.3579	5.1093	5.78505	1.4721	0.0	0.0	23.4381	7.71724	13.1514	1.79801	10.2776
N63_2_4	80.6389	0.0	0.593563	0.186088	305.514	0.0367954	0.0609658	78.3862	0.0201963	0.596641	20.8742	24.4587	0.0	0.0	0.0	2.34453	4.83445	51.1188	17.7241	112.968	38.2144	109.645	66.8558	0.0	10.3447	4.39091	0.0799377	0.0	103.897	0.0	110.696	0.0	2.67082	1.45632	0.0	28.0453	17.152	0.0	460.818	0.445894	0.0	0.0	0.0	2.83212	0.0	0.523925	0.0	0.0	0.0	0.0	0.0381036	0.0648266	3.54824	40.7135	0.0	0.0137063	1.40596	12.1688	0.0	0.0	0.0	0.0	22.6267	10.0903	0.0	50.4298	18.9243	0.0	24.6599	23.4836	0.0	0.0	2.28166	0.0	0.0	0.0	26.4011	105.621	8.98996	191.174	0.16545	0.189615	0.0	0.0	0.0	0.0	0.0	0.0224139	0.0	0.0	0.0315776	24.3556	0.0	0.0	0.0	0.0	17.1541	0.00650233	0.0	0.0	0.0	5.17472	0.0	0.0903319	0.0	0.0	0.0	0.0193747	0.0	7.24695	0.0	25.4602	32.1017	1.45805	0.0	0.0	0.0	65.0963	181.27	0.0	65.3605	0.106944	0.0	0.0	23.41	8.29557	0.0698722	44.236	101.809	0.0	6.46891	0.0	0.0	80.4202	159.614	10.9247	0.0	0.0	0.0879315	212.145	140.397	0.0	39.3242	8.6353	0.835017	136.674	199.985	0.0	0.0	0.0535164	0.0270879	4.38528	483.498	660.146	388.536	400.332	29.8914	0.028365	0.0	605.086	161.663	0.0	0.0	0.0	0.0	0.0	0.0	0.0	0.457244	0.0	1.80956	0.0	2.33956	2.54563	0.0465057	0.00798261	0.0	0.0	58.1514	83.2899	0.0	0.0	0.0	0.0	0.0	0.0	0.0	0.0952591	0.0	0.0	0.0	0.0	0.0	116.463	60.2984	77.4321	16.5513	35.2286	3.27608	0.224769	0.0	0.0	0.0948639	0.0	46.4407	107.452	6.23735	0.801245	0.0	0.161584	22.7876	103.813	6.00312	0.0	0.0	0.0	1.1415	2.14333	3.04719	6.10053	4.82249	0.329743	2.5207	0.0204492	0.0	37.4851	139.218	36.6511	44.4197	13.4898	0.0	0.0	194.452	57.297	111.482	15.478	135.24
N64_1_2	0.0	0.0	0.0	0.0	0.225239	0.0	0.0	0.0599478	0.0	0.0	0.0	0.0	0.0211881	0.0	0.0165335	0.0	0.0	0.0	0.931424	1.84329	5.45759	1.48186	0.0	2.94346	0.128442	0.0	0.0	0.196728	0.0	2.81227	0.0	2.81227	0.0	0.0	0.0	0.0590931	0.1012	0.0	215.571	0.0944771	0.08223	0.08223	0.08223	0.0844966	0.0	0.0	0.505414	0.0	0.037722	0.969253	1.55415	0.0	0.162253	6.01434	0.0	0.0	0.831095	1.34472	0.0	0.0288607	0.0	0.0	4.82469	1.22915	0.0	1.94268	0.0335669	0.0	3.11609	1.20063	0.0	0.0	0.465314	0.0341071	0.0	0.0	0.0402629	0.0883875	0.0	0.0	0.0	0.0	0.0	0.0	0.0	0.0	0.0	0.0	0.0	0.0	0.0	0.0	0.0658072	0.0	0.0	0.0	2.40353	0.0	0.0	0.0	0.0	0.0	0.0	0.0	0.0	0.0	0.0778371	0.0	0.0	0.0	0.303248	0.194877	0.0643096	0.0	0.147546	0.0	0.0	0.0	0.151255	0.0	4.08986	5.88056	0.0	0.173648	1.20063	1.27554	0.0	0.16189	0.0756276	4.36674	0.0546273	0.0	0.0	0.0	0.0	0.0	0.0	0.0	0.0	0.214365	0.0	0.0	0.0809452	0.0	0.0	0.0	0.0	0.0	0.0	0.0	0.0	0.0550141	0.0	0.0	0.0	0.0	0.0	0.0	0.0	0.0	0.0	0.0	0.0	0.0	0.0	0.0	0.0	0.0	0.0	12.9101	0.240023	0.0	0.0	0.0	0.0	0.0	0.0	0.0	0.0	0.0148297	0.0582078	0.116416	0.0	0.0	0.0	0.0	0.0639567	1.0361	1.90459	0.0	0.0	0.011394	0.0	0.0	0.0	0.134558	0.0	3.27784	0.0	0.0	1.10028	2.30488	1.5477	1.75573	0.0811565	0.0888084	0.0	0.0	0.0	0.102179	0.0811565	0.0445314	0.0	0.0	0.0	0.0	1.55196	0.0	0.0	0.0	0.0	0.0	0.0	0.0554063	0.0902263	0.0807349	0.103511	0.0811565	0.0593753	0.0	0.0225729	0.0	1.24125	0.0	0.209313	0.104305	0.0
N64_1_3	0.174103	0.0	0.0	0.0	0.0773792	0.0343723	0.0	0.015446	0.0	0.0	0.0	0.0	0.0	0.0	0.0	0.0	0.0	0.0	0.0548544	0.8195	4.80525	0.78225	0.0	3.15496	0.0	0.0687446	0.0	0.0	0.0	0.152548	0.0	0.152548	0.0	0.0	0.0	0.060903	0.0149	0.0	220.188	0.0	0.0	0.0	0.0	0.0425297	0.0	0.0	0.0	0.0	0.0	0.964494	2.34923	0.0605576	0.16125	2.30389	0.0	0.0	0.0	1.29503	0.0	0.0	0.0	0.0	3.78435	0.236183	0.0	0.966573	0.13838	0.0	1.8667	1.077	0.0	0.0	0.223797	0.0234345	0.0	0.0	0.0	0.0910947	0.0	0.0	0.0	0.0	0.0	0.0	0.0	0.0	0.0	0.154014	0.0123117	0.0	0.0	0.0	0.0	0.0	0.0	0.0	1.61644	0.0	0.0	0.616057	0.0	0.0	0.0	0.0	0.0	0.0	0.0802212	0.0	0.0	0.0	0.0	0.0	0.0441862	0.0	0.0	0.0	0.0	0.0	0.0	0.0	2.52908	5.49457	0.0	0.0	1.077	0.76109	0.0	0.0910085	0.0	1.55922	0.0563005	0.0	0.0	0.0	0.0	0.608259	0.0	0.0	0.0	0.0	0.0	0.0	0.0	0.0	0.121039	0.0	0.0	0.0	0.0	0.0299953	0.0	0.0771308	0.0	0.0	0.0	0.0	0.0	0.0	0.0	0.0	0.0	0.0	0.0	0.0	0.0	0.0	0.0	0.0	0.0	6.18665	0.432905	0.0	0.0	0.0	0.0	0.055927	0.0	0.0	0.0	0.0458516	0.0	0.119981	0.0	0.0	0.0	0.0	0.0	0.0	0.628137	0.0	0.0	0.0	0.0	0.0610772	0.0743271	0.0	0.0	1.99976	0.0	0.0	0.708739	0.0	0.797551	0.0	0.0	0.137293	0.102022	0.0	0.0	0.0315927	0.0	0.0305969	0.0	0.0153131	0.0	0.0	0.653315	0.0	0.0	0.0	0.0	0.0	0.0	0.0285517	0.0	0.0	0.0914414	0.0	0.0305969	0.0	0.0	0.0	0.559679	0.148769	0.215724	0.0	0.0
N64_1_4	0.0	0.0	0.0	0.0	0.0319964	0.0	0.0	0.0116126	0.00709203	0.0	0.0	0.0	0.0010261	1.85947	0.0160137	0.0	0.0	0.0	3.82507	18.8826	58.6501	15.725	0.0	27.5513	2.23926	0.0	0.061025	3.04868	0.0	18.3788	0.0	17.8054	0.0	0.0	0.0	2.09767	0.0280053	0.0	368.846	0.0142344	0.0	0.0	0.0	0.0262649	0.0	0.0	0.0	0.0	0.0146144	5.06941	16.1969	0.0227642	1.49518	15.9911	0.0	0.0	0.241489	21.659	0.0	0.00279533	0.00718512	0.0	28.7162	9.76215	0.0	21.9045	0.0325115	0.0	22.4585	13.3171	0.0	0.0	2.20535	0.00220232	0.0030166	0.0	0.0	0.00570724	0.0	0.00762169	0.0554578	2.43984	1.56062	0.0	0.0	0.0	0.0	0.0241813	0.0	0.0	0.0165416	3.56655	0.0	0.0	0.0	0.0	10.6021	0.0	0.00739697	0.0	0.0	22.3106	0.0	1.05975	2.56106	2.78101	0.0	0.0	0.0	0.0132236	0.00734285	0.0	26.2065	0.0	0.0	0.0	0.0	0.0	0.1172	0.0	28.9747	79.126	0.0	0.0	13.3171	12.1658	0.0294432	0.0627201	0.139175	46.0111	2.33861	0.183744	3.01057	0.0424024	0.0	0.152434	0.0	5.22888	3.03373	0.0	0.0	0.0	0.0	0.0	0.00758329	0.0	0.0	0.00996877	0.0	0.0225511	0.0	0.00532844	0.0	0.0	0.0	0.0	0.0	1.49408	1.34639	0.0	0.0	0.0	0.0	0.0	0.47472	0.0	0.74808	2.74741	0.0150528	12.8387	3.35928	0.0237053	0.0	0.00319254	1.2444	13.2616	0.0	0.0	0.0	0.0258541	0.845665	0.451021	1.52272	0.0	0.0248807	0.0111917	1.01591	15.4166	18.9784	0.0	0.0	0.00220554	0.0	0.0344393	0.0	0.00651638	0.0	23.6138	0.0	0.0169133	10.1862	30.7307	52.0916	20.2804	0.0	0.0516097	0.0	0.0	0.0115791	0.306797	0.0	0.020128	0.0	0.0	0.0	0.00872628	13.4989	0.0	0.0	0.280778	0.0	0.0	0.0926328	0.0429314	1.46377	0.0	0.0200514	0.0	0.00287542	0.0	0.00218632	0.0221365	15.8193	42.6419	52.1426	37.622	0.0
N64_2_2	0.0599381	0.0	0.0	0.0	0.127868	0.0118333	0.0	0.0159527	0.0	0.0	0.0	0.0	0.00939725	0.0	0.00586628	0.0	0.0	0.0	1.07642	3.44965	11.1825	2.7828	0.0776663	6.72578	0.683592	0.118333	0.0	0.50606	0.0	2.99348	0.0	2.99348	0.0	0.0	0.0	0.0733843	0.0461663	0.00586628	211.013	0.0	0.0	0.0	0.0	0.0237055	0.0	0.0	0.0	0.0	0.0	1.07914	2.9042	0.0	0.257005	1.30304	0.0409986	0.0	0.0	1.78335	0.0	0.0	0.0263213	0.0	8.27146	1.38966	0.0	1.92525	0.01191	0.0	4.05626	1.22277	0.0	0.0	0.330198	0.0121016	0.0	0.0	0.0	0.062722	0.0679381	0.0418808	0.0	0.0255884	0.0	0.0	0.00581065	0.0	0.0	0.0265111	0.0	0.0349007	0.0	0.0	0.0155661	0.0	0.0	0.0	2.96313	0.0	0.0	0.0	0.0	0.0	0.0	0.0	0.0	0.0137858	0.11047	0.0	0.00587879	0.0	0.0	0.0	0.0380297	0.0	0.0	0.0379643	0.0	0.0150664	0.0	0.0	1.21095	10.0542	0.0	0.0	1.22277	3.27524	0.0539297	0.0939939	0.0268336	3.55014	0.0484561	0.0	0.0	0.0388332	0.0	0.349007	0.0	0.331688	0.0	0.114089	0.0	0.0	0.0287204	0.0398625	0.0138899	0.0	0.0	0.0	0.0	0.0	0.0	0.0177024	0.0	0.0	0.0	0.0	0.0	0.0	0.0	0.0	0.0	0.01191	0.0	0.0	0.0	0.0	0.0	0.0	0.441145	13.5961	0.638723	0.0	0.0	0.0	0.0	0.0115523	0.0	0.0	0.0	0.0894496	0.0619585	0.0413057	0.0638723	0.0	0.0	0.0	0.0	0.712265	1.37858	0.0	0.0	0.0	0.0	0.0473105	0.0255884	0.226779	0.0	4.88601	0.0	0.0	1.77304	1.82253	2.33386	1.01519	0.0143977	0.0840275	0.0585383	0.0	0.0	0.0761344	0.043193	0.0579345	0.0231208	0.0105436	0.0489436	0.0799175	1.87688	0.0	0.0317828	0.0	0.0	0.0	0.0	0.137612	0.0	0.0429686	0.0629607	0.0	0.0316006	0.0	0.0	0.0202732	1.0735	0.0	0.0371334	0.166539	0.162186
N64_2_3	4.89114	0.0	0.361524	0.0343107	7.99688	0.0316601	0.0786859	3.08019	0.0173776	0.420032	0.0291573	0.494534	0.050285	0.0	0.0313907	0.0391966	0.19452	2.07214	8.02101	12.7464	8.57768	12.6092	9.97427	3.96783	4.5724	4.11581	0.0	0.350165	6.9392	2.59945	10.4662	3.02098	1.10307	0.012874	0.0	0.666156	0.555834	0.00784766	183.389	0.209271	0.0	0.0	0.0	0.041972	0.0	0.0	0.0	0.0996866	0.0	0.840797	2.45894	0.0	0.187033	3.86524	0.0822692	0.0	0.118344	2.85655	0.0	0.068494	0.0176057	0.0	5.15768	1.31517	0.0	5.24643	1.48173	0.0	4.14136	1.79407	0.0	0.0905129	0.412277	0.0107927	0.0	0.0	1.01288	3.02764	0.742225	4.51946	0.0776506	0.227248	0.0325447	0.0	0.00777324	0.0	0.0338904	0.106396	0.0226804	0.0	0.0	0.884057	0.0	0.0	0.0	0.0	3.09381	0.0	0.0	0.0	0.0	0.428331	0.0	0.0847909	0.0	0.00922101	0.0246304	0.0	0.0078644	0.291616	0.0	0.948116	1.02767	1.80656	0.0	0.0	0.0	1.30001	2.49483	0.0	5.07406	4.1715	0.0	0.0	1.84684	3.34585	0.0721448	1.27837	1.7051	0.408009	0.025929	0.0	0.0	0.103899	4.71632	3.2682	4.94786	0.0	0.0	6.46106	7.7551	0.0	0.845259	0.302182	0.0	1.13189	0.0	0.0	0.035723	0.151957	0.0	2.7589	0.119256	0.0	1.27186	0.0	0.386687	0.0	0.0	0.0	0.0	0.0	0.0	0.0341519	0.0	0.0107455	0.0	0.0	0.331956	8.5087	0.968384	0.0290425	0.0391135	0.0547589	0.0	0.0309084	0.0455358	0.0	1.02456	1.99906	0.0828855	0.0276285	0.0	0.0	0.0	0.0	0.151786	0.46105	0.43393	0.0752735	0.0	0.0324255	0.0344174	10.9492	10.5261	11.8157	8.35013	10.7746	0.0403656	0.0414427	0.89218	0.750184	0.0306091	0.123461	0.65486	2.92262	0.485522	0.0	0.0	0.0436497	0.905248	3.00145	0.46395	0.0	0.0	0.0	1.35916	0.0	0.0	0.0382218	0.0384209	0.0	0.0	0.131494	0.0	0.958027	3.85335	1.11711	1.11321	0.349612	0.0	0.135603	3.54725	1.21044	1.46543	0.420824	2.06117
N64_2_4	44.3478	0.0	4.328	2.96152	117.381	0.0	0.758303	39.1734	0.0048542	4.71764	0.0977363	6.03217	0.00140464	0.0	0.0	0.740154	3.87043	27.7372	80.9212	138.837	43.1865	138.291	137.19	0.0	49.4205	59.1651	0.0	0.0260836	114.695	0.510246	155.62	0.510246	13.8658	0.280501	0.0103548	8.68119	7.42202	0.0	514.032	3.34179	0.0218054	0.0218054	0.0218054	0.276693	0.0	0.0	0.0335058	0.0	0.0	0.00886283	0.0	0.054534	0.748334	38.093	0.0	0.0	0.374656	17.0987	0.0	0.00382657	0.0196717	0.0	27.8352	6.43594	0.259604	63.0262	21.3271	0.0	29.4682	17.1688	0.0	0.0	0.954213	0.00301479	0.00412947	0.0	16.8265	40.4777	4.02813	68.5478	2.49442	0.947293	0.0030303	0.0	0.0	0.0	0.0	0.0161616	0.00316773	0.0	0.0	8.74442	0.0	0.0	0.00440772	0.0	18.6562	0.0140816	0.0	0.0	0.0	4.82138	0.0	0.00591279	0.0	0.0	0.0	0.00698511	0.0	4.22983	0.0100517	13.5264	12.5114	26.115	0.0	0.0	0.0	19.4801	45.8247	0.0	36.5075	1.88496	0.0431541	0.0	17.2042	5.07363	0.0201526	16.0439	33.3207	2.56208	0.17383	0.0	0.0	0.232181	33.7129	35.2651	76.745	0.0	0.0	52.6379	45.5447	0.0	15.959	1.95634	0.321808	13.9881	0.558081	0.0	0.00997873	0.0540234	0.0195318	30.9389	0.637694	1.5569	16.1897	0.0584569	10.087	0.0	0.0	1.46532	0.0499541	0.0	0.0	0.0	0.0	0.0	0.0	0.0	0.463637	1.33013	1.1934	0.0	0.738584	0.81725	0.0	0.359743	0.0476992	0.0	14.5804	26.0171	0.061741	0.0463058	0.0954721	0.0	0.0	0.0	0.0847986	0.858586	0.828283	0.0	0.0	0.0	0.0	135.878	132.214	134.082	103.66	130.41	0.930233	0.0463058	0.0850988	1.51926	1.11153	0.620769	12.9662	39.8659	3.14997	0.038516	0.0	0.0243859	15.3443	40.913	2.48828	0.0	0.0	0.0	0.620211	0.0	0.0475068	20.3925	13.6515	0.0	9.38369	0.0587695	0.0	19.3751	54.5914	16.345	15.3748	6.58222	0.0	0.0	40.403	13.0526	13.5154	5.29673	54.9091
N65_1_2	0.0	0.0	0.0	0.0	0.366312	0.0	0.0	0.0609342	0.0	0.0	0.0999032	0.0	0.0	0.0	0.0	0.0	0.0	0.283994	16.1434	28.5966	108.42	19.7208	0.0	53.4232	4.4911	0.162718	0.0	6.15891	0.214199	25.1551	0.43206	24.3126	0.0	0.0	0.0	0.0120131	0.0587802	0.0	172.727	0.0298765	0.0	0.0	0.0	0.656735	0.0	0.0	0.0	0.0	0.122697	13.2085	39.7668	0.0	2.81781	66.5213	0.0	0.0	17.5036	14.1077	0.0	0.0	0.0	0.0	78.6735	22.9716	0.0	22.0616	1.25559	0.0	45.0556	9.31108	0.0	0.0	3.38016	0.00924488	0.0	0.0	0.0	0.21562	0.0778506	0.383932	0.0	0.0293219	0.0	0.0	0.0	0.0	0.0	0.121517	0.0	0.0	0.0	0.0	0.0	0.0	0.0135163	0.0	37.2342	0.0	0.0	0.486067	0.0	0.0543559	0.0	0.0	0.0	0.0	0.0	0.0	0.0	0.0	0.0	0.0792336	0.0348628	0.0	0.0	0.0	0.0	0.0517941	0.707222	0.0	56.1245	80.2143	0.0	0.0	9.31108	41.1341	0.0	0.0359027	0.122995	0.0838789	3.10322	0.0	0.0	0.0	0.517941	0.0	0.0	0.0	0.0	0.0	0.21603	0.0	0.0329108	0.0304524	0.0	0.1003	0.0	0.0	0.1224	0.0	0.0	0.121712	0.0	0.0	0.100566	0.0	0.152876	0.0	0.0	0.0	0.0	0.0545907	0.0	0.0	0.0	0.0	0.0	0.0	0.252755	127.849	5.12341	0.0995099	0.0	0.0	0.0	0.0176505	0.0	0.0	0.0957405	0.0964714	0.0	0.0	0.0	0.0	0.0	0.0	0.0	0.0	0.0	0.0	0.0	0.0	0.0	0.313233	0.0879658	0.382962	0.526573	48.6362	0.0172883	0.0	16.4403	0.0	0.0	0.0	0.0	0.12036	0.0268317	0.0	0.0	0.0	0.0	0.0844931	0.0264942	0.0	0.0	0.0	27.0885	0.0	0.0	0.0	0.0	0.0	0.0	0.0225272	0.0	0.0	0.24049	0.0659935	0.0482818	0.0	0.0	0.0	12.091	0.195631	8.76558	0.0	0.0
N65_1_3	0.0	0.0	0.0295015	1.66592	36.9104	0.018085	0.516893	7.22482	0.0	0.0399886	1.66553	4.00193	0.0	0.0	0.0	0.107472	3.96593	0.189384	3.37681	29.2418	52.1531	29.5554	17.5674	18.8982	2.64668	21.3403	0.0	1.57351	6.78493	8.90917	6.77089	9.0697	16.8552	0.7501	0.74112	3.11629	2.65763	0.0	215.337	0.219157	0.0	0.0	0.0	0.102295	0.0	4.84587	0.0	1.08192	0.61366	6.27086	22.0241	0.0	1.62142	12.9012	0.0	0.0	1.80269	11.6552	0.0	1.94062	0.140795	0.0	25.7458	7.45605	0.132718	20.7057	3.94987	0.0	23.1284	3.56877	0.0250077	3.77432	3.38113	0.0246601	0.0	0.0	7.20494	16.5037	2.14584	16.0871	0.0	0.0	0.0	0.0	0.0	0.0	0.0	0.0405173	0.0129556	0.0	0.0	3.46045	0.0	0.0	0.00901347	1.90301	14.5578	0.0	0.0	0.0	0.0	0.0	0.0	0.0121086	0.0	0.0105345	0.0703472	0.0	0.0	2.31975	0.0	0.0	0.0929942	7.39565	0.0266696	0.130548	0.207856	5.49175	18.3316	0.0	21.6426	50.7934	0.0	0.0	3.56877	11.8132	1.27753	7.30232	2.48112	0.820386	0.207357	0.0	0.0	0.0	0.138157	0.106678	0.0	0.0	0.0	2.38298	0.0720307	0.0	8.95432	3.73657	0.127369	0.0668857	0.790087	0.0	0.0	0.031564	2.5163	3.36833	1.45975	0.0	0.0670631	0.0	2.03893	0.0	0.0	0.0	0.0	0.0	0.0	0.0	0.0	0.00614256	0.0	0.0	0.189621	24.391	3.93722	0.066359	0.0	0.0	0.00685728	0.00588519	0.0260111	0.0	0.574609	1.99432	0.0	0.0	0.0	0.0	0.0	0.0	0.0	0.0	0.0	0.0	0.0	0.0	0.0	3.1493	0.743036	0.47428	0.11705	18.5611	0.0	0.23673	6.14046	0.142841	0.0	0.0	5.43503	12.0073	3.29231	0.866388	3.59794	0.0166225	5.17098	11.8888	1.32509	0.0	0.0249337	0.0	6.24662	0.443558	17.681	0.174665	0.175575	0.0	0.0432184	0.0450674	0.0	9.17185	21.2414	3.34463	5.24008	1.95712	0.0	0.0309838	6.26811	0.0	2.07143	0.593891	17.7227
N65_1_4	0.0	0.0	0.0	3.23171	146.928	0.808692	5.02467	29.6743	0.0	0.0	8.1924	14.0135	0.0	0.0	0.0	0.350419	10.9166	0.0	11.7362	85.7499	115.684	85.1748	88.9878	43.8945	6.71557	104.119	0.0	5.32927	35.3297	17.6088	45.1939	17.3845	100.266	0.842652	1.62742	12.7729	11.9628	0.0	657.282	3.06247	0.0	0.0	0.0	0.203994	0.0	22.8662	0.0	9.46901	0.0	9.92778	33.838	0.022262	2.75314	30.1271	0.0	0.0	1.00762	23.9374	0.0	17.6922	1.54585	0.0	46.9607	16.623	0.0	116.243	37.9496	0.0	68.7557	8.33964	0.0	30.6336	2.91476	0.00861491	0.0	0.0	32.9195	74.812	11.3897	51.6381	0.0	0.0	0.0	0.0	0.0	0.0	0.0	0.0461827	0.0	0.0	0.0	11.7766	0.00831092	0.0	0.0	24.6168	44.9763	0.013413	0.0	0.0	0.0	0.0759779	0.0	0.0506883	0.0295523	0.0588829	0.0196604	0.0399206	0.0	9.65576	0.0	0.0	0.146192	43.9819	0.0372677	0.101347	0.0528098	20.9147	56.5906	0.0	53.6892	63.8775	0.0	0.0	8.33964	31.489	11.6902	37.9505	7.24933	0.625305	1.55227	0.0	0.0	0.0	1.15835	0.0	0.0	0.0	0.0	19.3298	0.0	0.0	41.6167	23.241	0.0	0.0	12.2673	0.0	0.0570294	0.0	9.20917	33.1559	12.5109	1.17766	0.0	0.0	9.11735	0.0	0.0	1.17766	0.0	0.0	0.0	0.0	0.0	0.0	0.142746	0.0	0.147207	46.234	5.00164	0.0	0.0	0.0	0.00958224	0.0	0.0	0.0	2.88467	14.5971	0.0	0.0	0.0	0.0	0.0	0.0	0.0	0.0	0.0	0.0	0.0	0.00863385	0.0	27.1793	5.10956	3.41572	0.0	35.344	0.0161102	2.64642	11.7071	0.0	0.0	0.0	25.1521	55.0471	21.4029	5.94332	16.5325	0.00774265	27.4274	55.441	11.3322	0.0	0.0348419	0.0	9.52396	0.0	54.3012	0.0	0.0	0.0	0.0	0.081924	0.0	40.8357	94.672	20.5398	23.9468	6.58595	0.0	0.0	18.5564	0.0	0.67408	0.671818	107.201
N65_2_2	0.0	0.0	0.0	0.0	0.0795812	0.0	0.0732147	0.0529518	0.0	0.0	0.16278	0.0	0.0	0.0	0.0	0.0	0.0	0.0	11.9883	15.2921	57.4651	12.8658	0.0	34.6314	4.08429	0.117835	0.0	2.30244	0.0	14.7737	0.234663	14.5122	0.0	0.0239577	0.0	0.0782952	0.02554	0.0	141.66	0.0417257	0.0	0.0	0.0	0.994564	0.0	0.0	0.0	0.0	0.299878	6.58342	20.4086	0.0259504	2.10881	75.3146	0.0	0.0	17.3983	17.2911	0.0	0.0892241	0.0	0.0	49.5746	19.69	0.0	25.4437	1.71968	0.0	29.9499	9.56426	0.0	0.252658	4.52112	0.0100423	0.0	0.0	0.0711283	0.169157	0.169131	0.0	0.0	0.0	0.0100939	0.0	0.0	0.0	0.0	0.197997	0.0211034	0.0	0.0	0.0	0.0	0.0	0.0	0.0	27.7974	0.0	0.0	0.0	0.0	0.0295221	0.0	0.0	0.0	0.0	0.0458356	0.302476	0.0	0.0	0.0	0.0	0.0189348	0.0	0.0	0.0	0.0	0.0	0.167004	0.0	64.0546	43.1525	0.0	0.0	9.56426	17.9677	0.0	0.0909984	0.0	0.394825	3.00447	0.0	0.0	0.0	0.0	0.0	0.0	0.0	0.0	0.0	0.0	0.0	0.0714988	0.0330789	0.27663	0.0	0.0	0.0	0.0	0.745515	0.0	0.0675136	0.0	0.0	0.0	0.0	0.0	0.0	0.0	0.0	0.0	0.0	0.0	0.0105924	0.0	0.0100057	0.0	0.0	1.54437	53.6763	2.91516	0.0	0.0	0.0	0.0	0.0	0.0105924	0.0	0.0346661	0.013099	0.0	0.0	0.0	0.0	0.0	0.0	0.0	0.285995	0.134586	0.0	0.0	0.0	0.0106748	0.274817	0.0	0.178283	0.0953317	30.8999	0.0	0.0	9.59729	0.0	0.398732	0.114877	0.0716854	0.0915184	0.204022	0.0	0.0	0.189535	0.0716854	0.0655576	0.0863381	0.0	0.0	0.119372	29.367	0.0	0.0	0.0	0.0	0.0	0.0	0.0489403	0.0	0.0713131	0.130616	0.0716854	0.0	0.260242	0.0	0.0	14.9384	0.0850016	11.0931	0.184265	0.0
N65_2_3	6.55537	0.0	0.531115	0.529262	34.6541	0.0	0.0	8.47126	0.482507	0.634424	1.39428	1.39855	0.0271486	0.0	0.0	0.302315	2.26198	7.03205	22.5829	41.9176	21.4351	39.1919	32.9354	3.44822	12.3196	23.149	0.153772	0.0720198	22.1797	2.70932	30.4416	2.70932	12.549	0.53619	0.0571816	2.65008	2.2229	0.0847382	328.013	0.538021	0.0	0.0	0.0	0.290629	0.0	2.46548	0.0	0.0	0.0	0.318126	1.97238	0.0	0.470949	8.57332	0.169206	0.0	1.33872	8.87734	0.011211	0.0	0.0271578	0.0	11.9106	6.39123	0.0	20.3059	8.70024	0.0	11.2508	7.58609	0.0	0.0	1.90788	0.0	0.0	0.0	4.9231	13.45	2.19638	22.6142	0.0	0.0808943	0.0	0.0839346	0.0	0.0839346	0.0	0.0456993	0.0349858	0.0240066	0.0	3.4428	0.0803044	0.0	0.0	0.0	7.84459	0.0	0.0	0.0	0.0	0.58731	0.0	0.261214	0.0	0.0	0.0759875	0.0385733	0.0	1.08293	0.0	1.74789	2.10318	0.0	0.0	0.0	0.0	4.86567	19.3528	0.0	13.2791	3.64322	0.0	0.0	7.3419	2.94924	0.0	4.78441	16.0028	1.4098	0.91993	0.0	0.0	5.68957	12.6849	14.692	0.0	0.0	0.0	13.1056	12.7407	0.0	6.96379	0.795168	0.0859884	1.89652	0.0	0.0376793	0.936781	0.149165	1.18645	10.0093	0.0	0.0	1.90155	0.0	3.53304	0.0	0.0	0.0	0.0	0.0	0.0	0.0	0.0	0.0	0.0	0.0	0.0284478	1.80621	2.46035	0.0	0.301674	0.289607	0.00925886	1.04891	0.0	0.0	4.59763	7.06853	0.085237	0.0	0.0	0.0	0.0	0.0	0.0	0.0	0.446241	0.0580568	0.0	0.0	0.0	49.259	44.0908	46.6249	30.8185	41.1304	1.47882	0.575349	0.738469	0.771467	0.661029	0.380892	4.99137	11.8451	2.0294	0.0	0.0	0.0299254	4.15947	11.4335	1.71761	0.0	0.0	0.0	2.1606	4.26718	8.98525	11.2612	9.12701	0.656488	3.90975	0.060851	0.0	7.06393	18.0702	4.75369	4.29299	1.51003	0.0	0.0	16.264	5.91856	10.8811	2.44384	8.86903
N65_2_4	12.0655	0.0	4.63386	3.87218	158.164	0.0	0.0127589	34.4334	4.2154	6.0673	8.98294	14.1667	0.105998	0.0	0.0	0.193214	10.3456	35.32	56.0879	160.64	54.4665	159.027	186.296	10.3666	32.7804	117.52	0.0	0.121129	82.3518	7.97433	88.6581	8.43	122.119	5.96196	0.0841512	9.20534	13.6595	0.00508999	410.995	4.38871	0.75946	0.75946	0.75946	0.656377	0.0	29.824	0.0	0.0	0.0	0.277815	0.861227	0.0090446	1.44323	38.8011	0.0	0.0	9.69712	75.5898	0.0	0.00444252	0.0	0.0	54.2736	44.7161	0.226044	82.0806	33.5645	0.0	51.5273	29.6864	0.0	0.0	18.6609	0.0	0.0	0.0	19.2623	56.3086	6.71022	75.0031	0.0	0.0113379	0.0	0.0	0.0	0.0	0.0	0.0690086	0.0	0.0	0.0261453	14.3444	0.00675313	0.0	0.0	0.0	38.9101	0.0108989	0.0	0.0	0.0	3.30291	0.0	1.90148	0.00600326	0.00598074	0.623036	0.0	0.0	9.83539	0.0	2.12982	4.7252	0.292934	0.696492	1.14468	0.954774	16.5696	67.4151	0.0	73.6619	3.19305	0.0	0.0	29.4126	4.09222	0.0233966	20.2802	49.0916	1.56664	1.11837	0.0	0.0	12.231	20.9424	21.7427	0.0	0.0	0.0368046	26.0678	16.7256	0.0	25.0194	0.795511	0.19283	3.40491	0.0	0.0	1.3091	0.0537595	7.93653	45.5266	0.0	0.0	4.03581	0.0	14.2959	0.0118724	0.0	0.0	0.0	0.0	0.0	0.0	0.0	0.0	0.0	0.0	1.04065	1.4936	25.5117	0.037674	0.192804	0.167435	0.0155723	14.6679	0.0	0.0	6.86275	9.53267	0.0	0.0179198	0.11084	0.0	0.0	0.0	0.275656	0.936983	1.00852	0.0	0.0	0.0	0.0	203.712	196.324	194.201	137.491	175.296	16.7035	4.247	0.409302	1.01369	2.06472	1.06102	21.0122	47.4039	6.76548	0.0670738	0.110414	1.15761	17.5893	42.2571	5.51683	0.0	0.0	0.0	18.2501	37.7731	63.2477	67.257	64.9658	6.93153	18.1815	0.0416052	0.0	24.6811	74.4412	16.7648	19.5268	8.14062	0.0	0.0	35.8486	18.9162	33.6855	16.3126	71.2764
N66_1_2	0.0	0.0	0.0	0.0366544	0.0304568	0.0	0.0	0.0	0.0	0.0	0.0	0.0	0.0	0.0	0.0	0.0	0.0319704	0.0	3.48154	12.7741	39.3852	10.2632	0.0	19.045	2.27954	0.0	0.106496	1.62103	0.0	7.43038	0.0	7.05511	0.0	0.0962739	0.0	0.0674205	0.0146618	0.0	200.116	0.0	0.0	0.0	0.0	0.159428	0.0	0.0	0.192212	0.0	0.36343	4.99959	16.602	0.0446921	1.0108	14.8438	0.0292963	0.0	3.245	7.34414	0.0	0.00731727	0.0	0.0	20.6544	5.28197	0.0	9.27341	0.340419	0.0	13.5295	2.31122	0.0	0.0	1.35278	0.0115299	0.0	0.0	0.0	0.0149397	0.0647286	0.0399023	0.0	0.0	0.0	0.0	0.0	0.0	0.0	0.0316494	0.0	0.0	0.0	0.0	0.0222462	0.0	0.0252857	0.0	10.4525	0.0	0.0	0.0	0.0	0.135582	0.0	0.0	0.0	0.0	0.0526257	0.0	0.0	0.0	0.0192212	0.0	0.0108699	0.0	0.0	0.0	0.0	0.0	0.0383489	0.0	13.2728	36.9131	0.0	0.0	2.31122	10.0083	0.0385364	0.0447767	0.0383489	5.17825	0.0138501	0.0	0.0	0.0	0.0	0.299267	0.0	0.770294	0.0	0.0	0.0	0.0	0.0	0.0759586	0.0	0.0	0.0	0.0	0.0	0.0	0.0	0.0	0.0	0.0	0.0	0.0	0.0	0.0	0.0	0.0	0.0	0.0	0.0	0.0	0.0	0.0	0.0	0.0	2.1869	36.5681	1.73436	0.0	0.0	0.0	0.0	0.0	0.0243232	0.0	0.0	0.0375988	0.177094	0.236126	0.212992	0.0	0.0	0.0	0.0972926	1.74032	2.93595	0.0	0.0	0.0	0.0	0.0225378	0.0	0.0511734	0.0	15.3984	0.0	0.0	4.60289	3.80678	5.6244	3.33034	0.0	0.052538	0.0334637	0.0	0.0	0.119169	0.0	0.0376347	0.0	0.0	0.0466314	0.0228426	7.54818	0.0	0.0	0.0	0.0	0.0	0.0	0.070238	0.0	0.0	0.0149966	0.0	0.00752694	0.0	0.0	0.0289732	3.47485	0.0	1.99008	0.343789	0.0
N66_1_3	0.360275	0.0	0.0	0.0	2.27373	0.0	0.0	0.503412	0.0	0.0	0.131009	0.0925846	0.00564848	0.0	0.0	0.00880587	0.0840398	0.186209	2.21347	2.75568	4.29732	2.54371	1.51721	1.12995	1.09571	0.604581	0.0	0.236003	2.59825	1.18376	4.2494	1.18376	0.464654	0.0144613	0.0	0.307193	0.177289	0.0176305	211.859	0.0391788	0.0	0.0	0.0	0.0544808	0.0	0.0	0.0	0.0	0.0	0.267301	1.21533	0.0	0.114315	0.936468	0.0308042	0.0	0.0886238	1.10484	0.0163277	0.0384695	0.0197764	0.0	2.21955	0.566491	0.0	2.64305	0.644293	0.0	1.85871	0.829818	0.0	0.203345	0.231554	0.0181851	0.0	0.0	0.429343	0.934666	0.17015	1.46846	0.0	0.0196358	0.0	0.00873164	0.0174633	0.00873164	0.0	0.278867	0.0	0.0	0.0	0.113957	0.0350868	0.0	0.0177248	0.0	0.901395	0.0	0.0	0.0	0.0	0.0534601	0.0	0.0237771	0.0	0.0	0.0968351	0.0	0.00883403	0.0970579	0.0	0.441591	0.137153	0.0	0.0	0.0	0.0	0.464125	1.10888	0.0	1.3986	2.89418	0.0	0.0	0.817963	0.876954	0.02026	0.447273	0.927423	1.13662	0.0873777	0.0	0.0	0.525189	0.882969	0.629341	0.0	0.0	0.0	1.77156	1.34564	0.0	0.62579	0.0798682	0.0	0.197293	0.0	0.0	0.240765	0.0	0.0	0.545328	0.0	0.0	0.219796	0.0	0.300713	0.0	0.0	0.0	0.0	0.0	0.0198713	0.0	0.0	0.0	0.0	0.0	0.580042	2.06062	0.447909	0.0	0.0	0.00878719	0.0	0.0115731	0.0	0.0	0.230176	0.877654	0.0	0.0	0.0	0.0	0.0	0.0	0.0	0.0	0.284335	0.126831	0.0	0.0	0.0	3.2387	2.11484	1.86532	2.30176	3.37479	0.0	0.0	0.391095	0.280892	0.653278	0.312037	0.389435	0.875983	0.158337	0.0	0.0	0.0381356	0.259624	0.799349	0.10423	0.0	0.0	0.0480366	0.710922	0.0	0.0	0.0	0.0	0.0	0.0	0.118165	0.0	0.51655	1.18263	0.346165	0.23743	0.0392717	0.0	0.0	1.66829	0.590048	0.781202	0.0834193	0.121858
N66_1_4	0.0	0.0	0.0	0.0	38.5451	0.0	6.93612	11.6608	0.0	0.0	0.0	0.0	0.0	0.101326	0.0	0.0	0.0	0.0	23.4491	62.6927	245.122	51.5162	0.0	112.488	21.3539	29.0541	0.0	11.5018	0.0	74.4796	23.5562	70.8705	21.5721	2.55526	0.0	9.18583	7.06645	0.0	642.205	0.0407221	0.0	0.0	0.0	0.0914742	0.0	0.0	0.0	13.1519	0.0	19.9667	67.1793	0.0325623	4.81697	37.6955	0.0	0.0	1.28961	47.7671	0.0	23.1752	1.47999	0.0	88.2805	27.824	0.0	108.402	24.8895	0.0	87.9406	8.18148	0.0	37.6213	9.73015	0.0	0.0	0.0	21.4649	44.2801	13.0871	0.0872176	0.0	0.0	0.0	0.0	0.0	0.0	0.0	0.248444	0.0	0.0	0.0	0.0	0.0	0.0	0.0	10.113	36.7311	0.0	0.0	0.662518	0.0	0.0	0.0376925	0.0494275	0.0	0.0	0.0	0.0	0.0	3.73261	0.0	0.0	2.91836	0.0	0.0	0.0	0.0	0.0470641	0.0419111	0.0	41.735	248.82	0.0	0.0	8.18148	42.5986	6.61222	16.2467	0.0419111	105.868	1.66503	0.0	0.0	0.0	1.41192	0.0	0.0	0.0	0.0	21.8585	0.147226	0.0	26.7354	24.8213	0.0	0.0	0.0	0.0	0.0	0.0322574	0.0	14.2117	0.0	0.0	0.0	0.0	0.0	0.0	0.0	0.0	0.0	0.0	0.0	0.0	0.0687643	0.0	0.0	0.0	0.947401	148.558	15.6958	0.0	0.0	0.0	0.0	0.0	0.0	0.0	3.3929	14.3162	4.25798	3.74186	3.99046	0.0	0.0	0.0	8.29374	57.9924	79.2878	0.0	0.0	0.0	0.0	25.9778	4.55616	2.53535	0.0	63.2436	0.0	1.93545	27.5404	61.457	109.857	52.4692	14.5719	34.5986	23.4793	5.79548	0.0	0.373728	21.2732	29.2685	14.3004	0.0	0.0	0.0	23.7183	0.0	0.0496411	0.0	0.0	0.0	0.0	0.731701	0.0	21.9681	55.4296	14.392	15.9916	0.0	0.0	0.0	17.9993	0.0	2.89991	4.27747	0.0
N66_2_2	3.70998	0.0	0.0189653	0.0	6.79967	0.0	0.303394	1.81811	0.0	0.0	0.128484	0.181601	0.0	0.0	0.0345814	0.0690893	0.230777	1.82621	7.34737	7.29507	7.59746	6.95488	2.40365	1.97009	2.41784	4.46442	0.0	0.257172	3.16801	2.47669	5.55667	2.32189	1.2152	0.0567304	0.0	1.32869	0.771085	0.0	188.478	0.230543	0.0	0.0	0.0	0.425392	0.0	0.0	0.0	0.109819	0.0	0.908785	2.05875	0.0921735	0.824177	32.8405	0.0	0.0	8.43084	6.93934	0.0	0.316916	0.0775812	0.0	9.77875	6.55795	0.0	12.4001	2.56261	0.0	9.04317	4.8597	0.0	0.797706	1.07057	0.0	0.0	0.0	1.51585	4.4215	1.13472	3.20951	0.0	0.0	0.0	0.0	0.0	0.0	0.0	0.0538188	0.0	0.0	0.0	0.989884	0.0	0.0	0.0	0.0	8.54202	0.0	0.0	0.0	0.0	0.139813	0.0	0.0700572	0.0	0.0	0.0	0.0	0.0	0.118984	0.0	0.407605	0.448366	0.0	0.0	0.0	0.0	0.843749	2.6891	0.0	27.1674	7.09602	0.0	0.0	4.8597	2.21157	0.039739	2.60114	2.13547	2.26539	0.485598	0.0	0.0	1.48797	11.4572	5.55491	0.0	0.366615	0.0	5.04412	5.69559	0.0	4.48658	2.38903	2.62017	0.902959	0.846524	0.0	0.0393541	0.0	0.0	1.33052	0.600582	0.0	1.12091	0.0	0.262149	0.0	0.0	0.0	0.0	0.0	0.0	0.0	0.0	0.0	0.0	0.0	1.46279	3.26785	0.439277	0.127978	0.0689428	0.0689428	0.0	0.0	0.0	0.0	0.820872	3.02422	0.0	0.0	0.0	0.0	0.0	0.0	0.0	0.0	1.43411	0.0	0.0	0.0	0.0	5.57786	4.44985	5.10113	3.04749	11.1901	0.111171	0.0	1.58218	0.619828	0.876732	0.612048	1.69747	3.42092	1.03524	0.0759498	0.0	0.0641154	1.31554	3.57044	0.851848	0.0	0.0	0.0942218	7.90946	0.0	0.796269	1.68428	2.20096	0.0	0.916851	0.0289719	0.0	2.19525	4.9332	1.6126	1.05561	0.308119	0.0	0.418283	8.03198	0.553517	5.19886	0.327247	1.19509
N66_2_3	282.404	0.0	5.58906	0.0375055	100.925	0.0	13.2029	29.2221	0.0	0.0	0.382467	0.270291	0.0	0.0	0.0	0.0856927	0.556116	1.26844	8.94737	32.9673	20.1029	40.9935	7.38224	0.0	5.46464	61.0486	0.0	0.0	7.79034	0.0	34.4602	0.0	0.452169	0.365891	0.0	32.4234	25.3987	0.0	124.168	5.18516	0.08533	0.08533	0.08533	0.444527	0.0	0.0	0.0	42.4978	0.0	0.0	0.0	0.0304865	13.8123	54.8441	0.0	0.0	0.776183	46.1174	0.0	25.5911	2.57884	0.0	32.4098	7.97721	0.0	205.207	58.8666	0.0	87.0029	10.567	0.0	66.884	0.836949	0.0	0.0	0.0	43.5355	110.767	58.3168	18.0055	0.0	0.0	0.0	0.0	0.0	0.0	0.0	0.45338	0.0	0.0	0.0	13.6243	0.0	0.0	0.0	0.104047	24.6455	0.0	0.0	0.0	0.0	0.13873	0.0	2.38666	0.0	0.0	0.0269238	0.0	0.0	4.22664	0.0	0.75834	1.17897	0.0	0.0	0.0	0.0	2.66586	10.2415	0.0	45.3966	0.0	0.0	0.0	10.5209	0.278659	3.62767	92.7782	12.3996	0.0	11.1389	0.0	0.0	1.02216	332.197	159.845	0.0	0.0	0.0	374.711	331.645	0.0	197.098	174.214	150.224	1.53594	48.8861	0.0	0.351444	0.0906032	0.0	50.5566	43.8754	0.179193	1.7539	0.0	1.62574	0.0	0.0	0.179193	0.0	0.0	0.0	0.0	0.0	0.0	0.0	0.0	0.161274	0.0	0.186803	0.0	0.0855109	0.119715	0.0131223	0.0	0.0	0.0	12.8693	50.4596	0.0	0.0	0.0	0.0	0.0	0.0	0.0	0.0	0.0	0.0	0.0	0.0	0.0	45.83	15.1171	18.536	4.92781	36.399	0.132372	0.0	0.0	0.0	0.0	0.0	30.2335	85.2754	38.555	13.1129	0.0	0.0	23.3699	90.341	31.7476	0.0	0.0	0.0	0.476336	0.0	62.0927	64.0081	52.8339	0.0	23.3226	0.673142	0.0	51.063	118.308	23.6226	36.6293	0.229299	0.0	34.6264	13.0951	2.29678	4.88708	1.29885	4.74334
N66_2_4	46.5696	0.0	0.592023	0.31839	287.751	0.0	0.343611	61.375	0.350972	0.592301	19.8947	23.3053	0.0137242	0.0	0.0	1.96842	8.36376	48.5013	151.456	212.497	69.9895	203.638	178.819	0.0	99.6357	92.251	0.0563174	0.0	181.884	0.0	244.424	0.0	38.5358	0.168657	0.0	22.3305	16.781	0.0	543.975	5.08334	0.0213053	0.0213053	0.0213053	2.68616	0.0	3.02002	0.0	0.217659	0.0	0.0	0.0	0.0	3.52223	36.7918	0.0	0.0	0.34453	15.8669	0.0	0.486045	0.172984	0.0	24.6801	7.17896	0.190237	108.304	48.5464	0.0	35.998	70.3721	0.0	0.642295	0.466164	0.0	0.0	0.0	31.4833	101.221	13.4113	186.308	0.0	0.24809	0.0	0.0	0.0	0.0	0.0	0.0266668	0.0	0.0	0.0	30.5048	0.00568341	0.0	0.0	0.0519573	20.6137	0.00917242	0.0	0.0	0.0	6.39075	0.0	0.196424	0.0	0.0	0.0	0.0	0.0	7.05114	0.0	24.3621	28.6923	0.410887	0.0	0.0	0.0180569	59.9713	185.052	0.0	60.9631	0.0	0.0	0.0	68.6093	6.80102	0.0196904	36.8656	102.931	0.0	3.07133	0.0	0.0	35.503	78.5535	69.3203	0.0	0.0	0.0	90.8089	60.5037	0.0	44.5243	8.88783	2.92113	33.1297	0.838894	0.0	10.4714	0.0	0.83969	46.5494	0.929952	0.0	37.9385	0.0	27.2451	0.0199836	0.0	0.0	0.0	0.0	0.0	0.0	0.0	0.0	0.0	0.0	0.0402669	0.0	0.248753	0.0	1.9557	2.10088	0.0720808	0.0	0.0	0.0	51.3302	79.2121	0.0	0.0	0.0	0.0	0.0	0.0	0.0	0.0	0.0	0.0	0.0	0.0	0.0	280.418	214.414	260.009	163.081	186.595	4.40678	0.633412	0.0	0.0	0.0668331	0.0	35.3886	96.2111	11.1311	0.677388	0.0	0.0158844	23.6976	89.5487	10.0963	0.0	0.0	0.0	0.305825	3.33792	8.26226	9.18003	9.89895	0.671116	3.26265	0.0	0.0	47.902	133.107	34.905	34.7903	12.748	0.0	0.799417	174.977	61.6346	102.01	15.5933	146.145
N67_1_2	0.0	0.0	0.0	0.0	0.420972	0.0	0.0657669	0.0317102	0.0	0.0	0.0	0.0	0.0112077	0.0	0.0087456	0.0	0.0	0.0	9.00917	39.9572	128.953	29.901	0.0	61.2205	6.86205	0.0	0.0	6.55588	0.0	26.9331	0.0	26.1502	0.0	0.0143471	0.0	0.140661	0.0764732	0.0174912	200.229	0.0	0.0	0.0	0.0	0.0218281	0.0	0.0	0.0668363	0.0	1.05754	14.5854	42.4745	0.0932423	2.91807	11.8808	0.0	0.0	0.0879237	14.8092	0.0	0.0	0.0	0.0	87.9339	16.1662	0.0	18.2843	0.0177557	0.0	46.1522	3.7282	0.0	0.0	3.24897	0.0060138	0.0	0.0	0.106488	0.116884	0.0	0.0832493	0.0	0.0190739	0.0120895	0.0173253	0.0173253	0.0173253	0.0188841	0.0	0.0126378	0.0	0.0	0.032302	0.0406112	0.0	0.0	0.0	36.3528	0.00936317	0.0	0.316187	0.0	0.0353586	0.0	0.0354348	0.0	0.0	0.0960702	0.0	0.0	0.0361092	0.0	0.0	0.0339705	0.0	0.0	0.0	0.0	0.0	0.0	0.0	12.7864	124.578	0.0	0.0	3.7282	45.6853	0.0401998	0.171268	0.0	19.4245	0.0146279	0.0	0.0	0.0	0.0	0.104062	0.0	0.0	0.0	0.0	0.0	0.0	0.171268	0.0	0.0414149	0.0	0.0	0.0	0.0	0.0	0.0	0.0145502	0.0	0.0	0.0	0.0	0.0	0.0	0.0	0.0	0.0	0.0	0.0197143	0.0126865	0.0	0.0239675	0.0	0.0574886	0.0822087	144.148	6.91949	0.0970969	0.0	0.0	0.0	0.034445	0.0	0.0	0.0	0.0862877	0.400267	0.307898	0.41263	0.0	0.0	0.0	1.01492	8.01535	8.98654	0.0	0.0	0.0120541	0.0127852	0.0705317	0.0	0.0355882	0.0	55.1745	0.0224921	0.0	19.6913	11.6346	18.6931	7.36094	0.0643932	0.203564	0.104724	0.0	0.0	0.313485	0.0214644	0.0863701	0.0	0.0	0.0	0.0238286	22.9745	0.0	0.0236913	0.0	0.0	0.0	0.0	0.072751	0.0059658	0.0213529	0.234658	0.0	0.00785183	0.0	0.0	0.0302238	3.81634	0.0254516	0.968789	0.0275868	0.0
N67_1_3	0.0	0.0	0.0	0.0	0.060692	0.0	0.0	0.00673055	0.0	0.00827945	0.0	0.0	0.0	0.0	0.00742508	0.0	0.0	0.0	0.322686	6.93088	15.1928	5.64859	0.0	2.3794	0.288412	0.0	0.0	0.198785	0.0	10.1702	0.0	9.83788	0.0	0.0	0.0	0.0199037	0.0129853	0.0	200.585	0.0212145	0.0	0.0	0.0	0.0405943	0.0	0.0	0.0	0.0	0.0338815	0.525345	1.16326	0.0	0.707847	2.27075	0.0259464	0.0	0.0	8.5537	0.0	0.0	0.0	0.0	10.9775	0.56136	0.0	4.72325	0.0150747	0.0	7.12827	1.09836	0.0	0.0	1.1563	0.0102115	0.0	0.0	0.0	0.0132314	0.0	0.0176698	0.0	0.0	0.0	0.0	0.0	0.0	0.0	0.0337178	0.00536478	0.0294497	0.0	0.0	0.0	0.0	0.0	0.0	3.94259	0.0	0.0	0.0	0.0	0.0	0.0	0.0	0.0	0.00872447	0.0466082	0.0	0.0	0.0	0.0	0.0	0.00962701	0.0	0.0	0.0	0.0	0.0	0.0849097	0.0	2.26741	37.5243	0.0	0.0	1.09836	1.85419	0.0	0.0264378	0.0	33.6317	0.0248384	0.0	0.0	0.0	0.0	0.0	0.0	0.0	0.0	0.0	0.0	0.0	0.0	0.0	0.0703232	0.0	0.0	0.0	0.0	0.0	0.0	0.0247065	0.0161191	0.0	0.0	0.0	0.0	0.0	0.0	0.0	0.0	0.0	0.0	0.0	0.0	0.0	0.0	0.0488082	0.0872447	14.587	1.07793	0.0	0.0	0.0	0.0	0.00974801	0.0	0.0	0.0176252	0.0266396	0.888785	0.575096	1.58994	0.0	0.0	0.0	1.63719	14.4245	19.2281	0.0	0.0	0.0	0.0	0.0133071	0.0	0.0302146	0.0484693	9.34841	0.0	0.0	2.05887	21.4119	40.3715	15.9742	0.0	0.0531777	0.0148186	0.0	0.0	0.555246	0.0	0.0599964	0.0	0.0	0.0412993	0.0202307	3.38672	0.0	0.0	0.0	0.0	0.0	0.0	0.0622066	0.0	0.0	0.0464863	0.0	0.0133325	0.0	0.0	0.0769807	0.789703	0.0	0.0235003	0.0	0.0
N67_1_4	0.0	0.0	0.0	0.013097	0.0816187	0.0	0.0	0.0108615	0.0	0.0	0.0	0.0	0.00959729	0.0220851	0.0	0.0	0.0	0.0632774	7.46874	58.9298	136.994	50.1221	0.0	23.892	3.76998	0.0	0.0	1.95149	0.0	80.3187	0.0	78.7901	0.0	1.9018	0.0	0.0347966	0.0314327	0.0	298.026	0.0	0.0	0.0	0.0	0.263107	0.0	0.0234654	0.0686792	0.0	0.0	4.25102	10.1558	0.0212918	7.21705	35.1981	0.0	0.0	6.35448	111.939	0.0	0.00261453	0.0	0.0	89.7744	15.6872	0.0	57.6035	1.19202	0.0	56.4722	16.6332	0.0	0.0	24.4939	0.0247185	0.00281866	0.0199	0.0	0.0213524	0.0	0.0712872	0.0	0.0266905	0.0414095	0.0	0.0	0.0	0.00431217	0.00932399	0.00216437	0.0	0.0	0.0	0.0397438	0.0	0.0060232	0.0	36.8754	0.00320711	0.0	0.324905	0.0	0.0	0.0	0.0	0.0	0.0	0.893173	0.0	0.00300197	0.0	0.0	0.0	0.0	0.0	0.0	0.0	0.0252542	0.0	0.0411072	0.0	27.8978	360.557	0.0	0.0	16.6493	7.63259	0.0275388	0.0559969	0.0479584	353.806	0.168258	0.0	0.0	0.0	0.0461614	0.0	0.0	0.105859	0.0	0.0	0.0481341	0.0	0.0146659	0.0474962	0.0	0.0	0.0	0.0	0.0	0.0474581	0.0	0.0225991	0.0260124	0.0	0.0	0.0399411	0.0	0.0	0.0	0.0	0.0170657	0.0	0.0135053	0.00434544	0.0112409	0.00410473	0.0170657	0.0	0.0211188	53.0839	11.6983	0.0	0.0	0.0	0.00458234	0.0	0.0	0.0481341	0.0284429	0.0241819	6.97106	5.11493	15.6448	0.0	0.0	0.0104678	7.70592	126.455	130.26	0.0	0.0	0.00412578	0.00437923	0.0375804	0.0130666	0.0121898	0.0	74.038	0.0	0.0	30.9494	282.527	381.67	166.736	0.0	0.0616804	0.0179353	0.0	0.0	2.95284	0.0	0.0322733	0.0	0.00538403	0.0	0.0	30.103	0.0	0.0	0.0	0.0	0.0	0.0	2.11816	0.00408686	0.0	0.0482257	0.0	0.0107578	0.0	0.00408983	0.0	10.1155	0.0174356	2.97702	4.9419	0.0
N67_2_2	0.0	0.0	0.0	0.0	0.032507	0.0	0.0	0.0432591	0.0	0.0	0.0	0.0	0.0	0.0	0.0	0.0	0.0	0.0	8.56482	1.19974	4.22516	1.12149	0.0	3.22854	0.463427	0.0	0.0	0.425883	0.0	0.427235	0.0	0.427235	0.104812	0.0	0.0	0.074624	0.198217	0.0	133.07	0.0	0.0	0.0	0.0	0.867813	0.0	0.0	0.182357	0.0	0.0272207	0.747662	1.64486	0.0636007	1.57226	61.0292	0.0	0.0	17.752	11.7081	0.0	0.0	0.0	0.0	13.4487	10.8842	0.0	14.5987	0.94467	0.0	11.5101	7.84564	0.0	0.0	2.3952	0.0	0.0	0.0	0.0	0.0	0.0	0.0	0.0	0.0	0.0	0.0	0.0	0.0	0.0	0.107836	0.0	0.0	0.0	0.0	0.0	0.0	0.0	0.0	13.405	0.0	0.0275551	0.0	0.0	0.0241181	0.0490806	0.0	0.0	0.0	0.0187227	0.0	0.0	0.0	0.0	0.0	0.0	0.0	0.0	0.0	0.0	0.0	0.0272869	0.0	52.9198	5.36265	0.0	0.0	7.84564	1.28378	0.0274204	0.265505	0.0	0.446612	2.81371	0.0	0.0	0.0	0.0	0.0	0.0	0.0	0.0	0.0	0.0	0.0	0.0	0.0	0.0	0.0	0.0	0.111407	0.0	0.0210017	0.106303	0.0720059	0.0	0.0	0.0	0.0	0.0	0.0	0.0	0.0	0.0	0.0	0.0	0.0	0.0	0.0	0.0	0.0	0.448597	2.0175	0.216504	0.0	0.0	0.0	0.0	0.0	0.0	0.0	0.0	0.0856101	0.0	0.0	0.0	0.0	0.0	0.0	0.0	0.140187	0.164925	0.0	0.0	0.0	0.0	0.0320732	0.0260207	0.0	0.0	9.21663	0.0	0.0	0.992471	0.0950418	0.651489	0.234622	0.0	0.106809	0.0476218	0.0	0.0	0.184335	0.0	0.0321345	0.0	0.0	0.0	0.0	15.7261	0.0	0.0	0.174325	0.175233	0.0	0.115025	0.019991	0.0	0.0	0.0320122	0.0	0.0	0.0	0.0	0.0	11.9613	0.0	9.66674	0.263438	0.0
N67_2_3	0.309494	0.0	1.51172	0.0331087	84.7601	0.0	0.151858	23.7782	0.0	0.219546	3.3763	4.29488	0.126161	0.0	1.01475	2.2694	2.68563	14.7166	46.8057	60.2909	20.3618	57.6753	53.8389	9.16759	30.356	1.46644	0.0	0.225265	40.5385	3.52529	49.1593	3.52529	9.04764	1.49076	0.0715414	10.0415	7.29715	1.81746	164.868	1.7838	4.36894	4.40661	4.5196	0.822631	0.0	0.474558	0.0	0.0	0.0691103	0.0	0.0	0.10765	0.307879	39.151	0.0	0.0341408	3.12142	42.165	0.0280527	0.0132189	0.0	0.0	40.6568	17.6719	0.0	41.1147	14.6672	0.0	31.3458	38.7793	0.0	0.174684	8.01349	2.10375	0.0	0.100613	8.9625	31.6177	4.91123	47.7201	0.449581	0.674727	0.711837	2.07025	2.56531	2.01024	2.73616	0.893285	0.120372	1.98233	0.0	6.65686	2.79309	0.0304529	0.0	2.5718	27.242	0.0	0.0	0.0	0.520279	1.37775	0.0	0.0204551	0.0714516	0.0355918	0.261442	0.0	0.910665	3.12666	0.0	6.06958	6.83363	0.0	0.585688	0.857634	1.59605	13.9644	48.1486	0.0606464	46.2758	0.858348	1.86345	1.27256	38.5349	2.55216	0.313278	17.8094	28.8545	1.41737	0.175144	0.0	0.0	0.0	0.233389	0.0	1.04171	5.35215	0.0	0.490922	0.121681	0.0	10.8629	2.12693	0.251025	8.47425	0.148299	0.0	2.96455	14.1567	0.337363	14.6481	1.28229	1.26549	9.70515	0.201939	6.60171	0.0	0.0	1.26549	0.0862832	0.0614978	0.0	0.483346	0.0	1.40084	0.0	0.0	0.284735	0.150653	15.7209	0.0	1.1172	0.709572	0.335936	2.42581	0.0	0.0	16.286	26.1097	0.0	0.0	0.0549681	0.0	0.0	0.0	0.0	0.237279	0.837455	0.726364	0.0	3.96334	0.132847	93.3327	66.2619	80.2126	58.0345	80.1399	0.915358	0.47989	0.125989	0.241301	0.590736	0.29784	9.21856	32.7716	4.17127	0.133054	0.0	2.0405	6.13332	30.6491	3.64126	0.0	5.60203	2.97114	4.86572	3.84017	4.39	12.9827	8.15646	0.82135	4.89159	0.0253774	0.206629	12.2769	43.2927	8.2521	12.2243	1.61934	0.206779	0.0	46.9267	11.2395	17.9277	6.25843	38.9416
N67_2_4	0.23843	0.0	1.17101	0.191299	63.2953	0.011768	0.190108	20.9467	0.025837	0.331766	2.42765	4.44226	0.199992	0.0	1.50515	2.51758	0.97887	10.5981	25.2879	38.7826	15.7758	38.3235	39.2755	11.134	17.4488	1.1768	0.0	0.242957	26.4435	8.09528	31.6379	7.78191	6.86768	1.77054	0.0	8.62202	7.96313	2.38024	291.211	1.11493	2.61138	2.78547	2.93055	0.445146	0.0	0.868284	0.178338	0.259373	0.0	0.0471733	0.0	0.0207331	0.515265	60.229	0.0	0.0	2.93256	59.4283	0.0	0.0661937	0.0	0.0	49.9803	23.0456	0.0431803	29.405	8.4805	0.0	38.3667	35.8532	0.0	0.0	9.00848	1.82128	0.00548939	0.474754	7.99853	26.6658	2.49985	27.6694	2.98728	1.13057	0.552422	3.04533	4.1606	2.98176	2.15409	1.44087	0.0716574	3.9683	0.149833	3.96478	2.70518	0.117303	0.0	5.8377	34.8008	0.0249836	0.0	0.0	0.491911	2.09921	0.0	0.0157357	0.0	0.0	0.173947	0.00929474	1.3622	3.96639	0.0	2.76773	4.81826	0.0	3.50553	5.54053	7.30367	10.4883	26.5789	0.192725	58.83	9.74788	4.53642	1.59309	35.5943	2.46361	0.281569	19.2508	15.0374	9.888	0.183118	0.0	0.0	0.0	0.0	0.0	0.601891	24.3271	0.0421838	0.26474	0.140613	0.0	11.4391	2.00856	0.0690667	4.55541	0.28562	0.0	1.23487	6.73677	0.0	7.97498	0.785223	1.03585	5.41117	1.32236	2.21125	0.0	0.0	0.853051	0.565008	0.0	0.0263017	0.291967	0.0	0.983264	0.0166179	0.0766979	0.589519	3.77199	17.5527	0.0	0.965352	0.546645	0.218642	8.86921	0.0	0.0	14.4714	24.8031	0.267006	0.18485	0.275254	0.0	0.0	0.0	0.699592	4.50137	6.77423	0.89533	0.0	3.47113	0.0895504	46.1557	37.1022	39.2538	29.8568	55.723	0.637662	2.12578	0.647067	5.32124	8.66956	4.38253	8.33323	27.9992	2.73613	0.102503	1.32879	1.62245	5.4839	24.4026	2.20735	0.0	6.99278	3.56056	5.85412	1.1545	2.03868	15.2299	8.34009	0.140613	5.90574	0.00977522	0.139286	6.97951	37.1715	5.39799	11.4706	0.805691	0.139387	0.120968	28.6331	10.8829	18.9813	16.0652	64.2745
N68_1_2	0.0	0.0	0.0	0.0	0.109871	0.0	0.0	0.0	0.0	0.0	0.0	0.0	0.0	0.0	0.0	0.0	0.0	0.0	11.1314	34.7319	122.179	26.2252	0.133469	64.6114	5.63881	0.0	0.0	5.45789	0.0	25.8117	0.0	24.3677	0.0	0.0	0.0	0.0540475	0.0528912	0.0	189.177	0.0	0.0	0.0	0.0	0.270787	0.0	0.0	0.0	0.0	0.184006	11.6977	34.8729	0.0716547	2.77718	29.2728	0.0	0.0	7.80404	13.4954	0.0	0.0	0.0	0.0	80.9393	19.1305	0.0	16.8287	0.491214	0.0	45.9566	5.55836	0.0	0.0	3.78297	0.0	0.0	0.0	0.0	0.0	0.0	0.0	0.0	0.0	0.0	0.0	0.0	0.0	0.0	0.182237	0.0	0.0	0.0	0.0	0.0535008	0.0	0.0	0.0	35.0239	0.0	0.0	0.0	0.0	0.0	0.0	0.0	0.0	0.0	0.0	0.0	0.0	0.0	0.0	0.534715	0.0261416	0.0	0.239907	0.0	0.0	0.0517832	0.0	0.0	28.2398	107.687	0.0	0.0	5.55836	42.2853	0.046339	0.107686	0.0	11.6987	0.910537	0.0	0.0	0.0	0.0	0.0	0.0	0.0	0.0	0.0	0.0	0.0	0.0	0.0	0.0	0.0	0.0	0.0	0.0	0.0	0.0	0.0608432	0.0	0.0	0.0	0.0	0.0	0.0	0.0	0.0	0.0	0.0	0.04545	0.0	0.0	0.0276278	0.0	0.0	0.0	140.691	6.51269	0.0	0.0	0.0	0.0	0.0	0.0	0.0	0.0957205	0.0180846	0.141968	0.0709838	0.292705	0.0	0.0	0.0	0.467967	5.29095	6.87499	0.0	0.0	0.0	0.0	0.0180674	0.0879474	0.0	0.0	51.4364	0.0	0.0	18.6172	8.67325	12.0322	4.83729	0.0	0.0361003	0.0	0.0	0.0	0.124607	0.0	0.0	0.0	0.0	0.0	0.0	25.75	0.0	0.0	0.0	0.0	0.0	0.0	0.0675674	0.055015	0.0	0.018033	0.0	0.0362038	0.0	0.0275275	0.0	6.21244	0.0	2.48873	0.0	0.0
N68_1_3	0.312254	0.0	0.0	0.0	0.101772	0.0205489	0.0	0.00923412	0.0	0.0	0.0	0.0	0.0	0.0	0.0	0.0	0.0	0.0	4.86987	20.1537	46.6986	17.3032	0.0	10.9541	0.316555	0.0	0.0	1.54546	0.0	27.2682	0.0	25.6266	0.0	0.0	0.0	0.236664	0.1158	0.0	144.951	0.0	0.0506655	0.0506655	0.0506655	0.45524	0.0	0.0	0.0	0.0	0.0464844	2.92422	5.55395	0.0724067	2.43143	34.1383	0.0	0.0	7.78352	35.084	0.0	0.0177823	0.0	0.0	45.9848	6.45659	0.0	23.6093	0.723871	0.0	26.0994	7.3702	0.0	0.0	5.77223	0.00700496	0.0	0.0	0.0496154	0.0272297	0.0196628	0.0	0.0	0.0	0.0	0.0	0.0	0.0	0.0	0.038457	0.0	0.0	0.0	0.0	0.0	0.0	0.0	0.0	18.9131	0.0	0.0	0.0	0.0	0.0	0.0	0.0	0.0	0.0	0.0479588	0.0	0.0	0.0560807	0.0	0.0	0.0	0.0	0.0	0.0	0.0	0.0	0.163091	0.0	31.2994	98.5051	0.0	0.0	7.3702	6.92848	0.163889	0.272039	0.0698962	94.7197	1.00529	0.0	0.0	0.0	0.0	0.0	0.0	0.0	0.0	0.0	0.0	0.0	0.0	0.0230742	0.0	0.0253328	0.0	0.0	0.0	0.0179322	0.0	0.0	0.022115	0.0	0.0253999	0.0	0.0	0.0	0.0	0.0	0.0	0.0	0.0	0.0	0.0	0.0	0.0	0.0	0.0	51.0708	4.99124	0.0	0.0	0.0	0.0	0.013374	0.0	0.0	0.0725438	0.109646	3.98094	2.90501	2.73594	0.0	0.0	0.0	4.57115	42.6122	48.1136	0.048856	0.0366888	0.0	0.0	0.00912848	0.0	0.0	0.0	33.7532	0.0	0.0	9.06733	80.5421	116.777	51.1243	0.0	0.191516	0.142315	0.0	0.0	1.80687	0.0	0.0457296	0.0	0.0	0.0	0.0	17.5085	0.0	0.0	0.0	0.0	0.0	0.0	0.627087	0.0	0.0497443	0.0455556	0.0	0.0	0.0	0.0	0.0	8.41267	0.0	4.93298	0.064267	0.0
N68_1_4	0.0	0.0	0.0	0.0	0.160246	0.00659094	0.0163807	0.0355415	0.0	0.0	0.0	0.0	0.0	0.0	0.0	0.0	0.00622998	0.0	0.262961	24.721	81.5059	18.9568	0.0	69.2922	0.177683	0.0	0.0207526	6.83285	0.0	65.6983	0.0	49.8441	0.0	0.00536017	0.0	0.0788282	0.162855	0.0	416.322	0.0	0.0487521	0.0487521	0.0487521	0.0229121	0.0	0.0	0.0	0.0	0.0	2.78076	9.82842	0.0696721	0.0732917	5.17507	0.0456711	0.0	0.0	4.18666	0.0	0.00285179	0.0366513	0.0	24.7567	8.2919	0.0	6.30162	0.00663365	0.0	11.1155	12.1669	0.0	0.0	1.10962	0.0022468	0.0	0.0	0.0159139	0.0232901	0.0	0.0855321	0.00808258	0.0	0.0	0.0	0.0	0.0	0.0	0.0370046	0.00944314	0.0	0.0	0.0	0.00867009	0.0	0.0	0.0	9.41541	0.0	0.0	9.33227	0.0	0.00660512	0.0134415	0.0	0.0	0.0153569	0.0153825	0.0104115	0.0	0.0044969	0.044947	0.0	0.0	0.0	0.0	0.0	0.0	0.0251752	0.0373647	0.0	5.61879	29.9412	0.0	0.0	12.1669	1.17416	0.135171	0.273399	0.00747294	18.768	0.00539786	0.0	0.0	0.0	0.0251752	0.0	0.0	0.0	0.094504	0.0423639	0.0	0.0	0.0159968	0.0	0.0309459	0.0	0.0	0.0406805	0.0	0.155295	0.0	0.00985997	0.0	0.0	0.0081469	0.0	0.0	0.0	0.0	0.0	0.0	0.0	0.00736542	0.0	0.0	0.0	0.0	0.0214782	0.0	40.773	1.64835	0.0	0.0	0.0	0.00499818	0.00428964	0.0	0.0	0.0	0.0761984	0.0	0.0	0.0237172	0.0	0.0	0.0	0.0505577	0.0895819	0.496841	0.0235055	0.0	0.0	0.0	0.032207	0.0	0.03324	0.0	13.7114	0.0	0.0	0.498307	0.234258	0.535261	0.26987	0.0160385	0.184283	0.0847727	0.0	0.0	0.0201932	0.0160385	0.0674706	0.0	0.0	0.0272608	0.0267077	9.29622	0.0	0.0	0.0	0.0	0.0	0.0	0.0875973	0.00222887	0.0239328	0.0701362	0.0	0.0146675	0.0	0.00223049	0.0225837	1.26228	0.0	0.0206827	0.0206133	0.0
N68_2_2	0.0	0.0	0.0	0.0	0.0451453	0.0	0.0	0.0300388	0.0	0.0	0.0	0.0	0.0	0.0	0.0	0.0	0.0	0.0	0.373376	1.23152	5.43318	0.796866	0.0	1.29793	0.38616	0.0	0.0	0.443595	0.0	0.890007	0.0	0.890007	0.0	0.0	0.0	0.0296105	0.0579539	0.0	219.695	0.0	0.0	0.0	0.0	0.0413551	0.0	0.0	0.0	0.0	0.0378037	0.870867	0.726839	0.0294426	0.203255	2.40027	0.0	0.0	0.832894	1.81157	0.0	0.0	0.0	0.0	3.40171	0.897761	0.0	1.40982	0.100919	0.0	1.44431	0.579332	0.0	0.0	0.0621761	0.0227873	0.0	0.0	0.0	0.0295263	0.191891	0.0	0.0	0.0	0.0	0.0	0.0	0.0	0.0	0.0	0.0	0.0	0.0	0.0	0.0	0.0	0.0	0.0	1.24519	0.0	0.0	0.0	0.0	0.0	0.0	0.0	0.0	0.0194689	0.0	0.0	0.0	0.0	0.0	0.0	0.0	0.0	0.0	0.0	0.0	0.0	0.0	0.0	2.34616	2.88188	0.0	0.0	0.579332	2.28749	0.0	0.0589966	0.0	0.723623	0.0831412	0.0	0.0	0.0	0.0	0.985767	0.0	0.0	0.0	0.0	0.0	0.0	0.0	0.0	0.0784641	0.0	0.0	0.0	0.0	0.0	0.0	0.0	0.0	0.0	0.0	0.0	0.0	0.0	0.0	0.0	0.0	0.0	0.0	0.0	0.0	0.0	0.0	0.0	1.20707	3.21391	0.120271	0.0	0.0	0.0	0.0	0.0	0.0	0.0	0.0	0.0148618	0.0	0.0	0.0601356	0.0	0.0	0.0	0.0	0.0	0.0	0.0	0.0	0.0	0.0	0.0	0.0	0.0	0.0	1.92565	0.0	0.0	1.37833	0.461974	1.03403	0.260671	0.0	0.0445003	0.0	0.0	0.0	0.0	0.0	0.0446278	0.0	0.0	0.0	0.0902905	1.38007	0.0	0.0	0.0	0.0	0.0	0.0	0.249868	0.0	0.0	0.0296387	0.0	0.0	0.0	0.0	0.0	0.803375	0.0	0.681739	0.104531	0.0
N68_2_3	0.0	0.0	0.0	0.0	0.108196	0.0	0.0	0.0269968	0.0164874	0.0	0.0	0.0	0.0	0.0	0.0148913	0.0	0.0	0.0	0.167782	0.292978	0.716169	0.227872	0.0	0.212088	0.0	0.0	0.18916	0.0	0.0	0.133313	0.0	0.133313	0.0	0.219861	0.0	0.0399178	0.0651062	0.0	214.178	0.0	0.0	0.0	0.0	0.063715	0.0	0.0	0.0	0.0	0.0	0.0	0.186638	0.0	0.0417534	1.00669	0.0	0.0	0.748548	0.913334	0.0	0.0	0.0	0.0	0.980618	0.956957	0.0	0.54302	0.0573682	0.0	1.10509	0.380485	0.0	0.0	0.391157	0.0102398	0.0	0.0	0.0725277	0.0265362	0.028743	0.0	0.0	0.0324776	0.0	0.0	0.0	0.0	0.0	0.0	0.0	0.0	0.0	0.0	0.0	0.0	0.0	0.0	0.752177	0.0	0.0	0.0	0.0	0.0	0.0	0.0	0.0	0.0349946	0.0467374	0.0	0.0	0.0	0.0	0.0	0.0386147	0.0	0.0	0.0	0.0	0.0	0.0	0.0	0.889155	1.8043	0.0	0.0	0.380485	0.362795	0.0	0.172322	0.0	1.61037	0.0738023	0.0	0.0	0.0	0.0	0.0	0.0	0.0	0.0	0.0	0.358919	0.0	0.0	0.0674595	0.0705181	0.0	0.0	0.0	0.0	0.0524264	0.0	0.0495499	0.0	0.0	0.0	0.0	0.0	0.0	0.0	0.0	0.0	0.0	0.0	0.0	0.0	0.0	0.0	0.0	0.0699892	0.148125	0.540457	0.110219	0.0	0.0	0.0	0.0195501	0.0	0.0	0.0706962	0.0534269	0.0	0.0	0.0540457	0.0	0.0	0.0	0.288021	1.45811	2.19574	0.0	0.0	0.0	0.0	0.0533759	0.12991	0.0	0.0	1.13679	0.0	0.0	0.247749	0.889693	2.09096	0.292842	0.0	0.173307	0.0297194	0.0	0.0	0.0644213	0.0	0.0935863	0.0	0.0	0.0	0.0	0.590626	0.0	0.0	0.0	0.0	0.0	0.0	0.0499032	0.0	0.0	0.0799115	0.0	0.0133695	0.0	0.0	0.0	0.279491	0.043337	0.188523	0.18789	0.411701
N68_2_4	0.0	0.0	0.0	0.0	0.0672725	0.0	0.0	0.0	0.0	0.0	0.0	0.0	0.0	0.0	0.0	0.0	0.0	0.782326	0.208643	15.909	34.7326	12.7919	0.0	0.395608	0.0	0.0	0.0	0.0	0.0	26.5246	0.0	24.5352	0.0	14.7335	0.0	0.0330927	0.0	0.0	240.158	0.0	0.0	0.0	0.0	0.103441	0.0	0.0	0.0	0.0	0.0	0.112302	0.0	0.0	2.07687	31.8925	0.0	0.0	25.3189	49.5784	0.0	0.0	0.0	0.0	49.5184	43.7269	0.0	20.558	0.0375956	0.0	33.8974	18.2036	0.0	0.0	25.6064	0.0	0.0	0.0	0.0	0.0	0.0	0.0	0.0	0.0403869	0.0	0.0	0.0	0.0	0.0	0.0836863	0.0	0.0	0.0	0.0	0.0	0.0	0.0	0.0	24.5018	0.0	0.0	0.0	0.0	0.0	0.0	0.0	0.0	0.0	0.0	0.0	0.0	0.0	0.0	0.0	0.0	0.0	0.0	0.0	0.0	0.0	0.0	0.0	25.7468	117.034	0.0	0.0	18.2036	0.300765	0.0	0.115386	0.0	108.754	1.22367	0.0	0.0	0.0	0.0	0.0	0.0	0.0	0.0	0.0	0.0	0.0	0.0	0.041944	0.0	0.0	0.0	0.0	0.0	0.0	0.0	0.0	0.0	0.0	0.0	0.0	0.0	0.0	0.0	0.0	0.0	0.0	0.0	0.0	0.0	0.0	0.0	0.0	4.22114	39.879	12.7694	0.0	0.0	0.0	0.0	0.0	0.0	0.0	0.0	0.0	2.67295	2.73814	4.4357	0.0	0.0	0.0	5.80225	45.7653	60.8383	0.0	0.0	0.0	0.0	0.0	0.0	0.0	0.0	44.5402	0.0	0.0	5.69956	80.2481	135.643	58.0468	0.0	0.0497336	0.0	0.0	0.0	1.37331	0.0	0.0498761	0.0	0.0	0.0	0.0	21.9115	0.0	0.0	0.0	0.0	0.0	0.0	0.403365	0.0	0.0	0.0662484	0.0	0.0	0.0	0.0	0.0	5.44504	0.0	20.4544	12.7338	0.0
