sample_name	PC1	PC2	PC3	PC4	PC5	PC6	PC7	PC8	PC9	PC10	SubjectID	Location	SampleType	SampleCollectionWeek
N01_1_2	-7.6852277577456665	1.8082430658027249	-1.2108561637307056	-0.7849652305139095	-0.10349471318514054	-0.7880960441194151	-1.085231842856026	0.29236300867460013	0.10882452855106439	-0.12317027832238585	N01	UCMC	Axilla	Week.1
N01_1_2	-7.6852277577456665	1.8082430658027249	-1.2108561637307056	-0.7849652305139095	-0.10349471318514054	-0.7880960441194151	-1.085231842856026	0.29236300867460013	0.10882452855106439	-0.12317027832238585	ZJH_N01	ZCH	Axilla	Week.1
N01_1_3	-7.888083932509734	2.1384490403932817	-1.8225171744740578	-0.24285049258028718	-0.5859510982790697	0.0053661179992964825	-0.31492189006654003	0.3041632392543956	-1.1830131724059034	-1.0052375518681242	N01	UCMC	Groin	Week.1
N01_1_3	-7.888083932509734	2.1384490403932817	-1.8225171744740578	-0.24285049258028718	-0.5859510982790697	0.0053661179992964825	-0.31492189006654003	0.3041632392543956	-1.1830131724059034	-1.0052375518681242	ZJH_N01	ZCH	Groin	Week.1
N01_1_4	4.732807638731528	-4.596836901430898	2.3728144467728414	-2.7721872802006855	2.9687720191227216	-2.839932425680056	-1.2745545930503248	0.2736416875872671	-3.9676634116301006	0.9910745449603775	N01	UCMC	Stool	Week.1
N01_1_4	4.732807638731528	-4.596836901430898	2.3728144467728414	-2.7721872802006855	2.9687720191227216	-2.839932425680056	-1.2745545930503248	0.2736416875872671	-3.9676634116301006	0.9910745449603775	ZJH_N01	ZCH	Stool	Week.1
N01_2_2	-6.742496205754852	-1.7607913228858367	3.006695666601402	-2.4680335140034693	-0.4771615352016573	-0.960201946411648	-1.5149802828804086	0.22201305425356538	-1.618520286856848	-1.0269398208921134	N01	UCMC	Axilla	Week.3
N01_2_2	-6.742496205754852	-1.7607913228858367	3.006695666601402	-2.4680335140034693	-0.4771615352016573	-0.960201946411648	-1.5149802828804086	0.22201305425356538	-1.618520286856848	-1.0269398208921134	ZJH_N01	ZCH	Axilla	Week.3
N01_2_3	2.389056232982005	-0.721935543767371	0.21025604436104472	-1.2305842950950192	1.580731325724954	-1.7303105648473245	0.42578993393272285	-0.3115369251604614	-2.6039926229921773	-0.36140678935693604	N01	UCMC	Groin	Week.3
N01_2_3	2.389056232982005	-0.721935543767371	0.21025604436104472	-1.2305842950950192	1.580731325724954	-1.7303105648473245	0.42578993393272285	-0.3115369251604614	-2.6039926229921773	-0.36140678935693604	ZJH_N01	ZCH	Groin	Week.3
N01_2_4	12.0154235945176	-3.606383654766457	-2.6205532237063367	-0.21328477482368283	4.329570364895629	-0.8502215387750557	3.1233236061193734	0.26088024859667636	-1.236378848298594	1.9431264404583843	N01	UCMC	Stool	Week.3
N01_2_4	12.0154235945176	-3.606383654766457	-2.6205532237063367	-0.21328477482368283	4.329570364895629	-0.8502215387750557	3.1233236061193734	0.26088024859667636	-1.236378848298594	1.9431264404583843	ZJH_N01	ZCH	Stool	Week.3
N02_1_2	-6.990147797707585	0.18438906081911885	0.49253772119851824	-1.8540840335555964	-0.3552360470407802	-0.01096619354027778	-1.6345251273905885	0.5791656386826002	-1.1154675829715448	-0.6697244527730284	N02	UCMC	Axilla	Week.1
N02_1_2	-6.990147797707585	0.18438906081911885	0.49253772119851824	-1.8540840335555964	-0.3552360470407802	-0.01096619354027778	-1.6345251273905885	0.5791656386826002	-1.1154675829715448	-0.6697244527730284	ZJH_N02	ZCH	Axilla	Week.1
N02_1_3	-8.545636094832336	4.70318570544883	-5.146750187370948	1.338188482992773	-0.3049218912930366	-0.10775776481216352	0.6301616475610644	0.18876162221041728	-0.014183470693824496	-0.19968745545046562	N02	UCMC	Groin	Week.1
N02_1_3	-8.545636094832336	4.70318570544883	-5.146750187370948	1.338188482992773	-0.3049218912930366	-0.10775776481216352	0.6301616475610644	0.18876162221041728	-0.014183470693824496	-0.19968745545046562	ZJH_N02	ZCH	Groin	Week.1
N02_1_4	-5.55976841772559	-1.564369710545381	3.238552092414723	-3.2257912304498966	1.069849544907896	-2.240657154974065	-2.0847794660198753	-0.15359288348104877	1.7053821148780257	2.6857086243601582	N02	UCMC	Stool	Week.1
N02_1_4	-5.55976841772559	-1.564369710545381	3.238552092414723	-3.2257912304498966	1.069849544907896	-2.240657154974065	-2.0847794660198753	-0.15359288348104877	1.7053821148780257	2.6857086243601582	ZJH_N02	ZCH	Stool	Week.1
N02_2_2	-6.09830254410252	0.7160397109770485	-0.6934754767388932	-1.2382531577822709	-0.13301133138289292	0.17182377875523988	-1.2322233108724732	0.5350566565600577	-0.45019213920989204	-0.20265110017381066	N02	UCMC	Axilla	Week.3
N02_2_2	-6.09830254410252	0.7160397109770485	-0.6934754767388932	-1.2382531577822709	-0.13301133138289292	0.17182377875523988	-1.2322233108724732	0.5350566565600577	-0.45019213920989204	-0.20265110017381066	ZJH_N02	ZCH	Axilla	Week.3
N02_2_3	-0.614020425986026	2.547341192636014	-3.9621134970791023	0.6511914413783326	0.10481568655308136	-0.6530453939476614	0.4602718186552159	-0.5430961633240545	-0.3474854644248577	-0.7912451677228962	N02	UCMC	Groin	Week.3
N02_2_3	-0.614020425986026	2.547341192636014	-3.9621134970791023	0.6511914413783326	0.10481568655308136	-0.6530453939476614	0.4602718186552159	-0.5430961633240545	-0.3474854644248577	-0.7912451677228962	ZJH_N02	ZCH	Groin	Week.3
N02_2_4	9.760462971704234	0.8024989163645825	-0.30646024128301164	-1.3009531618072052	3.727141695331044	-1.1178864014884378	1.7673961047027713	-0.5804966031921512	0.005505727011008362	0.8954324446277666	N02	UCMC	Stool	Week.3
N02_2_4	9.760462971704234	0.8024989163645825	-0.30646024128301164	-1.3009531618072052	3.727141695331044	-1.1178864014884378	1.7673961047027713	-0.5804966031921512	0.005505727011008362	0.8954324446277666	ZJH_N02	ZCH	Stool	Week.3
N03_1_4	-4.648187812629931	-1.215469738286762	1.9638810235027564	-2.60566848100609	2.4431300385556156	-2.0701761247587482	-1.0828999098977345	-0.12252238570102954	1.790736519879448	2.3598652834522515	N03	UCMC	Stool	Week.1
N03_2_2	-6.6640829294025385	1.459426247954749	-1.5807140038132483	-0.9410609105087754	0.6083227180604069	-0.13553936646227452	-0.5090606757731767	0.11173596977707564	0.7993489685526397	1.1381728647534097	N03	UCMC	Axilla	Week.3
N03_2_2	-6.6640829294025385	1.459426247954749	-1.5807140038132483	-0.9410609105087754	0.6083227180604069	-0.13553936646227452	-0.5090606757731767	0.11173596977707564	0.7993489685526397	1.1381728647534097	ZJH_N03	ZCH	Axilla	Week.3
N03_2_3	-7.777722925162164	3.144387916072027	-3.437988514463532	0.17785691047985486	-0.026099573635358562	-0.08322294859877713	0.08946729352306132	0.388697705762705	-0.08700672653197	-0.06412807297105576	N03	UCMC	Groin	Week.3
N03_2_4	-0.05282466106444071	-1.613230930583291	-0.5491454158456804	-1.3842789174501091	2.3104314297929713	-2.3295576779314326	-0.5525624298937861	-1.0038061028169423	3.003041046302194	3.35967375396534	N03	UCMC	Stool	Week.3
N03_2_4	-0.05282466106444071	-1.613230930583291	-0.5491454158456804	-1.3842789174501091	2.3104314297929713	-2.3295576779314326	-0.5525624298937861	-1.0038061028169423	3.003041046302194	3.35967375396534	ZJH_N03	ZCH	Stool	Week.3
N04_1_2	-7.113777215969066	1.4293779329967111	-1.6556066981659472	-0.001765981945202396	-0.5077238155989374	0.6564703518718858	0.35879598042289246	0.4175965137315513	-0.5221889047137256	-0.5367483538083959	N04	UCMC	Axilla	Week.1
N04_1_2	-7.113777215969066	1.4293779329967111	-1.6556066981659472	-0.001765981945202396	-0.5077238155989374	0.6564703518718858	0.35879598042289246	0.4175965137315513	-0.5221889047137256	-0.5367483538083959	ZJH_N04	ZCH	Axilla	Week.1
N04_1_3	0.3203552475165363	-3.22274273999764	0.6770137431159073	-4.90887410569685	3.619204213778973	10.165049147341364	1.6612572098549967	4.204975823147063	5.096116546125189	0.016854699764212264	N04	UCMC	Groin	Week.1
N04_1_3	0.3203552475165363	-3.22274273999764	0.6770137431159073	-4.90887410569685	3.619204213778973	10.165049147341364	1.6612572098549967	4.204975823147063	5.096116546125189	0.016854699764212264	ZJH_N04	ZCH	Groin	Week.1
N04_1_4	-2.945222116170273	-1.5246221395832202	3.454726655988236	-1.5493449469497689	2.34041646329942	-1.2233043873033784	1.3153156060900018	-0.535060587283929	6.765412585760431	3.2236671554745384	N04	UCMC	Stool	Week.1
N04_1_4	-2.945222116170273	-1.5246221395832202	3.454726655988236	-1.5493449469497689	2.34041646329942	-1.2233043873033784	1.3153156060900018	-0.535060587283929	6.765412585760431	3.2236671554745384	ZJH_N04	ZCH	Stool	Week.1
N04_2_2	-7.39677474446829	2.3726097876357968	-2.596726525510675	0.8641893501545537	-0.15693137625418457	0.26787750955731565	1.1357601100288857	0.08824545947758254	0.4457877822235275	0.36965177542776034	N04	UCMC	Axilla	Week.3
N04_2_2	-7.39677474446829	2.3726097876357968	-2.596726525510675	0.8641893501545537	-0.15693137625418457	0.26787750955731565	1.1357601100288857	0.08824545947758254	0.4457877822235275	0.36965177542776034	ZJH_N04	ZCH	Axilla	Week.3
N04_2_3	-7.098686627042785	1.073788265545691	-0.39575169768170987	0.8402458751468723	-0.3489876046485395	-1.0489909819182128	1.3962369186419084	0.24491524177911814	1.1160365079151777	0.9262742694488407	N04	UCMC	Groin	Week.3
N04_2_3	-7.098686627042785	1.073788265545691	-0.39575169768170987	0.8402458751468723	-0.3489876046485395	-1.0489909819182128	1.3962369186419084	0.24491524177911814	1.1160365079151777	0.9262742694488407	ZJH_N04	ZCH	Groin	Week.3
N04_2_4	-3.407434284957319	-1.5548449416287269	2.6293111142250973	-0.7082189267840627	1.4939868794532973	-2.1850091052116043	1.1365433858624983	-0.696841928700332	4.668730042017024	4.160175639125645	N04	UCMC	Stool	Week.3
N04_2_4	-3.407434284957319	-1.5548449416287269	2.6293111142250973	-0.7082189267840627	1.4939868794532973	-2.1850091052116043	1.1365433858624983	-0.696841928700332	4.668730042017024	4.160175639125645	ZJH_N04	ZCH	Stool	Week.3
N05_1_2	-6.390003573304623	1.3180427777443597	-1.2088512480788816	-0.620752837562264	0.8457714389270348	-0.5294235961443629	-1.4017917550542065	0.4990234820851341	1.9145155550064272	1.7194557194498914	N05	UCMC	Axilla	Week.1
N05_1_2	-6.390003573304623	1.3180427777443597	-1.2088512480788816	-0.620752837562264	0.8457714389270348	-0.5294235961443629	-1.4017917550542065	0.4990234820851341	1.9145155550064272	1.7194557194498914	ZJH_N05	ZCH	Axilla	Week.1
N05_1_3	-8.110826326653495	2.9050867280942696	-2.513311532721302	3.8413821294773762	1.3962001987913268	0.8031919356107193	-2.298159145809584	0.22446635186597297	0.025495439883893925	-0.7419417120235569	N05	UCMC	Groin	Week.1
N05_1_4	-2.8073301343802597	-0.7342385404559837	2.477502903776989	-1.4293788197142485	2.9780697127261138	-1.9952565368119604	0.08087672160004226	-0.6602315739625376	1.4696841869750894	1.5458388505802245	N05	UCMC	Stool	Week.1
N05_1_4	-2.8073301343802597	-0.7342385404559837	2.477502903776989	-1.4293788197142485	2.9780697127261138	-1.9952565368119604	0.08087672160004226	-0.6602315739625376	1.4696841869750894	1.5458388505802245	ZJH_N05	ZCH	Stool	Week.1
N05_2_2	-5.342973286764642	1.0219236446841826	-2.199651656591141	-1.1111280080693653	1.2139900161749204	0.970488097376157	-0.003599426694220309	0.6268636431552241	1.836470443094972	1.8295440246139936	N05	UCMC	Axilla	Week.3
N05_2_2	-5.342973286764642	1.0219236446841826	-2.199651656591141	-1.1111280080693653	1.2139900161749204	0.970488097376157	-0.003599426694220309	0.6268636431552241	1.836470443094972	1.8295440246139936	ZJH_N05	ZCH	Axilla	Week.3
N05_2_3	3.6067819949031823	-0.5625801828652278	-2.960028187600692	-0.05149082336009934	-0.2647811319932845	0.6365668012709909	-0.76927795876215	-2.7437433655968544	-0.3157132782309108	-1.618613927222798	N05	UCMC	Groin	Week.3
N05_2_3	3.6067819949031823	-0.5625801828652278	-2.960028187600692	-0.05149082336009934	-0.2647811319932845	0.6365668012709909	-0.76927795876215	-2.7437433655968544	-0.3157132782309108	-1.618613927222798	ZJH_N05	ZCH	Groin	Week.3
N05_2_4	4.395405080740536	-1.9547713468531538	-0.8504143354207148	0.645196681073633	3.1570883279269535	-1.9353963237741159	-1.1716764527776098	-1.867343354205591	1.0515556396778563	0.5153644120925766	N05	UCMC	Stool	Week.3
N05_2_4	4.395405080740536	-1.9547713468531538	-0.8504143354207148	0.645196681073633	3.1570883279269535	-1.9353963237741159	-1.1716764527776098	-1.867343354205591	1.0515556396778563	0.5153644120925766	ZJH_N05	ZCH	Stool	Week.3
N06_1_2	-6.764289668712876	-1.3537249124999216	2.308345137587053	-2.731901585099598	-0.4707860473654795	-0.42804868180501915	-2.067299027366841	0.2891142558339201	-1.4614003336769135	-1.4638798206349313	N06	UCMC	Axilla	Week.1
N06_1_2	-6.764289668712876	-1.3537249124999216	2.308345137587053	-2.731901585099598	-0.4707860473654795	-0.42804868180501915	-2.067299027366841	0.2891142558339201	-1.4614003336769135	-1.4638798206349313	ZJH_N06	ZCH	Axilla	Week.1
N06_1_3	1.7468344885478788	-0.4389056526791386	-3.6075359511865313	0.044788437240346736	-0.24833610559829933	-0.05823095495216168	-0.5288996678329286	-1.8543381719372736	-0.6035903631040811	-0.9851174635705519	N06	UCMC	Groin	Week.1
N06_1_3	1.7468344885478788	-0.4389056526791386	-3.6075359511865313	0.044788437240346736	-0.24833610559829933	-0.05823095495216168	-0.5288996678329286	-1.8543381719372736	-0.6035903631040811	-0.9851174635705519	ZJH_N06	ZCH	Groin	Week.1
N06_1_4	6.530504739667849	-3.947210929240663	0.042355034051878564	-1.9085650132233325	1.1170502091361882	-1.258067585639586	-1.1759115266373672	-3.1271103565083185	-0.1960890057191767	-0.7206604466911837	N06	UCMC	Stool	Week.1
N06_1_4	6.530504739667849	-3.947210929240663	0.042355034051878564	-1.9085650132233325	1.1170502091361882	-1.258067585639586	-1.1759115266373672	-3.1271103565083185	-0.1960890057191767	-0.7206604466911837	ZJH_N06	ZCH	Stool	Week.1
N07_1_2	-6.090756745246943	0.18435012519548521	-0.09626676682960404	-1.7208843550485384	1.1222324562804746	-0.44754688734225395	-0.8034547066852822	-0.20184853092627325	0.9535432320961916	2.0239127544902202	N07	UCMC	Axilla	Week.3
N07_1_2	-6.090756745246943	0.18435012519548521	-0.09626676682960404	-1.7208843550485384	1.1222324562804746	-0.44754688734225395	-0.8034547066852822	-0.20184853092627325	0.9535432320961916	2.0239127544902202	ZJH_N07	ZCH	Axilla	Week.1
N07_1_3	-6.75266061276424	-0.648109928374901	1.279225454493949	-2.139152976131479	0.18623944734234182	-0.2754179463901722	-1.447090896615643	0.653436504690933	-0.6688643149476013	-0.6819635624735978	N07	UCMC	Groin	Week.3
N07_1_3	-6.75266061276424	-0.648109928374901	1.279225454493949	-2.139152976131479	0.18623944734234182	-0.2754179463901722	-1.447090896615643	0.653436504690933	-0.6688643149476013	-0.6819635624735978	ZJH_N07	ZCH	Groin	Week.1
N07_1_4	-5.485964156499404	-2.271237731301811	3.574507446114432	-3.1699111423793087	1.087575743079645	-2.276656736991893	-1.5899107014722849	-0.06749077039527272	2.9230242902122003	3.2600034940271225	N07	UCMC	Stool	Week.1
N07_1_4	-5.485964156499404	-2.271237731301811	3.574507446114432	-3.1699111423793087	1.087575743079645	-2.276656736991893	-1.5899107014722849	-0.06749077039527272	2.9230242902122003	3.2600034940271225	ZJH_N07	ZCH	Stool	Week.1
N07_2_2	-7.83167764683118	2.272065449936562	-2.276044366923194	0.23940295710067155	-0.501369347165768	-0.36225804350094026	0.1251361802244458	0.4532512001180452	-0.22347943553679708	-0.47902866558166124	N07	UCMC	Axilla	Week.3
N07_2_3	6.500362449614532	-4.124616031776129	-0.17315003264949874	-1.1622289517913675	-2.776325386948827	0.13606652032957126	-2.1153318378981343	2.659348897545368	1.331370178803731	0.03748330123696907	N07	UCMC	Groin	Week.3
N07_2_3	6.500362449614532	-4.124616031776129	-0.17315003264949874	-1.1622289517913675	-2.776325386948827	0.13606652032957126	-2.1153318378981343	2.659348897545368	1.331370178803731	0.03748330123696907	ZJH_N07	ZCH	Groin	Week.3
N07_2_4	13.11798989229026	-4.211911671533247	-2.192442673074575	0.09963973816246224	-3.7594923301348917	0.03203715649776882	-2.1063047926373577	3.320712689794348	2.471750763362244	-0.1384951863836617	N07	UCMC	Stool	Week.3
N07_2_4	13.11798989229026	-4.211911671533247	-2.192442673074575	0.09963973816246224	-3.7594923301348917	0.03203715649776882	-2.1063047926373577	3.320712689794348	2.471750763362244	-0.1384951863836617	ZJH_N07	ZCH	Stool	Week.3
N08_1_2	-6.823234242005531	-1.4871951925304008	2.2846904773112438	-2.9307644527969496	0.1893906070440691	0.22841301194855135	-2.377359884039643	0.34487897388606037	-1.1897736229795814	-1.4749369615376724	N08	UCMC	Axilla	Week.1
N08_1_2	-6.823234242005531	-1.4871951925304008	2.2846904773112438	-2.9307644527969496	0.1893906070440691	0.22841301194855135	-2.377359884039643	0.34487897388606037	-1.1897736229795814	-1.4749369615376724	ZJH_N08	ZCH	Axilla	Week.1
N08_1_3	-5.54286174965691	-0.15106229254065523	-0.3450999230616404	-1.1455428253859934	2.818533013184355	-1.1013489260935017	-0.18049765037509133	0.5576311903790064	2.2143073609998716	3.6262764941698546	N08	UCMC	Groin	Week.1
N08_1_3	-5.54286174965691	-0.15106229254065523	-0.3450999230616404	-1.1455428253859934	2.818533013184355	-1.1013489260935017	-0.18049765037509133	0.5576311903790064	2.2143073609998716	3.6262764941698546	ZJH_N08	ZCH	Groin	Week.1
N08_1_4	-5.1575152502218105	-2.804416376786978	3.0868853432738934	-2.5776642195815276	4.258685272426489	-2.871238656920673	-1.1461670198468203	0.23692006649317807	2.4794153134734853	4.875842585420856	N08	UCMC	Stool	Week.1
N08_1_4	-5.1575152502218105	-2.804416376786978	3.0868853432738934	-2.5776642195815276	4.258685272426489	-2.871238656920673	-1.1461670198468203	0.23692006649317807	2.4794153134734853	4.875842585420856	ZJH_N08	ZCH	Stool	Week.1
N08_2_2	-3.468206748087002	-0.597306263186809	-0.5817595720353124	-1.8345660328499866	0.9288566514120913	0.6473490967858266	-0.6728325795661741	-0.2925921615674586	0.1729257723783755	0.862531656748848	N08	UCMC	Axilla	Week.3
N08_2_2	-3.468206748087002	-0.597306263186809	-0.5817595720353124	-1.8345660328499866	0.9288566514120913	0.6473490967858266	-0.6728325795661741	-0.2925921615674586	0.1729257723783755	0.862531656748848	ZJH_N08	ZCH	Axilla	Week.3
N08_2_3	-0.9606911451038137	1.3633861912155727	-4.993875985937746	0.8011759801303732	-0.38788063550229906	0.027625987527658893	0.08749278508055787	-1.1525258729961227	0.005596267892454817	-0.3477450796020337	N08	UCMC	Groin	Week.3
N08_2_3	-0.9606911451038137	1.3633861912155727	-4.993875985937746	0.8011759801303732	-0.38788063550229906	0.027625987527658893	0.08749278508055787	-1.1525258729961227	0.005596267892454817	-0.3477450796020337	ZJH_N08	ZCH	Groin	Week.3
N08_2_4	12.152066566518252	-4.549570332754405	-3.4348928636300173	-0.25150331177643037	1.6572936739025836	-1.2419742998635839	0.42714751799273537	-4.601307253350473	-0.14674930514601167	0.6577911362848652	N08	UCMC	Stool	Week.3
N08_2_4	12.152066566518252	-4.549570332754405	-3.4348928636300173	-0.25150331177643037	1.6572936739025836	-1.2419742998635839	0.42714751799273537	-4.601307253350473	-0.14674930514601167	0.6577911362848652	ZJH_N08	ZCH	Stool	Week.3
N09_1_2	-7.550077903115014	-2.4964999219271506	4.3652497953004925	4.834303582597569	-6.253308561075492	-0.21373994454837145	8.946358920193175	-1.9830946648150551	-2.424719803112454	2.169810526907354	N09	UCMC	Axilla	Week.1
N09_1_2	-7.550077903115014	-2.4964999219271506	4.3652497953004925	4.834303582597569	-6.253308561075492	-0.21373994454837145	8.946358920193175	-1.9830946648150551	-2.424719803112454	2.169810526907354	ZJH_N09	ZCH	Axilla	Week.1
N09_1_3	-6.641686836685804	0.9571104759641555	-0.7280233868230229	2.5279378339247125	-2.7017723100431263	1.2402626662521035	4.905209809637157	-0.48468676664336025	0.07385240282838688	1.8250479635418855	N09	UCMC	Groin	Week.1
N09_1_3	-6.641686836685804	0.9571104759641555	-0.7280233868230229	2.5279378339247125	-2.7017723100431263	1.2402626662521035	4.905209809637157	-0.48468676664336025	0.07385240282838688	1.8250479635418855	ZJH_N09	ZCH	Groin	Week.1
N09_1_4	-8.637767930925174	5.045385918069469	-5.764765935473467	1.8923542172598435	-0.5944835432306346	0.26335886515374146	0.9956995408198805	0.2429253413804133	0.22840959692734072	0.0604230315560934	N09	UCMC	Stool	Week.1
N09_2_2	-7.4676942182857	3.479071232168502	-3.7934999442202813	0.857248541676208	0.01679836713559622	-0.3105680636076711	0.3953227929153189	0.3549356962362304	0.03433522852021989	-0.07264096042238645	N09	UCMC	Axilla	Week.3
N09_2_2	-7.4676942182857	3.479071232168502	-3.7934999442202813	0.857248541676208	0.01679836713559622	-0.3105680636076711	0.3953227929153189	0.3549356962362304	0.03433522852021989	-0.07264096042238645	ZJH_N09	ZCH	Axilla	Week.3
N09_2_3	-8.487913211726111	4.944246793615076	-5.575514028807258	1.695226015129869	-0.5338477059762282	0.09225250805114839	0.7881466868478577	0.17044248389123465	-0.09033465986596359	-0.2967433026385972	N09	UCMC	Groin	Week.3
N09_2_4	12.628499675742672	-4.54334754381633	-2.902990388044353	1.9928413883460077	-2.226141034787899	-0.11005793945978423	2.338833380859984	-5.600569782061545	-1.8152686254261896	-0.3325707978240933	N09	UCMC	Stool	Week.3
N09_2_4	12.628499675742672	-4.54334754381633	-2.902990388044353	1.9928413883460077	-2.226141034787899	-0.11005793945978423	2.338833380859984	-5.600569782061545	-1.8152686254261896	-0.3325707978240933	ZJH_N09	ZCH	Stool	Week.3
N10_1_2	-7.295016648747884	2.625747529169513	-3.00078733199252	0.1547772783984896	-0.0026599054999346767	0.30461349378695424	-0.05476400968617117	0.21401558165257029	0.17388461671192595	-0.008091599915264251	N10	UCMC	Axilla	Week.1
N10_1_2	-7.295016648747884	2.625747529169513	-3.00078733199252	0.1547772783984896	-0.0026599054999346767	0.30461349378695424	-0.05476400968617117	0.21401558165257029	0.17388461671192595	-0.008091599915264251	ZJH_N10	ZCH	Axilla	Week.1
N10_1_3	3.1375290594187404	0.7331307380912306	-0.42311160059162506	-1.953606973762161	1.5705558185330004	4.21577550891613	0.192616092760724	-0.674794415116692	1.0759210986887577	-3.6783001991841773	N10	UCMC	Groin	Week.1
N10_1_4	1.4534136188589395	-1.0002258617150854	3.884294196841498	-3.0663912284511396	0.11781593287898642	0.8364086461065708	-1.8537703195829944	-2.01253665637201	-1.6311056626064848	-5.2349937414325804	N10	UCMC	Stool	Week.1
N10_1_4	1.4534136188589395	-1.0002258617150854	3.884294196841498	-3.0663912284511396	0.11781593287898642	0.8364086461065708	-1.8537703195829944	-2.01253665637201	-1.6311056626064848	-5.2349937414325804	ZJH_N10	ZCH	Stool	Week.1
N10_2_2	-6.948392238286468	1.5240555108941138	-1.5794954929940086	-0.810495476134564	0.31678037150507865	-0.33666407670592635	-0.5061661534836318	-0.028866448245352398	0.2908100638469877	0.7545255564421611	N10	UCMC	Axilla	Week.3
N10_2_2	-6.948392238286468	1.5240555108941138	-1.5794954929940086	-0.810495476134564	0.31678037150507865	-0.33666407670592635	-0.5061661534836318	-0.028866448245352398	0.2908100638469877	0.7545255564421611	ZJH_N10	ZCH	Axilla	Week.3
N10_2_3	-0.6580134431360168	0.40029375260367606	1.5902374062512528	-2.317228262974588	2.1237710706502964	-0.8153051999565641	0.236021953068709	-2.5154793122238024	8.421372228059226	-5.747994370174186	N10	UCMC	Groin	Week.3
N10_2_3	-0.6580134431360168	0.40029375260367606	1.5902374062512528	-2.317228262974588	2.1237710706502964	-0.8153051999565641	0.236021953068709	-2.5154793122238024	8.421372228059226	-5.747994370174186	ZJH_N10	ZCH	Groin	Week.3
N10_2_4	0.30123570126923627	1.2152088274784263	0.4310423847241992	-1.647061862413165	2.668201594611074	-1.053985516983956	1.181960417312988	-2.916479188165746	11.395276600357008	-5.807645278309808	N10	UCMC	Stool	Week.3
N10_2_4	0.30123570126923627	1.2152088274784263	0.4310423847241992	-1.647061862413165	2.668201594611074	-1.053985516983956	1.181960417312988	-2.916479188165746	11.395276600357008	-5.807645278309808	ZJH_N10	ZCH	Stool	Week.3
N11_1_2	-4.4597353500237675	-0.23436131328212878	-1.002580443904732	-2.384287921775508	1.4740749795168828	4.062377791358502	-0.1988718783696566	1.2217327170391161	1.0066949842271722	-0.30391999179555745	N11	UCMC	Axilla	Week.1
N11_1_2	-4.4597353500237675	-0.23436131328212878	-1.002580443904732	-2.384287921775508	1.4740749795168828	4.062377791358502	-0.1988718783696566	1.2217327170391161	1.0066949842271722	-0.30391999179555745	ZJH_N11	ZCH	Axilla	Week.1
N11_1_3	-8.358069190935673	3.337938808340902	-3.599097702533766	0.6600234767898625	-0.5701698009877774	-0.05720057326877743	0.08246528120527064	0.38243213590008307	-0.6053144340348474	-0.8007602630301108	N11	UCMC	Groin	Week.1
N11_1_3	-8.358069190935673	3.337938808340902	-3.599097702533766	0.6600234767898625	-0.5701698009877774	-0.05720057326877743	0.08246528120527064	0.38243213590008307	-0.6053144340348474	-0.8007602630301108	ZJH_N11	ZCH	Groin	Week.1
N11_1_4	-4.863413416264415	-3.6492361760596785	6.611693624667588	-4.758568367817975	0.6682961524533813	-1.9538567835478013	-3.4022507877848835	0.005520647817958203	1.5999097888029516	1.033503117410774	N11	UCMC	Stool	Week.1
N11_1_4	-4.863413416264415	-3.6492361760596785	6.611693624667588	-4.758568367817975	0.6682961524533813	-1.9538567835478013	-3.4022507877848835	0.005520647817958203	1.5999097888029516	1.033503117410774	ZJH_N11	ZCH	Stool	Week.1
N11_2_2	-4.933758495797971	-0.6380130760647948	-0.06303564194775248	-2.418936853834005	1.3273745075518488	1.5028958936652572	-0.7321377895844416	0.45865253778571535	0.8545457811616114	1.3153528885564507	N11	UCMC	Axilla	Week.3
N11_2_2	-4.933758495797971	-0.6380130760647948	-0.06303564194775248	-2.418936853834005	1.3273745075518488	1.5028958936652572	-0.7321377895844416	0.45865253778571535	0.8545457811616114	1.3153528885564507	ZJH_N11	ZCH	Axilla	Week.3
N11_2_3	9.606577074015515	-2.12844331559221	-2.485828661173156	0.3521215378478227	1.457984904380977	-0.26248171332365244	-0.1892843807350296	3.1806178268645056	-0.4262506044142243	0.3024975082210899	N11	UCMC	Groin	Week.3
N11_2_3	9.606577074015515	-2.12844331559221	-2.485828661173156	0.3521215378478227	1.457984904380977	-0.26248171332365244	-0.1892843807350296	3.1806178268645056	-0.4262506044142243	0.3024975082210899	ZJH_N11	ZCH	Groin	Week.3
N11_2_4	14.647133656802687	-1.64568889372461	-2.5027796820025543	1.4081906834781723	1.8884738501630267	-1.7953017669700946	0.4213353592851034	2.79997259024712	-1.444688948350728	-1.5837632544550782	N11	UCMC	Stool	Week.3
N11_2_4	14.647133656802687	-1.64568889372461	-2.5027796820025543	1.4081906834781723	1.8884738501630267	-1.7953017669700946	0.4213353592851034	2.79997259024712	-1.444688948350728	-1.5837632544550782	ZJH_N11	ZCH	Stool	Week.3
N12_1_2	-5.387464728064048	-2.7160209052383912	3.5620844465977584	-3.738755196076315	0.12989659304197576	-0.9082624199862875	-2.5584617559073175	0.40433256518924543	-0.32851867919267164	-0.2427863190638144	N12	UCMC	Axilla	Week.1
N12_1_2	-5.387464728064048	-2.7160209052383912	3.5620844465977584	-3.738755196076315	0.12989659304197576	-0.9082624199862875	-2.5584617559073175	0.40433256518924543	-0.32851867919267164	-0.2427863190638144	ZJH_N12	ZCH	Axilla	Week.1
N12_1_3	-0.4634228086615085	1.0011710951432984	-3.822513503026126	0.19828652730454613	-0.3666239816550645	0.49010404372070965	-0.9735057062731578	0.5049302823228998	1.381476344124662	0.755590433228171	N12	UCMC	Groin	Week.1
N12_1_3	-0.4634228086615085	1.0011710951432984	-3.822513503026126	0.19828652730454613	-0.3666239816550645	0.49010404372070965	-0.9735057062731578	0.5049302823228998	1.381476344124662	0.755590433228171	ZJH_N12	ZCH	Groin	Week.1
N12_1_4	-0.3037496299270547	1.5237815875645326	-4.236428671619417	0.26144862413483216	-0.48471445273965635	0.6776303959979038	-0.8915066070754761	0.05650557686540672	1.250773775424652	0.816035261564489	N12	UCMC	Stool	Week.1
N12_1_4	-0.3037496299270547	1.5237815875645326	-4.236428671619417	0.26144862413483216	-0.48471445273965635	0.6776303959979038	-0.8915066070754761	0.05650557686540672	1.250773775424652	0.816035261564489	ZJH_N12	ZCH	Stool	Week.1
N13_1_2	-8.497331022227856	4.013045965496064	-4.319803438238525	1.1564743455629607	-0.584403872744295	-0.015309986591542727	0.43767761023788365	0.21684968414388553	-0.35155277928353346	-0.5332223640412843	N13	UCMC	Axilla	Week.1
N13_1_2	-8.497331022227856	4.013045965496064	-4.319803438238525	1.1564743455629607	-0.584403872744295	-0.015309986591542727	0.43767761023788365	0.21684968414388553	-0.35155277928353346	-0.5332223640412843	ZJH_N13	ZCH	Axilla	Week.1
N13_1_3	-5.45385267627711	2.4445872264715054	-4.621524061497312	0.554294504773026	1.1331226850852782	3.8828471935075344	0.6724112190499703	2.023320693210454	1.1266108540806485	-0.20432301878895073	N13	UCMC	Groin	Week.1
N13_1_3	-5.45385267627711	2.4445872264715054	-4.621524061497312	0.554294504773026	1.1331226850852782	3.8828471935075344	0.6724112190499703	2.023320693210454	1.1266108540806485	-0.20432301878895073	ZJH_N13	ZCH	Groin	Week.1
N13_1_4	-8.871196766336023	1.0215448417645716	2.3837581261356457	29.49163918999532	15.223458925950085	7.522072962683877	-17.3564264581667	0.9173895069213752	1.5063702404061219	-1.4016545681300567	N13	UCMC	Stool	Week.1
N13_1_4	-8.871196766336023	1.0215448417645716	2.3837581261356457	29.49163918999532	15.223458925950085	7.522072962683877	-17.3564264581667	0.9173895069213752	1.5063702404061219	-1.4016545681300567	ZJH_N13	ZCH	Stool	Week.1
N13_2_2	0.8700881410048721	0.05562134918779638	-1.7972262537201251	-1.6685636134969648	1.788832493361525	2.2855627874017603	0.1562313661103448	0.33025747480553885	-1.7648142679240875	-0.29169442354949054	N13	UCMC	Axilla	Week.3
N13_2_2	0.8700881410048721	0.05562134918779638	-1.7972262537201251	-1.6685636134969648	1.788832493361525	2.2855627874017603	0.1562313661103448	0.33025747480553885	-1.7648142679240875	-0.29169442354949054	ZJH_N13	ZCH	Axilla	Week.3
N13_2_3	-4.631856468683573	4.346638312184164	-5.7001976981118565	1.6808545698096464	-0.2037136278713657	-0.2142859724408987	0.8642062246934454	0.020926414681806112	-0.7977265470307853	-1.0083369268642086	N13	UCMC	Groin	Week.3
N13_2_3	-4.631856468683573	4.346638312184164	-5.7001976981118565	1.6808545698096464	-0.2037136278713657	-0.2142859724408987	0.8642062246934454	0.020926414681806112	-0.7977265470307853	-1.0083369268642086	ZJH_N13	ZCH	Groin	Week.3
N13_2_4	12.074620110446586	-0.15130910221355304	-4.4868414752085775	0.7939887649697926	1.4279594485266214	-0.9317686395814365	0.4756651546328847	-0.5415888748166504	-5.303759542483654	-3.2485478756246393	N13	UCMC	Stool	Week.3
N13_2_4	12.074620110446586	-0.15130910221355304	-4.4868414752085775	0.7939887649697926	1.4279594485266214	-0.9317686395814365	0.4756651546328847	-0.5415888748166504	-5.303759542483654	-3.2485478756246393	ZJH_N13	ZCH	Stool	Week.3
N14_1_2	-6.124369341489441	1.0469804331645731	-1.6542657749688015	-1.8087171940001068	0.42572365463730893	1.8860878935993246	-0.6459952669605016	0.6235840578219369	0.5363507855017805	0.5213267913473281	N14	UCMC	Axilla	Week.1
N14_1_2	-6.124369341489441	1.0469804331645731	-1.6542657749688015	-1.8087171940001068	0.42572365463730893	1.8860878935993246	-0.6459952669605016	0.6235840578219369	0.5363507855017805	0.5213267913473281	ZJH_N14	ZCH	Axilla	Week.1
N14_1_3	-7.4428437705085715	5.983793978963601	-5.225805496096325	1.8103541941156809	-0.494399385473355	0.0025912800677434606	0.6435759919767452	0.18739876595107574	-0.4546654068541712	-0.10019520465447282	N14	UCMC	Groin	Week.1
N14_1_3	-7.4428437705085715	5.983793978963601	-5.225805496096325	1.8103541941156809	-0.494399385473355	0.0025912800677434606	0.6435759919767452	0.18739876595107574	-0.4546654068541712	-0.10019520465447282	ZJH_N14	ZCH	Groin	Week.1
N14_1_4	-1.5211527472538844	7.16596922934934	-1.0172518476136898	0.24141725684818705	1.1408803987923497	-0.3849994487773308	0.506389505557999	0.2198171116281319	-0.6982706610010526	0.3974212462987001	N14	UCMC	Stool	Week.1
N14_1_4	-1.5211527472538844	7.16596922934934	-1.0172518476136898	0.24141725684818705	1.1408803987923497	-0.3849994487773308	0.506389505557999	0.2198171116281319	-0.6982706610010526	0.3974212462987001	ZJH_N14	ZCH	Stool	Week.1
N14_2_2	-6.665153133933054	3.0015548866281425	-3.8101281756377245	0.26760666570147496	0.3174742886986908	0.42501192772529145	0.3635114544348286	0.5999436717262555	1.0466038203943338	1.050315630209941	N14	UCMC	Axilla	Week.3
N14_2_2	-6.665153133933054	3.0015548866281425	-3.8101281756377245	0.26760666570147496	0.3174742886986908	0.42501192772529145	0.3635114544348286	0.5999436717262555	1.0466038203943338	1.050315630209941	ZJH_N14	ZCH	Axilla	Week.3
N14_2_3	-0.15669808566093513	1.590685504330232	-4.373692070898516	0.923937760521377	1.7168561970020217	-0.5484463338519315	1.1997942510481132	2.391514263499711	-0.5690644334670216	0.044374687553195985	N14	UCMC	Groin	Week.3
N14_2_3	-0.15669808566093513	1.590685504330232	-4.373692070898516	0.923937760521377	1.7168561970020217	-0.5484463338519315	1.1997942510481132	2.391514263499711	-0.5690644334670216	0.044374687553195985	ZJH_N14	ZCH	Groin	Week.3
N14_2_4	3.5589842652398174	-0.6144003779772245	-3.5922682412000717	0.8506136808123403	2.8774316300775404	-2.5368142170257517	1.275910741295277	3.268281806855387	0.1418930597263619	-0.47276764173548863	N14	UCMC	Stool	Week.3
N14_2_4	3.5589842652398174	-0.6144003779772245	-3.5922682412000717	0.8506136808123403	2.8774316300775404	-2.5368142170257517	1.275910741295277	3.268281806855387	0.1418930597263619	-0.47276764173548863	ZJH_N14	ZCH	Stool	Week.3
N15_1_2	-5.7409706214163325	0.8223009233882309	-1.0227442992496734	-0.8141018494590105	0.6576952469168804	-0.6034324119928437	-0.5584552189209583	0.034450581571197736	-0.24844399895216912	0.3043460968880505	N15	UCMC	Axilla	Week.1
N15_1_2	-5.7409706214163325	0.8223009233882309	-1.0227442992496734	-0.8141018494590105	0.6576952469168804	-0.6034324119928437	-0.5584552189209583	0.034450581571197736	-0.24844399895216912	0.3043460968880505	ZJH_N15	ZCH	Axilla	Week.1
N15_1_3	-6.019476559470984	2.172769139285689	-2.986102229531184	0.7009552868970956	0.11281860378488534	-0.7095284358691712	0.5803802577036921	0.024094056299595157	1.7960162111604354	1.9557890739849617	N15	UCMC	Groin	Week.1
N15_1_4	9.29557112762713	-2.37137049962871	-1.1285482996607368	-0.3853452388400543	2.6463775687011966	-1.1072823438517136	0.03814985749895276	-0.20940686713294784	3.2135757707829113	3.0360156253316575	N15	UCMC	Stool	Week.1
N15_1_4	9.29557112762713	-2.37137049962871	-1.1285482996607368	-0.3853452388400543	2.6463775687011966	-1.1072823438517136	0.03814985749895276	-0.20940686713294784	3.2135757707829113	3.0360156253316575	ZJH_N15	ZCH	Stool	Week.1
N15_2_2	-7.776913773138036	4.241134130607629	-4.189960903726543	1.0276882512060759	-0.2424647080378628	0.046703081413689236	0.7087008212808386	0.2582218202864481	0.0757689045389149	-0.17781269731836954	N15	UCMC	Axilla	Week.3
N15_2_3	16.10853621304576	13.969172025003827	7.514047406109299	-1.351562596543934	9.66632991594443	-0.8694412288135794	5.711847470300472	3.0718751726396767	-0.17774726659116927	2.925397731192672	N15	UCMC	Groin	Week.3
N15_2_4	14.485048698739996	17.331535289051818	9.019468358922461	-0.7403133498086452	5.034322482820633	-2.112109691829083	3.167682238342632	1.7980234659789056	-0.36778832674601586	2.203031317404314	N15	UCMC	Stool	Week.3
N16_1_2	-7.688296307654139	1.6854433179593535	-1.2389735993598652	1.7238449689248494	-1.1389051440057065	-0.19534397678721604	2.0606342070798056	-0.16018537223057128	0.6262874263900237	0.8398830597788228	N16	UCMC	Axilla	Week.1
N16_1_2	-7.688296307654139	1.6854433179593535	-1.2389735993598652	1.7238449689248494	-1.1389051440057065	-0.19534397678721604	2.0606342070798056	-0.16018537223057128	0.6262874263900237	0.8398830597788228	ZJH_N16	ZCH	Axilla	Week.1
N16_1_3	-2.9236336705599455	-1.571202301265805	0.84382336743702	2.9253560733250272	-0.3656799413677058	-1.246276856878781	3.7418947660522024	-0.9641586575602902	0.04353787119931534	2.147708306324218	N16	UCMC	Groin	Week.1
N16_1_3	-2.9236336705599455	-1.571202301265805	0.84382336743702	2.9253560733250272	-0.3656799413677058	-1.246276856878781	3.7418947660522024	-0.9641586575602902	0.04353787119931534	2.147708306324218	ZJH_N16	ZCH	Groin	Week.1
N16_1_4	4.610559801020368	-5.15149848437839	2.0436256335266645	1.0213329273435845	2.758097619260303	-3.160493191379	2.499472888748425	-1.5887563466197525	0.8831216732608564	4.103123854477977	N16	UCMC	Stool	Week.1
N16_2_2	-6.005069760503746	1.3574764247039397	-1.568547934727183	-0.7117353357651769	0.7365723613221364	0.13738072305271296	-0.2703637083101016	0.33918977976207854	1.493662742259903	2.1390519242127692	N16	UCMC	Axilla	Week.3
N16_2_2	-6.005069760503746	1.3574764247039397	-1.568547934727183	-0.7117353357651769	0.7365723613221364	0.13738072305271296	-0.2703637083101016	0.33918977976207854	1.493662742259903	2.1390519242127692	ZJH_N16	ZCH	Axilla	Week.3
N16_2_3	13.128364094953703	10.439894960944986	5.567860861472661	-1.077244898451057	8.534048515084443	-1.5762329100014962	5.30138739332399	1.8756981392086756	-1.5072082229914392	2.880533567159187	N16	UCMC	Groin	Week.3
N16_2_3	13.128364094953703	10.439894960944986	5.567860861472661	-1.077244898451057	8.534048515084443	-1.5762329100014962	5.30138739332399	1.8756981392086756	-1.5072082229914392	2.880533567159187	ZJH_N16	ZCH	Groin	Week.3
N16_2_4	13.972933039311231	12.430805366158781	7.9579163644994875	-0.39951429564001684	5.619576315022296	-2.5900763107869254	3.2335669454245775	1.1813690997579214	-2.6959990067582154	3.834305649969796	N16	UCMC	Stool	Week.3
N16_2_4	13.972933039311231	12.430805366158781	7.9579163644994875	-0.39951429564001684	5.619576315022296	-2.5900763107869254	3.2335669454245775	1.1813690997579214	-2.6959990067582154	3.834305649969796	ZJH_N16	ZCH	Stool	Week.3
N17_1_2	-5.137512516243706	0.026921456793856505	-1.0801427141712816	-1.772019600703582	0.6948265503516201	2.9267500583759296	-0.3013054713109922	1.306331836626338	-0.11881503747297831	-0.39528919392040296	N17	UCMC	Axilla	Week.1
N17_1_2	-5.137512516243706	0.026921456793856505	-1.0801427141712816	-1.772019600703582	0.6948265503516201	2.9267500583759296	-0.3013054713109922	1.306331836626338	-0.11881503747297831	-0.39528919392040296	ZJH_N17	ZCH	Axilla	Week.1
N17_1_3	5.995167906774508	-0.45058379672298776	-2.0019696923014334	-0.9406346208771219	2.1649599376854582	2.280815343568369	0.43912992350165225	-0.46006174035900216	-4.1588519392666825	-2.178194951238936	N17	UCMC	Groin	Week.1
N17_1_3	5.995167906774508	-0.45058379672298776	-2.0019696923014334	-0.9406346208771219	2.1649599376854582	2.280815343568369	0.43912992350165225	-0.46006174035900216	-4.1588519392666825	-2.178194951238936	ZJH_N17	ZCH	Groin	Week.1
N17_1_4	10.91961649345292	-0.055341469606488516	-3.247309090682229	0.580799773994146	2.504212639353027	-1.111220571842667	0.3614942819136387	-2.736839634027224	-5.637618499230642	-2.3554905594602182	N17	UCMC	Stool	Week.1
N17_1_4	10.91961649345292	-0.055341469606488516	-3.247309090682229	0.580799773994146	2.504212639353027	-1.111220571842667	0.3614942819136387	-2.736839634027224	-5.637618499230642	-2.3554905594602182	ZJH_N17	ZCH	Stool	Week.1
N17_2_2	-4.589259914082407	1.0457408680973437	-2.544120530068498	-0.615024012090249	0.13006962401570607	1.9151799565173127	-0.20293680833668581	0.864404314765607	1.1025681447115334	0.49613713414010263	N17	UCMC	Axilla	Week.3
N17_2_2	-4.589259914082407	1.0457408680973437	-2.544120530068498	-0.615024012090249	0.13006962401570607	1.9151799565173127	-0.20293680833668581	0.864404314765607	1.1025681447115334	0.49613713414010263	ZJH_N17	ZCH	Axilla	Week.3
N17_2_3	4.809456736068499	-3.2412131391710624	-0.30687081629302304	0.6072051709151981	-2.363015077769836	1.255310200419125	-1.2268439881808442	-0.6722213311301187	1.0832817031447561	0.8459842377190947	N17	UCMC	Groin	Week.3
N17_2_3	4.809456736068499	-3.2412131391710624	-0.30687081629302304	0.6072051709151981	-2.363015077769836	1.255310200419125	-1.2268439881808442	-0.6722213311301187	1.0832817031447561	0.8459842377190947	ZJH_N17	ZCH	Groin	Week.3
N17_2_4	11.421291083963503	-3.4856896093326752	-4.505096872342852	0.2764708926048347	-0.8551866211872141	1.6099895988922515	-1.0664717102024677	1.61355684845155	3.143075195191231	1.4180836774309247	N17	UCMC	Stool	Week.3
N17_2_4	11.421291083963503	-3.4856896093326752	-4.505096872342852	0.2764708926048347	-0.8551866211872141	1.6099895988922515	-1.0664717102024677	1.61355684845155	3.143075195191231	1.4180836774309247	ZJH_N17	ZCH	Stool	Week.3
N18_1_2	-7.747021169348024	2.7442453856370115	-2.8952229702565333	0.2535256080052982	-0.11697492396540612	-0.10817385572278372	-0.14119012151635396	0.17805489655692114	0.1065208076831951	0.30740291106189116	N18	UCMC	Axilla	Week.1
N18_1_2	-7.747021169348024	2.7442453856370115	-2.8952229702565333	0.2535256080052982	-0.11697492396540612	-0.10817385572278372	-0.14119012151635396	0.17805489655692114	0.1065208076831951	0.30740291106189116	ZJH_N18	ZCH	Axilla	Week.1
N18_1_3	-8.578009299336596	4.3618437136046895	-4.767037419246884	1.3620122707934925	-0.31830152435014686	0.032869583828127796	0.44074136205473735	0.5433156542225729	0.0018106141495063028	-0.5379233888650679	N18	UCMC	Groin	Week.1
N18_1_3	-8.578009299336596	4.3618437136046895	-4.767037419246884	1.3620122707934925	-0.31830152435014686	0.032869583828127796	0.44074136205473735	0.5433156542225729	0.0018106141495063028	-0.5379233888650679	ZJH_N18	ZCH	Groin	Week.1
N18_1_4	-4.831592776102398	-5.252370357473907	7.786499035256891	-1.6340812235060067	1.1419319214851409	-3.6257103250276277	1.0868449497706902	-0.24135734929473812	3.5548970261858894	3.5895650668822525	N18	UCMC	Stool	Week.1
N18_1_4	-4.831592776102398	-5.252370357473907	7.786499035256891	-1.6340812235060067	1.1419319214851409	-3.6257103250276277	1.0868449497706902	-0.24135734929473812	3.5548970261858894	3.5895650668822525	ZJH_N18	ZCH	Stool	Week.1
N18_2_2	-5.968142027760468	0.20485950091747432	-0.22359112086323954	-1.713167728656395	0.9353451374387491	-0.2310482915602814	-0.7987493208158563	0.1379504288260631	0.528439665535008	1.3002641538758468	N18	UCMC	Axilla	Week.3
N18_2_2	-5.968142027760468	0.20485950091747432	-0.22359112086323954	-1.713167728656395	0.9353451374387491	-0.2310482915602814	-0.7987493208158563	0.1379504288260631	0.528439665535008	1.3002641538758468	ZJH_N18	ZCH	Axilla	Week.3
N18_2_3	-7.575488187202478	4.221816127758805	-5.171711406258259	1.5291199819343528	-0.5055954827460303	-0.31803516413682437	0.6252448926281781	0.47171718149268954	0.06401271654899941	-0.3550372847760602	N18	UCMC	Groin	Week.3
N18_2_3	-7.575488187202478	4.221816127758805	-5.171711406258259	1.5291199819343528	-0.5055954827460303	-0.31803516413682437	0.6252448926281781	0.47171718149268954	0.06401271654899941	-0.3550372847760602	ZJH_N18	ZCH	Groin	Week.3
N18_2_4	7.74678757434774	-2.391298793491313	-2.6914769362786775	0.5826272307215783	0.6516109088620619	-4.7475880706100915	1.1444583209798898	3.220529287056854	7.9445398434829135	-6.944911592065353	N18	UCMC	Stool	Week.3
N18_2_4	7.74678757434774	-2.391298793491313	-2.6914769362786775	0.5826272307215783	0.6516109088620619	-4.7475880706100915	1.1444583209798898	3.220529287056854	7.9445398434829135	-6.944911592065353	ZJH_N18	ZCH	Stool	Week.3
N19_1_2	-5.145781658116752	-1.429141431581981	1.5818878297082202	-2.639084816319333	1.4773398030328888	0.5303971978607482	-1.94220400477859	0.7130881030823069	0.22722315594303716	1.8213170381059696	N19	UCMC	Axilla	Week.1
N19_1_2	-5.145781658116752	-1.429141431581981	1.5818878297082202	-2.639084816319333	1.4773398030328888	0.5303971978607482	-1.94220400477859	0.7130881030823069	0.22722315594303716	1.8213170381059696	ZJH_N19	ZCH	Axilla	Week.1
N19_1_3	6.193303932504455	-0.5375262577582104	-4.2035687766699334	0.5408629483005895	3.0759553281412377	-2.9435635722753335	1.38039478761159	0.6472564488858553	-3.3357017609135493	-0.09767632011131551	N19	UCMC	Groin	Week.1
N19_1_3	6.193303932504455	-0.5375262577582104	-4.2035687766699334	0.5408629483005895	3.0759553281412377	-2.9435635722753335	1.38039478761159	0.6472564488858553	-3.3357017609135493	-0.09767632011131551	ZJH_N19	ZCH	Groin	Week.1
N19_1_4	13.217238869301136	-2.6689094721240023	0.6718957639256325	0.9091765930314019	4.653912548406359	-5.682426865844187	2.968472084203076	0.806955980201315	-2.835806035027431	2.461025520639731	N19	UCMC	Stool	Week.1
N19_1_4	13.217238869301136	-2.6689094721240023	0.6718957639256325	0.9091765930314019	4.653912548406359	-5.682426865844187	2.968472084203076	0.806955980201315	-2.835806035027431	2.461025520639731	ZJH_N19	ZCH	Stool	Week.1
N19_2_2	-6.28973808559106	1.0234705069745875	-1.3029664301808106	-1.0345594227679766	0.9841099359590698	0.4345631801725177	-0.5752792481235679	0.34813646570927936	0.6898033766493388	1.2789546752389063	N19	UCMC	Axilla	Week.3
N19_2_2	-6.28973808559106	1.0234705069745875	-1.3029664301808106	-1.0345594227679766	0.9841099359590698	0.4345631801725177	-0.5752792481235679	0.34813646570927936	0.6898033766493388	1.2789546752389063	ZJH_N19	ZCH	Axilla	Week.3
N19_2_3	-3.5469958842533598	-3.72691267155841	4.075971631440471	-3.244566951567063	1.4818182931224326	-0.8191962558441955	-2.482684603570964	1.834347396251656	0.13758066843311728	2.0674311852522638	N19	UCMC	Groin	Week.3
N19_2_4	8.883364898073774	-2.5921336949288687	-2.2432297410479367	1.110223787306951	-0.1988288218739708	-3.5339198325793864	1.0707905757006242	4.627597701803209	0.3622702237637011	-1.1268444060891345	N19	UCMC	Stool	Week.3
N19_2_4	8.883364898073774	-2.5921336949288687	-2.2432297410479367	1.110223787306951	-0.1988288218739708	-3.5339198325793864	1.0707905757006242	4.627597701803209	0.3622702237637011	-1.1268444060891345	ZJH_N19	ZCH	Stool	Week.3
N20_1_2	-8.183890828865698	4.347978873046177	-4.808740944701368	1.094046809533742	-0.014484545300835872	-0.2348337967310941	0.5665171548578031	0.052856743839624624	0.49265620620267186	0.38443032954853923	N20	UCMC	Axilla	Week.1
N20_1_3	-6.362727002611047	0.011202172914836637	-0.3478655923240624	-1.6132318985986793	-0.14280979605163371	1.668248770852333	-0.9584328554200864	0.8967619235708538	-1.1237182039091067	-1.100972064271928	N20	UCMC	Groin	Week.1
N20_1_3	-6.362727002611047	0.011202172914836637	-0.3478655923240624	-1.6132318985986793	-0.14280979605163371	1.668248770852333	-0.9584328554200864	0.8967619235708538	-1.1237182039091067	-1.100972064271928	ZJH_N20	ZCH	Groin	Week.1
N20_1_4	-5.959478074648298	-3.3686181361553813	5.272379005402125	-3.9499403144157683	-0.3470926942211871	-1.0167199286354616	-3.028407263708434	0.04502861028258355	-2.641983822924763	-2.055871576280627	N20	UCMC	Stool	Week.1
N20_1_4	-5.959478074648298	-3.3686181361553813	5.272379005402125	-3.9499403144157683	-0.3470926942211871	-1.0167199286354616	-3.028407263708434	0.04502861028258355	-2.641983822924763	-2.055871576280627	ZJH_N20	ZCH	Stool	Week.1
N20_2_2	-6.475390689776006	2.2064040626598422	-2.507171951986635	-0.3388728760105062	0.3826891250014793	-0.1401713686155636	-0.14944561807534318	-0.01161718483506397	0.9434801676185006	1.57655714471532	N20	UCMC	Axilla	Week.3
N20_2_2	-6.475390689776006	2.2064040626598422	-2.507171951986635	-0.3388728760105062	0.3826891250014793	-0.1401713686155636	-0.14944561807534318	-0.01161718483506397	0.9434801676185006	1.57655714471532	ZJH_N20	ZCH	Axilla	Week.3
N20_2_3	-7.886042342453837	4.77892490748871	-5.797375958815343	1.8140186526474598	-0.7418690170087274	0.08506449531121113	0.9060897925212628	0.08813937370701035	0.027828355299101798	-0.1485443483039949	N20	UCMC	Groin	Week.3
N20_2_3	-7.886042342453837	4.77892490748871	-5.797375958815343	1.8140186526474598	-0.7418690170087274	0.08506449531121113	0.9060897925212628	0.08813937370701035	0.027828355299101798	-0.1485443483039949	ZJH_N20	ZCH	Groin	Week.3
N20_2_4	10.241905939213893	-3.1960385533303524	-4.606888417863548	0.4968187552988788	-0.10106704075593911	-0.07749438895018472	1.259516033220916	-4.456032636501871	-0.5425897036079321	-0.5083721977929164	N20	UCMC	Stool	Week.3
N20_2_4	10.241905939213893	-3.1960385533303524	-4.606888417863548	0.4968187552988788	-0.10106704075593911	-0.07749438895018472	1.259516033220916	-4.456032636501871	-0.5425897036079321	-0.5083721977929164	ZJH_N20	ZCH	Stool	Week.3
N21_1_2	-0.8468612390389171	-0.2860828846401865	-1.261709664920352	-1.662528289832793	0.20057530948642857	1.4155508114067337	-1.0918798772630864	-1.204307962567082	-1.089339317262732	-0.2695749781790869	N21	UCMC	Axilla	Week.1
N21_1_2	-0.8468612390389171	-0.2860828846401865	-1.261709664920352	-1.662528289832793	0.20057530948642857	1.4155508114067337	-1.0918798772630864	-1.204307962567082	-1.089339317262732	-0.2695749781790869	ZJH_N21	ZCH	Axilla	Week.1
N21_1_3	10.150897688297693	4.95950012407589	6.127419591554178	-3.4570107956700995	-3.347787598445554	5.654102681204654	-4.0040250727304025	1.5041824561712926	-0.8950695875512793	1.8463724199475404	N21	UCMC	Groin	Week.1
N21_1_4	13.280807834719454	10.094735261460032	5.5727189812691655	-1.128258733490254	-3.8005459916475086	3.304281588746998	-4.112903931259275	-1.082879923748685	0.23963634452939572	3.4934725975087	N21	UCMC	Stool	Week.1
N21_1_4	13.280807834719454	10.094735261460032	5.5727189812691655	-1.128258733490254	-3.8005459916475086	3.304281588746998	-4.112903931259275	-1.082879923748685	0.23963634452939572	3.4934725975087	ZJH_N21	ZCH	Stool	Week.1
N21_2_2	-0.3875630338803945	5.725561956835462	0.011008040929548787	-0.39328543247273107	-2.313833860548112	1.2957295490612881	-2.072339134291845	0.15862623341457746	-1.4636105163961624	0.30909778917379666	N21	UCMC	Axilla	Week.3
N21_2_2	-0.3875630338803945	5.725561956835462	0.011008040929548787	-0.39328543247273107	-2.313833860548112	1.2957295490612881	-2.072339134291845	0.15862623341457746	-1.4636105163961624	0.30909778917379666	ZJH_N21	ZCH	Axilla	Week.3
N21_2_3	14.642242999795917	14.904491586690323	6.028893216797302	-0.3166339411597221	-5.4980104162400005	3.6637436228644655	-4.180130808279139	0.1015438452438705	0.05150596740557859	1.6037552140136453	N21	UCMC	Groin	Week.3
N21_2_4	14.88660567535323	13.34319975669741	6.0994529074518	-0.7492440393834569	-4.827734723169288	3.9277211804983225	-3.8967018622313447	-0.3629746951510961	-0.5088755059669913	2.5466989233557107	N21	UCMC	Stool	Week.3
N21_2_4	14.88660567535323	13.34319975669741	6.0994529074518	-0.7492440393834569	-4.827734723169288	3.9277211804983225	-3.8967018622313447	-0.3629746951510961	-0.5088755059669913	2.5466989233557107	ZJH_N21	ZCH	Stool	Week.3
N22_1_2	-4.914346363238685	3.241766910103065	-4.253032858764947	0.6366198270015854	0.06327151788888245	0.1685437403120956	0.1880619501175634	-0.8300348848383221	0.01079826475600709	0.22996937069798323	N22	UCMC	Axilla	Week.1
N22_1_3	-2.31040409398785	1.1940566552373442	-2.7148294351684483	-0.3553004636962699	0.06701992194059085	0.8290937398621435	-0.5214275219078103	-1.3411497467215427	-1.2976260939702282	-1.0032212634003213	N22	UCMC	Groin	Week.1
N22_1_3	-2.31040409398785	1.1940566552373442	-2.7148294351684483	-0.3553004636962699	0.06701992194059085	0.8290937398621435	-0.5214275219078103	-1.3411497467215427	-1.2976260939702282	-1.0032212634003213	ZJH_N22	ZCH	Groin	Week.1
N22_1_4	10.30108424414472	-0.4362036501654706	-4.170452765998871	0.3469107639996004	0.6768394919430895	0.43910768967730857	-0.1990793182889231	-6.68767574471467	-3.0038867822877338	-0.6322829921766792	N22	UCMC	Stool	Week.1
N22_1_4	10.30108424414472	-0.4362036501654706	-4.170452765998871	0.3469107639996004	0.6768394919430895	0.43910768967730857	-0.1990793182889231	-6.68767574471467	-3.0038867822877338	-0.6322829921766792	ZJH_N22	ZCH	Stool	Week.1
N22_2_2	-4.611130540887564	-0.014226246203076708	0.6270404446142775	-1.6156692205863252	0.0842374697913192	-0.5706017026019519	-1.5350052359897017	-0.9173312810554068	-1.4017248119251218	-0.7627564599806336	N22	UCMC	Axilla	Week.3
N22_2_2	-4.611130540887564	-0.014226246203076708	0.6270404446142775	-1.6156692205863252	0.0842374697913192	-0.5706017026019519	-1.5350052359897017	-0.9173312810554068	-1.4017248119251218	-0.7627564599806336	ZJH_N22	ZCH	Axilla	Week.3
N22_2_3	10.260797856712859	12.074634805234709	4.7617560398775325	-0.1387947661155608	-0.8430734181907686	0.17422103325653368	0.05925616085959588	-2.2293657504439053	-0.809518026747653	-2.700233731376509	N22	UCMC	Groin	Week.3
N22_2_3	10.260797856712859	12.074634805234709	4.7617560398775325	-0.1387947661155608	-0.8430734181907686	0.17422103325653368	0.05925616085959588	-2.2293657504439053	-0.809518026747653	-2.700233731376509	ZJH_N22	ZCH	Groin	Week.3
N22_2_4	12.223713614878745	11.729341236125402	6.48097308801058	-0.7744360839490367	-0.23074700663929887	-0.5374124439626164	0.5548354738200911	-2.2690698215920038	2.738508690740341	-3.350186183938316	N22	UCMC	Stool	Week.3
N22_2_4	12.223713614878745	11.729341236125402	6.48097308801058	-0.7744360839490367	-0.23074700663929887	-0.5374124439626164	0.5548354738200911	-2.2690698215920038	2.738508690740341	-3.350186183938316	ZJH_N22	ZCH	Stool	Week.3
N23_1_4	-6.423210371794013	-4.608033092803927	6.66322135270195	-0.3807579918322818	0.5785574875454279	-2.3784237035855247	1.0700215656727903	0.11295860938647587	-2.0629974296768365	0.14472227359483497	N23	UCMC	Stool	Week.1
N23_1_4	-6.423210371794013	-4.608033092803927	6.66322135270195	-0.3807579918322818	0.5785574875454279	-2.3784237035855247	1.0700215656727903	0.11295860938647587	-2.0629974296768365	0.14472227359483497	ZJH_N23	ZCH	Stool	Week.1
N23_2_2	-0.4224428544981925	-1.9939356429562514	-0.247170077036341	-2.4666023219690087	0.7743703052868687	1.1321495037512093	-0.9622710767864072	-0.5877904234295295	0.6783905172845913	0.47322061434315266	N23	UCMC	Axilla	Week.3
N23_2_2	-0.4224428544981925	-1.9939356429562514	-0.247170077036341	-2.4666023219690087	0.7743703052868687	1.1321495037512093	-0.9622710767864072	-0.5877904234295295	0.6783905172845913	0.47322061434315266	ZJH_N23	ZCH	Axilla	Week.3
N23_2_3	3.492640031859844	-2.9659094459816484	-1.010750147261377	-1.476915123312755	-0.3995247348590115	0.23684077588987412	-0.860796350600893	-2.1536464109503632	-1.3257318051004532	-1.2863752595497366	N23	UCMC	Groin	Week.3
N23_2_3	3.492640031859844	-2.9659094459816484	-1.010750147261377	-1.476915123312755	-0.3995247348590115	0.23684077588987412	-0.860796350600893	-2.1536464109503632	-1.3257318051004532	-1.2863752595497366	ZJH_N23	ZCH	Groin	Week.3
N23_2_4	9.951821270790447	-2.6445940849499667	-5.2717245283753105	0.4537266685027672	-0.64786459664092	0.14451620571651122	-0.08465124782713103	-4.798999842907501	-2.1639329672151635	-1.756764083314211	N23	UCMC	Stool	Week.3
N23_2_4	9.951821270790447	-2.6445940849499667	-5.2717245283753105	0.4537266685027672	-0.64786459664092	0.14451620571651122	-0.08465124782713103	-4.798999842907501	-2.1639329672151635	-1.756764083314211	ZJH_N23	ZCH	Stool	Week.3
N24_1_2	-8.519370829121893	4.078426384055291	-4.333984779600001	1.6150155693107322	-0.6695291953034688	-0.09499940528862443	0.9047620260914795	0.09954607984206722	-0.31427813693883644	-0.1759820341958573	N24	UCMC	Axilla	Week.1
N24_1_2	-8.519370829121893	4.078426384055291	-4.333984779600001	1.6150155693107322	-0.6695291953034688	-0.09499940528862443	0.9047620260914795	0.09954607984206722	-0.31427813693883644	-0.1759820341958573	ZJH_N24	ZCH	Axilla	Week.1
N24_1_3	-5.0077531768514225	3.8851680926268335	-5.290703011397329	1.3881136987361817	0.4881725561759232	-0.7014337765066112	0.7792487500620078	-0.8696267011551728	-0.7457352916472086	0.0735563327352484	N24	UCMC	Groin	Week.1
N24_1_3	-5.0077531768514225	3.8851680926268335	-5.290703011397329	1.3881136987361817	0.4881725561759232	-0.7014337765066112	0.7792487500620078	-0.8696267011551728	-0.7457352916472086	0.0735563327352484	ZJH_N24	ZCH	Groin	Week.1
N24_1_4	10.957273703242592	-2.6387035435467574	-2.9874714626648675	0.6136220584252533	3.8226520740759358	-2.9609415042444063	0.22081602806996498	-4.733291170736764	-4.089658020984118	0.4199729879488917	N24	UCMC	Stool	Week.1
N24_1_4	10.957273703242592	-2.6387035435467574	-2.9874714626648675	0.6136220584252533	3.8226520740759358	-2.9609415042444063	0.22081602806996498	-4.733291170736764	-4.089658020984118	0.4199729879488917	ZJH_N24	ZCH	Stool	Week.1
N24_2_3	11.429759320483365	-3.19262545678024	-1.617843357543086	-1.3346420282623863	5.243349761438029	-1.7881366584978458	0.5027561531665138	-5.239454785198609	-4.362103293144465	2.1420868598882716	N24	UCMC	Groin	Week.3
N24_2_3	11.429759320483365	-3.19262545678024	-1.617843357543086	-1.3346420282623863	5.243349761438029	-1.7881366584978458	0.5027561531665138	-5.239454785198609	-4.362103293144465	2.1420868598882716	ZJH_N24	ZCH	Groin	Week.3
N24_2_4	10.646978689659754	-0.6381127647684193	-4.181920256190369	0.25917776026730216	4.172607032485588	-1.7795366611219736	1.3717231673404882	-4.849047152296167	-3.2020234828561644	0.46814456897570056	N24	UCMC	Stool	Week.3
N24_2_4	10.646978689659754	-0.6381127647684193	-4.181920256190369	0.25917776026730216	4.172607032485588	-1.7795366611219736	1.3717231673404882	-4.849047152296167	-3.2020234828561644	0.46814456897570056	ZJH_N24	ZCH	Stool	Week.3
N25_1_2	-6.133660396067512	-0.2888952061991524	0.48007529671408516	-1.9288084345823713	0.04904941838661775	0.2897459562396331	-1.2003944638252442	0.35663689700548507	-1.3339411185165013	-1.003777520777876	N25	UCMC	Axilla	Week.1
N25_1_2	-6.133660396067512	-0.2888952061991524	0.48007529671408516	-1.9288084345823713	0.04904941838661775	0.2897459562396331	-1.2003944638252442	0.35663689700548507	-1.3339411185165013	-1.003777520777876	ZJH_N25	ZCH	Axilla	Week.1
N25_1_3	-7.2171569371167115	3.8970304782785172	-4.7930814709649825	1.1129621674066386	-0.4368801136093159	0.0640793646492154	0.5299832205804342	0.006044265377132098	-0.2418435260405715	-0.16381970337076615	N25	UCMC	Groin	Week.1
N25_1_3	-7.2171569371167115	3.8970304782785172	-4.7930814709649825	1.1129621674066386	-0.4368801136093159	0.0640793646492154	0.5299832205804342	0.006044265377132098	-0.2418435260405715	-0.16381970337076615	ZJH_N25	ZCH	Groin	Week.1
N25_1_4	13.587308778681395	-3.4342703613564565	-3.166483101566782	0.37178108301646057	2.9881518990129385	-3.0460600917546916	0.6199331522046899	-5.380632886972487	-4.5816352165421375	0.5357061620790744	N25	UCMC	Stool	Week.1
N25_1_4	13.587308778681395	-3.4342703613564565	-3.166483101566782	0.37178108301646057	2.9881518990129385	-3.0460600917546916	0.6199331522046899	-5.380632886972487	-4.5816352165421375	0.5357061620790744	ZJH_N25	ZCH	Stool	Week.1
N25_2_2	0.5859280507833604	-0.2431812167625645	-2.6031849104515565	-0.899558580374835	2.4043178501466	0.3274049813296376	0.3701812329399702	-0.9460142322497572	-0.6472311787315335	1.9324973059382755	N25	UCMC	Axilla	Week.3
N25_2_2	0.5859280507833604	-0.2431812167625645	-2.6031849104515565	-0.899558580374835	2.4043178501466	0.3274049813296376	0.3701812329399702	-0.9460142322497572	-0.6472311787315335	1.9324973059382755	ZJH_N25	ZCH	Axilla	Week.3
N25_2_3	-8.585228448692712	5.3782144240940815	-5.61629124449718	2.0741643078466927	-0.7911895653259999	-0.4145432933367528	1.09155573121027	0.6634565788059036	-0.23129866340101132	-0.42145388667900896	N25	UCMC	Groin	Week.3
N25_2_4	10.62833807474511	-0.99509464323231	-4.606669401840487	0.7367527861615709	3.7751743642154283	-1.8207919789951228	0.7498572418347133	-4.707929032554893	-3.7561436630618386	1.1809471325100862	N25	UCMC	Stool	Week.3
N25_2_4	10.62833807474511	-0.99509464323231	-4.606669401840487	0.7367527861615709	3.7751743642154283	-1.8207919789951228	0.7498572418347133	-4.707929032554893	-3.7561436630618386	1.1809471325100862	ZJH_N25	ZCH	Stool	Week.3
N26_1_4	-0.5753332769958367	1.6080006031181826	3.94444402863974	-2.545549665711106	-0.1709808774981702	-1.298005418683283	-2.9065539932044655	-0.6357482358584073	2.178374453854708	2.457360122780579	N26	UCMC	Stool	Week.1
N26_1_4	-0.5753332769958367	1.6080006031181826	3.94444402863974	-2.545549665711106	-0.1709808774981702	-1.298005418683283	-2.9065539932044655	-0.6357482358584073	2.178374453854708	2.457360122780579	ZJH_N26	ZCH	Stool	Week.1
N27_1_2	-4.950310551613999	-0.732308439617496	0.0964330186545111	-2.3996628329400957	0.9311219569304954	2.4327536103860035	-0.8049590067408006	0.9820543304949028	0.04855110796177294	-0.06603100606959177	N27	UCMC	Axilla	Week.1
N27_1_3	-2.244199071192878	0.699588969889528	-4.097982665376734	-0.35299841446001773	0.6469841156560049	2.2739548737538056	0.6381039486334925	0.5831571034389942	1.153692140396659	0.4936840027976719	N27	UCMC	Groin	Week.1
N27_1_4	7.129939531444859	-1.46254378407423	-5.719083507049142	0.8689838451120122	-1.502081781207687	0.277070784116703	-0.11999988063496708	-2.5479488169854956	-0.5808309444604335	-1.4102953128733924	N27	UCMC	Stool	Week.1
N27_1_4	7.129939531444859	-1.46254378407423	-5.719083507049142	0.8689838451120122	-1.502081781207687	0.277070784116703	-0.11999988063496708	-2.5479488169854956	-0.5808309444604335	-1.4102953128733924	ZJH_N27	ZCH	Stool	Week.1
N27_2_3	6.29846412780752	-3.6172943957915016	-1.222728016441795	-1.3923816301931011	0.27430336496249147	0.8836854486251204	-1.5837366163724067	-1.8291284566405996	2.3022262338106327	1.3389004649912124	N27	UCMC	Groin	Week.3
N27_2_3	6.29846412780752	-3.6172943957915016	-1.222728016441795	-1.3923816301931011	0.27430336496249147	0.8836854486251204	-1.5837366163724067	-1.8291284566405996	2.3022262338106327	1.3389004649912124	ZJH_N27	ZCH	Groin	Week.3
N27_2_4	8.013689227508733	-3.0735847480376717	-3.2700445306857997	-0.3293400842946655	0.3090522813203351	0.14668124327396811	-0.8177851241326469	-2.86474557129857	1.9517320685758435	0.2738123698604893	N27	UCMC	Stool	Week.3
N27_2_4	8.013689227508733	-3.0735847480376717	-3.2700445306857997	-0.3293400842946655	0.3090522813203351	0.14668124327396811	-0.8177851241326469	-2.86474557129857	1.9517320685758435	0.2738123698604893	ZJH_N27	ZCH	Stool	Week.3
N28_1_2	-2.002414451943225	-0.5167248308680356	-1.0130371374633398	-1.175090627674001	-0.11588511930667303	-0.20101783751193963	-1.1652964071870415	-1.0571078867638994	-0.7867051016443329	-0.5512401457631371	N28	UCMC	Axilla	Week.1
N28_1_2	-2.002414451943225	-0.5167248308680356	-1.0130371374633398	-1.175090627674001	-0.11588511930667303	-0.20101783751193963	-1.1652964071870415	-1.0571078867638994	-0.7867051016443329	-0.5512401457631371	ZJH_N28	ZCH	Axilla	Week.1
N28_1_3	-7.698560001635007	4.687306621392514	-5.628451478929708	1.631537668157171	-0.555025709150818	0.08866575585231823	0.6815520021749177	0.0490009518544254	-0.08352701179369017	-0.31495347785140304	N28	UCMC	Groin	Week.1
N28_1_4	8.833810766823733	-1.9433710588512936	-5.540401776235524	0.5698060614786137	-0.3336551830995968	0.052074212439915196	-0.08692727475831544	-4.143333689914502	-1.109524796802074	-1.2881435892807984	N28	UCMC	Stool	Week.1
N28_1_4	8.833810766823733	-1.9433710588512936	-5.540401776235524	0.5698060614786137	-0.3336551830995968	0.052074212439915196	-0.08692727475831544	-4.143333689914502	-1.109524796802074	-1.2881435892807984	ZJH_N28	ZCH	Stool	Week.1
N28_2_3	7.109990500062332	-6.453316117009765	1.7054316547066337	-2.64318024091526	-0.38302292944863564	0.16070354430980052	-1.2365107183711503	-2.3649944223832065	-1.787116402756121	-1.388704655984292	N28	UCMC	Groin	Week.3
N28_2_3	7.109990500062332	-6.453316117009765	1.7054316547066337	-2.64318024091526	-0.38302292944863564	0.16070354430980052	-1.2365107183711503	-2.3649944223832065	-1.787116402756121	-1.388704655984292	ZJH_N28	ZCH	Groin	Week.3
N28_2_4	11.577722173112221	-3.7178286768867514	-5.1459000205282575	0.08089363204523103	0.6095970681060285	0.8132339995233586	0.2707230184165464	-3.861624690686237	-0.6700944425201056	-1.4158716327337966	N28	UCMC	Stool	Week.3
N28_2_4	11.577722173112221	-3.7178286768867514	-5.1459000205282575	0.08089363204523103	0.6095970681060285	0.8132339995233586	0.2707230184165464	-3.861624690686237	-0.6700944425201056	-1.4158716327337966	ZJH_N28	ZCH	Stool	Week.3
N29_1_2	-8.483064411723243	4.040355220230189	-4.32389468405255	1.0357703197563788	-0.5073798388985801	-0.038683512251205004	0.36825020254564694	0.15208974376485485	-0.3679381236310546	-0.7966758096123074	N29	UCMC	Axilla	Week.1
N29_1_2	-8.483064411723243	4.040355220230189	-4.32389468405255	1.0357703197563788	-0.5073798388985801	-0.038683512251205004	0.36825020254564694	0.15208974376485485	-0.3679381236310546	-0.7966758096123074	ZJH_N29	ZCH	Axilla	Week.1
N29_1_3	-6.07226239040298	0.7697536587363973	-0.9813687910828359	-0.9046819229292885	0.8736712706083609	1.0472806613281407	-0.5776080359351969	0.7001475949886364	1.4111296048669266	0.9177275235793139	N29	UCMC	Groin	Week.1
N29_1_4	-4.026906423241061	-1.257208723455663	5.122866629147667	-3.4556620388294714	-0.3817719177284038	-2.017791780792573	-2.578364217007974	-0.19980074400936837	2.2077493146469305	0.22535771405426996	N29	UCMC	Stool	Week.1
N29_1_4	-4.026906423241061	-1.257208723455663	5.122866629147667	-3.4556620388294714	-0.3817719177284038	-2.017791780792573	-2.578364217007974	-0.19980074400936837	2.2077493146469305	0.22535771405426996	ZJH_N29	ZCH	Stool	Week.1
N29_2_2	-4.813304893692747	-1.622925500850776	2.089321420748303	-1.451495958574924	0.3508143908656019	0.8815230737302511	0.05986726160354009	0.33796728710063817	0.3890649604730798	1.2849024591157638	N29	UCMC	Axilla	Week.3
N29_2_3	-4.654507682565628	-0.23941275595558337	0.3755716126815161	0.20080531023554404	-0.07989426084646452	0.37501742435983937	1.2877187655642597	0.1450052797494066	0.6017365388767071	0.7764901972190194	N29	UCMC	Groin	Week.3
N29_2_4	1.8903935153585234	-2.9287358196553015	2.4047008108766543	-0.6723331053438356	2.440404333814567	-1.6848250363544326	1.8223446348551215	0.3410569282245449	4.372238739325101	3.4308500405561553	N29	UCMC	Stool	Week.3
N30_1_2	-7.647598130558306	1.200148828229062	-1.3151251390795389	-0.09260798930272714	-1.1761619560904801	-0.1016745306722983	0.2583759150748201	0.23601474499022987	-0.06109953996326761	-0.8676366827147302	N30	UCMC	Axilla	Week.1
N30_1_3	-7.111382118777557	-1.3858213129807824	2.259055047056673	-1.5423052480260668	-0.7590196822747713	-0.8758605960835953	-0.9233182984221704	-0.05735760758816941	-0.9532533152177738	-1.5899270643845416	N30	UCMC	Groin	Week.1
N30_1_3	-7.111382118777557	-1.3858213129807824	2.259055047056673	-1.5423052480260668	-0.7590196822747713	-0.8758605960835953	-0.9233182984221704	-0.05735760758816941	-0.9532533152177738	-1.5899270643845416	ZJH_N30	ZCH	Groin	Week.1
N30_1_4	-4.517008898533485	2.778058519383324	0.7350320795681734	-0.9973532997663924	1.7131338824276763	-1.8926044830778712	0.09644497559148252	0.22831683565106475	2.2069358698175567	2.406858477418747	N30	UCMC	Stool	Week.1
N30_1_4	-4.517008898533485	2.778058519383324	0.7350320795681734	-0.9973532997663924	1.7131338824276763	-1.8926044830778712	0.09644497559148252	0.22831683565106475	2.2069358698175567	2.406858477418747	ZJH_N30	ZCH	Stool	Week.1
N30_2_2	-6.229421424013409	0.342890292081972	0.027133260118083695	-0.9236885389021536	0.4369391402254047	-1.0420565398216308	0.06978635139907886	-0.47549465835925336	1.037845286722522	1.822975761913741	N30	UCMC	Axilla	Week.3
N30_2_4	-4.48051033928038	-4.9679525805374345	7.20796320051093	1.2946940300704757	-2.019123644382914	-2.756291386343873	4.115191428385984	-0.6599629388946381	0.6253120928205874	3.6164042419419715	N30	UCMC	Stool	Week.3
N30_2_4	-4.48051033928038	-4.9679525805374345	7.20796320051093	1.2946940300704757	-2.019123644382914	-2.756291386343873	4.115191428385984	-0.6599629388946381	0.6253120928205874	3.6164042419419715	ZJH_N30	ZCH	Stool	Week.3
N31_1_2	-6.183893831084997	-2.5753147184638063	4.047596861954993	-2.290963738161528	-0.17993483957658482	-0.5224622726711705	-0.6244474590670733	-0.22621581555433184	-0.7712451387772514	-0.07686341960734112	N31	UCMC	Axilla	Week.1
N31_1_2	-6.183893831084997	-2.5753147184638063	4.047596861954993	-2.290963738161528	-0.17993483957658482	-0.5224622726711705	-0.6244474590670733	-0.22621581555433184	-0.7712451387772514	-0.07686341960734112	ZJH_N31	ZCH	Axilla	Week.1
N31_1_3	-7.38440740096078	1.0333404785414924	-0.5893098184740143	0.5172048802940685	-0.6341748429483572	0.23625222773317514	1.0346954394446508	0.018748433714504454	-0.31287133487632646	-0.5097837886942838	N31	UCMC	Groin	Week.1
N31_1_4	13.677055167245529	-5.547434351831312	-0.09061411766138003	1.7306973021671133	0.6553496278000968	-3.569280835525266	4.273045799681969	10.574536080769075	1.8596432777268161	1.9677750253065875	N31	UCMC	Stool	Week.1
N31_1_4	13.677055167245529	-5.547434351831312	-0.09061411766138003	1.7306973021671133	0.6553496278000968	-3.569280835525266	4.273045799681969	10.574536080769075	1.8596432777268161	1.9677750253065875	ZJH_N31	ZCH	Stool	Week.1
N31_2_2	-3.5168322363510707	-0.5441710042286739	0.0361767454727774	-1.7195990115322812	2.337752862915928	-0.48985053643650933	0.0674218323508836	-0.13771537417826007	1.683611684578212	3.482475253703201	N31	UCMC	Axilla	Week.3
N31_2_2	-3.5168322363510707	-0.5441710042286739	0.0361767454727774	-1.7195990115322812	2.337752862915928	-0.48985053643650933	0.0674218323508836	-0.13771537417826007	1.683611684578212	3.482475253703201	ZJH_N31	ZCH	Axilla	Week.3
N31_2_4	13.459065081849767	-3.557797366147242	-4.380833633402219	-0.2582589195715885	1.9312328734023851	0.9114789569104835	0.9292419648385098	-0.302558442136613	2.958341893330459	2.9567816118465697	N31	UCMC	Stool	Week.3
N31_2_4	13.459065081849767	-3.557797366147242	-4.380833633402219	-0.2582589195715885	1.9312328734023851	0.9114789569104835	0.9292419648385098	-0.302558442136613	2.958341893330459	2.9567816118465697	ZJH_N31	ZCH	Stool	Week.3
N32_1_2	-7.239030413780676	-1.2354178629925474	2.4535482076711426	0.05931730336583524	-0.9722867064028002	0.10149312107305712	-0.6481049011094719	0.4197239336209777	-1.3506618088636222	-0.9460330178813691	N32	UCMC	Axilla	Week.1
N32_1_2	-7.239030413780676	-1.2354178629925474	2.4535482076711426	0.05931730336583524	-0.9722867064028002	0.10149312107305712	-0.6481049011094719	0.4197239336209777	-1.3506618088636222	-0.9460330178813691	ZJH_N32	ZCH	Axilla	Week.1
N32_1_3	-7.3786141702023205	-0.3172541534213143	1.2466863985440617	-1.276131110540927	-0.8810439144608058	-0.45917636670036543	-0.8894362183816417	0.034585197352121136	-1.4749694102196407	-1.4897301479468403	N32	UCMC	Groin	Week.1
N32_1_4	0.8943285039649892	-1.175016920698467	-2.6080332401370394	0.393807405678029	-1.5962111866856685	-2.36243753567953	-0.6164154771786104	5.085823035970174	1.7049054719873868	1.2971954676124158	N32	UCMC	Stool	Week.1
N32_1_4	0.8943285039649892	-1.175016920698467	-2.6080332401370394	0.393807405678029	-1.5962111866856685	-2.36243753567953	-0.6164154771786104	5.085823035970174	1.7049054719873868	1.2971954676124158	ZJH_N32	ZCH	Stool	Week.1
N32_2_3	5.334448940761899	-4.1024635323443	0.6007133620808363	-3.2513618198587486	5.217616292981829	0.43824290222975	1.0842357493844312	0.25362842163879523	1.240973747319147	1.8725504735150158	N32	UCMC	Groin	Week.3
N32_2_3	5.334448940761899	-4.1024635323443	0.6007133620808363	-3.2513618198587486	5.217616292981829	0.43824290222975	1.0842357493844312	0.25362842163879523	1.240973747319147	1.8725504735150158	ZJH_N32	ZCH	Groin	Week.3
N32_2_4	15.292597040165251	-6.824347053982348	-3.0388660566034122	-0.8521201055574522	8.661515551187053	2.9200894164069537	4.8225961632419185	0.9136231930033516	3.442998365002694	4.236687469756534	N32	UCMC	Stool	Week.3
N32_2_4	15.292597040165251	-6.824347053982348	-3.0388660566034122	-0.8521201055574522	8.661515551187053	2.9200894164069537	4.8225961632419185	0.9136231930033516	3.442998365002694	4.236687469756534	ZJH_N32	ZCH	Stool	Week.3
N33_1_3	0.049764651610883864	-4.138470612499562	2.0038944976526833	-4.161727745856746	1.0705699949752425	3.3993239349424336	-1.3137249976241299	0.16420502487072164	-0.7951761275370085	-2.504275624145354	N33	UCMC	Groin	Week.1
N33_1_3	0.049764651610883864	-4.138470612499562	2.0038944976526833	-4.161727745856746	1.0705699949752425	3.3993239349424336	-1.3137249976241299	0.16420502487072164	-0.7951761275370085	-2.504275624145354	ZJH_N33	ZCH	Groin	Week.1
N33_1_4	-8.324799473635155	4.6871553565229345	-5.233290994383858	1.4390833681813944	-0.3420278673854086	0.04238666600830445	0.7030269910162592	0.14177599056170426	0.11304769771606832	-0.3435979746716929	N33	UCMC	Stool	Week.1
N33_1_4	-8.324799473635155	4.6871553565229345	-5.233290994383858	1.4390833681813944	-0.3420278673854086	0.04238666600830445	0.7030269910162592	0.14177599056170426	0.11304769771606832	-0.3435979746716929	ZJH_N33	ZCH	Stool	Week.1
N33_2_3	4.992373832187566	-1.834195436677983	-3.4963718032027327	0.618203427396141	-1.265213926722814	-0.19663240121151257	0.3948565707853196	-2.9221734864604154	-0.6678181148569097	-1.8405405445128817	N33	UCMC	Groin	Week.3
N33_2_4	13.322457328472487	-4.509266175589146	-4.128708131848725	-0.2297849299870314	-0.3093382721221066	-0.6748442912414415	-0.24447979963894415	-5.392378188497618	-0.5832950318243394	-0.13177909716886416	N33	UCMC	Stool	Week.3
N33_2_4	13.322457328472487	-4.509266175589146	-4.128708131848725	-0.2297849299870314	-0.3093382721221066	-0.6748442912414415	-0.24447979963894415	-5.392378188497618	-0.5832950318243394	-0.13177909716886416	ZJH_N33	ZCH	Stool	Week.3
N34_1_2	-7.96535270620239	4.577988981036137	-5.329868043623253	1.431869434230057	-0.48484604050339897	0.2551289527413966	0.6349391478093869	0.18165793935750488	0.13575202195973846	-0.022639645145598807	N34	UCMC	Axilla	Week.1
N34_1_2	-7.96535270620239	4.577988981036137	-5.329868043623253	1.431869434230057	-0.48484604050339897	0.2551289527413966	0.6349391478093869	0.18165793935750488	0.13575202195973846	-0.022639645145598807	ZJH_N34	ZCH	Axilla	Week.1
N34_1_3	-8.443090373270994	4.882894195221018	-5.767964026690372	1.7767696193832057	-0.6762769564422995	0.142654252958647	0.9502636755781041	0.23493668653530267	-0.031709920787009654	-0.403813660485556	N34	UCMC	Groin	Week.1
N34_1_3	-8.443090373270994	4.882894195221018	-5.767964026690372	1.7767696193832057	-0.6762769564422995	0.142654252958647	0.9502636755781041	0.23493668653530267	-0.031709920787009654	-0.403813660485556	ZJH_N34	ZCH	Groin	Week.1
N34_1_4	-7.7316787895463355	3.7785295561173635	-4.370742676444379	0.9027854460805662	0.07522385594910246	0.1805975832144608	0.5730138534880935	0.16327409677594357	0.41464100522967823	-0.12579197000415407	N34	UCMC	Stool	Week.1
N34_1_4	-7.7316787895463355	3.7785295561173635	-4.370742676444379	0.9027854460805662	0.07522385594910246	0.1805975832144608	0.5730138534880935	0.16327409677594357	0.41464100522967823	-0.12579197000415407	ZJH_N34	ZCH	Stool	Week.1
N34_2_2	-7.5686803691265405	1.1082405763285441	-0.6009973456788725	-0.7726434656790729	-0.5632625706097327	-0.5474248574935885	-0.7921562365925611	0.22951095909168365	-0.6305230627017457	-0.9142102076666269	N34	UCMC	Axilla	Week.3
N34_2_3	-4.811978615114312	-3.318494040450571	4.691082238533662	6.078161905656236	6.516412083337426	1.0778301943599111	-7.1972405056847695	1.5675155619059795	2.674803124080251	1.4658803058888352	N34	UCMC	Groin	Week.3
N35_1_2	-6.074244749444282	-2.819646957419432	4.3601107977084235	-4.14262081708621	0.19713033579484118	0.6536157862812532	-2.2917919040742265	0.7603401932005052	-0.6947667279159928	-1.4859210209949283	N35	UCMC	Axilla	Week.1
N35_1_2	-6.074244749444282	-2.819646957419432	4.3601107977084235	-4.14262081708621	0.19713033579484118	0.6536157862812532	-2.2917919040742265	0.7603401932005052	-0.6947667279159928	-1.4859210209949283	ZJH_N35	ZCH	Axilla	Week.1
N35_1_3	-8.57969781118466	4.371441092737566	-4.7165233540632014	1.2726689365323955	-0.5857533758021463	0.03400946514132633	0.47689708698849187	0.207890790524749	-0.2818772767211139	-0.5606585569414692	N35	UCMC	Groin	Week.1
N35_1_4	-4.525066925054749	-6.497438235499228	10.637833983446887	4.414820559710581	1.5976304964058214	-0.7506266302359625	-4.382940565754603	-0.38375422624404004	-0.9546814851574104	-0.15279046595140885	N35	UCMC	Stool	Week.1
N35_1_4	-4.525066925054749	-6.497438235499228	10.637833983446887	4.414820559710581	1.5976304964058214	-0.7506266302359625	-4.382940565754603	-0.38375422624404004	-0.9546814851574104	-0.15279046595140885	ZJH_N35	ZCH	Stool	Week.1
N35_2_2	-7.885311526089514	2.672843430799188	-2.715408706393868	1.0386882536239357	-0.649223175819299	-0.2749022940386201	0.8179459500385834	0.1114386053945951	0.0478120752236222	0.06245405355694193	N35	UCMC	Axilla	Week.3
N35_2_3	-4.815939407222669	-0.8843962719473746	0.3356107078453864	-0.9064458286050608	1.9253102788661054	1.2780781554319327	-0.15037814045553488	1.1883967654795562	1.5710735761742713	1.3160765902770373	N35	UCMC	Groin	Week.3
N36_1_2	-6.3898902697994435	-1.407755392115211	1.7154546588886144	-2.3047939608951005	-0.7714536153222028	-0.02107832425732128	-1.3638127866790788	0.4355005904786905	-1.0651085392316626	-0.21582077121669083	N36	UCMC	Axilla	Week.1
N36_1_2	-6.3898902697994435	-1.407755392115211	1.7154546588886144	-2.3047939608951005	-0.7714536153222028	-0.02107832425732128	-1.3638127866790788	0.4355005904786905	-1.0651085392316626	-0.21582077121669083	ZJH_N36	ZCH	Axilla	Week.1
N36_1_3	-5.706317708399092	1.3736900152146383	-2.2678979398358443	-1.4492570025526068	0.3391320723942651	3.7508029622769357	0.14530452784565753	1.0431821507668642	0.3650084762687368	0.2909948666398737	N36	UCMC	Groin	Week.1
N36_1_3	-5.706317708399092	1.3736900152146383	-2.2678979398358443	-1.4492570025526068	0.3391320723942651	3.7508029622769357	0.14530452784565753	1.0431821507668642	0.3650084762687368	0.2909948666398737	ZJH_N36	ZCH	Groin	Week.1
N36_1_4	6.2814119452453925	-3.692788265647656	2.168337800198493	-4.088889986404207	3.1112926340828886	5.2366769122181935	0.46730485902116115	-2.3795581138950337	-2.576777359529777	-6.094977512639153	N36	UCMC	Stool	Week.1
N36_1_4	6.2814119452453925	-3.692788265647656	2.168337800198493	-4.088889986404207	3.1112926340828886	5.2366769122181935	0.46730485902116115	-2.3795581138950337	-2.576777359529777	-6.094977512639153	ZJH_N36	ZCH	Stool	Week.1
N36_2_2	-7.154686201814866	0.10561197551809953	0.5023722298134053	-1.2441249636302818	-0.29475910727291116	-0.07853227438583876	-0.890753272902031	0.3453651916883115	-0.802302027167182	-0.8523255541675717	N36	UCMC	Axilla	Week.3
N36_2_2	-7.154686201814866	0.10561197551809953	0.5023722298134053	-1.2441249636302818	-0.29475910727291116	-0.07853227438583876	-0.890753272902031	0.3453651916883115	-0.802302027167182	-0.8523255541675717	ZJH_N36	ZCH	Axilla	Week.3
N36_2_3	6.1537013468286155	-1.2471859847276876	-1.3192820205966238	-1.7877959476375003	3.597758483869778	5.357184466129002	2.4503616978846505	-2.4466642640318916	-0.7640766470373439	-4.449751184423651	N36	UCMC	Groin	Week.3
N36_2_3	6.1537013468286155	-1.2471859847276876	-1.3192820205966238	-1.7877959476375003	3.597758483869778	5.357184466129002	2.4503616978846505	-2.4466642640318916	-0.7640766470373439	-4.449751184423651	ZJH_N36	ZCH	Groin	Week.3
N37_1_2	-8.54373859505237	3.371271968954954	-3.22059849887146	2.340481444430588	-1.4348197737574673	-0.06575079775501318	1.9417560745048061	0.0165763992883677	-0.3979817146055999	-0.37051585887543526	N37	UCMC	Axilla	Week.1
N37_1_2	-8.54373859505237	3.371271968954954	-3.22059849887146	2.340481444430588	-1.4348197737574673	-0.06575079775501318	1.9417560745048061	0.0165763992883677	-0.3979817146055999	-0.37051585887543526	ZJH_N37	ZCH	Axilla	Week.1
N37_1_3	-8.49152640110937	3.64812844266904	-3.7063195185259996	2.078049953587032	-1.1124466682689433	-0.08954438946710118	1.481680359089653	0.07759371747176509	-0.31909204702356764	-0.5081782084549782	N37	UCMC	Groin	Week.1
N37_1_3	-8.49152640110937	3.64812844266904	-3.7063195185259996	2.078049953587032	-1.1124466682689433	-0.08954438946710118	1.481680359089653	0.07759371747176509	-0.31909204702356764	-0.5081782084549782	ZJH_N37	ZCH	Groin	Week.1
N38_1_2	-2.777717639214627	-2.2892769184876927	1.109415760706431	-3.017422190186948	0.6976843753626883	2.424285787533467	-0.9065840932439211	2.0330757611278796	0.7244233261221485	-0.3299019311408945	N38	UCMC	Axilla	Week.1
N38_1_2	-2.777717639214627	-2.2892769184876927	1.109415760706431	-3.017422190186948	0.6976843753626883	2.424285787533467	-0.9065840932439211	2.0330757611278796	0.7244233261221485	-0.3299019311408945	ZJH_N38	ZCH	Axilla	Week.1
N38_1_3	-4.775163303209403	-0.40039068380930876	-0.17075805440573058	-2.735017176730466	2.116977786177131	3.3236681224399147	0.21666617650466838	0.7975241179103734	1.5101142942977424	-0.0956346894366184	N38	UCMC	Groin	Week.1
N38_1_3	-4.775163303209403	-0.40039068380930876	-0.17075805440573058	-2.735017176730466	2.116977786177131	3.3236681224399147	0.21666617650466838	0.7975241179103734	1.5101142942977424	-0.0956346894366184	ZJH_N38	ZCH	Groin	Week.1
N38_1_4	-4.473227617682634	-2.693189521737519	6.5381621333060655	-4.250649380255164	-0.9427314119102435	-0.8994199268002545	-3.5315745892458925	0.10988636570224374	-3.16853526618514	-1.937694814820898	N38	UCMC	Stool	Week.1
N38_1_4	-4.473227617682634	-2.693189521737519	6.5381621333060655	-4.250649380255164	-0.9427314119102435	-0.8994199268002545	-3.5315745892458925	0.10988636570224374	-3.16853526618514	-1.937694814820898	ZJH_N38	ZCH	Stool	Week.1
N38_2_2	-5.979187014668185	1.0980201175644062	-1.6738409794980957	-1.1297931337800067	0.9942404242729925	0.5215119272392472	-0.12116559640568512	0.4838039023438131	1.2104674918211666	1.0529901225683738	N38	UCMC	Axilla	Week.3
N38_2_3	7.834537078636888	-3.233773863302735	-1.9956735887570394	-0.7314877906864651	-2.7518108230801097	2.5502125220677088	-1.3224452081897453	-0.886619360232424	5.438690848829549	4.4107925229310965	N38	UCMC	Groin	Week.3
N38_2_4	8.475527205449932	-3.4336024416429445	-2.4780247572902323	-0.687275068220172	-2.8650427065346826	1.1637781400148335	-2.248860966198699	-1.9411702888672062	4.259260638169685	3.9042727698152757	N38	UCMC	Stool	Week.3
N39_1_2	-6.806161782588282	0.5437624353135332	-0.24157821819676842	-1.5358033833547413	0.3388651662638733	0.02214355691053847	-0.9297952465707631	0.1842948103913314	-0.2296596217649505	0.043281810855099405	N39	UCMC	Axilla	Week.1
N39_1_3	-3.790981154029302	1.160089575896774	1.181201979441017	-2.2914554166345296	0.9517210742983006	1.4781486730046764	-0.5059029135067707	0.6628676733875981	-0.3943096123253593	-1.0848012821918858	N39	UCMC	Groin	Week.1
N39_1_4	14.600747851668617	18.54081642490212	6.448497419042298	0.32706314259247615	0.8848733719993643	-0.5463175057208393	1.0593672488753518	-0.15993195938490679	-2.2383165060047	-1.3420336280890626	N39	UCMC	Stool	Week.1
N39_1_4	14.600747851668617	18.54081642490212	6.448497419042298	0.32706314259247615	0.8848733719993643	-0.5463175057208393	1.0593672488753518	-0.15993195938490679	-2.2383165060047	-1.3420336280890626	ZJH_N39	ZCH	Stool	Week.1
N39_2_2	-1.763730552657157	3.23614680048612	1.2187545116547425	-0.5321934451560578	-0.03337621748512965	-0.025952876288266404	0.2332958789445284	0.5833432946183252	-0.529972766610572	1.398572177237036	N39	UCMC	Axilla	Week.3
N39_2_2	-1.763730552657157	3.23614680048612	1.2187545116547425	-0.5321934451560578	-0.03337621748512965	-0.025952876288266404	0.2332958789445284	0.5833432946183252	-0.529972766610572	1.398572177237036	ZJH_N39	ZCH	Axilla	Week.3
N39_2_3	18.099559123981482	7.861810370298849	7.9356412368400395	-0.5344830112200861	-2.167050700548453	-1.7681733034917533	-0.29646449252159124	3.188497415317207	-4.57583496793134	-4.058796660379722	N39	UCMC	Groin	Week.3
N39_2_3	18.099559123981482	7.861810370298849	7.9356412368400395	-0.5344830112200861	-2.167050700548453	-1.7681733034917533	-0.29646449252159124	3.188497415317207	-4.57583496793134	-4.058796660379722	ZJH_N39	ZCH	Groin	Week.3
N39_2_4	20.959625708172716	14.214643995261994	6.461692476156845	0.15570049774516678	-0.32425172463806323	-2.0402150231335545	0.48777202672921	2.5956473114906453	-2.6480252055085454	-2.959061467888648	N39	UCMC	Stool	Week.3
N39_2_4	20.959625708172716	14.214643995261994	6.461692476156845	0.15570049774516678	-0.32425172463806323	-2.0402150231335545	0.48777202672921	2.5956473114906453	-2.6480252055085454	-2.959061467888648	ZJH_N39	ZCH	Stool	Week.3
N40_1_2	-7.7608077211038795	-0.4671531810511711	1.9916292986111757	3.0254804441759084	-2.639140928139651	-0.25335120199059025	3.7865923249387317	-0.44286136393904296	-0.8869492183067904	-0.3326509110025133	N40	UCMC	Axilla	Week.1
N40_1_2	-7.7608077211038795	-0.4671531810511711	1.9916292986111757	3.0254804441759084	-2.639140928139651	-0.25335120199059025	3.7865923249387317	-0.44286136393904296	-0.8869492183067904	-0.3326509110025133	ZJH_N40	ZCH	Axilla	Week.1
N40_1_3	-8.086442817085377	2.434429262118784	-2.0969326694669324	2.445146887090073	-1.306442089828287	0.03860257451910758	2.4685236594567006	-0.03962124269963476	-0.12106331826160474	-0.12891755410458952	N40	UCMC	Groin	Week.1
N40_1_4	-6.966729734021267	-9.72105942633818	18.057775670108068	31.30711069537989	6.708564128496829	6.186208555965865	-5.1538056626156115	-1.656916952497764	-0.12041335405864692	-0.10114055748491863	N40	UCMC	Stool	Week.1
N40_1_4	-6.966729734021267	-9.72105942633818	18.057775670108068	31.30711069537989	6.708564128496829	6.186208555965865	-5.1538056626156115	-1.656916952497764	-0.12041335405864692	-0.10114055748491863	ZJH_N40	ZCH	Stool	Week.1
N40_2_2	-5.412560206457842	-3.9247364898153174	5.540319450436361	-2.593429224160359	-0.9594218087908075	-0.8699427995112722	-1.8220016291366323	-0.12772990456438846	-1.6240612748142247	-1.2896931057986742	N40	UCMC	Axilla	Week.3
N40_2_3	7.528857949500589	-5.272121521409651	1.081747056037797	-0.6335717693054332	-0.41551502460525463	-0.8247035654886306	0.2626394100240827	-4.083011940435528	-0.7505342906446353	-0.5023740788533253	N40	UCMC	Groin	Week.3
N41_1_2	-7.5912419216419105	0.5620585604840841	1.6651262053022404	3.672533792379826	-3.0700711635403812	0.004607244072742418	3.9938040428094244	-0.47735354881874753	-1.0526161316649512	-0.2628704948292392	N41	UCMC	Axilla	Week.1
N41_1_2	-7.5912419216419105	0.5620585604840841	1.6651262053022404	3.672533792379826	-3.0700711635403812	0.004607244072742418	3.9938040428094244	-0.47735354881874753	-1.0526161316649512	-0.2628704948292392	ZJH_N41	ZCH	Axilla	Week.1
N41_1_3	18.997426310999533	16.614744809106416	9.507658674979693	-1.0392391813322082	-6.042279145592257	4.829020102824162	-4.29513559458371	-0.049274742802277026	0.5820991456527618	2.345337849835778	N41	UCMC	Groin	Week.1
N41_1_3	18.997426310999533	16.614744809106416	9.507658674979693	-1.0392391813322082	-6.042279145592257	4.829020102824162	-4.29513559458371	-0.049274742802277026	0.5820991456527618	2.345337849835778	ZJH_N41	ZCH	Groin	Week.1
N41_1_4	19.02839514305078	17.476309020600503	8.696021795226278	-0.49900571726681797	-6.729271174597771	3.9946740707478887	-4.893009902940163	-0.622650081123443	-0.02296312311752295	2.466705051352371	N41	UCMC	Stool	Week.1
N41_1_4	19.02839514305078	17.476309020600503	8.696021795226278	-0.49900571726681797	-6.729271174597771	3.9946740707478887	-4.893009902940163	-0.622650081123443	-0.02296312311752295	2.466705051352371	ZJH_N41	ZCH	Stool	Week.1
N41_2_2	-5.700101176067935	-0.7171376547009087	2.5354489177317086	-0.2944193667254163	-1.2114622367677133	-0.46076676898130237	0.5121134725521236	-0.28345608486037127	-0.49892276074640385	0.7392179001593223	N41	UCMC	Axilla	Week.3
N41_2_3	20.245362990995115	11.656899644593114	6.880786300105492	-1.0161184355826525	-5.811067110858384	3.8532552758729492	-4.378414555748817	-0.9020057620475048	0.41022357347192107	2.7145102648475024	N41	UCMC	Groin	Week.3
N42_1_2	-7.942844853042583	-0.2614769667488755	1.9068673202912108	4.230339398312663	-3.0012690551355563	-0.11102748943257375	4.786515600738135	-0.6394561690936017	-0.7919308424330622	-0.06366055594342285	N42	UCMC	Axilla	Week.1
N42_1_4	-6.677829323810805	-5.865990065221774	10.0756304127315	4.146312923014938	-5.136461364042417	-0.36926120570349363	6.163287324391181	-1.338284298101503	-2.7119427059674037	-0.4259813945960071	N42	UCMC	Stool	Week.1
N42_1_4	-6.677829323810805	-5.865990065221774	10.0756304127315	4.146312923014938	-5.136461364042417	-0.36926120570349363	6.163287324391181	-1.338284298101503	-2.7119427059674037	-0.4259813945960071	ZJH_N42	ZCH	Stool	Week.1
N42_2_2	-6.546318926499095	-4.745033999588872	7.284544635174884	0.9737516113391214	-2.9639592073335326	-0.2812231751340767	2.8823533623131983	-0.26876959484897084	-1.785184719946149	-1.0912201568001443	N42	UCMC	Axilla	Week.3
N42_2_2	-6.546318926499095	-4.745033999588872	7.284544635174884	0.9737516113391214	-2.9639592073335326	-0.2812231751340767	2.8823533623131983	-0.26876959484897084	-1.785184719946149	-1.0912201568001443	ZJH_N42	ZCH	Axilla	Week.3
N42_2_3	7.849701496323784	-5.822327155146527	1.1822582755718818	-0.5605441472690673	-1.0213278895936095	-0.6918286388504246	0.536673880326409	-4.148063814290771	-0.8625421629639156	-0.4492968472251033	N42	UCMC	Groin	Week.3
N42_2_3	7.849701496323784	-5.822327155146527	1.1822582755718818	-0.5605441472690673	-1.0213278895936095	-0.6918286388504246	0.536673880326409	-4.148063814290771	-0.8625421629639156	-0.4492968472251033	ZJH_N42	ZCH	Groin	Week.3
N43_1_2	-3.156248962923239	3.867393278190523	-5.050219596599191	1.240278623421121	1.028532231891714	-0.5375423714311832	0.599998769133861	-0.8024683038856916	-1.799218800399342	-0.6605694312740709	N43	UCMC	Axilla	Week.1
N43_1_2	-3.156248962923239	3.867393278190523	-5.050219596599191	1.240278623421121	1.028532231891714	-0.5375423714311832	0.599998769133861	-0.8024683038856916	-1.799218800399342	-0.6605694312740709	ZJH_N43	ZCH	Axilla	Week.1
N43_1_3	1.3114611361983812	1.0598660458674025	-1.6069869954626064	3.046625334200854	1.767073153476356	0.2541786340881144	-3.0161093337175253	-1.57299618632053	-3.130561260267355	-2.4585382716324418	N43	UCMC	Groin	Week.1
N43_1_3	1.3114611361983812	1.0598660458674025	-1.6069869954626064	3.046625334200854	1.767073153476356	0.2541786340881144	-3.0161093337175253	-1.57299618632053	-3.130561260267355	-2.4585382716324418	ZJH_N43	ZCH	Groin	Week.1
N43_2_2	5.147137987561761	-2.6914321417711897	2.508822392608107	-1.8875417369320813	1.420548455155876	0.5578824396492913	-1.7368327197558966	-1.642954238842304	-3.7711304691277534	-2.1179254173112905	N43	UCMC	Axilla	Week.3
N43_2_2	5.147137987561761	-2.6914321417711897	2.508822392608107	-1.8875417369320813	1.420548455155876	0.5578824396492913	-1.7368327197558966	-1.642954238842304	-3.7711304691277534	-2.1179254173112905	ZJH_N43	ZCH	Axilla	Week.3
N43_2_3	12.725040083111809	7.829343811416912	12.196825668732519	1.7120059738517692	0.24005652398803262	1.7237884472613678	0.1378231735875205	-0.3694283195037867	-2.2245316413097744	-0.3437389642921394	N43	UCMC	Groin	Week.3
N43_2_3	12.725040083111809	7.829343811416912	12.196825668732519	1.7120059738517692	0.24005652398803262	1.7237884472613678	0.1378231735875205	-0.3694283195037867	-2.2245316413097744	-0.3437389642921394	ZJH_N43	ZCH	Groin	Week.3
N44_1_2	-6.6045295419607255	-3.6683629857103157	5.626435690357308	-2.521974830506862	0.27271666249150156	-0.5853857515193759	-4.072313996370384	0.10426427425120594	-2.251199865345842	-2.2959930774093738	N44	UCMC	Axilla	Week.1
N44_1_2	-6.6045295419607255	-3.6683629857103157	5.626435690357308	-2.521974830506862	0.27271666249150156	-0.5853857515193759	-4.072313996370384	0.10426427425120594	-2.251199865345842	-2.2959930774093738	ZJH_N44	ZCH	Axilla	Week.1
N44_1_3	-8.721485758087578	4.859620503642965	-5.412093019317202	1.7427272132905673	-0.572479342546676	0.07035840972736443	0.5991303576230194	0.16881441604366226	-0.21880147391734892	-0.2614703621569003	N44	UCMC	Groin	Week.1
N44_1_3	-8.721485758087578	4.859620503642965	-5.412093019317202	1.7427272132905673	-0.572479342546676	0.07035840972736443	0.5991303576230194	0.16881441604366226	-0.21880147391734892	-0.2614703621569003	ZJH_N44	ZCH	Groin	Week.1
N44_2_2	-2.102740684967599	-1.9132196531563606	1.986864484221234	-2.6179627830747543	0.8372948184196044	-1.1203019733209585	-2.0255106342472065	-0.30845390329628003	-1.4719143059349473	-0.6346327997397335	N44	UCMC	Axilla	Week.3
N44_2_3	-3.742926249898921	1.1683341633939397	-2.5851081389471564	0.06954287187502453	-0.8666346055395605	-0.7885501692546782	-0.44224603385676703	-0.1125936838999015	-1.2788443745232436	-1.4184364877024869	N44	UCMC	Groin	Week.3
N45_1_2	-6.915133676626234	-2.280130122437968	4.22844231087013	3.196133947632169	-2.8507330486922604	-0.31997152959214326	4.619763152753321	-0.7446647044219576	-0.747559081987421	0.5846883727951717	N45	UCMC	Axilla	Week.1
N45_1_2	-6.915133676626234	-2.280130122437968	4.22844231087013	3.196133947632169	-2.8507330486922604	-0.31997152959214326	4.619763152753321	-0.7446647044219576	-0.747559081987421	0.5846883727951717	ZJH_N45	ZCH	Axilla	Week.1
N45_1_3	9.927111666273074	5.550158082281176	5.200382323973183	-0.356876184716819	-1.4914691777886318	-0.24339960265985153	0.26412922143920736	-3.3668982863322405	4.987714825321953	-3.0393673290421583	N45	UCMC	Groin	Week.1
N45_1_3	9.927111666273074	5.550158082281176	5.200382323973183	-0.356876184716819	-1.4914691777886318	-0.24339960265985153	0.26412922143920736	-3.3668982863322405	4.987714825321953	-3.0393673290421583	ZJH_N45	ZCH	Groin	Week.1
N45_1_4	9.500489758913902	2.0788029529262713	12.231176084912292	6.796549514622929	-5.01547929432657	0.023303423183934597	6.757066398240277	-4.9546071023165545	5.663338411097417	-4.826226540898241	N45	UCMC	Stool	Week.1
N45_1_4	9.500489758913902	2.0788029529262713	12.231176084912292	6.796549514622929	-5.01547929432657	0.023303423183934597	6.757066398240277	-4.9546071023165545	5.663338411097417	-4.826226540898241	ZJH_N45	ZCH	Stool	Week.1
N45_2_2	-3.0083610787314123	-1.481721952288935	-0.10896591864458326	-2.6125660764422753	2.5608316162675173	4.082014405122571	0.09567447699425248	1.6456023262975161	1.5733277439273852	2.020939965608111	N45	UCMC	Axilla	Week.3
N45_2_2	-3.0083610787314123	-1.481721952288935	-0.10896591864458326	-2.6125660764422753	2.5608316162675173	4.082014405122571	0.09567447699425248	1.6456023262975161	1.5733277439273852	2.020939965608111	ZJH_N45	ZCH	Axilla	Week.3
N45_2_3	5.893746744873652	1.0183525815138885	1.7518748530086743	-0.10836608029985904	1.6018726566098234	-1.0839395291606813	-0.7611370012378057	-2.5849398661299308	3.0012190406544454	-0.48289449144829033	N45	UCMC	Groin	Week.3
N45_2_3	5.893746744873652	1.0183525815138885	1.7518748530086743	-0.10836608029985904	1.6018726566098234	-1.0839395291606813	-0.7611370012378057	-2.5849398661299308	3.0012190406544454	-0.48289449144829033	ZJH_N45	ZCH	Groin	Week.3
N46_1_2	-5.675931326412042	-3.167753816385883	4.146961787846832	-3.9378329739989857	0.06329732000734706	-0.0424676093896305	-2.66304681349903	0.6255540629632335	-1.6862645571478103	-1.8479223896897563	N46	UCMC	Axilla	Week.1
N46_1_2	-5.675931326412042	-3.167753816385883	4.146961787846832	-3.9378329739989857	0.06329732000734706	-0.0424676093896305	-2.66304681349903	0.6255540629632335	-1.6862645571478103	-1.8479223896897563	ZJH_N46	ZCH	Axilla	Week.1
N46_1_3	-7.9914690162352215	2.692708454414455	-2.866515068960841	0.3087160602857515	-0.5900606302150744	0.02277237092295131	-0.11949813485874992	0.11014765520595432	-0.6869078916757555	-1.1130449384330798	N46	UCMC	Groin	Week.1
N46_2_2	-5.41640437831861	-1.2335298464770412	0.43895623629956815	-2.084506038081176	0.3310387985725858	2.1454748570720774	-0.586825436992396	1.5120800701312724	-0.4176849684286963	-1.1274677559369053	N46	UCMC	Axilla	Week.3
N46_2_2	-5.41640437831861	-1.2335298464770412	0.43895623629956815	-2.084506038081176	0.3310387985725858	2.1454748570720774	-0.586825436992396	1.5120800701312724	-0.4176849684286963	-1.1274677559369053	ZJH_N46	ZCH	Axilla	Week.3
N46_2_3	7.279223851048211	-3.2424195914052487	2.4312621067514706	-2.69899330008463	1.6852683754130648	-0.4870619757736645	-1.9334595108607262	-2.0602990554397773	-3.066189970997961	-3.2035753630204695	N46	UCMC	Groin	Week.3
N46_2_3	7.279223851048211	-3.2424195914052487	2.4312621067514706	-2.69899330008463	1.6852683754130648	-0.4870619757736645	-1.9334595108607262	-2.0602990554397773	-3.066189970997961	-3.2035753630204695	ZJH_N46	ZCH	Groin	Week.3
N46_2_4	9.019773076285608	-0.9414002401929565	-0.15381615863875886	-0.2565569325240261	2.3972001471316786	-2.7914345881727765	-0.05704235157756162	-3.768353438577095	0.22865818757213258	-2.9481809724660146	N46	UCMC	Stool	Week.3
N46_2_4	9.019773076285608	-0.9414002401929565	-0.15381615863875886	-0.2565569325240261	2.3972001471316786	-2.7914345881727765	-0.05704235157756162	-3.768353438577095	0.22865818757213258	-2.9481809724660146	ZJH_N46	ZCH	Stool	Week.3
N47_1_2	-6.2896041946753884	-0.9570444409087333	1.1728521896272996	-2.395835705316315	0.1437142224320032	0.4605396339601467	-2.2095165426749226	0.6660235087156865	0.10476127302152938	-0.3089087358496662	N47	UCMC	Axilla	Week.1
N47_1_2	-6.2896041946753884	-0.9570444409087333	1.1728521896272996	-2.395835705316315	0.1437142224320032	0.4605396339601467	-2.2095165426749226	0.6660235087156865	0.10476127302152938	-0.3089087358496662	ZJH_N47	ZCH	Axilla	Week.1
N47_1_3	-5.9743648063095645	-1.9556763182667722	2.9954243068486655	-3.0716595014643273	-0.3082064420975257	0.11264298751821383	-2.28331805478318	0.4008654485746088	-1.7269332806733153	-1.7175154338128118	N47	UCMC	Groin	Week.1
N47_1_3	-5.9743648063095645	-1.9556763182667722	2.9954243068486655	-3.0716595014643273	-0.3082064420975257	0.11264298751821383	-2.28331805478318	0.4008654485746088	-1.7269332806733153	-1.7175154338128118	ZJH_N47	ZCH	Groin	Week.1
N47_2_2	-6.671837906330719	-0.12237415209767978	0.4669864260405586	-1.5671052886202252	0.3698581333833647	-0.6919612441524309	-1.0662665833340994	0.21524309434027944	0.10349975671731577	0.6113978629468351	N47	UCMC	Axilla	Week.3
N47_2_2	-6.671837906330719	-0.12237415209767978	0.4669864260405586	-1.5671052886202252	0.3698581333833647	-0.6919612441524309	-1.0662665833340994	0.21524309434027944	0.10349975671731577	0.6113978629468351	ZJH_N47	ZCH	Axilla	Week.3
N47_2_3	5.655797866049522	-5.689694300552009	2.3479784063283384	2.177154438764731	0.9014032490762864	-4.785021149362559	0.287808430899811	7.945996986874619	-1.5333768298892088	-1.4744113640367023	N47	UCMC	Groin	Week.3
N47_2_3	5.655797866049522	-5.689694300552009	2.3479784063283384	2.177154438764731	0.9014032490762864	-4.785021149362559	0.287808430899811	7.945996986874619	-1.5333768298892088	-1.4744113640367023	ZJH_N47	ZCH	Groin	Week.3
N47_2_4	9.554337515579137	-5.739632746425289	-0.2317779745774736	4.2669142109613745	2.4360247524844554	-7.016482601263771	0.4081177917299187	10.502111884702444	-1.9373438899620246	-2.028379928034546	N47	UCMC	Stool	Week.3
N47_2_4	9.554337515579137	-5.739632746425289	-0.2317779745774736	4.2669142109613745	2.4360247524844554	-7.016482601263771	0.4081177917299187	10.502111884702444	-1.9373438899620246	-2.028379928034546	ZJH_N47	ZCH	Stool	Week.3
N48_1_2	-6.097816655712063	-3.625287583463638	5.330486674131199	-4.089358296154522	-0.0359156515985502	-0.9830304661026557	-3.3703596311932844	0.4427333845266234	-1.669293459156989	-1.4754961050172293	N48	UCMC	Axilla	Week.1
N48_1_3	-5.064335742587521	-3.250469114946789	4.93311928636102	-4.130765844256111	-0.12297232897752926	0.3615821757709475	-2.7392766900885	0.7265446664695604	-2.091946596888666	-1.760957349231846	N48	UCMC	Groin	Week.1
N48_1_3	-5.064335742587521	-3.250469114946789	4.93311928636102	-4.130765844256111	-0.12297232897752926	0.3615821757709475	-2.7392766900885	0.7265446664695604	-2.091946596888666	-1.760957349231846	ZJH_N48	ZCH	Groin	Week.1
N48_2_2	-5.757899103167308	-3.6126940089139437	5.312230876165901	-3.119917658995619	0.4862790318668578	-0.8368859450370598	-0.8713500675238994	0.13465979358333222	-0.33370808449548917	0.09688787820914843	N48	UCMC	Axilla	Week.3
N48_2_2	-5.757899103167308	-3.6126940089139437	5.312230876165901	-3.119917658995619	0.4862790318668578	-0.8368859450370598	-0.8713500675238994	0.13465979358333222	-0.33370808449548917	0.09688787820914843	ZJH_N48	ZCH	Axilla	Week.3
N48_2_3	10.3647804732219	-5.687430253509763	2.8579704663304852	1.7813201022871092	-2.577406687483514	-1.5506925578430828	-2.7718141112246397	5.237138212604965	0.14260862410316608	0.39947087743712784	N48	UCMC	Groin	Week.3
N48_2_4	9.82117589766609	-5.513664480114896	2.923528584162273	3.3155520956448785	-1.1381003901821685	-2.8648749150074693	-1.5409365208941337	4.436358023453324	0.4526411195599349	1.484060009377497	N48	UCMC	Stool	Week.3
N48_2_4	9.82117589766609	-5.513664480114896	2.923528584162273	3.3155520956448785	-1.1381003901821685	-2.8648749150074693	-1.5409365208941337	4.436358023453324	0.4526411195599349	1.484060009377497	ZJH_N48	ZCH	Stool	Week.3
N49_1_2	-7.324423396937654	0.8100533380632781	-0.3601729324989116	-0.31587518948702153	-0.5924137545048702	-0.5489184278827709	0.2629377361879875	0.038680303597434136	-0.13756192351959942	0.14578610159290745	N49	UCMC	Axilla	Week.1
N49_1_2	-7.324423396937654	0.8100533380632781	-0.3601729324989116	-0.31587518948702153	-0.5924137545048702	-0.5489184278827709	0.2629377361879875	0.038680303597434136	-0.13756192351959942	0.14578610159290745	ZJH_N49	ZCH	Axilla	Week.1
N49_1_3	-8.73391898429293	4.700835647936928	-5.052618064468087	2.2387569890936714	-1.0271503239770838	-0.12536080019886606	1.572022338628284	0.08367461744045647	-0.054346898968328866	-0.19056946770824376	N49	UCMC	Groin	Week.1
N49_1_3	-8.73391898429293	4.700835647936928	-5.052618064468087	2.2387569890936714	-1.0271503239770838	-0.12536080019886606	1.572022338628284	0.08367461744045647	-0.054346898968328866	-0.19056946770824376	ZJH_N49	ZCH	Groin	Week.1
N49_1_4	-3.8721093040896437	-8.775694360083405	12.160832454005739	3.5191840821878695	-5.83901298554446	-2.3639361758693562	7.866375832522153	-2.711298099847365	0.13731771597738485	5.354385308006429	N49	UCMC	Stool	Week.1
N49_1_4	-3.8721093040896437	-8.775694360083405	12.160832454005739	3.5191840821878695	-5.83901298554446	-2.3639361758693562	7.866375832522153	-2.711298099847365	0.13731771597738485	5.354385308006429	ZJH_N49	ZCH	Stool	Week.1
N49_2_2	-5.247059481828517	0.38716994397252047	-0.5313380827412983	1.0104592399247303	-1.2619080652501187	-0.17548361544087812	2.176891150934892	-0.5751875394616368	0.2541773942113169	1.5763621162311916	N49	UCMC	Axilla	Week.3
N49_2_2	-5.247059481828517	0.38716994397252047	-0.5313380827412983	1.0104592399247303	-1.2619080652501187	-0.17548361544087812	2.176891150934892	-0.5751875394616368	0.2541773942113169	1.5763621162311916	ZJH_N49	ZCH	Axilla	Week.3
N49_2_3	5.1831396250233865	-0.8006780357694441	-4.328551557303126	1.311229917600685	-1.430364833795758	-0.49736706517736273	0.6885628471602828	-3.322607695954796	-1.110269721510069	-0.9355887155377282	N49	UCMC	Groin	Week.3
N49_2_4	15.08183148797597	-1.4979995048744605	-1.8297899275679224	2.167895204245157	-2.6308553294866144	-0.5563634838585376	1.7854362129826493	-4.82946312567266	-2.458242428865441	-0.19521413147167407	N49	UCMC	Stool	Week.3
N49_2_4	15.08183148797597	-1.4979995048744605	-1.8297899275679224	2.167895204245157	-2.6308553294866144	-0.5563634838585376	1.7854362129826493	-4.82946312567266	-2.458242428865441	-0.19521413147167407	ZJH_N49	ZCH	Stool	Week.3
N50_1_2	-8.530049983425881	4.850022346923234	-5.449106708382783	1.6147100994101196	-0.43396993211269935	-0.08159547558590369	0.7108691898937621	0.24124843503662682	0.0681727835649355	-0.4389281727085168	N50	UCMC	Axilla	Week.1
N50_1_2	-8.530049983425881	4.850022346923234	-5.449106708382783	1.6147100994101196	-0.43396993211269935	-0.08159547558590369	0.7108691898937621	0.24124843503662682	0.0681727835649355	-0.4389281727085168	ZJH_N50	ZCH	Axilla	Week.1
N50_1_3	-6.522424560530931	3.672247013559386	-5.206194402460949	2.30911728045556	-1.2358267246819952	-0.5891351339052807	1.1847504590567657	1.5512048292045346	-0.18426074181122132	-0.9725456385119502	N50	UCMC	Groin	Week.1
N50_1_3	-6.522424560530931	3.672247013559386	-5.206194402460949	2.30911728045556	-1.2358267246819952	-0.5891351339052807	1.1847504590567657	1.5512048292045346	-0.18426074181122132	-0.9725456385119502	ZJH_N50	ZCH	Groin	Week.1
N50_2_2	-3.8083666222846753	-0.5810726570869532	-0.6510676052777062	-1.994075200985685	1.8449583773763996	1.8342679185639077	-0.4378394869828134	0.524321374307442	1.4268732005725668	2.117463969113472	N50	UCMC	Axilla	Week.3
N50_2_2	-3.8083666222846753	-0.5810726570869532	-0.6510676052777062	-1.994075200985685	1.8449583773763996	1.8342679185639077	-0.4378394869828134	0.524321374307442	1.4268732005725668	2.117463969113472	ZJH_N50	ZCH	Axilla	Week.3
N50_2_3	11.247327766333422	-5.4748052298961865	-2.1957388483039932	1.7147930347853382	0.544281095059534	-4.314092262014686	-1.1540266533256358	9.913394821907083	-0.6085521096904352	-3.8357229678638127	N50	UCMC	Groin	Week.3
N50_2_3	11.247327766333422	-5.4748052298961865	-2.1957388483039932	1.7147930347853382	0.544281095059534	-4.314092262014686	-1.1540266533256358	9.913394821907083	-0.6085521096904352	-3.8357229678638127	ZJH_N50	ZCH	Groin	Week.3
N50_2_4	16.449768837800608	-6.167861127958205	-3.4070294761370414	2.0928464381094685	2.3481407904566387	-4.916090658395923	0.085847853808656	11.637941216966338	-1.6302627261620903	-3.550644339915052	N50	UCMC	Stool	Week.3
N50_2_4	16.449768837800608	-6.167861127958205	-3.4070294761370414	2.0928464381094685	2.3481407904566387	-4.916090658395923	0.085847853808656	11.637941216966338	-1.6302627261620903	-3.550644339915052	ZJH_N50	ZCH	Stool	Week.3
N51_1_2	-6.949448404956778	-2.5873299214295744	4.27312228290156	-0.29488064814913933	-0.8172152974285901	-0.4983576399526378	-1.032873418335791	0.39312611371998335	-1.492324135989177	-1.5248337651824853	N51	UCMC	Axilla	Week.1
N51_1_2	-6.949448404956778	-2.5873299214295744	4.27312228290156	-0.29488064814913933	-0.8172152974285901	-0.4983576399526378	-1.032873418335791	0.39312611371998335	-1.492324135989177	-1.5248337651824853	ZJH_N51	ZCH	Axilla	Week.1
N51_1_3	-7.709332364305803	2.264808595359455	-2.282213664540171	1.3184264021127492	-0.06689034882697031	0.8845798064704831	-0.7642359242797476	0.3977831622954642	-0.6566239087820781	-1.0038749858994633	N51	UCMC	Groin	Week.1
N51_1_3	-7.709332364305803	2.264808595359455	-2.282213664540171	1.3184264021127492	-0.06689034882697031	0.8845798064704831	-0.7642359242797476	0.3977831622954642	-0.6566239087820781	-1.0038749858994633	ZJH_N51	ZCH	Groin	Week.1
N51_1_4	-7.760912397844989	4.7124428851165865	-5.71517721636941	1.8099676716007733	-0.6572928044781761	0.11997765852860759	0.6379301443567092	0.27094949199135127	0.14090157808919282	-0.29296636933212294	N51	UCMC	Stool	Week.1
N51_1_4	-7.760912397844989	4.7124428851165865	-5.71517721636941	1.8099676716007733	-0.6572928044781761	0.11997765852860759	0.6379301443567092	0.27094949199135127	0.14090157808919282	-0.29296636933212294	ZJH_N51	ZCH	Stool	Week.1
N51_2_2	-7.385584888831534	2.671057461806586	-2.743568596592827	-0.03589859291966137	-0.05837011971362059	-0.2271461831122156	-0.06856369361573501	0.06388006556812972	0.6548422021522327	0.4064011240773955	N51	UCMC	Axilla	Week.3
N51_2_3	5.098069953152868	3.9453222240167145	0.10446279089900076	-1.1919088017590225	-0.3719741540274477	2.299351272565994	-1.0890160909792461	0.48000381199427705	0.5969336533429986	1.756859501771648	N51	UCMC	Groin	Week.3
N51_2_3	5.098069953152868	3.9453222240167145	0.10446279089900076	-1.1919088017590225	-0.3719741540274477	2.299351272565994	-1.0890160909792461	0.48000381199427705	0.5969336533429986	1.756859501771648	ZJH_N51	ZCH	Groin	Week.3
N51_2_4	20.744826690435797	16.07226917846684	7.463883316509589	0.13843393389734324	-2.0382173581732053	0.8129378315845899	-0.5370297057979346	0.10898670186241138	-0.40181556151381864	0.34003358730998107	N51	UCMC	Stool	Week.3
N51_2_4	20.744826690435797	16.07226917846684	7.463883316509589	0.13843393389734324	-2.0382173581732053	0.8129378315845899	-0.5370297057979346	0.10898670186241138	-0.40181556151381864	0.34003358730998107	ZJH_N51	ZCH	Stool	Week.3
N52_1_2	-8.605280482924476	4.661005080567806	-4.910169098307324	1.8687432242274606	-0.6546309476439464	-0.04197919494072824	1.0737431568344995	0.608901196965482	-0.04666722206596266	-0.7195418602623953	N52	UCMC	Axilla	Week.1
N52_1_2	-8.605280482924476	4.661005080567806	-4.910169098307324	1.8687432242274606	-0.6546309476439464	-0.04197919494072824	1.0737431568344995	0.608901196965482	-0.04666722206596266	-0.7195418602623953	ZJH_N52	ZCH	Axilla	Week.1
N52_1_3	-5.9823249437320545	-4.547937136915716	7.505452818602795	4.1100968430930305	-1.5603132890292426	0.686334188436645	0.21921712085430792	-0.6022082176423282	-1.0025303660710505	-1.716715465379663	N52	UCMC	Groin	Week.1
N52_1_3	-5.9823249437320545	-4.547937136915716	7.505452818602795	4.1100968430930305	-1.5603132890292426	0.686334188436645	0.21921712085430792	-0.6022082176423282	-1.0025303660710505	-1.716715465379663	ZJH_N52	ZCH	Groin	Week.1
N52_1_4	14.682082565572685	-5.228777371163606	-2.9222086318496356	2.499336167543496	-7.447849471539713	1.4672699568548826	-2.1225498942752483	-3.596953722093693	1.1248399576036225	-0.11943262147308954	N52	UCMC	Stool	Week.1
N52_1_4	14.682082565572685	-5.228777371163606	-2.9222086318496356	2.499336167543496	-7.447849471539713	1.4672699568548826	-2.1225498942752483	-3.596953722093693	1.1248399576036225	-0.11943262147308954	ZJH_N52	ZCH	Stool	Week.1
N52_2_2	-5.5804503015995035	-2.7947692413932472	3.784314442202374	-3.404920306403772	0.4963185049914788	0.33656468660987104	-1.3190443582956395	0.33928259715511866	-0.5089534517378124	-0.5002005751637868	N52	UCMC	Axilla	Week.3
N52_2_2	-5.5804503015995035	-2.7947692413932472	3.784314442202374	-3.404920306403772	0.4963185049914788	0.33656468660987104	-1.3190443582956395	0.33928259715511866	-0.5089534517378124	-0.5002005751637868	ZJH_N52	ZCH	Axilla	Week.3
N52_2_3	19.03931190910306	-5.193348051946998	-4.992081055377456	2.1249374025756205	-6.59880609825161	-1.3918445733539255	-2.970975273910805	6.999203757279418	-0.3851602600639387	-1.2300702898931857	N52	UCMC	Groin	Week.3
N52_2_3	19.03931190910306	-5.193348051946998	-4.992081055377456	2.1249374025756205	-6.59880609825161	-1.3918445733539255	-2.970975273910805	6.999203757279418	-0.3851602600639387	-1.2300702898931857	ZJH_N52	ZCH	Groin	Week.3
N52_2_4	20.000924452445826	-5.154855350875502	-5.488327354216195	2.0704311670466855	-6.065626375295969	-2.3094821156619543	-2.99188610308593	9.313984750118616	-0.14558895262351262	-0.9670091153941395	N52	UCMC	Stool	Week.3
N52_2_4	20.000924452445826	-5.154855350875502	-5.488327354216195	2.0704311670466855	-6.065626375295969	-2.3094821156619543	-2.99188610308593	9.313984750118616	-0.14558895262351262	-0.9670091153941395	ZJH_N52	ZCH	Stool	Week.3
N53_1_2	-7.611743853609808	-1.4640825729671083	3.1111800378224457	4.110253690922339	-5.028052607358158	-0.5479018862186373	6.665657405166248	-1.7946112021423062	-1.5599845264529597	1.4563667645498957	N53	UCMC	Axilla	Week.1
N53_1_3	11.594180733638645	-5.324782166278804	-0.4981887731970947	4.1927365384832935	-9.373413723296464	1.482461919033179	1.7653585727189238	-3.866635293962482	0.8721140470270354	1.440117033729078	N53	UCMC	Groin	Week.1
N53_1_4	15.672369880635891	-3.635801879274042	-5.584012032180252	1.2603652940371879	-6.421953659706084	1.8363546729229956	-4.043480815003712	-3.3291177565492815	2.0918890184247476	0.5370994429402802	N53	UCMC	Stool	Week.1
N53_1_4	15.672369880635891	-3.635801879274042	-5.584012032180252	1.2603652940371879	-6.421953659706084	1.8363546729229956	-4.043480815003712	-3.3291177565492815	2.0918890184247476	0.5370994429402802	ZJH_N53	ZCH	Stool	Week.1
N53_2_2	-4.633088167520888	-0.5946985605743678	-0.35100668972706656	2.124016565644867	-2.947328774300648	-1.23841161095076	3.1188032347981607	0.6090576595207233	-0.009060831046757048	2.0257879562489376	N53	UCMC	Axilla	Week.3
N53_2_2	-4.633088167520888	-0.5946985605743678	-0.35100668972706656	2.124016565644867	-2.947328774300648	-1.23841161095076	3.1188032347981607	0.6090576595207233	-0.009060831046757048	2.0257879562489376	ZJH_N53	ZCH	Axilla	Week.3
N53_2_3	-4.65508121294126	0.27677535897967437	-0.7192707668994306	2.022578046859136	-3.1953213649767234	-0.9956661550119896	2.542456975018025	1.6728038271712555	-0.6958092693840504	-0.014951958643764836	N53	UCMC	Groin	Week.3
N53_2_3	-4.65508121294126	0.27677535897967437	-0.7192707668994306	2.022578046859136	-3.1953213649767234	-0.9956661550119896	2.542456975018025	1.6728038271712555	-0.6958092693840504	-0.014951958643764836	ZJH_N53	ZCH	Groin	Week.3
N53_2_4	23.028129369898018	4.8890681472437425	1.8792084276036314	1.7178302040998847	-3.0474359973087677	-3.70116940216369	0.42039609587094545	12.399725637084638	-0.6564474580361094	0.5147586137430841	N53	UCMC	Stool	Week.3
N53_2_4	23.028129369898018	4.8890681472437425	1.8792084276036314	1.7178302040998847	-3.0474359973087677	-3.70116940216369	0.42039609587094545	12.399725637084638	-0.6564474580361094	0.5147586137430841	ZJH_N53	ZCH	Stool	Week.3
N54_1_2	-6.190465076918643	-2.567176031383352	3.7136861559996226	-4.077889550177463	0.2930735994432601	-0.25125250432316115	-1.954576939775137	-0.07439391925932318	-0.2937476674787029	-0.9245011540563796	N54	UCMC	Axilla	Week.1
N54_1_2	-6.190465076918643	-2.567176031383352	3.7136861559996226	-4.077889550177463	0.2930735994432601	-0.25125250432316115	-1.954576939775137	-0.07439391925932318	-0.2937476674787029	-0.9245011540563796	ZJH_N54	ZCH	Axilla	Week.1
N54_1_3	-8.15239050379314	3.0485928109217024	-2.9654710536848534	0.5053507027315445	-0.794211325907796	-0.1515453570529256	-0.2336538279336451	0.008406054862640686	-0.6353716300752699	-1.0798097598394216	N54	UCMC	Groin	Week.1
N54_1_3	-8.15239050379314	3.0485928109217024	-2.9654710536848534	0.5053507027315445	-0.794211325907796	-0.1515453570529256	-0.2336538279336451	0.008406054862640686	-0.6353716300752699	-1.0798097598394216	ZJH_N54	ZCH	Groin	Week.1
N54_1_4	13.749663387478765	-5.326285141442167	-1.851584519418858	-0.5470340654865048	-6.0420204500048404	0.9167136845462328	-4.629185138204483	-3.1688836100775797	3.4377544200841936	0.09420331790966059	N54	UCMC	Stool	Week.1
N54_1_4	13.749663387478765	-5.326285141442167	-1.851584519418858	-0.5470340654865048	-6.0420204500048404	0.9167136845462328	-4.629185138204483	-3.1688836100775797	3.4377544200841936	0.09420331790966059	ZJH_N54	ZCH	Stool	Week.1
N54_2_2	-6.2714503349862065	-1.4408023211425018	2.6287361879043396	-0.3443716410892396	-1.1524086264672044	-0.9927250320629629	0.2955069903651137	-0.2684688394153526	-0.16786718249834354	-0.3085514984455223	N54	UCMC	Axilla	Week.3
N54_2_2	-6.2714503349862065	-1.4408023211425018	2.6287361879043396	-0.3443716410892396	-1.1524086264672044	-0.9927250320629629	0.2955069903651137	-0.2684688394153526	-0.16786718249834354	-0.3085514984455223	ZJH_N54	ZCH	Axilla	Week.3
N54_2_3	16.228180851564844	-3.269700026338081	-3.0311884890890815	1.7319500522418638	-6.55671202104851	1.3294403701325719	-3.1616600910784833	-3.4639606418737436	3.5648167572513128	-1.8575120847146924	N54	UCMC	Groin	Week.3
N54_2_3	16.228180851564844	-3.269700026338081	-3.0311884890890815	1.7319500522418638	-6.55671202104851	1.3294403701325719	-3.1616600910784833	-3.4639606418737436	3.5648167572513128	-1.8575120847146924	ZJH_N54	ZCH	Groin	Week.3
N54_2_4	17.112303854528896	-1.3911950921728784	-2.844279964400542	1.0504861540649661	-6.151698716647685	1.399028398329692	-3.232577315019523	-3.443004621553632	4.263427359519175	-2.2381905783120972	N54	UCMC	Stool	Week.3
N54_2_4	17.112303854528896	-1.3911950921728784	-2.844279964400542	1.0504861540649661	-6.151698716647685	1.399028398329692	-3.232577315019523	-3.443004621553632	4.263427359519175	-2.2381905783120972	ZJH_N54	ZCH	Stool	Week.3
N55_1_2	-6.7433730702537185	0.48843977481689477	0.04180295959959159	-1.505185916036194	0.09499849078758513	-0.6300578955827888	-1.150195574552054	0.2074587040912563	-0.060710956238599574	0.31188307103660007	N55	UCMC	Axilla	Week.1
N55_1_2	-6.7433730702537185	0.48843977481689477	0.04180295959959159	-1.505185916036194	0.09499849078758513	-0.6300578955827888	-1.150195574552054	0.2074587040912563	-0.060710956238599574	0.31188307103660007	ZJH_N55	ZCH	Axilla	Week.1
N55_1_3	-7.693045852183097	3.600997124560908	-4.016861870390589	0.8878397527231505	-0.7784443199468497	0.10144855478113844	0.3239872113002399	-0.008979517827397927	0.11031050760972631	-0.597284791581148	N55	UCMC	Groin	Week.1
N55_1_3	-7.693045852183097	3.600997124560908	-4.016861870390589	0.8878397527231505	-0.7784443199468497	0.10144855478113844	0.3239872113002399	-0.008979517827397927	0.11031050760972631	-0.597284791581148	ZJH_N55	ZCH	Groin	Week.1
N55_1_4	-5.935138676399837	-3.3813029662655745	4.820970080177595	-3.8470744492465223	0.5384246146878002	-1.9272524813304597	-2.7569760081600956	0.1082435708470635	0.6666775881862954	1.4633686137320832	N55	UCMC	Stool	Week.1
N55_1_4	-5.935138676399837	-3.3813029662655745	4.820970080177595	-3.8470744492465223	0.5384246146878002	-1.9272524813304597	-2.7569760081600956	0.1082435708470635	0.6666775881862954	1.4633686137320832	ZJH_N55	ZCH	Stool	Week.1
N55_2_2	-4.543287611085584	-1.619387482389942	2.2453122549749844	-2.4542884719361626	1.0442938367787404	-1.3349354857379385	-1.3054827387462178	-0.04227368188305081	2.0572558120361117	1.4257296351440263	N55	UCMC	Axilla	Week.3
N55_2_2	-4.543287611085584	-1.619387482389942	2.2453122549749844	-2.4542884719361626	1.0442938367787404	-1.3349354857379385	-1.3054827387462178	-0.04227368188305081	2.0572558120361117	1.4257296351440263	ZJH_N55	ZCH	Axilla	Week.3
N55_2_3	14.776023363929852	-4.419974896975539	-4.289184062679108	1.3039357834049714	-4.709953827660667	1.1856597607454644	-4.2966496083899814	-2.09662604853576	4.30340002627013	0.8456645451608839	N55	UCMC	Groin	Week.3
N55_2_3	14.776023363929852	-4.419974896975539	-4.289184062679108	1.3039357834049714	-4.709953827660667	1.1856597607454644	-4.2966496083899814	-2.09662604853576	4.30340002627013	0.8456645451608839	ZJH_N55	ZCH	Groin	Week.3
N55_2_4	13.889005735846851	-3.752148409806616	-4.039231255104305	0.531485260436509	-4.68121252979062	1.1377377463704244	-3.362820439429221	-3.0351812679886305	5.683604239011956	0.11163748203433406	N55	UCMC	Stool	Week.3
N55_2_4	13.889005735846851	-3.752148409806616	-4.039231255104305	0.531485260436509	-4.68121252979062	1.1377377463704244	-3.362820439429221	-3.0351812679886305	5.683604239011956	0.11163748203433406	ZJH_N55	ZCH	Stool	Week.3
N56_1_2	-5.044312750994082	-4.364900107317722	8.89898667095964	-4.736395390871795	-0.35218278188763247	-1.7192473929029928	-2.7660656584911534	0.0677998259474915	-2.3939988343777645	-2.6837187237319653	N56	UCMC	Axilla	Week.1
N56_1_2	-5.044312750994082	-4.364900107317722	8.89898667095964	-4.736395390871795	-0.35218278188763247	-1.7192473929029928	-2.7660656584911534	0.0677998259474915	-2.3939988343777645	-2.6837187237319653	ZJH_N56	ZCH	Axilla	Week.1
N56_1_3	-4.954621338467239	2.7177127265014254	1.8705737758216832	-1.0466877963864007	-0.15652691653535847	-1.0633334405002972	-0.17442491290353143	0.8733356000089254	-2.0093796360920777	-1.3469115590260636	N56	UCMC	Groin	Week.1
N56_1_3	-4.954621338467239	2.7177127265014254	1.8705737758216832	-1.0466877963864007	-0.15652691653535847	-1.0633334405002972	-0.17442491290353143	0.8733356000089254	-2.0093796360920777	-1.3469115590260636	ZJH_N56	ZCH	Groin	Week.1
N56_1_4	16.376234723092676	20.16969850602176	9.397672445798081	0.026174800763060405	4.434663108127829	-1.703679764816982	4.255279834049882	3.2179937174943882	-3.2518624218143	1.8012591746174542	N56	UCMC	Stool	Week.1
N56_1_4	16.376234723092676	20.16969850602176	9.397672445798081	0.026174800763060405	4.434663108127829	-1.703679764816982	4.255279834049882	3.2179937174943882	-3.2518624218143	1.8012591746174542	ZJH_N56	ZCH	Stool	Week.1
N57_1_2	-2.275304105345164	1.1954900523858976	-4.269898008457622	0.5706752177369424	-1.6352606499801592	0.7230934451149572	-0.5141034265637499	-0.10125099522422651	0.8181465997159615	0.16745375434359294	N57	UCMC	Axilla	Week.1
N57_1_2	-2.275304105345164	1.1954900523858976	-4.269898008457622	0.5706752177369424	-1.6352606499801592	0.7230934451149572	-0.5141034265637499	-0.10125099522422651	0.8181465997159615	0.16745375434359294	ZJH_N57	ZCH	Axilla	Week.1
N57_1_3	7.6580046652244524	-1.8299138895587646	-4.885734876073673	0.7133535699760305	-2.9999292175795196	1.1996991770522616	-1.9970611677698917	-1.5032826386421854	0.941968160431178	1.5397179399340555	N57	UCMC	Groin	Week.1
N57_1_3	7.6580046652244524	-1.8299138895587646	-4.885734876073673	0.7133535699760305	-2.9999292175795196	1.1996991770522616	-1.9970611677698917	-1.5032826386421854	0.941968160431178	1.5397179399340555	ZJH_N57	ZCH	Groin	Week.1
N57_1_4	-6.644535514686835	-2.8965279124284633	4.86543977069924	-3.3288791120775216	-0.30974561574593296	-0.6219353778480808	-2.3380708167545348	-0.13099362365638278	-1.9835688065640797	-2.0041070745953506	N57	UCMC	Stool	Week.1
N57_1_4	-6.644535514686835	-2.8965279124284633	4.86543977069924	-3.3288791120775216	-0.30974561574593296	-0.6219353778480808	-2.3380708167545348	-0.13099362365638278	-1.9835688065640797	-2.0041070745953506	ZJH_N57	ZCH	Stool	Week.1
N57_2_2	-6.273738594465033	-3.2285815893269683	4.901900784063143	-3.4190710588478432	-0.3061254178086976	-0.8757278276405	-2.0031859487402324	-0.2815745128906498	-1.3688998086161945	-0.831250180045129	N57	UCMC	Axilla	Week.3
N57_2_3	-7.852747682365668	-0.579547727214668	2.5249957554744458	2.6982517617921324	-2.7179109771725014	-0.29818358928158906	3.5565009542449944	-0.49616775274397146	-0.9118682276279297	-0.5968777930014987	N57	UCMC	Groin	Week.3
N57_2_4	17.07282356894121	-1.3945247801017222	-3.1894246952094996	0.7325358831804489	-3.230089520224516	1.28481193776075	-1.1224978501730631	-1.1707630938197768	3.4154064329207383	-0.6186810576985384	N57	UCMC	Stool	Week.3
N58_1_2	-6.857866630029213	-0.04577059779833251	0.5963590148320379	-1.9962829241091915	0.07288435422613584	-0.6781218548760118	-1.311865534076684	0.16229975110247347	0.009442050697726564	-0.5091806303807457	N58	UCMC	Axilla	Week.1
N58_1_2	-6.857866630029213	-0.04577059779833251	0.5963590148320379	-1.9962829241091915	0.07288435422613584	-0.6781218548760118	-1.311865534076684	0.16229975110247347	0.009442050697726564	-0.5091806303807457	ZJH_N58	ZCH	Axilla	Week.1
N58_1_3	-8.010416309366377	2.5506229692475406	-2.4412901844017556	-0.03640339843442602	-0.6855862250087036	-0.2186143293662283	-0.2048063470441687	0.11742340628624576	-0.6588246876828847	-1.2246635050468244	N58	UCMC	Groin	Week.1
N58_1_3	-8.010416309366377	2.5506229692475406	-2.4412901844017556	-0.03640339843442602	-0.6855862250087036	-0.2186143293662283	-0.2048063470441687	0.11742340628624576	-0.6588246876828847	-1.2246635050468244	ZJH_N58	ZCH	Groin	Week.1
N58_1_4	13.421299434159787	-2.07216618001289	-3.7920447660502794	0.46234568079337546	6.824116635490126	-2.5006428942703836	1.6009081207615437	-5.8135004143596305	-5.6909841521436215	1.6636900652003237	N58	UCMC	Stool	Week.1
N58_1_4	13.421299434159787	-2.07216618001289	-3.7920447660502794	0.46234568079337546	6.824116635490126	-2.5006428942703836	1.6009081207615437	-5.8135004143596305	-5.6909841521436215	1.6636900652003237	ZJH_N58	ZCH	Stool	Week.1
N58_2_2	-5.693125619553809	-1.1816402849068173	1.9066898632000697	-1.911166189550061	0.4415592601982294	-0.6888638860946592	-0.5992234430705144	-0.5050682212693623	0.14598392945134298	1.0185753286636643	N58	UCMC	Axilla	Week.3
N58_2_2	-5.693125619553809	-1.1816402849068173	1.9066898632000697	-1.911166189550061	0.4415592601982294	-0.6888638860946592	-0.5992234430705144	-0.5050682212693623	0.14598392945134298	1.0185753286636643	ZJH_N58	ZCH	Axilla	Week.3
N58_2_3	13.587306500563601	-1.3620055872251569	-3.945688803777549	0.4728722820931152	6.797164714634958	-3.3933359080351453	1.2910191343213122	-6.93245003047495	-6.922581983234963	1.7425495008822556	N58	UCMC	Groin	Week.3
N58_2_3	13.587306500563601	-1.3620055872251569	-3.945688803777549	0.4728722820931152	6.797164714634958	-3.3933359080351453	1.2910191343213122	-6.93245003047495	-6.922581983234963	1.7425495008822556	ZJH_N58	ZCH	Groin	Week.3
N58_2_4	12.9904804664454	-1.5497378166135494	-3.9290261471566854	0.6470859813244121	6.615386122891766	-2.517825333793644	1.5047783034319746	-5.860718965942738	-6.003267433471979	1.3323263951304853	N58	UCMC	Stool	Week.3
N58_2_4	12.9904804664454	-1.5497378166135494	-3.9290261471566854	0.6470859813244121	6.615386122891766	-2.517825333793644	1.5047783034319746	-5.860718965942738	-6.003267433471979	1.3323263951304853	ZJH_N58	ZCH	Stool	Week.3
N59_1_2	-6.35162605788526	-3.4991693250928173	5.235792048674331	-4.390314459469362	0.05086050260416117	-0.9349352683614887	-3.1944212635406246	-0.05408914367110921	-1.8028551494771259	-1.6126020418261924	N59	UCMC	Axilla	Week.1
N59_1_2	-6.35162605788526	-3.4991693250928173	5.235792048674331	-4.390314459469362	0.05086050260416117	-0.9349352683614887	-3.1944212635406246	-0.05408914367110921	-1.8028551494771259	-1.6126020418261924	ZJH_N59	ZCH	Axilla	Week.1
N59_1_3	-7.239064916452859	-0.5832117581973214	1.3551643444391752	-2.2505384273410174	-0.6494484797598948	-0.4939305678517033	-1.7775026976516577	0.12598394403370233	-1.6307068443326413	-1.7418016465886432	N59	UCMC	Groin	Week.1
N59_1_3	-7.239064916452859	-0.5832117581973214	1.3551643444391752	-2.2505384273410174	-0.6494484797598948	-0.4939305678517033	-1.7775026976516577	0.12598394403370233	-1.6307068443326413	-1.7418016465886432	ZJH_N59	ZCH	Groin	Week.1
N59_1_4	-4.483526262495237	-4.029549219867984	5.058048022194368	-4.654821777246234	1.7148210653106764	-1.410592170539914	-2.344970383357649	0.21802451885670837	2.78623391679211	3.442210374476437	N59	UCMC	Stool	Week.1
N59_1_4	-4.483526262495237	-4.029549219867984	5.058048022194368	-4.654821777246234	1.7148210653106764	-1.410592170539914	-2.344970383357649	0.21802451885670837	2.78623391679211	3.442210374476437	ZJH_N59	ZCH	Stool	Week.1
N60_1_2	-6.359010370779932	1.3412486565543253	-0.7114445938205477	-0.5005891828167464	0.21057709576489253	-0.2658297525101296	-1.1869159070845514	-0.23615760630449678	0.37433693808812524	-0.38008092047243414	N60	UCMC	Axilla	Week.1
N60_1_3	-8.720533530577098	5.1170769084423995	-5.743890711964671	1.9441874018416205	-0.5100106615061567	0.11330942888031618	0.8393697716595375	0.20211742919614228	0.3090600882629221	-0.027782198099338618	N60	UCMC	Groin	Week.1
N60_1_4	14.914824420328506	-4.238318100031725	-2.518445182037058	-0.6572090601470688	-1.728870964433926	-0.2590998696061482	-3.0437043875569083	-1.6601079972565485	1.1140964997378144	2.127802671285349	N60	UCMC	Stool	Week.1
N60_2_2	-5.261443136355863	-0.7164240840401672	0.7990728529609555	-2.163509757861581	0.8951776561611957	-0.44240131386281445	-1.3037309087785138	0.00789254187398985	0.6814411471925752	1.3596376419952378	N60	UCMC	Axilla	Week.3
N60_2_3	12.911258460385314	-2.794005887426486	-3.7662742620376615	-0.03296363108732647	1.987947690242061	0.19927772854878856	-0.04151507456772582	-3.534827325241794	0.37709441640948416	1.8178098539895298	N60	UCMC	Groin	Week.3
N60_2_4	14.692821278994273	-3.9108702315684805	-2.7942286909250607	-0.6013245732250376	2.0630652474426543	0.43492878618629455	0.5082018486448416	-0.7769374067196416	2.7674730302587074	2.9779040962540977	N60	UCMC	Stool	Week.3
N61_1_2	-7.472852493305093	0.7945900904986725	0.08184880924370451	0.2501712681220106	-1.1086145395546463	-0.2910565382001619	0.5523327191148744	-0.2510167265429234	0.0016634140162778538	-0.9729195015553824	N61	UCMC	Axilla	Week.1
N61_1_3	-7.9431898235703375	2.9965720452068703	-3.1831739732825772	0.33985509770512506	-0.5959703945553207	-0.10581570527764694	-0.04238775511399517	0.03459373320024249	-0.6207844303912394	-0.6493446150424514	N61	UCMC	Groin	Week.1
N61_1_4	-5.318276699740603	-1.231661019559952	1.9334389958410287	-1.3466703514173277	2.277305221264845	-2.3787526238302976	-0.9186259584690873	-0.12054355595687985	4.89502616241258	4.057885913411161	N61	UCMC	Stool	Week.1
N61_2_2	-5.383241972919463	-3.1785271688277996	4.710574034632014	-4.303608861070345	0.2461257226070104	-1.078899389082949	-3.323862639982174	-0.027766420769547644	-1.1030068608044148	-0.649058160406762	N61	UCMC	Axilla	Week.3
N61_2_3	-7.0024535036511155	2.0707710820349274	-2.448895440512292	-0.20263295452236305	0.3840700108833386	0.34911510231391457	-0.27566399004360437	0.2714728564518421	0.0716152759442844	-0.09252650215771002	N61	UCMC	Groin	Week.3
N61_2_4	6.422515283758981	-1.6379639728108748	-3.4038550880003116	0.0732820097750222	0.12816579790168725	-0.6100626931996639	-1.8744771510832834	0.044434950944990864	-0.29654954327696664	-0.5609561822191187	N61	UCMC	Stool	Week.3
N62_1_2	-6.853296038292366	-1.2934228763203355	2.481710429132028	-1.8247898476209607	-0.6497609553163329	-1.1525105511723717	-1.063931397213774	-0.28881121271305665	-0.9031812450044127	-0.47453947950164604	N62	UCMC	Axilla	Week.1
N62_1_3	-8.318205166910706	4.151915006797394	-4.958878694503436	1.604973302031498	-0.9223137233990252	-0.37231009815756233	0.8999827121869431	0.5940237617055435	-0.5395138495435763	-0.5375184611584809	N62	UCMC	Groin	Week.1
N62_1_4	13.713133364957365	-5.088897155596762	-6.719465151457902	1.979973501574803	3.4245894959283736	-5.39900927226188	2.9887335072061108	4.664316903007361	-3.911478237525579	-1.0534816085674048	N62	UCMC	Stool	Week.1
N62_2_2	-5.397469239239928	-0.15406921370014984	0.21682059963264275	-1.1164990548219054	-0.1491097193157835	-1.1496960317519387	-0.8262488548369825	0.3424727604607201	0.532869003685874	0.3278699041094109	N62	UCMC	Axilla	Week.3
N62_2_3	-5.874753295480061	2.8417701188134044	-4.108395823405073	1.0201645212111614	-0.626148934427553	-0.5730319581298198	0.17145906823083368	0.6754272624818413	0.37136506486627	0.0903624184222013	N62	UCMC	Groin	Week.3
N62_2_4	17.31131681525059	-5.377422131358642	-5.960398329220178	2.037378826270299	-0.9572340086569496	-2.978580452246569	-0.49646624931317623	6.157887871795253	-0.6617203808894466	0.9497286934680321	N62	UCMC	Stool	Week.3
N63_1_2	-7.831552306006018	-1.3656418441182878	3.3493061352705773	3.713986460475485	-3.6399483528915337	0.15577770993056947	4.723844760350113	-0.6485636560887936	-1.5915280406197054	-0.22963866718945994	N63	UCMC	Axilla	Week.1
N63_1_3	0.44218694052333407	-4.819944279426602	2.7398677979358834	1.9882945294331673	-5.653023109006772	-1.5471890010971385	1.6309324064691688	4.631744718835912	-1.6409259358101629	-1.7052276418298262	N63	UCMC	Groin	Week.1
N63_1_4	14.317997865120873	-9.39560272386336	0.3687841103104394	4.610597385567759	-8.430730088899045	-0.8646257311783577	2.333473813296622	5.761850420132208	-1.8805777006342974	-1.250080903799688	N63	UCMC	Stool	Week.1
N63_2_2	-4.961450547230984	-0.40986808386604817	-0.23683963356650198	-0.3238761106565397	-1.985436435381495	-0.7700832495183642	-1.0191360854496547	2.1782046055734225	-0.9594783791125795	-1.3729030647395544	N63	UCMC	Axilla	Week.3
N63_2_3	2.743476691120575	-0.2617883621192685	-5.718223902230589	1.9863073215184046	-3.294329941572528	-0.861707700443261	-0.4530726396396846	4.984319527284336	0.29176087246873456	-0.7927815409421065	N63	UCMC	Groin	Week.3
N63_2_4	14.750481237724582	-4.705804149525221	-5.692568479923652	1.8001742764997528	-3.303356477827125	-1.3990150628651137	-1.1806121341472176	6.188544682215672	-0.09447799079378386	1.0248342475322934	N63	UCMC	Stool	Week.3
N64_1_2	-7.823366933846647	2.196016622379748	-1.694301422329344	1.0613093404952831	-1.0791796079091311	-0.41283767446769004	0.9697408679189041	-0.1241577567105057	-0.4411383114913461	-0.28652697004122396	N64	UCMC	Axilla	Week.1
N64_1_3	-8.088791399191523	3.099862306771196	-3.2145849151185066	0.781628036803738	-0.6592597265437251	-0.09612017574633938	0.40050397063847004	0.05460244630148894	-0.2541153538148089	-0.5320592867155447	N64	UCMC	Groin	Week.1
N64_1_4	-4.707620370996754	-3.5443828862565314	8.9295281500892	11.050340481405083	3.221135935925593	1.0935312977329055	-4.386947780438517	-0.8403666959555712	0.3616175283870594	0.3662348318072959	N64	UCMC	Stool	Week.1
N64_2_2	-7.9192641908849035	1.8247268055180872	-1.3998452301057616	0.7585470901731456	-1.1671540390350328	-0.32452724768778446	0.7823780948959266	0.10201269297329266	-0.4722116654069207	-1.0861659413550895	N64	UCMC	Axilla	Week.3
N64_2_3	-3.0242653297842095	0.9455633144302642	-2.97290636128801	0.5582378547459781	-1.8525684183626643	0.7106257509618172	-0.32249677086614703	0.1820927084643186	0.2530372166775674	-0.1321247773427392	N64	UCMC	Groin	Week.3
N64_2_4	9.701860158914837	-3.545934847031919	-3.943578080060876	1.4268076600085853	-2.0622548717477347	0.8302562821829659	-0.5968864153080182	-0.9113356457987816	1.5804129988616862	1.4779410473966679	N64	UCMC	Stool	Week.3
N65_1_2	-5.625557467703885	-3.0625916904868618	4.2859735557883045	-3.968762187193557	0.026969450035680007	-1.1472213714706785	-2.8666690306759772	0.29154724000197135	-0.8379986618427328	-0.09082173795985501	N65	UCMC	Axilla	Week.1
N65_1_3	0.5711809159702574	-3.120936911501935	0.08262382186356833	-3.1603318907381737	1.5877639180012968	5.08863598685714	0.5578782387859019	1.1156198118503835	-2.28474530743977	-3.4091320270871024	N65	UCMC	Groin	Week.1
N65_1_4	8.019397201835998	-7.947087530652882	0.29308354010006415	-5.72228241044245	4.503713408645679	17.10295415454548	4.422884682792938	4.823753838941301	-4.415371072830837	-6.378009597775739	N65	UCMC	Stool	Week.1
N65_2_2	-5.578864061604839	-2.379242742769822	3.591209265458191	-3.4699715549683634	0.4695509193064983	-0.7778109644998015	-1.8803722825089453	-0.03979663190353469	0.3550260228312935	0.6882641351999709	N65	UCMC	Axilla	Week.3
N65_2_3	3.4806101766066844	-1.5451556534650759	-3.1858445411067047	0.466417671419282	-0.957453296171904	-0.7402283261875584	-0.058875073209847785	-0.5491568233790236	0.13438786420222	1.3806588569454536	N65	UCMC	Groin	Week.3
N65_2_4	12.49560214194427	-5.619033325283669	-0.4882609472862793	-0.4260447521061897	1.0765099842105348	-2.397032386024737	0.2581395984413532	-0.08828366966460822	1.8192347092296681	3.097214084133689	N65	UCMC	Stool	Week.3
N66_1_2	-7.226925188376954	-1.0728594194845327	2.300523824968775	-0.5639661122022473	-1.247746008898185	-0.8018166901495255	0.21175163689297197	-0.19067192437984584	-0.8481081097327752	-0.4246065721746624	N66	UCMC	Axilla	Week.1
N66_1_3	-6.176000920040187	2.800760351508499	-3.8838787692603267	0.9582872203343722	-1.1808154740289933	0.20919978683581072	0.3281782866492126	0.023470350571068624	0.17859388907108015	-0.4478967267640312	N66	UCMC	Groin	Week.1
N66_1_4	1.9565624667707424	-11.497352206350287	8.9441938708333	-0.5487372970686327	-0.24406575852576076	16.946788175171463	11.234562590694749	2.0287294057965264	-3.7986974123433606	-1.2671251723774435	N66	UCMC	Stool	Week.1
N66_2_2	-1.9058569238109466	-0.919409159206822	-1.9102334993742445	-0.6415740026092337	-0.2521269317988644	1.7746614795223512	0.24791289667653266	0.7114935719557797	0.7007339278626892	2.0155193956249375	N66	UCMC	Axilla	Week.3
N66_2_3	11.345951000960516	-7.686901282156242	-6.24069049819682	-3.7850054206754837	4.686391985549367	24.255578818203713	7.570738672236105	8.147878586797988	-1.293945683499771	6.4354147641697	N66	UCMC	Groin	Week.3
N66_2_4	15.361913821164128	-4.754653450529554	-5.673083526363423	0.26855335485615384	-1.0000559458181288	2.706511944389792	-0.7384033951265194	-2.332445915291653	-0.6542307413526701	2.8261060548893204	N66	UCMC	Stool	Week.3
N67_1_2	-6.868069397607851	-3.7292888477088972	6.362399499564745	-0.7795175929026991	-2.1381170644939105	-0.5585647535239315	0.6316967163537851	-0.2873509862839553	-2.231209043144804	-1.8388006674718547	N67	UCMC	Axilla	Week.1
N67_1_3	-8.053292540966279	-0.03570769814020017	1.6737044217743131	3.698558504580793	-2.9322444630366213	-0.24511117349045988	4.267209069744767	-0.5081161342879993	-0.9808511404446663	-0.3596328895232576	N67	UCMC	Groin	Week.1
N67_1_4	-6.115044976290432	-7.119994817251722	11.729982748294152	4.891716161527672	-5.256305396785073	-0.726343027409579	7.874623557950257	-1.9182268369822737	-0.22052143037388883	1.370301544398209	N67	UCMC	Stool	Week.1
N67_2_2	-6.16725457822924	0.5629397481941282	-0.3357603314534086	-1.282986022729604	0.7441305443944192	-0.7994215040211071	-0.721428721730197	-0.1835437055329365	1.1625155244347043	2.4389133459639765	N67	UCMC	Axilla	Week.3
N67_2_3	10.616563058495212	2.3688458608813887	3.253023045421026	-1.2305847593207078	7.326992299363268	-2.4063978271102826	6.908859020972897	-1.2801127793058598	12.320101127509398	-10.164706830823318	N67	UCMC	Groin	Week.3
N67_2_4	9.818910706423434	2.0170511738600347	6.804495617154571	0.0674197715049709	7.111601724717275	-1.3795860381206064	9.862782394285038	-1.5961574151378592	15.54206041970116	-12.637245878179423	N67	UCMC	Stool	Week.3
N68_1_2	-6.5173093660368115	-3.6145699265562814	5.851656778394462	-1.591003000924384	-1.4629139232261366	-0.875271084012632	0.003832529459746679	-0.22002206131329696	-1.5412329497250352	-0.46492000494834335	N68	UCMC	Axilla	Week.1
N68_1_3	-6.62649332521739	-4.26865945853854	7.491903930900335	3.5941764349853402	-3.739944913456631	-0.2845404760545088	5.686277094819716	-1.1763574219005124	-0.8196284851684359	1.3201665509652631	N68	UCMC	Groin	Week.1
N68_1_4	-7.4312336456589865	-0.7410913087987032	1.830399457690926	-1.2346674980914427	-1.0670748521403404	-0.7783209806429839	-0.6773287237395115	-0.020239565339670827	-1.1044419442256725	-1.9005634008522134	N68	UCMC	Stool	Week.1
N68_2_2	-8.043556481119772	3.014823804722213	-3.0928418617585978	0.6593211346568704	-0.6132028705185332	-0.2777882816713084	0.2347556396272149	0.17147023784456952	-0.11109432008677116	-0.12493850723796464	N68	UCMC	Axilla	Week.3
N68_2_3	-8.25070498983636	3.7803698484500563	-4.070556105669821	2.0714489321202323	-0.9469853210720526	-0.2397290227945539	1.4261338110476898	-0.09649748108334417	0.05643804728324752	0.2668834307818871	N68	UCMC	Groin	Week.3
N68_2_4	-6.183250255419306	-4.634071302198434	7.576562586380706	3.8895492436577057	-2.8734957744652534	-1.4543950597049795	6.253653134160729	-1.1440953892085708	1.8770518466944928	4.180104319107142	N68	UCMC	Stool	Week.3
