Call: rda(X = structure(list(PCo1 = c(0.513235862065427,
-0.139245029188483, -0.130412605654598, -0.158845049944149,
-0.331868159065044, -0.253112209271249, 0.515917477616239,
-0.357007048338259, -0.0874686007986149, -0.0362233648256498,
-0.124467691073622, -0.00704363432152911, -0.0328253581066967,
0.412353391424044, -0.30497455555366, -0.149508900421873,
0.414168456830018, 0.523212025003794, -0.0380487481634889,
0.00742464385687701, 0.469889011769988, -0.196936737131232,
-0.241008471304379, -0.183620373747092, -0.222044933898319,
-0.226489864470921, 0.394428385146275, 0.0517445419308644,
-0.223398436084407, 0.0479627389682118, -0.225962174133681,
-0.266170028605466, -0.0436302409782225, 0.468555755178313,
-0.27503417813913, 0.533309575581332, -0.255194528216329,
0.491219210423363, 0.0315249218997493, -0.173285075848452,
-0.118428627919787, -0.313883962588239, 0.431608411336447,
-0.186870952972176, 0.37654537582467, 0.0567613382264294,
0.351385774804734, -0.0154310255311332, 0.15758175399942,
-0.311141461076703, -0.363407744406394, -0.287728672808748,
0.541723566165462, -0.285405325950349, -0.218134577818209,
-0.217170168407959, -0.315362568580978, -0.0973514294134575,
-0.121588345915028, -0.229824756456453, -0.00152171448440397,
0.511960738307728, 0.121474539604342, -0.299363610425972,
-0.14101677747693, -0.303520662199008, -0.176638935928529,
0.410759905900347, -0.260841021185516, -0.0954946117541729,
0.407195000991719, -0.0812886827934295, 0.418522087425336,
0.554428946683225, 0.529615083684973, 0.387360671080639,
-0.239939829935151, -0.233138866012882, -0.118004228751833,
-0.255961963944945, -0.145972287074341, -0.254215817056036,
-0.340053493525751, -0.28428178488272, 0.368514310809016,
-0.335821670206698, 0.119789850588397, -0.254506963535375,
-0.137168400570314, -0.106631820054825, 0.525536517958197,
0.52580726522444, 0.471008953368658, 0.532998708878778, -0.193189415664023,
0.539008422952443, -0.236657079552006, 0.52181653806149,
-0.265160002355724, -0.197700791015293, 0.359535680012648,
0.142286789289277, -0.260965569637332, 0.136629893369245,
-0.171917806512932, -0.261412708512218, -0.306844462270491,
-0.18721153094647, -0.205420741087124, -0.0803614868648165,
0.53680962036613, -0.24596184390876, -0.18234889695596,
-0.0131864561352668, 0.16528762770194, -0.233050020611961,
-0.287082915305907, -0.291959550098624, 0.528964944134994,
-0.10356123189524, -0.0694821392603452, 0.357869073744615,
0.0284201551665405, -0.267666384787742, -0.282678987500174,
-0.228576690738104, -0.295488294195959, -0.266058127313216,
0.102687471278433, -0.286168818349697, -0.319235891411666,
0.159107087038943, 0.413689813610054, -0.294416905296107,
0.458529380819412, 0.577041931222157, 0.0788162212476306,
-0.133160591637865, -0.210736547306511, -0.168720778755003,
0.291742595426263, -0.23515537552059, -0.322733566048645,
0.113972755227995, -0.28433190942661, -0.225701066160073,
-0.23663203533864, -0.151829822083824, -0.259404055104816,
0.505200035701611, 0.132058426753178, -0.215157378041826,
-0.26767919038891, 0.0228435132033096, -0.102335079516667,
0.558045981216326, -0.274394555018898, -0.264018901442849,
0.0450933154670632, 0.100552860344415, -0.248173482937293,
-0.275389888754658, 0.51202534047065, 0.525106292954803,
0.0874556108098747, -0.0865658066669003, 0.453848012291928,
-0.288792649422806, -0.297379050909041, 0.330924831651591,
-0.168070745137359, -0.100890534652967, 0.373414419863495,
-0.233300469127394, 0.0168275098559045, -0.354745442756385,
0.559464936928546, -0.0311802635447923, 0.461030789352441,
-0.323906653358174, -0.14270084622393, 0.0605460811927435,
-0.0601458167853208, -0.30336843709607, -0.246359413769693,
0.539020476844865, -0.269874597561476, -0.193805915932254,
-0.216460192742273, 0.557963886805464, 0.447600824881912,
-0.0570004920370907, 0.127507159857974, -0.0516339237418603,
-0.278402551855312, -0.158895531803618, -0.196319614072128,
0.495403302839868, -0.170616989982916, -0.264849196006813,
-0.184635441887974, -0.309557640703642, 0.522378125019718,
-0.0794622179383416, -0.174657479574414, 0.355235553156021,
-0.187533480575814, -0.0373332188880946, -0.224862593484651,
-0.232463310886756, 0.398872780230381, 0.198675469346171,
-0.175912531679546, -0.251602350615322, -0.270037237180092,
0.559725995610197, 0.443212709602034, 0.475303687195896, 0.277930003855772,
0.135064488085277, -0.128192904314182, 0.559763270000234,
-0.0979523785994513, -0.143692268170625, 0.487157315746593,
0.377039531885216, 0.278496556913193, -0.213742146091608,
0.267518854414108, -0.00594263869038803, -0.202848351693593,
-0.335933917142706, -0.266925160873188, -0.00808979131196815,
0.241920087222251, -0.192802614724487, 0.292164894037407,
-0.22362353381867, 0.341209109250139, -0.259498852819595,
-0.0501673344781822, 0.26137274801665, -0.282081218689124,
-0.146788072632901, 0.0610408019890744, 0.13966565930587,
-0.0498470209718199, 0.134312354691607, 0.218870965863376,
-0.303449495461795, 0.196319449056811, -0.296407528642083,
0.483080975492085, -0.313741729076415, 0.203262995726766,
0.409416043388088, -0.26501260141438, -0.327719829666551,
-0.143515985753302, 0.531031993953977, -0.178062905735194,
-0.0591366242778831, 0.546674326853933, 0.41432929534167,
-0.310154870735436, -0.264522272603597, 0.142299142298351,
0.52168449897438, -0.177013802678423, 0.3697805699528, -0.343596034710631,
-0.240657214848267, -0.31210215353601, 0.42819679784299, 0.17330162414578,
0.552838008765127, -0.330899017734164, 0.0440852584734607,
-0.245856151756995, 0.0829628439548791, 0.329271340208599,
0.161825232438454, -0.108825646744618, -0.216011763719902,
-0.125900421093523, -0.221639145686745, 0.352971451449662,
0.0723206489727754, 0.150601562410049, -0.321028280837001,
0.0440255850184052, -0.00102438855943665, 0.0945044542622419,
-0.123803872966114, 0.252644490730909, -0.242925249977432,
0.0901272975572133, 0.46677543132504, -0.247925623181756,
-0.127926290924649, -0.262973815560174, 0.104953306172272,
-0.334974637323589, -0.0125467872206695, -0.243022126603269,
0.400873242957441, 0.498722391812464, -0.314298466811448,
-0.267098989926441, -0.149378800221753, 0.396156365041278,
-0.0402311403557066, -0.0375194608244073, -0.275275238979057,
0.173680274953206, 0.495714887042355, -0.231799742230833,
-0.286649439992765, -0.0953659726607003, -0.0251798783039604,
0.453404038537334, -0.293261634440441, -0.298916751779208,
-0.289995246088395, -0.317257867923765, -0.363757846008756,
0.532601572155566, -0.233435016159087, -0.272816780504567,
-0.0551038194322284, 0.122411670729322, -0.175672694999162,
0.0585946570871197, -0.212031454028115, -0.0228132379695742,
0.103770242930332, -0.230482748806933, 0.480022728875005,
-0.250707046895788, -0.140886302324455, 0.203574543329761,
-0.140647932513613, 0.433866250512351, -0.168476999114379,
0.497876540240938, -0.247852385301803, 0.105324758909984, 0.28221078392623,
-0.299769400754847, -0.229134631130907, 0.382358713193253,
0.482216127103394, 0.569514872868045, -0.0348076490411958,
-0.231316246230718, -0.256715289450177, 0.233077815842137,
-0.256401056841292, -0.299942044465752, -0.201899043308297,
-0.105539037474964, -0.0866660617701466, -0.0189190093854881,
0.450271711153808, -0.237340546085749, 0.0851727565416786,
0.546113514035786, -0.253774869426814, 0.317400427893069,
-0.297382927020705, 0.534263618794501, 0.209145561454663,
0.457637609399219, 0.429882648999607, -0.227393976174424,
0.449797198036372, 0.281317084150178, -0.346353148396371,
-0.0757746056362629, -0.24359780809955, 0.23008364729406,
0.445696236599542, -0.301206263134381, -0.214776296963945,
-0.128560135295261, 0.297821477762901, -0.0807606659418907,
0.276929033504366, -0.25028168622461, 0.546859267029052,
-0.262635988792333, 0.439296189329226, 0.0322331075994427,
-0.197560464235791, -0.210342771935037, -0.14082031497359,
-0.189291331989537, -0.167889473433575, 0.412424014498374,
-0.165142144608965, -0.124235171669735, 0.556117037485656,
0.00974726293461097, -0.295441832666978, -0.216257593852678,
0.0674838375110584, -0.101776116711625, -0.302801267812316,
0.0515564898857637, 0.536818162500486, -0.200990400947193,
0.414273471073122, -0.179770264717837, 0.0907695188081979,
0.234944102719609, -0.243739353054991, -0.17523845013304,
0.330544076111135, 0.312048311673828, -0.202602069005407,
-0.287491001094536, 0.460649601831246, -0.317819682851268,
0.552153995064043, 0.550935486081749, -0.065662159763199,
-0.290087304388838, -0.353621913261466, 0.159949264265288,
0.315661249851518, 0.105370733151241, -0.0143984299620156,
-0.2272998837415, -0.282786556222863, -0.106377737755338,
0.263568562693913, -0.320661294278197, 0.00640424070749193,
-0.204988786003212, -0.00378625752578564, -0.162267156687701,
0.511447326353685, 0.112769984657578, -0.244938995379108,
-0.246641027139588, -0.249476095911484, -0.0640304228774081,
0.335922113202445, -0.173155636469143, 0.308312552468978,
0.196184638998287, 0.215301249615374, 0.442158453604754,
-0.068033653448553, 0.447018457711201, 0.321419780525073, -0.2387790685869,
0.381564122154934, -0.251286903859244, 0.0383432329836691,
-0.222561063005129, -0.235490617431505, -0.297847622378116,
-0.203175587958348, -0.240185393121212, -0.309244077917618,
-0.203822683742656, -0.108728671264878, 0.15411165302009,
0.144134799659519, -0.314100275685524, -0.136381708245292,
-0.15652447317618, -0.235370725591503, -0.207782058501921,
0.0168811406212434, 0.377128746659595, -0.229510322434158,
-0.167000517672258, 0.14979421953443, 0.548857157499078,
-0.266359548685165, -0.319556159932932, -0.251593836008005,
0.303988323035016, -0.209301276483518, 0.0452084204148709,
-0.187181506491593, -0.20972438640096, -0.129237388404075,
-0.28488112993176, 0.539479325402298, -0.29667536708776,
-0.155728840997045, 0.427886359251912, 0.529094956032504,
0.529246048742725, -0.328778809523856, 0.284292979803924,
-0.320532572298366, 0.105420009180834, -0.196193434560303,
-0.318873202263092, -0.191233329773653, 0.265692303504063,
0.223915791321398, 0.283582259316623, -0.304265716738409,
-0.221745553098442, -0.238648990477728, -0.273191957854592,
0.125571801258859, -0.134760903318797, -0.176704546998879,
0.194736859253861, -0.208117109210978, -0.328427893493356,
-0.287223442004821, -0.310058493124777, -0.188653635156074,
-0.149789155748887, 0.134445663416351, -0.311155909529168,
0.13160087454915, -0.225241289942286, -0.312944845003134,
-0.316657708330067, 0.0168410180394784, 0.195399227693661,
-0.281141081305791, -0.288916919878001, 0.104551711412029,
0.543642627818978, -0.267233299820339, -0.122775924738423,
-0.178483093321377), PCo2 = c(0.125411539858995, -0.184803483960148,
-0.373725109254966, -0.142718671021663, 0.293798241444467,
-0.224899725621602, 0.0305543731167673, 0.256105180128928,
-0.2421429669561, -0.299282507033958, -0.145290737588692,
0.0250581160295034, -0.0417564368783972, 0.171865734368718,
0.405361535568649, -0.245742768629827, -0.0157497333935885,
0.0450718883642895, -0.183476100693722, 0.0778497151399769,
0.0551622554346542, -0.302198911036372, -0.117406655133834,
0.164718160213803, 0.336108552343494, 0.0606874626935818,
-0.0145483998431078, -0.0122188578013959, 0.204500293039996,
0.366161849111341, 0.0161678836102391, 0.351011311213919,
-0.289534845160606, -0.00437261865434123, 0.429607817310617,
0.0687167235968548, 0.270711962977997, 0.0855535028283784,
-0.0413841704545702, -0.123476704468403, -0.392448870932771,
-0.152503227645711, -0.0216729546477182, 0.0249429424083506,
0.0629394340990836, -0.302174566310802, -0.0509432109870096,
-0.00786773588905812, -0.329988773277572, 0.212375274774195,
0.0824707083361325, 0.0208484164946909, 0.0653689019203949,
0.24054352709594, -0.205127100976767, 0.22818690166081,
-0.0921687070028358, -0.0844692414055694, -0.0362119750931074,
0.287071967732651, 0.150051062385787, 0.0817783124204354,
0.0782428396911256, -0.140665056645893, -0.117757419316497,
0.454519199597621, 0.21034915223229, -0.0154146795835788,
0.215048392683991, -0.203158837262083, -0.0267843276388498,
-0.248053256474409, 0.00789721583837012, 0.0856950258403043,
0.105025133866956, 0.00512138029197785, 0.0545822995281523,
0.299892557985196, -0.346679400785974, 0.3563989448611, -0.411961654104778,
0.400553483271567, 0.144930444388312, 0.326368537285958,
-0.0828254818935454, -0.128541410151588, -0.120431597223073,
0.457244888005454, -0.174374096871708, -0.289282333880724,
0.0500024600315418, 0.0594484063707345, -0.00422246087591562,
0.122686877582328, -0.33942278279802, 0.0759994942253463,
0.0369453747489056, 0.0904948201633576, 0.222489239004464,
0.369031336121881, -0.112814205336742, -0.108470657730667,
-0.0603248441397984, 0.335944867163139, 0.0313157749904678,
0.212586372305596, 0.0778235150232136, -0.296907475632128,
0.117413738748038, -0.230811583678828, 0.126267379091753,
0.126068344081658, -0.403386310183496, -0.183175321751504,
-0.0254852935602967, 0.246582777621723, 0.30915715959064,
0.179549585614206, 0.0883673611130944, 0.119583877632725,
0.0581165164664622, -0.110806161292331, 0.335645190191701,
-0.0104679150919729, 0.0628639382727431, -0.0813608511989811,
0.228801907221915, 0.438464393085752, 0.423116166117164, 0.180084813246489,
0.252160412739342, 0.309243448377995, -0.0374060180096645,
0.263224173036406, -0.0167423900445132, 0.111679461974649,
0.33806599475463, -0.346749495457984, -0.222446264778066, 0.21097524992905,
0.134138015302861, -0.251011100849642, 0.148481400030409,
-0.21476192122869, -0.0229012014031412, -0.30253194020212,
-0.251348477667931, -0.407000955261216, 0.247285623409114,
0.043919599579885, -0.0876245448604529, -0.257856229006423,
0.108164073755611, -0.239517974185162, -0.0330320578352012,
0.121233440081585, 0.0595243170891754, 0.172642408022931,
-0.0288259106452355, -0.307696026405757, 0.412810381614921,
-0.0688754299874164, 0.0548256297202577, 0.108476555094286,
0.342273468516591, 0.0353887561896993, 0.0555218154239462,
-0.0980211993301063, 0.216190209751021, -0.148108893863379,
0.183589102588482, 0.03449480918966, 0.0839616667649113,
-0.0072258358791111, -0.216794134612705, 0.21506297775199,
0.0924568046758381, -0.158425827416658, 0.0536743133790228,
0.341671442831319, 0.209929928367346, -0.344861661517932,
-0.134328316176429, 0.103325792908462, -0.237396818947658,
0.108496044382064, 0.366087285930275, -0.243623885412518,
-0.240150399734493, 0.110229950929032, 0.0280374752696525,
-0.0240170184078255, 0.409903187266233, -0.142521935299528,
-0.118711864792952, 0.0802301910016328, 0.093762723310618,
0.079379077879063, -0.197950620510392, -0.0924169310399078,
-0.334787296640474, 0.153678571794183, 0.0508108977807717,
-0.323581603886482, -0.211195397978172, 0.0753920979734875,
0.147272988420198, -0.264239205220833, 0.436956629894424,
0.207207383151064, 0.0214342833143323, -0.0506941065419914,
-0.264516096753004, 0.137259059346171, 0.398036129589932,
0.0980201106181864, 0.0319429808232784, 0.159821542746574,
-0.0570404381957122, 0.340936101458482, -0.243681392497372,
0.0975934578823496, 0.150450157642923, 0.319259997390341,
0.0539744285612526, 0.0022151400401575, -0.0300825345163666,
-0.319291304065141, 0.136252550251543, -0.0514280281207193,
0.0326109805452928, 0.0413697302961965, -0.00426433089167826,
-0.21346380643432, -0.172797787533078, -0.312064081881786,
-0.0822538161484676, 0.27048090106868, -0.0487609326364022,
-0.162667978245492, -0.212365466011349, 0.103148398513974,
-0.0479651119769933, -0.0591207960872391, -0.0991728370241759,
-0.267073701507069, -0.0807098422624795, -0.0837857865956696,
0.0552028619444947, -0.208711206294162, -0.13361624961993,
0.411449456194934, 0.0456633906046257, 0.00676128190545047,
-0.249029690324753, 0.0228989636382193, 0.00265591039640578,
0.243606203270841, -0.0230884077525598, 0.0691283901118426,
-0.311050817018663, -0.225798217394275, 0.0901561364561944,
-0.0431348752185998, 0.137591160535807, 0.0210401005167825,
-0.238208617988185, 0.0742724609476316, -0.30109479274881,
-0.0681250506298904, 0.156352859245639, -0.260946479500416,
0.377015834405567, 0.0127252963513346, -0.0414357194864955,
0.116036780207036, 0.338474786010079, 0.0270740789142836,
-0.0871686136393452, 0.294125851279629, -0.103188629494035,
0.0226858462213929, -0.22513465137491, -0.170931904338717,
0.246040625344113, -0.113601262114158, -0.0441610636458165,
-0.379722086505197, -0.0622280064129374, -0.0412369704070058,
-0.130256227272506, -0.244685497758868, -0.225339771420039,
-0.245229851326862, -0.0069357070431233, -0.168291676172266,
-0.204318782462868, 0.173173148072431, -0.13948528754769,
-0.114525815866623, 0.432056379227525, 0.309986447299502,
0.00490232522022303, -0.100690390988597, 0.205888454553871,
-0.0428246202744941, 0.122207254939444, -0.110178698866669,
-0.0417733000478576, 4.47293238164464e-05, 0.0350015667839236,
0.0271934732987979, -0.0867431180644133, 0.224584891394774,
-0.0180988140251794, 0.0932245690902205, 0.00160662218724636,
-0.154846693431202, -0.0707632117695548, -0.241074976018832,
0.00628680597776552, -0.141038714778632, -0.0278389169775242,
0.176533279624258, -0.0386926823329438, 0.00192509405103606,
0.0742513334912634, -0.239629335216454, 0.237796331386021,
-0.0991624994347578, -0.0441930797629562, -0.345848153329549,
0.291903963407007, -0.0626912360039552, -0.256162237280453,
-0.0966289784126514, 0.100868777855795, 0.0596994618685216,
0.377917086348694, -0.408706763236302, 0.0591025917335401,
-0.272589003651967, 0.0105948048223914, 0.218098550286331,
0.0976586459017231, -0.13345350987237, 0.0617632910186772,
0.061735093954443, 0.288371810395591, -0.26724067000951,
0.0142467379851784, 0.0713412062463183, 0.110526646846401,
-0.15586408675484, 0.17714964786529, 0.464635311224693, -0.10487685798105,
-0.215483691776059, -0.0712923367038129, -0.316663552875836,
-0.239716306494258, -0.0640712373826668, 0.166142295208162,
0.0160173539308795, 0.390147902874634, -0.286245680658323,
0.0842812114404212, 0.279267559701946, -0.0652355006919402,
-0.107002880283891, 0.0743865075925735, 0.0998290048943593,
0.016839697760893, -0.0404672502709306, 0.194771554302512,
-0.0128130727658016, 0.0114644749175042, 0.0742920608701668,
0.074415051808557, -0.0936917571694979, -0.142876396577046,
-0.0081145887905161, 0.339995715168606, -0.246948110068282,
-0.283571724400561, -0.0404477055231806, 0.215892094656016,
-0.0767714242091437, -0.127394367480717, 0.109046823294852,
0.113887972666601, -0.00501753510328731, -0.273525484743301,
-0.11838432104359, -0.278888722826784, 0.274801347110734,
0.0733077867044276, 0.0749712874001529, -0.00909032611470932,
0.0797067526924422, -0.305210174859442, 0.0972726709233856,
-0.0794517081505392, 0.292072696370608, 0.053233754972021,
0.249551359902885, 0.0316453990708786, 0.420639855161409,
0.108346283122157, 0.0838618815107685, -0.310470200140693,
-0.0232183867881141, 0.0292073950272393, -0.0600544129271528,
-0.175711557232174, 0.123234676318287, -0.221208517665327,
0.231934302370389, 0.137039066795668, 0.0821790724798473,
0.362522944598349, 0.0554825049421355, 0.0766454906119724,
0.10078185586935, 0.11158395461489, -0.218812909226317, 0.400331354592144,
0.115960332453479, 0.173610027549111, 0.136569186584593,
-0.00614027610677929, -0.186034589384735, 0.0194150801395271,
0.23228589935233, 0.405257322653607, -0.0119573686450525,
-0.093097520424796, -0.31696800595576, -0.185085980233644,
-0.325487664930388, 0.0359777260181783, 0.0619443543392696,
-0.296596434920687, 0.064027709966813, -0.194257608528515,
0.342903186468741, -0.267491404893366, -0.113665062267758,
-0.237169425046749, 0.0645353962455522, 0.0591698821684526,
0.240992150883861, -0.00419409204729185, -0.434329293300884,
-0.0162862046282712, -0.0746219693966281, -0.147042430261356,
-0.0145988372566919, 0.113438851332615, 0.0166003281727941,
0.153002168731502, 0.279466368158937, 0.319079358648851,
-0.0831420913307064, -0.238045489754529, -0.0184021859425236,
-0.374737755812051, -0.201270239091609, -0.185232377381337,
0.0618762620624465, 0.0466394856298815, 0.0231616411888981,
-0.437047069371407, 0.337142294105558, -0.0554956640037368,
-0.234274343433496, -0.0706289162220649, 0.257436630859301,
-0.379888462163078, -0.259908524629764, 0.0774420522634502,
-0.270954146861028, 0.46854055003614, -0.186068461157677,
0.279921434541293, -0.329284842864892, -0.269633499428494,
-0.41586633217514, -0.344262736937814, 0.122631523570538,
-0.0200204018348151, 0.0807126960735419, 0.312747781412362,
-0.34986480428345, 0.0153676557370941, 0.0688604159578375,
0.0667168380078047, 0.0655999161120538, -0.0684936681135667,
0.192864072865188, -0.113367334952653, 0.206441471365033,
0.425348659113113, 0.217721358460496, -0.149489620597786,
-0.12024474210034, 0.0558395854789376, -0.142000380684773,
-0.170841794656883, -0.166598825772793, -0.178526682313818,
-0.127668001675728, -0.234889679931895, -0.160513123919102,
-0.245282470397768, -0.279911615700276, 0.159359349671279,
0.161521078582122, -0.0638456725545263, -0.285863113012948,
-0.334904108168834, -0.0098529257231197, 0.15194949960976,
0.213605485474061, -0.194286052177912, -0.131717040989797,
0.13538821009413, -0.389308764435995, 0.127816579887711, 0.171432623780721,
-0.181289587878555, -0.347732542126983, 0.0815342917263372,
0.0236923932973079, -0.233416642160347, -0.326917841629303), PCo3 =
c(-0.0964792828150206, -0.0128354058996261, 0.00111556265339598,
-0.0414389494999448, 0.0683031677531854, -0.165554112252904,
-0.00900904920083904, -0.211260759483998, 0.0181913646378109,
0.101165515762711, 0.378755716226098, 0.0604958282507555,
-0.0595035423300234, -0.0979543127107559, -0.0884930705757905,
0.184469853394914, -0.132616081325172, 0.00805948521226148,
0.440421037372513, -0.157012532587694, 0.0712808963320218,
-0.131342958494935, -0.24682010844044, 0.157726557442144,
0.0743699319823906, 0.117375358665718, -0.0816949876785818,
0.236404536781887, -0.0777712635777241, -0.0267042534842044,
0.234234740013378, 0.0277702171996226, -0.155705833328006,
0.0114250033524387, -0.000529095961005099, -0.045749172392046,
0.0479572893625439, -0.0494300178874306, 0.202145714401205,
-0.337316502396759, -0.211123779841565, -0.0878216758902154,
0.0403984410854425, 0.0131543776081809, -0.078910911591506,
-0.270788800529526, 0.0980935288226197, 0.114779950826157,
-0.216884136879581, -0.108192083390565, -0.0789437378583687,
0.167444973090744, -0.0306591891124255, 0.0848447589566885,
-0.217840082568615, 0.000201906967423706, -0.222518025055091,
0.321133125856243, -0.248350945811287, 0.0252465937764613,
-0.0859037318554812, -0.0635238794635652, 0.0787854376291003,
-0.0900959671028524, 0.0774452838147962, -0.0236663609698237,
0.112266095185721, 0.0764565816560735, 0.159737745761782,
0.230432628481314, 0.0833033526551947, -0.332753827046473,
-0.0468054933544452, -0.0917291169736699, -0.109190315047463,
0.0364466871080813, 0.140842932904488, -0.000582790675480714,
-0.197737418850505, 0.0522844687102881, -0.120469084492823,
0.0171256055597817, -0.308240280370707, 0.0574815263313988,
0.134782676992522, -0.102900145946611, -0.17696267866197,
-0.0283371855318201, 0.247759649030004, 0.151959706689354,
-0.0567944511255559, -0.0574617325736913, -0.012901967435326,
-0.106395233121835, -0.132764212814152, -0.0956612935141263,
0.227851924481954, -0.0670842679953184, -0.130572844522433,
-0.0609187545997216, -0.0151576783181309, 0.274142962877012,
0.059290632090965, -0.122863434992708, 0.197496734873017,
0.136047056689986, 0.122723127712339, -0.0361847060506697,
-0.0305193660031484, -0.131786278173581, -0.0826471268861119,
0.268145336864126, -0.0321170607632252, 0.233627731203192,
0.0722030792888507, 0.151476487404011, -0.0790238801114007,
0.187845567993967, -0.0617312878836598, 0.125837183694305,
0.113151618326319, 0.154576858868428, -0.0742987733963594,
0.0880909727317041, 0.145489299011415, -0.2228926780988,
0.00447195496168401, -0.0125050458127358, -0.120432600773072,
0.0507704736214987, -0.157994240768292, -0.0345206523014398,
0.104246944779452, -0.0300081286879876, 0.047131249271947,
-0.105723782289143, -0.0729986953132425, -0.0638970042324083,
0.0132633635902981, 0.129897259415906, -0.111805788470577,
0.0204219968214631, -0.244744079001026, -0.196977503405634,
-0.190334933500074, -0.108460936661605, -0.127701111784955,
-0.172738226140336, 0.10206924469191, -0.01763607753982, 0.287608635018008,
-0.203765365500492, 0.23997739477152, 0.417990803760409,
-0.000491861192433711, -0.0904420383197821, 0.278495768697571,
0.0799064566463649, 0.164695604708115, -0.121861802997569,
0.0403082417974524, -0.138280380458253, -0.0382203012187082,
-0.0716099652635462, -0.0769206150799203, 0.165218717259055,
-0.0147571277579184, -0.198185075774828, 0.0970024926811327,
-0.18923985595146, 0.0774546135721292, 0.186658905012084,
-0.005882524943082, -0.099078600341791, 0.44299312410973,
-0.0535191200308677, -0.0786944196936763, 0.370163704086244,
-0.039411165834576, 0.0710328778992646, 0.106337598856225,
-0.216285703476209, 0.307815207996013, 0.102378637617494,
0.00181615521280219, -0.0704460427121747, 0.0021684928616301,
-0.141870238814833, 0.0136743722574114, -0.0826865940842343,
-0.0267063076135126, 0.14920065140268, -0.115138055660295,
0.359734248358035, -0.154040644951292, 0.230309510637134,
0.177442474365442, -0.0391772357733379, -0.157226363824459,
-0.0565353734412356, -0.239938535101256, 0.101704889398726,
-0.00947601733269278, 0.0868104550931352, -0.0905844019115081,
0.0162672867830813, 0.180174252215312, 0.480321746623665,
-0.00627486683469831, -0.00418874851432735, 0.0522956762948635,
0.0468335965799634, -0.281892004367142, 0.0491593238277544,
0.0232219029484789, -0.0997940448974149, 0.0304370562260604,
-0.0955856111274054, 0.121335801352511, -0.130303609533344,
0.246654165446228, -0.0851330866162738, -0.0409782810959239,
0.0158088675465979, 0.000243149273551611, -0.066717725651559,
-0.144503003363822, -0.0244873512349178, -0.0002890868001377,
0.315233278513269, 0.329824113312969, -0.256672239591613,
-0.11621443036333, 0.486126335533095, -0.0927486266709933,
0.0191307176656382, 0.214702155009285, 0.0195147015933864,
0.204792270041343, -0.111606318642861, 0.450294282277101,
0.0394325604936174, -0.228767325081468, -0.0696196544601004,
0.298539049227667, -0.255397488701692, 0.084089661454619,
0.297610603476794, 0.109399269763263, -0.100914774276188,
0.286225465661139, -0.0613844663161787, -0.00525239974473263,
-0.243696411890178, 0.0338062627556705, 0.030081092781224,
-0.0500158478715258, -0.214889550486459, 0.353855618097901,
-0.0598194198180121, -0.101837000063297, 0.383302007424605,
-0.0860986113367961, -0.295879840301092, -0.155417993548639,
0.0398748288683877, 0.0831242070149385, -0.0939280359794885,
-0.254707163018569, -0.202965785869865, 0.0284308642243346,
-0.00784376988002442, 0.00174371572368434, 0.00833508702994332,
0.190444103100959, -0.0862710817303745, -0.0792122021314394,
-0.000557331527765823, 0.184055987023201, -0.159530305293497,
0.168828733800584, 0.121118109398615, 0.0944340339865024,
0.0827053020308461, -0.0440279917848828, 0.00331625614419041,
0.000641829577033539, -0.102627116481028, -0.0972242538928056,
-0.169636466919474, 0.351515594156499, 0.454151169452076,
0.0738218798852714, -0.209217324265034, 0.125822024414316,
-0.287988882036958, -0.268369662646405, -0.118044125331612,
0.119912662340494, 0.294144524519333, -0.00755202634129092,
-0.121881409777377, -0.255568464980266, 0.166863978077614,
0.0513480784580063, 0.085748300381683, -0.0943023104676519,
-0.0173569128670535, -0.0953302824040211, -0.0221487305790993,
-0.139061567925943, -0.0916256140712042, 0.333332363426689,
-0.0906764089998215, -0.259945786923852, -0.0864797139571758,
0.0779996954391196, -0.0731954088930065, 0.273772839181854,
0.403460193129333, 0.00945890799131545, -0.170392918581918,
0.075491365156498, 0.184557012049078, -0.145221160425031,
-0.141243262811658, -0.0778531260004529, -0.219022380320424,
-0.0461354911375598, 0.250162272172678, 0.0205908742870439,
0.000932525566710164, -0.086852607966023, 0.0259177736591427,
0.475388735940964, 0.257671123858564, 0.0774616125769447,
-0.103275923638959, -0.0228843884274542, -0.174021400864274,
0.00157881116852879, -0.259159456543697, 0.0197225568823033,
0.106113038022421, -0.0673762959006699, 0.0796807258002306,
-0.149659706565246, 0.170990754337148, 0.0624900938779836,
-0.0117170588898716, -0.0115811064842283, -0.070212805101747,
-0.0862603665738527, -0.158429992402251, -0.0854715315123273,
-0.0351573448336551, 0.239784574009472, 0.0156590012001239,
-0.177980818804447, -0.195583950309411, -0.111551702123771,
0.0777296096457504, 0.0138569713520318, 0.0412472760925932,
-0.0557359630484453, 0.0233729495383995, -0.0678127698881385,
0.033999182034549, 0.150973287402807, -0.203344149623513,
-0.00665289736781457, 0.0187066700169735, 0.045226536485545,
0.118276688821345, 0.113962587234133, 0.0199339856668633,
0.0673029127036868, -0.0674417474114954, 0.0508623860803286,
0.211827598945167, -0.0563581928297558, 0.0259424107832527,
-0.0440393920970667, -0.344001353222042, -0.187881354228976,
0.0727639533512126, -0.132914582563677, -0.0702349916538364,
0.117399770999947, -0.102541150384388, 0.182612424017445,
0.0728062582474692, -0.258596009381226, -0.154190879887888,
-0.0963286722542815, -0.11016765290033, -0.041984317339593,
0.111869809801727, 0.0721445732790103, 0.0139000102583844,
0.0552240805229343, -0.0401363107437714, 0.339288796722237,
0.0435065159983258, -0.291157574425563, -0.0175464473692322,
0.26410245527643, -0.0596153591804724, -0.0922267305129911,
-0.0672863127142151, 0.019441617233841, 0.021792557894771,
0.0734875020202274, 0.184268579283736, -0.377493633743273,
-0.131024943821125, -0.0849414573957185, -0.0902797203394208,
0.00999711977659893, -0.0169717227832051, -0.0492900206421012,
0.0281085024294779, -0.159983547825465, -0.0856068939704206,
-0.0862977254511538, 0.434558137077998, -0.0351821193954905,
-0.232764614897883, -0.0216918053574833, -0.0421530203792212,
0.0335732380423317, 0.442094365418867, 0.218842034298764,
0.187888464721058, -0.0670591642702771, -0.0410981756282197,
-0.120892767702185, -0.103288923000155, 0.185140642461068,
-0.109616787446835, -0.0174191085137967, -0.0439038524417206,
-0.113971614952263, 0.185750524376169, -0.0687503780984544,
-0.0283493968780814, 0.27844423775234, -0.122187733673629,
-0.0298495355378618, 0.0551520450142843, 0.0952755253165656,
-0.0490484167014201, 0.0238623430384199, 0.0249459048434614,
0.109713044252016, 0.103858732348565, 0.164144566123824,
0.0567598469614273, -0.139663242607013, 0.0888293420920303,
0.0652929664211598, 0.00725833852488927, 0.0417597668295469,
0.0119448593596777, -0.0533869810338518, -0.235195615755412,
-0.118077039495352, -0.23753900511955, -0.0334081430908679,
-0.06124227699569, -0.218036249496203, 0.166806174521611,
-0.10978270987898, 0.0147097852932639, -0.157734313766062,
0.419426829188647, 0.0806786416355744, -0.0989735988329386,
-0.11829965381497, -0.150829131527733, -0.0760011351735221,
-0.0519151022124134, -0.0273443051999892, -0.178656356958696,
-0.108556106351037, -0.15425451125547, -0.0981920022161218,
-0.0719483722428952, -0.0594167309049193, 0.0148113500166903,
-0.119826987047914, -0.0761279879740123, 0.116086575368474,
-0.248621449702854, -0.163361404439759, 0.0034197318360561,
-0.038196821234292, -0.125379614418569, 0.208896333343661,
0.02909503389475, -0.200140957791675, 0.0319624941139085,
-0.0151446126964254, -0.227852405456865, 0.270001369108939,
0.200468492807998, 0.0742072938571013, -0.14938122556404,
-0.0226945608894479, 0.0815615545337974, -0.0689383528954685,
0.249791327293575, 0.140452068158286, 0.108831213395552,
-0.131466108796573, -0.0703879320784735, -0.233877870211564,
0.217016244152721, -0.100462705791887, -0.130384789376505,
0.101950992031801, 0.0824948382100912, -0.0406633182068021,
-0.0779682774691861, -0.25297511252078, -0.0306212107481795,
0.200426819152494, -0.192188095742406, -0.0393927009518864,
-0.00374276182136698, -0.122825895290403, -0.0551655467291964,
-0.0622047910082313, 0.020720210898257, 0.205498856181769,
-0.153554798996763), PCo4 = c(-0.0383644122129773, 0.0386671671697097,
-0.149984950912934, -0.0838931430997793, -0.0363233568975062,
-0.187893543467481, -0.0305498489021396, 0.0253881725684217,
-0.0810836611465551, -0.109890277225424, 0.0939387233768215,
0.251531737115763, -0.330460889088711, -0.0113836463638053,
-0.0335980700668855, 0.277726546205914, -0.113917347547335,
-0.0527840944459634, 0.229288847116365, -0.200960733131852,
0.0638238416719418, -0.129487808531623, 0.208163545431072,
-0.0507850184773893, -0.0128514287805067, -0.100954127651369,
-0.0226086071081708, 0.162525161449612, -0.0647247746432942,
-0.0873956169753601, -0.0164526112877139, 0.00222077529053002,
0.169312908585319, -0.0244222650396082, -0.128415690850664,
-0.0382493947276792, -0.128527446151952, 0.0315784085208079,
0.265361507049617, -0.00510798721350252, 0.0289260160902924,
-0.0670146540800911, 0.0168933169547158, -0.169019338158482,
-0.042711700618179, -0.183463386095798, -0.0356053482654145,
0.29323340218492, -0.0725682085179662, 0.141844518858312,
0.0945832998514057, -0.0828845131326169, -0.0264930698040675,
0.0866010004371101, 0.231239773737977, -0.131836227220394,
0.125343431295781, -0.120271545547924, 0.0325304379365444,
0.207015456553493, 0.0679645573008436, -0.0046342169045914,
0.220363487419225, -0.145548027990213, -0.0874063559248697,
-0.110855454976364, -0.184082761303153, -0.110514359368088,
-0.120796479013993, -0.145785423242465, 0.0496968985961425,
0.278721719045978, 0.099693514533788, -0.0259094963129573,
0.0114363773425997, -0.160538993196004, 0.0207080359342018,
0.0067608498117152, -0.0799421827718637, 0.0249147448988223,
-0.0692715400652576, -0.10900958787578, 0.117947129274277,
0.0923120839992471, -0.0181766031480637, 0.121735998392963,
0.197436702501096, -0.0507195654368624, 0.083761080152933,
-0.320595347811474, -0.0243130467368756, -0.0166132164943544,
-0.129119468750077, -0.00676562815876798, -0.194628000592422,
-0.05299074207054, 0.0802631611023068, -0.0367357491957973,
0.00361644584066813, -0.0622942144963825, -0.122498699540238,
0.203327218299418, -0.288225359633893, -0.0573374697896066,
0.27545071175514, 0.170041776667799, -0.0689999110401987,
-0.220096798005943, -0.0820313243972328, -0.217615953592422,
0.073205951082917, -0.00628246392199616, -0.204811693804596,
-0.141723624350377, 0.161693257326232, -0.0454257640471054,
-0.130323049816415, -0.0623107033680662, 0.016982767307019,
-0.169223278240542, -0.184228514113074, -0.0579057272209692,
-0.000257562915204176, -0.271888934969005, -0.0580399747354583,
0.158352857834683, -0.0898578833904122, -0.141974190401163,
-0.177747213107352, -0.037234580210212, 0.0669256672994147,
-0.13354263958448, 0.0499528132961689, -0.0327486452650542,
-0.0540274308400854, -0.0346917115538017, -0.0743399526781588,
-0.118558870278023, 0.32702796774519, -0.178229577900072,
0.00235457895132715, -0.237571389429894, 0.0402956376592401,
0.124228554451775, 0.127972584016993, 0.350217870075366,
-0.0268133208749395, -0.0964345056029603, 0.0805641274984533,
-0.0206654232328412, 0.0670969853331742, -0.0489790019051367,
0.0484242469139157, -0.00385238557309442, 0.061476191911218,
0.0389392698821949, 0.0278731576860813, 0.0191416776142954,
0.202737384542284, -0.101552143599163, -0.0715483008810814,
0.113417270792769, -0.0588445184335297, 0.0469873067851413,
-0.0616394235978855, 0.159839875061126, -0.0272033593981837,
-0.0399350546821242, -0.0268310673402504, -0.137724723934571,
-0.112563495187783, -0.166438369461733, 0.15799720252104,
-0.392449880078864, 0.0751110268853079, 0.0388628849510608,
0.0146538931754051, 0.0945292509032966, 0.0733701912545348,
-0.0107782907107634, -0.202676752610607, -0.211160576377235,
-0.00919104420179258, -0.0152436904058484, 0.270346247861968,
-0.0524726802546801, 0.0249545522712889, 0.174155781671677,
0.126054358538232, -0.000512496453738533, 0.00626927367305251,
-0.163359779963336, -0.159838218588514, 0.296828106296884,
0.267369156394715, -0.0285886139487859, -0.116841862520585,
0.0463905731104554, 0.176385837130923, -0.00332129920059451,
0.340440544946118, -0.0719022681292749, -0.0141577041942841,
-0.290985758973063, 0.0429392084942142, 0.0838030372792848,
-0.139936209336806, 0.0266005611413455, -0.116880802108369,
-0.0148825501462765, 0.062381809443804, 0.0773644570592919,
0.164357538229834, 0.031513806317627, -0.064034965486558,
-0.0289975886655632, 0.0614123361444675, -0.0349367595035603,
0.0424244827526553, 0.0317252616103087, -0.0113205519233464,
-0.0207879987330168, 0.11197088090211, 0.026568127772836,
0.0462362264978952, 0.0647230561681313, -0.183703657909618,
-0.217731319269896, -0.0676694842093006, 0.271473917002901,
-0.0141849632076232, 0.0886080390812083, 0.202492499172208,
0.122639318243473, -0.268952498108347, 0.0356602979989972,
0.105860025614045, -0.00597037788823294, 0.0913103005283871,
0.110591956152289, 0.139017075942613, -0.180813989230445,
0.0427616384079667, -0.21322714069694, -0.087801902575739,
-0.0147927951055591, -0.288782997502568, 0.165976845500455,
0.168634080320658, -0.0838333180598848, 0.0923190211041868,
-0.0189782080150205, 0.0572979538831977, -0.0556621940319805,
-0.127190438627718, 0.0542316887400834, -0.010590061066782,
0.0216916240606169, -0.0156476391597725, -0.0623324629024183,
0.168272032105422, 0.049765211664213, -0.0379961139279503,
0.0886110478767555, 0.0857873079345974, 0.0882774363482354,
-0.310430295246319, -0.010998794028852, 0.283442903699082,
0.0239867595715001, 0.0127789517031645, -0.104472412954072,
-0.0193744084807079, -0.119019476782152, 0.17303571094198,
0.00766017299872913, -0.00563806221366965, 0.271811240095429,
-0.179862974719453, 0.0206033142213054, 0.0537385972832207,
0.19446656904617, -0.133223715516878, -0.326806431641166,
-0.0235208051436758, -0.00829253101593691, -0.124328162540556,
-0.161123662418425, 0.249732969995063, 0.247010128604593,
0.079338392940319, 0.0905088541145659, -0.324975983052144,
0.206870932487608, 0.116420382172236, 0.235520648107185,
-0.111145160133783, 0.00460844545466597, -0.292517843568866,
0.0715434081457895, -0.111651721297341, 0.0414566878803151,
0.135225553795635, 0.102153412176857, 0.173490544000115,
-0.0506637262373867, 0.0951602374873684, 0.0627334876217793,
-0.158060366171207, 0.106085357631806, 0.130587546522015,
-0.0231971640282434, 0.0883373286035127, 0.0107565879698199,
0.00390131353680642, 0.074507977299261, 0.00375679739657109,
0.233697911022059, 0.0665126580473765, 0.0587276507185696,
0.00091114086310614, -0.053586388128571, -0.0562303112640112,
0.051180676193671, 0.0174416087749756, 0.123546425232473,
-0.0236710442431228, -0.113946013231657, 0.122762682994161,
0.289902340906397, -0.0185282243193315, -0.190646760300208,
-0.11039019348323, 0.232471132983359, 0.0544434419979853,
0.133410192226151, 0.000421559582744463, -0.023096176809269,
-0.0275699795430312, -0.189494581984967, 0.180775938575853,
0.168930160446731, -0.0512773180839645, -0.192714503840689,
0.0763800614924077, -0.313209605546474, 0.125118719111513,
0.0736095748507136, 0.00544966910233742, -0.0585708471242856,
0.0736674745655172, 0.0158495960333367, -0.00166551723200019,
-0.0614076351534391, 0.0566743045298653, -0.0511844641980362,
-0.0236667716298201, -0.0119937793238569, 0.139465932505056,
-0.167667416345379, -0.00821587130702622, -0.073846852021804,
0.211224769328453, 0.0318662423463955, -0.0421784820081737,
-0.292618879335669, -0.0301952495962009, 0.13080319240435,
0.0668744556309719, -0.177448683420797, -0.00253436114206801,
0.140681152050261, 0.0307566418138768, -0.0554874799250714,
0.211091492538173, -0.0479982007167684, 0.0211795610811254,
0.0769793406598205, 0.297556874491905, -0.207124096278006,
0.0990251205977912, -0.0428541398120657, -0.0273564979433777,
0.151149016302283, -0.00348778979980786, -0.0505584375203807,
-0.0620176921515776, -0.216991312414549, -0.30510989507789,
0.0285300095847437, -0.139080744555113, 0.0126664389191921,
-0.0159721642243375, -0.320617038706931, 0.12217848122736,
-0.0299648613165925, -0.0411346736786473, 0.203499019212332,
0.0646211861681737, -0.0625907183512779, -0.285639411943629,
0.00482284443692322, -0.00366755455355078, 0.0356856210051697,
0.0820990236933246, -0.109862747313154, -0.128365648613723,
-0.0305311696687219, 0.0934501057768813, -0.0246404107786239,
-0.0720248690541107, -0.162632930610157, 0.17060598022802,
0.196173533950593, 0.169668358583393, -0.0236828084324395,
-0.0445980417350617, -0.0662581601684477, -0.120382761990966,
-0.0451477030504635, -0.0420992521127866, 0.0498182617547898,
0.00587662529075042, 0.012048022724222, 0.0047732780000937,
0.169034341676653, 0.0447977890299991, 0.108386417116017,
-0.217956862369156, 0.148894788809485, -0.108710182982711,
0.21270695593357, -0.056189138849472, -0.0263361713734032,
-0.0717548246601534, 0.0719554304153461, -0.080809776116375,
0.147136203919734, -0.217652120687733, -0.107538548677909,
-0.0745854983445186, 5.82469562517676e-05, -0.0622264055873164,
0.171729107737612, -0.117538548181547, -0.031405540276858,
-0.0544737599468186, -0.122697386065571, 0.0212113371802295,
0.149949086634987, -0.142750117649113, 0.0320632550471058,
-0.0299360587136, -0.130287009972181, -1.64486559907229e-05,
-0.0459021581724917, -0.236700331602941, -0.128893287335966,
0.0294888406699965, 0.21243478473021, -0.0642685944290465,
0.166440430895941, 0.104544554898631, -0.300267046289103,
0.326202825475643, 0.0823939356483092, -0.0643893561810949,
0.19896597079867, 0.0153124480942797, 0.210726689715742,
0.0454661642242972, -0.148389727854119, -0.162057740823927,
0.0289046973596137, 0.203881671540968, 0.00719144423641539,
-0.0585918694012985, -0.0391369820015786, -0.164319095011242,
0.152761788754129, -0.0327596059201004, 0.269206864668689,
-0.0552253704992242, 0.0118514995988083, -0.052400218784504,
-0.0664913967900595, -0.110916511331305, -0.102951644689138,
0.203053323128624, 0.115701562357275, -0.0166623859879892,
-0.0640732866977072, -0.0248067708284123, -0.0285462924937939,
0.0575190513788001, -0.0129603693574452, -0.0267069152138992,
-0.000683929551816422, -0.0128104441307406, -0.00968098341368453,
0.101003286776898, 0.0348068817007677, -0.0231466019750326,
0.0182467980045827, -0.0327013219234153, 0.0288990786064746,
0.182501398583554, 0.0039685642894133, -0.0515391628955893,
-0.282090090159651, 0.162288181916927, 0.119058948904884,
-0.0977458698679109, 0.355929275772858, -0.0577575036113994,
0.257557629167087, 0.0581980454456293, -0.0683439173105438,
0.00323310886916767, 0.2030305414253, -0.268832884831638,
0.219543981740895, 0.191999743255605, 0.065053048174905, -0.175937494449,
0.0276527206032386, -0.00259804642449665, -0.0545620548916721,
0.0215132035906007, -0.0851683671287077, 0.233528760984637,
-0.136865613111032, 0.018807054677671, -0.191577345652875,
-0.235275721388453, 0.200722669258346), PCo5 = c(-0.0731577747110872,
-0.156952456167273, 0.0727216703193713, 0.00777833454654738,
-0.142462269716407, 0.0547930479699714, 0.00352232374982791,
-0.0529505923292129, 0.147071537056364, -0.0835156923798975,
-0.0922124867990499, 0.30311435691752, -0.0791198997662142,
-0.102823021077452, -0.00979908039273063, -0.192989668557541,
-0.0196333112484121, -0.00458415978895825, -0.174354684795172,
0.00140320753231312, -0.0101842720645375, 0.0707718599115919,
0.105562533909157, 0.190195690836043, -0.0596969955971739,
0.110385605718371, 0.0447817148126149, 0.217255918954754, 0.22741355166608,
-0.130684983164839, 0.0457295152832077, -0.00569004865653328,
-0.0726611058735209, 0.0372745208165607, -0.0344421558872885,
-0.0360917046579809, 0.177512018923419, -0.103118539364132,
0.185673720661679, 0.125201655854069, 0.0256723879211559,
-0.0996248876719845, -0.00251147504679481, 0.356431617101897,
0.0152277849614269, -0.0596369204093179, -0.0676003895646694,
0.220764748056637, -0.148861716678387, -0.0202824044934684,
-0.221721083357419, -0.0812434212262055, -0.0637870317233869,
-0.0275549158170316, 0.00550798943376087, 0.183810044681366,
-0.0590683641068689, -0.0467159483317513, 0.191288884764757,
0.0443523208408562, 0.280564739823123, -0.0639906433152939,
0.260677357810244, -0.115948207736475, 0.166509975400348,
-0.0116226119263148, 0.00905117547031254, 0.0264095023023632,
0.012182759656525, 0.0524536647156357, -0.227202876311362,
0.0567716108558996, 0.0694948968008277, -0.0725980939478776,
-0.0140876918270009, 0.0606851142166375, -0.103513924694671,
0.0394831340087982, 0.0843438496491872, -0.0974842980104886,
-0.0256252105543366, 0.0587208739134441, 0.0232808489935313,
-0.0661494929139401, -0.0583690832059702, -0.226463120402844,
0.0996673497586106, 0.00684861258920172, -0.0536906113952253,
0.132074655977712, -0.0222362292471877, -0.128553821712399,
0.0974573766274858, -0.0611414110563536, 0.0857201876113205,
-0.0255584614246838, -0.136146657644716, -0.0380930156847111,
0.182051425052319, 0.00471359112025003, 0.0447023247856581,
-0.219860787218989, 0.00542720291109669, -0.0896253053403054,
-0.0604445060949817, -0.138086888603629, -0.0483383406630271,
-0.00281134121999721, 0.108066954109597, -0.110746354589005,
-0.0025786932198816, -0.2173458443243, 0.0163586715390007,
0.176782140998821, 0.228821805313308, -0.0867836249865971,
0.137979935190759, -0.187884005438132, 0.0216004065702575,
0.0308570975249159, 0.0705587468653386, -0.127512239091146,
-0.00141399922525327, -0.0787696015914782, -0.189299444628739,
0.0357208030111536, -0.0185990112425285, -0.0267683465572456,
-0.147887462287962, -0.0595450787004318, 0.0568129965388604,
-0.0504187839884784, -0.289627818261354, -0.0672617210841435,
0.000920215899575505, -0.0752985153249353, -0.0453515727743901,
0.148412072766944, -0.128869351430701, -0.00661823849772676,
0.154374127095247, -0.0192031449115409, -0.0571021375029422,
0.167559523801896, 0.0177845286593743, -0.194349422905365,
0.136473481689521, -0.0028649375082115, -0.00616012240761614,
-0.0709147232530894, -0.172555621425495, 0.0737494192543691,
-0.154494943271171, 0.0634578698612839, -0.197572701925938,
-0.0368073865372092, -0.215464095281254, -0.131145515705191,
0.143630298290899, -0.112179164642717, 0.024552433115066,
-0.144391667880457, -0.0679390936205267, 0.013543689947754,
-0.13730054885152, -0.140122870951268, -0.127103284866662,
-0.0762044277628414, -0.078284955155361, -0.0247580756815008,
0.153167396152262, 0.139563345566884, 0.166877219774414,
0.0966917876366198, -0.0265649934095474, -0.128856925524091,
-0.0145464841056487, -0.137610077562961, -0.120146410030163,
-0.0760683044216713, 0.0119189468563962, -0.038860236812961,
0.0338614610091943, -0.129844059154877, -0.199537793265169,
-0.0615207876202448, 0.0206727144584747, -0.00964561950855622,
-0.0766670252943623, -0.0452847660507207, -0.0885192829046578,
0.0580191528165076, -0.143611972537676, -0.146016233943617,
-0.0878106700457234, -0.00839702733968432, 0.132594583544876,
0.0603158194014352, 0.020276355330209, -0.0109914556163043,
-0.0422532282035154, -0.126416886060041, 0.0124483274313789,
0.174399066505867, 0.170413080197662, 0.138628049828316,
-0.0805059714314016, 0.0312328833141478, 0.0107487211665693,
0.302569993985841, 0.0751708362182865, 0.256978600909229,
0.229183910533119, 0.0160832248658628, -0.00637021731740942,
-0.0619424262787843, -0.219916407167191, -0.0801521680597037,
0.0637647512567624, 0.0134351874237571, 0.0753378678127449,
-0.0715447518291697, -0.191627660098931, 0.103033631869946,
-0.0916858190931909, 0.0947240094496889, 0.0624208590156616,
0.0124120991194245, -0.0567503724126392, 0.0726596089188377,
-0.150517499473107, -0.0486865278522184, -0.0335701791011101,
-0.0830625270556677, -0.0294280366889369, 0.0571296837030792,
-0.268491993069698, -0.00570825656491395, -0.116849065121455,
-0.06662156400047, -0.151556844783564, -0.108843578897798,
0.147026623274818, 0.24672713413422, 0.128528910106363,
-0.0310913362077396, 0.124292399751188, 0.101765922740258,
0.00106333904907108, -0.123048494672804, -0.175774512236775,
0.0256504232284665, -0.132152774433919, 0.0575808704956745,
-0.153249648524157, 0.172002133522722, 0.0546951301165388,
-0.05053490555278, -0.152840633861473, -0.0476100577922857,
-0.0195149712571922, 0.0340865503545594, -0.0759688109232812,
-0.0876334863115161, -0.0108308719649959, 0.0624273847304338,
-0.087475223137606, -0.0735767261165711, -0.0413816072086659,
-0.103139961842246, -0.182541251034352, -0.0346075978602204,
-0.0204394484918477, 0.097070941900792, 0.317623499466701,
-0.0486902618355758, -0.0705521108932862, 0.252827950788214,
-0.120086842567451, -0.0751259490647305, -0.0657474005022658,
0.266351070083981, 0.173939321552878, 0.0115847432280355,
0.0468024396348679, 0.168915155153184, -0.0739110152024244,
-0.133378869034892, 0.0771191709303458, -0.138026957363331,
0.253703621615916, -0.0510268787050519, -0.0646424683758699,
0.211725909440696, 0.206425671282091, 0.031058196346682, 0.162108925883538,
-0.0545943367885036, -0.057668124286505, -0.0448332776503007,
0.00299105298156218, 0.087250798656318, -0.0403044736470548,
0.410917562912001, -0.0487316280989174, 0.151011255866371,
-0.00953692254090824, -0.111585159368817, -0.0464794618063402,
0.238483200925719, 0.0597582902900243, -0.187393111663214,
-0.15787859859378, -0.0168109069037079, -0.0661996321574411,
-0.0277521510281756, -0.229759538301194, -0.106076810595557,
0.00647979564916608, 0.00702430744760574, 0.0277001071351881,
-0.0516342820890818, -0.0832407153162241, -0.102840174521273,
-0.0201706500859617, -0.205745152406094, -0.00889099794582515,
0.020665669971953, 0.0871677354114368, 0.061666990315475,
0.019199103145526, 0.121551703555559, -0.0776380044331236,
0.023353666860121, 0.0182758355046839, 0.364223529538932,
0.116430122709078, 0.0493198264384216, 0.0320365250429777,
0.12189408702119, 0.211863826956129, 0.177074592939866,
-0.0063569236081334, 0.0247471974498548, 0.0373738008794023,
-0.00278943834861524, -0.112194954040888, 0.107698035111215,
-0.0579562016525567, -0.0921273526368945, -0.0325900525101456,
-0.0217570418184665, -0.0643678370940541, -0.15421333984427,
0.259405991963269, 0.00490150949253838, 0.183908594354118,
-0.109142291639558, -0.114690765252224, 0.0382961774181979,
-0.165530697640207, 0.472493156924527, 0.194569867105276,
0.119292117729315, 0.00911767229088628, -0.016440566647298,
-0.0386455220510552, 0.0169543338017191, -0.00431466400879107,
-0.028054596504376, -0.00194753507946095, 0.0651428701765752,
-0.135623601330374, -0.0145285565685486, -0.0209525643964751,
0.10238049618609, 0.221498389245933, -0.171381604323573, 0.157626034642472,
-0.0575965697992068, -0.0928430437739635, 0.00230877291211134,
0.0764997585180496, 0.116005053093964, -0.0754051542920913,
0.0890243097345494, 0.000355188621351199, 0.0683325965566186,
-0.0541192352527963, -0.0341924046741757, -0.0510474341955013,
0.0265981049291297, -0.0173475936686384, 0.0534149407866151,
0.0389487273104424, -0.107914800608642, 0.283347122716621,
0.0878474806112191, -0.03224224807439, 0.359821096765859,
0.0940073978034194, -0.0499532177255365, 0.274824755906576,
-0.00826876350574122, -0.0574345209583726, -0.272464092785465,
-0.0407899593891023, 0.014456179506547, -0.0436661933986891,
-0.0330771635482889, -0.0550070055436319, 0.116194280371074,
0.111434463140941, 0.293600934095705, -0.0265925641867249,
0.021385268384202, 0.253692504986828, -0.0279182739484558,
0.016635293781896, 0.00241699827073307, 0.109866160072075,
0.00654704776499794, -0.0143426125629814, -0.0570804616009342,
-0.0563733133164095, -0.083099379822877, 0.0393936257843215,
-0.0827009255911435, 0.0283505194912339, 0.112904464980739,
0.00233206582539918, -0.14382445594727, -0.149956527296372,
-0.194526927385789, -0.0744687623055088, 0.0536220610006424,
-0.109588544109165, -0.0559969954020753, -0.0168568145702905,
-0.147609688514561, 0.333577297128181, 0.0121437221255195,
-0.152160562213607, -0.119138156697502, 0.0448141381321466,
0.118509488227707, 0.00819348235434768, -0.0162327657223413,
0.0121260795729586, 0.151229266830778, 0.0402853320397444,
-0.00992179588430696, 0.0919147716860615, -0.0561968435871395,
0.0523589772161165, 0.0204885079770925, -0.074644336932033,
0.0661327872940686, 0.0220945219101428, 0.241552568936353,
0.154235527636089, 0.0628643241073635, -0.0585142909313702,
0.0466855703289754, -0.202454217858403, -0.0536340885400215,
0.0182101396770767, 0.0976985366378988, -0.191289686223138,
0.101398491433957, -0.0177246174246374, 0.00647601636165525,
0.0391457722484129, -0.0364373597232169, 0.223994505557822,
0.0130798662284999, -0.0884500622564171, 0.136392232271341,
-0.00977583528802191, -0.106699972027394, -0.0738168747706488,
-0.216876211405036, -0.0131800767262217, 0.0339605401750641,
-0.0977205145556188, 0.0127372266772838, -0.124695028772153,
-0.0257339882722966, -0.0799179643749398, 0.294136116201013,
-0.0121610240902353, -0.06701122789825, -0.139647353886868,
0.00698850255137265, -0.0871298284780569, -0.0153281790449048,
0.00222712513954584, -0.0255134230565951, 0.102728795591658,
-0.0289453638651643, 0.00480105932515771, 0.099439348809916,
0.0330294884896512, 0.0116660147840607, -0.187926613640584,
0.0575547156734847, 0.233909731156233, -0.117237869691425,
0.192055496554704, -0.0323024300539868, -0.0438983565591749,
0.184833929177221, 0.16731722265418, -0.144968332733754, -0.21519622494761,
-0.152711599638849, 0.0580191358115452, -0.106032615138368,
0.00553132665926197, -0.0529279221003611, 0.0459016842923115,
0.308919731830254, -0.115217598566125, 0.104558090152964,
0.0488699181710813, -0.207975829936393, -0.148409066568993,
-0.107253859127918, -0.120671061131101, 0.0551178780930118,
-0.186613844295413, -0.089677478373068, -0.10752712900313,
-0.0414063638502731, 0.0997168614471379, 0.0171600371040042), PCo6 =
c(0.0832052487705775, 0.0130284139135191, -0.0589523743541344,
0.108007378339493, -0.0440717704016908, -0.120052132276708,
-0.0263297023470346, -0.00202082564595771, 0.1492443961876,
-0.156024948655701, 0.182559271339631, -0.276947242549996,
-0.128574818569015, 0.0749678797555429, -0.0320765171557086,
0.0385133835571477, -0.177309748869024, -0.0377036692793092,
0.0537727895021959, -0.154125984577653, -0.0267775531342358,
-0.126410869719947, 0.113092008875681, 0.129917574866216,
0.0148003968883026, 0.217495658353781, -0.105202372539012,
-0.186361899851088, 0.117416759279368, 0.0357469097557837,
0.213233237548553, -0.13632831813312, -0.0826274851871294,
0.0617651188186865, -0.04512422890284, -0.0120307452147233,
0.155644075106273, 0.0768048354049387, -0.174373693170899,
0.0981767202125561, -0.184143926955527, -0.0053872656270135,
-0.0541099962683506, 0.240173496320741, 0.198021529455274,
-0.0682778974684951, -0.02890932884788, -0.0806904583340136,
-0.0852164396218024, -0.026664908437624, -0.0423751334442345,
-0.0111770142131147, 0.0333005257005696, 0.0886790950364319,
0.121631404221162, 0.162842490435078, -0.0326744594406449,
0.108901979182246, 0.209137430530571, -0.0777768362702245,
0.114289063384586, 0.0880699113727487, -0.290091706006857,
-0.100280752436764, 0.101495561839862, -0.0742719536563843,
-0.0110187769050796, 0.0713596674182186, 0.10308942225137,
0.183651219655729, 0.115299261342764, 0.103052122398689,
-0.119798679767767, 0.0299722922064572, 0.0672107154873297,
0.2005154833808, -0.153520947875951, -0.0658258699119246,
-0.156586005175451, -0.016284499822149, -0.07439869369732,
0.0320436737039523, 0.0521792513674798, -0.103154315043336,
0.060648775776125, -0.00140172574807208, -0.116028487665907,
-0.0529350536385171, 0.188534122348729, -0.0919171928371495,
-0.0432640215261765, 0.062833774702278, 0.189378607560555,
0.0465255019783439, -0.0567482727847183, 0.113635312999582,
0.00730899597488635, -0.00785255246453913, 0.101591756563355,
0.00738283993342467, -0.181628278108638, 0.0292400181728638,
-0.137163323703823, -0.0622776150776529, -0.0521759647222121,
0.00424146142298323, 0.0061575461720641, -0.101616754115517,
-0.0718708822300669, -0.0384456328815482, -0.026240006593323,
-0.00790862479121011, -0.00494964018203738, 0.139747390927714,
-0.154705713076375, 0.0565140516861249, 0.0690724680409226,
-0.0372081307982111, -0.0350544632166665, 0.0165455609821926,
0.0134176234296265, 0.199672752786563, -0.0819142237913779,
-0.16285550167835, -0.0882810927691198, 0.03277789278725,
-0.0951120915333739, -0.0558437469687113, 0.0332796749944237,
0.111375534391601, 0.0461512178839738, 0.083757919779804,
0.107115008727816, -0.104034703153673, 0.0653081940239421,
0.0580459686966685, 0.0676586174647721, -0.107765321241054,
0.0411362776094082, -0.00471998102770807, 0.120549236315581,
-0.067753266934641, -0.0774420414929099, 0.150837492257604,
0.0466750001229564, 0.0480067521068883, 0.204867316983062,
-0.117272578639681, -0.120630998672928, 0.030628863474753,
-0.00020764507071932, -0.0432613116522782, 0.0939668335344698,
0.072430420630886, 0.0712045476309237, -0.0118369895129895,
0.0111783632416333, 0.0111026257990443, -0.177447696107801,
0.0778420155943621, -0.0481458493828299, 0.115003994213048,
0.00644798844503422, -0.0302925449838441, 0.0466135736162022,
0.0084197764071372, 0.103210295196596, -0.12990113710803,
-0.00390121204410992, -0.0420684487920889, -0.0389031766547822,
0.115464509768522, -0.192475939275472, -0.201890920239084,
-0.0765323030133627, 0.0315179006808865, -0.0338813063459609,
-0.0346430773293188, 0.089302832530636, 0.050197411014196,
5.01156718767828e-05, -0.0403387768256, 0.280461079812549,
0.113522595786232, 0.0518493652904035, 0.0767429736890104,
0.0273170573153135, 0.00278781990076217, 0.0551150972098456,
0.0508781043282574, 0.0663295906130024, 0.0120976047915487,
0.029776198797561, -0.0478994269885367, 0.0492519198803695,
-0.0424890291238795, 0.185804664668836, -0.138857829397511,
0.115734461577575, 0.0215111567421876, 0.0853051646192738,
-0.13008218366869, -0.0227926760605308, -0.185636094621937,
0.255527718582377, -0.0556074655202319, 0.0163682575455873,
0.0392312434324706, -0.0172159381623303, 0.186428190241551,
-0.0712059255101446, -0.252751183653611, 0.211390188994592,
-0.0630570663436547, -0.126446645925471, 0.0718411133817113,
0.0580705523650906, 0.0804617792314505, 0.0371822806684409,
0.0384701742231607, 0.267234018347712, 0.0356745837657158,
-0.0520106534831644, 0.0338255121786568, 0.0405255649155834,
-0.0755129164247873, 0.073222125788916, -0.0614611803079865,
0.0132925382661863, -0.0856533391050274, 0.00401190149844483,
-0.0828025221109105, -0.0230706174890087, 0.00267059325154287,
-0.087985289732915, 0.233902481883987, 0.10277310903968,
-0.161059195964814, 0.00813426174283827, -0.0928036820978354,
-0.00609201659923264, 0.0875838886350649, 0.191514006061835,
0.0781080658666659, 0.032927950409152, -0.0916946968671999,
-0.000544205380736853, -0.124956977396534, -0.0607551277106867,
-0.051793761623292, 0.0467950145273214, -0.00509969608529352,
0.00655195074179584, 0.100775661811986, -0.0158394239910615,
-0.175448157764689, 0.176873497774455, -0.00594177661497908,
0.0299891828459677, 0.00682579349170656, 0.00372344756457147,
0.148375845866812, 0.041328265076694, 0.11155115166783, 0.0760755692698912,
0.174587798593342, -0.0349523368819038, 0.0325889904075267,
-0.0576716639111864, 0.0099818498215534, -0.018628451248344,
-0.0632384988369137, -0.130729864471379, 0.214297590748235,
-0.255052486969557, 0.0414889382403924, -0.0831127141982551,
-0.20450067081289, -0.0943742981815806, -0.046768764425916,
-0.0683417068767517, -0.182207659025315, 0.276298094439314,
-0.0732377054403132, -0.00537254672751249, 0.266466244050562,
-0.100165416005616, -0.0287273225577141, -0.172345162184422,
0.00814001214709509, -0.200196913458887, -0.133666105087479,
-0.0216359271872199, -0.073813486913486, -0.248700615205085,
-0.0281032285319157, 0.154071064914198, 0.0736310921807571,
-0.0824977654082784, 0.192516159102538, -0.0140814424916155,
0.0868889984720939, 0.0758067303477548, -0.0739873545157032,
-0.0438789572648172, -0.0155636367374533, -0.036985829387305,
0.0665128282012544, -0.198153658467045, -0.108360531680535,
0.000574938193836852, 0.0258947606898471, 0.160372822781969,
-0.130887152922288, -0.048747716432952, -0.0739114052292729,
0.00365538076627191, 0.0427897125906495, 0.18624427927173,
0.115978353675515, -0.0955527904562484, -0.112042664894048,
0.00470672246741513, 0.113313474282478, 0.00751418995761198,
-0.0261550429896498, 0.0521659840727511, -0.0544723614208932,
-0.0234840941123268, -0.0631606415319662, -0.0769906990098125,
0.177098827169709, -0.126856785469707, 0.184507787623543,
-0.00628595121542077, -0.271271394966914, -0.0341435222742181,
0.157436717617583, -0.148851993090329, -0.080339258398206,
-0.0904677112607353, 0.15481908899806, 0.000541746777942621,
0.00224560101168378, -0.0536508384130059, -0.0428520355619163,
-0.0402288074402445, -0.107693253902999, -0.0578438145113168,
-0.0257566397333583, 0.029568966086204, -0.0290662863263577,
0.0167727317393157, -0.0655215373069856, 0.162456406179628,
-0.0627498341377891, -0.100576846128719, 0.0621018998266354,
0.0845662575054082, -0.113889283183732, 0.0216284971447837,
0.26425092456023, 0.0665598044656731, -0.146704562571406,
-0.106094406268751, -0.0855245470758883, -0.0289060522954168,
-0.0523132527779031, -0.0223452204457521, -0.063825569823797,
-0.018437268835292, -0.169135689101945, 0.0206584507302761,
-0.0326046701166786, -0.0542135180543794, -0.0608169114477901,
0.0893261924960586, -0.0701560941267322, -0.124745339183764,
-0.0491528876363853, -0.0827961042118125, 0.0120379142839007,
0.0383788213085155, 0.0726257410653276, -0.116558730986794,
0.189793291659719, -0.0405456175864529, -0.198822204577377,
-0.0798569636647729, 0.0310618355335962, -0.0437902718148753,
-0.0462581278039942, 0.11706904931455, -0.0928145351783442,
0.218018052719331, -0.101413195659612, 0.217700264605434,
0.142800563035882, -0.072283124134808, 0.243281022607545,
-0.0869674984399924, 0.0353595205116773, 0.128885689049377,
0.0704228921954063, -0.0913683961187366, -0.0169970455234798,
0.0502851942059295, -0.0405008821022236, -0.0840002345585376,
-0.0347483782855524, -0.0437925449724727, 0.225404900029279,
0.169073109152995, -0.349809313449955, 0.111448630830176,
-0.134442172080567, 0.245928195000882, 0.140195226632448,
0.165679562963055, -0.0549739976451757, 0.0669974241452622,
-0.0347926674110115, -0.0525920405502989, 0.0249819459120726,
0.0137654457402925, -0.00442511071355204, -0.0977166787600079,
0.038013855315341, 0.172168805715158, -0.115117198581353,
-0.0689243723278631, 0.00929050918191506, -0.0338514913516502,
0.0605283990153635, -0.104993564948194, -0.0888814804881324,
-0.0718996014683597, -0.139781399359766, -0.0960384566912908,
-0.0411443902221074, 0.170530093660084, -0.0805654431884118,
-0.00723276559842401, 0.00996654464887596, -0.0135010204657583,
0.0323405217959096, -0.00316860235280013, 0.010291220057872,
-0.10790729464367, -0.155601915589055, 0.226656405587173,
0.0365774173185297, -0.0978198660723035, -0.125502241321355,
-0.107644637968775, -0.00625758500090634, -0.0616831188446519,
0.232026487467027, 0.108809569121217, -0.177023981748192,
0.0728482789662253, -0.0780396570598416, -0.0462972865879629,
-0.227978400006908, 0.0105784930252232, -0.121158025668017,
-0.10327972312118, 0.0400461145651127, 0.0142557539076304,
-0.0718165939157988, 0.0589812215238369, 0.0675123499369857,
-0.0768789989017371, 0.021870561829274, 0.173302814964096,
0.035614762103933, -0.00401712994517301, 0.0554640648193638,
-0.105160611855126, 0.107789587389535, 0.0376243652550625,
0.0446190013810729, -0.0596052170452662, -0.0916982831483111,
-0.0217736709587876, -0.107493733863622, 0.0252057426783604,
-0.0506492300450427, 0.0461382109205065, 0.127814977662534,
-0.0264400730356364, 0.0515731752914988, 0.0325234670853419,
-0.147579274890024, 0.100509655243926, 0.0021176514223504,
0.0600205172992241, -0.0338936076888933, -0.100513405689831,
0.122158955536981, 0.136170485874157, -0.223257579184922,
-0.0393759358539424, 0.0720317281237892, 0.0694326787656994,
0.0675065323847696, -0.225201157872122, -0.0301173483598358,
0.265799333830342, -0.0417500116952649, 0.112119648360007,
-0.217518366287024, 0.266697606388116, -0.00759547876780085,
0.0494244342028733, 0.0357190895189025, 0.0906078119799489,
0.135166953674509, 0.194176061624883, 0.00926519702710373,
-0.0508160951062867, -0.270895252600172, -0.0184582759446244,
0.110192601022082, -0.17667792337079, -0.0487592801811747,
0.0258025542160969, -0.100868980211397, -0.0403773657087491,
0.08314529286312, 0.0229068776983311, 0.0353264966473125,
0.0348004793025732, -0.219233856041913, -0.0856030704263828,
0.137554584320742), PCo7 = c(0.0450864808225179, -0.0676801570994721,
0.00309822308155025, 0.270929478695096, -0.014989480505743,
-0.0945706395755255, -0.0474376117098051, -0.0755341659159582,
-0.107846503618565, 0.305816732443847, 0.0102721128919499,
0.0174238063304232, 0.195044457464571, 0.0419740009002339,
-0.0275445496738086, 0.0679001889464091, 0.0988284317273366,
0.0091970367669416, 0.150047373316778, 0.0883360974849005,
0.00972872279874751, -0.0641636070171101, 0.0420900806699761,
-0.222525018204399, -0.0291933336109763, 0.0807766951165488,
0.00485916001770343, -0.063722951518024, 0.231170290675803,
-0.054553104987795, -0.0258652820332578, 0.0335400247790345,
0.0244078517572305, -0.119607245301759, -0.0537576672463497,
0.0599325550760946, -0.201738083376134, 0.0994669000997507,
0.0291910851161652, 0.10589846068058, 0.0158390999300014,
-0.149758459209701, -0.110761949925437, 0.0153656611984823,
0.00291048233203905, 0.136510355992192, -0.0940741350548884,
0.0786772312638501, 0.0293788223273311, 0.0087036997826985,
-0.0681405825552619, -0.102750411818167, -0.00567432299089343,
0.156168273019227, 0.0683930236132773, -0.163294702032063,
-0.126134801797864, 0.0429969284697492, 0.0459578519181158,
0.0969032598565518, 0.300571639303892, 0.0233931704965977,
0.0759979272399587, -0.090339207631434, 0.414994466491146,
-0.0511976765004923, 0.0393736364189099, -0.110943274117515,
-0.201406425125699, -0.0565485157307005, 0.0313533300992492,
0.047696547033336, -0.0537523334605372, 0.0102729151655822,
0.0328598923295507, -0.166472149965682, 0.119270968254526,
-0.030115274570091, 0.128380226740779, 0.0280821249519087,
0.0442588197243843, -0.131092322126076, -0.0393082382895475,
0.05220281602289, -0.14627543020408, -0.0240911730547462,
-0.0616864636303649, -0.0313274361141213, 0.198775770619953,
0.0820989934477718, -0.00222507475299734, 0.0487292474849004,
-0.190805207623523, 0.0392224695668519, 0.13150102989502,
-0.0116711551608706, 0.0248666737483307, 0.0736772318125002,
0.169113034254001, 0.0446425227705053, -0.00476857536515185,
0.142942394718186, 0.0503514014860301, -0.0529610713023842,
0.218528541682862, 0.107122465393635, -0.177104124367089,
-0.0435032550231021, -0.208208169113335, 0.0580275295776136,
0.0474788840204787, 0.0219474150210328, 0.103310435891053,
-0.0828351510126469, 0.00419650077440775, -0.0117065031280366,
0.18088608100924, 0.011689954142444, 0.0293015532147316, 0.147910202991551,
0.20003256915087, -0.104627158694448, 0.062529273892312,
0.0556843146165396, 0.0611541691314427, -0.124013814779183,
-0.0915919924537517, -0.063773438246121, -0.0701042248798453,
-0.075309718821536, -0.0705031554881355, -0.136508125548062,
0.0734402463485995, -0.0615726557271568, -0.131287756622591,
0.0371784188334756, -0.0791371898114448, -0.0270297054618037,
0.0352194685237227, 0.0283326778466594, 0.215520529188621,
0.018152105010394, -0.0907732891061256, -0.2254878154519,
-0.19396797324506, 0.00607098794674755, 0.041454887624897,
0.114761690427413, 0.0334638019684685, 0.0185225611555358,
0.0200926084923198, -0.108801462202902, 0.102583764330284,
-0.153640554370935, -0.0401493724188945, 0.0403938471000439,
0.0587446117374018, 0.00601382641276156, 0.0257031641430847,
-0.125772081365243, -0.059782257002904, 0.0207216449256451,
0.0456699757335538, 0.0594610620501262, 0.0258955382073548,
0.101310928531581, 0.0476449802304238, -0.0273522366521021,
-0.103506619515658, -0.0351799436338269, -0.193514531829054,
-0.0374991395879183, 0.0485310063778455, 0.191719560340751,
-0.0546629479178386, -0.0242373223929723, -0.0131679349831808,
0.062497711427166, 0.123025440306622, 0.0708616039779875,
0.0462490750863856, 0.120612828655683, -0.0882191031219327,
0.0680551820501017, 0.0315244740572922, 0.00286287256618652,
0.0883807358077789, -0.0707220467026395, -0.0964991436275877,
0.0239579519432664, 0.0749856965336783, 0.205956493034045,
-0.0681751843992482, 0.11148219512227, -0.0479088047345883,
-0.0721963259757792, -0.200334110551184, 0.029619651954277,
0.0102542443281752, -0.250145684238557, -0.0096873133508196,
-0.0217029403107428, -0.0481855541351608, 0.179608131844696,
-0.0186491868836391, 0.0240230429876364, 0.052902628736968,
-0.153943288227112, -0.0907979636681967, 0.074360832654296,
-0.0981619266958864, -0.0820414472811164, -0.096029994939289,
0.00861014537871751, -0.00540469093810068, 0.0186397421216676,
0.0735163656370269, 0.055446013361563, -0.125957838521363,
0.070001393430834, -0.0539836336619522, 0.0531308994570285,
-0.0229225465740679, 0.0730245702963077, 0.0236679411885746,
-0.0129506453679243, 0.245987009459654, 0.13809218220076,
-0.0984645398249449, 0.0404015386120983, -0.0547672487010731,
-0.135154660330168, 0.0145593410961712, -0.0164393063878042,
0.188705579860421, 0.0750722081032775, 0.131063465368311,
0.036105094744384, 0.0202268906511139, 0.072978513057064,
0.102350069476759, 0.0720743550461185, -0.148650940386011,
0.37498715620671, 0.102934957375391, -0.102546689684119, 0.237080442169434,
-0.015886069330845, 0.0708593812398676, 0.0376159288071324,
0.0850217647605227, 0.0321874438388656, 0.0496597209447831,
0.141052137735479, -0.0528017991111922, -0.103443401282313,
-0.0457981994497632, -0.0753041625485273, -0.0254711635116533,
0.063288209742748, -0.188832226769454, -0.169150696477065,
0.0558296668298446, -0.0247363555369347, 0.0435960039098119,
0.00740335453840384, 0.170320322502827, 0.0337934241057805,
-0.00936535206688319, -0.0120969212406859, -0.0670530337779201,
-0.145731237101261, -0.0612085575232905, -0.17145851207415,
-0.113827162357932, 0.0347125056670464, -0.072241279533165,
0.149550932207909, 0.049825514152318, -0.0147895644380797,
-0.0524625232653931, 0.0217437550162742, 0.108918181185432,
0.00867932448558754, -0.159682111176312, 0.0327090837844949,
0.049538068405031, 0.0222618933726663, -0.0106360338117687,
-0.0095793063041032, -0.188650987115569, -0.0409446905975434,
-0.00210390631367587, -0.134876598115456, -0.0386499784309542,
-0.110393666551762, 0.142540551894006, 0.0611616635707119,
0.0555549164929089, 0.264549958428394, -0.0386701457213451,
0.163373619551287, 0.0151462552043275, -0.219117093702228,
0.04992929415959, -0.224107662775931, 0.0555231492612368,
-0.13739619521884, -0.0556388222620984, -0.10773123140834,
-0.0470767172651043, -0.0618538935516137, 0.0944154426252311,
0.00355704953968796, -0.100501909065046, 0.0286080189851175,
-0.0897926437804885, -0.0388530135215702, 0.237146657116178,
-0.0935334578692751, -0.0723883711278113, -0.0917924109211219,
-0.132622689987078, 0.129847872515848, -0.221947557028649,
-0.0644062546125378, -0.0340730685197464, -0.0277892164161417,
-0.0735176813988074, 0.133279435048344, 0.0151826239669941,
0.128014722088473, -0.0822874165784532, 0.210497178413877,
-0.165430662893505, -0.218680714837772, -0.181886645599778,
0.0419583059016653, 0.0169663773221562, 0.0753228226172138,
0.187500297762555, 0.0436673141062556, -0.0710772197284909,
0.00485243573786077, -0.0094127217647817, 0.0421115481777805,
0.0908985325398382, 0.023485493122502, -0.0151391416723898,
-0.122447025200866, 0.0413409097758456, 0.0975873468061607,
0.0407421993425982, -0.0611260530677184, 0.138879810362675,
-0.0230468814246014, -0.168055829612355, -0.121051819401205,
0.0157993204285558, 0.100278270693377, -0.0665164323317629,
0.0176650796592832, 0.253500325902474, -0.0878597307583713,
-0.0109205200017079, 0.247789711893614, 0.0292036714986347,
0.0977047259445773, -0.106780140756616, -0.0637433969168079,
-0.00520969533500566, 0.0944433377474948, 0.0428626021417027,
-0.0894736452698752, 0.0921030626735617, -0.122754182092472,
-0.0584279096052785, 0.0063195589432692, 0.193704633367449,
-0.0814242986348912, -0.0575212834773496, -0.0877387252399112,
0.102713728269862, 0.124743995785372, 0.0120581161290084,
-0.185334161476661, -0.0469258921844113, 0.0356439380020374,
0.0434557544776676, 0.0285772353970669, -0.168256973912012,
-0.081554164695406, 0.163715238637264, 0.0277135339524479,
-0.00561030407149952, -0.0441947291079505, -0.0846125555853927,
0.300428354405755, -0.0259957276662585, 0.0155574228255384,
0.317902933582077, 0.00739320885072484, -0.224103465603078,
0.118189099128132, -0.0142080452883657, -0.00249802120695874,
0.0715748073041535, 0.00283244612941354, 0.044800876068823,
0.0132280269868739, -0.0647575475139974, -0.227689876355871,
0.307920293020003, -0.101873501885984, -0.114987002382362,
-0.175886231448955, -0.0998515654612576, -0.0078017990667992,
-0.152650142851019, -0.120117003295253, -0.0306226365961146,
0.0237087672787622, -0.138242638362293, 0.0428506061929188,
0.0504588319368416, 0.0130761969308123, 0.0178949792628712,
-0.0595277083878797, -0.222733910092944, 0.123309426927948,
-0.101514615931506, 0.0515689565955628, -0.048404352624491,
0.0134368248733294, -0.0403780866764655, -0.0418597920954052,
-0.0488223185801113, -0.106796474731169, 0.0228225768574904,
-0.00858061753744617, 0.0571108742662195, 0.03264108777478,
-0.0753066247657293, 0.138861605052682, -0.209910059475072,
-0.044589316750259, 0.0487884581813875, -0.0775958851776609,
0.0233293124626049, 0.0186417137501043, -0.197778560526136,
0.0768031070751336, -0.0820542005182731, 0.0323291199126642,
-0.112394507906465, -0.148799568047075, 0.0207805080173153,
-0.182081580752577, -0.0744815733259609, 0.136342971047905,
-0.103712806982408, 0.0900379951165527, 0.0521296307338654,
0.162578594430653, 0.0125870631762727, -0.0544933923147482,
-0.0266514614297969, -0.154673935606407, -0.0163658476139683,
0.0639001175610886, -0.170718556051391, 0.147965292882906,
0.0781001979871013, 0.0776013405668886, 0.0665034199931306,
-0.123107136971387, -0.0590911622016476, 0.107469669221377,
0.0717820421668786, -0.0986303845429136, 0.0179494992643872,
-0.0106370326991983, -0.0315083550238884, -0.0262523710861244,
0.0220474000518909, -0.00595626043803477, -0.0901778870871468,
0.0681632093940527, -0.101065397395476, 0.272617228513163,
-0.140574184259016, 0.0619262058958911, -0.00869976798992576,
0.0753133178853136, 0.0376735781795249, -0.0448314643266992,
-0.047628992517181, -0.204442178080733, -0.119639017816343,
0.0655148250499072, 0.0499833614500824, 0.0306394777895937,
-0.0160599253700066, 0.0422188329847456, -0.0166466753016261,
-0.183833997324652, 0.0245378527412769, -0.0993818486527454,
-0.0303301683620914, 0.0115822552398414, -0.182899852354735,
-0.150194424352723, 0.00798350584640287, 0.110535618760887,
-0.0235934897744253, -0.0232293773762761, 0.0611602375155696,
-0.132628007357116, -0.149328862497114, -0.0736476929286061,
0.211900658706382, 0.0173509355251687, 0.00390378284278838,
0.192387539179428, 0.0341661211782396, 0.0102169324491216,
-0.0561137258791789, 0.0375121110876186, -0.0345390843492906,
0.215865103293579, 0.0227387376213668, -0.144523817954568,
0.0496794241982787, 0.0385302277477555, -0.0252454999472124,
0.060423920932545), PCo8 = c(-0.010282150924682, -0.10878315468371,
0.16855074296707, 0.0204629374005482, 0.00738637344505722,
0.0702948965039097, 0.0214522611954619, -0.108104319479371,
-0.345147488031455, 0.207664066649538, 0.104483684779092,
0.0813510098418928, 0.0506610855115681, 0.0349356399321062,
-0.0440319235212741, -0.00475562152612958, 0.0828244993993211,
-0.17348583740971, 0.000837698561253804, 0.0690122587430604,
-0.121785239442137, 0.0601468095950937, -0.0711743906538553,
-0.0372828814029414, 0.0282808720973799, 0.078166433999773,
0.037688510849084, -0.116012774335781, 0.014698202297491,
-0.0108361938541018, 0.103883783469483, -0.0726181611089741,
-0.141873736278307, 0.131357589967331, -0.0529986414299146,
-0.0956287790178962, 0.0953310165680846, 0.0320238809787096,
-0.105726741453807, -0.104715871702659, -0.040306856539115,
0.0513578254892756, 0.104938880819274, 0.137247341452054,
0.0609153078649035, 0.00847370563226019, 0.0699729726979636,
0.0996468399097495, 0.0286548759743689, 0.0135068135121954,
-0.00734861086572997, 0.152410095139832, -0.0611413719275922,
0.0835437170106664, -0.131763744258177, 0.0454693371695293,
-0.0470150273510522, -0.280835781799724, 0.00628819653175314,
0.114359282643753, 0.00554108159489775, 0.0188040253527944,
0.0103672424448382, 0.0144838897052392, 0.0357947693532686,
-0.0532545646363613, -0.33335581049068, -0.110111650126408,
0.0717113610645589, -0.198983357908934, 0.119272281992594,
-0.143249043854427, 0.105792307020427, 0.00413046243467732,
0.0349597040569474, 0.0176932788702931, 0.0750179651252126,
0.0598940732486481, -0.0993937494034504, 0.0416242260406542,
-0.0712887271202464, 0.00693398849020323, -0.110715673182611,
0.0772921506114322, 0.16198043523561, -0.0541504639341211,
-0.0487381023913447, -0.00888752590783689, -0.0378883307722424,
0.017904290614406, -0.0151672181329319, 0.0160643507056806,
0.0890251523060363, 0.0312463723663037, 0.00259270057998752,
0.044765305255543, 0.107836390686771, -0.100380189308169,
0.0032225205532363, -0.0189025431616099, 0.0937579610039075,
0.0896548696024853, 0.112659585067586, 0.0720169905983524,
0.109867908390855, 0.13419645008939, 0.126034948700875, 0.0471110269755577,
0.0599721209750809, 0.0230383297007043, 0.0124342891568089,
-0.0150173684661417, 0.00151332929439282, -0.324691941060856,
0.124523396135557, 0.0184709941833104, 0.0167641425518544,
-0.0276019645834388, -0.00934768384524729, -0.354516234159979,
-0.347870208299475, 0.13180852463865, 0.00186184541530638,
0.0482990978181229, 0.0952504987253766, 0.0297502326978787,
0.0172980756143193, -0.0668972218244493, 0.00105448978362769,
0.0400493191421875, 0.00532081965877398, -0.0176104275480567,
0.0822860630530648, -0.124453177857834, -0.0104072111253275,
-0.0173337396251786, 0.0582042874575775, 0.144542541771964,
0.0505823625499999, -0.332672992724765, 0.0490161616287079,
0.0703293312103107, -0.200007767446067, -0.00311495820820236,
0.0138506807898563, -0.0221092784113507, 0.00578688301881141,
-0.00980962432548443, 0.0515310113627209, -0.0245682683766783,
-0.0327058585788068, 0.00519958328494908, 0.0192415100874638,
-0.0270763028643847, 0.0531806671562811, 0.0294451450618032,
0.0124459520920671, 0.0744772949498785, -0.217599024037279,
-0.00406146392124405, -0.0872170398719452, -0.0729938934921072,
-0.100353501488842, -0.015856417447044, 0.0321944278161249,
0.158817968182991, 0.00543909586039451, 0.00480544008274822,
0.0930715629498914, 0.00280930786739381, 0.0415395648715559,
-0.250738242470113, 0.0234675321043116, 0.0179791413796404,
-0.16950699564415, -0.0752110095653096, 0.0429425615694913,
-0.0309665832465382, 0.0685767822770973, -0.00845340485028765,
-0.328002963731179, -0.0487124779629299, 0.12617790233623,
-0.0414740577584524, 0.00382033988321833, -0.011852177342193,
0.0388505549641108, 0.0365725152700404, 0.0247967660590046,
-0.011942687226157, 0.0056107374414486, -0.329135595633866,
-0.00637165487484111, 0.156870321467889, -0.00909580674264913,
-0.12959772819671, 0.0130194655478101, -0.0278610399358821,
-0.202116740848515, 0.0408138621028339, -0.0861507575759558,
0.122796441177457, -0.0631776402764018, 0.0935462213618466,
-0.0224321326118761, 0.00929261853319482, -0.281154619640786,
-0.0360678133118936, -0.0333677909737433, 0.0975706962865656,
0.0531509761598448, 0.105176731336684, -0.0532822257084078,
0.0889532204116926, -0.0949901563936356, 0.0046769647532536,
0.0733689482080209, 0.00247835383652846, 0.130812561504234,
0.0615703524991191, 0.0860604711671914, -0.0234313789190869,
0.0798607668236754, -0.00653908714881803, 0.0623044193771681,
0.0845902011621163, 0.0731026027601655, 0.0581465423268832,
0.0391795353322314, -0.122282881819751, -0.077974312702044,
-0.0389119720516255, 0.0618893288093811, -0.135179106838526,
0.0614854517322741, 0.0196421505577284, 0.0771436400819551,
-0.159202363401393, -0.112420994280453, -0.00955623551323622,
-0.0784419817732056, -0.305930759589552, -0.0250557601334718,
0.0496704512725846, -0.489997372029142, -0.00544103475650472,
-0.278638120291877, -0.162972893090534, 0.0169358460351312,
0.0353973227324392, 0.0243590463763565, -0.015139320383678,
0.0376142712557407, -0.102967616082614, 0.0361823599289546,
0.0815426731540402, 0.00218016797071051, -0.134212499140024,
-0.0931249099271991, -0.0978387839957737, -0.0229604797395124,
-0.030730770195586, -0.0306228690532411, -0.0807600613764422,
-0.0439050799858496, 0.106134210374002, 0.0532612834659116,
0.0249945105614376, -0.111134030013272, -0.159068761596402,
0.00162397932630251, -0.009963407476541, 0.0518730670701124,
0.0645336078211157, 0.0476917972408596, -0.00603026617866024,
-0.0164431480355906, 0.0226849738683411, 0.108900867669674,
0.0803431480783288, 0.0703443126593473, -0.0137820805243283,
0.124939803606412, 0.120597159818707, 0.0961967431791702,
0.0770939603392104, -0.0141654299807221, 0.0103332208129096,
0.0232180214579168, -0.0136769470881968, -0.169132883343739,
-0.145554903963276, 0.0950214993890524, 0.049132163060588,
-0.0482313123029474, -0.0470127233765369, 0.0132035906149294,
0.0344237092862726, 0.112335376986733, 0.0312537080845693,
-0.0423177474958126, 0.0642994415154989, -0.0935996800392938,
0.154719697365167, 0.0831428485893399, 0.0438372901900546,
0.0612234328229624, 0.0584788507724501, -0.0324600535333065,
0.136870218786954, 0.0980986549385286, -0.0573615988780979,
0.0362356377361254, -0.00751712449361366, -0.0469996957126123,
0.0793831876465569, -0.0772127279461279, 0.0608971605724122,
-0.0219729412931876, 0.115096067743121, -0.0398954495518129,
-0.021106682145888, 0.140549927562085, 0.0210755519952863,
-0.0442646986367312, -0.0261562761897916, 0.0416827198113592,
0.0629130151619269, 0.100783248264643, 0.120770371144481,
0.123974355250837, 0.0604579301637181, -0.0357793842132972,
-0.0329314332084069, -0.0547511195226385, -0.0136544980943505,
0.0925200673818348, 0.0601004048692064, -0.0322009767631553,
0.0354895066385392, 0.00865181333218522, -0.0933854953937163,
-0.0463974660265934, -0.319665746816735, 0.0238456134684809,
0.127342094463637, 0.0985830143019222, -0.269658546670607,
0.0525461880385288, -0.0124726261071507, 0.000931012075093696,
-0.0567337814368118, 0.00996239782711446, 0.078672545553807,
0.0466297485258082, -0.023934136783359, -0.13622936663217,
0.0402473070676661, -0.0997026508340059, 0.0318441036270371,
0.0389853838093578, 0.127940507047786, 0.0260308138336847,
-0.00195133805968812, 0.0556236957658889, 0.0805001616438092,
-0.0563772358075225, 0.0928215944345213, 0.0962950593434637,
0.0554184328931031, -0.104474044562061, 0.041925402458665,
-0.00329546159526674, -0.129078754907941, 0.136071763199103,
0.0309078504807575, 0.0188393960269005, 0.0426604997040399,
0.0666481129045083, 0.122442266935969, -0.0546191154881101,
0.0734341554133327, 0.02422422431962, -0.111562213951948,
0.0591591699016008, 0.168424506041907, 0.0433088720957024,
0.149152404784033, 0.12798326413468, 0.0348738249501055,
0.0123447292878122, -0.0263038266908262, -0.0285722944846247,
-0.00443153195866349, -0.0812652152949117, -0.0830310816125287,
0.059655451580315, 0.0959797329591998, 0.0383117273356202,
0.136111699023126, 0.0335428822395491, -0.0412218633218879,
-0.142444935876314, 0.0345695365553248, -0.0685594397355155,
0.0823564170802916, -0.351816445964869, -0.0477957506940584,
0.0327086561053086, -0.0229539253498962, 0.0241872262627253,
0.110480278678735, 0.0567341869667347, 0.00779982154370189,
-0.138454027889769, -0.168464780438407, -0.00390661421343685,
0.0329942255595907, -0.000348097367930441, 0.0956023907827264,
0.0295295024260703, -0.0662491398285963, -0.0723161922319127,
0.0181858748875371, -0.0118479088069955, 0.0706310967807535,
0.0503280168153618, -0.114097861430145, 0.0773606521175291,
0.00310148685387941, 0.172719868063137, -0.0323769534099275,
-0.047027381973779, 0.0314950561135565, 0.020687062292002,
0.0105987727053435, -0.0533988991964151, -0.127161888857037,
0.114387126431841, 0.0189265814056915, 0.0298840693129794,
-0.0645729110468834, 0.0486688082151681, 0.157861328948547,
0.0134875595691826, 0.0174825173210592, -0.0673845280136381,
-0.0837484143293978, 0.140820320256758, 0.00227677600249902,
0.0548565931783388, -0.00262249342546575, -0.0169622779051129,
-0.128189717019783, -0.118766729856911, 0.00944634059541786,
0.115569876090529, 0.0643439898961631, -0.0262938318305206,
0.0154103656874758, -0.129116687281215, 0.0913138099211066,
0.0859600047146471, 0.0614851447780213, 0.023327165764311,
-0.0991960568603812, 0.108848911652217, -0.0301434509579247,
-0.0526580260983448, 0.0952728944835736, -0.0707490435011096,
-0.274743271267598, 0.00337003597820611, 0.022230373963243,
-0.0299802944541786, -0.0886874999645784, -0.0835331906285207,
-0.0482489641273504, -0.0564400485511029, -0.210838512520007,
-0.0141415764604711, -0.0433609986097716, -0.0197962759648731,
0.00339239038937194, 0.00273605450888434, -0.0440969522548856,
0.111911659243669, -0.0104004259196133, 0.0458224990087676,
0.0226789012985556, -0.00092945067466489, -0.042508958983331,
0.0289108708005351, -0.148016158654409, -0.0164988341492303,
-0.0660755624159515, 0.0122829911522436, 0.00336912134535824,
-0.190144778058521, -0.0169161907010011, 0.000219109969066596,
-0.0287444164710096, 0.00852079997694935, -0.0560353546393595,
-0.0851756476471654, 0.169314977799477, 0.00557015370376121,
0.0507501424995942, 0.0718835335543427, 0.0781237500561752,
0.09304539635913, -0.0995299584369055, 0.133232147738192,
0.0952002654511451, 0.0595000858872152, -0.00325708716951599,
-0.0660476744394544, 0.112198403857351, -0.0269390520930755,
0.0134948941387097, 0.107319771910221, 0.0961007094931595,
0.0614401679499911, 0.0511416082693169, -0.030903610436041,
-0.0502612732013673, 0.131705102484346, 0.0410125820211573,
0.07232868426516, 0.0315035880254415, -0.0260290155494298,
0.0485242621830455, 0.0184617966185243, 0.168182855271175,
0.0743858714194493, -0.0605252870653488), PCo9 = c(-0.0418599373991738,
0.0470188998800275, -0.0112649035574279, 0.119435311051142,
0.0315866771293811, 0.016887198554935, -0.0196803779289357,
0.0457830799225962, -0.163270427172686, 0.0328531093731006,
-0.00496613642640039, -0.111106876930803, 0.0414543449711159,
-0.0790986389817444, 0.0496630330281314, 0.0344979680705706,
-0.0907728477464267, 0.00474819437134938, 0.0549208387276252,
0.0110882136094252, 0.0838510348771153, 0.0072630542914392,
0.0270161914288753, -0.0673641307332736, 0.000448230969580122,
0.0728346160338353, -0.0212726873133232, 0.0346372943933041,
0.0491008019571665, 0.155512165813287, -0.00574649583841308,
-0.084759823683147, 0.0128992596308382, 0.00784258625549011,
0.0606470099258304, -0.00446307998976921, 0.00514447868287366,
-0.0197924768351634, -0.0793387119748021, 0.101192379887078,
0.0469603501514786, -0.0208274198706119, 0.0336487199200906,
0.0176385651259047, -0.138672390874526, -0.0303111350496609,
0.0247072119133141, -0.226392262647188, 0.0158900530932175,
-0.0810664700597975, -0.00553313139663919, -0.0147150136053384,
-0.0550219610412595, 0.0290641835063654, 0.0569811231345353,
0.0440243810729603, -0.0441726105673314, -0.0866443724518876,
0.0779328531219486, -0.178575334351311, 0.0765243015733772,
-0.0526722406453892, -0.00225823095813594, 0.0914657383008511,
0.0749418650989169, 0.0475647365619914, -0.101327457944735,
-0.07226722635254, -0.0232390627962809, -0.109945365665687,
-0.0465426746879104, 0.0900032643660733, 0.118693941141913,
-0.0805700226412141, -0.0137755763155244, -0.12455795107802,
-0.103339999629336, -0.0238298196030584, -0.0591630664159845,
0.0206798923953005, -0.0313709920408465, -0.0184735321917462,
0.0519695936487071, -0.15791943006998, -0.00114292197129486,
0.0392407555963826, 0.0925145866006425, 0.0597362241610785,
0.117760414996702, -0.0417339643017185, 0.00853558380792983,
-0.109848773138506, -0.0783647896612209, 0.0151808887359316,
0.0201800686201682, -0.0928393141755538, 0.0171301900090221,
0.0158083748141508, 0.0620784548791006, 0.12835342081565,
0.0510446550251843, -0.0359610425374076, -0.0689558020762036,
0.0639432337013713, -0.188044199420038, -0.0518741604640003,
0.00676140225768986, 0.0137484880636439, 0.052201748533362,
0.0677408671634177, 0.165769592563112, 0.0683378048870943,
0.0266550684475802, -0.110966281527448, 0.0480340123418112,
0.0551098598313678, 0.0720077166064454, 0.0725692641351844,
0.098498505711061, -0.131761190520525, -0.126042846065807,
-0.104811673918333, -0.0553885088601939, 0.000229326287635612,
0.0161898002599992, -0.0844329395341798, 0.0466289430368174,
0.0675093810105284, 0.0476511377962081, 0.0663069313948731,
-0.0479795467592691, 0.0120662170118201, -0.00539280405163994,
-0.00173114728997188, -0.0863821256126607, -0.0500474563520973,
0.0867302904691156, -0.0481520810054192, -0.0515313530760611,
-0.0941506820377027, 0.168553705151586, -0.030785688960734,
-0.0195390577202591, 0.108322823356191, -0.0944002115893128,
-0.0128272099693477, 0.00186773191580091, -0.0147564010218691,
-0.0990287780859708, -0.120450604470114, 0.0958632158481591,
-0.05766369726822, 0.0749623203505392, 0.030667787660401,
0.0180330057201416, 0.0861870137596568, 0.0431119854053447,
0.0625201369042892, -0.0853895004091698, -0.0159027482268151,
0.0255774410649408, 0.10410981314083, -0.0866459678356574,
0.139214926116077, 0.0573165191433737, 0.0231511923972106,
-0.127362141649927, 0.000143898757496642, 0.0205066312755582,
-0.13103235478155, -0.0124873077988432, -0.217154162025507,
0.213131189272832, 0.0529330579452818, 0.10966855359809,
0.0529362907439194, 0.0374596481542201, 0.0306389275397292,
0.0631115806012196, 0.0723773012946566, -0.0927215757594936,
0.00772770786190926, -0.0488047245667497, 0.129760269087209,
-0.00435515609397324, -0.0257363304659081, 0.0315735327958692,
-0.0315828268376295, -0.00161833431778151, 0.0183478639689005,
-0.0995893181761706, -0.146417548390867, 0.0656838358857364,
-0.00270264202508009, -0.0641077487952369, 0.0511014718231478,
-0.0371484291653247, 0.142471698473114, 0.036386157432676,
0.0321219314167718, 0.0383577069905604, -0.0520483181897891,
0.00180258967446404, 0.015563388245504, 0.0381285320979196,
0.101674306039421, -0.0864035560767994, 0.0231608406621327,
0.0739304067053497, -0.0516832743862016, 0.102487466011436,
0.0768381873981452, 0.00463835757784404, 0.0203047671471359,
-0.0244113020849572, -0.0875513168454186, -0.0693418222856474,
-0.0836093969115238, -0.0472471954327723, 0.0473294855719552,
0.0457363519155874, -0.0213080972653404, 0.0422774426814895,
-0.102271510515497, -0.0393744314056018, 0.0900021037488415,
0.0208330923289037, -0.0157365594388228, -0.0459869060196909,
-0.0593812072141515, 0.0804741831964381, -0.00818753681779221,
-0.071493096505879, 0.0700543539268352, -0.115098317135293,
0.0891689432059054, 0.0647851205224154, -0.0452122812302565,
0.122523884496494, -0.133673578417723, 0.0421393090972513,
-0.269011057176871, 0.0145651471969116, 0.0496326725080482,
-0.109995053893692, 0.0565620745059333, -0.124276387967135,
-0.0250350111226907, -0.152113556438496, -0.000277582333624559,
-0.0329688662745921, 0.0261112322104117, -0.00782957620164945,
0.124986102275436, -0.0180219643489682, 0.155988472420835,
0.0421808863567494, 0.0674592787249139, 0.0898235389931724,
-0.05789016251422, -0.0152768212219403, -0.0185574109311686,
-0.108293434375088, -0.0127511874540734, 0.058515154374324,
-0.0259815507960627, 0.0131838094972013, -0.100160284801214,
-0.0629038595559439, -0.152254007996661, 0.056877974342553,
0.0360493187379968, -0.0273271835956971, -0.0846740081534022,
0.0994788824743449, 0.0221617863185414, -0.00607477784286233,
-0.109720917839165, 0.0146419954516781, 0.0229360882359054,
0.142157074009272, 0.0215760327111748, 0.0536043722311375,
0.0425939770530253, 0.00294348002879418, -0.0119673488159442,
-0.131006619131197, 0.0364526532545406, -0.0739004552457118,
-0.0849140207591615, 0.048257849654692, 0.114451528347354,
-0.026574465319168, -0.191141368054479, 0.024412999252466,
-0.0833034411820639, 0.138658509610107, -0.0229958539080425,
0.031498380608011, 0.110029153716979, 0.0218880232372326,
0.104092021979371, 0.0292911298874936, -0.190919695434463,
-0.100484913006373, 0.0933158248861154, 0.0835810953386793,
-0.0310142280009764, 0.028055542075251, -0.136183914451831,
0.0394542649630151, 0.0575750575234582, 0.0151808591137694,
-0.0426469906013459, 0.0145720177227285, 0.0421492453768063,
0.0864802765708825, -0.0970429346626066, 0.10742622695084,
0.0122268697147521, -0.00563717310955102, -0.0412990585086025,
-0.0324027513528306, 0.0653640369516092, -0.0250067069295267,
-0.000878213699301555, -0.00546403824265225, -0.0647615658397047,
-0.177302745926287, -0.186869811965149, -0.173212377181938,
0.0354424148918785, 0.0879022084283182, 0.00552027941463185,
0.0585022419699825, 0.0678506021768251, -0.122493681904846,
0.0083704443691663, -0.0158511283344346, -0.000944785260224942,
0.0754233926214404, 0.0662469862981491, -0.0841749599684514,
-0.116482951103656, 0.0983419285474253, 0.0239802758108157,
-0.0278575621982217, 0.130467879762439, 0.0138242055721788,
0.021273395667667, -0.109549828847911, -0.0051822539738541,
-0.0126526522795819, 0.0459701625880145, -0.0369258053746114,
0.0654739180008466, 0.0958379239022736, 0.0170008313639861,
0.0796559742558383, 0.00999993463933055, 0.0168196698200036,
0.0054174616856546, 0.0420016949707911, 0.161002462004078,
-0.00425597786202193, -0.0515050228268243, -0.0476206718693206,
-0.103820865372462, 0.133198808744292, 0.00360811337264563,
0.0621968293541041, -0.0174760062668219, 0.0102193010650513,
0.00956130899809807, -0.12995410103323, 0.0762560045407354,
-0.0262961272752827, -0.0368396782370894, -0.285941471898995,
0.00437509054563288, 0.0665903377579831, -0.0388657247174746,
0.0530700922198416, 0.0354634429993658, 0.00148863964552209,
0.00264297767150899, 0.0941743834959779, -0.0301693927235871,
0.0393087380527437, 0.0371846371986974, -0.0268148266513098,
-0.0253527964249281, 0.137260196121229, 0.0382427570042927,
0.0580753968269111, 0.049057274497631, -0.0266337358019485,
-0.040544655672933, 0.0445651119417652, -0.0363759424773018,
0.0461944217354628, 0.0103334959377696, -0.0664741319840624,
0.0479476791690962, -0.0178062496677132, -0.00163341417640336,
-0.0689895334632058, 0.0105112996669175, -0.0819176607379305,
-0.0372905308397693, -0.0579761683871403, -0.0979678759614212,
-0.00347805621086366, 0.0524384590829415, 0.111823626864606,
0.0908052034575105, 0.0250929218225202, -0.0506466192378286,
-0.0884229735355413, 0.0461402400593446, -0.0212696144050292,
0.147713847686806, -0.0699837644889585, 0.000375565068086403,
0.0295731860327529, 0.0327700659538434, -0.0787115509390056,
0.053999914816581, -0.0268956778044756, 0.085729688945257,
-0.02314575918552, 0.0959463512179078, 0.113597172925464,
0.0671677485070198, 0.0162606448095331, 0.102878041475318,
0.0603652735460182, -0.00101661324075789, -0.0337058315672833,
-0.00682742642356037, 0.0601465569587325, 0.0775541814716178,
-0.00731584649311102, -0.06074718838498, 0.0299572903102387,
-0.00809737986531997, 0.109601006522441, -0.0583745448400371,
-0.0573813541119826, 0.080058243337544, -0.0221429666372941,
-0.137079221444095, 0.121889665430077, 0.103998928137551,
0.0961978789449299, 0.00474085138111506, -0.0179157698963072,
-0.167671656796044, 0.0614047126177741, -0.154643844474996,
0.109633961357671, -0.131688150419068, -0.0717162413837156,
-0.0304614875843177, -0.0637504751373397, -0.0850597702941508,
-0.0489913804630168, -0.0503346779365343, 0.0038141702503739,
-0.0245315252867074, 0.0393574091304103, -0.118801526591511,
-0.00945274925195469, 0.0692052254876762, -0.032857249643615,
0.0152145455470739, -0.0469651451126965, 0.0392379544546908,
-0.021533660007161, 0.154930460625462, -0.0832255570103575,
0.00868396278702229, 0.0185932129780289, -0.164498102477021,
-0.0719558122205706, -0.0503574347924246, -0.0292212326272529,
0.0139403558744432, -0.0346135030612633, -0.0574569315689089,
0.00776748794220274, -0.111172374532133, 0.0143103579563126,
-0.05270155853916, -0.0796691122250305, 0.0681917998182444,
-0.0467969766816561, -0.00704492742072912, 0.179489586203508,
0.0959155557507752, 0.20181528068357, -0.0989371564932747,
-0.0383177172864543, 0.105875197091123, 0.0550548755578493,
-0.0229560861692993, 0.211330865398074, -0.0320834220865877,
0.00923950179229303, 0.0281744414879485, -0.095657795977409,
0.140216940414695, 0.0611078871352892, -0.108036308948919,
-0.137059653935677, 0.0037818515329506, 0.0682420763716743,
0.00119126215780014, 0.0665872412549667, -0.0248068221522454,
-0.0193256712788439, 0.0122605869116877, -0.0551340854924828,
0.136681476043956, 0.00903376508202787, 0.0174783386644422,
-0.0280524145855612, 0.0847145247556363, -0.0479361887758591,
0.075726881951808, -0.0484190038088514, -0.0406380462336215,
-0.0625379587284503, -0.0246083247644992, -0.0513912504829564,
0.0645569394039398 ), PCo10 = c(0.0245054291963252, 0.127051861702488,
-0.0323659330547239, -0.030295464582034, 0.0316761915442542,
-0.0761809339765241, 0.00563360538685534, 0.0392450641344354,
0.00274343878325646, 0.0257481631769288, 0.106749643778939,
0.00935809494667074, 0.045018606303394, -0.103822786776084,
0.037443191164814, -0.025661062716216, 0.0301528853820221,
0.0242204085497304, 0.0129298632980768, 0.00845380684060393,
0.0544382565755203, -0.112961534670019, -0.0576089650588118,
-0.0859827964344429, -0.0391457473387588, 0.0225261961013365,
-0.00186925144022593, -0.108305472619247, -0.103035546780282,
-0.0360817132283222, 0.029402302952198, 0.124684681286495,
0.152655511997546, 0.0534035229533525, 0.0204978191814851,
0.0951495831598074, 0.0975734308596348, 0.058855992637498,
-0.0936577437723675, -0.0607889679019199, -0.053123261529249,
0.0395583774327062, -0.102787914905118, -0.0422853050876986,
0.0290585814181641, -0.00475364549384729, -0.12971023917868,
0.0803794443969383, -0.0279403707584168, -0.140150787145265,
0.00135061641883636, -0.0201424533873841, -0.0943384981179717,
-0.0246472722138404, 0.00652529077106937, 0.052212292733692,
0.0296423899728212, -0.0633829900837624, -0.00702171328598862,
-0.164340671117091, -0.0430575987123392, 0.0355645188103864,
0.174208810167271, -0.0263658538028626, -0.0162460615955947,
0.051324083510787, -0.06777028939301, 0.0194158698496241,
0.0465320695906052, -0.0239397444932637, 0.0477857754869152,
0.0278152716387209, -0.100109767985999, -0.0622411959406572,
0.0242008796840102, -0.0174044844963203, 0.117570568082538,
-0.103498635180903, 0.0612740560316223, -0.0126771435522261,
0.075977376587828, -0.0138885501198375, 0.013713351365423,
-0.0245165218782992, -0.0300041185007216, 0.0339551457769582,
-0.113335634769034, 0.0314084286653248, 0.0153351731444188,
0.031340081119679, -0.03476597839264, -0.0248313933184247,
0.0515721067258719, -0.0430406924551074, 0.0217436096227733,
0.0354744812991602, -0.123320273053428, 0.13216277150869,
-0.0447985366700809, 0.0611795618351264, -0.0577311060335248,
0.0354459542674457, 0.129357006405696, -0.0766201286894342,
0.0571067384506614, -0.106566092422051, 0.0231094426959178,
-0.0235105723531333, -0.158666122446481, 0.0664163569671046,
0.060639313505236, 0.0223540289802709, 0.0258048474609796,
-0.0703628459901604, -0.147863757343873, 0.00901128568153504,
-0.0526794608275033, -0.00722818945583896, 0.105668593103609,
-0.0734150068825484, -0.0869823053974523, 0.0475336371432964,
0.098738575641154, 0.0886883094174876, 0.00859879771962809,
-0.0528800093922879, -0.0199073597416733, 0.0259851480100928,
0.00769377703769409, 0.0885745804789287, 0.00780355935153697,
-0.0457989696930609, -0.0190328296765222, 0.131159679642707,
-0.0819216866679033, 0.0168549323829183, 0.0326807616153825,
-0.0449879442655841, 0.0549229458035251, -0.0533208854858189,
0.00371510073234617, 0.0670378960265439, 0.112214791000388,
0.0658239617804732, -0.0353630237221743, 0.00895316881454303,
0.0133161159703453, 0.037651447670386, 0.0724208506878565,
0.0144209311166217, -0.0865451000729783, 0.0735062357023746,
0.0468066996893401, 0.107999066288187, -0.0650488053272892,
0.039365185050966, 0.0484566069174688, -0.0987848482646556,
0.152268951328464, -0.0215041411327081, -0.0828195488939822,
0.0379622655219251, 0.0818688116628984, 0.120243288964411,
0.0484902845429854, -0.131197582272149, -0.0195201290044024,
-0.0313935646766975, -0.0478845167329529, -0.0153067279137678,
0.0802491411507454, -0.0274267119862987, 0.0504920065051541,
-0.035459327819934, -0.0362739941967048, 0.0630621051299439,
-0.00695889136150514, 0.0750959392595707, 0.0573645809227457,
0.0570908183836197, -0.0528149838426567, 0.0145107498506234,
0.0915263098899331, 0.0591744163357689, -0.0417679393942906,
0.0322454761194157, -0.0205681671643904, -0.142127480816815,
-0.0426457112332657, 0.0167493016371124, -0.0669200501007983,
-0.0808854436938299, -0.00775530380523416, 0.0134609646313556,
-0.0821580469298029, -0.19157117987447, -0.0359096645316303,
0.0996168838924894, -0.0539649867690749, -0.0866753544527176,
0.0272886865168602, 0.0426510165389963, -0.055130042024522,
-0.0456758483258701, 0.0620967569190083, -0.0310070435632788,
-0.0565265385249938, 0.087337106904815, 0.00767741355296531,
-0.0159869632597598, -0.129747533401221, 0.0102707435038728,
0.0438022655338731, -0.172563477827571, 0.116311438590746,
0.0226806576295468, -0.0119406970792364, 0.0293260400345172,
0.0162748429598996, -0.0120644862984556, 0.06448030940071,
0.048528054060283, 0.00651568700736011, -0.0443746207179393,
0.0201591715935535, -0.187341506472413, -0.00531736946019229,
0.0448526405151839, -0.140945435452175, -0.143478389052061,
-0.0851624403948387, -0.0924716155904472, -0.164579819730135,
-0.0164793161311356, -0.0175777725190972, 0.0459476517702831,
0.0446337169403731, 0.233649539209938, -0.0106166271339705,
0.0822098744642567, 0.117856440568474, -0.0885450767236146,
-0.00325454811973547, -0.0716242762018702, -0.0688528829649681,
-0.0797573916472433, -0.10545667114243, 0.102326596522704,
0.00929635372051606, -0.0423414374516679, 0.107021910339576,
0.0163864052427823, 0.0575206898959778, -0.00207206231047186,
-0.0332434972062844, 0.00600493809521853, 0.0863139678514406,
0.0744544761696203, -0.0162824529647211, 0.0757445312976703,
-0.138545261689098, 0.0449484008342786, -0.0290433732681813,
0.0481715990985047, 0.00234853527360518, 0.0209659952624179,
-0.00395240635659454, -0.0976800139963183, 0.0763093699774025,
0.0754344623575013, 0.0391313897858499, -0.0925951267618429,
-0.0155112503506297, 0.0347396793350169, 0.0318194526531938,
0.0459241406512431, 0.0233918134228173, 0.154121256765115,
0.0125244462127478, 0.00257397375788459, 0.0396232504864039,
0.0471273116270567, -0.0159133879574637, -0.025626417929633,
0.00192506780262231, 0.0048802317919534, -0.0534213796615528,
-0.0188739635661318, 0.0369212498333204, -0.0941578955145368,
-0.0363208967576555, -0.0170065036247343, -0.0769360546368593,
0.161150824903588, -0.0601150115416964, -0.157737801501481,
-0.0275451714544679, 0.00986407298454789, 0.0308936921885611,
0.0124688716534923, -0.0165325434898393, -0.0419718054119299,
0.0104149289012028, 0.210818928479685, -0.128262186967453,
0.0124348983356508, -0.0300723380600261, -0.0454975661464434,
0.00308114183061975, -0.00548785185058197, -0.0135245547853093,
0.134779553429939, 0.0391321615372328, 0.126256811690522,
-0.0368916031136314, -0.00983504289499226, 0.00668621439248132,
-0.0634379056133809, -0.00420578900990141, 0.107294971151206,
-0.0788240035355753, 0.0635200809598586, 0.0432419265497194,
0.045468149844263, 0.135814700219966, 0.0177605763945644,
0.00244312496710111, -0.0387203601320834, -0.0744678990749811,
0.147259562443521, -0.0438370987241711, 0.0357815262953489,
0.0276939060088987, 0.0111892716594353, 0.0198907031192161,
-0.0426035893056187, 0.115689234874862, 0.0290933472245082,
0.123316931273384, -0.0574140555609572, -0.068364569489946,
0.0254072846535061, -0.145396599285157, -0.0379484177212885,
0.0455518416987273, 0.00999988621574268, 0.0346094811757783,
0.106895948475633, -0.128426410306779, -0.00507433797189481,
-0.0485004036171998, 0.126354798006489, 0.045165342375128,
-0.0319502795625032, -0.00281299068033699, 0.0456580107312863,
-0.0063768220470287, 0.0431196198521321, 0.0282813629275617,
-0.0796253302082491, 0.0364475611498323, 0.023312266994205,
0.0374287736450731, 0.00605736098963241, -0.0265768568297835,
0.0197516958870978, 0.0521051537343354, -0.191912640889932,
-0.0889690635963672, 0.00746481146808825, 0.0279748921976426,
0.0776244625168653, 0.0400830367619761, -0.0188169724257336,
-0.188957778508248, -0.0221047827378641, 0.146141196256908,
0.0318893466843382, 0.0529519569253023, 0.0541488964937476,
0.0102466293821091, -0.0655806602933816, -0.0386374441060174,
-0.0622248537409989, -0.00707332502226369, 0.0022985977353183,
-0.143719693462085, 0.0281588825665203, 0.0151752760877396,
0.0333321010106787, 0.159021875631004, 0.0339282552619359,
-0.00686167926541537, 0.0698563669546314, 0.0283578354520553,
0.153006839125428, 0.0412119942626536, -0.0668355475878797,
-0.00517180519699945, -0.0141514808170515, -0.0289453110797358,
0.00142272388900085, 0.0518410456200735, -0.0151966664186765,
0.0801507224535314, 0.0357885910753824, -0.092911173118312,
0.049354943418063, 0.0977907956455442, -0.0294713977347374,
0.0494015837170088, 0.0791087468697262, -0.012831428887943,
-0.0319780511769896, 0.015749862414291, 0.0341642096536989,
0.00470430178368213, 0.00180828876111501, -0.0118107270158313,
-0.154361077281875, 0.0518605794992189, -0.0419549246291819,
0.147994590361962, 0.019729922708685, 0.0840546284675385,
0.0748243872900706, -0.154167443177729, 0.0129449699657965,
-0.0696370317974689, 0.130169007171348, -0.0957309447108614,
-0.00807024418887348, -0.105305230582189, 0.00894372935661049,
0.0542880624560969, -0.230582925778019, 0.00576862932227511,
-0.0447645577753094, 0.0745241111309184, -0.0239884026093193,
-0.0890590068176129, 0.0782355829068525, -0.0742706261497324,
-0.153722460495629, 0.0661450894222639, 0.0814435431522986,
-0.194251926789553, -0.197049007781597, -0.0316599127386922,
0.0940076519216489, -0.00295021689662184, -0.0693353714516308,
-0.00556108223621501, -0.0212083816538985, -0.0634830065356689,
-0.166080487884756, 0.045326673195007, 0.0367037761652516,
0.0801932214863333, 0.131342737811046, -0.0731110690762532,
-0.19971759260294, -0.127490100525232, 0.0242322337073887,
-0.0559565799161031, 0.0837645052727353, -0.0219672286470651,
0.107505154389248, 0.0474752938325754, 0.0932267210212072,
0.0832552506850502, -0.0729251587006707, 0.0622235549940627,
0.0433851278361819, 0.0304740015007008, 0.0639148323242655,
-0.201984898194656, 0.0276659604010722, 0.0414951622941505,
-0.00974783063713603, -0.0681367820718786, -0.0313799587779402,
0.0327643127937454, 0.097888252687152, -0.0242393054842387,
-0.0211493333018858, -0.0163817735637181, 0.0573854925971126,
-0.051991561793351, -0.0488849742070226, -0.122610812797894,
0.0257978531355263, -0.0040402067806501, 0.0697501499779634,
0.00729493121239811, -0.0458320120715633, 0.0233128555557661,
0.0383364641944862, -0.0781447341615916, 0.0425981356283125,
-0.0660135466963691, 0.0708075430346944, 0.0485453817706494,
0.0142705406156968, 0.0541392721673505, 0.0617086311094962,
0.0656403603934053, -0.0132137530515832, -0.00104793046743702,
0.109845978175271, -0.0384064660593756, -0.233905175244733,
0.0107125206658387, 0.0569276326570965, 0.0073196071939511,
-0.0317655600697825, -0.0160703457931185, 0.042014688394877,
0.0545548299556347, -0.127666848190085, 0.064861629105826,
0.0687002830615716, -0.122031999786022, -0.0237206952989985,
0.00111830535546304, 0.105657415591866, 0.0899645246979325,
-0.0492301456062832, -0.195629289559868, -0.0397855964153435,
-0.0636294006313446, 0.0217148554555602, 0.0335459125407539,
-0.0713151757975931, -0.0154522366441747, 0.0486484826058653), PCo11 =
c(-0.0439255912327801, 0.0818441547011869, 0.00118367763668258,
-0.0120071652989498, -0.0513270830582351, -0.0279997886581553,
-0.0264008979096798, -0.0763214434928816, 0.207737130427083,
0.0362414067321668, 0.0358351514327299, -0.0838478072908455,
0.0160700171443778, 0.0140850474874635, -0.0434488682610946,
0.0468909106130624, -0.039481541104178, -0.0795569492549237,
-0.0975019144369537, 0.0541610425431579, -0.0607607623402228,
-0.0612552232040977, -0.0535606618342827, -0.0985331844671664,
-0.0463651783956355, 0.00942733802578931, -0.0181203132244356,
-0.192680138100713, -0.0462693048350203, -0.0181160150101355,
0.00879128400166916, -0.0174162499107274, 0.0534444933617493,
0.043104556237966, -0.0613449539205113, 0.0194533435618379,
0.0299109338194556, -0.0111199654049034, -0.289205880902648,
-0.0208961996469956, -0.0710293602299127, 0.0200005234688141,
-0.0257253778541982, 4.07403505793365e-05, -0.0574264424615312,
-0.0388183853686897, 0.00244146809566665, -0.110607912658816,
-0.0700009823508479, 0.0398568418426598, -0.00333373721209656,
0.0363267777675873, -0.0799662905982675, -0.05209790020356,
-0.0523438072770481, 0.0283734810825994, -0.016228350652717,
0.155757101785686, 0.027883941670195, 0.0319177289941486,
0.0304229483638489, -0.0083947359181817, 0.0780650692094056,
-0.0464043484576287, -0.0929611635890482, -0.0632247858629095,
0.146386221442495, -0.0802148515334829, -0.0457206078055294,
0.210708921904452, 0.00592320882178455, -0.0262883608206246,
0.0727886803371578, -0.0219597667760873, 0.0196120291143065,
-0.0826268910502786, 0.00304810564620623, 0.0775766284918121,
0.0236598348290911, -0.0211939137135297, 0.0169756468283472,
-0.064889586023625, -0.0528260592498328, -0.0111549636639146,
0.0111497814241634, 0.0189700246990759, 0.145213067888207,
-0.017270072976146, -0.0173102063075354, -0.0282306220089747,
-0.053959577568732, -0.0598689603936997, 0.0017314774428794,
0.0690177134996047, -0.0352264391156102, -0.0203279110088892,
0.10549521677013, 0.0537552600945701, -0.05063897634035,
-0.0205095592426901, -0.0222268068106223, 0.0563685907448108,
-0.00380473262435853, 0.0986093963293208, -0.0541466500175189,
0.0539399263856188, 0.00112260476863707, 0.0375084498499838,
0.0561400427882611, 0.0260119014045052, 0.114276082395155,
0.0327105391711134, 0.0204748449107508, 0.154758466636133,
0.16225482233425, 0.0089046718289349, -0.0828175940518307,
0.0139438907388747, 0.0811060017136125, 0.185907627799713,
0.203275494416076, 0.0245929097049549, 0.0800086519934054,
-0.0140716896437167, 0.0406911519538771, 0.0918185303195004,
-0.0481026106255034, -0.0510209939654855, -0.0625573537784846,
-0.0212017905237205, -0.00567654539025293, -0.0690346975098021,
0.0165345265812018, -0.0221996615707156, -0.0916233292798174,
-0.0281378493127849, 0.0501072628118405, -0.0330460330921711,
-0.0206524806044766, 0.159670175136346, 0.0451845528383539,
0.031590213681008, 0.00484110994724586, 0.07477705458038,
0.0723846114184486, 0.00326587410593245, -0.0160992842782976,
0.0190443820551118, -0.029530274125556, -0.072832344907031,
0.0152167572296903, 0.0287964231739464, -0.056011975281205,
0.0587800583803266, 0.0919894779065823, 0.0830323548570626,
0.0105114441717356, 0.0874833077010015, -0.178314546539493,
-0.0180252549749318, -0.0871533614022899, -0.0623217658213345,
-0.0563360158738007, 0.125833130583382, -0.0102094924577941,
0.163705375495014, -0.103175016441717, -0.00882317427291964,
0.0486333939730447, -0.126497860444361, -0.00981877487844076,
0.246082497643728, 0.170176296835424, -0.0676459371593298,
-0.0834856074954417, -0.0658799090473868, -0.0176056663694731,
0.0775867407887949, -0.0036605861695483, -0.0993455248481782,
0.153751923301172, -0.0195540048318211, 0.0433531611087779,
-0.0623184469848919, 0.0527532462489772, -0.0744101694585548,
-0.0385092344575359, 0.0846821866310095, 0.0707518724705149,
-0.0262798586057382, -0.0956750457881869, 0.208080387858224,
-0.0456426086947743, -0.00957625821673647, 0.0150625870242705,
-0.0451621227684536, -0.0426612785250654, 0.0765283741274645,
-0.111234041120718, 0.0498155690052267, -0.087469164426703,
-0.0217823838795369, -0.100072570542077, -0.0864135940332662,
0.00571775342384105, 0.199468495484723, 0.153268756987242,
-0.0518582672960962, -0.0256289653004553, -0.0308349965761303,
0.093745935055014, 0.0758805896918376, -0.0631311872326124,
0.00185738966765988, -0.0302621810926897, -0.0504816610272022,
-0.0159962056421316, -0.0472947514213119, 0.054805260685161,
0.0823926304130186, 0.0806723457518168, 0.0016231340437033,
0.105394391334097, -0.0423604414342981, -0.0264278709572591,
0.0676837791224172, -0.0239077287245206, 0.000708944825656417,
0.0089944723978299, -0.180272939524374, -0.0310621753451236,
0.0146808252217091, 0.0120662943194869, -0.0728268174782268,
-0.0785259632786285, -0.0178419185588526, 0.0562713288712751,
-0.0164231549130702, -0.0464178319725155, -0.0238265397264151,
0.0307022702019308, 0.0797544092009185, 0.000253430553398474,
-0.0513901904438608, 0.135917212170164, 0.00206641805351572,
0.115237614040196, -0.134604670989849, -0.016083048587236,
0.0380047223888003, 0.0318775327688928, -0.0387161566024202,
-0.00396938782280213, -0.0796370131048634, -0.0835676399547893,
0.0922373277748962, 0.00669626356718344, -0.0440248497722648,
-0.0607681475945714, -0.013049657641565, 0.0468449643252074,
-0.0713982804315959, -0.0332918856923075, -0.0414242105177905,
-0.0452726354942946, -0.0167766648978369, -0.0666337097119101,
-0.0206144890512047, -0.0189755036217707, -0.0493550106508281,
-0.0442850133300971, -0.0571762501189327, -0.0565320142744752,
-0.021634587749247, 0.0443923380063967, 0.00916322353918098,
-0.0612427018279417, 0.0438591952874758, 0.00615374453724992,
0.082342528066516, 0.0553603335396934, 0.133238270864936,
0.0169403539907411, 0.00317732955425273, 0.145233551511946,
-0.0113195028723292, -0.197185812306486, -0.0334292838373665,
0.0198249566057744, 0.0340832777919086, -0.206505545562739,
-0.0865979133991039, -0.0388538118495354, 0.0085730206888864,
-0.0553780852229468, 0.0275110955682987, -0.00935663768572127,
-0.00358777314627884, 0.00641983035282902, -0.0109769964625531,
-0.0694143411057073, 0.101794030306296, -0.0618613722787986,
0.0311697581712419, 0.0548121633194077, 0.00571820144280456,
0.157587177545786, 0.0968307777233669, -0.0408667991874501,
0.0259822223633289, 0.157107760913392, 0.0665029365886375,
0.00549352779806575, -0.0104326610401263, -0.0136328587276909,
0.0803134372648422, -0.0268444796940149, 0.0497643700098632,
-0.0305621497447161, 0.0914237180467171, -0.0833902273167547,
0.00644210734747023, 0.0288123748319023, -0.0932203265564116,
-0.00252499896456815, -0.00634789685464562, 0.00146030182451554,
0.0189641599192663, 0.0543535011644751, -0.0384589168598816,
-0.00912058038958485, -0.00435981677810529, 0.0154457629746018,
-0.0929166504549498, -0.0657519243075844, -0.173356330397871,
0.0362638956706619, -0.0127492037558256, -0.00555789205709987,
-0.0197907427376954, 0.230105169159372, -0.0354875814368674,
-0.0944704166053233, 0.175332192009854, 0.0347685555510015,
0.00123100536244326, 0.108974346502462, -0.0130592066695108,
0.028522356204604, 0.0121214111898036, -0.0560008484450563,
0.0465540767030363, 0.00729606133523116, 0.066121263685322,
-0.0550575032301816, 0.00597702972207798, 0.0347929626922897,
0.0783402627658177, -0.0319862490069116, 0.00208816626415461,
0.0655286024174746, 0.00145327612826585, 0.0306590746195801,
0.0424286536298064, 0.0515252645248266, -0.0659143184047367,
-0.0449392143304041, 0.00369354020745948, 0.0470792153298452,
0.00222254546239782, -0.0303523831741955, 0.145545234952229,
0.0201527024825259, -0.1058859896611, 0.0362098221246282,
0.0242727159917939, 0.11531590889569, -0.00124934859081188,
-0.123475016477289, 0.0212872428098013, 0.0340133186050307,
-0.0437397757789205, -0.067626199697618, -0.102297888535792,
0.0400612711953056, 0.13753513898433, 0.108616321515288,
-0.0133510414285873, 0.00293401045826787, 0.037189705197593,
0.0216336922623676, -0.0604918530330984, -0.0241956768221095,
-0.0204057998439989, -0.0229554019414415, 0.034894819921196,
0.047786275848024, -0.090301896149132, -0.0411509980106759,
0.0301730233118763, -0.0403953098786081, -0.0504125535185268,
-0.141154689819111, -0.0732311782344115, 0.0614864821435428,
-0.00926914041256446, 0.133350661403858, -0.0433895630172882,
0.0410748086872726, -0.0553695042588779, 0.0841962266144916,
-0.00625910521887523, -0.113578926799724, -0.156497874480182,
-0.0146219359642743, -0.066053689251032, 0.00121429739178446,
-0.0205046858290647, -0.0777622531730271, 0.0566665502464055,
-0.0361165675220415, 0.0519936426653171, 0.0156283305483173,
0.0226484483101946, 0.0357393311683428, -0.0284297027617732,
0.0203469229981361, -0.0572516938545863, 0.0217379319526144,
0.141794931170478, 0.0678710941274736, -0.0740752972823483,
0.0306539464937897, -0.0412604359730023, 0.0186041834853755,
0.056466476635785, -0.0280093424538794, -0.075895961630716,
0.0643782715742143, -0.00802599337594263, 0.000128590306706166,
0.0462175873136927, -0.0456031857688378, 0.0584227191170968,
-0.000388586751781399, 0.035845941723397, 0.0228819426649145,
-0.0659750617304977, -0.013669709907813, 0.160359113028637,
-0.0149324197235974, -0.0350145991380182, 0.0623703255194575,
-0.0274189129236471, -0.0966137131080147, -0.0445255583002756,
0.0303710103146254, -0.0735905986382907, -0.00178521071331464,
-0.087625196059271, -0.127500225423057, 0.0377887614883545,
0.0150794786856836, -0.0471807283281906, 0.0466606375071381,
0.0160649445792504, 0.00563904134915233, 0.071580359981628,
0.0348253240538895, 0.14460564013818, -0.0209279745461019,
0.187155472558808, 0.00840544650045797, -0.0279181943690344,
-0.0639444611548595, -0.0351879811548656, -0.150465512548151,
-0.0117434782917043, 0.0177886001616307, -0.0685535059892333,
-0.0454503048678056, 0.0271806271983454, -0.0654334329949052,
0.01808333374512, 0.0192015479975566, 0.030210893347773,
0.0209820291380194, -0.0133819569945324, 0.0250048634666475,
-0.0722431576494513, 0.0458215703944754, -0.0931737376339074,
-0.0973316335567315, 0.0170349864455701, -0.078609043507046,
-0.0867774869332218, -0.0296915473695747, -0.0357310920074451,
-0.0386358812302113, -0.083539337392202, -0.0181140833057525,
-0.0071485795958988, -0.0553207751831583, -0.000869595966929119,
-0.0123352745607902, 0.0571842707327994, 0.145363719194302,
0.00181563842090841, -0.00222044650579444, 0.00589620362948958,
0.0947077073787837, -0.162716664072047, 0.038933664087287,
-0.0266577763796204, -0.0610296834952429, 0.0776487493092196,
-0.0853292573104737, -0.00271290550654084, -0.0326306268780786,
0.0635992844401379, -0.00673074260125863, 0.0856559822686319,
0.00392504068751856, 0.0848815954185358, -0.0235107892751091,
-0.018164091650226, 0.0354082343432249, 0.00576463124505476,
-0.0194778725733176, -0.0781598047939879, 0.0410744011168926,
-0.0544140468851596, -0.0244824441148414, -0.0253998938468924,
0.00774589846909556, -0.0624505644872031), PCo12 = c(0.00688293480841131,
0.00830820601169296, -0.0499708833065966, -0.0440515953897676,
-0.0809088445857051, -0.02599940302288, -0.103790863370939,
-0.0389603983362112, -0.057718185047009, 0.0505204558582102,
0.0242755620886407, -0.0642726235347064, 0.0935270635791223,
0.0349652876462411, -0.0331057846257186, -0.00434055643093144,
0.0133055470332417, 0.0227672833274307, 0.00831136696137733,
0.101005410568151, 0.215587936329911, -0.00474081873533603,
-0.046626108467435, 0.270266538635485, -0.0267707172241478,
-0.0192027830335813, -0.0435278745506765, 0.000332872834290957,
-0.0275453749737644, 0.0561635180304354, 0.0540483987421562,
0.0695615715016497, 0.018016545240731, -0.0302266165257997,
-0.0865381806345581, -0.0225558481441356, -0.0166395211022244,
0.00696132782591357, 0.174311831777834, 0.00985037588559566,
0.0108436697254457, 0.0135977825646507, -0.0946668340094941,
-0.000483967570612729, -0.0236606905051545, 0.0349007172280637,
-0.111385776411308, 0.0163598526845982, 0.0876456362537505,
0.0414498897828671, -0.0168973547482358, -0.0419013200975328,
0.0175224601655257, 0.00522767964604511, -0.0397433243496976,
-0.00346771537713111, -0.0043782438447059, 0.013342868102771,
-0.00988387271290408, 0.11389912148686, 0.00345856577698931,
-0.00483034916049583, -0.0894770487778435, -0.103339179153171,
-0.0614121209362048, -0.0620200826342865, -0.0994679714939966,
0.112943680082927, -0.00586371074089285, -0.0709352561912266,
-0.0469433509777489, -0.0661743137772984, -0.0323388771791736,
-0.0613382871385003, 0.0221042378332185, -0.0255436799956749,
0.0332648577956977, 0.0380817828085876, 0.014002521067452,
-0.0340410522626747, 0.00717261222758617, 0.00851971344902724,
-0.00989302884275271, 0.102378837703016, -0.0882589061439953,
-0.0208360268370576, 0.0141669704647443, -0.0193539721584194,
-0.0298834235128048, 0.143826656701621, -0.122810908555824,
-0.0722048267206997, 0.0103642538206842, 0.0363407658815507,
0.00802517514354419, -0.0414567679618372, -0.00581651575855803,
0.0248331268255052, -0.0314167028204409, -0.0334720495576263,
0.0877207437801995, -0.126329969825814, 0.0525482210435119,
0.0614973221035676, 0.0708778022485992, 0.0325029193414548,
-0.106866187971124, -0.0128639831825766, -0.106641225673981,
0.071629111697547, 0.120912798798706, -0.0377773306090384,
0.0201412687230932, -0.00701634104992717, -0.0581377968403419,
-0.0206657332505022, -0.0287772408608117, -0.0572391863441209,
-0.0034066055693325, -0.0424792708677028, -0.0669098459708629,
-0.0581454588820892, 0.125221236841996, -0.0180705534937983,
0.0166356815814986, 0.0851052115047447, -0.13377634356374,
-0.0865659947340503, -0.0543414736536796, -0.057010744386953,
0.0361930593135944, 0.143797195824301, -0.0534101492954678,
-0.0644344238740399, 0.014343002079942, -0.0442014071708197,
0.0403187987833969, -0.0491845466470971, -0.041386222096973,
-0.113457463590652, 0.0227060487021777, 0.0179068495846662,
0.00592092201957851, 0.0407635724500186, 0.0822655762851505,
-0.0355938568411549, 0.0112968796638114, 0.0265886991439361,
0.0490477517919368, -0.0975938138701554, 0.00685492927561426,
0.0420443351363909, 0.0420787000736578, 0.080221842769954,
0.0178316173828815, 0.0287676151189184, 0.0312807455846235,
-0.0531044116856795, 0.00782586325700456, -0.00545164603116695,
0.0765434785298747, -0.0547317748808511, -0.0877144953930677,
0.0818858950335584, 0.0351733303291752, 0.0116154131496765,
-0.0755900526576409, 0.0124790696790024, -0.0683824682071503,
0.0211384685193269, -0.113349027684479, -0.035545348504439,
-0.0374175438230504, -0.00798603233872858, 0.025848538793358,
-0.0587182107194361, -0.0427294827158665, -0.0401429187536289,
0.0262189617478807, -0.0518491973207902, -0.089308953757993,
0.0364038245267571, 0.0122573063183504, -0.0545613636846006,
0.00568351096382716, 0.0156275102999812, -0.0181508708861889,
-0.014650625830121, -0.0359467517662947, 0.0649004040334805,
-0.0814663193367985, -0.0650917089511889, -0.0143123095514853,
-0.0983208796914312, 0.0239974925844883, 0.183946306946907,
0.142248408962247, -0.0271852771678519, 0.0479134810534998,
-0.0899995593994326, -0.0842716060220196, -0.0105112530618367,
-0.00975905057164268, -0.0561349344085014, -0.0142296996771051,
0.0250437462773956, -0.109130373851421, 0.00772375521871686,
-0.0651244349547907, 0.0615729211413055, 0.0424947736869969,
-0.0408897125375761, -0.0377842400184689, -0.0913932964114498,
0.0530616042925361, -0.0540702988573703, -0.0289684962484182,
0.00978821489281342, 0.00288565734584754, 0.123465841145386,
-0.042997180639698, -0.0199879274614826, 0.029201124222765,
0.106628333314654, -0.0200050845426278, 0.0300786413081658,
0.0683609822437535, 0.0200010619553629, -0.00767115836977928,
0.222357983497868, 0.130168035217546, -0.0373346568128333,
0.0247563363070669, 0.105921114259759, 0.0294101961557052,
-0.0587777953679674, -0.0549116698290548, 0.0148974176876581,
0.191036299069841, 0.0903037199361334, -0.0725879265953466,
-0.0939216787481756, 0.0124837549325467, -0.0274356511630267,
0.0324453829080814, 0.0473808947809743, -0.0582595016582389,
0.00878433072799499, -0.143896520025141, 0.0380607034724358,
-0.151299162499061, -0.00169331071851086, -0.0129605355471608,
-0.0921644687502895, 0.0232418464942742, -0.0953020660152638,
-0.00933419774911367, -0.0484065304905792, 0.0543143264584774,
-0.0599450061346438, -0.0314762714119513, 0.143380174243213,
-0.0926688403673796, -0.00895938084976565, -0.0286179383665272,
0.0216088482675589, 0.0625239366667944, -0.0521761179120008,
0.0147950972469353, -0.0942659655945326, -0.10009937817284,
0.0574277261259861, -0.0509739384836066, 0.0955740492454701,
-0.181902689457237, 0.0464194390214795, -0.0534984586114197,
0.0247183921686294, 0.0493614702236972, 0.128117617176729,
-0.0863230446906254, -0.0391354168084284, -0.0699392839848302,
-0.0303236047493412, 0.0569854782415292, -0.00010851145853459,
0.0637043301836065, 0.0527433387277954, -0.0736426787088849,
0.0459572003855385, 0.0549779838680815, -0.0149042835068053,
-0.0189621502252547, 0.0233595817050346, -0.281078562285035,
0.0414591502513432, -0.00863946743644704, 0.0794638094266296,
0.043188528749772, -0.0301820771556679, -0.0212575857870966,
0.0918452136617943, 0.0115982506386483, -0.0483216405524919,
0.0770639262613578, 0.00422033670878234, 0.0790595315108615,
0.00691865917532028, -0.0128724486690887, 0.0327396578973218,
0.0950635104721294, 0.00983863487553942, -0.0176095959510238,
0.0407629450505936, -0.0274333596806429, 0.0339446023765008,
-0.119314197252276, -0.000283172535783029, -0.0537123181802243,
-0.0656939931210476, -0.0605979657764041, 0.0298127496390199,
-0.0296377347148003, 0.0321711894005653, -0.0092916934655367,
-0.014792583336912, -0.0278480535013351, 0.0697527527982878,
0.111062867571951, -0.0431201463194962, -0.119216370991587,
-0.0229253531532272, -0.019137230498493, -0.0280824445962825,
0.0487340609363796, -0.16920784832478, 0.0326683298998647,
-0.0027883970754022, 0.0260482587893983, -0.0183672477713549,
0.00868098528945929, -0.0634558560463089, 0.00363162270789429,
-0.103217744303489, 0.0170908322180298, 0.0136860060988423,
0.148148810574132, 0.295433223555933, -0.0559395758863088,
0.0188439560793387, -0.0653759635505171, 0.00975348110321907,
-0.0203008878984288, 0.0263893822486336, 0.0141662671020977,
-0.0363326563354336, 0.0672652097898719, 0.0463274556171704,
-0.000239467203114557, 0.0246192899626245, 0.0473784953478217,
-0.0539783371903594, 0.0163992902598794, -0.036182877740732,
0.00606946638164998, -0.0335403811264256, -0.113150044339842,
0.083626222030583, 0.00508743239711619, 0.030535539439349,
0.110343800310432, 0.109612955564124, -0.00542365841982866,
0.0470439602567944, 0.0548524695312832, -0.0513055280504089,
0.0176537166533362, -0.00835177414246237, 0.112187786237259,
0.0197902156528638, 0.0136098655802592, -0.0908422063191664,
-0.0495480382775356, -0.0578329962682886, 0.0337634796565137,
0.0595631155738444, -0.00397711456788578, 0.108914744903242,
0.0146132437182183, 0.0311741537874925, -0.0849925884469279,
-0.0504224937097387, -0.0119732475788335, 0.0187556978145543,
-0.0113830283852973, -0.0105960347305383, 0.0274984165535448,
-0.0421791441612124, -0.113592253371292, 0.019464544862475,
0.0124318944098241, 0.0731826943604037, 0.302139776091408,
-0.0437056039022429, 0.100730954119413, -0.00448100234530525,
0.0314927745787515, 0.0015032433795821, 0.0639934269460531,
-0.0957127151153487, 0.0228833777923468, 0.00828834155624632,
-0.00802619979082395, -0.314235976614724, 0.0640000347999246,
0.0036410669795609, -0.057665608864105, 0.0721011654994337,
0.174392979940479, -0.0800024551246176, 0.0186691642853255,
0.137545409740433, -0.00078773081229773, 0.0151597097407813,
0.0201078655579764, -0.110328830599354, 0.0660384274352689,
-0.037484158990069, -0.0372975007242409, 0.103216058811689,
0.02487873681642, 0.13773231840886, -0.00667926911350516,
-0.0575546457907456, 0.0248090904262643, 0.0624091322397714,
-0.0537905913457523, -0.167250868976949, 0.00745753906315991,
0.0394900844150513, -0.086913297719458, -0.0461751519146976,
-0.0693261502604144, 0.0104861182648802, -0.0669690841237711,
0.0418463952416803, 0.0645580945313906, -0.151298852763234,
-0.0357515935139856, -0.0231172152375901, 0.156663172317558,
-0.0427578770155312, -0.0268641690567302, 0.0591851908756016,
0.0337772338061398, -0.000223451130840355, 0.0521978899699487,
-0.0312846755214789, -0.0152895797901727, -0.0571656329136161,
0.134446047481213, 0.085160595231482, 0.0390457294686822,
0.0304922177572385, 0.0204739406533647, 0.0641256152066737,
-0.00199574718833871, 0.0497440291974899, 0.034700538286717,
0.127541656942514, -9.67634056377949e-05, -0.0643479867085644,
0.030738269770698, 0.0293267098198578, -0.0273990165557971,
0.0318259727563949, -8.70885014792569e-05, -0.0109123801637836,
0.00917901126977485, 0.167838957525106, -0.0771396132756441,
-0.00482756950477258, -0.0244166479944835, 0.0880523476886785,
0.0212587950226035, 0.0165169691183047, -0.00546092010800889,
0.021463239334638, -0.0248743622000165, -0.0242783690821329,
-0.0576182231353395, -0.0950734914131278, -0.0290535379236712,
0.0204111736762114, -0.0778981992926215, 0.0804354347046238,
-0.00052415467526303, -0.0801604008187863, 0.117109874139964,
-0.0644705125195632, -0.0267045051509039, 0.0166087438977521,
0.0233422010632619, 0.0107785724181582, 0.0676943727955089,
-0.0896109646671354, -0.0828862933282054, 0.0232336108271341,
-0.01456838060515, 0.0205471978867491, 0.0320470667937734,
0.000738656130905581, -0.0645429233857772, -0.0180651624351318,
-0.0458287964774937, -0.0138964425936673, -0.0376326814709274,
-0.0355679050740284, -0.025338223877206, -0.0171304279775783,
0.0588339682524161, -0.0767613609210249, 0.0355057946830333,
0.0830536188251255, 0.0243152059791245, 0.0469739039982211,
-0.0173628505764882, 0.0629207533692619, 0.0121099736567074,
-0.0489107081291778, 0.0286123274879372, -0.0299615034293149,
-0.0494479792321708, 0.0169574699112005, 0.114806823341271,
-0.0481080664949355 ), PCo13 = c(-0.0555785900374114, 0.0800474771030346,
-0.0306143438752539, -0.00366656795506287, -0.0938800036865155,
-0.0228483015156071, 0.0726362437988387, -0.0649639537047671,
-0.0171430859027305, -0.101822437401939, -0.0554329222709742,
0.00591256839938352, -0.0161767235687585, 0.00741878909239386,
-0.0738508342234481, -0.015780635064794, 0.0691210253431963,
0.0927316922190567, -0.107881685213208, 0.0891677937670666,
-0.0103990922264871, 0.0180091922245845, 0.0534089980043211,
-0.0787622703566195, -0.148838106293882, 0.0403538727169721,
0.135570421656596, -0.0811116530881888, 0.0650573400486561,
-0.0991434730755534, 0.0823353191844318, 0.126245761968861,
0.0607406033274134, 0.000631993515457387, -0.170330920023119,
0.0689869699448134, 0.0326645269753472, -0.0103814984748703,
-0.141812575809257, -0.0737441338374213, -0.0434416585777743,
-0.0294016378350244, 0.041603579860596, 0.0559714363918637,
0.074456251368693, -0.0398945878606468, 0.0163921090435198,
-0.18698818635834, -0.0463480617208255, 0.0479275295429458,
-0.0573145165660766, 0.0174315090697906, -0.0266561059288948,
0.0839280089902634, 0.0217912582158123, -0.00676213008858434,
-0.0105193655062441, -0.0152513444501652, 0.0252709013964661,
0.0490307240211944, -0.0119766659457755, -0.0685263491243047,
-0.105895002154197, -0.090809800824876, -0.00247671921053743,
-0.0840965635426791, -0.0302093978912663, 0.0340026880405868,
-0.145660418614552, -0.00216313626177657, -0.0364678244496362,
-0.0533607554925166, 0.0467694302986633, -0.0159072416172219,
-0.075269008349774, -0.0486495404493718, 0.151031999956046,
-0.0372315007104629, 0.0142942176800949, 0.0149520829829159,
-0.0163907824614376, -0.191639893000905, 0.0464820528632833,
0.0201891403932567, 0.0508624475077763, 0.0100945653776725,
-0.0840882648181407, -0.00142466581751461, 0.0849062562145738,
-0.0257174737930055, 0.0375260892088057, -0.00608260117573911,
-0.0367721804461576, -0.0789818139312386, -0.0641491050922605,
-0.0524867021771392, 0.0563017886393336, 0.053955284595631,
0.107540335367929, -0.0150718108012544, 0.0702794025470916,
-0.0885923952741263, 0.00463459337499183, 0.0551177236940387,
-0.00830024706506534, 0.00571817312276621, -0.00695991556596295,
-0.0101074878651093, 0.0312479953611738, -0.00245002993258913,
-0.0986802060013989, 0.0382062022312449, -0.0497039922823414,
0.00680748360094635, -0.0790360632309109, -0.123866119106466,
0.0333477557914557, -0.0373595685965185, 0.00147353172488972,
0.0231229260929364, 0.00508634462697672, 0.0376519383907057,
0.116459430120152, -0.0274634365506763, 0.0101826259798377,
8.53911556890744e-05, -0.0613423808918752, -0.17302164440181,
-0.0965160785923236, -0.0383500309685121, 0.0339424654281031,
-0.0849749119628378, -0.0274312052759216, 0.0318792139053125,
0.0105881135913014, -0.0388883695374661, 0.0619804066217752,
-0.00768341977203932, -0.0563804076611981, -0.0510867476987836,
0.0603709856187963, -0.00694449048214667, 0.0709798520216658,
-0.0258547546426145, -0.0201972965649987, -0.0705271079520541,
-0.0106035906694515, -0.0610959330950171, 0.148316946542235,
0.0391682342867638, -0.0971469422608609, 0.0644847309399607,
0.0742874475785573, 0.0575223516015178, 0.00259225137794765,
-0.0831773281460942, 0.0896474061999269, -0.0505553557995807,
0.0121454544033581, -0.0235776544636903, -0.135709169060649,
0.00505696036057254, 0.0791361506825506, -0.0186770895645813,
0.0911957739236972, 0.00885029658043759, -0.0680225756723733,
-0.0170025964510259, -0.0870896226426973, 0.0411425173896111,
-0.103066130382285, 0.0136438988725394, -0.0801264110387941,
-0.0767578921659661, 0.0867488027258085, -0.0376190537194457,
-0.0054689147913468, 0.071513671144018, -0.030186136281291,
0.0499039162849294, -0.0548263110604114, -0.0464326115326257,
-0.0948721564314684, 0.042658744371823, 0.0177447572927284,
-0.113674003711169, 0.081632452357312, -0.00291924567439421,
0.0234204047058525, -0.077934195168147, -0.0192825126720064,
-0.0144923444894317, -0.10219228369087, -0.104164421146689,
-0.0309113673321103, 0.0314102788146752, -0.089503793286848,
0.0902911205013576, 0.014171244014361, 0.000670772354123148,
-0.0812535315743786, -0.00760513296742781, 0.0275327812784688,
-0.0103646986782039, 0.0400969925975702, -0.121981287516272,
-0.0534341446593942, 0.0516036263828265, -0.198834304671712,
0.121735485785925, -0.0180677986587448, -0.00632305394440098,
-0.0463439121869527, 0.0567048150728216, 0.0951456685675368,
-0.032963915998458, -0.0154824907447847, -0.0277398659938221,
-0.0345185140077427, 0.0757979164919835, 0.0480731338380188,
0.00190096446453912, 0.0349064420111769, -0.161833874689159,
-0.0383132171504572, 0.0373188939499417, -0.0750669845910347,
-0.0562396237997275, 0.126647974265083, -0.143718953812744,
0.0411469140723304, -0.0267212450018699, 0.0423416581725867,
0.00302535249747985, -0.00842078805744905, 0.0196152615435607,
-0.0541864290267608, 0.115435308417686, 0.0193193617552719,
0.101682428839337, 0.0528079582633515, 0.0576828022668802,
0.0176194966943023, -0.0316219459988154, -0.0387758959284259,
0.0145157192886649, -0.0832245225830883, -0.0172534694959914,
-0.052913607262063, -0.0425308707943867, 0.0535325233765358,
0.0381788409322136, 0.0139610766871723, -0.0088038918812718,
0.0698816839346279, 0.0664540590407094, 0.0637882667344164,
-0.0625699111714787, -0.0517168552265243, 0.0784331033884494,
-0.0229474968682052, -0.082055507932071, 0.00906441082593452,
-0.0402282190923824, 0.0653827899809587, 0.0842479862917128,
0.00758490724599615, -0.00497665823215489, -0.033156798841414,
0.112222216642515, -0.0935752459468009, 0.0190165860866691,
-0.0293641532564396, -0.09477999068588, -0.0666836040335677,
-0.0760313323880774, -0.0602033341247077, -0.165490094652395,
0.0513665989273377, 0.0257392725566258, 0.0976119954413686,
-0.109169661475292, -0.0273446518592605, -0.0509187791977418,
-0.0346761957845632, 0.0437647930456955, 0.101714508966852,
-0.0491940127728736, -0.0312175225850954, 0.014626876420716,
0.0980020737820108, 0.105855995400895, 0.00338870877175309,
-0.0198832662323388, 0.0553520693666488, -0.0295702102199471,
-0.0195767828848144, -0.0628005451376328, -0.0324555742135261,
0.048171454729726, -0.186370085968871, 0.122958095121819,
0.0426296220664299, 0.00339495992122409, -0.00939565075182979,
0.0322383659902298, -0.0840543729108554, -0.0137297773389177,
0.0461762987216674, 0.138153286209654, -0.0625103408160358,
0.10210997110553, -0.103680129835324, 0.0920495352221453,
0.176301939827586, -0.0420578340330986, -0.026135843439481,
0.0306139033889542, 0.0613580203278437, 0.0181629891574032,
0.0188911094276516, 0.0603380926205687, 0.0102285719590128,
0.0900202067835903, 0.0323015268263845, -0.0441481767175171,
-0.0446207784405785, -0.0359824470686994, 0.0121084473174955,
-0.111167765172598, 0.0672923311567716, -0.0648456347999306,
0.0818173607849357, 0.0772592889095144, 0.0614962066656234,
0.030658840186365, 0.139954411316302, -0.00723191826966395,
0.109042440967592, -0.092589395304556, -0.160461980720706,
-0.0122659648145911, 0.0697053802184251, -0.0583518848909221,
-0.0662685296243697, -0.0439542367240348, 0.0708241594458827,
0.00748278943536959, -0.0222154212907, 0.0248004523375997,
-0.0559097542787858, 0.0798470753115469, -0.0323313016026854,
0.0464467418476366, 0.139349753797786, -0.0273593194847464,
0.118748225526049, 0.0465915888375755, 0.0175369760479286,
-0.0692030173063722, 0.0253238341843966, 0.0731663381354899,
0.0581872152936192, 0.0840303733615731, -0.0264089763057026,
-0.00565533317510927, 0.0800443461850219, 0.0585635445103206,
0.0304002560428505, -0.111951761473772, -0.00483594099388402,
0.0575982122940644, 0.0341926054829129, 0.0883693737313075,
0.0428520858100222, 0.113046838803768, -0.190102463134878,
0.030889038592313, -0.119556539308458, 0.0612805348874061,
0.110733923136741, 0.0309700692257716, 0.0482932946292453,
-0.0603408023026486, -0.0293961518769333, -0.00412157932642403,
-0.043216160275126, 0.0842207181149633, -0.0542524338087809,
-0.0686968682551926, 0.0232768677087482, 0.0534244637629673,
-0.0489219709157899, -0.080711240942603, 0.0266941965612039,
0.0406576735826688, 0.076156403383824, 0.0695039229838493,
0.0644162069112941, 0.0842360274123216, -0.0512650988609442,
-0.044486822999961, -0.144083193708975, 0.0955095587288041,
0.0533992057923331, 0.0217424396488898, 0.00853549845866036,
0.00622906680855062, 0.13975392808405, 0.0529191263524833,
0.0693929179905643, -0.0656029306713576, 0.0548678521265888,
0.0145413648717642, -0.0869611498968711, 0.0258870117450816,
0.0244755322460012, -0.0739316954235065, -0.0783058105645524,
-0.010267388724664, 0.0299909586190988, -0.0706793422423887,
0.0665699947681838, -0.0384486777367406, -0.0156657576877619,
0.00626052361001244, 0.00953108218477895, -0.0159379180937578,
-0.00114697762536231, -0.097897000725543, 0.111917287232288,
-0.105388550911553, 0.0346958993678502, -0.134708395082259,
-0.0238107521710259, 0.0434598716403567, -0.0449662661356399,
0.112043686639601, 0.0972665002641208, -0.0144829649566661,
0.0630865643234945, 0.102133296180235, 0.046512568275814,
0.0701838698060436, 0.0682032609861241, 0.0457169098197078,
0.0170369759593155, -0.000852054409331047, 0.0432502375148892,
-0.0345079622989498, -0.0271946060472099, -0.0292347359924547,
0.112165222867951, -0.0154699102692187, 0.0899182651143055,
0.0433502209148653, 0.00724433644898228, -0.0388613686673291,
0.0172119437930516, -0.167272962743114, 0.085632321951653,
0.0577368438796315, 0.0238488299092804, 0.00308575924135384,
-0.0434278599956746, 0.0621736484196676, -0.0288755028754396,
0.0119316125970396, 0.0645055882254333, -0.033955781283162,
-0.0606126457256077, 0.00366769535344059, -0.0745024351000988,
0.0327181238364779, 0.0753404190058024, 0.0469545246316284,
0.0530630258147172, 0.0937523417753719, -0.0404561436530178,
-0.0294485569503473, -0.0118492474288757, -0.0125893633236089,
-0.0136321554568151, 0.0746464138240049, 0.108062254139166,
0.0424727163843105, 0.0502874632483653, -0.0265112979283412,
-0.0442685058525749, 0.0456093084390469, -0.03067708067599,
0.0186189359991296, -0.151137480100003, -0.0276578010972977,
0.0210447507052748, -0.0450851163608961, -0.00709895172480632,
-0.0200753688400001, 0.0624154595246561, 0.0324455119454617,
0.0891491263485979, 0.104955953568618, 0.0200034198444564,
0.0043335421980701, 0.0558476422137655, 0.0001242768126294,
-0.100539843458856, -0.018556355611694, 0.0533139956880239,
0.00425756384870431, 0.00517299433858207, 0.0301632262816488,
-0.0111590687579033, -0.0368785432913828, 0.0209951046664379,
-0.0474295741601576, 0.0487610313586595, -0.145832701608918,
0.00559876582123425, -0.0374105499043449, -0.0488482684668224,
-0.117356542517197, 0.0136341999730673, 0.122212298511391,
-0.0571326429767135, 0.0751080606903377, -0.00164709388018238,
-0.0631431729646714, 0.101111376657084, 0.0599137179092129,
-0.00383945669711291, 0.0228379694759959, -0.0144182973069834,
0.0164426321910701, 0.069561262968463, -0.0135327588963074), PCo14 =
c(0.0174153590676146, 0.0413027012778268, -0.0441487138230824,
-0.0398900461312647, -0.0325083785481877, -0.0504463982853254,
-0.00705097708045199, -0.0018570462619433, -0.115503119670376,
-0.0224910310806075, 0.0852720618034786, -0.149850991390949,
-0.0216242919863518, -0.0133670340897743, 0.0158113813490952,
0.0929764634735018, -0.00161669465253079, 0.0175958759298487,
-0.0413296703706358, 0.0469792244911352, -0.0700848806426629,
-0.0206028456378255, -0.00625230221037327, 0.0481196764840751,
-0.0276474270777573, 0.0496796922320494, 0.0264855145068694,
0.0789406333610075, 0.0451608081479335, -0.102236127031334,
-0.0466524258932588, -0.0160579069213616, -0.0239582899166265,
-0.0572409462141117, 0.0128945629102827, 0.0756419589265732,
-0.0141086228249544, -0.0643880738293498, -0.0615439994433684,
-0.026105025216543, -0.0659582579630019, -0.00476831889087218,
-0.0886889020989099, 0.00780521444962248, 0.0884330947453991,
-0.0419961771358605, -0.104776806907487, -0.00781215847040194,
-0.0433890965508152, 0.0239900291552907, -0.0311209244718894,
0.0464828650582025, 0.0800293322176667, -0.0625959393677013,
-0.0333341326250202, 0.041416234637639, -0.0280569583659385,
-0.0246046842461661, -0.0247222214967384, -0.0339063684765871,
0.0818375027852733, 0.00583611055239865, -0.00579040457932818,
-0.0231535979176365, -0.0132982327873878, 0.0235249554760768,
-0.0678548460645041, 0.105020072229252, -0.0618817426774042,
-0.105653133921041, -0.0304206996250661, 5.03425484123901e-05,
-0.0456379643800176, 0.0763709083001658, 0.0247035382562254,
0.0230960946531345, -0.0510532794582257, 0.0440021504370296,
0.0692275313462661, -0.0536839720145608, 0.00370071979704368,
0.0471996079309068, 0.00144209051718626, -0.12081310922667,
-0.137682041426921, -0.0131879100123561, 0.195832372883141,
0.0382893155971469, 0.123676182103837, -0.0386346167513559,
-0.0242350925886716, 0.0284202232963247, -0.033831207667824,
0.0174463200668065, 0.0137100254083139, 0.0765327348060253,
0.0529044744091932, 0.018692223898059, 0.0649438285677644,
0.0189430484036302, -0.0529859700800774, 0.0331381317135943,
-0.046066855765157, 0.0455363769375375, -0.155518570540275,
-0.0590512411938099, -0.00603971803900624, -0.0129840737260281,
0.0920981730922537, 0.0117665875016027, -0.0685523592795248,
0.0454720557700635, 0.0525496649568406, -0.158931853459657,
0.129573757306907, -0.070429065971749, 0.0336173373242555,
0.0610989389948555, -0.0391075933833191, -0.105804863666843,
-0.101487082197304, -0.00351204300245811, -0.0142756554167552,
0.0280910234800703, 0.0212234535058704, 0.0435963267724048,
-0.00568560560899736, 0.0184037991887856, -0.0433117599342355,
-0.029622843075754, 0.0594003412946852, -0.0289024537373094,
0.00188738854785975, 0.0667517617869526, 0.0244622024054032,
0.0309619896048336, -0.0969334582008469, -0.0406629404364521,
-0.0637571554799731, -0.0630490791265658, 0.0123773156516632,
-0.000915482972332427, 0.058146015714982, -0.102017427012468,
0.0197782746793509, -0.0290350854526771, -0.0237836106121899,
0.0220583105197937, -0.147156723436856, 0.0819406448437821,
0.019944854190777, -0.025428184704382, -0.0244686407570691,
-0.0107433311491471, 0.0268104830763069, -0.0148000697314094,
0.0630484410842759, 0.0425073200813227, -0.0400821971613121,
-0.0114557439208858, -0.0496067667942467, -0.0232471213534238,
0.0472284686097638, -0.0133090998362519, -0.111929045966305,
0.0215262306638603, 0.0234888942332901, -0.0616732378330984,
0.0298194889602362, 0.0560465174808, 0.044663379910426, -0.063960836437417,
-0.00295417621618107, 0.031078734834999, 0.00886936610569347,
-0.00717190768241646, -0.0441120180178349, 0.102717474781447,
-0.0573795182990409, -0.00911823956889705, -0.0565105079627319,
-0.0147924525234963, -0.00120222569450113, 0.0385553808890211,
0.0195368470407485, -0.00105492631231319, -0.0313212816072486,
0.0213208859909658, 0.0564951461142878, -0.0201389840445683,
0.0450454779994403, -0.0960467025878953, -0.0484120008151751,
-0.109411051965746, -0.0106482735319363, 0.114184303726657,
-0.0959855166800418, -0.0462212722920521, -0.0118894223031786,
-0.0129358957123647, -0.0549894502155061, -0.0369728282709618,
-0.00218816113685977, -0.121875101229584, 0.019905734816019,
0.115148911404711, -0.105651594410448, -0.0531747577754727,
0.0417846086656023, 0.0485766542880746, -0.0735554599335943,
-0.0776480369696033, -0.00179414608960741, 0.0141119522640749,
0.0424330291657672, 0.06324030944577, -0.0546883994992578,
-0.0122123169666167, 0.0084873659037418, -0.0497931842719052,
-0.00820924880160842, 0.0160283221925417, -0.0498129118950397,
-0.00997573755948857, -0.124824040486774, 0.0720989543591299,
-0.0602021686814504, 0.0370196434647337, 0.0893557945619474,
-0.00860352400218236, 0.0789784046328679, 0.0143608386717602,
-0.0176322733419955, 0.0733235513696486, 0.055642047080771,
0.0530981374077927, -0.0480597219909851, 0.0371674634349188,
-0.0340810020834232, -0.0299018019498445, 0.0932089974744064,
-0.0789481336020871, 0.0573131599069076, -0.067578659692991,
-0.038040237077477, -0.0280965797255931, -0.0805520496165286,
-0.0448702821961922, 0.0449195611227568, 0.0298217444385146,
0.0457256795556232, 0.0375916502140716, -0.0325940991196217,
-0.0185991807784937, 0.0342913544520244, -0.104436533283124,
0.0376905904358237, 0.0184019924525987, 0.105046280096676,
0.0820654664331288, 0.0931411196128111, 0.0271088698955047,
0.100997684695627, 0.0203476628622446, -0.0161886293525764,
-0.0116474272816675, 0.038125278258206, 0.107450751500628,
-0.0241626248694434, 0.0434911019578907, -0.00803407284735868,
0.0277550754569032, -0.00383987867038011, 0.0389189027277268,
-0.0645443460379691, -0.0027035975183808, 0.0103850810251156,
0.087180709427976, 0.0850398651859465, -0.0425034518240531,
-0.145416043208683, 0.117902420109807, -0.0399648245529656,
-0.0301342967045453, 0.0785925981489751, 0.00508861295856099,
-0.0186986705189313, 0.00497697455224176, 0.0845017297370148,
-0.054276102861663, -0.051536139938777, 0.0425521374274765,
0.0214450209464214, 0.0914387171500906, 0.141584925692863,
-0.00599652364034269, -0.0988971628221759, -0.0458872841990018,
0.071946284812085, 0.0492035465880798, 0.000161846971342834,
-0.018058678724361, -0.0453641084198586, 0.082040560528811,
-0.0200802271973501, -0.139070877101675, 0.0201028871341532,
0.0219669171330613, 0.0294432511309846, 0.0265186160289178,
0.111706976773794, 0.0143976186456964, 0.0593185447253872,
0.0354818418582179, 0.0257797309928148, -0.0250433140764644,
0.0907639504762968, -0.00376525649541505, 0.116067379110853,
0.066857026239609, 0.0582801127074686, 0.0193380156214997,
0.0164710900739371, -0.0282730083846384, 0.0159399207250961,
-0.0669219753679721, 0.0167493570199727, 0.00658885259166954,
0.0541280093778864, -0.0690609138582252, 0.0530133103980793,
-0.0289024851190058, -0.0170371796073925, 0.0142375443643043,
0.0412007024696125, -0.220960028125879, -0.042565914155971,
-0.0115302467438781, 0.0716289041791923, -0.0276494973009416,
0.182917710120914, 0.082619506927971, 0.110713817434722,
-0.0421775455181591, -0.0483557615677632, 0.026650046260704,
-0.0936808524204074, 0.0285453443323322, 0.0185293743054195,
0.0356338225892148, 0.0937838483344153, 0.0321039745321515,
-0.0247173398315544, -0.107482395405205, 0.0541022577986668,
0.0470402953902576, -0.0442273415041115, 0.0514185290939344,
-0.0574994383668943, -0.0304397993468112, 0.0104329702702446,
0.0691203267897206, 0.010097732499778, -0.0315484412831712,
0.0437438550965428, 0.0161804607672632, 0.0278233383202274,
-0.0266537441726751, -0.140965833111618, 0.0090687067204277,
-0.000629972919489586, 0.0499002448300198, 0.00077884451818602,
-0.000864064296663402, -0.0446385081705475, -0.023466626763498,
0.180160149988559, -0.0534189994943243, -0.105176326073562,
0.0391832868456765, -0.00279233419345456, -0.0438789333563784,
0.00605613575461142, -0.0196920658180782, -0.0629879678741029,
-0.0619833313187333, 0.0544840984701349, -0.0780675848701488,
0.0747817477593018, -0.0118653351201816, -0.0165609942085441,
-0.04980069167743, -0.0956503805330177, 0.0252371483413513,
0.0745752648730305, 0.0540294532286841, 0.0649902665721483,
-0.0688472775210937, -0.077945414907419, 0.0624034661992271,
0.0600952421652979, -0.0162132266775729, 0.099300054006288,
-0.0228971545791418, -0.00478812574382684, -0.087234976656721,
-0.0502307197312395, 0.0192215325812045, -0.0396573728915355,
0.0162658408026586, 0.0593841818832647, -0.0798898098073513,
-0.022066032721229, -0.104250197558532, -0.0766359302757612,
0.0506588128151906, -0.0889073929471763, -0.0174489173238749,
0.013643365108894, 0.0330860443287477, -0.0238037768886778,
-0.0247501616546052, 0.0436123129277434, 0.0114964964324098,
-0.0125461581059879, -0.0193416748945646, 0.0221359056188152,
-0.0516776637125579, 0.00491259149149313, -0.00355661816381538,
-0.0650408824814731, -0.0341535523847087, 0.165592922045175,
-0.0263630558839072, -0.0185468170408689, 0.040040523146043,
0.0341008768226709, 0.0520344815696819, 0.0278972750484796,
0.0443207337120942, -0.0845278519959068, 0.0251039129680707,
-0.0271386739674441, -0.00999372614325445, -0.0950137781393897,
0.0720107457135541, 0.101318582550159, 0.0567176744879529,
-0.117966856638478, 0.11261058370507, -0.12900972140156, 0.108701568327433,
-0.00154123138833041, 0.0286761156815092, -0.0259196238200402,
-0.0190175813527124, 0.0631668647314825, 0.0197611709567447,
-0.0361341782642075, 0.0094428669806277, -0.0722586662015415,
0.0324321672806533, -0.0228852639097686, 0.0211657732304383,
-0.0187845468213249, -0.0107698471822266, -0.0469059718036411,
0.0546884083081236, 0.00935896654073645, -0.0425864477135507,
0.00292281716902527, -0.0558642438004859, 0.00835106300523539,
-0.0393616781857513, 0.0599276335418761, 0.0122939591776924,
0.120252800724087, 0.0677212478090204, -0.0137291687792809,
-0.0302535012882954, 0.103690416403356, 0.00736373160903249,
0.00987394511964094, -0.020243082096637, -0.0314489819230226,
0.0385348788355148, -0.0427111242401419, 0.0354298789292201,
0.066512318672717, 0.0705092641090475, 0.0431601341308654,
0.079562853445312, -0.0843614717466347, 0.0376203066446441,
0.032649738078819, -0.0526731765037027, -0.00715472987671527,
0.0222340793357188, 0.0110870292429818, 0.0368201695944077,
-0.105989613188739, 0.00896155204005081, -0.00565183178006618,
0.00690023988716861, 0.0444131407550253, -0.0644875621858211,
0.0292236944737634, -0.0281440415761463, -0.0749389397863535,
0.0166522349951662, 0.00132808314743567, 0.0465477870912205,
-0.0931056603216243, -0.0699089065799919, 0.0659871777466863,
0.00811850076798457, -0.0051513536058119, 0.00183935585935107,
-0.0243801079770069, 0.0744058201362434, 0.0541808480802346,
-0.030176025649379, -0.0212150430045148, -0.0329735872446378,
0.018111599957372, 0.0104383502364311, -0.00228050181097535,
-0.0230684686888594, 0.00730177520825011, -0.0349203649033211,
-0.0424834171045279, -0.000722105080010546, 0.0163066141223642,
0.0122212677397645, 0.0403702217475849, 0.00210585820331426)), class =
"data.frame", row.names = c("ZJH_N12_1_4", "N22_2_2", "N38_1_2",
"ZJH_N36_2_2", "N42_1_2", "N38_2_2", "N11_2_4", "ZJH_N14_1_2",
"ZJH_N39_2_4", "N33_1_3", "ZJH_N11_2_4", "N04_2_3", "N22_1_3",
"ZJH_N57_1_4", "ZJH_N13_2_3", "N56_1_2", "N41_1_3", "N21_1_4", "N66_1_4",
"N14_2_3", "N31_1_4", "N35_2_3", "ZJH_N25_1_2", "ZJH_N25_2_4",
"ZJH_N21_1_4", "ZJH_N38_1_2", "N15_2_3", "N34_2_4", "ZJH_N23_1_3",
"ZJH_N33_2_4", "ZJH_N48_1_3", "N13_1_2", "N28_1_2", "N42_2_4",
"ZJH_N27_1_4", "N25_2_4", "ZJH_N58_2_2", "ZJH_N59_1_3", "N07_1_4",
"ZJH_N14_2_3", "N31_2_2", "N47_2_2", "N60_2_4", "ZJH_N16_1_2",
"ZJH_N31_2_3", "N13_2_2", "N46_2_4", "N32_1_2", "N24_2_3", "N64_1_2",
"N53_1_2", "N51_1_2", "N63_2_4", "ZJH_N34_1_2", "ZJH_N33_2_2",
"ZJH_N17_2_3", "N30_2_2", "ZJH_N15_1_4", "ZJH_N16_2_3", "N54_1_3",
"ZJH_N12_1_3", "ZJH_N51_1_4", "N06_1_3", "N39_1_2", "ZJH_N54_2_2",
"ZJH_N14_1_3", "ZJH_N28_1_4", "N01_2_4", "ZJH_N48_1_4", "ZJH_N28_2_4",
"N47_1_4", "ZJH_N46_2_2", "N60_2_3", "N57_2_4", "ZJH_N23_2_3",
"ZJH_N55_2_4", "N09_1_2", "N66_1_3", "N17_2_2", "ZJH_N52_2_3", "N18_2_2",
"ZJH_N26_2_4", "ZJH_N38_1_3", "N41_1_2", "N43_2_4", "N31_1_2", "N51_2_3",
"ZJH_N55_2_3", "ZJH_N19_1_2", "N29_1_3", "N31_2_4", "N62_1_4",
"ZJH_N51_2_4", "ZJH_N58_1_4", "N14_1_2", "ZJH_N18_1_4", "N67_1_2",
"N28_1_4", "ZJH_N26_1_2", "ZJH_N36_2_3", "N45_2_3", "N36_1_4", "N04_1_2",
"N57_1_3", "N30_1_3", "N56_1_3", "N34_2_2", "N02_2_2", "N62_2_3",
"N21_1_2", "N33_2_4", "N42_1_4", "N27_1_2", "ZJH_N55_1_4", "N61_2_4",
"ZJH_N14_1_4", "ZJH_N10_1_2", "N68_1_4", "N28_2_4", "ZJH_N49_1_4",
"ZJH_N47_1_4", "N54_1_4", "N13_2_3", "N01_1_3", "N52_1_3", "N66_2_2",
"N40_1_3", "ZJH_N13_1_4", "ZJH_N59_2_4", "ZJH_N18_1_2", "ZJH_N35_1_2",
"ZJH_N27_2_4", "N63_1_4", "N24_1_2", "N60_1_4", "ZJH_N24_2_4",
"ZJH_N58_2_3", "N38_1_3", "N35_1_2", "ZJH_N29_1_4", "ZJH_N58_1_2",
"N02_1_2", "N20_1_2", "ZJH_N51_2_3", "N53_2_2", "N54_1_2", "ZJH_N10_2_2",
"N08_2_2", "N11_1_3", "N17_1_4", "N44_1_4", "N16_2_2", "ZJH_N43_2_3",
"N29_1_4", "N65_1_3", "N58_2_4", "N44_1_2", "N63_2_2", "N30_1_4",
"N40_2_3", "ZJH_N22_2_4", "ZJH_N22_2_2", "N23_2_4", "N20_2_4",
"ZJH_N59_2_3", "N63_1_3", "ZJH_N46_2_4", "N29_2_3", "N64_2_2", "N41_2_3",
"N48_1_4", "ZJH_N25_1_4", "N17_2_4", "N13_1_3", "N03_1_4", "ZJH_N47_1_2",
"N52_2_4", "N20_1_4", "ZJH_N42_2_3", "ZJH_N54_1_3", "ZJH_N39_1_4",
"N25_2_2", "ZJH_N20_2_4", "ZJH_N33_1_2", "N59_1_2", "ZJH_N36_2_4",
"ZJH_N57_1_2", "N60_2_2", "N61_2_2", "ZJH_N14_2_4", "ZJH_N22_1_4",
"ZJH_N54_1_4", "ZJH_N13_2_4", "N38_1_4", "N55_1_2", "N61_1_4",
"ZJH_N30_2_4", "N22_2_4", "ZJH_N22_2_3", "N62_2_2", "ZJH_N12_1_2",
"N46_1_3", "N41_2_4", "N04_1_3", "ZJH_N27_2_2", "N14_2_4", "ZJH_N31_1_4",
"N11_1_4", "ZJH_N11_1_4", "ZJH_N28_1_2", "N44_2_4", "N38_2_3",
"ZJH_N28_2_2", "N60_1_2", "N13_1_4", "ZJH_N31_2_4", "N52_1_4",
"ZJH_N59_1_4", "N47_2_4", "ZJH_N27_2_3", "ZJH_N56_2_2", "N22_1_4",
"N44_2_3", "ZJH_N32_1_4", "N37_1_4", "N55_2_3", "ZJH_N10_2_3", "N20_1_3",
"N64_2_4", "N68_2_4", "N55_1_4", "N51_2_2", "N61_1_2", "N08_1_4",
"N17_1_3", "ZJH_N52_2_2", "N65_1_4", "N29_1_2", "N16_1_4", "N10_1_2",
"N23_1_4", "ZJH_N49_2_4", "ZJH_N26_2_2", "ZJH_N49_2_2", "ZJH_N17_1_4",
"N27_2_3", "ZJH_N23_1_4", "N26_1_4", "N36_2_4", "N52_2_2", "N10_1_4",
"ZJH_N47_2_3", "N25_1_4", "ZJH_N37_1_2", "N42_2_3", "N15_2_4",
"ZJH_N17_2_2", "ZJH_N18_1_3", "N67_1_4", "N21_2_4", "N55_2_2",
"ZJH_N48_2_4", "N56_1_4", "ZJH_N50_1_3", "ZJH_N47_2_2", "ZJH_N48_2_2",
"N21_1_3", "N54_2_4", "N07_1_2", "N22_2_3", "N40_1_2", "N34_2_3",
"N37_1_3", "ZJH_N12_2_4", "N05_2_4", "ZJH_N17_2_4", "N37_1_2", "N08_2_3",
"N42_2_2", "N49_2_3", "N06_1_4", "N14_1_4", "ZJH_N21_2_2", "N46_2_2",
"N57_1_2", "ZJH_N11_2_2", "N45_1_3", "N28_2_3", "N07_2_3", "N58_1_2",
"N04_2_4", "N30_2_4", "N46_2_3", "N05_2_2", "N10_2_4", "N67_2_2",
"ZJH_N53_2_2", "ZJH_N50_1_4", "N48_1_3", "ZJH_N45_2_2", "ZJH_N36_1_4",
"ZJH_N58_1_3", "ZJH_N32_2_2", "N05_1_2", "N53_2_3", "N38_2_4", "N58_2_3",
"N66_1_2", "N03_2_3", "N15_2_2", "N54_2_3", "N21_2_2", "ZJH_N52_1_4",
"N25_1_3", "N16_2_3", "N52_2_3", "N64_1_4", "N62_1_2", "ZJH_N54_1_2",
"N40_1_4", "N07_2_4", "N10_2_2", "N36_2_2", "ZJH_N49_1_2", "N16_1_2",
"N49_1_2", "N40_2_4", "N39_2_2", "N68_2_2", "N08_1_2", "N36_2_3",
"ZJH_N21_1_2", "N02_2_3", "ZJH_N23_1_2", "N18_1_4", "N04_1_4", "N07_2_2",
"ZJH_N51_1_3", "N14_1_3", "N45_2_2", "N66_2_3", "ZJH_N23_2_2", "N55_2_4",
"ZJH_N19_2_4", "N51_2_4", "N47_1_2", "N53_1_3", "N32_1_4", "N67_1_3",
"N48_2_2", "ZJH_N22_1_3", "N21_2_3", "N43_1_4", "N23_2_3", "ZJH_N20_2_3",
"ZJH_N56_2_3", "N29_2_4", "N40_2_2", "ZJH_N32_1_2", "N50_2_2", "N44_2_2",
"ZJH_N16_1_3", "ZJH_N24_2_2", "N19_2_4", "N50_1_3", "N10_1_3", "N41_1_4",
"N61_1_3", "N45_2_4", "N49_2_2", "N08_2_4", "N12_1_3", "N24_1_4",
"N02_2_4", "N63_1_2", "N16_2_4", "ZJH_N23_2_4", "N31_1_3", "N30_1_2",
"N48_1_2", "N17_2_3", "N50_2_4", "ZJH_N11_1_2", "ZJH_N17_1_2", "N23_2_2",
"ZJH_N58_2_4", "N63_2_3", "N11_2_3", "N47_1_3", "N49_2_4", "N01_1_2",
"N19_1_4", "ZJH_N14_2_2", "N27_1_3", "ZJH_N25_2_2", "N24_1_3",
"ZJH_N12_2_2", "ZJH_N40_1_2", "N45_1_4", "ZJH_N15_1_2", "N11_1_2",
"N53_2_4", "ZJH_N30_1_4", "ZJH_N29_1_2", "N22_1_2", "N43_1_3",
"ZJH_N53_1_4", "ZJH_N30_2_3", "N19_1_3", "N39_2_4", "N01_2_2",
"ZJH_N16_2_4", "ZJH_N13_1_2", "N05_1_4", "ZJH_N18_2_3", "N15_1_3",
"ZJH_N55_2_2", "ZJH_N10_2_4", "ZJH_N50_2_4", "N64_2_3", "ZJH_N28_2_3",
"N32_2_4", "N09_2_2", "N58_1_4", "N09_2_4", "N35_1_4", "N68_2_3",
"ZJH_N46_1_2", "ZJH_N56_2_4", "N27_1_4", "N50_2_3", "N49_1_4", "N57_1_4",
"ZJH_N54_2_4", "N43_1_2", "N67_2_3", "N45_1_2", "N10_2_3", "N06_1_2",
"N47_2_3", "ZJH_N55_1_2", "N24_2_4", "N43_2_3", "N59_1_3", "N15_1_2",
"ZJH_N31_2_2", "N59_1_4", "N62_2_4", "N39_1_3", "N12_1_4", "ZJH_N18_2_4",
"ZJH_N41_1_4", "N27_2_4", "N19_2_3", "N15_1_4", "N67_2_4", "N46_1_2",
"ZJH_N21_2_4", "ZJH_N18_2_2", "N08_1_3", "ZJH_N55_1_3", "N64_1_3",
"N58_1_3", "N09_1_3", "N68_1_2", "N18_1_2", "N29_2_2", "N16_1_3",
"N01_2_3", "N33_2_3", "ZJH_N50_2_2", "ZJH_N24_1_4", "N11_2_2",
"ZJH_N42_2_2", "ZJH_N19_2_2", "N02_1_4", "N65_2_4", "ZJH_N30_1_3",
"N19_2_2", "ZJH_N50_2_3", "N66_2_4", "N57_2_2", "ZJH_N56_1_2", "N04_2_2",
"N39_1_4", "N03_2_2", "N43_2_2", "N19_1_2", "N65_2_2", "ZJH_N11_2_3",
"N61_2_3", "N13_2_4", "ZJH_N42_1_4", "N20_2_2", "ZJH_N46_2_3",
"ZJH_N53_2_4", "N37_2_4", "N35_2_2", "N03_2_4", "ZJH_N24_1_2",
"ZJH_N53_2_3", "N18_1_3", "ZJH_N39_2_3", "ZJH_N13_2_2", "N01_1_4",
"N48_2_4", "N18_2_4", "N41_2_2", "ZJH_N20_2_2", "N25_1_2", "N54_2_2",
"N35_2_4", "ZJH_N16_2_2", "N36_1_2", "N39_2_3", "N65_1_2", "ZJH_N36_1_2",
"ZJH_N52_2_4", "ZJH_N51_1_2", "N58_2_2", "N17_1_2", "N05_2_3", "N57_2_3",
"ZJH_N24_2_3", "N14_2_2", "N07_1_3", "N32_1_3", "N32_2_3", "N65_2_3",
"ZJH_N31_1_2", "N68_1_3", "N48_2_3", "N53_1_4", "N51_1_3", "N12_1_2",
"ZJH_N39_2_2")), Y = structure(list( Location_Cincinnati = c(0L, 1L, 1L,
0L, 1L, 1L, 1L, 0L, 0L, 1L, 0L, 1L, 1L, 0L, 0L, 1L, 1L, 1L, 1L, 1L, 1L, 1L,
0L, 0L, 0L, 0L, 1L, 1L, 0L, 0L, 0L, 1L, 1L, 1L, 0L, 1L, 0L, 0L, 1L, 0L, 1L,
1L, 1L, 0L, 0L, 1L, 1L, 1L, 1L, 1L, 1L, 1L, 1L, 0L, 0L, 0L, 1L, 0L, 0L, 1L,
0L, 0L, 1L, 1L, 0L, 0L, 0L, 1L, 0L, 0L, 1L, 0L, 1L, 1L, 0L, 0L, 1L, 1L, 1L,
0L, 1L, 0L, 0L, 1L, 1L, 1L, 1L, 0L, 0L, 1L, 1L, 1L, 0L, 0L, 1L, 0L, 1L, 1L,
0L, 0L, 1L, 1L, 1L, 1L, 1L, 1L, 1L, 1L, 1L, 1L, 1L, 1L, 1L, 0L, 1L, 0L, 0L,
1L, 1L, 0L, 0L, 1L, 1L, 1L, 1L, 1L, 1L, 0L, 0L, 0L, 0L, 0L, 1L, 1L, 1L, 0L,
0L, 1L, 1L, 0L, 0L, 1L, 1L, 0L, 1L, 1L, 0L, 1L, 1L, 1L, 1L, 1L, 0L, 1L, 1L,
1L, 1L, 1L, 1L, 1L, 0L, 0L, 1L, 1L, 0L, 1L, 0L, 1L, 1L, 1L, 1L, 0L, 1L, 1L,
1L, 0L, 1L, 1L, 0L, 0L, 0L, 1L, 0L, 0L, 1L, 0L, 0L, 1L, 1L, 0L, 0L, 0L, 0L,
1L, 1L, 1L, 0L, 1L, 0L, 1L, 0L, 1L, 1L, 1L, 0L, 1L, 0L, 1L, 0L, 0L, 1L, 1L,
0L, 1L, 1L, 0L, 1L, 0L, 1L, 0L, 0L, 1L, 1L, 0L, 1L, 1L, 0L, 1L, 1L, 1L, 1L,
1L, 1L, 1L, 1L, 0L, 1L, 1L, 1L, 1L, 1L, 0L, 0L, 0L, 0L, 1L, 0L, 1L, 1L, 1L,
1L, 0L, 1L, 0L, 1L, 1L, 0L, 0L, 1L, 1L, 1L, 0L, 1L, 0L, 0L, 0L, 1L, 1L, 1L,
1L, 1L, 1L, 1L, 0L, 1L, 0L, 1L, 1L, 1L, 1L, 1L, 1L, 0L, 1L, 1L, 0L, 1L, 1L,
1L, 1L, 1L, 1L, 1L, 1L, 1L, 1L, 0L, 0L, 1L, 0L, 0L, 0L, 0L, 1L, 1L, 1L, 1L,
1L, 1L, 1L, 1L, 1L, 0L, 1L, 1L, 1L, 1L, 1L, 0L, 1L, 1L, 1L, 1L, 0L, 1L, 1L,
1L, 1L, 1L, 1L, 1L, 0L, 1L, 0L, 1L, 1L, 1L, 0L, 1L, 1L, 1L, 0L, 1L, 0L, 1L,
1L, 1L, 1L, 1L, 1L, 0L, 1L, 1L, 1L, 0L, 0L, 1L, 1L, 0L, 1L, 1L, 0L, 0L, 1L,
1L, 1L, 1L, 1L, 1L, 1L, 1L, 1L, 1L, 1L, 1L, 1L, 0L, 1L, 1L, 1L, 1L, 1L, 0L,
0L, 1L, 0L, 1L, 1L, 1L, 1L, 1L, 1L, 0L, 1L, 0L, 1L, 0L, 0L, 1L, 0L, 1L, 1L,
0L, 0L, 1L, 1L, 0L, 0L, 1L, 1L, 1L, 0L, 0L, 1L, 0L, 1L, 0L, 0L, 0L, 1L, 0L,
1L, 1L, 1L, 1L, 1L, 1L, 0L, 0L, 1L, 1L, 1L, 1L, 0L, 1L, 1L, 1L, 1L, 1L, 1L,
0L, 1L, 1L, 1L, 1L, 0L, 1L, 1L, 1L, 1L, 0L, 0L, 1L, 1L, 1L, 1L, 1L, 0L, 0L,
1L, 0L, 1L, 1L, 1L, 1L, 1L, 1L, 1L, 1L, 1L, 0L, 0L, 1L, 0L, 0L, 1L, 1L, 0L,
1L, 0L, 1L, 1L, 0L, 1L, 1L, 1L, 1L, 1L, 1L, 0L, 1L, 1L, 0L, 1L, 0L, 0L, 1L,
1L, 1L, 0L, 0L, 1L, 0L, 0L, 1L, 1L, 1L, 1L, 0L, 1L, 1L, 1L, 0L, 1L, 1L, 1L,
0L, 0L, 0L, 1L, 1L, 1L, 1L, 0L, 1L, 1L, 1L, 1L, 1L, 0L, 1L, 1L, 1L, 1L, 1L,
0L), Location_Hangzhou = c(1L, 0L, 0L, 1L, 0L, 0L, 0L, 1L, 1L, 0L, 1L, 0L,
0L, 1L, 1L, 0L, 0L, 0L, 0L, 0L, 0L, 0L, 1L, 1L, 1L, 1L, 0L, 0L, 1L, 1L, 1L,
0L, 0L, 0L, 1L, 0L, 1L, 1L, 0L, 1L, 0L, 0L, 0L, 1L, 1L, 0L, 0L, 0L, 0L, 0L,
0L, 0L, 0L, 1L, 1L, 1L, 0L, 1L, 1L, 0L, 1L, 1L, 0L, 0L, 1L, 1L, 1L, 0L, 1L,
1L, 0L, 1L, 0L, 0L, 1L, 1L, 0L, 0L, 0L, 1L, 0L, 1L, 1L, 0L, 0L, 0L, 0L, 1L,
1L, 0L, 0L, 0L, 1L, 1L, 0L, 1L, 0L, 0L, 1L, 1L, 0L, 0L, 0L, 0L, 0L, 0L, 0L,
0L, 0L, 0L, 0L, 0L, 0L, 1L, 0L, 1L, 1L, 0L, 0L, 1L, 1L, 0L, 0L, 0L, 0L, 0L,
0L, 1L, 1L, 1L, 1L, 1L, 0L, 0L, 0L, 1L, 1L, 0L, 0L, 1L, 1L, 0L, 0L, 1L, 0L,
0L, 1L, 0L, 0L, 0L, 0L, 0L, 1L, 0L, 0L, 0L, 0L, 0L, 0L, 0L, 1L, 1L, 0L, 0L,
1L, 0L, 1L, 0L, 0L, 0L, 0L, 1L, 0L, 0L, 0L, 1L, 0L, 0L, 1L, 1L, 1L, 0L, 1L,
1L, 0L, 1L, 1L, 0L, 0L, 1L, 1L, 1L, 1L, 0L, 0L, 0L, 1L, 0L, 1L, 0L, 1L, 0L,
0L, 0L, 1L, 0L, 1L, 0L, 1L, 1L, 0L, 0L, 1L, 0L, 0L, 1L, 0L, 1L, 0L, 1L, 1L,
0L, 0L, 1L, 0L, 0L, 1L, 0L, 0L, 0L, 0L, 0L, 0L, 0L, 0L, 1L, 0L, 0L, 0L, 0L,
0L, 1L, 1L, 1L, 1L, 0L, 1L, 0L, 0L, 0L, 0L, 1L, 0L, 1L, 0L, 0L, 1L, 1L, 0L,
0L, 0L, 1L, 0L, 1L, 1L, 1L, 0L, 0L, 0L, 0L, 0L, 0L, 0L, 1L, 0L, 1L, 0L, 0L,
0L, 0L, 0L, 0L, 1L, 0L, 0L, 1L, 0L, 0L, 0L, 0L, 0L, 0L, 0L, 0L, 0L, 0L, 1L,
1L, 0L, 1L, 1L, 1L, 1L, 0L, 0L, 0L, 0L, 0L, 0L, 0L, 0L, 0L, 1L, 0L, 0L, 0L,
0L, 0L, 1L, 0L, 0L, 0L, 0L, 1L, 0L, 0L, 0L, 0L, 0L, 0L, 0L, 1L, 0L, 1L, 0L,
0L, 0L, 1L, 0L, 0L, 0L, 1L, 0L, 1L, 0L, 0L, 0L, 0L, 0L, 0L, 1L, 0L, 0L, 0L,
1L, 1L, 0L, 0L, 1L, 0L, 0L, 1L, 1L, 0L, 0L, 0L, 0L, 0L, 0L, 0L, 0L, 0L, 0L,
0L, 0L, 0L, 1L, 0L, 0L, 0L, 0L, 0L, 1L, 1L, 0L, 1L, 0L, 0L, 0L, 0L, 0L, 0L,
1L, 0L, 1L, 0L, 1L, 1L, 0L, 1L, 0L, 0L, 1L, 1L, 0L, 0L, 1L, 1L, 0L, 0L, 0L,
1L, 1L, 0L, 1L, 0L, 1L, 1L, 1L, 0L, 1L, 0L, 0L, 0L, 0L, 0L, 0L, 1L, 1L, 0L,
0L, 0L, 0L, 1L, 0L, 0L, 0L, 0L, 0L, 0L, 1L, 0L, 0L, 0L, 0L, 1L, 0L, 0L, 0L,
0L, 1L, 1L, 0L, 0L, 0L, 0L, 0L, 1L, 1L, 0L, 1L, 0L, 0L, 0L, 0L, 0L, 0L, 0L,
0L, 0L, 1L, 1L, 0L, 1L, 1L, 0L, 0L, 1L, 0L, 1L, 0L, 0L, 1L, 0L, 0L, 0L, 0L,
0L, 0L, 1L, 0L, 0L, 1L, 0L, 1L, 1L, 0L, 0L, 0L, 1L, 1L, 0L, 1L, 1L, 0L, 0L,
0L, 0L, 1L, 0L, 0L, 0L, 1L, 0L, 0L, 0L, 1L, 1L, 1L, 0L, 0L, 0L, 0L, 1L, 0L,
0L, 0L, 0L, 0L, 1L, 0L, 0L, 0L, 0L, 0L, 1L), SampleType_Axilla = c(0L, 1L,
1L, 1L, 1L, 1L, 0L, 1L, 0L, 0L, 0L, 0L, 0L, 0L, 0L, 1L, 0L, 0L, 0L, 0L, 0L,
0L, 1L, 0L, 0L, 1L, 0L, 0L, 0L, 0L, 0L, 1L, 1L, 0L, 0L, 0L, 1L, 0L, 0L, 0L,
1L, 1L, 0L, 1L, 0L, 1L, 0L, 1L, 0L, 1L, 1L, 1L, 0L, 1L, 1L, 0L, 1L, 0L, 0L,
0L, 0L, 0L, 0L, 1L, 1L, 0L, 0L, 0L, 0L, 0L, 0L, 1L, 0L, 0L, 0L, 0L, 1L, 0L,
1L, 0L, 1L, 0L, 0L, 1L, 0L, 1L, 0L, 0L, 1L, 0L, 0L, 0L, 0L, 0L, 1L, 0L, 1L,
0L, 1L, 0L, 0L, 0L, 1L, 0L, 0L, 0L, 1L, 1L, 0L, 1L, 0L, 0L, 1L, 0L, 0L, 0L,
1L, 0L, 0L, 0L, 0L, 0L, 0L, 0L, 0L, 1L, 0L, 0L, 0L, 1L, 1L, 0L, 0L, 1L, 0L,
0L, 0L, 0L, 1L, 0L, 1L, 1L, 1L, 0L, 1L, 1L, 1L, 1L, 0L, 0L, 0L, 1L, 0L, 0L,
0L, 0L, 1L, 1L, 0L, 0L, 0L, 1L, 0L, 0L, 0L, 0L, 0L, 0L, 1L, 0L, 0L, 0L, 0L,
0L, 0L, 1L, 0L, 0L, 0L, 0L, 0L, 1L, 0L, 1L, 1L, 0L, 1L, 1L, 1L, 0L, 0L, 0L,
0L, 0L, 1L, 0L, 0L, 0L, 0L, 1L, 1L, 0L, 0L, 0L, 1L, 0L, 0L, 0L, 0L, 1L, 0L,
0L, 1L, 1L, 0L, 0L, 0L, 0L, 0L, 0L, 1L, 0L, 0L, 0L, 0L, 0L, 0L, 0L, 0L, 0L,
0L, 1L, 1L, 0L, 0L, 1L, 0L, 1L, 0L, 1L, 0L, 0L, 1L, 1L, 0L, 0L, 0L, 0L, 0L,
1L, 0L, 0L, 0L, 1L, 0L, 0L, 1L, 0L, 0L, 0L, 1L, 0L, 0L, 0L, 1L, 1L, 0L, 0L,
1L, 0L, 1L, 0L, 0L, 0L, 0L, 0L, 1L, 0L, 1L, 0L, 0L, 0L, 1L, 1L, 1L, 1L, 0L,
0L, 0L, 1L, 0L, 0L, 0L, 1L, 0L, 1L, 1L, 0L, 0L, 1L, 0L, 0L, 1L, 1L, 0L, 0L,
0L, 1L, 0L, 1L, 0L, 1L, 0L, 0L, 0L, 0L, 0L, 1L, 1L, 0L, 0L, 1L, 1L, 1L, 1L,
1L, 0L, 1L, 1L, 1L, 0L, 1L, 0L, 1L, 0L, 0L, 1L, 0L, 0L, 1L, 0L, 1L, 0L, 0L,
0L, 1L, 0L, 0L, 0L, 1L, 0L, 0L, 0L, 0L, 0L, 0L, 0L, 1L, 1L, 1L, 1L, 0L, 1L,
0L, 0L, 0L, 0L, 0L, 0L, 1L, 0L, 0L, 0L, 0L, 1L, 0L, 0L, 0L, 1L, 1L, 0L, 0L,
1L, 1L, 1L, 0L, 0L, 0L, 0L, 0L, 1L, 0L, 1L, 0L, 1L, 0L, 1L, 1L, 0L, 1L, 1L,
0L, 0L, 1L, 1L, 0L, 0L, 0L, 0L, 0L, 1L, 0L, 1L, 0L, 0L, 0L, 1L, 0L, 0L, 0L,
0L, 0L, 1L, 0L, 0L, 0L, 0L, 1L, 0L, 0L, 0L, 0L, 0L, 0L, 1L, 0L, 1L, 0L, 1L,
0L, 1L, 0L, 0L, 0L, 1L, 1L, 0L, 0L, 0L, 0L, 0L, 0L, 0L, 0L, 0L, 0L, 1L, 0L,
1L, 0L, 0L, 0L, 0L, 0L, 1L, 1L, 1L, 0L, 0L, 0L, 1L, 0L, 1L, 1L, 1L, 0L, 0L,
0L, 1L, 0L, 0L, 1L, 1L, 1L, 0L, 1L, 1L, 1L, 1L, 0L, 0L, 0L, 0L, 1L, 0L, 0L,
0L, 1L, 0L, 1L, 0L, 0L, 0L, 1L, 0L, 0L, 0L, 1L, 1L, 1L, 1L, 0L, 1L, 1L, 0L,
1L, 1L, 0L, 1L, 1L, 1L, 0L, 0L, 0L, 1L, 0L, 0L, 0L, 0L, 1L, 0L, 0L, 0L, 0L,
1L, 1L), SampleType_Groin = c(0L, 0L, 0L, 0L, 0L, 0L, 0L, 0L, 0L, 1L, 0L,
1L, 1L, 0L, 1L, 0L, 1L, 0L, 0L, 1L, 0L, 1L, 0L, 0L, 0L, 0L, 1L, 0L, 1L, 0L,
1L, 0L, 0L, 0L, 0L, 0L, 0L, 1L, 0L, 1L, 0L, 0L, 0L, 0L, 1L, 0L, 0L, 0L, 1L,
0L, 0L, 0L, 0L, 0L, 0L, 1L, 0L, 0L, 1L, 1L, 1L, 0L, 1L, 0L, 0L, 1L, 0L, 0L,
0L, 0L, 0L, 0L, 1L, 0L, 1L, 0L, 0L, 1L, 0L, 1L, 0L, 0L, 1L, 0L, 0L, 0L, 1L,
1L, 0L, 1L, 0L, 0L, 0L, 0L, 0L, 0L, 0L, 0L, 0L, 1L, 1L, 0L, 0L, 1L, 1L, 1L,
0L, 0L, 1L, 0L, 0L, 0L, 0L, 0L, 0L, 0L, 0L, 0L, 0L, 0L, 0L, 0L, 1L, 1L, 1L,
0L, 1L, 0L, 0L, 0L, 0L, 0L, 0L, 0L, 0L, 0L, 1L, 1L, 0L, 0L, 0L, 0L, 0L, 1L,
0L, 0L, 0L, 0L, 1L, 0L, 0L, 0L, 1L, 0L, 1L, 0L, 0L, 0L, 0L, 1L, 0L, 0L, 0L,
0L, 1L, 1L, 0L, 1L, 0L, 1L, 0L, 0L, 0L, 1L, 0L, 0L, 0L, 0L, 1L, 1L, 0L, 0L,
0L, 0L, 0L, 0L, 0L, 0L, 0L, 0L, 0L, 0L, 0L, 0L, 0L, 0L, 0L, 0L, 1L, 0L, 0L,
1L, 0L, 1L, 0L, 0L, 0L, 0L, 0L, 0L, 0L, 1L, 0L, 0L, 0L, 0L, 0L, 0L, 0L, 1L,
0L, 0L, 1L, 0L, 0L, 1L, 1L, 1L, 0L, 0L, 0L, 0L, 0L, 0L, 1L, 0L, 0L, 0L, 0L,
0L, 0L, 0L, 0L, 0L, 0L, 1L, 0L, 0L, 0L, 0L, 0L, 1L, 0L, 0L, 1L, 0L, 0L, 1L,
0L, 0L, 0L, 0L, 0L, 1L, 0L, 0L, 1L, 0L, 0L, 1L, 0L, 1L, 1L, 0L, 0L, 0L, 0L,
1L, 0L, 1L, 0L, 0L, 0L, 0L, 0L, 0L, 1L, 1L, 1L, 0L, 0L, 0L, 1L, 0L, 0L, 0L,
0L, 0L, 1L, 0L, 0L, 1L, 0L, 0L, 1L, 0L, 1L, 0L, 1L, 0L, 1L, 0L, 0L, 1L, 1L,
1L, 0L, 0L, 0L, 0L, 0L, 0L, 0L, 0L, 0L, 0L, 0L, 0L, 0L, 0L, 1L, 0L, 1L, 0L,
0L, 0L, 0L, 1L, 1L, 0L, 1L, 0L, 0L, 0L, 0L, 0L, 1L, 0L, 1L, 0L, 1L, 1L, 0L,
1L, 1L, 1L, 0L, 0L, 0L, 0L, 0L, 1L, 0L, 0L, 1L, 1L, 0L, 1L, 0L, 0L, 0L, 1L,
0L, 0L, 0L, 0L, 0L, 1L, 0L, 0L, 1L, 0L, 0L, 0L, 0L, 0L, 1L, 1L, 1L, 0L, 0L,
0L, 0L, 1L, 0L, 1L, 0L, 0L, 0L, 0L, 0L, 0L, 0L, 0L, 0L, 1L, 0L, 1L, 1L, 0L,
0L, 0L, 0L, 0L, 1L, 1L, 0L, 0L, 0L, 1L, 1L, 0L, 0L, 0L, 0L, 0L, 1L, 0L, 0L,
0L, 1L, 0L, 0L, 0L, 0L, 1L, 0L, 1L, 0L, 1L, 0L, 0L, 1L, 1L, 0L, 0L, 0L, 0L,
1L, 0L, 0L, 0L, 0L, 1L, 0L, 0L, 0L, 0L, 0L, 1L, 1L, 1L, 1L, 1L, 0L, 0L, 0L,
1L, 1L, 1L, 0L, 0L, 0L, 0L, 0L, 0L, 0L, 1L, 0L, 1L, 0L, 0L, 0L, 0L, 0L, 0L,
0L, 0L, 0L, 1L, 1L, 0L, 0L, 0L, 1L, 0L, 0L, 0L, 0L, 0L, 1L, 1L, 1L, 0L, 0L,
0L, 0L, 0L, 0L, 0L, 0L, 0L, 0L, 0L, 1L, 0L, 0L, 0L, 0L, 0L, 0L, 1L, 1L, 1L,
0L, 1L, 1L, 1L, 1L, 0L, 1L, 1L, 0L, 1L, 0L, 0L), SampleType_Stool = c(1L,
0L, 0L, 0L, 0L, 0L, 1L, 0L, 1L, 0L, 1L, 0L, 0L, 1L, 0L, 0L, 0L, 1L, 1L, 0L,
1L, 0L, 0L, 1L, 1L, 0L, 0L, 1L, 0L, 1L, 0L, 0L, 0L, 1L, 1L, 1L, 0L, 0L, 1L,
0L, 0L, 0L, 1L, 0L, 0L, 0L, 1L, 0L, 0L, 0L, 0L, 0L, 1L, 0L, 0L, 0L, 0L, 1L,
0L, 0L, 0L, 1L, 0L, 0L, 0L, 0L, 1L, 1L, 1L, 1L, 1L, 0L, 0L, 1L, 0L, 1L, 0L,
0L, 0L, 0L, 0L, 1L, 0L, 0L, 1L, 0L, 0L, 0L, 0L, 0L, 1L, 1L, 1L, 1L, 0L, 1L,
0L, 1L, 0L, 0L, 0L, 1L, 0L, 0L, 0L, 0L, 0L, 0L, 0L, 0L, 1L, 1L, 0L, 1L, 1L,
1L, 0L, 1L, 1L, 1L, 1L, 1L, 0L, 0L, 0L, 0L, 0L, 1L, 1L, 0L, 0L, 1L, 1L, 0L,
1L, 1L, 0L, 0L, 0L, 1L, 0L, 0L, 0L, 0L, 0L, 0L, 0L, 0L, 0L, 1L, 1L, 0L, 0L,
1L, 0L, 1L, 0L, 0L, 1L, 0L, 1L, 0L, 1L, 1L, 0L, 0L, 1L, 0L, 0L, 0L, 1L, 1L,
1L, 0L, 1L, 0L, 1L, 1L, 0L, 0L, 1L, 0L, 1L, 0L, 0L, 1L, 0L, 0L, 0L, 1L, 1L,
1L, 1L, 1L, 0L, 1L, 1L, 1L, 0L, 0L, 0L, 0L, 1L, 0L, 0L, 1L, 1L, 1L, 1L, 0L,
1L, 0L, 0L, 0L, 1L, 1L, 1L, 1L, 1L, 0L, 0L, 1L, 0L, 1L, 1L, 0L, 0L, 0L, 1L,
1L, 1L, 0L, 0L, 1L, 0L, 0L, 1L, 0L, 1L, 0L, 1L, 1L, 0L, 0L, 1L, 0L, 1L, 1L,
1L, 0L, 1L, 0L, 1L, 0L, 0L, 1L, 0L, 0L, 1L, 1L, 0L, 1L, 1L, 0L, 0L, 0L, 0L,
1L, 0L, 0L, 0L, 0L, 0L, 1L, 1L, 1L, 0L, 0L, 0L, 0L, 1L, 1L, 0L, 0L, 0L, 0L,
0L, 0L, 0L, 0L, 1L, 1L, 0L, 0L, 1L, 0L, 0L, 1L, 0L, 0L, 1L, 0L, 0L, 0L, 0L,
1L, 0L, 0L, 0L, 0L, 0L, 0L, 1L, 0L, 0L, 0L, 1L, 0L, 0L, 1L, 1L, 0L, 0L, 0L,
0L, 0L, 1L, 0L, 0L, 0L, 0L, 0L, 0L, 0L, 1L, 1L, 0L, 0L, 0L, 0L, 0L, 0L, 1L,
1L, 1L, 0L, 0L, 1L, 0L, 0L, 0L, 0L, 1L, 0L, 0L, 0L, 1L, 0L, 0L, 0L, 0L, 0L,
0L, 1L, 0L, 0L, 1L, 0L, 1L, 0L, 1L, 0L, 1L, 1L, 0L, 1L, 1L, 0L, 0L, 0L, 0L,
1L, 0L, 0L, 0L, 1L, 0L, 0L, 0L, 1L, 0L, 1L, 0L, 0L, 0L, 0L, 0L, 0L, 1L, 0L,
0L, 1L, 1L, 0L, 0L, 0L, 1L, 0L, 0L, 1L, 0L, 1L, 0L, 1L, 0L, 0L, 0L, 1L, 1L,
0L, 0L, 1L, 0L, 1L, 1L, 1L, 0L, 0L, 1L, 1L, 0L, 1L, 1L, 1L, 0L, 0L, 0L, 0L,
0L, 0L, 0L, 1L, 0L, 0L, 0L, 0L, 1L, 1L, 0L, 1L, 1L, 1L, 1L, 0L, 1L, 1L, 0L,
1L, 0L, 0L, 0L, 0L, 0L, 0L, 0L, 0L, 0L, 0L, 0L, 0L, 0L, 1L, 0L, 0L, 0L, 1L,
1L, 0L, 0L, 0L, 1L, 0L, 0L, 0L, 1L, 0L, 0L, 0L, 0L, 0L, 0L, 1L, 1L, 0L, 0L,
1L, 1L, 0L, 1L, 0L, 0L, 0L, 0L, 0L, 1L, 1L, 1L, 0L, 0L, 0L, 0L, 1L, 0L, 0L,
0L, 0L, 0L, 1L, 0L, 0L, 0L, 0L, 0L, 0L, 0L, 0L, 0L, 0L, 0L, 0L, 0L, 0L, 1L,
0L, 0L, 0L), SampleCollectionWeek_Week.1 = c(1L, 0L, 1L, 0L, 1L, 0L, 0L,
1L, 0L, 1L, 0L, 0L, 1L, 1L, 0L, 1L, 1L, 1L, 1L, 0L, 1L, 0L, 1L, 0L, 1L, 1L,
0L, 0L, 1L, 0L, 1L, 1L, 1L, 0L, 1L, 0L, 0L, 1L, 1L, 0L, 0L, 0L, 0L, 1L, 0L,
0L, 0L, 1L, 0L, 1L, 1L, 1L, 0L, 1L, 0L, 0L, 0L, 1L, 0L, 1L, 1L, 1L, 1L, 1L,
0L, 1L, 1L, 0L, 1L, 0L, 1L, 0L, 0L, 0L, 0L, 0L, 1L, 1L, 0L, 0L, 0L, 0L, 1L,
1L, 0L, 1L, 0L, 0L, 1L, 1L, 0L, 1L, 0L, 1L, 1L, 1L, 1L, 1L, 1L, 0L, 0L, 1L,
1L, 1L, 1L, 1L, 0L, 0L, 0L, 1L, 0L, 1L, 1L, 1L, 0L, 1L, 1L, 1L, 0L, 1L, 1L,
1L, 0L, 1L, 1L, 0L, 1L, 1L, 0L, 1L, 1L, 0L, 1L, 1L, 1L, 0L, 0L, 1L, 1L, 1L,
1L, 1L, 1L, 0L, 0L, 1L, 0L, 0L, 1L, 1L, 1L, 0L, 0L, 1L, 1L, 0L, 1L, 0L, 1L,
0L, 0L, 0L, 0L, 0L, 0L, 1L, 0L, 0L, 0L, 0L, 1L, 1L, 0L, 1L, 1L, 1L, 0L, 1L,
0L, 1L, 1L, 0L, 0L, 1L, 1L, 0L, 1L, 0L, 0L, 0L, 1L, 1L, 0L, 1L, 1L, 1L, 0L,
0L, 0L, 0L, 1L, 1L, 0L, 1L, 0L, 0L, 1L, 1L, 1L, 1L, 0L, 0L, 0L, 1L, 1L, 0L,
1L, 1L, 0L, 0L, 0L, 1L, 0L, 1L, 1L, 0L, 0L, 1L, 0L, 0L, 1L, 0L, 1L, 1L, 1L,
0L, 1L, 1L, 1L, 1L, 1L, 0L, 0L, 0L, 1L, 0L, 1L, 1L, 0L, 0L, 1L, 0L, 1L, 1L,
0L, 0L, 0L, 1L, 1L, 0L, 0L, 0L, 1L, 1L, 0L, 0L, 1L, 0L, 0L, 0L, 1L, 0L, 1L,
0L, 0L, 0L, 1L, 0L, 0L, 0L, 1L, 1L, 0L, 0L, 1L, 0L, 1L, 0L, 0L, 1L, 0L, 0L,
0L, 0L, 0L, 0L, 0L, 1L, 1L, 0L, 1L, 1L, 0L, 1L, 0L, 0L, 0L, 1L, 0L, 0L, 0L,
0L, 1L, 1L, 0L, 0L, 1L, 1L, 1L, 1L, 0L, 0L, 0L, 1L, 1L, 1L, 0L, 0L, 0L, 1L,
0L, 1L, 0L, 1L, 1L, 1L, 0L, 1L, 1L, 0L, 0L, 0L, 0L, 0L, 0L, 1L, 1L, 1L, 1L,
0L, 1L, 0L, 1L, 0L, 0L, 0L, 0L, 0L, 1L, 0L, 0L, 1L, 0L, 0L, 1L, 1L, 1L, 1L,
0L, 0L, 0L, 1L, 1L, 0L, 1L, 0L, 0L, 1L, 1L, 1L, 0L, 0L, 1L, 1L, 0L, 0L, 0L,
0L, 1L, 0L, 1L, 1L, 0L, 1L, 0L, 1L, 0L, 1L, 1L, 1L, 1L, 0L, 1L, 1L, 1L, 1L,
1L, 0L, 1L, 0L, 0L, 0L, 1L, 1L, 0L, 1L, 0L, 0L, 0L, 0L, 0L, 0L, 0L, 1L, 0L,
1L, 0L, 1L, 0L, 1L, 0L, 1L, 1L, 0L, 1L, 0L, 1L, 0L, 1L, 0L, 1L, 0L, 0L, 1L,
1L, 0L, 1L, 0L, 1L, 1L, 0L, 1L, 0L, 0L, 1L, 0L, 1L, 0L, 0L, 1L, 1L, 1L, 1L,
1L, 1L, 1L, 0L, 1L, 0L, 0L, 0L, 1L, 0L, 0L, 0L, 1L, 0L, 1L, 0L, 0L, 0L, 0L,
1L, 0L, 1L, 0L, 0L, 1L, 0L, 0L, 0L, 0L, 1L, 0L, 0L, 0L, 0L, 0L, 0L, 1L, 0L,
1L, 0L, 0L, 1L, 0L, 0L, 0L, 0L, 1L, 0L, 0L, 0L, 1L, 0L, 1L, 1L, 0L, 1L, 0L,
1L, 0L, 0L, 0L, 0L, 0L, 1L, 0L, 0L, 1L, 1L, 0L, 1L, 1L, 1L, 0L),
SampleCollectionWeek_Week.3 = c(0L, 1L, 0L, 1L, 0L, 1L, 1L, 0L, 1L, 0L, 1L,
1L, 0L, 0L, 1L, 0L, 0L, 0L, 0L, 1L, 0L, 1L, 0L, 1L, 0L, 0L, 1L, 1L, 0L, 1L,
0L, 0L, 0L, 1L, 0L, 1L, 1L, 0L, 0L, 1L, 1L, 1L, 1L, 0L, 1L, 1L, 1L, 0L, 1L,
0L, 0L, 0L, 1L, 0L, 1L, 1L, 1L, 0L, 1L, 0L, 0L, 0L, 0L, 0L, 1L, 0L, 0L, 1L,
0L, 1L, 0L, 1L, 1L, 1L, 1L, 1L, 0L, 0L, 1L, 1L, 1L, 1L, 0L, 0L, 1L, 0L, 1L,
1L, 0L, 0L, 1L, 0L, 1L, 0L, 0L, 0L, 0L, 0L, 0L, 1L, 1L, 0L, 0L, 0L, 0L, 0L,
1L, 1L, 1L, 0L, 1L, 0L, 0L, 0L, 1L, 0L, 0L, 0L, 1L, 0L, 0L, 0L, 1L, 0L, 0L,
1L, 0L, 0L, 1L, 0L, 0L, 1L, 0L, 0L, 0L, 1L, 1L, 0L, 0L, 0L, 0L, 0L, 0L, 1L,
1L, 0L, 1L, 1L, 0L, 0L, 0L, 1L, 1L, 0L, 0L, 1L, 0L, 1L, 0L, 1L, 1L, 1L, 1L,
1L, 1L, 0L, 1L, 1L, 1L, 1L, 0L, 0L, 1L, 0L, 0L, 0L, 1L, 0L, 1L, 0L, 0L, 1L,
1L, 0L, 0L, 1L, 0L, 1L, 1L, 1L, 0L, 0L, 1L, 0L, 0L, 0L, 1L, 1L, 1L, 1L, 0L,
0L, 1L, 0L, 1L, 1L, 0L, 0L, 0L, 0L, 1L, 1L, 1L, 0L, 0L, 1L, 0L, 0L, 1L, 1L,
1L, 0L, 1L, 0L, 0L, 1L, 1L, 0L, 1L, 1L, 0L, 1L, 0L, 0L, 0L, 1L, 0L, 0L, 0L,
0L, 0L, 1L, 1L, 1L, 0L, 1L, 0L, 0L, 1L, 1L, 0L, 1L, 0L, 0L, 1L, 1L, 1L, 0L,
0L, 1L, 1L, 1L, 0L, 0L, 1L, 1L, 0L, 1L, 1L, 1L, 0L, 1L, 0L, 1L, 1L, 1L, 0L,
1L, 1L, 1L, 0L, 0L, 1L, 1L, 0L, 1L, 0L, 1L, 1L, 0L, 1L, 1L, 1L, 1L, 1L, 1L,
1L, 0L, 0L, 1L, 0L, 0L, 1L, 0L, 1L, 1L, 1L, 0L, 1L, 1L, 1L, 1L, 0L, 0L, 1L,
1L, 0L, 0L, 0L, 0L, 1L, 1L, 1L, 0L, 0L, 0L, 1L, 1L, 1L, 0L, 1L, 0L, 1L, 0L,
0L, 0L, 1L, 0L, 0L, 1L, 1L, 1L, 1L, 1L, 1L, 0L, 0L, 0L, 0L, 1L, 0L, 1L, 0L,
1L, 1L, 1L, 1L, 1L, 0L, 1L, 1L, 0L, 1L, 1L, 0L, 0L, 0L, 0L, 1L, 1L, 1L, 0L,
0L, 1L, 0L, 1L, 1L, 0L, 0L, 0L, 1L, 1L, 0L, 0L, 1L, 1L, 1L, 1L, 0L, 1L, 0L,
0L, 1L, 0L, 1L, 0L, 1L, 0L, 0L, 0L, 0L, 1L, 0L, 0L, 0L, 0L, 0L, 1L, 0L, 1L,
1L, 1L, 0L, 0L, 1L, 0L, 1L, 1L, 1L, 1L, 1L, 1L, 1L, 0L, 1L, 0L, 1L, 0L, 1L,
0L, 1L, 0L, 0L, 1L, 0L, 1L, 0L, 1L, 0L, 1L, 0L, 1L, 1L, 0L, 0L, 1L, 0L, 1L,
0L, 0L, 1L, 0L, 1L, 1L, 0L, 1L, 0L, 1L, 1L, 0L, 0L, 0L, 0L, 0L, 0L, 0L, 1L,
0L, 1L, 1L, 1L, 0L, 1L, 1L, 1L, 0L, 1L, 0L, 1L, 1L, 1L, 1L, 0L, 1L, 0L, 1L,
1L, 0L, 1L, 1L, 1L, 1L, 0L, 1L, 1L, 1L, 1L, 1L, 1L, 0L, 1L, 0L, 1L, 1L, 0L,
1L, 1L, 1L, 1L, 0L, 1L, 1L, 1L, 0L, 1L, 0L, 0L, 1L, 0L, 1L, 0L, 1L, 1L, 1L,
1L, 1L, 0L, 1L, 1L, 0L, 0L, 1L, 0L, 0L, 0L, 1L), `GestationCohort_23-27
Weeks` = c(0L, 1L, 0L, 0L, 0L, 0L, 0L, 0L, 0L, 0L, 0L, 0L, 1L, 0L, 0L, 1L,
0L, 1L, 0L, 0L, 0L, 0L, 1L, 1L, 0L, 0L, 0L, 0L, 0L, 0L, 0L, 0L, 0L, 0L, 0L,
0L, 0L, 0L, 0L, 0L, 0L, 0L, 0L, 0L, 0L, 0L, 0L, 0L, 0L, 0L, 0L, 0L, 0L, 0L,
0L, 0L, 1L, 0L, 0L, 0L, 0L, 0L, 0L, 0L, 0L, 0L, 0L, 0L, 0L, 0L, 0L, 0L, 0L,
1L, 0L, 0L, 0L, 0L, 0L, 0L, 0L, 1L, 0L, 0L, 0L, 0L, 0L, 0L, 0L, 0L, 0L, 0L,
0L, 0L, 0L, 0L, 0L, 0L, 1L, 0L, 0L, 0L, 0L, 1L, 1L, 1L, 0L, 0L, 0L, 1L, 0L,
0L, 0L, 0L, 0L, 0L, 0L, 0L, 0L, 0L, 1L, 0L, 0L, 0L, 0L, 0L, 0L, 0L, 0L, 0L,
0L, 0L, 0L, 0L, 0L, 0L, 0L, 0L, 0L, 0L, 0L, 0L, 0L, 0L, 0L, 0L, 0L, 0L, 0L,
0L, 0L, 0L, 1L, 0L, 0L, 0L, 0L, 0L, 1L, 0L, 0L, 0L, 0L, 0L, 0L, 0L, 0L, 0L,
0L, 0L, 0L, 1L, 0L, 0L, 0L, 1L, 0L, 0L, 1L, 0L, 0L, 0L, 0L, 0L, 0L, 0L, 0L,
0L, 0L, 0L, 0L, 0L, 0L, 0L, 0L, 0L, 0L, 1L, 0L, 0L, 0L, 0L, 0L, 0L, 0L, 0L,
0L, 0L, 0L, 0L, 0L, 0L, 0L, 0L, 0L, 0L, 0L, 0L, 0L, 0L, 0L, 1L, 0L, 1L, 0L,
0L, 0L, 0L, 0L, 0L, 0L, 0L, 0L, 0L, 0L, 0L, 0L, 0L, 0L, 0L, 0L, 0L, 1L, 0L,
0L, 0L, 0L, 0L, 0L, 0L, 0L, 1L, 0L, 0L, 0L, 0L, 0L, 0L, 0L, 1L, 0L, 0L, 1L,
0L, 1L, 0L, 1L, 0L, 0L, 1L, 0L, 0L, 0L, 0L, 0L, 0L, 0L, 0L, 0L, 0L, 0L, 0L,
0L, 0L, 1L, 0L, 0L, 0L, 0L, 0L, 0L, 1L, 0L, 0L, 0L, 0L, 0L, 0L, 0L, 0L, 0L,
0L, 1L, 0L, 0L, 0L, 0L, 0L, 0L, 0L, 0L, 1L, 0L, 0L, 0L, 0L, 0L, 0L, 0L, 0L,
0L, 0L, 0L, 0L, 0L, 0L, 0L, 0L, 0L, 0L, 0L, 0L, 0L, 0L, 0L, 0L, 0L, 0L, 0L,
0L, 0L, 0L, 0L, 0L, 0L, 0L, 0L, 0L, 0L, 0L, 0L, 1L, 0L, 0L, 0L, 0L, 0L, 0L,
1L, 0L, 0L, 0L, 0L, 0L, 0L, 0L, 0L, 0L, 0L, 0L, 0L, 0L, 0L, 0L, 0L, 0L, 0L,
0L, 1L, 0L, 0L, 0L, 0L, 0L, 0L, 0L, 0L, 0L, 0L, 0L, 0L, 0L, 0L, 0L, 1L, 0L,
0L, 0L, 0L, 0L, 0L, 0L, 0L, 0L, 1L, 0L, 0L, 0L, 0L, 0L, 0L, 0L, 0L, 0L, 0L,
0L, 0L, 0L, 0L, 0L, 0L, 0L, 0L, 0L, 0L, 0L, 0L, 0L, 0L, 0L, 0L, 0L, 1L, 0L,
0L, 0L, 0L, 0L, 0L, 0L, 0L, 0L, 0L, 0L, 0L, 0L, 0L, 0L, 0L, 0L, 0L, 0L, 0L,
0L, 0L, 0L, 0L, 0L, 0L, 0L, 0L, 0L, 0L, 0L, 0L, 0L, 0L, 0L, 0L, 0L, 0L, 0L,
0L, 1L, 0L, 0L, 0L, 0L, 0L, 0L, 0L, 1L, 0L, 0L, 0L, 0L, 0L, 0L, 0L, 0L, 0L,
0L, 1L, 0L, 0L, 0L, 0L, 0L, 0L, 0L, 0L, 0L, 0L, 0L, 0L, 0L, 0L, 0L, 0L, 0L,
0L, 0L, 0L, 0L, 0L, 0L, 0L, 0L, 0L, 0L, 0L, 0L, 1L, 0L, 0L, 0L, 0L, 0L, 0L,
0L, 0L, 0L, 0L, 0L, 0L, 0L), `GestationCohort_28-32 Weeks` = c(1L, 0L, 0L,
1L, 1L, 0L, 0L, 1L, 1L, 1L, 1L, 1L, 0L, 1L, 1L, 0L, 1L, 0L, 1L, 0L, 1L, 1L,
0L, 0L, 0L, 1L, 1L, 1L, 1L, 1L, 1L, 1L, 1L, 1L, 1L, 0L, 1L, 1L, 1L, 1L, 1L,
1L, 1L, 0L, 1L, 1L, 1L, 1L, 0L, 1L, 1L, 1L, 1L, 1L, 1L, 1L, 0L, 1L, 0L, 1L,
1L, 0L, 0L, 1L, 1L, 1L, 1L, 1L, 1L, 1L, 1L, 1L, 1L, 0L, 1L, 0L, 1L, 1L, 1L,
1L, 1L, 0L, 1L, 1L, 1L, 1L, 1L, 0L, 1L, 1L, 1L, 1L, 0L, 1L, 0L, 1L, 1L, 1L,
0L, 1L, 0L, 1L, 1L, 0L, 0L, 0L, 1L, 1L, 1L, 0L, 1L, 1L, 0L, 0L, 1L, 1L, 1L,
1L, 1L, 1L, 0L, 1L, 1L, 1L, 1L, 1L, 1L, 1L, 1L, 1L, 1L, 1L, 1L, 0L, 1L, 1L,
1L, 0L, 1L, 1L, 1L, 1L, 1L, 0L, 1L, 1L, 1L, 1L, 0L, 1L, 1L, 1L, 0L, 1L, 1L,
1L, 1L, 1L, 0L, 1L, 1L, 1L, 1L, 1L, 1L, 1L, 1L, 1L, 1L, 1L, 1L, 0L, 1L, 1L,
1L, 0L, 1L, 1L, 0L, 1L, 1L, 0L, 1L, 1L, 1L, 1L, 1L, 1L, 1L, 1L, 1L, 1L, 1L,
0L, 1L, 1L, 1L, 0L, 1L, 1L, 1L, 1L, 1L, 1L, 1L, 0L, 1L, 0L, 1L, 1L, 1L, 0L,
1L, 1L, 1L, 1L, 1L, 1L, 1L, 1L, 1L, 0L, 1L, 0L, 1L, 1L, 1L, 1L, 1L, 1L, 1L,
1L, 1L, 1L, 1L, 1L, 1L, 1L, 1L, 1L, 1L, 1L, 0L, 1L, 1L, 0L, 1L, 0L, 1L, 1L,
1L, 0L, 0L, 1L, 1L, 1L, 1L, 1L, 1L, 0L, 1L, 1L, 0L, 1L, 0L, 1L, 0L, 1L, 1L,
0L, 1L, 1L, 1L, 1L, 0L, 1L, 1L, 1L, 1L, 1L, 0L, 0L, 0L, 1L, 0L, 1L, 0L, 1L,
1L, 1L, 1L, 0L, 1L, 0L, 1L, 1L, 1L, 1L, 1L, 1L, 1L, 1L, 0L, 0L, 1L, 0L, 1L,
1L, 1L, 1L, 1L, 0L, 1L, 0L, 1L, 1L, 1L, 1L, 1L, 1L, 1L, 1L, 1L, 1L, 1L, 1L,
1L, 1L, 1L, 1L, 1L, 0L, 1L, 1L, 1L, 1L, 1L, 0L, 0L, 0L, 1L, 1L, 1L, 1L, 1L,
1L, 1L, 1L, 1L, 1L, 1L, 0L, 1L, 1L, 1L, 1L, 1L, 1L, 0L, 0L, 1L, 0L, 1L, 1L,
0L, 1L, 1L, 1L, 0L, 1L, 1L, 0L, 0L, 1L, 1L, 1L, 1L, 1L, 0L, 1L, 1L, 0L, 1L,
1L, 1L, 1L, 1L, 0L, 1L, 1L, 1L, 1L, 1L, 0L, 0L, 0L, 1L, 1L, 0L, 1L, 0L, 1L,
1L, 1L, 0L, 1L, 1L, 1L, 1L, 1L, 1L, 0L, 1L, 0L, 1L, 1L, 0L, 1L, 1L, 1L, 1L,
1L, 1L, 1L, 1L, 1L, 1L, 1L, 1L, 0L, 0L, 1L, 0L, 1L, 1L, 1L, 0L, 1L, 0L, 1L,
0L, 0L, 1L, 1L, 1L, 1L, 1L, 1L, 1L, 0L, 1L, 1L, 0L, 1L, 1L, 1L, 1L, 0L, 1L,
1L, 0L, 1L, 1L, 1L, 1L, 1L, 1L, 1L, 1L, 1L, 1L, 1L, 0L, 0L, 1L, 1L, 1L, 1L,
1L, 1L, 1L, 0L, 1L, 1L, 1L, 1L, 1L, 1L, 1L, 1L, 1L, 1L, 0L, 1L, 1L, 1L, 1L,
1L, 1L, 1L, 1L, 1L, 1L, 1L, 1L, 1L, 1L, 1L, 1L, 0L, 1L, 1L, 0L, 1L, 1L, 1L,
1L, 1L, 0L, 1L, 1L, 0L, 0L, 1L, 0L, 1L, 1L, 1L, 1L, 1L, 1L, 1L, 1L, 1L, 0L,
1L), `GestationCohort_33-36 Weeks` = c(0L, 0L, 1L, 0L, 0L, 1L, 1L, 0L, 0L,
0L, 0L, 0L, 0L, 0L, 0L, 0L, 0L, 0L, 0L, 1L, 0L, 0L, 0L, 0L, 1L, 0L, 0L, 0L,
0L, 0L, 0L, 0L, 0L, 0L, 0L, 1L, 0L, 0L, 0L, 0L, 0L, 0L, 0L, 1L, 0L, 0L, 0L,
0L, 1L, 0L, 0L, 0L, 0L, 0L, 0L, 0L, 0L, 0L, 1L, 0L, 0L, 1L, 1L, 0L, 0L, 0L,
0L, 0L, 0L, 0L, 0L, 0L, 0L, 0L, 0L, 1L, 0L, 0L, 0L, 0L, 0L, 0L, 0L, 0L, 0L,
0L, 0L, 1L, 0L, 0L, 0L, 0L, 1L, 0L, 1L, 0L, 0L, 0L, 0L, 0L, 1L, 0L, 0L, 0L,
0L, 0L, 0L, 0L, 0L, 0L, 0L, 0L, 1L, 1L, 0L, 0L, 0L, 0L, 0L, 0L, 0L, 0L, 0L,
0L, 0L, 0L, 0L, 0L, 0L, 0L, 0L, 0L, 0L, 1L, 0L, 0L, 0L, 1L, 0L, 0L, 0L, 0L,
0L, 1L, 0L, 0L, 0L, 0L, 1L, 0L, 0L, 0L, 0L, 0L, 0L, 0L, 0L, 0L, 0L, 0L, 0L,
0L, 0L, 0L, 0L, 0L, 0L, 0L, 0L, 0L, 0L, 0L, 0L, 0L, 0L, 0L, 0L, 0L, 0L, 0L,
0L, 1L, 0L, 0L, 0L, 0L, 0L, 0L, 0L, 0L, 0L, 0L, 0L, 1L, 0L, 0L, 0L, 0L, 0L,
0L, 0L, 0L, 0L, 0L, 0L, 1L, 0L, 1L, 0L, 0L, 0L, 1L, 0L, 0L, 0L, 0L, 0L, 0L,
0L, 0L, 0L, 0L, 0L, 0L, 0L, 0L, 0L, 0L, 0L, 0L, 0L, 0L, 0L, 0L, 0L, 0L, 0L,
0L, 0L, 0L, 0L, 0L, 0L, 0L, 0L, 1L, 0L, 1L, 0L, 0L, 0L, 0L, 1L, 0L, 0L, 0L,
0L, 0L, 0L, 0L, 0L, 0L, 0L, 0L, 0L, 0L, 0L, 0L, 0L, 0L, 0L, 0L, 0L, 0L, 1L,
0L, 0L, 0L, 0L, 0L, 1L, 1L, 1L, 0L, 0L, 0L, 1L, 0L, 0L, 0L, 0L, 0L, 0L, 1L,
0L, 0L, 0L, 0L, 0L, 0L, 0L, 0L, 0L, 1L, 0L, 1L, 0L, 0L, 0L, 0L, 0L, 0L, 0L,
1L, 0L, 0L, 0L, 0L, 0L, 0L, 0L, 0L, 0L, 0L, 0L, 0L, 0L, 0L, 0L, 0L, 0L, 1L,
0L, 0L, 0L, 0L, 0L, 1L, 1L, 1L, 0L, 0L, 0L, 0L, 0L, 0L, 0L, 0L, 0L, 0L, 0L,
0L, 0L, 0L, 0L, 0L, 0L, 0L, 0L, 1L, 0L, 1L, 0L, 0L, 1L, 0L, 0L, 0L, 1L, 0L,
0L, 1L, 1L, 0L, 0L, 0L, 0L, 0L, 0L, 0L, 0L, 1L, 0L, 0L, 0L, 0L, 0L, 1L, 0L,
0L, 0L, 0L, 0L, 1L, 0L, 1L, 0L, 0L, 1L, 0L, 1L, 0L, 0L, 0L, 0L, 0L, 0L, 0L,
0L, 0L, 0L, 1L, 0L, 1L, 0L, 0L, 1L, 0L, 0L, 0L, 0L, 0L, 0L, 0L, 0L, 0L, 0L,
0L, 0L, 1L, 1L, 0L, 0L, 0L, 0L, 0L, 1L, 0L, 1L, 0L, 1L, 1L, 0L, 0L, 0L, 0L,
0L, 0L, 0L, 1L, 0L, 0L, 1L, 0L, 0L, 0L, 0L, 1L, 0L, 0L, 1L, 0L, 0L, 0L, 0L,
0L, 0L, 0L, 0L, 0L, 0L, 0L, 1L, 0L, 0L, 0L, 0L, 0L, 0L, 0L, 0L, 0L, 0L, 0L,
0L, 0L, 0L, 0L, 0L, 0L, 0L, 0L, 0L, 0L, 0L, 0L, 0L, 0L, 0L, 0L, 0L, 0L, 0L,
0L, 0L, 0L, 0L, 0L, 0L, 1L, 0L, 0L, 1L, 0L, 0L, 0L, 0L, 0L, 1L, 0L, 0L, 1L,
0L, 0L, 1L, 0L, 0L, 0L, 0L, 0L, 0L, 0L, 0L, 0L, 1L, 0L),
PostNatalAntibiotics_Infant.Abx = c(1L, 1L, 0L, 1L, 0L, 0L, 0L, 1L, 1L, 1L,
1L, 0L, 1L, 1L, 1L, 1L, 1L, 1L, 0L, 0L, 0L, 0L, 1L, 1L, 0L, 1L, 0L, 1L, 1L,
1L, 0L, 1L, 0L, 0L, 1L, 0L, 0L, 1L, 0L, 1L, 1L, 0L, 0L, 1L, 0L, 1L, 0L, 0L,
0L, 0L, 1L, 0L, 0L, 1L, 1L, 1L, 1L, 1L, 1L, 1L, 1L, 1L, 0L, 1L, 0L, 1L, 1L,
0L, 0L, 1L, 0L, 1L, 0L, 1L, 1L, 1L, 1L, 0L, 0L, 1L, 0L, 1L, 1L, 1L, 0L, 0L,
0L, 1L, 1L, 0L, 1L, 1L, 1L, 0L, 0L, 0L, 0L, 0L, 1L, 1L, 0L, 0L, 0L, 1L, 1L,
1L, 1L, 0L, 1L, 1L, 1L, 0L, 0L, 1L, 1L, 1L, 1L, 1L, 0L, 1L, 1L, 1L, 1L, 0L,
1L, 0L, 0L, 1L, 1L, 0L, 1L, 1L, 0L, 0L, 0L, 1L, 0L, 0L, 0L, 1L, 0L, 0L, 1L,
1L, 1L, 1L, 1L, 0L, 0L, 0L, 0L, 0L, 1L, 0L, 0L, 1L, 0L, 0L, 1L, 0L, 1L, 1L,
1L, 1L, 1L, 0L, 1L, 0L, 0L, 1L, 0L, 1L, 0L, 1L, 0L, 1L, 1L, 1L, 0L, 0L, 1L,
0L, 1L, 1L, 1L, 1L, 1L, 0L, 1L, 1L, 1L, 0L, 1L, 0L, 0L, 1L, 1L, 1L, 1L, 1L,
1L, 0L, 1L, 0L, 1L, 0L, 0L, 0L, 1L, 1L, 0L, 0L, 1L, 0L, 1L, 0L, 1L, 1L, 0L,
1L, 0L, 1L, 0L, 1L, 0L, 0L, 1L, 1L, 0L, 1L, 0L, 0L, 1L, 0L, 0L, 1L, 0L, 0L,
0L, 0L, 1L, 1L, 1L, 1L, 1L, 0L, 1L, 0L, 0L, 1L, 0L, 1L, 0L, 1L, 0L, 0L, 1L,
0L, 0L, 1L, 0L, 0L, 1L, 1L, 1L, 0L, 1L, 1L, 0L, 1L, 0L, 1L, 0L, 1L, 0L, 1L,
0L, 0L, 0L, 0L, 0L, 0L, 0L, 0L, 1L, 1L, 0L, 0L, 0L, 1L, 0L, 1L, 0L, 0L, 0L,
0L, 1L, 1L, 0L, 1L, 1L, 0L, 1L, 0L, 1L, 0L, 1L, 0L, 0L, 0L, 1L, 1L, 1L, 0L,
0L, 1L, 0L, 1L, 0L, 0L, 0L, 0L, 0L, 1L, 0L, 0L, 0L, 1L, 1L, 0L, 0L, 0L, 0L,
1L, 0L, 0L, 0L, 1L, 0L, 0L, 0L, 1L, 0L, 1L, 0L, 0L, 1L, 0L, 0L, 0L, 1L, 1L,
0L, 1L, 1L, 0L, 0L, 0L, 1L, 0L, 0L, 1L, 1L, 0L, 0L, 0L, 1L, 1L, 0L, 0L, 0L,
0L, 0L, 0L, 0L, 0L, 1L, 0L, 1L, 0L, 0L, 0L, 1L, 1L, 1L, 0L, 0L, 0L, 0L, 0L,
0L, 0L, 1L, 0L, 1L, 0L, 1L, 1L, 0L, 1L, 0L, 1L, 1L, 1L, 1L, 0L, 1L, 1L, 0L,
1L, 0L, 1L, 1L, 0L, 0L, 0L, 1L, 1L, 1L, 0L, 1L, 0L, 1L, 1L, 1L, 0L, 1L, 1L,
0L, 0L, 0L, 0L, 1L, 0L, 0L, 0L, 0L, 0L, 0L, 0L, 1L, 0L, 0L, 1L, 0L, 0L, 1L,
1L, 1L, 0L, 0L, 1L, 0L, 0L, 0L, 0L, 0L, 0L, 0L, 0L, 1L, 0L, 1L, 1L, 1L, 0L,
0L, 0L, 0L, 1L, 1L, 1L, 0L, 0L, 1L, 0L, 0L, 1L, 0L, 1L, 0L, 1L, 0L, 0L, 1L,
0L, 0L, 0L, 0L, 1L, 1L, 1L, 0L, 1L, 1L, 1L, 0L, 0L, 0L, 1L, 1L, 0L, 1L, 1L,
0L, 0L, 0L, 1L, 1L, 0L, 1L, 0L, 1L, 0L, 1L, 0L, 1L, 1L, 1L, 1L, 0L, 0L, 1L,
1L, 0L, 0L, 0L, 0L, 0L, 0L, 1L, 0L, 1L, 0L, 0L, 1L),
PostNatalAntibiotics_No.Infant.Abx = c(0L, 0L, 1L, 0L, 1L, 1L, 1L, 0L, 0L,
0L, 0L, 1L, 0L, 0L, 0L, 0L, 0L, 0L, 1L, 1L, 1L, 1L, 0L, 0L, 1L, 0L, 1L, 0L,
0L, 0L, 1L, 0L, 1L, 1L, 0L, 1L, 1L, 0L, 1L, 0L, 0L, 1L, 1L, 0L, 1L, 0L, 1L,
1L, 1L, 1L, 0L, 1L, 1L, 0L, 0L, 0L, 0L, 0L, 0L, 0L, 0L, 0L, 1L, 0L, 1L, 0L,
0L, 1L, 1L, 0L, 1L, 0L, 1L, 0L, 0L, 0L, 0L, 1L, 1L, 0L, 1L, 0L, 0L, 0L, 1L,
1L, 1L, 0L, 0L, 1L, 0L, 0L, 0L, 1L, 1L, 1L, 1L, 1L, 0L, 0L, 1L, 1L, 1L, 0L,
0L, 0L, 0L, 1L, 0L, 0L, 0L, 1L, 1L, 0L, 0L, 0L, 0L, 0L, 1L, 0L, 0L, 0L, 0L,
1L, 0L, 1L, 1L, 0L, 0L, 1L, 0L, 0L, 1L, 1L, 1L, 0L, 1L, 1L, 1L, 0L, 1L, 1L,
0L, 0L, 0L, 0L, 0L, 1L, 1L, 1L, 1L, 1L, 0L, 1L, 1L, 0L, 1L, 1L, 0L, 1L, 0L,
0L, 0L, 0L, 0L, 1L, 0L, 1L, 1L, 0L, 1L, 0L, 1L, 0L, 1L, 0L, 0L, 0L, 1L, 1L,
0L, 1L, 0L, 0L, 0L, 0L, 0L, 1L, 0L, 0L, 0L, 1L, 0L, 1L, 1L, 0L, 0L, 0L, 0L,
0L, 0L, 1L, 0L, 1L, 0L, 1L, 1L, 1L, 0L, 0L, 1L, 1L, 0L, 1L, 0L, 1L, 0L, 0L,
1L, 0L, 1L, 0L, 1L, 0L, 1L, 1L, 0L, 0L, 1L, 0L, 1L, 1L, 0L, 1L, 1L, 0L, 1L,
1L, 1L, 1L, 0L, 0L, 0L, 0L, 0L, 1L, 0L, 1L, 1L, 0L, 1L, 0L, 1L, 0L, 1L, 1L,
0L, 1L, 1L, 0L, 1L, 1L, 0L, 0L, 0L, 1L, 0L, 0L, 1L, 0L, 1L, 0L, 1L, 0L, 1L,
0L, 1L, 1L, 1L, 1L, 1L, 1L, 1L, 1L, 0L, 0L, 1L, 1L, 1L, 0L, 1L, 0L, 1L, 1L,
1L, 1L, 0L, 0L, 1L, 0L, 0L, 1L, 0L, 1L, 0L, 1L, 0L, 1L, 1L, 1L, 0L, 0L, 0L,
1L, 1L, 0L, 1L, 0L, 1L, 1L, 1L, 1L, 1L, 0L, 1L, 1L, 1L, 0L, 0L, 1L, 1L, 1L,
1L, 0L, 1L, 1L, 1L, 0L, 1L, 1L, 1L, 0L, 1L, 0L, 1L, 1L, 0L, 1L, 1L, 1L, 0L,
0L, 1L, 0L, 0L, 1L, 1L, 1L, 0L, 1L, 1L, 0L, 0L, 1L, 1L, 1L, 0L, 0L, 1L, 1L,
1L, 1L, 1L, 1L, 1L, 1L, 0L, 1L, 0L, 1L, 1L, 1L, 0L, 0L, 0L, 1L, 1L, 1L, 1L,
1L, 1L, 1L, 0L, 1L, 0L, 1L, 0L, 0L, 1L, 0L, 1L, 0L, 0L, 0L, 0L, 1L, 0L, 0L,
1L, 0L, 1L, 0L, 0L, 1L, 1L, 1L, 0L, 0L, 0L, 1L, 0L, 1L, 0L, 0L, 0L, 1L, 0L,
0L, 1L, 1L, 1L, 1L, 0L, 1L, 1L, 1L, 1L, 1L, 1L, 1L, 0L, 1L, 1L, 0L, 1L, 1L,
0L, 0L, 0L, 1L, 1L, 0L, 1L, 1L, 1L, 1L, 1L, 1L, 1L, 1L, 0L, 1L, 0L, 0L, 0L,
1L, 1L, 1L, 1L, 0L, 0L, 0L, 1L, 1L, 0L, 1L, 1L, 0L, 1L, 0L, 1L, 0L, 1L, 1L,
0L, 1L, 1L, 1L, 1L, 0L, 0L, 0L, 1L, 0L, 0L, 0L, 1L, 1L, 1L, 0L, 0L, 1L, 0L,
0L, 1L, 1L, 1L, 0L, 0L, 1L, 0L, 1L, 0L, 1L, 0L, 1L, 0L, 0L, 0L, 0L, 1L, 1L,
0L, 0L, 1L, 1L, 1L, 1L, 1L, 1L, 0L, 1L, 0L, 1L, 1L, 0L),
MaternalAntibiotics_Mat.Abx = c(1L, 1L, 0L, 1L, 0L, 0L, 1L, 1L, 0L, 1L, 1L,
0L, 1L, 0L, 0L, 1L, 1L, 1L, 1L, 1L, 0L, 1L, 1L, 1L, 1L, 1L, 1L, 1L, 1L, 1L,
1L, 1L, 1L, 0L, 1L, 1L, 0L, 0L, 1L, 1L, 0L, 1L, 1L, 1L, 0L, 1L, 1L, 0L, 1L,
1L, 1L, 1L, 1L, 1L, 1L, 1L, 0L, 1L, 1L, 1L, 1L, 0L, 0L, 1L, 0L, 1L, 0L, 1L,
1L, 0L, 1L, 1L, 1L, 1L, 1L, 0L, 1L, 1L, 1L, 0L, 1L, 1L, 1L, 1L, 1L, 0L, 1L,
0L, 1L, 1L, 0L, 1L, 0L, 0L, 1L, 1L, 1L, 1L, 1L, 1L, 1L, 1L, 0L, 1L, 0L, 1L,
1L, 1L, 1L, 1L, 1L, 0L, 1L, 0L, 1L, 1L, 1L, 1L, 1L, 1L, 1L, 1L, 1L, 1L, 1L,
1L, 1L, 0L, 0L, 1L, 1L, 1L, 1L, 1L, 1L, 1L, 0L, 0L, 1L, 0L, 0L, 1L, 1L, 0L,
1L, 1L, 1L, 1L, 1L, 1L, 1L, 1L, 1L, 1L, 1L, 1L, 1L, 1L, 0L, 1L, 0L, 0L, 1L,
1L, 0L, 1L, 1L, 1L, 1L, 1L, 1L, 1L, 1L, 1L, 0L, 1L, 1L, 1L, 1L, 0L, 0L, 1L,
1L, 1L, 1L, 1L, 0L, 1L, 1L, 1L, 0L, 0L, 0L, 0L, 1L, 1L, 0L, 1L, 0L, 1L, 1L,
1L, 1L, 0L, 1L, 1L, 0L, 1L, 1L, 0L, 1L, 0L, 0L, 1L, 1L, 0L, 1L, 0L, 1L, 1L,
0L, 1L, 1L, 1L, 1L, 1L, 1L, 1L, 1L, 1L, 1L, 1L, 1L, 1L, 1L, 0L, 1L, 1L, 1L,
1L, 1L, 1L, 1L, 1L, 1L, 1L, 1L, 1L, 1L, 1L, 1L, 1L, 1L, 1L, 0L, 1L, 1L, 1L,
1L, 1L, 1L, 1L, 1L, 0L, 1L, 1L, 1L, 1L, 1L, 1L, 1L, 1L, 1L, 1L, 0L, 1L, 1L,
1L, 0L, 1L, 0L, 1L, 1L, 1L, 1L, 1L, 1L, 1L, 1L, 1L, 0L, 0L, 1L, 0L, 1L, 1L,
0L, 0L, 1L, 1L, 1L, 0L, 1L, 0L, 1L, 0L, 1L, 1L, 0L, 1L, 1L, 1L, 0L, 1L, 1L,
1L, 1L, 1L, 0L, 1L, 1L, 1L, 1L, 1L, 1L, 1L, 1L, 1L, 1L, 1L, 1L, 1L, 1L, 1L,
1L, 0L, 1L, 0L, 1L, 1L, 1L, 1L, 1L, 1L, 1L, 1L, 1L, 0L, 1L, 1L, 0L, 1L, 1L,
1L, 1L, 0L, 1L, 1L, 1L, 1L, 1L, 1L, 1L, 1L, 1L, 1L, 1L, 1L, 1L, 1L, 1L, 1L,
1L, 1L, 1L, 1L, 1L, 0L, 0L, 1L, 1L, 1L, 1L, 1L, 1L, 0L, 1L, 1L, 1L, 1L, 1L,
1L, 1L, 1L, 1L, 1L, 1L, 0L, 1L, 1L, 1L, 1L, 0L, 0L, 1L, 1L, 0L, 0L, 1L, 1L,
1L, 1L, 0L, 0L, 1L, 1L, 0L, 1L, 0L, 1L, 0L, 0L, 1L, 1L, 1L, 1L, 1L, 1L, 0L,
1L, 1L, 1L, 1L, 0L, 1L, 1L, 1L, 1L, 0L, 1L, 0L, 1L, 1L, 1L, 1L, 0L, 1L, 1L,
1L, 1L, 1L, 1L, 1L, 1L, 1L, 1L, 1L, 1L, 1L, 1L, 0L, 1L, 1L, 1L, 1L, 1L, 1L,
1L, 1L, 1L, 0L, 1L, 1L, 1L, 1L, 1L, 1L, 0L, 1L, 0L, 1L, 1L, 0L, 0L, 1L, 0L,
1L, 1L, 1L, 1L, 1L, 1L, 1L, 1L, 1L, 0L, 1L, 1L, 0L, 1L, 0L, 1L, 0L, 0L, 1L,
1L, 1L, 1L, 1L, 1L, 1L, 1L, 1L, 1L, 1L, 1L, 1L, 0L, 0L, 1L, 1L, 0L, 1L, 1L,
1L, 1L, 0L, 0L, 1L, 0L, 1L, 1L, 1L, 1L, 1L, 0L),
MaternalAntibiotics_None.Mat.Abx = c(0L, 0L, 1L, 0L, 1L, 1L, 0L, 0L, 1L,
0L, 0L, 1L, 0L, 1L, 1L, 0L, 0L, 0L, 0L, 0L, 1L, 0L, 0L, 0L, 0L, 0L, 0L, 0L,
0L, 0L, 0L, 0L, 0L, 1L, 0L, 0L, 1L, 1L, 0L, 0L, 1L, 0L, 0L, 0L, 1L, 0L, 0L,
1L, 0L, 0L, 0L, 0L, 0L, 0L, 0L, 0L, 1L, 0L, 0L, 0L, 0L, 1L, 1L, 0L, 1L, 0L,
1L, 0L, 0L, 1L, 0L, 0L, 0L, 0L, 0L, 1L, 0L, 0L, 0L, 1L, 0L, 0L, 0L, 0L, 0L,
1L, 0L, 1L, 0L, 0L, 1L, 0L, 1L, 1L, 0L, 0L, 0L, 0L, 0L, 0L, 0L, 0L, 1L, 0L,
1L, 0L, 0L, 0L, 0L, 0L, 0L, 1L, 0L, 1L, 0L, 0L, 0L, 0L, 0L, 0L, 0L, 0L, 0L,
0L, 0L, 0L, 0L, 1L, 1L, 0L, 0L, 0L, 0L, 0L, 0L, 0L, 1L, 1L, 0L, 1L, 1L, 0L,
0L, 1L, 0L, 0L, 0L, 0L, 0L, 0L, 0L, 0L, 0L, 0L, 0L, 0L, 0L, 0L, 1L, 0L, 1L,
1L, 0L, 0L, 1L, 0L, 0L, 0L, 0L, 0L, 0L, 0L, 0L, 0L, 1L, 0L, 0L, 0L, 0L, 1L,
1L, 0L, 0L, 0L, 0L, 0L, 1L, 0L, 0L, 0L, 1L, 1L, 1L, 1L, 0L, 0L, 1L, 0L, 1L,
0L, 0L, 0L, 0L, 1L, 0L, 0L, 1L, 0L, 0L, 1L, 0L, 1L, 1L, 0L, 0L, 1L, 0L, 1L,
0L, 0L, 1L, 0L, 0L, 0L, 0L, 0L, 0L, 0L, 0L, 0L, 0L, 0L, 0L, 0L, 0L, 1L, 0L,
0L, 0L, 0L, 0L, 0L, 0L, 0L, 0L, 0L, 0L, 0L, 0L, 0L, 0L, 0L, 0L, 0L, 1L, 0L,
0L, 0L, 0L, 0L, 0L, 0L, 0L, 1L, 0L, 0L, 0L, 0L, 0L, 0L, 0L, 0L, 0L, 0L, 1L,
0L, 0L, 0L, 1L, 0L, 1L, 0L, 0L, 0L, 0L, 0L, 0L, 0L, 0L, 0L, 1L, 1L, 0L, 1L,
0L, 0L, 1L, 1L, 0L, 0L, 0L, 1L, 0L, 1L, 0L, 1L, 0L, 0L, 1L, 0L, 0L, 0L, 1L,
0L, 0L, 0L, 0L, 0L, 1L, 0L, 0L, 0L, 0L, 0L, 0L, 0L, 0L, 0L, 0L, 0L, 0L, 0L,
0L, 0L, 0L, 1L, 0L, 1L, 0L, 0L, 0L, 0L, 0L, 0L, 0L, 0L, 0L, 1L, 0L, 0L, 1L,
0L, 0L, 0L, 0L, 1L, 0L, 0L, 0L, 0L, 0L, 0L, 0L, 0L, 0L, 0L, 0L, 0L, 0L, 0L,
0L, 0L, 0L, 0L, 0L, 0L, 0L, 1L, 1L, 0L, 0L, 0L, 0L, 0L, 0L, 1L, 0L, 0L, 0L,
0L, 0L, 0L, 0L, 0L, 0L, 0L, 0L, 1L, 0L, 0L, 0L, 0L, 1L, 1L, 0L, 0L, 1L, 1L,
0L, 0L, 0L, 0L, 1L, 1L, 0L, 0L, 1L, 0L, 1L, 0L, 1L, 1L, 0L, 0L, 0L, 0L, 0L,
0L, 1L, 0L, 0L, 0L, 0L, 1L, 0L, 0L, 0L, 0L, 1L, 0L, 1L, 0L, 0L, 0L, 0L, 1L,
0L, 0L, 0L, 0L, 0L, 0L, 0L, 0L, 0L, 0L, 0L, 0L, 0L, 0L, 1L, 0L, 0L, 0L, 0L,
0L, 0L, 0L, 0L, 0L, 1L, 0L, 0L, 0L, 0L, 0L, 0L, 1L, 0L, 1L, 0L, 0L, 1L, 1L,
0L, 1L, 0L, 0L, 0L, 0L, 0L, 0L, 0L, 0L, 0L, 1L, 0L, 0L, 1L, 0L, 1L, 0L, 1L,
1L, 0L, 0L, 0L, 0L, 0L, 0L, 0L, 0L, 0L, 0L, 0L, 0L, 0L, 1L, 1L, 0L, 0L, 1L,
0L, 0L, 0L, 0L, 1L, 1L, 0L, 1L, 0L, 0L, 0L, 0L, 0L, 1L), AnyMilk_Donor =
c(0L, 0L, 0L, 0L, 0L, 0L, 0L, 0L, 0L, 0L, 0L, 0L, 0L, 0L, 0L, 0L, 0L, 0L,
0L, 0L, 0L, 0L, 0L, 0L, 0L, 0L, 0L, 0L, 0L, 0L, 0L, 0L, 0L, 0L, 0L, 0L, 0L,
0L, 0L, 0L, 0L, 1L, 0L, 0L, 0L, 0L, 1L, 0L, 0L, 0L, 0L, 0L, 0L, 0L, 0L, 0L,
1L, 0L, 0L, 0L, 0L, 0L, 0L, 0L, 0L, 0L, 0L, 0L, 0L, 0L, 1L, 0L, 0L, 0L, 0L,
0L, 0L, 0L, 1L, 0L, 0L, 0L, 0L, 0L, 0L, 0L, 0L, 0L, 0L, 0L, 0L, 0L, 0L, 0L,
0L, 0L, 0L, 0L, 0L, 0L, 0L, 0L, 0L, 0L, 1L, 0L, 0L, 0L, 0L, 0L, 0L, 0L, 0L,
0L, 0L, 0L, 0L, 0L, 0L, 0L, 0L, 0L, 0L, 0L, 0L, 0L, 0L, 0L, 0L, 0L, 0L, 0L,
0L, 0L, 0L, 0L, 0L, 0L, 0L, 0L, 0L, 0L, 1L, 0L, 0L, 0L, 0L, 0L, 0L, 1L, 0L,
0L, 0L, 0L, 0L, 1L, 0L, 0L, 1L, 0L, 0L, 0L, 0L, 1L, 0L, 0L, 0L, 0L, 0L, 0L,
0L, 0L, 1L, 0L, 0L, 0L, 0L, 1L, 0L, 0L, 0L, 0L, 0L, 0L, 0L, 0L, 0L, 0L, 0L,
0L, 0L, 0L, 0L, 0L, 0L, 0L, 0L, 0L, 0L, 0L, 0L, 1L, 0L, 0L, 0L, 0L, 0L, 0L,
0L, 0L, 0L, 0L, 0L, 0L, 0L, 0L, 0L, 0L, 1L, 0L, 0L, 0L, 0L, 0L, 0L, 0L, 0L,
1L, 0L, 0L, 0L, 0L, 0L, 0L, 1L, 0L, 0L, 0L, 0L, 1L, 0L, 0L, 0L, 0L, 0L, 0L,
0L, 0L, 0L, 0L, 1L, 0L, 0L, 0L, 0L, 0L, 0L, 0L, 0L, 0L, 0L, 0L, 0L, 0L, 0L,
0L, 0L, 0L, 0L, 0L, 0L, 0L, 0L, 0L, 0L, 0L, 0L, 0L, 0L, 1L, 0L, 0L, 0L, 1L,
0L, 0L, 0L, 0L, 0L, 1L, 0L, 1L, 1L, 0L, 1L, 0L, 0L, 0L, 0L, 0L, 0L, 0L, 0L,
0L, 0L, 0L, 1L, 0L, 0L, 0L, 0L, 0L, 0L, 0L, 0L, 0L, 0L, 0L, 0L, 0L, 0L, 1L,
0L, 0L, 0L, 1L, 0L, 0L, 0L, 0L, 0L, 0L, 0L, 0L, 0L, 0L, 0L, 0L, 0L, 0L, 0L,
0L, 0L, 0L, 0L, 1L, 0L, 0L, 0L, 0L, 0L, 0L, 0L, 0L, 0L, 0L, 0L, 0L, 0L, 0L,
0L, 0L, 0L, 0L, 0L, 1L, 0L, 0L, 0L, 1L, 0L, 0L, 0L, 0L, 0L, 0L, 0L, 0L, 1L,
0L, 1L, 0L, 0L, 0L, 0L, 0L, 0L, 0L, 1L, 1L, 0L, 0L, 0L, 0L, 0L, 0L, 0L, 0L,
0L, 0L, 0L, 0L, 0L, 0L, 0L, 0L, 0L, 0L, 0L, 0L, 0L, 0L, 0L, 0L, 0L, 0L, 0L,
0L, 0L, 0L, 0L, 0L, 0L, 1L, 0L, 0L, 0L, 0L, 0L, 0L, 0L, 1L, 0L, 0L, 0L, 0L,
0L, 1L, 0L, 1L, 0L, 0L, 0L, 0L, 0L, 0L, 0L, 0L, 0L, 0L, 0L, 0L, 0L, 0L, 0L,
0L, 1L, 0L, 0L, 0L, 0L, 0L, 1L, 0L, 0L, 0L, 0L, 0L, 0L, 0L, 0L, 0L, 0L, 0L,
0L, 0L, 0L, 0L, 0L, 0L, 0L, 0L, 0L, 0L, 0L, 0L, 0L, 0L, 0L, 0L, 0L, 0L, 0L,
1L, 0L, 0L, 0L, 0L, 0L, 0L, 0L, 0L, 0L, 0L, 0L, 0L, 0L, 0L, 0L, 0L, 0L, 0L,
0L, 0L, 0L, 0L, 0L, 0L, 0L, 1L, 1L, 0L, 0L, 0L, 0L, 0L, 0L, 0L, 0L, 0L, 0L,
0L, 0L, 0L, 0L, 0L), AnyMilk_Mother = c(1L, 1L, 0L, 1L, 1L, 0L, 0L, 0L, 1L,
1L, 1L, 1L, 1L, 0L, 1L, 1L, 1L, 1L, 1L, 1L, 1L, 1L, 1L, 1L, 0L, 1L, 1L, 1L,
1L, 1L, 0L, 1L, 1L, 1L, 1L, 1L, 1L, 1L, 1L, 0L, 1L, 0L, 1L, 1L, 0L, 1L, 0L,
1L, 1L, 1L, 1L, 1L, 1L, 0L, 1L, 0L, 0L, 0L, 1L, 1L, 1L, 0L, 1L, 1L, 1L, 0L,
0L, 1L, 0L, 0L, 0L, 1L, 1L, 1L, 1L, 1L, 1L, 1L, 0L, 1L, 1L, 1L, 1L, 1L, 1L,
1L, 1L, 1L, 0L, 1L, 1L, 1L, 0L, 1L, 1L, 1L, 1L, 1L, 1L, 1L, 1L, 1L, 1L, 1L,
0L, 1L, 1L, 1L, 1L, 1L, 1L, 1L, 1L, 1L, 1L, 0L, 1L, 1L, 1L, 0L, 0L, 1L, 1L,
1L, 1L, 1L, 1L, 1L, 1L, 1L, 1L, 1L, 1L, 1L, 1L, 1L, 1L, 0L, 1L, 1L, 1L, 1L,
0L, 0L, 1L, 1L, 1L, 1L, 0L, 0L, 1L, 1L, 1L, 1L, 1L, 0L, 1L, 1L, 0L, 1L, 1L,
1L, 1L, 0L, 1L, 1L, 1L, 1L, 1L, 1L, 1L, 1L, 0L, 1L, 1L, 0L, 1L, 0L, 0L, 1L,
1L, 1L, 1L, 1L, 1L, 1L, 0L, 1L, 1L, 0L, 1L, 1L, 1L, 0L, 1L, 1L, 1L, 1L, 1L,
1L, 1L, 0L, 1L, 1L, 1L, 1L, 0L, 0L, 1L, 0L, 1L, 0L, 0L, 1L, 1L, 0L, 1L, 1L,
0L, 1L, 1L, 1L, 1L, 1L, 1L, 1L, 1L, 0L, 1L, 1L, 1L, 1L, 1L, 1L, 0L, 1L, 1L,
1L, 1L, 0L, 1L, 0L, 1L, 0L, 0L, 1L, 1L, 1L, 1L, 1L, 0L, 0L, 1L, 0L, 1L, 1L,
0L, 1L, 1L, 1L, 1L, 0L, 1L, 1L, 0L, 0L, 1L, 1L, 1L, 1L, 1L, 1L, 1L, 1L, 1L,
0L, 1L, 1L, 1L, 0L, 1L, 1L, 0L, 0L, 1L, 1L, 1L, 1L, 1L, 0L, 1L, 0L, 0L, 1L,
0L, 1L, 1L, 1L, 1L, 1L, 1L, 1L, 1L, 1L, 1L, 0L, 0L, 1L, 1L, 1L, 1L, 1L, 1L,
1L, 1L, 1L, 1L, 1L, 1L, 1L, 1L, 0L, 1L, 0L, 1L, 0L, 1L, 1L, 1L, 1L, 1L, 0L,
1L, 1L, 1L, 1L, 1L, 0L, 1L, 1L, 1L, 1L, 1L, 0L, 1L, 0L, 1L, 1L, 1L, 1L, 1L,
1L, 1L, 1L, 1L, 1L, 1L, 1L, 1L, 1L, 1L, 1L, 1L, 1L, 1L, 0L, 1L, 1L, 1L, 0L,
1L, 1L, 1L, 1L, 1L, 1L, 1L, 1L, 0L, 1L, 0L, 1L, 1L, 0L, 1L, 1L, 1L, 0L, 0L,
0L, 1L, 1L, 0L, 1L, 1L, 1L, 1L, 0L, 1L, 0L, 0L, 1L, 1L, 1L, 1L, 1L, 1L, 1L,
1L, 1L, 1L, 1L, 1L, 1L, 1L, 1L, 1L, 1L, 1L, 1L, 0L, 1L, 1L, 0L, 1L, 1L, 1L,
1L, 1L, 1L, 1L, 0L, 1L, 1L, 1L, 1L, 1L, 0L, 1L, 0L, 1L, 1L, 1L, 1L, 1L, 0L,
1L, 1L, 1L, 1L, 1L, 1L, 1L, 1L, 1L, 1L, 0L, 0L, 1L, 1L, 1L, 1L, 0L, 1L, 1L,
1L, 1L, 1L, 1L, 1L, 1L, 1L, 0L, 0L, 0L, 1L, 1L, 1L, 1L, 1L, 1L, 1L, 1L, 1L,
1L, 1L, 1L, 1L, 1L, 1L, 1L, 1L, 0L, 0L, 1L, 1L, 1L, 1L, 1L, 1L, 1L, 1L, 1L,
1L, 1L, 1L, 1L, 1L, 1L, 1L, 1L, 1L, 1L, 1L, 1L, 1L, 1L, 1L, 0L, 0L, 0L, 1L,
1L, 1L, 1L, 1L, 1L, 1L, 1L, 0L, 1L, 1L, 1L, 1L, 1L, 1L), AnyMilk_No.Milk =
c(0L, 0L, 1L, 0L, 0L, 1L, 1L, 1L, 0L, 0L, 0L, 0L, 0L, 1L, 0L, 0L, 0L, 0L,
0L, 0L, 0L, 0L, 0L, 0L, 1L, 0L, 0L, 0L, 0L, 0L, 1L, 0L, 0L, 0L, 0L, 0L, 0L,
0L, 0L, 1L, 0L, 0L, 0L, 0L, 1L, 0L, 0L, 0L, 0L, 0L, 0L, 0L, 0L, 1L, 0L, 1L,
0L, 1L, 0L, 0L, 0L, 1L, 0L, 0L, 0L, 1L, 1L, 0L, 1L, 1L, 0L, 0L, 0L, 0L, 0L,
0L, 0L, 0L, 0L, 0L, 0L, 0L, 0L, 0L, 0L, 0L, 0L, 0L, 1L, 0L, 0L, 0L, 1L, 0L,
0L, 0L, 0L, 0L, 0L, 0L, 0L, 0L, 0L, 0L, 0L, 0L, 0L, 0L, 0L, 0L, 0L, 0L, 0L,
0L, 0L, 1L, 0L, 0L, 0L, 1L, 1L, 0L, 0L, 0L, 0L, 0L, 0L, 0L, 0L, 0L, 0L, 0L,
0L, 0L, 0L, 0L, 0L, 1L, 0L, 0L, 0L, 0L, 0L, 1L, 0L, 0L, 0L, 0L, 1L, 0L, 0L,
0L, 0L, 0L, 0L, 0L, 0L, 0L, 0L, 0L, 0L, 0L, 0L, 0L, 0L, 0L, 0L, 0L, 0L, 0L,
0L, 0L, 0L, 0L, 0L, 1L, 0L, 0L, 1L, 0L, 0L, 0L, 0L, 0L, 0L, 0L, 1L, 0L, 0L,
1L, 0L, 0L, 0L, 1L, 0L, 0L, 0L, 0L, 0L, 0L, 0L, 0L, 0L, 0L, 0L, 0L, 1L, 1L,
0L, 1L, 0L, 1L, 1L, 0L, 0L, 1L, 0L, 0L, 0L, 0L, 0L, 0L, 0L, 0L, 0L, 0L, 0L,
0L, 0L, 0L, 0L, 0L, 0L, 0L, 0L, 0L, 0L, 0L, 0L, 0L, 0L, 1L, 0L, 1L, 1L, 0L,
0L, 0L, 0L, 0L, 0L, 1L, 0L, 1L, 0L, 0L, 1L, 0L, 0L, 0L, 0L, 1L, 0L, 0L, 1L,
1L, 0L, 0L, 0L, 0L, 0L, 0L, 0L, 0L, 0L, 1L, 0L, 0L, 0L, 0L, 0L, 0L, 1L, 0L,
0L, 0L, 0L, 0L, 0L, 0L, 0L, 0L, 0L, 0L, 0L, 0L, 0L, 0L, 0L, 0L, 0L, 0L, 0L,
0L, 0L, 1L, 0L, 0L, 0L, 0L, 0L, 0L, 0L, 0L, 0L, 0L, 0L, 0L, 0L, 0L, 0L, 0L,
0L, 1L, 0L, 0L, 0L, 0L, 0L, 0L, 0L, 1L, 0L, 0L, 0L, 0L, 0L, 1L, 0L, 0L, 0L,
0L, 0L, 1L, 0L, 0L, 0L, 0L, 0L, 0L, 0L, 0L, 0L, 0L, 0L, 0L, 0L, 0L, 0L, 0L,
0L, 0L, 0L, 0L, 0L, 0L, 0L, 0L, 0L, 0L, 0L, 0L, 0L, 0L, 0L, 0L, 0L, 0L, 0L,
0L, 0L, 0L, 0L, 1L, 0L, 0L, 0L, 1L, 0L, 0L, 0L, 0L, 1L, 0L, 0L, 0L, 0L, 1L,
0L, 1L, 1L, 0L, 0L, 0L, 0L, 0L, 0L, 0L, 0L, 0L, 0L, 0L, 0L, 0L, 0L, 0L, 0L,
0L, 0L, 0L, 1L, 0L, 0L, 0L, 0L, 0L, 0L, 0L, 0L, 0L, 0L, 0L, 0L, 0L, 0L, 0L,
0L, 0L, 0L, 0L, 0L, 0L, 0L, 0L, 0L, 1L, 0L, 0L, 0L, 0L, 0L, 0L, 0L, 0L, 0L,
0L, 0L, 1L, 0L, 0L, 0L, 0L, 0L, 0L, 0L, 0L, 0L, 0L, 0L, 0L, 0L, 0L, 1L, 1L,
1L, 0L, 0L, 0L, 0L, 0L, 0L, 0L, 0L, 0L, 0L, 0L, 0L, 0L, 0L, 0L, 0L, 0L, 1L,
0L, 0L, 0L, 0L, 0L, 0L, 0L, 0L, 0L, 0L, 0L, 0L, 0L, 0L, 0L, 0L, 0L, 0L, 0L,
0L, 0L, 0L, 0L, 0L, 0L, 1L, 0L, 0L, 0L, 0L, 0L, 0L, 0L, 0L, 0L, 0L, 1L, 0L,
0L, 0L, 0L, 0L, 0L)), class = "data.frame", row.names = c("ZJH_N12_1_4",
"N22_2_2", "N38_1_2", "ZJH_N36_2_2", "N42_1_2", "N38_2_2", "N11_2_4",
"ZJH_N14_1_2", "ZJH_N39_2_4", "N33_1_3", "ZJH_N11_2_4", "N04_2_3",
"N22_1_3", "ZJH_N57_1_4", "ZJH_N13_2_3", "N56_1_2", "N41_1_3", "N21_1_4",
"N66_1_4", "N14_2_3", "N31_1_4", "N35_2_3", "ZJH_N25_1_2", "ZJH_N25_2_4",
"ZJH_N21_1_4", "ZJH_N38_1_2", "N15_2_3", "N34_2_4", "ZJH_N23_1_3",
"ZJH_N33_2_4", "ZJH_N48_1_3", "N13_1_2", "N28_1_2", "N42_2_4",
"ZJH_N27_1_4", "N25_2_4", "ZJH_N58_2_2", "ZJH_N59_1_3", "N07_1_4",
"ZJH_N14_2_3", "N31_2_2", "N47_2_2", "N60_2_4", "ZJH_N16_1_2",
"ZJH_N31_2_3", "N13_2_2", "N46_2_4", "N32_1_2", "N24_2_3", "N64_1_2",
"N53_1_2", "N51_1_2", "N63_2_4", "ZJH_N34_1_2", "ZJH_N33_2_2",
"ZJH_N17_2_3", "N30_2_2", "ZJH_N15_1_4", "ZJH_N16_2_3", "N54_1_3",
"ZJH_N12_1_3", "ZJH_N51_1_4", "N06_1_3", "N39_1_2", "ZJH_N54_2_2",
"ZJH_N14_1_3", "ZJH_N28_1_4", "N01_2_4", "ZJH_N48_1_4", "ZJH_N28_2_4",
"N47_1_4", "ZJH_N46_2_2", "N60_2_3", "N57_2_4", "ZJH_N23_2_3",
"ZJH_N55_2_4", "N09_1_2", "N66_1_3", "N17_2_2", "ZJH_N52_2_3", "N18_2_2",
"ZJH_N26_2_4", "ZJH_N38_1_3", "N41_1_2", "N43_2_4", "N31_1_2", "N51_2_3",
"ZJH_N55_2_3", "ZJH_N19_1_2", "N29_1_3", "N31_2_4", "N62_1_4",
"ZJH_N51_2_4", "ZJH_N58_1_4", "N14_1_2", "ZJH_N18_1_4", "N67_1_2",
"N28_1_4", "ZJH_N26_1_2", "ZJH_N36_2_3", "N45_2_3", "N36_1_4", "N04_1_2",
"N57_1_3", "N30_1_3", "N56_1_3", "N34_2_2", "N02_2_2", "N62_2_3",
"N21_1_2", "N33_2_4", "N42_1_4", "N27_1_2", "ZJH_N55_1_4", "N61_2_4",
"ZJH_N14_1_4", "ZJH_N10_1_2", "N68_1_4", "N28_2_4", "ZJH_N49_1_4",
"ZJH_N47_1_4", "N54_1_4", "N13_2_3", "N01_1_3", "N52_1_3", "N66_2_2",
"N40_1_3", "ZJH_N13_1_4", "ZJH_N59_2_4", "ZJH_N18_1_2", "ZJH_N35_1_2",
"ZJH_N27_2_4", "N63_1_4", "N24_1_2", "N60_1_4", "ZJH_N24_2_4",
"ZJH_N58_2_3", "N38_1_3", "N35_1_2", "ZJH_N29_1_4", "ZJH_N58_1_2",
"N02_1_2", "N20_1_2", "ZJH_N51_2_3", "N53_2_2", "N54_1_2", "ZJH_N10_2_2",
"N08_2_2", "N11_1_3", "N17_1_4", "N44_1_4", "N16_2_2", "ZJH_N43_2_3",
"N29_1_4", "N65_1_3", "N58_2_4", "N44_1_2", "N63_2_2", "N30_1_4",
"N40_2_3", "ZJH_N22_2_4", "ZJH_N22_2_2", "N23_2_4", "N20_2_4",
"ZJH_N59_2_3", "N63_1_3", "ZJH_N46_2_4", "N29_2_3", "N64_2_2", "N41_2_3",
"N48_1_4", "ZJH_N25_1_4", "N17_2_4", "N13_1_3", "N03_1_4", "ZJH_N47_1_2",
"N52_2_4", "N20_1_4", "ZJH_N42_2_3", "ZJH_N54_1_3", "ZJH_N39_1_4",
"N25_2_2", "ZJH_N20_2_4", "ZJH_N33_1_2", "N59_1_2", "ZJH_N36_2_4",
"ZJH_N57_1_2", "N60_2_2", "N61_2_2", "ZJH_N14_2_4", "ZJH_N22_1_4",
"ZJH_N54_1_4", "ZJH_N13_2_4", "N38_1_4", "N55_1_2", "N61_1_4",
"ZJH_N30_2_4", "N22_2_4", "ZJH_N22_2_3", "N62_2_2", "ZJH_N12_1_2",
"N46_1_3", "N41_2_4", "N04_1_3", "ZJH_N27_2_2", "N14_2_4", "ZJH_N31_1_4",
"N11_1_4", "ZJH_N11_1_4", "ZJH_N28_1_2", "N44_2_4", "N38_2_3",
"ZJH_N28_2_2", "N60_1_2", "N13_1_4", "ZJH_N31_2_4", "N52_1_4",
"ZJH_N59_1_4", "N47_2_4", "ZJH_N27_2_3", "ZJH_N56_2_2", "N22_1_4",
"N44_2_3", "ZJH_N32_1_4", "N37_1_4", "N55_2_3", "ZJH_N10_2_3", "N20_1_3",
"N64_2_4", "N68_2_4", "N55_1_4", "N51_2_2", "N61_1_2", "N08_1_4",
"N17_1_3", "ZJH_N52_2_2", "N65_1_4", "N29_1_2", "N16_1_4", "N10_1_2",
"N23_1_4", "ZJH_N49_2_4", "ZJH_N26_2_2", "ZJH_N49_2_2", "ZJH_N17_1_4",
"N27_2_3", "ZJH_N23_1_4", "N26_1_4", "N36_2_4", "N52_2_2", "N10_1_4",
"ZJH_N47_2_3", "N25_1_4", "ZJH_N37_1_2", "N42_2_3", "N15_2_4",
"ZJH_N17_2_2", "ZJH_N18_1_3", "N67_1_4", "N21_2_4", "N55_2_2",
"ZJH_N48_2_4", "N56_1_4", "ZJH_N50_1_3", "ZJH_N47_2_2", "ZJH_N48_2_2",
"N21_1_3", "N54_2_4", "N07_1_2", "N22_2_3", "N40_1_2", "N34_2_3",
"N37_1_3", "ZJH_N12_2_4", "N05_2_4", "ZJH_N17_2_4", "N37_1_2", "N08_2_3",
"N42_2_2", "N49_2_3", "N06_1_4", "N14_1_4", "ZJH_N21_2_2", "N46_2_2",
"N57_1_2", "ZJH_N11_2_2", "N45_1_3", "N28_2_3", "N07_2_3", "N58_1_2",
"N04_2_4", "N30_2_4", "N46_2_3", "N05_2_2", "N10_2_4", "N67_2_2",
"ZJH_N53_2_2", "ZJH_N50_1_4", "N48_1_3", "ZJH_N45_2_2", "ZJH_N36_1_4",
"ZJH_N58_1_3", "ZJH_N32_2_2", "N05_1_2", "N53_2_3", "N38_2_4", "N58_2_3",
"N66_1_2", "N03_2_3", "N15_2_2", "N54_2_3", "N21_2_2", "ZJH_N52_1_4",
"N25_1_3", "N16_2_3", "N52_2_3", "N64_1_4", "N62_1_2", "ZJH_N54_1_2",
"N40_1_4", "N07_2_4", "N10_2_2", "N36_2_2", "ZJH_N49_1_2", "N16_1_2",
"N49_1_2", "N40_2_4", "N39_2_2", "N68_2_2", "N08_1_2", "N36_2_3",
"ZJH_N21_1_2", "N02_2_3", "ZJH_N23_1_2", "N18_1_4", "N04_1_4", "N07_2_2",
"ZJH_N51_1_3", "N14_1_3", "N45_2_2", "N66_2_3", "ZJH_N23_2_2", "N55_2_4",
"ZJH_N19_2_4", "N51_2_4", "N47_1_2", "N53_1_3", "N32_1_4", "N67_1_3",
"N48_2_2", "ZJH_N22_1_3", "N21_2_3", "N43_1_4", "N23_2_3", "ZJH_N20_2_3",
"ZJH_N56_2_3", "N29_2_4", "N40_2_2", "ZJH_N32_1_2", "N50_2_2", "N44_2_2",
"ZJH_N16_1_3", "ZJH_N24_2_2", "N19_2_4", "N50_1_3", "N10_1_3", "N41_1_4",
"N61_1_3", "N45_2_4", "N49_2_2", "N08_2_4", "N12_1_3", "N24_1_4",
"N02_2_4", "N63_1_2", "N16_2_4", "ZJH_N23_2_4", "N31_1_3", "N30_1_2",
"N48_1_2", "N17_2_3", "N50_2_4", "ZJH_N11_1_2", "ZJH_N17_1_2", "N23_2_2",
"ZJH_N58_2_4", "N63_2_3", "N11_2_3", "N47_1_3", "N49_2_4", "N01_1_2",
"N19_1_4", "ZJH_N14_2_2", "N27_1_3", "ZJH_N25_2_2", "N24_1_3",
"ZJH_N12_2_2", "ZJH_N40_1_2", "N45_1_4", "ZJH_N15_1_2", "N11_1_2",
"N53_2_4", "ZJH_N30_1_4", "ZJH_N29_1_2", "N22_1_2", "N43_1_3",
"ZJH_N53_1_4", "ZJH_N30_2_3", "N19_1_3", "N39_2_4", "N01_2_2",
"ZJH_N16_2_4", "ZJH_N13_1_2", "N05_1_4", "ZJH_N18_2_3", "N15_1_3",
"ZJH_N55_2_2", "ZJH_N10_2_4", "ZJH_N50_2_4", "N64_2_3", "ZJH_N28_2_3",
"N32_2_4", "N09_2_2", "N58_1_4", "N09_2_4", "N35_1_4", "N68_2_3",
"ZJH_N46_1_2", "ZJH_N56_2_4", "N27_1_4", "N50_2_3", "N49_1_4", "N57_1_4",
"ZJH_N54_2_4", "N43_1_2", "N67_2_3", "N45_1_2", "N10_2_3", "N06_1_2",
"N47_2_3", "ZJH_N55_1_2", "N24_2_4", "N43_2_3", "N59_1_3", "N15_1_2",
"ZJH_N31_2_2", "N59_1_4", "N62_2_4", "N39_1_3", "N12_1_4", "ZJH_N18_2_4",
"ZJH_N41_1_4", "N27_2_4", "N19_2_3", "N15_1_4", "N67_2_4", "N46_1_2",
"ZJH_N21_2_4", "ZJH_N18_2_2", "N08_1_3", "ZJH_N55_1_3", "N64_1_3",
"N58_1_3", "N09_1_3", "N68_1_2", "N18_1_2", "N29_2_2", "N16_1_3",
"N01_2_3", "N33_2_3", "ZJH_N50_2_2", "ZJH_N24_1_4", "N11_2_2",
"ZJH_N42_2_2", "ZJH_N19_2_2", "N02_1_4", "N65_2_4", "ZJH_N30_1_3",
"N19_2_2", "ZJH_N50_2_3", "N66_2_4", "N57_2_2", "ZJH_N56_1_2", "N04_2_2",
"N39_1_4", "N03_2_2", "N43_2_2", "N19_1_2", "N65_2_2", "ZJH_N11_2_3",
"N61_2_3", "N13_2_4", "ZJH_N42_1_4", "N20_2_2", "ZJH_N46_2_3",
"ZJH_N53_2_4", "N37_2_4", "N35_2_2", "N03_2_4", "ZJH_N24_1_2",
"ZJH_N53_2_3", "N18_1_3", "ZJH_N39_2_3", "ZJH_N13_2_2", "N01_1_4",
"N48_2_4", "N18_2_4", "N41_2_2", "ZJH_N20_2_2", "N25_1_2", "N54_2_2",
"N35_2_4", "ZJH_N16_2_2", "N36_1_2", "N39_2_3", "N65_1_2", "ZJH_N36_1_2",
"ZJH_N52_2_4", "ZJH_N51_1_2", "N58_2_2", "N17_1_2", "N05_2_3", "N57_2_3",
"ZJH_N24_2_3", "N14_2_2", "N07_1_3", "N32_1_3", "N32_2_3", "N65_2_3",
"ZJH_N31_1_2", "N68_1_3", "N48_2_3", "N53_1_4", "N51_1_3", "N12_1_2",
"ZJH_N39_2_2")), scale = TRUE)

-- Model Summary --

              Inertia Proportion Rank
Total         14.0000     1.0000     
Constrained    2.4539     0.1753   10
Unconstrained 11.5461     0.8247   14

Inertia is correlations

-- Note --

Some constraints or conditions were aliased because they were redundant.
This can happen if terms are linearly dependent (collinear):
‘Location_Hangzhou’, ‘SampleType_Stool’, ‘SampleCollectionWeek_Week.3’,
‘`GestationCohort_33-36 Weeks`’, ‘PostNatalAntibiotics_No.Infant.Abx’,
‘MaternalAntibiotics_None.Mat.Abx’, ‘AnyMilk_No.Milk’

-- Eigenvalues --

Eigenvalues for constrained axes:
  RDA1   RDA2   RDA3   RDA4   RDA5   RDA6   RDA7   RDA8   RDA9  RDA10 
0.8062 0.8038 0.3467 0.2079 0.1429 0.0581 0.0460 0.0273 0.0086 0.0065 

Eigenvalues for unconstrained axes:
   PC1    PC2    PC3    PC4    PC5    PC6    PC7    PC8    PC9   PC10   PC11 
1.0000 1.0000 1.0000 1.0000 0.9935 0.9914 0.9727 0.9540 0.9419 0.8571 0.7921 
  PC12   PC13   PC14 
0.6533 0.1962 0.1938 

