sample_name	resistance_type	rpm_sum	n_gene_families	SubjectID	Location	SampleType	SampleCollectionWeek
N01_1_2	intrinsic	6.506456	2	N01	UCMC	Axilla	Week.1
N01_1_2	acquired	1736.897956	41	N01	UCMC	Axilla	Week.1
N01_1_2	unknown	175.527591	9	N01	UCMC	Axilla	Week.1
N01_1_3	intrinsic	7.28012	1	N01	UCMC	Groin	Week.1
N01_1_3	acquired	1868.735529	34	N01	UCMC	Groin	Week.1
N01_1_3	unknown	225.152171	8	N01	UCMC	Groin	Week.1
N01_1_4	intrinsic	419.47323	13	N01	UCMC	Stool	Week.1
N01_1_4	acquired	6844.016722	68	N01	UCMC	Stool	Week.1
N01_1_4	unknown	1690.31406	40	N01	UCMC	Stool	Week.1
N01_2_3	intrinsic	385.11767	15	N01	UCMC	Groin	Week.3
N01_2_3	acquired	3777.106617	89	N01	UCMC	Groin	Week.3
N01_2_3	unknown	1101.816439	50	N01	UCMC	Groin	Week.3
N01_2_4	intrinsic	972.604614	19	N01	UCMC	Stool	Week.3
N01_2_4	acquired	5163.90606	77	N01	UCMC	Stool	Week.3
N01_2_4	unknown	1805.693937	48	N01	UCMC	Stool	Week.3
N01_2_2	intrinsic	110.3255	2	N01	UCMC	Axilla	Week.3
N01_2_2	acquired	7861.006097	49	N01	UCMC	Axilla	Week.3
N01_2_2	unknown	1820.462112	10	N01	UCMC	Axilla	Week.3
N02_1_3	intrinsic	0.0	0	N02	UCMC	Groin	Week.1
N02_1_3	acquired	0.0	0	N02	UCMC	Groin	Week.1
N02_1_3	unknown	2.739972	2	N02	UCMC	Groin	Week.1
N02_1_4	intrinsic	27.36103	2	N02	UCMC	Stool	Week.1
N02_1_4	acquired	3425.8552059999997	41	N02	UCMC	Stool	Week.1
N02_1_4	unknown	145.845002	10	N02	UCMC	Stool	Week.1
N02_2_2	intrinsic	11.60005	2	N02	UCMC	Axilla	Week.3
N02_2_2	acquired	2048.579485	57	N02	UCMC	Axilla	Week.3
N02_2_2	unknown	286.947423	16	N02	UCMC	Axilla	Week.3
N02_1_2	intrinsic	2.88626	1	N02	UCMC	Axilla	Week.1
N02_1_2	acquired	2264.57846	54	N02	UCMC	Axilla	Week.1
N02_1_2	unknown	388.24316899999997	8	N02	UCMC	Axilla	Week.1
N02_2_4	intrinsic	852.81509	17	N02	UCMC	Stool	Week.3
N02_2_4	acquired	4515.707625	78	N02	UCMC	Stool	Week.3
N02_2_4	unknown	1171.002555	39	N02	UCMC	Stool	Week.3
N02_2_3	intrinsic	155.330317	15	N02	UCMC	Groin	Week.3
N02_2_3	acquired	743.417301	67	N02	UCMC	Groin	Week.3
N02_2_3	unknown	240.202553	33	N02	UCMC	Groin	Week.3
N03_1_4	intrinsic	11.5453	1	N03	UCMC	Stool	Week.1
N03_1_4	acquired	3848.568808	66	N03	UCMC	Stool	Week.1
N03_1_4	unknown	210.726323	10	N03	UCMC	Stool	Week.1
N03_2_2	intrinsic	0.0	0	N03	UCMC	Axilla	Week.3
N03_2_2	acquired	2512.71255	45	N03	UCMC	Axilla	Week.3
N03_2_2	unknown	28.73855	5	N03	UCMC	Axilla	Week.3
N03_2_4	intrinsic	67.971185	12	N03	UCMC	Stool	Week.3
N03_2_4	acquired	3431.523455	77	N03	UCMC	Stool	Week.3
N03_2_4	unknown	172.760059	31	N03	UCMC	Stool	Week.3
N03_2_3	intrinsic	1.99725	1	N03	UCMC	Groin	Week.3
N03_2_3	acquired	419.160672	36	N03	UCMC	Groin	Week.3
N03_2_3	unknown	24.79916	3	N03	UCMC	Groin	Week.3
N04_1_2	intrinsic	11.0131	2	N04	UCMC	Axilla	Week.1
N04_1_2	acquired	704.417801	39	N04	UCMC	Axilla	Week.1
N04_1_2	unknown	44.660342	6	N04	UCMC	Axilla	Week.1
N04_1_3	intrinsic	3.03787	1	N04	UCMC	Groin	Week.1
N04_1_3	acquired	1176.62359	48	N04	UCMC	Groin	Week.1
N04_1_3	unknown	150.650918	10	N04	UCMC	Groin	Week.1
N04_2_2	intrinsic	4.35848	2	N04	UCMC	Axilla	Week.3
N04_2_2	acquired	682.146273	33	N04	UCMC	Axilla	Week.3
N04_2_2	unknown	9.945540000000001	3	N04	UCMC	Axilla	Week.3
N04_2_3	intrinsic	24.05711	2	N04	UCMC	Groin	Week.3
N04_2_3	acquired	851.130948	45	N04	UCMC	Groin	Week.3
N04_2_3	unknown	48.068292	13	N04	UCMC	Groin	Week.3
N04_2_4	intrinsic	11.68614	2	N04	UCMC	Stool	Week.3
N04_2_4	acquired	3602.354007	38	N04	UCMC	Stool	Week.3
N04_2_4	unknown	24.935548999999998	13	N04	UCMC	Stool	Week.3
N04_1_4	intrinsic	12.872	2	N04	UCMC	Stool	Week.1
N04_1_4	acquired	3717.278915	42	N04	UCMC	Stool	Week.1
N04_1_4	unknown	33.6575194	15	N04	UCMC	Stool	Week.1
N05_1_2	intrinsic	1.97823	1	N05	UCMC	Axilla	Week.1
N05_1_2	acquired	1682.999675	26	N05	UCMC	Axilla	Week.1
N05_1_2	unknown	13.62782	3	N05	UCMC	Axilla	Week.1
N05_1_4	intrinsic	9.37658	2	N05	UCMC	Stool	Week.1
N05_1_4	acquired	1841.079795	48	N05	UCMC	Stool	Week.1
N05_1_4	unknown	88.30649	6	N05	UCMC	Stool	Week.1
N05_2_2	intrinsic	0.0	0	N05	UCMC	Axilla	Week.3
N05_2_2	acquired	1949.600979	32	N05	UCMC	Axilla	Week.3
N05_2_2	unknown	8.329754	3	N05	UCMC	Axilla	Week.3
N05_2_3	intrinsic	313.68068999999997	12	N05	UCMC	Groin	Week.3
N05_2_3	acquired	1826.691435	64	N05	UCMC	Groin	Week.3
N05_2_3	unknown	202.432953	16	N05	UCMC	Groin	Week.3
N05_1_3	intrinsic	0.0	0	N05	UCMC	Groin	Week.1
N05_1_3	acquired	75.10879800000001	11	N05	UCMC	Groin	Week.1
N05_1_3	unknown	30.784733	5	N05	UCMC	Groin	Week.1
N05_2_4	intrinsic	305.04143	12	N05	UCMC	Stool	Week.3
N05_2_4	acquired	3214.138402	74	N05	UCMC	Stool	Week.3
N05_2_4	unknown	230.29909	16	N05	UCMC	Stool	Week.3
N06_1_2	intrinsic	40.2831	1	N06	UCMC	Axilla	Week.1
N06_1_2	acquired	4175.18745	31	N06	UCMC	Axilla	Week.1
N06_1_2	unknown	1136.2352130000002	8	N06	UCMC	Axilla	Week.1
N06_1_3	intrinsic	219.42813	14	N06	UCMC	Groin	Week.1
N06_1_3	acquired	1703.988775	63	N06	UCMC	Groin	Week.1
N06_1_3	unknown	425.997074	34	N06	UCMC	Groin	Week.1
N06_1_4	intrinsic	308.73881	13	N06	UCMC	Stool	Week.1
N06_1_4	acquired	3532.549838	75	N06	UCMC	Stool	Week.1
N06_1_4	unknown	707.024212	38	N06	UCMC	Stool	Week.1
N07_1_3	intrinsic	2.36958	1	N07	UCMC	Groin	Week.3
N07_1_3	acquired	3272.584735	48	N07	UCMC	Groin	Week.3
N07_1_3	unknown	401.385579	5	N07	UCMC	Groin	Week.3
N07_1_4	intrinsic	7.24518	1	N07	UCMC	Stool	Week.1
N07_1_4	acquired	4494.843379	49	N07	UCMC	Stool	Week.1
N07_1_4	unknown	85.66743	4	N07	UCMC	Stool	Week.1
N07_2_2	intrinsic	1.54019	1	N07	UCMC	Axilla	Week.3
N07_2_2	acquired	436.996491	37	N07	UCMC	Axilla	Week.3
N07_2_2	unknown	48.451858	4	N07	UCMC	Axilla	Week.3
N07_2_3	intrinsic	304.67755999999997	15	N07	UCMC	Groin	Week.3
N07_2_3	acquired	2549.468903	75	N07	UCMC	Groin	Week.3
N07_2_3	unknown	1341.549229	40	N07	UCMC	Groin	Week.3
N07_2_4	intrinsic	1021.312	16	N07	UCMC	Stool	Week.3
N07_2_4	acquired	2921.341407	43	N07	UCMC	Stool	Week.3
N07_2_4	unknown	3494.00223	33	N07	UCMC	Stool	Week.3
N07_1_2	intrinsic	5.19882	1	N07	UCMC	Axilla	Week.3
N07_1_2	acquired	5212.439354	36	N07	UCMC	Axilla	Week.3
N07_1_2	unknown	50.226600000000005	2	N07	UCMC	Axilla	Week.3
N08_1_2	intrinsic	63.467	2	N08	UCMC	Axilla	Week.1
N08_1_2	acquired	4797.281174	46	N08	UCMC	Axilla	Week.1
N08_1_2	unknown	306.720938	8	N08	UCMC	Axilla	Week.1
N08_1_3	intrinsic	3.67403	1	N08	UCMC	Groin	Week.1
N08_1_3	acquired	2439.795602	55	N08	UCMC	Groin	Week.1
N08_1_3	unknown	31.703384000000003	5	N08	UCMC	Groin	Week.1
N08_1_4	intrinsic	15.3605	1	N08	UCMC	Stool	Week.1
N08_1_4	acquired	6444.424114	62	N08	UCMC	Stool	Week.1
N08_1_4	unknown	99.554311	6	N08	UCMC	Stool	Week.1
N08_2_3	intrinsic	100.63716	13	N08	UCMC	Groin	Week.3
N08_2_3	acquired	850.436353	56	N08	UCMC	Groin	Week.3
N08_2_3	unknown	210.726216	32	N08	UCMC	Groin	Week.3
N08_2_4	intrinsic	1118.8066	14	N08	UCMC	Stool	Week.3
N08_2_4	acquired	7881.969322	71	N08	UCMC	Stool	Week.3
N08_2_4	unknown	1810.97154	36	N08	UCMC	Stool	Week.3
N08_2_2	intrinsic	29.635445	9	N08	UCMC	Axilla	Week.3
N08_2_2	acquired	4478.129286	59	N08	UCMC	Axilla	Week.3
N08_2_2	unknown	101.808653	30	N08	UCMC	Axilla	Week.3
N09_1_2	intrinsic	59.502300000000005	2	N09	UCMC	Axilla	Week.1
N09_1_2	acquired	2626.25974	41	N09	UCMC	Axilla	Week.1
N09_1_2	unknown	513.745228	27	N09	UCMC	Axilla	Week.1
N09_1_4	intrinsic	0.0	0	N09	UCMC	Stool	Week.1
N09_1_4	acquired	0.0	0	N09	UCMC	Stool	Week.1
N09_1_4	unknown	0.0	0	N09	UCMC	Stool	Week.1
N09_2_2	intrinsic	2.88061	1	N09	UCMC	Axilla	Week.3
N09_2_2	acquired	565.971378	29	N09	UCMC	Axilla	Week.3
N09_2_2	unknown	14.425906	3	N09	UCMC	Axilla	Week.3
N09_2_3	intrinsic	0.0	0	N09	UCMC	Groin	Week.3
N09_2_3	acquired	0.0	0	N09	UCMC	Groin	Week.3
N09_2_3	unknown	0.0	0	N09	UCMC	Groin	Week.3
N09_2_4	intrinsic	1214.63412	14	N09	UCMC	Stool	Week.3
N09_2_4	acquired	8134.445024	66	N09	UCMC	Stool	Week.3
N09_2_4	unknown	2339.617961	36	N09	UCMC	Stool	Week.3
N09_1_3	intrinsic	8.11014	1	N09	UCMC	Groin	Week.1
N09_1_3	acquired	435.016486	17	N09	UCMC	Groin	Week.1
N09_1_3	unknown	41.9512	2	N09	UCMC	Groin	Week.1
N10_1_2	intrinsic	13.0437	1	N10	UCMC	Axilla	Week.1
N10_1_2	acquired	668.667885	36	N10	UCMC	Axilla	Week.1
N10_1_2	unknown	7.46196	3	N10	UCMC	Axilla	Week.1
N10_1_4	intrinsic	285.6461	4	N10	UCMC	Stool	Week.1
N10_1_4	acquired	3215.53201	37	N10	UCMC	Stool	Week.1
N10_1_4	unknown	801.361117	17	N10	UCMC	Stool	Week.1
N10_2_2	intrinsic	0.0	0	N10	UCMC	Axilla	Week.3
N10_2_2	acquired	1583.295519	40	N10	UCMC	Axilla	Week.3
N10_2_2	unknown	28.75962	2	N10	UCMC	Axilla	Week.3
N10_2_3	intrinsic	78.58954	4	N10	UCMC	Groin	Week.3
N10_2_3	acquired	1510.173395	60	N10	UCMC	Groin	Week.3
N10_2_3	unknown	177.501337	17	N10	UCMC	Groin	Week.3
N10_1_3	intrinsic	282.3031	4	N10	UCMC	Groin	Week.1
N10_1_3	acquired	1901.438907	42	N10	UCMC	Groin	Week.1
N10_1_3	unknown	541.1074600000001	18	N10	UCMC	Groin	Week.1
N10_2_4	intrinsic	35.57906	3	N10	UCMC	Stool	Week.3
N10_2_4	acquired	594.617856	24	N10	UCMC	Stool	Week.3
N10_2_4	unknown	71.96843	11	N10	UCMC	Stool	Week.3
N11_1_2	intrinsic	0.0	0	N11	UCMC	Axilla	Week.1
N11_1_2	acquired	1839.959789	35	N11	UCMC	Axilla	Week.1
N11_1_2	unknown	8.732544	5	N11	UCMC	Axilla	Week.1
N11_1_3	intrinsic	5.46922	1	N11	UCMC	Groin	Week.1
N11_1_3	acquired	180.20639	21	N11	UCMC	Groin	Week.1
N11_1_3	unknown	34.236716	6	N11	UCMC	Groin	Week.1
N11_1_4	intrinsic	38.8259	1	N11	UCMC	Stool	Week.1
N11_1_4	acquired	4097.5262	45	N11	UCMC	Stool	Week.1
N11_1_4	unknown	896.3477710000001	14	N11	UCMC	Stool	Week.1
N11_2_3	intrinsic	566.15729	14	N11	UCMC	Groin	Week.3
N11_2_3	acquired	2361.259169	52	N11	UCMC	Groin	Week.3
N11_2_3	unknown	819.832129	43	N11	UCMC	Groin	Week.3
N11_2_4	intrinsic	1017.78342	15	N11	UCMC	Stool	Week.3
N11_2_4	acquired	4575.855578	61	N11	UCMC	Stool	Week.3
N11_2_4	unknown	1536.32715	40	N11	UCMC	Stool	Week.3
N11_2_2	intrinsic	16.52485	2	N11	UCMC	Axilla	Week.3
N11_2_2	acquired	4551.181576	47	N11	UCMC	Axilla	Week.3
N11_2_2	unknown	15.486836	3	N11	UCMC	Axilla	Week.3
N12_1_2	intrinsic	0.0	0	N12	UCMC	Axilla	Week.1
N12_1_2	acquired	5857.862688	51	N12	UCMC	Axilla	Week.1
N12_1_2	unknown	1647.690603	6	N12	UCMC	Axilla	Week.1
N12_1_3	intrinsic	56.383219000000004	13	N12	UCMC	Groin	Week.1
N12_1_3	acquired	2983.8679	49	N12	UCMC	Groin	Week.1
N12_1_3	unknown	139.405053	33	N12	UCMC	Groin	Week.1
N12_1_4	intrinsic	69.38047	13	N12	UCMC	Stool	Week.1
N12_1_4	acquired	3648.7758949999998	44	N12	UCMC	Stool	Week.1
N12_1_4	unknown	140.072903	30	N12	UCMC	Stool	Week.1
N13_1_2	intrinsic	0.0	0	N13	UCMC	Axilla	Week.1
N13_1_2	acquired	152.116832	15	N13	UCMC	Axilla	Week.1
N13_1_2	unknown	19.79584	2	N13	UCMC	Axilla	Week.1
N13_1_3	intrinsic	0.0	0	N13	UCMC	Groin	Week.1
N13_1_3	acquired	28.214724999999998	2	N13	UCMC	Groin	Week.1
N13_1_3	unknown	4.652786	3	N13	UCMC	Groin	Week.1
N13_1_4	intrinsic	0.0	0	N13	UCMC	Stool	Week.1
N13_1_4	acquired	18.18941	6	N13	UCMC	Stool	Week.1
N13_1_4	unknown	126.91785999999999	19	N13	UCMC	Stool	Week.1
N13_2_3	intrinsic	39.383606	13	N13	UCMC	Groin	Week.3
N13_2_3	acquired	153.839407	29	N13	UCMC	Groin	Week.3
N13_2_3	unknown	23.606699000000003	10	N13	UCMC	Groin	Week.3
N13_2_4	intrinsic	1414.9229	14	N13	UCMC	Stool	Week.3
N13_2_4	acquired	5857.94075	34	N13	UCMC	Stool	Week.3
N13_2_4	unknown	827.375101	35	N13	UCMC	Stool	Week.3
N13_2_2	intrinsic	157.571865	14	N13	UCMC	Axilla	Week.3
N13_2_2	acquired	3049.807788	66	N13	UCMC	Axilla	Week.3
N13_2_2	unknown	127.931439	16	N13	UCMC	Axilla	Week.3
N14_1_2	intrinsic	0.967491	1	N14	UCMC	Axilla	Week.1
N14_1_2	acquired	5548.380328	30	N14	UCMC	Axilla	Week.1
N14_1_2	unknown	232.9639	10	N14	UCMC	Axilla	Week.1
N14_1_4	intrinsic	12.996556	4	N14	UCMC	Stool	Week.1
N14_1_4	acquired	359.029997	14	N14	UCMC	Stool	Week.1
N14_1_4	unknown	151.897143	9	N14	UCMC	Stool	Week.1
N14_2_2	intrinsic	0.0	0	N14	UCMC	Axilla	Week.3
N14_2_2	acquired	664.554034	21	N14	UCMC	Axilla	Week.3
N14_2_2	unknown	18.15224	7	N14	UCMC	Axilla	Week.3
N14_2_3	intrinsic	63.099169	15	N14	UCMC	Groin	Week.3
N14_2_3	acquired	408.52347	57	N14	UCMC	Groin	Week.3
N14_2_3	unknown	116.855083	49	N14	UCMC	Groin	Week.3
N14_2_4	intrinsic	89.742183	14	N14	UCMC	Stool	Week.3
N14_2_4	acquired	820.421967	59	N14	UCMC	Stool	Week.3
N14_2_4	unknown	212.666498	48	N14	UCMC	Stool	Week.3
N14_1_3	intrinsic	0.0	0	N14	UCMC	Groin	Week.1
N14_1_3	acquired	29.975087	5	N14	UCMC	Groin	Week.1
N14_1_3	unknown	0.269384	1	N14	UCMC	Groin	Week.1
N15_1_3	intrinsic	0.0	0	N15	UCMC	Groin	Week.1
N15_1_3	acquired	701.573348	38	N15	UCMC	Groin	Week.1
N15_1_3	unknown	2.235718	5	N15	UCMC	Groin	Week.1
N15_1_4	intrinsic	336.55821000000003	12	N15	UCMC	Stool	Week.1
N15_1_4	acquired	3908.809193	72	N15	UCMC	Stool	Week.1
N15_1_4	unknown	645.424743	44	N15	UCMC	Stool	Week.1
N15_2_2	intrinsic	1.17	1	N15	UCMC	Axilla	Week.3
N15_2_2	acquired	608.208562	17	N15	UCMC	Axilla	Week.3
N15_2_2	unknown	9.61296	2	N15	UCMC	Axilla	Week.3
N15_1_2	intrinsic	11.0365	2	N15	UCMC	Axilla	Week.1
N15_1_2	acquired	3369.55114	65	N15	UCMC	Axilla	Week.1
N15_1_2	unknown	107.929579	6	N15	UCMC	Axilla	Week.1
N15_2_4	intrinsic	1108.52877	16	N15	UCMC	Stool	Week.3
N15_2_4	acquired	6112.8085	43	N15	UCMC	Stool	Week.3
N15_2_4	unknown	3176.31171	33	N15	UCMC	Stool	Week.3
N15_2_3	intrinsic	988.51445	16	N15	UCMC	Groin	Week.3
N15_2_3	acquired	6167.020972	47	N15	UCMC	Groin	Week.3
N15_2_3	unknown	2231.88712	39	N15	UCMC	Groin	Week.3
N16_1_2	intrinsic	4.92231	2	N16	UCMC	Axilla	Week.1
N16_1_2	acquired	1621.404802	37	N16	UCMC	Axilla	Week.1
N16_1_2	unknown	45.707176	12	N16	UCMC	Axilla	Week.1
N16_1_3	intrinsic	36.043577	7	N16	UCMC	Groin	Week.1
N16_1_3	acquired	1866.095244	64	N16	UCMC	Groin	Week.1
N16_1_3	unknown	104.49942300000001	41	N16	UCMC	Groin	Week.1
N16_2_2	intrinsic	1.24769	1	N16	UCMC	Axilla	Week.3
N16_2_2	acquired	2163.970493	33	N16	UCMC	Axilla	Week.3
N16_2_2	unknown	10.96845	3	N16	UCMC	Axilla	Week.3
N16_2_3	intrinsic	742.0711799999999	17	N16	UCMC	Groin	Week.3
N16_2_3	acquired	5547.356671	85	N16	UCMC	Groin	Week.3
N16_2_3	unknown	1624.303362	63	N16	UCMC	Groin	Week.3
N16_2_4	intrinsic	924.32878	16	N16	UCMC	Stool	Week.3
N16_2_4	acquired	5374.658604	72	N16	UCMC	Stool	Week.3
N16_2_4	unknown	2404.221123	61	N16	UCMC	Stool	Week.3
N16_1_4	intrinsic	182.09546	11	N16	UCMC	Stool	Week.1
N16_1_4	acquired	2722.530206	89	N16	UCMC	Stool	Week.1
N16_1_4	unknown	385.43325	54	N16	UCMC	Stool	Week.1
N17_1_2	intrinsic	12.3471	1	N17	UCMC	Axilla	Week.1
N17_1_2	acquired	4184.953352	41	N17	UCMC	Axilla	Week.1
N17_1_2	unknown	103.158182	6	N17	UCMC	Axilla	Week.1
N17_1_3	intrinsic	502.09378	13	N17	UCMC	Groin	Week.1
N17_1_3	acquired	3962.636255	60	N17	UCMC	Groin	Week.1
N17_1_3	unknown	302.565361	16	N17	UCMC	Groin	Week.1
N17_2_2	intrinsic	4.42244	1	N17	UCMC	Axilla	Week.3
N17_2_2	acquired	1754.46498	24	N17	UCMC	Axilla	Week.3
N17_2_2	unknown	26.05094	2	N17	UCMC	Axilla	Week.3
N17_2_3	intrinsic	196.43231	13	N17	UCMC	Groin	Week.3
N17_2_3	acquired	3498.021923	89	N17	UCMC	Groin	Week.3
N17_2_3	unknown	465.61163700000003	43	N17	UCMC	Groin	Week.3
N17_2_4	intrinsic	467.63365999999996	10	N17	UCMC	Stool	Week.3
N17_2_4	acquired	1010.83948	20	N17	UCMC	Stool	Week.3
N17_2_4	unknown	789.2387	24	N17	UCMC	Stool	Week.3
N17_1_4	intrinsic	1371.9907	14	N17	UCMC	Stool	Week.1
N17_1_4	acquired	5700.100444	50	N17	UCMC	Stool	Week.1
N17_1_4	unknown	715.64876	13	N17	UCMC	Stool	Week.1
N18_1_3	intrinsic	0.959052	1	N18	UCMC	Groin	Week.1
N18_1_3	acquired	77.543998	13	N18	UCMC	Groin	Week.1
N18_1_3	unknown	6.43492	2	N18	UCMC	Groin	Week.1
N18_1_4	intrinsic	75.42869999999999	2	N18	UCMC	Stool	Week.1
N18_1_4	acquired	7611.945172	71	N18	UCMC	Stool	Week.1
N18_1_4	unknown	326.960193	23	N18	UCMC	Stool	Week.1
N18_2_2	intrinsic	9.43277	1	N18	UCMC	Axilla	Week.3
N18_2_2	acquired	5776.27989	36	N18	UCMC	Axilla	Week.3
N18_2_2	unknown	50.12185	3	N18	UCMC	Axilla	Week.3
N18_1_2	intrinsic	2.75944	1	N18	UCMC	Axilla	Week.1
N18_1_2	acquired	1307.190706	24	N18	UCMC	Axilla	Week.1
N18_1_2	unknown	30.112180000000002	2	N18	UCMC	Axilla	Week.1
N18_2_4	intrinsic	0.0	0	N18	UCMC	Stool	Week.3
N18_2_4	acquired	69.97402	5	N18	UCMC	Stool	Week.3
N18_2_4	unknown	207.78508	12	N18	UCMC	Stool	Week.3
N18_2_3	intrinsic	0.0	0	N18	UCMC	Groin	Week.3
N18_2_3	acquired	0.0	0	N18	UCMC	Groin	Week.3
N18_2_3	unknown	0.0	0	N18	UCMC	Groin	Week.3
N19_1_2	intrinsic	14.6595	1	N19	UCMC	Axilla	Week.1
N19_1_2	acquired	10666.993958	41	N19	UCMC	Axilla	Week.1
N19_1_2	unknown	240.494354	7	N19	UCMC	Axilla	Week.1
N19_1_3	intrinsic	275.09649	13	N19	UCMC	Groin	Week.1
N19_1_3	acquired	1768.50562	62	N19	UCMC	Groin	Week.1
N19_1_3	unknown	624.208972	41	N19	UCMC	Groin	Week.1
N19_1_4	intrinsic	736.2801099999999	13	N19	UCMC	Stool	Week.1
N19_1_4	acquired	4944.448679	61	N19	UCMC	Stool	Week.1
N19_1_4	unknown	1624.925588	54	N19	UCMC	Stool	Week.1
N19_2_3	intrinsic	35.529363000000004	2	N19	UCMC	Groin	Week.3
N19_2_3	acquired	5006.17709	62	N19	UCMC	Groin	Week.3
N19_2_3	unknown	463.454633	27	N19	UCMC	Groin	Week.3
N19_2_4	intrinsic	300.59484	15	N19	UCMC	Stool	Week.3
N19_2_4	acquired	3470.91597	51	N19	UCMC	Stool	Week.3
N19_2_4	unknown	692.00335	46	N19	UCMC	Stool	Week.3
N19_2_2	intrinsic	7.88867	1	N19	UCMC	Axilla	Week.3
N19_2_2	acquired	4104.540895	34	N19	UCMC	Axilla	Week.3
N19_2_2	unknown	40.412668	3	N19	UCMC	Axilla	Week.3
N20_1_2	intrinsic	0.0	0	N20	UCMC	Axilla	Week.1
N20_1_2	acquired	222.772503	13	N20	UCMC	Axilla	Week.1
N20_1_2	unknown	0.0	0	N20	UCMC	Axilla	Week.1
N20_1_4	intrinsic	97.4219	1	N20	UCMC	Stool	Week.1
N20_1_4	acquired	12651.623485	37	N20	UCMC	Stool	Week.1
N20_1_4	unknown	2198.59903	9	N20	UCMC	Stool	Week.1
N20_2_2	intrinsic	1.37876	1	N20	UCMC	Axilla	Week.3
N20_2_2	acquired	2289.302752	28	N20	UCMC	Axilla	Week.3
N20_2_2	unknown	14.7003	2	N20	UCMC	Axilla	Week.3
N20_2_3	intrinsic	0.0	0	N20	UCMC	Groin	Week.3
N20_2_3	acquired	0.0	0	N20	UCMC	Groin	Week.3
N20_2_3	unknown	0.0	0	N20	UCMC	Groin	Week.3
N20_1_3	intrinsic	18.3728	1	N20	UCMC	Groin	Week.1
N20_1_3	acquired	2243.223067	45	N20	UCMC	Groin	Week.1
N20_1_3	unknown	301.23221	6	N20	UCMC	Groin	Week.1
N20_2_4	intrinsic	636.5264999999999	12	N20	UCMC	Stool	Week.3
N20_2_4	acquired	4004.9641	42	N20	UCMC	Stool	Week.3
N20_2_4	unknown	1248.2071799999999	28	N20	UCMC	Stool	Week.3
N21_1_3	intrinsic	796.1290799999999	17	N21	UCMC	Groin	Week.1
N21_1_3	acquired	5476.261692	99	N21	UCMC	Groin	Week.1
N21_1_3	unknown	2310.756853	55	N21	UCMC	Groin	Week.1
N21_1_4	intrinsic	887.04508	16	N21	UCMC	Stool	Week.1
N21_1_4	acquired	5079.87112	68	N21	UCMC	Stool	Week.1
N21_1_4	unknown	2623.19743	48	N21	UCMC	Stool	Week.1
N21_2_2	intrinsic	127.310577	16	N21	UCMC	Axilla	Week.3
N21_2_2	acquired	1839.02143	85	N21	UCMC	Axilla	Week.3
N21_2_2	unknown	310.882302	44	N21	UCMC	Axilla	Week.3
N21_1_2	intrinsic	115.03788	13	N21	UCMC	Axilla	Week.1
N21_1_2	acquired	3611.007853	83	N21	UCMC	Axilla	Week.1
N21_1_2	unknown	171.512361	19	N21	UCMC	Axilla	Week.1
N21_2_4	intrinsic	1260.88534	17	N21	UCMC	Stool	Week.3
N21_2_4	acquired	5586.70382	56	N21	UCMC	Stool	Week.3
N21_2_4	unknown	3432.9523	44	N21	UCMC	Stool	Week.3
N21_2_3	intrinsic	1358.69976	16	N21	UCMC	Groin	Week.3
N21_2_3	acquired	6017.4457	48	N21	UCMC	Groin	Week.3
N21_2_3	unknown	3796.29235	39	N21	UCMC	Groin	Week.3
N22_1_2	intrinsic	27.674067	12	N22	UCMC	Axilla	Week.1
N22_1_2	acquired	634.976906	52	N22	UCMC	Axilla	Week.1
N22_1_2	unknown	25.359379	9	N22	UCMC	Axilla	Week.1
N22_1_3	intrinsic	86.923871	13	N22	UCMC	Groin	Week.1
N22_1_3	acquired	1257.976949	69	N22	UCMC	Groin	Week.1
N22_1_3	unknown	92.968767	19	N22	UCMC	Groin	Week.1
N22_2_2	intrinsic	63.886371999999994	6	N22	UCMC	Axilla	Week.3
N22_2_2	acquired	21108.607702	62	N22	UCMC	Axilla	Week.3
N22_2_2	unknown	478.474742	13	N22	UCMC	Axilla	Week.3
N22_2_3	intrinsic	1000.17156	17	N22	UCMC	Groin	Week.3
N22_2_3	acquired	2173.673727	66	N22	UCMC	Groin	Week.3
N22_2_3	unknown	734.88914	27	N22	UCMC	Groin	Week.3
N22_2_4	intrinsic	963.15124	16	N22	UCMC	Stool	Week.3
N22_2_4	acquired	2062.75044	46	N22	UCMC	Stool	Week.3
N22_2_4	unknown	735.63201	27	N22	UCMC	Stool	Week.3
N22_1_4	intrinsic	1250.4865	14	N22	UCMC	Stool	Week.1
N22_1_4	acquired	6050.89497	42	N22	UCMC	Stool	Week.1
N22_1_4	unknown	1298.4843	14	N22	UCMC	Stool	Week.1
N23_2_2	intrinsic	59.534543	12	N23	UCMC	Axilla	Week.3
N23_2_2	acquired	3057.37921	80	N23	UCMC	Axilla	Week.3
N23_2_2	unknown	241.8820008	40	N23	UCMC	Axilla	Week.3
N23_2_3	intrinsic	239.85184999999998	14	N23	UCMC	Groin	Week.3
N23_2_3	acquired	3404.341739	93	N23	UCMC	Groin	Week.3
N23_2_3	unknown	506.6745907	40	N23	UCMC	Groin	Week.3
N23_2_4	intrinsic	749.70339	13	N23	UCMC	Stool	Week.3
N23_2_4	acquired	5317.694019	48	N23	UCMC	Stool	Week.3
N23_2_4	unknown	1509.80539	34	N23	UCMC	Stool	Week.3
N23_1_4	intrinsic	125.09609999999999	2	N23	UCMC	Stool	Week.1
N23_1_4	acquired	6496.53435	59	N23	UCMC	Stool	Week.1
N23_1_4	unknown	779.330026	20	N23	UCMC	Stool	Week.1
N24_1_2	intrinsic	2.68383	1	N24	UCMC	Axilla	Week.1
N24_1_2	acquired	122.020741	26	N24	UCMC	Axilla	Week.1
N24_1_2	unknown	8.9877	3	N24	UCMC	Axilla	Week.1
N24_1_3	intrinsic	31.350713	12	N24	UCMC	Groin	Week.1
N24_1_3	acquired	186.879342	47	N24	UCMC	Groin	Week.1
N24_1_3	unknown	54.457452	16	N24	UCMC	Groin	Week.1
N24_1_4	intrinsic	912.6618	14	N24	UCMC	Stool	Week.1
N24_1_4	acquired	4506.47741	74	N24	UCMC	Stool	Week.1
N24_1_4	unknown	1542.43627	48	N24	UCMC	Stool	Week.1
N24_2_4	intrinsic	797.24711	14	N24	UCMC	Stool	Week.3
N24_2_4	acquired	3068.39038	42	N24	UCMC	Stool	Week.3
N24_2_4	unknown	1339.32265	25	N24	UCMC	Stool	Week.3
N24_2_3	intrinsic	791.03415	13	N24	UCMC	Groin	Week.3
N24_2_3	acquired	5372.110027	91	N24	UCMC	Groin	Week.3
N24_2_3	unknown	1477.138344	48	N24	UCMC	Groin	Week.3
N25_1_2	intrinsic	19.9271	1	N25	UCMC	Axilla	Week.1
N25_1_2	acquired	2803.539872	55	N25	UCMC	Axilla	Week.1
N25_1_2	unknown	225.30459	6	N25	UCMC	Axilla	Week.1
N25_1_3	intrinsic	0.717368	1	N25	UCMC	Groin	Week.1
N25_1_3	acquired	163.001834	18	N25	UCMC	Groin	Week.1
N25_1_3	unknown	3.400852	2	N25	UCMC	Groin	Week.1
N25_2_2	intrinsic	92.726957	14	N25	UCMC	Axilla	Week.3
N25_2_2	acquired	3265.578218	69	N25	UCMC	Axilla	Week.3
N25_2_2	unknown	177.7336616	42	N25	UCMC	Axilla	Week.3
N25_2_3	intrinsic	0.0	0	N25	UCMC	Groin	Week.3
N25_2_3	acquired	0.0	0	N25	UCMC	Groin	Week.3
N25_2_3	unknown	0.0	0	N25	UCMC	Groin	Week.3
N25_2_4	intrinsic	760.79307	13	N25	UCMC	Stool	Week.3
N25_2_4	acquired	3237.57544	51	N25	UCMC	Stool	Week.3
N25_2_4	unknown	1297.5342	39	N25	UCMC	Stool	Week.3
N25_1_4	intrinsic	1206.4172	14	N25	UCMC	Stool	Week.1
N25_1_4	acquired	4234.034918	62	N25	UCMC	Stool	Week.1
N25_1_4	unknown	2192.32922	47	N25	UCMC	Stool	Week.1
N26_1_4	intrinsic	11.22909	2	N26	UCMC	Stool	Week.1
N26_1_4	acquired	1994.72824	35	N26	UCMC	Stool	Week.1
N26_1_4	unknown	60.83952	5	N26	UCMC	Stool	Week.1
N27_1_3	intrinsic	40.124192	13	N27	UCMC	Groin	Week.1
N27_1_3	acquired	592.706055	60	N27	UCMC	Groin	Week.1
N27_1_3	unknown	85.795054	29	N27	UCMC	Groin	Week.1
N27_1_4	intrinsic	423.80094	12	N27	UCMC	Stool	Week.1
N27_1_4	acquired	2238.78509	41	N27	UCMC	Stool	Week.1
N27_1_4	unknown	1000.71163	26	N27	UCMC	Stool	Week.1
N27_2_3	intrinsic	261.65943	12	N27	UCMC	Groin	Week.3
N27_2_3	acquired	4177.461915	98	N27	UCMC	Groin	Week.3
N27_2_3	unknown	413.305067	39	N27	UCMC	Groin	Week.3
N27_1_2	intrinsic	19.5604	1	N27	UCMC	Axilla	Week.1
N27_1_2	acquired	10000.737902	54	N27	UCMC	Axilla	Week.1
N27_1_2	unknown	197.31341940000002	8	N27	UCMC	Axilla	Week.1
N27_2_4	intrinsic	376.19337	13	N27	UCMC	Stool	Week.3
N27_2_4	acquired	4883.15609	66	N27	UCMC	Stool	Week.3
N27_2_4	unknown	675.084323	31	N27	UCMC	Stool	Week.3
N28_1_2	intrinsic	63.71341	5	N28	UCMC	Axilla	Week.1
N28_1_2	acquired	7883.512446	48	N28	UCMC	Axilla	Week.1
N28_1_2	unknown	179.313579	18	N28	UCMC	Axilla	Week.1
N28_1_3	intrinsic	0.0	0	N28	UCMC	Groin	Week.1
N28_1_3	acquired	40.83064	1	N28	UCMC	Groin	Week.1
N28_1_3	unknown	0.0	0	N28	UCMC	Groin	Week.1
N28_1_4	intrinsic	591.4550999999999	12	N28	UCMC	Stool	Week.1
N28_1_4	acquired	3556.97718	41	N28	UCMC	Stool	Week.1
N28_1_4	unknown	1297.86089	30	N28	UCMC	Stool	Week.1
N28_2_3	intrinsic	525.47551	14	N28	UCMC	Groin	Week.3
N28_2_3	acquired	6762.505036	100	N28	UCMC	Groin	Week.3
N28_2_3	unknown	1250.3708793	48	N28	UCMC	Groin	Week.3
N28_2_4	intrinsic	764.89295	12	N28	UCMC	Stool	Week.3
N28_2_4	acquired	4421.26281	42	N28	UCMC	Stool	Week.3
N28_2_4	unknown	1735.74363	30	N28	UCMC	Stool	Week.3
N29_1_2	intrinsic	0.0	0	N29	UCMC	Axilla	Week.1
N29_1_2	acquired	2441.313818	11	N29	UCMC	Axilla	Week.1
N29_1_2	unknown	37.589435	3	N29	UCMC	Axilla	Week.1
N29_1_4	intrinsic	14.45604	2	N29	UCMC	Stool	Week.1
N29_1_4	acquired	5327.836408	56	N29	UCMC	Stool	Week.1
N29_1_4	unknown	315.715766	13	N29	UCMC	Stool	Week.1
N29_2_2	intrinsic	7.535159999999999	2	N29	UCMC	Axilla	Week.3
N29_2_2	acquired	2022.863742	43	N29	UCMC	Axilla	Week.3
N29_2_2	unknown	105.92876679999999	9	N29	UCMC	Axilla	Week.3
N29_2_3	intrinsic	16.2617401	11	N29	UCMC	Groin	Week.3
N29_2_3	acquired	609.219126	80	N29	UCMC	Groin	Week.3
N29_2_3	unknown	61.1819892	44	N29	UCMC	Groin	Week.3
N29_2_4	intrinsic	59.611204	9	N29	UCMC	Stool	Week.3
N29_2_4	acquired	3120.261683	70	N29	UCMC	Stool	Week.3
N29_2_4	unknown	310.786697	27	N29	UCMC	Stool	Week.3
N29_1_3	intrinsic	5.68887	1	N29	UCMC	Groin	Week.1
N29_1_3	acquired	2940.822438	46	N29	UCMC	Groin	Week.1
N29_1_3	unknown	56.834973	8	N29	UCMC	Groin	Week.1
N30_1_3	intrinsic	0.0	0	N30	UCMC	Groin	Week.1
N30_1_3	acquired	2293.02864	34	N30	UCMC	Groin	Week.1
N30_1_3	unknown	313.72819	3	N30	UCMC	Groin	Week.1
N30_1_4	intrinsic	0.0	0	N30	UCMC	Stool	Week.1
N30_1_4	acquired	1759.6606100000001	30	N30	UCMC	Stool	Week.1
N30_1_4	unknown	38.162330000000004	3	N30	UCMC	Stool	Week.1
N30_2_2	intrinsic	2.30818	1	N30	UCMC	Axilla	Week.3
N30_2_2	acquired	2841.286499	48	N30	UCMC	Axilla	Week.3
N30_2_2	unknown	110.695099	10	N30	UCMC	Axilla	Week.3
N30_1_2	intrinsic	0.0	0	N30	UCMC	Axilla	Week.1
N30_1_2	acquired	482.20468	24	N30	UCMC	Axilla	Week.1
N30_1_2	unknown	111.58595	3	N30	UCMC	Axilla	Week.1
N30_2_4	intrinsic	50.4006	2	N30	UCMC	Stool	Week.3
N30_2_4	acquired	3738.296171	56	N30	UCMC	Stool	Week.3
N30_2_4	unknown	411.554327	27	N30	UCMC	Stool	Week.3
N31_1_2	intrinsic	31.198999999999998	2	N31	UCMC	Axilla	Week.1
N31_1_2	acquired	4571.5856	54	N31	UCMC	Axilla	Week.1
N31_1_2	unknown	583.270054	22	N31	UCMC	Axilla	Week.1
N31_1_3	intrinsic	6.308680000000001	2	N31	UCMC	Groin	Week.1
N31_1_3	acquired	473.109311	54	N31	UCMC	Groin	Week.1
N31_1_3	unknown	74.7123292	21	N31	UCMC	Groin	Week.1
N31_1_4	intrinsic	383.53301	13	N31	UCMC	Stool	Week.1
N31_1_4	acquired	4129.97228	48	N31	UCMC	Stool	Week.1
N31_1_4	unknown	1352.92417	50	N31	UCMC	Stool	Week.1
N31_2_4	intrinsic	813.98209	14	N31	UCMC	Stool	Week.3
N31_2_4	acquired	3883.925034	54	N31	UCMC	Stool	Week.3
N31_2_4	unknown	1392.88119	46	N31	UCMC	Stool	Week.3
N31_2_2	intrinsic	4.4545840000000005	4	N31	UCMC	Axilla	Week.3
N31_2_2	acquired	5041.601465	64	N31	UCMC	Axilla	Week.3
N31_2_2	unknown	25.072430100000002	19	N31	UCMC	Axilla	Week.3
N32_1_2	intrinsic	25.2283	1	N32	UCMC	Axilla	Week.1
N32_1_2	acquired	2246.47867	21	N32	UCMC	Axilla	Week.1
N32_1_2	unknown	498.35663999999997	4	N32	UCMC	Axilla	Week.1
N32_1_3	intrinsic	20.95263	2	N32	UCMC	Groin	Week.1
N32_1_3	acquired	1056.462432	46	N32	UCMC	Groin	Week.1
N32_1_3	unknown	240.0194	11	N32	UCMC	Groin	Week.1
N32_1_4	intrinsic	49.01059	6	N32	UCMC	Stool	Week.1
N32_1_4	acquired	1647.577924	29	N32	UCMC	Stool	Week.1
N32_1_4	unknown	289.100911	45	N32	UCMC	Stool	Week.1
N32_2_4	intrinsic	921.8705199999999	13	N32	UCMC	Stool	Week.3
N32_2_4	acquired	4806.734945	53	N32	UCMC	Stool	Week.3
N32_2_4	unknown	1949.249354	40	N32	UCMC	Stool	Week.3
N32_2_3	intrinsic	161.50209	12	N32	UCMC	Groin	Week.3
N32_2_3	acquired	4312.319488	102	N32	UCMC	Groin	Week.3
N32_2_3	unknown	384.364035	48	N32	UCMC	Groin	Week.3
N33_1_3	intrinsic	75.108934	13	N33	UCMC	Groin	Week.1
N33_1_3	acquired	2368.204604	72	N33	UCMC	Groin	Week.1
N33_1_3	unknown	442.428396	38	N33	UCMC	Groin	Week.1
N33_2_3	intrinsic	287.25815	13	N33	UCMC	Groin	Week.3
N33_2_3	acquired	1665.07387	52	N33	UCMC	Groin	Week.3
N33_2_3	unknown	690.429729	35	N33	UCMC	Groin	Week.3
N33_2_4	intrinsic	1209.6942	12	N33	UCMC	Stool	Week.3
N33_2_4	acquired	6391.92557	50	N33	UCMC	Stool	Week.3
N33_2_4	unknown	2591.82773	31	N33	UCMC	Stool	Week.3
N33_1_4	intrinsic	0.0	0	N33	UCMC	Stool	Week.1
N33_1_4	acquired	0.0	0	N33	UCMC	Stool	Week.1
N33_1_4	unknown	0.0	0	N33	UCMC	Stool	Week.1
N34_1_2	intrinsic	0.0	0	N34	UCMC	Axilla	Week.1
N34_1_2	acquired	0.0	0	N34	UCMC	Axilla	Week.1
N34_1_2	unknown	0.0	0	N34	UCMC	Axilla	Week.1
N34_1_4	intrinsic	0.0	0	N34	UCMC	Stool	Week.1
N34_1_4	acquired	0.803318	1	N34	UCMC	Stool	Week.1
N34_1_4	unknown	0.0	0	N34	UCMC	Stool	Week.1
N34_2_2	intrinsic	5.38694	1	N34	UCMC	Axilla	Week.3
N34_2_2	acquired	735.11431	51	N34	UCMC	Axilla	Week.3
N34_2_2	unknown	153.14459599999998	8	N34	UCMC	Axilla	Week.3
N34_2_3	intrinsic	10.28831	2	N34	UCMC	Groin	Week.3
N34_2_3	acquired	2156.786817	68	N34	UCMC	Groin	Week.3
N34_2_3	unknown	65.785363	17	N34	UCMC	Groin	Week.3
N34_1_3	intrinsic	0.0	0	N34	UCMC	Groin	Week.1
N34_1_3	acquired	0.0	0	N34	UCMC	Groin	Week.1
N34_1_3	unknown	0.0	0	N34	UCMC	Groin	Week.1
N35_1_3	intrinsic	0.0	0	N35	UCMC	Groin	Week.1
N35_1_3	acquired	15.000983999999999	4	N35	UCMC	Groin	Week.1
N35_1_3	unknown	7.036994	3	N35	UCMC	Groin	Week.1
N35_1_4	intrinsic	211.8951	2	N35	UCMC	Stool	Week.1
N35_1_4	acquired	6923.973866	50	N35	UCMC	Stool	Week.1
N35_1_4	unknown	788.646166	27	N35	UCMC	Stool	Week.1
N35_2_2	intrinsic	2.7340299999999997	2	N35	UCMC	Axilla	Week.3
N35_2_2	acquired	255.8641818	55	N35	UCMC	Axilla	Week.3
N35_2_2	unknown	25.955345	8	N35	UCMC	Axilla	Week.3
N35_1_2	intrinsic	29.2204	1	N35	UCMC	Axilla	Week.1
N35_1_2	acquired	3660.82135	43	N35	UCMC	Axilla	Week.1
N35_1_2	unknown	678.96056	12	N35	UCMC	Axilla	Week.1
N35_2_3	intrinsic	1.00115	1	N35	UCMC	Groin	Week.3
N35_2_3	acquired	499.139267	57	N35	UCMC	Groin	Week.3
N35_2_3	unknown	31.942337	11	N35	UCMC	Groin	Week.3
N36_1_2	intrinsic	16.0345	1	N36	UCMC	Axilla	Week.1
N36_1_2	acquired	1294.45149	38	N36	UCMC	Axilla	Week.1
N36_1_2	unknown	279.348808	7	N36	UCMC	Axilla	Week.1
N36_1_3	intrinsic	0.0	0	N36	UCMC	Groin	Week.1
N36_1_3	acquired	85.30109999999999	7	N36	UCMC	Groin	Week.1
N36_1_3	unknown	38.32842	3	N36	UCMC	Groin	Week.1
N36_2_2	intrinsic	9.787230000000001	2	N36	UCMC	Axilla	Week.3
N36_2_2	acquired	818.616882	49	N36	UCMC	Axilla	Week.3
N36_2_2	unknown	170.58515350000002	12	N36	UCMC	Axilla	Week.3
N36_2_3	intrinsic	216.805866	6	N36	UCMC	Groin	Week.3
N36_2_3	acquired	2381.3518478	42	N36	UCMC	Groin	Week.3
N36_2_3	unknown	271.043762	14	N36	UCMC	Groin	Week.3
N36_1_4	intrinsic	270.1949	5	N36	UCMC	Stool	Week.1
N36_1_4	acquired	3900.550229	37	N36	UCMC	Stool	Week.1
N36_1_4	unknown	236.18959800000002	12	N36	UCMC	Stool	Week.1
N37_1_2	intrinsic	3.1887299999999996	2	N37	UCMC	Axilla	Week.1
N37_1_2	acquired	99.289495	49	N37	UCMC	Axilla	Week.1
N37_1_2	unknown	22.0669121	19	N37	UCMC	Axilla	Week.1
N37_1_3	intrinsic	2.380935	2	N37	UCMC	Groin	Week.1
N37_1_3	acquired	81.964928	42	N37	UCMC	Groin	Week.1
N37_1_3	unknown	18.173609	13	N37	UCMC	Groin	Week.1
N38_1_2	intrinsic	5.97267	2	N38	UCMC	Axilla	Week.1
N38_1_2	acquired	984.863022	38	N38	UCMC	Axilla	Week.1
N38_1_2	unknown	148.85298	21	N38	UCMC	Axilla	Week.1
N38_1_4	intrinsic	27.638370000000002	2	N38	UCMC	Stool	Week.1
N38_1_4	acquired	13150.51259	34	N38	UCMC	Stool	Week.1
N38_1_4	unknown	1595.04485	7	N38	UCMC	Stool	Week.1
N38_2_2	intrinsic	0.514693	1	N38	UCMC	Axilla	Week.3
N38_2_2	acquired	819.270714	47	N38	UCMC	Axilla	Week.3
N38_2_2	unknown	16.314570800000002	4	N38	UCMC	Axilla	Week.3
N38_2_3	intrinsic	370.97285	13	N38	UCMC	Groin	Week.3
N38_2_3	acquired	1949.88544	52	N38	UCMC	Groin	Week.3
N38_2_3	unknown	855.67952	27	N38	UCMC	Groin	Week.3
N38_1_3	intrinsic	1.02462	1	N38	UCMC	Groin	Week.1
N38_1_3	acquired	161.421809	26	N38	UCMC	Groin	Week.1
N38_1_3	unknown	30.153143	4	N38	UCMC	Groin	Week.1
N38_2_4	intrinsic	485.47452400000003	13	N38	UCMC	Stool	Week.3
N38_2_4	acquired	2987.114942	74	N38	UCMC	Stool	Week.3
N38_2_4	unknown	989.8236	30	N38	UCMC	Stool	Week.3
N39_1_3	intrinsic	3.079814	2	N39	UCMC	Groin	Week.1
N39_1_3	acquired	707.617953	46	N39	UCMC	Groin	Week.1
N39_1_3	unknown	65.317756	6	N39	UCMC	Groin	Week.1
N39_1_4	intrinsic	1551.15144	17	N39	UCMC	Stool	Week.1
N39_1_4	acquired	6385.46027	45	N39	UCMC	Stool	Week.1
N39_1_4	unknown	3748.04154	27	N39	UCMC	Stool	Week.1
N39_2_4	intrinsic	1911.04923	17	N39	UCMC	Stool	Week.3
N39_2_4	acquired	7751.8538	58	N39	UCMC	Stool	Week.3
N39_2_4	unknown	5107.66223	57	N39	UCMC	Stool	Week.3
N39_1_2	intrinsic	2.88162	1	N39	UCMC	Axilla	Week.1
N39_1_2	acquired	1211.617306	52	N39	UCMC	Axilla	Week.1
N39_1_2	unknown	120.0478054	6	N39	UCMC	Axilla	Week.1
N39_2_3	intrinsic	1306.67555	17	N39	UCMC	Groin	Week.3
N39_2_3	acquired	6253.496432	104	N39	UCMC	Groin	Week.3
N39_2_3	unknown	3726.7666889	69	N39	UCMC	Groin	Week.3
N39_2_2	intrinsic	43.667417	15	N39	UCMC	Axilla	Week.3
N39_2_2	acquired	2851.041493	85	N39	UCMC	Axilla	Week.3
N39_2_2	unknown	115.8948736	31	N39	UCMC	Axilla	Week.3
N40_1_2	intrinsic	26.0494	2	N40	UCMC	Axilla	Week.1
N40_1_2	acquired	826.4118110000001	48	N40	UCMC	Axilla	Week.1
N40_1_2	unknown	220.7126329	32	N40	UCMC	Axilla	Week.1
N40_1_3	intrinsic	5.33535	2	N40	UCMC	Groin	Week.1
N40_1_3	acquired	110.4611644	39	N40	UCMC	Groin	Week.1
N40_1_3	unknown	36.544373300000004	23	N40	UCMC	Groin	Week.1
N40_1_4	intrinsic	388.402	2	N40	UCMC	Stool	Week.1
N40_1_4	acquired	8463.329564	63	N40	UCMC	Stool	Week.1
N40_1_4	unknown	2239.9809737	49	N40	UCMC	Stool	Week.1
N40_2_2	intrinsic	88.928946	2	N40	UCMC	Axilla	Week.3
N40_2_2	acquired	6879.916559	62	N40	UCMC	Axilla	Week.3
N40_2_2	unknown	1343.858192	29	N40	UCMC	Axilla	Week.3
N40_2_3	intrinsic	577.19342	13	N40	UCMC	Groin	Week.3
N40_2_3	acquired	5050.739835	105	N40	UCMC	Groin	Week.3
N40_2_3	unknown	928.223664	46	N40	UCMC	Groin	Week.3
N41_1_2	intrinsic	21.07585	2	N41	UCMC	Axilla	Week.1
N41_1_2	acquired	606.805327	41	N41	UCMC	Axilla	Week.1
N41_1_2	unknown	176.31014199999998	25	N41	UCMC	Axilla	Week.1
N41_1_4	intrinsic	2085.3278	16	N41	UCMC	Stool	Week.1
N41_1_4	acquired	5678.70484	40	N41	UCMC	Stool	Week.1
N41_1_4	unknown	9301.26127	48	N41	UCMC	Stool	Week.1
N41_2_2	intrinsic	14.113990000000001	2	N41	UCMC	Axilla	Week.3
N41_2_2	acquired	3269.984389	52	N41	UCMC	Axilla	Week.3
N41_2_2	unknown	194.812903	20	N41	UCMC	Axilla	Week.3
N41_1_3	intrinsic	1704.6286	15	N41	UCMC	Groin	Week.1
N41_1_3	acquired	5260.69165	39	N41	UCMC	Groin	Week.1
N41_1_3	unknown	7108.09405	46	N41	UCMC	Groin	Week.1
N41_2_3	intrinsic	1603.516257	16	N41	UCMC	Groin	Week.3
N41_2_3	acquired	5731.862298	76	N41	UCMC	Groin	Week.3
N41_2_3	unknown	5502.354968	69	N41	UCMC	Groin	Week.3
N42_1_4	intrinsic	206.11970000000002	2	N42	UCMC	Stool	Week.1
N42_1_4	acquired	6480.55987	43	N42	UCMC	Stool	Week.1
N42_1_4	unknown	1358.660212	29	N42	UCMC	Stool	Week.1
N42_2_2	intrinsic	98.3091	2	N42	UCMC	Axilla	Week.3
N42_2_2	acquired	3333.866971	46	N42	UCMC	Axilla	Week.3
N42_2_2	unknown	957.8475599999999	27	N42	UCMC	Axilla	Week.3
N42_1_2	intrinsic	31.863799999999998	2	N42	UCMC	Axilla	Week.1
N42_1_2	acquired	673.24042	41	N42	UCMC	Axilla	Week.1
N42_1_2	unknown	209.5983092	25	N42	UCMC	Axilla	Week.1
N42_2_3	intrinsic	699.45555	13	N42	UCMC	Groin	Week.3
N42_2_3	acquired	4789.39272	92	N42	UCMC	Groin	Week.3
N42_2_3	unknown	1033.821648	46	N42	UCMC	Groin	Week.3
N43_1_2	intrinsic	42.115181	14	N43	UCMC	Axilla	Week.1
N43_1_2	acquired	766.63566	41	N43	UCMC	Axilla	Week.1
N43_1_2	unknown	47.956214	13	N43	UCMC	Axilla	Week.1
N43_1_3	intrinsic	217.191919	13	N43	UCMC	Groin	Week.1
N43_1_3	acquired	1188.603354	56	N43	UCMC	Groin	Week.1
N43_1_3	unknown	307.8604456	17	N43	UCMC	Groin	Week.1
N43_2_2	intrinsic	417.73639	13	N43	UCMC	Axilla	Week.3
N43_2_2	acquired	4216.808914	76	N43	UCMC	Axilla	Week.3
N43_2_2	unknown	858.3016289999999	18	N43	UCMC	Axilla	Week.3
N43_2_3	intrinsic	813.75428	16	N43	UCMC	Groin	Week.3
N43_2_3	acquired	4006.549857	106	N43	UCMC	Groin	Week.3
N43_2_3	unknown	1476.960004	79	N43	UCMC	Groin	Week.3
N44_1_3	intrinsic	0.0	0	N44	UCMC	Groin	Week.1
N44_1_3	acquired	0.0	0	N44	UCMC	Groin	Week.1
N44_1_3	unknown	4.642878	3	N44	UCMC	Groin	Week.1
N44_2_2	intrinsic	53.713256	13	N44	UCMC	Axilla	Week.3
N44_2_2	acquired	4452.444198	83	N44	UCMC	Axilla	Week.3
N44_2_2	unknown	363.607661	19	N44	UCMC	Axilla	Week.3
N44_2_3	intrinsic	36.580248	13	N44	UCMC	Groin	Week.3
N44_2_3	acquired	425.099435	79	N44	UCMC	Groin	Week.3
N44_2_3	unknown	112.2020904	42	N44	UCMC	Groin	Week.3
N44_1_2	intrinsic	65.9871	1	N44	UCMC	Axilla	Week.1
N44_1_2	acquired	7866.642439	42	N44	UCMC	Axilla	Week.1
N44_1_2	unknown	1722.57794	8	N44	UCMC	Axilla	Week.1
N45_1_3	intrinsic	1673.72788	17	N45	UCMC	Groin	Week.1
N45_1_3	acquired	3075.880955	63	N45	UCMC	Groin	Week.1
N45_1_3	unknown	763.782379	17	N45	UCMC	Groin	Week.1
N45_1_4	intrinsic	1468.60952	16	N45	UCMC	Stool	Week.1
N45_1_4	acquired	6833.762982	69	N45	UCMC	Stool	Week.1
N45_1_4	unknown	1086.390178	42	N45	UCMC	Stool	Week.1
N45_2_2	intrinsic	1.04871	1	N45	UCMC	Axilla	Week.3
N45_2_2	acquired	4732.14506	43	N45	UCMC	Axilla	Week.3
N45_2_2	unknown	24.558536	6	N45	UCMC	Axilla	Week.3
N45_1_2	intrinsic	55.533100000000005	2	N45	UCMC	Axilla	Week.1
N45_1_2	acquired	2023.340586	53	N45	UCMC	Axilla	Week.1
N45_1_2	unknown	337.928173	27	N45	UCMC	Axilla	Week.1
N45_2_3	intrinsic	417.547559	16	N45	UCMC	Groin	Week.3
N45_2_3	acquired	3443.3200659999998	90	N45	UCMC	Groin	Week.3
N45_2_3	unknown	207.86343300000001	25	N45	UCMC	Groin	Week.3
N46_1_2	intrinsic	40.4473	1	N46	UCMC	Axilla	Week.1
N46_1_2	acquired	3635.911656	50	N46	UCMC	Axilla	Week.1
N46_1_2	unknown	861.170038	8	N46	UCMC	Axilla	Week.1
N46_1_3	intrinsic	3.5906	1	N46	UCMC	Groin	Week.1
N46_1_3	acquired	158.782536	27	N46	UCMC	Groin	Week.1
N46_1_3	unknown	45.6438719	6	N46	UCMC	Groin	Week.1
N46_2_2	intrinsic	24.426947	3	N46	UCMC	Axilla	Week.3
N46_2_2	acquired	1030.919998	53	N46	UCMC	Axilla	Week.3
N46_2_2	unknown	220.89342530000002	9	N46	UCMC	Axilla	Week.3
N46_2_3	intrinsic	681.91973	14	N46	UCMC	Groin	Week.3
N46_2_3	acquired	5026.617926	91	N46	UCMC	Groin	Week.3
N46_2_3	unknown	1070.891691	20	N46	UCMC	Groin	Week.3
N46_2_4	intrinsic	780.23746	13	N46	UCMC	Stool	Week.3
N46_2_4	acquired	4459.955426	74	N46	UCMC	Stool	Week.3
N46_2_4	unknown	907.3143269999999	15	N46	UCMC	Stool	Week.3
N47_1_2	intrinsic	3.16137	1	N47	UCMC	Axilla	Week.1
N47_1_2	acquired	2121.902552	46	N47	UCMC	Axilla	Week.1
N47_1_2	unknown	87.5241103	7	N47	UCMC	Axilla	Week.1
N47_2_2	intrinsic	4.23412	1	N47	UCMC	Axilla	Week.3
N47_2_2	acquired	2182.177742	58	N47	UCMC	Axilla	Week.3
N47_2_2	unknown	84.5217261	9	N47	UCMC	Axilla	Week.3
N47_2_3	intrinsic	257.46823	13	N47	UCMC	Groin	Week.3
N47_2_3	acquired	4058.822584	97	N47	UCMC	Groin	Week.3
N47_2_3	unknown	597.097172	67	N47	UCMC	Groin	Week.3
N47_1_3	intrinsic	32.1712	1	N47	UCMC	Groin	Week.1
N47_1_3	acquired	3396.991754	46	N47	UCMC	Groin	Week.1
N47_1_3	unknown	697.116076	10	N47	UCMC	Groin	Week.1
N47_2_4	intrinsic	415.94819	13	N47	UCMC	Stool	Week.3
N47_2_4	acquired	4643.536716	85	N47	UCMC	Stool	Week.3
N47_2_4	unknown	996.509818	61	N47	UCMC	Stool	Week.3
N48_1_2	intrinsic	60.4839	1	N48	UCMC	Axilla	Week.1
N48_1_2	acquired	8596.339233	43	N48	UCMC	Axilla	Week.1
N48_1_2	unknown	1262.812059	8	N48	UCMC	Axilla	Week.1
N48_1_3	intrinsic	27.151	1	N48	UCMC	Groin	Week.1
N48_1_3	acquired	4118.853038	45	N48	UCMC	Groin	Week.1
N48_1_3	unknown	1197.510554	8	N48	UCMC	Groin	Week.1
N48_2_3	intrinsic	874.04671	16	N48	UCMC	Groin	Week.3
N48_2_3	acquired	3695.867822	114	N48	UCMC	Groin	Week.3
N48_2_3	unknown	1299.908363	71	N48	UCMC	Groin	Week.3
N48_2_4	intrinsic	746.72681	15	N48	UCMC	Stool	Week.3
N48_2_4	acquired	3950.579511	86	N48	UCMC	Stool	Week.3
N48_2_4	unknown	1086.821047	63	N48	UCMC	Stool	Week.3
N48_2_2	intrinsic	45.4801	2	N48	UCMC	Axilla	Week.3
N48_2_2	acquired	4113.353307	53	N48	UCMC	Axilla	Week.3
N48_2_2	unknown	732.1479439999999	20	N48	UCMC	Axilla	Week.3
N49_1_2	intrinsic	7.6546	2	N49	UCMC	Axilla	Week.1
N49_1_2	acquired	1338.759713	44	N49	UCMC	Axilla	Week.1
N49_1_2	unknown	97.70442299999999	8	N49	UCMC	Axilla	Week.1
N49_1_3	intrinsic	0.0	0	N49	UCMC	Groin	Week.1
N49_1_3	acquired	2.9818146999999997	3	N49	UCMC	Groin	Week.1
N49_1_3	unknown	0.0	0	N49	UCMC	Groin	Week.1
N49_2_2	intrinsic	15.412975	10	N49	UCMC	Axilla	Week.3
N49_2_2	acquired	1266.4093369	70	N49	UCMC	Axilla	Week.3
N49_2_2	unknown	57.5892129	41	N49	UCMC	Axilla	Week.3
N49_2_3	intrinsic	370.96653	13	N49	UCMC	Groin	Week.3
N49_2_3	acquired	1928.958747	47	N49	UCMC	Groin	Week.3
N49_2_3	unknown	568.822992	28	N49	UCMC	Groin	Week.3
N49_2_4	intrinsic	1406.660531	14	N49	UCMC	Stool	Week.3
N49_2_4	acquired	6581.267066	58	N49	UCMC	Stool	Week.3
N49_2_4	unknown	2805.426911	59	N49	UCMC	Stool	Week.3
N49_1_4	intrinsic	85.262757	5	N49	UCMC	Stool	Week.1
N49_1_4	acquired	9785.450395	60	N49	UCMC	Stool	Week.1
N49_1_4	unknown	527.740439	48	N49	UCMC	Stool	Week.1
N50_1_3	intrinsic	0.0	0	N50	UCMC	Groin	Week.1
N50_1_3	acquired	0.0	0	N50	UCMC	Groin	Week.1
N50_1_3	unknown	0.0	0	N50	UCMC	Groin	Week.1
N50_2_2	intrinsic	1.59115	1	N50	UCMC	Axilla	Week.3
N50_2_2	acquired	4604.0904	45	N50	UCMC	Axilla	Week.3
N50_2_2	unknown	23.17212	8	N50	UCMC	Axilla	Week.3
N50_1_2	intrinsic	0.0	0	N50	UCMC	Axilla	Week.1
N50_1_2	acquired	0.0	0	N50	UCMC	Axilla	Week.1
N50_1_2	unknown	0.0	0	N50	UCMC	Axilla	Week.1
N50_2_4	intrinsic	1295.113532	18	N50	UCMC	Stool	Week.3
N50_2_4	acquired	3391.788995	73	N50	UCMC	Stool	Week.3
N50_2_4	unknown	2681.749722	61	N50	UCMC	Stool	Week.3
N50_2_3	intrinsic	697.58807	16	N50	UCMC	Groin	Week.3
N50_2_3	acquired	2160.113168	84	N50	UCMC	Groin	Week.3
N50_2_3	unknown	1495.398377	59	N50	UCMC	Groin	Week.3
N51_1_2	intrinsic	57.2751	2	N51	UCMC	Axilla	Week.1
N51_1_2	acquired	3790.221642	50	N51	UCMC	Axilla	Week.1
N51_1_2	unknown	732.058788	23	N51	UCMC	Axilla	Week.1
N51_1_3	intrinsic	1.63575	1	N51	UCMC	Groin	Week.1
N51_1_3	acquired	308.384353	34	N51	UCMC	Groin	Week.1
N51_1_3	unknown	47.969664	8	N51	UCMC	Groin	Week.1
N51_1_4	intrinsic	0.0	0	N51	UCMC	Stool	Week.1
N51_1_4	acquired	0.0	0	N51	UCMC	Stool	Week.1
N51_1_4	unknown	0.286457	2	N51	UCMC	Stool	Week.1
N51_2_2	intrinsic	1.86895	1	N51	UCMC	Axilla	Week.3
N51_2_2	acquired	842.869369	37	N51	UCMC	Axilla	Week.3
N51_2_2	unknown	30.625761	4	N51	UCMC	Axilla	Week.3
N51_2_3	intrinsic	317.12173	16	N51	UCMC	Groin	Week.3
N51_2_3	acquired	1515.343214	53	N51	UCMC	Groin	Week.3
N51_2_3	unknown	482.247821	46	N51	UCMC	Groin	Week.3
N51_2_4	intrinsic	1911.959	16	N51	UCMC	Stool	Week.3
N51_2_4	acquired	5764.96378	65	N51	UCMC	Stool	Week.3
N51_2_4	unknown	3210.72112	50	N51	UCMC	Stool	Week.3
N52_1_2	intrinsic	0.0	0	N52	UCMC	Axilla	Week.1
N52_1_2	acquired	14.769074	2	N52	UCMC	Axilla	Week.1
N52_1_2	unknown	4.49968	2	N52	UCMC	Axilla	Week.1
N52_1_3	intrinsic	94.08738	2	N52	UCMC	Groin	Week.1
N52_1_3	acquired	3191.240285	48	N52	UCMC	Groin	Week.1
N52_1_3	unknown	734.326123	39	N52	UCMC	Groin	Week.1
N52_1_4	intrinsic	1128.42655	12	N52	UCMC	Stool	Week.1
N52_1_4	acquired	5730.398271	73	N52	UCMC	Stool	Week.1
N52_1_4	unknown	2457.3411542	56	N52	UCMC	Stool	Week.1
N52_2_2	intrinsic	54.621399999999994	2	N52	UCMC	Axilla	Week.3
N52_2_2	acquired	4191.41956	46	N52	UCMC	Axilla	Week.3
N52_2_2	unknown	759.317632	15	N52	UCMC	Axilla	Week.3
N52_2_3	intrinsic	1906.899925	14	N52	UCMC	Groin	Week.3
N52_2_3	acquired	7714.856013	47	N52	UCMC	Groin	Week.3
N52_2_3	unknown	3897.50137	52	N52	UCMC	Groin	Week.3
N52_2_4	intrinsic	1361.4939	13	N52	UCMC	Stool	Week.3
N52_2_4	acquired	6225.97144	51	N52	UCMC	Stool	Week.3
N52_2_4	unknown	3612.9357099999997	50	N52	UCMC	Stool	Week.3
N53_1_2	intrinsic	20.884300000000003	2	N53	UCMC	Axilla	Week.1
N53_1_2	acquired	1552.317702	53	N53	UCMC	Axilla	Week.1
N53_1_2	unknown	208.439434	32	N53	UCMC	Axilla	Week.1
N53_1_3	intrinsic	748.89006	12	N53	UCMC	Groin	Week.1
N53_1_3	acquired	4170.560157	84	N53	UCMC	Groin	Week.1
N53_1_3	unknown	1832.57829	52	N53	UCMC	Groin	Week.1
N53_1_4	intrinsic	1177.9560999999999	12	N53	UCMC	Stool	Week.1
N53_1_4	acquired	5551.3337124	45	N53	UCMC	Stool	Week.1
N53_1_4	unknown	2633.42655	31	N53	UCMC	Stool	Week.1
N53_2_2	intrinsic	16.6292	4	N53	UCMC	Axilla	Week.3
N53_2_2	acquired	1533.751436	52	N53	UCMC	Axilla	Week.3
N53_2_2	unknown	61.666653000000004	28	N53	UCMC	Axilla	Week.3
N53_2_3	intrinsic	18.77001	2	N53	UCMC	Groin	Week.3
N53_2_3	acquired	532.532037	50	N53	UCMC	Groin	Week.3
N53_2_3	unknown	119.668193	27	N53	UCMC	Groin	Week.3
N53_2_4	intrinsic	1758.4861	16	N53	UCMC	Stool	Week.3
N53_2_4	acquired	5519.709492	56	N53	UCMC	Stool	Week.3
N53_2_4	unknown	3835.59011	70	N53	UCMC	Stool	Week.3
N54_1_3	intrinsic	2.11285	1	N54	UCMC	Groin	Week.1
N54_1_3	acquired	408.485545	21	N54	UCMC	Groin	Week.1
N54_1_3	unknown	48.29372	3	N54	UCMC	Groin	Week.1
N54_1_4	intrinsic	973.18155	12	N54	UCMC	Stool	Week.1
N54_1_4	acquired	5663.825386	69	N54	UCMC	Stool	Week.1
N54_1_4	unknown	1955.1099562	36	N54	UCMC	Stool	Week.1
N54_2_2	intrinsic	26.2947	2	N54	UCMC	Axilla	Week.3
N54_2_2	acquired	2584.46107	54	N54	UCMC	Axilla	Week.3
N54_2_2	unknown	292.104791	16	N54	UCMC	Axilla	Week.3
N54_2_3	intrinsic	1667.27289	15	N54	UCMC	Groin	Week.3
N54_2_3	acquired	6745.69676	52	N54	UCMC	Groin	Week.3
N54_2_3	unknown	3023.18572	48	N54	UCMC	Groin	Week.3
N54_2_4	intrinsic	1559.26232	17	N54	UCMC	Stool	Week.3
N54_2_4	acquired	4670.810313	57	N54	UCMC	Stool	Week.3
N54_2_4	unknown	2418.22592	50	N54	UCMC	Stool	Week.3
N54_1_2	intrinsic	31.6793	1	N54	UCMC	Axilla	Week.1
N54_1_2	acquired	7109.67733	53	N54	UCMC	Axilla	Week.1
N54_1_2	unknown	696.352982	8	N54	UCMC	Axilla	Week.1
N55_1_2	intrinsic	6.17156	1	N55	UCMC	Axilla	Week.1
N55_1_2	acquired	2350.437345	35	N55	UCMC	Axilla	Week.1
N55_1_2	unknown	372.149661	10	N55	UCMC	Axilla	Week.1
N55_1_3	intrinsic	0.0	0	N55	UCMC	Groin	Week.1
N55_1_3	acquired	7.88085	1	N55	UCMC	Groin	Week.1
N55_1_3	unknown	10.27428	2	N55	UCMC	Groin	Week.1
N55_1_4	intrinsic	27.9933	1	N55	UCMC	Stool	Week.1
N55_1_4	acquired	3815.309561	46	N55	UCMC	Stool	Week.1
N55_1_4	unknown	404.559073	8	N55	UCMC	Stool	Week.1
N55_2_3	intrinsic	1376.6500999999998	13	N55	UCMC	Groin	Week.3
N55_2_3	acquired	5882.612602	54	N55	UCMC	Groin	Week.3
N55_2_3	unknown	2508.534089	34	N55	UCMC	Groin	Week.3
N55_2_4	intrinsic	827.7542100000001	11	N55	UCMC	Stool	Week.3
N55_2_4	acquired	4358.922534	56	N55	UCMC	Stool	Week.3
N55_2_4	unknown	1718.71948	29	N55	UCMC	Stool	Week.3
N55_2_2	intrinsic	6.48893	1	N55	UCMC	Axilla	Week.3
N55_2_2	acquired	3891.711156	44	N55	UCMC	Axilla	Week.3
N55_2_2	unknown	134.00898	9	N55	UCMC	Axilla	Week.3
N56_1_2	intrinsic	84.8709	1	N56	UCMC	Axilla	Week.1
N56_1_2	acquired	13412.915544	42	N56	UCMC	Axilla	Week.1
N56_1_2	unknown	3142.367021	9	N56	UCMC	Axilla	Week.1
N56_1_4	intrinsic	2136.4248	16	N56	UCMC	Stool	Week.1
N56_1_4	acquired	6345.3781	36	N56	UCMC	Stool	Week.1
N56_1_4	unknown	4762.14336	27	N56	UCMC	Stool	Week.1
N56_1_3	intrinsic	23.477178	6	N56	UCMC	Groin	Week.1
N56_1_3	acquired	1750.604214	47	N56	UCMC	Groin	Week.1
N56_1_3	unknown	229.89537099999998	19	N56	UCMC	Groin	Week.1
N57_1_3	intrinsic	497.65798	14	N57	UCMC	Groin	Week.1
N57_1_3	acquired	2255.261684	52	N57	UCMC	Groin	Week.1
N57_1_3	unknown	1240.192225	43	N57	UCMC	Groin	Week.1
N57_1_4	intrinsic	108.8827	2	N57	UCMC	Stool	Week.1
N57_1_4	acquired	4189.362938	41	N57	UCMC	Stool	Week.1
N57_1_4	unknown	579.521127	8	N57	UCMC	Stool	Week.1
N57_2_2	intrinsic	82.88239999999999	2	N57	UCMC	Axilla	Week.3
N57_2_2	acquired	6285.617107	56	N57	UCMC	Axilla	Week.3
N57_2_2	unknown	689.129321	11	N57	UCMC	Axilla	Week.3
N57_1_2	intrinsic	59.043264	13	N57	UCMC	Axilla	Week.1
N57_1_2	acquired	460.762135	68	N57	UCMC	Axilla	Week.1
N57_1_2	unknown	159.090246	39	N57	UCMC	Axilla	Week.1
N57_2_4	intrinsic	1545.0600200000001	16	N57	UCMC	Stool	Week.3
N57_2_4	acquired	4687.320774	60	N57	UCMC	Stool	Week.3
N57_2_4	unknown	2145.210049	46	N57	UCMC	Stool	Week.3
N57_2_3	intrinsic	28.130499999999998	2	N57	UCMC	Groin	Week.3
N57_2_3	acquired	1157.950933	49	N57	UCMC	Groin	Week.3
N57_2_3	unknown	239.170038	27	N57	UCMC	Groin	Week.3
N58_1_2	intrinsic	4.84847	1	N58	UCMC	Axilla	Week.1
N58_1_2	acquired	2281.46736	47	N58	UCMC	Axilla	Week.1
N58_1_2	unknown	124.93462	3	N58	UCMC	Axilla	Week.1
N58_1_3	intrinsic	4.11856	1	N58	UCMC	Groin	Week.1
N58_1_3	acquired	308.786192	30	N58	UCMC	Groin	Week.1
N58_1_3	unknown	81.28004	7	N58	UCMC	Groin	Week.1
N58_2_2	intrinsic	8.87027	1	N58	UCMC	Axilla	Week.3
N58_2_2	acquired	4970.317296	44	N58	UCMC	Axilla	Week.3
N58_2_2	unknown	196.717458	6	N58	UCMC	Axilla	Week.3
N58_2_3	intrinsic	1828.9333	13	N58	UCMC	Groin	Week.3
N58_2_3	acquired	7673.51221	42	N58	UCMC	Groin	Week.3
N58_2_3	unknown	1702.85099	15	N58	UCMC	Groin	Week.3
N58_2_4	intrinsic	1266.9528	13	N58	UCMC	Stool	Week.3
N58_2_4	acquired	4925.008362	50	N58	UCMC	Stool	Week.3
N58_2_4	unknown	1326.14268	16	N58	UCMC	Stool	Week.3
N58_1_4	intrinsic	1272.44252	16	N58	UCMC	Stool	Week.1
N58_1_4	acquired	5076.2594659999995	57	N58	UCMC	Stool	Week.1
N58_1_4	unknown	1382.24498	19	N58	UCMC	Stool	Week.1
N59_1_2	intrinsic	49.0281	1	N59	UCMC	Axilla	Week.1
N59_1_2	acquired	8363.7169	48	N59	UCMC	Axilla	Week.1
N59_1_2	unknown	1046.6761510000001	7	N59	UCMC	Axilla	Week.1
N59_1_4	intrinsic	19.433501	2	N59	UCMC	Stool	Week.1
N59_1_4	acquired	5578.45766	42	N59	UCMC	Stool	Week.1
N59_1_4	unknown	167.69937	9	N59	UCMC	Stool	Week.1
N59_1_3	intrinsic	12.6988	1	N59	UCMC	Groin	Week.1
N59_1_3	acquired	2638.72927	38	N59	UCMC	Groin	Week.1
N59_1_3	unknown	273.631708	7	N59	UCMC	Groin	Week.1
N60_1_2	intrinsic	2.20098	1	N60	UCMC	Axilla	Week.1
N60_1_2	acquired	715.752213	38	N60	UCMC	Axilla	Week.1
N60_1_2	unknown	88.415549	6	N60	UCMC	Axilla	Week.1
N60_1_3	intrinsic	0.0	0	N60	UCMC	Groin	Week.1
N60_1_3	acquired	0.0	0	N60	UCMC	Groin	Week.1
N60_1_3	unknown	0.0	0	N60	UCMC	Groin	Week.1
N60_1_4	intrinsic	954.426751	14	N60	UCMC	Stool	Week.1
N60_1_4	acquired	5865.395306	66	N60	UCMC	Stool	Week.1
N60_1_4	unknown	2216.596745	51	N60	UCMC	Stool	Week.1
N60_2_3	intrinsic	1273.4375	13	N60	UCMC	Groin	Week.3
N60_2_3	acquired	6642.75083	48	N60	UCMC	Groin	Week.3
N60_2_3	unknown	1428.6833120000001	42	N60	UCMC	Groin	Week.3
N60_2_4	intrinsic	766.47695	13	N60	UCMC	Stool	Week.3
N60_2_4	acquired	4670.858603	67	N60	UCMC	Stool	Week.3
N60_2_4	unknown	1675.846239	48	N60	UCMC	Stool	Week.3
N60_2_2	intrinsic	7.82625	1	N60	UCMC	Axilla	Week.3
N60_2_2	acquired	4671.657717	41	N60	UCMC	Axilla	Week.3
N60_2_2	unknown	147.658078	5	N60	UCMC	Axilla	Week.3
N61_1_3	intrinsic	2.8393	1	N61	UCMC	Groin	Week.1
N61_1_3	acquired	228.947476	29	N61	UCMC	Groin	Week.1
N61_1_3	unknown	16.575386	4	N61	UCMC	Groin	Week.1
N61_1_4	intrinsic	0.160655	1	N61	UCMC	Stool	Week.1
N61_1_4	acquired	7312.5009912	45	N61	UCMC	Stool	Week.1
N61_1_4	unknown	81.51514399999999	5	N61	UCMC	Stool	Week.1
N61_2_2	intrinsic	54.79248	2	N61	UCMC	Axilla	Week.3
N61_2_2	acquired	8078.049909	54	N61	UCMC	Axilla	Week.3
N61_2_2	unknown	1123.148596	10	N61	UCMC	Axilla	Week.3
N61_1_2	intrinsic	12.430019999999999	2	N61	UCMC	Axilla	Week.1
N61_1_2	acquired	1170.803821	49	N61	UCMC	Axilla	Week.1
N61_1_2	unknown	94.20930100000001	8	N61	UCMC	Axilla	Week.1
N61_2_4	intrinsic	133.6287	6	N61	UCMC	Stool	Week.3
N61_2_4	acquired	374.77487	14	N61	UCMC	Stool	Week.3
N61_2_4	unknown	459.76493999999997	18	N61	UCMC	Stool	Week.3
N61_2_3	intrinsic	1.10839	1	N61	UCMC	Groin	Week.3
N61_2_3	acquired	706.499054	46	N61	UCMC	Groin	Week.3
N61_2_3	unknown	15.9473056	4	N61	UCMC	Groin	Week.3
N62_1_2	intrinsic	12.8721	1	N62	UCMC	Axilla	Week.1
N62_1_2	acquired	4078.932456	50	N62	UCMC	Axilla	Week.1
N62_1_2	unknown	359.37532	6	N62	UCMC	Axilla	Week.1
N62_1_3	intrinsic	0.0	0	N62	UCMC	Groin	Week.1
N62_1_3	acquired	110.67193999999999	2	N62	UCMC	Groin	Week.1
N62_1_3	unknown	11.33932	2	N62	UCMC	Groin	Week.1
N62_2_2	intrinsic	7.39925	1	N62	UCMC	Axilla	Week.3
N62_2_2	acquired	2079.853138	58	N62	UCMC	Axilla	Week.3
N62_2_2	unknown	171.44458500000002	13	N62	UCMC	Axilla	Week.3
N62_2_3	intrinsic	7.340946	3	N62	UCMC	Groin	Week.3
N62_2_3	acquired	171.168261	29	N62	UCMC	Groin	Week.3
N62_2_3	unknown	15.328116000000001	10	N62	UCMC	Groin	Week.3
N62_2_4	intrinsic	1010.9038	13	N62	UCMC	Stool	Week.3
N62_2_4	acquired	4957.974664	59	N62	UCMC	Stool	Week.3
N62_2_4	unknown	2475.977694	61	N62	UCMC	Stool	Week.3
N62_1_4	intrinsic	1113.67932	13	N62	UCMC	Stool	Week.1
N62_1_4	acquired	5538.183312	55	N62	UCMC	Stool	Week.1
N62_1_4	unknown	1702.192478	38	N62	UCMC	Stool	Week.1
N63_1_3	intrinsic	149.01389	13	N63	UCMC	Groin	Week.1
N63_1_3	acquired	3835.221741	72	N63	UCMC	Groin	Week.1
N63_1_3	unknown	808.418769	64	N63	UCMC	Groin	Week.1
N63_1_4	intrinsic	1035.5197	12	N63	UCMC	Stool	Week.1
N63_1_4	acquired	6451.814756	78	N63	UCMC	Stool	Week.1
N63_1_4	unknown	2931.065417	71	N63	UCMC	Stool	Week.1
N63_2_2	intrinsic	31.204913	7	N63	UCMC	Axilla	Week.3
N63_2_2	acquired	1067.111784	47	N63	UCMC	Axilla	Week.3
N63_2_2	unknown	318.24774	20	N63	UCMC	Axilla	Week.3
N63_2_3	intrinsic	205.21299	13	N63	UCMC	Groin	Week.3
N63_2_3	acquired	1072.673932	50	N63	UCMC	Groin	Week.3
N63_2_3	unknown	417.0272938	45	N63	UCMC	Groin	Week.3
N63_2_4	intrinsic	1107.4734	12	N63	UCMC	Stool	Week.3
N63_2_4	acquired	5947.2717059999995	68	N63	UCMC	Stool	Week.3
N63_2_4	unknown	2115.329116	52	N63	UCMC	Stool	Week.3
N63_1_2	intrinsic	35.4459	2	N63	UCMC	Axilla	Week.1
N63_1_2	acquired	992.83352	41	N63	UCMC	Axilla	Week.1
N63_1_2	unknown	340.45478	26	N63	UCMC	Axilla	Week.1
N64_1_2	intrinsic	6.98856	2	N64	UCMC	Axilla	Week.1
N64_1_2	acquired	733.11487	42	N64	UCMC	Axilla	Week.1
N64_1_2	unknown	53.80685	4	N64	UCMC	Axilla	Week.1
N64_1_3	intrinsic	1.23501	1	N64	UCMC	Groin	Week.1
N64_1_3	acquired	126.493606	23	N64	UCMC	Groin	Week.1
N64_1_3	unknown	32.53779	3	N64	UCMC	Groin	Week.1
N64_1_4	intrinsic	49.707	2	N64	UCMC	Stool	Week.1
N64_1_4	acquired	2059.846644	58	N64	UCMC	Stool	Week.1
N64_1_4	unknown	289.634001	52	N64	UCMC	Stool	Week.1
N64_2_3	intrinsic	41.009152	9	N64	UCMC	Groin	Week.3
N64_2_3	acquired	532.903434	68	N64	UCMC	Groin	Week.3
N64_2_3	unknown	158.892632	44	N64	UCMC	Groin	Week.3
N64_2_4	intrinsic	419.935943	11	N64	UCMC	Stool	Week.3
N64_2_4	acquired	2466.807484	83	N64	UCMC	Stool	Week.3
N64_2_4	unknown	1136.1747845	62	N64	UCMC	Stool	Week.3
N64_2_2	intrinsic	10.211490000000001	2	N64	UCMC	Axilla	Week.3
N64_2_2	acquired	791.794721	41	N64	UCMC	Axilla	Week.3
N64_2_2	unknown	110.459907	17	N64	UCMC	Axilla	Week.3
N65_1_2	intrinsic	41.6878	1	N65	UCMC	Axilla	Week.1
N65_1_2	acquired	9365.9889	43	N65	UCMC	Axilla	Week.1
N65_1_2	unknown	962.5987799999999	7	N65	UCMC	Axilla	Week.1
N65_1_4	intrinsic	568.25152	12	N65	UCMC	Stool	Week.1
N65_1_4	acquired	2671.150061	61	N65	UCMC	Stool	Week.1
N65_1_4	unknown	565.869209	19	N65	UCMC	Stool	Week.1
N65_2_2	intrinsic	22.667	1	N65	UCMC	Axilla	Week.3
N65_2_2	acquired	6382.380352	50	N65	UCMC	Axilla	Week.3
N65_2_2	unknown	432.770791	10	N65	UCMC	Axilla	Week.3
N65_2_3	intrinsic	181.67216000000002	13	N65	UCMC	Groin	Week.3
N65_2_3	acquired	1123.087175	75	N65	UCMC	Groin	Week.3
N65_2_3	unknown	460.995276	48	N65	UCMC	Groin	Week.3
N65_2_4	intrinsic	523.826701	12	N65	UCMC	Stool	Week.3
N65_2_4	acquired	2718.65047	82	N65	UCMC	Stool	Week.3
N65_2_4	unknown	1273.256845	54	N65	UCMC	Stool	Week.3
N65_1_3	intrinsic	220.33399	12	N65	UCMC	Groin	Week.1
N65_1_3	acquired	2198.712098	80	N65	UCMC	Groin	Week.1
N65_1_3	unknown	291.22858	22	N65	UCMC	Groin	Week.1
N66_1_3	intrinsic	8.84135	3	N66	UCMC	Groin	Week.1
N66_1_3	acquired	116.135784	26	N66	UCMC	Groin	Week.1
N66_1_3	unknown	38.321349999999995	20	N66	UCMC	Groin	Week.1
N66_1_4	intrinsic	133.515	2	N66	UCMC	Stool	Week.1
N66_1_4	acquired	4781.29741	56	N66	UCMC	Stool	Week.1
N66_1_4	unknown	1051.3047139999999	32	N66	UCMC	Stool	Week.1
N66_2_2	intrinsic	23.719594	5	N66	UCMC	Axilla	Week.3
N66_2_2	acquired	1701.470776	49	N66	UCMC	Axilla	Week.3
N66_2_2	unknown	87.549434	21	N66	UCMC	Axilla	Week.3
N66_1_2	intrinsic	28.157899999999998	2	N66	UCMC	Axilla	Week.1
N66_1_2	acquired	2661.228004	64	N66	UCMC	Axilla	Week.1
N66_1_2	unknown	271.97290499999997	22	N66	UCMC	Axilla	Week.1
N66_2_4	intrinsic	1093.09414	13	N66	UCMC	Stool	Week.3
N66_2_4	acquired	5770.614574	85	N66	UCMC	Stool	Week.3
N66_2_4	unknown	2428.116965	53	N66	UCMC	Stool	Week.3
N66_2_3	intrinsic	378.254658	16	N66	UCMC	Groin	Week.3
N66_2_3	acquired	5907.074332	75	N66	UCMC	Groin	Week.3
N66_2_3	unknown	1691.208056	45	N66	UCMC	Groin	Week.3
N67_1_2	intrinsic	101.1448	2	N67	UCMC	Axilla	Week.1
N67_1_2	acquired	5598.985155	43	N67	UCMC	Axilla	Week.1
N67_1_2	unknown	1221.804955	27	N67	UCMC	Axilla	Week.1
N67_1_3	intrinsic	31.4666	2	N67	UCMC	Groin	Week.1
N67_1_3	acquired	1371.133434	43	N67	UCMC	Groin	Week.1
N67_1_3	unknown	221.59089500000002	25	N67	UCMC	Groin	Week.1
N67_2_2	intrinsic	1.35523	1	N67	UCMC	Axilla	Week.3
N67_2_2	acquired	4129.664177	39	N67	UCMC	Axilla	Week.3
N67_2_2	unknown	64.7383	10	N67	UCMC	Axilla	Week.3
N67_2_3	intrinsic	468.07819	16	N67	UCMC	Groin	Week.3
N67_2_3	acquired	2647.764679	68	N67	UCMC	Groin	Week.3
N67_2_3	unknown	743.582545	46	N67	UCMC	Groin	Week.3
N67_2_4	intrinsic	257.695441	18	N67	UCMC	Stool	Week.3
N67_2_4	acquired	2303.115989	103	N67	UCMC	Stool	Week.3
N67_2_4	unknown	443.47074200000003	89	N67	UCMC	Stool	Week.3
N67_1_4	intrinsic	277.07	2	N67	UCMC	Stool	Week.1
N67_1_4	acquired	5935.1859607	51	N67	UCMC	Stool	Week.1
N67_1_4	unknown	1435.8772758	30	N67	UCMC	Stool	Week.1
N68_1_2	intrinsic	79.3101	2	N68	UCMC	Axilla	Week.1
N68_1_2	acquired	7486.965335	53	N68	UCMC	Axilla	Week.1
N68_1_2	unknown	1060.60674	21	N68	UCMC	Axilla	Week.1
N68_1_3	intrinsic	98.67609999999999	2	N68	UCMC	Groin	Week.1
N68_1_3	acquired	5732.463768	60	N68	UCMC	Groin	Week.1
N68_1_3	unknown	742.6166350000001	31	N68	UCMC	Groin	Week.1
N68_2_2	intrinsic	1.85955	1	N68	UCMC	Axilla	Week.3
N68_2_2	acquired	347.401287	24	N68	UCMC	Axilla	Week.3
N68_2_2	unknown	32.56592	2	N68	UCMC	Axilla	Week.3
N68_2_3	intrinsic	0.0	0	N68	UCMC	Groin	Week.3
N68_2_3	acquired	45.918901999999996	4	N68	UCMC	Groin	Week.3
N68_2_3	unknown	5.05368	2	N68	UCMC	Groin	Week.3
N68_2_4	intrinsic	93.7076	2	N68	UCMC	Stool	Week.3
N68_2_4	acquired	5077.5658	50	N68	UCMC	Stool	Week.3
N68_2_4	unknown	618.879036	25	N68	UCMC	Stool	Week.3
N68_1_4	intrinsic	1.055	1	N68	UCMC	Stool	Week.1
N68_1_4	acquired	1761.545553	35	N68	UCMC	Stool	Week.1
N68_1_4	unknown	247.0815055	11	N68	UCMC	Stool	Week.1
ZJH_N1_1_2	intrinsic	0.0	0	ZJH_N1	ZCH	Axilla	Week.1
ZJH_N1_1_2	acquired	29.21926	2	ZJH_N1	ZCH	Axilla	Week.1
ZJH_N1_1_2	unknown	0.0	0	ZJH_N1	ZCH	Axilla	Week.1
ZJH_N1_1_3	intrinsic	0.0	0	ZJH_N1	ZCH	Groin	Week.1
ZJH_N1_1_3	acquired	0.0	0	ZJH_N1	ZCH	Groin	Week.1
ZJH_N1_1_3	unknown	0.0	0	ZJH_N1	ZCH	Groin	Week.1
ZJH_N1_1_4	intrinsic	0.0	0	ZJH_N1	ZCH	Stool	Week.1
ZJH_N1_1_4	acquired	0.160819	1	ZJH_N1	ZCH	Stool	Week.1
ZJH_N1_1_4	unknown	0.0	0	ZJH_N1	ZCH	Stool	Week.1
ZJH_N1_2_2	intrinsic	0.308556	1	ZJH_N1	ZCH	Axilla	Week.3
ZJH_N1_2_2	acquired	603.877345	24	ZJH_N1	ZCH	Axilla	Week.3
ZJH_N1_2_2	unknown	0.0	0	ZJH_N1	ZCH	Axilla	Week.3
ZJH_N1_2_3	intrinsic	1311.47466	16	ZJH_N1	ZCH	Groin	Week.3
ZJH_N1_2_3	acquired	6252.503923	72	ZJH_N1	ZCH	Groin	Week.3
ZJH_N1_2_3	unknown	1581.806598	54	ZJH_N1	ZCH	Groin	Week.3
ZJH_N1_2_4	intrinsic	2451.3573	16	ZJH_N1	ZCH	Stool	Week.3
ZJH_N1_2_4	acquired	8022.936521	75	ZJH_N1	ZCH	Stool	Week.3
ZJH_N1_2_4	unknown	2940.9157490000002	56	ZJH_N1	ZCH	Stool	Week.3
ZJH_N2_1_2	intrinsic	0.0	0	ZJH_N2	ZCH	Axilla	Week.1
ZJH_N2_1_2	acquired	342.068941	28	ZJH_N2	ZCH	Axilla	Week.1
ZJH_N2_1_2	unknown	57.861194999999995	7	ZJH_N2	ZCH	Axilla	Week.1
ZJH_N2_1_3	intrinsic	0.0	0	ZJH_N2	ZCH	Groin	Week.1
ZJH_N2_1_3	acquired	91.379529	9	ZJH_N2	ZCH	Groin	Week.1
ZJH_N2_1_3	unknown	1.28462	1	ZJH_N2	ZCH	Groin	Week.1
ZJH_N2_1_4	intrinsic	0.0	0	ZJH_N2	ZCH	Stool	Week.1
ZJH_N2_1_4	acquired	1111.1007260000001	31	ZJH_N2	ZCH	Stool	Week.1
ZJH_N2_1_4	unknown	252.36606	8	ZJH_N2	ZCH	Stool	Week.1
ZJH_N2_2_2	intrinsic	0.707539	1	ZJH_N2	ZCH	Axilla	Week.3
ZJH_N2_2_2	acquired	4370.647568	31	ZJH_N2	ZCH	Axilla	Week.3
ZJH_N2_2_2	unknown	38.297774	7	ZJH_N2	ZCH	Axilla	Week.3
ZJH_N2_2_3	intrinsic	0.822519	1	ZJH_N2	ZCH	Groin	Week.3
ZJH_N2_2_3	acquired	403.129917	17	ZJH_N2	ZCH	Groin	Week.3
ZJH_N2_2_3	unknown	3.719216	2	ZJH_N2	ZCH	Groin	Week.3
ZJH_N2_2_4	intrinsic	16.492122000000002	2	ZJH_N2	ZCH	Stool	Week.3
ZJH_N2_2_4	acquired	10543.558031	61	ZJH_N2	ZCH	Stool	Week.3
ZJH_N2_2_4	unknown	1295.158582	28	ZJH_N2	ZCH	Stool	Week.3
ZJH_N3_1_2	intrinsic	0.906291	1	ZJH_N3	ZCH	Axilla	Week.1
ZJH_N3_1_2	acquired	514.553785	27	ZJH_N3	ZCH	Axilla	Week.1
ZJH_N3_1_2	unknown	3.098928	2	ZJH_N3	ZCH	Axilla	Week.1
ZJH_N3_1_3	intrinsic	22.283973	10	ZJH_N3	ZCH	Groin	Week.1
ZJH_N3_1_3	acquired	932.017385	38	ZJH_N3	ZCH	Groin	Week.1
ZJH_N3_1_3	unknown	27.453202	23	ZJH_N3	ZCH	Groin	Week.1
ZJH_N3_2_2	intrinsic	4.10198	1	ZJH_N3	ZCH	Axilla	Week.3
ZJH_N3_2_2	acquired	2226.243114	28	ZJH_N3	ZCH	Axilla	Week.3
ZJH_N3_2_2	unknown	0.0	0	ZJH_N3	ZCH	Axilla	Week.3
ZJH_N3_2_4	intrinsic	1338.856945	17	ZJH_N3	ZCH	Stool	Week.3
ZJH_N3_2_4	acquired	4006.968693	45	ZJH_N3	ZCH	Stool	Week.3
ZJH_N3_2_4	unknown	1584.15892	30	ZJH_N3	ZCH	Stool	Week.3
ZJH_N4_1_2	intrinsic	0.0	0	ZJH_N4	ZCH	Axilla	Week.1
ZJH_N4_1_2	acquired	5122.560288	36	ZJH_N4	ZCH	Axilla	Week.1
ZJH_N4_1_2	unknown	11.343244	4	ZJH_N4	ZCH	Axilla	Week.1
ZJH_N4_1_3	intrinsic	0.0	0	ZJH_N4	ZCH	Groin	Week.1
ZJH_N4_1_3	acquired	258.987607	15	ZJH_N4	ZCH	Groin	Week.1
ZJH_N4_1_3	unknown	0.336293	1	ZJH_N4	ZCH	Groin	Week.1
ZJH_N4_1_4	intrinsic	0.0	0	ZJH_N4	ZCH	Stool	Week.1
ZJH_N4_1_4	acquired	7076.38048	21	ZJH_N4	ZCH	Stool	Week.1
ZJH_N4_1_4	unknown	0.0	0	ZJH_N4	ZCH	Stool	Week.1
ZJH_N4_2_2	intrinsic	0.0	0	ZJH_N4	ZCH	Axilla	Week.3
ZJH_N4_2_2	acquired	281.34966000000003	11	ZJH_N4	ZCH	Axilla	Week.3
ZJH_N4_2_2	unknown	0.0	0	ZJH_N4	ZCH	Axilla	Week.3
ZJH_N4_2_3	intrinsic	735.70068	13	ZJH_N4	ZCH	Groin	Week.3
ZJH_N4_2_3	acquired	8279.76223	86	ZJH_N4	ZCH	Groin	Week.3
ZJH_N4_2_3	unknown	1238.861616	42	ZJH_N4	ZCH	Groin	Week.3
ZJH_N4_2_4	intrinsic	2071.7859	14	ZJH_N4	ZCH	Stool	Week.3
ZJH_N4_2_4	acquired	15938.218628	69	ZJH_N4	ZCH	Stool	Week.3
ZJH_N4_2_4	unknown	2946.29668	36	ZJH_N4	ZCH	Stool	Week.3
ZJH_N5_1_2	intrinsic	64.1003	1	ZJH_N5	ZCH	Axilla	Week.1
ZJH_N5_1_2	acquired	9648.28771	43	ZJH_N5	ZCH	Axilla	Week.1
ZJH_N5_1_2	unknown	369.74104	9	ZJH_N5	ZCH	Axilla	Week.1
ZJH_N5_1_4	intrinsic	28.201391	13	ZJH_N5	ZCH	Stool	Week.1
ZJH_N5_1_4	acquired	170.265105	47	ZJH_N5	ZCH	Stool	Week.1
ZJH_N5_1_4	unknown	42.741139	33	ZJH_N5	ZCH	Stool	Week.1
ZJH_N5_2_2	intrinsic	0.0	0	ZJH_N5	ZCH	Axilla	Week.3
ZJH_N5_2_2	acquired	3340.676975	17	ZJH_N5	ZCH	Axilla	Week.3
ZJH_N5_2_2	unknown	3.810044	2	ZJH_N5	ZCH	Axilla	Week.3
ZJH_N5_2_3	intrinsic	29.3487	1	ZJH_N5	ZCH	Groin	Week.3
ZJH_N5_2_3	acquired	14623.293125	58	ZJH_N5	ZCH	Groin	Week.3
ZJH_N5_2_3	unknown	535.05605	8	ZJH_N5	ZCH	Groin	Week.3
ZJH_N5_2_4	intrinsic	2.28647	1	ZJH_N5	ZCH	Stool	Week.3
ZJH_N5_2_4	acquired	13536.406876000001	67	ZJH_N5	ZCH	Stool	Week.3
ZJH_N5_2_4	unknown	81.430269	13	ZJH_N5	ZCH	Stool	Week.3
ZJH_N6_1_2	intrinsic	0.0	0	ZJH_N6	ZCH	Axilla	Week.1
ZJH_N6_1_2	acquired	440.35848	18	ZJH_N6	ZCH	Axilla	Week.1
ZJH_N6_1_2	unknown	0.0	0	ZJH_N6	ZCH	Axilla	Week.1
ZJH_N6_1_3	intrinsic	0.0	0	ZJH_N6	ZCH	Groin	Week.1
ZJH_N6_1_3	acquired	0.0	0	ZJH_N6	ZCH	Groin	Week.1
ZJH_N6_1_3	unknown	0.0	0	ZJH_N6	ZCH	Groin	Week.1
ZJH_N6_1_4	intrinsic	0.0	0	ZJH_N6	ZCH	Stool	Week.1
ZJH_N6_1_4	acquired	0.0	0	ZJH_N6	ZCH	Stool	Week.1
ZJH_N6_1_4	unknown	0.0	0	ZJH_N6	ZCH	Stool	Week.1
ZJH_N6_2_2	intrinsic	0.0	0	ZJH_N6	ZCH	Axilla	Week.3
ZJH_N6_2_2	acquired	3069.698148	19	ZJH_N6	ZCH	Axilla	Week.3
ZJH_N6_2_2	unknown	5.70669	4	ZJH_N6	ZCH	Axilla	Week.3
ZJH_N6_2_3	intrinsic	0.0	0	ZJH_N6	ZCH	Groin	Week.3
ZJH_N6_2_3	acquired	0.0	0	ZJH_N6	ZCH	Groin	Week.3
ZJH_N6_2_3	unknown	0.0	0	ZJH_N6	ZCH	Groin	Week.3
ZJH_N6_2_4	intrinsic	27.88503	2	ZJH_N6	ZCH	Stool	Week.3
ZJH_N6_2_4	acquired	12402.684591	61	ZJH_N6	ZCH	Stool	Week.3
ZJH_N6_2_4	unknown	938.716188	33	ZJH_N6	ZCH	Stool	Week.3
ZJH_N7_1_2	intrinsic	4.90228	1	ZJH_N7	ZCH	Axilla	Week.1
ZJH_N7_1_2	acquired	4740.044873	35	ZJH_N7	ZCH	Axilla	Week.1
ZJH_N7_1_2	unknown	86.418556	6	ZJH_N7	ZCH	Axilla	Week.1
ZJH_N7_1_3	intrinsic	0.0	0	ZJH_N7	ZCH	Groin	Week.1
ZJH_N7_1_3	acquired	0.0	0	ZJH_N7	ZCH	Groin	Week.1
ZJH_N7_1_3	unknown	0.0	0	ZJH_N7	ZCH	Groin	Week.1
ZJH_N7_1_4	intrinsic	0.0	0	ZJH_N7	ZCH	Stool	Week.1
ZJH_N7_1_4	acquired	0.0	0	ZJH_N7	ZCH	Stool	Week.1
ZJH_N7_1_4	unknown	0.0	0	ZJH_N7	ZCH	Stool	Week.1
ZJH_N7_2_3	intrinsic	1658.6814	13	ZJH_N7	ZCH	Groin	Week.3
ZJH_N7_2_3	acquired	9064.621871	33	ZJH_N7	ZCH	Groin	Week.3
ZJH_N7_2_3	unknown	1867.252192	14	ZJH_N7	ZCH	Groin	Week.3
ZJH_N7_2_4	intrinsic	1922.3504	14	ZJH_N7	ZCH	Stool	Week.3
ZJH_N7_2_4	acquired	9595.474245	33	ZJH_N7	ZCH	Stool	Week.3
ZJH_N7_2_4	unknown	1922.1514	9	ZJH_N7	ZCH	Stool	Week.3
ZJH_N8_1_2	intrinsic	0.0	0	ZJH_N8	ZCH	Axilla	Week.1
ZJH_N8_1_2	acquired	2893.67151	27	ZJH_N8	ZCH	Axilla	Week.1
ZJH_N8_1_2	unknown	1.869937	2	ZJH_N8	ZCH	Axilla	Week.1
ZJH_N8_1_3	intrinsic	15.855099	4	ZJH_N8	ZCH	Groin	Week.1
ZJH_N8_1_3	acquired	355.574604	36	ZJH_N8	ZCH	Groin	Week.1
ZJH_N8_1_3	unknown	23.759807000000002	11	ZJH_N8	ZCH	Groin	Week.1
ZJH_N8_1_4	intrinsic	0.0	0	ZJH_N8	ZCH	Stool	Week.1
ZJH_N8_1_4	acquired	0.0	0	ZJH_N8	ZCH	Stool	Week.1
ZJH_N8_1_4	unknown	0.0	0	ZJH_N8	ZCH	Stool	Week.1
ZJH_N8_2_2	intrinsic	0.0	0	ZJH_N8	ZCH	Axilla	Week.3
ZJH_N8_2_2	acquired	3468.6817300000002	13	ZJH_N8	ZCH	Axilla	Week.3
ZJH_N8_2_2	unknown	0.0	0	ZJH_N8	ZCH	Axilla	Week.3
ZJH_N8_2_3	intrinsic	0.0	0	ZJH_N8	ZCH	Groin	Week.3
ZJH_N8_2_3	acquired	820.84283	12	ZJH_N8	ZCH	Groin	Week.3
ZJH_N8_2_3	unknown	0.952622	1	ZJH_N8	ZCH	Groin	Week.3
ZJH_N8_2_4	intrinsic	75.1491	1	ZJH_N8	ZCH	Stool	Week.3
ZJH_N8_2_4	acquired	4096.895324	50	ZJH_N8	ZCH	Stool	Week.3
ZJH_N8_2_4	unknown	799.8081099999999	7	ZJH_N8	ZCH	Stool	Week.3
ZJH_N9_1_2	intrinsic	0.0	0	ZJH_N9	ZCH	Axilla	Week.1
ZJH_N9_1_2	acquired	24.70473	1	ZJH_N9	ZCH	Axilla	Week.1
ZJH_N9_1_2	unknown	0.0	0	ZJH_N9	ZCH	Axilla	Week.1
ZJH_N9_1_3	intrinsic	0.0	0	ZJH_N9	ZCH	Groin	Week.1
ZJH_N9_1_3	acquired	24.9226414	2	ZJH_N9	ZCH	Groin	Week.1
ZJH_N9_1_3	unknown	0.1796228	1	ZJH_N9	ZCH	Groin	Week.1
ZJH_N9_2_2	intrinsic	12.0038	1	ZJH_N9	ZCH	Axilla	Week.3
ZJH_N9_2_2	acquired	8406.653194999999	42	ZJH_N9	ZCH	Axilla	Week.3
ZJH_N9_2_2	unknown	148.58944499999998	9	ZJH_N9	ZCH	Axilla	Week.3
ZJH_N9_2_4	intrinsic	1999.21479	15	ZJH_N9	ZCH	Stool	Week.3
ZJH_N9_2_4	acquired	10985.988637	66	ZJH_N9	ZCH	Stool	Week.3
ZJH_N9_2_4	unknown	1990.308584	18	ZJH_N9	ZCH	Stool	Week.3
ZJH_N10_1_2	intrinsic	0.0	0	ZJH_N10	ZCH	Axilla	Week.1
ZJH_N10_1_2	acquired	3.6463050000000004	1	ZJH_N10	ZCH	Axilla	Week.1
ZJH_N10_1_2	unknown	0.0	0	ZJH_N10	ZCH	Axilla	Week.1
ZJH_N10_1_4	intrinsic	0.0	0	ZJH_N10	ZCH	Stool	Week.1
ZJH_N10_1_4	acquired	0.0	0	ZJH_N10	ZCH	Stool	Week.1
ZJH_N10_1_4	unknown	0.0	0	ZJH_N10	ZCH	Stool	Week.1
ZJH_N10_2_2	intrinsic	0.0	0	ZJH_N10	ZCH	Axilla	Week.3
ZJH_N10_2_2	acquired	13298.491562	50	ZJH_N10	ZCH	Axilla	Week.3
ZJH_N10_2_2	unknown	45.521987	8	ZJH_N10	ZCH	Axilla	Week.3
ZJH_N10_2_3	intrinsic	1445.5592	13	ZJH_N10	ZCH	Groin	Week.3
ZJH_N10_2_3	acquired	12600.905229	66	ZJH_N10	ZCH	Groin	Week.3
ZJH_N10_2_3	unknown	2510.792861	42	ZJH_N10	ZCH	Groin	Week.3
ZJH_N10_2_4	intrinsic	1650.1774	13	ZJH_N10	ZCH	Stool	Week.3
ZJH_N10_2_4	acquired	10612.85899	60	ZJH_N10	ZCH	Stool	Week.3
ZJH_N10_2_4	unknown	1828.98117	34	ZJH_N10	ZCH	Stool	Week.3
ZJH_N11_1_2	intrinsic	0.0	0	ZJH_N11	ZCH	Axilla	Week.1
ZJH_N11_1_2	acquired	82.334191	16	ZJH_N11	ZCH	Axilla	Week.1
ZJH_N11_1_2	unknown	4.4863230000000005	5	ZJH_N11	ZCH	Axilla	Week.1
ZJH_N11_1_3	intrinsic	0.0	0	ZJH_N11	ZCH	Groin	Week.1
ZJH_N11_1_3	acquired	0.0	0	ZJH_N11	ZCH	Groin	Week.1
ZJH_N11_1_3	unknown	0.0	0	ZJH_N11	ZCH	Groin	Week.1
ZJH_N11_1_4	intrinsic	19.085521999999997	12	ZJH_N11	ZCH	Stool	Week.1
ZJH_N11_1_4	acquired	115.937764	37	ZJH_N11	ZCH	Stool	Week.1
ZJH_N11_1_4	unknown	4.1761800000000004	2	ZJH_N11	ZCH	Stool	Week.1
ZJH_N11_2_2	intrinsic	0.0	0	ZJH_N11	ZCH	Axilla	Week.3
ZJH_N11_2_2	acquired	2754.395907	40	ZJH_N11	ZCH	Axilla	Week.3
ZJH_N11_2_2	unknown	38.957249000000004	4	ZJH_N11	ZCH	Axilla	Week.3
ZJH_N11_2_3	intrinsic	0.0	0	ZJH_N11	ZCH	Groin	Week.3
ZJH_N11_2_3	acquired	427.45001099999996	12	ZJH_N11	ZCH	Groin	Week.3
ZJH_N11_2_3	unknown	4.03536	1	ZJH_N11	ZCH	Groin	Week.3
ZJH_N11_2_4	intrinsic	25.4525	1	ZJH_N11	ZCH	Stool	Week.3
ZJH_N11_2_4	acquired	22331.246436	42	ZJH_N11	ZCH	Stool	Week.3
ZJH_N11_2_4	unknown	772.200079	9	ZJH_N11	ZCH	Stool	Week.3
ZJH_N12_1_2	intrinsic	11.1997	1	ZJH_N12	ZCH	Axilla	Week.1
ZJH_N12_1_2	acquired	11068.108972	41	ZJH_N12	ZCH	Axilla	Week.1
ZJH_N12_1_2	unknown	117.00337	5	ZJH_N12	ZCH	Axilla	Week.1
ZJH_N12_1_3	intrinsic	121.85849	12	ZJH_N12	ZCH	Groin	Week.1
ZJH_N12_1_3	acquired	2554.305393	46	ZJH_N12	ZCH	Groin	Week.1
ZJH_N12_1_3	unknown	51.293423000000004	7	ZJH_N12	ZCH	Groin	Week.1
ZJH_N12_1_4	intrinsic	2021.4261000000001	13	ZJH_N12	ZCH	Stool	Week.1
ZJH_N12_1_4	acquired	34639.087696	47	ZJH_N12	ZCH	Stool	Week.1
ZJH_N12_1_4	unknown	632.03305	5	ZJH_N12	ZCH	Stool	Week.1
ZJH_N12_2_2	intrinsic	24.756523	9	ZJH_N12	ZCH	Axilla	Week.3
ZJH_N12_2_2	acquired	572.142026	35	ZJH_N12	ZCH	Axilla	Week.3
ZJH_N12_2_2	unknown	7.651539	3	ZJH_N12	ZCH	Axilla	Week.3
ZJH_N12_2_4	intrinsic	2141.7066489999997	15	ZJH_N12	ZCH	Stool	Week.3
ZJH_N12_2_4	acquired	15214.848263	77	ZJH_N12	ZCH	Stool	Week.3
ZJH_N12_2_4	unknown	1397.7653890000001	17	ZJH_N12	ZCH	Stool	Week.3
ZJH_N13_1_2	intrinsic	0.0	0	ZJH_N13	ZCH	Axilla	Week.1
ZJH_N13_1_2	acquired	1507.99073	24	ZJH_N13	ZCH	Axilla	Week.1
ZJH_N13_1_2	unknown	27.752049999999997	3	ZJH_N13	ZCH	Axilla	Week.1
ZJH_N13_1_3	intrinsic	0.0	0	ZJH_N13	ZCH	Groin	Week.1
ZJH_N13_1_3	acquired	0.0	0	ZJH_N13	ZCH	Groin	Week.1
ZJH_N13_1_3	unknown	0.0	0	ZJH_N13	ZCH	Groin	Week.1
ZJH_N13_1_4	intrinsic	0.0	0	ZJH_N13	ZCH	Stool	Week.1
ZJH_N13_1_4	acquired	0.384873	1	ZJH_N13	ZCH	Stool	Week.1
ZJH_N13_1_4	unknown	0.0	0	ZJH_N13	ZCH	Stool	Week.1
ZJH_N13_2_2	intrinsic	127.77869	13	ZJH_N13	ZCH	Axilla	Week.3
ZJH_N13_2_2	acquired	1602.788557	72	ZJH_N13	ZCH	Axilla	Week.3
ZJH_N13_2_2	unknown	230.88551	36	ZJH_N13	ZCH	Axilla	Week.3
ZJH_N13_2_3	intrinsic	0.0	0	ZJH_N13	ZCH	Groin	Week.3
ZJH_N13_2_3	acquired	14.711104	5	ZJH_N13	ZCH	Groin	Week.3
ZJH_N13_2_3	unknown	2.462464	2	ZJH_N13	ZCH	Groin	Week.3
ZJH_N13_2_4	intrinsic	582.3608899999999	13	ZJH_N13	ZCH	Stool	Week.3
ZJH_N13_2_4	acquired	5927.162756	77	ZJH_N13	ZCH	Stool	Week.3
ZJH_N13_2_4	unknown	1445.34594	38	ZJH_N13	ZCH	Stool	Week.3
ZJH_N14_1_2	intrinsic	0.0	0	ZJH_N14	ZCH	Axilla	Week.1
ZJH_N14_1_2	acquired	211.261145	12	ZJH_N14	ZCH	Axilla	Week.1
ZJH_N14_1_2	unknown	3.21019	3	ZJH_N14	ZCH	Axilla	Week.1
ZJH_N14_1_3	intrinsic	0.0	0	ZJH_N14	ZCH	Groin	Week.1
ZJH_N14_1_3	acquired	0.0	0	ZJH_N14	ZCH	Groin	Week.1
ZJH_N14_1_3	unknown	0.0	0	ZJH_N14	ZCH	Groin	Week.1
ZJH_N14_1_4	intrinsic	15.445615	10	ZJH_N14	ZCH	Stool	Week.1
ZJH_N14_1_4	acquired	2512.145923	59	ZJH_N14	ZCH	Stool	Week.1
ZJH_N14_1_4	unknown	520.507613	17	ZJH_N14	ZCH	Stool	Week.1
ZJH_N14_2_2	intrinsic	874.2882999999999	12	ZJH_N14	ZCH	Axilla	Week.3
ZJH_N14_2_2	acquired	11394.25842	78	ZJH_N14	ZCH	Axilla	Week.3
ZJH_N14_2_2	unknown	374.55853	11	ZJH_N14	ZCH	Axilla	Week.3
ZJH_N14_2_3	intrinsic	94.819	12	ZJH_N14	ZCH	Groin	Week.3
ZJH_N14_2_3	acquired	6749.099948	69	ZJH_N14	ZCH	Groin	Week.3
ZJH_N14_2_3	unknown	187.26659999999998	6	ZJH_N14	ZCH	Groin	Week.3
ZJH_N14_2_4	intrinsic	1936.3549	14	ZJH_N14	ZCH	Stool	Week.3
ZJH_N14_2_4	acquired	15670.441391	62	ZJH_N14	ZCH	Stool	Week.3
ZJH_N14_2_4	unknown	679.01367	7	ZJH_N14	ZCH	Stool	Week.3
ZJH_N15_1_2	intrinsic	0.0	0	ZJH_N15	ZCH	Axilla	Week.1
ZJH_N15_1_2	acquired	215.35577700000002	6	ZJH_N15	ZCH	Axilla	Week.1
ZJH_N15_1_2	unknown	0.0	0	ZJH_N15	ZCH	Axilla	Week.1
ZJH_N15_1_4	intrinsic	35.7285	1	ZJH_N15	ZCH	Stool	Week.1
ZJH_N15_1_4	acquired	4778.489892	49	ZJH_N15	ZCH	Stool	Week.1
ZJH_N15_1_4	unknown	583.212128	9	ZJH_N15	ZCH	Stool	Week.1
ZJH_N16_1_2	intrinsic	0.0	0	ZJH_N16	ZCH	Axilla	Week.1
ZJH_N16_1_2	acquired	826.81199	11	ZJH_N16	ZCH	Axilla	Week.1
ZJH_N16_1_2	unknown	0.0	0	ZJH_N16	ZCH	Axilla	Week.1
ZJH_N16_1_3	intrinsic	0.0	0	ZJH_N16	ZCH	Groin	Week.1
ZJH_N16_1_3	acquired	690.000493	10	ZJH_N16	ZCH	Groin	Week.1
ZJH_N16_1_3	unknown	0.0	0	ZJH_N16	ZCH	Groin	Week.1
ZJH_N16_2_2	intrinsic	56.523946	8	ZJH_N16	ZCH	Axilla	Week.3
ZJH_N16_2_2	acquired	3751.212098	86	ZJH_N16	ZCH	Axilla	Week.3
ZJH_N16_2_2	unknown	223.485287	15	ZJH_N16	ZCH	Axilla	Week.3
ZJH_N16_2_3	intrinsic	132.844401	13	ZJH_N16	ZCH	Groin	Week.3
ZJH_N16_2_3	acquired	1819.086241	73	ZJH_N16	ZCH	Groin	Week.3
ZJH_N16_2_3	unknown	139.78161699999998	21	ZJH_N16	ZCH	Groin	Week.3
ZJH_N16_2_4	intrinsic	2293.968	14	ZJH_N16	ZCH	Stool	Week.3
ZJH_N16_2_4	acquired	22168.046809	90	ZJH_N16	ZCH	Stool	Week.3
ZJH_N16_2_4	unknown	2888.67151	36	ZJH_N16	ZCH	Stool	Week.3
ZJH_N17_1_2	intrinsic	0.80891	1	ZJH_N17	ZCH	Axilla	Week.1
ZJH_N17_1_2	acquired	8521.328398	29	ZJH_N17	ZCH	Axilla	Week.1
ZJH_N17_1_2	unknown	120.058353	6	ZJH_N17	ZCH	Axilla	Week.1
ZJH_N17_1_3	intrinsic	0.0	0	ZJH_N17	ZCH	Groin	Week.1
ZJH_N17_1_3	acquired	0.0	0	ZJH_N17	ZCH	Groin	Week.1
ZJH_N17_1_3	unknown	0.0	0	ZJH_N17	ZCH	Groin	Week.1
ZJH_N17_1_4	intrinsic	0.0	0	ZJH_N17	ZCH	Stool	Week.1
ZJH_N17_1_4	acquired	4546.0328	20	ZJH_N17	ZCH	Stool	Week.1
ZJH_N17_1_4	unknown	0.0	0	ZJH_N17	ZCH	Stool	Week.1
ZJH_N17_2_2	intrinsic	10.225854	3	ZJH_N17	ZCH	Axilla	Week.3
ZJH_N17_2_2	acquired	2616.795225	46	ZJH_N17	ZCH	Axilla	Week.3
ZJH_N17_2_2	unknown	45.416903	6	ZJH_N17	ZCH	Axilla	Week.3
ZJH_N17_2_3	intrinsic	27.76748	10	ZJH_N17	ZCH	Groin	Week.3
ZJH_N17_2_3	acquired	367.85402899999997	46	ZJH_N17	ZCH	Groin	Week.3
ZJH_N17_2_3	unknown	30.376494	11	ZJH_N17	ZCH	Groin	Week.3
ZJH_N17_2_4	intrinsic	2187.7656	14	ZJH_N17	ZCH	Stool	Week.3
ZJH_N17_2_4	acquired	8819.72213	38	ZJH_N17	ZCH	Stool	Week.3
ZJH_N17_2_4	unknown	2108.80561	12	ZJH_N17	ZCH	Stool	Week.3
ZJH_N18_1_2	intrinsic	25.49167	8	ZJH_N18	ZCH	Axilla	Week.1
ZJH_N18_1_2	acquired	718.847595	50	ZJH_N18	ZCH	Axilla	Week.1
ZJH_N18_1_2	unknown	64.697413	13	ZJH_N18	ZCH	Axilla	Week.1
ZJH_N18_1_3	intrinsic	18.856325	8	ZJH_N18	ZCH	Groin	Week.1
ZJH_N18_1_3	acquired	210.381556	30	ZJH_N18	ZCH	Groin	Week.1
ZJH_N18_1_3	unknown	8.573235	4	ZJH_N18	ZCH	Groin	Week.1
ZJH_N18_1_4	intrinsic	2126.7944820000002	20	ZJH_N18	ZCH	Stool	Week.1
ZJH_N18_1_4	acquired	10194.597225	77	ZJH_N18	ZCH	Stool	Week.1
ZJH_N18_1_4	unknown	2068.996916	46	ZJH_N18	ZCH	Stool	Week.1
ZJH_N18_2_2	intrinsic	71.304674	12	ZJH_N18	ZCH	Axilla	Week.3
ZJH_N18_2_2	acquired	694.510046	63	ZJH_N18	ZCH	Axilla	Week.3
ZJH_N18_2_2	unknown	100.71200900000001	24	ZJH_N18	ZCH	Axilla	Week.3
ZJH_N18_2_3	intrinsic	1431.2733	14	ZJH_N18	ZCH	Groin	Week.3
ZJH_N18_2_3	acquired	13432.613266	87	ZJH_N18	ZCH	Groin	Week.3
ZJH_N18_2_3	unknown	2280.37979	38	ZJH_N18	ZCH	Groin	Week.3
ZJH_N18_2_4	intrinsic	713.736263	13	ZJH_N18	ZCH	Stool	Week.3
ZJH_N18_2_4	acquired	8888.146338	97	ZJH_N18	ZCH	Stool	Week.3
ZJH_N18_2_4	unknown	1320.6293600000001	40	ZJH_N18	ZCH	Stool	Week.3
ZJH_N19_1_2	intrinsic	100.217	1	ZJH_N19	ZCH	Axilla	Week.1
ZJH_N19_1_2	acquired	25672.1911	34	ZJH_N19	ZCH	Axilla	Week.1
ZJH_N19_1_2	unknown	999.07106	9	ZJH_N19	ZCH	Axilla	Week.1
ZJH_N19_1_3	intrinsic	0.0	0	ZJH_N19	ZCH	Groin	Week.1
ZJH_N19_1_3	acquired	0.0	0	ZJH_N19	ZCH	Groin	Week.1
ZJH_N19_1_3	unknown	0.0	0	ZJH_N19	ZCH	Groin	Week.1
ZJH_N19_1_4	intrinsic	0.0	0	ZJH_N19	ZCH	Stool	Week.1
ZJH_N19_1_4	acquired	0.0	0	ZJH_N19	ZCH	Stool	Week.1
ZJH_N19_1_4	unknown	0.0	0	ZJH_N19	ZCH	Stool	Week.1
ZJH_N19_2_2	intrinsic	0.0	0	ZJH_N19	ZCH	Axilla	Week.3
ZJH_N19_2_2	acquired	547.64329	28	ZJH_N19	ZCH	Axilla	Week.3
ZJH_N19_2_2	unknown	4.827374	3	ZJH_N19	ZCH	Axilla	Week.3
ZJH_N19_2_4	intrinsic	0.0	0	ZJH_N19	ZCH	Stool	Week.3
ZJH_N19_2_4	acquired	0.0	0	ZJH_N19	ZCH	Stool	Week.3
ZJH_N19_2_4	unknown	0.0	0	ZJH_N19	ZCH	Stool	Week.3
ZJH_N20_1_3	intrinsic	0.0	0	ZJH_N20	ZCH	Groin	Week.1
ZJH_N20_1_3	acquired	0.0	0	ZJH_N20	ZCH	Groin	Week.1
ZJH_N20_1_3	unknown	7.151088	2	ZJH_N20	ZCH	Groin	Week.1
ZJH_N20_1_4	intrinsic	0.0	0	ZJH_N20	ZCH	Stool	Week.1
ZJH_N20_1_4	acquired	0.0	0	ZJH_N20	ZCH	Stool	Week.1
ZJH_N20_1_4	unknown	0.0	0	ZJH_N20	ZCH	Stool	Week.1
ZJH_N20_2_2	intrinsic	7.04631	1	ZJH_N20	ZCH	Axilla	Week.3
ZJH_N20_2_2	acquired	1276.056876	49	ZJH_N20	ZCH	Axilla	Week.3
ZJH_N20_2_2	unknown	181.517389	7	ZJH_N20	ZCH	Axilla	Week.3
ZJH_N20_2_3	intrinsic	0.0	0	ZJH_N20	ZCH	Groin	Week.3
ZJH_N20_2_3	acquired	63.972846000000004	9	ZJH_N20	ZCH	Groin	Week.3
ZJH_N20_2_3	unknown	0.0	0	ZJH_N20	ZCH	Groin	Week.3
ZJH_N20_2_4	intrinsic	243.56517	6	ZJH_N20	ZCH	Stool	Week.3
ZJH_N20_2_4	acquired	4410.495819	67	ZJH_N20	ZCH	Stool	Week.3
ZJH_N20_2_4	unknown	753.6875	32	ZJH_N20	ZCH	Stool	Week.3
ZJH_N21_1_2	intrinsic	37.55249	3	ZJH_N21	ZCH	Axilla	Week.1
ZJH_N21_1_2	acquired	7059.966115	59	ZJH_N21	ZCH	Axilla	Week.1
ZJH_N21_1_2	unknown	190.195584	13	ZJH_N21	ZCH	Axilla	Week.1
ZJH_N21_1_4	intrinsic	7.43014	2	ZJH_N21	ZCH	Stool	Week.1
ZJH_N21_1_4	acquired	94.51550399999999	27	ZJH_N21	ZCH	Stool	Week.1
ZJH_N21_1_4	unknown	39.535887	20	ZJH_N21	ZCH	Stool	Week.1
ZJH_N21_2_2	intrinsic	61.58802	5	ZJH_N21	ZCH	Axilla	Week.3
ZJH_N21_2_2	acquired	2717.703677	43	ZJH_N21	ZCH	Axilla	Week.3
ZJH_N21_2_2	unknown	67.598001	7	ZJH_N21	ZCH	Axilla	Week.3
ZJH_N21_2_4	intrinsic	1448.31948	15	ZJH_N21	ZCH	Stool	Week.3
ZJH_N21_2_4	acquired	8199.214434	72	ZJH_N21	ZCH	Stool	Week.3
ZJH_N21_2_4	unknown	746.5939119999999	36	ZJH_N21	ZCH	Stool	Week.3
ZJH_N22_1_3	intrinsic	601.11009	9	ZJH_N22	ZCH	Groin	Week.1
ZJH_N22_1_3	acquired	7637.13994	62	ZJH_N22	ZCH	Groin	Week.1
ZJH_N22_1_3	unknown	423.000473	35	ZJH_N22	ZCH	Groin	Week.1
ZJH_N22_1_4	intrinsic	811.187869	10	ZJH_N22	ZCH	Stool	Week.1
ZJH_N22_1_4	acquired	5788.317733	43	ZJH_N22	ZCH	Stool	Week.1
ZJH_N22_1_4	unknown	546.6241568	25	ZJH_N22	ZCH	Stool	Week.1
ZJH_N22_2_2	intrinsic	10.68464	3	ZJH_N22	ZCH	Axilla	Week.3
ZJH_N22_2_2	acquired	13319.646177999999	55	ZJH_N22	ZCH	Axilla	Week.3
ZJH_N22_2_2	unknown	356.423111	16	ZJH_N22	ZCH	Axilla	Week.3
ZJH_N22_2_3	intrinsic	11.73441	4	ZJH_N22	ZCH	Groin	Week.3
ZJH_N22_2_3	acquired	8641.383633	63	ZJH_N22	ZCH	Groin	Week.3
ZJH_N22_2_3	unknown	107.89151	12	ZJH_N22	ZCH	Groin	Week.3
ZJH_N22_2_4	intrinsic	0.0	0	ZJH_N22	ZCH	Stool	Week.3
ZJH_N22_2_4	acquired	889.98894	21	ZJH_N22	ZCH	Stool	Week.3
ZJH_N22_2_4	unknown	0.0	0	ZJH_N22	ZCH	Stool	Week.3
ZJH_N23_1_2	intrinsic	0.0	0	ZJH_N23	ZCH	Axilla	Week.1
ZJH_N23_1_2	acquired	2152.9219	30	ZJH_N23	ZCH	Axilla	Week.1
ZJH_N23_1_2	unknown	30.81452	3	ZJH_N23	ZCH	Axilla	Week.1
ZJH_N23_1_3	intrinsic	0.0	0	ZJH_N23	ZCH	Groin	Week.1
ZJH_N23_1_3	acquired	1.195544	1	ZJH_N23	ZCH	Groin	Week.1
ZJH_N23_1_3	unknown	0.0	0	ZJH_N23	ZCH	Groin	Week.1
ZJH_N23_1_4	intrinsic	6.08031	3	ZJH_N23	ZCH	Stool	Week.1
ZJH_N23_1_4	acquired	109.69146	25	ZJH_N23	ZCH	Stool	Week.1
ZJH_N23_1_4	unknown	0.536498	1	ZJH_N23	ZCH	Stool	Week.1
ZJH_N23_2_2	intrinsic	12.13841	1	ZJH_N23	ZCH	Axilla	Week.3
ZJH_N23_2_2	acquired	4123.940735	26	ZJH_N23	ZCH	Axilla	Week.3
ZJH_N23_2_2	unknown	36.415208	10	ZJH_N23	ZCH	Axilla	Week.3
ZJH_N23_2_3	intrinsic	2339.814972	13	ZJH_N23	ZCH	Groin	Week.3
ZJH_N23_2_3	acquired	12244.721181	54	ZJH_N23	ZCH	Groin	Week.3
ZJH_N23_2_3	unknown	4171.986953	48	ZJH_N23	ZCH	Groin	Week.3
ZJH_N23_2_4	intrinsic	278.111829	11	ZJH_N23	ZCH	Stool	Week.3
ZJH_N23_2_4	acquired	5142.261684	44	ZJH_N23	ZCH	Stool	Week.3
ZJH_N23_2_4	unknown	134.063157	34	ZJH_N23	ZCH	Stool	Week.3
ZJH_N24_1_2	intrinsic	0.0	0	ZJH_N24	ZCH	Axilla	Week.1
ZJH_N24_1_2	acquired	15700.030509	28	ZJH_N24	ZCH	Axilla	Week.1
ZJH_N24_1_2	unknown	17.56657	3	ZJH_N24	ZCH	Axilla	Week.1
ZJH_N24_1_3	intrinsic	0.0	0	ZJH_N24	ZCH	Groin	Week.1
ZJH_N24_1_3	acquired	0.0	0	ZJH_N24	ZCH	Groin	Week.1
ZJH_N24_1_3	unknown	0.0	0	ZJH_N24	ZCH	Groin	Week.1
ZJH_N24_1_4	intrinsic	0.0	0	ZJH_N24	ZCH	Stool	Week.1
ZJH_N24_1_4	acquired	1146.14547	29	ZJH_N24	ZCH	Stool	Week.1
ZJH_N24_1_4	unknown	58.76059	4	ZJH_N24	ZCH	Stool	Week.1
ZJH_N24_2_2	intrinsic	57.207601	12	ZJH_N24	ZCH	Axilla	Week.3
ZJH_N24_2_2	acquired	1212.856834	52	ZJH_N24	ZCH	Axilla	Week.3
ZJH_N24_2_2	unknown	131.076675	30	ZJH_N24	ZCH	Axilla	Week.3
ZJH_N24_2_3	intrinsic	450.56093	13	ZJH_N24	ZCH	Groin	Week.3
ZJH_N24_2_3	acquired	5148.709565	50	ZJH_N24	ZCH	Groin	Week.3
ZJH_N24_2_3	unknown	728.216804	32	ZJH_N24	ZCH	Groin	Week.3
ZJH_N24_2_4	intrinsic	1526.8965	16	ZJH_N24	ZCH	Stool	Week.3
ZJH_N24_2_4	acquired	29554.482291	46	ZJH_N24	ZCH	Stool	Week.3
ZJH_N24_2_4	unknown	2680.88154	35	ZJH_N24	ZCH	Stool	Week.3
ZJH_N25_1_2	intrinsic	0.0	0	ZJH_N25	ZCH	Axilla	Week.1
ZJH_N25_1_2	acquired	3173.181434	30	ZJH_N25	ZCH	Axilla	Week.1
ZJH_N25_1_2	unknown	41.289108	5	ZJH_N25	ZCH	Axilla	Week.1
ZJH_N25_1_3	intrinsic	0.0	0	ZJH_N25	ZCH	Groin	Week.1
ZJH_N25_1_3	acquired	0.0	0	ZJH_N25	ZCH	Groin	Week.1
ZJH_N25_1_3	unknown	0.0	0	ZJH_N25	ZCH	Groin	Week.1
ZJH_N25_1_4	intrinsic	0.0	0	ZJH_N25	ZCH	Stool	Week.1
ZJH_N25_1_4	acquired	101.12627499999999	13	ZJH_N25	ZCH	Stool	Week.1
ZJH_N25_1_4	unknown	0.0	0	ZJH_N25	ZCH	Stool	Week.1
ZJH_N25_2_2	intrinsic	0.0	0	ZJH_N25	ZCH	Axilla	Week.3
ZJH_N25_2_2	acquired	17825.424788	49	ZJH_N25	ZCH	Axilla	Week.3
ZJH_N25_2_2	unknown	121.06031	6	ZJH_N25	ZCH	Axilla	Week.3
ZJH_N25_2_4	intrinsic	1.103231	3	ZJH_N25	ZCH	Stool	Week.3
ZJH_N25_2_4	acquired	3443.411446	64	ZJH_N25	ZCH	Stool	Week.3
ZJH_N25_2_4	unknown	65.073119	8	ZJH_N25	ZCH	Stool	Week.3
ZJH_N26_1_2	intrinsic	0.0	0	ZJH_N26	ZCH	Axilla	Week.1
ZJH_N26_1_2	acquired	90.768586	8	ZJH_N26	ZCH	Axilla	Week.1
ZJH_N26_1_2	unknown	0.0	0	ZJH_N26	ZCH	Axilla	Week.1
ZJH_N26_1_4	intrinsic	0.0	0	ZJH_N26	ZCH	Stool	Week.1
ZJH_N26_1_4	acquired	0.0	0	ZJH_N26	ZCH	Stool	Week.1
ZJH_N26_1_4	unknown	0.0	0	ZJH_N26	ZCH	Stool	Week.1
ZJH_N26_2_2	intrinsic	0.0	0	ZJH_N26	ZCH	Axilla	Week.3
ZJH_N26_2_2	acquired	1081.539321	19	ZJH_N26	ZCH	Axilla	Week.3
ZJH_N26_2_2	unknown	0.5091289999999999	2	ZJH_N26	ZCH	Axilla	Week.3
ZJH_N26_2_4	intrinsic	10.02523	3	ZJH_N26	ZCH	Stool	Week.3
ZJH_N26_2_4	acquired	175.963119	31	ZJH_N26	ZCH	Stool	Week.3
ZJH_N26_2_4	unknown	5.6049299999999995	2	ZJH_N26	ZCH	Stool	Week.3
ZJH_N27_1_4	intrinsic	0.0	0	ZJH_N27	ZCH	Stool	Week.1
ZJH_N27_1_4	acquired	0.0	0	ZJH_N27	ZCH	Stool	Week.1
ZJH_N27_1_4	unknown	0.0	0	ZJH_N27	ZCH	Stool	Week.1
ZJH_N27_2_2	intrinsic	34.477072	7	ZJH_N27	ZCH	Axilla	Week.3
ZJH_N27_2_2	acquired	7114.67357	60	ZJH_N27	ZCH	Axilla	Week.3
ZJH_N27_2_2	unknown	34.784909999999996	10	ZJH_N27	ZCH	Axilla	Week.3
ZJH_N27_2_3	intrinsic	469.33417	15	ZJH_N27	ZCH	Groin	Week.3
ZJH_N27_2_3	acquired	2084.719816	59	ZJH_N27	ZCH	Groin	Week.3
ZJH_N27_2_3	unknown	696.916278	52	ZJH_N27	ZCH	Groin	Week.3
ZJH_N27_2_4	intrinsic	985.29723	15	ZJH_N27	ZCH	Stool	Week.3
ZJH_N27_2_4	acquired	4713.755223	79	ZJH_N27	ZCH	Stool	Week.3
ZJH_N27_2_4	unknown	1631.25325	52	ZJH_N27	ZCH	Stool	Week.3
ZJH_N28_1_2	intrinsic	0.0	0	ZJH_N28	ZCH	Axilla	Week.1
ZJH_N28_1_2	acquired	53.684850000000004	1	ZJH_N28	ZCH	Axilla	Week.1
ZJH_N28_1_2	unknown	0.0	0	ZJH_N28	ZCH	Axilla	Week.1
ZJH_N28_1_4	intrinsic	0.0	0	ZJH_N28	ZCH	Stool	Week.1
ZJH_N28_1_4	acquired	0.0	0	ZJH_N28	ZCH	Stool	Week.1
ZJH_N28_1_4	unknown	0.0	0	ZJH_N28	ZCH	Stool	Week.1
ZJH_N28_2_2	intrinsic	0.0	0	ZJH_N28	ZCH	Axilla	Week.3
ZJH_N28_2_2	acquired	3773.484139	15	ZJH_N28	ZCH	Axilla	Week.3
ZJH_N28_2_2	unknown	9.27324	3	ZJH_N28	ZCH	Axilla	Week.3
ZJH_N28_2_3	intrinsic	0.0	0	ZJH_N28	ZCH	Groin	Week.3
ZJH_N28_2_3	acquired	38.98419	1	ZJH_N28	ZCH	Groin	Week.3
ZJH_N28_2_3	unknown	0.793283	1	ZJH_N28	ZCH	Groin	Week.3
ZJH_N28_2_4	intrinsic	19.8938	1	ZJH_N28	ZCH	Stool	Week.3
ZJH_N28_2_4	acquired	3074.8419599999997	48	ZJH_N28	ZCH	Stool	Week.3
ZJH_N28_2_4	unknown	353.782403	28	ZJH_N28	ZCH	Stool	Week.3
ZJH_N29_1_2	intrinsic	2.65652	1	ZJH_N29	ZCH	Axilla	Week.1
ZJH_N29_1_2	acquired	2026.000466	21	ZJH_N29	ZCH	Axilla	Week.1
ZJH_N29_1_2	unknown	24.420837000000002	6	ZJH_N29	ZCH	Axilla	Week.1
ZJH_N29_1_4	intrinsic	0.0	0	ZJH_N29	ZCH	Stool	Week.1
ZJH_N29_1_4	acquired	2.280951	3	ZJH_N29	ZCH	Stool	Week.1
ZJH_N29_1_4	unknown	0.228095	1	ZJH_N29	ZCH	Stool	Week.1
ZJH_N30_1_3	intrinsic	17.29992	3	ZJH_N30	ZCH	Groin	Week.1
ZJH_N30_1_3	acquired	164.70032	12	ZJH_N30	ZCH	Groin	Week.1
ZJH_N30_1_3	unknown	17.044588	8	ZJH_N30	ZCH	Groin	Week.1
ZJH_N30_1_4	intrinsic	0.0	0	ZJH_N30	ZCH	Stool	Week.1
ZJH_N30_1_4	acquired	9863.51124	39	ZJH_N30	ZCH	Stool	Week.1
ZJH_N30_1_4	unknown	150.919	1	ZJH_N30	ZCH	Stool	Week.1
ZJH_N30_2_3	intrinsic	0.0	0	ZJH_N30	ZCH	Groin	Week.3
ZJH_N30_2_3	acquired	47.28207	1	ZJH_N30	ZCH	Groin	Week.3
ZJH_N30_2_3	unknown	0.0	0	ZJH_N30	ZCH	Groin	Week.3
ZJH_N30_2_4	intrinsic	59.046	3	ZJH_N30	ZCH	Stool	Week.3
ZJH_N30_2_4	acquired	2234.914032	66	ZJH_N30	ZCH	Stool	Week.3
ZJH_N30_2_4	unknown	57.734680000000004	9	ZJH_N30	ZCH	Stool	Week.3
ZJH_N31_1_2	intrinsic	1.71471	1	ZJH_N31	ZCH	Axilla	Week.1
ZJH_N31_1_2	acquired	4658.464028	24	ZJH_N31	ZCH	Axilla	Week.1
ZJH_N31_1_2	unknown	22.465642	4	ZJH_N31	ZCH	Axilla	Week.1
ZJH_N31_1_4	intrinsic	3.6131	1	ZJH_N31	ZCH	Stool	Week.1
ZJH_N31_1_4	acquired	243.50314600000002	23	ZJH_N31	ZCH	Stool	Week.1
ZJH_N31_1_4	unknown	0.828693	1	ZJH_N31	ZCH	Stool	Week.1
ZJH_N31_2_2	intrinsic	0.0	0	ZJH_N31	ZCH	Axilla	Week.3
ZJH_N31_2_2	acquired	67.84158500000001	4	ZJH_N31	ZCH	Axilla	Week.3
ZJH_N31_2_2	unknown	0.0	0	ZJH_N31	ZCH	Axilla	Week.3
ZJH_N31_2_3	intrinsic	1372.708722	15	ZJH_N31	ZCH	Groin	Week.3
ZJH_N31_2_3	acquired	7048.26169	49	ZJH_N31	ZCH	Groin	Week.3
ZJH_N31_2_3	unknown	673.3968610000001	36	ZJH_N31	ZCH	Groin	Week.3
ZJH_N31_2_4	intrinsic	1826.9093	16	ZJH_N31	ZCH	Stool	Week.3
ZJH_N31_2_4	acquired	9315.11658	42	ZJH_N31	ZCH	Stool	Week.3
ZJH_N31_2_4	unknown	857.583061	35	ZJH_N31	ZCH	Stool	Week.3
ZJH_N32_1_2	intrinsic	1.56009	1	ZJH_N32	ZCH	Axilla	Week.1
ZJH_N32_1_2	acquired	3925.604943	42	ZJH_N32	ZCH	Axilla	Week.1
ZJH_N32_1_2	unknown	26.770307	7	ZJH_N32	ZCH	Axilla	Week.1
ZJH_N32_1_4	intrinsic	26.2756	1	ZJH_N32	ZCH	Stool	Week.1
ZJH_N32_1_4	acquired	6150.91305	20	ZJH_N32	ZCH	Stool	Week.1
ZJH_N32_1_4	unknown	476.24989999999997	5	ZJH_N32	ZCH	Stool	Week.1
ZJH_N32_2_2	intrinsic	0.0	0	ZJH_N32	ZCH	Axilla	Week.3
ZJH_N32_2_2	acquired	2040.996563	30	ZJH_N32	ZCH	Axilla	Week.3
ZJH_N32_2_2	unknown	12.13795	4	ZJH_N32	ZCH	Axilla	Week.3
ZJH_N32_2_3	intrinsic	0.0	0	ZJH_N32	ZCH	Groin	Week.3
ZJH_N32_2_3	acquired	0.0	0	ZJH_N32	ZCH	Groin	Week.3
ZJH_N32_2_3	unknown	0.0	0	ZJH_N32	ZCH	Groin	Week.3
ZJH_N32_2_4	intrinsic	0.0	0	ZJH_N32	ZCH	Stool	Week.3
ZJH_N32_2_4	acquired	0.0	0	ZJH_N32	ZCH	Stool	Week.3
ZJH_N32_2_4	unknown	0.0	0	ZJH_N32	ZCH	Stool	Week.3
ZJH_N33_1_2	intrinsic	7.18174	1	ZJH_N33	ZCH	Axilla	Week.1
ZJH_N33_1_2	acquired	20518.069983	37	ZJH_N33	ZCH	Axilla	Week.1
ZJH_N33_1_2	unknown	202.71526500000002	9	ZJH_N33	ZCH	Axilla	Week.1
ZJH_N33_1_3	intrinsic	0.0	0	ZJH_N33	ZCH	Groin	Week.1
ZJH_N33_1_3	acquired	21.099990000000002	1	ZJH_N33	ZCH	Groin	Week.1
ZJH_N33_1_3	unknown	1.03242	1	ZJH_N33	ZCH	Groin	Week.1
ZJH_N33_1_4	intrinsic	0.0	0	ZJH_N33	ZCH	Stool	Week.1
ZJH_N33_1_4	acquired	0.0	0	ZJH_N33	ZCH	Stool	Week.1
ZJH_N33_1_4	unknown	0.0	0	ZJH_N33	ZCH	Stool	Week.1
ZJH_N33_2_2	intrinsic	4.32417	1	ZJH_N33	ZCH	Axilla	Week.3
ZJH_N33_2_2	acquired	4139.306584	31	ZJH_N33	ZCH	Axilla	Week.3
ZJH_N33_2_2	unknown	10.384328	4	ZJH_N33	ZCH	Axilla	Week.3
ZJH_N33_2_4	intrinsic	311.98629	13	ZJH_N33	ZCH	Stool	Week.3
ZJH_N33_2_4	acquired	2963.477615	81	ZJH_N33	ZCH	Stool	Week.3
ZJH_N33_2_4	unknown	188.490599	23	ZJH_N33	ZCH	Stool	Week.3
ZJH_N34_1_2	intrinsic	3.42777	1	ZJH_N34	ZCH	Axilla	Week.1
ZJH_N34_1_2	acquired	403.806014	26	ZJH_N34	ZCH	Axilla	Week.1
ZJH_N34_1_2	unknown	71.23786899999999	8	ZJH_N34	ZCH	Axilla	Week.1
ZJH_N34_1_3	intrinsic	0.0	0	ZJH_N34	ZCH	Groin	Week.1
ZJH_N34_1_3	acquired	0.0	0	ZJH_N34	ZCH	Groin	Week.1
ZJH_N34_1_3	unknown	0.0	0	ZJH_N34	ZCH	Groin	Week.1
ZJH_N34_1_4	intrinsic	0.0	0	ZJH_N34	ZCH	Stool	Week.1
ZJH_N34_1_4	acquired	0.0	0	ZJH_N34	ZCH	Stool	Week.1
ZJH_N34_1_4	unknown	0.0	0	ZJH_N34	ZCH	Stool	Week.1
ZJH_N35_1_2	intrinsic	0.0	0	ZJH_N35	ZCH	Axilla	Week.1
ZJH_N35_1_2	acquired	101.769117	12	ZJH_N35	ZCH	Axilla	Week.1
ZJH_N35_1_2	unknown	0.0	0	ZJH_N35	ZCH	Axilla	Week.1
ZJH_N35_1_4	intrinsic	0.0	0	ZJH_N35	ZCH	Stool	Week.1
ZJH_N35_1_4	acquired	9.069844	1	ZJH_N35	ZCH	Stool	Week.1
ZJH_N35_1_4	unknown	0.0	0	ZJH_N35	ZCH	Stool	Week.1
ZJH_N36_1_2	intrinsic	0.0	0	ZJH_N36	ZCH	Axilla	Week.1
ZJH_N36_1_2	acquired	355.271947	28	ZJH_N36	ZCH	Axilla	Week.1
ZJH_N36_1_2	unknown	5.670587	5	ZJH_N36	ZCH	Axilla	Week.1
ZJH_N36_1_3	intrinsic	0.0	0	ZJH_N36	ZCH	Groin	Week.1
ZJH_N36_1_3	acquired	0.0	0	ZJH_N36	ZCH	Groin	Week.1
ZJH_N36_1_3	unknown	0.0	0	ZJH_N36	ZCH	Groin	Week.1
ZJH_N36_1_4	intrinsic	0.0	0	ZJH_N36	ZCH	Stool	Week.1
ZJH_N36_1_4	acquired	0.0	0	ZJH_N36	ZCH	Stool	Week.1
ZJH_N36_1_4	unknown	0.0	0	ZJH_N36	ZCH	Stool	Week.1
ZJH_N36_2_2	intrinsic	150.296083	11	ZJH_N36	ZCH	Axilla	Week.3
ZJH_N36_2_2	acquired	5201.198468	77	ZJH_N36	ZCH	Axilla	Week.3
ZJH_N36_2_2	unknown	177.408802	16	ZJH_N36	ZCH	Axilla	Week.3
ZJH_N36_2_3	intrinsic	75.138617	13	ZJH_N36	ZCH	Groin	Week.3
ZJH_N36_2_3	acquired	1148.590497	45	ZJH_N36	ZCH	Groin	Week.3
ZJH_N36_2_3	unknown	27.185455	6	ZJH_N36	ZCH	Groin	Week.3
ZJH_N36_2_4	intrinsic	1775.9091	12	ZJH_N36	ZCH	Stool	Week.3
ZJH_N36_2_4	acquired	17404.514242	47	ZJH_N36	ZCH	Stool	Week.3
ZJH_N36_2_4	unknown	1165.94733	21	ZJH_N36	ZCH	Stool	Week.3
ZJH_N37_1_2	intrinsic	0.0	0	ZJH_N37	ZCH	Axilla	Week.1
ZJH_N37_1_2	acquired	3082.887918	24	ZJH_N37	ZCH	Axilla	Week.1
ZJH_N37_1_2	unknown	22.74951	6	ZJH_N37	ZCH	Axilla	Week.1
ZJH_N37_1_3	intrinsic	0.0	0	ZJH_N37	ZCH	Groin	Week.1
ZJH_N37_1_3	acquired	0.0	0	ZJH_N37	ZCH	Groin	Week.1
ZJH_N37_1_3	unknown	0.0	0	ZJH_N37	ZCH	Groin	Week.1
ZJH_N38_1_2	intrinsic	0.0	0	ZJH_N38	ZCH	Axilla	Week.1
ZJH_N38_1_2	acquired	1853.494796	26	ZJH_N38	ZCH	Axilla	Week.1
ZJH_N38_1_2	unknown	39.429635000000005	4	ZJH_N38	ZCH	Axilla	Week.1
ZJH_N38_1_3	intrinsic	0.0	0	ZJH_N38	ZCH	Groin	Week.1
ZJH_N38_1_3	acquired	1640.59719	17	ZJH_N38	ZCH	Groin	Week.1
ZJH_N38_1_3	unknown	16.40965	2	ZJH_N38	ZCH	Groin	Week.1
ZJH_N38_1_4	intrinsic	0.0	0	ZJH_N38	ZCH	Stool	Week.1
ZJH_N38_1_4	acquired	0.0	0	ZJH_N38	ZCH	Stool	Week.1
ZJH_N38_1_4	unknown	0.0	0	ZJH_N38	ZCH	Stool	Week.1
ZJH_N39_1_4	intrinsic	6.1799	1	ZJH_N39	ZCH	Stool	Week.1
ZJH_N39_1_4	acquired	128.87502	8	ZJH_N39	ZCH	Stool	Week.1
ZJH_N39_1_4	unknown	5.6967	1	ZJH_N39	ZCH	Stool	Week.1
ZJH_N39_2_2	intrinsic	3.42399	1	ZJH_N39	ZCH	Axilla	Week.3
ZJH_N39_2_2	acquired	5232.074601	37	ZJH_N39	ZCH	Axilla	Week.3
ZJH_N39_2_2	unknown	48.116138	8	ZJH_N39	ZCH	Axilla	Week.3
ZJH_N39_2_3	intrinsic	0.0	0	ZJH_N39	ZCH	Groin	Week.3
ZJH_N39_2_3	acquired	87.03899	9	ZJH_N39	ZCH	Groin	Week.3
ZJH_N39_2_3	unknown	0.0	0	ZJH_N39	ZCH	Groin	Week.3
ZJH_N39_2_4	intrinsic	0.0	0	ZJH_N39	ZCH	Stool	Week.3
ZJH_N39_2_4	acquired	3603.1194	28	ZJH_N39	ZCH	Stool	Week.3
ZJH_N39_2_4	unknown	10.15526	2	ZJH_N39	ZCH	Stool	Week.3
ZJH_N40_1_2	intrinsic	9.794789999999999	2	ZJH_N40	ZCH	Axilla	Week.1
ZJH_N40_1_2	acquired	816.02563	19	ZJH_N40	ZCH	Axilla	Week.1
ZJH_N40_1_2	unknown	51.26739	6	ZJH_N40	ZCH	Axilla	Week.1
ZJH_N40_1_4	intrinsic	0.0	0	ZJH_N40	ZCH	Stool	Week.1
ZJH_N40_1_4	acquired	4.66257	1	ZJH_N40	ZCH	Stool	Week.1
ZJH_N40_1_4	unknown	0.0	0	ZJH_N40	ZCH	Stool	Week.1
ZJH_N41_1_2	intrinsic	0.0	0	ZJH_N41	ZCH	Axilla	Week.1
ZJH_N41_1_2	acquired	0.0	0	ZJH_N41	ZCH	Axilla	Week.1
ZJH_N41_1_2	unknown	0.0	0	ZJH_N41	ZCH	Axilla	Week.1
ZJH_N41_1_3	intrinsic	0.0	0	ZJH_N41	ZCH	Groin	Week.1
ZJH_N41_1_3	acquired	5.6728320000000005	2	ZJH_N41	ZCH	Groin	Week.1
ZJH_N41_1_3	unknown	0.0	0	ZJH_N41	ZCH	Groin	Week.1
ZJH_N41_1_4	intrinsic	354.9828	5	ZJH_N41	ZCH	Stool	Week.1
ZJH_N41_1_4	acquired	2661.58841	17	ZJH_N41	ZCH	Stool	Week.1
ZJH_N41_1_4	unknown	150.37801	7	ZJH_N41	ZCH	Stool	Week.1
ZJH_N42_1_3	intrinsic	0.0	0	ZJH_N42	ZCH	Groin	Week.1
ZJH_N42_1_3	acquired	0.0	0	ZJH_N42	ZCH	Groin	Week.1
ZJH_N42_1_3	unknown	0.0	0	ZJH_N42	ZCH	Groin	Week.1
ZJH_N42_1_4	intrinsic	0.0	0	ZJH_N42	ZCH	Stool	Week.1
ZJH_N42_1_4	acquired	176.530358	23	ZJH_N42	ZCH	Stool	Week.1
ZJH_N42_1_4	unknown	8.338846	3	ZJH_N42	ZCH	Stool	Week.1
ZJH_N42_2_2	intrinsic	49.193630999999996	11	ZJH_N42	ZCH	Axilla	Week.3
ZJH_N42_2_2	acquired	1875.562798	58	ZJH_N42	ZCH	Axilla	Week.3
ZJH_N42_2_2	unknown	27.850519	9	ZJH_N42	ZCH	Axilla	Week.3
ZJH_N42_2_3	intrinsic	1822.4024	12	ZJH_N42	ZCH	Groin	Week.3
ZJH_N42_2_3	acquired	17650.008727	62	ZJH_N42	ZCH	Groin	Week.3
ZJH_N42_2_3	unknown	716.36901	8	ZJH_N42	ZCH	Groin	Week.3
ZJH_N42_2_4	intrinsic	1719.3409000000001	13	ZJH_N42	ZCH	Stool	Week.3
ZJH_N42_2_4	acquired	14689.731785	48	ZJH_N42	ZCH	Stool	Week.3
ZJH_N42_2_4	unknown	626.576236	8	ZJH_N42	ZCH	Stool	Week.3
ZJH_N43_1_2	intrinsic	0.760868	1	ZJH_N43	ZCH	Axilla	Week.1
ZJH_N43_1_2	acquired	28.33475	4	ZJH_N43	ZCH	Axilla	Week.1
ZJH_N43_1_2	unknown	0.0	0	ZJH_N43	ZCH	Axilla	Week.1
ZJH_N43_1_3	intrinsic	0.0	0	ZJH_N43	ZCH	Groin	Week.1
ZJH_N43_1_3	acquired	2.05841	1	ZJH_N43	ZCH	Groin	Week.1
ZJH_N43_1_3	unknown	0.0	0	ZJH_N43	ZCH	Groin	Week.1
ZJH_N43_1_4	intrinsic	0.0	0	ZJH_N43	ZCH	Stool	Week.1
ZJH_N43_1_4	acquired	848.8353999999999	14	ZJH_N43	ZCH	Stool	Week.1
ZJH_N43_1_4	unknown	44.763779	2	ZJH_N43	ZCH	Stool	Week.1
ZJH_N43_2_2	intrinsic	15.5867	1	ZJH_N43	ZCH	Axilla	Week.3
ZJH_N43_2_2	acquired	4421.57359	29	ZJH_N43	ZCH	Axilla	Week.3
ZJH_N43_2_2	unknown	27.236924000000002	6	ZJH_N43	ZCH	Axilla	Week.3
ZJH_N43_2_3	intrinsic	46.0533	1	ZJH_N43	ZCH	Groin	Week.3
ZJH_N43_2_3	acquired	7477.81785	32	ZJH_N43	ZCH	Groin	Week.3
ZJH_N43_2_3	unknown	131.060315	9	ZJH_N43	ZCH	Groin	Week.3
ZJH_N43_2_4	intrinsic	5.52592	1	ZJH_N43	ZCH	Stool	Week.3
ZJH_N43_2_4	acquired	828.553059	41	ZJH_N43	ZCH	Stool	Week.3
ZJH_N43_2_4	unknown	23.666556	6	ZJH_N43	ZCH	Stool	Week.3
ZJH_N44_1_2	intrinsic	23.837736	10	ZJH_N44	ZCH	Axilla	Week.1
ZJH_N44_1_2	acquired	1265.992885	53	ZJH_N44	ZCH	Axilla	Week.1
ZJH_N44_1_2	unknown	76.164665	9	ZJH_N44	ZCH	Axilla	Week.1
ZJH_N44_1_3	intrinsic	0.0	0	ZJH_N44	ZCH	Groin	Week.1
ZJH_N44_1_3	acquired	0.0	0	ZJH_N44	ZCH	Groin	Week.1
ZJH_N44_1_3	unknown	0.0	0	ZJH_N44	ZCH	Groin	Week.1
ZJH_N44_1_4	intrinsic	0.0	0	ZJH_N44	ZCH	Stool	Week.1
ZJH_N44_1_4	acquired	0.0	0	ZJH_N44	ZCH	Stool	Week.1
ZJH_N44_1_4	unknown	0.0	0	ZJH_N44	ZCH	Stool	Week.1
ZJH_N45_1_2	intrinsic	0.0	0	ZJH_N45	ZCH	Axilla	Week.1
ZJH_N45_1_2	acquired	114.29026999999999	4	ZJH_N45	ZCH	Axilla	Week.1
ZJH_N45_1_2	unknown	6.560181	3	ZJH_N45	ZCH	Axilla	Week.1
ZJH_N45_1_3	intrinsic	0.0	0	ZJH_N45	ZCH	Groin	Week.1
ZJH_N45_1_3	acquired	9.173865	1	ZJH_N45	ZCH	Groin	Week.1
ZJH_N45_1_3	unknown	0.0	0	ZJH_N45	ZCH	Groin	Week.1
ZJH_N45_1_4	intrinsic	9.51409	1	ZJH_N45	ZCH	Stool	Week.1
ZJH_N45_1_4	acquired	3041.692837	37	ZJH_N45	ZCH	Stool	Week.1
ZJH_N45_1_4	unknown	109.469258	11	ZJH_N45	ZCH	Stool	Week.1
ZJH_N45_2_2	intrinsic	44.5857	1	ZJH_N45	ZCH	Axilla	Week.3
ZJH_N45_2_2	acquired	13195.637671	39	ZJH_N45	ZCH	Axilla	Week.3
ZJH_N45_2_2	unknown	543.756138	12	ZJH_N45	ZCH	Axilla	Week.3
ZJH_N45_2_3	intrinsic	7.8314	1	ZJH_N45	ZCH	Groin	Week.3
ZJH_N45_2_3	acquired	5525.834288	49	ZJH_N45	ZCH	Groin	Week.3
ZJH_N45_2_3	unknown	75.413558	15	ZJH_N45	ZCH	Groin	Week.3
ZJH_N45_2_4	intrinsic	2035.7274	14	ZJH_N45	ZCH	Stool	Week.3
ZJH_N45_2_4	acquired	11155.292747	75	ZJH_N45	ZCH	Stool	Week.3
ZJH_N45_2_4	unknown	2779.068852	37	ZJH_N45	ZCH	Stool	Week.3
ZJH_N46_1_2	intrinsic	1.88823	1	ZJH_N46	ZCH	Axilla	Week.1
ZJH_N46_1_2	acquired	1901.354497	31	ZJH_N46	ZCH	Axilla	Week.1
ZJH_N46_1_2	unknown	33.592829	6	ZJH_N46	ZCH	Axilla	Week.1
ZJH_N46_1_4	intrinsic	0.0	0	ZJH_N46	ZCH	Stool	Week.1
ZJH_N46_1_4	acquired	0.0	0	ZJH_N46	ZCH	Stool	Week.1
ZJH_N46_1_4	unknown	0.0	0	ZJH_N46	ZCH	Stool	Week.1
ZJH_N46_2_2	intrinsic	0.406269	1	ZJH_N46	ZCH	Axilla	Week.3
ZJH_N46_2_2	acquired	12308.666888	25	ZJH_N46	ZCH	Axilla	Week.3
ZJH_N46_2_2	unknown	143.837784	8	ZJH_N46	ZCH	Axilla	Week.3
ZJH_N46_2_3	intrinsic	2206.00947	13	ZJH_N46	ZCH	Groin	Week.3
ZJH_N46_2_3	acquired	8541.596667	49	ZJH_N46	ZCH	Groin	Week.3
ZJH_N46_2_3	unknown	1714.626039	25	ZJH_N46	ZCH	Groin	Week.3
ZJH_N46_2_4	intrinsic	2132.4570489999996	13	ZJH_N46	ZCH	Stool	Week.3
ZJH_N46_2_4	acquired	8885.0675076	50	ZJH_N46	ZCH	Stool	Week.3
ZJH_N46_2_4	unknown	2402.02562	26	ZJH_N46	ZCH	Stool	Week.3
ZJH_N47_1_2	intrinsic	0.0	0	ZJH_N47	ZCH	Axilla	Week.1
ZJH_N47_1_2	acquired	597.352907	37	ZJH_N47	ZCH	Axilla	Week.1
ZJH_N47_1_2	unknown	24.178705	7	ZJH_N47	ZCH	Axilla	Week.1
ZJH_N47_1_3	intrinsic	0.0	0	ZJH_N47	ZCH	Groin	Week.1
ZJH_N47_1_3	acquired	0.0	0	ZJH_N47	ZCH	Groin	Week.1
ZJH_N47_1_3	unknown	0.0	0	ZJH_N47	ZCH	Groin	Week.1
ZJH_N47_1_4	intrinsic	0.0	0	ZJH_N47	ZCH	Stool	Week.1
ZJH_N47_1_4	acquired	0.0	0	ZJH_N47	ZCH	Stool	Week.1
ZJH_N47_1_4	unknown	0.0	0	ZJH_N47	ZCH	Stool	Week.1
ZJH_N47_2_2	intrinsic	9.71511	1	ZJH_N47	ZCH	Axilla	Week.3
ZJH_N47_2_2	acquired	839.923661	39	ZJH_N47	ZCH	Axilla	Week.3
ZJH_N47_2_2	unknown	11.345386	6	ZJH_N47	ZCH	Axilla	Week.3
ZJH_N47_2_3	intrinsic	0.0	0	ZJH_N47	ZCH	Groin	Week.3
ZJH_N47_2_3	acquired	33.028858	3	ZJH_N47	ZCH	Groin	Week.3
ZJH_N47_2_3	unknown	4.545842	4	ZJH_N47	ZCH	Groin	Week.3
ZJH_N47_2_4	intrinsic	0.0	0	ZJH_N47	ZCH	Stool	Week.3
ZJH_N47_2_4	acquired	0.0	0	ZJH_N47	ZCH	Stool	Week.3
ZJH_N47_2_4	unknown	0.0	0	ZJH_N47	ZCH	Stool	Week.3
ZJH_N48_1_3	intrinsic	0.0	0	ZJH_N48	ZCH	Groin	Week.1
ZJH_N48_1_3	acquired	1836.231358	38	ZJH_N48	ZCH	Groin	Week.1
ZJH_N48_1_3	unknown	165.294767	7	ZJH_N48	ZCH	Groin	Week.1
ZJH_N48_1_4	intrinsic	0.0	0	ZJH_N48	ZCH	Stool	Week.1
ZJH_N48_1_4	acquired	295.279253	34	ZJH_N48	ZCH	Stool	Week.1
ZJH_N48_1_4	unknown	17.991132999999998	7	ZJH_N48	ZCH	Stool	Week.1
ZJH_N48_2_2	intrinsic	8.5181	1	ZJH_N48	ZCH	Axilla	Week.3
ZJH_N48_2_2	acquired	741.261366	29	ZJH_N48	ZCH	Axilla	Week.3
ZJH_N48_2_2	unknown	43.09626	3	ZJH_N48	ZCH	Axilla	Week.3
ZJH_N48_2_4	intrinsic	0.485443	1	ZJH_N48	ZCH	Stool	Week.3
ZJH_N48_2_4	acquired	4494.95212	52	ZJH_N48	ZCH	Stool	Week.3
ZJH_N48_2_4	unknown	197.101296	9	ZJH_N48	ZCH	Stool	Week.3
ZJH_N49_1_2	intrinsic	0.0	0	ZJH_N49	ZCH	Axilla	Week.1
ZJH_N49_1_2	acquired	1850.145691	28	ZJH_N49	ZCH	Axilla	Week.1
ZJH_N49_1_2	unknown	28.02473	5	ZJH_N49	ZCH	Axilla	Week.1
ZJH_N49_1_3	intrinsic	0.0	0	ZJH_N49	ZCH	Groin	Week.1
ZJH_N49_1_3	acquired	0.0	0	ZJH_N49	ZCH	Groin	Week.1
ZJH_N49_1_3	unknown	0.0	0	ZJH_N49	ZCH	Groin	Week.1
ZJH_N49_1_4	intrinsic	0.0	0	ZJH_N49	ZCH	Stool	Week.1
ZJH_N49_1_4	acquired	0.0	0	ZJH_N49	ZCH	Stool	Week.1
ZJH_N49_1_4	unknown	0.0	0	ZJH_N49	ZCH	Stool	Week.1
ZJH_N49_2_2	intrinsic	0.0	0	ZJH_N49	ZCH	Axilla	Week.3
ZJH_N49_2_2	acquired	347.13433	12	ZJH_N49	ZCH	Axilla	Week.3
ZJH_N49_2_2	unknown	12.236131	5	ZJH_N49	ZCH	Axilla	Week.3
ZJH_N49_2_4	intrinsic	1186.64229	14	ZJH_N49	ZCH	Stool	Week.3
ZJH_N49_2_4	acquired	2880.535728	31	ZJH_N49	ZCH	Stool	Week.3
ZJH_N49_2_4	unknown	1468.06607	29	ZJH_N49	ZCH	Stool	Week.3
ZJH_N50_1_2	intrinsic	0.0	0	ZJH_N50	ZCH	Axilla	Week.1
ZJH_N50_1_2	acquired	46.907455	5	ZJH_N50	ZCH	Axilla	Week.1
ZJH_N50_1_2	unknown	0.0	0	ZJH_N50	ZCH	Axilla	Week.1
ZJH_N50_1_3	intrinsic	1572.7513	11	ZJH_N50	ZCH	Groin	Week.1
ZJH_N50_1_3	acquired	27083.46204	54	ZJH_N50	ZCH	Groin	Week.1
ZJH_N50_1_3	unknown	647.09748	5	ZJH_N50	ZCH	Groin	Week.1
ZJH_N50_1_4	intrinsic	1396.4423	13	ZJH_N50	ZCH	Stool	Week.1
ZJH_N50_1_4	acquired	24810.41736	47	ZJH_N50	ZCH	Stool	Week.1
ZJH_N50_1_4	unknown	503.5887	6	ZJH_N50	ZCH	Stool	Week.1
ZJH_N50_2_2	intrinsic	15.256301	6	ZJH_N50	ZCH	Axilla	Week.3
ZJH_N50_2_2	acquired	1377.755105	48	ZJH_N50	ZCH	Axilla	Week.3
ZJH_N50_2_2	unknown	48.542801999999995	8	ZJH_N50	ZCH	Axilla	Week.3
ZJH_N50_2_3	intrinsic	379.48104	12	ZJH_N50	ZCH	Groin	Week.3
ZJH_N50_2_3	acquired	8736.868307	88	ZJH_N50	ZCH	Groin	Week.3
ZJH_N50_2_3	unknown	215.700178	14	ZJH_N50	ZCH	Groin	Week.3
ZJH_N50_2_4	intrinsic	1244.7733	13	ZJH_N50	ZCH	Stool	Week.3
ZJH_N50_2_4	acquired	13265.860823	72	ZJH_N50	ZCH	Stool	Week.3
ZJH_N50_2_4	unknown	448.26993999999996	6	ZJH_N50	ZCH	Stool	Week.3
ZJH_N51_1_2	intrinsic	3.1219	1	ZJH_N51	ZCH	Axilla	Week.1
ZJH_N51_1_2	acquired	1751.132194	37	ZJH_N51	ZCH	Axilla	Week.1
ZJH_N51_1_2	unknown	6.396098	4	ZJH_N51	ZCH	Axilla	Week.1
ZJH_N51_1_3	intrinsic	1850.0378	13	ZJH_N51	ZCH	Groin	Week.1
ZJH_N51_1_3	acquired	27015.599692	50	ZJH_N51	ZCH	Groin	Week.1
ZJH_N51_1_3	unknown	655.47748	6	ZJH_N51	ZCH	Groin	Week.1
ZJH_N51_1_4	intrinsic	1528.4119	13	ZJH_N51	ZCH	Stool	Week.1
ZJH_N51_1_4	acquired	29181.144109	46	ZJH_N51	ZCH	Stool	Week.1
ZJH_N51_1_4	unknown	559.59798	6	ZJH_N51	ZCH	Stool	Week.1
ZJH_N51_2_3	intrinsic	119.106807	14	ZJH_N51	ZCH	Groin	Week.3
ZJH_N51_2_3	acquired	6430.727853	73	ZJH_N51	ZCH	Groin	Week.3
ZJH_N51_2_3	unknown	39.246707	9	ZJH_N51	ZCH	Groin	Week.3
ZJH_N51_2_4	intrinsic	2011.87908	16	ZJH_N51	ZCH	Stool	Week.3
ZJH_N51_2_4	acquired	15186.890478	57	ZJH_N51	ZCH	Stool	Week.3
ZJH_N51_2_4	unknown	721.349596	10	ZJH_N51	ZCH	Stool	Week.3
ZJH_N52_1_2	intrinsic	0.0	0	ZJH_N52	ZCH	Axilla	Week.1
ZJH_N52_1_2	acquired	6.5964860000000005	5	ZJH_N52	ZCH	Axilla	Week.1
ZJH_N52_1_2	unknown	0.0	0	ZJH_N52	ZCH	Axilla	Week.1
ZJH_N52_1_3	intrinsic	0.0	0	ZJH_N52	ZCH	Groin	Week.1
ZJH_N52_1_3	acquired	0.0	0	ZJH_N52	ZCH	Groin	Week.1
ZJH_N52_1_3	unknown	0.0	0	ZJH_N52	ZCH	Groin	Week.1
ZJH_N52_1_4	intrinsic	269.3302	2	ZJH_N52	ZCH	Stool	Week.1
ZJH_N52_1_4	acquired	10759.79056	47	ZJH_N52	ZCH	Stool	Week.1
ZJH_N52_1_4	unknown	1547.22433	24	ZJH_N52	ZCH	Stool	Week.1
ZJH_N52_2_2	intrinsic	38.236	1	ZJH_N52	ZCH	Axilla	Week.3
ZJH_N52_2_2	acquired	6096.71193	39	ZJH_N52	ZCH	Axilla	Week.3
ZJH_N52_2_2	unknown	263.10666000000003	7	ZJH_N52	ZCH	Axilla	Week.3
ZJH_N52_2_3	intrinsic	1.21652	1	ZJH_N52	ZCH	Groin	Week.3
ZJH_N52_2_3	acquired	206.783865	26	ZJH_N52	ZCH	Groin	Week.3
ZJH_N52_2_3	unknown	12.212869600000001	4	ZJH_N52	ZCH	Groin	Week.3
ZJH_N52_2_4	intrinsic	2.27459	1	ZJH_N52	ZCH	Stool	Week.3
ZJH_N52_2_4	acquired	1897.542079	44	ZJH_N52	ZCH	Stool	Week.3
ZJH_N52_2_4	unknown	241.291404	9	ZJH_N52	ZCH	Stool	Week.3
ZJH_N53_1_4	intrinsic	0.0	0	ZJH_N53	ZCH	Stool	Week.1
ZJH_N53_1_4	acquired	1801.499732	34	ZJH_N53	ZCH	Stool	Week.1
ZJH_N53_1_4	unknown	294.35594	7	ZJH_N53	ZCH	Stool	Week.1
ZJH_N53_2_2	intrinsic	729.65779	12	ZJH_N53	ZCH	Axilla	Week.3
ZJH_N53_2_2	acquired	7180.170099	70	ZJH_N53	ZCH	Axilla	Week.3
ZJH_N53_2_2	unknown	306.17382	11	ZJH_N53	ZCH	Axilla	Week.3
ZJH_N53_2_3	intrinsic	625.424	11	ZJH_N53	ZCH	Groin	Week.3
ZJH_N53_2_3	acquired	7747.580037	74	ZJH_N53	ZCH	Groin	Week.3
ZJH_N53_2_3	unknown	294.74313	10	ZJH_N53	ZCH	Groin	Week.3
ZJH_N53_2_4	intrinsic	1594.0697	14	ZJH_N53	ZCH	Stool	Week.3
ZJH_N53_2_4	acquired	13308.729863	80	ZJH_N53	ZCH	Stool	Week.3
ZJH_N53_2_4	unknown	522.96025	8	ZJH_N53	ZCH	Stool	Week.3
ZJH_N54_1_2	intrinsic	0.0	0	ZJH_N54	ZCH	Axilla	Week.1
ZJH_N54_1_2	acquired	8157.48418	26	ZJH_N54	ZCH	Axilla	Week.1
ZJH_N54_1_2	unknown	126.44033999999999	3	ZJH_N54	ZCH	Axilla	Week.1
ZJH_N54_1_3	intrinsic	0.0	0	ZJH_N54	ZCH	Groin	Week.1
ZJH_N54_1_3	acquired	9347.874357	21	ZJH_N54	ZCH	Groin	Week.1
ZJH_N54_1_3	unknown	11.05702	4	ZJH_N54	ZCH	Groin	Week.1
ZJH_N54_1_4	intrinsic	0.0	0	ZJH_N54	ZCH	Stool	Week.1
ZJH_N54_1_4	acquired	42.187043	17	ZJH_N54	ZCH	Stool	Week.1
ZJH_N54_1_4	unknown	12.990737	4	ZJH_N54	ZCH	Stool	Week.1
ZJH_N54_2_2	intrinsic	0.0	0	ZJH_N54	ZCH	Axilla	Week.3
ZJH_N54_2_2	acquired	1081.47264	28	ZJH_N54	ZCH	Axilla	Week.3
ZJH_N54_2_2	unknown	21.87794	5	ZJH_N54	ZCH	Axilla	Week.3
ZJH_N54_2_3	intrinsic	0.0	0	ZJH_N54	ZCH	Groin	Week.3
ZJH_N54_2_3	acquired	136.284016	16	ZJH_N54	ZCH	Groin	Week.3
ZJH_N54_2_3	unknown	22.96664	2	ZJH_N54	ZCH	Groin	Week.3
ZJH_N54_2_4	intrinsic	1.26258	1	ZJH_N54	ZCH	Stool	Week.3
ZJH_N54_2_4	acquired	1855.643463	40	ZJH_N54	ZCH	Stool	Week.3
ZJH_N54_2_4	unknown	257.8212322	9	ZJH_N54	ZCH	Stool	Week.3
ZJH_N55_1_2	intrinsic	0.0	0	ZJH_N55	ZCH	Axilla	Week.1
ZJH_N55_1_2	acquired	81.21406999999999	4	ZJH_N55	ZCH	Axilla	Week.1
ZJH_N55_1_2	unknown	0.0	0	ZJH_N55	ZCH	Axilla	Week.1
ZJH_N55_1_3	intrinsic	0.864268	1	ZJH_N55	ZCH	Groin	Week.1
ZJH_N55_1_3	acquired	1060.78222	12	ZJH_N55	ZCH	Groin	Week.1
ZJH_N55_1_3	unknown	32.87822	3	ZJH_N55	ZCH	Groin	Week.1
ZJH_N55_1_4	intrinsic	0.0	0	ZJH_N55	ZCH	Stool	Week.1
ZJH_N55_1_4	acquired	2635.936425	20	ZJH_N55	ZCH	Stool	Week.1
ZJH_N55_1_4	unknown	125.4254	3	ZJH_N55	ZCH	Stool	Week.1
ZJH_N55_2_2	intrinsic	0.980596	1	ZJH_N55	ZCH	Axilla	Week.3
ZJH_N55_2_2	acquired	1027.601288	32	ZJH_N55	ZCH	Axilla	Week.3
ZJH_N55_2_2	unknown	42.355411	3	ZJH_N55	ZCH	Axilla	Week.3
ZJH_N55_2_3	intrinsic	26.663722	9	ZJH_N55	ZCH	Groin	Week.3
ZJH_N55_2_3	acquired	185.579494	26	ZJH_N55	ZCH	Groin	Week.3
ZJH_N55_2_3	unknown	38.29416	19	ZJH_N55	ZCH	Groin	Week.3
ZJH_N55_2_4	intrinsic	2120.7032	17	ZJH_N55	ZCH	Stool	Week.3
ZJH_N55_2_4	acquired	24072.404685	92	ZJH_N55	ZCH	Stool	Week.3
ZJH_N55_2_4	unknown	2706.830817	55	ZJH_N55	ZCH	Stool	Week.3
ZJH_N56_1_2	intrinsic	0.0	0	ZJH_N56	ZCH	Axilla	Week.1
ZJH_N56_1_2	acquired	32.923230000000004	3	ZJH_N56	ZCH	Axilla	Week.1
ZJH_N56_1_2	unknown	6.20988	2	ZJH_N56	ZCH	Axilla	Week.1
ZJH_N56_1_3	intrinsic	0.0	0	ZJH_N56	ZCH	Groin	Week.1
ZJH_N56_1_3	acquired	0.0	0	ZJH_N56	ZCH	Groin	Week.1
ZJH_N56_1_3	unknown	0.0	0	ZJH_N56	ZCH	Groin	Week.1
ZJH_N56_1_4	intrinsic	0.0	0	ZJH_N56	ZCH	Stool	Week.1
ZJH_N56_1_4	acquired	0.0	0	ZJH_N56	ZCH	Stool	Week.1
ZJH_N56_1_4	unknown	0.0	0	ZJH_N56	ZCH	Stool	Week.1
ZJH_N56_2_2	intrinsic	41.8173	1	ZJH_N56	ZCH	Axilla	Week.3
ZJH_N56_2_2	acquired	7395.995457999999	42	ZJH_N56	ZCH	Axilla	Week.3
ZJH_N56_2_2	unknown	1261.17696	7	ZJH_N56	ZCH	Axilla	Week.3
ZJH_N56_2_3	intrinsic	11.814973	5	ZJH_N56	ZCH	Groin	Week.3
ZJH_N56_2_3	acquired	13.636768	9	ZJH_N56	ZCH	Groin	Week.3
ZJH_N56_2_3	unknown	5.009995	2	ZJH_N56	ZCH	Groin	Week.3
ZJH_N56_2_4	intrinsic	814.84355	16	ZJH_N56	ZCH	Stool	Week.3
ZJH_N56_2_4	acquired	3218.035725	65	ZJH_N56	ZCH	Stool	Week.3
ZJH_N56_2_4	unknown	814.206685	46	ZJH_N56	ZCH	Stool	Week.3
ZJH_N57_1_2	intrinsic	2.15969	1	ZJH_N57	ZCH	Axilla	Week.1
ZJH_N57_1_2	acquired	250.443674	19	ZJH_N57	ZCH	Axilla	Week.1
ZJH_N57_1_2	unknown	23.596605	5	ZJH_N57	ZCH	Axilla	Week.1
ZJH_N57_1_3	intrinsic	0.0	0	ZJH_N57	ZCH	Groin	Week.1
ZJH_N57_1_3	acquired	0.938973	1	ZJH_N57	ZCH	Groin	Week.1
ZJH_N57_1_3	unknown	0.9389730000000001	2	ZJH_N57	ZCH	Groin	Week.1
ZJH_N57_1_4	intrinsic	2376.714619	17	ZJH_N57	ZCH	Stool	Week.1
ZJH_N57_1_4	acquired	6979.8196689999995	74	ZJH_N57	ZCH	Stool	Week.1
ZJH_N57_1_4	unknown	2145.709526	61	ZJH_N57	ZCH	Stool	Week.1
ZJH_N58_1_2	intrinsic	700.51449	13	ZJH_N58	ZCH	Axilla	Week.1
ZJH_N58_1_2	acquired	2950.31968	38	ZJH_N58	ZCH	Axilla	Week.1
ZJH_N58_1_2	unknown	788.15594	11	ZJH_N58	ZCH	Axilla	Week.1
ZJH_N58_1_3	intrinsic	341.43126	13	ZJH_N58	ZCH	Groin	Week.1
ZJH_N58_1_3	acquired	1351.64038	38	ZJH_N58	ZCH	Groin	Week.1
ZJH_N58_1_3	unknown	431.97752	12	ZJH_N58	ZCH	Groin	Week.1
ZJH_N58_1_4	intrinsic	2767.63848	17	ZJH_N58	ZCH	Stool	Week.1
ZJH_N58_1_4	acquired	8968.10693	62	ZJH_N58	ZCH	Stool	Week.1
ZJH_N58_1_4	unknown	2534.134141	57	ZJH_N58	ZCH	Stool	Week.1
ZJH_N58_2_2	intrinsic	0.0	0	ZJH_N58	ZCH	Axilla	Week.3
ZJH_N58_2_2	acquired	139.45312	11	ZJH_N58	ZCH	Axilla	Week.3
ZJH_N58_2_2	unknown	0.0	0	ZJH_N58	ZCH	Axilla	Week.3
ZJH_N58_2_3	intrinsic	596.415969	16	ZJH_N58	ZCH	Groin	Week.3
ZJH_N58_2_3	acquired	1340.068343	47	ZJH_N58	ZCH	Groin	Week.3
ZJH_N58_2_3	unknown	534.09425	26	ZJH_N58	ZCH	Groin	Week.3
ZJH_N58_2_4	intrinsic	1332.326248	16	ZJH_N58	ZCH	Stool	Week.3
ZJH_N58_2_4	acquired	4856.660045	70	ZJH_N58	ZCH	Stool	Week.3
ZJH_N58_2_4	unknown	1384.829288	45	ZJH_N58	ZCH	Stool	Week.3
ZJH_N59_1_2	intrinsic	0.0	0	ZJH_N59	ZCH	Axilla	Week.1
ZJH_N59_1_2	acquired	13.2114	5	ZJH_N59	ZCH	Axilla	Week.1
ZJH_N59_1_2	unknown	0.0	0	ZJH_N59	ZCH	Axilla	Week.1
ZJH_N59_1_3	intrinsic	1604.291459	12	ZJH_N59	ZCH	Groin	Week.1
ZJH_N59_1_3	acquired	10984.417384	43	ZJH_N59	ZCH	Groin	Week.1
ZJH_N59_1_3	unknown	3660.490942	27	ZJH_N59	ZCH	Groin	Week.1
ZJH_N59_1_4	intrinsic	1603.6222	12	ZJH_N59	ZCH	Stool	Week.1
ZJH_N59_1_4	acquired	10894.8292	33	ZJH_N59	ZCH	Stool	Week.1
ZJH_N59_1_4	unknown	3120.1098	23	ZJH_N59	ZCH	Stool	Week.1
ZJH_N59_2_3	intrinsic	569.9763	12	ZJH_N59	ZCH	Groin	Week.3
ZJH_N59_2_3	acquired	3897.2391000000002	52	ZJH_N59	ZCH	Groin	Week.3
ZJH_N59_2_3	unknown	1348.894335	27	ZJH_N59	ZCH	Groin	Week.3
ZJH_N59_2_4	intrinsic	604.2456099999999	11	ZJH_N59	ZCH	Stool	Week.3
ZJH_N59_2_4	acquired	4414.20094	33	ZJH_N59	ZCH	Stool	Week.3
ZJH_N59_2_4	unknown	1295.2299	23	ZJH_N59	ZCH	Stool	Week.3
