species	gene	position	mutation_id	n_samples	mean_freq	median_freq	std_freq	n_high_freq	prevalence_pct
Mycobacterium_tuberculosis	gyrB	486	Mycobacterium_tuberculosis_gyrB_486_I->L	221	0.9890755555555556	1.0	0.03024940604658657	315	47.02127659574468
Escherichia_coli	gyrA	87	Escherichia_coli_gyrA_87_D->A	59	0.02465148514851485	0.0153	0.03042880087634537	0	12.553191489361701
Klebsiella_pneumoniae	gyrA	87	Klebsiella_pneumoniae_gyrA_87_D->A	59	0.022486138613861388	0.0124	0.030444227793468406	0	12.553191489361701
Klebsiella_oxytoca	gyrA	87	Klebsiella_oxytoca_gyrA_87_D->A	57	0.022802061855670106	0.0124	0.031091323747488374	0	12.127659574468085
Klebsiella_aerogenes	gyrA	87	Klebsiella_aerogenes_gyrA_87_D->A	56	0.022602105263157896	0.0124	0.03138913953307896	0	11.914893617021278
Enterobacter_cloacae	parE	460	Enterobacter_cloacae_parE_460_E->D	45	0.02325263157894737	0.0079	0.04000837012990067	0	9.574468085106384
Salmonella_enterica	gyrB	466	Salmonella_enterica_gyrB_466_E->D	45	0.016206250000000002	0.005299999999999999	0.03837566141304785	0	9.574468085106384
Shigella_sonnei	parE	460	Shigella_sonnei_parE_460_E->D	45	0.023543859649122808	0.0079	0.04001568896581092	0	9.574468085106384
Escherichia_coli	parE	460	Escherichia_coli_parE_460_E->D	45	0.02325263157894737	0.0079	0.04000837012990067	0	9.574468085106384
Escherichia_coli	gyrA	106	Escherichia_coli_gyrA_106_Q->H	38	0.0279453125	0.009	0.04208160978908099	0	8.085106382978724
Veillonella_parvula	gyrA	90	Veillonella_parvula_gyrA_90_D->Y	34	0.3277396551724138	0.15375	0.38415796638456046	14	7.234042553191489
Staphylococcus_epidermidis	gyrA	82	Staphylococcus_epidermidis_gyrA_82_G->C	34	0.014892592592592593	0.0075	0.02076735329701315	0	7.234042553191489
Veillonella_dispar	gyrA	90	Veillonella_dispar_gyrA_90_D->Y	34	0.32754482758620684	0.15375	0.38413972063921836	14	7.234042553191489
Staphylococcus_epidermidis	gyrA	68	Staphylococcus_epidermidis_gyrA_68_A->S	29	0.012929545454545454	0.0073	0.014444240496111716	0	6.170212765957447
Mycobacterium_tuberculosis	gyrB	499	Mycobacterium_tuberculosis_gyrB_499_N->T	28	0.019208108108108107	0.0172	0.019087930718102972	0	5.957446808510639
Salmonella_enterica	gyrB	464	Salmonella_enterica_gyrB_464_S->T	27	0.013602325581395349	0.0041	0.020538494501001366	0	5.74468085106383
Salmonella_enterica	gyrA	87	Salmonella_enterica_gyrA_87_D->Y	27	0.030762857142857144	0.0094	0.056895275756088444	0	5.74468085106383
Escherichia_coli	gyrA	87	Escherichia_coli_gyrA_87_D->Y	27	0.06703055555555555	0.013999999999999999	0.1557232413508831	0	5.74468085106383
Escherichia_coli	parC	60	Escherichia_coli_parC_60_F->I	26	0.0203	0.0051	0.03939319337411638	0	5.531914893617021
Salmonella_enterica	gyrA	81	Salmonella_enterica_gyrA_81_G->C	25	0.009510000000000001	0.0063999999999999994	0.010787214654395267	0	5.319148936170213
Salmonella_enterica	gyrB	464	Salmonella_enterica_gyrB_464_S->Y	24	0.012143333333333334	0.005050000000000001	0.02600518096037036	0	5.106382978723404
Shigella_flexneri	parC	80	Shigella_flexneri_parC_80_S->R	24	0.013324242424242424	0.0102	0.011014026009565891	0	5.106382978723404
Escherichia_coli	gyrA	81	Escherichia_coli_gyrA_81_G->C	24	0.009073684210526315	0.00595	0.009493858162859853	0	5.106382978723404
Escherichia_coli	parC	80	Escherichia_coli_parC_80_S->R	23	0.012164516129032257	0.0096	0.00956153922012897	0	4.8936170212765955
Staphylococcus_epidermidis	gyrA	107	Staphylococcus_epidermidis_gyrA_107_Q->H	23	0.05830555555555556	0.005900000000000001	0.1885223275059322	2	4.8936170212765955
Burkholderia_cepacia	gyrA	87	Burkholderia_cepacia_gyrA_87_D->Y	23	0.448535	0.2157	0.3985439721259735	13	4.8936170212765955
Clostridioides_difficile	gyrA	88	Clostridioides_difficile_gyrA_88_D->Y	23	0.7597435897435897	0.9412	0.317044848060194	26	4.8936170212765955
Escherichia_coli	gyrA	196	Escherichia_coli_gyrA_196_A->E	22	0.0099	0.0040999999999999995	0.01362948123079854	0	4.680851063829787
Mycobacterium_tuberculosis	gyrB	500	Mycobacterium_tuberculosis_gyrB_500_T->A	22	0.07816111111111111	0.03445	0.09129311749298137	0	4.680851063829787
Escherichia_coli	gyrA	67	Escherichia_coli_gyrA_67_A->S	21	0.03295925925925926	0.0054	0.08235526819475608	0	4.468085106382979
Escherichia_coli	gyrA	83	Escherichia_coli_gyrA_83_S->A	21	0.04201333333333333	0.0156	0.055845345148119944	0	4.468085106382979
Salmonella_enterica	gyrB	438	Salmonella_enterica_gyrB_438_R->L	21	0.01035483870967742	0.005	0.015918371749013307	0	4.468085106382979
Enterobacter_cloacae	parE	458	Enterobacter_cloacae_parE_458_S->T	20	0.023541379310344827	0.0053	0.04749756021735207	0	4.25531914893617
Staphylococcus_aureus	gyrA	85	Staphylococcus_aureus_gyrA_85_S->P	20	0.22075	0.11805	0.2508347689024043	4	4.25531914893617
Escherichia_coli	parE	458	Escherichia_coli_parE_458_S->T	20	0.023541379310344827	0.0053	0.04749756021735207	0	4.25531914893617
Salmonella_enterica	parE	438	Salmonella_enterica_parE_438_M->I	19	0.015216666666666668	0.0105	0.012872102178461513	0	4.042553191489362
Enterobacter_cloacae	parE	464	Enterobacter_cloacae_parE_464_I->F	19	0.020651851851851852	0.0067	0.03718677774083739	0	4.042553191489362
Escherichia_coli	parE	464	Escherichia_coli_parE_464_I->F	19	0.021455555555555558	0.007	0.038361422261807734	0	4.042553191489362
Staphylococcus_aureus	gyrA	85	Staphylococcus_aureus_gyrA_85_S->A	19	0.06128620689655172	0.0438	0.058410864474598825	0	4.042553191489362
Shigella_sonnei	parE	464	Shigella_sonnei_parE_464_I->F	18	0.022196153846153848	0.0071	0.03895540507574507	0	3.829787234042553
Enterococcus_faecium	parC	80	Enterococcus_faecium_parC_80_S->I	18	0.8955833333333333	1.0	0.28088113510669155	16	3.829787234042553
Escherichia_coli	parC	78	Escherichia_coli_parC_78_G->C	18	0.012755555555555555	0.0082	0.011584848637281282	0	3.829787234042553
Shigella_sonnei	parE	458	Shigella_sonnei_parE_458_S->T	18	0.025040740740740742	0.0039	0.04911435055255673	0	3.829787234042553
Salmonella_enterica	gyrA	119	Salmonella_enterica_gyrA_119_A->E	18	0.013470833333333333	0.0052	0.017061155452146808	0	3.829787234042553
Staphylococcus_saprophyticus	gyrA	82	Staphylococcus_saprophyticus_gyrA_82_G->C	18	0.008693548387096775	0.0064	0.005516335467431917	0	3.829787234042553
Pseudomonas_aeruginosa	gyrA	87	Pseudomonas_aeruginosa_gyrA_87_D->A	18	0.042278125	0.022400000000000003	0.05033472946107245	0	3.829787234042553
Granulicatella_adiacens	gyrA	87	Granulicatella_adiacens_gyrA_87_S->A	18	0.916961111111111	1.0	0.21986937335579343	16	3.829787234042553
Enterococcus_faecium	gyrA	83	Enterococcus_faecium_gyrA_83_S->Y	17	0.9361588235294117	1.0	0.23847500670621527	16	3.6170212765957444
Mycobacterium_tuberculosis	gyrB	494	Mycobacterium_tuberculosis_gyrB_494_D->A	17	0.03606086956521739	0.01	0.04773194793589448	0	3.6170212765957444
Klebsiella_aerogenes	gyrA	83	Klebsiella_aerogenes_gyrA_83_S->T	17	0.009836000000000001	0.0051	0.009225412366573829	0	3.6170212765957444
Klebsiella_pneumoniae	gyrA	83	Klebsiella_pneumoniae_gyrA_83_S->T	17	0.009812	0.005	0.00920499502082067	0	3.6170212765957444
Legionella_pneumophila	gyrA	87	Legionella_pneumophila_gyrA_87_D->Y	17	0.6777	0.7692	0.3493261634368924	15	3.6170212765957444
Klebsiella_oxytoca	gyrA	83	Klebsiella_oxytoca_gyrA_83_S->T	17	0.009836000000000001	0.0051	0.009225412366573829	0	3.6170212765957444
Ruminococcus_bromii	gyrB	437	Ruminococcus_bromii_gyrB_437_D->N	16	0.8232655172413793	0.9143	0.24992898745138165	22	3.404255319148936
Escherichia_coli	gyrA	83	Escherichia_coli_gyrA_83_S->T	16	0.01214782608695652	0.006	0.014233726579220769	0	3.404255319148936
Escherichia_coli	gyrA	84	Escherichia_coli_gyrA_84_A->P	16	0.011316	0.0066	0.015107329347042116	0	3.404255319148936
Escherichia_coli	gyrA	87	Escherichia_coli_gyrA_87_D->V	16	0.01673076923076923	0.01405	0.014609661713558441	0	3.404255319148936
Shigella_sonnei	parE	529	Shigella_sonnei_parE_529_I->L	16	0.8263791666666668	0.9982500000000001	0.3451702881303242	19	3.404255319148936
Shigella_flexneri	parE	529	Shigella_flexneri_parE_529_I->L	16	0.8265458333333333	0.9982500000000001	0.34509885663596346	19	3.404255319148936
Enterobacter_cloacae	parE	423	Enterobacter_cloacae_parE_423_G->R	16	0.027996	0.0161	0.03991500845546697	0	3.404255319148936
Salmonella_enterica	parE	514	Salmonella_enterica_parE_514_V->G	16	0.05964230769230769	0.0266	0.07361261942399237	0	3.404255319148936
Shigella_flexneri	parC	80	Shigella_flexneri_parC_80_S->I	15	0.42518823529411764	0.5155	0.3610185744569678	3	3.1914893617021276
Staphylococcus_aureus	gyrA	88	Staphylococcus_aureus_gyrA_88_E->K	15	0.55614	0.6	0.3455340934181253	5	3.1914893617021276
Klebsiella_aerogenes	parC	80	Klebsiella_aerogenes_parC_80_S->I	15	0.4143470588235294	0.4854	0.35729940021928225	3	3.1914893617021276
Salmonella_enterica	gyrA	87	Salmonella_enterica_gyrA_87_D->A	15	0.006611111111111111	0.0039	0.0060266289424732635	0	3.1914893617021276
Enterobacter_cloacae	parE	529	Enterobacter_cloacae_parE_529_I->L	15	0.018942105263157896	0.0089	0.019078356433679666	0	3.1914893617021276
Klebsiella_pneumoniae	parC	80	Klebsiella_pneumoniae_parC_80_S->I	15	0.4143470588235294	0.4854	0.35729940021928225	3	3.1914893617021276
Escherichia_coli	parE	529	Escherichia_coli_parE_529_I->L	15	0.8630086956521739	1.0	0.3035938987784407	19	3.1914893617021276
Escherichia_coli	parC	80	Escherichia_coli_parC_80_S->I	15	0.41494117647058826	0.4854	0.3580325440145482	3	3.1914893617021276
Klebsiella_oxytoca	parC	80	Klebsiella_oxytoca_parC_80_S->I	15	0.4143470588235294	0.4854	0.35729940021928225	3	3.1914893617021276
Salmonella_enterica	gyrA	83	Salmonella_enterica_gyrA_83_S->Y	14	0.013976190476190475	0.006	0.021771424040744437	0	2.9787234042553195
Klebsiella_pneumoniae	gyrA	83	Klebsiella_pneumoniae_gyrA_83_S->Y	14	0.01350952380952381	0.006	0.020987565479633524	0	2.9787234042553195
Citrobacter_freundii	parE	423	Citrobacter_freundii_parE_423_G->R	14	0.02454782608695652	0.0206	0.021897049813018966	0	2.9787234042553195
Klebsiella_aerogenes	gyrA	83	Klebsiella_aerogenes_gyrA_83_S->Y	14	0.013595238095238094	0.006	0.020971444303873692	0	2.9787234042553195
Escherichia_coli	parC	84	Escherichia_coli_parC_84_E->V	14	0.2124222222222222	0.025	0.31857666646868643	2	2.9787234042553195
Klebsiella_oxytoca	gyrA	83	Klebsiella_oxytoca_gyrA_83_S->Y	14	0.013595238095238094	0.006	0.020971444303873692	0	2.9787234042553195
Mycobacterium_tuberculosis	gyrB	499	Mycobacterium_tuberculosis_gyrB_499_N->K	14	0.028568181818181815	0.0241	0.02615456595599171	0	2.9787234042553195
Salmonella_enterica	gyrA	83	Salmonella_enterica_gyrA_83_S->T	13	0.00694	0.0051	0.005564303521934306	0	2.7659574468085104
Salmonella_enterica	gyrA	119	Salmonella_enterica_gyrA_119_A->S	13	0.013441176470588236	0.0072	0.013995269684054385	0	2.7659574468085104
Shigella_flexneri	parC	78	Shigella_flexneri_parC_78_G->C	13	0.014231578947368423	0.0067	0.015131940194009746	0	2.7659574468085104
Escherichia_coli	parC	84	Escherichia_coli_parC_84_E->A	13	0.012572727272727274	0.0104	0.007842751085476614	0	2.7659574468085104
Veillonella_parvula	gyrA	70	Veillonella_parvula_gyrA_70_A->S	13	0.01323888888888889	0.0085	0.0125550617347506	0	2.7659574468085104
Mycobacterium_tuberculosis	gyrB	501	Mycobacterium_tuberculosis_gyrB_501_E->D	13	0.01458421052631579	0.0121	0.010101774495266481	0	2.7659574468085104
Granulicatella_adiacens	gyrA	87	Granulicatella_adiacens_gyrA_87_S->L	13	0.9724153846153847	1.0	0.06957367613010261	13	2.7659574468085104
Mycobacterium_tuberculosis	gyrB	470	Mycobacterium_tuberculosis_gyrB_470_G->A	13	0.13955714285714285	0.016	0.285331052588793	2	2.7659574468085104
Veillonella_dispar	gyrA	70	Veillonella_dispar_gyrA_70_A->S	13	0.013250000000000001	0.0085	0.012545552293659343	0	2.7659574468085104
Escherichia_coli	parE	423	Escherichia_coli_parE_423_G->R	12	0.030333333333333334	0.0202	0.039455016580066636	0	2.553191489361702
Veillonella_dispar	gyrA	90	Veillonella_dispar_gyrA_90_D->A	12	0.0193	0.0078	0.022667976152650746	0	2.553191489361702
Veillonella_parvula	gyrA	90	Veillonella_parvula_gyrA_90_D->A	12	0.01934090909090909	0.008	0.02314452849237156	0	2.553191489361702
Salmonella_enterica	gyrA	98	Salmonella_enterica_gyrA_98_L->V	12	0.01894736842105263	0.0172	0.011066032533089347	0	2.553191489361702
Enterococcus_faecalis	gyrA	83	Enterococcus_faecalis_gyrA_83_S->R	11	0.031116666666666667	0.0104	0.042875171068086096	0	2.3404255319148937
Staphylococcus_saprophyticus	gyrA	68	Staphylococcus_saprophyticus_gyrA_68_A->S	11	0.057045	0.0156	0.08341071163699225	0	2.3404255319148937
Citrobacter_freundii	parE	529	Citrobacter_freundii_parE_529_I->L	10	0.262	0.05515	0.35225590886929536	2	2.127659574468085
Staphylococcus_aureus	gyrA	106	Staphylococcus_aureus_gyrA_106_G->D	10	0.04166363636363636	0.0208	0.04683998874310866	0	2.127659574468085
Burkholderia_cepacia	gyrA	87	Burkholderia_cepacia_gyrA_87_D->A	10	0.09390526315789474	0.1111	0.06700604843083786	0	2.127659574468085
Salmonella_enterica	gyrA	131	Salmonella_enterica_gyrA_131_A->G	10	0.014394117647058823	0.0042	0.020658547582908485	0	2.127659574468085
Staphylococcus_epidermidis	gyrA	107	Staphylococcus_epidermidis_gyrA_107_Q->R	10	0.0157	0.007	0.02050609665440988	0	2.127659574468085
Escherichia_coli	parC	56	Escherichia_coli_parC_56_A->T	10	0.14042142857142856	0.00365	0.3483486542102752	2	2.127659574468085
Escherichia_coli	parC	60	Escherichia_coli_parC_60_F->L	10	0.004775	0.0036	0.003874274125562102	0	2.127659574468085
Shigella_flexneri	parC	84	Shigella_flexneri_parC_84_E->A	10	0.014900000000000002	0.0114	0.009152663546749656	0	2.127659574468085
Mycobacterium_tuberculosis	gyrB	538	Mycobacterium_tuberculosis_gyrB_538_Q->H	10	0.02781875	0.0088	0.03813801635726046	0	2.127659574468085
Enterobacter_hormaechei	parE	529	Enterobacter_hormaechei_parE_529_I->L	10	0.014191666666666665	0.00445	0.019813882109329918	0	2.127659574468085
Salmonella_enterica	gyrA	67	Salmonella_enterica_gyrA_67_A->P	10	0.0345875	0.0091	0.06509306030599576	0	2.127659574468085
Mycobacterium_tuberculosis	gyrA	109	Mycobacterium_tuberculosis_gyrA_109_L->V	10	0.016106666666666665	0.0076	0.020740556083834072	0	2.127659574468085
Escherichia_coli	gyrA	106	Escherichia_coli_gyrA_106_Q->R	10	0.019714285714285712	0.00465	0.026135324081311195	0	2.127659574468085
Shigella_flexneri	parC	84	Shigella_flexneri_parC_84_E->V	9	0.3608	0.30305	0.3749915436083563	2	1.9148936170212765
Shigella_sonnei	parE	423	Shigella_sonnei_parE_423_G->R	9	0.0349125	0.0274	0.025830211639344607	0	1.9148936170212765
Shigella_flexneri	parC	60	Shigella_flexneri_parC_60_F->I	9	0.0289875	0.0085	0.05405041936315881	0	1.9148936170212765
Mycobacterium_tuberculosis	gyrB	461	Mycobacterium_tuberculosis_gyrB_461_D->A	9	0.0458125	0.02825	0.03867431318071466	0	1.9148936170212765
Mycobacterium_tuberculosis	gyrB	470	Mycobacterium_tuberculosis_gyrB_470_G->C	9	0.010646153846153845	0.0099	0.0062434786490405845	0	1.9148936170212765
Escherichia_coli	gyrA	87	Escherichia_coli_gyrA_87_D->G	9	0.094075	0.032799999999999996	0.11900614288957753	0	1.9148936170212765
Escherichia_coli	gyrA	84	Escherichia_coli_gyrA_84_A->S	9	0.00578235294117647	0.0036	0.003988771003410331	0	1.9148936170212765
Salmonella_enterica	gyrA	72	Salmonella_enterica_gyrA_72_D->G	9	0.010433333333333333	0.0112	0.005923279336249311	0	1.9148936170212765
Enterococcus_faecalis	gyrA	83	Enterococcus_faecalis_gyrA_83_S->T	9	0.011826666666666668	0.0065	0.010740741306330948	0	1.9148936170212765
Klebsiella_pneumoniae	gyrA	87	Klebsiella_pneumoniae_gyrA_87_D->G	9	0.09148333333333335	0.0312	0.12063966506866133	0	1.9148936170212765
Granulicatella_adiacens	gyrA	87	Granulicatella_adiacens_gyrA_87_S->K	8	0.06825384615384615	0.0455	0.06444663962515314	0	1.702127659574468
Klebsiella_oxytoca	gyrA	87	Klebsiella_oxytoca_gyrA_87_D->Y	8	0.0048	0.0026	0.0040449969097639624	0	1.702127659574468
Klebsiella_aerogenes	gyrB	359	Klebsiella_aerogenes_gyrB_359_S->A	8	0.6432181818181818	0.9818	0.4868141037771643	7	1.702127659574468
Klebsiella_aerogenes	gyrA	87	Klebsiella_aerogenes_gyrA_87_D->Y	8	0.0048	0.0026	0.0040449969097639624	0	1.702127659574468
Streptococcus_pyogenes	parE	477	Streptococcus_pyogenes_parE_477_E->D	8	0.04571	0.0179	0.05793059928339541	0	1.702127659574468
Citrobacter_freundii	gyrA	87	Citrobacter_freundii_gyrA_87_D->A	8	0.17068	0.1667	0.1056913106308042	0	1.702127659574468
Staphylococcus_epidermidis	gyrA	68	Staphylococcus_epidermidis_gyrA_68_A->E	8	0.00954	0.0015	0.020101947311499092	0	1.702127659574468
Salmonella_enterica	gyrB	447	Salmonella_enterica_gyrB_447_L->K	8	0.005409090909090909	0.004	0.005312147314496192	0	1.702127659574468
Mycobacterium_tuberculosis	gyrB	499	Mycobacterium_tuberculosis_gyrB_499_N->Y	8	0.03732727272727272	0.0169	0.05236367234847248	0	1.702127659574468
Pseudomonas_aeruginosa	gyrA	106	Pseudomonas_aeruginosa_gyrA_106_Q->H	8	0.029833333333333333	0.0227	0.027723034946893287	0	1.702127659574468
Salmonella_enterica	gyrA	72	Salmonella_enterica_gyrA_72_D->A	8	0.007907142857142857	0.0056	0.005675109525979927	0	1.702127659574468
Klebsiella_pneumoniae	gyrA	87	Klebsiella_pneumoniae_gyrA_87_D->Y	8	0.004763636363636364	0.0026	0.004063317050704444	0	1.702127659574468
Klebsiella_oxytoca	gyrB	359	Klebsiella_oxytoca_gyrB_359_S->A	8	0.6432181818181818	0.9818	0.4868141037771643	7	1.702127659574468
Klebsiella_pneumoniae	gyrB	359	Klebsiella_pneumoniae_gyrB_359_S->A	8	0.6432181818181818	0.9818	0.4868141037771643	7	1.702127659574468
Salmonella_enterica	gyrB	438	Salmonella_enterica_gyrB_438_R->S	8	0.004236363636363636	0.0045	0.002723333518786389	0	1.702127659574468
Rothia_mucilaginosa	gyrA	104	Rothia_mucilaginosa_gyrA_104_S->V	8	0.8179545454545455	1.0	0.3682006202157632	9	1.702127659574468
Staphylococcus_saprophyticus	gyrA	84	Staphylococcus_saprophyticus_gyrA_84_S->A	7	0.14282	0.05735	0.2497477785464545	1	1.4893617021276597
Veillonella_parvula	gyrA	84	Veillonella_parvula_gyrA_84_G->C	7	0.034666666666666665	0.00885	0.06187700899707614	0	1.4893617021276597
Staphylococcus_saprophyticus	gyrA	107	Staphylococcus_saprophyticus_gyrA_107_Q->H	7	0.11684285714285714	0.012	0.2683775575687978	2	1.4893617021276597
Escherichia_coli	gyrA	87	Escherichia_coli_gyrA_87_D->E	7	0.007566666666666666	0.0088	0.005291502622129181	0	1.4893617021276597
Pseudomonas_aeruginosa	gyrA	87	Pseudomonas_aeruginosa_gyrA_87_D->Y	7	0.025630000000000003	0.0276	0.016597593533735883	0	1.4893617021276597
Pseudomonas_aeruginosa	gyrA	81	Pseudomonas_aeruginosa_gyrA_81_G->C	7	0.031000000000000003	0.0096	0.043622146516037776	0	1.4893617021276597
Escherichia_coli	gyrA	106	Escherichia_coli_gyrA_106_Q->L	7	0.005781818181818182	0.0038	0.004465829862817925	0	1.4893617021276597
Enterococcus_faecalis	parC	80	Enterococcus_faecalis_parC_80_S->R	7	0.03313636363636364	0.0082	0.058253708426627616	0	1.4893617021276597
Escherichia_coli	parE	416	Escherichia_coli_parE_416_L->F	7	0.3513	0.25365	0.3564667926830131	1	1.4893617021276597
Staphylococcus_aureus	gyrA	88	Staphylococcus_aureus_gyrA_88_E->D	7	0.015281818181818181	0.004	0.027662386671501	0	1.4893617021276597
Veillonella_dispar	gyrA	84	Veillonella_dispar_gyrA_84_G->C	7	0.034666666666666665	0.00885	0.06187700899707614	0	1.4893617021276597
Shigella_sonnei	parE	416	Shigella_sonnei_parE_416_L->F	7	0.38783749999999995	0.2773	0.3848179418801274	2	1.4893617021276597
Veillonella_parvula	gyrA	90	Veillonella_parvula_gyrA_90_D->N	7	0.29962	0.0401	0.4138805270445406	3	1.4893617021276597
Shigella_flexneri	parE	464	Shigella_flexneri_parE_464_I->F	7	0.04491111111111111	0.0189	0.041499139883991704	0	1.4893617021276597
Enterobacter_cloacae	parE	416	Enterobacter_cloacae_parE_416_L->F	7	0.2787	0.14665	0.30815316692468747	1	1.4893617021276597
Escherichia_coli	parC	108	Escherichia_coli_parC_108_A->V	7	0.41176	0.0245	0.5062926913686719	4	1.4893617021276597
Salmonella_enterica	gyrA	81	Salmonella_enterica_gyrA_81_G->S	6	0.030071428571428572	0.0055	0.0417660833007563	0	1.276595744680851
Shigella_flexneri	parC	56	Shigella_flexneri_parC_56_A->T	6	0.12167499999999999	0.0069	0.32649601069538353	1	1.276595744680851
Salmonella_enterica	gyrA	119	Salmonella_enterica_gyrA_119_A->P	6	0.010375	0.00315	0.014548416703250858	0	1.276595744680851
Salmonella_enterica	gyrA	81	Salmonella_enterica_gyrA_81_G->R	6	0.0039	0.0031999999999999997	0.0021199730456507495	0	1.276595744680851
Yersinia_pestis	parE	461	Yersinia_pestis_parE_461_E->D	6	0.0656	0.047200000000000006	0.05414029922340658	0	1.276595744680851
Acinetobacter_baumannii	parC	61	Acinetobacter_baumannii_parC_61_S->T	6	0.745525	0.92855	0.38804097997873516	6	1.276595744680851
Acinetobacter_baumannii	gyrA	104	Acinetobacter_baumannii_gyrA_104_Q->H	6	0.9368727272727273	1.0	0.09282246593265112	11	1.276595744680851
Citrobacter_freundii	parE	416	Citrobacter_freundii_parE_416_L->F	6	0.31498571428571426	0.1766	0.3063683100919079	1	1.276595744680851
Salmonella_enterica	gyrA	119	Salmonella_enterica_gyrA_119_A->V	6	0.0234125	0.0149	0.02457585560202185	0	1.276595744680851
Streptococcus_mitis	parE	475	Streptococcus_mitis_parE_475_E->D	6	0.08695	0.02045	0.12516496543134015	0	1.276595744680851
Escherichia_coli	gyrA	87	Escherichia_coli_gyrA_87_D->H	6	0.02707	0.027049999999999998	0.013632889153318405	0	1.276595744680851
Salmonella_enterica	parC	80	Salmonella_enterica_parC_80_S->R	6	0.01501111111111111	0.0083	0.013774926900390838	0	1.276595744680851
Serratia_marcescens	gyrA	106	Serratia_marcescens_gyrA_106_Q->H	6	0.42039	0.2	0.4222949586617287	4	1.276595744680851
Serratia_marcescens	parE	461	Serratia_marcescens_parE_461_E->D	6	0.022383333333333335	0.01855	0.013742986089881145	0	1.276595744680851
Staphylococcus_aureus	gyrA	84	Staphylococcus_aureus_gyrA_84_S->K	6	0.04605555555555555	0.05	0.026230998413666565	0	1.276595744680851
Salmonella_enterica	parE	454	Salmonella_enterica_parE_454_E->G	6	0.0063	0.0049	0.0050444689181980956	0	1.276595744680851
Salmonella_enterica	parE	458	Salmonella_enterica_parE_458_S->P	6	0.0100125	0.0073	0.008808832823608684	0	1.276595744680851
Streptococcus_pneumoniae	parE	475	Streptococcus_pneumoniae_parE_475_E->D	6	0.07775	0.01935	0.10920985041914225	0	1.276595744680851
Veillonella_dispar	gyrA	90	Veillonella_dispar_gyrA_90_D->N	6	0.33263333333333334	0.0667	0.4265406340549514	3	1.276595744680851
Bifidobacterium_longum	gyrA	119	Bifidobacterium_longum_gyrA_119_D->A	6	0.14756249999999999	0.1111	0.14754398799292753	0	1.276595744680851
Bifidobacterium_breve	parE	590	Bifidobacterium_breve_parE_590_I->F	6	0.0235375	0.0177	0.01934719894824202	0	1.276595744680851
Mycobacterium_tuberculosis	gyrB	446	Mycobacterium_tuberculosis_gyrB_446_R->L	6	0.009577777777777777	0.0047	0.013010070885450413	0	1.276595744680851
Mycobacterium_tuberculosis	gyrB	494	Mycobacterium_tuberculosis_gyrB_494_D->E	6	0.0086375	0.0027	0.011343586923267009	0	1.276595744680851
Enterobacter_hormaechei	parC	80	Enterobacter_hormaechei_parC_80_S->R	5	0.013014285714285714	0.0044	0.015558751939174359	0	1.0638297872340425
Escherichia_coli	parE	460	Escherichia_coli_parE_460_E->V	5	0.01598888888888889	0.0128	0.01063889614156991	0	1.0638297872340425
Escherichia_coli	parE	445	Escherichia_coli_parE_445_L->H	5	0.07422857142857142	0.0625	0.06641086041418512	0	1.0638297872340425
Streptococcus_oralis	parE	475	Streptococcus_oralis_parE_475_E->D	5	0.08858571428571428	0.0134	0.13497217526304484	0	1.0638297872340425
Mycobacterium_tuberculosis	gyrB	494	Mycobacterium_tuberculosis_gyrB_494_D->Y	5	0.0057888888888888886	0.0055	0.004294893608823286	0	1.0638297872340425
Escherichia_coli	gyrA	67	Escherichia_coli_gyrA_67_A->D	5	0.008214285714285714	0.0065	0.005971719063337506	0	1.0638297872340425
Escherichia_coli	gyrA	81	Escherichia_coli_gyrA_81_G->R	5	0.0038833333333333337	0.0026	0.002511108652899485	0	1.0638297872340425
Staphylococcus_epidermidis	gyrA	107	Staphylococcus_epidermidis_gyrA_107_Q->E	5	0.0027375	0.0024000000000000002	0.0019123190857475345	0	1.0638297872340425
Granulicatella_adiacens	parE	541	Granulicatella_adiacens_parE_541_I->V	5	0.04628	0.0123	0.06935320468442681	0	1.0638297872340425
Staphylococcus_epidermidis	gyrA	82	Staphylococcus_epidermidis_gyrA_82_G->R	5	0.0037600000000000003	0.003	0.0025669696790833613	0	1.0638297872340425
Klebsiella_oxytoca	gyrA	87	Klebsiella_oxytoca_gyrA_87_D->G	5	0.018314285714285717	0.0179	0.011325697707930783	0	1.0638297872340425
Shigella_sonnei	parC	84	Shigella_sonnei_parC_84_E->V	5	0.98888	1.0	0.024865075909797665	5	1.0638297872340425
Citrobacter_freundii	parC	84	Citrobacter_freundii_parC_84_E->V	5	0.98888	1.0	0.024865075909797665	5	1.0638297872340425
Enterobacter_cloacae	parE	445	Enterobacter_cloacae_parE_445_L->H	5	0.07422857142857142	0.0625	0.06641086041418512	0	1.0638297872340425
Salmonella_enterica	parE	499	Salmonella_enterica_parE_499_A->T	5	0.011816666666666668	0.0132	0.007110391456640532	0	1.0638297872340425
Enterobacter_cloacae	parC	80	Enterobacter_cloacae_parC_80_S->R	5	0.013014285714285714	0.0044	0.015558751939174359	0	1.0638297872340425
Escherichia_coli	gyrB	447	Escherichia_coli_gyrB_447_K->E	5	0.007685714285714286	0.0041	0.005509213062809295	0	1.0638297872340425
Klebsiella_aerogenes	gyrA	87	Klebsiella_aerogenes_gyrA_87_D->G	5	0.018314285714285717	0.0179	0.011325697707930783	0	1.0638297872340425
Enterobacter_cloacae	parE	460	Enterobacter_cloacae_parE_460_E->V	5	0.01598888888888889	0.0128	0.01063889614156991	0	1.0638297872340425
Shigella_flexneri	parE	460	Shigella_flexneri_parE_460_E->D	5	0.1260125	0.13395	0.03903414027672259	0	1.0638297872340425
Enterococcus_faecalis	gyrA	83	Enterococcus_faecalis_gyrA_83_S->K	5	0.022944444444444448	0.0129	0.019549239826084742	0	1.0638297872340425
Proteus_mirabilis	gyrB	447	Proteus_mirabilis_gyrB_447_K->E	5	0.038	0.0234	0.03313648543021222	0	1.0638297872340425
Enterococcus_faecium	gyrA	83	Enterococcus_faecium_gyrA_83_S->R	5	0.09918333333333335	0.0075	0.14449105739341334	0	1.0638297872340425
Enterococcus_faecalis	gyrA	83	Enterococcus_faecalis_gyrA_83_S->L	5	0.02706	0.0208	0.018175890624670912	0	1.0638297872340425
Citrobacter_freundii	gyrA	106	Citrobacter_freundii_gyrA_106_Q->H	5	0.41257777777777777	0.0263	0.4678174771686544	4	1.0638297872340425
Salmonella_enterica	gyrA	87	Salmonella_enterica_gyrA_87_D->G	5	0.019828571428571428	0.0179	0.010616294753147838	0	1.0638297872340425
Shigella_flexneri	parC	84	Shigella_flexneri_parC_84_E->D	4	0.00472	0.0031	0.003605828614895611	0	0.851063829787234
Shigella_flexneri	parC	60	Shigella_flexneri_parC_60_F->L	4	0.007266666666666667	0.0084	0.0024889087300796445	0	0.851063829787234
Citrobacter_freundii	parE	445	Citrobacter_freundii_parE_445_L->H	4	0.0233	0.0205	0.01396853607218738	0	0.851063829787234
Shigella_sonnei	parE	464	Shigella_sonnei_parE_464_I->N	4	0.00404	0.002	0.004021566858825053	0	0.851063829787234
Shigella_sonnei	parE	460	Shigella_sonnei_parE_460_E->V	4	0.011157142857142857	0.0128	0.007169578588930952	0	0.851063829787234
Staphylococcus_aureus	gyrA	84	Staphylococcus_aureus_gyrA_84_S->T	4	0.106925	0.0121	0.1809540174424747	0	0.851063829787234
Staphylococcus_aureus	gyrA	88	Staphylococcus_aureus_gyrA_88_E->G	4	0.09026	0.027	0.11972534401704596	0	0.851063829787234
Klebsiella_oxytoca	gyrA	87	Klebsiella_oxytoca_gyrA_87_D->V	4	0.011625	0.01195	0.004667440412045986	0	0.851063829787234
Klebsiella_aerogenes	gyrA	87	Klebsiella_aerogenes_gyrA_87_D->V	4	0.011625	0.01195	0.004667440412045986	0	0.851063829787234
Bifidobacterium_adolescentis	gyrA	99	Bifidobacterium_adolescentis_gyrA_99_A->S	4	0.33862857142857145	0.1852	0.32328224878726697	1	0.851063829787234
Aggregatibacter_actinomycetemcomitans	gyrA	87	Aggregatibacter_actinomycetemcomitans_gyrA_87_D->Y	4	0.92955	0.95	0.08141328427930451	8	0.851063829787234
Bacteroides_fragilis	gyrA	105	Bacteroides_fragilis_gyrA_105_Q->H	4	1.0	1.0	0.0	7	0.851063829787234
Escherichia_coli	parC	84	Escherichia_coli_parC_84_E->D	4	0.0032800000000000004	0.0029	0.00222530896731218	0	0.851063829787234
Escherichia_coli	parC	84	Escherichia_coli_parC_84_E->G	4	0.006216666666666666	0.006200000000000001	0.0013452385166455303	0	0.851063829787234
Enterobacter_cloacae	parE	464	Enterobacter_cloacae_parE_464_I->N	4	0.0039	0.0021	0.003736977388210959	0	0.851063829787234
Salmonella_enterica	gyrB	421	Salmonella_enterica_gyrB_421_Y->S	4	0.0053	0.0035	0.00529528091794949	0	0.851063829787234
Legionella_pneumophila	gyrA	87	Legionella_pneumophila_gyrA_87_D->A	4	0.23265714285714287	0.25	0.16126555591262978	0	0.851063829787234
Escherichia_coli	gyrA	106	Escherichia_coli_gyrA_106_Q->K	4	0.0038	0.0015999999999999999	0.004602897638082631	0	0.851063829787234
Escherichia_coli	gyrA	106	Escherichia_coli_gyrA_106_Q->P	4	0.0083	0.0093	0.004454660480889649	0	0.851063829787234
Klebsiella_pneumoniae	gyrA	87	Klebsiella_pneumoniae_gyrA_87_D->V	4	0.011625	0.01195	0.004667440412045986	0	0.851063829787234
Escherichia_coli	gyrA	84	Escherichia_coli_gyrA_84_A->V	4	0.00358	0.0023	0.0026705804612480784	0	0.851063829787234
Salmonella_enterica	gyrA	73	Salmonella_enterica_gyrA_73_V->G	4	0.00236	0.0028	0.001021273714534943	0	0.851063829787234
Enterococcus_faecalis	parC	80	Enterococcus_faecalis_parC_80_S->I	4	0.9888833333333333	1.0	0.027230160973939654	6	0.851063829787234
Enterococcus_faecalis	gyrA	83	Enterococcus_faecalis_gyrA_83_S->Y	4	0.770825	1.0	0.45835	3	0.851063829787234
Enterococcus_faecalis	gyrA	87	Enterococcus_faecalis_gyrA_87_E->D	4	0.06136666666666666	0.0572	0.06483226562959732	0	0.851063829787234
Enterococcus_faecalis	gyrA	83	Enterococcus_faecalis_gyrA_83_S->I	4	0.7909571428571428	0.9231	0.3536127159155095	6	0.851063829787234
Escherichia_coli	gyrA	67	Escherichia_coli_gyrA_67_A->G	4	0.0062	0.0026	0.008917398723843182	0	0.851063829787234
Escherichia_coli	gyrA	67	Escherichia_coli_gyrA_67_A->T	4	0.003175	0.00315	0.0011146748404803977	0	0.851063829787234
Staphylococcus_epidermidis	gyrA	107	Staphylococcus_epidermidis_gyrA_107_Q->L	4	0.017057142857142858	0.0024	0.022688532870362592	0	0.851063829787234
Haemophilus_influenzae	parC	112	Haemophilus_influenzae_parC_112_A->V	4	0.8245166666666667	0.98275	0.39640214639513077	5	0.851063829787234
Haemophilus_influenzae	parE	423	Haemophilus_influenzae_parE_423_G->R	4	0.085775	0.06545000000000001	0.059044746953959774	0	0.851063829787234
Escherichia_coli	parE	464	Escherichia_coli_parE_464_I->N	4	0.00404	0.002	0.004021566858825053	0	0.851063829787234
Veillonella_parvula	gyrA	86	Veillonella_parvula_gyrA_86_S->T	3	0.0068000000000000005	0.0017	0.008056301881136282	0	0.6382978723404255
Veillonella_parvula	gyrA	86	Veillonella_parvula_gyrA_86_S->R	3	0.004775	0.0021	0.005484143810416839	0	0.6382978723404255
Burkholderia_cepacia	gyrA	106	Burkholderia_cepacia_gyrA_106_Q->H	3	0.8666666666666667	1.0	0.20655911179772893	4	0.6382978723404255
Bifidobacterium_breve	gyrA	139	Bifidobacterium_breve_gyrA_139_Q->H	3	0.059860000000000003	0.0571	0.035851192448787525	0	0.6382978723404255
Staphylococcus_saprophyticus	gyrA	107	Staphylococcus_saprophyticus_gyrA_107_Q->E	3	0.01405	0.0182	0.0083	0	0.6382978723404255
Staphylococcus_saprophyticus	gyrA	107	Staphylococcus_saprophyticus_gyrA_107_Q->R	3	0.022125	0.021500000000000002	0.01576586502542756	0	0.6382978723404255
Staphylococcus_saprophyticus	gyrA	83	Staphylococcus_saprophyticus_gyrA_83_D->G	3	0.010775	0.0122	0.005361824938084669	0	0.6382978723404255
Staphylococcus_epidermidis	gyrA	107	Staphylococcus_epidermidis_gyrA_107_Q->P	3	0.00445	0.0036	0.0037854986461495397	0	0.6382978723404255
Staphylococcus_epidermidis	gyrB	436	Staphylococcus_epidermidis_gyrB_436_D->N	3	0.011225	0.00355	0.01713969564101611	0	0.6382978723404255
Staphylococcus_epidermidis	gyrA	68	Staphylococcus_epidermidis_gyrA_68_A->G	3	0.02866666666666667	0.0014	0.04231882165971386	0	0.6382978723404255
Staphylococcus_epidermidis	gyrA	68	Staphylococcus_epidermidis_gyrA_68_A->P	3	0.004366666666666667	0.0029	0.0025081201459791888	0	0.6382978723404255
Klebsiella_aerogenes	gyrA	87	Klebsiella_aerogenes_gyrA_87_D->N	3	0.0394	0.04385	0.032350064399729817	0	0.6382978723404255
Klebsiella_aerogenes	gyrA	83	Klebsiella_aerogenes_gyrA_83_S->F	3	0.08386	0.0625	0.06089189601252369	0	0.6382978723404255
Haemophilus_influenzae	parE	529	Haemophilus_influenzae_parE_529_I->L	3	0.01136	0.0092	0.007103379477403696	0	0.6382978723404255
Haemophilus_influenzae	parE	416	Haemophilus_influenzae_parE_416_L->I	3	0.13734	0.0556	0.13705576602244796	0	0.6382978723404255
Granulicatella_adiacens	gyrA	88	Granulicatella_adiacens_gyrA_88_A->P	3	0.0491	0.0435	0.012401612798341996	0	0.6382978723404255
Veillonella_parvula	gyrA	86	Veillonella_parvula_gyrA_86_S->L	3	0.36442500000000005	0.2273	0.4366989304238486	1	0.6382978723404255
Veillonella_dispar	gyrA	86	Veillonella_dispar_gyrA_86_S->L	3	0.36442500000000005	0.2273	0.4366989304238486	1	0.6382978723404255
Veillonella_dispar	gyrA	86	Veillonella_dispar_gyrA_86_S->R	3	0.004775	0.0021	0.005484143810416839	0	0.6382978723404255
Veillonella_dispar	gyrA	86	Veillonella_dispar_gyrA_86_S->T	3	0.0068000000000000005	0.0017	0.008056301881136282	0	0.6382978723404255
Veillonella_dispar	gyrA	90	Veillonella_dispar_gyrA_90_D->E	3	0.01693333333333333	0.0141	0.010561186801996577	0	0.6382978723404255
Mycobacterium_tuberculosis	gyrB	499	Mycobacterium_tuberculosis_gyrB_499_N->D	3	0.0733	0.0186	0.1183974661891039	0	0.6382978723404255
Escherichia_coli	gyrA	83	Escherichia_coli_gyrA_83_S->V	3	0.3386	0.08	0.476861059429264	1	0.6382978723404255
Escherichia_coli	gyrA	81	Escherichia_coli_gyrA_81_G->V	3	0.003475	0.0037	0.0008180260794538683	0	0.6382978723404255
Escherichia_coli	gyrA	82	Escherichia_coli_gyrA_82_D->A	3	0.012	0.01225	0.00970807224255499	0	0.6382978723404255
Escherichia_coli	gyrA	82	Escherichia_coli_gyrA_82_D->G	3	0.004975	0.0051	0.003498928407384181	0	0.6382978723404255
Escherichia_coli	gyrA	81	Escherichia_coli_gyrA_81_G->A	3	0.00346	0.0028	0.0011502173707608487	0	0.6382978723404255
Enterococcus_faecium	parC	84	Enterococcus_faecium_parC_84_E->A	3	0.05883333333333333	0.0588	0.034350012130031825	0	0.6382978723404255
Escherichia_coli	gyrA	51	Escherichia_coli_gyrA_51_A->V	3	0.02092	0.0172	0.011637310685893026	0	0.6382978723404255
Mycobacterium_tuberculosis	gyrB	461	Mycobacterium_tuberculosis_gyrB_461_D->V	3	0.006599999999999999	0.0068	0.0014394443372357266	0	0.6382978723404255
Mycobacterium_tuberculosis	gyrB	90	Mycobacterium_tuberculosis_gyrB_90_A->G	3	0.0482	0.0105	0.08485914800420755	0	0.6382978723404255
Mycobacterium_tuberculosis	gyrA	68	Mycobacterium_tuberculosis_gyrA_68_R->G	3	0.07233999999999999	0.0137	0.08617811787223018	0	0.6382978723404255
Escherichia_coli	gyrA	87	Escherichia_coli_gyrA_87_D->N	3	0.036225	0.0399	0.026749252325999694	0	0.6382978723404255
Klebsiella_pneumoniae	gyrA	87	Klebsiella_pneumoniae_gyrA_87_D->E	3	0.01092	0.0112	0.003886772439955804	0	0.6382978723404255
Klebsiella_pneumoniae	gyrA	87	Klebsiella_pneumoniae_gyrA_87_D->N	3	0.03545	0.0399	0.027924362123421902	0	0.6382978723404255
Klebsiella_pneumoniae	gyrA	83	Klebsiella_pneumoniae_gyrA_83_S->F	3	0.08018	0.0556	0.06102169286409547	0	0.6382978723404255
Salmonella_enterica	gyrA	82	Salmonella_enterica_gyrA_82_D->A	3	0.012975	0.013250000000000001	0.010661574305264054	0	0.6382978723404255
Rothia_mucilaginosa	gyrA	108	Rothia_mucilaginosa_gyrA_108_D->A	3	1.0	1.0	0.0	6	0.6382978723404255
Rothia_mucilaginosa	gyrA	108	Rothia_mucilaginosa_gyrA_108_D->G	3	0.9920666666666667	1.0	0.013740936406713119	3	0.6382978723404255
Providencia_stuartii	gyrA	106	Providencia_stuartii_gyrA_106_Q->H	3	0.3534	0.4545	0.21328660295480353	0	0.6382978723404255
Proteus_mirabilis	gyrA	106	Proteus_mirabilis_gyrA_106_Q->H	3	0.34666	0.2	0.2585164946381565	0	0.6382978723404255
Parabacteroides_distasonis	parE	46	Parabacteroides_distasonis_parE_46_I->D	3	0.0009333333333333333	0.0006	0.0005163977794943223	0	0.6382978723404255
Phocaeicola_vulgatus	parE	39	Phocaeicola_vulgatus_parE_39_I->D	3	0.0009333333333333333	0.0006	0.0005163977794943223	0	0.6382978723404255
Mycobacterium_tuberculosis	gyrB	500	Mycobacterium_tuberculosis_gyrB_500_T->N	3	0.9129999999999999	0.8936	0.09242532120582542	5	0.6382978723404255
Salmonella_enterica	gyrB	464	Salmonella_enterica_gyrB_464_S->A	3	0.0042	0.0029	0.0024320773014030617	0	0.6382978723404255
Salmonella_enterica	gyrB	421	Salmonella_enterica_gyrB_421_Y->D	3	0.0015999999999999999	0.0014	0.0007211102550927978	0	0.6382978723404255
Salmonella_enterica	gyrA	139	Salmonella_enterica_gyrA_139_E->Q	3	0.008666666666666666	0.004	0.00849909799135571	0	0.6382978723404255
Salmonella_enterica	gyrB	421	Salmonella_enterica_gyrB_421_Y->C	3	0.00795	0.0038	0.010324243313676795	0	0.6382978723404255
Enterobacter_hormaechei	parC	80	Enterobacter_hormaechei_parC_80_S->I	3	0.015033333333333334	0.0204	0.010891433942935767	0	0.6382978723404255
Enterobacter_cloacae	parE	529	Enterobacter_cloacae_parE_529_I->S	3	0.01015	0.011	0.007009279563550022	0	0.6382978723404255
Enterobacter_hormaechei	parC	78	Enterobacter_hormaechei_parC_78_G->C	3	0.0065	0.0065	0.004734272207354931	0	0.6382978723404255
Salmonella_enterica	gyrA	82	Salmonella_enterica_gyrA_82_D->G	3	0.005025	0.00515	0.0035565666965019314	0	0.6382978723404255
Salmonella_enterica	gyrA	82	Salmonella_enterica_gyrA_82_D->N	3	0.006619999999999999	0.0059	0.005915403621055794	0	0.6382978723404255
Salmonella_enterica	gyrA	73	Salmonella_enterica_gyrA_73_V->L	3	0.0017666666666666666	0.0018	5.773502691896257e-05	0	0.6382978723404255
Salmonella_enterica	gyrA	81	Salmonella_enterica_gyrA_81_G->V	3	0.00355	0.0038	0.0008660254037844386	0	0.6382978723404255
Shigella_flexneri	parC	84	Shigella_flexneri_parC_84_E->G	3	0.007240000000000001	0.0074	0.00047222875812470374	0	0.6382978723404255
Serratia_marcescens	parE	530	Serratia_marcescens_parE_530_I->L	3	0.003766666666666667	0.0033	0.0014571661996262931	0	0.6382978723404255
Enterobacter_cloacae	parC	78	Enterobacter_cloacae_parC_78_G->C	3	0.0065	0.0065	0.004734272207354931	0	0.6382978723404255
Enterobacter_cloacae	parC	80	Enterobacter_cloacae_parC_80_S->I	3	0.015033333333333334	0.0204	0.010891433942935767	0	0.6382978723404255
Salmonella_enterica	gyrB	466	Salmonella_enterica_gyrB_466_E->V	3	0.0023	0.0023	0.0006928203230275509	0	0.6382978723404255
Salmonella_enterica	parC	80	Salmonella_enterica_parC_80_S->I	3	0.0516	0.0167	0.06359174474725474	0	0.6382978723404255
Salmonella_enterica	gyrB	464	Salmonella_enterica_gyrB_464_S->F	3	0.00294	0.0021	0.0016195678435928517	0	0.6382978723404255
Enterobacter_cloacae	gyrA	196	Enterobacter_cloacae_gyrA_196_A->E	3	0.049875	0.058300000000000005	0.020045011848337728	0	0.6382978723404255
Klebsiella_oxytoca	gyrA	87	Klebsiella_oxytoca_gyrA_87_D->N	3	0.0394	0.04385	0.032350064399729817	0	0.6382978723404255
Klebsiella_oxytoca	gyrA	87	Klebsiella_oxytoca_gyrA_87_D->E	3	0.01236	0.0112	0.005451880409546783	0	0.6382978723404255
Klebsiella_oxytoca	gyrA	83	Klebsiella_oxytoca_gyrA_83_S->F	3	0.08386	0.0625	0.06089189601252369	0	0.6382978723404255
Escherichia_coli	parC	78	Escherichia_coli_parC_78_G->V	3	0.003625	0.0038	0.0012737739202856998	0	0.6382978723404255
Escherichia_coli	parC	56	Escherichia_coli_parC_56_A->D	3	0.00564	0.0016	0.006084652824935866	0	0.6382978723404255
Klebsiella_aerogenes	gyrA	87	Klebsiella_aerogenes_gyrA_87_D->E	3	0.01236	0.0112	0.005451880409546783	0	0.6382978723404255
Veillonella_parvula	gyrA	90	Veillonella_parvula_gyrA_90_D->E	3	0.04933333333333333	0.0145	0.06010672729958491	0	0.6382978723404255
Yersinia_pestis	gyrA	81	Yersinia_pestis_gyrA_81_G->C	3	0.010100000000000001	0.0088	0.005199519208542267	0	0.6382978723404255
Bacteroides_ovatus	parE	37	Bacteroides_ovatus_parE_37_I->D	3	0.0009333333333333333	0.0006	0.0005163977794943223	0	0.6382978723404255
Yersinia_pestis	gyrA	87	Yersinia_pestis_gyrA_87_D->A	3	0.010675	0.009	0.0034846090168051858	0	0.6382978723404255
Bacteroides_cellulosilyticus	parE	37	Bacteroides_cellulosilyticus_parE_37_I->D	3	0.0009333333333333333	0.0006	0.0005163977794943223	0	0.6382978723404255
Escherichia_coli	gyrA	106	Escherichia_coli_gyrA_106_Q->C	2	0.0152	0.0152	0.00282842712474619	0	0.425531914893617
Mycobacterium_tuberculosis	gyrB	501	Mycobacterium_tuberculosis_gyrB_501_E->V	2	0.0029	0.0029	0.00042426406871192855	0	0.425531914893617
Mycobacterium_tuberculosis	gyrB	504	Mycobacterium_tuberculosis_gyrB_504_A->S	2	0.005233333333333333	0.0012	0.006985938257194471	0	0.425531914893617
Mycobacterium_tuberculosis	gyrB	504	Mycobacterium_tuberculosis_gyrB_504_A->T	2	0.00465	0.00465	0.0005196152422706638	0	0.425531914893617
Mycobacterium_tuberculosis	gyrB	538	Mycobacterium_tuberculosis_gyrB_538_Q->A	2	0.008100000000000001	0.0039	0.007274613391789285	0	0.425531914893617
Escherichia_coli	gyrA	83	Escherichia_coli_gyrA_83_S->Y	2	0.0032666666666666664	0.0037	0.0007505553499465138	0	0.425531914893617
Mycobacterium_tuberculosis	gyrB	499	Mycobacterium_tuberculosis_gyrB_499_N->I	2	0.0071	0.0071	0.001555634918610405	0	0.425531914893617
Mycobacterium_tuberculosis	gyrB	501	Mycobacterium_tuberculosis_gyrB_501_E->Q	2	0.0038666666666666663	0.0027	0.00202072594216369	0	0.425531914893617
Escherichia_coli	gyrA	81	Escherichia_coli_gyrA_81_G->D	2	0.0070999999999999995	0.0070999999999999995	0.002540341184434353	0	0.425531914893617
Escherichia_coli	gyrA	81	Escherichia_coli_gyrA_81_G->S	2	0.02513333333333333	0.037	0.020553669583150677	0	0.425531914893617
Escherichia_coli	gyrA	83	Escherichia_coli_gyrA_83_S->L	2	0.36210000000000003	0.36210000000000003	0.4066855296171724	0	0.425531914893617
Pseudomonas_aeruginosa	gyrA	87	Pseudomonas_aeruginosa_gyrA_87_D->V	2	0.016733333333333333	0.0093	0.012874911002928657	0	0.425531914893617
Proteus_mirabilis	gyrA	81	Proteus_mirabilis_gyrA_81_G->C	2	0.0409	0.0556	0.025461146871262497	0	0.425531914893617
Klebsiella_oxytoca	gyrA	83	Klebsiella_oxytoca_gyrA_83_S->V	2	0.02215	0.02215	0.025243712088359745	0	0.425531914893617
Rothia_mucilaginosa	gyrA	108	Rothia_mucilaginosa_gyrA_108_D->Y	2	0.9523666666666667	1.0	0.08250335346719753	3	0.425531914893617
Enterococcus_faecium	gyrA	83	Enterococcus_faecium_gyrA_83_S->L	2	0.10905000000000001	0.10905000000000001	0.128622723497833	0	0.425531914893617
Enterococcus_faecium	gyrA	87	Enterococcus_faecium_gyrA_87_E->R	2	0.0064	0.0064	0.00551543289325507	0	0.425531914893617
Enterococcus_faecalis	gyrA	87	Enterococcus_faecalis_gyrA_87_E->Y	2	0.03610000000000001	0.0361	0.03798964771267738	0	0.425531914893617
Enterococcus_faecalis	gyrA	97	Enterococcus_faecalis_gyrA_97_S->N	2	0.00385	0.00385	0.0005196152422706633	0	0.425531914893617
Enterococcus_faecalis	parC	84	Enterococcus_faecalis_parC_84_E->A	2	0.0317	0.0317	0.025865292059695236	0	0.425531914893617
Enterococcus_faecium	gyrA	83	Enterococcus_faecium_gyrA_83_S->K	2	0.09645	0.09645	0.09243377809725907	0	0.425531914893617
Enterococcus_faecalis	gyrA	87	Enterococcus_faecalis_gyrA_87_E->L	2	0.015266666666666666	0.0213	0.010450039872332227	0	0.425531914893617
Salmonella_enterica	gyrA	87	Salmonella_enterica_gyrA_87_D->N	2	0.0102	0.0102	0.005515432893255071	0	0.425531914893617
Salmonella_enterica	gyrA	98	Salmonella_enterica_gyrA_98_L->M	2	0.1124	0.1667	0.09405035885099003	0	0.425531914893617
Salmonella_enterica	gyrA	98	Salmonella_enterica_gyrA_98_L->R	2	0.00455	0.00455	0.0038890872965260115	0	0.425531914893617
Salmonella_enterica	gyrA	82	Salmonella_enterica_gyrA_82_D->V	2	0.00235	0.00235	0.0013279056191361392	0	0.425531914893617
Salmonella_enterica	gyrA	83	Salmonella_enterica_gyrA_83_S->F	2	0.1013	0.15	0.08435087432860433	0	0.425531914893617
Enterobacter_hormaechei	parC	108	Enterobacter_hormaechei_parC_108_A->T	2	0.0058	0.0058	0.0025455844122715707	0	0.425531914893617
Rothia_mucilaginosa	gyrA	104	Rothia_mucilaginosa_gyrA_104_S->A	2	0.9444333333333333	1.0	0.0962442898739106	3	0.425531914893617
Escherichia_coli	parC	80	Escherichia_coli_parC_80_S->G	2	0.0031333333333333335	0.0037	0.0009814954576223638	0	0.425531914893617
Escherichia_coli	parC	84	Escherichia_coli_parC_84_E->L	2	0.021533333333333335	0.0033	0.03158105972467253	0	0.425531914893617
Escherichia_coli	parC	84	Escherichia_coli_parC_84_E->Q	2	0.0185	0.0185	0.015472987214281966	0	0.425531914893617
Escherichia_coli	parC	84	Escherichia_coli_parC_84_E->R	2	0.0057	0.0051	0.001039230484541326	0	0.425531914893617
Klebsiella_aerogenes	parC	80	Klebsiella_aerogenes_parC_80_S->R	2	0.005866666666666667	0.0076	0.003002221399786054	0	0.425531914893617
Klebsiella_aerogenes	parC	84	Klebsiella_aerogenes_parC_84_E->D	2	0.0021	0.0017	0.0006928203230275509	0	0.425531914893617
Escherichia_coli	parC	60	Escherichia_coli_parC_60_F->Y	2	0.003933333333333334	0.0051	0.0020207259421636905	0	0.425531914893617
Escherichia_coli	parC	78	Escherichia_coli_parC_78_G->D	2	0.017433333333333332	0.025	0.013105851110604506	0	0.425531914893617
Escherichia_coli	parC	78	Escherichia_coli_parC_78_G->R	2	0.011949999999999999	0.011949999999999999	0.010219099764656377	0	0.425531914893617
Klebsiella_aerogenes	gyrA	87	Klebsiella_aerogenes_gyrA_87_D->T	2	0.0024666666666666665	0.0031	0.001096965511460289	0	0.425531914893617
Escherichia_coli	gyrB	447	Escherichia_coli_gyrB_447_K->N	2	0.0014999999999999998	0.0017	0.0003464101615137754	0	0.425531914893617
Escherichia_coli	parC	56	Escherichia_coli_parC_56_A->P	2	0.00165	0.00165	0.0004949747468305834	0	0.425531914893617
Klebsiella_pneumoniae	parC	80	Klebsiella_pneumoniae_parC_80_S->R	2	0.005866666666666667	0.0076	0.003002221399786054	0	0.425531914893617
Klebsiella_pneumoniae	parC	84	Klebsiella_pneumoniae_parC_84_E->D	2	0.0021	0.0017	0.0006928203230275509	0	0.425531914893617
Escherichia_coli	gyrA	87	Escherichia_coli_gyrA_87_D->T	2	0.0024	0.003	0.0010392304845413267	0	0.425531914893617
Klebsiella_pneumoniae	gyrA	87	Klebsiella_pneumoniae_gyrA_87_D->H	2	0.0079	0.0079	0.0061199128534100335	0	0.425531914893617
Klebsiella_pneumoniae	gyrA	87	Klebsiella_pneumoniae_gyrA_87_D->T	2	0.0024	0.003	0.0010392304845413267	0	0.425531914893617
Klebsiella_oxytoca	parC	84	Klebsiella_oxytoca_parC_84_E->D	2	0.0021	0.0017	0.0006928203230275509	0	0.425531914893617
Klebsiella_pneumoniae	gyrA	83	Klebsiella_pneumoniae_gyrA_83_S->L	2	0.3264	0.3264	0.36546272039703315	0	0.425531914893617
Klebsiella_oxytoca	gyrA	87	Klebsiella_oxytoca_gyrA_87_D->H	2	0.0079	0.0079	0.0061199128534100335	0	0.425531914893617
Klebsiella_oxytoca	gyrA	87	Klebsiella_oxytoca_gyrA_87_D->T	2	0.0024666666666666665	0.0031	0.001096965511460289	0	0.425531914893617
Klebsiella_oxytoca	parC	80	Klebsiella_oxytoca_parC_80_S->R	2	0.005866666666666667	0.0076	0.003002221399786054	0	0.425531914893617
Mycobacterium_tuberculosis	gyrB	446	Mycobacterium_tuberculosis_gyrB_446_R->C	2	0.017133333333333334	0.0019	0.0263849073019659	0	0.425531914893617
Mycobacterium_tuberculosis	gyrB	446	Mycobacterium_tuberculosis_gyrB_446_R->H	2	0.00245	0.00245	0.0014849242404917499	0	0.425531914893617
Lactobacillus_acidophilus	gyrA	70	Lactobacillus_acidophilus_gyrA_70_A->S	2	0.07765	0.07765	0.031927469886186305	0	0.425531914893617
Escherichia_coli	gyrA	196	Escherichia_coli_gyrA_196_A->P	2	0.004	0.004	0.00023094010767585023	0	0.425531914893617
Escherichia_coli	gyrA	196	Escherichia_coli_gyrA_196_A->S	2	0.009833333333333333	0.0132	0.0058312377188152196	0	0.425531914893617
Escherichia_coli	gyrA	84	Escherichia_coli_gyrA_84_A->Q	2	0.00985	0.00985	0.004907477288111819	0	0.425531914893617
Escherichia_coli	gyrA	87	Escherichia_coli_gyrA_87_D->R	2	0.0018999999999999998	0.0018999999999999998	0.00028284271247461907	0	0.425531914893617
Klebsiella_pneumoniae	gyrA	83	Klebsiella_pneumoniae_gyrA_83_S->V	2	0.02215	0.02215	0.025243712088359745	0	0.425531914893617
Shigella_sonnei	parE	460	Shigella_sonnei_parE_460_E->A	2	0.016999999999999998	0.007	0.01732050807568877	0	0.425531914893617
Staphylococcus_epidermidis	gyrA	107	Staphylococcus_epidermidis_gyrA_107_Q->S	2	0.0084	0.0084	0.005091168824543142	0	0.425531914893617
Staphylococcus_aureus	gyrA	106	Staphylococcus_aureus_gyrA_106_G->C	2	0.00235	0.00235	0.0019052558883257647	0	0.425531914893617
Staphylococcus_epidermidis	gyrA	82	Staphylococcus_epidermidis_gyrA_82_G->A	2	0.004666666666666666	0.0049	0.00040414518843273796	0	0.425531914893617
Staphylococcus_epidermidis	gyrA	82	Staphylococcus_epidermidis_gyrA_82_G->D	2	0.01955	0.01955	0.017262773048769813	0	0.425531914893617
Enterobacter_cloacae	parC	60	Enterobacter_cloacae_parC_60_F->I	2	0.0033666666666666667	0.0039	0.0009237604307034013	0	0.425531914893617
Bifidobacterium_breve	parE	606	Bifidobacterium_breve_parE_606_E->D	2	0.017233333333333333	0.0132	0.006985938257194471	0	0.425531914893617
Streptococcus_mutans	gyrA	81	Streptococcus_mutans_gyrA_81_S->L	2	0.8	0.8	0.28284271247461906	1	0.425531914893617
Streptococcus_agalactiae	gyrA	81	Streptococcus_agalactiae_gyrA_81_S->L	2	0.8	0.8	0.28284271247461906	1	0.425531914893617
Streptococcus_mitis	parE	454	Streptococcus_mitis_parE_454_P->S	2	0.0042	0.0042	0.0008485281374238568	0	0.425531914893617
Staphylococcus_saprophyticus	gyrA	82	Staphylococcus_saprophyticus_gyrA_82_G->R	2	0.00125	0.00125	0.00017320508075688765	0	0.425531914893617
Staphylococcus_saprophyticus	gyrA	82	Staphylococcus_saprophyticus_gyrA_82_G->V	2	0.009	0.0128	0.006581793068761734	0	0.425531914893617
Staphylococcus_saprophyticus	gyrA	107	Staphylococcus_saprophyticus_gyrA_107_Q->L	2	0.00235	0.00235	0.001096965511460289	0	0.425531914893617
Veillonella_parvula	gyrA	84	Veillonella_parvula_gyrA_84_G->D	2	0.13555	0.13555	0.13215547661750535	0	0.425531914893617
Salmonella_enterica	gyrA	139	Salmonella_enterica_gyrA_139_E->A	2	0.004	0.004	0.0004242640687119284	0	0.425531914893617
Veillonella_parvula	gyrA	84	Veillonella_parvula_gyrA_84_G->S	2	0.0030000000000000005	0.0037	0.0012124355652982143	0	0.425531914893617
Bifidobacterium_adolescentis	gyrA	99	Bifidobacterium_adolescentis_gyrA_99_A->Q	2	0.055249999999999994	0.055249999999999994	0.0004041451884327359	0	0.425531914893617
Bifidobacterium_adolescentis	gyrA	119	Bifidobacterium_adolescentis_gyrA_119_D->Y	2	0.28875	0.28875	0.3192169638349441	0	0.425531914893617
Veillonella_dispar	gyrA	84	Veillonella_dispar_gyrA_84_G->D	2	0.13555	0.13555	0.13215547661750535	0	0.425531914893617
Veillonella_dispar	gyrA	84	Veillonella_dispar_gyrA_84_G->R	2	0.002166666666666667	0.0016	0.0009814954576223638	0	0.425531914893617
Veillonella_dispar	gyrA	84	Veillonella_dispar_gyrA_84_G->S	2	0.0030000000000000005	0.0037	0.0012124355652982143	0	0.425531914893617
Bacteroides_fragilis	parE	464	Bacteroides_fragilis_parE_464_E->D	2	0.0034000000000000002	0.0034000000000000002	0.00046188021535170046	0	0.425531914893617
Streptococcus_pneumoniae	gyrA	81	Streptococcus_pneumoniae_gyrA_81_S->L	2	0.64205	0.64205	0.3776657318317351	1	0.425531914893617
Streptococcus_pneumoniae	parE	454	Streptococcus_pneumoniae_parE_454_P->S	2	0.00415	0.00415	0.0007778174593052025	0	0.425531914893617
Streptococcus_parasanguinis	parC	79	Streptococcus_parasanguinis_parC_79_S->R	2	0.041800000000000004	0.027	0.025634351952019387	0	0.425531914893617
Streptococcus_parasanguinis	parE	462	Streptococcus_parasanguinis_parE_462_L->H	2	0.07289999999999999	0.026	0.08123318287498034	0	0.425531914893617
Burkholderia_cepacia	gyrA	87	Burkholderia_cepacia_gyrA_87_D->G	2	0.0316	0.0316	0.02598076211353316	0	0.425531914893617
Bifidobacterium_longum	gyrA	113	Bifidobacterium_longum_gyrA_113_G->C	2	0.0078000000000000005	0.0064	0.0024248711305964285	0	0.425531914893617
Bifidobacterium_longum	gyrA	115	Bifidobacterium_longum_gyrA_115_S->A	2	0.4074	0.1111	0.5132066542826583	1	0.425531914893617
Veillonella_parvula	gyrA	84	Veillonella_parvula_gyrA_84_G->R	2	0.002166666666666667	0.0016	0.0009814954576223638	0	0.425531914893617
Enterobacter_hormaechei	parC	60	Enterobacter_hormaechei_parC_60_F->I	2	0.0033666666666666667	0.0039	0.0009237604307034013	0	0.425531914893617
Salmonella_enterica	parE	462	Salmonella_enterica_parE_462_H->Y	2	0.0051	0.0034	0.002944486372867092	0	0.425531914893617
Salmonella_enterica	parE	514	Salmonella_enterica_parE_514_V->E	2	0.005733333333333333	0.0047	0.0017897858344878394	0	0.425531914893617
Salmonella_enterica	parE	514	Salmonella_enterica_parE_514_V->L	2	0.00975	0.00975	0.011950104602052654	0	0.425531914893617
Serratia_marcescens	gyrA	81	Serratia_marcescens_gyrA_81_G->C	2	0.11805	0.11805	0.008025168741735794	0	0.425531914893617
Salmonella_enterica	parE	438	Salmonella_enterica_parE_438_M->K	2	0.00595	0.00595	0.00120208152801713	0	0.425531914893617
Salmonella_enterica	parE	458	Salmonella_enterica_parE_458_S->T	2	0.0024000000000000002	0.0024000000000000002	0.0018384776310850237	0	0.425531914893617
Salmonella_enterica	gyrB	466	Salmonella_enterica_gyrB_466_E->Q	2	0.0023333333333333335	0.0027	0.0006350852961085885	0	0.425531914893617
Salmonella_enterica	gyrB	464	Salmonella_enterica_gyrB_464_S->C	2	0.004266666666666667	0.0056	0.002309401076758503	0	0.425531914893617
Salmonella_enterica	gyrB	466	Salmonella_enterica_gyrB_466_E->A	2	0.012166666666666666	0.0167	0.00785196366097891	0	0.425531914893617
Serratia_marcescens	parE	459	Serratia_marcescens_parE_459_S->A	2	0.03275	0.03275	0.026384907301965896	0	0.425531914893617
Enterobacter_cloacae	parE	460	Enterobacter_cloacae_parE_460_E->A	2	0.01693333333333333	0.0069	0.017378243102607733	0	0.425531914893617
Enterobacter_cloacae	parE	445	Enterobacter_cloacae_parE_445_L->P	2	0.01635	0.01635	0.00700035713374682	0	0.425531914893617
Enterobacter_cloacae	parE	458	Enterobacter_cloacae_parE_458_S->A	2	0.014150000000000001	0.014150000000000001	0.013647160876900368	0	0.425531914893617
Shigella_sonnei	parE	458	Shigella_sonnei_parE_458_S->A	2	0.0142	0.0142	0.013576450198781714	0	0.425531914893617
Shigella_flexneri	parE	529	Shigella_flexneri_parE_529_I->S	2	0.0063	0.0089	0.004503332099679081	0	0.425531914893617
Shigella_flexneri	parE	423	Shigella_flexneri_parE_423_G->R	2	0.20953333333333335	0.2143	0.008256108849411633	0	0.425531914893617
Shigella_flexneri	parC	78	Shigella_flexneri_parC_78_G->V	2	0.0037	0.0037	0.0018384776310850237	0	0.425531914893617
Shigella_flexneri	parC	80	Shigella_flexneri_parC_80_S->G	2	0.0034000000000000002	0.0041	0.0012124355652982143	0	0.425531914893617
Shigella_flexneri	parC	84	Shigella_flexneri_parC_84_E->Q	2	0.01035	0.01035	0.005600297611139371	0	0.425531914893617
Shigella_flexneri	parC	84	Shigella_flexneri_parC_84_E->R	2	0.005966666666666666	0.0054	0.0009814954576223638	0	0.425531914893617
Shigella_flexneri	parE	416	Shigella_flexneri_parE_416_L->F	2	0.11805	0.11805	0.009828784258493008	0	0.425531914893617
Shigella_flexneri	parC	60	Shigella_flexneri_parC_60_F->V	2	0.0028	0.0028	0.0015556349186104045	0	0.425531914893617
Shigella_flexneri	parC	78	Shigella_flexneri_parC_78_G->R	2	0.01555	0.01555	0.014145081595145829	0	0.425531914893617
Citrobacter_freundii	gyrA	106	Citrobacter_freundii_gyrA_106_Q->R	2	0.0122	0.006	0.01073871500692704	0	0.425531914893617
Shigella_sonnei	parE	529	Shigella_sonnei_parE_529_I->S	2	0.0068	0.0095	0.004676537180435969	0	0.425531914893617
Staphylococcus_aureus	gyrA	84	Staphylococcus_aureus_gyrA_84_S->L	2	0.5431	0.7692	0.3916166875913232	2	0.425531914893617
Shigella_sonnei	parE	470	Shigella_sonnei_parE_470_I->M	2	0.007266666666666667	0.0065	0.00132790561913614	0	0.425531914893617
Shigella_sonnei	parE	476	Shigella_sonnei_parE_476_D->A	2	0.0018000000000000002	0.0017	0.0001732050807568878	0	0.425531914893617
Enterobacter_cloacae	parC	108	Enterobacter_cloacae_parC_108_A->T	2	0.00575	0.00575	0.0024748737341529162	0	0.425531914893617
Escherichia_coli	parE	458	Escherichia_coli_parE_458_S->A	2	0.014150000000000001	0.014150000000000001	0.013647160876900368	0	0.425531914893617
Haemophilus_influenzae	gyrB	429	Haemophilus_influenzae_gyrB_429_D->N	2	0.6923	1.0	0.5329520334889435	2	0.425531914893617
Escherichia_coli	parE	476	Escherichia_coli_parE_476_D->A	2	0.0017333333333333333	0.0016	0.00023094010767585026	0	0.425531914893617
Escherichia_coli	parE	470	Escherichia_coli_parE_470_I->M	2	0.007266666666666667	0.0065	0.00132790561913614	0	0.425531914893617
Acinetobacter_baumannii	gyrA	65	Acinetobacter_baumannii_gyrA_65_A->S	2	0.0066500000000000005	0.0066500000000000005	0.006293250352560274	0	0.425531914893617
Streptococcus_pyogenes	gyrA	81	Streptococcus_pyogenes_gyrA_81_S->L	2	0.8	0.8	0.28284271247461906	1	0.425531914893617
Granulicatella_adiacens	gyrA	88	Granulicatella_adiacens_gyrA_88_A->S	2	0.24303333333333332	0.3333	0.15634645289655064	0	0.425531914893617
Yersinia_pestis	gyrA	87	Yersinia_pestis_gyrA_87_D->Y	2	0.020966666666666665	0.0122	0.015184312079687156	0	0.425531914893617
Escherichia_coli	parE	460	Escherichia_coli_parE_460_E->A	2	0.01693333333333333	0.0069	0.017378243102607733	0	0.425531914893617
Haemophilus_influenzae	parE	458	Haemophilus_influenzae_parE_458_S->A	2	0.027000000000000003	0.027000000000000003	0.01004589468389949	0	0.425531914893617
Klebsiella_aerogenes	gyrA	87	Klebsiella_aerogenes_gyrA_87_D->H	2	0.0079	0.0079	0.0061199128534100335	0	0.425531914893617
Klebsiella_aerogenes	gyrA	83	Klebsiella_aerogenes_gyrA_83_S->V	2	0.02215	0.02215	0.025243712088359745	0	0.425531914893617
Haemophilus_influenzae	gyrA	82	Haemophilus_influenzae_gyrA_82_G->C	2	0.02095	0.02095	0.0046765371804359706	0	0.425531914893617
Haemophilus_influenzae	gyrA	84	Haemophilus_influenzae_gyrA_84_S->V	2	1.0	1.0	0.0	2	0.425531914893617
Klebsiella_aerogenes	gyrA	83	Klebsiella_aerogenes_gyrA_83_S->L	2	0.3383	0.3383	0.3792036568037462	0	0.425531914893617
Veillonella_parvula	gyrA	90	Veillonella_parvula_gyrA_90_D->G	2	0.9333333333333332	1.0	0.11547005383792512	3	0.425531914893617
Acinetobacter_baumannii	gyrA	79	Acinetobacter_baumannii_gyrA_79_G->C	2	0.00465	0.00465	0.00035355339059327316	0	0.425531914893617
Escherichia_coli	parE	529	Escherichia_coli_parE_529_I->S	2	0.0058	0.0078	0.0034641016151377548	0	0.425531914893617
Granulicatella_adiacens	parE	427	Granulicatella_adiacens_parE_427_L->F	2	0.0044	0.0044	0.0038183766184073566	0	0.425531914893617
Actinomyces_naeslundii	gyrA	121	Actinomyces_naeslundii_gyrA_121_Q->H	2	0.01115	0.01115	0.005715767664977295	0	0.425531914893617
Klebsiella_oxytoca	gyrA	83	Klebsiella_oxytoca_gyrA_83_S->L	2	0.3511	0.3511	0.3939838236950006	0	0.425531914893617
Actinomyces_naeslundii	gyrA	98	Actinomyces_naeslundii_gyrA_98_S->A	2	0.7778	0.6667	0.1924308447209023	1	0.425531914893617
Escherichia_coli	parE	445	Escherichia_coli_parE_445_L->P	2	0.01635	0.01635	0.00700035713374682	0	0.425531914893617
Actinomyces_oris	gyrA	121	Actinomyces_oris_gyrA_121_Q->H	2	0.0606	0.0606	0.03498742631289131	0	0.425531914893617
Haemophilus_influenzae	gyrA	88	Haemophilus_influenzae_gyrA_88_D->Y	2	0.21873333333333334	0.3125	0.16240863072304174	0	0.425531914893617
Shigella_flexneri	parE	464	Shigella_flexneri_parE_464_I->H	1	0.0196	0.0196	0.0	0	0.2127659574468085
Citrobacter_freundii	gyrA	87	Citrobacter_freundii_gyrA_87_D->V	1	0.0417	0.0417	0.0	0	0.2127659574468085
Veillonella_dispar	gyrA	70	Veillonella_dispar_gyrA_70_A->P	1	0.0065	0.0065	0.0	0	0.2127659574468085
Shigella_flexneri	parC	78	Shigella_flexneri_parC_78_G->D	1	0.0076	0.0076		0	0.2127659574468085
Shigella_flexneri	parC	60	Shigella_flexneri_parC_60_F->Y	1	0.0152	0.0152	0.0	0	0.2127659574468085
Veillonella_dispar	gyrA	70	Veillonella_dispar_gyrA_70_A->Q	1	0.0233	0.0233	0.0	0	0.2127659574468085
Shigella_flexneri	parC	56	Shigella_flexneri_parC_56_A->S	1	0.0024	0.0024		0	0.2127659574468085
Salmonella_enterica	parE	462	Salmonella_enterica_parE_462_H->P	1	0.0032	0.0032		0	0.2127659574468085
Shigella_flexneri	parC	56	Shigella_flexneri_parC_56_A->D	1	0.003	0.003		0	0.2127659574468085
Escherichia_coli	parE	439	Escherichia_coli_parE_439_P->T	1	0.0238	0.0238	0.0	0	0.2127659574468085
Serratia_marcescens	parE	530	Serratia_marcescens_parE_530_I->M	1	0.2	0.2		0	0.2127659574468085
Serratia_marcescens	parE	465	Serratia_marcescens_parE_465_I->F	1	0.0051	0.0051		0	0.2127659574468085
Acinetobacter_baumannii	parE	460	Acinetobacter_baumannii_parE_460_E->Q	1	0.016	0.016		0	0.2127659574468085
Shigella_flexneri	parC	108	Shigella_flexneri_parC_108_A->V	1	0.0147	0.0147		0	0.2127659574468085
Acinetobacter_baumannii	parE	458	Acinetobacter_baumannii_parE_458_S->T	1	0.0015	0.0015		0	0.2127659574468085
Salmonella_enterica	parC	57	Salmonella_enterica_parC_57_T->C	1	0.125	0.125	0.0	0	0.2127659574468085
Streptococcus_pneumoniae	parE	475	Streptococcus_pneumoniae_parE_475_E->Q	1	0.0029	0.0029		0	0.2127659574468085
Shigella_flexneri	parC	84	Shigella_flexneri_parC_84_E->L	1	0.0036	0.0036	0.0	0	0.2127659574468085
Shigella_flexneri	parC	84	Shigella_flexneri_parC_84_E->K	1	0.0058	0.0058		0	0.2127659574468085
Streptococcus_pneumoniae	parE	475	Streptococcus_pneumoniae_parE_475_E->R	1	0.002	0.002		0	0.2127659574468085
Streptococcus_pyogenes	gyrA	65	Streptococcus_pyogenes_gyrA_65_A->S	1	0.0625	0.0625	0.0	0	0.2127659574468085
Shigella_flexneri	parE	470	Shigella_flexneri_parE_470_I->M	1	0.0455	0.0455		0	0.2127659574468085
Shigella_flexneri	parE	464	Shigella_flexneri_parE_464_I->N	1	0.0132	0.0132		0	0.2127659574468085
Citrobacter_freundii	gyrA	87	Citrobacter_freundii_gyrA_87_D->Y	1	0.0833	0.0833		0	0.2127659574468085
Shigella_sonnei	parE	460	Shigella_sonnei_parE_460_E->Q	1	0.004	0.004	0.0	0	0.2127659574468085
Shigella_sonnei	parE	460	Shigella_sonnei_parE_460_E->K	1	0.0028	0.0028		0	0.2127659574468085
Shigella_sonnei	parE	460	Shigella_sonnei_parE_460_E->G	1	0.0021	0.0021		0	0.2127659574468085
Veillonella_parvula	gyrA	90	Veillonella_parvula_gyrA_90_D->V	1	0.0084	0.0084	0.0	0	0.2127659574468085
Acinetobacter_baumannii	gyrA	82	Acinetobacter_baumannii_gyrA_82_A->D	1	0.0063	0.0063		0	0.2127659574468085
Shigella_sonnei	parE	444	Shigella_sonnei_parE_444_I->F	1	0.1111	0.1111	0.0	0	0.2127659574468085
Shigella_sonnei	parE	439	Shigella_sonnei_parE_439_P->S	1	0.04	0.04	0.0	0	0.2127659574468085
Salmonella_enterica	parE	454	Salmonella_enterica_parE_454_E->D	1	0.0112	0.0112		0	0.2127659574468085
Shigella_sonnei	parE	470	Shigella_sonnei_parE_470_I->T	1	0.0014	0.0014	0.0	0	0.2127659574468085
Streptococcus_sanguinis	parC	79	Streptococcus_sanguinis_parC_79_S->R	1	0.025	0.025	0.0	0	0.2127659574468085
Shigella_sonnei	parE	464	Shigella_sonnei_parE_464_I->S	1	0.0029	0.0029	0.0	0	0.2127659574468085
Shigella_sonnei	parE	464	Shigella_sonnei_parE_464_I->M	1	0.0026	0.0026	0.0	0	0.2127659574468085
Shigella_sonnei	parE	464	Shigella_sonnei_parE_464_I->L	1	0.0048	0.0048		0	0.2127659574468085
Shigella_sonnei	parE	464	Shigella_sonnei_parE_464_I->H	1	0.0015	0.0015	0.0	0	0.2127659574468085
Citrobacter_freundii	gyrA	106	Citrobacter_freundii_gyrA_106_Q->E	1	0.025	0.025	0.0	0	0.2127659574468085
Shigella_sonnei	parE	460	Shigella_sonnei_parE_460_E->S	1	0.0046	0.0046		0	0.2127659574468085
Staphylococcus_aureus	gyrA	85	Staphylococcus_aureus_gyrA_85_S->Y	1	0.0002	0.0002	0.0	0	0.2127659574468085
Staphylococcus_aureus	gyrA	84	Staphylococcus_aureus_gyrA_84_S->W	1	0.0011	0.0011		0	0.2127659574468085
Streptococcus_sanguinis	parE	475	Streptococcus_sanguinis_parE_475_E->D	1	0.0541	0.0541		0	0.2127659574468085
Staphylococcus_aureus	gyrA	84	Staphylococcus_aureus_gyrA_84_S->A	1	0.7246	0.7246		0	0.2127659574468085
Veillonella_dispar	gyrA	54	Veillonella_dispar_gyrA_54_A->E	1	0.0022	0.0022		0	0.2127659574468085
Shigella_sonnei	parE	529	Shigella_sonnei_parE_529_I->N	1	0.0054	0.0054		0	0.2127659574468085
Shigella_sonnei	parE	476	Shigella_sonnei_parE_476_D->V	1	0.0016	0.0016		0	0.2127659574468085
Shigella_sonnei	parE	476	Shigella_sonnei_parE_476_D->E	1	0.0078	0.0078		0	0.2127659574468085
Citrobacter_freundii	parE	416	Citrobacter_freundii_parE_416_L->R	1	0.004	0.004		0	0.2127659574468085
Citrobacter_freundii	parC	56	Citrobacter_freundii_parC_56_A->T	1	1.0	1.0		1	0.2127659574468085
Citrobacter_freundii	gyrB	447	Citrobacter_freundii_gyrB_447_K->E	1	0.0128	0.0128		0	0.2127659574468085
Citrobacter_freundii	gyrB	426	Citrobacter_freundii_gyrB_426_D->N	1	0.0059	0.0059		0	0.2127659574468085
Veillonella_dispar	gyrA	54	Veillonella_dispar_gyrA_54_A->S	1	0.0025	0.0025	0.0	0	0.2127659574468085
Salmonella_enterica	parE	462	Salmonella_enterica_parE_462_H->N	1	0.0038	0.0038	0.0	0	0.2127659574468085
Enterobacter_cloacae	parE	423	Enterobacter_cloacae_parE_423_G->L	1	0.0045	0.0045		0	0.2127659574468085
Salmonella_enterica	parC	80	Salmonella_enterica_parC_80_S->N	1	0.0016	0.0016		0	0.2127659574468085
Serratia_marcescens	parC	61	Serratia_marcescens_parC_61_S->R	1	0.0015	0.0015	0.0	0	0.2127659574468085
Serratia_marcescens	gyrA	196	Serratia_marcescens_gyrA_196_A->E	1	0.125	0.125	0.0	0	0.2127659574468085
Enterobacter_cloacae	parE	460	Enterobacter_cloacae_parE_460_E->S	1	0.0046	0.0046		0	0.2127659574468085
Enterobacter_cloacae	parE	460	Enterobacter_cloacae_parE_460_E->R	1	0.0104	0.0104		0	0.2127659574468085
Enterobacter_cloacae	parE	460	Enterobacter_cloacae_parE_460_E->Q	1	0.004	0.004	0.0	0	0.2127659574468085
Enterobacter_cloacae	parE	460	Enterobacter_cloacae_parE_460_E->K	1	0.0028	0.0028		0	0.2127659574468085
Enterobacter_cloacae	parE	460	Enterobacter_cloacae_parE_460_E->G	1	0.0021	0.0021		0	0.2127659574468085
Salmonella_enterica	parC	80	Salmonella_enterica_parC_80_S->Y	1	0.0069	0.0069		0	0.2127659574468085
Escherichia_coli	parE	416	Escherichia_coli_parE_416_L->R	1	0.006	0.006		0	0.2127659574468085
Serratia_marcescens	parE	459	Serratia_marcescens_parE_459_S->T	1	0.007	0.007		0	0.2127659574468085
Salmonella_enterica	parC	84	Salmonella_enterica_parC_84_E->K	1	0.1	0.1		0	0.2127659574468085
Shigella_flexneri	parE	460	Shigella_flexneri_parE_460_E->F	1	0.0435	0.0435		0	0.2127659574468085
Escherichia_coli	parE	416	Escherichia_coli_parE_416_L->V	1	0.125	0.125		0	0.2127659574468085
Serratia_marcescens	parE	445	Serratia_marcescens_parE_445_I->F	1	0.0128	0.0128		0	0.2127659574468085
Serratia_marcescens	parE	440	Serratia_marcescens_parE_440_P->S	1	0.0204	0.0204		0	0.2127659574468085
Serratia_marcescens	parC	88	Serratia_marcescens_parC_88_E->V	1	0.1667	0.1667		0	0.2127659574468085
Serratia_marcescens	parC	84	Serratia_marcescens_parC_84_S->R	1	0.0238	0.0238		0	0.2127659574468085
Serratia_marcescens	parC	64	Serratia_marcescens_parC_64_F->I	1	0.0088	0.0088		0	0.2127659574468085
Salmonella_enterica	gyrB	466	Salmonella_enterica_gyrB_466_E->G	1	0.0016	0.0016		0	0.2127659574468085
Salmonella_enterica	gyrB	438	Salmonella_enterica_gyrB_438_R->T	1	0.0018	0.0018		0	0.2127659574468085
Escherichia_coli	parE	439	Escherichia_coli_parE_439_P->S	1	0.0128	0.0128	0.0	0	0.2127659574468085
Escherichia_coli	parE	423	Escherichia_coli_parE_423_G->E	1	0.0053	0.0053		0	0.2127659574468085
Salmonella_enterica	gyrB	464	Salmonella_enterica_gyrB_464_S->R	1	0.0021	0.0021	0.0	0	0.2127659574468085
Salmonella_enterica	gyrB	464	Salmonella_enterica_gyrB_464_S->P	1	0.0011	0.0011		0	0.2127659574468085
Salmonella_enterica	gyrB	464	Salmonella_enterica_gyrB_464_S->N	1	0.0097	0.0097	0.0	0	0.2127659574468085
Salmonella_enterica	gyrB	464	Salmonella_enterica_gyrB_464_S->E	1	0.0032	0.0032		0	0.2127659574468085
Serratia_marcescens	parE	459	Serratia_marcescens_parE_459_S->P	1	0.0075	0.0075		0	0.2127659574468085
Shigella_flexneri	parE	460	Shigella_flexneri_parE_460_E->G	1	0.0278	0.0278		0	0.2127659574468085
Salmonella_enterica	parC	66	Salmonella_enterica_parC_66_T->I	1	0.0016	0.0016		0	0.2127659574468085
Shigella_flexneri	parE	445	Shigella_flexneri_parE_445_L->H	1	0.125	0.125	0.0	0	0.2127659574468085
Streptococcus_pyogenes	gyrA	80	Streptococcus_pyogenes_gyrA_80_D->G	1	0.0175	0.0175	0.0	0	0.2127659574468085
Salmonella_enterica	parC	80	Salmonella_enterica_parC_80_S->D	1	0.0018	0.0018		0	0.2127659574468085
Shigella_flexneri	parE	423	Shigella_flexneri_parE_423_G->E	1	0.1111	0.1111		0	0.2127659574468085
Shigella_sonnei	parE	416	Shigella_sonnei_parE_416_L->R	1	0.0077	0.0077		0	0.2127659574468085
Shigella_sonnei	parC	56	Shigella_sonnei_parC_56_A->T	1	1.0	1.0		1	0.2127659574468085
Shigella_sonnei	gyrA	87	Shigella_sonnei_gyrA_87_D->A	1	0.0056	0.0056	0.0	0	0.2127659574468085
Salmonella_enterica	parC	80	Salmonella_enterica_parC_80_S->L	1	0.0022	0.0022		0	0.2127659574468085
Shigella_flexneri	parE	529	Shigella_flexneri_parE_529_I->N	1	0.0049	0.0049		0	0.2127659574468085
Shigella_flexneri	parE	476	Shigella_flexneri_parE_476_D->Y	1	0.0053	0.0053	0.0	0	0.2127659574468085
Shigella_flexneri	parE	476	Shigella_flexneri_parE_476_D->V	1	0.007	0.007		0	0.2127659574468085
Enterobacter_cloacae	parE	439	Enterobacter_cloacae_parE_439_P->S	1	0.0128	0.0128	0.0	0	0.2127659574468085
Enterobacter_cloacae	parE	416	Enterobacter_cloacae_parE_416_L->V	1	0.125	0.125		0	0.2127659574468085
Enterobacter_cloacae	parE	416	Enterobacter_cloacae_parE_416_L->R	1	0.0039	0.0039		0	0.2127659574468085
Streptococcus_pyogenes	parE	433	Streptococcus_pyogenes_parE_433_L->V	1	0.0046	0.0046	0.0	0	0.2127659574468085
Enterobacter_cloacae	parC	84	Enterobacter_cloacae_parC_84_E->V	1	0.0185	0.0185	0.0	0	0.2127659574468085
Enterobacter_cloacae	parC	84	Enterobacter_cloacae_parC_84_E->A	1	0.009	0.009		0	0.2127659574468085
Enterobacter_cloacae	parC	80	Enterobacter_cloacae_parC_80_S->L	1	0.0157	0.0157		0	0.2127659574468085
Enterobacter_cloacae	parC	80	Enterobacter_cloacae_parC_80_S->D	1	0.003	0.003		0	0.2127659574468085
Enterobacter_cloacae	parC	78	Enterobacter_cloacae_parC_78_G->V	1	0.0032	0.0032		0	0.2127659574468085
Streptococcus_pyogenes	parE	440	Streptococcus_pyogenes_parE_440_G->R	1	0.0072	0.0072		0	0.2127659574468085
Enterobacter_cloacae	parE	445	Enterobacter_cloacae_parE_445_L->R	1	0.0127	0.0127		0	0.2127659574468085
Acinetobacter_baumannii	gyrA	49	Acinetobacter_baumannii_gyrA_49_A->S	1	0.0008	0.0008		0	0.2127659574468085
Enterobacter_cloacae	parE	444	Enterobacter_cloacae_parE_444_I->N	1	0.0177	0.0177		0	0.2127659574468085
Enterobacter_cloacae	parE	444	Enterobacter_cloacae_parE_444_I->F	1	0.0294	0.0294	0.0	0	0.2127659574468085
Enterobacter_cloacae	parE	439	Enterobacter_cloacae_parE_439_P->T	1	0.0238	0.0238	0.0	0	0.2127659574468085
Shigella_flexneri	parE	470	Shigella_flexneri_parE_470_I->S	1	0.0096	0.0096	0.0	0	0.2127659574468085
Bacteroides_ovatus	parE	37	Bacteroides_ovatus_parE_37_I->F	1	0.1429	0.1429	0.0	0	0.2127659574468085
Bacteroides_ovatus	gyrA	105	Bacteroides_ovatus_gyrA_105_Q->R	1	0.0465	0.0465	0.0	0	0.2127659574468085
Bacteroides_ovatus	gyrA	105	Bacteroides_ovatus_gyrA_105_Q->H	1	1.0	1.0	0.0	2	0.2127659574468085
Bacteroides_caccae	gyrA	105	Bacteroides_caccae_gyrA_105_Q->R	1	0.0278	0.0278	0.0	0	0.2127659574468085
Bacteroides_fragilis	gyrA	105	Bacteroides_fragilis_gyrA_105_Q->R	1	0.0308	0.0308	0.0	0	0.2127659574468085
Bacteroides_cellulosilyticus	gyrA	62	Bacteroides_cellulosilyticus_gyrA_62_G->R	1	0.0161	0.0161	0.0	0	0.2127659574468085
Bacteroides_cellulosilyticus	gyrA	64	Bacteroides_cellulosilyticus_gyrA_64_S->A	1	0.0417	0.0417	0.0	0	0.2127659574468085
Bacteroides_cellulosilyticus	parE	37	Bacteroides_cellulosilyticus_parE_37_I->F	1	0.1429	0.1429	0.0	0	0.2127659574468085
Veillonella_dispar	gyrA	84	Veillonella_dispar_gyrA_84_G->A	1	0.0018	0.0018	0.0	0	0.2127659574468085
Blautia_obeum	gyrA	84	Blautia_obeum_gyrA_84_S->L	1	1.0	1.0		1	0.2127659574468085
Bifidobacterium_adolescentis	gyrA	115	Bifidobacterium_adolescentis_gyrA_115_S->A	1	0.022	0.022	0.0	0	0.2127659574468085
Veillonella_parvula	gyrA	85	Veillonella_parvula_gyrA_85_D->G	1	0.006	0.006	0.0	0	0.2127659574468085
Bacteroides_uniformis	gyrA	82	Bacteroides_uniformis_gyrA_82_S->A	1	0.025	0.025	0.0	0	0.2127659574468085
Veillonella_parvula	gyrA	54	Veillonella_parvula_gyrA_54_A->S	1	0.0025	0.0025	0.0	0	0.2127659574468085
Escherichia_coli	parE	444	Escherichia_coli_parE_444_I->F	1	0.0294	0.0294	0.0	0	0.2127659574468085
Veillonella_dispar	gyrA	90	Veillonella_dispar_gyrA_90_D->V	1	0.0084	0.0084	0.0	0	0.2127659574468085
Veillonella_dispar	gyrA	90	Veillonella_dispar_gyrA_90_D->H	1	0.0113	0.0113		0	0.2127659574468085
Veillonella_dispar	gyrA	90	Veillonella_dispar_gyrA_90_D->G	1	1.0	1.0	0.0	2	0.2127659574468085
Veillonella_dispar	gyrA	86	Veillonella_dispar_gyrA_86_S->I	1	0.0022	0.0022	0.0	0	0.2127659574468085
Veillonella_dispar	gyrA	85	Veillonella_dispar_gyrA_85_D->G	1	0.006	0.006	0.0	0	0.2127659574468085
Veillonella_dispar	gyrA	85	Veillonella_dispar_gyrA_85_D->E	1	0.0061	0.0061		0	0.2127659574468085
Bacteroides_uniformis	gyrA	80	Bacteroides_uniformis_gyrA_80_G->R	1	0.0083	0.0083	0.0	0	0.2127659574468085
Veillonella_parvula	gyrA	85	Veillonella_parvula_gyrA_85_D->E	1	0.0061	0.0061		0	0.2127659574468085
Streptococcus_pyogenes	parE	440	Streptococcus_pyogenes_parE_440_G->S	1	0.0149	0.0149	0.0	0	0.2127659574468085
Streptococcus_pneumoniae	parE	475	Streptococcus_pneumoniae_parE_475_E->K	1	0.016	0.016		0	0.2127659574468085
Veillonella_parvula	gyrA	84	Veillonella_parvula_gyrA_84_G->A	1	0.0018	0.0018	0.0	0	0.2127659574468085
Veillonella_parvula	gyrA	70	Veillonella_parvula_gyrA_70_A->Q	1	0.0233	0.0233	0.0	0	0.2127659574468085
Veillonella_parvula	gyrA	70	Veillonella_parvula_gyrA_70_A->P	1	0.0065	0.0065	0.0	0	0.2127659574468085
Yersinia_pestis	gyrA	87	Yersinia_pestis_gyrA_87_D->N	1	0.0123	0.0123		0	0.2127659574468085
Veillonella_parvula	gyrA	54	Veillonella_parvula_gyrA_54_A->E	1	0.0022	0.0022		0	0.2127659574468085
Bifidobacterium_longum	gyrA	138	Bifidobacterium_longum_gyrA_138_Q->H	1	0.0244	0.0244		0	0.2127659574468085
Bifidobacterium_longum	gyrA	115	Bifidobacterium_longum_gyrA_115_S->V	1	1.0	1.0		1	0.2127659574468085
Bifidobacterium_longum	gyrA	83	Bifidobacterium_longum_gyrA_83_A->V	1	0.0009	0.0009		0	0.2127659574468085
Bifidobacterium_breve	parE	610	Bifidobacterium_breve_parE_610_I->L	1	0.0009	0.0009		0	0.2127659574468085
Citrobacter_freundii	gyrA	87	Citrobacter_freundii_gyrA_87_D->H	1	0.0625	0.0625	0.0	0	0.2127659574468085
Citrobacter_freundii	gyrA	81	Citrobacter_freundii_gyrA_81_G->C	1	0.1111	0.1111	0.0	0	0.2127659574468085
Burkholderia_cepacia	parC	90	Burkholderia_cepacia_parC_90_G->C	1	0.5	0.5	0.0	0	0.2127659574468085
Burkholderia_cepacia	gyrA	87	Burkholderia_cepacia_gyrA_87_D->N	1	0.0101	0.0101		0	0.2127659574468085
Burkholderia_cepacia	gyrA	87	Burkholderia_cepacia_gyrA_87_D->H	1	0.0098	0.0098	0.0	0	0.2127659574468085
Actinomyces_oris	parE	548	Actinomyces_oris_parE_548_P->S	1	0.0625	0.0625		0	0.2127659574468085
Burkholderia_cepacia	gyrA	87	Burkholderia_cepacia_gyrA_87_D->E	1	0.0714	0.0714		0	0.2127659574468085
Burkholderia_cepacia	gyrA	84	Burkholderia_cepacia_gyrA_84_A->P	1	0.0081	0.0081	0.0	0	0.2127659574468085
Streptococcus_parasanguinis	parE	462	Streptococcus_parasanguinis_parE_462_L->V	1	0.0052	0.0052	0.0	0	0.2127659574468085
Actinomyces_oris	parE	639	Actinomyces_oris_parE_639_I->F	1	0.05	0.05		0	0.2127659574468085
Bacteroides_thetaiotaomicron	gyrA	105	Bacteroides_thetaiotaomicron_gyrA_105_Q->H	1	1.0	1.0	0.0	2	0.2127659574468085
Streptococcus_parasanguinis	parC	77	Streptococcus_parasanguinis_parC_77_G->C	1	0.0556	0.0556		0	0.2127659574468085
Streptococcus_oralis	parE	475	Streptococcus_oralis_parE_475_E->R	1	0.0026	0.0026		0	0.2127659574468085
Streptococcus_oralis	parE	475	Streptococcus_oralis_parE_475_E->Q	1	0.0015	0.0015		0	0.2127659574468085
Streptococcus_oralis	parE	475	Streptococcus_oralis_parE_475_E->K	1	0.0159	0.0159		0	0.2127659574468085
Citrobacter_freundii	gyrA	87	Citrobacter_freundii_gyrA_87_D->R	1	0.2222	0.2222	0.0	0	0.2127659574468085
Acinetobacter_baumannii	parE	464	Acinetobacter_baumannii_parE_464_I->F	1	0.0833	0.0833	0.0	0	0.2127659574468085
Aggregatibacter_actinomycetemcomitans	parE	470	Aggregatibacter_actinomycetemcomitans_parE_470_I->M	1	0.0114	0.0114		0	0.2127659574468085
Streptococcus_pneumoniae	parC	73	Streptococcus_pneumoniae_parC_73_S->I	1	0.8571	0.8571		1	0.2127659574468085
Akkermansia_muciniphila	gyrB	456	Akkermansia_muciniphila_gyrB_456_D->N	1	0.125	0.125		0	0.2127659574468085
Streptococcus_pneumoniae	gyrA	80	Streptococcus_pneumoniae_gyrA_80_D->G	1	0.0167	0.0167	0.0	0	0.2127659574468085
Streptococcus_pneumoniae	gyrA	65	Streptococcus_pneumoniae_gyrA_65_A->T	1	0.0097	0.0097		0	0.2127659574468085
Streptococcus_pneumoniae	gyrA	65	Streptococcus_pneumoniae_gyrA_65_A->S	1	0.0625	0.0625	0.0	0	0.2127659574468085
Streptococcus_parasanguinis	parE	477	Streptococcus_parasanguinis_parE_477_E->A	1	0.0143	0.0143	0.0	0	0.2127659574468085
Acinetobacter_baumannii	parE	464	Acinetobacter_baumannii_parE_464_I->S	1	0.0009	0.0009		0	0.2127659574468085
Bacteroides_thetaiotaomicron	gyrA	105	Bacteroides_thetaiotaomicron_gyrA_105_Q->R	1	0.0476	0.0476	0.0	0	0.2127659574468085
Aggregatibacter_actinomycetemcomitans	parE	460	Aggregatibacter_actinomycetemcomitans_parE_460_E->D	1	0.1667	0.1667		0	0.2127659574468085
Clostridioides_difficile	gyrA	68	Clostridioides_difficile_gyrA_68_A->S	1	0.2222	0.2222		0	0.2127659574468085
Citrobacter_freundii	parE	529	Citrobacter_freundii_parE_529_I->S	1	0.0084	0.0084		0	0.2127659574468085
Citrobacter_freundii	parE	444	Citrobacter_freundii_parE_444_I->N	1	0.0179	0.0179		0	0.2127659574468085
Citrobacter_freundii	parE	444	Citrobacter_freundii_parE_444_I->F	1	0.0323	0.0323	0.0	0	0.2127659574468085
Citrobacter_freundii	parE	439	Citrobacter_freundii_parE_439_P->T	1	0.0286	0.0286	0.0	0	0.2127659574468085
Citrobacter_freundii	parE	439	Citrobacter_freundii_parE_439_P->S	1	0.0179	0.0179	0.0	0	0.2127659574468085
Acinetobacter_baumannii	parE	458	Acinetobacter_baumannii_parE_458_S->A	1	0.0404	0.0404		0	0.2127659574468085
Enterobacter_cloacae	parC	56	Enterobacter_cloacae_parC_56_A->T	1	0.0099	0.0099	0.0	0	0.2127659574468085
Enterobacter_cloacae	gyrA	196	Enterobacter_cloacae_gyrA_196_A->S	1	0.0625	0.0625	0.0	0	0.2127659574468085
Enterobacter_cloacae	gyrA	67	Enterobacter_cloacae_gyrA_67_A->V	1	0.0028	0.0028		0	0.2127659574468085
Dorea_longicatena	gyrA	84	Dorea_longicatena_gyrA_84_S->L	1	1.0	1.0		1	0.2127659574468085
Coprococcus_eutactus	gyrA	85	Coprococcus_eutactus_gyrA_85_S->W	1	0.1429	0.1429	0.0	0	0.2127659574468085
Coprococcus_eutactus	gyrA	85	Coprococcus_eutactus_gyrA_85_S->L	1	1.0	1.0		1	0.2127659574468085
Collinsella_aerofaciens	gyrB	437	Collinsella_aerofaciens_gyrB_437_D->N	1	0.7778	0.7778	0.0	2	0.2127659574468085
Staphylococcus_saprophyticus	gyrA	107	Staphylococcus_saprophyticus_gyrA_107_Q->K	1	0.0105	0.0105		0	0.2127659574468085
Staphylococcus_epidermidis	gyrA	68	Staphylococcus_epidermidis_gyrA_68_A->W	1	0.0056	0.0056	0.0	0	0.2127659574468085
Staphylococcus_aureus	gyrA	106	Staphylococcus_aureus_gyrA_106_G->V	1	0.0096	0.0096	0.0	0	0.2127659574468085
Staphylococcus_aureus	gyrA	106	Staphylococcus_aureus_gyrA_106_G->R	1	0.0069	0.0069		0	0.2127659574468085
Veillonella_parvula	gyrA	90	Veillonella_parvula_gyrA_90_D->H	1	0.0108	0.0108		0	0.2127659574468085
Staphylococcus_aureus	gyrA	106	Staphylococcus_aureus_gyrA_106_G->A	1	0.0038	0.0038	0.0	0	0.2127659574468085
Staphylococcus_aureus	gyrA	88	Staphylococcus_aureus_gyrA_88_E->L	1	0.0714	0.0714		0	0.2127659574468085
Staphylococcus_saprophyticus	gyrA	68	Staphylococcus_saprophyticus_gyrA_68_A->G	1	0.0476	0.0476	0.0	0	0.2127659574468085
Staphylococcus_saprophyticus	gyrA	68	Staphylococcus_saprophyticus_gyrA_68_A->E	1	0.0312	0.0312	0.0	0	0.2127659574468085
Staphylococcus_epidermidis	gyrB	436	Staphylococcus_epidermidis_gyrB_436_D->V	1	0.0009	0.0009	0.0	0	0.2127659574468085
Acinetobacter_baumannii	parC	82	Acinetobacter_baumannii_parC_82_G->V	1	0.0027	0.0027		0	0.2127659574468085
Staphylococcus_epidermidis	gyrA	107	Staphylococcus_epidermidis_gyrA_107_Q->K	1	0.0023	0.0023	0.0	0	0.2127659574468085
Staphylococcus_epidermidis	gyrA	83	Staphylococcus_epidermidis_gyrA_83_D->V	1	0.0017	0.0017	0.0	0	0.2127659574468085
Staphylococcus_epidermidis	gyrA	82	Staphylococcus_epidermidis_gyrA_82_G->V	1	0.0021	0.0021	0.0	0	0.2127659574468085
Staphylococcus_epidermidis	gyrA	82	Staphylococcus_epidermidis_gyrA_82_G->S	1	0.0063	0.0063		0	0.2127659574468085
Shigella_sonnei	parE	460	Shigella_sonnei_parE_460_E->R	1	0.0104	0.0104		0	0.2127659574468085
Acinetobacter_baumannii	parC	88	Acinetobacter_baumannii_parC_88_E->A	1	0.027	0.027		0	0.2127659574468085
Staphylococcus_saprophyticus	gyrA	84	Staphylococcus_saprophyticus_gyrA_84_S->L	1	0.6	0.6	0.0	0	0.2127659574468085
Staphylococcus_saprophyticus	gyrA	83	Staphylococcus_saprophyticus_gyrA_83_D->A	1	0.0007	0.0007		0	0.2127659574468085
Yersinia_pestis	gyrA	87	Yersinia_pestis_gyrA_87_D->V	1	0.0217	0.0217		0	0.2127659574468085
Staphylococcus_saprophyticus	gyrA	82	Staphylococcus_saprophyticus_gyrA_82_G->D	1	0.0357	0.0357	0.0	0	0.2127659574468085
Staphylococcus_saprophyticus	gyrA	82	Staphylococcus_saprophyticus_gyrA_82_G->A	1	0.0244	0.0244	0.0	0	0.2127659574468085
Streptococcus_mitis	parE	475	Streptococcus_mitis_parE_475_E->K	1	0.016	0.016		0	0.2127659574468085
Yersinia_pestis	parC	84	Yersinia_pestis_parC_84_S->A	1	0.0111	0.0111		0	0.2127659574468085
Streptococcus_mitis	gyrA	80	Streptococcus_mitis_gyrA_80_D->G	1	0.0213	0.0213	0.0	0	0.2127659574468085
Streptococcus_agalactiae	parE	440	Streptococcus_agalactiae_parE_440_G->R	1	0.0769	0.0769		0	0.2127659574468085
Yersinia_pestis	parC	88	Yersinia_pestis_parC_88_E->V	1	0.0032	0.0032		0	0.2127659574468085
Streptococcus_agalactiae	gyrA	80	Streptococcus_agalactiae_gyrA_80_D->G	1	0.0175	0.0175	0.0	0	0.2127659574468085
Streptococcus_agalactiae	gyrA	65	Streptococcus_agalactiae_gyrA_65_A->S	1	0.0667	0.0667	0.0	0	0.2127659574468085
Stenotrophomonas_maltophilia	gyrB	442	Stenotrophomonas_maltophilia_gyrB_442_D->N	1	0.0909	0.0909	0.0	0	0.2127659574468085
Streptococcus_oralis	parE	454	Streptococcus_oralis_parE_454_P->S	1	0.005	0.005		0	0.2127659574468085
Clostridioides_difficile	gyrB	429	Clostridioides_difficile_gyrB_429_D->A	1	0.0054	0.0054		0	0.2127659574468085
Streptococcus_mutans	parE	462	Streptococcus_mutans_parE_462_L->H	1	0.05	0.05	0.0	0	0.2127659574468085
Streptococcus_mutans	parE	440	Streptococcus_mutans_parE_440_G->R	1	0.0455	0.0455		0	0.2127659574468085
Yersinia_pestis	parE	459	Yersinia_pestis_parE_459_S->A	1	0.1429	0.1429	0.0	0	0.2127659574468085
Streptococcus_mutans	gyrA	80	Streptococcus_mutans_gyrA_80_D->G	1	0.0172	0.0172	0.0	0	0.2127659574468085
Streptococcus_mitis	parE	475	Streptococcus_mitis_parE_475_E->R	1	0.0024	0.0024		0	0.2127659574468085
Streptococcus_mitis	parE	475	Streptococcus_mitis_parE_475_E->Q	1	0.0029	0.0029		0	0.2127659574468085
Acinetobacter_baumannii	parE	529	Acinetobacter_baumannii_parE_529_I->L	1	0.0011	0.0011		0	0.2127659574468085
Bifidobacterium_breve	parE	585	Bifidobacterium_breve_parE_585_P->S	1	0.0132	0.0132	0.0	0	0.2127659574468085
Bifidobacterium_breve	gyrA	139	Bifidobacterium_breve_gyrA_139_Q->R	1	0.0655	0.0655		0	0.2127659574468085
Bifidobacterium_breve	gyrA	84	Bifidobacterium_breve_gyrA_84_A->V	1	0.0006	0.0006		0	0.2127659574468085
Bifidobacterium_bifidum	gyrB	506	Bifidobacterium_bifidum_gyrB_506_D->N	1	0.0435	0.0435	0.0	0	0.2127659574468085
Bifidobacterium_bifidum	gyrA	120	Bifidobacterium_bifidum_gyrA_120_D->A	1	0.0909	0.0909		0	0.2127659574468085
Bifidobacterium_adolescentis	gyrA	138	Bifidobacterium_adolescentis_gyrA_138_Q->P	1	0.1667	0.1667		0	0.2127659574468085
Bifidobacterium_adolescentis	gyrA	138	Bifidobacterium_adolescentis_gyrA_138_Q->H	1	0.1	0.1		0	0.2127659574468085
Collinsella_aerofaciens	gyrA	141	Collinsella_aerofaciens_gyrA_141_G->C	1	0.0455	0.0455	0.0	0	0.2127659574468085
Streptococcus_mutans	parE	497	Streptococcus_mutans_parE_497_D->N	1	1.0	1.0	0.0	2	0.2127659574468085
Escherichia_coli	gyrA	84	Escherichia_coli_gyrA_84_A->E	1	0.0009	0.0009		0	0.2127659574468085
Klebsiella_aerogenes	gyrA	83	Klebsiella_aerogenes_gyrA_83_S->P	1	0.0714	0.0714	0.0	0	0.2127659574468085
Mycobacterium_tuberculosis	gyrB	504	Mycobacterium_tuberculosis_gyrB_504_A->V	1	0.0035	0.0035	0.0	0	0.2127659574468085
Klebsiella_aerogenes	gyrA	87	Klebsiella_aerogenes_gyrA_87_D->M	1	0.0556	0.0556	0.0	0	0.2127659574468085
Mycobacterium_tuberculosis	gyrB	504	Mycobacterium_tuberculosis_gyrB_504_A->R	1	0.0034	0.0034		0	0.2127659574468085
Mycobacterium_tuberculosis	gyrB	501	Mycobacterium_tuberculosis_gyrB_501_E->Y	1	0.0058	0.0058	0.0	0	0.2127659574468085
Klebsiella_aerogenes	gyrA	87	Klebsiella_aerogenes_gyrA_87_D->Q	1	0.0024	0.0024		0	0.2127659574468085
Mycobacterium_tuberculosis	gyrB	501	Mycobacterium_tuberculosis_gyrB_501_E->R	1	0.009	0.009	0.0	0	0.2127659574468085
Haemophilus_influenzae	parE	460	Haemophilus_influenzae_parE_460_E->D	1	0.0056	0.0056		0	0.2127659574468085
Haemophilus_influenzae	parE	464	Haemophilus_influenzae_parE_464_I->F	1	0.0357	0.0357	0.0	0	0.2127659574468085
Escherichia_coli	gyrA	87	Escherichia_coli_gyrA_87_D->Q	1	0.0035	0.0035		0	0.2127659574468085
Escherichia_coli	gyrA	87	Escherichia_coli_gyrA_87_D->M	1	0.0476	0.0476	0.0	0	0.2127659574468085
Escherichia_coli	gyrA	87	Escherichia_coli_gyrA_87_D->I	1	0.0102	0.0102		0	0.2127659574468085
Escherichia_coli	gyrA	84	Escherichia_coli_gyrA_84_A->T	1	0.0017	0.0017		0	0.2127659574468085
Bifidobacterium_longum	gyrA	138	Bifidobacterium_longum_gyrA_138_Q->R	1	0.0058	0.0058		0	0.2127659574468085
Escherichia_coli	gyrB	426	Escherichia_coli_gyrB_426_D->A	1	0.0023	0.0023		0	0.2127659574468085
Escherichia_coli	gyrA	196	Escherichia_coli_gyrA_196_A->V	1	0.0051	0.0051		0	0.2127659574468085
Haemophilus_influenzae	parE	470	Haemophilus_influenzae_parE_470_I->N	1	0.0017	0.0017		0	0.2127659574468085
Haemophilus_influenzae	parE	529	Haemophilus_influenzae_parE_529_I->F	1	0.0009	0.0009		0	0.2127659574468085
Escherichia_coli	gyrA	196	Escherichia_coli_gyrA_196_A->G	1	0.0018	0.0018		0	0.2127659574468085
Escherichia_coli	gyrA	196	Escherichia_coli_gyrA_196_A->D	1	0.0023	0.0023		0	0.2127659574468085
Escherichia_coli	gyrA	106	Escherichia_coli_gyrA_106_Q->M	1	0.0009	0.0009		0	0.2127659574468085
Escherichia_coli	gyrA	106	Escherichia_coli_gyrA_106_Q->E	1	0.0476	0.0476	0.0	0	0.2127659574468085
Morganella_morganii	gyrA	106	Morganella_morganii_gyrA_106_Q->P	1	0.1111	0.1111		0	0.2127659574468085
Limosilactobacillus_reuteri	gyrA	85	Limosilactobacillus_reuteri_gyrA_85_S->A	1	0.0169	0.0169		0	0.2127659574468085
Limosilactobacillus_reuteri	gyrA	83	Limosilactobacillus_reuteri_gyrA_83_G->C	1	0.0667	0.0667	0.0	0	0.2127659574468085
Legionella_pneumophila	gyrA	81	Legionella_pneumophila_gyrA_81_G->C	1	0.1429	0.1429	0.0	0	0.2127659574468085
Legionella_pneumophila	gyrA	67	Legionella_pneumophila_gyrA_67_A->S	1	0.125	0.125		0	0.2127659574468085
Lactobacillus_acidophilus	parC	82	Lactobacillus_acidophilus_parC_82_S->R	1	0.1111	0.1111	0.0	0	0.2127659574468085
Haemophilus_influenzae	parE	464	Haemophilus_influenzae_parE_464_I->L	1	0.0037	0.0037		0	0.2127659574468085
Providencia_stuartii	gyrA	106	Providencia_stuartii_gyrA_106_Q->E	1	0.0909	0.0909		0	0.2127659574468085
Proteus_mirabilis	parE	459	Proteus_mirabilis_parE_459_S->A	1	0.0143	0.0143		0	0.2127659574468085
Pseudomonas_aeruginosa	parE	463	Pseudomonas_aeruginosa_parE_463_I->S	1	0.0079	0.0079		0	0.2127659574468085
Pseudomonas_aeruginosa	parE	422	Pseudomonas_aeruginosa_parE_422_G->R	1	0.1111	0.1111	0.0	0	0.2127659574468085
Pseudomonas_aeruginosa	parC	91	Pseudomonas_aeruginosa_parC_91_E->A	1	0.2	0.2		0	0.2127659574468085
Pseudomonas_aeruginosa	gyrB	449	Pseudomonas_aeruginosa_gyrB_449_K->R	1	0.2	0.2		0	0.2127659574468085
Pseudomonas_aeruginosa	gyrA	106	Pseudomonas_aeruginosa_gyrA_106_Q->P	1	0.0089	0.0089		0	0.2127659574468085
Pseudomonas_aeruginosa	gyrA	106	Pseudomonas_aeruginosa_gyrA_106_Q->L	1	0.0077	0.0077		0	0.2127659574468085
Faecalibacterium_prausnitzii	gyrA	94	Faecalibacterium_prausnitzii_gyrA_94_D->W	1	0.0192	0.0192	0.0	0	0.2127659574468085
Pseudomonas_aeruginosa	gyrA	87	Pseudomonas_aeruginosa_gyrA_87_D->L	1	0.005	0.005		0	0.2127659574468085
Escherichia_coli	gyrA	67	Escherichia_coli_gyrA_67_A->V	1	0.0017	0.0017		0	0.2127659574468085
Escherichia_coli	gyrA	67	Escherichia_coli_gyrA_67_A->E	1	0.0029	0.0029		0	0.2127659574468085
Escherichia_coli	gyrA	51	Escherichia_coli_gyrA_51_A->P	1	0.0054	0.0054	0.0	0	0.2127659574468085
Enterococcus_faecium	gyrA	97	Enterococcus_faecium_gyrA_97_S->N	1	0.0714	0.0714		0	0.2127659574468085
Escherichia_coli	gyrA	84	Escherichia_coli_gyrA_84_A->G	1	0.0241	0.0241		0	0.2127659574468085
Mycobacterium_tuberculosis	gyrB	494	Mycobacterium_tuberculosis_gyrB_494_D->N	1	0.0026	0.0026	0.0	0	0.2127659574468085
Mycobacterium_tuberculosis	gyrB	470	Mycobacterium_tuberculosis_gyrB_470_G->P	1	0.0036	0.0036	0.0	0	0.2127659574468085
Mycobacterium_tuberculosis	gyrB	446	Mycobacterium_tuberculosis_gyrB_446_R->S	1	0.0023	0.0023	0.0	0	0.2127659574468085
Escherichia_coli	gyrA	83	Escherichia_coli_gyrA_83_S->W	1	0.0056	0.0056	0.0	0	0.2127659574468085
Escherichia_coli	gyrA	83	Escherichia_coli_gyrA_83_S->R	1	0.0041	0.0041		0	0.2127659574468085
Escherichia_coli	gyrA	83	Escherichia_coli_gyrA_83_S->P	1	0.0016	0.0016		0	0.2127659574468085
Fusobacterium_nucleatum	gyrA	63	Fusobacterium_nucleatum_gyrA_63_A->D	1	0.0105	0.0105	0.0	0	0.2127659574468085
Escherichia_coli	gyrA	82	Escherichia_coli_gyrA_82_D->V	1	0.0012	0.0012	0.0	0	0.2127659574468085
Escherichia_coli	gyrA	82	Escherichia_coli_gyrA_82_D->E	1	0.0013	0.0013		0	0.2127659574468085
Granulicatella_adiacens	gyrA	71	Granulicatella_adiacens_gyrA_71_A->S	1	0.0357	0.0357	0.0	0	0.2127659574468085
Klebsiella_aerogenes	gyrA	83	Klebsiella_aerogenes_gyrA_83_S->I	1	0.0024	0.0024		0	0.2127659574468085
Mycobacterium_tuberculosis	gyrB	501	Mycobacterium_tuberculosis_gyrB_501_E->H	1	0.0135	0.0135	0.0	0	0.2127659574468085
Mycobacterium_tuberculosis	gyrB	501	Mycobacterium_tuberculosis_gyrB_501_E->A	1	0.007	0.007	0.0	0	0.2127659574468085
Klebsiella_aerogenes	gyrA	83	Klebsiella_aerogenes_gyrA_83_S->M	1	0.0026	0.0026	0.0	0	0.2127659574468085
Mycobacterium_tuberculosis	gyrB	494	Mycobacterium_tuberculosis_gyrB_494_D->V	1	0.004	0.004	0.0	0	0.2127659574468085
Enterococcus_faecium	gyrA	87	Enterococcus_faecium_gyrA_87_E->S	1	0.0052	0.0052		0	0.2127659574468085
Lacticaseibacillus_rhamnosus	parC	84	Lacticaseibacillus_rhamnosus_parC_84_E->D	1	0.4286	0.4286		0	0.2127659574468085
Lacticaseibacillus_rhamnosus	parC	80	Lacticaseibacillus_rhamnosus_parC_80_S->I	1	1.0	1.0		1	0.2127659574468085
Lacticaseibacillus_casei	parC	84	Lacticaseibacillus_casei_parC_84_E->D	1	0.4286	0.4286		0	0.2127659574468085
Lacticaseibacillus_casei	parC	80	Lacticaseibacillus_casei_parC_80_S->I	1	1.0	1.0		1	0.2127659574468085
Klebsiella_pneumoniae	parC	84	Klebsiella_pneumoniae_parC_84_E->V	1	0.0028	0.0028		0	0.2127659574468085
Klebsiella_pneumoniae	parC	84	Klebsiella_pneumoniae_parC_84_E->L	1	0.029	0.029		0	0.2127659574468085
Escherichia_coli	parE	460	Escherichia_coli_parE_460_E->G	1	0.0021	0.0021		0	0.2127659574468085
Escherichia_coli	parE	460	Escherichia_coli_parE_460_E->K	1	0.0028	0.0028		0	0.2127659574468085
Escherichia_coli	gyrB	447	Escherichia_coli_gyrB_447_K->M	1	0.0012	0.0012		0	0.2127659574468085
Escherichia_coli	gyrB	426	Escherichia_coli_gyrB_426_D->N	1	0.0022	0.0022		0	0.2127659574468085
Klebsiella_aerogenes	gyrB	359	Klebsiella_aerogenes_gyrB_359_S->R	1	0.0263	0.0263	0.0	0	0.2127659574468085
Klebsiella_aerogenes	gyrB	359	Klebsiella_aerogenes_gyrB_359_S->N	1	0.004	0.004		0	0.2127659574468085
Escherichia_coli	parE	460	Escherichia_coli_parE_460_E->Q	1	0.004	0.004	0.0	0	0.2127659574468085
Klebsiella_aerogenes	gyrA	87	Klebsiella_aerogenes_gyrA_87_D->R	1	0.0021	0.0021		0	0.2127659574468085
Helicobacter_pylori	gyrA	110	Helicobacter_pylori_gyrA_110_Q->H	1	0.9898	0.9898		1	0.2127659574468085
Escherichia_coli	parE	460	Escherichia_coli_parE_460_E->R	1	0.0104	0.0104		0	0.2127659574468085
Escherichia_coli	parC	78	Escherichia_coli_parC_78_G->I	1	0.0067	0.0067		0	0.2127659574468085
Escherichia_coli	parE	460	Escherichia_coli_parE_460_E->S	1	0.0046	0.0046		0	0.2127659574468085
Klebsiella_aerogenes	parC	84	Klebsiella_aerogenes_parC_84_E->L	1	0.029	0.029		0	0.2127659574468085
Escherichia_coli	parC	60	Escherichia_coli_parC_60_F->W	1	0.0025	0.0025	0.0	0	0.2127659574468085
Escherichia_coli	parC	60	Escherichia_coli_parC_60_F->V	1	0.001	0.001		0	0.2127659574468085
Escherichia_coli	parC	56	Escherichia_coli_parC_56_A->S	1	0.0012	0.0012		0	0.2127659574468085
Klebsiella_aerogenes	parC	84	Klebsiella_aerogenes_parC_84_E->V	1	0.0028	0.0028		0	0.2127659574468085
Klebsiella_oxytoca	gyrA	83	Klebsiella_oxytoca_gyrA_83_S->C	1	0.0017	0.0017		0	0.2127659574468085
Escherichia_coli	parC	108	Escherichia_coli_parC_108_A->L	1	0.0294	0.0294		0	0.2127659574468085
Klebsiella_oxytoca	gyrA	83	Klebsiella_oxytoca_gyrA_83_S->I	1	0.0024	0.0024		0	0.2127659574468085
Klebsiella_oxytoca	gyrA	83	Klebsiella_oxytoca_gyrA_83_S->M	1	0.0026	0.0026	0.0	0	0.2127659574468085
Escherichia_coli	parC	80	Escherichia_coli_parC_80_S->Y	1	0.0038	0.0038		0	0.2127659574468085
Klebsiella_oxytoca	gyrA	83	Klebsiella_oxytoca_gyrA_83_S->P	1	0.0714	0.0714	0.0	0	0.2127659574468085
Escherichia_coli	parC	78	Escherichia_coli_parC_78_G->S	1	0.009	0.009	0.0	0	0.2127659574468085
Lactiplantibacillus_plantarum	gyrA	84	Lactiplantibacillus_plantarum_gyrA_84_G->C	1	0.0588	0.0588	0.0	0	0.2127659574468085
Mycobacterium_tuberculosis	gyrB	446	Mycobacterium_tuberculosis_gyrB_446_R->P	1	0.0038	0.0038		0	0.2127659574468085
Mycobacterium_tuberculosis	gyrB	446	Mycobacterium_tuberculosis_gyrB_446_R->I	1	0.0053	0.0053		0	0.2127659574468085
Klebsiella_aerogenes	gyrA	83	Klebsiella_aerogenes_gyrA_83_S->C	1	0.0017	0.0017		0	0.2127659574468085
Escherichia_coli	parE	464	Escherichia_coli_parE_464_I->H	1	0.0015	0.0015	0.0	0	0.2127659574468085
Mycobacterium_tuberculosis	gyrA	109	Mycobacterium_tuberculosis_gyrA_109_L->M	1	0.0043	0.0043	0.0	0	0.2127659574468085
Mycobacterium_tuberculosis	gyrA	68	Mycobacterium_tuberculosis_gyrA_68_R->P	1	0.0075	0.0075	0.0	0	0.2127659574468085
Morganella_morganii	parC	84	Morganella_morganii_parC_84_S->R	1	0.0132	0.0132	0.0	0	0.2127659574468085
Morganella_morganii	gyrA	196	Morganella_morganii_gyrA_196_A->E	1	0.0185	0.0185	0.0	0	0.2127659574468085
Escherichia_coli	parE	464	Escherichia_coli_parE_464_I->L	1	0.0048	0.0048		0	0.2127659574468085
Klebsiella_oxytoca	gyrB	359	Klebsiella_oxytoca_gyrB_359_S->R	1	0.0263	0.0263	0.0	0	0.2127659574468085
Klebsiella_oxytoca	gyrB	359	Klebsiella_oxytoca_gyrB_359_S->N	1	0.004	0.004		0	0.2127659574468085
Escherichia_coli	parE	464	Escherichia_coli_parE_464_I->M	1	0.0025	0.0025	0.0	0	0.2127659574468085
Klebsiella_oxytoca	gyrA	87	Klebsiella_oxytoca_gyrA_87_D->R	1	0.0021	0.0021		0	0.2127659574468085
Escherichia_coli	parE	445	Escherichia_coli_parE_445_L->R	1	0.0127	0.0127		0	0.2127659574468085
Klebsiella_oxytoca	gyrA	87	Klebsiella_oxytoca_gyrA_87_D->M	1	0.0556	0.0556	0.0	0	0.2127659574468085
Escherichia_coli	parE	464	Escherichia_coli_parE_464_I->S	1	0.0029	0.0029	0.0	0	0.2127659574468085
Klebsiella_pneumoniae	gyrA	83	Klebsiella_pneumoniae_gyrA_83_S->P	1	0.0714	0.0714	0.0	0	0.2127659574468085
Klebsiella_pneumoniae	gyrA	83	Klebsiella_pneumoniae_gyrA_83_S->M	1	0.0026	0.0026	0.0	0	0.2127659574468085
Klebsiella_pneumoniae	gyrA	83	Klebsiella_pneumoniae_gyrA_83_S->I	1	0.0024	0.0024		0	0.2127659574468085
Klebsiella_pneumoniae	gyrA	83	Klebsiella_pneumoniae_gyrA_83_S->C	1	0.0017	0.0017		0	0.2127659574468085
Klebsiella_oxytoca	parC	84	Klebsiella_oxytoca_parC_84_E->V	1	0.0028	0.0028		0	0.2127659574468085
Klebsiella_oxytoca	parC	84	Klebsiella_oxytoca_parC_84_E->L	1	0.029	0.029		0	0.2127659574468085
Escherichia_coli	parE	470	Escherichia_coli_parE_470_I->T	1	0.0014	0.0014	0.0	0	0.2127659574468085
Klebsiella_pneumoniae	gyrB	359	Klebsiella_pneumoniae_gyrB_359_S->R	1	0.0263	0.0263	0.0	0	0.2127659574468085
Klebsiella_pneumoniae	gyrB	359	Klebsiella_pneumoniae_gyrB_359_S->N	1	0.004	0.004		0	0.2127659574468085
Klebsiella_pneumoniae	gyrA	87	Klebsiella_pneumoniae_gyrA_87_D->R	1	0.0021	0.0021		0	0.2127659574468085
Klebsiella_pneumoniae	gyrA	87	Klebsiella_pneumoniae_gyrA_87_D->Q	1	0.0024	0.0024		0	0.2127659574468085
Klebsiella_pneumoniae	gyrA	87	Klebsiella_pneumoniae_gyrA_87_D->M	1	0.0476	0.0476	0.0	0	0.2127659574468085
Escherichia_coli	parE	476	Escherichia_coli_parE_476_D->E	1	0.0078	0.0078		0	0.2127659574468085
Klebsiella_oxytoca	gyrA	87	Klebsiella_oxytoca_gyrA_87_D->Q	1	0.0024	0.0024		0	0.2127659574468085
Enterobacter_hormaechei	parC	84	Enterobacter_hormaechei_parC_84_E->A	1	0.009	0.009		0	0.2127659574468085
Enterobacter_hormaechei	parC	80	Enterobacter_hormaechei_parC_80_S->L	1	0.0157	0.0157		0	0.2127659574468085
Salmonella_enterica	gyrB	438	Salmonella_enterica_gyrB_438_R->P	1	0.0054	0.0054	0.0	0	0.2127659574468085
Salmonella_enterica	gyrB	438	Salmonella_enterica_gyrB_438_R->H	1	0.0018	0.0018	0.0	0	0.2127659574468085
Salmonella_enterica	gyrB	438	Salmonella_enterica_gyrB_438_R->G	1	0.002	0.002		0	0.2127659574468085
Salmonella_enterica	gyrB	438	Salmonella_enterica_gyrB_438_R->C	1	0.0013	0.0013		0	0.2127659574468085
Salmonella_enterica	gyrB	426	Salmonella_enterica_gyrB_426_D->N	1	0.0022	0.0022		0	0.2127659574468085
Salmonella_enterica	gyrB	426	Salmonella_enterica_gyrB_426_D->A	1	0.0023	0.0023		0	0.2127659574468085
Salmonella_enterica	gyrB	421	Salmonella_enterica_gyrB_421_Y->F	1	0.003	0.003		0	0.2127659574468085
Salmonella_enterica	gyrA	139	Salmonella_enterica_gyrA_139_E->K	1	0.0017	0.0017		0	0.2127659574468085
Salmonella_enterica	gyrA	82	Salmonella_enterica_gyrA_82_D->E	1	0.0013	0.0013		0	0.2127659574468085
Salmonella_enterica	gyrA	81	Salmonella_enterica_gyrA_81_G->D	1	0.0047	0.0047	0.0	0	0.2127659574468085
Salmonella_enterica	gyrA	81	Salmonella_enterica_gyrA_81_G->A	1	0.0046	0.0046		0	0.2127659574468085
Salmonella_enterica	gyrA	73	Salmonella_enterica_gyrA_73_V->A	1	0.0032	0.0032		0	0.2127659574468085
Providencia_stuartii	parE	461	Providencia_stuartii_parE_461_E->D	1	0.0488	0.0488		0	0.2127659574468085
Salmonella_enterica	gyrA	72	Salmonella_enterica_gyrA_72_D->H	1	0.0052	0.0052		0	0.2127659574468085
Salmonella_enterica	gyrA	72	Salmonella_enterica_gyrA_72_D->E	1	0.0019	0.0019		0	0.2127659574468085
Salmonella_enterica	gyrA	67	Salmonella_enterica_gyrA_67_A->D	1	0.0051	0.0051	0.0	0	0.2127659574468085
Salmonella_enterica	gyrA	87	Salmonella_enterica_gyrA_87_D->E	1	0.0018	0.0018		0	0.2127659574468085
Salmonella_enterica	gyrA	83	Salmonella_enterica_gyrA_83_S->V	1	0.0043	0.0043		0	0.2127659574468085
Salmonella_enterica	gyrA	83	Salmonella_enterica_gyrA_83_S->P	1	0.0769	0.0769	0.0	0	0.2127659574468085
Salmonella_enterica	gyrA	83	Salmonella_enterica_gyrA_83_S->M	1	0.0026	0.0026	0.0	0	0.2127659574468085
Salmonella_enterica	gyrA	83	Salmonella_enterica_gyrA_83_S->I	1	0.0024	0.0024		0	0.2127659574468085
Haemophilus_influenzae	parC	88	Haemophilus_influenzae_parC_88_E->A	1	0.2	0.2		0	0.2127659574468085
Salmonella_enterica	gyrA	83	Salmonella_enterica_gyrA_83_S->C	1	0.0017	0.0017		0	0.2127659574468085
Haemophilus_influenzae	parE	416	Haemophilus_influenzae_parE_416_L->R	1	0.0625	0.0625	0.0	0	0.2127659574468085
Granulicatella_adiacens	gyrA	86	Granulicatella_adiacens_gyrA_86_D->G	1	0.0105	0.0105		0	0.2127659574468085
Salmonella_enterica	gyrA	98	Salmonella_enterica_gyrA_98_L->Q	1	0.0034	0.0034	0.0	0	0.2127659574468085
Salmonella_enterica	gyrA	98	Salmonella_enterica_gyrA_98_L->H	1	0.037	0.037	0.0	0	0.2127659574468085
Salmonella_enterica	gyrA	72	Salmonella_enterica_gyrA_72_D->Y	1	0.0035	0.0035		0	0.2127659574468085
Salmonella_enterica	parE	454	Salmonella_enterica_parE_454_E->A	1	0.002	0.002		0	0.2127659574468085
Salmonella_enterica	parE	438	Salmonella_enterica_parE_438_M->R	1	0.0139	0.0139		0	0.2127659574468085
Escherichia_coli	parE	444	Escherichia_coli_parE_444_I->N	1	0.0177	0.0177		0	0.2127659574468085
Salmonella_enterica	parC	84	Salmonella_enterica_parC_84_E->L	1	0.0046	0.0046		0	0.2127659574468085
Enterobacter_cloacae	parC	60	Enterobacter_cloacae_parC_60_F->Y	1	0.0039	0.0039		0	0.2127659574468085
Serratia_marcescens	gyrA	87	Serratia_marcescens_gyrA_87_D->I	1	0.025	0.025		0	0.2127659574468085
Serratia_marcescens	gyrA	87	Serratia_marcescens_gyrA_87_D->F	1	0.1111	0.1111		0	0.2127659574468085
Serratia_marcescens	gyrA	87	Serratia_marcescens_gyrA_87_D->A	1	0.2	0.2	0.0	0	0.2127659574468085
Haemophilus_influenzae	gyrA	88	Haemophilus_influenzae_gyrA_88_D->V	1	0.0164	0.0164	0.0	0	0.2127659574468085
Haemophilus_influenzae	gyrA	107	Haemophilus_influenzae_gyrA_107_Q->H	1	0.1429	0.1429	0.0	0	0.2127659574468085
Enterobacter_cloacae	parE	529	Enterobacter_cloacae_parE_529_I->M	1	0.0909	0.0909	0.0	0	0.2127659574468085
Enterobacter_cloacae	parE	529	Enterobacter_cloacae_parE_529_I->H	1	0.0013	0.0013		0	0.2127659574468085
Enterobacter_cloacae	parE	476	Enterobacter_cloacae_parE_476_D->Y	1	0.0079	0.0079		0	0.2127659574468085
Enterobacter_cloacae	parE	476	Enterobacter_cloacae_parE_476_D->V	1	0.0013	0.0013		0	0.2127659574468085
Enterobacter_hormaechei	parC	84	Enterobacter_hormaechei_parC_84_E->V	1	0.0185	0.0185	0.0	0	0.2127659574468085
Enterobacter_cloacae	parE	476	Enterobacter_cloacae_parE_476_D->L	1	0.0011	0.0011		0	0.2127659574468085
Enterobacter_cloacae	parE	476	Enterobacter_cloacae_parE_476_D->E	1	0.0067	0.0067		0	0.2127659574468085
Enterobacter_cloacae	parE	476	Enterobacter_cloacae_parE_476_D->A	1	0.002	0.002	0.0	0	0.2127659574468085
Enterobacter_hormaechei	parC	80	Enterobacter_hormaechei_parC_80_S->D	1	0.003	0.003		0	0.2127659574468085
Enterobacter_hormaechei	parC	78	Enterobacter_hormaechei_parC_78_G->V	1	0.0032	0.0032		0	0.2127659574468085
Enterobacter_hormaechei	parC	60	Enterobacter_hormaechei_parC_60_F->Y	1	0.0039	0.0039		0	0.2127659574468085
Haemophilus_influenzae	gyrA	107	Haemophilus_influenzae_gyrA_107_Q->R	1	0.0833	0.0833	0.0	0	0.2127659574468085
Enterobacter_hormaechei	parC	56	Enterobacter_hormaechei_parC_56_A->T	1	0.0099	0.0099	0.0	0	0.2127659574468085
Enterobacter_hormaechei	gyrA	87	Enterobacter_hormaechei_gyrA_87_D->V	1	0.0769	0.0769	0.0	0	0.2127659574468085
Enterobacter_hormaechei	gyrA	81	Enterobacter_hormaechei_gyrA_81_G->C	1	0.0833	0.0833	0.0	0	0.2127659574468085
Enterobacter_cloacae	parE	529	Enterobacter_cloacae_parE_529_I->N	1	0.002	0.002		0	0.2127659574468085
Salmonella_enterica	gyrA	139	Salmonella_enterica_gyrA_139_E->D	1	0.0045	0.0045		0	0.2127659574468085
Salmonella_enterica	gyrA	131	Salmonella_enterica_gyrA_131_A->S	1	0.0016	0.0016		0	0.2127659574468085
Salmonella_enterica	gyrA	131	Salmonella_enterica_gyrA_131_A->P	1	0.0034	0.0034		0	0.2127659574468085
Haemophilus_influenzae	parC	84	Haemophilus_influenzae_parC_84_S->R	1	0.1667	0.1667		0	0.2127659574468085
Enterobacter_cloacae	parE	476	Enterobacter_cloacae_parE_476_D->N	1	0.0058	0.0058		0	0.2127659574468085
Escherichia_coli	parE	476	Escherichia_coli_parE_476_D->V	1	0.0016	0.0016		0	0.2127659574468085
Ruminococcus_bromii	gyrA	92	Ruminococcus_bromii_gyrA_92_D->Y	1	0.0118	0.0118		0	0.2127659574468085
Rothia_mucilaginosa	parE	506	Rothia_mucilaginosa_parE_506_I->F	1	0.2857	0.2857		0	0.2127659574468085
Rothia_mucilaginosa	gyrA	127	Rothia_mucilaginosa_gyrA_127_Q->L	1	0.0072	0.0072		0	0.2127659574468085
Escherichia_coli	parE	529	Escherichia_coli_parE_529_I->D	1	0.0029	0.0029		0	0.2127659574468085
Rothia_mucilaginosa	gyrA	104	Rothia_mucilaginosa_gyrA_104_S->L	1	0.0412	0.0412		0	0.2127659574468085
Rothia_mucilaginosa	gyrA	104	Rothia_mucilaginosa_gyrA_104_S->F	1	0.1429	0.1429	0.0	0	0.2127659574468085
Escherichia_coli	parE	529	Escherichia_coli_parE_529_I->N	1	0.0038	0.0038		0	0.2127659574468085
Rothia_mucilaginosa	gyrA	88	Rothia_mucilaginosa_gyrA_88_A->S	1	0.0272	0.0272		0	0.2127659574468085
Prevotella_melaninogenica	gyrA	85	Prevotella_melaninogenica_gyrA_85_G->D	1	0.0204	0.0204	0.0	0	0.2127659574468085
Prevotella_melaninogenica	gyrA	85	Prevotella_melaninogenica_gyrA_85_G->C	1	0.0068	0.0068	0.0	0	0.2127659574468085
Phocaeicola_vulgatus	parE	39	Phocaeicola_vulgatus_parE_39_I->F	1	0.1429	0.1429	0.0	0	0.2127659574468085
Parabacteroides_distasonis	parE	46	Parabacteroides_distasonis_parE_46_I->F	1	0.1429	0.1429	0.0	0	0.2127659574468085
Neisseria_gonorrhoeae	parC	91	Neisseria_gonorrhoeae_parC_91_E->Q	1	0.0044	0.0044	0.0	0	0.2127659574468085
Salmonella_enterica	gyrA	87	Salmonella_enterica_gyrA_87_D->V	1	0.0031	0.0031	0.0	0	0.2127659574468085
Mycobacterium_tuberculosis	gyrB	538	Mycobacterium_tuberculosis_gyrB_538_Q->L	1	0.0047	0.0047	0.0	0	0.2127659574468085
Mycobacterium_tuberculosis	gyrB	538	Mycobacterium_tuberculosis_gyrB_538_Q->K	1	0.0037	0.0037		0	0.2127659574468085
Proteus_mirabilis	parE	417	Proteus_mirabilis_parE_417_L->F	1	0.0286	0.0286	0.0	0	0.2127659574468085
Proteus_mirabilis	parC	64	Proteus_mirabilis_parC_64_F->I	1	0.2	0.2		0	0.2127659574468085
Proteus_mirabilis	gyrA	196	Proteus_mirabilis_gyrA_196_A->E	1	0.0175	0.0175	0.0	0	0.2127659574468085
Proteus_mirabilis	gyrA	106	Proteus_mirabilis_gyrA_106_Q->R	1	0.0333	0.0333	0.0	0	0.2127659574468085
Proteus_mirabilis	gyrA	106	Proteus_mirabilis_gyrA_106_Q->L	1	0.0122	0.0122		0	0.2127659574468085
Prevotella_melaninogenica	gyrA	110	Prevotella_melaninogenica_gyrA_110_Q->R	1	0.0714	0.0714	0.0	0	0.2127659574468085
Prevotella_melaninogenica	gyrA	86	Prevotella_melaninogenica_gyrA_86_D->G	1	0.0037	0.0037	0.0	0	0.2127659574468085
Pseudomonas_aeruginosa	gyrA	87	Pseudomonas_aeruginosa_gyrA_87_D->E	1	0.0204	0.0204		0	0.2127659574468085
Pseudomonas_aeruginosa	gyrA	84	Pseudomonas_aeruginosa_gyrA_84_A->P	1	0.0137	0.0137		0	0.2127659574468085
Pseudomonas_aeruginosa	gyrA	81	Pseudomonas_aeruginosa_gyrA_81_G->V	1	0.0055	0.0055		0	0.2127659574468085
Pseudomonas_aeruginosa	gyrA	81	Pseudomonas_aeruginosa_gyrA_81_G->D	1	0.0145	0.0145		0	0.2127659574468085
Pseudomonas_aeruginosa	gyrA	67	Pseudomonas_aeruginosa_gyrA_67_A->S	1	0.0183	0.0183		0	0.2127659574468085
Mycobacterium_tuberculosis	gyrB	670	Mycobacterium_tuberculosis_gyrB_670_V->D	1	0.0294	0.0294	0.0	0	0.2127659574468085
Salmonella_enterica	gyrA	87	Salmonella_enterica_gyrA_87_D->R	1	0.0017	0.0017		0	0.2127659574468085
Salmonella_enterica	gyrA	87	Salmonella_enterica_gyrA_87_D->Q	1	0.0012	0.0012		0	0.2127659574468085
Enterobacter_cloacae	parE	470	Enterobacter_cloacae_parE_470_I->M	1	0.0074	0.0074	0.0	0	0.2127659574468085
Enterobacter_cloacae	parE	464	Enterobacter_cloacae_parE_464_I->S	1	0.0028	0.0028	0.0	0	0.2127659574468085
Enterobacter_cloacae	parE	464	Enterobacter_cloacae_parE_464_I->M	1	0.0026	0.0026	0.0	0	0.2127659574468085
Enterobacter_cloacae	parE	464	Enterobacter_cloacae_parE_464_I->L	1	0.0048	0.0048		0	0.2127659574468085
Enterobacter_cloacae	parE	464	Enterobacter_cloacae_parE_464_I->H	1	0.0015	0.0015	0.0	0	0.2127659574468085
Salmonella_enterica	gyrA	119	Salmonella_enterica_gyrA_119_A->N	1	0.0037	0.0037	0.0	0	0.2127659574468085
Salmonella_enterica	gyrA	119	Salmonella_enterica_gyrA_119_A->G	1	0.0041	0.0041	0.0	0	0.2127659574468085
Salmonella_enterica	gyrA	119	Salmonella_enterica_gyrA_119_A->D	1	0.004	0.004		0	0.2127659574468085
Enterococcus_faecalis	gyrA	87	Enterococcus_faecalis_gyrA_87_E->S	1	0.0033	0.0033		0	0.2127659574468085
Enterococcus_faecalis	gyrA	87	Enterococcus_faecalis_gyrA_87_E->Q	1	0.0007	0.0007		0	0.2127659574468085
Granulicatella_adiacens	parE	434	Granulicatella_adiacens_parE_434_G->R	1	0.0041	0.0041	0.0	0	0.2127659574468085
Enterococcus_faecalis	gyrA	83	Enterococcus_faecalis_gyrA_83_S->F	1	0.0482	0.0482	0.0	0	0.2127659574468085
Enterococcus_faecium	gyrA	87	Enterococcus_faecium_gyrA_87_E->D	1	0.0833	0.0833		0	0.2127659574468085
Enterobacter_hormaechei	parE	529	Enterobacter_hormaechei_parE_529_I->S	1	0.0058	0.0058		0	0.2127659574468085
Enterobacter_hormaechei	parE	529	Enterobacter_hormaechei_parE_529_I->H	1	0.0013	0.0013		0	0.2127659574468085
Pseudomonas_aeruginosa	parE	528	Pseudomonas_aeruginosa_parE_528_I->S	1	0.0112	0.0112		0	0.2127659574468085
Enterococcus_faecium	gyrA	83	Enterococcus_faecium_gyrA_83_S->I	1	0.0024	0.0024		0	0.2127659574468085
Enterococcus_faecalis	parC	84	Enterococcus_faecalis_parC_84_E->K	1	0.0043	0.0043	0.0	0	0.2127659574468085
Enterococcus_faecalis	parC	84	Enterococcus_faecalis_parC_84_E->C	1	0.0048	0.0048		0	0.2127659574468085
Haemophilus_influenzae	gyrA	88	Haemophilus_influenzae_gyrA_88_D->I	1	0.0035	0.0035		0	0.2127659574468085
Haemophilus_influenzae	gyrA	88	Haemophilus_influenzae_gyrA_88_D->N	1	0.0172	0.0172	0.0	0	0.2127659574468085
Enterococcus_faecalis	gyrA	87	Enterococcus_faecalis_gyrA_87_E->V	1	0.0046	0.0046		0	0.2127659574468085
Rothia_dentocariosa	gyrA	130	Rothia_dentocariosa_gyrA_130_Q->A	1	0.0303	0.0303		0	0.2127659574468085
Roseburia_intestinalis	gyrA	84	Roseburia_intestinalis_gyrA_84_S->L	1	1.0	1.0		1	0.2127659574468085
Roseburia_hominis	gyrA	84	Roseburia_hominis_gyrA_84_S->L	1	1.0	1.0		1	0.2127659574468085
Veillonella_parvula	gyrA	86	Veillonella_parvula_gyrA_86_S->I	1	0.0022	0.0022	0.0	0	0.2127659574468085
Enterococcus_faecium	gyrA	87	Enterococcus_faecium_gyrA_87_E->L	1	0.25	0.25		0	0.2127659574468085
Enterococcus_faecium	gyrA	87	Enterococcus_faecium_gyrA_87_E->G	1	0.2	0.2		0	0.2127659574468085
Enterococcus_faecalis	gyrA	83	Enterococcus_faecalis_gyrA_83_S->C	1	0.0044	0.0044		0	0.2127659574468085
