Feature,p_value,R2,Significant
SampleType,0.001,0.9729765119028005,Yes
Location,0.001,0.9508594499429461,Yes
GestationCohort,0.001,0.7453561080259419,Yes
SampleCollectionWeek,0.001,0.9319032701327302,Yes
PostNatalAbxCohort,0.001,0.8559653982088172,Yes
AnyMilk,0.001,0.7554217367801949,Yes
PICC,0.001,0.7719286243463277,Yes
UVC,0.001,0.7329487819521407,Yes
MaternalAntibiotics,0.002,0.7740375457952923,Yes
BSI_30D,0.002,0.6271056126776668,Yes
NEC_30D,0.471,0.4786846999895913,No
