Call: rda(X = structure(list(PCo1 = c(0.106377737755338, 0.29737905090904,
-0.28131708415018, 0.254215817056036, -0.394428385146275,
0.235490617431504, 0.22486259348465, 0.313741729076415,
-0.0605460811927428, -0.429882648999607, -0.284292979803924,
0.318873202263092, 0.245856151756995, 0.0131864561352672,
-0.552838008765128, 0.251602350615322, 0.275034178139129,
-0.223915791321398, 0.229510322434158, -0.409416043388088,
0.14101677747693, 0.127926290924649, 0.269874597561475, 0.309557640703642,
-0.276929033504366, -0.41432929534167, -0.0610408019890742,
0.00594263869038814, -0.335922113202445, -0.16528762770194,
-0.022843513203309, -0.297821477762901, 0.275389888754658,
0.00808979131196865, -0.139665659305869, 0.168720778755003,
-0.0874556108098754, 0.183620373747092, 0.298916751779208,
-0.17330162414578, 0.243022126603269, 0.253112209271249, 0.225241289942286,
-0.00974726293461081, 0.168476999114379, -0.453848012291928,
-0.0829628439548798, 0.213742146091608, 0.290087304388837,
-0.016827509855904, 0.287491001094535, -0.418522087425336,
-0.0452084204148703, 0.143692268170624, 0.286168818349696,
-0.292164894037407, 0.320532572298365, -0.215301249615374,
-0.453404038537334, 0.0402311403557066, -0.0315249218997492,
0.170616989982916, -0.113972755227994, -0.495714887042355,
-0.0585946570871203, -0.196184638998287, -0.52580726522444,
0.178062905735195, 0.322733566048645, 0.202602069005407, 0.176638935928529,
0.122775924738424, 0.260965569637333, 0.255961963944944, 0.216011763719902,
0.102335079516667, -0.539008422952444, 0.0865658066669003,
-0.159107087038943, 0.233138866012881, -0.330924831651591,
0.281141081305791, 0.242925249977432, -0.0788162212476314,
-0.104551711412028, -0.119789850588397, -0.341209109250139,
-0.265692303504062, -0.0168410180394775, -0.548857157499078,
-0.511447326353686, 0.237340546085748, 0.014398429962016,
-0.515917477616239, 0.208117109210979, 0.225962174133681,
0.225701066160074, 0.314100275685523, 0.174657479574414, 0.191233329773653,
0.143515985753303, -0.412353391424045, 0.228576690738104,
0.221639145686746, -0.102687471278434, -0.513235862065427,
0.266925160873188, -0.0674838375110589, -0.0168811406212429,
-0.55093548608175, 0.25028168622461, -0.0479627389682127,
0.108728671264879, -0.051556489885764, 0.285405325950348,
-0.522378125019718, -0.447600824881912, -0.495403302839868,
-0.132058426753178, -0.534263618794502, 0.264522272603597,
0.227393976174424, 0.26767919038891, 0.363407744406394, -0.357869073744615,
-0.173680274953206, 0.334974637323589, 0.284331909426611,
-0.277930003855772, 0.259498852819596, 0.167889473433575,
-0.529246048742725, -0.377039531885216, -0.135064488085278,
0.118004228751834, 0.193805915932255, 0.312102153536009, -0.14413479965952,
-0.525106292954803, -0.449797198036372, -0.559763270000235,
-0.398872780230381, 0.0680336534485541, -0.427886359251912,
0.240657214848267, -0.458529380819412, -0.531031993953977,
0.215157378041827, 0.291959550098624, 0.189291331989536, 0.123803872966114,
0.273191957854593, 0.192802614724487, 0.30426571673841, -0.127507159857975,
-0.51202534047065, -0.0517445419308644, 0.200990400947194,
0.0591366242778836, 0.233300469127394, -0.377128746659595,
-0.157581753999419, 0.353621913261466, -0.134312354691606,
0.253774869426814, 0.299942044465752, -0.00742464385687716,
-0.234944102719609, 0.28428178488272, -0.00640424070749122,
0.108825646744618, 0.256715289450176, -0.0907695188081978,
-0.543642627818979, 0.346353148396371, 0.222561063005129,
0.244938995379108, -0.142286789289277, -0.267518854414109,
0.286649439992765, 0.21813457781821, 0.0189190093854877, 0.282081218689124,
0.229134631130907, -0.283582259316623, 0.0436302409782232,
-0.497876540240939, -0.546674326853934, -0.460649601831246,
-0.100552860344414, 0.0570004920370908, 0.197560464235791,
0.270037237180091, 0.24596184390876, -0.539479325402298,
-0.203574543329761, -0.410759905900347, 0.0551038194322287,
0.124467691073622, -0.42819679784299, -0.445696236599543,
0.0640304228774088, -0.521684498974381, 0.0328253581066968,
0.0362233648256506, 0.248173482937292, 0.179770264717837,
0.256401056841293, 0.202848351693593, -0.0284201551665412,
-0.308312552468978, -0.552153995064044, 0.266359548685166,
-0.541723566165462, -0.0851727565416779, -0.471008953368658,
0.303449495461795, 0.2387790685869, 0.105539037474964, -0.369780569952801,
0.106631820054825, 0.240185393121212, 0.23515537552059, -0.431608411336447,
-0.433866250512351, 0.357007048338258, -0.569514872868046,
0.30120626313438, 0.187181506491594, 0.246359413769694,
-0.0450933154670632, -0.381564122154934, -0.491219210423364,
-0.105370733151241, -0.28221078392623, 0.299769400754846,
0.311141461076702, -0.480022728875006, 0.184635441887975,
0.222044933898318, 0.259404055104816, 0.267233299820339, 0.137168400570314,
0.171917806512932, 0.167000517672259, 0.266170028605466,
-0.368514310809016, -0.442158453604755, -0.498722391812464,
-0.558045981216326, 0.309244077917618, -0.355235553156022,
-0.159949264265288, 0.0656621597631995, -0.46677543132504,
0.30336843709607, 0.149508900421874, 0.216257593852678, 0.173285075848452,
-0.482216127103394, 0.233435016159087, -0.351385774804734,
0.158895531803618, 0.0498470209718201, 0.235370725591502,
0.0348076490411961, -0.136629893369246, 0.241008471304379,
0.264018901442849, -0.532601572155566, 0.316657708330067,
-0.194736859253861, 0.128192904314183, 0.212031454028115,
-0.121474539604342, 0.262973815560173, -0.329271340208599,
-0.198675469346171, -0.407195000991719, -0.0723206489727746,
0.236632035338641, 0.173155636469143, 0.229824756456452,
0.00152171448440358, 0.00704363432152908, -0.450271711153809,
0.302801267812315, -0.154111653020089, -0.525536517958197,
0.197700791015292, -0.303988323035017, -0.131600874549151,
0.306844462270491, -0.0383432329836692, 0.294416905296107,
0.203822683742657, 0.209724386400961, -0.443212709602035,
0.236657079552006, 0.296407528642082, 0.165142144608964, 0.210342771935038,
0.130412605654598, -0.195399227693661, 0.00378625752578639,
0.295488294195958, 0.293261634440442, 0.217170168407958, 0.118428627919788,
-0.312048311673828, -0.577041931222157, 0.330899017734163,
0.282678987500174, 0.328427893493355, 0.282786556222863, 0.201899043308298,
0.321028280837001, 0.312944845003135, -0.104953306172272,
0.317257867923765, -0.536818162500486, -0.387360671080639,
0.255194528216329, -0.0440852584734607, 0.221745553098442,
0.230482748806933, 0.331868159065044, 0.319556159932931, 0.231316246230718,
-0.263568562693913, 0.182348896955961, -0.330544076111135,
0.275275238979057, 0.129237388404075, -0.373414419863495,
-0.23008364729406, 0.311155909529168, 0.233050020611961,
-0.529615083684973, -0.161825232438454, 0.187211530946471,
-0.447018457711201, 0.216460192742274, 0.320661294278198,
0.205420741087124, -0.359535680012648, -0.554428946683226,
0.060145816785321, 0.260841021185516, 0.0807606659418903,
0.267098989926441, 0.317819682851268, 0.343596034710631,
-0.112769984657577, 0.223623533818669, 0.0373332188880953,
0.0973514294134577, 0.146788072632901, -0.468555755178313,
0.168070745137359, 0.251593836008005, 0.0375194608244075,
-0.134445663416351, 0.156524473176181, 0.158845049944149,
0.295441832666977, 0.278402551855313, 0.31388396258824, 0.310154870735436,
0.287082915305907, -0.218870965863376, -0.546113514035786,
0.310058493124777, -0.523212025003794, -0.412424014498374,
0.264849196006813, -0.557963886805464, 0.204988786003213, 0.26501260141438,
0.149378800221753, 0.247852385301804, -0.414168456830018,
-0.533309575581332, -0.487157315746594, 0.121588345915028,
0.210736547306511, 0.080361486864817, 0.193189415664023,
0.0501673344781828, -0.52181653806149, -0.291742595426263,
0.186870952972176, -0.400873242957441, 0.28488112993176,
-0.125571801258859, -0.559464936928547, -0.505200035701611,
0.0757746056362628, 0.176704546998879, 0.238648990477728,
-0.352971451449662, 0.177013802678424, 0.175912531679546,
0.323906653358173, 0.196319614072128, -0.317400427893069,
0.196936737131233, -0.469889011769988, -0.321419780525073,
-0.149794219534429, 0.314298466811449, -0.26137274801665,
0.267666384787743, 0.097952378599451, 0.299363610425972, 0.125900421093523,
-0.122411670729322, 0.203175587958348, 0.250707046895787,
0.319235891411665, 0.0953659726607004, -0.142299142298351,
0.0010243885594372, 0.14270084622393, 0.254506963535374, 0.262635988792333,
0.288792649422806, 0.265160002355724, -0.209145561454663,
0.363757846008756, 0.0154310255311332, 0.101776116711624,
0.304974555553659, -0.105324758909984, -0.413689813610054,
0.149789155748888, 0.0794622179383424, 0.2272998837415, 0.327719829666551,
-0.511960738307729, -0.0440255850184049, 0.288916919878001,
0.297847622378115, -0.0322331075994422, 0.0874686007986154,
0.289995246088395, 0.247925623181757, 0.231799742230833,
-0.315661249851519, 0.335933917142706, -0.0901272975572129,
0.29667536708776, 0.100890534652967, -0.382358713193253, 0.24359780809955,
-0.539020476844865, 0.136381708245292, -0.528964944134995,
0.266058127313216, 0.188653635156075, -0.37654537582467, 0.354745442756384,
0.249476095911484, 0.223398436084406, -0.559725995610197,
0.335821670206698, 0.10356123189524, 0.17523845013304, -0.105420009180834,
0.207782058501921, -0.475303687195896, 0.128560135295262,
-0.439296189329226, 0.145972287074342, 0.0694821392603451,
0.124235171669735, 0.0516339237418606, -0.546859267029053,
0.140647932513613, -0.396156365041279, -0.233077815842137,
0.274394555018898, 0.328778809523856, -0.203262995726766,
0.0954946117541733, 0.134760903318797, 0.025179878303961,
-0.483080975492085, 0.0380487481634893, -0.150601562410049,
0.232463310886756, -0.532998708878778, -0.414273471073122,
-0.457637609399219, 0.0228132379695748, 0.162267156687701,
0.315362568580978, 0.239939829935151, 0.196193434560303,
0.0866660617701466, 0.0125467872206698, 0.155728840997046,
0.175672694999163, -0.461030789352441, 0.187533480575814, 0.24373935305499,
0.287728672808748, 0.246641027139589, -0.0567613382264288,
-0.529094956032504, 0.261412708512218, -0.103770242930332,
-0.0945044542622414, 0.139245029188481, -0.556117037485656,
0.251286903859244, 0.178483093321378, -0.53680962036613, 0.297382927020706,
0.133160591637866, 0.151829822083825, 0.209301276483519, 0.08128868279343,
0.226489864470921, 0.140886302324456, 0.0311802635447927,
-0.196319449056811, 0.303520662199007, 0.214776296963945,
-0.252644490730909, -0.24192008722225, 0.14082031497359, 0.287223442004821,
0.340053493525751, -0.278496556913194, 0.272816780504567 ), PCo2 =
c(-0.405257322653607, -0.216190209751019, -0.0114644749175046,
-0.400553483271566, 0.0145483998431082, -0.279466368158937,
-0.436956629894424, -0.00676128190545113, 0.344861661517931,
0.040467250270931, 0.0684936681135676, -0.425348659113113,
0.087168613639345, 0.183175321751503, -0.116036780207036,
-0.13725905934617, -0.429607817310617, 0.120244742100341,
-0.257436630859301, -0.0228989636382178, 0.117757419316496,
0.114525815866622, -0.366087285930274, -0.153678571794183,
0.0767714242091444, 0.0431348752185992, 0.0991728370241756,
0.0514280281207198, 0.113665062267758, 0.0254852935602982,
0.239517974185162, 0.0404477055231807, 0.0688754299874156,
0.21346380643432, 0.267073701507069, -0.21097524992905, -0.34227346851659,
-0.164718160213803, 0.027838916977524, 0.0414357194864971,
-0.20588845455387, 0.224899725621602, 0.194286052177912,
0.0794517081505388, -0.218098550286331, -0.0555218154239464,
-0.294125851279628, 0.31929130406514, -0.400331354592143,
0.216794134612705, -0.362522944598349, -0.00789721583836915,
0.269633499428494, -0.319259997390341, -0.180084813246488,
0.0822538161484672, -0.192864072865188, -0.240992150883861,
-0.00628680597776477, -0.0271934732987979, 0.041384170454571,
0.197950620510392, 0.21476192122869, -0.0932245690902198,
-0.291903963407006, -0.0591698821684527, -0.0594484063707345,
0.311050817018662, -0.148481400030409, -0.0821790724798469,
-0.21034915223229, 0.233416642160347, 0.0603248441397984, -0.3563989448611,
0.170931904338717, 0.0330320578352011, -0.075999494225346,
-0.0353887561896993, -0.309243448377995, -0.299892557985196,
0.148108893863379, -0.171432623780721, 0.168291676172266,
-0.338065994754629, 0.347732542126982, 0.120431597223073,
0.0487609326364023, 0.149489620597786, 0.389308764435995,
-0.0774420522634501, -0.0619443543392688, -0.390147902874634,
0.186034589384735, -0.0305543731167667, 0.279911615700275,
-0.0161678836102395, 0.302531940202119, -0.0466394856298816,
0.211195397978171, -0.217721358460496, 0.0230884077525595,
-0.171865734368718, 0.0813608511989812, 0.113601262114157,
-0.423116166117163, -0.125411539858995, 0.00426433089167814,
-0.249551359902884, 0.234274343433496, -0.11158395461489,
0.127394367480717, -0.366161849111341, 0.201270239091609,
-0.108346283122157, -0.24054352709594, -0.0508108977807709,
-0.0280374752696524, -0.0793790778790619, 0.0876245448604532,
-0.0743865075925732, -0.0210401005167827, -0.194771554302512,
-0.108164073755611, -0.0824707083361327, 0.110806161292331,
0.0180988140251796, -0.00490232522022363, 0.0229012014031412,
0.0570404381957125, 0.162667978245492, -0.0749712874001532,
-0.0667168380078042, -0.00221514004015655, -0.340936101458481,
0.346679400785973, 0.243623885412518, -0.377015834405567,
-0.0618762620624461, -0.108476555094285, 0.0128130727658025,
-0.0975934578823495, -0.0214342833143313, 0.434329293300884,
-0.0153676557370941, 0.260946479500416, 0.0167423900445133,
-0.0691283901118422, 0.257856229006423, -0.179549585614206,
-0.0733077867044275, 0.245229851326862, 0.178526682313817,
0.312064081881785, 0.142000380684773, -0.409903187266232,
-0.0548256297202576, 0.0122188578013962, 0.310470200140693,
0.225798217394274, 0.00722583587911106, 0.070628916222065,
0.329988773277572, -0.11596033245348, 0.0837857865956702,
-0.279267559701945, 0.0712923367038123, -0.0778497151399768,
0.175711557232174, -0.326368537285958, 0.316968005955761,
0.225134651374909, -0.464635311224692, 0.0600544129271538,
-0.0815342917263369, -0.0742920608701671, -0.153002168731502,
-0.064027709966813, 0.108470657730667, -0.136252550251542,
0.154846693431202, 0.205127100976766, -0.166142295208162,
0.0479651119769929, 0.267240670009509, -0.0558395854789362,
0.289534845160606, -0.0976586459017225, -0.090156136456194,
-0.0554825049421348, 0.307696026405756, 0.0240170184078252,
0.118384321043589, -0.398036129589932, -0.126068344081658,
-0.0807126960735415, -0.0591025917335395, 0.0154146795835788,
0.0991624994347579, 0.145290737588691, -0.012725296351335,
0.00811458879051649, 0.267491404893366, -0.0742724609476314,
0.0417564368783971, 0.299282507033957, -0.412810381614921,
-0.02920739502724, 0.215483691776059, -0.0326109805452929,
-0.3356451901917, -0.064535396245551, -0.100781855869349,
0.270954146861027, -0.0653689019203948, 0.286245680658323,
0.00422246087591547, 0.208711206294162, 0.147042430261355,
0.239716306494258, 0.0681250506298901, 0.289282333880724,
0.238045489754529, 0.251011100849642, 0.0216729546477186,
-0.0105948048223911, -0.256105180128928, -0.110526646846401,
-0.339995715168606, 0.415866332175139, 0.237396818947657,
0.0288259106452357, 0.0145988372566918, -0.0855535028283782,
0.00614027610677988, -0.0617350939544423, -0.28837181039559,
-0.212375274774195, -0.0596994618685218, 0.334787296640473,
-0.336108552343494, -0.247285623409113, -0.0236923932973076,
0.174374096871707, -0.0313157749904682, 0.379888462163077,
-0.351011311213919, 0.0828254818935459, 0.00419409204729281,
-0.122207254939443, -0.121233440081584, 0.0184021859425237,
-0.0753920979734868, -0.173610027549111, 0.218812909226317,
-0.173173148072431, -0.103325792908463, 0.245742768629827,
-0.0532337549720213, 0.123476704468403, -0.0713412062463176,
0.239629335216454, 0.0509432109870101, -0.0802301910016326,
0.0807098422624791, -0.337142294105558, 0.15586408675484,
-0.335944867163138, 0.117406655133834, -0.172642408022932,
-0.0742513334912631, -0.13538821009413, 0.245282470397767,
0.243681392497372, 0.0626912360039542, -0.0782428396911249,
-0.432056379227525, 0.103188629494036, 0.0506941065419927,
0.0267843276388496, 0.379722086505196, 0.25134847766793, 0.237169425046748,
-0.287071967732651, -0.150051062385788, -0.0250581160295027,
-0.0160173539308782, -0.420639855161409, 0.185232377381336,
-0.0500024600315414, -0.369031336121881, -0.279921434541292,
-0.213605485474061, -0.0778235150232134, -0.016600328172794,
-0.263224173036406, 0.37473775581205, 0.344262736937813,
-0.0319429808232785, -0.0369453747489055, -0.411449456194934,
-0.0797067526924422, 0.278888722826783, 0.373725109254967,
-0.12781657988771, 0.325487664930387, -0.228801907221915,
0.141038714778632, -0.22818690166081, 0.392448870932771,
-0.137039066795668, -0.111679461974649, -0.338474786010079,
-0.0628639382727433, -0.159359349671279, -0.23228589935233,
0.316663552875836, 0.0412369704070053, 0.131717040989796,
-0.309986447299502, 0.0386926823329437, -0.0838618815107678,
-0.00512138029197808, -0.270711962977996, -0.0270740789142832,
0.170841794656882, -0.100868777855794, -0.293798241444466,
-0.46854055003614, -0.17714964786529, 0.0119573686450532,
0.403386310183495, -0.231934302370389, -0.224584891394773,
-0.122631523570538, -0.0839616667649099, 0.142876396577046,
-0.15194949960976, -0.246582777621723, -0.105025133866956,
-0.022685846221392, 0.296907475632128, 0.0162862046282722,
0.240150399734493, 0.0930975204247956, -0.117413738748038,
0.112814205336743, -0.0856950258403041, 0.134328316176428,
-0.215048392683991, -0.215892094656016, 0.0417733000478578,
-0.0766454906119725, -0.156352859245639, 0.296596434920687,
-0.270480901068679, 0.264239205220833, 0.0844692414055689,
0.0591207960872387, 0.00437261865434155, -0.183589102588481,
0.186068461157677, 0.0867431180644121, 0.00985292572312087,
0.437047069371406, 0.142718671021663, -0.292072696370608,
0.118711864792951, 0.152503227645711, -0.137591160535807,
-0.30915715959064, -0.0552028619444946, -0.0842812114404205,
0.0638456725545259, -0.0450718883642888, 0.00909032611471026,
0.0924169310399079, -0.110229950929032, 0.185085980233644,
-0.00265591039640599, -4.4729323815929e-05, 0.13345350987237,
0.015749733393589, -0.0687167235968543, -0.0539744285612523,
0.0362119750931069, 0.222446264778065, 0.230811583678827,
0.339422782798019, 0.212365466011349, -0.0904948201633572,
-0.13413801530286, -0.0249429424083511, 0.0428246202744951,
0.0200204018348153, 0.127668001675729, -0.0924568046758372,
-0.0439195995798846, -0.0744150518085574, 0.160513123919101,
0.166598825772793, 0.0441610636458166, 0.30109479274881, 0.264516096753004,
-0.341671442831319, -0.0937627233106179, 0.065235500691941,
0.302198911036372, -0.0551622554346534, 0.0746219693966284,
0.259908524629763, 0.110178698866668, -0.103148398513974,
0.0104679150919729, -0.150450157642923, 0.140665056645893,
-0.246040625344112, 0.0441930797629563, 0.0831420913307061,
-0.377917086348693, -0.252160412739342, 0.0707632117695541,
0.238208617988185, 0.244685497758868, -0.209929928367346,
-0.457244888005453, -0.113887972666601, 0.0980211993301062,
-0.222489239004464, -0.0998290048943584, -0.00192509405103653,
0.00786773588905828, -0.0316453990708788, -0.405361535568649,
-0.061763291018677, 0.037406018009664, 0.334904108168834,
0.323581603886482, -0.0194150801395272, -0.243606203270841,
-0.0817783124204357, 0.130256227272507, 0.181289587878555,
-0.31907935864885, 0.2735254847433, 0.2421429669561, -0.176533279624259,
0.13948528754769, -0.00160662218724698, -0.136569186584593,
-0.0413697302961964, 0.204318782462867, -0.312747781412362,
-0.03449480918966, -0.014246737985178, 0.0936917571694977,
-0.108496044382064, -0.0231616411888984, -0.0883673611130938,
-0.438464393085752, 0.285863113012947, -0.0629394340990837,
-0.21506297775199, -0.34290318646874, -0.204500293039997,
-0.0980201106181862, 0.128541410151587, -0.119583877632725,
0.221208517665327, 0.113367334952652, 0.0554956640037365,
-0.159821542746574, 0.28357172440056, 0.00501753510328778,
0.411961654104777, -0.0581165164664624, 0.305210174859442,
0.142521935299528, -0.109046823294851, 0.272589003651967,
-0.0350015667839228, 0.104876857981051, -0.059524317089176,
-0.0655999161120538, 0.249029690324752, 0.203158837262083,
0.234889679931894, 0.241074976018832, -0.0456633906046256,
0.183476100693722, 0.0622280064129378, -0.207207383151064,
-0.122686877582327, 0.0232183867881138, -0.0168396977608929,
0.256162237280453, -0.0359777260181781, 0.0921687070028355,
-0.0545822995281524, -0.206441471365032, 0.0640712373826668,
0.100690390988597, 0.34986480428345, 0.345848153329548, -0.053674313379023,
-0.147272988420198, -0.123234676318287, -0.0208484164946909,
0.194257608528515, 0.302174566310802, -0.0688604159578373,
-0.212586372305596, 0.0966289784126529, 0.225339771420039,
0.184803483960146, -0.0972726709233849, -0.113438851332615,
0.326917841629302, -0.126267379091753, 0.107002880283891,
0.346749495457984, 0.407000955261215, 0.329284842864892, 0.248053256474408,
-0.0606874626935824, 0.408706763236302, 0.158425827416658,
0.13361624961993, -0.454519199597621, 0.246948110068281,
0.00693570704312459, 0.172797787533078, -0.274801347110734,
-0.161521078582122, -0.144930444388312, 0.0300825345163662,
-0.23779633138602), PCo3 = c(-0.0670591642702775, 0.097002492681133,
0.0673029127036866, 0.0171256055597818, -0.0816949876785821,
0.0072583385248897, -0.00627486683469954, -0.243696411890177,
-0.216285703476208, 0.118276688821345, 0.208896333343661,
-0.0151446126964257, 0.184055987023201, 0.233627731203193,
-0.0862710817303743, 0.0491593238277545, -0.000529095961005531,
0.200468492807998, -0.098973598832938, 0.0300810927812229,
0.0774452838147974, 0.294144524519334, 0.00216849286163003,
0.101704889398725, -0.070234991653837, -0.295879840301092,
0.298539049227668, 0.315233278513268, -0.122187733673629,
0.0722030792888499, 0.417990803760408, 0.0727639533512125,
-0.138280380458252, 0.486126335533094, -0.255397488701692,
0.129897259415907, -0.0769206150799208, 0.157726557442144,
0.0754913651564979, 0.190444103100957, 0.0513480784580063,
-0.165554112252904, -0.25297511252078, 0.339288796722237,
0.106113038022421, -0.0147571277579176, -0.159530305293497,
-0.0244873512349175, -0.0351821193954908, 0.44299312410973,
-0.0492900206421009, -0.0468054933544457, -0.0981920022161222,
0.0158088675465981, 0.0507704736214992, 0.214702155009285,
0.0290950338947508, -0.0490484167014197, 0.00945890799131508,
-0.0916256140712043, 0.202145714401204, -0.157226363824458,
-0.196977503405635, -0.0864797139571762, -0.0868526079660238,
0.0952755253165658, -0.0574617325736907, -0.101837000063297,
-0.244744079001026, -0.0169717227832052, 0.112266095185722,
0.205498856181769, 0.0592906320909649, 0.0522844687102878,
0.0827053020308463, -0.000491861192433636, -0.0956612935141256,
0.165218717259055, -0.0345206523014397, -0.000582790675480974,
-0.18923985595146, -0.00374276182136622, -0.287988882036958,
-0.0729986953132428, -0.0551655467291969, -0.176962678661971,
0.204792270041343, 0.270001369108939, -0.192188095742406,
-0.0760011351735213, -0.0439038524417205, -0.0557359630484462,
0.442094365418866, -0.0090090492008392, -0.0703879320784738,
0.234234740013379, -0.108460936661605, -0.218036249496203,
-0.0905844019115073, -0.227852405456864, 0.353855618097901,
-0.0979543127107552, -0.2228926780988, 0.00331625614419147,
-0.120432600773073, -0.09647928281502, -0.11621443036333,
-0.0175464473692329, 0.419426829188647, -0.0862977254511536,
0.117399770999947, -0.0267042534842046, -0.23753900511955,
-0.0922267305129919, 0.0848447589566889, -0.00947601733269233,
-0.0267063076135117, -0.0391772357733383, 0.287608635018007,
-0.00665289736781453, 0.0398748288683885, 0.113962587234133,
0.239977394771521, -0.0789437378583686, 0.154576858868428,
-0.259945786923852, -0.255568464980265, -0.190334933500074,
0.12133580135251, -0.111606318642861, 0.111869809801728,
-0.0381968212342917, -0.0667177256515591, -0.130303609533344,
-0.197737418850505, -0.141870238814833, 0.00174371572368372,
-0.0612422769956908, -0.0716099652635463, 0.0199339856668631,
-0.085133086616273, 0.0522956762948632, 0.024945904843461,
-0.163361404439758, -0.00784376988002474, 0.047131249271947,
-0.0598194198180115, -0.203765365500493, 0.187845567993967,
-0.0419843173395921, -0.209217324265035, -0.0689383528954685,
0.0191307176656389, -0.14938122556404, -0.115138055660295,
-0.0382203012187077, 0.236404536781886, 0.0194416172338408,
0.383302007424605, -0.0990786003417907, 0.0806786416355747,
-0.216884136879581, -0.232764614897883, 0.297610603476793,
0.0339991820345493, -0.177980818804447, -0.157012532587694,
-0.377493633743273, 0.0574815263313983, -0.103288923000156,
0.0944340339865034, -0.0351573448336559, 0.184268579283734,
-0.0622047910082307, -0.0674417474114955, 0.0652929664211599,
0.185750524376169, 0.274142962877012, -0.000289086800137632,
-0.0731954088930064, -0.217840082568615, 0.0138569713520323,
-0.228767325081467, -0.0117170588898718, 0.0742072938571002,
-0.155705833328007, -0.0673762959006702, -0.0860986113367953,
0.0281085024294778, -0.121861802997569, 0.149200651402681,
-0.154190879887888, 0.023221902948478, 0.268145336864125,
-0.0761279879740115, 0.0015788111685284, 0.0764565816560737,
0.250162272172677, 0.378755716226098, 0.00833508702994371,
0.0259424107832528, 0.27844423775234, -0.0939280359794877,
-0.0595035423300232, 0.101165515762711, 0.0403082417974523,
0.0734875020202285, 0.0156590012001239, 0.329824113312969,
-0.0742987733963607, 0.0551520450142832, -0.0856068939704203,
-0.0519151022124135, -0.0306591891124249, 0.0233729495383998,
-0.0129019674353258, -0.100914774276188, 0.164144566123824,
-0.111551702123771, -0.202965785869865, 0.151959706689354,
-0.0533869810338522, 0.0204219968214631, 0.0403984410854421,
0.0197225568823036, -0.211260759483998, -0.0862603665738525,
-0.0440393920970663, -0.0719483722428956, 0.00181615521280207,
0.164695604708113, 0.0567598469614279, -0.0494300178874304,
0.0335732380423313, 0.170990754337147, 0.0624900938779835,
-0.108192083390565, -0.103275923638958, -0.239938535101256,
0.0743699319823904, 0.10206924469191, 0.0207202108982568,
0.247759649030005, 0.197496734873017, -0.11829965381497,
0.0277702171996219, 0.134782676992521, 0.0238623430384196,
-0.094302310467652, -0.0904420383197821, -0.235195615755412,
0.0162672867830807, -0.0216918053574831, 0.434558137077997,
-0.118044125331611, 0.102378637617495, 0.184469853394913,
-0.291157574425564, -0.337316502396758, -0.0702128051017467,
-0.219022380320424, 0.0980935288226195, 0.230309510637134,
0.08408966145462, 0.0147097852932638, -0.158429992402252,
-0.122863434992708, -0.24682010844044, 0.0799064566463652,
-0.0778531260004525, 0.200426819152495, -0.131466108796573,
0.246654165446229, 0.0259177736591436, 0.0787854376290986,
-0.00755202634129115, 0.168828733800583, 0.046833596579962,
0.0833033526551949, -0.102627116481028, -0.127701111784955,
-0.0298495355378624, 0.0252465937764612, -0.0859037318554804,
0.0604958282507543, 0.0412472760925926, -0.0596153591804729,
-0.033408143090868, -0.0567944511255557, -0.0609187545997221,
-0.108556106351037, -0.0779682774691857, 0.122723127712339,
0.0888293420920296, -0.0300081286879879, -0.118077039495352,
-0.0594167309049197, 0.0304370562260607, 0.227851924481954,
-0.061384466316179, 0.0139000102583854, -0.0963286722542809,
0.00111556265339597, -0.0393927009518863, -0.109616787446835,
0.00447195496168386, -0.170392918581918, 0.00020190696742414,
-0.211123779841566, 0.00999711977659922, -0.105723782289142,
-0.0792122021314399, 0.145489299011415, -0.233877870211563,
0.187888464721058, -0.19558395030941, -0.169636466919473,
-0.0306212107481797, -0.121881409777377, -0.145221160425031,
-0.0672863127142145, 0.036446687108082, 0.0479572893625442,
-0.00055733152776692, -0.0226945608894468, 0.0774616125769442,
0.0683031677531835, -0.0273443051999898, -0.0854715315123261,
-0.0410981756282198, -0.032117060763225, -0.0902797203394202,
-0.0906764089998221, 0.0148113500166916, -0.00588252494308304,
-0.0563581928297561, -0.040663318206802, 0.151476487404012,
-0.109190315047462, 0.121118109398614, -0.0361847060506699,
0.109713044252016, 0.0136743722574112, -0.120892767702185,
-0.0305193660031486, -0.0151576783181314, -0.0917291169736693,
0.307815207996013, 0.159737745761782, -0.132914582563677,
-0.0953302824040212, -0.159983547825466, 0.0284308642243347,
-0.113971614952263, 0.0195147015933857, 0.480321746623664,
0.321133125856244, -0.0696196544600991, 0.0114250033524386,
0.0774546135721287, -0.178656356958696, 0.333332363426689,
0.0824948382100899, -0.10978270987898, -0.0414389494999438,
0.0435065159983264, -0.154040644951292, -0.0878216758902154,
-0.155417993548639, -0.0790238801113998, 0.109399269763263,
-0.0678127698881379, -0.100462705791887, 0.00805948521226203,
0.0721445732790101, -0.0565353734412355, -0.0826865940842339,
0.185140642461068, -0.0500158478715251, -0.0221487305790997,
0.0796807258002308, -0.132616081325172, -0.0457491723920456,
0.000243149273551574, -0.248350945811287, 0.0132633635902979,
-0.131786278173581, -0.132764212814152, 0.450294282277101,
-0.0670842679953181, -0.111805788470576, 0.0131543776081816,
0.0857483003816827, -0.119826987047914, 0.249791327293574,
-0.0786944196936762, -0.0176360775398196, 0.0508623860803281,
0.108831213395551, 0.0815615545337976, 0.000641829577033634,
-0.25470716301857, -0.281892004367142, 0.0710328778992648,
0.177442474365443, 0.150973287402807, -0.131342958494935,
0.0712808963320216, 0.103858732348565, -0.150829131527733,
-0.0173569128670532, 0.0394325604936184, 0.0880909727317042,
-0.0409782810959245, -0.0900959671028525, -0.0440279917848832,
0.0205908742870434, 0.0119448593596773, -0.0228843884274549,
-0.157994240768292, 0.273772839181854, 0.083124207014939,
0.454151169452075, 0.106337598856226, -0.0283371855318207,
0.182612424017445, -0.198185075774828, -0.130572844522432,
0.0187066700169724, -0.141243262811658, 0.114779950826156,
0.26410245527643, -0.0884930705757908, -0.149659706565247,
0.104246944779452, 0.101950992031801, 0.086810455093135, 0.218842034298764,
-0.214889550486459, -0.0635238794635647, 0.351515594156497,
-0.122825895290403, 0.041759766829547, -0.258596009381226,
0.0181913646378115, 0.184557012049079, 0.119912662340494,
0.0779996954391195, -0.042153020379222, -0.256672239591612,
-0.268369662646404, 0.116086575368475, 0.186658905012085,
-0.0115811064842277, 0.211827598945167, -0.0704460427121741,
0.166806174521612, -0.06173128788366, -0.0125050458127364,
-0.130384789376506, -0.0789109115915049, -0.0535191200308674,
-0.0283493968780812, -0.0777712635777232, -0.099794044897414,
-0.102900145946611, 0.125837183694305, -0.0849414573957178,
-0.200140957791674, -0.15773431376606, -0.095585611127405,
-0.187881354228977, 0.0728062582474687, -0.120469084492823,
0.11315161832632, 0.0552240805229347, 0.359734248358034,
-0.102541150384387, -0.259159456543697, -0.139061567925943,
0.239784574009471, 0.278495768697571, -0.125379614418569,
0.0338062627556702, 0.230432628481314, 0.140452068158286,
0.403460193129332, -0.00525239974473255, 0.440421037372512,
-0.0972242538928068, -0.00418874851432626, -0.106395233121834,
0.0217925578947712, 0.0452265364855452, 0.475388735940964,
-0.0174191085137956, -0.222518025055091, 0.140842932904488,
0.0319624941139081, 0.0777296096457513, 0.166863978077613,
-0.248621449702854, 0.000932525566710954, -0.0394111658345757,
0.180174252215312, -0.131024943821125, 0.167444973090744,
-0.0687503780984546, -0.270788800529526, 0.00341973183605626,
0.136047056689986, 0.257671123858563, 0.0738218798852714,
-0.0128354058996263, -0.0401363107437712, -0.139663242607012,
-0.153554798996763, -0.0826471268861121, -0.203344149623512,
-0.063897004232409, -0.172738226140336, -0.15425451125547,
-0.332753827046473, 0.117375358665719, -0.174021400864274,
0.370163704086243, 0.286225465661139, -0.0236663609698241,
-0.344001353222041, 0.125822024414316, -0.092748626670993,
-0.11016765290033, 0.217016244152721, -0.308240280370707,
-0.144503003363821, -0.0461354911375597 ), PCo4 = c(-0.0717548246601546,
-0.0268310673402506, 0.0211795610811264, -0.109009587875781,
-0.0226086071081718, 0.166440430895941, -0.116880802108369,
-0.0556621940319788, -0.211160576377235, -0.0554874799250719,
-0.0128104441307413, -0.023146601975033, -0.179862974719454,
-0.141723624350375, 0.00766017299872928, 0.0315138063176267,
-0.128415690850665, 0.0288990786064751, -0.0391369820015774,
0.0542316887400831, -0.0874063559248672, 0.0715434081457918,
0.0249545522712896, -0.0719022681292765, -0.21699131241455,
0.0886110478767555, -0.0878019025757377, 0.271473917002901,
-0.122697386065572, 0.161693257326232, -0.00385238557309359,
-0.0505584375203793, 0.113417270792769, 0.122639318243473,
-0.0147927951055603, -0.178229577900072, -0.0616394235978853,
-0.0507850184773886, -0.0562303112640119, 0.173035710941979,
0.173490544000114, -0.187893543467482, -0.175937494449002,
-0.00366755455354964, -0.192714503840689, -0.0272033593981838,
0.0206033142213046, -0.217731319269896, 0.0447977890299983,
0.0751110268853072, -0.0420992521127858, 0.0996935145337875,
-0.110916511331306, 0.0265681277728362, -0.0372345802102114,
0.105860025614045, -0.00968098341368358, 0.0320632550471057,
0.000911140863105376, -0.0231971640282439, 0.265361507049617,
0.176385837130923, 0.124228554451777, 0.0745079772992608,
-0.110390193483231, -0.142750117649112, -0.0166132164943547,
0.168272032105422, 0.040295637659239, -0.0451477030504644,
-0.184082761303153, -0.235275721388453, -0.288225359633894,
0.0249147448988219, -0.326806431641167, 0.0614761919112179,
-0.0529907420705395, 0.159839875061126, -0.13354263958448,
0.00676084981171475, -0.137724723934572, -0.0851683671287062,
0.235520648107185, -0.0743399526781585, -0.136865613111033,
0.197436702501096, 0.0913103005283872, -0.0327013219234152,
-0.0545620548916731, -0.0327596059201008, 5.82469562516423e-05,
-0.0421784820081746, 0.21270695593357, -0.0305498489021408,
0.257557629167087, -0.016452611287712, 0.350217870075365,
0.0454661642242971, 0.0429392084942168, 0.0182467980045833,
-0.0156476391597729, -0.0113836463638055, 0.158352857834683,
-0.00829253101593431, -0.177747213107352, -0.0383644122129771,
0.202492499172208, -0.109862747313155, 0.00719144423641563,
0.00477327800009381, -0.305109895077891, -0.0873956169753607,
0.19896597079867, 0.093450105776881, 0.0866010004371113,
-0.0141577041942845, 0.00626927367305239, 0.0463905731104552,
0.067096985333174, -0.00253436114206797, 0.088277436348237,
0.211091492538173, 0.0484242469139164, 0.0945832998514043,
-0.0579057272209686, 0.00390131353680531, 0.135225553795636,
0.127972584016993, 0.0424244827526557, 0.110591956152288,
0.203499019212334, -0.0267069152138988, 0.0647230561681313,
0.0317252616103093, -0.0799421827718642, 0.174155781671677,
-0.0193744084807093, 0.210726689715743, 0.0469873067851419,
-0.0479982007167685, -0.0207879987330168, 0.0623818094438038,
-0.130287009972182, 0.0575190513788004, -0.104472412954073,
-0.0540274308400855, -0.0623324629024184, -0.0489790019051371,
-0.062310703368067, -0.0411346736786449, 0.206870932487608,
0.162288181916927, 0.0356602979989994, 0.00396856428941238,
-0.159838218588515, -0.05884451843353, 0.162525161449611,
-0.0720248690541113, 0.0497652116642137, -0.392449880078865,
-0.0585918694012994, -0.0725682085179675, 0.108386417116017,
0.165976845500455, 0.13080319240435, 0.139465932505056, -0.200960733131853,
0.169668358583393, 0.0923120839992462, 0.147136203919732,
-0.133223715516875, -0.0511844641980367, 0.196173533950591,
0.0188070546776707, 0.0769793406598194, -0.0642685944290455,
0.171729107737612, 0.203327218299418, -0.0676694842093014,
0.233697911022058, 0.231239773737978, 0.211224769328455,
0.0427616384079682, -0.0585708471242865, 0.182501398583554,
0.169312908585318, 0.0763800614924075, -0.0379961139279504,
0.0498182617547902, -0.101552143599164, -0.163359779963335,
-0.320617038706932, -0.064034965486559, -0.00628246392199682,
-0.0640732866977072, 0.180775938575854, -0.110514359368088,
0.289902340906397, 0.0939387233768229, -0.119019476782151,
-0.0428541398120661, -0.0544737599468181, -0.0109987940288524,
-0.330460889088712, -0.109890277225424, -0.0715483008810822,
0.170605980228022, -0.0119937793238571, -0.0141849632076237,
-0.000257562915204236, 0.149949086634987, 0.0120480227242222,
0.269206864668688, -0.0264930698040679, -0.292618879335669,
-0.129119468750076, -0.0838333180598855, -0.236700331602942,
-0.0082158713070267, 0.0239867595714994, -0.320595347811474,
0.326202825475642, -0.237571389429895, 0.016893316954715,
-0.0512773180839652, 0.0253881725684226, -0.00166551723200011,
-0.027356497943377, -0.102951644689138, 0.270346247861967,
0.202737384542284, -0.128893287335965, 0.0315784085208086,
-0.108710182982712, 0.0736095748507142, 0.00544966910233671,
0.141844518858312, -0.0230961768092678, 0.340440544946118,
-0.0128514287805072, 0.0805641274984526, -0.191577345652876,
0.0837610801529349, 0.27545071175514, -0.164319095011242,
0.00222077529052924, -0.0181766031480637, -0.0299360587136004,
0.0951602374873688, 0.0389392698821951, 0.082393935648308,
0.0838030372792855, -0.217956862369156, 0.169034341676653,
0.00460844545466615, -0.0152436904058477, 0.277726546205914,
0.0820990236933238, -0.00510798721350102, 0.0158495960333369,
-0.113946013231658, -0.0356053482654151, -0.0285886139487864,
-0.288782997502567, 0.028904697359614, -0.0614076351534404,
-0.0573374697896076, 0.208163545431073, 0.0191416776142951,
-0.0236710442431227, -0.00259804642449713, -0.0577575036114005,
-0.011320551923344, 0.232471132983361, 0.220363487419225,
-0.111651721297342, 0.0537385972832202, 0.0773644570592911,
0.0496968985961427, -0.161123662418426, -0.0268133208749374,
0.0212113371802289, 0.207015456553492, 0.0679645573008461,
0.251531737115762, 0.0318662423463952, -0.0305311696687223,
0.0153124480942791, -0.0243130467368763, -0.0622942144963822,
-0.0524002187845047, 0.065053048174907, -0.0689999110401993,
0.21243478473021, -0.0327486452650554, -0.0643893561810958,
0.203053323128623, 0.0614123361444671, 0.0802631611023066,
-0.0189782080150204, -0.0625907183512748, 0.122178481227362,
-0.149984950912934, 0.0215132035905995, -0.10753854867791,
-0.0898578833904133, -0.0535863881285723, -0.131836227220392,
0.0289260160902912, -0.120382761990966, -0.0346917115538018,
-0.00563806221367087, -0.0580399747354594, 0.0581980454456303,
-0.0263361713734037, -0.16766741634538, 0.247010128604592,
0.0276527206032377, 0.041456687880317, 0.0174416087749749,
-0.0246404107786245, -0.160538993196004, -0.12852744615195,
0.271811240095429, -0.0515391628955868, 0.000421559582744279,
-0.0363233568975074, -0.0552253704992251, 0.0566743045298676,
0.0719554304153456, -0.204811693804596, -0.0662581601684475,
0.010756587969819, 0.115701562357277, 0.15799720252104, 0.0990251205977903,
0.191999743255605, -0.0454257640471054, 0.0114363773426, 0.19446656904617,
-0.220096798005944, -1.64486559914043e-05, 0.126054358538232,
-0.080809776116376, -0.0820313243972337, -0.122498699540239,
-0.0259094963129576, -0.00919104420179071, -0.120796479013993,
-0.0620176921515781, -0.158060366171209, 0.00587662529074956,
0.0127789517031635, -0.0622264055873174, -0.00597037788823376,
0.0266005611413459, -0.120271545547923, -0.213227140696937,
-0.0244222650396081, -0.112563495187783, 0.0118514995988075,
0.0883373286035134, 0.219543981740894, -0.162057740823927,
-0.0838931430997778, 0.0356856210051706, 0.267369156394715,
-0.067014654080092, 0.085787307934598, -0.130323049816413,
0.168634080320658, -0.0301952495962014, 0.00323310886916882,
-0.0527840944459636, 0.0646211861681732, -0.0033212992005951,
-0.000512496453738448, -0.217652120687733, -0.0105900610667805,
0.106085357631805, -0.313209605546474, -0.113917347547336,
-0.0382493947276792, 0.0462362264978955, 0.0325304379365471,
0.32702796774519, -0.217615953592422, -0.194628000592422,
0.139017075942613, -0.0367357491957971, 0.00235457895132963,
-0.169019338158478, -0.0506637262373867, -0.0166623859879899,
0.119058948904883, 0.014653893175405, -0.0206654232328414,
0.297556874491905, 0.355929275772858, -0.282090090159651,
-0.124328162540557, 0.283442903699082, 0.164357538229836,
-0.0107782907107632, -0.116841862520584, 0.0668744556309717,
-0.129487808531624, 0.0638238416719424, -0.0459021581724923,
0.152761788754129, 0.062733487621779, -0.180813989230445,
-0.271888934969006, 0.111970880902109, -0.145548027990215,
-0.0235208051436761, -0.0185282243193322, -0.300267046289104,
-0.027569979543032, 0.0669256672994148, 0.0665126580473787,
-0.31043029524632, 0.0905088541145649, -0.202676752610607,
-0.0507195654368629, -0.139080744555114, -0.0399350546821254,
0.00361644584067007, 0.140681152050261, 0.123546425232472,
0.29323340218492, -0.128365648613722, -0.033598070066886,
0.125118719111513, 0.0499528132961686, -0.268832884831638,
-0.290985758973063, -0.0561891388494728, 0.0216916240606164,
-0.00463421690459132, 0.0793383929403181, 0.233528760984637,
0.10454455489863, -0.0159721642243362, -0.0810836611465541,
0.051180676193672, -0.292517843568867, 0.00375679739656986,
0.148894788809485, 0.0886080390812072, -0.111145160133781,
-0.024806770828413, -0.166438369461731, 0.073667474565517,
-0.207124096278007, -0.0524726802546803, -0.148389727854118,
0.0169827673070193, -0.141974190401164, 0.2030305414253,
-0.0427117006181779, 0.0388628849510604, -0.0314055402768573,
-0.0647247746432919, -0.0289975886655632, 0.121735998392963,
-0.169223278240541, -0.0445980417350591, 0.101003286776899,
0.203881671540971, -0.0349367595035602, -0.00348778979980893,
0.0126664389191919, -0.0692715400652581, -0.184228514113073,
-0.285639411943628, 0.296828106296884, 0.0285300095847439,
0.168930160446733, 0.130587546522015, -0.02366677162982, 0.027873157686081,
-0.00068392955181738, -0.127190438627719, -0.145785423242463,
-0.0977458698679081, 0.0587276507185705, 0.0572979538831973,
0.229288847116365, 0.249732969995062, -0.014882550146274,
-0.00676562815876779, -0.162632930610156, 0.0307566418138767,
0.0544434419979851, -0.0745854983445158, 0.12534343129578,
0.0207080359342009, 0.0348068817007664, -0.0738468520218001,
0.102153412176857, -0.0285462924937947, -0.190646760300206,
0.0733701912545353, -0.139936209336806, -0.0236828084324408,
-0.0828845131326175, -0.117538548181548, -0.183463386095799,
-0.0129603693574457, 0.170041776667798, 0.13341019222615,
-0.324975983052145, 0.0386671671697089, 0.00482284443692344,
0.0294888406699973, 0.200722669258347, 0.0732059510829175,
-0.177448683420798, -0.118558870278023, -0.0964345056029608,
-0.0664913967900602, 0.27872171904598, -0.100954127651367,
-0.189494581984968, 0.0945292509032963, 0.0923190211041869,
-0.110855454976365, 0.151149016302284, 0.116420382172235,
-0.268952498108348, -0.0299648613165936, -0.0683439173105438,
0.117947129274278, -0.183703657909617, 0.122762682994161), PCo5 =
c(0.0744687623055088, 0.0782849551553606, -0.221498389245932,
-0.0587208739134443, -0.0447817148126157, -0.0628643241073635,
-0.0107487211665691, -0.0575808704956743, 0.0388602368129612,
0.0145285565685487, -0.102728795591659, -0.0330294884896515,
0.120086842567451, -0.176782140998821, 0.0486902618355761,
-0.0160832248658631, 0.0344421558872885, -0.0575547156734846,
-0.136392232271341, -0.172002133522722, -0.166509975400348,
0.0448332776503011, -0.0206727144584747, 0.126416886060041,
-0.0683325965566189, 0.0876334863115168, -0.128528910106364,
-0.0726596089188378, 0.0162327657223408, -0.228821805313308,
-0.0634578698612837, -0.0890243097345492, 0.144391667880457,
0.0830625270556679, 0.0310913362077397, 0.00661823849772646,
0.13730054885152, -0.190195690836043, 0.083240715316224,
-0.317623499466701, 0.0487316280989172, -0.0547930479699719,
-0.0488699181710815, -0.274824755906576, -0.0247471974498552,
0.127103284866662, 0.0751259490647307, -0.0124120991194247,
-0.0393936257843219, 0.0265649934095471, -0.109866160072075,
-0.0694948968008279, 0.124695028772154, -0.103033631869946,
0.0595450787004319, 0.268491993069699, 0.0289453638651643,
0.0099217958843069, -0.0277001071351886, 0.187393111663214,
-0.185673720661679, -0.0202763553302088, -0.167559523801895,
0.0277521510281756, 0.0776380044331235, -0.0402853320397441,
0.128553821712398, 0.0195149712571921, 0.0571021375029425,
-0.00241699827073342, -0.00905117547031289, -0.0997168614471383,
-0.00542720291109714, 0.0974842980104885, -0.0115847432280359,
0.197572701925938, 0.0255584614246837, 0.140122870951268,
0.0504187839884785, -0.0394831340087984, 0.0247580756815004,
-0.055117878093012, -0.031058196346682, 0.0453515727743903,
0.089677478373068, -0.0996673497586102, 0.116849065121456,
0.187926613640585, 0.107253859127919, 0.0738168747706485,
-0.0121437221255196, -0.00911767229088633, 0.14382445594727,
-0.00352232374982818, 0.152711599638849, -0.0457295152832077,
0.194349422905366, 0.0177246174246377, -0.170413080197662,
-0.0116660147840605, 0.152840633861473, 0.102823021077452,
-0.0357208030111535, -0.168915155153184, 0.147887462287962,
0.0731577747110873, 0.03357017910111, 0.272464092785465,
-0.0130798662284998, 0.0563733133164098, 0.054119235252796,
0.13068498316484, -0.0976985366378984, 0.0436661933986893,
0.0275549158170316, -0.0124483274313795, 0.0885192829046575,
-0.0603158194014352, 0.172555621425495, 0.00194753507946094,
-0.0624273847304339, 0.0209525643964749, 0.154494943271172,
0.221721083357419, 0.127512239091146, 0.0661996321574412,
0.040304473647055, -0.0177845286593743, -0.0637647512567625,
0.06662156400047, -0.087847480611219, -0.00222712513954608,
-0.0947240094496894, -0.0134351874237568, -0.0843438496491872,
0.00964561950855621, 0.0204394484918473, -0.101398491433956,
-0.0135436899477535, -0.10238049618609, 0.0715447518291699,
-0.0751708362182868, 0.0561968435871395, 0.0871298284780568,
0.0346075978602202, -0.000920215899575893, 0.0476100577922856,
-0.0737494192543691, 0.187884005438132, -0.28334712271662,
-0.211725909440696, 0.0438983565591751, -0.0571296837030789,
0.117237869691425, 0.143611972537676, 0.0679390936205267,
-0.217255918954755, 0.0550070055436319, -0.0340865503545591,
-0.0966917876366205, 0.0884500622564165, 0.148861716678387,
0.0827009255911436, -0.101765922740258, -0.0169543338017195,
0.114690765252225, -0.00140320753231311, 0.0265925641867255,
0.0661494929139399, 0.055996995402075, -0.173939321552878,
-0.00490150949253828, -0.293600934095706, 0.10752712900313,
0.171381604323573, -0.154235527636089, 0.119138156697501,
0.219860787218989, 0.0567503724126388, 0.106076810595557,
-0.00550798943376039, -0.194569867105275, -0.147026623274817,
0.0921273526368945, -0.233909731156233, 0.0726611058735212,
-0.037373800879402, 0.0759688109232809, -0.00654704776499792,
0.112179164642718, -0.0580191528165078, -0.0534149407866151,
0.00637021731740952, 0.2173458443243, 0.0670112278982499,
-0.211863826956129, -0.0264095023023634, -0.0616669903154749,
0.0922124867990508, -0.0970709419007919, -0.00230877291211168,
-0.00819348235434776, 0.0735767261165708, 0.0791198997662141,
0.0835156923798975, -0.024552433115066, -0.111434463140941,
0.109142291639558, 0.150517499473107, 0.0014139992252535,
-0.151229266830778, 0.0570804616009342, 0.216876211405036,
0.0637870317233866, 0.0164405666472977, -0.0974573766274858,
0.123048494672804, 0.0746443369320327, 0.165530697640207,
0.103139961842246, -0.132074655977712, 0.202454217858403,
0.0192031449115407, 0.00251147504679465, 0.00635692360813278,
0.0529505923292126, 0.064367837094054, -0.0764997585180499,
0.0257339882722967, 0.19953779326517, -0.143630298290899,
-0.0661327872940689, 0.103118539364132, -0.00233206582539945,
-0.107698035111215, 0.0579562016525565, 0.0202824044934683,
-0.0493198264384216, 0.0422532282035159, 0.0596969955971739,
0.00616012240761616, 0.0414063638502726, 0.0536906113952257,
0.060444506094982, 0.00977583528802185, 0.0056900486565332,
0.05836908320597, -0.0919147716860616, 0.00953692254090837,
0.0368073865372094, 0.0536340885400214, -0.138628049828316,
-0.028350519491234, 0.0830993798228775, 0.0545943367885041,
0.129844059154877, 0.192989668557541, 0.0574345209583729,
-0.125201655854069, 0.0217570418184664, -0.0206656699719533,
0.067600389564669, 0.00839702733968406, -0.124292399751188,
0.0364373597232172, 0.15421333984427, 0.0896253053403055,
-0.105562533909157, 0.131145515705191, 0.00889099794582512,
0.148409066568993, 0.21519622494761, -0.0753378678127444,
-0.0233536668601206, -0.260677357810243, -0.00299105298156218,
0.0657474005022659, -0.25697860090923, 0.227202876311362,
0.133378869034892, -0.136473481689521, -0.0121260795729587,
-0.0443523208408564, -0.280564739823122, -0.303114356917521,
-0.119292117729315, -0.0144561795065468, 0.191289686223138,
0.0222362292471875, -0.00471359112024988, 0.0977205145556186,
-0.104558090152964, 0.0483383406630269, -0.241552568936353,
0.0672617210841434, -0.018210139677077, 0.0799179643749398,
0.219916407167191, 0.136146657644716, -0.0256504232284665,
-0.359821096765859, -0.0389487273104419, -0.0727216703193718,
0.120671061131101, 0.147609688514562, 0.0185990112425282,
0.0516342820890816, -0.183810044681366, -0.025672387921156,
-0.0166352937818958, 0.0752985153249353, 0.0705521108932861,
0.189299444628738, -0.0580191358115452, 0.194526927385789,
-0.0382961774181981, 0.138026957363331, 0.207975829936393,
-0.0872507986563176, 0.0201706500859618, 0.0330771635482885,
-0.0606851142166378, -0.177512018923419, -0.252827950788214,
-0.192055496554704, -0.116430122709079, 0.142462269716407,
0.0131800767262217, -0.259405991963269, -0.0536220610006426,
-0.0163586715390007, 0.0279182739484562, 0.016810906903708,
-0.294136116201013, -0.166877219774413, 0.0928430437739636,
0.115217598566125, 0.0867836249865972, 0.014087691827001,
-0.266351070083981, 0.00281134121999693, -0.0523589772161171,
0.0766670252943623, 0.109588544109165, -0.108066954109598,
-0.0447023247856586, 0.0725980939478774, -0.0338614610091939,
-0.0121827596565249, -0.000355188621351247, 0.0464794618063397,
0.0143426125629813, 0.182541251034352, 0.152160562213607,
0.00570825656491405, -0.0312328833141476, 0.0467159483317512,
-0.24672713413422, -0.0372745208165606, -0.153167396152262,
-0.0339605401750642, 0.15787859859378, -0.308919731830254,
-0.0391457722484129, -0.00777833454654782, 0.00826876350574113,
0.0878106700457235, 0.0996248876719842, 0.010830871964996,
-0.137979935190759, -0.00106333904907114, 0.0386455220510549,
-0.00553132665926171, 0.00458415978895778, 0.0322422480743897,
0.0109914556163041, 0.045284766050721, 0.0168568145702904,
-0.0546951301165387, -0.238483200925719, 0.00278943834861482,
0.0196333112484118, 0.0360917046579809, 0.0916858190931909,
-0.191288884764757, 0.128869351430701, 0.110746354589005,
-0.0857201876113206, 0.151556844783565, 0.0380930156847114,
-0.154374127095247, -0.356431617101897, -0.151011255866372,
0.0121610240902349, -0.184833929177222, 0.0145464841056484,
0.0709147232530889, -0.157626034642472, 0.144968332733754,
0.0323024300539867, 0.0739110152024239, 0.0413816072086663,
-0.229183910533118, 0.0760683044216713, -0.132594583544876,
0.00431466400879103, -0.0707718599115923, 0.0101842720645374,
-0.0204885079770929, 0.106699972027395, 0.111585159368817,
0.108843578897798, 0.0787696015914779, 0.191627660098931,
0.115948207736475, -0.0468024396348679, -0.0191991031455263,
-0.0466855703289758, -0.0320365250429777, -0.0568129965388603,
-0.00647979564916565, 0.0874752231376059, 0.051026878705052,
-0.0119189468563966, -0.00684861258920162, 0.0510474341955012,
0.0762044277628411, -0.182051425052319, -0.065142870176575,
0.205745152406094, -0.220764748056637, 0.0407899593891021,
0.00979908039273068, 0.112194954040888, 0.289627818261354,
-0.0459016842923116, -0.174399066505868, 0.149956527296372,
0.05053490555278, 0.0639906433152942, -0.253703621615916,
0.186613844295414, 0.0585142909313699, 0.0173475936686389,
-0.147071537056364, 0.102840174521273, 0.0576681242865047,
0.229759538301194, -0.112904464980738, 0.0486865278522183,
-0.162108925883538, 0.139647353886868, -0.139563345566884,
0.0325900525101452, 0.0575965697992066, 0.0615207876202449,
-0.00647601636165548, -0.0216004065702572, 0.0267683465572457,
0.0529279221003611, -0.015227784961427, 0.128856925524091,
-0.118509488227707, -0.22741355166608, 0.0619424262787842,
0.226463120402844, -0.0308570975249161, -0.253692504986827,
-0.00480105932515723, -0.223994505557821, 0.080152168059704,
0.0754051542920915, -0.02659810492913, 0.0256252105543366,
-0.0705587468653389, -0.0940073978034196, 0.146016233943617,
0.034192404674176, -0.177074592939866, -0.0597582902900241,
-0.183908594354119, 0.215464095281254, 0.025513423056595,
0.153249648524157, -0.0524536647156357, -0.167317222654179,
-0.00702430744760542, 0.132152774433919, 0.174354684795173,
-0.0771191709303456, -0.302569993985841, 0.0611414110563539,
-0.116194280371074, 0.135623601330374, -0.0182758355046838,
-0.333577297128181, 0.0590683641068691, 0.103513924694671,
-0.0994393488099163, -0.472493156924527, -0.410917562912001,
-0.00698850255137261, -0.121551703555559, 0.120146410030164,
0.0805059714314012, -0.021385268384202, 0.0812434212262051,
-0.0448141381321466, 0.0596369204093178, 0.015328179044905,
0.138086888603629, -0.364223529538932, 0.0646424683758696,
0.156952456167274, 0.0499532177255364, -0.0220945219101427,
-0.0171600371040039, 0.00257869321988219, 0.028054596504376,
-0.148412072766945, 0.00286493750821159, -0.0127372266772839,
-0.056771610855899, -0.110385605718371, -0.12189408702119,
0.137610077562962, 0.175774512236775, 0.0116226119263148,
-0.116005053093964, -0.206425671282092, 0.0294280366889366,
0.107914800608643, 0.106032615138368, -0.0232808489935311,
-0.0624208590156614, -0.087167735411437), PCo6 = c(0.104993564948194,
0.00390121204410952, -0.0893261924960588, -0.032043673703953,
0.105202372539011, 0.0780396570598434, 0.0172159381623296,
-0.100775661811987, 0.0403387768255995, 0.0326046701166781,
0.10051340568983, 0.0393759358539425, 0.0943742981815802,
-0.139747390927715, -0.041488938240392, 0.0630570663436549,
0.0451242289028397, -0.0675065323847703, -0.0554640648193639,
0.175448157764689, -0.101495561839861, -0.192516159102537,
-0.0273170573153135, 0.13008218366869, 0.198822204577376,
-0.11155115166783, -0.0329279504091519, 0.0856533391050289,
-0.010291220057873, 0.154705713076375, -0.0724304206308862,
-0.18979329165972, -0.115003994213048, -0.00267059325154175,
0.0916946968671992, 0.00471998102770773, -0.0466135736162019,
-0.129917574866216, -0.00470672246741562, 0.255052486969557,
0.0438789572648182, 0.120052132276707, 0.176677923370789,
-0.128885689049378, -0.00224560101168415, -0.103210295196596,
0.0467687644259161, 0.0614611803079858, 0.0977166787600081,
0.0765323030133635, -0.0669974241452625, 0.119798679767767,
-0.0252057426783612, -0.0338255121786564, -0.111375534391601,
-0.102773109039679, -0.122158955536981, -0.0365774173185293,
0.0955527904562482, -0.0258947606898472, 0.1743736931709,
-0.115734461577574, -0.150837492257605, 0.0739114052292734,
0.126856785469707, -0.226656405587174, -0.0628337747022776,
-0.00372344756457139, 0.0774420414929097, 0.0549739976451751,
0.0110187769050794, 0.0856030704263819, 0.137163323703822,
0.0162844998221493, 0.0732377054403119, -0.0712045476309231,
-0.113635312999582, -0.00841977640713605, -0.0837579197798044,
0.0658258699119246, 0.042068448792088, -0.0831452928631201,
0.0281032285319162, -0.0676586174647722, -0.0353264966473135,
0.116028487665907, -0.00813426174283743, -0.0694326787656989,
0.100868980211397, -0.0376243652550623, 0.0805654431884119,
0.10609440626875, -0.00929050918191331, 0.0263297023470342,
-0.0357190895189013, -0.213233237548554, -0.0480067521068867,
-0.0589812215238371, -0.255527718582377, -0.072031728123789,
-0.0299891828459671, -0.0749678797555428, -0.0327778927872499,
-0.266466244050562, -0.0332796749944239, -0.0832052487705773,
0.0230706174890095, 0.0169970455234801, -0.035614762103933,
-0.0137654457402921, 0.0798569636647719, -0.0357469097557836,
-0.0400461145651129, 0.0840002345585381, -0.0886790950364312,
0.0227926760605308, -0.0663295906130018, 0.138857829397511,
0.000207645070720318, 0.0184372688352922, -0.174587798593342,
0.0542135180543805, -0.0939668335344689, 0.0423751334442351,
-0.199672752786563, 0.0487477164329515, -0.0758067303477542,
-0.0466750001229565, -0.0371822806684413, 0.0928036820978359,
-0.14280056303588, -0.0600205172992241, 0.0755129164247872,
-0.0384701742231603, 0.15658600517545, -0.00278781990076189,
0.130729864471379, 0.0718165939157994, 0.0302925449838445,
0.0608169114477893, -0.0356745837657158, 0.0712059255101444,
0.125502241321355, -0.100509655243926, 0.0632384988369131,
-0.0653081940239428, -0.00682579349170624, 0.0432613116522774,
0.0372081307982114, -0.217700264605435, 0.0738134869134856,
-0.112119648360007, -0.233902481883987, 0.0301173483598358,
-0.0297761987975613, -0.00644798844503403, 0.186361899851088,
0.0437925449724724, -0.148375845866812, 0.201890920239083,
0.00401712994517295, 0.0852164396218022, -0.0380138553153409,
0.124956977396535, 0.052313252777904, -0.0845662575054075,
0.154125984577652, -0.111448630830176, 0.103154315043337,
0.139781399359766, -0.276298094439315, 0.062749834137789,
0.349809313449955, -0.0348004793025727, 0.0701560941267326,
-0.072848278966226, -0.00996654464887455, -0.029240018172862,
-0.0132925382661868, -0.0427897125906486, -0.121631404221161,
-0.0665598044656719, -0.191514006061836, 0.0257566397333579,
0.225201157872122, 0.0826274851871298, 0.0536508384130062,
-0.0413282650766936, 0.0347926674110119, -0.077842015594363,
-0.0120976047915487, 0.0928145351783429, 0.126446645925471,
0.00790862479121068, -0.0515731752914985, 0.0904677112607361,
-0.0713596674182194, 0.0631606415319676, -0.18255927133963,
-0.214297590748236, -0.0120379142839012, 0.00316860235280016,
-0.0325889904075264, 0.128574818569014, 0.156024948655701,
0.0481458493828299, -0.169073109152994, -0.0621018998266356,
-0.0040119014984444, 0.0819142237913781, 0.155601915589056,
-0.0249819459120722, -0.0446190013810714, -0.0333005257005693,
0.0855245470758877, -0.189378607560556, 0.051793761623292,
0.0616831188446512, -0.0216284971447839, -0.00998184982155343,
0.0919171928371483, -0.0105784930252217, 0.0677532669346399,
0.05410999626835, -0.000541746777942943, 0.0020208256459571,
-0.0167727317393153, -0.0383788213085154, 0.0506492300450423,
-0.051849365290402, 0.177447696107802, -0.232026487467028,
-0.0768048354049379, 0.0689243723278622, 0.107693253902999,
0.057843814511317, 0.0266649084376244, -0.157436717617584,
-0.0853051646192727, -0.0148003968883024, 0.120630998672928,
0.219233856041912, -0.188534122348728, 0.052175964722214,
0.105160611855125, 0.13632831813312, -0.0606487757761256,
0.0978198660723029, 0.0369858293873057, 0.0118369895129902,
0.121158025668017, 0.055607465520232, -0.172168805715159,
0.004425110713553, -0.0736310921807566, -0.113522595786232,
-0.0385133835571459, 0.0913683961187367, -0.0981767202125563,
0.0290662863263582, 0.0544723614208925, 0.0289093288478797,
0.0424890291238795, 0.000544205380736396, -0.0218705618292736,
0.0655215373069851, 0.0622776150776528, -0.113092008875681,
-0.0111026257990439, -0.0521659840727512, -0.0258025542160965,
-0.0494244342028735, -0.267234018347712, -0.184507787623541,
0.290091706006857, 0.0140814424916153, 0.0683417068767516,
0.25275118365361, -0.115299261342764, 0.0287273225577134,
-0.204867316983062, 0.10790729464367, 0.0777768362702255,
-0.114289063384585, 0.276947242549996, 0.146704562571406,
0.0405008821022236, -0.0142557539076304, 0.0432640215261764,
-0.0073828399334249, 0.021773670958788, -0.110192601022081,
-0.00615754617206472, 0.177023981748193, 0.104034703153673,
0.103279723121179, -0.0461382109205058, -0.0580705523650897,
-0.0073089959748856, 0.0050996960852933, -0.243281022607546,
-0.218018052719331, 0.0589523743541336, 0.0403773657087493,
0.041144390222107, 0.0951120915333734, 0.112042664894047,
-0.162842490435079, 0.184143926955526, -0.165679562963056,
-0.0580459686966681, 0.0831127141982549, 0.0882810927691202,
-0.0906078119799487, -0.060528399015363, 0.113889283183731,
-0.00814001214709407, 0.0487592801811751, -0.0868889984720935,
-0.00751418995761267, 0.0347483782855526, -0.200515483380801,
-0.155644075106274, 0.204500670812891, -0.265799333830343,
0.0341435222742173, 0.0440717704016901, 0.059605217045266,
-0.162456406179628, 0.0888814804881324, 0.00494964018203676,
-0.140195226632448, 0.130887152922288, -0.127814977662533,
0.192475939275473, 0.0827961042118127, 0.0184582759446254,
-0.0565140516861245, -0.0672107154873295, 0.182207659025316,
0.101616754115516, 0.107644637968775, -0.0551150972098453,
0.0718996014683593, 0.0718708822300656, 0.181628278108637,
-0.029972292206457, -0.280461079812549, -0.103089422251371,
0.0405456175864525, 0.198153658467044, 0.0525920405502982,
0.0186284512483443, 0.00723276559842356, 0.161059195964814,
-0.0392312434324705, -0.108901979182246, -0.0781080658666663,
-0.0617651188186872, 0.038903176654781, 0.0916982831483106,
-0.160372822781968, 0.270895252600173, 0.0768789989017362,
-0.108007378339493, -0.070422892195406, -0.0492519198803686,
0.00538726562701303, -0.076075569269891, -0.0690724680409229,
0.0607551277106876, 0.0289060522954171, -0.194176061624883,
0.0377036692793093, 0.0722831241348083, -0.0215111567421884,
-0.050878104328257, 0.09603845669129, -0.176873497774456,
0.108360531680534, 0.0428520355619151, 0.177309748869023,
0.0120307452147236, -0.0405255649155828, -0.209137430530571,
-0.0411362776094067, 0.0384456328815474, 0.0567482727847175,
0.00609201659923403, 0.00785255246453941, -0.12054923631558,
-0.240173496320743, 0.0155636367374523, 0.0264400730356358,
0.217518366287024, 0.033881306345961, -0.0306288634747525,
0.124745339183765, 0.00759547876780261, 0.041750011695264,
0.100165416005615, 0.0576716639111873, -0.211390188994593,
-0.0501974110141955, -0.185804664668837, 0.0223452204457519,
0.126410869719946, 0.0267775531342365, 0.00625758500090557,
-0.107789587389535, -0.0665128282012542, -0.0875838886350647,
0.162855501678349, 0.052010653483165, 0.100280752436763,
0.00537254672751184, 0.0769906990098123, 0.227978400006907,
0.148851993090329, -0.0461512178839741, -0.186244279271729,
0.034952336881903, 0.13366610508748, -5.01156718771035e-05,
0.0529350536385168, 0.0437902718148743, 0.12990113710803,
-0.101591756563355, 0.169135689101946, 0.0261550429896504,
0.0806904583340146, -0.0502851942059293, 0.0320765171557085,
0.0402288074402453, -0.107115008727815, 0.0508160951062861,
0.185636094621935, 0.0338514913516504, 0.00594177661497892,
-0.0880699113727485, 0.200196913458886, -0.0229068776983297,
0.0462972865879636, -0.11706904931455, -0.149244396187601,
-0.113313474282477, 0.0824977654082775, -0.00365538076627171,
0.115117198581354, 0.0828025221109103, -0.154071064914199,
-0.0325234670853416, -0.115464509768523, -0.0295689660862031,
0.0491528876363844, -0.0767429736890106, -0.0675123499369856,
0.0350544632166668, 0.0558437469687108, -0.00926519702710324,
-0.198021529455275, -0.0315179006808862, -0.0323405217959099,
-0.117416759279368, -0.0718411133817111, 0.00140172574807284,
-0.0165455609821925, -0.245928195000883, -0.136170485874156,
-0.173302814964096, -0.0804617792314501, 0.116558730986794,
0.046258127803994, 0.0743986936973195, -0.0134176234296265,
0.0869674984399919, 0.0478994269885387, -0.0310618355335958,
-0.15481908899806, -0.00057493819383663, 0.100576846128718,
-0.0111783632416325, 0.0338936076888926, 0.0158394239910609,
-0.183651219655729, -0.266697606388117, -0.115978353675514,
-0.00655195074179514, -0.0537727895021935, 0.172345162184422,
-0.186428190241552, -0.0465255019783436, -0.225404900029281,
-0.0206584507302757, 0.00628595121542099, -0.170530093660085,
0.0326744594406451, 0.153520947875951, 0.223257579184922,
-0.264250924560231, 0.0739873545157019, 0.147579274890024,
-0.177098827169709, -0.0893028325306354, -0.0163682575455872,
0.134442172080566, 0.0111770142131143, 0.0135010204657571,
0.0682778974684945, -0.00211765142235036, -0.00424146142298191,
0.271271394966913, 0.0216359271872186, -0.013028413913519,
-0.0353595205116768, -0.108809569121217, -0.137554584320741,
0.0262400065933238, 0.063825569823796, 0.107765321241053, 0.11727257863968,
0.107493733863622, -0.103052122398688, -0.217495658353782,
0.0803392583982049, 0.0346430773293196, -0.0467950145273204,
0.0742719536563839, -0.0726257410653273, 0.248700615205086,
0.0879852897329145, 0.101413195659612, -0.135166953674509,
-0.0521792513674797, -0.0732221257889164, 0.0234840941123269), PCo7 =
c(0.0403780866764658, 0.103506619515658, 0.0584279096052789,
0.131092322126076, -0.00485916001770294, -0.0900379951165521,
0.0907979636681965, -0.14105213773548, -0.120612828655684,
0.0894736452698753, 0.119639017816343, 0.0160599253700069,
-0.0498255141523178, 0.0828351510126455, -0.0347125056670458,
-0.00861014537871717, 0.0537576672463496, 0.183833997324653,
-0.107469669221377, 0.103443401282313, -0.414994466491147,
-0.264549958428394, -0.088380735807779, 0.0217029403107437,
-0.0356439380020372, 0.0247363555369345, -0.102934957375392,
-0.0404015386120979, 0.0775958851776605, -0.00419650077440735,
0.153640554370935, 0.185334161476661, -0.0207216449256453,
0.0164393063878044, 0.102546689684119, -0.0283326778466601,
-0.0258955382073544, 0.222525018204398, 0.132622689987078,
0.113827162357933, -0.0499292941595896, 0.0945706395755254,
-0.03416612117824, 0.224103465603077, -0.00485243573786159,
-0.0476449802304237, 0.0147895644380801, -0.13809218220076,
-0.0178949792628712, 0.0546629479178388, 0.0306226365961143,
0.0537523334605375, 0.090177887087147, -0.0730245702963082,
0.0753097188215359, -0.13106346536831, -0.0655148250499074,
-0.0768031070751338, 0.0723883711278114, 0.0618538935516139,
-0.0291910851161647, -0.0102542443281758, 0.2254878154519,
-0.0286080189851172, 0.0822874165784537, 0.197778560526135,
-0.0487292474849003, 0.188832226769454, 0.0907732891061258,
0.120117003295253, -0.0393736364189106, 0.0252454999472124,
-0.05035140148603, -0.0280821249519084, -0.00867932448558789,
0.0401493724188946, 0.0116711551608704, -0.10131092853158,
0.136508125548062, 0.030115274570091, 0.0351799436338268,
-0.215865103293579, 0.110393666551762, 0.0791371898114448,
0.144523817954568, 0.0616864636303651, -0.0202268906511139,
0.0166466753016264, -0.0375121110876187, -0.0179494992643874,
-0.03264108777478, 0.0109205200017082, -0.0515689565955625,
0.0474376117098054, 0.0232293773762763, 0.0258652820332574,
-0.00607098794674704, 0.170718556051391, 0.0186491868836381,
-0.0422188329847458, 0.0254711635116534, -0.0419740009002335,
0.124013814779183, -0.0327090837844954, 0.0701042248798454,
-0.0450864808225181, -0.0145593410961709, 0.0024980212069593,
0.123107136971387, -0.0504588319368416, -0.0434557544776677,
0.0545531049877949, 0.154673935606407, -0.0448008760688222,
-0.156168273019227, 0.0481855541351607, -0.0749856965336782,
-0.0296196519542767, -0.0200926084923195, 0.00520969533500547,
-0.00740335453840387, -0.0921030626735612, -0.102583764330283,
0.0681405825552622, 0.104627158694448, 0.100501909065046,
-0.0151462552043276, 0.19396797324506, 0.125957838521364,
-0.0729785130570635, -0.300428354405755, 0.0476289925171808,
0.0129506453679243, -0.0700013934308342, -0.128380226740779,
0.0707220467026396, 0.0612085575232911, -0.0639001175610881,
-0.0594610620501263, 0.122754182092472, -0.0531308994570286,
0.0981619266958864, -0.0323291199126644, -0.0376735781795248,
0.145731237101262, 0.131287756622591, -0.0632882097427482,
0.108801462202902, -0.0116899541424437, 0.0846125555853921,
0.134876598115457, 0.182899852354735, -0.0750722081032778,
0.0993818486527455, 0.0681751843992481, -0.0456699757335538,
0.0637229515180243, 0.0647575475139976, 0.169150696477065,
-0.191719560340751, 0.0590911622016474, -0.029378822327331,
0.0595277083878797, 0.0158860693308455, -0.0977047259445772,
-0.015799320428556, -0.0883360974849003, 0.114987002382362,
-0.0522028160228893, 0.106796474731169, -0.108918181185433,
0.0230468814246016, 0.101873501885984, -0.0496794241982785,
-0.00631955894326859, 0.103712806982407, -0.138861605052681,
-0.142942394718185, 0.0984645398249449, 0.0388530135215707,
-0.0683930236132775, -0.253500325902475, 0.14865094038601,
0.122447025200866, -0.0245378527412765, -0.0244078517572302,
0.00941272176478188, -0.0558296668298448, -0.0237087672787623,
0.125772081365242, -0.205956493034046, -0.0277135339524481,
0.00540469093810088, -0.0219474150210326, -0.0619262058958912,
-0.187500297762555, 0.110943274117514, -0.133279435048343,
-0.0102721128919501, 0.17145851207415, 0.0877387252399113,
-0.0487884581813878, -0.0337934241057806, -0.195044457464571,
-0.305816732443847, 0.0597822570029037, -0.307920293020003,
0.121051819401205, 0.0547672487010731, -0.0625292738923116,
-0.018641713750104, -0.0428506061929188, 0.0106370326991986,
0.00567432299089326, -0.247789711893614, 0.190805207623523,
-0.0376159288071325, -0.0207805080173152, 0.0665164323317629,
0.012096921240686, -0.0820989934477721, -0.0125870631762724,
-0.018152105010394, 0.110761949925437, 0.0710772197284907,
0.0755341659159573, -0.0407421993425984, -0.102713728269862,
-0.0681632093940527, -0.031524474057292, -0.0257031641430841,
0.182081580752576, -0.0994669000997507, 0.101514615931507,
-0.0234854931225025, 0.0151391416723902, -0.00870369978269818,
-0.0419583059016659, 0.00968731335081966, 0.0291933336109763,
-0.0334638019684677, -0.038530227747755, -0.198775770619953,
-0.218528541682861, -0.0717820421668789, -0.0335400247790339,
0.146275430204081, 0.0820542005182732, -0.0555231492612368,
-0.0403938471000438, 0.0544933923147485, -0.0240230429876366,
0.222733910092944, -0.0130761969308116, -0.0611616635707121,
-0.0680551820501019, -0.0679001889464085, 0.0142080452883659,
-0.105898460680581, -0.0975873468061604, 0.0277892164161415,
0.0940741350548887, 0.0721963259757789, -0.237080442169435,
-0.0776013405668885, 0.0611260530677186, 0.0529610713023846,
-0.0420900806699765, -0.00601382641276144, 0.0340730685197462,
0.0561137258791794, 0.0235934897744255, 0.0539836336619515,
-0.210497178413877, -0.0759979272399579, 0.0386701457213448,
0.0524625232653936, 0.0820414472811172, -0.0313533300992489,
-0.0222618933726667, -0.0414548876248978, -0.0233293124626044,
-0.0969032598565512, -0.300571639303893, -0.0174238063304223,
0.0878597307583718, -0.00283244612941341, 0.0163658476139684,
0.00222507475299746, -0.0446425227705055, -0.0220474000518908,
-0.192387539179428, 0.17710412436709, -0.136342971047904,
0.0615726557271573, 0.0266514614297969, 0.101065397395476,
-0.0735163656370265, -0.0248666737483304, -0.0321874438388656,
-0.0155574228255391, 0.00561030407149889, -0.00309822308155057,
0.0345390843492909, 0.00858061753744612, 0.0915919924537521,
0.0917924109211221, 0.163294702032063, -0.0158390999300012,
0.152650142851019, -0.0371784188334756, 0.0722412795331655,
-0.0611541691314422, -0.06116023751557, -0.0134368248733294,
-0.100278270693377, 0.00957930630410339, -0.0102169324491212,
-0.163373619551287, 0.22194755702865, -0.0132280269868739,
0.166472149965681, 0.201738083376133, -0.149550932207908,
0.0303301683620906, 0.181886645599779, 0.0149894805057434,
0.0315083550238887, -0.138879810362675, 0.0418597920954053,
-0.103310435891053, 0.00780179906679877, -0.00355704953968731,
-0.272617228513163, -0.0485310063778451, 0.0575212834773501,
-0.00390378284278791, 0.0117065031280364, -0.0328598923295508,
-0.0217437550162741, 0.0435032550231019, 0.112394507906465,
0.0964991436275878, 0.0488223185801114, 0.208208169113335,
0.00476857536515216, -0.0102729151655822, 0.0882191031219321,
0.201406425125699, 0.0469258921844113, 0.0556388222620986,
0.138242638362294, 0.0670530337779206, 0.0753066247657294,
-0.0361050947443832, 0.153943288227112, -0.0429969284697501,
-0.374987156206711, 0.119607245301759, 0.193514531829054,
0.0262523710861245, -0.0944154426252314, -0.017350935525168,
-0.0781001979871016, -0.270929478695096, -0.118189099128132,
0.0479088047345884, 0.149758459209701, -0.043596003909812,
-0.18088608100924, -0.0708593812398667, -0.0292036714986346,
0.149328862497113, -0.00919703676694185, 0.0259957276662591,
0.250145684238557, -0.0239579519432666, -0.0228225768574901,
0.045798199449763, 0.107731231408341, -0.0421115481777809,
-0.0988284317273364, -0.0599325550760947, -0.0236679411885745,
-0.0459578519181169, -0.0352194685237221, -0.0580275295776137,
-0.131501029895021, -0.102350069476759, -0.0736772318125003,
-0.215520529188621, -0.0153656611984834, 0.224107662775931,
0.140574184259016, 0.150194424352723, 0.0131679349831809,
-0.0185225611555356, -0.193704633367448, -0.110535618760886,
-0.0115822552398415, -0.0495380684050309, 0.00936535206688348,
0.0960299949392883, -0.0708616039779872, 0.200334110551184,
0.106780140756616, 0.0641636070171102, -0.00972872279874764,
0.148799568047076, 0.0986303845429132, 0.13739619521884,
-0.0720743550461191, -0.0556843146165392, 0.0229225465740686,
0.0903392076314339, 0.159682111176312, -0.0151826239669933,
-0.162578594430653, -0.0169663773221555, 0.0705031554881354,
-0.237146657116178, -0.170320322502828, 0.040944690597544,
-0.0462490750863864, 0.0313274361141214, 0.168256973912012,
0.0273522366521022, -0.169113034254002, -0.0944433377474941,
0.0644062546125381, -0.0786772312638492, -0.0715748073041546,
0.0275445496738089, -0.0908985325398375, -0.0734402463485993,
-0.211900658706383, -0.179608131844696, 0.0484043526244912,
0.0753041625485272, -0.0233931704965978, 0.188650987115569,
-0.0227387376213666, -0.052129630733865, -0.163715238637264,
0.107846503618564, -0.129847872515848, -0.0555549164929089,
0.0897926437804889, -0.123309426927948, 0.135154660330168,
-0.142540551894007, 0.00869976798992576, 0.0374991395879173,
-0.0413409097758454, 0.0814242986348915, -0.00286287256618671,
-0.147965292882907, -0.0293015532147317, 0.0637734382461208,
0.0736476929286062, -0.00291048233203932, 0.0242373223929724,
0.0445893167502589, -0.231170290675804, -0.0186397421216678,
0.0240911730547464, -0.147910202991552, 0.0998515654612566,
-0.0499833614500827, -0.0665034199931309, -0.0554460133615633,
-0.0120581161290081, 0.0815541646954063, -0.0442588197243847,
-0.200032569150871, -0.317902933582078, -0.111482195122269,
-0.0285772353970668, -0.0436673141062562, 0.0470767172651045,
0.168055829612355, -0.0587446117374014, 0.204442178080734,
0.0528017991111924, 0.0565485157306993, -0.00798350584640385,
0.0935334578692754, -0.0496597209447827, -0.150047373316778,
0.0106360338117697, -0.0743608326542966, -0.0392224695668522,
0.22768987635587, -0.0428626021417024, 0.165430662893505,
-0.0571108742662206, 0.126134801797864, -0.119270968254525,
-0.0306394777895931, -0.017665079659284, 0.219117093702229,
-0.0753133178853139, -0.128014722088474, -0.123025440306622,
-0.0529026287369686, 0.175886231448955, 0.102750411818167,
0.209910059475072, -0.136510355992193, 0.0448314643266991,
-0.107122465393635, 0.218680714837773, 0.00210390631367564,
0.0676801570994718, -0.00739320885072487, 0.0744815733259606,
-0.0604239209325452, -0.0474788840204787, 0.0637433969168076,
0.0270297054618038, -0.114761690427413, 0.00595626043803472,
-0.0476965470333363, -0.0807766951165495, -0.0753228226172144,
-0.0624977114271657, -0.0850217647605224, 0.0511976765004924,
-0.124743995785372, 0.0386499784309548, -0.188705579860421,
0.0441947291079512, 0.132628007357116, 0.0393082382895474,
-0.245987009459655, 0.0735176813988078 ), PCo8 = c(-0.0206870622920021,
-0.0930715629498913, -0.0188393960268999, -0.00693398849020326,
-0.0376885108490836, -0.0913138099211066, 0.0333677909737429,
0.102967616082614, 0.0487124779629296, 0.129078754907942, 0.19014477805852,
-0.00852079997694896, -0.108900867669674, 0.324691941060856,
0.00603026617866039, -0.0889532204116927, 0.0529986414299142,
-0.169314977799477, 0.0482489641273505, -0.0815426731540401,
-0.0357947693532685, -0.0312537080845695, -0.0388505549641108,
-0.122796441177456, -0.149152404784033, 0.0807600613764422,
0.489997372029142, 0.12228288181975, 0.0837484143293979,
-0.124523396135557, 0.0270763028643846, -0.168424506041907,
0.0729938934921072, 0.135179106838525, 0.00544103475650463,
0.332672992724764, -0.0321944278161247, 0.037282881402941,
-0.140549927562085, -0.0476917972408596, -0.08314284858934,
-0.0702948965039097, 0.0309036104360409, 0.142444935876313,
0.319665746816735, -0.00543909586039454, -0.0803431480783287,
-0.0581465423268831, -0.0503280168153621, 0.16950699564415,
-0.0295295024260704, -0.105792307020427, -0.111911659243669,
0.00653908714881749, -0.0400493191421875, -0.0771436400819555,
0.0169161907010012, 0.00262249342546544, 0.0398954495518131,
0.0573615988780981, 0.105726741453807, 0.202116740848514,
0.00311495820820231, -0.0793831876465569, 0.0357793842132974,
-0.0548565931783389, -0.0160643507056804, 0.0229604797395125,
0.200007767446067, -0.0956023907827262, 0.33335581049068,
-0.0743858714194492, -0.112659585067585, -0.0416242260406541,
-0.120597159818707, -0.0531806671562813, -0.0447653052555428,
-0.158817968182991, 0.0176104275480563, -0.0598940732486483,
-0.0028093078673937, -0.0315035880254413, 0.0470127233765367,
-0.0582042874575777, -0.0485242621830454, 0.0487381023913446,
0.112420994280453, 0.0851756476471653, -0.0410125820211575,
0.0141415764604712, 0.0645729110468836, -0.0556236957658888,
0.032376953409927, -0.0214522611954615, 0.00325708716951587,
-0.103883783469483, 0.0221092784113506, 0.0707490435011096,
0.0224321326118761, 0.0560353546393594, 0.0931249099271988,
-0.0349356399321063, -0.0297502326978788, -0.0770939603392102,
-0.0010544897836277, 0.0102821509246819, -0.0618893288093811,
-0.0823564170802914, 0.0886874999645785, 0.0118479088069954,
-0.12798326413468, 0.0108361938541016, 0.0301434509579249,
-0.0327086561053083, -0.0835437170106663, 0.0631776402764018,
-0.00561073744144863, 0.0278610399358821, 0.0327058585788065,
0.104474044562061, -0.106134210374002, -0.136071763199103,
-0.0192415100874639, 0.00734861086572985, -0.13180852463865,
0.0469996957126126, 0.0935996800392938, -0.0138506807898564,
-0.130812561504234, 0.00955623551323649, -0.0959797329591996,
-0.0122829911522435, -0.0845902011621163, -0.0615703524991193,
0.0993937494034506, -0.0365725152700404, -0.0518730670701123,
-0.0952728944835734, 0.0158564174470438, -0.0309078504807573,
0.023431378919087, -0.053150976159845, 0.128189717019783,
0.0164988341492305, 0.00996340747654112, 0.0104072111253277,
0.0978387839957738, -0.00519958328494907, 0.0276019645834386,
-0.0596554515803147, -0.0491321630605873, -0.0930453963591299,
-0.0196421505577282, -0.0507501424995942, 0.00637165487484096,
0.100353501488842, 0.116012774335781, -0.0241872262627251,
0.030730770195586, -0.0179791413796403, 0.0835331906285207,
-0.0286548759743692, 0.114097861430145, 0.162972893090534,
-0.0928215944345215, 0.0997026508340058, -0.0690122587430602,
0.138454027889769, -0.0772921506114321, 0.127161888857037,
-0.124939803606412, 0.0239341367833589, -0.0077998215437014,
-0.0184617966185243, -0.0426604997040397, 0.129116687281215,
-0.157861328948547, -0.0896548696024856, -0.0391795353322312,
-0.0608971605724121, 0.131763744258177, -0.0260308138336848,
0.0250557601334718, 0.0124726261071507, -0.0055701537037615,
0.141873736278307, -0.023845613468481, 0.0306228690532412,
0.066249139828596, 0.0040614639212439, 0.329135595633865,
0.00443153195866359, 0.0949901563936357, 0.0150173684661415,
0.0425089589833314, -0.00865181333218551, 0.110111650126408,
-0.120770371144481, -0.104483684779093, -0.0645336078211157,
-0.0734341554133325, 0.0673845280136379, -0.0249945105614375,
-0.0506610855115681, -0.207664066649538, 0.0872170398719447,
-0.0567341869667347, -0.0402473070676662, 0.0779743127020437,
-0.00186184541530623, -0.00227677600249909, -0.0181858748875371,
0.0433609986097714, 0.0611413719275922, -0.0805001616438092,
-0.0890251523060362, -0.0353973227324393, -0.115569876090529,
-0.0389853838093579, 0.159068761596402, -0.0179042906144059,
-0.0233271657643112, -0.0703293312103105, -0.104938880819274,
0.0463974660265934, 0.108104319479371, -0.00996239782711465,
-0.0242242243196198, 0.0104004259196133, -0.00382033988321852,
0.217599024037279, -0.0643439898961631, -0.0320238809787096,
-0.172719868063137, 0.269658546670606, -0.0525461880385289,
-0.0135068135121955, -0.0601004048692064, 0.0861507575759557,
-0.0282808720973802, -0.0515310113627207, -0.168182855271175,
0.0378883307722424, -0.109867908390855, 0.0564400485511028,
0.0726181611089742, -0.16198043523561, 0.016962277905113,
-0.0612234328229627, -0.0294451450618034, 0.0991960568603811,
-0.00929261853319509, -0.0773606521175292, -0.0706310967807533,
-0.0344237092862728, 0.0414740577584524, 0.00475562152613024,
0.0685594397355154, 0.104715871702659, 0.0567337814368119,
-0.0629130151619269, -0.0699729726979636, 0.12959772819671,
0.278638120291877, -0.0222303739632431, -0.0786725455538071,
-0.0720169905983523, 0.0711743906538554, -0.0744772949498786,
-0.0416827198113592, -0.131705102484346, -0.0595000858872151,
-0.0860604711671915, 0.032931433208407, -0.0103672424448381,
0.0423177474958122, -0.0703443126593472, -0.105176731336684,
-0.119272281992594, -0.0103332208129099, -0.00578688301881129,
-0.140820320256758, -0.114359282643753, -0.00554108159489787,
-0.0813510098418927, 0.00195133805968833, 0.0477957506940583,
0.0526580260983448, 0.0151672181329322, 0.0189025431616098,
-0.00273605450888447, -0.0511416082693169, -0.126034948700875,
-0.0154103656874755, 0.124453177857834, -0.108848911652217,
-0.0458224990087676, -0.073368948208021, -0.107836390686771,
0.015139320383678, -0.136111699023126, 0.0812652152949117,
-0.16855074296707, -0.0723286842651601, -0.0189265814056915,
-0.0172980756143192, 0.0211066821458881, -0.0454693371695292,
0.040306856539115, 0.000348097367930212, 0.0173337396251787,
0.0164431480355907, -0.0952504987253765, 0.0660476744394545,
-0.0314950561135568, -0.0318441036270371, 0.0136769470881967,
0.0502612732013674, -0.064299441515499, 0.0442646986367315,
0.0229539253498962, -0.0176932788702931, -0.0953310165680847,
-0.0226849738683409, -0.0718835335543426, -0.0925200673818344,
-0.00738637344505716, 0.0197962759648731, -0.0466297485258079,
-0.0105987727053435, -0.00151332929439292, -0.032994225559591,
0.00751712449361394, -0.0226789012985555, -0.0234675321043119,
0.0546191154881102, -0.0614401679499912, -0.0184709941833108,
-0.0349597040569474, 0.013782080524328, -0.0471110269755576,
0.118766729856911, -0.0247967660590046, 0.0533988991964151,
-0.0599721209750807, -0.0937579610039074, -0.00413046243467713,
-0.12617790233623, -0.071711361064559, -0.0433088720957024,
0.0324600535333067, 0.0723161922319131, -0.00162397932630252,
-0.048668808215168, 0.159202363401394, 0.0360678133118938,
0.280835781799724, -0.0496704512725847, -0.131357589967331,
-0.0415395648715557, -0.00339239038937173, -0.0362356377361258,
-0.0961007094931595, -0.00337003597820614, -0.0204629374005484,
-0.0345695365553248, 0.00909580674264896, -0.0513578254892755,
0.0439050799858497, -0.0167641425518543, -0.0169358460351309,
0.0563772358075226, 0.0269390520930753, 0.173485837409711,
-0.03831172733562, -0.0408138621028338, 0.0119426872261569,
-0.11438712643184, -0.0021801679707102, -0.136870218786954,
-0.127342094463637, -0.0828244993993211, 0.0956287790178964,
-0.0623044193771682, -0.00628819653175332, -0.0505823625499998,
-0.0230383297007043, -0.00259270057998748, 0.0784419817732057,
0.100380189308169, -0.0490161616287079, -0.137247341452054,
-0.0438372901900546, 0.000929450674664802, 0.0995299584369056,
-0.0429425615694913, 0.0245682683766785, -0.0666481129045081,
-0.095200265451145, -0.078123750056175, 0.0141654299807222,
0.111134030013272, 0.0532822257084077, 0.00845340485028765,
-0.0130194655478105, -0.0962950593434638, -0.0601468095950936,
0.121785239442137, -0.00944634059541764, 0.210838512520006,
-0.0584788507724501, 0.305930759589551, -0.0482990978181227,
-0.0798607668236754, -0.0144838897052393, -0.0961967431791701,
-0.123974355250837, -0.061485144778021, 0.0322009767631556,
-0.00532081965877392, 0.0219729412931876, -0.0532612834659117,
0.145554903963276, 0.328002963731179, 0.0088875259078369,
-0.0123447292878119, -0.00480544008274817, -0.00322252055323612,
-0.041925402458665, 0.0261562761897914, -0.0996468399097492,
0.351816445964869, 0.0440319235212744, -0.0985830143019221,
-0.082286063053065, -0.107319771910221, -0.0935462213618464,
0.047027381973779, 0.134212499140024, -0.0188040253527945,
0.169132883343739, 0.0260290155494296, -0.0859600047146471,
0.0285722944846246, 0.345147488031455, -0.0210755519952863,
-0.112335376986733, 0.0772127279461279, -0.00310148685387986,
0.0389119720516254, -0.0132035906149295, -0.0289108708005354,
0.250738242470113, -0.000931012075093721, -0.122442266935969,
0.011852177342193, 0.274743271267598, 0.00934768384524715,
0.066897221824449, -0.0134948941387097, -0.0609153078649032,
0.0752110095653096, -0.0174825173210593, -0.014698202297491,
-0.00467696475325347, 0.054150463934121, 0.354516234159979,
0.00390661421343694, -0.00021910996906665, 0.029980294454179,
-0.00247835383652867, -0.0591591699016008, 0.0263038266908263,
0.0712887271202463, 0.347870208299475, -0.0335428822395492,
-0.156870321467889, -0.0348738249501056, 0.0933854953937164,
-0.0980986549385287, 0.13622936663217, -0.0124459520920671,
-0.00336912134535794, -0.0361823599289547, 0.198983357908934,
-0.133232147738191, -0.115096067743121, -0.0376142712557407,
-0.000837698561254209, -0.0232180214579166, -0.0975706962865654,
-0.0312463723663038, -0.110480278678735, 0.00329546159526682,
0.0547511195226384, -0.0298840693129795, 0.0470150273510522,
-0.0750179651252121, 0.0287444164710097, -0.127940507047785,
-0.154719697365166, 0.148016158654409, -0.0604579301637182,
-0.0685767822770973, 0.281154619640786, 0.168464780438407,
-0.152410095139831, -0.0134875595691822, -0.00847370563226026,
0.0660755624159514, -0.13419645008939, 0.0136544980943507,
-0.0950214993890525, 0.108783154683709, 0.0412218633218878,
0.0262938318305206, 0.060525287065349, -0.0124342891568093,
-0.0554184328931032, -0.144542541771964, 0.00980962432548446,
0.0440969522548858, 0.143249043854427, -0.078166433999773,
-0.0354895066385392, 0.0309665832465381, -0.0243590463763566,
0.0532545646363613, 0.111562213951948, 0.0482313123029475,
-0.061485451732274, 0.083031081612529, -0.112198403857351,
0.110715673182611, -0.0731026027601655, -0.100783248264643), PCo9 =
c(-0.0162606448095319, -0.0205066312755593, 0.0262961272752853,
0.0184735321917459, 0.0212726873133236, 0.131688150419063,
-0.0739304067053502, -0.124986102275436, -0.00772770786190899,
-0.00956130899809819, -0.17948958620351, 0.0383177172864557,
-0.0146419954516778, 0.110966281527446, -0.0221617863185407,
-0.0203047671471394, -0.0606470099258298, 0.0229560861693005,
-0.0392379544546898, -0.155988472420835, -0.074941865098917,
-0.110029153716979, -0.0315735327958694, 0.0520483181897903,
0.0301693927235878, 0.0127511874540747, 0.109995053893689,
0.0593812072141484, 0.0583745448400328, -0.0480340123418155,
-0.0306677876603987, -0.00264297767150936, -0.104109813140829,
-0.0700543539268357, -0.0565620745059353, 0.094150682037701,
-0.0573165191433723, 0.0673641307332712, 0.0324027513528318,
-0.0994788824743445, 0.10048491300637, -0.0168871985549371,
-0.00903376508202806, 0.0664741319840633, 0.116482951103654,
0.127362141649927, -0.0229360882359057, 0.0157365594388236,
0.0787115509390018, -0.109668553598091, 0.0212696144050305,
-0.118693941141915, 0.0292212326272527, 0.102271510515495,
-0.0663069313948711, -0.0647851205224148, -0.0959155557507738,
0.137079221444093, 0.00563717310954954, -0.057575057523455,
0.0793387119748005, -0.0363861574326771, -0.10832282335619,
-0.0421492453768068, -0.0879022084283175, 0.0221429666372937,
0.109848773138506, 0.015276821221937, 0.0195390577202619,
-0.0461402400593484, 0.101327457944733, 0.051391250482956,
0.0689558020762067, -0.0206798923953006, -0.0425939770530264,
-0.0180330057201433, 0.0928393141755548, -0.0231511923972142,
-0.0120662170118215, 0.0238298196030556, 0.13103235478155,
-0.0757268819518086, 0.0833034411820602, -0.0867302904691151,
0.0406380462336223, -0.0925145866006458, -0.122523884496494,
-0.0550548755578479, -0.0847145247556376, 0.0832255570103562,
-0.077554181471616, 0.00425597786202116, -0.095946351217908,
0.019680377928936, -0.00378185153295153, 0.00574649583841388,
0.0128272099693481, -0.0393574091304084, -0.0381285320979181,
-0.105875197091123, -0.089823538993173, 0.0790986389817423,
0.0844329395341784, 0.0119673488159444, -0.0476511377962079,
0.0418599373991745, 0.0714930965058754, 0.00163341417640448,
-0.0152145455470722, -0.0295731860327508, -0.0393087380527436,
-0.155512165813289, 0.0503346779365369, 0.0819176607379334,
-0.0290641835063656, -0.00180258967446508, 0.0995893181761695,
-0.142471698473112, -0.0958632158481616, -0.0621968293541035,
0.0259815507960635, 0.129954101033226, -0.0749623203505379,
0.00553313139663925, 0.104811673918334, -0.0145720177227291,
-0.0292911298874932, 0.0944002115893118, 0.0472471954327727,
0.133673578417726, 0.040544655672932, 0.0467969766816568,
-0.0900021037488463, -0.0473294855719558, 0.0591630664159859,
0.0315828268376262, 0.0273271835956971, 0.0245315252867092,
-0.139214926116075, -0.076256004540736, 0.0213080972653419,
-0.10248746601144, -0.103998928137551, 0.0796691122250312,
-0.036049318737999, 0.0863821256126592, 0.0578901625142221,
0.0576636972682217, -0.0725692641351847, 0.0266337358019494,
0.191141368054483, 0.0956577959774081, -0.0891689432059042,
0.0320834220865873, -0.0656838358857367, 0.08664596783566,
-0.0346372943933063, 0.0579761683871415, 0.0185574109311696,
-0.0529330579452829, 0.0469651451126921, -0.0158900530932181,
-0.0539999148165806, 0.0250350111226938, 0.103820865372457,
-0.0796559742558376, -0.011088213609425, -0.111823626864606,
0.15791943006998, 0.00101661324075746, -0.0536043722311381,
-0.0654739180008457, -0.0524384590829416, 0.0625379587284515,
0.0368396782370904, -0.109633961357673, 0.0607471883849763,
0.0359610425374083, 0.0459869060196877, 0.0970429346626053,
-0.0569811231345349, -0.0420016949707904, -0.0145651471969116,
-0.0212733956676673, -0.211330865398073, -0.0128992596308345,
-0.0983419285474245, 0.108293434375088, -0.147713847686808,
0.0159027482268146, 0.146417548390865, -0.0382427570042912,
0.0244113020849602, -0.068337804887094, 0.111172374532134,
-0.0754233926214432, 0.0722672263525406, 0.186869811965153,
0.00496613642640343, 0.084674008153403, 0.0388657247174734,
-0.109601006522446, 0.100160284801212, -0.0414543449711151,
-0.0328531093731004, -0.0255774410649431, 0.00347805621086378,
-0.0170008313639852, -0.0804741831964403, 0.0553885088601962,
-0.080058243337542, -0.00037556506808598, -0.00868396278702304,
0.0550219610412574, 0.051505022826825, 0.0783647896612221,
0.000277582333623301, 0.0179157698963081, -0.0168196698200027,
0.152254007996664, 0.0417339643017191, 0.0637504751373384,
0.0307856889607355, -0.0336487199200927, 0.0841749599684483,
-0.0457830799225954, 0.0126526522795829, -0.0530700922198422,
-0.0139403558744418, 0.00435515609397234, 0.0853895004091742,
0.167671656796045, 0.019792476835165, 0.0231457591855177,
-0.130467879762437, -0.0138242055721819, 0.0810664700597944,
-0.00837044436916558, -0.0383577069905593, -0.000448230969581249,
0.0990287780859731, 0.0246083247644977, -0.117760414996701,
0.18804419942004, 0.0215336600071618, 0.0847598236831504,
0.00114292197129438, -0.121889665430077, -0.0835810953386808,
-0.0861870137596564, 0.0850597702941528, -0.101674306039422,
0.0268956778044738, -0.0327700659538412, 0.0229958539080425,
-0.129760269087208, -0.0344979680705714, 0.0178062496677149,
-0.10119237988708, 0.00518225397385712, 0.0647615658397036,
-0.0247072119133171, -0.0511014718231526, 0.124276387967132,
-0.0692052254876751, -0.0459701625880154, -0.0639432337013734,
-0.0270161914288763, -0.0625201369042919, 0.0054640382426523,
0.0280524145855634, 0.137059653935678, -0.0457363519155859,
-0.00552027941463097, 0.00225823095813977, -0.0218880232372334,
-0.142157074009271, -0.0768381873981455, 0.0465426746879117,
-0.0364526532545412, -0.00186773191580064, 0.0573813541119823,
0.178575334351307, -0.0765243015733787, 0.111106876930803,
-0.161002462004078, -0.0105112996669162, -0.00381417025037262,
-0.00853558380793037, -0.128353420815648, 0.0719558122205701,
-0.136681476043956, -0.00676140225768916, 0.154643844474999,
0.00173114728997533, 0.0489913804630163, 0.0346135030612623,
0.0693418222856474, -0.0171301900090253, -0.026111232210411,
0.0363759424773014, -0.0580753968269102, 0.0112649035574276,
0.0479361887758546, 0.00682742642355989, -0.0466289430368177,
0.0412990585086042, -0.0440243810729592, -0.0469603501514797,
0.0884229735355408, 0.0500474563520978, 0.00607477784286317,
-0.0161898002599993, -0.0682420763716744, -0.0671677485070198,
-0.00999993463933269, 0.0849140207591595, -0.0174783386644395,
-0.104092021979372, 0.0250067069295302, 0.0372905308397689,
0.124557951078019, -0.00514447868287147, 0.109720917839168,
-0.00923950179229294, 0.12249368190485, -0.0315866771293807,
-0.0185932129780278, 0.0369258053746117, -0.102878041475324,
-0.0266550684475798, 0.0506466192378283, 0.0426469906013493,
0.057456931568908, -0.213131189272832, -0.0665903377579827,
0.0551340854924801, -0.0551098598313681, 0.0137755763155249,
-0.0215760327111741, -0.0137484880636447, -0.0961978789449313,
0.00161833431778053, -0.0603652735460182, -0.0522017485333658,
-0.0510446550251856, 0.0805700226412129, 0.0488047245667514,
0.0232390627962819, -0.0941743834959818, -0.0280555420752508,
0.0699837644889622, -0.0568779743425521, 0.00731584649310963,
0.0452122812302624, -0.0231608406621303, 0.0866443724518856,
-0.0496326725080501, -0.00784258625548894, 0.0124873077988449,
0.164498102477024, -0.0151808591137688, -0.0122605869116866,
0.00945274925195603, -0.119435311051143, -0.0479476791690961,
0.0641077487952351, 0.0208274198706128, -0.0585151543743237,
-0.0720077166064466, 0.152113556438497, 0.0476206718693223,
-0.0665872412549654, -0.00474819437134868, -0.044565111941765,
-0.0321219314167739, -0.0183478639689001, 0.0337058315672851,
-0.0421808863567473, 0.136183914451832, -0.0239802758108156,
0.0907728477464278, 0.00446307998977162, 0.0393744314056024,
-0.0779328531219489, 0.0515313530760627, -0.0677408671634163,
-0.0201800686201677, -0.0421393090972486, -0.0158083748141477,
-0.168553705151587, -0.0176385651259058, -0.0933158248861154,
-0.0077674879422058, -0.140216940414701, -0.0374596481542203,
0.120450604470115, 0.285941471898997, 0.108036308948921,
-0.028174441487946, 0.131006619131197, 0.0629038595559459,
-0.00463835757784296, -0.0723773012946549, 0.0371484291653233,
-0.133198808744294, -0.00726305429144166, -0.0838510348771141,
-0.00474085138111895, -0.154930460625463, 0.0310142280009751,
0.269011057176869, -0.000229326287633613, -0.0422774426814894,
-0.0914657383008519, -0.00294348002879467, 0.173212377181937,
0.0304614875843184, 0.015851128334438, 0.0479795467592693,
-0.10742622695084, -0.0131838094972013, -0.114451528347354,
0.0927215757594917, -0.0597362241610777, 0.0268148266513138,
-0.000143898757497389, -0.0620784548791014, 0.0174760062668236,
0.000878213699301976, 0.22639226264719, 0.0689895334632029,
-0.0496630330281309, 0.0278575621982224, 0.00539280405163949,
0.0193256712788454, -0.015563388245505, -0.113597172925467,
-0.067459278724912, 0.0526722406453902, -0.0482578496546923,
0.0484190038088499, 0.0717162413837127, -0.13726019612123,
0.163270427172686, -0.0653640369516077, -0.0314983806080106,
-0.0864802765708823, -0.0857296889452548, 0.00818753681779005,
-0.138658509610108, -0.0143103579563128, 0.217154162025506,
0.10954982884791, -0.00437509054563159, 0.025736330465909,
0.118801526591509, -0.0984985057110588, -0.067509381010528,
0.0248068221522424, 0.138672390874527, -0.0529362907439177,
0.00809737986532176, -0.049100801957169, 0.0875513168454194,
-0.0392407555963817, 0.131761190520522, -0.0250929218225201,
-0.201815280683572, 0.0328572496436162, 0.0836093969115248,
-0.00148863964552233, 0.0253527964249294, 0.0313709920408481,
0.126042846065804, -0.0461944217354638, 0.0027026420250805,
-0.0371846371986967, -0.0662469862981483, -0.0394542649630161,
-0.095837923902274, -0.0431119854053436, 0.00704492742073045,
0.018021964348968, 0.109945365665686, -0.0611078871352892,
-0.0122268697147496, 0.00782957620165116, -0.0549208387276249,
0.073900455245713, 0.0516832743862014, -0.0151808887359331,
0.0979678759614231, -0.0102193010650502, -0.0585022419699819,
-0.0601465569587349, 0.0441726105673324, 0.10333999962934,
0.0989371564932764, -0.00541746168565389, 0.190919695434469,
0.0527015585391616, -0.0354424148918779, -0.0631115806012181,
0.0864035560767974, -0.0908052034575097, 0.0147150136053379,
-0.029957290310237, 0.0303111350496609, -0.0681917998182457,
0.0518741604639978, -0.0678506021768257, 0.0265744653191662,
-0.047018899880024, -0.0103334959377695, -0.0614047126177723,
-0.0645569394039384, -0.165769592563111, -0.00360811337264566,
0.0481520810054184, 0.0147564010218699, 0.0503574347924242,
-0.0900032643660727, -0.0728346160338348, 0.000944785260223439,
-0.0306389275397273, 0.032968866274595, -0.0475647365619902,
-0.035463442999367, -0.0244129992524672, 0.115098317135293,
-0.0490572744976273, -0.00119126215779949, -0.0519695936487066,
-0.0208330923289042, 0.177302745926286), PCo10 = c(0.0542880624560968,
-0.0478845167329531, 0.146141196256905, -0.0138885501198377,
-0.0018692514402255, -0.199717592602943, 0.00767741355296747,
-0.00207206231046747, 0.0145107498506233, -0.0188169724257325,
-0.0781447341615872, 0.0485453817706491, 0.0125244462127476,
-0.0703628459901648, 0.0459241406512433, -0.17256347782757,
0.0204978191814875, 0.061708631109495, 0.0276659604010731,
0.00600493809522112, -0.016246061595591, 0.012468871653495,
-0.0205681671643892, 0.0426510165389955, 0.0281588825665196,
0.0481715990985049, -0.0688528829649725, -0.143478389052061,
-0.197049007781596, -0.147863757343873, 0.107999066288187,
0.00229859773531699, 0.0379622655219279, -0.0164793161311338,
-0.0797573916472418, -0.0533208854858224, 0.0484902845429864,
-0.0859827964344442, 0.0432419265497183, 0.0318194526531962,
-0.128262186967456, -0.0761809339765235, 0.00111830535546327,
0.0518410456200726, -0.0379484177212928, -0.019520129004404,
0.00257397375788381, 0.0448526405151837, -0.154167443177731,
-0.0362739941967013, 0.0518605794992189, -0.100109767985996,
-0.016381773563719, -0.0443746207179414, 0.0885745804789305,
0.0446337169403739, 0.0425981356283157, -0.069335371451633,
-0.0788240035355746, 0.134779553429939, -0.093657743772366,
-0.0539649867690733, 0.0658239617804745, -0.00983504289499242,
0.0276939060089006, -0.00295021689662262, -0.0248313933184261,
-0.138545261689099, 0.112214791000387, -0.154361077281874,
-0.0677702893930136, -0.0154522366441763, 0.129357006405695,
-0.0126771435522252, -0.0256264179296317, -0.0650488053272902,
0.0354744812991582, -0.13119758227215, -0.0457989696930604,
-0.103498635180905, -0.0153067279137689, -0.0397855964153405,
-0.157737801501484, 0.0326807616153837, 0.0217148554555598,
-0.113335634769034, -0.0106166271339681, 0.0541392721673511,
-0.0492301456062816, -0.0681367820718795, 0.0782355829068536,
-0.0265768568297844, -0.0080702441888711, 0.00563360538685547,
-0.0317655600697835, 0.0294023029521975, 0.00895316881454273,
0.0832552506850512, 0.0620967569190089, 0.0142705406156989,
-0.0162824529647188, -0.103822786776085, -0.0528800093922912,
0.00488023179195332, 0.00769377703769555, 0.0245054291963247,
-0.164579819730137, 0.0357885910753822, 0.0639148323242658,
0.0840546284675385, 0.0151752760877404, -0.0360817132283187,
0.107505154389246, 0.0977907956455412, -0.0246472722138392,
-0.0551300420245207, -0.0669200501007989, 0.0996168838924916,
-0.0865451000729765, 0.0279748921976435, 0.0209659952624176,
-0.188957778508252, 0.0468066996893422, 0.00135061641883625,
0.0475336371432944, -0.0368916031136305, 0.0104149289012037,
-0.0353630237221777, 0.0162748429598978, 0.0822098744642534,
-0.0668355475878788, 0.0233128555557651, -0.187341506472411,
-0.0120644862984558, 0.0612740560316205, -0.142127480816816,
-0.0155112503506293, 0.0932267210212046, 0.120243288964411,
-0.0221047827378623, 0.0485280540602824, -0.12974753340122,
-0.0212083816538962, 0.0072949312123973, -0.092595126761842,
-0.0819216866679042, 0.0757445312976693, 0.073506235702373,
-0.00722818945583726, 0.0412119942626525, 0.161150824903583,
-0.038406466059379, 0.0459476517702853, -0.0132137530515844,
-0.00775530380523211, 0.0818688116628973, -0.108305472619244,
0.0494015837170062, 0.0449484008342783, -0.0354593278199315,
-0.201984898194656, -0.0279403707584157, 0.0129449699657983,
0.102326596522705, -0.191912640889934, 0.0282813629275635,
0.00845380684060324, 0.0157498624142932, -0.024516521878303,
-0.044764557775308, -0.0159133879574623, 0.0456580107312876,
-0.0319780511769846, 0.0335459125407529, 0.0318893466843373,
-0.0731110690762496, -0.153722460495631, 0.0354459542674449,
-0.140945435452175, -0.0634379056133837, 0.00652529077107109,
0.0374287736450737, -0.00325454811973524, -0.00507433797189485,
0.0656403603934084, 0.152655511997545, 0.0455518416987288,
-0.029043373268183, -0.04195492462918, -0.0215041411327081,
-0.0808854436938353, 0.0698563669546327, 0.116311438590746,
0.022354028980272, 0.025797853135525, -0.068364569489947,
0.0194158698496227, 0.147259562443518, 0.106749643778939,
0.0347396793350149, -0.0655806602933813, -0.194251926789551,
-0.0976800139963201, 0.0450186063033949, 0.025748163176929,
-0.082819548893981, -0.0128314288879413, 0.0431196198521309,
-0.0851624403948372, 0.098738575641151, 0.0940076519216485,
0.0197299227086843, -0.0313799587779407, -0.094338498117972,
0.0197516958870983, 0.0515721067258702, -0.0423414374516687,
0.045326673195006, 0.0364475611498315, 0.075434462357499,
0.0313400811196782, -0.0559565799161052, 0.0670378960265427,
-0.102787914905116, -0.145396599285157, 0.0392450641344372,
0.0451653423751273, -0.0386374441060152, 0.0573854925971127,
-0.0417679393942915, 0.152268951328464, 0.0367037761652488,
0.0588559926374974, -0.0957309447108623, 0.106895948475635,
-0.128426410306778, -0.140150787145267, 0.0290933472245086,
0.0272886865168622, -0.0391457473387584, 0.0724208506878546,
-0.0713151757975932, 0.0153351731444214, 0.0571067384506581,
0.0414951622941498, 0.124684681286493, -0.030004118500721,
-0.00556108223621275, -0.0300723380600264, 0.0393651850509665,
0.0837645052727328, -0.0310070435632793, -0.0696370317974692,
0.0748243872900719, 0.00986407298454734, 0.0591744163357725,
-0.025661062716216, 0.0801507224535297, -0.0607889679019177,
0.126354798006488, -0.0387203601320854, -0.129710239178679,
-0.191571179874469, -0.105456671142433, 0.0433851278361838,
-0.0319502795625028, -0.0766201286894341, -0.0576089650588105,
-0.0987848482646551, 0.00244312496710078, 0.0899645246979316,
0.00731960719394921, 0.0644803094007103, 0.0111892716594367,
0.17420881016727, -0.0165325434898381, 0.0396232504864068,
0.0102707435038739, 0.0477857754869142, -0.0188739635661305,
0.0133161159703454, -0.0316599127386931, -0.164340671117095,
-0.0430575987123376, 0.00935809494667025, 0.00605736098963531,
0.0493549434180637, 0.0474752938325749, -0.0347659783926388,
0.0611795618351297, -0.0242393054842404, -0.0237206952989967,
0.0231094426959182, 0.131342737811044, 0.131159679642708,
-0.0219672286470661, -0.0519915617933522, -0.0119406970792373,
-0.123320273053429, 0.0163864052427834, -0.0141514808170524,
0.0283578354520566, -0.0323659330547241, -0.195629289559868,
-0.0239884026093197, -0.0199073597416712, 0.0635200809598574,
0.0522122927336927, -0.0531232615292472, -0.0118107270158329,
0.0168549323829177, 0.0233918134228181, 0.00859879771962757,
-0.0160703457931158, 0.00894372935661257, -0.0796253302082489,
-0.0941578955145392, 0.105657415591866, -0.0419718054119291,
0.135814700219966, -0.0294713977347371, -0.017404484496322,
0.0975734308596349, 0.154121256765112, -0.00104793046743662,
0.115689234874859, 0.0316761915442552, 0.0327643127937468,
-0.00281299068033704, -0.230582925778018, 0.0258048474609799,
0.00180828876111411, 0.126256811690521, -0.0488849742070226,
0.0504920065051572, 0.0102466293821104, -0.122031999786023,
0.00901128568153596, 0.0242008796840096, 0.0471273116270556,
-0.0235105723531334, -0.063483006535666, -0.0426457112332668,
0.00576862932227652, -0.15866612244648, -0.0577311060335234,
-0.0622411959406584, 0.0915263098899313, 0.0465320695906052,
-0.143719693462084, 0.00308114183062112, 0.14799459036196,
0.0391313897858518, -0.0742706261497316, 0.233649539209937,
0.0873371069048158, -0.0633829900837663, -0.0716242762018678,
0.0534035229533526, 0.0802491411507455, 0.0978882526871478,
0.039132161537233, 0.0687002830615712, 0.0622235549940623,
-0.0302954645820309, -0.0151966664186742, -0.0821580469298044,
0.0395583774327051, 0.00234853527360708, -0.0526794608275004,
0.00929635372051317, 0.0521051537343354, 0.0545548299556365,
0.0242204085497313, -0.0051718051969976, -0.0866753544527173,
0.0167493016371129, 0.0745241111309168, 0.0863139678514414,
-0.00548785185058467, 0.00999988621574332, 0.0301528853820207,
0.0951495831598067, 0.0201591715935527, -0.00702171328598729,
0.0549229458035243, 0.0664163569671055, 0.0217436096227741,
0.117856440568475, 0.132162771508689, 0.00371510073234926,
-0.042285305087698, 0.0124348983356528, -0.122610812797894,
-0.233905175244728, -0.00695889136150411, 0.01442093111662,
0.0529519569252977, 0.0569276326570948, 0.109845978175271,
-0.0534213796615535, 0.0763093699774009, 0.0438022655338738,
0.0570908183836227, -0.0359096645316311, -0.0889690635963645,
-0.112961534670017, 0.0544382565755212, -0.166080487884755,
-0.00974783063713266, -0.0454975661464455, -0.0885450767236212,
0.0886883094174878, 0.00651568700735978, -0.0263658538028598,
0.00192506780262065, -0.0438370987241743, 0.0242322337073887,
0.123316931273384, 0.00780355935153589, -0.00420578900989831,
-0.00395240635659305, -0.0170065036247311, -0.0528149838426605,
0.0314084286653262, 0.159021875631003, -0.0313935646766977,
-0.0447985366700787, 0.0776244625168625, 0.0177605763945645,
0.080379444396935, -0.0929111731183154, 0.0374431911648155,
0.0346094811757759, -0.0190328296765219, 0.0648616291058257,
-0.0456758483258679, -0.105305230582187, 0.0744544761696222,
0.0355645188103854, -0.0363208967576523, -0.0636294006313463,
-0.127490100525233, -0.00686167926541178, 0.00274343878325038,
0.0454681498442655, 0.0308936921885617, 0.0066862143924836,
0.130169007171348, -0.0924716155904476, -0.0275451714544643,
-0.00404020678064857, -0.0274267119863061, -0.0485004036172014,
0.0541488964937473, 0.0322454761194156, -0.0729251587006753,
0.10566859310361, 0.025985148010095, -0.127666848190086, 0.029058581418162,
0.063062105129946, 0.0814435431522978, -0.10303554678028,
0.0226806576295455, 0.0339551457769586, -0.0734150068825533,
0.00470430178368296, -0.066013546696364, 0.0304740015007008,
0.0293260400345158, -0.0070733250222645, 0.0339282552619359,
0.075977376587827, -0.0869823053974572, -0.028945311079734,
0.0134609646313563, 0.0333321010106789, 0.025407284653508,
-0.0135245547853106, -0.00637682204702735, 0.0484566069174695,
0.0383364641944867, -0.0332434972062836, -0.0239397444932684,
0.01071252066584, 0.107294971151206, 0.057520689895978, 0.0129298632980793,
0.0369212498333186, -0.0159869632597605, -0.0430406924551081,
0.0791087468697241, 0.0400830367619762, 0.0198907031192182,
-0.0890590068176108, 0.0296423899728202, 0.117570568082535,
0.0708075430346926, 0.0233122669942056, 0.210818928479681,
0.0697501499779619, 0.0357815262953498, 0.0573645809227472,
-0.056526538524997, 0.0341642096537014, -0.0201424533873848,
0.0661450894222649, -0.00475364549384756, -0.0458320120715608,
-0.106566092422053, -0.042603589305614, -0.0769360546368592,
0.127051861702487, 0.00142272388900112, 0.0801932214863345,
0.0486484826058674, 0.0606393135052378, 0.00746481146808817,
-0.0449879442655844, 0.0376514476703854, -0.0211493333018873,
0.0278152716387232, 0.0225261961013383, -0.0574140555609566,
0.0750959392595707, 0.107021910339575, 0.051324083510789,
-0.0622248537409965, -0.0601150115416938, -0.0175777725190985,
0.153006839125429, 0.0420146883948773, 0.0137133513654245,
-0.00531736946019128, -0.0744678990749858), PCo11 = c(-0.018604183485376,
-0.0486333939730418, -0.11531590889569, 0.0648895860236279,
0.0181203132244341, -0.0377887614883546, 0.0256289653004592,
0.0796370131048651, 0.0195540048318212, 0.105885989661098,
0.03863588123021, 0.0553207751831569, -0.00615374453725154,
-0.154758466636133, -0.00916322353918142, -0.00185738966765741,
0.0613449539205144, -0.0571842707327986, 0.011743478291703,
-0.0922373277748952, 0.0929611635890496, 0.0109769964625532,
0.0385092344575355, 0.0217823838795366, 0.0133510414285842,
0.0414242105177902, -0.135917212170164, 0.180272939524374,
0.0659750617305021, -0.162254822334246, -0.0587800583803296,
-0.137535138984331, 0.0623217658213355, 0.0728268174782261,
-0.00206641805351604, -0.159670175136344, 0.0102094924577923,
0.098533184467164, -0.0288123748319027, -0.044392338006392,
-0.0548121633194072, 0.0279997886581568, 0.0235107892751099,
0.141154689819107, -0.175332192009852, 0.103175016441719,
-0.0823425280665182, -0.000708944825656794, -0.0203469229981358,
0.0834856074954408, 0.0361165675220395, -0.0727886803371571,
-0.0209820291380201, 0.0423604414342996, 0.0212017905237204,
-0.0562713288712743, 0.0835393373922021, 0.0350145991380205,
0.0833902273167553, -0.0665029365886405, 0.289205880902647,
0.111234041120718, -0.0747770545803808, -0.0803134372648422,
-0.0154457629746027, 0.0149324197235954, 0.0598689603937009,
-0.0468449643252048, -0.00484110994724812, -0.056666550246403,
-0.146386221442493, -0.00774589846909823, 0.00380473262435604,
0.0211939137135302, -0.00317732955425147, -0.0919894779065819,
0.0203279110088899, -0.163705375495013, 0.0690346975098013,
-0.0775766284918112, 0.12649786044436, 0.0781598047939883,
-0.0275110955682967, -0.0501072628118421, 0.0544140468851592,
-0.145213067888205, 0.0464178319725125, 0.0123352745607876,
-0.00576463124505449, 0.0454503048678078, -0.0462175873136938,
-0.0515252645248259, 0.074075297282348, 0.0264008979096805,
-0.0776487493092182, -0.00879128400167147, -0.0032658741059311,
0.020927974546102, -0.0057177534238416, 0.000869595966928721,
0.0607681475945717, -0.0140850474874627, -0.0918185303195009,
0.0113195028723286, 0.0625573537784868, 0.0439255912327803,
-0.0120662943194861, 0.0092691404125643, 0.0351879811548634,
-0.0357393311683438, -0.00293401045826753, 0.0181160150101365,
-0.0715803599816301, -0.0410748086872763, 0.0520979002035596,
0.100072570542077, 0.0956750457881888, -0.0765283741274664,
-0.0152167572296877, 0.0303523831741936, 0.0167766648978349,
-0.0362098221246276, 0.0560119752812033, 0.00333373721209738,
-0.0245929097049552, 0.0136328587276893, 0.0618613722787981,
-0.0723846114184491, -0.0548052606851602, 0.0238265397264117,
0.090301896149132, 0.0296915473695746, -0.0676837791224162,
-0.0823926304130211, -0.0236598348290922, -0.0846821866310073,
0.0565320142744762, -0.144605640138182, -0.125833130583384,
-0.0242727159917945, -0.00162313404370358, -0.0937459350550124,
0.027418912923647, 0.0786090435070466, 0.0571762501189323,
0.0916233292798177, 0.0130496576415642, -0.0287964231739485,
-0.0139438907388731, -0.0477862758480259, -0.00857302068888913,
-0.0947077073787839, 0.0178419185588525, -0.00181563842090852,
0.0456426086947758, 0.0563360158738, 0.192680138100716,
-0.0841962266144935, 0.071398280431594, 0.0676459371593313,
0.150465512548152, 0.0700009823508475, 0.0572516938545873,
0.134604670989848, -0.00369354020745943, 0.0319862490069116,
-0.0541610425431603, 0.0146219359642744, 0.0111549636639132,
0.0758959616307178, -0.0169403539907395, -0.00597702972207742,
0.156497874480187, 0.0244824441148419, 0.00124934859081118,
0.127500225423055, -0.0584227191170961, -0.056368590744808,
-0.00899447239782951, -0.0497643700098631, 0.0523438072770487,
-0.0306590746195815, -0.000253430553398586, -0.012121411189804,
-0.145363719194299, -0.053444493361752, -0.0347685555510016,
0.0332918856923091, -0.0519936426653177, 0.018025254974932,
-0.208080387858223, 0.0204057998439989, 0.0302621810926867,
-0.0327105391711131, 0.0931737376339082, -0.230105169159369,
0.0802148515334802, 0.0384589168598815, -0.0358351514327305,
0.0216345877492465, 0.0437397757789226, -0.0228819426649131,
0.0206144890512065, -0.0160700171443795, -0.0362414067321669,
0.0871533614022915, 0.113578926799723, -0.0783402627658192,
0.0310621753451223, -0.080008651993409, -0.160359113028637,
-0.0226484483101944, -0.0271806271983446, 0.0799662905982685,
0.0659143184047371, -0.00173147744287989, -0.0380047223887999,
-0.0303710103146271, -0.0655286024174753, 0.0493550106508271,
0.0282306220089722, -0.0466606375071373, -0.0315902136810092,
0.0257253778542002, 0.0944704166053237, 0.0763214434928822,
-0.00729606133523086, 0.0676261996976183, 0.0133819569945319,
-0.0527532462489768, 0.17831454653949, 0.0735905986382914,
0.0111199654049027, -0.0678710941274738, 0.0130592066695055,
-0.0285223562046017, -0.0398568418426597, 0.0127492037558251,
0.087469164426705, 0.0463651783956389, 0.0295302741255529,
0.0253998938468926, 0.0173102063075348, 0.0541466500175171,
-0.0177886001616306, 0.0174162499107236, -0.0111497814241625,
-0.0623703255194585, -0.157587177545786, -0.0830323548570622,
-0.0160649445792532, -0.19946849548472, -0.0217379319526128,
0.028429702761774, 0.00358777314627812, 0.0623184469848916,
-0.0468909106130617, -0.0614864821435456, 0.0208961996469979,
-0.046554076703039, -0.0189641599192664, -0.0024414680956637,
0.0451621227684533, -0.115237614040193, 0.0279181943690331,
-0.0661212636853228, -0.0986093963293213, 0.0535606618342835,
-0.0874833077009989, -0.00146030182451447, -0.0354082343432257,
0.0610296834952428, -0.0806723457518174, 0.092916650454949,
-0.078065069209404, 0.0694143411057102, -0.0553603335396939,
-0.0758805896918373, -0.00592320882178397, 0.0334292838373664,
0.0160992842782976, 0.013669709907813, -0.0319177289941495,
-0.0304229483638483, 0.0838478072908459, -0.0424286536298062,
0.0433895630172872, -0.0348253240538915, 0.0539595775687335,
0.0205095592426903, -0.019201547997558, -0.084881595418538,
-0.00112260476863629, 0.0876251960592725, 0.0221996615707145,
-0.00563904134915185, -0.0250048634666464, 0.0159962056421321,
-0.105495216770129, 0.0387161566024195, -0.0301730233118776,
0.0229554019414413, -0.00118367763668147, 0.0194778725733181,
0.00802599337594276, 0.0481026106255059, -0.00644210734747192,
-0.0283734810826, 0.0710293602299142, 0.0777622531730253,
0.0281378493127859, 0.0612427018279425, -0.0406911519538777,
0.0853292573104737, 0.0412604359730053, -0.0020881662641526,
-0.0340832777919083, 0.0181640916502233, -0.101794030306298,
0.00252499896456657, 0.0553695042588793, 0.0826268910502801,
-0.0299109338194569, -0.0438591952874762, 0.00222044650579386,
-0.0362638956706661, 0.0513270830582366, 0.065433432994905,
0.0550575032301788, -0.0564664766357836, -0.0204748449107506,
0.0205046858290642, 0.0104326610401231, 0.0722431576494512,
-0.170176296835422, -0.0340133186050327, -0.00392504068751804,
-0.00890467182893258, -0.0196120291143065, -0.133238270864934,
-0.0375084498499833, 0.0966137131080135, -0.0707518724705141,
0.0280093424538809, -0.0561400427882587, 0.0222268068106205,
0.0219597667760889, -0.0433531611087779, 0.0457206078055309,
-0.108616321515286, 0.0408667991874499, -0.0156283305483202,
0.0442850133300993, 0.0456031857688387, 0.016423154913066,
0.0518582672960943, -0.155757101785685, 0.0513901904438624,
-0.0431045562379663, 0.00981877487844237, -0.0180833337451239,
-0.00549352779806395, -0.0856559822686292, -0.00840544650045764,
0.0120071652989507, 0.0732311782344111, -0.0150625870242693,
-0.0200005234688143, 0.0452726354942942, 0.0828175940518314,
0.0160830485872397, 0.0449392143304041, 0.0326306268780784,
0.0795569492549223, 0.0411509980106767, -0.0498155690052247,
0.0262798586057378, -0.0643782715742166, -0.00669626356718479,
-0.0259822223633321, -0.00123100536244305, 0.0394815411041761,
-0.0194533435618392, 0.0264278709572596, -0.0278839416701948,
0.020652480604477, -0.0260119014045069, 0.0352264391156111,
-0.0307022702019311, -0.0537552600945726, -0.0451845528383551,
-4.07403505794355e-05, -0.00571820144280556, -0.045821570394473,
0.162716664072049, 0.0176056663694739, 0.0728323449070317,
0.123475016477287, 0.0266577763796201, -0.00589620362949122,
0.197185812306484, 0.0189755036217704, 0.0631311872326129,
0.0993455248481778, 0.042661278525065, -0.0470792153298444,
0.0612552232040989, 0.0607607623402192, 0.0445255583002768,
0.0685535059892315, -0.0968307777233663, -0.0797544092009173,
0.0140716896437161, -0.105394391334097, 0.0464043484576317,
-0.145233551511947, 0.00912058038958672, 0.0471807283281896,
0.00555789205709684, 0.00567654539025144, 0.0305621497447165,
0.0666337097119088, 0.0865979133991028, -0.15375192330117,
0.0172700729761462, -0.0216336922623685, 0.00882317427292021,
0.0506389763403497, -0.145545234952231, 0.00634789685464636,
0.110607912658816, -0.133350661403858, 0.0434488682610953,
-0.108974346502466, -0.0165345265812008, 0.00673074260125753,
0.0864135940332673, -0.0306539464937888, 0.0440248497722655,
0.00839473591818223, 0.206505545562737, -0.0410744011168921,
-0.0150794786856832, 0.0241956768221107, -0.207737130427082,
0.0932203265564098, -0.0064198303528297, 0.0268444796940172,
-0.141794931170479, -0.014680825221707, 0.00935663768572173,
0.097331633556734, -0.246082497643728, 0.0560008484450583,
-0.0212872428098031, 0.0744101694585556, -0.187155472558807,
-0.0811060017136136, 0.0510209939654889, -0.0635992844401357,
0.0574264424615298, 0.0658799090473875, -0.0358459417233993,
0.0462693048350212, 0.0504816610272034, -0.0189700246990757,
-0.185907627799712, -0.00121429739178402, 0.0181140833057525,
0.0639444611548581, 0.0472947514213116, -0.0400612711953055,
0.0604918530330978, -0.0169756468283479, -0.203275494416074,
0.0403953098786091, 0.00957625821673943, -0.0371897051975931,
0.0354875814368684, -0.157107760913393, -0.034792962692292,
-0.0105114441717374, 0.0357310920074458, 0.0835676399547876,
-0.210708921904451, -0.0389336640872858, -0.0914237180467174,
0.00396938782280142, 0.0975019144369547, -0.0198249566057741,
0.0308349965761277, -0.0690177134996037, 0.00625910521887496,
-0.0201527024825264, 0.0657519243075828, -0.000128590306704791,
0.0162283506527171, -0.00304810564620995, 0.00714857959589597,
-0.00145327612826641, -0.031169758171244, -0.0170349864455705,
0.0043598167781061, 0.00366058616954757, -0.15326875698724,
0.0660536892510314, -0.0363267777675872, 0.000388586751780892,
0.0388183853686899, 0.0867774869332214, -0.0539399263856181,
0.173356330397873, 0.0388538118495362, -0.0818441547011884,
0.0504125535185259, 0.00178521071331367, 0.0624505644872037,
-0.114276082395156, -0.00222254546239665, 0.033046033092172,
-0.0190443820551114, -0.0302108933477736, 0.0262883608206265,
-0.00942733802578962, 0.0197907427376978, -0.0775867407887958,
-0.0318775327688921, 0.0632247858629107, 0.102297888535795,
0.055378085222952, 0.0785259632786283, -0.0348948199211978,
0.00271290550654284, 0.0528260592498326, 0.02390772872452,
-0.054353501164477), PCo12 = c(0.0248090904262643, -0.06838246820715,
0.0176537166533397, 0.0085197134490317, -0.0435278745506784,
0.0851605952314805, -0.0651244349547873, -0.0921644687502884,
0.0364038245267581, 0.0470439602567952, 0.117109874139964,
0.0233422010632628, 0.0493614702236969, -0.00701634104993138,
0.0464194390214807, -0.0913932964114506, -0.0865381806345546,
-0.0896109646671367, -0.0109123801637842, -0.0953020660152674,
-0.0614121209362035, -0.0301820771556683, -0.0181508708861897,
-0.0105112530618362, 0.108914744903241, -0.00895938084976437,
0.0324453829080788, 0.222357983497873, -0.151298852763233,
-0.0581377968403434, 0.0802218427699524, 0.0595631155738419,
-0.0547317748808505, 0.105921114259761, 0.0473808947809736,
-0.113457463590655, 0.0351733303291731, 0.270266538635489,
-0.0296377347148009, -0.181902689457238, 0.0770639262613565,
-0.0259994030228794, 0.0243152059791258, 0.302139776091414,
-0.103217744303492, -0.0755900526576381, 0.128117617176727,
0.0200010619553643, 0.0660384274352681, 0.0258485387933584,
0.0186691642853258, -0.0323388771791765, -0.00546092010801048,
0.106628333314658, -0.0570107443869522, -0.0549116698290555,
-0.0644705125195621, -0.0427578770155291, -0.0605979657764026,
0.00983863487553747, 0.17431183177784, 0.0479134810535013,
0.0407635724500171, 0.0339446023764995, -0.0191372304984947,
0.156663172317558, -0.0722048267206984, -0.0314762714119515,
0.00592092201957834, -0.0800024551246187, -0.0994679714939995,
0.11480682334127, 0.0525482210435121, -0.0340410522626749,
-0.0303236047493412, 0.0178316173828797, -0.0414567679618354,
0.0116154131496734, 0.143797195824303, 0.0380817828085869,
0.0211384685193292, -0.0489107081291779, 0.0414591502513425,
0.0403187987833947, -0.0299615034293144, 0.0141669704647439,
0.191036299069841, 0.0676943727955089, 0.0629207533692623,
-0.0771396132756427, -0.0461751519146994, 0.00606946638164959,
0.137732318408862, -0.10379086337094, -0.0138964425936681,
0.0540483987421547, -0.0355938568411543, -9.67634056363021e-05,
-0.0142296996771055, 0.010778572418158, 0.0543143264584799,
0.0349652876462404, 0.0851052115047436, -0.000108511458534965,
-0.054341473653678, 0.00688293480841311, 0.0247563363070655,
-0.00448100234530623, 0.0318259727563953, 0.0201078655579764,
0.0146132437182195, 0.0561635180304361, 0.0497440291974897,
0.0639934269460504, 0.00522767964604427, -0.00975905057164145,
-0.0814663193367964, -0.0271852771678545, 0.00685492927561508,
0.110343800310433, 0.0216088482675581, 0.0548524695312814,
0.0420787000736574, -0.0168973547482352, -0.05814545888209,
-0.0274333596806453, 0.0115982506386484, 0.0822655762851499,
0.00288565734584707, 0.0903037199361326, -0.0421791441612125,
-0.000524154675262662, 0.0300786413081638, 0.123465841145383,
0.0140025210674523, -0.0146506258301227, -0.0509739384836054,
0.127541656942512, 0.0818858950335569, -0.0513055280504113,
-0.0199879274614823, 0.0424947736869944, 0.0591851908756024,
-0.0778981992926205, 0.0574277261259868, 0.0143430020799438,
-0.0599450061346435, 0.0420443351363898, -0.0572391863441203,
0.0274984165535437, 0.0233595817050358, 0.0320470667937718,
-0.0587777953679669, 0.023233610827134, -0.0143123095514835,
-0.087714495393067, 0.000332872834296384, 0.0228833777923452,
0.143380174243216, -0.00798603233872631, -8.70885014772481e-05,
0.0876456362537523, -0.0374841589900683, 0.00878433072799852,
0.0836262220305817, -0.000239467203114736, 0.101005410568149,
0.0640000347999256, 0.102378837703015, -0.167250868976949,
-0.0699392839848307, -0.036332656335433, -0.314235976614722,
-0.04944797923217, -0.00835177414246334, 0.134446047481213,
0.0104861182648776, -0.126329969825814, -0.00767115836978071,
-0.000283172535784358, -0.0397433243496972, 0.0163992902598784,
0.012483754932547, 0.0188439560793383, -0.0828862933282065,
0.01801654524073, 0.01709083221803, -0.0926688403673783, 0.137545409740433,
-0.00545164603116644, -0.0650917089511932, 0.0187556978145562,
0.0530616042925365, -0.0377773306090391, -0.0950734914131259,
0.00868098528945884, 0.112943680082929, -0.0431201463194939,
0.0242755620886421, 0.0955740492454725, -0.0908422063191669,
0.0645580945313899, -0.0521761179119999, 0.0935270635791223,
0.050520455858211, 0.0765434785298777, -0.00802619979082309,
0.0463274556171688, 0.130168035217547, 0.125221236841994,
-0.0231172152375907, 0.0151597097407815, -0.00482756950477309,
0.0175224601655279, -0.0335403811264242, 0.0103642538206848,
0.0380607034724359, 0.052197889969949, 0.0473784953478205,
-0.0942659655945326, 0.143826656701622, 0.020473940653364,
0.017906849584666, -0.0946668340094952, 0.00363162270789554,
-0.0389603983362091, -0.0203008878984288, -0.0495480382775354,
0.0214632393346392, 0.00568351096382583, 0.00782586325700858,
-0.0312846755214767, 0.00696132782591335, 0.0248787368164162,
0.295433223555935, -0.0559395758863092, 0.0414498897828655,
-0.00278839707540183, -0.0842716060220173, -0.0267707172241455,
0.0490477517919344, 0.0169574699112006, -0.0298834235128052,
0.0708778022485991, 0.00917901126977534, 0.0695615715016489,
-0.0882589061439978, -0.026864169056733, 0.0790595315108598,
0.0287676151189181, 0.0641256152066732, 0.0250437462773946,
-0.0372975007242413, -0.110328830599354, 0.0794638094266304,
-0.0545613636846, -0.00434055643093187, 0.100730954119411,
0.00985037588559657, 0.00975348110321775, 0.0697527527982881,
-0.11138577641131, 0.183946306946907, -0.0582595016582407,
0.0293267098198577, 0.026389382248631, 0.0614973221035651,
-0.046626108467435, -0.0531044116856802, -0.0278480535013343,
-0.0173628505764884, -0.0458287964774922, -0.0429971806397002,
-0.0280824445962821, -0.0894770487778429, -0.0212575857870927,
-0.0863230446906288, -0.0408897125375783, -0.0469433509777485,
0.0527433387277966, 0.0112968796638118, -0.0357515935139872,
0.113899121486858, 0.00345856577698955, -0.0642726235347072,
-0.0361828777407343, 0.00150324337958302, 0.0347005382867157,
-0.122810908555824, -0.0334720495576256, 0.0212587950226016,
0.0830536188251222, -0.106866187971124, -0.0571656329136117,
-0.0644344238740391, -0.00199574718833871, -0.024874362200016,
-0.0289684962484181, -0.00581651575856066, -0.00169331071851058,
0.0194645448624739, -0.0113830283852967, -0.0499708833065965,
0.0121099736567056, 0.0394900844150519, -0.133776343563739,
0.0298127496390195, -0.00346771537713119, 0.0108436697254469,
0.174392979940482, -0.0442014071708183, -0.0534984586114179,
0.0166356815814977, -0.0376326814709269, -0.0575546457907433,
0.0246192899626249, 0.045957200385537, 0.0469739039982206,
0.0918452136617905, -0.00929169346553636, -0.0957127151153486,
-0.0255436799956726, -0.0166395211022251, 0.0247183921686317,
-0.0145683806051513, 0.0326683298998626, -0.0809088445857036,
-0.0244166479944821, 0.0141662671020973, 0.0624091322397692,
0.020141268723094, 0.0721011654994356, 0.040762945050593,
-0.0242783690821317, -0.0374175438230527, 0.0136098655802568,
0.0355057946830323, -0.0206657332505014, 0.0221042378332195,
-0.0391354168084282, -0.0128639831825773, 0.0337772338061401,
-0.0359467517662956, -0.0537905913457511, -0.106641225673983,
0.0877207437801984, -0.0613382871384992, 0.0122573063183515,
-0.00586371074089021, -0.00397711456788712, -0.0128724486690886,
-0.000787730812297799, -0.100099378172838, -0.069326150260415,
0.014897417687658, 0.00772375521871696, 0.0133428681027681,
-0.0274356511630263, -0.0302266165258007, -0.113349027684476,
0.0880523476886777, -0.0176095959510219, -0.0767613609210256,
0.0307382697706991, -0.0440515953897679, -0.0437056039022432,
0.0239974925844884, 0.0135977825646509, -0.0286179383665276,
-0.0287772408608107, -0.143896520025139, -0.113150044339842,
-0.0253382238772055, 0.0227672833274313, -0.113592253371293,
-0.0899995593994339, 0.0649004040334821, 0.00745753906315806,
-0.0093341977491142, 0.0327396578973196, 0.013686006098843,
0.0133055470332415, -0.0225558481441358, -0.0200050845426282,
-0.0098838727129052, -0.0413862220969724, 0.071629111697547,
0.00802517514354587, -0.0725879265953467, 0.0248331268255045,
0.0227060487021761, -0.000483967570613731, 0.00422033670878098,
-0.0576182231353398, 0.000738656130907493, -0.0427294827158669,
-0.097593813870154, 0.112187786237262, -0.0180651624351317,
0.0205471978867493, 0.0637043301836084, 0.0147950972469363,
-0.0377842400184668, -0.0518491973207893, 0.142248408962249,
0.00508743239711325, -0.00474081873533562, 0.215587936329912,
-0.000223451130840737, 0.167838957525108, 0.00691865917531891,
-0.0939216787481787, -0.018070553493797, 0.029201124222762,
-0.103339179153169, 0.0569854782415279, -0.119216370991587,
0.0304922177572399, 0.0260482587893981, 0.0361930593135947,
-0.0537123181802241, 0.0625239366667958, -0.0149042835068052,
-0.0893089537579955, -0.0193539721584188, -0.0849925884469279,
0.0124790696790019, -0.0314167028204414, 0.109612955564121,
-0.0147925833369118, 0.0163598526846029, 0.0314927745787482,
-0.0331057846257168, 0.148148810574128, -0.0534101492954678,
0.0588339682524176, -0.0561349344085009, -0.00667926911350558,
-0.0484065304905775, -0.00483034916049439, 0.0549779838680832,
0.028612327487936, 0.0390457294686813, -0.0119732475788333,
-0.0577181850470131, 0.0321711894005656, 0.043188528749773,
-0.119314197252275, 0.103216058811689, -0.0373346568128333,
-0.0086394674364476, -0.029053537923668, -0.0355453485044436,
-0.0653759635505149, 0.0197902156528632, 0.0156275102999842,
-0.0643479867085684, -0.00340660556933382, -0.0865659947340468,
-0.0171304279775787, -0.0236606905051536, -0.0587182107194346,
0.04184639524168, -0.0275453749737648, -0.0540702988573683,
-0.0208360268370582, -0.0424792708677072, -0.0576656088641061,
-0.026704505150906, -0.0273990165557964, 0.00978821489281453,
0.0337634796565131, -0.0504224937097385, 0.00717261222758662,
-0.0669098459708675, 0.0124318944098257, -0.0983208796914306,
0.031174153787493, -0.0634558560463073, 0.0950635104721283,
0.0672652097898692, 0.0312807455846225, -0.0801604008187851,
0.0232418464942746, -0.0709352561912312, -0.0645429233857788,
-0.0656939931210487, -0.0129605355471608, 0.00831136696138018,
-0.0736426787088847, 0.0615729211413051, 0.0363407658815505,
0.00828834155624688, -0.00542365841982922, 0.0487340609363805,
-0.0869132977194601, -0.00437824384470536, 0.0332648577956959,
0.0166087438977515, -0.0539783371903598, -0.0483216405524905,
0.0204111736762124, -0.0229253531532266, 0.0262189617478809,
-0.109130373851424, 0.00364106697956203, -0.0419013200975334,
-0.0669690841237726, 0.0349007172280647, 0.0804354347046253,
0.0325029193414531, -0.16920784832478, -0.0189621502252546,
0.0083082060116918, 0.0731826943604051, -0.0152895797901729,
-0.048108066494934, 0.120912798798705, 0.0305355394393507,
-0.0491845466470968, 0.0265886991439372, 0.0165169691183039,
-0.0661743137772973, -0.0192027830335815, -0.0183672477713537,
-0.0401429187536302, -0.151299162499061, -0.0620200826342841,
-0.0578329962682864, -0.281078562285034, 0.0294101961557071,
-0.0105960347305389, -0.035567905074026, -0.00989302884275263,
0.0683609822437547, 0.111062867571951), PCo13 = c(0.0238107521710258,
0.0870896226426984, 0.190102463134879, 0.191639893000903,
-0.135570421656596, -0.057736843879632, 0.198834304671712,
0.00880389188127134, 0.0464326115326248, -0.0883693737313094,
-0.0624154595246578, -0.0200034198444577, -0.0513665989273388,
-0.00680748360094284, 0.0760313323880766, -0.0567048150728209,
0.170330920023119, -0.000124276812627763, -0.0937523417753725,
-0.066454059040706, 0.00247671921053631, -0.0481714547297255,
-0.081632452357313, 0.00760513296742759, -0.0842207181149646,
0.0402282190923821, 0.0387758959284284, 0.143718953812737,
0.000852054409331991, 0.0790360632309133, -0.0575223516015176,
0.0041215793264262, -0.00505696036057289, -0.00302535249748325,
-0.0145157192886651, 0.0510867476987883, -0.0911957739236977,
0.0787622703566144, -0.0102285719590123, 0.0666836040335716,
0.00939565075183011, 0.0228483015156068, 0.0571326429767126,
0.144083193708969, 0.0583518848909269, 0.0680225756723721,
-0.0257392725566252, 0.0562396237997269, -0.00953108218477915,
-0.0867488027258099, -0.0299909586190996, -0.0467694302986613,
-0.0502874632483648, 0.161833874689158, 0.0383500309685121,
0.0541864290267621, -0.0324455119454627, 0.0292347359924546,
-0.0188911094276534, -0.102109971105529, 0.14181257580925,
-0.0141712440143633, 0.0258547546426155, 0.0420578340330995,
-0.0818173607849345, 0.0271946060472089, 0.00608260117573884,
0.0229474968682062, -0.0709798520216659, 0.0102673887246656,
0.0302093978912709, -0.0695612629684647, -0.00463459337499248,
-0.0149520829829161, 0.0509187791977424, -0.0025922513779464,
0.0524867021771386, -0.00885029658043515, 0.0849749119628351,
0.0372315007104635, -0.0411425173896133, -0.059913717909214,
0.0295702102199474, -0.0619804066217748, -0.0228379694759966,
0.084088264818142, -0.0193193617552754, -0.0558476422137672,
0.0631431729646703, 0.0118492474288757, -0.102133296180233,
0.0264089763057032, 0.10538855091155, -0.072636243798838,
0.0474295741601592, -0.0823353191844321, 0.0705271079520549,
0.0606126457256075, -0.0400969925975698, -0.00433354219807016,
0.0517168552265222, -0.00741878909239398, -8.53911556883481e-05,
-0.0437647930456955, 0.0965160785923232, 0.0555785900374107,
-0.0423416581725865, -0.0217424396488897, -0.0469545246316297,
0.015665757687762, 0.0542524338087802, 0.0991434730755526,
-0.0119316125970391, -0.13975392808405, -0.0839280089902644,
-0.0275327812784701, 0.0192825126720056, -0.0902911205013555,
0.09714694226086, 0.00483594099388152, -0.0842479862917132,
-0.0428520858100223, -0.0742874475785587, 0.0573145165660769,
-0.0376519383907041, -0.176301939827586, -0.0426296220664307,
0.0201972965649991, 0.0345185140077431, -0.101682428839338,
-0.0695039229838503, 0.00709895172480546, -0.0373188939499412,
-0.0757979164919831, -0.0142942176800952, 0.00291924567439574,
0.029364153256439, 0.0339557812831637, 0.0186770895645821,
-0.113046838803766, -0.00190096446453907, 0.0180677986587463,
0.0154699102692174, -0.0210447507052755, -0.0190165860866714,
-0.0105881135913036, -0.0784331033884489, -0.0644847309399604,
0.0373595685965191, -0.0761564033838235, 0.0198832662323385,
-0.00517299433858066, -0.0196152615435608, 0.0185563556116937,
0.10219228369087, -0.0791361506825505, 0.0811116530881842,
-0.0693929179905632, 0.0820555079320683, 0.0767578921659649,
-0.05306302581472, 0.0463480617208228, 0.0159379180937574,
0.0172534694959877, -0.0585635445103213, -0.017536976047929,
-0.0891677937670676, 0.08696114989687, -0.0201891403932572,
-0.1120436866396, 0.0273446518592615, 0.0273593194847464,
-0.0145413648717618, 0.0144182973069835, -0.0308890385923128,
-0.0856323219516571, -0.0701838698060428, 0.0885923952741287,
-0.126647974265082, -0.0306139033889531, -0.0217912582158128,
-0.0581872152936193, -0.0176194966943027, -0.0248004523375995,
0.10053984345886, -0.0607406033274126, 0.0662685296243697,
-0.00906441082593435, 0.0706793422423872, 0.0235776544636903,
0.0144923444894371, 0.0807112409426022, -0.0951456685675377,
-0.0382062022312438, -0.0186189359991306, 0.160461980720709,
-0.0340026880405899, 0.111167765172598, 0.055432922270975,
0.0947799906858788, -0.0309700692257705, -0.0170369759593164,
0.00497665823215473, 0.0161767235687578, 0.101822437401939,
0.135709169060647, -0.05486785212659, -0.0465915888375747,
-0.0411469140723331, -0.116459430120152, 0.034507962298951,
0.0384486777367403, 0.0125893633236097, 0.0266561059288926,
0.00565533317510834, 0.036772180446158, 0.0425308707943865,
-0.00724433644898266, -0.0253238341843962, -0.112222216642514,
0.0257174737930031, 0.0434278599956759, 0.00694449048214693,
-0.0416035798605948, -0.0697053802184267, 0.0649639537047663,
0.0323313016026855, -0.048293294629246, 0.0265112979283403,
-0.0177447572927272, -0.0121454544033618, 0.0388613686673286,
0.0103814984748698, -0.111917287232287, -0.00748278943537464,
0.0222154212907004, -0.0479275295429459, 0.00723191826966394,
0.081253531574378, 0.148838106293882, -0.148316946542236,
-0.0164426321910713, -0.0849062562145741, 0.00830024706506531,
0.0404561436530181, -0.126245761968862, -0.0508624475077742,
-0.112165222867949, 0.0840543729108564, 0.0831773281460948,
-0.062173648419668, 0.121981287516274, 0.00114697762536355,
-0.00626052361001182, 0.0628005451376323, -0.0426587443718236,
0.0157806350647947, -0.0533992057923329, 0.0737441338374209,
-0.0798470753115463, 0.0359824470686988, -0.0163921090435182,
-0.0314102788146787, 0.0832245225830917, -0.0327181238364786,
-0.0464467418476351, -0.055117723694038, -0.0534089980043215,
0.0505553557995821, 0.0446207784405786, 0.00164709388018304,
-0.0209951046664381, -0.0480731338380167, -0.0772592889095154,
0.1058950021542, 0.18637008596887, -0.0976119954413659, 0.0063230539444037,
0.0364678244496365, 0.0491940127728725, 0.0106035906694516,
-0.0432502375148886, -0.0490307240211949, 0.0119766659457759,
-0.005912568399381, -0.0840303733615721, -0.00622906680855124,
-0.0645055882254332, -0.0375260892088047, 0.0150718108012545,
-0.108062254139165, -0.122212298511391, 0.00695991556596371,
0.167272962743114, -0.0318792139053125, 0.02887550287544,
0.0442685058525756, 0.015482490744785, -0.0563017886393319,
-0.0381788409322145, -0.0842360274123215, -0.0266941965612043,
0.0306143438752547, -0.101111376657084, 0.014482964956665,
0.0613423808918754, -0.0603380926205688, 0.0067621300885847,
0.0434416585777729, 0.0783058105645496, 0.0388883695374664,
0.0602033341247069, -0.0101826259798375, -0.0487610313586603,
0.134708395082259, 0.0692030173063719, -0.0146268764207153,
-0.0751080606903384, -0.122958095121819, -0.0323015268263845,
-0.0529191263524823, 0.0486495404493711, -0.0326645269753469,
0.165490094652395, -0.0533139956880236, -0.139954411316302,
0.0938800036865152, 0.0136321554568141, -0.139349753797788,
-0.0434598716403565, 0.0497039922823415, 0.073931695423506,
-0.0920495352221458, -0.0456093084390483, 0.0801264110387981,
-0.11073392313674, -0.0136341999730675, 0.123866119106467,
0.0752690083497739, 0.109169661475293, 0.0101074878651103,
-0.089918265114308, -0.023420404705851, 0.0449662661356397,
-0.0312479953611717, -0.070279402547093, 0.015907241617222,
0.0948721564314692, 0.145660418614552, 0.0432161602751271,
-0.0461762987216678, -0.0665699947681837, 0.093575245946801,
-0.0465125682758135, -0.115435308417686, -0.0516036263828276,
0.0152513444501686, 0.0316219459988149, -0.000631993515455261,
0.103066130382286, -0.0746464138240051, 0.103680129835325, 0.1173565425172,
0.0745024351000988, 0.00366656795506318, -0.0955095587288052,
0.0309113673321105, 0.0294016378350247, -0.065382789980959,
-0.033347755791457, 0.0529136072620641, -0.0800443461850209,
-0.00559876582123463, -0.0927316922190583, -0.0644162069112933,
-0.000670772354121326, 0.0779341951681456, -0.0972665002641203,
-0.0637882667344165, -0.138153286209654, 0.0439542367240344,
-0.0691210253431967, -0.0689869699448133, 0.0383132171504569,
-0.0252709013964659, 0.0563804076611988, 0.00245002993258844,
0.0641491050922594, -0.0528079582633504, -0.0539552845956306,
-0.0603709856187967, -0.0559714363918638, -0.0322383659902289,
0.0306770806759912, -0.0301632262816524, 0.0054689147913472,
-0.0391682342867645, 0.119556539308457, 0.0368785432913833,
-0.00425756384870458, -0.101714508966856, 0.0331567988414135,
0.0463439121869519, -0.0499039162849307, 0.0895037932868462,
-0.030400256042849, -0.0180091922245857, 0.0103990922264824,
-0.0433502209148656, 0.0294485569503439, 0.0137297773389194,
-0.0576828022668765, 0.0274634365506756, -0.0349064420111753,
0.0908098008248764, 0.0346761957845646, -0.0672923311567707,
-0.00308575924135573, -0.109042440967593, -0.0339424654281036,
-0.0613580203278439, -0.00758490724599805, -0.105855995400897,
0.0548263110604157, 0.00142466581751414, -0.023276867708747,
0.0170025964510255, -0.10754033536793, -0.0575982122940641,
0.0441481767175176, 0.186988186358338, -0.00853549845865759,
0.073850834223448, -0.070824159445882, 0.0274312052759227,
0.0488482684668212, 0.0103646986782034, -0.0346958993678504,
0.0625699111714785, 0.0685263491243047, -0.0980020737820149,
0.00383945669711394, -0.0238488299092807, 0.0489219709157899,
0.0171430859027359, -0.090020206783592, 0.0324555742135253,
0.0261358434394814, 0.097897000725545, 0.0267212450018701,
0.0195767828848143, 0.151137480100003, -0.0136438988725336,
0.0559097542787853, -0.0612805348874059, 0.113674003711168,
-0.00366769535343583, -0.0014735317248884, 0.173021644401811,
0.0374105499043457, -0.0744562513686933, 0.0376190537194454,
-0.0457169098197079, -0.065057340048657, 0.0329639159984578,
-0.0100945653776717, -0.0231229260929316, -0.0244755322460002,
-0.0891491263485975, -0.0753404190058035, 0.0277398659938211,
0.0293961518769335, -0.0534244637629678, 0.0163907824614378,
-0.00508634462697169, 0.0512650988609431, 0.10416442114669,
0.0686968682551926, 0.0122659648145907, 0.0625103408160367,
-0.118748225526049, -0.0896474061999269, 0.02007536884,
-0.0698816839346294, 0.00216313626178222, 0.0111590687579051,
-0.0181629891574008, -0.013961076687172, 0.107881685213206,
0.0312175225850962, -0.121735485785926, 0.0789818139312392,
0.0656029306713583, -0.0341926054829126, -0.061496206665625,
-0.0630865643234935, 0.0105193655062444, -0.151031999956047,
-0.104955953568618, -0.0731663381354896, -0.00339495992122339,
0.0276578010972973, 0.0648456347999309, 0.0301861362812906,
0.0534341446593991, -0.0258870117450832, -0.0174315090697901,
-0.0682032609861228, 0.0398945878606454, 0.0450851163608944,
-0.00571817312276572, -0.0306588401863649, -0.00338870877175328,
-0.0800474771030324, 0.0444868229999585, -0.0172119437930516,
0.0135327588963068, 0.0986802060013991, 0.111951761473772,
0.0076834197720393, 0.0610959330950168, -0.0424727163843101,
0.0533607554925167, -0.040353872716972, 0.0925893953045561,
-0.0715136711440162, -0.0535325233765337, 0.0840965635426787,
0.0603408023026475, -0.055352069366646, 0.00842078805744672,
-0.0406576735826683, 0.145832701608919, -0.0464820528632841,
0.0750669845910339, -0.0121084473174959 ), PCo14 = c(-0.0185468170408688,
0.0298194889602371, 0.180160149988558, 0.047199607930907,
0.0264855145068698, 0.0324321672806522, 0.0417846086656027,
-0.0185991807784934, -0.0147924525234968, -0.00086406429666503,
0.0110870292429809, -0.00565183178006645, 0.0850398651859467,
-0.158931853459656, -0.00270359751838061, 0.0141119522640748,
0.0128945629102835, -0.0644875621858211, 0.0677212478090207,
-0.104436533283123, -0.0132982327873879, 0.0492035465880799,
-0.0313212816072495, -0.0369728282709612, -0.0780675848701502,
0.0203476628622452, -0.0380402370774761, -0.00860352400218356,
0.0567176744879537, 0.129573757306907, -0.0107433311491479,
-0.0619833313187337, -0.0232471213534237, 0.0733235513696476,
-0.0280965797255934, -0.0630490791265645, -0.111929045966306,
0.0481196764840734, 0.0164710900739384, -0.0645443460379688,
-0.0200802271973508, -0.0504463982853249, 0.0181115999573712,
0.0993000540062864, -0.0421775455181576, 0.0234888942332903,
-0.0425034518240529, 0.0370196434647337, 0.0221359056188143,
0.00886936610569213, -0.0238037768886773, -0.0456379643800167,
-0.0427111242401418, -0.00997573755949057, -0.0296228430757528,
-0.0480597219909844, 0.0368201695944085, 0.108701568327432,
0.0582801127074696, 0.0143976186456962, -0.0615439994433674,
-0.0118894223031792, -0.102017427012467, -0.0250433140764638,
-0.0170371796073922, -0.129009721401561, 0.0284202232963251,
0.0931411196128109, 0.0581460157149814, 0.0330860443287486,
-0.0678548460645027, 0.040370221747584, -0.0460668557651579,
-0.0536839720145611, -0.030134296704545, 0.0268104830763072,
0.0765327348060254, 0.0215262306638603, -0.0289024537373102,
0.0440021504370296, 0.0560465174808005, -0.0349203649033213,
-0.00599652364034402, -0.096933458200847, -0.000722105080010386,
0.195832372883143, -0.0340810020834242, 0.0444131407550252,
-0.023068468688859, 0.103690416403356, 0.0251039129680703,
0.0437438550965436, -0.0341535523847086, -0.00705097708045215,
0.0081185007679847, -0.0466524258932597, -0.0290350854526766,
0.00292281716902526, 0.0199057348160185, 0.00690023988716899,
0.105046280096676, -0.013367034089775, 0.043596326772404,
0.00508861295856081, -0.0433117599342349, 0.0174153590676148,
-0.0176322733419959, -0.0872349766567208, 0.0122939591776917,
-0.0125461581059881, 0.0747817477593023, -0.102236127031334,
0.0546884083081232, -0.0396573728915362, -0.0625959393677022,
-0.00218816113685958, 0.0450454779994408, -0.0462212722920523,
0.019944854190777, -0.000629972919490061, -0.0116474272816682,
-0.0446385081705492, -0.0244686407570695, -0.031120924471889,
-0.00351204300245794, 0.0257797309928148, -0.0453641084198592,
0.0197782746793496, 0.00848736590374091, -0.0299018019498453,
-0.068847277521094, -0.00715472987671531, 0.0720989543591304,
-0.0497931842719062, 0.0692275313462658, 0.021320885990965,
-0.00383987867037907, -0.0425864477135496, -0.0133090998362523,
-0.0234666267634979, 0.0160283221925419, -0.0735554599335952,
0.0286761156815089, 0.0326497380788201, 0.0277550754569034,
0.0244622024054027, 0.0820654664331285, -0.0254281847043828,
0.0610989389948558, 0.064990266572148, 0.0914387171500921,
0.00132808314743483, 0.053098137407793, -0.0281440415761459,
-0.0484120008151746, 0.0472284686097637, 0.0789406333610079,
0.0593841818832648, 0.0271088698955046, 0.0310787348349991,
0.120252800724088, -0.0433890965508157, -0.0516776637125578,
-0.0448702821961931, -0.026653744172677, -0.0574994383668949,
0.0469792244911339, -0.0766359302757612, -0.120813109226671,
0.0520344815696824, -0.0399648245529647, 0.047040295390258,
-0.104250197558531, 0.0163066141223647, -0.0534189994943236,
-0.0722586662015424, -0.00999372614325499, 0.0331381317135959,
0.089355794561946, -0.00376525649541551, -0.0333341326250208,
0.0100977324997778, 0.0573131599069069, 0.0356338225892144,
0.0292236944737637, -0.0239582899166273, -0.0483557615677623,
0.100997684695627, -0.024750161654605, -0.0114557439208852,
-0.0960467025878945, 0.0252371483413513, 0.0424330291657654,
0.0454720557700631, 0.079562853445312, 0.182917710120915,
0.105020072229251, -0.0690609138582242, 0.0852720618034784,
0.0389189027277265, -0.0438789333563788, 0.101318582550159,
0.107450751500628, -0.0216242919863523, -0.0224910310806062,
-0.0496067667942474, -0.0220660327212288, 0.0514185290939346,
0.0789784046328673, -0.014275655416757, 0.112610583705069,
0.0114964964324099, 0.00736373160903235, 0.0800293322176666,
0.016180460767263, -0.0338312076678236, 0.0298217444385142,
0.0631668647314823, 0.0104329702702441, 0.0434911019578909,
-0.038634616751357, -0.018784546821325, -0.000915482972332435,
-0.0886889020989101, 0.110713817434722, -0.00185704626194273,
-0.0247173398315545, 0.00605613575461177, 0.0354298789292195,
0.0195368470407479, -0.040082197161313, 0.0197611709567448,
-0.0643880738293499, -0.0650408824814737, 0.0285453443323303,
0.0185293743054196, 0.0239900291552904, -0.0115302467438771,
-0.0549894502155054, -0.0276474270777578, -0.147156723436858,
0.0122212677397647, 0.123676182103837, -0.155518570540275,
-0.0137291687792815, -0.0160579069213635, -0.137682041426921,
-0.00154123138833072, 0.0201028871341528, -0.0148000697314094,
-0.0107698471822278, 0.11514891140471, 0.00491259149149332,
-0.0193416748945642, -0.045887284199002, 0.0385553808890218,
0.0929764634735021, -0.00478812574382775, -0.026105025216543,
0.0321039745321518, 0.00658885259166888, -0.104776806907486,
0.114184303726655, -0.0805520496165277, -0.0393616781857515,
-0.107482395405206, 0.0455363769375377, -0.00625230221037329,
0.0425073200813234, 0.0167493570199734, -0.00228050181097489,
0.0659871777466868, -0.00820924880160754, 0.0142375443643045,
-0.00579040457932668, 0.000161846971342918, -0.145416043208683,
-0.0776480369696017, -0.0304206996250659, 0.00497697455224162,
-0.0237836106121903, -0.117966856638477, -0.0339063684765888,
0.0818375027852738, -0.149850991390948, -0.0315484412831717,
0.0192215325812048, 0.00935896654073682, -0.0242350925886707,
0.018943048403631, -0.0314489819230238, -0.0329735872446384,
-0.0060397180390045, 0.00944286698062915, 0.0667517617869531,
-0.0469059718036413, 0.0665123186727174, -0.0546883994992577,
0.0529044744091931, 0.037591650214072, 0.0624034661992268,
0.0745752648730302, -0.0441487138230812, 0.00730177520824971,
0.0443207337120936, -0.00568560560899564, 0.0193380156214988,
0.0414162346376398, -0.065958257963002, 0.0136433651088927,
0.030961989604834, 0.010385081025117, 0.0212234535058711,
-0.00515135360581161, -0.0263630558839068, -0.0304397993468118,
-0.0542761028616641, 0.0104383502364307, -0.018058678724362,
0.0159399207250953, 0.0162658408026585, 0.0230960946531343,
-0.0141086228249544, 0.0871807094279789, -0.0749389397863533,
-0.0425659141559716, -0.0325083785481868, 0.00987394511964111,
0.0541022577986665, 0.0400405231460425, 0.0525496649568403,
-0.017448917323876, 0.0354818418582183, 0.0705092641090473,
-0.00295417621618015, -0.00279233419345416, -0.0212150430045151,
-0.0704290659717488, 0.0247035382562264, 0.117902420109806,
-0.0129840737260287, -0.0259196238200413, 0.0564951461142876,
0.0341008768226712, 0.092098173092255, -0.0529859700800778,
0.0763709083001663, -0.00120222569450084, -0.0618817426774044,
0.0544840984701356, 0.0294432511309849, 0.043612312927743,
-0.0080340728473572, -0.0271386739674437, 0.0371674634349185,
-0.0531747577754735, -0.0246046842461655, -0.0675786596929907,
-0.0572409462141114, 0.044663379910426, -0.0202430820966382,
0.0593185447253871, -0.0301760256493773, 0.00835106300523452,
-0.0398900461312646, -0.0228971545791421, -0.010648273531937,
-0.00476831889087199, -0.016188629352576, 0.0336173373242555,
0.0449195611227573, 0.0278233383202272, -0.0243801079770069,
0.0175958759298479, -0.0779454149074189, -0.0129358957123644,
-0.020138984044568, 0.0278972750484794, 0.0376905904358238,
0.0265186160289181, 0.0266500462607042, -0.00161669465253039,
0.0756419589265727, -0.124824040486774, -0.0247222214967383,
-0.0637571554799713, 0.0117665875016019, 0.0137100254083133,
0.0932089974744057, 0.0186922238980583, 0.0123773156516628,
0.00780521444962207, -0.139070877101675, 0.0431601341308655,
0.0465477870912208, -0.0441120180178349, 0.0819406448437818,
-0.105176326073561, -0.06990890657999, 0.0166522349951666,
-0.0186986705189319, -0.0241626248694437, -0.00179414608960697,
-0.0091182395688973, -0.0959855166800422, -0.140965833111619,
-0.0206028456378253, -0.0700848806426645, -0.0190175813527128,
-0.0302535012882963, 0.0219669171330611, -0.0789481336020864,
0.0280910234800705, -0.0498129118950395, -0.0231535979176352,
0.0785925981489755, 0.0530133103980807, 0.0211657732304377,
0.0716289041791919, 0.0594003412946852, 0.116067379110854,
0.0381252782582058, 0.0425521374274766, -0.0565105079627308,
0.0382893155971467, -0.016560994208544, -0.0616732378330982,
0.0649438285677645, 0.0499002448300185, -0.066921975367972,
-0.00781215847040015, -0.0502307197312389, 0.0158113813490961,
-0.0936808524204075, 0.00188738854786032, 0.0541808480802343,
-0.121875101229585, 0.165592922045176, 0.0184019924525993,
0.0058361105523993, -0.0515361399387783, -0.0424834171045286,
-0.0228852639097697, -0.0956503805330177, -0.115503119670375,
-0.0282730083846394, 0.0719462848120852, 0.0907639504762975,
-0.00355661816381558, 0.0143608386717607, -0.0988971628221755,
-0.0843614717466351, -0.0639608364374165, 0.0937838483344163,
0.0391832868456767, -0.00105492631231354, -0.055864243800485,
-0.039107593383319, 0.0184037991887863, 0.0744058201362436,
0.0884330947453992, -0.00717190768241577, 0.0720107457135538,
0.0451608081479335, 0.0632403094457707, -0.0131879100123557,
-0.105804863666842, -0.0889073929471763, -0.105989613188739,
0.0599276335418764, -0.0122123169666169, -0.0629879678741029,
-0.0498006916774302, 0.00370071979704297, -0.101487082197303,
0.0600952421652979, -0.109411051965746, -0.0118653351201811,
0.0826195069279713, 0.111706976773795, -0.044227341504113,
0.0630484410842758, 0.0222340793357197, 0.0342913544520251,
-0.105653133921039, -0.0931056603216233, 0.0668570262396094,
-0.032594099119622, -0.0413296703706356, 0.0845017297370178,
0.0485766542880732, 0.0174463200668062, -0.0798898098073512,
0.000778844518185156, 0.0412007024696117, -0.0845278519959067,
-0.0280569583659386, -0.0510532794582267, 0.00896155204004987,
0.0691203267897208, 0.0820405605288117, 0.0376203066446435,
-0.0289024851190052, -0.0573795182990405, -0.105651594410446,
0.050658812815191, 0.0464828650582035, -0.09501377813939,
-0.0419961771358615, -0.0526731765037029, -0.0590512411938107,
-0.220960028125879, 0.0214450209464216, 0.0413027012778266,
-0.0162132266775732, -0.036134178264207, 0.002105858203314,
-0.0685523592795247, 0.00906870672042779, -0.0406629404364509,
0.0220583105197932, 0.0385348788355144, 5.0342548412847e-05,
0.0496796922320487, -0.0276494973009419, 0.102717474781446,
0.0457256795556234, 0.0235249554760775, -0.0196920658180781,
0.141584925692863, 0.0556420470807702, 0.0540294532286846,
0.00183935585935135, 0.00144209051718619, -0.0602021686814507,
0.0541280093778856)), class = "data.frame", row.names = c("N43_1_2",
"N64_2_2", "ZJH_N23_2_4", "ZJH_N26_2_4", "N15_2_3", "N64_1_3",
"ZJH_N11_1_4", "ZJH_N37_1_2", "N25_2_2", "N02_2_4", "N03_2_4",
"ZJH_N39_2_3", "N42_2_2", "ZJH_N55_1_4", "ZJH_N17_2_4", "N60_1_2",
"ZJH_N27_1_4", "N48_2_4", "ZJH_N30_1_3", "N15_2_4", "ZJH_N54_2_2",
"ZJH_N45_2_2", "ZJH_N57_1_2", "N46_1_3", "N11_2_3", "ZJH_N50_1_3",
"ZJH_N17_1_4", "N68_2_4", "N62_2_4", "N61_2_4", "N29_1_4", "ZJH_N58_2_4",
"ZJH_N22_2_2", "N08_1_4", "N27_2_3", "ZJH_N29_1_4", "ZJH_N59_2_3",
"ZJH_N25_2_4", "N36_2_2", "N05_2_4", "N53_2_3", "N38_2_2", "N14_2_2",
"ZJH_N30_1_4", "ZJH_N19_2_4", "ZJH_N46_2_4", "N49_2_3", "N20_1_3",
"N68_2_3", "N03_1_4", "ZJH_N28_2_3", "N60_2_3", "N43_2_2", "ZJH_N32_1_4",
"ZJH_N18_1_2", "N65_1_4", "ZJH_N24_1_2", "ZJH_N41_1_4", "N07_2_4",
"N21_2_2", "N07_1_4", "ZJH_N22_2_3", "ZJH_N51_2_3", "N52_2_3", "N02_2_3",
"ZJH_N18_2_4", "N62_1_4", "N55_2_2", "N20_1_2", "N64_2_3", "ZJH_N28_1_4",
"N12_1_2", "N04_1_2", "ZJH_N52_2_3", "N46_2_2", "N65_1_3", "ZJH_N18_1_4",
"N63_1_3", "ZJH_N27_2_4", "N66_1_3", "N41_2_3", "ZJH_N31_1_2", "N67_2_2",
"ZJH_N58_2_3", "N48_2_3", "N51_2_3", "N16_1_4", "N01_1_4", "N32_2_3",
"N66_2_4", "N24_2_4", "N50_1_3", "N49_1_4", "N11_2_4", "N65_1_2",
"ZJH_N48_1_3", "N54_1_2", "ZJH_N50_2_2", "ZJH_N27_2_2", "ZJH_N13_2_2",
"N67_1_4", "ZJH_N57_1_4", "N66_2_2", "ZJH_N11_2_2", "ZJH_N59_2_4",
"ZJH_N12_1_4", "N61_1_2", "N43_1_3", "N02_1_4", "N09_2_4", "N47_1_3",
"ZJH_N33_2_4", "N16_1_3", "N19_1_3", "ZJH_N34_1_2", "N41_2_4",
"ZJH_N22_1_4", "N22_2_4", "N44_1_4", "N08_2_4", "ZJH_N48_2_2", "N63_1_2",
"ZJH_N43_2_3", "N53_1_2", "N54_1_4", "N16_2_3", "ZJH_N32_2_2", "N53_2_2",
"N47_2_4", "N10_1_2", "ZJH_N40_1_2", "N37_2_4", "N55_2_3", "ZJH_N27_2_3",
"N17_2_2", "N60_2_2", "N37_1_3", "N33_2_3", "N20_2_4", "N16_2_4",
"N22_1_4", "N44_2_4", "N19_2_3", "ZJH_N46_2_3", "N34_2_3", "N60_1_4",
"N21_2_4", "N16_2_2", "N68_1_4", "ZJH_N12_2_2", "N05_2_2", "N54_2_2",
"ZJH_N52_2_2", "N41_2_2", "ZJH_N13_2_4", "N23_2_4", "N34_2_4", "N01_2_2",
"ZJH_N48_2_4", "N13_1_3", "N65_2_4", "N24_2_3", "ZJH_N46_1_2", "N26_1_4",
"N61_1_3", "ZJH_N32_1_2", "N14_2_3", "ZJH_N18_2_3", "N41_1_2", "N10_2_3",
"ZJH_N21_2_2", "ZJH_N56_2_3", "N05_1_4", "N53_1_4", "N31_1_3",
"ZJH_N55_1_3", "N59_1_3", "N36_1_4", "N64_2_4", "N62_1_2", "ZJH_N33_2_2",
"ZJH_N24_2_2", "ZJH_N26_2_2", "N48_2_2", "N18_2_4", "N28_1_2", "N51_2_4",
"N56_1_4", "N32_2_4", "N40_2_3", "ZJH_N54_1_4", "N27_1_3", "N13_1_4",
"N42_1_4", "N13_2_4", "N66_2_3", "N01_2_4", "N08_1_2", "ZJH_N11_2_4",
"ZJH_N12_2_4", "N50_2_4", "N59_1_4", "N54_2_4", "N22_1_3", "N33_1_3",
"ZJH_N22_2_4", "ZJH_N13_1_2", "N40_2_2", "N55_1_4", "N13_2_3", "N12_1_4",
"N58_1_4", "N57_2_2", "N63_2_4", "N10_1_3", "ZJH_N51_2_4", "N52_2_2",
"N46_1_2", "N44_2_2", "N22_2_3", "N29_1_3", "N68_1_2", "N02_1_2",
"N60_2_4", "N55_2_4", "ZJH_N14_1_2", "N43_1_4", "ZJH_N11_1_2", "N19_1_2",
"N59_1_2", "N30_1_4", "ZJH_N21_2_4", "ZJH_N59_1_3", "N50_2_3", "N32_1_4",
"N67_1_3", "N64_1_2", "ZJH_N51_1_3", "ZJH_N12_1_2", "ZJH_N21_1_4",
"N11_1_3", "N51_1_3", "ZJH_N19_1_2", "N30_1_3", "N19_2_2", "N13_1_2",
"N43_2_4", "N27_2_4", "N58_2_3", "N58_2_4", "N18_1_2", "N14_2_4",
"ZJH_N56_2_4", "N35_1_4", "ZJH_N50_1_4", "ZJH_N33_1_2", "N56_1_2",
"N22_1_2", "ZJH_N14_2_3", "N21_2_3", "N39_2_2", "N46_2_4", "N61_1_4",
"ZJH_N23_1_4", "ZJH_N42_2_2", "N23_2_3", "N57_1_3", "ZJH_N25_1_2",
"N63_2_2", "N40_2_4", "N32_1_3", "N39_2_3", "ZJH_N56_2_2", "ZJH_N23_1_2",
"N06_1_3", "ZJH_N36_1_4", "N06_1_4", "N38_2_3", "N47_1_4", "N28_2_3",
"ZJH_N10_2_2", "N39_1_3", "N54_1_3", "ZJH_N12_1_3", "N04_2_3", "N19_2_4",
"ZJH_N30_2_3", "N01_2_3", "N31_2_4", "ZJH_N36_2_3", "N39_1_4",
"ZJH_N24_2_3", "N34_2_2", "N08_1_3", "N24_1_2", "N29_2_2", "N65_2_2",
"N52_1_4", "N67_1_2", "ZJH_N47_2_3", "ZJH_N15_1_2", "ZJH_N25_2_2",
"N38_1_2", "N65_2_3", "N47_2_3", "N40_1_3", "N10_2_2", "ZJH_N17_2_3",
"N31_2_2", "ZJH_N50_2_4", "ZJH_N24_2_4", "N37_1_2", "N52_1_3",
"ZJH_N36_1_2", "ZJH_N54_2_4", "N50_2_2", "N58_1_2", "N07_1_3",
"ZJH_N58_1_3", "N16_1_2", "N39_2_4", "ZJH_N55_2_4", "ZJH_N58_2_2",
"N08_2_3", "ZJH_N20_2_2", "N07_2_2", "N42_1_2", "ZJH_N56_1_2",
"ZJH_N20_2_3", "N67_2_3", "N27_1_2", "ZJH_N10_2_4", "N25_1_3",
"ZJH_N11_2_3", "N17_2_4", "N17_2_3", "N57_2_3", "ZJH_N14_1_4",
"ZJH_N23_2_3", "N14_1_4", "N02_2_2", "N15_1_4", "N61_2_2", "N45_1_2",
"N62_2_3", "N45_2_3", "N57_2_4", "ZJH_N20_2_4", "ZJH_N48_1_4", "N63_2_3",
"N03_2_3", "N09_2_2", "N40_1_2", "N43_2_3", "N29_1_2", "N11_1_4",
"ZJH_N15_1_4", "ZJH_N49_2_2", "N42_2_4", "N48_1_4", "N04_2_2",
"ZJH_N52_1_4", "N05_2_3", "N11_2_2", "ZJH_N36_2_2", "ZJH_N29_1_2",
"N55_1_2", "N47_2_2", "ZJH_N47_2_2", "ZJH_N10_1_2", "N36_2_4", "N41_1_4",
"ZJH_N51_1_2", "N21_1_4", "N45_1_4", "N62_2_2", "ZJH_N14_2_4", "N06_1_2",
"ZJH_N17_2_2", "N15_2_2", "N47_1_2", "N41_1_3", "N25_2_4", "N37_1_4",
"ZJH_N16_2_3", "N35_1_2", "N21_1_2", "N14_1_2", "N23_1_4", "N28_1_4",
"ZJH_N58_1_2", "ZJH_N16_1_2", "N38_2_4", "N61_2_3", "N35_2_4", "N52_2_4",
"N17_1_4", "N30_1_2", "N36_1_2", "N25_1_2", "N45_1_3", "N07_1_2",
"ZJH_N28_2_2", "ZJH_N54_1_3", "ZJH_N30_2_4", "N45_2_4", "N35_2_3",
"N31_1_4", "N67_2_4", "ZJH_N50_2_3", "N66_1_2", "ZJH_N49_2_4", "N01_1_3",
"N44_2_3", "N39_1_2", "N57_1_2", "N36_2_3", "N09_1_3", "N14_1_3",
"ZJH_N35_1_2", "ZJH_N54_1_2", "N21_1_3", "N30_2_4", "ZJH_N39_1_4",
"ZJH_N55_2_3", "N01_1_2", "N29_2_3", "ZJH_N26_1_2", "N12_1_3", "N49_1_2",
"N32_1_2", "ZJH_N53_1_4", "ZJH_N13_2_3", "N53_1_3", "N63_1_4", "N17_1_2",
"N04_1_3", "N57_1_4", "ZJH_N18_1_3", "ZJH_N51_1_4", "N04_2_4", "N68_1_3",
"N58_1_3", "ZJH_N14_2_2", "ZJH_N39_2_4", "ZJH_N49_1_2", "N48_1_3",
"N64_1_4", "N27_1_4", "N51_2_2", "ZJH_N53_2_2", "ZJH_N42_1_4",
"ZJH_N25_1_4", "ZJH_N22_1_3", "N48_1_2", "ZJH_N36_2_4", "ZJH_N24_1_4",
"N28_2_4", "ZJH_N13_1_4", "N58_2_2", "ZJH_N31_2_3", "ZJH_N47_1_2",
"ZJH_N31_2_2", "ZJH_N23_1_3", "ZJH_N31_2_4", "N31_1_2", "ZJH_N49_1_4",
"ZJH_N55_2_2", "ZJH_N53_2_3", "ZJH_N19_2_2", "ZJH_N59_1_4", "N23_2_2",
"N19_1_4", "N18_2_2", "ZJH_N47_1_4", "N11_1_2", "N38_1_4", "N49_2_4",
"ZJH_N23_2_2", "N54_2_3", "N29_2_4", "N44_1_2", "N35_2_2", "N42_2_3",
"ZJH_N28_2_4", "ZJH_N16_2_2", "N40_1_4", "N25_1_4", "N66_1_4", "N07_2_3",
"ZJH_N28_1_2", "ZJH_N58_1_4", "ZJH_N16_2_4", "N24_1_4", "N18_1_4",
"ZJH_N55_1_2", "N30_2_2", "N09_1_2", "N18_1_3", "ZJH_N16_1_3", "N05_1_2",
"N20_2_2", "ZJH_N21_1_2", "ZJH_N42_2_3", "ZJH_N31_1_4", "N15_1_3",
"N51_1_2", "N15_1_2", "N13_2_2", "ZJH_N53_2_4", "N56_1_3", "N04_1_4",
"N46_2_3", "N22_2_2", "N53_2_4", "ZJH_N18_2_2", "ZJH_N39_2_2", "N33_2_4",
"N49_2_2", "N38_1_3", "N08_2_2", "N03_2_2", "ZJH_N46_2_2", "ZJH_N38_1_2",
"N45_2_2", "N20_1_4", "N10_1_4", "ZJH_N14_1_3", "ZJH_N17_1_2", "N10_2_4",
"N17_1_3", "N24_1_3", "ZJH_N52_2_4", "ZJH_N38_1_3", "ZJH_N10_2_3",
"N68_2_2")), Y = structure(list(Location_Cincinnati = c(1L, 1L, 0L, 0L, 1L,
1L, 0L, 0L, 1L, 1L, 1L, 0L, 1L, 0L, 0L, 1L, 0L, 1L, 0L, 1L, 0L, 0L, 0L, 1L,
1L, 0L, 0L, 1L, 1L, 1L, 1L, 0L, 0L, 1L, 1L, 0L, 0L, 0L, 1L, 1L, 1L, 1L, 1L,
0L, 0L, 0L, 1L, 1L, 1L, 1L, 0L, 1L, 1L, 0L, 0L, 1L, 0L, 0L, 1L, 1L, 1L, 0L,
0L, 1L, 1L, 0L, 1L, 1L, 1L, 1L, 0L, 1L, 1L, 0L, 1L, 1L, 0L, 1L, 0L, 1L, 1L,
0L, 1L, 0L, 1L, 1L, 1L, 1L, 1L, 1L, 1L, 1L, 1L, 1L, 1L, 0L, 1L, 0L, 0L, 0L,
1L, 0L, 1L, 0L, 0L, 0L, 1L, 1L, 1L, 1L, 1L, 0L, 1L, 1L, 0L, 1L, 0L, 1L, 1L,
1L, 0L, 1L, 0L, 1L, 1L, 1L, 0L, 1L, 1L, 1L, 0L, 1L, 1L, 0L, 1L, 1L, 1L, 1L,
1L, 1L, 1L, 1L, 1L, 0L, 1L, 1L, 1L, 1L, 1L, 0L, 1L, 1L, 0L, 1L, 0L, 1L, 1L,
1L, 0L, 1L, 1L, 1L, 0L, 1L, 1L, 0L, 1L, 0L, 1L, 1L, 0L, 0L, 1L, 1L, 1L, 0L,
1L, 1L, 1L, 1L, 0L, 0L, 0L, 1L, 1L, 1L, 1L, 1L, 1L, 1L, 0L, 1L, 1L, 1L, 1L,
1L, 1L, 1L, 0L, 0L, 1L, 1L, 1L, 1L, 1L, 0L, 0L, 1L, 1L, 1L, 1L, 1L, 1L, 1L,
1L, 0L, 1L, 1L, 1L, 1L, 1L, 1L, 1L, 1L, 1L, 0L, 1L, 0L, 1L, 1L, 1L, 0L, 0L,
1L, 1L, 1L, 1L, 0L, 0L, 0L, 1L, 1L, 0L, 1L, 1L, 1L, 1L, 1L, 1L, 1L, 1L, 1L,
0L, 1L, 0L, 0L, 1L, 1L, 0L, 1L, 1L, 1L, 1L, 0L, 0L, 1L, 1L, 0L, 1L, 1L, 1L,
1L, 0L, 0L, 1L, 0L, 1L, 1L, 1L, 1L, 0L, 1L, 1L, 0L, 1L, 1L, 0L, 1L, 1L, 0L,
1L, 0L, 1L, 1L, 1L, 1L, 1L, 1L, 1L, 0L, 0L, 0L, 1L, 1L, 1L, 1L, 1L, 0L, 1L,
0L, 0L, 1L, 1L, 0L, 0L, 1L, 1L, 1L, 0L, 1L, 1L, 0L, 0L, 1L, 0L, 1L, 1L, 0L,
0L, 1L, 1L, 0L, 1L, 0L, 1L, 1L, 1L, 0L, 0L, 1L, 1L, 1L, 1L, 1L, 1L, 1L, 1L,
0L, 0L, 1L, 1L, 1L, 1L, 1L, 1L, 1L, 0L, 0L, 1L, 1L, 1L, 0L, 1L, 1L, 0L, 0L,
1L, 1L, 0L, 0L, 1L, 1L, 0L, 1L, 1L, 1L, 0L, 1L, 0L, 1L, 1L, 1L, 1L, 1L, 0L,
1L, 1L, 1L, 1L, 1L, 0L, 0L, 1L, 1L, 1L, 1L, 1L, 1L, 1L, 1L, 1L, 1L, 0L, 0L,
0L, 1L, 1L, 1L, 1L, 0L, 1L, 0L, 1L, 1L, 1L, 1L, 1L, 1L, 1L, 0L, 0L, 1L, 1L,
0L, 0L, 1L, 1L, 0L, 1L, 1L, 1L, 0L, 0L, 1L, 1L, 1L, 1L, 1L, 0L, 0L, 1L, 1L,
1L, 0L, 0L, 0L, 1L, 1L, 1L, 1L, 0L, 0L, 0L, 0L, 1L, 0L, 0L, 1L, 0L, 1L, 0L,
0L, 0L, 0L, 0L, 1L, 0L, 0L, 0L, 0L, 0L, 1L, 1L, 1L, 0L, 1L, 1L, 1L, 0L, 1L,
1L, 1L, 1L, 1L, 0L, 0L, 1L, 1L, 1L, 1L, 0L, 0L, 0L, 1L, 1L, 0L, 1L, 1L, 1L,
0L, 1L, 1L, 0L, 0L, 0L, 1L, 1L, 1L, 1L, 0L, 1L, 1L, 1L, 1L, 1L, 0L, 0L, 1L,
1L, 1L, 1L, 1L, 0L, 0L, 1L, 1L, 1L, 0L, 0L, 1L, 1L, 1L, 0L, 0L, 0L, 1L),
Location_Hangzhou = c(0L, 0L, 1L, 1L, 0L, 0L, 1L, 1L, 0L, 0L, 0L, 1L, 0L,
1L, 1L, 0L, 1L, 0L, 1L, 0L, 1L, 1L, 1L, 0L, 0L, 1L, 1L, 0L, 0L, 0L, 0L, 1L,
1L, 0L, 0L, 1L, 1L, 1L, 0L, 0L, 0L, 0L, 0L, 1L, 1L, 1L, 0L, 0L, 0L, 0L, 1L,
0L, 0L, 1L, 1L, 0L, 1L, 1L, 0L, 0L, 0L, 1L, 1L, 0L, 0L, 1L, 0L, 0L, 0L, 0L,
1L, 0L, 0L, 1L, 0L, 0L, 1L, 0L, 1L, 0L, 0L, 1L, 0L, 1L, 0L, 0L, 0L, 0L, 0L,
0L, 0L, 0L, 0L, 0L, 0L, 1L, 0L, 1L, 1L, 1L, 0L, 1L, 0L, 1L, 1L, 1L, 0L, 0L,
0L, 0L, 0L, 1L, 0L, 0L, 1L, 0L, 1L, 0L, 0L, 0L, 1L, 0L, 1L, 0L, 0L, 0L, 1L,
0L, 0L, 0L, 1L, 0L, 0L, 1L, 0L, 0L, 0L, 0L, 0L, 0L, 0L, 0L, 0L, 1L, 0L, 0L,
0L, 0L, 0L, 1L, 0L, 0L, 1L, 0L, 1L, 0L, 0L, 0L, 1L, 0L, 0L, 0L, 1L, 0L, 0L,
1L, 0L, 1L, 0L, 0L, 1L, 1L, 0L, 0L, 0L, 1L, 0L, 0L, 0L, 0L, 1L, 1L, 1L, 0L,
0L, 0L, 0L, 0L, 0L, 0L, 1L, 0L, 0L, 0L, 0L, 0L, 0L, 0L, 1L, 1L, 0L, 0L, 0L,
0L, 0L, 1L, 1L, 0L, 0L, 0L, 0L, 0L, 0L, 0L, 0L, 1L, 0L, 0L, 0L, 0L, 0L, 0L,
0L, 0L, 0L, 1L, 0L, 1L, 0L, 0L, 0L, 1L, 1L, 0L, 0L, 0L, 0L, 1L, 1L, 1L, 0L,
0L, 1L, 0L, 0L, 0L, 0L, 0L, 0L, 0L, 0L, 0L, 1L, 0L, 1L, 1L, 0L, 0L, 1L, 0L,
0L, 0L, 0L, 1L, 1L, 0L, 0L, 1L, 0L, 0L, 0L, 0L, 1L, 1L, 0L, 1L, 0L, 0L, 0L,
0L, 1L, 0L, 0L, 1L, 0L, 0L, 1L, 0L, 0L, 1L, 0L, 1L, 0L, 0L, 0L, 0L, 0L, 0L,
0L, 1L, 1L, 1L, 0L, 0L, 0L, 0L, 0L, 1L, 0L, 1L, 1L, 0L, 0L, 1L, 1L, 0L, 0L,
0L, 1L, 0L, 0L, 1L, 1L, 0L, 1L, 0L, 0L, 1L, 1L, 0L, 0L, 1L, 0L, 1L, 0L, 0L,
0L, 1L, 1L, 0L, 0L, 0L, 0L, 0L, 0L, 0L, 0L, 1L, 1L, 0L, 0L, 0L, 0L, 0L, 0L,
0L, 1L, 1L, 0L, 0L, 0L, 1L, 0L, 0L, 1L, 1L, 0L, 0L, 1L, 1L, 0L, 0L, 1L, 0L,
0L, 0L, 1L, 0L, 1L, 0L, 0L, 0L, 0L, 0L, 1L, 0L, 0L, 0L, 0L, 0L, 1L, 1L, 0L,
0L, 0L, 0L, 0L, 0L, 0L, 0L, 0L, 0L, 1L, 1L, 1L, 0L, 0L, 0L, 0L, 1L, 0L, 1L,
0L, 0L, 0L, 0L, 0L, 0L, 0L, 1L, 1L, 0L, 0L, 1L, 1L, 0L, 0L, 1L, 0L, 0L, 0L,
1L, 1L, 0L, 0L, 0L, 0L, 0L, 1L, 1L, 0L, 0L, 0L, 1L, 1L, 1L, 0L, 0L, 0L, 0L,
1L, 1L, 1L, 1L, 0L, 1L, 1L, 0L, 1L, 0L, 1L, 1L, 1L, 1L, 1L, 0L, 1L, 1L, 1L,
1L, 1L, 0L, 0L, 0L, 1L, 0L, 0L, 0L, 1L, 0L, 0L, 0L, 0L, 0L, 1L, 1L, 0L, 0L,
0L, 0L, 1L, 1L, 1L, 0L, 0L, 1L, 0L, 0L, 0L, 1L, 0L, 0L, 1L, 1L, 1L, 0L, 0L,
0L, 0L, 1L, 0L, 0L, 0L, 0L, 0L, 1L, 1L, 0L, 0L, 0L, 0L, 0L, 1L, 1L, 0L, 0L,
0L, 1L, 1L, 0L, 0L, 0L, 1L, 1L, 1L, 0L), SampleType_Axilla = c(1L, 1L, 0L,
0L, 0L, 0L, 0L, 1L, 1L, 0L, 0L, 0L, 1L, 0L, 0L, 1L, 0L, 0L, 0L, 0L, 1L, 1L,
1L, 0L, 0L, 0L, 0L, 0L, 0L, 0L, 0L, 0L, 1L, 0L, 0L, 0L, 0L, 0L, 1L, 0L, 0L,
1L, 1L, 0L, 0L, 0L, 0L, 0L, 0L, 0L, 0L, 0L, 1L, 0L, 1L, 0L, 1L, 0L, 0L, 1L,
0L, 0L, 0L, 0L, 0L, 0L, 0L, 1L, 1L, 0L, 0L, 1L, 1L, 0L, 1L, 0L, 0L, 0L, 0L,
0L, 0L, 1L, 1L, 0L, 0L, 0L, 0L, 0L, 0L, 0L, 0L, 0L, 0L, 0L, 1L, 0L, 1L, 1L,
1L, 1L, 0L, 0L, 1L, 1L, 0L, 0L, 1L, 0L, 0L, 0L, 0L, 0L, 0L, 0L, 1L, 0L, 0L,
0L, 0L, 0L, 1L, 1L, 0L, 1L, 0L, 0L, 1L, 1L, 0L, 1L, 1L, 0L, 0L, 0L, 1L, 1L,
0L, 0L, 0L, 0L, 0L, 0L, 0L, 0L, 0L, 0L, 0L, 1L, 0L, 1L, 1L, 1L, 1L, 1L, 0L,
0L, 0L, 1L, 0L, 0L, 0L, 0L, 1L, 0L, 0L, 1L, 0L, 0L, 1L, 0L, 1L, 0L, 0L, 0L,
0L, 0L, 0L, 0L, 0L, 1L, 1L, 1L, 1L, 1L, 0L, 1L, 0L, 0L, 0L, 0L, 0L, 0L, 0L,
0L, 0L, 0L, 0L, 1L, 0L, 0L, 0L, 0L, 0L, 0L, 0L, 0L, 1L, 1L, 0L, 0L, 0L, 0L,
1L, 0L, 0L, 0L, 1L, 1L, 1L, 0L, 0L, 1L, 1L, 0L, 0L, 1L, 0L, 1L, 1L, 1L, 0L,
0L, 0L, 0L, 0L, 0L, 1L, 0L, 1L, 0L, 0L, 0L, 1L, 0L, 1L, 1L, 0L, 0L, 0L, 0L,
1L, 0L, 0L, 0L, 0L, 1L, 1L, 1L, 0L, 0L, 1L, 0L, 0L, 0L, 1L, 0L, 0L, 1L, 1L,
0L, 0L, 0L, 1L, 1L, 0L, 0L, 0L, 0L, 0L, 0L, 1L, 0L, 0L, 0L, 0L, 0L, 0L, 0L,
0L, 0L, 0L, 0L, 1L, 0L, 1L, 1L, 1L, 0L, 1L, 0L, 1L, 1L, 1L, 0L, 0L, 0L, 1L,
0L, 1L, 0L, 0L, 1L, 0L, 1L, 0L, 1L, 1L, 0L, 0L, 1L, 0L, 0L, 1L, 0L, 1L, 1L,
1L, 1L, 0L, 0L, 1L, 0L, 0L, 0L, 0L, 0L, 0L, 0L, 0L, 0L, 1L, 0L, 1L, 1L, 0L,
0L, 0L, 0L, 0L, 0L, 0L, 1L, 1L, 0L, 1L, 0L, 0L, 1L, 0L, 0L, 1L, 0L, 0L, 1L,
1L, 1L, 1L, 1L, 1L, 1L, 0L, 0L, 1L, 0L, 0L, 1L, 0L, 1L, 1L, 1L, 1L, 0L, 0L,
0L, 0L, 1L, 1L, 1L, 0L, 0L, 1L, 1L, 0L, 0L, 0L, 0L, 0L, 1L, 1L, 1L, 0L, 1L,
1L, 0L, 0L, 0L, 0L, 0L, 0L, 0L, 1L, 0L, 0L, 0L, 1L, 1L, 0L, 0L, 0L, 1L, 1L,
0L, 0L, 0L, 0L, 1L, 0L, 1L, 0L, 1L, 1L, 0L, 0L, 0L, 0L, 1L, 0L, 0L, 0L, 0L,
0L, 0L, 0L, 1L, 0L, 1L, 0L, 0L, 0L, 1L, 1L, 0L, 0L, 0L, 1L, 0L, 0L, 0L, 0L,
1L, 0L, 1L, 1L, 0L, 0L, 1L, 0L, 1L, 0L, 1L, 0L, 1L, 0L, 1L, 0L, 1L, 0L, 0L,
1L, 0L, 0L, 1L, 1L, 0L, 0L, 1L, 0L, 0L, 0L, 0L, 1L, 0L, 0L, 0L, 0L, 1L, 1L,
1L, 0L, 0L, 1L, 1L, 1L, 0L, 0L, 0L, 1L, 1L, 1L, 0L, 0L, 0L, 0L, 1L, 0L, 1L,
1L, 0L, 1L, 0L, 1L, 1L, 1L, 1L, 1L, 0L, 0L, 0L, 1L, 0L, 0L, 0L, 0L, 0L, 0L,
1L), SampleType_Groin = c(0L, 0L, 0L, 0L, 1L, 1L, 0L, 0L, 0L, 0L, 0L, 1L,
0L, 0L, 0L, 0L, 0L, 0L, 1L, 0L, 0L, 0L, 0L, 1L, 1L, 1L, 0L, 0L, 0L, 0L, 0L,
0L, 0L, 0L, 1L, 0L, 1L, 0L, 0L, 0L, 1L, 0L, 0L, 0L, 0L, 0L, 1L, 1L, 1L, 0L,
1L, 1L, 0L, 0L, 0L, 0L, 0L, 0L, 0L, 0L, 0L, 1L, 1L, 1L, 1L, 0L, 0L, 0L, 0L,
1L, 0L, 0L, 0L, 1L, 0L, 1L, 0L, 1L, 0L, 1L, 1L, 0L, 0L, 1L, 1L, 1L, 0L, 0L,
1L, 0L, 0L, 1L, 0L, 0L, 0L, 1L, 0L, 0L, 0L, 0L, 0L, 0L, 0L, 0L, 0L, 0L, 0L,
1L, 0L, 0L, 1L, 0L, 1L, 1L, 0L, 0L, 0L, 0L, 0L, 0L, 0L, 0L, 1L, 0L, 0L, 1L,
0L, 0L, 0L, 0L, 0L, 0L, 1L, 1L, 0L, 0L, 1L, 1L, 0L, 0L, 0L, 0L, 1L, 1L, 1L,
0L, 0L, 0L, 0L, 0L, 0L, 0L, 0L, 0L, 0L, 0L, 0L, 0L, 0L, 1L, 0L, 1L, 0L, 0L,
1L, 0L, 1L, 1L, 0L, 1L, 0L, 1L, 0L, 0L, 1L, 1L, 1L, 0L, 0L, 0L, 0L, 0L, 0L,
0L, 0L, 0L, 0L, 0L, 0L, 1L, 0L, 1L, 0L, 0L, 0L, 1L, 0L, 0L, 0L, 0L, 0L, 0L,
0L, 1L, 1L, 0L, 0L, 0L, 0L, 1L, 0L, 0L, 0L, 0L, 1L, 0L, 0L, 0L, 0L, 1L, 1L,
0L, 0L, 0L, 0L, 0L, 0L, 0L, 0L, 0L, 0L, 0L, 1L, 1L, 0L, 1L, 0L, 1L, 0L, 0L,
1L, 1L, 0L, 1L, 0L, 0L, 0L, 0L, 1L, 0L, 0L, 0L, 0L, 0L, 0L, 0L, 0L, 0L, 1L,
1L, 0L, 0L, 0L, 0L, 0L, 1L, 1L, 0L, 0L, 0L, 1L, 1L, 0L, 0L, 1L, 0L, 0L, 1L,
0L, 1L, 0L, 1L, 1L, 1L, 1L, 0L, 1L, 1L, 0L, 1L, 0L, 1L, 0L, 1L, 0L, 0L, 0L,
0L, 0L, 1L, 0L, 0L, 0L, 1L, 1L, 1L, 0L, 1L, 0L, 0L, 0L, 0L, 1L, 0L, 0L, 0L,
0L, 1L, 1L, 0L, 0L, 0L, 0L, 1L, 0L, 0L, 0L, 0L, 1L, 1L, 0L, 0L, 1L, 1L, 0L,
1L, 1L, 0L, 1L, 0L, 0L, 0L, 0L, 0L, 1L, 1L, 0L, 0L, 0L, 1L, 1L, 0L, 0L, 1L,
0L, 0L, 0L, 0L, 0L, 0L, 0L, 0L, 1L, 0L, 0L, 0L, 0L, 0L, 0L, 0L, 0L, 0L, 0L,
0L, 0L, 0L, 0L, 0L, 0L, 0L, 0L, 1L, 0L, 0L, 1L, 0L, 0L, 0L, 0L, 0L, 0L, 0L,
0L, 1L, 0L, 0L, 0L, 0L, 0L, 0L, 1L, 0L, 0L, 1L, 0L, 0L, 1L, 0L, 0L, 1L, 0L,
0L, 1L, 1L, 0L, 0L, 1L, 1L, 1L, 0L, 0L, 1L, 0L, 0L, 1L, 0L, 1L, 0L, 1L, 0L,
0L, 0L, 1L, 1L, 0L, 0L, 1L, 0L, 1L, 0L, 0L, 1L, 1L, 0L, 0L, 0L, 1L, 0L, 0L,
0L, 0L, 0L, 0L, 1L, 0L, 0L, 0L, 0L, 0L, 0L, 1L, 0L, 0L, 1L, 0L, 0L, 0L, 0L,
1L, 0L, 0L, 0L, 0L, 0L, 0L, 0L, 0L, 0L, 0L, 1L, 0L, 0L, 0L, 1L, 0L, 0L, 0L,
0L, 0L, 1L, 0L, 0L, 0L, 0L, 0L, 0L, 0L, 0L, 1L, 1L, 0L, 0L, 0L, 1L, 0L, 1L,
0L, 0L, 0L, 0L, 1L, 0L, 1L, 0L, 0L, 0L, 0L, 0L, 0L, 1L, 0L, 0L, 0L, 0L, 0L,
0L, 0L, 1L, 0L, 0L, 1L, 1L, 0L, 1L, 1L, 0L), SampleType_Stool = c(0L, 0L,
1L, 1L, 0L, 0L, 1L, 0L, 0L, 1L, 1L, 0L, 0L, 1L, 1L, 0L, 1L, 1L, 0L, 1L, 0L,
0L, 0L, 0L, 0L, 0L, 1L, 1L, 1L, 1L, 1L, 1L, 0L, 1L, 0L, 1L, 0L, 1L, 0L, 1L,
0L, 0L, 0L, 1L, 1L, 1L, 0L, 0L, 0L, 1L, 0L, 0L, 0L, 1L, 0L, 1L, 0L, 1L, 1L,
0L, 1L, 0L, 0L, 0L, 0L, 1L, 1L, 0L, 0L, 0L, 1L, 0L, 0L, 0L, 0L, 0L, 1L, 0L,
1L, 0L, 0L, 0L, 0L, 0L, 0L, 0L, 1L, 1L, 0L, 1L, 1L, 0L, 1L, 1L, 0L, 0L, 0L,
0L, 0L, 0L, 1L, 1L, 0L, 0L, 1L, 1L, 0L, 0L, 1L, 1L, 0L, 1L, 0L, 0L, 0L, 1L,
1L, 1L, 1L, 1L, 0L, 0L, 0L, 0L, 1L, 0L, 0L, 0L, 1L, 0L, 0L, 1L, 0L, 0L, 0L,
0L, 0L, 0L, 1L, 1L, 1L, 1L, 0L, 0L, 0L, 1L, 1L, 0L, 1L, 0L, 0L, 0L, 0L, 0L,
1L, 1L, 1L, 0L, 1L, 0L, 1L, 0L, 0L, 1L, 0L, 0L, 0L, 0L, 0L, 0L, 0L, 0L, 1L,
1L, 0L, 0L, 0L, 1L, 1L, 0L, 0L, 0L, 0L, 0L, 1L, 0L, 1L, 1L, 1L, 0L, 1L, 0L,
1L, 1L, 1L, 0L, 1L, 0L, 1L, 1L, 1L, 1L, 1L, 0L, 0L, 1L, 0L, 0L, 1L, 0L, 1L,
1L, 0L, 1L, 0L, 1L, 0L, 0L, 0L, 0L, 0L, 0L, 0L, 1L, 1L, 0L, 1L, 0L, 0L, 0L,
1L, 1L, 0L, 0L, 1L, 0L, 0L, 0L, 0L, 1L, 0L, 0L, 0L, 0L, 0L, 0L, 1L, 1L, 0L,
1L, 0L, 1L, 1L, 1L, 1L, 0L, 0L, 0L, 0L, 0L, 0L, 1L, 1L, 1L, 0L, 0L, 0L, 0L,
0L, 1L, 0L, 0L, 0L, 0L, 0L, 1L, 1L, 0L, 1L, 0L, 0L, 0L, 0L, 0L, 0L, 1L, 0L,
0L, 1L, 0L, 1L, 0L, 0L, 0L, 0L, 0L, 0L, 1L, 0L, 0L, 0L, 0L, 0L, 0L, 0L, 0L,
0L, 0L, 0L, 1L, 1L, 0L, 0L, 0L, 1L, 0L, 0L, 0L, 0L, 0L, 1L, 1L, 0L, 0L, 0L,
0L, 0L, 0L, 0L, 0L, 0L, 1L, 0L, 0L, 1L, 0L, 0L, 1L, 0L, 1L, 0L, 1L, 0L, 0L,
0L, 0L, 1L, 1L, 1L, 0L, 0L, 0L, 0L, 0L, 0L, 1L, 1L, 0L, 1L, 1L, 0L, 1L, 0L,
0L, 0L, 0L, 0L, 0L, 0L, 0L, 1L, 1L, 0L, 1L, 1L, 0L, 1L, 0L, 0L, 0L, 0L, 0L,
1L, 1L, 0L, 0L, 0L, 0L, 1L, 1L, 0L, 0L, 1L, 0L, 1L, 1L, 1L, 0L, 0L, 0L, 0L,
0L, 0L, 0L, 1L, 1L, 0L, 1L, 1L, 0L, 0L, 1L, 0L, 0L, 0L, 0L, 0L, 0L, 0L, 0L,
0L, 0L, 1L, 1L, 0L, 0L, 0L, 0L, 0L, 0L, 0L, 1L, 0L, 0L, 1L, 0L, 0L, 1L, 0L,
1L, 1L, 0L, 0L, 0L, 1L, 0L, 0L, 1L, 1L, 0L, 0L, 1L, 1L, 0L, 0L, 1L, 1L, 1L,
1L, 0L, 0L, 0L, 0L, 0L, 1L, 0L, 1L, 0L, 0L, 0L, 1L, 0L, 1L, 0L, 1L, 0L, 1L,
1L, 0L, 0L, 1L, 0L, 0L, 0L, 1L, 0L, 1L, 1L, 1L, 0L, 0L, 1L, 1L, 1L, 1L, 0L,
0L, 0L, 0L, 0L, 0L, 0L, 0L, 0L, 1L, 0L, 0L, 0L, 0L, 1L, 0L, 1L, 0L, 0L, 1L,
0L, 0L, 1L, 0L, 0L, 0L, 0L, 0L, 0L, 0L, 1L, 1L, 0L, 0L, 1L, 0L, 0L, 1L, 0L,
0L, 0L), SampleCollectionWeek_Week.1 = c(1L, 0L, 0L, 0L, 0L, 1L, 1L, 1L,
0L, 0L, 0L, 0L, 0L, 1L, 0L, 1L, 1L, 0L, 1L, 0L, 0L, 0L, 1L, 1L, 0L, 1L, 1L,
0L, 0L, 0L, 1L, 0L, 0L, 1L, 0L, 1L, 0L, 0L, 0L, 0L, 0L, 0L, 0L, 1L, 0L, 0L,
0L, 1L, 0L, 1L, 0L, 0L, 0L, 1L, 1L, 1L, 1L, 1L, 0L, 0L, 1L, 0L, 0L, 0L, 0L,
0L, 1L, 0L, 1L, 0L, 1L, 1L, 1L, 0L, 0L, 1L, 1L, 1L, 0L, 1L, 0L, 1L, 0L, 0L,
0L, 0L, 1L, 1L, 0L, 0L, 0L, 1L, 1L, 0L, 1L, 1L, 1L, 0L, 0L, 0L, 1L, 1L, 0L,
0L, 0L, 1L, 1L, 1L, 1L, 0L, 1L, 0L, 1L, 1L, 1L, 0L, 1L, 0L, 1L, 0L, 0L, 1L,
0L, 1L, 1L, 0L, 0L, 0L, 0L, 1L, 1L, 0L, 0L, 0L, 0L, 0L, 1L, 0L, 0L, 0L, 1L,
0L, 0L, 0L, 0L, 1L, 0L, 0L, 1L, 0L, 0L, 0L, 0L, 0L, 0L, 0L, 0L, 0L, 0L, 1L,
0L, 0L, 1L, 1L, 1L, 1L, 0L, 0L, 1L, 0L, 0L, 0L, 1L, 1L, 1L, 1L, 1L, 1L, 0L,
1L, 0L, 0L, 0L, 0L, 0L, 1L, 0L, 1L, 0L, 0L, 1L, 1L, 1L, 1L, 0L, 0L, 0L, 1L,
0L, 0L, 0L, 1L, 0L, 1L, 1L, 0L, 1L, 0L, 1L, 0L, 1L, 1L, 0L, 0L, 1L, 0L, 0L,
1L, 0L, 0L, 1L, 1L, 1L, 0L, 0L, 1L, 1L, 1L, 1L, 1L, 1L, 0L, 1L, 0L, 1L, 1L,
1L, 1L, 1L, 1L, 1L, 1L, 1L, 1L, 0L, 1L, 0L, 0L, 0L, 0L, 1L, 0L, 0L, 1L, 1L,
1L, 1L, 1L, 0L, 0L, 0L, 0L, 1L, 1L, 0L, 0L, 1L, 1L, 0L, 0L, 1L, 0L, 0L, 1L,
1L, 1L, 1L, 0L, 1L, 0L, 0L, 1L, 1L, 1L, 0L, 0L, 0L, 0L, 0L, 0L, 1L, 0L, 0L,
1L, 1L, 0L, 0L, 1L, 1L, 0L, 1L, 0L, 1L, 0L, 0L, 1L, 0L, 0L, 0L, 0L, 0L, 1L,
1L, 1L, 0L, 0L, 1L, 0L, 1L, 1L, 0L, 0L, 0L, 0L, 0L, 0L, 1L, 1L, 0L, 0L, 1L,
0L, 1L, 0L, 0L, 0L, 0L, 1L, 0L, 1L, 0L, 1L, 0L, 1L, 0L, 0L, 0L, 0L, 1L, 0L,
0L, 0L, 1L, 0L, 1L, 1L, 1L, 0L, 0L, 1L, 0L, 1L, 0L, 0L, 0L, 1L, 1L, 0L, 0L,
1L, 0L, 1L, 1L, 1L, 1L, 0L, 0L, 1L, 0L, 0L, 1L, 1L, 0L, 1L, 0L, 1L, 1L, 1L,
1L, 1L, 1L, 1L, 0L, 0L, 0L, 0L, 1L, 1L, 1L, 1L, 1L, 0L, 0L, 1L, 0L, 0L, 0L,
1L, 0L, 0L, 1L, 0L, 1L, 0L, 1L, 1L, 0L, 1L, 1L, 1L, 1L, 1L, 0L, 1L, 0L, 1L,
0L, 1L, 1L, 1L, 1L, 1L, 0L, 1L, 1L, 1L, 1L, 1L, 1L, 1L, 0L, 1L, 1L, 0L, 0L,
1L, 1L, 1L, 1L, 0L, 0L, 1L, 1L, 1L, 1L, 0L, 1L, 0L, 1L, 0L, 0L, 1L, 0L, 1L,
0L, 1L, 1L, 0L, 0L, 0L, 1L, 0L, 1L, 0L, 1L, 1L, 1L, 0L, 0L, 0L, 0L, 1L, 0L,
0L, 0L, 0L, 1L, 1L, 1L, 0L, 1L, 1L, 0L, 1L, 1L, 1L, 0L, 1L, 1L, 1L, 1L, 0L,
1L, 0L, 1L, 1L, 1L, 1L, 0L, 0L, 1L, 1L, 0L, 0L, 0L, 0L, 0L, 0L, 0L, 1L, 0L,
0L, 0L, 1L, 0L, 1L, 1L, 1L, 1L, 0L, 1L, 1L, 0L, 1L, 0L, 0L),
SampleCollectionWeek_Week.3 = c(0L, 1L, 1L, 1L, 1L, 0L, 0L, 0L, 1L, 1L, 1L,
1L, 1L, 0L, 1L, 0L, 0L, 1L, 0L, 1L, 1L, 1L, 0L, 0L, 1L, 0L, 0L, 1L, 1L, 1L,
0L, 1L, 1L, 0L, 1L, 0L, 1L, 1L, 1L, 1L, 1L, 1L, 1L, 0L, 1L, 1L, 1L, 0L, 1L,
0L, 1L, 1L, 1L, 0L, 0L, 0L, 0L, 0L, 1L, 1L, 0L, 1L, 1L, 1L, 1L, 1L, 0L, 1L,
0L, 1L, 0L, 0L, 0L, 1L, 1L, 0L, 0L, 0L, 1L, 0L, 1L, 0L, 1L, 1L, 1L, 1L, 0L,
0L, 1L, 1L, 1L, 0L, 0L, 1L, 0L, 0L, 0L, 1L, 1L, 1L, 0L, 0L, 1L, 1L, 1L, 0L,
0L, 0L, 0L, 1L, 0L, 1L, 0L, 0L, 0L, 1L, 0L, 1L, 0L, 1L, 1L, 0L, 1L, 0L, 0L,
1L, 1L, 1L, 1L, 0L, 0L, 1L, 1L, 1L, 1L, 1L, 0L, 1L, 1L, 1L, 0L, 1L, 1L, 1L,
1L, 0L, 1L, 1L, 0L, 1L, 1L, 1L, 1L, 1L, 1L, 1L, 1L, 1L, 1L, 0L, 1L, 1L, 0L,
0L, 0L, 0L, 1L, 1L, 0L, 1L, 1L, 1L, 0L, 0L, 0L, 0L, 0L, 0L, 1L, 0L, 1L, 1L,
1L, 1L, 1L, 0L, 1L, 0L, 1L, 1L, 0L, 0L, 0L, 0L, 1L, 1L, 1L, 0L, 1L, 1L, 1L,
0L, 1L, 0L, 0L, 1L, 0L, 1L, 0L, 1L, 0L, 0L, 1L, 1L, 0L, 1L, 1L, 0L, 1L, 1L,
0L, 0L, 0L, 1L, 1L, 0L, 0L, 0L, 0L, 0L, 0L, 1L, 0L, 1L, 0L, 0L, 0L, 0L, 0L,
0L, 0L, 0L, 0L, 0L, 1L, 0L, 1L, 1L, 1L, 1L, 0L, 1L, 1L, 0L, 0L, 0L, 0L, 0L,
1L, 1L, 1L, 1L, 0L, 0L, 1L, 1L, 0L, 0L, 1L, 1L, 0L, 1L, 1L, 0L, 0L, 0L, 0L,
1L, 0L, 1L, 1L, 0L, 0L, 0L, 1L, 1L, 1L, 1L, 1L, 1L, 0L, 1L, 1L, 0L, 0L, 1L,
1L, 0L, 0L, 1L, 0L, 1L, 0L, 1L, 1L, 0L, 1L, 1L, 1L, 1L, 1L, 0L, 0L, 0L, 1L,
1L, 0L, 1L, 0L, 0L, 1L, 1L, 1L, 1L, 1L, 1L, 0L, 0L, 1L, 1L, 0L, 1L, 0L, 1L,
1L, 1L, 1L, 0L, 1L, 0L, 1L, 0L, 1L, 0L, 1L, 1L, 1L, 1L, 0L, 1L, 1L, 1L, 0L,
1L, 0L, 0L, 0L, 1L, 1L, 0L, 1L, 0L, 1L, 1L, 1L, 0L, 0L, 1L, 1L, 0L, 1L, 0L,
0L, 0L, 0L, 1L, 1L, 0L, 1L, 1L, 0L, 0L, 1L, 0L, 1L, 0L, 0L, 0L, 0L, 0L, 0L,
0L, 1L, 1L, 1L, 1L, 0L, 0L, 0L, 0L, 0L, 1L, 1L, 0L, 1L, 1L, 1L, 0L, 1L, 1L,
0L, 1L, 0L, 1L, 0L, 0L, 1L, 0L, 0L, 0L, 0L, 0L, 1L, 0L, 1L, 0L, 1L, 0L, 0L,
0L, 0L, 0L, 1L, 0L, 0L, 0L, 0L, 0L, 0L, 0L, 1L, 0L, 0L, 1L, 1L, 0L, 0L, 0L,
0L, 1L, 1L, 0L, 0L, 0L, 0L, 1L, 0L, 1L, 0L, 1L, 1L, 0L, 1L, 0L, 1L, 0L, 0L,
1L, 1L, 1L, 0L, 1L, 0L, 1L, 0L, 0L, 0L, 1L, 1L, 1L, 1L, 0L, 1L, 1L, 1L, 1L,
0L, 0L, 0L, 1L, 0L, 0L, 1L, 0L, 0L, 0L, 1L, 0L, 0L, 0L, 0L, 1L, 0L, 1L, 0L,
0L, 0L, 0L, 1L, 1L, 0L, 0L, 1L, 1L, 1L, 1L, 1L, 1L, 1L, 0L, 1L, 1L, 1L, 0L,
1L, 0L, 0L, 0L, 0L, 1L, 0L, 0L, 1L, 0L, 1L, 1L), `GestationCohort_23-27
Weeks` = c(0L, 0L, 0L, 1L, 0L, 0L, 0L, 0L, 0L, 0L, 0L, 0L, 0L, 0L, 0L, 0L,
0L, 0L, 0L, 0L, 0L, 0L, 0L, 0L, 0L, 0L, 0L, 0L, 0L, 0L, 0L, 0L, 0L, 0L, 0L,
0L, 0L, 1L, 0L, 0L, 0L, 0L, 0L, 0L, 0L, 0L, 0L, 0L, 0L, 0L, 0L, 0L, 0L, 1L,
0L, 0L, 0L, 0L, 0L, 1L, 0L, 0L, 0L, 0L, 0L, 0L, 0L, 0L, 0L, 0L, 0L, 0L, 0L,
0L, 0L, 0L, 0L, 0L, 0L, 0L, 0L, 0L, 0L, 0L, 0L, 0L, 0L, 0L, 0L, 0L, 0L, 0L,
0L, 0L, 0L, 0L, 0L, 0L, 0L, 0L, 0L, 0L, 0L, 0L, 0L, 0L, 0L, 0L, 0L, 0L, 0L,
0L, 0L, 0L, 0L, 0L, 0L, 1L, 0L, 0L, 0L, 0L, 1L, 0L, 0L, 0L, 1L, 0L, 0L, 0L,
0L, 0L, 0L, 0L, 0L, 0L, 0L, 0L, 0L, 0L, 1L, 0L, 0L, 0L, 0L, 0L, 1L, 0L, 0L,
0L, 0L, 0L, 0L, 0L, 0L, 0L, 0L, 0L, 0L, 0L, 0L, 0L, 0L, 0L, 0L, 1L, 0L, 0L,
0L, 0L, 0L, 0L, 0L, 0L, 0L, 0L, 0L, 0L, 0L, 0L, 0L, 0L, 1L, 0L, 0L, 0L, 0L,
1L, 0L, 0L, 0L, 0L, 0L, 0L, 0L, 0L, 0L, 0L, 0L, 0L, 0L, 0L, 0L, 1L, 0L, 0L,
0L, 0L, 0L, 0L, 0L, 0L, 1L, 0L, 0L, 0L, 0L, 0L, 0L, 1L, 0L, 0L, 0L, 0L, 0L,
0L, 0L, 0L, 0L, 0L, 1L, 0L, 0L, 0L, 0L, 0L, 0L, 0L, 0L, 0L, 0L, 0L, 0L, 1L,
0L, 0L, 0L, 0L, 0L, 0L, 0L, 0L, 0L, 0L, 0L, 0L, 1L, 1L, 0L, 1L, 0L, 0L, 0L,
0L, 1L, 0L, 1L, 1L, 0L, 0L, 0L, 0L, 0L, 0L, 0L, 0L, 0L, 0L, 0L, 0L, 0L, 0L,
0L, 0L, 0L, 0L, 0L, 0L, 0L, 0L, 0L, 0L, 0L, 0L, 0L, 0L, 0L, 0L, 0L, 1L, 0L,
1L, 0L, 0L, 0L, 0L, 0L, 0L, 0L, 0L, 0L, 0L, 0L, 0L, 0L, 0L, 0L, 0L, 0L, 0L,
0L, 0L, 0L, 0L, 0L, 0L, 0L, 0L, 0L, 0L, 0L, 0L, 0L, 0L, 0L, 0L, 1L, 0L, 0L,
0L, 0L, 0L, 0L, 0L, 0L, 0L, 1L, 0L, 0L, 0L, 0L, 0L, 0L, 0L, 0L, 0L, 0L, 0L,
0L, 0L, 0L, 0L, 0L, 0L, 0L, 0L, 0L, 0L, 1L, 0L, 0L, 0L, 0L, 1L, 0L, 0L, 0L,
0L, 0L, 0L, 0L, 0L, 0L, 0L, 0L, 0L, 1L, 0L, 0L, 0L, 0L, 0L, 0L, 0L, 0L, 0L,
0L, 1L, 0L, 0L, 0L, 0L, 0L, 0L, 0L, 0L, 0L, 0L, 0L, 0L, 0L, 0L, 0L, 0L, 0L,
1L, 0L, 0L, 0L, 0L, 0L, 1L, 1L, 0L, 0L, 0L, 0L, 1L, 0L, 0L, 0L, 0L, 0L, 0L,
0L, 0L, 0L, 1L, 0L, 0L, 0L, 0L, 0L, 0L, 0L, 0L, 0L, 0L, 0L, 0L, 0L, 1L, 1L,
0L, 0L, 0L, 0L, 0L, 0L, 0L, 0L, 1L, 0L, 0L, 0L, 0L, 0L, 0L, 0L, 0L, 0L, 0L,
0L, 0L, 1L, 0L, 0L, 0L, 0L, 0L, 0L, 0L, 0L, 0L, 0L, 0L, 0L, 0L, 0L, 0L, 0L,
0L, 0L, 0L, 0L, 0L, 1L, 0L, 0L, 0L, 0L, 0L, 0L, 1L, 0L, 0L, 0L, 0L, 0L, 0L,
1L, 0L, 0L, 1L, 0L, 0L, 0L, 0L, 0L, 0L, 0L, 0L, 0L, 0L, 0L, 0L, 0L, 0L, 0L,
0L, 0L, 0L, 0L, 0L, 0L, 0L), `GestationCohort_28-32 Weeks` = c(1L, 1L, 1L,
0L, 1L, 1L, 1L, 1L, 0L, 1L, 1L, 1L, 1L, 0L, 1L, 1L, 1L, 1L, 1L, 1L, 1L, 1L,
1L, 1L, 0L, 1L, 1L, 1L, 1L, 1L, 1L, 1L, 1L, 1L, 0L, 1L, 1L, 0L, 1L, 0L, 1L,
0L, 0L, 1L, 1L, 1L, 1L, 1L, 1L, 1L, 1L, 1L, 1L, 0L, 1L, 1L, 1L, 1L, 1L, 0L,
1L, 1L, 0L, 1L, 1L, 1L, 1L, 1L, 1L, 1L, 1L, 0L, 1L, 1L, 1L, 1L, 1L, 1L, 1L,
1L, 1L, 1L, 1L, 1L, 1L, 1L, 1L, 1L, 1L, 1L, 0L, 0L, 1L, 0L, 1L, 1L, 1L, 1L,
1L, 1L, 1L, 1L, 1L, 1L, 1L, 1L, 1L, 1L, 1L, 1L, 1L, 1L, 1L, 1L, 1L, 1L, 1L,
0L, 1L, 1L, 1L, 1L, 0L, 1L, 1L, 1L, 0L, 1L, 1L, 1L, 1L, 1L, 1L, 1L, 1L, 1L,
1L, 1L, 1L, 1L, 0L, 1L, 1L, 1L, 1L, 1L, 0L, 1L, 1L, 1L, 0L, 1L, 1L, 1L, 1L,
1L, 1L, 1L, 1L, 1L, 1L, 0L, 1L, 0L, 1L, 0L, 0L, 1L, 1L, 1L, 0L, 1L, 0L, 1L,
1L, 0L, 1L, 1L, 1L, 1L, 1L, 1L, 0L, 1L, 1L, 1L, 1L, 0L, 1L, 1L, 1L, 0L, 1L,
1L, 1L, 1L, 1L, 1L, 1L, 1L, 0L, 1L, 1L, 0L, 1L, 1L, 1L, 1L, 1L, 1L, 0L, 1L,
0L, 1L, 1L, 0L, 1L, 1L, 1L, 0L, 1L, 1L, 1L, 1L, 1L, 1L, 1L, 1L, 1L, 1L, 0L,
0L, 1L, 0L, 1L, 1L, 1L, 0L, 1L, 0L, 0L, 1L, 1L, 0L, 1L, 1L, 1L, 0L, 1L, 1L,
1L, 0L, 1L, 1L, 1L, 1L, 0L, 0L, 1L, 0L, 1L, 1L, 1L, 1L, 0L, 1L, 0L, 0L, 1L,
1L, 1L, 1L, 1L, 1L, 0L, 1L, 0L, 0L, 1L, 1L, 1L, 1L, 1L, 1L, 1L, 1L, 1L, 1L,
1L, 1L, 1L, 1L, 1L, 1L, 0L, 1L, 1L, 1L, 1L, 0L, 1L, 0L, 0L, 1L, 1L, 1L, 1L,
1L, 1L, 1L, 1L, 1L, 1L, 1L, 1L, 0L, 1L, 1L, 1L, 1L, 1L, 0L, 1L, 1L, 1L, 1L,
1L, 1L, 1L, 1L, 0L, 1L, 0L, 1L, 1L, 1L, 0L, 1L, 1L, 0L, 1L, 1L, 1L, 0L, 1L,
0L, 0L, 1L, 1L, 1L, 1L, 1L, 1L, 1L, 1L, 0L, 1L, 1L, 1L, 1L, 1L, 1L, 0L, 0L,
1L, 1L, 1L, 1L, 0L, 1L, 1L, 1L, 0L, 0L, 0L, 1L, 1L, 0L, 1L, 1L, 1L, 1L, 0L,
1L, 0L, 1L, 0L, 0L, 1L, 1L, 1L, 0L, 0L, 1L, 1L, 1L, 1L, 0L, 1L, 0L, 0L, 1L,
1L, 1L, 1L, 0L, 1L, 1L, 1L, 1L, 1L, 1L, 1L, 1L, 1L, 0L, 1L, 1L, 0L, 1L, 1L,
0L, 0L, 1L, 0L, 1L, 1L, 0L, 0L, 1L, 1L, 1L, 1L, 1L, 1L, 1L, 1L, 0L, 1L, 0L,
1L, 1L, 1L, 1L, 1L, 1L, 1L, 1L, 0L, 1L, 1L, 0L, 0L, 1L, 1L, 1L, 1L, 1L, 1L,
1L, 1L, 0L, 1L, 1L, 1L, 1L, 1L, 0L, 1L, 1L, 1L, 1L, 1L, 1L, 0L, 0L, 0L, 1L,
1L, 1L, 1L, 1L, 1L, 1L, 1L, 0L, 1L, 0L, 1L, 1L, 1L, 1L, 0L, 0L, 1L, 0L, 0L,
1L, 1L, 0L, 0L, 1L, 0L, 0L, 1L, 1L, 1L, 1L, 1L, 1L, 0L, 1L, 1L, 0L, 1L, 1L,
1L, 1L, 1L, 0L, 1L, 1L, 1L, 1L, 0L, 1L, 1L, 1L, 1L, 1L, 1L, 0L, 1L, 1L, 1L,
1L), `GestationCohort_33-36 Weeks` = c(0L, 0L, 0L, 0L, 0L, 0L, 0L, 0L, 1L,
0L, 0L, 0L, 0L, 1L, 0L, 0L, 0L, 0L, 0L, 0L, 0L, 0L, 0L, 0L, 1L, 0L, 0L, 0L,
0L, 0L, 0L, 0L, 0L, 0L, 1L, 0L, 0L, 0L, 0L, 1L, 0L, 1L, 1L, 0L, 0L, 0L, 0L,
0L, 0L, 0L, 0L, 0L, 0L, 0L, 0L, 0L, 0L, 0L, 0L, 0L, 0L, 0L, 1L, 0L, 0L, 0L,
0L, 0L, 0L, 0L, 0L, 1L, 0L, 0L, 0L, 0L, 0L, 0L, 0L, 0L, 0L, 0L, 0L, 0L, 0L,
0L, 0L, 0L, 0L, 0L, 1L, 1L, 0L, 1L, 0L, 0L, 0L, 0L, 0L, 0L, 0L, 0L, 0L, 0L,
0L, 0L, 0L, 0L, 0L, 0L, 0L, 0L, 0L, 0L, 0L, 0L, 0L, 0L, 0L, 0L, 0L, 0L, 0L,
0L, 0L, 0L, 0L, 0L, 0L, 0L, 0L, 0L, 0L, 0L, 0L, 0L, 0L, 0L, 0L, 0L, 0L, 0L,
0L, 0L, 0L, 0L, 0L, 0L, 0L, 0L, 1L, 0L, 0L, 0L, 0L, 0L, 0L, 0L, 0L, 0L, 0L,
1L, 0L, 1L, 0L, 0L, 1L, 0L, 0L, 0L, 1L, 0L, 1L, 0L, 0L, 1L, 0L, 0L, 0L, 0L,
0L, 0L, 0L, 0L, 0L, 0L, 0L, 0L, 0L, 0L, 0L, 1L, 0L, 0L, 0L, 0L, 0L, 0L, 0L,
0L, 1L, 0L, 0L, 0L, 0L, 0L, 0L, 0L, 0L, 0L, 1L, 0L, 0L, 0L, 0L, 1L, 0L, 0L,
0L, 0L, 0L, 0L, 0L, 0L, 0L, 0L, 0L, 0L, 0L, 0L, 0L, 1L, 0L, 1L, 0L, 0L, 0L,
1L, 0L, 1L, 1L, 0L, 0L, 0L, 0L, 0L, 0L, 1L, 0L, 0L, 0L, 1L, 0L, 0L, 0L, 0L,
0L, 0L, 0L, 0L, 0L, 0L, 0L, 0L, 0L, 0L, 0L, 0L, 0L, 0L, 0L, 0L, 0L, 0L, 1L,
0L, 1L, 1L, 0L, 0L, 0L, 0L, 0L, 0L, 0L, 0L, 0L, 0L, 0L, 0L, 0L, 0L, 0L, 0L,
1L, 0L, 0L, 0L, 0L, 0L, 0L, 0L, 1L, 0L, 0L, 0L, 0L, 0L, 0L, 0L, 0L, 0L, 0L,
0L, 0L, 1L, 0L, 0L, 0L, 0L, 0L, 1L, 0L, 0L, 0L, 0L, 0L, 0L, 0L, 0L, 1L, 0L,
1L, 0L, 0L, 0L, 0L, 0L, 0L, 1L, 0L, 0L, 0L, 1L, 0L, 1L, 0L, 0L, 0L, 0L, 0L,
0L, 0L, 0L, 0L, 1L, 0L, 0L, 0L, 0L, 0L, 0L, 1L, 1L, 0L, 0L, 0L, 0L, 0L, 0L,
0L, 0L, 1L, 0L, 1L, 0L, 0L, 1L, 0L, 0L, 0L, 0L, 1L, 0L, 1L, 0L, 0L, 1L, 0L,
0L, 0L, 1L, 1L, 0L, 0L, 0L, 0L, 0L, 0L, 1L, 1L, 0L, 0L, 0L, 0L, 1L, 0L, 0L,
0L, 0L, 0L, 0L, 0L, 0L, 0L, 0L, 0L, 0L, 1L, 0L, 0L, 0L, 0L, 0L, 1L, 0L, 0L,
0L, 1L, 0L, 0L, 0L, 0L, 0L, 0L, 0L, 0L, 0L, 0L, 1L, 0L, 0L, 0L, 0L, 0L, 0L,
0L, 0L, 1L, 0L, 0L, 0L, 0L, 0L, 0L, 0L, 0L, 0L, 0L, 0L, 0L, 0L, 0L, 0L, 0L,
0L, 0L, 1L, 0L, 0L, 0L, 0L, 0L, 0L, 0L, 1L, 1L, 0L, 0L, 0L, 0L, 0L, 0L, 0L,
0L, 1L, 0L, 1L, 0L, 0L, 0L, 0L, 1L, 1L, 0L, 1L, 0L, 0L, 0L, 1L, 1L, 0L, 1L,
0L, 0L, 0L, 0L, 0L, 0L, 0L, 0L, 0L, 0L, 0L, 0L, 0L, 0L, 0L, 0L, 1L, 0L, 0L,
0L, 0L, 1L, 0L, 0L, 0L, 0L, 0L, 0L, 1L, 0L, 0L, 0L, 0L),
PostNatalAntibiotics_Infant.Abx = c(0L, 0L, 1L, 1L, 0L, 0L, 1L, 1L, 0L, 0L,
0L, 1L, 0L, 1L, 1L, 0L, 1L, 0L, 1L, 0L, 0L, 1L, 1L, 0L, 0L, 1L, 1L, 1L, 1L,
1L, 0L, 0L, 1L, 0L, 0L, 1L, 1L, 1L, 0L, 0L, 1L, 0L, 0L, 1L, 1L, 1L, 0L, 1L,
1L, 0L, 1L, 0L, 0L, 1L, 0L, 0L, 1L, 1L, 0L, 1L, 0L, 1L, 1L, 1L, 0L, 0L, 1L,
0L, 1L, 0L, 1L, 0L, 0L, 1L, 0L, 0L, 0L, 0L, 1L, 0L, 1L, 0L, 0L, 0L, 0L, 0L,
0L, 0L, 0L, 0L, 0L, 0L, 0L, 0L, 0L, 0L, 1L, 1L, 1L, 1L, 0L, 1L, 0L, 1L, 1L,
1L, 1L, 0L, 0L, 1L, 0L, 1L, 0L, 0L, 1L, 1L, 1L, 1L, 0L, 0L, 0L, 0L, 1L, 1L,
1L, 0L, 1L, 1L, 0L, 0L, 1L, 0L, 0L, 1L, 0L, 0L, 0L, 1L, 1L, 0L, 1L, 0L, 0L,
1L, 1L, 0L, 1L, 0L, 1L, 1L, 0L, 1L, 1L, 1L, 1L, 1L, 1L, 0L, 0L, 1L, 0L, 0L,
1L, 0L, 1L, 1L, 0L, 0L, 1L, 0L, 0L, 0L, 0L, 1L, 0L, 1L, 1L, 0L, 0L, 1L, 1L,
1L, 1L, 0L, 0L, 0L, 0L, 1L, 0L, 0L, 0L, 0L, 1L, 0L, 1L, 0L, 0L, 0L, 1L, 1L,
0L, 1L, 1L, 1L, 1L, 1L, 1L, 0L, 0L, 1L, 0L, 1L, 1L, 0L, 0L, 1L, 1L, 0L, 0L,
1L, 0L, 1L, 0L, 0L, 0L, 1L, 0L, 1L, 0L, 1L, 1L, 0L, 1L, 0L, 0L, 0L, 0L, 1L,
1L, 0L, 0L, 0L, 1L, 1L, 0L, 1L, 0L, 0L, 1L, 1L, 0L, 0L, 0L, 0L, 1L, 1L, 1L,
1L, 1L, 1L, 1L, 0L, 1L, 1L, 0L, 1L, 1L, 1L, 0L, 0L, 0L, 1L, 0L, 1L, 0L, 1L,
0L, 0L, 0L, 0L, 1L, 1L, 1L, 1L, 0L, 0L, 1L, 0L, 1L, 1L, 1L, 1L, 1L, 0L, 0L,
0L, 0L, 1L, 0L, 1L, 1L, 1L, 0L, 0L, 0L, 0L, 0L, 1L, 1L, 1L, 1L, 0L, 1L, 1L,
0L, 0L, 1L, 0L, 0L, 0L, 1L, 1L, 0L, 0L, 1L, 0L, 0L, 0L, 1L, 0L, 0L, 1L, 0L,
1L, 0L, 0L, 1L, 1L, 1L, 0L, 0L, 0L, 1L, 0L, 1L, 0L, 1L, 1L, 0L, 0L, 0L, 1L,
0L, 0L, 0L, 0L, 1L, 1L, 0L, 0L, 0L, 1L, 0L, 0L, 1L, 1L, 0L, 0L, 1L, 1L, 0L,
1L, 1L, 1L, 0L, 1L, 1L, 0L, 1L, 0L, 0L, 1L, 0L, 0L, 1L, 0L, 1L, 0L, 1L, 0L,
0L, 1L, 0L, 1L, 0L, 1L, 0L, 1L, 0L, 0L, 0L, 0L, 1L, 0L, 1L, 0L, 0L, 0L, 0L,
1L, 0L, 1L, 0L, 0L, 1L, 1L, 0L, 1L, 0L, 1L, 0L, 1L, 1L, 1L, 1L, 0L, 0L, 1L,
0L, 0L, 0L, 1L, 1L, 1L, 0L, 0L, 0L, 1L, 0L, 1L, 0L, 1L, 1L, 1L, 1L, 1L, 0L,
0L, 0L, 0L, 1L, 0L, 1L, 1L, 0L, 1L, 1L, 0L, 1L, 1L, 0L, 1L, 0L, 1L, 0L, 0L,
1L, 1L, 1L, 1L, 1L, 1L, 0L, 0L, 1L, 0L, 0L, 0L, 1L, 1L, 0L, 0L, 0L, 0L, 1L,
1L, 0L, 0L, 0L, 0L, 1L, 0L, 1L, 0L, 0L, 1L, 1L, 1L, 0L, 1L, 0L, 1L, 0L, 0L,
0L, 0L, 0L, 0L, 1L, 1L, 1L, 0L, 0L, 1L, 1L, 0L, 1L, 1L, 0L, 0L, 0L, 0L, 1L,
1L, 0L, 1L, 0L, 1L, 1L, 0L, 0L, 0L, 1L, 1L, 1L, 1L),
PostNatalAntibiotics_No.Infant.Abx = c(1L, 1L, 0L, 0L, 1L, 1L, 0L, 0L, 1L,
1L, 1L, 0L, 1L, 0L, 0L, 1L, 0L, 1L, 0L, 1L, 1L, 0L, 0L, 1L, 1L, 0L, 0L, 0L,
0L, 0L, 1L, 1L, 0L, 1L, 1L, 0L, 0L, 0L, 1L, 1L, 0L, 1L, 1L, 0L, 0L, 0L, 1L,
0L, 0L, 1L, 0L, 1L, 1L, 0L, 1L, 1L, 0L, 0L, 1L, 0L, 1L, 0L, 0L, 0L, 1L, 1L,
0L, 1L, 0L, 1L, 0L, 1L, 1L, 0L, 1L, 1L, 1L, 1L, 0L, 1L, 0L, 1L, 1L, 1L, 1L,
1L, 1L, 1L, 1L, 1L, 1L, 1L, 1L, 1L, 1L, 1L, 0L, 0L, 0L, 0L, 1L, 0L, 1L, 0L,
0L, 0L, 0L, 1L, 1L, 0L, 1L, 0L, 1L, 1L, 0L, 0L, 0L, 0L, 1L, 1L, 1L, 1L, 0L,
0L, 0L, 1L, 0L, 0L, 1L, 1L, 0L, 1L, 1L, 0L, 1L, 1L, 1L, 0L, 0L, 1L, 0L, 1L,
1L, 0L, 0L, 1L, 0L, 1L, 0L, 0L, 1L, 0L, 0L, 0L, 0L, 0L, 0L, 1L, 1L, 0L, 1L,
1L, 0L, 1L, 0L, 0L, 1L, 1L, 0L, 1L, 1L, 1L, 1L, 0L, 1L, 0L, 0L, 1L, 1L, 0L,
0L, 0L, 0L, 1L, 1L, 1L, 1L, 0L, 1L, 1L, 1L, 1L, 0L, 1L, 0L, 1L, 1L, 1L, 0L,
0L, 1L, 0L, 0L, 0L, 0L, 0L, 0L, 1L, 1L, 0L, 1L, 0L, 0L, 1L, 1L, 0L, 0L, 1L,
1L, 0L, 1L, 0L, 1L, 1L, 1L, 0L, 1L, 0L, 1L, 0L, 0L, 1L, 0L, 1L, 1L, 1L, 1L,
0L, 0L, 1L, 1L, 1L, 0L, 0L, 1L, 0L, 1L, 1L, 0L, 0L, 1L, 1L, 1L, 1L, 0L, 0L,
0L, 0L, 0L, 0L, 0L, 1L, 0L, 0L, 1L, 0L, 0L, 0L, 1L, 1L, 1L, 0L, 1L, 0L, 1L,
0L, 1L, 1L, 1L, 1L, 0L, 0L, 0L, 0L, 1L, 1L, 0L, 1L, 0L, 0L, 0L, 0L, 0L, 1L,
1L, 1L, 1L, 0L, 1L, 0L, 0L, 0L, 1L, 1L, 1L, 1L, 1L, 0L, 0L, 0L, 0L, 1L, 0L,
0L, 1L, 1L, 0L, 1L, 1L, 1L, 0L, 0L, 1L, 1L, 0L, 1L, 1L, 1L, 0L, 1L, 1L, 0L,
1L, 0L, 1L, 1L, 0L, 0L, 0L, 1L, 1L, 1L, 0L, 1L, 0L, 1L, 0L, 0L, 1L, 1L, 1L,
0L, 1L, 1L, 1L, 1L, 0L, 0L, 1L, 1L, 1L, 0L, 1L, 1L, 0L, 0L, 1L, 1L, 0L, 0L,
1L, 0L, 0L, 0L, 1L, 0L, 0L, 1L, 0L, 1L, 1L, 0L, 1L, 1L, 0L, 1L, 0L, 1L, 0L,
1L, 1L, 0L, 1L, 0L, 1L, 0L, 1L, 0L, 1L, 1L, 1L, 1L, 0L, 1L, 0L, 1L, 1L, 1L,
1L, 0L, 1L, 0L, 1L, 1L, 0L, 0L, 1L, 0L, 1L, 0L, 1L, 0L, 0L, 0L, 0L, 1L, 1L,
0L, 1L, 1L, 1L, 0L, 0L, 0L, 1L, 1L, 1L, 0L, 1L, 0L, 1L, 0L, 0L, 0L, 0L, 0L,
1L, 1L, 1L, 1L, 0L, 1L, 0L, 0L, 1L, 0L, 0L, 1L, 0L, 0L, 1L, 0L, 1L, 0L, 1L,
1L, 0L, 0L, 0L, 0L, 0L, 0L, 1L, 1L, 0L, 1L, 1L, 1L, 0L, 0L, 1L, 1L, 1L, 1L,
0L, 0L, 1L, 1L, 1L, 1L, 0L, 1L, 0L, 1L, 1L, 0L, 0L, 0L, 1L, 0L, 1L, 0L, 1L,
1L, 1L, 1L, 1L, 1L, 0L, 0L, 0L, 1L, 1L, 0L, 0L, 1L, 0L, 0L, 1L, 1L, 1L, 1L,
0L, 0L, 1L, 0L, 1L, 0L, 0L, 1L, 1L, 1L, 0L, 0L, 0L, 0L),
MaternalAntibiotics_Mat.Abx = c(1L, 1L, 1L, 1L, 1L, 1L, 1L, 1L, 1L, 1L, 0L,
0L, 0L, 0L, 1L, 1L, 1L, 1L, 0L, 1L, 0L, 1L, 0L, 1L, 1L, 0L, 1L, 1L, 1L, 1L,
1L, 0L, 0L, 1L, 1L, 0L, 0L, 1L, 1L, 0L, 1L, 0L, 1L, 0L, 1L, 1L, 1L, 1L, 1L,
0L, 0L, 1L, 1L, 1L, 1L, 1L, 1L, 1L, 1L, 1L, 1L, 0L, 0L, 1L, 1L, 1L, 1L, 1L,
1L, 1L, 0L, 1L, 0L, 0L, 1L, 1L, 1L, 1L, 1L, 1L, 1L, 0L, 1L, 0L, 1L, 1L, 1L,
1L, 0L, 1L, 1L, 1L, 1L, 1L, 1L, 1L, 1L, 0L, 1L, 0L, 1L, 0L, 1L, 1L, 0L, 1L,
1L, 1L, 1L, 1L, 1L, 1L, 1L, 1L, 1L, 1L, 0L, 1L, 1L, 1L, 1L, 1L, 1L, 1L, 1L,
1L, 1L, 1L, 1L, 1L, 0L, 1L, 1L, 1L, 1L, 1L, 1L, 1L, 1L, 1L, 1L, 1L, 1L, 1L,
1L, 1L, 1L, 1L, 1L, 1L, 0L, 1L, 0L, 1L, 0L, 1L, 1L, 1L, 1L, 1L, 1L, 1L, 1L,
1L, 1L, 1L, 1L, 1L, 1L, 1L, 1L, 0L, 0L, 1L, 0L, 0L, 1L, 1L, 1L, 1L, 1L, 1L,
1L, 1L, 1L, 1L, 1L, 1L, 0L, 1L, 0L, 1L, 1L, 0L, 1L, 1L, 1L, 1L, 1L, 1L, 1L,
1L, 1L, 1L, 1L, 0L, 0L, 1L, 1L, 1L, 1L, 1L, 1L, 1L, 1L, 0L, 1L, 1L, 1L, 1L,
1L, 1L, 1L, 1L, 1L, 1L, 1L, 1L, 1L, 1L, 0L, 1L, 0L, 1L, 0L, 1L, 1L, 0L, 1L,
1L, 1L, 1L, 1L, 0L, 1L, 1L, 1L, 1L, 1L, 1L, 1L, 1L, 0L, 1L, 0L, 1L, 1L, 1L,
1L, 1L, 1L, 1L, 1L, 1L, 1L, 1L, 1L, 1L, 1L, 1L, 0L, 1L, 0L, 1L, 0L, 1L, 0L,
0L, 1L, 1L, 1L, 1L, 1L, 1L, 0L, 1L, 0L, 1L, 0L, 1L, 1L, 1L, 1L, 1L, 1L, 1L,
1L, 1L, 1L, 1L, 1L, 1L, 0L, 1L, 1L, 1L, 1L, 1L, 0L, 0L, 1L, 1L, 1L, 1L, 0L,
1L, 1L, 1L, 0L, 1L, 1L, 0L, 0L, 1L, 1L, 1L, 0L, 0L, 1L, 1L, 1L, 1L, 1L, 1L,
1L, 1L, 1L, 1L, 1L, 1L, 1L, 1L, 1L, 1L, 1L, 1L, 1L, 1L, 1L, 1L, 0L, 1L, 1L,
1L, 1L, 1L, 1L, 1L, 0L, 1L, 0L, 0L, 0L, 1L, 1L, 0L, 1L, 1L, 1L, 1L, 1L, 1L,
0L, 1L, 1L, 1L, 1L, 0L, 1L, 1L, 1L, 1L, 1L, 1L, 1L, 1L, 1L, 1L, 1L, 1L, 0L,
1L, 0L, 1L, 1L, 1L, 1L, 0L, 1L, 1L, 1L, 1L, 0L, 0L, 0L, 1L, 1L, 0L, 1L, 0L,
1L, 1L, 1L, 1L, 1L, 1L, 1L, 1L, 1L, 1L, 0L, 1L, 0L, 0L, 0L, 1L, 1L, 1L, 1L,
1L, 0L, 0L, 0L, 1L, 1L, 1L, 0L, 1L, 1L, 0L, 0L, 1L, 1L, 1L, 0L, 1L, 1L, 1L,
1L, 1L, 0L, 1L, 1L, 0L, 1L, 1L, 1L, 1L, 0L, 1L, 0L, 1L, 0L, 1L, 0L, 0L, 1L,
0L, 0L, 1L, 0L, 1L, 1L, 1L, 1L, 1L, 0L, 1L, 1L, 1L, 1L, 1L, 1L, 0L, 0L, 1L,
1L, 1L, 1L, 1L, 0L, 0L, 1L, 1L, 1L, 0L, 0L, 1L, 1L, 1L, 0L, 1L, 1L, 1L, 0L,
1L, 1L, 1L, 1L, 0L, 1L, 0L, 1L, 1L, 1L, 1L, 0L, 1L, 1L, 0L, 1L, 0L, 1L, 1L,
1L, 1L, 1L, 1L, 1L, 1L, 1L, 1L, 0L, 1L, 1L, 1L),
MaternalAntibiotics_None.Mat.Abx = c(0L, 0L, 0L, 0L, 0L, 0L, 0L, 0L, 0L,
0L, 1L, 1L, 1L, 1L, 0L, 0L, 0L, 0L, 1L, 0L, 1L, 0L, 1L, 0L, 0L, 1L, 0L, 0L,
0L, 0L, 0L, 1L, 1L, 0L, 0L, 1L, 1L, 0L, 0L, 1L, 0L, 1L, 0L, 1L, 0L, 0L, 0L,
0L, 0L, 1L, 1L, 0L, 0L, 0L, 0L, 0L, 0L, 0L, 0L, 0L, 0L, 1L, 1L, 0L, 0L, 0L,
0L, 0L, 0L, 0L, 1L, 0L, 1L, 1L, 0L, 0L, 0L, 0L, 0L, 0L, 0L, 1L, 0L, 1L, 0L,
0L, 0L, 0L, 1L, 0L, 0L, 0L, 0L, 0L, 0L, 0L, 0L, 1L, 0L, 1L, 0L, 1L, 0L, 0L,
1L, 0L, 0L, 0L, 0L, 0L, 0L, 0L, 0L, 0L, 0L, 0L, 1L, 0L, 0L, 0L, 0L, 0L, 0L,
0L, 0L, 0L, 0L, 0L, 0L, 0L, 1L, 0L, 0L, 0L, 0L, 0L, 0L, 0L, 0L, 0L, 0L, 0L,
0L, 0L, 0L, 0L, 0L, 0L, 0L, 0L, 1L, 0L, 1L, 0L, 1L, 0L, 0L, 0L, 0L, 0L, 0L,
0L, 0L, 0L, 0L, 0L, 0L, 0L, 0L, 0L, 0L, 1L, 1L, 0L, 1L, 1L, 0L, 0L, 0L, 0L,
0L, 0L, 0L, 0L, 0L, 0L, 0L, 0L, 1L, 0L, 1L, 0L, 0L, 1L, 0L, 0L, 0L, 0L, 0L,
0L, 0L, 0L, 0L, 0L, 0L, 1L, 1L, 0L, 0L, 0L, 0L, 0L, 0L, 0L, 0L, 1L, 0L, 0L,
0L, 0L, 0L, 0L, 0L, 0L, 0L, 0L, 0L, 0L, 0L, 0L, 1L, 0L, 1L, 0L, 1L, 0L, 0L,
1L, 0L, 0L, 0L, 0L, 0L, 1L, 0L, 0L, 0L, 0L, 0L, 0L, 0L, 0L, 1L, 0L, 1L, 0L,
0L, 0L, 0L, 0L, 0L, 0L, 0L, 0L, 0L, 0L, 0L, 0L, 0L, 0L, 1L, 0L, 1L, 0L, 1L,
0L, 1L, 1L, 0L, 0L, 0L, 0L, 0L, 0L, 1L, 0L, 1L, 0L, 1L, 0L, 0L, 0L, 0L, 0L,
0L, 0L, 0L, 0L, 0L, 0L, 0L, 0L, 1L, 0L, 0L, 0L, 0L, 0L, 1L, 1L, 0L, 0L, 0L,
0L, 1L, 0L, 0L, 0L, 1L, 0L, 0L, 1L, 1L, 0L, 0L, 0L, 1L, 1L, 0L, 0L, 0L, 0L,
0L, 0L, 0L, 0L, 0L, 0L, 0L, 0L, 0L, 0L, 0L, 0L, 0L, 0L, 0L, 0L, 0L, 0L, 1L,
0L, 0L, 0L, 0L, 0L, 0L, 0L, 1L, 0L, 1L, 1L, 1L, 0L, 0L, 1L, 0L, 0L, 0L, 0L,
0L, 0L, 1L, 0L, 0L, 0L, 0L, 1L, 0L, 0L, 0L, 0L, 0L, 0L, 0L, 0L, 0L, 0L, 0L,
0L, 1L, 0L, 1L, 0L, 0L, 0L, 0L, 1L, 0L, 0L, 0L, 0L, 1L, 1L, 1L, 0L, 0L, 1L,
0L, 1L, 0L, 0L, 0L, 0L, 0L, 0L, 0L, 0L, 0L, 0L, 1L, 0L, 1L, 1L, 1L, 0L, 0L,
0L, 0L, 0L, 1L, 1L, 1L, 0L, 0L, 0L, 1L, 0L, 0L, 1L, 1L, 0L, 0L, 0L, 1L, 0L,
0L, 0L, 0L, 0L, 1L, 0L, 0L, 1L, 0L, 0L, 0L, 0L, 1L, 0L, 1L, 0L, 1L, 0L, 1L,
1L, 0L, 1L, 1L, 0L, 1L, 0L, 0L, 0L, 0L, 0L, 1L, 0L, 0L, 0L, 0L, 0L, 0L, 1L,
1L, 0L, 0L, 0L, 0L, 0L, 1L, 1L, 0L, 0L, 0L, 1L, 1L, 0L, 0L, 0L, 1L, 0L, 0L,
0L, 1L, 0L, 0L, 0L, 0L, 1L, 0L, 1L, 0L, 0L, 0L, 0L, 1L, 0L, 0L, 1L, 0L, 1L,
0L, 0L, 0L, 0L, 0L, 0L, 0L, 0L, 0L, 0L, 1L, 0L, 0L, 0L), AnyMilk_Donor =
c(0L, 0L, 0L, 0L, 0L, 0L, 0L, 0L, 0L, 0L, 0L, 0L, 0L, 0L, 0L, 0L, 0L, 0L,
0L, 0L, 0L, 0L, 0L, 1L, 0L, 0L, 0L, 0L, 0L, 0L, 0L, 0L, 0L, 0L, 0L, 0L, 0L,
0L, 0L, 0L, 0L, 0L, 0L, 0L, 0L, 0L, 1L, 1L, 0L, 0L, 0L, 0L, 0L, 0L, 0L, 0L,
0L, 0L, 0L, 0L, 0L, 0L, 0L, 0L, 0L, 0L, 0L, 0L, 1L, 0L, 0L, 0L, 0L, 0L, 1L,
0L, 0L, 0L, 0L, 0L, 0L, 0L, 0L, 0L, 0L, 0L, 0L, 0L, 0L, 0L, 0L, 0L, 1L, 0L,
0L, 0L, 0L, 0L, 0L, 0L, 0L, 0L, 0L, 0L, 0L, 0L, 0L, 0L, 0L, 0L, 1L, 0L, 0L,
0L, 0L, 0L, 0L, 0L, 0L, 0L, 0L, 0L, 0L, 0L, 0L, 0L, 0L, 0L, 1L, 1L, 0L, 0L,
0L, 0L, 1L, 0L, 0L, 0L, 1L, 0L, 0L, 0L, 0L, 0L, 0L, 0L, 0L, 0L, 0L, 0L, 0L,
0L, 0L, 0L, 0L, 0L, 0L, 0L, 0L, 0L, 0L, 0L, 0L, 0L, 0L, 0L, 0L, 0L, 0L, 1L,
0L, 0L, 0L, 0L, 0L, 0L, 0L, 0L, 0L, 0L, 0L, 0L, 0L, 0L, 0L, 0L, 0L, 0L, 0L,
0L, 0L, 0L, 0L, 0L, 0L, 0L, 0L, 0L, 0L, 0L, 0L, 0L, 0L, 0L, 0L, 0L, 0L, 0L,
0L, 0L, 0L, 1L, 0L, 0L, 1L, 0L, 0L, 1L, 0L, 0L, 0L, 0L, 0L, 0L, 0L, 0L, 0L,
0L, 0L, 0L, 1L, 0L, 0L, 0L, 0L, 0L, 0L, 0L, 0L, 0L, 0L, 0L, 0L, 1L, 0L, 0L,
0L, 0L, 1L, 1L, 0L, 0L, 0L, 0L, 0L, 0L, 0L, 0L, 0L, 0L, 0L, 1L, 0L, 0L, 0L,
0L, 0L, 0L, 0L, 0L, 0L, 0L, 0L, 0L, 0L, 0L, 0L, 0L, 1L, 0L, 0L, 0L, 0L, 0L,
0L, 0L, 0L, 0L, 0L, 0L, 0L, 0L, 0L, 0L, 0L, 0L, 0L, 0L, 0L, 0L, 0L, 0L, 0L,
0L, 1L, 0L, 1L, 0L, 0L, 0L, 0L, 0L, 0L, 0L, 0L, 0L, 1L, 0L, 0L, 0L, 0L, 0L,
0L, 0L, 0L, 0L, 0L, 0L, 0L, 0L, 0L, 0L, 0L, 0L, 1L, 1L, 0L, 0L, 0L, 0L, 0L,
0L, 0L, 0L, 0L, 0L, 0L, 0L, 0L, 0L, 0L, 0L, 0L, 0L, 0L, 0L, 0L, 0L, 0L, 0L,
0L, 0L, 0L, 0L, 0L, 0L, 0L, 1L, 0L, 0L, 0L, 0L, 0L, 0L, 0L, 0L, 0L, 0L, 0L,
0L, 1L, 0L, 0L, 0L, 0L, 0L, 0L, 0L, 0L, 0L, 0L, 0L, 0L, 0L, 0L, 0L, 1L, 1L,
0L, 0L, 0L, 0L, 0L, 0L, 0L, 0L, 0L, 0L, 0L, 0L, 0L, 0L, 0L, 0L, 0L, 0L, 0L,
0L, 0L, 0L, 0L, 0L, 1L, 0L, 0L, 0L, 0L, 0L, 0L, 1L, 0L, 0L, 0L, 0L, 0L, 1L,
0L, 0L, 0L, 0L, 0L, 0L, 1L, 0L, 0L, 0L, 0L, 0L, 0L, 0L, 0L, 0L, 0L, 0L, 0L,
0L, 0L, 0L, 0L, 1L, 0L, 0L, 0L, 0L, 0L, 0L, 0L, 0L, 0L, 0L, 0L, 0L, 0L, 0L,
0L, 0L, 0L, 1L, 0L, 0L, 0L, 0L, 0L, 0L, 0L, 0L, 0L, 0L, 0L, 0L, 0L, 0L, 0L,
0L, 0L, 0L, 1L, 0L, 0L, 0L, 0L, 1L, 0L, 0L, 0L, 0L, 0L, 0L, 0L, 0L, 0L, 0L,
1L, 0L, 0L, 0L, 0L, 0L, 1L, 0L, 0L, 0L, 0L, 0L, 0L, 1L, 1L, 0L, 0L, 1L, 1L,
0L, 0L, 0L, 0L, 0L), AnyMilk_Mother = c(1L, 1L, 1L, 1L, 1L, 1L, 1L, 0L, 1L,
1L, 1L, 1L, 1L, 1L, 0L, 1L, 1L, 1L, 1L, 1L, 1L, 1L, 0L, 0L, 0L, 1L, 0L, 1L,
1L, 1L, 1L, 1L, 1L, 1L, 1L, 1L, 1L, 1L, 1L, 1L, 1L, 0L, 1L, 1L, 0L, 1L, 0L,
0L, 1L, 1L, 0L, 1L, 1L, 1L, 1L, 1L, 1L, 1L, 1L, 1L, 1L, 1L, 0L, 1L, 1L, 1L,
1L, 1L, 0L, 1L, 0L, 1L, 1L, 1L, 0L, 1L, 1L, 1L, 1L, 1L, 1L, 0L, 1L, 1L, 1L,
1L, 1L, 1L, 1L, 1L, 1L, 1L, 0L, 0L, 1L, 0L, 1L, 1L, 1L, 1L, 1L, 0L, 1L, 1L,
1L, 1L, 1L, 1L, 1L, 1L, 0L, 1L, 1L, 1L, 0L, 1L, 1L, 1L, 1L, 1L, 0L, 1L, 1L,
1L, 1L, 1L, 1L, 1L, 0L, 0L, 0L, 1L, 1L, 1L, 0L, 1L, 1L, 1L, 0L, 1L, 1L, 1L,
1L, 1L, 1L, 1L, 1L, 1L, 1L, 1L, 1L, 1L, 1L, 1L, 1L, 1L, 1L, 1L, 0L, 1L, 1L,
1L, 1L, 1L, 1L, 1L, 1L, 1L, 1L, 0L, 0L, 1L, 1L, 1L, 1L, 1L, 1L, 1L, 1L, 1L,
1L, 1L, 1L, 1L, 1L, 1L, 1L, 1L, 1L, 1L, 1L, 1L, 1L, 1L, 1L, 1L, 1L, 1L, 1L,
1L, 1L, 1L, 1L, 1L, 1L, 1L, 1L, 1L, 1L, 1L, 1L, 0L, 1L, 1L, 0L, 0L, 1L, 0L,
1L, 1L, 1L, 1L, 1L, 1L, 1L, 0L, 1L, 1L, 1L, 1L, 0L, 0L, 1L, 1L, 1L, 1L, 1L,
0L, 1L, 0L, 0L, 1L, 0L, 0L, 1L, 1L, 1L, 1L, 0L, 0L, 1L, 1L, 1L, 1L, 1L, 1L,
1L, 1L, 0L, 1L, 1L, 0L, 1L, 1L, 0L, 1L, 1L, 1L, 1L, 1L, 1L, 1L, 1L, 1L, 1L,
1L, 1L, 0L, 0L, 1L, 1L, 1L, 1L, 1L, 1L, 1L, 1L, 1L, 1L, 1L, 1L, 1L, 1L, 1L,
1L, 1L, 1L, 1L, 1L, 0L, 0L, 1L, 0L, 1L, 0L, 1L, 0L, 0L, 1L, 1L, 1L, 1L, 1L,
1L, 1L, 1L, 0L, 1L, 1L, 1L, 1L, 1L, 1L, 1L, 1L, 1L, 1L, 1L, 1L, 1L, 1L, 1L,
1L, 1L, 0L, 0L, 1L, 0L, 1L, 1L, 1L, 1L, 1L, 1L, 1L, 1L, 1L, 1L, 0L, 1L, 1L,
1L, 1L, 1L, 1L, 0L, 0L, 0L, 1L, 1L, 1L, 1L, 1L, 0L, 1L, 1L, 1L, 0L, 0L, 1L,
1L, 1L, 0L, 1L, 1L, 1L, 0L, 1L, 0L, 1L, 0L, 1L, 1L, 1L, 1L, 1L, 1L, 1L, 1L,
1L, 1L, 1L, 0L, 1L, 1L, 1L, 0L, 0L, 1L, 1L, 1L, 1L, 0L, 1L, 1L, 1L, 1L, 1L,
1L, 1L, 1L, 0L, 1L, 1L, 1L, 1L, 1L, 1L, 1L, 1L, 1L, 1L, 0L, 1L, 1L, 1L, 1L,
1L, 1L, 0L, 1L, 1L, 1L, 1L, 1L, 0L, 1L, 1L, 1L, 0L, 1L, 1L, 0L, 0L, 1L, 0L,
1L, 1L, 1L, 1L, 1L, 0L, 1L, 1L, 1L, 1L, 1L, 1L, 1L, 0L, 0L, 0L, 0L, 1L, 0L,
1L, 0L, 1L, 1L, 0L, 1L, 1L, 1L, 1L, 0L, 0L, 0L, 0L, 1L, 1L, 1L, 1L, 1L, 1L,
0L, 1L, 1L, 1L, 1L, 1L, 0L, 1L, 1L, 1L, 1L, 1L, 0L, 1L, 1L, 1L, 1L, 0L, 0L,
0L, 0L, 1L, 1L, 1L, 1L, 1L, 1L, 1L, 0L, 1L, 1L, 1L, 1L, 1L, 0L, 0L, 1L, 1L,
1L, 1L, 1L, 0L, 0L, 0L, 0L, 0L, 0L, 1L, 1L, 1L, 1L, 1L), AnyMilk_No.Milk =
c(0L, 0L, 0L, 0L, 0L, 0L, 0L, 1L, 0L, 0L, 0L, 0L, 0L, 0L, 1L, 0L, 0L, 0L,
0L, 0L, 0L, 0L, 1L, 0L, 1L, 0L, 1L, 0L, 0L, 0L, 0L, 0L, 0L, 0L, 0L, 0L, 0L,
0L, 0L, 0L, 0L, 1L, 0L, 0L, 1L, 0L, 0L, 0L, 0L, 0L, 1L, 0L, 0L, 0L, 0L, 0L,
0L, 0L, 0L, 0L, 0L, 0L, 1L, 0L, 0L, 0L, 0L, 0L, 0L, 0L, 1L, 0L, 0L, 0L, 0L,
0L, 0L, 0L, 0L, 0L, 0L, 1L, 0L, 0L, 0L, 0L, 0L, 0L, 0L, 0L, 0L, 0L, 0L, 1L,
0L, 1L, 0L, 0L, 0L, 0L, 0L, 1L, 0L, 0L, 0L, 0L, 0L, 0L, 0L, 0L, 0L, 0L, 0L,
0L, 1L, 0L, 0L, 0L, 0L, 0L, 1L, 0L, 0L, 0L, 0L, 0L, 0L, 0L, 0L, 0L, 1L, 0L,
0L, 0L, 0L, 0L, 0L, 0L, 0L, 0L, 0L, 0L, 0L, 0L, 0L, 0L, 0L, 0L, 0L, 0L, 0L,
0L, 0L, 0L, 0L, 0L, 0L, 0L, 1L, 0L, 0L, 0L, 0L, 0L, 0L, 0L, 0L, 0L, 0L, 0L,
1L, 0L, 0L, 0L, 0L, 0L, 0L, 0L, 0L, 0L, 0L, 0L, 0L, 0L, 0L, 0L, 0L, 0L, 0L,
0L, 0L, 0L, 0L, 0L, 0L, 0L, 0L, 0L, 0L, 0L, 0L, 0L, 0L, 0L, 0L, 0L, 0L, 0L,
0L, 0L, 0L, 0L, 0L, 0L, 0L, 1L, 0L, 0L, 0L, 0L, 0L, 0L, 0L, 0L, 0L, 1L, 0L,
0L, 0L, 0L, 0L, 1L, 0L, 0L, 0L, 0L, 0L, 1L, 0L, 1L, 1L, 0L, 1L, 0L, 0L, 0L,
0L, 0L, 0L, 0L, 0L, 0L, 0L, 0L, 0L, 0L, 0L, 0L, 1L, 0L, 0L, 0L, 0L, 0L, 1L,
0L, 0L, 0L, 0L, 0L, 0L, 0L, 0L, 0L, 0L, 0L, 0L, 1L, 0L, 0L, 0L, 0L, 0L, 0L,
0L, 0L, 0L, 0L, 0L, 0L, 0L, 0L, 0L, 0L, 0L, 0L, 0L, 0L, 0L, 1L, 1L, 0L, 1L,
0L, 0L, 0L, 0L, 1L, 0L, 0L, 0L, 0L, 0L, 0L, 0L, 0L, 0L, 0L, 0L, 0L, 0L, 0L,
0L, 0L, 0L, 0L, 0L, 0L, 0L, 0L, 0L, 0L, 0L, 0L, 0L, 0L, 0L, 1L, 0L, 0L, 0L,
0L, 0L, 0L, 0L, 0L, 0L, 0L, 1L, 0L, 0L, 0L, 0L, 0L, 0L, 1L, 1L, 1L, 0L, 0L,
0L, 0L, 0L, 1L, 0L, 0L, 0L, 0L, 1L, 0L, 0L, 0L, 1L, 0L, 0L, 0L, 1L, 0L, 1L,
0L, 0L, 0L, 0L, 0L, 0L, 0L, 0L, 0L, 0L, 0L, 0L, 0L, 1L, 0L, 0L, 0L, 0L, 0L,
0L, 0L, 0L, 0L, 1L, 0L, 0L, 0L, 0L, 0L, 0L, 0L, 0L, 1L, 0L, 0L, 0L, 0L, 0L,
0L, 0L, 0L, 0L, 0L, 0L, 0L, 0L, 0L, 0L, 0L, 0L, 0L, 0L, 0L, 0L, 0L, 0L, 0L,
0L, 0L, 0L, 1L, 0L, 0L, 0L, 1L, 0L, 1L, 0L, 0L, 0L, 0L, 0L, 1L, 0L, 0L, 0L,
0L, 0L, 0L, 0L, 0L, 1L, 1L, 1L, 0L, 1L, 0L, 1L, 0L, 0L, 1L, 0L, 0L, 0L, 0L,
1L, 1L, 1L, 0L, 0L, 0L, 0L, 0L, 0L, 0L, 1L, 0L, 0L, 0L, 0L, 0L, 1L, 0L, 0L,
0L, 0L, 0L, 0L, 0L, 0L, 0L, 0L, 0L, 1L, 1L, 1L, 0L, 0L, 0L, 0L, 0L, 0L, 0L,
0L, 0L, 0L, 0L, 0L, 0L, 0L, 1L, 0L, 0L, 0L, 0L, 0L, 0L, 0L, 1L, 1L, 0L, 0L,
0L, 0L, 0L, 0L, 0L)), class = "data.frame", row.names = c("N43_1_2",
"N64_2_2", "ZJH_N23_2_4", "ZJH_N26_2_4", "N15_2_3", "N64_1_3",
"ZJH_N11_1_4", "ZJH_N37_1_2", "N25_2_2", "N02_2_4", "N03_2_4",
"ZJH_N39_2_3", "N42_2_2", "ZJH_N55_1_4", "ZJH_N17_2_4", "N60_1_2",
"ZJH_N27_1_4", "N48_2_4", "ZJH_N30_1_3", "N15_2_4", "ZJH_N54_2_2",
"ZJH_N45_2_2", "ZJH_N57_1_2", "N46_1_3", "N11_2_3", "ZJH_N50_1_3",
"ZJH_N17_1_4", "N68_2_4", "N62_2_4", "N61_2_4", "N29_1_4", "ZJH_N58_2_4",
"ZJH_N22_2_2", "N08_1_4", "N27_2_3", "ZJH_N29_1_4", "ZJH_N59_2_3",
"ZJH_N25_2_4", "N36_2_2", "N05_2_4", "N53_2_3", "N38_2_2", "N14_2_2",
"ZJH_N30_1_4", "ZJH_N19_2_4", "ZJH_N46_2_4", "N49_2_3", "N20_1_3",
"N68_2_3", "N03_1_4", "ZJH_N28_2_3", "N60_2_3", "N43_2_2", "ZJH_N32_1_4",
"ZJH_N18_1_2", "N65_1_4", "ZJH_N24_1_2", "ZJH_N41_1_4", "N07_2_4",
"N21_2_2", "N07_1_4", "ZJH_N22_2_3", "ZJH_N51_2_3", "N52_2_3", "N02_2_3",
"ZJH_N18_2_4", "N62_1_4", "N55_2_2", "N20_1_2", "N64_2_3", "ZJH_N28_1_4",
"N12_1_2", "N04_1_2", "ZJH_N52_2_3", "N46_2_2", "N65_1_3", "ZJH_N18_1_4",
"N63_1_3", "ZJH_N27_2_4", "N66_1_3", "N41_2_3", "ZJH_N31_1_2", "N67_2_2",
"ZJH_N58_2_3", "N48_2_3", "N51_2_3", "N16_1_4", "N01_1_4", "N32_2_3",
"N66_2_4", "N24_2_4", "N50_1_3", "N49_1_4", "N11_2_4", "N65_1_2",
"ZJH_N48_1_3", "N54_1_2", "ZJH_N50_2_2", "ZJH_N27_2_2", "ZJH_N13_2_2",
"N67_1_4", "ZJH_N57_1_4", "N66_2_2", "ZJH_N11_2_2", "ZJH_N59_2_4",
"ZJH_N12_1_4", "N61_1_2", "N43_1_3", "N02_1_4", "N09_2_4", "N47_1_3",
"ZJH_N33_2_4", "N16_1_3", "N19_1_3", "ZJH_N34_1_2", "N41_2_4",
"ZJH_N22_1_4", "N22_2_4", "N44_1_4", "N08_2_4", "ZJH_N48_2_2", "N63_1_2",
"ZJH_N43_2_3", "N53_1_2", "N54_1_4", "N16_2_3", "ZJH_N32_2_2", "N53_2_2",
"N47_2_4", "N10_1_2", "ZJH_N40_1_2", "N37_2_4", "N55_2_3", "ZJH_N27_2_3",
"N17_2_2", "N60_2_2", "N37_1_3", "N33_2_3", "N20_2_4", "N16_2_4",
"N22_1_4", "N44_2_4", "N19_2_3", "ZJH_N46_2_3", "N34_2_3", "N60_1_4",
"N21_2_4", "N16_2_2", "N68_1_4", "ZJH_N12_2_2", "N05_2_2", "N54_2_2",
"ZJH_N52_2_2", "N41_2_2", "ZJH_N13_2_4", "N23_2_4", "N34_2_4", "N01_2_2",
"ZJH_N48_2_4", "N13_1_3", "N65_2_4", "N24_2_3", "ZJH_N46_1_2", "N26_1_4",
"N61_1_3", "ZJH_N32_1_2", "N14_2_3", "ZJH_N18_2_3", "N41_1_2", "N10_2_3",
"ZJH_N21_2_2", "ZJH_N56_2_3", "N05_1_4", "N53_1_4", "N31_1_3",
"ZJH_N55_1_3", "N59_1_3", "N36_1_4", "N64_2_4", "N62_1_2", "ZJH_N33_2_2",
"ZJH_N24_2_2", "ZJH_N26_2_2", "N48_2_2", "N18_2_4", "N28_1_2", "N51_2_4",
"N56_1_4", "N32_2_4", "N40_2_3", "ZJH_N54_1_4", "N27_1_3", "N13_1_4",
"N42_1_4", "N13_2_4", "N66_2_3", "N01_2_4", "N08_1_2", "ZJH_N11_2_4",
"ZJH_N12_2_4", "N50_2_4", "N59_1_4", "N54_2_4", "N22_1_3", "N33_1_3",
"ZJH_N22_2_4", "ZJH_N13_1_2", "N40_2_2", "N55_1_4", "N13_2_3", "N12_1_4",
"N58_1_4", "N57_2_2", "N63_2_4", "N10_1_3", "ZJH_N51_2_4", "N52_2_2",
"N46_1_2", "N44_2_2", "N22_2_3", "N29_1_3", "N68_1_2", "N02_1_2",
"N60_2_4", "N55_2_4", "ZJH_N14_1_2", "N43_1_4", "ZJH_N11_1_2", "N19_1_2",
"N59_1_2", "N30_1_4", "ZJH_N21_2_4", "ZJH_N59_1_3", "N50_2_3", "N32_1_4",
"N67_1_3", "N64_1_2", "ZJH_N51_1_3", "ZJH_N12_1_2", "ZJH_N21_1_4",
"N11_1_3", "N51_1_3", "ZJH_N19_1_2", "N30_1_3", "N19_2_2", "N13_1_2",
"N43_2_4", "N27_2_4", "N58_2_3", "N58_2_4", "N18_1_2", "N14_2_4",
"ZJH_N56_2_4", "N35_1_4", "ZJH_N50_1_4", "ZJH_N33_1_2", "N56_1_2",
"N22_1_2", "ZJH_N14_2_3", "N21_2_3", "N39_2_2", "N46_2_4", "N61_1_4",
"ZJH_N23_1_4", "ZJH_N42_2_2", "N23_2_3", "N57_1_3", "ZJH_N25_1_2",
"N63_2_2", "N40_2_4", "N32_1_3", "N39_2_3", "ZJH_N56_2_2", "ZJH_N23_1_2",
"N06_1_3", "ZJH_N36_1_4", "N06_1_4", "N38_2_3", "N47_1_4", "N28_2_3",
"ZJH_N10_2_2", "N39_1_3", "N54_1_3", "ZJH_N12_1_3", "N04_2_3", "N19_2_4",
"ZJH_N30_2_3", "N01_2_3", "N31_2_4", "ZJH_N36_2_3", "N39_1_4",
"ZJH_N24_2_3", "N34_2_2", "N08_1_3", "N24_1_2", "N29_2_2", "N65_2_2",
"N52_1_4", "N67_1_2", "ZJH_N47_2_3", "ZJH_N15_1_2", "ZJH_N25_2_2",
"N38_1_2", "N65_2_3", "N47_2_3", "N40_1_3", "N10_2_2", "ZJH_N17_2_3",
"N31_2_2", "ZJH_N50_2_4", "ZJH_N24_2_4", "N37_1_2", "N52_1_3",
"ZJH_N36_1_2", "ZJH_N54_2_4", "N50_2_2", "N58_1_2", "N07_1_3",
"ZJH_N58_1_3", "N16_1_2", "N39_2_4", "ZJH_N55_2_4", "ZJH_N58_2_2",
"N08_2_3", "ZJH_N20_2_2", "N07_2_2", "N42_1_2", "ZJH_N56_1_2",
"ZJH_N20_2_3", "N67_2_3", "N27_1_2", "ZJH_N10_2_4", "N25_1_3",
"ZJH_N11_2_3", "N17_2_4", "N17_2_3", "N57_2_3", "ZJH_N14_1_4",
"ZJH_N23_2_3", "N14_1_4", "N02_2_2", "N15_1_4", "N61_2_2", "N45_1_2",
"N62_2_3", "N45_2_3", "N57_2_4", "ZJH_N20_2_4", "ZJH_N48_1_4", "N63_2_3",
"N03_2_3", "N09_2_2", "N40_1_2", "N43_2_3", "N29_1_2", "N11_1_4",
"ZJH_N15_1_4", "ZJH_N49_2_2", "N42_2_4", "N48_1_4", "N04_2_2",
"ZJH_N52_1_4", "N05_2_3", "N11_2_2", "ZJH_N36_2_2", "ZJH_N29_1_2",
"N55_1_2", "N47_2_2", "ZJH_N47_2_2", "ZJH_N10_1_2", "N36_2_4", "N41_1_4",
"ZJH_N51_1_2", "N21_1_4", "N45_1_4", "N62_2_2", "ZJH_N14_2_4", "N06_1_2",
"ZJH_N17_2_2", "N15_2_2", "N47_1_2", "N41_1_3", "N25_2_4", "N37_1_4",
"ZJH_N16_2_3", "N35_1_2", "N21_1_2", "N14_1_2", "N23_1_4", "N28_1_4",
"ZJH_N58_1_2", "ZJH_N16_1_2", "N38_2_4", "N61_2_3", "N35_2_4", "N52_2_4",
"N17_1_4", "N30_1_2", "N36_1_2", "N25_1_2", "N45_1_3", "N07_1_2",
"ZJH_N28_2_2", "ZJH_N54_1_3", "ZJH_N30_2_4", "N45_2_4", "N35_2_3",
"N31_1_4", "N67_2_4", "ZJH_N50_2_3", "N66_1_2", "ZJH_N49_2_4", "N01_1_3",
"N44_2_3", "N39_1_2", "N57_1_2", "N36_2_3", "N09_1_3", "N14_1_3",
"ZJH_N35_1_2", "ZJH_N54_1_2", "N21_1_3", "N30_2_4", "ZJH_N39_1_4",
"ZJH_N55_2_3", "N01_1_2", "N29_2_3", "ZJH_N26_1_2", "N12_1_3", "N49_1_2",
"N32_1_2", "ZJH_N53_1_4", "ZJH_N13_2_3", "N53_1_3", "N63_1_4", "N17_1_2",
"N04_1_3", "N57_1_4", "ZJH_N18_1_3", "ZJH_N51_1_4", "N04_2_4", "N68_1_3",
"N58_1_3", "ZJH_N14_2_2", "ZJH_N39_2_4", "ZJH_N49_1_2", "N48_1_3",
"N64_1_4", "N27_1_4", "N51_2_2", "ZJH_N53_2_2", "ZJH_N42_1_4",
"ZJH_N25_1_4", "ZJH_N22_1_3", "N48_1_2", "ZJH_N36_2_4", "ZJH_N24_1_4",
"N28_2_4", "ZJH_N13_1_4", "N58_2_2", "ZJH_N31_2_3", "ZJH_N47_1_2",
"ZJH_N31_2_2", "ZJH_N23_1_3", "ZJH_N31_2_4", "N31_1_2", "ZJH_N49_1_4",
"ZJH_N55_2_2", "ZJH_N53_2_3", "ZJH_N19_2_2", "ZJH_N59_1_4", "N23_2_2",
"N19_1_4", "N18_2_2", "ZJH_N47_1_4", "N11_1_2", "N38_1_4", "N49_2_4",
"ZJH_N23_2_2", "N54_2_3", "N29_2_4", "N44_1_2", "N35_2_2", "N42_2_3",
"ZJH_N28_2_4", "ZJH_N16_2_2", "N40_1_4", "N25_1_4", "N66_1_4", "N07_2_3",
"ZJH_N28_1_2", "ZJH_N58_1_4", "ZJH_N16_2_4", "N24_1_4", "N18_1_4",
"ZJH_N55_1_2", "N30_2_2", "N09_1_2", "N18_1_3", "ZJH_N16_1_3", "N05_1_2",
"N20_2_2", "ZJH_N21_1_2", "ZJH_N42_2_3", "ZJH_N31_1_4", "N15_1_3",
"N51_1_2", "N15_1_2", "N13_2_2", "ZJH_N53_2_4", "N56_1_3", "N04_1_4",
"N46_2_3", "N22_2_2", "N53_2_4", "ZJH_N18_2_2", "ZJH_N39_2_2", "N33_2_4",
"N49_2_2", "N38_1_3", "N08_2_2", "N03_2_2", "ZJH_N46_2_2", "ZJH_N38_1_2",
"N45_2_2", "N20_1_4", "N10_1_4", "ZJH_N14_1_3", "ZJH_N17_1_2", "N10_2_4",
"N17_1_3", "N24_1_3", "ZJH_N52_2_4", "ZJH_N38_1_3", "ZJH_N10_2_3",
"N68_2_2")), scale = TRUE)

-- Model Summary --

              Inertia Proportion Rank
Total         14.0000     1.0000     
Constrained    2.4539     0.1753   10
Unconstrained 11.5461     0.8247   14

Inertia is correlations

-- Note --

Some constraints or conditions were aliased because they were redundant.
This can happen if terms are linearly dependent (collinear):
‘Location_Hangzhou’, ‘SampleType_Stool’, ‘SampleCollectionWeek_Week.3’,
‘`GestationCohort_33-36 Weeks`’, ‘PostNatalAntibiotics_No.Infant.Abx’,
‘MaternalAntibiotics_None.Mat.Abx’, ‘AnyMilk_No.Milk’

-- Eigenvalues --

Eigenvalues for constrained axes:
  RDA1   RDA2   RDA3   RDA4   RDA5   RDA6   RDA7   RDA8   RDA9  RDA10 
0.8062 0.8038 0.3467 0.2079 0.1429 0.0581 0.0460 0.0273 0.0086 0.0065 

Eigenvalues for unconstrained axes:
   PC1    PC2    PC3    PC4    PC5    PC6    PC7    PC8    PC9   PC10   PC11 
1.0000 1.0000 1.0000 1.0000 0.9935 0.9914 0.9727 0.9540 0.9419 0.8571 0.7921 
  PC12   PC13   PC14 
0.6533 0.1962 0.1938 

