sample_name	Aminocoumarins	Aminoglycosides	Bacitracin	Cationic antimicrobial peptides	Chromium resistance	Drug and biocide and metal resistance	Drug and biocide resistance	Drug and metal resistance	Elfamycins	Fluoroquinolones	Fosfomycin	Fusidic acid	Glycopeptides	Lipopeptides	MLS	Multi-biocide resistance	Multi-drug resistance	Multi-metal resistance	Mupirocin	Oxazolidinone	Phenicol	Phenolic compound resistance	Rifampin	Sulfonamides	Tetracyclines	Trimethoprim	betalactams
N01_1_2	11.8388	52.834500000000006	0.0	0.0	0.0	0.0	4.109346	0.0	3.7832	31.064700000000002	14.105485	17.44838	3.7669	28.8632	1208.32561	0.0	56.25891	0.0	22.61769	2.03836	0.0	0.0	0.0	0.68489	2.266657	6.75106	276.646724
N01_1_3	16.638	66.584085	0.0	0.0	0.0	0.0	0.0	0.0	2.2388	25.238860000000003	21.58265	21.45378	4.9769	38.607169999999996	1279.7224	0.0	64.4419	0.0	40.8942	3.2535	0.0	0.0	0.0	0.0	5.4923	11.4034	273.487704
N01_1_4	171.163	131.89855	0.0	0.0	3.47497	49.81257	295.96107	0.0	40.4821	789.2024	244.57532	192.69729999999998	0.0	621.6642400000001	1242.82326	0.0	1504.18461	0.0	108.655	26.2949	0.0	13.92725	0.0	6.47111	49.00532	109.78999999999999	1628.586232
N01_2_3	88.5042	33.644033	0.0	3.12246	2.50211	41.12969	320.53854	8.08532	36.0221	473.39449	131.68106	74.4015	0.516964	283.73102	717.56706	0.0	957.87295	0.0	37.2628	8.95382	0.0	12.5519	0.0	18.65207	41.936080000000004	53.28869	794.57393
N01_2_4	77.76633000000001	115.87748	0.0	3.69612	8.90354	116.797293	878.953254	16.952869	75.138	949.55774	206.47347	14.209543	0.0	308.99562	60.419192	0.0	2285.54905	0.0	0.0	0.739224	0.607806	28.6655	0.0	32.18088	126.73566600000001	0.0	753.991927
N01_2_2	146.44	825.82984	0.0	0.0	0.0	0.0	39.017	0.0	14.3032	272.40537	160.99698	187.6681	70.6175	372.9883	3187.671067	0.0	650.1378	0.0	210.7011	25.7964	0.0	0.0	0.0	0.0	217.84115	50.3259	1538.59189
N02_1_3	0.0	0.0	0.0	0.0	0.0	0.0	0.0	0.0	0.0	0.0	0.0	0.0	0.0	0.0	0.0	0.0	0.0	0.0	0.0	0.0	0.0	0.0	0.0	0.0	0.0	0.0	0.0
N02_1_4	72.9091	12.0576	0.0	0.0	0.0	0.0	2.99093	0.0	58.169	524.7144000000001	68.59036	105.7155	0.0	852.65845	382.504336	0.0	745.9232999999999	0.0	69.07318000000001	11.7491	0.0	0.0	0.0	1.98502	22.0766	20.31962	501.77974
N02_2_2	37.263040000000004	211.58398	0.0	0.0	0.0	0.0	6.501941	0.0	6.08326	60.389269999999996	22.73216	36.13008	3.94057	76.2008	520.1059300000001	0.0	141.73741	0.0	81.2496	4.53166	0.0	0.0	0.0	0.0	402.87398	4.85183	444.004024
N02_1_2	42.1557	136.69097	0.0	0.0	0.0	0.0	3.51637	0.0	6.07741	73.86399	45.77375	52.33896	12.6223	118.86521	431.04917	0.0	160.716	0.0	38.86289	8.61814	7.05305	0.0	0.0	0.0	305.19184	11.4028	812.66617
N02_2_4	72.9919	28.789555999999997	0.0	9.99331	7.22087	96.15834	771.6779300000001	24.30975	70.987	905.67925	137.901446	20.56616	0.0	390.600564	83.6901	0.0	1947.73966	0.0	8.74023	1.08078	71.28455	25.970100000000002	0.0	33.7078	109.42523	0.67353	483.84553900000003
N02_2_3	12.28074	8.048387	0.0	1.405	0.0	17.98745	139.493786	5.03024	12.1593	130.23116	26.989801999999997	2.08148	0.0	37.223778	12.124618	0.0	328.977658	0.0	0.0	0.0	22.28908	4.66598	0.0	5.62	26.833739	0.312222	94.793998
N03_1_4	60.2034	119.218888	3.2883	0.0	0.0	0.0	0.0	0.0	0.0	180.0305	33.3176	47.05023	32.998853	438.734331	1330.789989	0.0	333.3348	0.0	19.7443	5.47567	0.0	0.0	0.0	0.0	891.27387	6.50417	357.46837
N03_2_2	12.8675	536.5100199999999	0.0	0.0	0.0	0.0	0.0	0.0	0.0	61.94839	5.153829999999999	18.12375	0.0	54.06396	477.42871	0.0	132.8049	0.0	25.018259999999998	1.77483	0.0	0.0	0.0	121.37088	719.07819	5.49514	341.07419
N03_2_4	49.31679	20.429109	0.0	0.0	0.585307	4.946785	65.30899	1.62376	36.1946	253.74016	17.559215000000002	23.6766	62.571206	442.246858	624.560233	0.0	475.23178	0.0	0.0	0.0	0.0	2.0769	0.0	2.45451	1327.684154	0.0	82.698263
N03_2_3	6.30084	52.380222	0.0	0.0	0.0	0.0	0.0	0.0	2.16369	19.11652	3.61407	9.39182	0.546866	31.00489	133.149894	0.0	47.4347	0.0	4.47003	1.11751	3.2811900000000005	0.0	0.0	0.0	96.86656	1.49794	8.82118
N04_1_2	20.7636	18.44871	0.0	0.0	0.0	0.0	7.87986	0.0	0.0	47.9807	12.13546	29.11102	1.07559	51.62822	103.81781699999999	0.0	73.3038	0.0	35.49444	3.41383	0.0	0.0	0.0	1.84721	3.13324	9.75045	295.646954
N04_1_3	15.4655	67.93789	0.0	0.0	0.0	0.0	0.0	0.0	34.2451	92.44805	9.87309	18.98673	3.17596	119.02942	163.49274	0.0	143.4704	0.0	35.4187	4.48777	0.0	0.0	0.0	0.0	124.62182	11.323	335.68529
N04_2_2	9.27275	117.21095	0.0	0.0	0.0	0.0	2.7789	0.0	0.0	24.98088	3.480931	16.70261	0.965302	46.45140000000001	114.46132	0.0	112.76480000000001	0.0	7.22514	3.8027	0.0	0.0	0.0	1.52108	205.60921	1.34557	17.93121
N04_2_3	16.8354	77.94427	0.0	0.0	0.0	0.0	24.655079999999998	0.0	0.0	55.405010000000004	16.21443	23.0682	1.63294	96.642594	123.505602	0.0	137.8802	0.0	12.0056	4.66883	0.0	0.0	0.0	5.08282	243.33139	2.046932	34.26876
N04_2_4	27.2933	0.0	0.0	0.0	0.0	0.0	11.968039999999998	0.0	34.0846	238.59211	13.71071	44.61751	0.0	497.019127	163.68281	0.0	350.3789	0.0	13.9926	1.89643	0.0	0.0	0.0	2.40898	2172.85289	1.0251	40.51704
N04_1_4	24.9677	13.973839	0.0	0.0	0.0	0.0	11.49464	0.0	70.0948	360.61641000000003	14.24936	42.197160000000004	0.0	526.39991	252.356356	0.0	501.2063	0.0	18.732	2.4542	0.0	0.0	0.0	1.82812	1822.79092	2.22881	64.56039
N05_1_2	5.75153	1.90497	0.0	0.0	0.0	0.0	21.394199999999998	0.0	11.1734	48.64986999999999	1.97823	16.302130000000002	0.0	25.533839999999998	542.25538	0.0	63.41330000000001	0.0	0.0	0.0	0.0	0.0	0.0	0.0	487.26806	0.512875	458.84012
N05_1_4	62.448	22.7538	0.0	0.0	0.0	0.0	6.85532	0.0	51.9045	102.809	14.21071	34.71412	49.549974	215.47384	269.315891	0.0	345.2663	0.0	11.0435	3.04218	0.0	0.0	0.0	0.0	527.46351	4.584104	128.2715
N05_2_2	2.001	422.95522	0.0	0.0	0.0	0.0	3.5599100000000004	0.0	7.18964	48.1403	0.0	5.793589	0.442081	23.034709999999997	369.67312	0.0	92.7672	0.0	0.0	1.04703	0.0	0.0	0.0	0.0	857.264997	0.0	115.73218200000001
N05_2_3	34.46766	10.530196	0.0	0.0	0.0	18.202460000000002	291.16264	6.80914	32.0317	364.54793	68.609196	10.45347	0.0	84.299133	52.996203	0.0	716.72475	0.0	2.64693	1.47691	0.0	11.83448	0.0	7.76817	30.2863	0.0	367.329257
N05_1_3	3.01423	0.0	0.0	0.0	0.0	0.0	0.0	0.0	0.0	3.21189	1.28476	3.706025	0.0	8.49915	39.92626	0.0	13.934660000000001	0.0	0.0	0.0	0.0	0.0	0.0	0.0	0.444723	1.0871	0.0
N05_2_4	84.62629999999999	36.404561	0.0	0.0	0.0	17.2629	291.42713	5.30956	61.3731	450.30531	64.8039	26.384498999999998	43.974090000000004	354.351949	197.869749	0.0	1065.01764	0.0	3.40357	0.789628	0.0	12.1167	0.0	5.41848	446.57523	0.544571	324.21028
N06_1_2	97.3682	387.2191	0.0	0.0	0.0	0.0	0.0	0.0	0.0	137.12948	96.32468	121.83019999999999	35.8165	223.9992	1694.64494	0.0	351.653	0.0	126.04650000000001	18.0752	0.0	0.0	0.0	0.0	12.565	30.9742	881.82435
N06_1_3	22.00075	109.333145	0.0	0.0	2.04162	16.48529	208.51918	5.72872	19.2582	222.68837	51.74132	8.37977	0.365663	49.516848	84.65092	0.0	536.12271	0.0	0.0	0.792269	0.0	6.18579	0.0	284.91257	45.67743	64.26520000000001	170.64264
N06_1_4	68.87950000000001	193.95080000000002	0.0	0.0	3.43896	20.83408	303.33001	10.4504	53.1203	406.13154000000003	88.97888	36.7602	4.006558	290.17505	163.36745	0.0	1099.06591	0.0	12.22	3.87301	0.0	9.51558	0.0	422.92585	159.76155	89.04574	376.14918
N07_1_3	30.859	742.68727	0.0	0.0	0.0	0.0	0.0	0.0	0.0	75.55427	30.69563	45.9481	26.7463	242.84168499999998	753.36385	0.0	362.4104	0.0	21.5714	27.9992	0.0	0.0	0.0	0.0	408.38521000000003	3.40457	502.48743
N07_1_4	34.3913	17.320024999999998	0.0	0.0	0.0	0.0	0.0	0.0	0.0	333.7138	22.76169	52.33329	0.0	644.0133	367.949938	0.0	399.946	0.0	44.497299999999996	5.877	0.0	0.0	0.0	0.0	2448.933796	3.76252	123.074844
N07_2_2	4.97352	14.37511	0.0	0.0	0.0	0.0	0.0	0.0	1.41184	5.35858	4.299697999999999	4.97353	0.93053	12.41777	296.518497	0.0	22.49317	0.0	2.91994	0.70592	0.0	0.0	0.0	0.0	44.890026	1.34766	20.92089
N07_2_3	40.8779	219.63773	0.0	6.53928	2.87376	32.285849999999996	243.83004	4.80916	28.4737	376.72706999999997	53.75107	24.98411	3.02039	143.395	202.42452	0.0	227.4673	0.0	9.85291	2.5512	0.0	10.64466	0.0	11.28978	776.59076	3.69484	405.669933
N07_2_4	64.5125	23.5465	0.0	23.5972	8.15267	105.6809	833.2435	14.7356	76.1591	895.68006	137.9878	6.02589	0.0	129.83508	30.078787	0.0	275.16589999999997	0.0	0.0	0.0	0.0	30.1801	0.0	33.167699999999996	451.28344	0.0	726.04368
N07_1_2	5.75737	1069.32453	0.0	0.0	0.0	0.0	0.0	0.0	0.0	112.1824	8.550128	10.91323	5.37068	69.1314	1118.77741	0.0	247.782	0.0	4.29655	6.14406	0.0	0.0	0.0	0.0	2398.97587	0.0	160.432546
N08_1_2	105.486	189.0129	0.0	0.0	0.0	0.0	48.4863	0.0	0.0	254.19754999999998	73.42375	138.00560000000002	7.19805	295.3391	929.205751	0.0	399.163	0.0	221.3673	18.5797	0.0	0.0	0.0	0.0	20.936489	53.6017	2106.744984
N08_1_3	46.162400000000005	122.2209	0.0	0.0	0.0	0.0	0.0	0.0	0.0	122.96158	8.68138	19.940510000000003	73.86580000000001	278.42665	366.66261	0.0	207.4347	0.0	7.22955	1.24443	0.0	0.0	0.0	0.0	1055.48503	16.059089999999998	115.435762
N08_1_4	122.6916	348.42963000000003	0.0	0.0	0.0	0.0	0.0	0.0	0.0	308.15369999999996	44.43195	64.5486	194.3528	716.65391	862.3117	0.0	568.297	0.0	27.8932	7.56245	0.0	0.0	0.0	0.0	2739.2974	32.67062	417.926874
N08_2_3	8.64336	159.57378	0.0	0.0	0.0	8.795	95.02655	2.83058	10.6147	103.08857	24.893911	0.0	0.0	19.258020000000002	48.2967	0.0	253.76605	0.0	0.0	0.0	0.0	3.4623999999999997	0.0	66.74594499999999	10.083932	32.32419	96.820845
N08_2_4	84.7861	672.79349	0.0	0.0	0.0	82.56030000000001	1078.3264	32.5164	79.1869	1013.18937	242.18617	0.0	9.00721	282.28389	92.12395000000001	0.0	2798.182	0.0	0.0	0.0	0.0	33.038	0.0	702.4228	588.25068	268.581682	860.62348
N08_2_2	18.09372	986.058901	0.0	0.0	0.0	1.890016	17.413330000000002	0.781206	13.6081	128.42025999999998	15.548542000000001	26.460240000000002	4.08243	113.073309	2402.28757	0.0	334.17989	0.0	14.5405	10.1305	0.0	0.0	0.0	12.121297	158.38329	8.190066	240.939154
N09_1_2	39.2444	91.73434	0.0	0.0	0.0	0.0	54.13027	0.0	0.0	98.66460000000001	62.413799999999995	52.940999999999995	7.79147	116.74913	1180.8182	0.0	160.5863	0.0	51.21872	8.16054	0.0	0.0	0.0	10.375	92.06266	16.03403	642.83758
N09_1_4	0.0	0.0	0.0	0.0	0.0	0.0	0.0	0.0	0.0	0.0	0.0	0.0	0.0	0.0	0.0	0.0	0.0	0.0	0.0	0.0	0.0	0.0	0.0	0.0	0.0	0.0	0.0
N09_2_2	4.618119999999999	79.85688400000001	0.0	0.0	0.0	0.0	0.0	0.0	0.0	17.46656	2.88061	6.058432	1.34886	18.26672	223.247344	0.0	58.77818	0.0	0.0	1.25741	0.0	0.0	0.0	0.0	148.557198	0.0	6.51567
N09_2_3	0.0	0.0	0.0	0.0	0.0	0.0	0.0	0.0	0.0	0.0	0.0	0.0	0.0	0.0	0.0	0.0	0.0	0.0	0.0	0.0	0.0	0.0	0.0	0.0	0.0	0.0	0.0
N09_2_4	79.33533	809.68528	0.0	0.0	0.0	92.0769	1170.2147	35.5848	77.5051	1110.73026	269.82503	5.314834	0.0	191.72124	41.005226	0.0	2910.3122	0.0	2.39344	0.527964	0.0	38.6118	0.0	920.135947	98.72926899999999	381.400969	1027.734755
N09_1_3	6.31875	20.51967	0.0	0.0	0.0	0.0	8.11014	0.0	0.0	10.22725	4.88563	8.240425	0.521134	15.0152	303.2673	0.0	16.90428	0.0	3.48508	0.0	0.0	0.0	0.0	0.0	2.638236	0.0	42.993531000000004
N10_1_2	6.25747	71.593705	0.0	0.0	0.0	0.0	0.0	0.0	0.0	19.35999	16.657166	16.27531	0.293778	68.509	131.84753	0.0	122.7992	0.0	6.96253	9.13649	0.0	0.0	0.0	0.0	170.30299	1.8508	39.865626
N10_1_4	148.0446	16.8446	0.0	0.0	0.0	0.0	198.2872	0.0	74.2324	932.7554	169.64184	126.5439	0.0	220.2074	0.0	0.0	503.78499999999997	0.0	64.5008	19.7867	0.0	32.0402	0.0	12.0272	70.77303	25.1213	838.83334
N10_2_2	9.0284	378.92086	0.0	0.0	0.0	0.0	0.0	0.0	0.0	46.63548	3.416759	14.11962	0.791965	32.42528	146.649159	0.0	92.8862	0.0	7.17294	1.47079	25.45599	0.0	0.0	0.0	709.532402	4.66128	110.128394
N10_2_3	46.8438	139.656417	0.0	0.0	0.0	0.0	62.941649999999996	0.0	47.2687	283.58707	26.971410000000002	34.97037	0.649913	161.97831	101.011514	0.0	318.8075	0.0	13.3232	2.54966	10.123650000000001	8.64884	0.0	3.87448	120.20897400000001	4.92434	184.850237
N10_1_3	79.0531	16.77165	0.0	0.0	0.0	0.0	212.79129999999998	0.0	84.0182	864.75643	94.68069	19.76899	0.0	81.57	6.749833000000001	0.0	262.71709999999996	0.0	6.56679	12.1955	0.0	34.778800000000004	0.0	22.400260000000003	72.94394	1.16692	253.496104
N10_2_4	19.9891	11.1908	0.0	0.0	0.0	0.0	21.84136	0.0	53.2914	171.64393	17.36505	0.0	0.0	76.020314	11.885412	0.0	166.5115	0.0	0.0	0.0	0.0	8.14228	0.0	0.0	30.71682	0.0	27.86125
N11_1_2	53.9915	48.357622	0.0	0.0	0.0	0.0	0.0	0.0	0.0	103.4524	9.92974	76.4097	0.0	269.44063	92.58367	0.0	397.495	0.0	80.68209999999999	40.4232	0.0	0.0	0.0	0.0	27.86438	9.06118	630.268667
N11_1_3	3.27535	18.87963	0.0	0.0	0.0	0.0	0.0	0.0	0.0	4.72763	10.28955	10.75305	0.0	24.62697	20.20833	0.0	45.7932	0.0	15.758790000000001	3.30625	0.0	0.0	0.0	0.0	1.60678	0.0	26.45008
N11_1_4	108.947	112.00692	0.0	0.0	0.0	0.0	0.0	0.0	22.1406	281.97272	109.15959999999998	164.9635	0.0	526.2119	961.6256	0.0	671.4292	0.0	238.2508	16.2861	0.0	0.0	0.0	0.0	64.98467	41.141	817.23249
N11_2_3	38.1859	10.88066	0.0	1.08807	5.28489	67.4084	496.210021	0.0	40.8284	464.18969	78.44442000000001	0.0	0.0	79.117976	49.68836	0.0	981.0731000000001	0.0	0.0	0.0	0.0	19.89609	0.0	7.87553	42.12374	0.0	502.27214200000003
N11_2_4	86.81496	25.597360000000002	0.0	2.08654	8.86779	117.8895	883.723252	2.08654	76.8294	905.96811	156.9749	4.09856	14.046904999999999	111.853452	40.016805	0.0	1787.4560999999999	0.0	0.0	0.0	0.0	38.8618	0.0	19.7849	214.87636600000002	0.0	1010.369402
N11_2_2	36.5788	889.559434	0.0	0.0	0.0	0.0	14.7395	0.0	0.0	116.00598	6.58087	51.858	0.0	210.04832	452.149442	0.0	397.26099999999997	0.0	62.4041	20.9052	0.0	0.0	0.0	0.0	1750.4703	6.45631	552.68917
N12_1_2	177.004	10.408948	0.0	0.0	0.0	0.0	4.35663	0.0	0.0	347.0167	29.6094	222.7354	0.0	584.3880800000001	2816.12835	0.0	673.817	0.0	108.316	23.4527	0.0	0.0	0.0	0.0	339.16468	9.00022	512.46458
N12_1_3	14.89496	2.8792349999999995	0.0	0.0	0.476095	9.09114	41.080179	0.0	10.3834	65.79173	9.703273	3.559376	0.725478	43.64204	849.26181	0.0	56.065799999999996	0.0	0.0	0.0	0.0	1.927055	0.0	1.1789	365.867398	0.408081	1557.806076
N12_1_4	9.4801	2.62374	0.0	0.0	0.569301	10.69295	50.49454	0.0	12.6236	77.64773	12.623634	2.84651	0.0	23.16807	1068.9250670000001	0.0	53.9351	0.0	0.0	0.0	0.0	1.88117	0.0	1.361373	416.30787	0.346531	1966.143998
N13_1_2	3.30873	9.162659999999999	0.0	0.0	0.0	0.0	0.0	0.0	0.0	4.27024	1.18775	2.997655	0.0	6.24983	105.37038	0.0	8.68189	0.0	0.0	0.0	0.0	0.0	0.0	0.0	0.339357	0.0	10.54834
N13_1_3	0.0	0.0	0.0	0.0	0.0	0.0	0.0	0.0	0.0	0.0	0.0	0.0	0.0	0.0	0.0	0.0	0.0	0.0	0.0	0.0	0.0	0.0	0.0	0.0	9.69524	0.0	18.519485
N13_1_4	0.0	1.07985	0.0	0.0	0.0	0.0	0.0	0.0	0.0	0.0	2.59164	0.0	6.43108	0.0	0.0	0.0	0.0	0.0	0.0	0.0	0.0	0.0	0.0	0.0	0.0	0.0	8.086839999999999
N13_2_3	3.13779	0.909078	0.0	0.0	0.469202	5.102558	33.459945	0.0	2.96184	38.15193	5.952999999999999	0.0	0.0	0.762453	0.0	0.0	77.56484	0.0	0.0	0.0	0.0	1.3782800000000002	0.0	0.997053	4.105518	0.0	14.222665
N13_2_4	90.3961	23.6589	0.0	0.0	16.1243	176.5529	1245.3677	0.0	97.1161	1283.0398	202.9332	0.0	0.0	99.171	0.0	0.0	2811.2409	0.0	0.0	0.0	0.0	55.370599999999996	0.0	24.603	125.9217	0.0	907.31235
N13_2_2	20.22416	354.0383	0.0	0.0	1.43795	16.21177	140.223685	0.0	18.1368	185.10169	33.397650999999996	7.259347	2.18012	36.85332	1116.9192	0.0	326.90255	0.0	7.9551300000000005	2.80633	0.0	5.03284	0.0	2.92229	750.51932	0.417471	164.900889
N14_1_2	8.74773	870.077128	0.0	0.0	0.0	0.0	0.0	0.0	0.0	31.46358	0.967491	6.6515	0.302341	45.230199999999996	3942.0826700000002	0.0	73.3883	0.0	0.0	0.362809	0.0	0.0	0.0	231.59304	5.663854	0.0	332.817176
N14_1_4	0.0	3.2999	0.0	0.0	0.0	0.0	13.758073	0.0	6.65058	0.0	0.0	0.0	0.0	9.59511	0.0	0.0	5.73676	0.0	0.0	0.0	0.0	0.0	0.0	0.0	48.83859	197.8423	86.30524
N14_2_2	0.0	261.55565	0.0	0.0	0.0	0.0	0.0	0.0	2.95721	15.431	0.0	0.0	0.0	7.9278319999999995	147.73458	0.0	29.19457	0.0	0.0	0.235948	0.0	0.0	0.0	97.21048	0.0	0.519085	101.787679
N14_2_3	5.78089	9.2153	0.0	0.0	0.789273	6.954136	54.843796	0.533293	6.27152	61.11534	11.732434	0.0	0.0	5.567582	14.569561	0.0	106.061229	0.0	0.0	0.0	0.0	2.005178	0.0	14.526899	111.9701	0.0	53.6279
N14_2_4	9.96425	12.391437999999999	0.0	0.0	0.958101	10.443309	76.296815	0.926165	16.9584	94.66043	13.796657	0.0	0.0	7.66481	0.0	0.0	161.599794	0.0	0.0	0.0	0.0	2.8743	0.0	1.62877	447.59274899999997	1.88427	43.018761999999995
N14_1_3	0.0	0.0	0.0	0.0	0.0	0.0	0.0	0.0	0.0	0.0	0.0	0.0	0.0	0.0	16.701819999999998	0.0	0.0	0.0	0.0	0.0	0.0	0.0	0.0	0.0	0.0	6.244804	7.028463
N15_1_3	0.0	18.654272	0.0	0.0	0.0	0.0	0.0	0.0	2.84123	36.35372	0.0	2.51518	0.0	60.271321	100.88677	0.0	41.4307	0.0	0.0	0.37262	5.21669	0.0	0.0	0.0	427.208662	0.489063	5.33312
N15_1_4	52.79132	13.779710000000001	0.0	0.0	2.32748	34.35671	289.42684	3.83504	43.5873	461.10458	48.453729	15.26083	26.422127	334.01907	189.29263	0.0	687.5572	0.0	0.0	0.0	1.45467	14.917	0.0	7.24691	1689.61474	16.609683	282.894005
N15_2_2	0.0	12.395635	0.0	0.0	0.0	0.0	0.0	0.0	0.0	0.0	1.17	0.0	0.442701	6.45079	563.147895	0.0	10.11889	0.0	0.0	0.63243	3.0356699999999996	0.0	0.0	0.0	0.316215	0.0	11.668336
N15_1_2	10.967410000000001	198.32881	0.0	0.0	0.0	0.0	0.0	0.0	8.29033	52.159949999999995	12.625479999999998	12.867270000000001	1.58898	70.95136	2335.48833	0.0	139.51927	0.0	9.22299	3.817	32.1768	0.0	0.0	2.78071	247.276339	0.56996	241.956651
N15_2_4	61.58486	14.7068	0.0	12.4089	11.3978	80.42797	651.3297	38.8812	60.6657	656.01708	100.0065	0.0	0.0	105.52169	32.07925	0.0	230.62120000000002	0.0	0.0	0.0	0.0	27.483400000000003	0.0	31.435899999999997	500.67627	1.65452	4529.6175
N15_2_3	70.1725	16.444377	0.0	14.0225	12.8864	75.85325	608.44104	34.8321	78.1256	778.62497	101.62603	0.0	0.0	49.183535	6.93652	0.0	262.36220000000003	0.0	0.0	0.0	7.92319	36.416799999999995	0.0	28.5534	246.24649	0.0	4653.57266
N16_1_2	2.49753	162.96977	0.0	0.0	0.0	0.0	2.08531	0.0	0.0	24.80554	6.1832	4.36461	0.242478	34.019644	1014.04498	0.0	45.1252	0.0	3.17647	1.86708	27.0606	0.0	0.0	4.02514	264.10746	0.0	29.7521
N16_1_3	9.31349	110.24895	0.0	0.0	0.0	0.0	33.118399000000004	0.0	8.64104	75.92016000000001	13.449095000000002	10.55753	0.706077	48.215029	177.326214	0.0	105.878018	0.0	5.68224	3.3959	26.931810000000002	1.176795	0.0	4.169222	1203.828252	0.773323	60.251947
N16_2_2	3.59408	635.63033	0.0	0.0	0.0	0.0	0.0	0.0	0.0	63.20368	1.918088	6.461891	0.186222	39.7025	793.471892	0.0	137.6738	0.0	3.85479	2.7747	166.16570000000002	0.0	0.0	0.0	243.22414	1.04284	66.31353
N16_2_3	46.738	55.968142	0.0	6.18904	6.936	56.84846	523.9876899999999	21.60826	60.5566	545.38295	88.594081	4.668464	0.0	96.91722	72.50787	0.0	561.92229	0.0	0.0	0.453508	14.725649999999998	28.3042	0.0	23.128869	408.236842	0.0	3614.347255
N16_2_4	62.289939999999994	18.544890000000002	0.0	12.2636	11.1045	74.59084	600.7649	36.82816	60.7196	628.58261	102.96902	0.0	5.271834	138.862505	108.80183	0.0	501.16102	0.0	0.0	0.0	0.0	22.1717	0.0	29.0512	672.365204	4.26234	3138.576561
N16_1_4	32.3211	6.80303	0.0	0.0	0.0	9.16931	170.93635	4.3292	27.2121	398.25967	51.009291	29.25573	0.0	439.13160999999997	187.688443	0.0	632.97758	0.0	23.205599999999997	3.09229	0.0	6.77614	0.0	4.409867	603.049986	16.617644	243.134425
N17_1_2	9.50595	56.424859999999995	0.0	0.0	0.0	0.0	0.0	0.0	0.0	19.43671	18.480818	21.8796	5.12471	82.89818	3629.811597	0.0	110.08840000000001	0.0	19.75538	14.1793	0.0	0.0	0.0	0.0	6.293048	1.56662	201.855279
N17_1_3	43.3357	11.64241	0.0	0.0	5.76241	62.837630000000004	422.41975	0.0	42.7085	491.25521000000003	86.74964	1.8424	0.2156	56.879220000000004	345.47046	0.0	975.7287	0.0	0.0	0.0	0.0	16.836419999999997	0.0	10.1136	705.326957	0.0	1137.291318
N17_2_2	3.52413	268.45559	0.0	0.0	0.0	0.0	0.0	0.0	0.0	23.01055	4.42244	8.49938	1.45111	26.25827	925.67201	0.0	74.6977	0.0	0.0	3.31683	0.0	0.0	0.0	0.0	399.95481	0.0	19.6246
N17_2_3	35.6799	138.78957	0.0	1.46419	0.0	18.494999999999997	174.00715	6.165	27.7425	238.12335000000002	76.21482	25.97004	4.39256	101.106023	112.74246	0.0	606.55932	0.0	25.43063	4.08431	0.0	7.1668199999999995	0.0	46.39152	1699.69087	23.966440000000002	303.24096
N17_2_4	34.0924	13.0687	0.0	0.0	0.0	32.955960000000005	401.1536	0.0	55.116	391.49399999999997	84.66278	0.0	0.0	13.0687	0.0	0.0	229.55579999999998	0.0	0.0	0.0	0.0	10.2277	0.0	0.0	34.0924	0.0	131.824
N17_1_4	99.49404	24.48825	0.0	0.0	14.3992	170.52679999999998	1200.6452	0.0	92.6797	1211.57798	196.7487	4.3342	9.920516	145.677304	28.413055	0.0	2804.0834	0.0	0.0	0.0	0.0	45.8703	0.0	25.2828	165.975815	0.794604	721.35548
N18_1_3	1.43858	1.577795	0.0	0.0	0.0	0.0	0.0	0.0	0.0	0.0	0.959052	1.11374	0.278435	5.61509	51.88161	0.0	6.1101	0.0	0.0	0.402183	0.0	0.0	0.0	0.0	5.011823	0.0	4.114642
N18_1_4	90.6223	564.91616	0.0	0.0	0.0	0.0	67.9186	0.0	0.0	455.92273	85.21114	97.8629	17.928031	891.5299	1094.39985	0.0	606.7424	0.0	67.05203	10.9186	0.0	0.0	0.0	10.2253	3109.77326	102.86956	413.269287
N18_2_2	7.52293	930.8633	0.0	0.0	0.0	0.0	0.0	0.0	0.0	71.99181	14.021053	14.48692	4.86778	51.7987	2509.489097	0.0	170.6284	0.0	8.57102	3.00451	0.0	0.0	0.0	0.0	1830.58701	0.0	167.88013
N18_1_2	2.39689	144.65929	0.0	0.0	0.0	0.0	0.0	0.0	0.0	15.12661	2.75944	3.867245	0.825819	17.44291	771.71762	0.0	34.66429	0.0	0.0	0.906387	0.0	0.0	0.0	0.0	294.11231	0.362555	21.10878
N18_2_4	0.0	6.94398	0.0	0.0	0.0	0.0	0.0	0.0	24.571	0.0	20.832	0.0	0.0	0.0	0.0	0.0	0.0	0.0	0.0	0.0	0.0	9.61475	0.0	0.0	0.0	0.0	8.01229
N18_2_3	0.0	0.0	0.0	0.0	0.0	0.0	0.0	0.0	0.0	0.0	0.0	0.0	0.0	0.0	0.0	0.0	0.0	0.0	0.0	0.0	0.0	0.0	0.0	0.0	0.0	0.0	0.0
N19_1_2	9.29677	919.075116	0.0	0.0	0.0	0.0	0.0	0.0	15.1564	100.40097	20.91255	14.763010000000001	9.54523	90.1517	6894.88785	0.0	200.947	0.0	14.100449999999999	3.66487	0.0	0.0	0.0	0.0	2099.185332	1.98773	287.57848
N19_1_3	25.60768	30.7063	0.0	0.0	4.06744	37.78145	239.26285000000001	0.0	21.8553	303.25364	52.532971	3.924223	1.11711	34.65917	146.88612700000002	0.0	704.6123	0.0	1.54677	0.94525	0.0	13.376719999999999	0.0	6.98912	101.227611	0.458303	286.754465
N19_1_4	96.84089999999999	35.3386	0.0	0.0	9.61897	98.05427	648.70309	0.0	137.152	1194.26207	141.82808599999998	11.80911	0.0	146.534003	21.487313	0.0	1971.0905	0.0	6.5705	1.45025	0.0	33.2077	0.0	20.48102	346.37189	5.238642	687.623395
N19_2_3	72.73663	334.823385	0.0	0.0	0.0	0.188763	0.0	0.0	12.5213	264.89704	68.37412	103.71459999999999	3.88012	509.51283	781.68731	0.0	653.8528	0.0	177.5	25.1264	0.0	0.0	0.0	8.22167	1413.05722	4.25765	607.354615
N19_2_4	34.7688	11.9356	0.0	0.0	4.41097	35.28778	257.78249	5.96779	35.4175	296.70282	67.72142	0.0	0.0	142.70787	14.9195	0.0	608.5846799999999	0.0	0.0	0.0	0.0	10.76796	0.0	13.10318	2011.14346	0.0	190.32037
N19_2_2	5.07022	820.40716	0.0	0.0	0.0	0.0	0.0	0.0	0.0	56.9655	11.079932	11.40801	3.51933	37.10211	1406.2716	0.0	139.8487	0.0	3.34038	2.22195	0.0	0.0	0.0	0.0	1506.76646	0.55176	107.876453
N20_1_2	0.0	47.149499999999996	0.0	0.0	0.0	0.0	0.0	0.0	0.0	5.61875	0.0	0.0	0.0	0.0	25.801883	0.0	9.40772	0.0	0.0	0.0	0.0	0.0	0.0	0.0	128.93562	0.0	5.85903
N20_1_4	203.401	566.098526	0.0	0.0	0.0	0.0	0.0	0.0	0.0	383.0204	239.4457	283.762314	36.9009	518.8768	7242.683285	0.0	825.189	0.0	283.4949	37.097	0.0	0.0	0.0	0.0	50.2351	92.787	1986.05346
N20_2_2	1.94191	621.315351	0.0	0.0	0.0	0.0	0.0	0.0	0.0	38.4305	1.37876	3.611961	0.660251	22.23489	434.1148	0.0	83.44399999999999	0.0	0.0	0.854442	0.0	0.0	0.0	0.0	1013.75663	0.0	68.938017
N20_2_3	0.0	0.0	0.0	0.0	0.0	0.0	0.0	0.0	0.0	0.0	0.0	0.0	0.0	0.0	0.0	0.0	0.0	0.0	0.0	0.0	0.0	0.0	0.0	0.0	0.0	0.0	0.0
N20_1_3	14.9771	92.09380300000001	0.0	0.0	0.0	0.0	0.0	0.0	0.0	20.71866	28.54347	15.71532	7.07025	68.15979999999999	1554.061855	0.0	66.92954	0.0	20.34133	1.1483	2.952774	0.0	0.0	0.0	30.298705	2.31301	336.27195
N20_2_4	66.0	19.358	0.0	0.0	0.0	53.1963	605.58419	19.6628	56.3972	719.293	212.63267	0.0	0.0	128.79907	0.0	0.0	1874.6737	0.0	0.0	0.0	0.0	31.8568	0.0	10.9746	196.62815999999998	0.0	584.70201
N21_1_3	71.8139	973.145996	0.0	11.8671	10.4338	91.69081	538.88896	35.053329999999995	39.7748	606.8245	109.565217	20.57247	0.231862	259.410863	462.2905	0.0	461.74229	0.0	8.91614	3.47793	0.0	21.647399999999998	0.0	1080.1182000000001	98.41479000000001	124.13039	1189.599384
N21_1_4	46.2203	601.18508	0.0	10.3354	8.34534	90.70734	600.15836	36.01339	51.2917	628.5323	126.65653	0.0	0.0	124.92331	109.83751	0.0	762.44282	0.0	0.0	0.0	0.0	27.4112	0.0	541.16343	414.50637	592.5187	1131.11419
N21_2_2	12.006789999999999	172.501299	0.0	1.5697	1.15662	11.318315	74.298955	4.378631	7.60063	74.5192	28.309613000000002	6.8846300000000005	2.89154	37.066917000000004	933.7206	0.0	126.924947	0.0	9.41818	3.7177	0.0	2.12046	0.0	77.989	134.635748	34.06516	199.874275
N21_1_2	32.14083	162.02226	0.0	0.0	0.0	8.9021	101.69487000000001	2.87949	12.248	150.52456	40.556249	44.1455	1.50058	202.841958	1424.21431	0.0	562.7385300000001	0.0	53.432900000000004	19.8726	0.0	3.32561	0.0	4.3800799999999995	333.61585	10.0985	546.414416
N21_2_4	64.4843	920.275	0.0	13.8316	13.9579	127.26332000000001	811.01109	43.831630000000004	58.0422	724.2327	133.895	0.0	0.0	54.063250000000004	0.0	0.0	566.33769	0.0	0.0	0.0	0.0	31.073800000000002	0.0	861.6649	79.8317	754.5486	1504.92852
N21_2_3	71.7672	1293.2834	0.0	21.2014	14.8523	132.08342	798.16747	49.65883	57.5951	743.068	138.6591	0.0	0.0	61.449920000000006	0.0	0.0	184.4631	0.0	0.0	0.0	0.0	30.8384	0.0	1177.2991	60.996449999999996	660.3034	1782.84187
N22_1_2	4.19689	102.88742	0.0	0.0	0.0	2.23834	24.901574	0.813942	3.35751	40.29016	6.969387	2.340088	0.0	15.464901000000001	75.493204	0.0	99.962326	0.0	0.0	1.29722	0.0	0.432407	0.0	1.1700430000000002	256.061164	0.0	22.129087000000002
N22_1_3	32.27088	23.528964000000002	0.0	0.0	0.0	6.866484	81.374887	2.34049	10.9895	154.5346	30.379938	48.15839	0.0	135.206139	154.87566	0.0	379.33051	0.0	21.77748	8.49398	0.0	2.6195	0.0	3.3635	12.260468	4.60349	225.19898
N22_2_2	30.12954	308.57939	0.0	0.0	0.0	1.491852	12.139578	0.0	12.6076	103.93239	78.10284	46.218199999999996	17.8145	167.789548	19193.947498	0.0	423.07147999999995	0.0	29.485999999999997	15.0355	0.0	0.555788	0.0	0.0	326.18907	4.88509	398.64608
N22_2_3	52.85064	97.93737300000001	0.0	11.8485	10.0401	95.50545	644.49729	32.45874	44.5255	566.32813	123.09993800000001	4.988848	0.280623	57.71466	17.02445	0.0	502.19034	0.0	0.0	0.561246	0.0	29.3095	0.0	28.5612	188.796865	0.374164	588.65343
N22_2_4	45.8644	23.25979	0.0	12.9403	13.1041	100.08251999999999	624.08308	35.05355	53.563	588.8658	110.23827	0.0	0.0	43.73495	80.75410000000001	0.0	514.00872	0.0	0.0	0.0	0.0	24.734	0.0	27.0272	114.00573	0.0	541.36297
N22_1_4	79.757	20.6712	0.0	0.0	0.0	87.8903	1201.4861	30.3812	82.9853	1085.3409	268.0507	2.6277	0.0	144.14823	0.0	0.0	2994.3778	0.0	0.0	0.0	0.0	36.3874	0.0	44.6459	96.24894	0.0	1037.116
N23_2_2	11.711400000000001	631.032981	0.0	0.0	0.0	3.614865	52.249488	1.45701	16.4329	127.31318999999999	22.961750000000002	10.19907	6.16002	43.747214	538.190282	0.0	239.81654500000002	0.0	16.28532	1.73366	0.0	2.047189	0.0	34.87594	1087.77797	22.68512	242.195479
N23_2_3	25.7934	530.72752	0.0	0.0	0.0	12.23489	229.83673	5.31499	23.1567	251.75306	62.591784	14.1733	2.66791	70.02233	372.163157	0.0	606.13744	0.0	43.28066	2.8555	0.0	7.6911000000000005	0.0	140.31563	704.048221	69.27194	454.118527
N23_2_4	54.68417	524.81662	0.0	0.0	0.0	64.84318999999999	723.4328	22.2229	54.327	720.5765	189.68796	3.49216	0.0	109.96356	0.0	0.0	1949.02449	0.0	0.0	0.0	0.0	28.0564	0.0	541.8016	69.08937	248.935909	704.58398
N23_1_4	180.1138	147.43893	0.0	0.0	0.0	0.0	86.8826	0.0	0.0	264.5685	157.21043	149.4303	95.09799	470.63620000000003	2273.57594	0.0	621.684	0.0	197.2908	19.3557	0.0	0.0	0.0	11.4516	581.8524	29.0024	1334.35846
N24_1_2	2.41337	19.723045	0.0	0.0	0.0	0.0	0.0	0.0	0.0	4.90995	3.53683	4.90995	0.0	11.089	10.568877	0.0	24.466589999999997	0.0	1.81002	0.665756	0.0	0.0	0.0	0.603342	35.243521	0.0	4.76432
N24_1_3	2.02567	27.817512999999998	0.0	0.0	0.0	2.0727729999999998	28.689079	0.0	2.56741	26.54564	8.408874	0.353314	0.0	5.605909	9.445254	0.0	54.221838	0.0	0.0	0.376868	0.0	1.248375	0.0	0.0	35.095844	0.0	11.541594
N24_1_4	105.5277	38.301010000000005	0.0	0.0	8.43781	98.4962	800.7920200000001	17.7028	73.8722	826.54651	193.79401	16.65503	71.39047	266.36999	272.82246	0.0	1321.2882	0.0	3.63984	1.1857	0.0	31.2143	0.0	26.1406	608.45965	1.32358	575.20455
N24_2_4	63.84019	17.5655	0.0	0.0	0.0	69.9787	724.71861	12.938	56.7573	752.76644	207.66962	0.0	0.0	108.69832	23.326259999999998	0.0	1351.0323	0.0	0.0	0.0	0.0	24.6483	0.0	15.299	67.80665	0.0	305.4132
N24_2_3	63.30188	363.75079999999997	0.0	0.0	8.79671	83.04171	726.2566400000001	16.961	61.4237	838.42847	191.572776	10.65571	1.72485	203.66601	237.971204	0.0	1945.9716	0.0	6.650236	1.18823	0.0	30.204	0.0	15.8303	834.710737	4.848737	459.249777
N25_1_2	35.3902	67.566241	0.0	0.0	0.0	0.0	2.32126	0.0	0.0	57.20999	41.49692	56.8886	6.60665	188.36088	1375.04002	0.0	283.71078	0.0	40.479119999999995	25.7659	0.0	0.0	0.0	0.0	38.97912	11.4991	592.152191
N25_1_3	0.0	16.552597	0.0	0.0	0.0	0.0	0.0	0.0	0.690798	1.96612	0.717368	0.0	0.265692	4.888730000000001	83.400649	0.0	8.502130000000001	0.0	0.0	0.717368	0.0	0.0	0.0	0.0	43.91879	0.0	2.09896
N25_2_2	12.73303	693.653911	0.0	0.0	0.0	10.364096	82.087901	1.64979	14.7635	179.21429	26.692836	7.106811	0.0	43.719536	300.791304	0.0	298.46486	0.0	1.7767	1.35368	0.0	3.13038	0.0	3.72261	1531.157639	0.69799	137.208001
N25_2_3	0.0	0.0	0.0	0.0	0.0	0.0	0.0	0.0	0.0	0.0	0.0	0.0	0.0	0.0	0.0	0.0	0.0	0.0	0.0	0.0	0.0	0.0	0.0	0.0	0.0	0.0	0.0
N25_2_4	64.58017	18.25375	0.0	0.0	6.45802	91.4008	682.44025	13.5091	51.8618	748.60275	203.09806	0.0	5.930820000000001	126.59035	28.92926	0.0	1341.0931	0.0	0.0	0.0	0.0	27.808999999999997	0.0	22.9985	166.72226	0.0	340.42962
N25_1_4	89.44071	25.380470000000003	0.0	0.0	11.4381	124.6011	1060.4628	25.3466	78.8824	1013.99971	244.93835	6.801963000000001	10.050646	205.92013	61.183734	0.0	1468.5132	0.0	2.335	0.0	0.0	38.7813	0.0	39.525800000000004	137.122084	0.778334	713.427687
N26_1_4	68.479	31.9385	0.0	0.0	0.0	0.0	5.79863	0.0	116.433	407.65279	31.662290000000002	25.03538	0.0	153.43357	25.40352	0.0	509.635	0.0	10.2166	2.66921	0.0	2.57717	0.0	0.0	451.00442	8.19171	155.82654000000002
N27_1_3	3.77927	47.92718	0.0	0.0	0.0	2.444303	40.688264	1.29736	5.69711	64.26635999999999	9.570391	2.06826	0.0	21.265442	104.484576	0.0	134.004258	0.0	0.0	0.921314	0.0	1.353768	0.0	0.940116	129.416438	0.0	60.129917
N27_1_4	38.1505	11.4198	0.0	0.0	0.0	27.7458	409.58969	11.2506	32.06	441.1419	92.71183	0.0	0.0	81.96875	0.0	0.0	1084.28698	0.0	0.0	0.0	0.0	14.71884	0.0	5.41382	42.718469999999996	0.0	333.96545
N27_2_3	22.0085	294.382677	0.0	0.0	0.0	19.919159999999998	248.98236	7.60909	45.9934	290.09134	59.785683999999996	0.423512	0.0	38.398438	262.196013	0.0	797.31705	0.0	0.0	0.155288	6.95972	8.51258	0.0	51.73899	1974.48176	25.029476	259.443317
N27_1_2	12.578	258.558576	0.0	0.0	0.0	0.0	0.903036	0.0	7.65968	39.814187000000004	28.73589	27.09103	7.57905	113.6052	8528.740786	0.0	168.2066	0.0	26.99428	15.1904	0.0	0.0	0.0	0.0	479.73802	2.06408	302.839487
N27_2_4	40.34272	118.66015	0.0	0.0	0.0	28.16376	361.2235	12.3481	48.8003	436.41133	84.32203	0.0	0.0	120.52049000000001	716.69598	0.0	1093.39674	0.0	0.0	0.0	9.97994	14.80077	0.0	63.93943	1634.59706	65.71539	372.89497
N28_1_2	14.69785	538.48802	0.0	0.0	0.0	0.0	26.45612	0.0	9.63905	84.15371999999999	56.740449999999996	25.6358	20.8504	84.15364000000001	5918.30806	0.0	236.601083	0.0	17.29561	11.0747	0.0	0.0	0.0	0.0	703.514083	1.29888	193.80649
N28_1_3	0.0	0.0	0.0	0.0	0.0	0.0	0.0	0.0	0.0	0.0	0.0	0.0	0.0	0.0	40.83064	0.0	0.0	0.0	0.0	0.0	0.0	0.0	0.0	0.0	0.0	0.0	0.0
N28_1_4	49.3349	14.1662	0.0	0.0	0.0	58.497099999999996	557.06161	20.3683	52.0131	673.0693	172.53128	0.0	0.0	81.61401	0.0	0.0	1676.25945	0.0	0.0	0.0	0.0	25.231299999999997	0.0	0.0	67.65938	0.0	645.65315
N28_2_3	82.15350000000001	652.112446	0.0	0.0	0.0	38.8981	466.2615	11.0294	44.2582	585.53321	163.3983	61.45357	1.83667	289.60389499999997	861.127186	0.0	1384.18555	0.0	40.997119999999995	12.6224	40.6224	15.24625	0.0	41.70922	1108.703158	9.361403	1344.425468
N28_2_4	72.6907	22.4635	0.0	0.0	0.0	61.45895	724.50935	22.7159	69.1572	845.7871	193.21073	0.0	0.0	123.92759	0.0	0.0	2055.4067	0.0	0.0	0.0	0.0	27.89	0.0	27.511400000000002	73.32177	0.0	794.04517
N29_1_2	0.0	12.56493	0.0	0.0	0.0	0.0	0.0	0.0	0.0	0.0	0.0	0.0	0.596658	3.08858	2396.81011	0.0	0.0	0.0	0.0	0.0	0.0	0.0	0.0	0.0	0.0	0.0	28.25354
N29_1_4	36.4994	116.40687	0.0	0.0	0.0	0.0	0.75874	0.0	9.90356	161.6916	39.73408	64.1336	0.479205	247.94846	1824.6511	0.0	265.7588	0.0	99.1156	7.38774	9.66396	0.0	0.0	0.0	2119.76171	25.23811	313.159913
N29_2_2	7.75333	719.230451	0.0	0.0	0.0	0.0	3.10469	0.0	0.0	72.73361	12.11667	11.94881	4.7829	44.724284000000004	779.125667	0.0	133.3338	0.0	16.59749	1.62786	0.0	0.0	0.0	0.0	25.71016	2.81939	194.78979
N29_2_3	6.732901999999999	153.55120200000002	0.0	0.0	0.0	1.7371900999999998	12.273397	0.0	7.00016	42.093469	6.989872999999999	6.6095489999999995	1.39798	38.290099	142.017802	0.0	76.590518	0.0	10.51565	0.863455	0.8017799999999999	0.53452	0.0	0.524241	35.514723	1.202668	78.995899
N29_2_4	35.69933	221.40368999999998	0.0	0.0	0.0	6.264239	47.352155	0.0	23.5077	216.6212	14.145040000000002	17.17607	216.55387	276.36735	447.79141	0.0	240.46576	0.0	0.0	0.0	38.0569	4.17616	0.0	2.08808	1283.763703	1.01036	79.4817
N29_1_3	5.6352	76.558205	0.0	0.0	0.0	0.0	0.0	0.0	0.0	56.32521	8.47963	9.123653000000001	0.456183	99.66244999999999	2186.886515	0.0	54.44669999999999	0.0	8.3723	0.9392	4.561826	0.0	0.0	0.0	350.18741	1.31488	83.561946
N30_1_3	59.3958	128.41078000000002	0.0	0.0	0.0	0.0	0.0	0.0	0.0	121.4151	22.0632	64.91166	0.0	149.06136	504.02384	0.0	197.15640000000002	0.0	66.9969	12.1751	0.0	0.0	0.0	0.0	7.06292	9.55176	950.80382
N30_1_4	0.0	114.59191	0.0	0.0	0.0	0.0	0.0	0.0	68.147	148.5605	0.0	8.70185	0.0	103.79312	275.6282	0.0	271.225	0.0	14.67782	0.0	0.0	0.0	0.0	0.0	730.74581	0.0	23.5894
N30_2_2	6.53442	404.20742	0.0	0.0	0.0	0.0	3.4947790000000003	0.0	0.0	76.80381999999999	2.14563	8.61504	0.0	43.042696	440.309433	0.0	141.2865	0.0	8.89137	1.62548	0.0	0.0	0.0	0.0	1524.096887	1.26787	181.27333399999998
N30_1_2	13.9297	41.789100000000005	0.0	0.0	0.0	0.0	0.0	0.0	0.0	21.931849999999997	3.8529	12.44782	0.0	28.89674	108.47388000000001	0.0	48.1611	0.0	9.03948	2.22282	0.0	0.0	0.0	0.0	1.48188	0.0	189.97741
N30_2_4	64.3671	127.86101	0.0	0.0	0.0	0.0	30.8172	0.0	20.7599	219.70552	70.325629	73.096	0.493379	440.96734	729.29034	0.0	347.6046	0.0	155.22469999999998	10.8923	0.0	0.0	0.0	2.4669	887.664913	12.3724	594.78754
N31_1_2	28.462	734.64843	0.0	0.0	0.0	0.0	16.214662999999998	0.0	0.0	111.2769	45.713362	40.032070000000004	24.3427	107.04692	1497.372024	0.0	191.4929	0.0	68.4388	8.72245	0.0	0.0	0.0	1.42379	1064.829916	13.1873	649.580375
N31_1_3	7.20401	55.979211	0.0	0.0	0.0	0.0	5.082758	0.0	0.0	17.1078	7.810088	9.28395	2.21768	21.722189999999998	84.98804200000001	0.0	28.95379	0.0	17.052709999999998	2.02484	0.0	0.0	0.0	0.757592	72.949239	1.96974	144.31435100000002
N31_1_4	50.7953	17.8354	0.0	0.0	3.70977	44.374539999999996	332.59506999999996	0.0	52.3648	613.25347	72.91129	24.113480000000003	0.0	282.08503	457.15863	0.0	1002.4934999999999	0.0	10.8439	1.99757	5.27929	15.83786	0.0	5.42197	1106.79526	0.0	380.10856
N31_2_4	53.5395	22.212788	0.0	0.0	7.06015	71.82258	763.62871	18.2387	85.5322	707.4471	137.53964	0.0	0.0	141.069764	2.797424	0.0	1910.0916	0.0	0.0	0.0	1.3432	26.1647	0.0	25.4987	66.63851	0.0	603.065258
N31_2_2	4.023210000000001	1247.802192	0.0	0.0	0.0	0.0	2.9491810000000003	0.0	21.8592	139.509905	3.230893	5.660665	0.977191	7.377345	553.547946	0.0	179.768	0.0	3.69748	0.413766	0.220088	0.40496199999999993	0.0	0.0	2716.881275	0.44898	156.553077
N32_1_2	26.0045	147.8764	0.0	0.0	0.0	0.0	0.0	0.0	0.0	24.452	39.9771	31.43831	9.70318	65.2053	1361.9376	0.0	105.5706	0.0	23.6757	5.43378	0.0	0.0	0.0	0.0	0.0	104.018	326.4145
N32_1_3	19.0246	112.12061	0.0	0.0	0.0	0.0	8.84603	0.0	0.0	42.543254	31.65576	24.610139999999998	9.93761	57.59845	295.760722	0.0	69.3365	0.0	38.1909	5.8123	0.0	0.0	0.0	1.04905	10.717305	11.142595	339.069236
N32_1_4	5.34382	2.44289	0.0	0.0	0.0	1.29779	40.99485	0.0	11.9091	123.06064	5.72553	0.0	0.0	164.74257	282.68850000000003	0.0	71.6072	0.0	0.0	0.0	0.0	2.59558	0.0	0.0	951.506374	0.0	24.81061
N32_2_4	74.9455	20.0052	0.0	0.0	0.0	99.1	837.70042	22.8578	85.0592	917.46136	181.01018	12.7441	0.0	255.58518	40.306815	0.0	2237.1758	0.0	0.0	0.0	2.25985	32.4899	0.0	33.6014	90.76438999999999	0.0	714.59397
N32_2_3	24.7968	845.55225	0.0	0.0	0.0	9.27863	147.59762	3.57698	34.573	281.94968	44.954306	12.39837	1.34473	83.25225	406.605795	0.0	545.91997	0.0	33.38966	2.00365	1.7347	7.16741	0.0	220.07837	1135.637857	1.788487	616.518263
N33_1_3	41.3424	196.013	0.0	0.0	0.432905	3.215857	61.255981	1.63885	24.3973	156.30948	52.443297	52.721630000000005	13.9148	118.77033	378.42062	0.0	312.031388	0.0	103.8663	11.3792	0.0	2.1026800000000003	0.0	2.2882100000000003	10.729847999999999	15.399	879.260082
N33_2_3	25.319660000000002	18.1965	0.0	0.0	0.0	16.83659	283.11376	9.13061	25.1901	300.2093	61.51832	2.46073	0.0	44.48745	78.09581	0.0	739.3854699999999	0.0	12.43318	0.0	0.0	11.26757	0.0	12.62744	24.931060000000002	0.0	264.72287
N33_2_4	85.291	22.3765	0.0	0.0	0.0	108.9691	1148.6394	32.9759	103.329	1149.44449	235.66576	0.0	0.0	218.18607	16.85984	0.0	3147.5213	0.0	0.0	0.0	0.0	37.996700000000004	0.0	43.4513	102.21281	0.0	1059.2567
N33_1_4	0.0	0.0	0.0	0.0	0.0	0.0	0.0	0.0	0.0	0.0	0.0	0.0	0.0	0.0	0.0	0.0	0.0	0.0	0.0	0.0	0.0	0.0	0.0	0.0	0.0	0.0	0.0
N34_1_2	0.0	0.0	0.0	0.0	0.0	0.0	0.0	0.0	0.0	0.0	0.0	0.0	0.0	0.0	0.0	0.0	0.0	0.0	0.0	0.0	0.0	0.0	0.0	0.0	0.0	0.0	0.0
N34_1_4	0.0	0.0	0.0	0.0	0.0	0.0	0.0	0.0	0.0	0.0	0.0	0.0	0.0	0.0	0.803318	0.0	0.0	0.0	0.0	0.0	0.0	0.0	0.0	0.0	0.0	0.0	0.0
N34_2_2	8.63263	71.957418	0.0	0.0	0.0	0.0	1.217132	0.0	1.87078	17.569539	13.85052	10.88657	5.56725	23.94821	334.339399	0.0	34.53053	0.0	20.02634	2.07363	0.0	0.0	0.0	0.0	13.625127999999998	3.74156	176.664614
N34_2_3	15.2688	167.06044	0.0	0.0	0.0	0.0	5.635092	0.0	15.6673	105.3592	15.33995	21.31652	1.423	196.07541	421.42196	0.0	199.0353	0.0	51.25661	2.47602	0.0	0.0	0.0	0.0	714.930041	2.4475599999999997	232.361924
N34_1_3	0.0	0.0	0.0	0.0	0.0	0.0	0.0	0.0	0.0	0.0	0.0	0.0	0.0	0.0	0.0	0.0	0.0	0.0	0.0	0.0	0.0	0.0	0.0	0.0	0.0	0.0	0.0
N35_1_3	0.0	2.2754339999999997	0.0	0.0	0.0	0.0	0.0	0.0	0.0	0.0	0.0	0.0	0.0	0.0	0.0	0.0	0.0	0.0	0.0	0.0	0.0	0.0	0.0	0.0	0.0	0.0	12.72555
N35_1_4	181.8	48.67336	0.0	0.0	0.0	0.0	117.33068	0.0	71.0506	512.6704	296.28812	249.2308	1.10689	535.8557999999999	1471.41982	0.0	932.0037	0.0	440.36400000000003	47.4169	0.0	0.0	0.0	17.8299	116.074116	45.65182	2051.10206
N35_2_2	2.68627	40.222402	0.0	0.0	0.0	0.0	1.44462	0.0	2.08932	10.052628	2.722087	3.689147	0.334291	8.011055	60.602255	0.0	16.83395	0.0	5.83817	0.620827	0.0	0.0	0.0	0.405925	66.5359198	0.608888	35.900457
N35_1_2	46.3116	397.59968	0.0	0.0	0.0	0.0	0.0	0.0	0.0	91.5205	91.7962	59.8192	24.9017	124.04892999999998	556.6579	0.0	183.40859999999998	0.0	53.846399999999996	11.3022	0.0	0.0	0.0	95.10408000000001	5.97273	25.453	1922.29903
N35_2_3	5.15687	37.835871	0.0	0.0	0.0	0.0	0.0	0.0	0.0	31.60232	3.626808	8.141427	0.283344	55.271096	115.812243	0.0	68.26706	0.0	8.40587	1.19005	0.0	0.0	0.0	0.358903	98.981635	0.793364	64.413556
N36_1_2	28.1088	102.29266	0.0	0.0	0.0	0.0	0.0	0.0	0.0	42.1148	53.80268	39.12043	4.25012	73.60432	124.79894	0.0	125.7649	0.0	19.4153	4.82968	0.0	0.0	0.0	0.0	147.01559	15.1652	530.20257
N36_1_3	0.0	0.0	0.0	0.0	0.0	0.0	0.0	0.0	0.0	0.0	0.0	8.80739	2.1203	10.1122	41.59035	0.0	0.0	0.0	0.0	0.0	0.0	0.0	0.0	0.0	0.0	0.0	22.67086
N36_2_2	9.72074	79.973357	0.0	0.0	0.0	0.0	5.5053160000000005	0.0	0.0	20.49206	16.28988	13.12496	6.62234	30.69144	267.273989	0.0	39.04253	0.0	27.965500000000002	2.10106	0.0	0.0	0.0	0.0	57.992020000000004	4.09574	247.51318
N36_2_3	62.42769	23.4863558	0.0	0.0	0.0	0.0	191.126856	0.0	78.2657	708.724207	61.476656	3.2363039999999996	0.43591	18.889405999999997	15.45495	12.5357	1145.7969	0.0	0.766146	0.396282	0.0	10.2637	0.0	0.250979	72.083669	0.47553900000000004	136.004064
N36_1_4	118.0763	24.93995	0.0	0.0	0.0	0.0	213.3955	0.0	80.8884	798.93	152.63702	72.7477	0.370029	155.7079	74.26485	15.3932	1430.0508	0.0	46.8087	13.8391	0.0	10.7678	0.0	0.0	73.78372	15.0972	820.05876
N37_1_2	1.99873	9.231128	0.0	0.0	0.0	0.0	3.0731919999999997	0.0	0.0	4.378718	3.858825	2.5532939999999997	0.439027	5.534052	7.197744	0.0	8.13356	0.0	1.35174	0.439027	0.0	0.0	0.0	0.439027	22.586806	0.612328	30.651027
N37_1_3	1.7857	2.5075790000000002	0.0	0.0	0.0	0.0	2.0263280000000004	0.0	0.0	3.3940989999999998	2.760869	1.697048	0.405265	4.521236	33.10513	0.0	5.382429999999999	0.0	2.976166	0.189968	0.0	0.0	0.0	0.303949	2.558235	0.43059400000000003	20.301267
N38_1_2	17.31805	67.662814	0.0	0.0	0.0	0.0	1.66362	0.0	0.0	37.14508	14.31804	23.45429	5.91813	47.945	354.95135999999997	0.0	80.0993	0.0	33.817800000000005	4.19996	0.0	0.0	0.0	0.0	1.390892	5.6454	295.305956
N38_1_4	112.55	280.83714000000003	0.0	0.0	0.0	0.0	1.53547	0.0	0.0	218.0368	155.84980000000002	174.12153999999998	1.68901	351.008	8029.114	0.0	409.663	0.0	99.3447	32.0913	0.0	0.0	0.0	0.0	132.6643	36.237	3143.4089
N38_2_2	1.96301	260.888998	0.0	0.0	0.0	0.0	0.0	0.0	0.0	35.011059	1.376504	2.9205859999999997	0.670297	15.775882	272.164759	0.0	57.69344	0.0	4.69207	0.335149	0.0	0.0	0.0	0.0	94.655597	0.490753	71.147303
N38_2_3	27.2184	45.08056	0.0	0.0	0.0	24.54519	351.04512	7.53367	46.0526	349.58678	74.36467999999999	0.0	0.0	125.52072	63.18566	0.0	882.04792	0.0	0.0	0.0	0.0	13.24469	0.0	11.665040000000001	34.3876	0.0	236.94616
N38_1_3	4.42051	6.49903	0.0	0.0	0.0	0.0	0.0	0.0	0.0	5.53295	2.7811130000000004	8.196974	0.702598	23.741912	38.701446000000004	0.0	29.8604	0.0	0.0	1.25882	0.0	0.0	0.0	0.0	0.292749	0.995347	39.46258
N38_2_4	37.3991	55.83291	0.0	0.0	3.82646	39.66153	457.33801	12.846	61.6637	501.34237	102.20604399999999	14.379593999999999	0.0	218.943223	100.019423	0.0	1372.16607	0.0	3.85682	0.212581	0.0	15.47287	0.0	16.93057	51.049857	0.258134	368.9044
N39_1_3	9.94522	68.493674	0.0	0.0	0.0	0.0	0.802034	0.0	0.0	16.29727	8.405312	13.02506	0.0	31.82472	177.92286000000001	0.0	44.81765	0.0	38.5938	3.20813	0.0	0.0	0.0	16.842709000000003	25.50463	3.17605	251.83864799999998
N39_1_4	66.0909	1102.5058	0.0	19.5212	16.6261	99.63264	980.8317	49.5613	73.2183	817.4642	133.6983	0.0	0.0	36.57465	118.3956	0.0	200.2991	0.0	0.0	0.0	0.0	33.665800000000004	0.0	1177.8626	608.7002600000001	422.5182	1882.73506
N39_2_4	83.7416	1157.4776299999999	0.0	21.0753	19.9413	149.33873	1284.29795	64.15376	94.8021	1100.3491	169.3978	0.0	0.0	89.51475	114.75800000000001	0.0	698.56333	0.0	0.0	0.0	0.0	44.359700000000004	0.0	1198.5086	621.9349	456.0721	2173.89358
N39_1_2	7.70611	231.943707	0.0	0.0	0.0	0.0	0.0	0.0	0.0	32.73762	7.967526	10.02329	0.178245	27.996290000000002	199.319014	0.0	57.5195	0.0	38.310689999999994	1.9191	0.0	0.0	0.0	0.0	405.583504	1.22395	192.07038
N39_2_3	89.304	743.304472	0.0	13.8969	10.5653	109.23156	936.04098	40.5801	77.0883	844.42348	155.07107000000002	21.94806	0.262205	135.5291	488.30285	0.0	999.07804	0.0	31.711399999999998	3.96392	0.0	31.958099999999998	0.0	564.6514	395.94471	210.50447	1571.5949249999999
N39_2_2	7.349539999999999	576.874472	0.0	0.343838	0.343838	1.955581	25.981286	0.601717	10.4011	103.98966	7.886775999999999	7.97274	0.257879	32.600138	319.275301	0.0	128.61692	0.0	11.38964	0.709166	0.0	1.181944	0.0	34.641596	1425.595962	12.055821	182.53500499999998
N40_1_2	15.8751	41.239695	0.0	0.0	0.0	0.0	27.650199999999998	0.0	0.0	44.87717	29.073246	18.907780000000002	3.72642	44.35239	149.78619	0.0	65.28789	0.0	15.91064	3.64638	0.0	0.0	0.0	4.3134	168.26707	4.091060000000001	215.45658
N40_1_3	2.88869	5.017845	0.0	0.0	0.0	0.0	5.9267900000000004	0.0	0.0	7.308870000000001	5.117457	3.9034619999999998	0.821781	8.921308999999999	12.264459	0.0	10.37187	0.0	2.49647	1.021	0.0	0.0	0.0	0.952519	7.514344	0.603884	40.6657644
N40_1_4	204.051	261.222877	0.0	0.0	0.0	0.0	455.215286	0.0	0.0	562.474746	416.834184	271.6699	34.9596	757.726985	1091.924272	0.0	989.4192999999999	0.0	193.75	49.89	0.0	0.0	0.0	69.4431	724.591846	31.963294	2736.595174
N40_2_2	81.7159	625.842456	0.0	0.0	0.0	0.0	38.776314	0.0	0.0	162.23763	123.47746	103.24210000000001	48.8294	234.99759	3543.346883	0.0	342.8385	0.0	158.8812	16.3303	4.79259	0.0	0.0	9.246294	161.18883	29.7237	1283.378358
N40_2_3	58.694	495.331535	0.0	0.0	0.0	42.44512	552.605017	17.0527	54.4308	582.57599	151.593777	25.43551	4.95217	207.00068199999998	469.29356	0.0	1749.681	0.0	28.96662	3.88997	39.3591	18.71777	0.0	22.86617	372.11599	6.373228	683.112246
N41_1_2	12.8571	34.44833	0.0	0.0	0.0	0.0	24.113799999999998	0.0	1.73598	30.02694	23.028824999999998	12.85711	2.84809	34.36691	142.13307	0.0	38.734	0.0	9.98187	2.90234	0.0	0.0	0.0	3.71608	36.808119999999995	2.5225999999999997	214.800012
N41_1_4	92.1576	302.6778	0.0	30.1549	24.2368	175.025	1286.7389	73.1508	95.4608	1131.7661	182.9665	0.0	0.0	42.5417	0.0	0.0	265.4217	0.0	0.0	0.0	0.0	49.9875	0.0	1065.5652	583.4723	265.7102	1963.04314
N41_2_2	12.3691	470.42251	0.0	0.0	0.0	0.0	8.63626	0.0	0.0	66.46161	20.51941	15.2625	6.27288	47.20122	1276.774966	0.0	120.7972	0.0	21.97718	3.35732	0.0	0.0	0.0	0.993943	974.15253	4.26291	234.63684
N41_1_3	87.306	312.96659999999997	0.0	27.3015	22.1518	172.4289	982.7831	72.5288	83.3038	984.4346	162.0457	0.0	0.0	33.8085	0.0	0.0	236.9533	0.0	0.0	0.0	0.0	45.4092	0.0	1144.0177	544.86817	292.5217	1641.93688
N41_2_3	80.5852	231.445443	0.0	18.9207	17.4318	161.83062	1102.8120000000001	59.9649	82.5939	1027.21262	186.243597	2.4722	0.337118	127.29020799999999	23.120668000000002	0.0	1137.11292	0.0	0.856842	0.0	0.0	40.9037	0.0	792.1567	486.37708999999995	181.74878	1463.400949
N42_1_4	136.065	278.7492	0.0	0.0	0.0	0.0	195.6422	0.0	0.0	320.178	249.92698000000001	166.61509999999998	26.3273	363.781	2108.2968	0.0	481.937	0.0	240.44729999999998	28.6972	0.0	0.0	0.0	26.9956	295.6946	36.5553	1730.77099
N42_2_2	81.7334	333.21774	0.0	0.0	0.0	0.0	61.60298	0.0	0.0	170.9359	131.26067	108.1214	33.4709	235.33418	340.101111	0.0	301.81	0.0	65.83670000000001	20.1704	0.0	0.0	0.0	9.29303	259.83209	34.536	1244.91957
N42_1_2	18.5813	31.462194	0.0	0.0	0.0	0.0	36.619299999999996	0.0	0.0	45.62643	32.32831	21.21098	3.52729	49.48449	56.082347999999996	0.0	57.35	0.0	15.557928	4.46423	0.0	0.0	0.0	5.62162	55.578469999999996	2.37777	269.23156
N42_2_3	71.5775	74.35788600000001	0.0	0.0	0.0	34.15431	674.293768	17.2087	67.3442	630.0070900000001	155.89238799999998	24.49793	7.3143	233.20608000000001	283.20391	0.0	1804.9808	0.0	22.60672	4.73426	0.0	20.70304	0.0	26.101100000000002	547.195393	6.61293	734.073065
N43_1_2	20.22788	9.491673	0.0	0.0	0.0	4.530119	32.208668	0.0	13.8725	83.89845	6.90304	0.0	0.0	4.065494	18.452348	0.0	172.65903	0.0	0.0	0.0	0.0	1.42707	0.0	0.696941	380.164948	0.0	56.286314
N43_1_3	20.35299	18.55469	0.0	0.0	2.64868	29.26095	187.8195	0.0	18.8056	212.85641	39.758155	5.59011	0.0	29.20522	29.107572	0.0	473.75188	0.0	3.24812	0.96189	0.0	8.587299999999999	0.0	4.73975	31.700574000000003	0.710962	268.24193
N43_2_2	52.9624	263.92429999999996	0.0	0.0	4.47216	56.345879999999994	347.471572	0.0	33.2481	434.87119	105.33857	30.886400000000002	18.4414	104.63504	961.245733	0.0	1002.0814	0.0	56.2621	5.51064	0.0	13.165230000000001	0.0	9.631053999999999	207.00894499999998	8.15708	881.38362
N43_2_3	58.6506	400.641569	0.0	8.54938	9.86703	88.359	550.0103	25.3264	54.0082	578.21711	109.7017	21.7412	2.69658	140.038224	401.422572	0.0	619.7535	0.0	12.6862	5.08673	0.0	23.3806	0.0	173.71498	662.6843749999999	5.285909999999999	814.672967
N44_1_3	0.0	0.0	0.0	0.0	0.0	0.0	0.0	0.0	0.0	0.0	0.0	0.0	0.0	0.0	0.0	0.0	0.0	0.0	0.0	0.0	0.0	0.0	0.0	0.0	0.0	0.0	0.0
N44_2_2	26.062179999999998	770.146066	0.0	0.0	0.468182	6.17149	36.376359	0.0	14.2441	150.59874000000002	37.000563	28.67265	12.1869	87.138726	1146.7918300000001	0.0	297.18234	0.0	45.1725	5.24932	0.0	1.7450480000000002	0.0	1.07824	1351.032969	7.51929	478.056871
N44_2_3	8.14469	23.814339999999998	0.0	0.0	0.0	4.320223	27.886691	0.725939	3.73593	42.830406	13.686606999999999	6.51574	0.336411	29.692724000000002	106.872406	0.0	36.332383	0.0	5.9491499999999995	1.09776	0.0	1.469585	0.0	1.168586	56.410812	0.991527	86.935663
N44_1_2	100.975	699.2104790000001	0.0	0.0	0.0	0.0	0.0	0.0	0.0	165.1571	173.1325	130.8679	60.7332	297.82944	4011.183008	0.0	376.697	0.0	220.3306	23.7082	0.0	0.0	0.0	0.0	12.574562	49.2211	1611.00945
N45_1_3	90.09918	19.517684	0.0	24.3918	16.3379	126.64504	1021.2774999999999	65.017	83.0285	920.94871	152.10380999999998	11.02444	0.0	179.38243	158.44239	0.0	364.601	0.0	11.44283	1.04596	0.0	34.45399999999999	0.0	50.4991	502.87744	4.351201	797.62962
N45_1_4	100.10579999999999	116.47439999999999	0.0	20.972	16.9701	114.33782	917.6814999999999	54.7919	84.941	922.28493	193.20097	37.09965	4.36289	193.020374	3200.01616	0.0	417.4536	0.0	23.7402	6.73992	0.0	35.5651	0.0	52.2645	408.87795	4.27263	1281.967708
N45_2_2	3.17743	1201.114928	0.0	0.0	0.0	0.0	0.0	0.0	0.0	108.47126999999999	3.1930810000000003	6.182681	0.0	45.48578	555.126415	0.0	176.6523	0.0	10.69056	0.720008	0.0	0.0	0.0	0.0	2425.863978	0.610442	195.904897
N45_1_2	37.2208	206.96966	0.0	0.0	0.0	0.0	54.6227	0.0	0.0	109.9359	58.944376000000005	48.29186	5.09602	106.37810999999999	530.32116	0.0	180.893	0.0	36.22674	8.84217	0.0	0.0	0.0	10.6106	268.39391	9.10378	407.0229
N45_2_3	30.22088	18.599051	0.0	5.15617	4.17404	46.99892	302.41354	14.8956	46.2009	310.10702	60.769155	10.14865	1.268582	208.149731	151.329522	0.0	626.7614599999999	0.0	9.16652	0.40922	0.0	11.94922	0.0	13.2178	1664.195035	22.261598	269.573721
N46_1_2	87.84327	398.85312	0.0	0.0	0.0	0.0	1.144098	0.0	0.0	165.65882	104.53368	108.25189999999999	37.0318	248.65679	615.996299	0.0	333.2346	0.0	157.9025	22.882	0.0	0.0	0.0	0.0	23.588581	28.9894	1341.7920980000001
N46_1_3	4.58255	17.939	0.0	0.0	0.0	0.0	0.0	0.0	0.0	6.99957	8.159182	6.07746	2.13759	13.62192	0.47502	0.0	17.28236	0.0	4.03767	1.453	0.0	0.0	0.0	0.0	0.516934	2.33319	76.75769
N46_2_2	30.4515	110.566757	0.0	0.0	0.0	0.189847	12.352699999999999	0.0	0.0	62.535506999999996	35.52667	39.85521	11.0364	87.380248	59.143652	0.0	118.17345	0.0	28.67956	6.6573	0.0	0.0	0.0	0.0	20.26301	13.9727	418.562434
N46_2_3	100.2399	191.86838	0.0	0.0	6.80918	83.15025	570.31198	0.0	58.2786	644.84125	165.90953	61.79764	46.453137	314.05213699999996	36.430071	0.0	1638.7243	0.0	34.7516	11.1293	0.0	22.8403	0.0	13.3418	183.266226	21.571986	1447.876959
N46_2_4	77.3691	23.07842	0.0	0.0	8.52383	98.3722	678.7316599999999	0.0	89.542	758.704808	129.681918	12.952836	103.692696	213.750334	11.824734	0.0	1861.3429	0.0	2.68807	0.919237	0.0	29.3041	0.0	17.813740000000003	145.810408	2.4930820000000002	900.837889
N47_1_2	49.0777	88.41638	0.0	0.0	0.0	0.0	5.35393	0.0	0.0	119.57108	23.57007	64.32364	2.81719	142.3125	367.96771	0.0	175.8511	0.0	99.5449	11.5874	0.0	0.0	0.0	0.0	5.41767	17.6807	951.571952
N47_2_2	13.3991	333.77216	0.0	0.0	0.0	0.0	1.996465	0.0	0.0	59.09004	12.340578	16.60145	2.42524	47.31221	559.707121	0.0	111.35994	0.0	21.65295	2.82721	0.0	0.0	0.0	0.535964	748.460038	3.80535	251.126046
N47_2_3	48.18806	488.743443	0.0	0.0	2.72739	27.500140000000002	221.79846	0.0	34.8528	320.70099	68.348198	25.94164	2.237214	229.03815	355.729797	0.0	690.57041	0.0	15.7987	4.97717	0.0	7.50347	0.0	9.25051	1312.7293359999999	4.29846	423.084886
N47_1_3	53.4738	273.55831	0.0	0.0	0.0	0.0	0.0	0.0	0.0	103.961641	77.76238000000001	64.94875	25.2725	152.59589	1534.676409	0.0	182.7307	0.0	96.6623	12.3674	0.0	0.0	0.0	0.0	5.81187	19.6322	825.708804
N47_2_4	98.31389999999999	90.15719	0.0	0.0	4.87013	41.84433	371.519387	0.0	72.2752	460.34709	70.273376	18.494506	114.98592	417.860105	453.22151199999996	0.0	1240.67344	0.0	2.85336	0.672258	0.0	15.38723	0.0	9.994225	1079.98909	1.060673	450.397704
N48_1_2	99.456645	533.101	0.0	0.0	0.0	0.0	6.28665	0.0	0.0	159.90675	145.186	118.9099	45.7293	275.09128000000004	4910.011637	0.0	381.4382	0.0	215.2004	21.5447	0.0	0.0	0.0	0.0	99.210551	30.8516	1614.89852
N48_1_3	81.453	646.35803	0.0	0.0	0.0	0.0	1.300048	0.0	0.0	142.65523000000002	103.4539	107.1039	56.6688	241.80924000000002	495.468021	0.0	291.37800000000004	0.0	136.9216	25.9176	0.0	0.0	0.0	0.0	21.167399	25.7509	1768.59837
N48_2_3	93.87819	93.549887	0.0	16.1463	6.9987	98.26534000000001	694.6918459999999	15.9523	77.4782	753.9498	141.511104	31.33747	8.490964	173.281325	272.456996	0.0	445.335416	0.0	24.96548	4.92446	2.462232	24.1896	0.0	37.05285	375.12444700000003	4.267866	1104.124059
N48_2_4	100.3244	98.01535	0.0	15.4468	5.46742	78.45465	609.72304	14.7302	89.7081	668.48444	105.340648	21.41845	100.48372	205.214137	408.35728	0.0	424.4145	0.0	7.19257	2.0171	0.0	20.11793	0.0	22.373921	899.549448	2.202895	738.552412
N48_2_2	44.5921	798.30474	0.0	0.0	0.0	0.0	19.125146	0.0	0.0	138.3542	67.769956	60.052310000000006	30.0825	155.07786	597.98422	0.0	251.079	0.0	92.7991	12.4708	0.0	0.0	0.0	0.0	1058.914541	16.7986	815.428334
N49_1_2	7.87124	225.70228	0.0	0.0	0.0	0.0	3.84535	0.0	0.0	34.229	9.640474	10.507019999999999	2.58162	27.332652000000003	354.89154	0.0	58.3663	0.0	11.879069999999999	1.69701	0.0	0.0	0.0	0.451332	475.306906	2.38304	119.729479
N49_1_3	0.0	0.0	0.0	0.0	0.0	0.0	0.0	0.0	0.0	0.0	0.0	0.0	0.0	0.87857	0.0	0.0	2.0100629999999997	0.0	0.0	0.0	0.0	0.0	0.0	0.0	0.0931817	0.0	0.0
N49_2_2	4.805682	238.68795599999999	0.0	0.0	0.0	0.964299	14.353829	0.379396	4.50533	44.041551	6.607817	5.785795	0.916874	19.4124239	216.698661	0.0	56.19808	0.0	7.8724799999999995	0.679752	19.58634	0.0	0.0	0.980107	529.984918	1.296271	107.226916
N49_2_3	28.664061	6.372297	0.0	0.0	0.0	31.47869	349.86816999999996	9.81738	30.0151	342.527828	78.04369	0.0	0.0	69.93762	22.809612	0.0	964.26525	0.0	0.0	0.0	0.0	11.438600000000001	0.0	13.6903	31.366132	0.270203	282.114844
N49_2_4	93.9148	36.107611	0.0	8.22484	10.0137	142.7776	1292.6996	38.79086	116.275	1124.27472	250.497967	1.06942	0.0	213.067988	38.713144	0.0	3233.3317	0.0	0.0	0.0	0.0	46.1018	0.0	47.8713	133.77513299999998	0.311105	1056.8423090000001
N49_1_4	74.1037	950.41723	0.0	0.0	0.0	0.0	71.741368	0.0	23.2817	450.3103	101.612777	101.7993	1.80286	818.964107	2717.52766	0.0	567.5273	0.0	130.9248	14.9824	0.0	0.0	0.0	6.43434	2782.62166	91.07549999999999	965.5861500000001
N50_1_3	0.0	0.0	0.0	0.0	0.0	0.0	0.0	0.0	0.0	0.0	0.0	0.0	0.0	0.0	0.0	0.0	0.0	0.0	0.0	0.0	0.0	0.0	0.0	0.0	0.0	0.0	0.0
N50_2_2	3.6303	1143.71516	0.0	0.0	0.0	0.0	0.0	0.0	0.0	111.75201000000001	3.8156760000000003	6.905303	0.0	44.969429999999996	510.96122	0.0	185.02179999999998	0.0	8.481	0.587028	97.3692	0.0	0.0	0.0	2326.793638	0.988678	160.691107
N50_1_2	0.0	0.0	0.0	0.0	0.0	0.0	0.0	0.0	0.0	0.0	0.0	0.0	0.0	0.0	0.0	0.0	0.0	0.0	0.0	0.0	0.0	0.0	0.0	0.0	0.0	0.0	0.0
N50_2_4	68.52744	38.977606	0.0	21.4353	10.9874	147.43237	1088.5815499999999	16.9325	89.6227	956.39342	146.06038900000001	6.977041000000001	0.0	135.741396	18.937687999999998	1.02017	637.8647100000001	0.0	1.02017	0.257974	0.0	37.8754	0.0	20.3565	106.496579	0.363509	1053.942915
N50_2_3	48.32191	20.504956999999997	0.0	11.8705	5.25848	82.85996	576.2541	12.24385	55.8207	546.81934	87.97834	15.433205000000001	0.342268	149.710958	33.511092	0.0	431.08609	0.0	2.90927	0.933457	0.0	18.18685	0.0	25.981299999999997	77.772481	0.637862	607.976068
N51_1_2	50.1455	276.016081	0.0	0.0	0.0	0.0	27.446773	0.0	0.0	106.48295999999999	86.225315	69.9715	25.9881	152.04406	2021.0779909999999	0.0	200.5223	0.0	91.2115	12.6666	0.0	0.0	0.0	2.47081	13.157779999999999	21.7312	690.338272
N51_1_3	4.66831	15.236331999999999	0.0	0.0	0.0	0.0	0.0	0.0	0.0	7.498709999999999	5.88134	5.4769939999999995	1.54385	12.552990000000001	157.877214	0.0	16.89047	0.0	7.8663	1.19465	0.0	0.0	0.0	0.0	0.294067	1.23141	71.807466
N51_1_4	0.0	0.0	0.0	0.0	0.0	0.0	0.0	0.0	0.0	0.0	0.0	0.0	0.0	0.0	0.0	0.0	0.0	0.0	0.0	0.0	0.0	0.0	0.0	0.0	0.0	0.0	0.0
N51_2_2	2.69128	178.92031	0.0	0.0	0.0	0.0	0.0	0.0	2.79096	20.58334	4.360875	3.438858	1.34564	12.21042	155.3717	0.0	38.25107	0.0	4.38579	0.67282	0.0	0.0	0.0	0.0	370.474808	1.32072	47.919728
N51_2_3	25.4927	44.51619	0.0	2.88234	4.99606	41.1214	235.19919000000002	6.53331	35.1646	285.3519	47.846900000000005	0.0	0.0	27.350234	150.13795	0.0	451.24657	0.0	0.0	0.0	0.0	12.4261	0.0	98.38395	22.86658	14.60388	303.28632
N51_2_4	93.3506	662.396887	0.0	25.0664	20.3124	170.8102	1254.78092	75.7975	103.723	1122.56761	184.90596	0.0	0.0	111.634998	80.617955	0.0	927.65444	0.0	0.0	0.0	0.0	42.5862	0.0	521.5069	123.83582	236.9997	1787.25849
N52_1_2	0.671321	0.0	0.0	0.0	0.0	0.0	0.0	0.0	0.0	0.0	0.0	0.0	0.0	0.0	14.097752999999999	0.0	0.0	0.0	0.0	0.0	0.0	0.0	0.0	0.0	0.0	0.0	0.0
N52_1_3	73.892998	130.1161	0.0	0.0	0.0	0.0	61.84526	0.0	0.0	164.982927	123.045	96.1528	5.13465	228.104229	572.75697	0.0	277.54319999999996	0.0	231.4034	20.725	0.0	0.0	0.0	9.79599	59.894690000000004	26.519460000000002	1203.414991
N52_1_4	82.03685	22.908358	0.0	0.0	0.0	63.9594	1098.21049	22.1426	86.5256	1118.91056	178.460782	6.452154999999999	0.34216	166.534083	30.525495	0.0	2514.1964	0.0	7.99187	1.15683	0.0	41.1976	0.0	24.684320000000003	115.910619	1.5478649999999998	1194.495184
N52_2_2	57.3904	755.5883	0.0	0.0	0.0	0.0	19.9192	0.0	0.0	154.66379999999998	83.0039	68.6228	29.1195	169.40184	552.89059	0.0	282.5531	0.0	130.43470000000002	13.8452	0.0	0.0	0.0	0.0	986.847	18.1774	923.58323
N52_2_3	139.43198999999998	29.7937	0.0	0.0	14.4403	155.6647	1740.9213	19.3778	129.084	1508.6595	249.915665	3.1450810000000002	0.0	159.72287	24.75489	0.0	3520.3635	0.0	0.0	0.0	0.0	54.9883	0.0	35.4075	134.257753	0.541089	1562.2939999999999
N52_2_4	100.099	27.3732	0.0	0.0	13.1295	175.4027	1194.52386	6.96891	107.461	1257.17844	181.30096	0.0	0.0	128.127468	13.435362	0.0	2781.0128	0.0	0.0	0.0	0.0	46.3138	0.0	27.0892	157.13916	0.0	1274.3937799999999
N53_1_2	13.6713	125.25318	0.0	0.0	0.0	0.0	16.86534	0.0	0.0	39.66261	26.833744000000003	17.91837	5.26495	41.996750000000006	762.7156759999999	0.0	66.9175	0.0	20.638620000000003	3.58017	0.0	0.0	0.0	2.17618	169.53142	6.35305	253.823142
N53_1_3	58.5738	68.861097	0.0	0.0	0.0	42.44946	729.84695	15.113	62.7928	726.5234	114.835945	11.41424	0.63573	128.07065	154.944696	0.0	1731.4096	0.0	21.58592	1.87829	0.0	26.4984	0.0	16.99137	133.64769	2.9185790000000003	814.3121
N53_1_4	82.7093	22.1807	0.0	0.0	0.0	67.6756	1136.93916	24.3513	97.5822	1141.401591	188.99022	0.0	0.0	147.297816	4.196568	0.0	2452.9576	0.0	0.0	0.0	0.0	43.2841	0.0	23.7645	111.8199474	0.0	1092.82771
N53_2_2	4.44904	283.09721	0.0	0.0	0.0	0.0	15.31637	0.0	6.7465	43.14106	6.41829	8.02286	0.656416	23.922749	244.697491	0.0	76.76409000000001	0.0	8.424	0.838754	0.0	0.0	0.0	0.838754	684.094248	0.656416	140.801218
N53_2_3	8.96364	45.048049	0.0	0.0	0.0	0.0	17.58251	0.0	2.52821	20.72366	11.913215999999998	10.91725	0.574592	37.923073	162.724528	0.0	53.82012999999999	0.0	27.92523	1.76208	0.0	0.0	0.0	1.417327	30.453359999999996	1.340715	115.684477
N53_2_4	98.7231	27.646639999999998	0.0	9.3483	16.0766	170.1139	1397.6966499999999	29.72174	110.188	1184.71901	186.337049	0.0	0.0	130.582795	38.294448	0.0	2226.80234	0.0	0.0	0.0	0.0	45.1276	0.0	26.955	252.55087	0.0	1203.7509499999999
N54_1_3	3.16928	11.36917	0.0	0.0	0.0	0.0	0.0	0.0	0.0	4.27602	4.02448	2.5153	0.955815	11.97284	271.0997	0.0	17.758049999999997	0.0	10.06122	1.05643	0.0	0.0	0.0	0.0	0.0	1.35826	70.98183
N54_1_4	96.0631	41.028634	0.0	0.0	0.0	47.5509	888.8311	15.7222	84.7899	898.45675	167.973174	22.54652	0.0	154.96976999999998	687.642301	0.0	1630.3133	0.0	19.75913	2.27937	0.0	28.3549	0.0	20.7478	811.73091	4.86083	929.310547
N54_2_2	23.149	266.01203	0.0	0.0	0.0	0.0	18.753149999999998	0.0	0.0	73.11705	35.933370000000004	30.32762	8.83211	75.85946	974.5967999999999	0.0	126.8759	0.0	41.4586	5.32346	0.0	0.0	0.0	1.73416	451.92964	7.21894	469.63448
N54_2_3	108.047	28.7758	0.0	10.4283	12.2317	168.4209	1502.06683	40.22338	113.3	1373.2428	259.92338	0.0	0.0	207.78186	107.57607	0.0	3006.8773	0.0	0.0	0.0	0.0	50.9654	0.0	35.2053	124.43376	0.0	1146.09287
N54_2_4	81.5804	26.7949	0.0	15.9662	13.7296	138.0268	1296.1188	42.5175	93.2949	1064.5091	230.32513	0.0	0.0	141.08269	6.51049	0.0	1710.7747	0.0	0.0	0.0	0.0	41.8532	0.0	45.8613	109.083913	0.0	1062.82621
N54_1_2	44.3806	599.61695	0.0	0.0	0.0	0.0	0.0	0.0	0.0	149.5351	85.512	67.05080000000001	20.4549	151.38109	3941.37876	0.0	311.6979	0.0	111.4314	10.7813	29.020889999999998	0.0	0.0	32.27015	674.71714	21.4149	890.71275
N55_1_2	10.4406	498.64372	0.0	0.0	0.0	0.0	0.0	0.0	0.0	51.59983	18.65388	14.19923	0.0	39.4887	492.3788	0.0	101.5755	0.0	48.490840000000006	2.50575	0.0	0.0	0.0	728.6623000000001	6.8676	94.15119	248.950965
N55_1_3	0.0	0.0	0.0	0.0	0.0	0.0	0.0	0.0	0.0	0.0	0.0	0.0	0.0	0.0	7.88085	0.0	0.0	0.0	0.0	0.0	0.0	0.0	0.0	0.0	0.0	0.0	0.0
N55_1_4	46.3709	37.54585	0.0	0.0	0.0	0.0	0.0	0.0	0.0	229.656	74.09530000000001	63.86275	0.0	428.74061	558.388133	0.0	309.303	0.0	190.663	10.8889	0.0	0.0	0.0	0.0	1368.66027	14.178558	510.94959
N55_2_3	93.8906	27.0342	0.0	0.0	0.0	73.32509999999999	1317.0851	23.8933	105.445	1201.84398	193.35249	0.0	0.0	185.350679	7.777483999999999	0.0	2611.5488	0.0	0.0	0.0	0.0	43.2996	0.0	26.7351	182.95753000000002	0.860009	1067.64533
N55_2_4	69.8205	21.89242	0.0	0.0	0.0	40.0876	793.74341	16.63	79.7433	891.00101	148.62884	0.0	0.0	144.372292	11.15515	0.0	1853.29572	0.0	0.0	0.0	0.0	32.0631	0.0	17.2462	116.303752	0.0	882.89855
N55_2_2	13.7666	491.36698	0.0	0.0	0.0	0.0	0.0	0.0	0.0	72.88398	15.344002	24.736829999999998	0.0	91.41871	436.12097	0.0	212.5573	0.0	37.24855	2.76049	0.0	0.0	0.0	104.64752999999999	2215.48633	13.98169	165.880124
N56_1_2	203.316	812.562224	0.0	0.0	0.0	0.0	0.0	0.0	0.0	463.61571000000004	263.9216	261.0787	0.0	586.5012	5004.579159999999	0.0	771.0830000000001	0.0	733.224	55.1525	0.0	0.0	0.0	0.0	24.8498	43.974	4273.9285500000005
N56_1_4	89.0009	399.6614	0.0	28.1924	25.7699	179.9854	1297.4293	77.5905	91.9676	1104.1728	179.564	0.0	0.0	40.6209	0.0	0.0	269.584	0.0	0.0	0.0	222.88850000000002	46.6245	0.0	515.8541	1270.9748	0.0	2513.5466
N56_1_3	20.68509	58.63396	0.0	0.0	0.629204	0.511228	15.14022	0.825831	3.06737	34.29166	22.612019	22.769299999999998	0.0	53.12847	1001.654117	0.0	79.04384999999999	0.0	66.0664	3.4213	0.0	0.0	0.0	7.983034	2.00559	3.8932	375.478005
N57_1_3	31.9876	7.01165	0.0	2.49035	4.0861	51.523520000000005	461.34254	11.84727	33.9944	394.0064	85.05866	0.0	0.0	50.33879	0.0	0.0	1134.43708	0.0	0.0	0.0	0.0	13.322140000000001	0.0	30.125923999999998	54.860124	2.176027	349.567189
N57_1_4	102.759	80.9886	0.0	0.0	0.0	0.0	44.315872	0.0	0.0	220.42010000000002	164.06459999999998	143.7749	0.153475	421.82550000000003	575.453593	0.0	453.2575	0.0	342.5944	31.5314	0.0	0.0	0.0	0.0	18.317187999999998	26.7583	1672.03121
N57_2_2	70.4461	417.77149000000003	0.0	0.0	0.0	0.0	37.5404	0.0	0.0	209.0983	129.34431999999998	99.2966	1.85385	335.893783	2534.0906	0.0	426.3842	0.0	238.41219999999998	21.7441	0.0	0.0	0.0	24.447587	616.55821	19.079127	1186.53864
N57_1_2	7.90987	20.846295	0.0	0.0	0.0	4.2611170000000005	55.751734	1.7861	6.17479	58.58399	13.217125	3.0618790000000002	0.76547	12.808869	91.881952	0.0	137.68258	0.0	3.9038899999999996	0.459282	0.0	1.377846	0.0	2.0922840000000003	27.378378	0.893048	64.29953
N57_2_4	88.0002	24.305534	0.0	20.2239	12.8893	166.1493	1338.83102	31.9317	102.363	1139.000775	227.00536	0.0	0.0	110.802096	0.0	0.0	1429.73124	0.0	0.0	0.0	1.288932	41.4146	0.0	116.26469	111.799477	16.21905	1155.09702
N57_2_3	20.5585	74.29544899999999	0.0	0.0	0.0	0.0	25.81002	0.0	0.0	51.66077	35.539694	23.53029	1.99478	53.85911	267.99302	0.0	84.47290000000001	0.0	47.549099999999996	4.5595	0.0	0.0	0.0	3.01253	109.67234	5.5365400000000005	376.03689
N58_1_2	23.5064	368.65701	0.0	0.0	0.0	0.0	0.0	0.0	0.0	90.5625	20.64933	32.81379	4.37228	75.45435	274.19861000000003	0.0	147.0992	0.0	53.29	4.7186	0.0	0.0	0.0	0.0	770.3016	10.4762	410.21596
N58_1_3	7.07547	30.484368	0.0	0.0	0.0	0.0	0.0	0.0	0.0	11.546050000000001	9.574770000000001	6.82906	3.20332	13.90454	80.36469000000001	0.0	22.7048	0.0	11.86285	2.28809	0.0	0.0	0.0	0.0	0.492819	2.92171	109.652215
N58_2_2	15.8198	1025.84234	0.0	0.0	0.0	0.0	0.0	0.0	0.0	119.71367	20.988310000000002	20.95334	7.5083	70.543	935.917466	0.0	229.57920000000001	0.0	26.54095	2.54933	0.0	0.0	0.0	0.0	2203.80805	5.09866	292.89333999999997
N58_2_3	114.028	29.432	0.0	0.0	19.7895	205.7437	1652.3416	32.6835	126.305	1608.8921	379.98117	0.0	0.0	206.92091	0.0	0.0	3968.7258	0.0	0.0	0.0	0.0	60.714	0.0	37.6169	149.4022	0.0	778.40613
N58_2_4	89.49893	25.5576	0.0	0.0	13.3963	126.2201	1157.5018	23.0398	90.6866	1049.09509	277.42782	0.0	5.178022	159.90108	0.0	0.0	2375.7131	0.0	0.0	0.0	0.0	46.6972	0.0	23.7524	99.475	0.0	544.26182
N58_1_4	77.5293	27.162848999999998	0.0	0.0	13.2822	133.2822	1154.9747	23.0424	85.9314	1045.95523	278.3965	0.0	0.0	161.181792	18.024164	0.0	2503.86522	0.0	0.0	0.0	0.0	46.246	0.0	22.8352	149.74117	0.0	521.159161
N59_1_2	133.557	692.29746	0.0	0.0	0.0	0.0	0.0	0.0	0.0	333.149	144.69934	176.6027	34.3275	397.8158	2849.0697	0.0	572.6592	0.0	314.618	31.1606	0.0	0.0	0.0	0.0	471.20120000000003	55.8701	2205.7174
N59_1_4	44.235	28.618920000000003	0.0	0.0	0.0	0.0	0.244001	0.0	0.0	413.81719999999996	46.501819999999995	71.264	0.0	814.18325	928.2265	0.0	465.24	0.0	82.7084	8.87061	24.470930000000003	0.0	0.0	0.0	2225.1615	7.18622	437.16281000000004
N59_1_3	48.0048	151.57732	0.0	0.0	0.0	0.0	0.0	0.0	0.0	112.75280000000001	43.55619	57.26606	9.0186	142.39682	896.4407	0.0	177.2175	0.0	118.98079999999999	10.5958	0.0	0.0	0.0	0.0	4.61041	20.2211	858.78917
N60_1_2	10.165	33.999317	0.0	0.0	0.0	0.0	0.0	0.0	28.1783	62.98853	10.0492	11.67096	0.0	24.761010000000002	73.32721	0.0	103.93820000000001	0.0	21.54639	1.65073	0.0	0.0	0.0	0.0	197.045828	3.88067	134.751848
N60_1_3	0.0	0.0	0.0	0.0	0.0	0.0	0.0	0.0	0.0	0.0	0.0	0.0	0.0	0.0	0.0	0.0	0.0	0.0	0.0	0.0	0.0	0.0	0.0	0.0	0.0	0.0	0.0
N60_1_4	80.35088	26.1168	0.0	0.0	8.37737	113.0633	852.8667800000001	12.7067	96.8868	982.48119	176.768838	7.70531	0.0	186.287124	287.34703	0.0	2274.2536999999998	0.0	2.62574	0.296959	0.0	31.0713	0.0	19.7556	680.5675200000001	0.390736	906.41288
N60_2_3	90.7915	23.4256	0.0	0.0	0.0	124.4744	1179.1805	30.0097	100.148	1107.3097	259.06765	0.0	0.0	149.28627	11.435550000000001	0.0	3198.5649	0.0	0.0	0.0	1.52474	40.2671	0.0	48.791799999999995	453.12574	0.0	999.67688
N60_2_4	62.08839	18.4229	0.0	0.0	0.0	60.02774	712.41033	17.4662	75.8259	778.91413	172.920222	5.912008	0.0	143.065732	37.140201	0.0	1836.94357	0.0	0.0	0.564217	2.50218	27.524	0.0	29.9035	753.891989	0.269843	639.993801
N60_2_2	13.6863	982.0604069999999	0.0	0.0	0.0	0.0	0.0	0.0	0.0	114.92641	17.69581	19.083710000000004	7.09375	65.65573	796.9672	0.0	209.26579999999998	0.0	22.70771	2.69871	75.294	0.0	0.0	0.0	2073.34064	5.08899	273.9188
N61_1_3	6.21577	0.652272	0.0	0.0	0.0	0.0	0.0	0.0	0.0	10.85841	7.25173	8.134220000000001	0.0	16.26842	52.795676	0.0	23.098100000000002	0.0	12.9687	1.30454	0.0	0.0	0.0	0.0	0.613903	6.10066	85.52437499999999
N61_1_4	0.0	752.3352	0.0	0.0	0.0	0.0	0.0	0.0	0.0	125.9049	0.5448310000000001	22.142475	0.0	344.011697	1006.352635	0.0	202.2233	0.0	1.089662	0.286386	39.681889999999996	0.0	0.0	0.0	4789.3942	16.771046000000002	11.9234242
N61_2_2	87.3517	992.008	0.0	0.0	0.0	0.0	3.646377	0.0	20.9102	235.04611	134.88371999999998	110.0367	42.6594	267.54060000000004	2720.36058	0.0	488.5503	0.0	181.6413	17.7156	0.0	0.0	0.0	0.838989	1212.662322	38.851701	1578.13879
N61_1_2	12.5854	108.45196	0.0	0.0	0.0	0.0	6.78472	0.0	0.0	35.83985	16.21081	13.103340000000001	1.39838	36.56495	436.39676000000003	0.0	58.317499999999995	0.0	25.48154	3.26288	0.0	0.0	0.0	1.29479	226.74432000000002	2.95213	197.84451099999998
N61_2_4	30.7193	7.16783	0.0	0.0	0.0	7.67982	125.94888	0.0	51.1988	94.20570000000001	24.0634	0.0	0.0	4.0959	0.0	0.0	64.5104	0.0	0.0	0.0	0.0	0.0	0.0	12.2877	35.83916	0.0	50.68668
N61_2_3	9.8172	101.40671	0.0	0.0	0.0	0.0	0.0	0.0	2.71443	27.50628	5.2252790000000005	12.80308	0.83695	27.506222	92.449039	0.0	56.0078	0.0	19.792740000000002	1.62866	0.0	0.0	0.0	0.0	207.835102	3.55138	138.526572
N62_1_2	32.6752	406.17404	0.0	0.0	0.0	0.0	0.0	0.0	0.0	95.10730000000001	34.916109999999996	44.19229	2.65779	102.97648	1815.11736	0.0	176.9778	0.0	77.3887	7.24379	0.0	0.0	0.0	0.0	670.96284	8.39029	617.024566
N62_1_3	0.0	0.0	0.0	0.0	0.0	0.0	0.0	0.0	0.0	0.0	0.0	0.0	0.0	0.0	110.67193999999999	0.0	0.0	0.0	0.0	0.0	0.0	0.0	0.0	0.0	0.0	0.0	0.0
N62_2_2	17.47164	292.121028	0.0	0.0	0.0	0.0	5.70983	0.0	8.27604	63.791805999999994	17.81382	19.674349999999997	4.68334	47.3253	576.970788	0.0	134.17021	0.0	24.48596	2.48067	0.0	0.0	0.0	0.0	560.182996	4.44811	307.6465
N62_2_3	0.0	17.654468	0.0	0.0	0.0	0.0	6.61719	0.0	1.99033	3.20521	1.654299	2.01618	0.284333	4.42008	55.599906000000004	0.0	9.512229999999999	0.0	0.0	0.0	0.0	0.0	0.0	0.0	69.377208	0.336029	5.841744
N62_2_4	67.1339	32.074568	0.0	0.0	0.0	115.5659	902.1508	25.2954	82.9013	893.954759	256.95027	0.0	0.0	140.67587	117.673999	0.0	1847.0505	0.0	0.0	0.0	0.0	36.9144	0.0	38.061099999999996	434.69218	0.0	906.180818
N62_1_4	72.32081	16.0036	0.0	0.0	0.0	90.21068	1071.5028	29.9921	73.1058	993.254309	247.669333	2.202546	0.0	191.984656	5.5883709999999995	0.0	2699.33649	0.0	0.0	0.386617	0.0	37.162099999999995	0.0	41.133700000000005	95.646641	0.26946	913.587719
N63_1_3	55.077400000000004	175.53596	0.0	0.0	0.0	7.023289999999999	130.57772	2.77235	9.56461	199.05473999999998	90.14764100000001	54.107060000000004	12.0135	141.52855	1757.16	0.0	443.7147	0.0	77.21000000000001	9.5184	0.0	2.77235	0.0	7.854990000000001	41.354218	12.7066	745.947262
N63_1_4	93.6822	46.027434	0.0	0.0	0.0	76.39320000000001	995.88708	26.728	81.352	967.953	264.408512	31.07424	2.62302	261.32593	459.52681	0.0	2639.9298	0.0	24.75602	5.57153	0.0	36.9138	0.0	43.5192	140.18818	6.950060000000001	1208.86914
N63_2_2	20.1526	117.11726	0.0	0.0	0.0	1.0551110000000001	14.138489	0.0	3.77202	43.813469999999995	36.137568	23.7136	11.1578	55.155863	352.749488	0.0	88.81393	0.0	34.4758	3.7984	0.0	0.0	0.0	0.0	3.40273	7.38578	279.841368
N63_2_3	16.528081	6.201147	0.0	0.0	0.0	12.9024	198.71181	5.52602	14.9028	190.1353	41.982802	1.25023	0.550102	36.356739000000005	2.7005	0.0	539.2999	0.0	0.0	0.32506	0.0	7.65141	0.0	7.07631	16.65305	0.275051	162.75521
N63_2_4	81.96708	25.50816	0.0	0.0	0.0	80.9179	1061.2964	30.3344	90.413	1044.222	238.54399	0.0	9.377046	252.379956	29.92783	0.0	2835.1047	0.0	0.0	0.0	0.0	41.2852	0.0	43.068799999999996	148.28838000000002	0.0	959.251343
N63_1_2	23.4175	81.00259	0.0	0.0	0.0	0.0	38.06074	0.0	0.0	54.2729	43.29056	28.35671	8.48377	65.66208999999999	93.26339999999999	0.0	81.4674	0.0	36.898579999999995	6.15945	0.0	0.0	0.0	3.95135	64.49979	8.01891	391.47368
N64_1_2	4.98485	68.95711	0.0	0.0	0.0	0.0	4.00743	0.0	0.0	13.53728	7.37953	5.278079	1.46613	13.78164	402.40433	0.0	26.976819999999996	0.0	10.165189999999999	0.830808	0.0	0.0	0.0	0.0	104.926154	2.150331	73.25774799999999
N64_1_3	4.18004	0.0	0.0	0.0	0.0	0.0	0.0	0.0	0.0	6.79255	2.94502	4.560035	0.0	13.062610000000001	0.665006	0.0	17.05264	0.0	3.70503	1.18751	0.0	0.0	0.0	0.0	0.0	1.23501	72.343165
N64_1_4	34.1422	62.601304	0.0	0.0	0.0	0.0	44.540580000000006	0.0	69.7397	214.20363	59.97438	43.58735	3.92213	106.0213	297.97256699999997	0.0	314.5856	0.0	34.02574	7.98252	1.942875	0.0	0.0	6.68727	363.77597000000003	12.17389	431.674638
N64_2_3	7.41705	20.719922	0.0	0.0	0.0	0.83741	38.472998000000004	0.95704	5.02446	52.18257	12.393672	5.93365	1.77052	17.944484	123.84087	0.0	108.14543	0.0	12.32188	1.07667	0.0	1.363782	0.0	0.813484	61.17872	1.60304	96.565294
N64_2_4	59.254799999999996	10.616	0.0	0.0	0.0	18.15432	405.59956	8.75576	46.4377	470.52234	68.994191	0.0	69.938963	153.893097	29.315731	0.0	912.94678	0.0	0.662282	0.0	0.0	17.2583	0.0	9.04795	125.512194	0.0	442.969639
N64_2_2	8.36301	49.06541	0.0	0.0	0.0	0.0	6.012036	0.0	0.0	17.01316	14.105858	9.24239	4.25329	23.025243	488.77002699999997	0.0	28.7322	0.0	13.49567	1.93821	0.0	0.0	0.0	0.412767	6.8914100000000005	2.90731	127.77822
N65_1_2	58.6334	1240.252	0.0	0.0	0.0	0.0	0.0	0.0	0.0	184.2536	105.69134	79.5171	37.2724	203.14857999999998	3762.361	0.0	379.72499999999997	0.0	130.3142	13.8827	0.0	0.0	0.0	0.0	2125.83905	27.4471	1059.33923
N65_1_4	141.711	147.071	0.0	0.0	5.27863	63.181219999999996	452.74417000000005	0.0	71.8977	870.75777	111.12199	40.22586	7.71492	159.901987	6.280218	0.0	278.1429	0.0	24.9314	7.47129	0.0	20.08588	0.0	9.88052	104.57103000000001	14.9155	645.915056
N65_2_2	39.1633	1127.38431	0.0	0.0	0.0	0.0	0.0	0.0	0.0	175.2065	53.890620000000006	48.995270000000005	16.8254	147.10939000000002	1493.100292	0.0	307.1361	0.0	74.1716	7.8162	0.0	0.0	0.0	0.0	2201.69888	14.3571	698.1923899999999
N65_2_3	24.553200000000004	9.378688	0.0	0.0	0.0	16.47415	160.03451	3.12622	20.4434	208.12204	36.250136	6.709085	0.63227	81.211652	57.396077	0.0	342.83081	0.0	2.73984	0.667396	2.3183219999999998	6.70909	0.0	8.85178	150.55054	1.194288	147.705341
N65_2_4	48.0273	19.174989	0.0	0.0	0.0	56.625640000000004	439.304134	3.73158	75.4409	642.54052	73.372756	15.803059000000001	0.314712	226.468984	143.047863	0.0	628.95221	0.0	3.15836	0.213555	0.0	23.648400000000002	0.0	14.521694	486.409558	0.49454699999999996	290.58031
N65_1_3	66.8467	106.434327	0.0	0.0	1.89263	26.75971	167.077426	0.0	24.5516	349.29554	64.55972	46.36945	4.78415	181.640133	209.556362	0.0	263.7329	0.0	56.6739	8.0174	0.0	8.28027	0.0	4.23213	117.65866	15.4039	674.51282
N66_1_3	4.02121	6.977189	0.0	0.0	0.0	0.0	5.432639999999999	0.0	1.65109	4.84676	3.195667	3.00925	1.14511	6.790789999999999	40.98444	0.0	11.53102	0.0	5.35273	0.719025	0.0	0.0	0.0	0.0	0.399458	0.745655	26.63053
N66_1_4	141.3829	305.09127	0.0	0.0	0.0	0.0	114.46414	0.0	0.0	354.9346	174.45214	108.2738	23.2044	401.54308	627.15715	0.0	409.1719	0.0	73.567	20.5285	0.0	0.0	0.0	11.5822	368.07465	56.35339999999999	1725.0312800000002
N66_2_2	13.07301	338.90727	0.0	0.0	0.0	0.0	25.650834	1.0399	9.70572	75.71449	4.35767	10.745619000000001	1.23797	30.553160000000002	218.972794	0.0	104.08887	0.0	10.49801	1.08942	0.0	0.0	0.0	0.0	767.791325	1.63413	110.130178
N66_1_2	31.055	294.28561	0.0	0.0	0.0	0.0	18.577065	0.0	0.0	85.8206	37.103462	35.62938	7.31903	90.34429	864.3565120000001	0.0	141.7808	0.0	70.69969999999999	5.64175	12.96078	0.0	0.0	1.93141	453.576595	9.91118	528.39274
N66_2_4	108.27729	30.506798000000003	0.0	0.0	0.0	92.93220000000001	1105.414262	28.380170999999997	88.7522	1058.90282	244.091271	0.0	9.093387	161.150819	19.03015	0.0	2631.215108	0.0	0.0	0.0	0.550003	35.8969	0.0	50.215287	181.83098	0.0	933.795268
N66_2_3	174.8918	753.4129	0.0	0.0	0.0	3.8064	872.172866	55.37037	84.1468	624.40164	77.29524	0.0	0.0	185.549272	7.257536	0.0	452.0479	39.1805	0.0	0.0	54.101699999999994	1.2688	0.0	660.94366	38.571436	0.0	2194.56617
N67_1_2	93.9145	476.9339	0.0	0.0	0.0	0.0	55.51048	0.0	0.0	191.3658	138.632045	106.8819	42.5955	259.63344	2393.31661	0.0	322.689	0.0	182.6422	18.5733	0.0	0.0	0.0	5.57986	41.102360000000004	32.2217	1338.53736
N67_1_3	18.0002	45.696196	0.0	0.0	0.0	0.0	34.317	0.0	0.0	46.81838	34.204868	23.29694	3.45639	53.4619	704.1841	0.0	63.898399999999995	0.0	19.48152	4.26438	0.0	0.0	0.0	6.17213	60.86843999999999	5.56614	278.91305
N67_2_2	4.86493	1005.580838	0.0	0.0	0.0	0.0	0.0	0.0	0.0	101.60755	3.3706959999999997	7.92288	1.18148	41.76885	480.099021	0.0	174.6854	0.0	6.70665	0.868737	84.2328	0.0	0.0	98.16737	1979.087745	10.07736	130.7971
N67_2_3	39.2579	15.30095	0.0	2.5793	3.8471	33.05006	438.0446	10.66695	60.3295	413.91243	86.29741	0.0	21.858498	194.365881	53.33478	0.0	1071.85391	0.0	0.0	0.0	0.0	11.3227	0.0	15.475819999999999	288.4886	0.0	323.54958
N67_2_4	47.6138	43.144220000000004	0.0	1.34086	1.40659	17.15517	233.90168	4.351229	45.7339	293.12305	46.102063	14.526006	42.947055999999996	227.854701	160.03587	2.28735	683.95826	0.0	3.64136	0.82818	0.0	6.92779	0.0	7.6245140000000005	434.05854999999997	0.82818	221.91284100000001
N67_1_4	154.579	99.8381607	0.0	0.0	0.0	0.0	295.0292	0.0	0.0	396.8896	292.47529	194.0791	26.1381	602.03355	749.97893	0.0	696.874	0.0	147.8564	39.3694	0.0	0.0	0.0	47.3482	761.80197	36.3532	1671.61186
N68_1_2	74.1989	781.15563	0.0	0.0	0.0	0.0	40.94724	0.0	0.0	183.3723	113.538025	90.394	35.032	213.57982	3511.12276	0.0	319.99710000000005	0.0	150.5226	15.6208	0.0	0.0	0.0	3.96263	785.92288	26.6473	1220.26145
N68_1_3	60.0321	552.713574	0.0	0.0	0.0	0.0	106.3001	0.0	0.0	194.093	101.26596599999999	76.7642	12.7164	196.68342	1936.73766	0.0	270.9737	0.0	72.894	15.1608	8.03142	0.0	0.0	40.913740000000004	1093.17694	18.71094	1073.971908
N68_2_2	3.24229	11.92019	0.0	0.0	0.0	0.0	0.0	0.0	0.0	3.81446	3.24229	3.671411	1.52578	9.25006	179.5651	0.0	20.359659999999998	0.0	0.0	0.0	0.0	0.0	0.0	0.0	63.606116	1.28738	47.7761
N68_2_3	0.0	0.0	0.0	0.0	0.0	0.0	0.0	0.0	0.0	0.0	0.0	0.0	0.0	0.0	35.332292	0.0	9.14892	0.0	0.0	0.0	0.0	0.0	0.0	0.0	0.0	0.0	1.43769
N68_2_4	60.5665	355.3755	0.0	0.0	0.0	0.0	103.9856	0.0	0.0	347.5098	99.00385	80.5455	7.91821	571.42212	1261.8796	0.0	405.507	0.0	52.2812	11.117	0.0	0.0	0.0	16.3608	1024.3331	16.88517	756.58245
N68_1_4	19.969	66.17623	0.0	0.0	0.0	0.0	0.0	0.0	0.0	43.47489	11.483511000000002	22.967019999999998	0.599602	54.10841	681.7393	0.0	71.6334	0.0	19.03548	4.47804	423.3263	0.0	0.0	0.0	1.94301	2.406	339.26036
ZJH_N1_1_2	0.0	15.03684	0.0	0.0	0.0	0.0	0.0	0.0	0.0	0.0	0.0	0.0	0.0	0.0	0.0	0.0	0.0	0.0	0.0	0.0	0.0	0.0	0.0	0.0	14.18242	0.0	0.0
ZJH_N1_1_3	0.0	0.0	0.0	0.0	0.0	0.0	0.0	0.0	0.0	0.0	0.0	0.0	0.0	0.0	0.0	0.0	0.0	0.0	0.0	0.0	0.0	0.0	0.0	0.0	0.0	0.0	0.0
ZJH_N1_1_4	0.0	0.160819	0.0	0.0	0.0	0.0	0.0	0.0	0.0	0.0	0.0	0.0	0.0	0.0	0.0	0.0	0.0	0.0	0.0	0.0	0.0	0.0	0.0	0.0	0.0	0.0	0.0
ZJH_N1_2_2	0.0	194.68132	0.0	0.0	0.0	0.308556	5.999689999999999	0.0	2.91413	29.0042	0.0	2.777	0.0	15.42781	204.88088	0.0	34.98678	0.0	0.0	0.394265	0.0	0.0	0.0	0.0	62.551069999999996	0.0	50.2602
ZJH_N1_2_3	69.8351	944.70523	0.0	15.8395	12.8365	125.1615	933.96456	43.055170000000004	68.8341	896.527689	142.72037999999998	0.0	0.0	93.105587	306.567968	0.0	883.72603	0.0	0.0	0.0	0.0	30.36	0.0	923.79	508.50109	137.89199	1342.259389
ZJH_N1_2_4	151.718	411.524905	0.0	9.74873	29.7097	326.5077	1822.81893	31.9226	140.564	1950.67368	294.21141	0.0	0.0	539.828437	51.629431000000004	0.0	1003.99933	0.0	0.0	0.0	0.0	74.0575	0.0	540.4869	347.11194	109.65827999999999	2454.332048
ZJH_N2_1_2	8.00932	86.8135	0.0	0.0	0.0	0.0	0.0	0.0	1.08625	12.701910000000002	0.0	9.03764	0.0	29.5317	6.58994	0.0	48.6932	0.0	5.9961199999999995	4.15674	80.0208	0.0	0.0	0.0	25.15767	1.216606	23.057545
ZJH_N2_1_3	0.0	44.719158	0.0	0.0	0.0	0.0	0.0	0.0	0.542397	0.0	0.0	0.0	0.0	0.513849	0.0	0.0	2.2123999999999997	0.0	0.0	0.0	3.040276	0.0	0.0	0.0	40.351449	0.0	0.0
ZJH_N2_1_4	17.7715	128.60376	0.0	0.0	0.0	0.0	0.0	0.0	0.0	29.143700000000003	7.450126000000001	21.88126	0.0	44.73836	108.22377	0.0	62.5285	0.0	156.4338	5.87378	149.0587	0.0	0.0	0.0	3.1527	26.197409999999998	350.04336
ZJH_N2_2_2	4.1001	1346.246721	0.0	0.0	0.0	0.0	0.0	0.0	6.78512	64.58563000000001	6.2045710000000005	6.222715	0.0	55.1154	1117.621	0.0	150.50617	0.0	5.71474	6.36785	91.68979999999999	0.0	0.0	639.7053	120.9891	0.0	749.50089
ZJH_N2_2_3	0.727155	0.0	0.0	0.0	0.0	0.0	0.0	0.0	0.0	3.278159	0.905963	1.335104	0.0	10.13248	360.382762	0.0	12.02785	0.0	0.63179	1.35894	0.0	0.0	0.0	0.0	10.704671	0.0	2.467562
ZJH_N2_2_4	118.193	973.41052	0.0	0.0	0.0	0.546322	0.0	1.26337	0.0	459.918457	667.5548190000001	165.87709999999998	0.0	639.7609	1027.13717	0.0	710.8331000000001	0.0	606.93	38.3791	643.9256	0.0	0.0	0.0	2274.4767	112.23505	2119.608945
ZJH_N3_1_2	1.06708	86.214553	0.0	0.0	0.0	0.0	6.12477	0.0	1.2425	10.977820000000001	0.906291	4.3998930000000005	0.0	11.44557	175.820356	0.0	22.74496	0.0	0.0	0.833203	1.666404	0.0	0.0	0.0	68.015636	0.0	124.00104
ZJH_N3_1_3	1.88875	373.443095	0.0	0.0	0.0	0.745561	13.005882	0.546745	2.8994	18.22483	1.855619	0.0	0.0	0.298224	75.48392	0.0	11.431930000000001	0.0	0.0	0.298224	0.0	0.33136	0.0	39.365638	371.90231	0.0	40.889936
ZJH_N3_2_2	3.76284	599.7768	0.0	0.0	0.0	0.0	14.92215	0.0	10.7879	96.4288	4.10198	10.238797	0.419887	102.35571	866.56708	0.0	172.29899999999998	0.0	0.0	2.01869	0.0	0.0	0.0	0.0	196.07125	0.0	150.59421
ZJH_N3_2_4	87.0978	25.216202	0.0	0.0	0.0	179.80268	1045.957135	7.07934	81.9449	1243.28555	165.42471	0.0	0.0	529.243413	10.744314	0.0	336.89486999999997	0.0	0.0	0.0	2.53729	48.7566	0.0	29.1631	93.11214700000001	0.0	1349.835787
ZJH_N4_1_2	9.23147	1650.11069	0.0	0.0	0.0	0.0	0.0	0.0	0.0	240.98397	4.01237	15.385746000000001	0.0	111.89388000000001	1594.47896	0.0	428.0865	0.0	5.24926	1.29723	176.0316	0.0	0.0	152.34953000000002	344.370028	0.0	389.079054
ZJH_N4_1_3	0.0	54.899851	0.0	0.0	0.0	0.0	0.0	0.0	0.0	9.50027	0.0	0.0	0.0	8.32324	119.34192999999999	0.0	16.35228	0.0	0.0	0.0	0.0	0.0	0.0	20.26165	9.121939999999999	0.0	21.186446
ZJH_N4_1_4	0.0	501.0495	0.0	0.0	0.0	0.0	0.0	0.0	0.0	436.829	0.0	0.0	0.0	493.85249999999996	336.85579	0.0	289.84	0.0	0.0	0.0	0.0	0.0	0.0	0.0	4891.3955	39.87579	86.6824
ZJH_N4_2_2	0.0	36.67926	0.0	0.0	0.0	0.0	0.0	0.0	0.0	18.8675	0.0	0.0	0.0	0.0	149.8615	0.0	26.7064	0.0	0.0	0.0	0.0	0.0	0.0	0.0	23.898699999999998	0.0	25.3363
ZJH_N4_2_3	72.9735	630.578443	0.0	0.0	0.0	87.92933000000001	682.90385	19.5878	39.7252	757.76227	169.734928	18.410220000000002	0.0	177.03646	862.5715	0.0	2189.793	0.0	33.16976	3.49362	50.6379	26.535800000000002	0.0	81.05985	283.41508999999996	0.9421	2780.921589
ZJH_N4_2_4	131.23	360.80055	0.0	0.0	0.0	243.0138	1915.8837	44.6338	126.412	1797.6407100000001	429.72813	0.0	0.0	252.15443199999999	4.545947	0.0	5194.832	0.0	0.0	0.0	0.0	58.126	0.0	85.30449999999999	404.492344	0.7382299999999999	6826.994385
ZJH_N5_1_2	118.104	815.59916	0.0	0.0	0.0	0.0	0.0	0.0	0.0	161.2286	150.8828	129.9782	4.69287	416.31484	5537.1212	0.0	657.357	0.0	222.59130000000002	19.7314	223.0179	0.0	0.0	0.0	217.11578	75.6191	963.03386
ZJH_N5_1_4	2.14301	3.839556	0.0	0.0	0.252994	2.976401	26.281615	0.357168	2.2323	28.0526	4.702714	0.0	0.0	3.497274	0.0	0.0	67.519692	0.0	0.0	0.0	0.0	0.7441	0.0	0.505988	5.833748	0.0	47.354566
ZJH_N5_2_2	1.00136	1144.967129	0.0	0.0	0.0	0.0	0.0	0.0	0.0	0.0	0.0	3.32158	0.0	1.51425	1281.93303	0.0	268.462	0.0	0.0	0.0	278.9394	0.0	0.0	11.772069	268.804	0.268657	79.6935
ZJH_N5_2_3	80.8512	704.212392	0.0	0.0	0.0	0.0	0.0	0.0	0.0	136.33931	92.70457999999999	88.9259	15.0625	407.4653	10789.38482	0.0	471.4939	0.0	111.44210000000001	13.3027	109.00919999999999	0.0	0.0	50.467330000000004	275.88767	21.11861	1284.974313
ZJH_N5_2_4	35.0207	1744.261886	0.0	0.0	0.0	0.0	0.0	0.0	0.0	594.8741299999999	10.67986	75.06296	0.405198	837.1393400000001	1546.14822	0.0	594.383	0.0	53.31252	4.42824	3.29946	0.0	0.0	18.291803	7462.58954	101.06796	457.728529
ZJH_N6_1_2	2.41407	15.48332	0.0	0.0	0.0	0.0	0.0	0.0	1.58163	7.158950000000001	0.0	3.53786	0.0	8.32437	353.03582	0.0	17.89739	0.0	5.3276	0.0	0.0	0.0	0.0	0.0	4.70327	0.0	20.894199999999998
ZJH_N6_1_3	0.0	0.0	0.0	0.0	0.0	0.0	0.0	0.0	0.0	0.0	0.0	0.0	0.0	0.0	0.0	0.0	0.0	0.0	0.0	0.0	0.0	0.0	0.0	0.0	0.0	0.0	0.0
ZJH_N6_1_4	0.0	0.0	0.0	0.0	0.0	0.0	0.0	0.0	0.0	0.0	0.0	0.0	0.0	0.0	0.0	0.0	0.0	0.0	0.0	0.0	0.0	0.0	0.0	0.0	0.0	0.0	0.0
ZJH_N6_2_2	2.10899	331.1858	0.0	0.0	0.0	0.0	0.0	0.0	0.0	52.37744	0.0	1.86088	0.0	22.13204	2465.683208	0.0	87.8581	0.0	4.31724	0.0	0.0	0.0	0.0	0.0	60.664500000000004	0.0	41.509949999999996
ZJH_N6_2_3	0.0	0.0	0.0	0.0	0.0	0.0	0.0	0.0	0.0	0.0	0.0	0.0	0.0	0.0	0.0	0.0	0.0	0.0	0.0	0.0	0.0	0.0	0.0	0.0	0.0	0.0	0.0
ZJH_N6_2_4	55.1119	1799.28429	0.0	0.0	0.0	0.0	47.9311	0.0	0.0	524.7697000000001	23.257451000000003	93.54849999999999	0.0	749.28573	1024.48711	0.0	580.64	0.0	634.3346	13.8627	0.0	0.0	0.0	1.49598	5906.42391	87.04609	889.0905600000001
ZJH_N7_1_2	11.7552	808.6709500000001	0.0	0.0	0.0	0.0	0.0	0.0	0.0	109.72377	12.448194	11.67821	1.66832	80.4641	3185.9964	0.0	194.423	0.0	11.72954	2.20731	0.0	0.0	0.0	0.0	117.500656	2.54097	194.140533
ZJH_N7_1_3	0.0	0.0	0.0	0.0	0.0	0.0	0.0	0.0	0.0	0.0	0.0	0.0	0.0	0.0	0.0	0.0	0.0	0.0	0.0	0.0	0.0	0.0	0.0	0.0	0.0	0.0	0.0
ZJH_N7_1_4	0.0	0.0	0.0	0.0	0.0	0.0	0.0	0.0	0.0	0.0	0.0	0.0	0.0	0.0	0.0	0.0	0.0	0.0	0.0	0.0	0.0	0.0	0.0	0.0	0.0	0.0	0.0
ZJH_N7_2_3	133.599	12.7141	0.0	0.0	26.8408	268.13890000000004	1442.9463	0.0	77.1589	1674.825	265.6162	0.0	0.0	118.0591	0.0	0.0	4544.6386	0.0	0.0	0.0	0.0	69.6582	0.0	35.9223	124.71891	0.0	1780.607161
ZJH_N7_2_4	128.118	15.9648	0.0	0.0	25.8375	279.7475	1694.4923	0.0	119.9	1778.4523	288.9639	0.0	0.0	124.9647	0.0	0.0	4816.7848	0.0	0.0	0.0	0.0	68.19630000000001	0.0	37.6364	157.5645	0.0	1824.507445
ZJH_N8_1_2	2.34901	860.695858	0.0	0.0	0.0	0.0	0.0	0.0	0.0	114.406329	0.695431	4.342574	0.0	39.11411	1459.6936	0.0	188.5695	0.0	3.1989900000000002	0.247264	0.0	0.0	0.0	0.0	136.86079999999998	0.0	83.498044
ZJH_N8_1_3	8.54439	18.04831	0.0	0.0	0.0	0.456919	18.322466	1.32507	1.82768	21.520889999999998	5.711489	10.509139999999999	0.0	35.77677	25.541860000000003	0.0	105.228497	0.0	14.392959999999999	1.64491	0.0	0.0	0.0	0.0	0.959531	1.599218	100.019603
ZJH_N8_1_4	0.0	0.0	0.0	0.0	0.0	0.0	0.0	0.0	0.0	0.0	0.0	0.0	0.0	0.0	0.0	0.0	0.0	0.0	0.0	0.0	0.0	0.0	0.0	0.0	0.0	0.0	0.0
ZJH_N8_2_2	1.65057	1316.0582	0.0	0.0	0.0	0.0	0.0	0.0	0.0	169.67324000000002	0.0	3.33171	0.0	2.81209	1348.39592	0.0	249.084	0.0	0.0	0.0	0.0	0.0	0.0	0.0	256.389	0.0	121.287
ZJH_N8_2_3	0.0	97.27328	0.0	0.0	0.0	0.0	0.0	0.0	0.0	0.0	0.0	0.0	0.0	24.0272	638.36288	0.0	37.8932	0.0	0.0	0.0	0.0	0.0	0.0	0.0	19.899169999999998	0.0	3.3871
ZJH_N8_2_4	119.335	48.831343	0.0	0.0	0.0	0.0	0.0	0.0	0.0	222.0636	218.4974	154.1019	4.04185	471.597461	152.876704	0.0	505.1206	0.0	144.1348	37.4374	0.0	0.0	0.0	0.0	101.119282	22.550224	1970.33686
ZJH_N9_1_2	0.0	0.0	0.0	0.0	0.0	0.0	0.0	0.0	0.0	0.0	0.0	0.0	0.0	0.0	24.70473	0.0	0.0	0.0	0.0	0.0	0.0	0.0	0.0	0.0	0.0	0.0	0.0
ZJH_N9_1_3	0.0	0.0	0.0	0.0	0.0	0.0	0.0	0.0	0.0	0.0	0.0	0.0	0.0	0.0	24.9226414	0.0	0.0	0.0	0.0	0.0	0.0	0.0	0.0	0.0	0.0	0.0	0.0
ZJH_N9_2_2	41.1765	72.50127499999999	0.0	0.0	0.0	0.0	0.0	0.0	4.39981	68.34049999999999	83.59638	49.306599999999996	2.96509	143.4243	6987.9531799999995	0.0	167.8145	0.0	109.6606	10.0909	3.29985	0.0	0.0	0.0	3.92157	4.44764	665.7583
ZJH_N9_2_4	143.708	85.3833	0.0	0.0	25.5924	309.40141	1746.12847	12.06339	124.035	1920.80262	295.8725	6.144432999999999	0.0	235.912559	62.496645	0.0	5103.6036	0.0	0.0	0.0	5.11097	67.1754	0.0	38.1444	777.78775	9.94008	1853.9848
ZJH_N10_1_2	0.0	3.6463050000000004	0.0	0.0	0.0	0.0	0.0	0.0	0.0	0.0	0.0	0.0	0.0	0.0	0.0	0.0	0.0	0.0	0.0	0.0	0.0	0.0	0.0	0.0	0.0	0.0	0.0
ZJH_N10_1_4	0.0	0.0	0.0	0.0	0.0	0.0	0.0	0.0	0.0	0.0	0.0	0.0	0.0	0.0	0.0	0.0	0.0	0.0	0.0	0.0	0.0	0.0	0.0	0.0	0.0	0.0	0.0
ZJH_N10_2_2	13.736	218.98178	0.0	0.0	0.0	0.0	4.11583	0.0	9.81848	97.24265	103.88724	18.19893	0.0	123.0781	11927.22681	0.0	194.7332	0.0	47.8527	3.96706	47.40642	0.0	0.0	86.58115	6.79359	2.33065	392.540972
ZJH_N10_2_3	100.840872	903.54	0.0	0.0	0.0	95.8858	1443.7334	42.7415	95.6829	1426.7237	406.26113999999995	0.0	0.0	187.56975	1.18807	0.0	4355.0503	0.0	0.0	0.0	1646.19814	50.1596	77.3115	515.5921999999999	629.0381	137.8736	1833.159657
ZJH_N10_2_4	124.851	409.63463	0.0	0.0	0.0	188.281	1516.8187	45.3071	105.426	1571.4768	413.41721	0.0	0.0	192.54838	0.0	0.0	4428.9765	0.0	0.0	0.0	680.3691	49.3944	32.25535	277.5377	364.7155	69.62337	1667.13665
ZJH_N11_1_2	2.09022	0.0	0.0	0.0	0.0	0.0	0.0	0.0	0.0	2.65101	1.04511	2.57454	0.0	9.45697	25.77084	0.0	11.06287	0.0	5.6588899999999995	0.5353	0.0	0.0	0.0	0.0	0.280395	0.305886	20.90216
ZJH_N11_1_3	0.0	0.0	0.0	0.0	0.0	0.0	0.0	0.0	0.0	0.0	0.0	0.0	0.0	0.0	0.0	0.0	0.0	0.0	0.0	0.0	0.0	0.0	0.0	0.0	0.0	0.0	0.0
ZJH_N11_1_4	1.36604	2.224693	0.0	0.0	0.0	1.541675	18.929405	0.0	1.20992	16.763256	4.585993	0.0	0.253693	1.151377	0.0	0.0	50.309298	0.0	0.0	0.0	0.0	0.741564	0.0	0.0	1.814886	0.0	33.194773
ZJH_N11_2_2	26.0804	53.280487	0.0	0.0	0.0	0.0	6.34513	0.0	0.0	70.12302	10.4975	35.50472	0.0	116.63852	1858.84571	0.0	140.1995	0.0	56.07979999999999	5.22541	0.0	0.0	0.0	0.0	13.85665	5.55199	356.16707
ZJH_N11_2_3	4.78266	0.0	0.0	0.0	0.0	0.0	0.0	0.0	0.0	7.69709	0.0	6.42669	0.0	25.8562	323.50199999999995	0.0	26.8277	0.0	9.2664	1.56931	0.0	0.0	0.0	0.0	0.672561	0.0	20.849400000000003
ZJH_N11_2_4	224.289	609.8995699999999	0.0	0.0	0.0	0.0	0.0	0.0	0.0	531.806	149.07624	358.57	0.240118	684.7426	13243.575708	0.0	773.235	0.0	829.94	72.8666	0.0	0.0	0.0	0.0	41.6697	27.2626	4809.5258
ZJH_N12_1_2	19.6323	4231.09725	0.0	0.0	0.0	0.0	0.0	0.0	0.0	244.98703999999998	19.851978	23.23377	0.0	122.9761	923.2449	0.0	437.57649999999995	0.0	53.84612	2.63521	312.40500000000003	0.0	0.0	2098.5065	17.21672	12.64902	2559.450264
ZJH_N12_1_3	11.923	17.95756	0.0	0.0	1.2653	9.48976	111.1034	4.0879	8.80845	124.58361	32.41119	0.0	13.237	16.254273	0.0	0.0	332.62894	0.0	0.0	0.0	0.0	3.0172600000000003	0.0	5.888529999999999	11.63106	0.0	1959.46695
ZJH_N12_1_4	142.925	244.5755	0.0	0.0	18.5163	146.17669999999998	1931.0311000000002	46.4803	139.937	1722.625	417.82669999999996	0.0	131.189	234.50092999999998	0.0	0.0	4871.1158000000005	0.0	0.0	0.0	0.0	56.2779	0.0	93.13550000000001	160.1882	0.0	26165.154866
ZJH_N12_2_2	1.93247	3.3165359999999997	0.0	0.0	0.0	1.253495	27.94248	0.52229	3.05539	22.954610000000002	2.977052	0.0	0.443946	1.880242	304.076975	0.0	30.919529999999998	0.0	0.0	0.0	2.611448	0.0	0.0	0.678976	1.4363	0.0	189.329939
ZJH_N12_2_4	134.817	187.11265500000002	0.0	0.0	26.6618	289.277409	1950.564302	42.46698	120.725	1907.78232	404.5606	0.0	14.5578	273.54075	53.227729	0.0	5381.181	0.0	0.0	0.0	3.3584319999999996	69.9376	0.0	78.31309999999999	164.8924	0.0	6122.229035
ZJH_N13_1_2	14.1243	0.0	0.0	0.0	0.0	0.0	0.0	0.0	0.0	34.75908	7.22767	20.52437	0.0	79.66995	991.6255	0.0	66.0421	0.0	53.29730000000001	5.738	0.0	0.0	0.0	0.0	3.03452	2.81383	229.13411
ZJH_N13_1_3	0.0	0.0	0.0	0.0	0.0	0.0	0.0	0.0	0.0	0.0	0.0	0.0	0.0	0.0	0.0	0.0	0.0	0.0	0.0	0.0	0.0	0.0	0.0	0.0	0.0	0.0	0.0
ZJH_N13_1_4	0.0	0.0	0.0	0.0	0.0	0.0	0.0	0.0	0.384873	0.0	0.0	0.0	0.0	0.0	0.0	0.0	0.0	0.0	0.0	0.0	0.0	0.0	0.0	0.0	0.0	0.0	0.0
ZJH_N13_2_2	9.16232	110.219435	0.0	0.0	0.0	7.2607	125.0374	3.72914	11.6566	116.07249	24.54811	0.0	0.0	21.189403	324.65737	0.0	339.37652	0.0	0.0	0.0	159.3403	3.40808	8.643699999999999	71.841513	61.888861000000006	10.989835	311.74105000000003
ZJH_N13_2_3	0.0	0.275966	0.0	0.0	0.0	0.0	0.0	0.0	0.806669	0.0	0.0	0.0	0.0	0.0	12.630746	0.0	0.0	0.0	0.0	0.0	0.0	0.0	0.0	0.0	0.0	0.0	0.997723
ZJH_N13_2_4	40.0159	606.82637	0.0	0.0	0.0	64.01583	548.53896	16.3859	41.3645	577.408201	134.48823	0.560915	0.0	78.253563	5.70462	0.0	1604.28709	0.0	0.0	0.0	942.3969	19.87066	50.828500000000005	315.6284	378.426519	103.90048	939.782708
ZJH_N14_1_2	0.0	25.266614999999998	0.0	0.0	0.0	0.0	0.0	0.0	0.0	0.0	0.0	0.0	0.0	3.5159200000000004	150.83530000000002	0.0	9.5869	0.0	0.0	0.0	18.12557	0.0	0.0	0.0	0.0	0.0	3.93084
ZJH_N14_1_3	0.0	0.0	0.0	0.0	0.0	0.0	0.0	0.0	0.0	0.0	0.0	0.0	0.0	0.0	0.0	0.0	0.0	0.0	0.0	0.0	0.0	0.0	0.0	0.0	0.0	0.0	0.0
ZJH_N14_1_4	46.448499999999996	427.546797	0.0	0.0	0.0	2.1221769999999998	14.057424999999999	0.0	4.739	95.481934	16.770001	44.6934	0.0	109.52342599999999	245.183411	0.0	203.01089	0.0	280.8612	12.9405	10.610873000000002	0.382949	0.0	26.87026	16.881664999999998	0.351036	968.015114
ZJH_N14_2_2	96.2024	777.25632	0.0	0.0	10.2926	68.97688	852.1676	29.8817	66.1132	948.6602	208.59065	14.8163	18.8421	201.41087	1608.5476	0.0	2813.5677	0.0	39.92517	2.57314	101.47319999999999	27.7651	0.0	244.94677000000001	87.61142000000001	1.9506100000000002	3980.32249
ZJH_N14_2_3	6.05637	785.244785	0.0	0.0	0.0	9.004439999999999	94.33829	2.56354	19.579	204.95493	17.111645000000003	0.0	1.6663	12.43318	1043.5545299999999	0.0	469.25583	0.0	0.0	0.0	25.28292	2.85194	0.0	2192.53337	120.486408	1266.7095	564.9405800000001
ZJH_N14_2_4	124.39	213.089703	0.0	0.0	22.1117	146.3602	1878.7102	52.8663	113.555	1762.20519	414.8711	0.0	28.1207	274.961555	6.024743	0.0	5036.3812	0.0	0.0	0.0	0.0	62.2346	0.0	79.3783	211.070481	0.977839	7046.99048
ZJH_N15_1_2	0.0	0.0	0.0	0.0	0.0	0.0	0.0	0.0	1.26387	2.79582	0.0	0.0	0.0	0.0	185.78896	0.0	0.0	0.0	0.0	0.0	0.0	0.0	0.0	0.0	0.0	0.0	25.507127
ZJH_N15_1_4	76.2436	187.94721	0.0	0.0	0.0	0.0	0.0	0.0	0.0	284.20230000000004	100.0129	112.7773	0.0	457.50638	511.099022	0.0	520.091	0.0	155.43970000000002	13.7039	0.0	0.0	0.0	0.0	1869.19882	41.15639	484.83987
ZJH_N16_1_2	0.0	20.98352	0.0	0.0	0.0	0.0	25.159799999999997	0.0	0.0	35.6007	0.0	0.0	0.0	0.0	330.1341	0.0	0.0	0.0	0.0	0.0	24.85427	0.0	0.0	0.0	0.0	0.0	390.0796
ZJH_N16_1_3	0.0	0.0	0.0	0.0	0.0	0.0	22.3444	0.0	0.0	31.8896	0.0	0.0	0.0	0.0	300.45641	0.0	0.0	0.0	0.0	0.0	4.121783000000001	0.0	0.0	0.0	0.0	0.0	331.1883
ZJH_N16_2_2	51.152699999999996	158.427772	0.0	0.0	0.0	6.927461	37.096991	0.0	9.53779	109.68455999999999	59.535901	56.72474	4.06611	184.58174	1729.25029	0.0	299.98853299999996	0.0	63.8027	8.88521	44.677	1.40557	4.2669049999999995	100.29745	47.53834	8.584013	818.292338
ZJH_N16_2_3	11.3378	202.21563	0.0	0.0	1.34464	19.71122	113.774931	0.641761	10.0848	138.71206	20.139069999999997	0.0	0.0	10.57376	232.25651100000002	0.0	302.39155	0.0	0.0	0.0	184.88824	4.24784	14.974400000000001	301.56644	100.236921	13.690893	258.660085
ZJH_N16_2_4	153.69	1929.72	0.0	0.0	30.0035	374.6205	2003.175771	14.1073	135.173	2167.6444	383.07867999999996	0.0	0.0	206.82359	144.870642	0.0	5937.5929	0.0	0.0	0.0	995.6096160000001	79.5282	99.94380000000001	3008.6554	936.71569	224.50869	5456.01433
ZJH_N17_1_2	2.8959	2801.965767	0.0	0.0	0.0	0.0	0.0	0.0	0.0	207.69559	1.488394	6.665414999999999	0.0	4.43282	740.0553199999999	0.0	314.067	0.0	2.7503	0.307386	0.0	0.0	0.0	1891.6021	0.210316	0.35592	2547.6450800000002
ZJH_N17_1_3	0.0	0.0	0.0	0.0	0.0	0.0	0.0	0.0	0.0	0.0	0.0	0.0	0.0	0.0	0.0	0.0	0.0	0.0	0.0	0.0	0.0	0.0	0.0	0.0	0.0	0.0	0.0
ZJH_N17_1_4	0.0	395.43039999999996	0.0	0.0	0.0	0.0	0.0	0.0	0.0	394.99799999999993	0.0	0.0	0.0	455.82324	331.91776	0.0	246.945	0.0	0.0	0.0	0.0	0.0	0.0	0.0	2634.7841	0.0	86.1343
ZJH_N17_2_2	12.7647	107.512483	0.0	0.0	0.0	0.493662	8.78013	0.0	3.9493	24.43625	3.2793219999999996	13.328909999999999	1.26942	57.65265	2126.2364079999998	0.0	72.920908	0.0	19.9933	1.55151	14.704080000000001	0.0	0.0	29.05558	8.5333	1.23415	119.325016
ZJH_N17_2_3	1.84495	4.584432	0.0	0.0	0.0	2.124493	28.512922	0.652256	2.55312	31.60645	3.9321740000000003	0.0	0.0	17.200924999999998	150.279876	0.0	67.312975	0.0	0.0	0.0	4.528521	0.782708	0.0	0.0	2.366761	0.0	75.382176
ZJH_N17_2_4	138.948	19.8007	0.0	0.0	0.0	211.9372	2041.1429	38.9427	128.425	1909.426	440.8974	0.0	0.0	231.58033	0.0	0.0	4692.223	0.0	0.0	0.0	0.0	68.1498	0.0	49.1365	165.9072	0.0	732.71
ZJH_N18_1_2	11.73214	14.989732	0.0	0.0	0.0	1.139039	19.226966	0.0	2.52867	38.431129999999996	15.149208	10.45637	0.410054	45.037604	295.330225	0.0	114.38229	0.0	9.24899	1.50353	0.0	0.364492	0.0	0.5923	2.824817	1.7769	157.02785799999998
ZJH_N18_1_3	1.87841	36.893841	0.0	0.0	0.0	2.239639	16.688929	0.0	3.05843	26.12909	2.408213	0.0	0.0	3.49191	39.422465	0.0	63.1193	0.0	0.0	0.0	5.99646	0.0	0.0	0.577971	7.85077	0.0	17.652207
ZJH_N18_1_4	216.0587	82.930393	0.0	0.0	24.106	299.5749	1989.6952609999998	1.83928	149.307	1945.2285	329.768448	0.0	0.0	144.668444	0.0	4.76911	4801.661147	0.976609	0.0	0.0	0.9928859999999999	64.0493	0.0	42.8894	169.83190000000002	0.0	1883.049329
ZJH_N18_2_2	7.74708	81.77912500000001	0.0	0.0	1.14625	10.751045999999999	61.660372	0.0	5.45458	78.61704	15.573209	4.347853000000001	0.316207	31.06739	116.72008	0.0	180.910148	0.0	0.0	1.14625	8.65617	2.33203	0.0	21.541619999999998	27.470554	0.830044	103.241722
ZJH_N18_2_3	90.18002	1297.8915439999998	0.0	0.0	0.0	139.424	1363.5248000000001	34.6924	97.2292	1464.25426	242.64499999999998	8.96261	0.0	253.546294	451.680486	0.0	3656.8464	0.0	0.0	0.30211	93.5031	38.796	0.0	1483.0855999999999	843.89506	394.3551	2829.340582
ZJH_N18_2_4	49.1308	561.032232	0.0	0.0	0.0	105.88629	690.04835	16.31842	52.688	896.52565	147.233011	25.937269999999998	0.0	296.778764	757.52384	0.0	1926.9012	0.0	5.0407	0.0	79.23137700000001	23.7997	0.0	829.3688	387.39962	213.750946	2490.852631
ZJH_N19_1_2	244.762	326.7765	0.0	0.0	0.0	0.0	0.0	0.0	0.0	401.813	287.3702	265.93170000000003	22.0121	885.2359	18654.59	0.0	928.248	0.0	369.52	43.923	0.0	0.0	0.0	0.0	22.1132	55.1144	3264.9981000000002
ZJH_N19_1_3	0.0	0.0	0.0	0.0	0.0	0.0	0.0	0.0	0.0	0.0	0.0	0.0	0.0	0.0	0.0	0.0	0.0	0.0	0.0	0.0	0.0	0.0	0.0	0.0	0.0	0.0	0.0
ZJH_N19_1_4	0.0	0.0	0.0	0.0	0.0	0.0	0.0	0.0	0.0	0.0	0.0	0.0	0.0	0.0	0.0	0.0	0.0	0.0	0.0	0.0	0.0	0.0	0.0	0.0	0.0	0.0	0.0
ZJH_N19_2_2	3.29139	144.16279	0.0	0.0	0.0	0.0	0.0	0.0	0.0	12.06843	0.0	3.8619	0.0	18.91456	120.90371999999999	0.0	27.60381	0.0	6.31948	0.0	10.53246	0.0	0.0	68.37307	0.0	0.0	131.61168
ZJH_N19_2_4	0.0	0.0	0.0	0.0	0.0	0.0	0.0	0.0	0.0	0.0	0.0	0.0	0.0	0.0	0.0	0.0	0.0	0.0	0.0	0.0	0.0	0.0	0.0	0.0	0.0	0.0	0.0
ZJH_N20_1_3	0.0	0.0	0.0	0.0	0.0	0.0	0.0	0.0	0.0	0.0	0.0	0.0	0.0	0.0	0.0	0.0	0.0	0.0	0.0	0.0	0.0	0.0	0.0	0.0	0.0	0.0	0.0
ZJH_N20_1_4	0.0	0.0	0.0	0.0	0.0	0.0	0.0	0.0	0.0	0.0	0.0	0.0	0.0	0.0	0.0	0.0	0.0	0.0	0.0	0.0	0.0	0.0	0.0	0.0	0.0	0.0	0.0
ZJH_N20_2_2	17.8781	128.145417	0.0	0.0	0.0	0.0	6.44662	0.0	0.0	41.37836	16.191527999999998	25.1868	7.90836	86.13	417.86857	0.0	116.9763	0.0	18.96507	2.21134	4.79748	0.0	0.0	0.0	8.88285	2.99843	381.137961
ZJH_N20_2_3	0.0	14.788400000000001	0.0	0.0	0.0	0.0	0.0	0.0	0.0	0.0	2.551356	0.0	0.0	0.0	37.51436	0.0	3.63804	0.0	0.0	0.0	0.0	0.0	0.0	0.0	5.480689999999999	0.0	0.0
ZJH_N20_2_4	70.6622	297.550301	0.0	0.0	0.0	120.9313	196.20676	116.1534	92.3369	326.2185	82.15853100000001	29.308336	1.59265	126.38656	557.49934	0.0	361.6957	0.0	48.108900000000006	5.58342	67.879751	0.0	0.0	0.0	91.18361	3.29513	2059.3097
ZJH_N21_1_2	50.7151	290.353687	0.0	0.0	0.0	1.88039	22.288140000000002	0.0	0.0	104.02967	53.31446	62.0527	0.0	205.79219	5048.83739	0.0	281.0069	0.0	131.1292	9.56785	0.0	0.0	0.0	129.41485	30.362738	37.93957	638.83377
ZJH_N21_1_4	3.70649	0.0	0.0	0.0	0.0	0.0	9.62658	0.0	0.686387	10.347290000000001	6.41772	4.118327	0.0	13.075668	10.089894	0.0	11.170950000000001	0.0	6.7608999999999995	1.75029	0.0	0.0	0.0	1.42425	14.208226000000002	0.446152	8.11652
ZJH_N21_2_2	46.37026	0.937329	0.0	0.0	0.0	0.0	27.89933	0.0	7.93973	101.28664	67.43245999999999	56.07432	0.0	175.77695	1498.51315	0.0	214.31745	0.0	230.1426	7.66404	0.0	0.0	0.0	0.0	8.65651	59.82365	272.983648
ZJH_N21_2_4	126.10351	483.203784	0.0	0.0	0.0	107.79133999999999	1339.2630100000001	0.0	114.308	1607.12845	188.5226	8.24454	0.0	120.185444	71.262227	45.7803	3807.3073	0.0	5.56439	2.12236	6.162990000000001	39.0596	0.0	19.971899999999998	206.24963	1.06118	1222.246639
ZJH_N22_1_3	134.12748	885.905839	0.0	0.0	0.0	4.38542	549.74159	5.33431	139.974	1760.65464	150.64294999999998	14.48982	0.0	98.043524	14.541122	63.6527	3191.6612	0.0	8.89907	2.23118	2.64151	24.6712	0.0	4.15461	309.54355499999997	2.10295	748.88036
ZJH_N22_1_4	95.94530499999999	668.550735	0.0	0.0	0.0	1.101905	771.240422	2.1108759999999998	115.103	1323.587139	113.29699300000001	1.513461	0.0	0.9027649999999999	1.646216	61.003	2551.6914	0.0	0.916041	0.0	0.716902	21.5469	0.0	0.0	175.760284	0.159311	604.467647
ZJH_N22_2_2	16.88079	3849.787526	0.0	0.0	0.0	0.0	5.39111	0.0	0.0	210.30173	28.614335999999998	18.10051	0.926978	110.042024	4665.26	0.0	353.8374	0.0	23.12566	1.29289	268.62823	0.0	0.0	1504.6801	7.56219	3.04927	2262.850074
ZJH_N22_2_3	9.90092	2804.608882	0.0	0.0	0.0	0.0	8.63783	0.0	0.0	237.8666	9.900924	20.657420000000002	0.407445	231.14364	851.72311	0.0	378.4347	0.0	5.66349	1.14085	182.4948	0.0	0.0	1148.9954500000001	1056.260854	12.67153	1692.609598
ZJH_N22_2_4	0.0	106.40166	0.0	0.0	0.0	0.0	0.0	0.0	0.0	40.486000000000004	0.0	0.0	0.0	51.32784	49.00458	0.0	23.917	0.0	0.0	0.0	0.0	0.0	0.0	0.0	600.37384	7.22192	11.2561
ZJH_N23_1_2	33.7834	44.89098	0.0	0.0	0.0	0.0	0.0	0.0	0.0	63.778980000000004	11.1587	38.236650000000004	0.0	152.4347	1198.69492	0.0	176.39	0.0	68.0786	4.2997	0.0	0.0	0.0	0.0	8.90652	2.14985	350.1189
ZJH_N23_1_3	0.0	0.0	0.0	0.0	0.0	0.0	0.0	0.0	0.0	0.0	0.0	0.0	0.0	0.0	1.195544	0.0	0.0	0.0	0.0	0.0	0.0	0.0	0.0	0.0	0.0	0.0	0.0
ZJH_N23_1_4	1.52008	7.667445	0.0	0.0	0.0	0.0	6.08031	0.0	2.21305	6.97447	0.0	0.0	0.0	5.432042	5.45441	0.0	8.4722	0.0	0.0	0.0	0.0	0.0	0.0	0.0	64.603269	0.0	7.354494
ZJH_N23_2_2	7.83939	1165.9613000000002	0.0	0.0	0.0	0.0	12.13841	1.6016	20.4836	182.41304	0.0	9.60957	0.0	90.36370000000001	1862.23482	0.0	347.124705	0.0	9.60958	0.0	0.0	1.01153	0.0	0.0	283.736	0.0	141.9519
ZJH_N23_2_3	188.034	74.71479	0.0	0.0	0.0	136.442372	2270.821478	66.617672	169.425	2156.29317	487.566142	0.0	0.0	321.605961	0.0	0.0	6145.791	0.0	0.0	0.0	0.435539	68.538	0.0	130.36472	194.5867	0.0	2001.162609
ZJH_N23_2_4	77.6081	362.5838	0.0	0.0	0.0	187.29713999999998	215.55306900000002	310.896717	125.793	572.5811	84.61223799999999	0.0	0.0	83.768394	7.285431999999999	0.0	598.136467	0.0	0.0	0.0	77.3128	1.012646	0.0	1.75807	0.337549	0.0	2712.543051
ZJH_N24_1_2	9.94538	8.05362	0.0	0.0	0.0	0.0	0.0	0.0	0.0	14.94506	30.21452	9.08057	0.0	47.2676	15390.102076	0.0	36.5115	0.0	35.24125	1.4864	0.0	0.0	0.0	0.0	0.648612	1.378301	115.15562
ZJH_N24_1_3	0.0	0.0	0.0	0.0	0.0	0.0	0.0	0.0	0.0	0.0	0.0	0.0	0.0	0.0	0.0	0.0	0.0	0.0	0.0	0.0	0.0	0.0	0.0	0.0	0.0	0.0	0.0
ZJH_N24_1_4	30.5951	29.57124	0.0	0.0	0.0	0.0	0.0	0.0	0.0	69.9019	10.6207	43.92303999999999	0.0	89.25166999999999	273.7943	0.0	119.9336	0.0	70.9952	8.17374	0.0	0.0	0.0	0.0	4.19967	2.84606	392.33925
ZJH_N24_2_2	10.447289999999999	5.82564	0.0	0.0	0.0	2.912813	56.236658	1.5535	4.15561	70.10172	16.972001	8.505418	0.388375	26.52598	401.5412	0.0	188.789155	0.0	2.7963	0.699075	0.0	0.0	0.0	1.12629	5.67028	1.47583	459.71964
ZJH_N24_2_3	42.19833	8.84057	0.0	0.0	0.0	30.3252	438.68784	11.5647	23.6948	453.90163	141.29497	4.266086	0.0	57.772126	103.15713	0.0	1248.88593	0.0	0.0	0.0	0.0	9.76575	0.0	15.6766	34.23149	0.668183	2943.39716
ZJH_N24_2_4	103.894	92.19441	0.0	0.0	0.0	116.46610000000001	1467.1467	37.7159	101.695	2292.8593	328.82435	0.0	0.0	160.09822	0.0	5.5749	3812.1874000000003	0.0	0.0	0.0	0.0	48.7709	0.0	63.80799999999999	130.2896	0.0	22214.007011
ZJH_N25_1_2	3.24871	967.92041	0.0	0.0	0.0	0.0	0.0	0.0	0.0	72.05464	1.0829	3.91511	0.0	38.20701	419.41621	0.0	140.7775	0.0	9.46846	0.0	3.5819099999999997	0.0	0.0	600.1225	15.577134	0.0	897.80894
ZJH_N25_1_3	0.0	0.0	0.0	0.0	0.0	0.0	0.0	0.0	0.0	0.0	0.0	0.0	0.0	0.0	0.0	0.0	0.0	0.0	0.0	0.0	0.0	0.0	0.0	0.0	0.0	0.0	0.0
ZJH_N25_1_4	0.0	2.43122	0.0	0.0	0.0	0.0	2.6827300000000003	0.0	0.0	3.26957	0.0	0.0	0.0	2.76656	43.887782	0.0	1.97013	0.0	0.0	0.0	2.033003	0.0	0.0	0.0	0.0	0.0	42.08528
ZJH_N25_2_2	16.7396	2749.67431	0.0	0.0	0.0	0.0	0.0	0.0	0.0	206.68597	12.54035	19.41452	0.0	135.6142	10304.864056	0.0	361.82930000000005	0.0	45.96216	2.50232	17.94765	0.0	0.0	1615.6926	31.552192	2.50232	2301.90324
ZJH_N25_2_4	0.77051	637.91282	0.0	0.0	0.0	0.0	6.356712	0.612906	0.0	212.67843	0.8055329999999999	0.0	0.0	397.232754	824.481408	0.0	108.99223099999999	0.630418	0.0	0.0	93.02165	0.0	0.0	10.06917	1136.030245	0.0	14.91989
ZJH_N26_1_2	0.0	25.554376	0.0	0.0	0.0	0.0	0.0	0.0	0.0	0.0	0.0	0.0	0.0	1.64626	54.9251	0.0	4.63945	0.0	0.0	0.0	0.0	0.0	0.0	0.0	0.0	0.0	4.0034
ZJH_N26_1_4	0.0	0.0	0.0	0.0	0.0	0.0	0.0	0.0	0.0	0.0	0.0	0.0	0.0	0.0	0.0	0.0	0.0	0.0	0.0	0.0	0.0	0.0	0.0	0.0	0.0	0.0	0.0
ZJH_N26_2_2	0.0	275.827915	0.0	0.0	0.0	0.0	1.976618	0.0	0.0	46.27082	0.0	2.3959	0.0	2.15631	596.3396	0.0	58.3701	0.0	0.0	0.0	0.0	0.0	0.0	0.0	56.273778	0.0	41.92828
ZJH_N26_2_4	0.0	20.775374	0.0	0.0	0.0	7.16088	7.10783	12.129290000000001	5.3574	19.82061	2.89971	0.0	0.0	11.174509	15.700887	0.0	15.94846	0.0	0.0	0.0	2.82899	0.0	0.0	0.0	12.341465	0.0	52.742944
ZJH_N27_1_4	0.0	0.0	0.0	0.0	0.0	0.0	0.0	0.0	0.0	0.0	0.0	0.0	0.0	0.0	0.0	0.0	0.0	0.0	0.0	0.0	0.0	0.0	0.0	0.0	0.0	0.0	0.0
ZJH_N27_2_2	10.64215	418.650614	0.0	0.0	0.0	0.0	34.213211	0.0	10.0265	54.39817	6.9921489999999995	9.36685	0.0	63.89684	6089.5522	0.0	111.34674	0.0	22.11984	1.01144	4.397585	0.703614	0.0	14.204239999999999	64.16077	1.01144	229.993639
ZJH_N27_2_3	23.3231	189.39415	0.0	7.38513	5.0181	49.70753	314.5306	18.21033	21.8713	280.09804099999997	41.91219	0.0	0.0	41.754363	233.64098	0.0	273.94402	0.0	0.0	0.0	0.0	12.561029999999999	0.0	151.64736	181.15672	0.0	677.790452
ZJH_N27_2_4	52.9547	410.006895	0.0	14.5313	11.4796	106.49433	645.14786	41.36445	46.5824	659.411276	110.03634	0.0	0.0	115.03284199999999	379.47399	0.0	515.11012	0.0	0.0	0.0	12.06461	28.6515	0.0	324.79609999999997	467.68977	0.0	1695.40299
ZJH_N28_1_2	0.0	0.0	0.0	0.0	0.0	0.0	0.0	0.0	0.0	0.0	0.0	0.0	0.0	0.0	53.684850000000004	0.0	0.0	0.0	0.0	0.0	0.0	0.0	0.0	0.0	0.0	0.0	0.0
ZJH_N28_1_4	0.0	0.0	0.0	0.0	0.0	0.0	0.0	0.0	0.0	0.0	0.0	0.0	0.0	0.0	0.0	0.0	0.0	0.0	0.0	0.0	0.0	0.0	0.0	0.0	0.0	0.0	0.0
ZJH_N28_2_2	0.0	1056.93658	0.0	0.0	0.0	0.0	0.0	0.0	0.0	199.26835	0.0	4.74346	0.0	0.0	1850.117775	0.0	264.95	0.0	0.0	0.0	0.0	0.0	0.0	0.0	321.359	0.598274	75.5107
ZJH_N28_2_3	0.0	0.0	0.0	0.0	0.0	0.0	0.0	0.0	0.0	0.0	0.0	0.0	0.0	0.0	38.98419	0.0	0.0	0.0	0.0	0.0	0.0	0.0	0.0	0.0	0.0	0.0	0.0
ZJH_N28_2_4	43.5166	121.33106000000001	0.0	0.0	0.0	0.0	30.2327	0.0	0.0	100.8132	53.727579999999996	77.87855	5.00945	288.17933	1147.10015	0.0	259.019	0.0	117.81020000000001	8.96259	24.24702	0.0	0.0	0.0	9.25068	17.333	790.32465
ZJH_N29_1_2	4.25684	0.0	0.0	0.0	0.0	0.0	0.0	0.0	0.0	7.29744	5.281042	5.217028	0.0	12.866539999999999	1927.677	0.0	19.84393	0.0	11.394260000000001	0.736145	0.0	0.0	0.0	0.0	0.0	0.60812	33.478641
ZJH_N29_1_4	0.0	0.0	0.0	0.0	0.0	0.0	0.0	0.0	0.0	0.0	0.0	0.602823	0.0	0.0	1.4663249999999999	0.0	0.0	0.0	0.0	0.211803	0.0	0.0	0.0	0.0	0.0	0.0	0.0
ZJH_N30_1_3	2.55349	12.95898	0.0	0.0	0.0	0.0	18.89585	0.0	2.48966	2.61733	1.72361	0.0	0.0	2.7450099999999997	73.28524999999999	0.0	59.624069999999996	0.0	0.0	0.0	0.0	0.0	0.0	0.0	2.93652	0.0	2.17047
ZJH_N30_1_4	0.0	1654.30378	0.0	0.0	0.0	0.0	0.930776	0.0	0.0	709.717	0.0	49.3976	0.0	1240.97305	2140.634092	0.0	472.336	0.0	0.0	0.0	203.922976	0.0	0.0	0.0	3357.0401	0.0	34.255866000000005
ZJH_N30_2_3	0.0	0.0	0.0	0.0	0.0	0.0	0.0	0.0	0.0	0.0	0.0	0.0	0.0	0.0	47.28207	0.0	0.0	0.0	0.0	0.0	0.0	0.0	0.0	0.0	0.0	0.0	0.0
ZJH_N30_2_4	7.15416	268.233023	0.0	0.0	0.0	40.996700000000004	47.013059999999996	72.4479	33.5147	182.20940000000002	18.22285	15.56173	0.0	163.311552	419.068153	0.0	193.4323	0.0	6.49853	1.13772	21.192522999999998	0.0	0.0	0.0	72.004415	0.0	731.961316
ZJH_N31_1_2	4.3885	3.9816259999999994	0.0	0.0	0.0	0.0	0.0	0.0	1.27877	5.8416500000000005	3.632866	3.6038050000000004	0.0	11.65423	4561.9169999999995	0.0	15.83929	0.0	5.580080000000001	1.19158	0.0	0.0	0.0	0.0	0.406881	1.33689	39.525569999999995
ZJH_N31_1_4	7.73999	0.0	0.0	0.0	0.0	0.0	0.0	0.0	0.0	11.50226	10.44153	10.706722999999998	0.0	18.6456	86.59843000000001	0.0	26.9159	0.0	23.05424	2.07173	0.0	0.0	0.0	0.0	1.02758	1.97229	46.439973
ZJH_N31_2_2	0.0	0.0	0.0	0.0	0.0	0.0	0.0	0.0	0.819069	0.0	0.0	0.0	0.0	0.0	66.23169	0.0	0.0	0.0	0.0	0.0	0.0	0.0	0.0	0.0	0.0	0.0	0.790826
ZJH_N31_2_3	111.32091	238.33628	0.0	0.0	0.0	68.87800999999999	1348.0888	29.2116	101.41	1299.96622	234.159462	2.23108	0.0	139.44248	85.22207	15.7992	3407.3747	0.0	0.0	0.0	0.0	36.2421	0.0	36.294	119.93350000000001	0.0	1050.3453
ZJH_N31_2_4	123.659	242.99104	0.0	0.0	0.0	194.2586	1694.2687	41.7194	115.74	1677.5259	356.71590000000003	0.0	0.0	178.68604	0.0	19.6804	4656.3931	0.0	0.0	0.0	0.0	54.230599999999995	0.0	57.0264	149.2275	0.0	1453.8233
ZJH_N32_1_2	11.8477	1396.669173	0.0	0.0	0.0	0.0	0.0	0.0	0.0	185.13150000000002	7.91352	21.72823	0.339151	90.25943000000001	1234.7806	0.0	343.6503	0.0	19.62554	1.80881	190.39950000000002	0.0	0.0	17.681066	154.833772	1.5827	248.914041
ZJH_N32_1_4	0.0	518.332	0.0	0.0	0.0	26.2756	0.0	0.0	66.7693	162.928	0.0	0.0	21.9546	35.7596	179.8943	0.0	167.551	0.0	0.0	0.0	1363.5686	0.0	0.0	574.3941	0.0	0.0	3059.76155
ZJH_N32_2_2	6.86704	728.723	0.0	0.0	0.0	0.0	0.0	0.0	0.0	92.09254	2.22715	7.943494	0.0	54.3053	653.1114	0.0	163.6959	0.0	10.50472	0.742383	70.8234	0.0	0.0	0.0	104.49037200000001	0.0	145.469864
ZJH_N32_2_3	0.0	0.0	0.0	0.0	0.0	0.0	0.0	0.0	0.0	0.0	0.0	0.0	0.0	0.0	0.0	0.0	0.0	0.0	0.0	0.0	0.0	0.0	0.0	0.0	0.0	0.0	0.0
ZJH_N32_2_4	0.0	0.0	0.0	0.0	0.0	0.0	0.0	0.0	0.0	0.0	0.0	0.0	0.0	0.0	0.0	0.0	0.0	0.0	0.0	0.0	0.0	0.0	0.0	0.0	0.0	0.0	0.0
ZJH_N33_1_2	17.5861	51.254333	0.0	0.0	0.0	0.0	0.0	0.0	0.0	23.141129999999997	18.19988	16.48116	3.31465	78.44669999999999	19962.06853	0.0	60.64574	0.0	33.82164	2.76221	26.91617	0.0	0.0	0.0	4.75713	2.82359	223.03276
ZJH_N33_1_3	0.0	0.0	0.0	0.0	0.0	0.0	0.0	0.0	0.0	0.0	0.0	0.0	0.0	0.0	21.099990000000002	0.0	0.0	0.0	0.0	0.0	0.0	0.0	0.0	0.0	0.0	0.0	0.0
ZJH_N33_1_4	0.0	0.0	0.0	0.0	0.0	0.0	0.0	0.0	0.0	0.0	0.0	0.0	0.0	0.0	0.0	0.0	0.0	0.0	0.0	0.0	0.0	0.0	0.0	0.0	0.0	0.0	0.0
ZJH_N33_2_2	8.1749	1225.06644	0.0	0.0	0.0	0.0	0.0	0.0	0.0	178.0488	8.743032	10.79465	0.0	85.6944	1874.45	0.0	309.03630000000004	0.0	24.87189	0.0	0.0	0.0	0.0	0.852209	254.305576	4.292607	159.29995
ZJH_N33_2_4	38.8911	92.411976	0.0	0.0	3.30173	17.311279999999996	305.45582	7.40609	23.6046	318.31621	95.6225	14.99462	3.75777	110.872539	77.89171	0.0	775.50565	0.0	12.5867	4.08612	0.0	9.10256	0.0	20.4306	80.48191	1.95185	1237.27397
ZJH_N34_1_2	6.48295	7.52618	0.0	0.0	0.0	0.0	0.0	0.0	0.0	10.35782	8.085064000000001	5.47698	0.633392	31.259749999999997	211.2921	0.0	22.057000000000002	0.0	11.69912	0.894201	0.0	0.0	0.0	0.0	0.521617	1.19227	89.75533999999999
ZJH_N34_1_3	0.0	0.0	0.0	0.0	0.0	0.0	0.0	0.0	0.0	0.0	0.0	0.0	0.0	0.0	0.0	0.0	0.0	0.0	0.0	0.0	0.0	0.0	0.0	0.0	0.0	0.0	0.0
ZJH_N34_1_4	0.0	0.0	0.0	0.0	0.0	0.0	0.0	0.0	0.0	0.0	0.0	0.0	0.0	0.0	0.0	0.0	0.0	0.0	0.0	0.0	0.0	0.0	0.0	0.0	0.0	0.0	0.0
ZJH_N35_1_2	0.0	41.930817	0.0	0.0	0.0	0.0	0.0	0.0	0.0	0.0	0.0	0.0	0.0	2.99791	16.98817	0.0	12.911010000000001	0.0	0.0	0.0	0.0	0.0	0.0	0.0	6.15571	0.0	20.7855
ZJH_N35_1_4	0.0	0.0	0.0	0.0	0.0	0.0	0.0	0.0	0.0	0.0	0.0	0.0	0.0	0.0	9.069844	0.0	0.0	0.0	0.0	0.0	0.0	0.0	0.0	0.0	0.0	0.0	0.0
ZJH_N36_1_2	2.08768	114.117044	0.0	0.0	0.0	0.0	0.0	0.0	0.0	9.450980000000001	0.874568	2.454434	0.0	7.701840000000001	57.608665	0.0	16.8707	0.0	3.61112	0.394966	7.78647	0.0	0.0	57.07251	0.0	0.0	75.24097
ZJH_N36_1_3	0.0	0.0	0.0	0.0	0.0	0.0	0.0	0.0	0.0	0.0	0.0	0.0	0.0	0.0	0.0	0.0	0.0	0.0	0.0	0.0	0.0	0.0	0.0	0.0	0.0	0.0	0.0
ZJH_N36_1_4	0.0	0.0	0.0	0.0	0.0	0.0	0.0	0.0	0.0	0.0	0.0	0.0	0.0	0.0	0.0	0.0	0.0	0.0	0.0	0.0	0.0	0.0	0.0	0.0	0.0	0.0	0.0
ZJH_N36_2_2	54.369600000000005	107.971282	0.0	0.0	0.0	9.40551	126.35047300000001	4.1269	17.2274	192.42891	80.042711	35.89445	3.35911	137.57942	2894.69076	0.0	595.5699500000001	0.0	120.304	7.82192	9.069600000000001	4.942690000000001	0.0	48.08316	14.732081	21.30633	857.484614
ZJH_N36_2_3	4.74911	12.29632	0.0	0.0	0.0	5.05715	74.214467	1.77129	4.64642	59.78741	12.886764	0.0	1.8483	11.397853999999999	527.356	0.0	217.07271	0.0	0.0	0.0	0.0	1.8483010000000002	0.0	2.7211	5.3395399999999995	0.0	275.987268
ZJH_N36_2_4	139.264	212.2898	0.0	0.0	24.9934	189.947	1693.9814000000001	57.4835	133.361	1931.195	453.1073	0.0	30.0804	281.05847	0.0	0.0	5738.7487	0.0	0.0	0.0	0.0	67.7379	0.0	89.9066	173.5883	0.0	7819.8245719999995
ZJH_N37_1_2	1.99772	859.99738	0.0	0.0	0.0	0.0	0.0	0.0	0.0	56.14	0.0	2.12003	0.0	4.28083	1127.8552	0.0	90.8758	0.0	6.52316	0.0	86.7174	0.0	0.0	463.1853	0.0	0.0	383.195098
ZJH_N37_1_3	0.0	0.0	0.0	0.0	0.0	0.0	0.0	0.0	0.0	0.0	0.0	0.0	0.0	0.0	0.0	0.0	0.0	0.0	0.0	0.0	0.0	0.0	0.0	0.0	0.0	0.0	0.0
ZJH_N38_1_2	65.3295	0.0	0.0	0.0	0.0	0.0	0.0	0.0	4.11416	98.7121	14.8828	54.83697	0.0	240.3601	654.81308	0.0	231.4973	0.0	82.9457	5.90892	0.0	0.0	0.0	0.0	3.42386	6.543996	390.12631
ZJH_N38_1_3	0.0	694.3203599999999	0.0	0.0	0.0	0.0	0.0	0.0	5.11523	30.3231	0.0	0.0	0.0	0.0	114.00829999999999	0.0	42.8861	0.0	0.0	0.0	47.2647	0.0	0.0	308.5105	0.0	0.0	398.1689
ZJH_N38_1_4	0.0	0.0	0.0	0.0	0.0	0.0	0.0	0.0	0.0	0.0	0.0	0.0	0.0	0.0	0.0	0.0	0.0	0.0	0.0	0.0	0.0	0.0	0.0	0.0	0.0	0.0	0.0
ZJH_N39_1_4	0.0	2.84835	0.0	0.0	0.0	6.1799	3.90377	0.0	15.437	41.2502	0.0	0.0	0.0	6.8157	0.0	0.0	43.361	0.0	0.0	0.0	0.0	0.0	0.0	0.0	0.0	0.0	15.259
ZJH_N39_2_2	10.7525	1620.3003899999999	0.0	0.0	0.0	0.0	0.0	0.0	0.0	218.29512	11.803772	13.72599	0.780911	102.7199	2076.052161	0.0	363.54460000000006	0.0	14.77725	1.59186	206.0703	0.0	0.0	0.0	281.307841	2.04238	311.733616
ZJH_N39_2_3	2.72927	0.0	0.0	0.0	0.0	0.0	0.0	0.0	0.0	4.11872	0.0	0.0	0.0	10.27199	31.262549999999997	0.0	7.59234	0.0	0.0	0.0	0.0	0.0	0.0	0.0	0.0	0.0	31.064120000000003
ZJH_N39_2_4	0.0	504.66199	0.0	0.0	0.0	0.0	82.5232	0.0	0.0	114.3493	0.0	35.1321	0.0	0.0	1031.16891	0.0	33.2023	0.0	0.0	0.0	94.8297	0.0	0.0	202.94675	0.0	0.0	1504.30515
ZJH_N40_1_2	11.6104	0.0	0.0	0.0	0.0	0.0	0.0	0.0	0.0	13.5694	16.866149999999998	10.2248	0.0	35.7868	539.6213	0.90781	38.080200000000005	0.0	6.02022	1.29005	0.0	0.0	0.0	0.0	0.0	1.43338	150.40991
ZJH_N40_1_4	0.0	0.0	0.0	0.0	0.0	0.0	0.0	0.0	0.0	0.0	0.0	0.0	0.0	0.0	4.66257	0.0	0.0	0.0	0.0	0.0	0.0	0.0	0.0	0.0	0.0	0.0	0.0
ZJH_N41_1_2	0.0	0.0	0.0	0.0	0.0	0.0	0.0	0.0	0.0	0.0	0.0	0.0	0.0	0.0	0.0	0.0	0.0	0.0	0.0	0.0	0.0	0.0	0.0	0.0	0.0	0.0	0.0
ZJH_N41_1_3	0.0	0.0	0.0	0.0	0.0	0.0	0.0	0.0	0.0	0.0	0.0	0.0	0.0	0.0	4.759644	0.0	0.0	0.0	0.0	0.0	0.0	0.0	0.0	0.0	0.0	0.0	0.913188
ZJH_N41_1_4	46.2899	213.40519	0.0	0.0	0.0	0.0	332.1063	0.0	77.4533	659.8239	57.168000000000006	0.0	0.0	0.0	0.0	26.9616	1218.4774	0.0	0.0	0.0	0.0	10.4578	0.0	0.0	60.529419999999995	0.0	271.7636
ZJH_N42_1_3	0.0	0.0	0.0	0.0	0.0	0.0	0.0	0.0	0.0	0.0	0.0	0.0	0.0	0.0	0.0	0.0	0.0	0.0	0.0	0.0	0.0	0.0	0.0	0.0	0.0	0.0	0.0
ZJH_N42_1_4	2.53472	0.0	0.0	0.0	0.0	0.0	0.0	0.0	0.0	5.19801	2.681656	3.581663	0.0	6.11639	55.157734	0.0	8.90825	0.0	2.84697	0.936743	0.0	0.0	0.0	0.0	0.624496	0.551026	87.39269999999999
ZJH_N42_2_2	7.181800000000001	42.247734	0.0	0.0	0.0	2.427646	47.878667	1.68587	3.102	47.676379999999995	13.419518	4.180953	6.37258	26.198431999999997	429.7621	0.0	148.895867	0.0	6.47374	0.0	0.0	2.292776	0.0	0.0	5.46221	0.876652	1125.721814
ZJH_N42_2_3	147.70184999999998	264.1653	0.0	0.0	24.3188	129.226	1817.1637	60.7539	143.628	1916.120239	396.77614700000004	4.0747	40.0355	316.12307	149.858266	0.0	5705.7167	0.0	4.41964	0.582099	0.0	68.6446	0.0	81.9682	186.91827	0.452744	7887.210402
ZJH_N42_2_4	120.483	176.0132	0.0	0.0	22.0645	129.31889999999999	1685.4727	52.4619	114.783	1724.5211	411.2118	0.0	23.3555	261.60555	0.0	0.0	4937.3921	0.0	0.0	0.0	0.0	63.0583	0.0	78.6845	153.5965	0.0	6331.549135
ZJH_N43_1_2	0.0	0.0	0.0	0.0	0.0	0.0	0.0	0.0	0.0	0.0	0.760868	0.0	0.0	2.31304	18.260849999999998	0.0	4.96086	0.0	2.8	0.0	0.0	0.0	0.0	0.0	0.0	0.0	0.0
ZJH_N43_1_3	0.0	0.0	0.0	0.0	0.0	0.0	0.0	0.0	0.0	0.0	0.0	0.0	0.0	2.05841	0.0	0.0	0.0	0.0	0.0	0.0	0.0	0.0	0.0	0.0	0.0	0.0	0.0
ZJH_N43_1_4	0.0	173.6079	0.0	0.0	0.0	0.0	0.0	0.0	0.0	166.6245	0.0	0.0	0.0	198.2176	147.7274	0.0	96.1758	0.0	0.0	0.0	0.0	0.0	0.0	0.0	0.0	0.0	66.4822
ZJH_N43_2_2	29.9902	13.19752	0.0	0.0	0.0	0.0	0.0	0.0	0.0	37.24881	29.78539	23.82376	0.0	101.87116999999999	3595.91	0.0	91.60900000000001	0.0	110.42684	3.04908	0.0	0.0	0.0	0.0	1.34251	2.27543	396.63058
ZJH_N43_2_3	132.054	54.95155	0.0	0.0	0.0	0.0	0.0	0.0	0.0	170.9603	94.0945	99.39559999999999	2.46122	501.18958000000003	3987.469	0.0	504.693	0.0	175.07819999999998	9.37158	0.0	0.0	0.0	0.0	4.73312	6.48438	1780.93512
ZJH_N43_2_4	13.1059	37.308337	0.0	0.0	0.0	0.0	0.0	0.0	0.0	53.015370000000004	14.612986000000001	16.04192	0.0	81.04672	381.70153	0.0	83.9717	0.0	25.24062	2.5676	0.0	0.0	0.0	0.0	2.1099	3.22624	120.130156
ZJH_N44_1_2	5.86253	6.8800040000000005	0.0	0.0	0.0	1.8895780000000002	21.730122	0.750986	2.81014	28.343656	5.571832	4.1425339999999995	0.581408	21.221376	847.9603	0.0	76.45517	0.0	8.09127	0.605634	0.0	0.0	0.0	0.969014	2.592112	0.31493	251.241125
ZJH_N44_1_3	0.0	0.0	0.0	0.0	0.0	0.0	0.0	0.0	0.0	0.0	0.0	0.0	0.0	0.0	0.0	0.0	0.0	0.0	0.0	0.0	0.0	0.0	0.0	0.0	0.0	0.0	0.0
ZJH_N44_1_4	0.0	0.0	0.0	0.0	0.0	0.0	0.0	0.0	0.0	0.0	0.0	0.0	0.0	0.0	0.0	0.0	0.0	0.0	0.0	0.0	0.0	0.0	0.0	0.0	0.0	0.0	0.0
ZJH_N45_1_2	0.0	0.0	0.0	0.0	0.0	0.0	0.0	0.0	0.0	1.67891	0.0	0.0	0.0	3.04691	104.71427	0.0	4.85018	0.0	0.0	0.0	0.0	0.0	0.0	0.0	0.0	0.0	0.0
ZJH_N45_1_3	0.0	0.0	0.0	0.0	0.0	0.0	0.0	0.0	0.0	0.0	0.0	0.0	0.0	0.0	9.173865	0.0	0.0	0.0	0.0	0.0	0.0	0.0	0.0	0.0	0.0	0.0	0.0
ZJH_N45_1_4	45.9002	150.981	0.0	0.0	0.0	0.0	0.0	0.0	0.0	81.4512	63.88033	88.5416	0.294757	114.16911999999999	987.3530000000001	0.0	151.7834	0.0	202.0557	15.9169	0.0	0.0	0.0	0.0	9.66147	32.17763	1107.04062
ZJH_N45_2_2	175.118	159.338961	0.0	0.0	0.0	0.0	0.0	0.0	0.0	226.2825	156.501382	127.90933999999999	8.89994	561.08251	8650.21902	0.0	485.197	0.0	204.5266	20.0786	0.0	0.0	0.0	0.0	10.4048	34.30991	2420.354808
ZJH_N45_2_3	119.739	36.968402000000005	0.0	0.0	0.0	0.0	0.0	0.0	0.0	183.78716	68.267669	86.77834000000001	0.0	471.493209	3105.77153	0.0	413.9833	0.0	110.7471	11.1011	17.71956	0.0	0.0	0.0	6.30204	35.30721	865.700068
ZJH_N45_2_4	160.36489999999998	131.558189	0.0	0.0	23.5281	262.0302	1787.3717000000001	0.0	144.121	1786.74647	326.735683	17.30421	0.0	170.230843	465.859936	0.0	4720.5429	0.0	86.0356	3.83403	6.05778	70.0093	0.0	44.6281	167.994092	7.846970000000001	2635.203144
ZJH_N46_1_2	5.66468	762.359108	0.0	0.0	0.0	0.0	0.0	0.0	0.0	38.59885	3.952102	5.7525	0.461078	27.9062	176.11002	0.0	72.982	0.0	0.0	0.483034	43.4073	0.0	0.0	276.9328	0.0	0.702595	487.93046
ZJH_N46_1_4	0.0	0.0	0.0	0.0	0.0	0.0	0.0	0.0	0.0	0.0	0.0	0.0	0.0	0.0	0.0	0.0	0.0	0.0	0.0	0.0	0.0	0.0	0.0	0.0	0.0	0.0	0.0
ZJH_N46_2_2	1.18187	5248.5377	0.0	0.0	0.0	0.0	0.0	0.0	0.0	232.49647000000002	0.406269	4.542825000000001	0.0	3.65642	1053.1239	0.0	322.504	0.0	3.61948	0.0	308.23	0.0	0.0	2071.7699000000002	0.0	0.0	3059.004323
ZJH_N46_2_3	172.81306999999998	33.941622	0.0	0.0	26.9709	306.8426	1892.978	0.0	145.951	2118.73322	338.26517	2.823042	0.0	128.078956	23.06202	0.0	4543.4144	0.0	0.0	0.0	0.0	76.76490000000001	0.0	48.860229000000004	169.816914	0.282304	526.67059
ZJH_N46_2_4	163.204746	29.540239999999997	0.0	0.0	24.8567	333.6184	1815.9077	0.0	147.673	1964.650314	320.696349	0.945175	0.0	88.465616	13.119585	0.0	5060.0031	0.0	5.8544469999999995	0.0	0.0	73.8224	0.0	47.555	179.5692496	0.0	557.892835
ZJH_N47_1_2	16.1191	3.292912	0.0	0.0	0.0	0.0	0.0	0.0	0.0	29.40589	4.67455	13.77036	0.0	50.47594	205.0821	0.0	65.92725	0.0	31.20209	1.12834	0.0	0.0	0.0	10.06296	5.7107790000000005	9.395154	151.105482
ZJH_N47_1_3	0.0	0.0	0.0	0.0	0.0	0.0	0.0	0.0	0.0	0.0	0.0	0.0	0.0	0.0	0.0	0.0	0.0	0.0	0.0	0.0	0.0	0.0	0.0	0.0	0.0	0.0	0.0
ZJH_N47_1_4	0.0	0.0	0.0	0.0	0.0	0.0	0.0	0.0	0.0	0.0	0.0	0.0	0.0	0.0	0.0	0.0	0.0	0.0	0.0	0.0	0.0	0.0	0.0	0.0	0.0	0.0	0.0
ZJH_N47_2_2	5.52297	14.20669	0.0	0.0	0.0	0.0	9.71511	0.0	2.09607	12.776029999999999	1.929713	2.69494	0.0	18.531886	548.73677	0.0	27.847736	0.0	10.64668	0.565605	0.0	0.698689	0.0	74.22744	10.180886	23.622346999999998	85.639209
ZJH_N47_2_3	0.0	1.907348	0.0	0.0	0.0	0.0	0.0	0.0	0.0	0.0	0.0	0.0	0.0	0.0	31.12151	0.0	0.0	0.0	0.0	0.0	0.0	0.0	0.0	0.0	0.0	0.0	0.0
ZJH_N47_2_4	0.0	0.0	0.0	0.0	0.0	0.0	0.0	0.0	0.0	0.0	0.0	0.0	0.0	0.0	0.0	0.0	0.0	0.0	0.0	0.0	0.0	0.0	0.0	0.0	0.0	0.0	0.0
ZJH_N48_1_3	86.2373	86.54956800000001	0.0	0.0	0.0	0.0	0.0	0.0	0.0	140.90634	45.57696	63.839079999999996	6.90679	315.0985	20.17407	0.0	318.3755	0.0	19.1985	5.85321	0.0	0.0	0.0	0.0	3.74606	2.53639	721.23309
ZJH_N48_1_4	3.3168	2.412222	0.0	0.0	0.0	0.0	5.02546	0.0	0.0	16.14847	1.60815	5.410746	0.402037	24.557745999999998	26.96999	0.0	23.78717	0.0	2.78075	1.0386	0.0	0.0	0.0	0.0	77.71035	0.418788	103.691974
ZJH_N48_2_2	14.3211	12.11166	0.0	0.0	0.0	0.0	0.0	0.0	0.0	18.84628	16.823242	13.54911	1.06476	53.9303	402.48044699999997	0.0	58.02955	0.0	6.86772	1.09138	0.0	0.0	0.0	0.0	0.505762	1.33095	148.827205
ZJH_N48_2_4	0.0	502.79998	0.0	0.0	0.0	0.0	0.0	0.0	0.0	760.984163	6.3581129999999995	78.62992	1.88257	1220.462955	715.16459	0.0	725.4060000000001	0.0	0.0	1.61025	0.0	0.0	0.0	0.0	216.909943	1.04193	264.187149
ZJH_N49_1_2	47.6279	9.901128	0.0	0.0	0.0	0.0	0.0	0.0	0.0	69.02344	12.8601	30.813029999999998	0.256064	162.9419	837.7836	0.0	154.2357	0.0	59.80511	3.52799	0.0	0.0	0.0	0.0	1.8778	0.910449	458.58148
ZJH_N49_1_3	0.0	0.0	0.0	0.0	0.0	0.0	0.0	0.0	0.0	0.0	0.0	0.0	0.0	0.0	0.0	0.0	0.0	0.0	0.0	0.0	0.0	0.0	0.0	0.0	0.0	0.0	0.0
ZJH_N49_1_4	0.0	0.0	0.0	0.0	0.0	0.0	0.0	0.0	0.0	0.0	0.0	0.0	0.0	0.0	0.0	0.0	0.0	0.0	0.0	0.0	0.0	0.0	0.0	0.0	0.0	0.0	0.0
ZJH_N49_2_2	4.95159	0.66656	0.0	0.0	0.0	0.0	0.0	0.0	2.42818	6.61798	0.0	4.66592	0.0	30.7093	245.5317	0.0	19.75869	0.0	0.0	0.0	0.0	0.0	0.0	0.0	0.0	0.0	31.80441
ZJH_N49_2_4	81.5158	17.771	0.0	0.0	13.9217	150.3801	933.52389	0.0	79.8477	976.2002	134.59789999999998	0.0	0.0	237.4387	0.0	0.0	160.73520000000002	0.0	0.0	0.0	0.0	39.1219	0.0	21.0686	76.28069	0.0	1051.775138
ZJH_N50_1_2	0.0	3.6237519999999996	0.0	0.0	0.0	0.0	0.0	0.0	0.0	0.0	0.0	0.0	0.523431	0.0	9.05937	0.0	0.0	0.0	0.0	0.0	0.0	0.0	0.0	0.0	0.0	0.0	33.700902
ZJH_N50_1_3	126.989	613.64806	0.0	0.0	16.6254	93.14189999999999	1549.7151	42.7936	147.516	1542.2598	356.9113	0.0	71.1735	274.7288	29.17519	0.0	4957.1927	0.0	0.0	0.0	4.54776	56.7599	0.0	63.7431	154.54860000000002	0.0	18420.29963
ZJH_N50_1_4	101.232	533.1715	0.0	0.0	17.7862	101.4838	1363.4064	43.935	96.3045	1360.4024	330.6904	0.0	75.7128	228.93662	0.0	0.0	3841.9809	0.0	0.0	0.0	0.0	54.0959	0.0	63.6635	128.35199999999998	0.0	17762.49574
ZJH_N50_2_2	5.991569999999999	312.449251	0.0	0.0	0.0	1.497892	14.923438	0.0	6.04704	12.89852	3.7447209999999997	3.32865	0.471559	30.568122	615.189436	0.0	136.58558	0.0	4.77106	0.0	56.7534	0.721207	0.0	0.0	1.913976	0.0	183.658094
ZJH_N50_2_3	49.3655	1288.912084	0.0	0.0	5.30855	27.06553	373.62949000000003	11.7633	55.3376	636.14127	94.146334	30.121969999999997	13.070260000000001	568.215981	1263.234486	0.0	1811.62251	0.0	5.83136	0.482596	213.1665	14.92025	0.0	16.95117	262.06955	2.754816	2344.89114
ZJH_N50_2_4	85.8682	289.47351	0.0	0.0	17.1396	96.4465	1232.0529000000001	40.5969	84.2249	1325.68642	286.1624	0.0	24.0051	277.848263	71.163315	0.0	3666.0638	0.0	0.0	0.0	0.146076	50.6274	0.0	57.4199	794.81055	10.55398	6013.733609
ZJH_N51_1_2	13.046	132.921872	0.0	0.0	0.0	0.0	0.0	0.0	0.0	46.0924	7.081382	5.964601	0.507626	82.4131	972.9411299999999	0.0	75.5855	0.0	1.82745	0.38072	9.44184	0.0	0.0	43.7828	29.949962999999997	0.78682	331.53089
ZJH_N51_1_3	124.13322	618.2698	0.0	0.0	0.0	115.3904	1838.624	50.7673	124.841	1728.2075	362.7439	0.0	90.1895	273.1479	68.41251000000001	0.0	5092.4316	0.0	0.0	0.0	0.0	66.4494	0.0	72.1561	169.1025	0.0	17951.293862
ZJH_N51_1_4	107.658	669.4784	0.0	0.0	19.5094	108.41290000000001	1511.0015	47.4838	108.262	1530.4426	356.60179999999997	0.0	88.7388	239.25744	0.0	0.0	4405.3596	0.0	0.0	0.0	0.0	53.9869	0.0	70.9581	140.0508	0.0	21143.995969
ZJH_N51_2_3	9.391169999999999	133.158368	0.0	0.0	1.27902	5.7994	118.300847	2.62813	22.1989	102.97002	18.572108	1.71704	2.22515	19.097728	1789.36817	0.0	294.14002	0.0	0.0	0.0	0.0	3.5392099999999997	0.0	15.243145	3571.028612	0.0	431.959032
ZJH_N51_2_4	143.95	212.53777300000002	0.0	0.0	19.0406	153.12560000000002	1936.9963400000001	51.796	130.207	1748.44359	428.4905	0.0	25.1251	256.647295	6.927677	1.27874	5025.9532	0.0	0.0	0.0	0.0	57.9508	0.0	83.4413	173.247853	0.0	6605.38019
ZJH_N52_1_2	1.05658	1.1993610000000001	0.0	0.0	0.0	0.0	0.0	0.0	0.0	0.0	0.0	0.342675	0.0	2.34161	0.0	0.0	0.0	0.0	0.0	0.0	0.0	0.0	0.0	0.0	0.0	0.0	1.65626
ZJH_N52_1_3	0.0	0.0	0.0	0.0	0.0	0.0	0.0	0.0	0.0	0.0	0.0	0.0	0.0	0.0	0.0	0.0	0.0	0.0	0.0	0.0	0.0	0.0	0.0	0.0	0.0	0.0	0.0
ZJH_N52_1_4	177.952	629.4195	0.0	0.0	0.0	0.0	355.66679999999997	0.0	0.0	478.751	243.52106	229.45898000000003	0.0	552.6113	2324.680952	0.0	570.8109999999999	0.0	492.98699999999997	63.0482	0.0	0.0	0.0	40.0135	526.18372	30.8503	4313.165448
ZJH_N52_2_2	161.902	303.28126	0.0	0.0	0.0	0.0	0.0	0.0	0.0	220.45860000000002	119.65466	117.6497	8.15524	493.25800000000004	1496.08502	0.0	506.82809999999995	0.0	93.3841	13.904	0.0	0.0	0.0	26.27052	52.27372	9.42531	2512.4177
ZJH_N52_2_3	7.20368	1.073397	0.0	0.0	0.0	0.0	0.0	0.0	0.0	8.4202	4.19818	5.295418	0.238533	17.79451	49.11386	0.0	27.2166	0.0	8.20552	0.429359	0.0	0.0	0.0	0.0	0.381652	0.95413	77.475346
ZJH_N52_2_4	26.2295	63.627087	0.0	0.0	0.0	0.0	0.0	0.0	0.0	50.45088	22.88934	35.73774	0.491804	65.73780000000001	778.115412	0.0	89.0574	0.0	146.0042	8.79099	2.110656	0.0	0.0	0.0	4.54918	6.0246	600.00008
ZJH_N53_1_4	39.0607	101.78269	0.0	0.0	0.0	0.0	0.0	0.0	0.0	261.4238	7.2519	50.0097	0.0	493.58392	195.75867	0.0	358.685	0.0	73.685	5.21852	0.0	0.0	0.0	0.0	9.34215	0.0	205.697682
ZJH_N53_2_2	71.76017999999999	321.60417	0.0	0.0	8.72314	59.786359999999995	693.69556	21.7255	53.9024	820.63318	200.01477	3.99125	12.7144	127.06154000000001	86.285	0.0	2318.5025	0.0	0.0	0.0	24.89386	25.469900000000003	0.0	178.16596	67.68656	0.411469	2752.64349
ZJH_N53_2_3	58.92171	301.338545	0.0	0.0	0.0	44.51931	617.51621	22.3775	44.9568	674.48699	156.978726	4.61009	12.2151	130.86602	1518.26865	0.0	1971.7399	0.0	0.0	0.0	23.42061	24.261899999999997	0.0	149.3401	61.47909	0.908558	2507.923328
ZJH_N53_2_4	107.474	288.13975899999997	0.0	0.0	17.4223	132.9904	1536.0137	43.4651	110.432	1499.807243	341.7135	0.0	18.112	293.9474	219.77526	0.0	4121.0501	0.0	0.0	0.0	0.0	52.2851	1.5426000000000002	98.92614	130.7581	0.0	5786.225861
ZJH_N54_1_2	372.095	13.381499999999999	0.0	0.0	0.0	0.0	0.0	0.0	0.0	587.8041000000001	105.149	259.8692	0.0	1330.091	1616.518	0.0	1180.249	0.0	324.5758	21.0536	0.0	0.0	0.0	0.0	10.616	4.99576	2331.08622
ZJH_N54_1_3	8.3301	0.0	0.0	0.0	0.0	0.0	0.0	0.0	0.0	11.7294	49.04675	6.947979999999999	0.0	40.90341	9085.196	0.0	34.964	0.0	14.71776	0.0	0.0	0.0	0.0	0.0	12.25236	0.0	83.786597
ZJH_N54_1_4	1.99279	3.139586	0.0	0.0	0.0	0.0	0.0	0.0	0.507598	2.16199	0.0	2.312389	0.0	4.286379999999999	3.383982	0.0	7.67036	0.0	4.69998	0.620397	0.0	0.0	0.0	0.0	0.225599	0.0	11.185992
ZJH_N54_2_2	11.335	23.857850000000003	0.0	0.0	0.0	0.0	0.0	0.0	0.0	24.89728	3.41533	10.59249	0.0	78.40419	674.058	0.0	42.2214	0.0	32.66833	2.96986	0.0	0.0	0.0	0.0	4.75178	1.03945	171.26168
ZJH_N54_2_3	3.5828	0.0	0.0	0.0	0.0	0.0	0.0	0.0	0.0	4.40959	3.031596	3.26126	0.0	15.617360000000001	32.336969999999994	0.0	11.34552	0.0	13.04506	0.0	0.0	0.0	0.0	0.0	0.2756	0.0	49.378260000000004
ZJH_N54_2_4	31.2338	308.61021800000003	0.0	0.0	0.0	0.0	0.0	0.0	0.0	58.1086	42.822471	32.586501999999996	0.0	79.09151	216.141272	0.0	113.7973	0.0	151.2087	10.4163	26.694480000000002	0.0	0.0	0.0	127.02439	18.96872	640.20178
ZJH_N55_1_2	0.0	0.0	0.0	0.0	0.0	0.0	0.0	0.0	0.0	0.0	0.0	0.0	0.0	1.3219	49.57116	0.0	4.35125	0.0	0.0	0.0	0.0	0.0	0.0	25.969759999999997	0.0	0.0	0.0
ZJH_N55_1_3	0.0	0.0	0.0	0.0	0.0	0.0	0.0	0.0	0.0	139.1832	0.864268	0.0	0.0	442.902	192.15572	0.0	286.5413	0.0	0.0	0.0	0.0	0.0	0.0	0.0	0.0	0.0	0.0
ZJH_N55_1_4	0.0	1.280816	0.0	0.0	0.0	0.0	0.0	0.0	0.0	461.113	0.263698	52.2497	0.0	977.243211	342.9381	0.0	652.895	0.0	0.0	0.0	0.0	0.0	0.0	0.0	147.9529	0.0	0.0
ZJH_N55_2_2	7.27539	91.22706	0.0	0.0	0.0	0.0	0.0	0.0	0.0	22.14249	2.372406	8.38251	2.11935	47.1318	459.80464	0.0	67.503	0.0	0.0	0.411218	0.0	0.0	0.0	0.0	252.266228	0.506114	67.439678
ZJH_N55_2_3	1.49825	9.751304000000001	0.0	0.0	0.0	0.457092	16.302959	1.523641	1.21891	9.39577	2.818736	0.0	0.0	0.0	0.0	0.0	60.23463	0.0	0.0	0.0	0.0	0.431698	0.0	1.3458830000000002	1.52364	0.0	103.480635
ZJH_N55_2_4	100.912	1988.967025	0.0	32.9869	23.8207	226.6548	1586.71003	88.54518	99.0027	1201.01599	192.432638	0.0	21.2379	132.74749699999998	436.338748	0.0	5124.810455	0.0	0.0	0.0	861.1677000000001	52.5684	0.0	786.71511	762.93667	305.5283	12043.754442
ZJH_N56_1_2	0.0	0.0	0.0	0.0	0.0	0.0	0.0	0.0	0.0	0.0	0.0	1.04391	0.0	3.77412	28.1052	0.0	0.0	0.0	0.0	0.0	0.0	0.0	0.0	0.0	0.0	0.0	0.0
ZJH_N56_1_3	0.0	0.0	0.0	0.0	0.0	0.0	0.0	0.0	0.0	0.0	0.0	0.0	0.0	0.0	0.0	0.0	0.0	0.0	0.0	0.0	0.0	0.0	0.0	0.0	0.0	0.0	0.0
ZJH_N56_1_4	0.0	0.0	0.0	0.0	0.0	0.0	0.0	0.0	0.0	0.0	0.0	0.0	0.0	0.0	0.0	0.0	0.0	0.0	0.0	0.0	0.0	0.0	0.0	0.0	0.0	0.0	0.0
ZJH_N56_2_2	170.67	438.1777	0.0	0.0	0.0	0.0	4.6302900000000005	0.0	0.0	212.1619	131.92722	122.99184	41.0577	498.37106	2876.39028	0.0	534.98	0.0	112.2847	13.0227	2.749238	0.0	0.0	0.0	7.30718	13.5291	2257.56185
ZJH_N56_2_3	0.0	0.455452	0.0	0.589409	0.0	0.348287	12.029304	0.0	1.31277	4.34018	0.0	0.0	0.0	0.0	0.0	0.0	1.98256	0.0	0.0	0.0	0.0	0.0	0.0	0.0	0.0	0.0	4.393779
ZJH_N56_2_4	47.0059	28.71336	0.0	9.64577	8.21613	83.16042	631.33276	29.19563	60.2	587.875	120.93392	0.0	0.0	130.63137	130.59687499999998	0.0	941.59885	0.0	0.0	0.0	9.800790000000001	23.2016	0.0	26.3709	61.28515	0.0	1049.68416
ZJH_N57_1_2	12.1582	5.63918	0.0	0.0	0.0	0.0	0.0	0.0	1.59977	12.9581	7.07898	10.99841	0.0	32.0753	17.99745	0.0	41.233999999999995	0.0	1.99971	0.879873	0.0	0.0	0.0	0.0	0.319954	0.919867	106.74457
ZJH_N57_1_3	0.0	0.0	0.0	0.0	0.0	0.0	0.0	0.0	0.938973	0.0	0.0	0.0	0.0	0.0	0.0	0.0	0.0	0.0	0.0	0.0	0.0	0.0	0.0	0.0	0.0	0.0	0.0
ZJH_N57_1_4	127.81950599999999	49.302418	0.0	23.5241	22.7606	222.8243	1812.155	72.97200000000001	127.256	1555.82592	307.28583100000003	0.890789	0.345408	138.835707	0.0	0.0	2201.5195	0.0	0.0	0.0	7.72625	63.9368	0.0	119.202145	138.453994	12.689192	2208.355728
ZJH_N58_1_2	60.5572	9.12922	0.0	0.0	0.0	60.861439999999995	642.81785	13.3287	47.5937	695.1596	174.06386	0.0	0.0	82.64994	0.0	0.0	1452.9452	0.0	0.0	0.0	0.0	23.4925	0.0	16.0674	56.29683	0.0	261.39973
ZJH_N58_1_3	23.8007	4.77165	0.0	0.0	0.0	23.9732	319.58524	5.69148	24.9505	308.9498	71.80462	0.0	0.0	39.15046	0.0	0.0	674.75662	0.0	0.0	0.0	0.0	13.05016	0.0	6.49634	27.82501	0.0	122.85546
ZJH_N58_1_4	147.861	34.476719	0.0	19.0054	21.3811	254.2166	2359.43498	61.53189999999999	168.575	2061.24046	420.1995	0.0	0.0	216.99113	0.0	0.0	4048.1268	0.0	0.0	0.0	12.761887	74.0778	0.0	53.148301000000004	174.4646	3.4947880000000002	1431.2151450000001
ZJH_N58_2_2	1.66826	0.0	0.0	0.0	0.0	0.0	0.8852	0.0	1.29375	0.0	0.0	0.0	0.0	6.5709	114.19088	0.0	0.0	0.0	0.0	0.0	0.0	0.0	0.0	0.0	0.0	0.0	14.84413
ZJH_N58_2_3	27.39631	6.16817	0.0	10.3337	7.23625	61.89523	373.69494	23.25744	27.0492	371.13149	57.916657	1.20159	0.0	42.99026	105.20604	0.0	168.917125	0.0	3.8451	0.0	0.0	15.05995	0.0	14.338989999999999	25.447	0.0	556.89722
ZJH_N58_2_4	70.5951	35.81388	0.0	17.0402	13.4994	121.71581	968.85748	46.6762	105.966	894.2967	174.588268	25.92911	0.0	169.738003	178.276658	0.0	1052.30717	0.0	7.505800000000001	0.0	60.76567	36.8836	0.0	41.4571	76.01696	0.682346	2008.770038
ZJH_N59_1_2	1.01227	0.0	0.0	0.0	0.0	0.0	0.0	0.0	0.0	2.1024	0.0	0.0	0.0	4.17885	0.0	0.0	5.91788	0.0	0.0	0.0	0.0	0.0	0.0	0.0	0.0	0.0	0.0
ZJH_N59_1_3	171.97260999999997	36.8394	0.0	0.0	24.3651	289.74219999999997	1321.4115	0.0	169.472	2049.72704	342.389769	9.11261	0.0	209.20103	46.75776	0.0	5016.824	0.0	0.0	0.0	0.0	79.29079999999999	0.0	43.9517	183.6691	0.0	2396.811224
ZJH_N59_1_4	162.132	27.6608	0.0	0.0	27.0432	259.2319	1352.9285	0.0	185.938	2120.786	366.3406	0.0	0.0	149.547	0.0	0.0	5174.5233	0.0	0.0	0.0	0.0	72.2502	0.0	42.5239	185.29919999999998	0.0	2189.7154
ZJH_N59_2_3	71.9883	44.39224	0.0	0.0	8.44777	99.31939	463.99811	0.0	57.0804	745.4582	129.996334	8.613412	2.68341	87.4262	53.00562	0.0	1723.8753	0.0	3.7104	0.861342	0.0	23.1568	0.0	15.8354	65.29634	1.06011	790.2147219999999
ZJH_N59_2_4	69.5784	11.1906	0.0	0.0	10.4414	108.90932000000001	490.88819	0.0	74.2606	852.2649	152.6885	0.0	0.0	62.438	0.0	0.0	2104.8166	0.0	0.0	0.0	0.0	32.8227	0.0	18.4715	75.96966	0.0	875.32513
