aro_id	effect	effect_label	coef	se	pvalue	fdr	gene_family	subclass	megares_class
ARO:3005099	AnyMilk[T.Donor]	Donor milk (vs Mother's)	0.18346172297543215	0.054854132658398565	0.0008241978223943175	0.09643114522013514	erm(A)	AZITHROMYCIN/CLARITHROMYCIN/CLINDAMYCIN/ERYTHROMYCIN/TELITHROMYCIN	MLS
ARO:3000599	AnyMilk[T.Donor]	Donor milk (vs Mother's)	0.16803388915128334	0.09334460108930213	0.07183762352762164	0.9686939300525664	erm(33)	CLINDAMYCIN/ERYTHROMYCIN/LINCOMYCIN	MLS
ARO:3002804	AnyMilk[T.Donor]	Donor milk (vs Mother's)	0.0980108522591405	0.056444501672943265	0.0824911928315827	0.9686939300525664	fos_A_A2	FOSFOMYCIN	Fosfomycin
ARO:3001214	AnyMilk[T.Donor]	Donor milk (vs Mother's)	-0.12236797909575625	0.07226937252134902	0.09041351439545964	0.9686939300525664	mdtM	EFFLUX	Drug and biocide resistance
ARO:3000410	AnyMilk[T.Donor]	Donor milk (vs Mother's)	-0.29995402106996577	0.18096867926770696	0.09742017563834163	0.9686939300525664	sul1	SULFONAMIDE	Sulfonamides
ARO:3003390	AnyMilk[T.Donor]	Donor milk (vs Mother's)	-0.12070783558316836	0.07557915591634358	0.11024233989365596	0.9686939300525664	ompF	CEPHALOSPORIN	betalactams
ARO:3003582	AnyMilk[T.Donor]	Donor milk (vs Mother's)	-0.11105873775100876	0.07274017634030781	0.1268140463350745	0.9686939300525664	basR	COLISTIN	Cationic antimicrobial peptides
ARO:3003285	AnyMilk[T.Donor]	Donor milk (vs Mother's)	0.2260603043393047	0.15532994510376424	0.14557084349405708	0.9686939300525664	rpoB	BETA-LACTAM;DAPTOMYCIN/RIFAXIMIN;FIDAXOMICIN;RIFAMPIN;RIFAMYCIN	Multi-drug resistance
ARO:3002865	AnyMilk[T.Donor]	Donor milk (vs Mother's)	0.12404085599407857	0.08615981493312713	0.1499635601122291	0.9686939300525664	dfrC	TRIMETHOPRIM	Trimethoprim
ARO:3006875	AnyMilk[T.Donor]	Donor milk (vs Mother's)	-0.1065615999608604	0.07775134156423189	0.17051728946677247	0.9686939300525664	blaEC	CEPHALOSPORIN	betalactams
ARO:3006877	AnyMilk[T.Donor]	Donor milk (vs Mother's)	-0.10653702980112396	0.07773430979938263	0.17052221468436335	0.9686939300525664	blaEC	CEPHALOSPORIN	betalactams
ARO:3006874	AnyMilk[T.Donor]	Donor milk (vs Mother's)	-0.10653680266652032	0.07773449073769793	0.1705241212408397	0.9686939300525664	blaEC	CEPHALOSPORIN	betalactams
ARO:3006876	AnyMilk[T.Donor]	Donor milk (vs Mother's)	-0.10663466127194028	0.07782187233212047	0.17061191980860624	0.9686939300525664	blaEC	CEPHALOSPORIN	betalactams
ARO:3004290	AnyMilk[T.Donor]	Donor milk (vs Mother's)	-0.10728402446371096	0.07830264929347899	0.17064945112162389	0.9686939300525664	blaEC	BETA-LACTAM	betalactams
ARO:3006878	AnyMilk[T.Donor]	Donor milk (vs Mother's)	-0.10647651416515604	0.07771488587450641	0.17065830227393108	0.9686939300525664	blaEC	CEPHALOSPORIN	betalactams
ARO:3003078	AnyMilk[T.Donor]	Donor milk (vs Mother's)	-0.09418237757848053	0.06930167562213713	0.17414018546465926	0.9686939300525664	liaR	DAPTOMYCIN	Lipopeptides
ARO:3006879	AnyMilk[T.Donor]	Donor milk (vs Mother's)	-0.10541531071410873	0.07807001592211203	0.1769305814608173	0.9686939300525664	blaEC	CEPHALOSPORIN	betalactams
ARO:3000621	AnyMilk[T.Donor]	Donor milk (vs Mother's)	0.2058644786869669	0.15663640751549435	0.18875117688802756	0.9686939300525664	blaZ	BETA-LACTAM	betalactams
ARO:3003937	AnyMilk[T.Donor]	Donor milk (vs Mother's)	0.14069177115122933	0.11252811994003831	0.21119691389910478	0.9686939300525664	pbp2	CEPHALOSPORIN	betalactams
ARO:3000412	AnyMilk[T.Donor]	Donor milk (vs Mother's)	-0.1715598937137426	0.14251739782670575	0.22867380652056057	0.9686939300525664	sul2	SULFONAMIDE	Sulfonamides
ARO:3004126	AnyMilk[T.Donor]	Donor milk (vs Mother's)	-0.13201509954186474	0.10972231118329187	0.22890875595855942	0.9686939300525664	lamB	CEFTAZIDIME-AVIBACTAM	betalactams
ARO:3000178	AnyMilk[T.Donor]	Donor milk (vs Mother's)	0.04886470148867283	0.04276728609644522	0.2532163570139254	0.9686939300525664	tet(K)	TETRACYCLINE	Tetracyclines
ARO:3003297	AnyMilk[T.Donor]	Donor milk (vs Mother's)	0.175223553452161	0.15965172736228742	0.2724070562060702	0.9686939300525664	gyrA	QUINOLONE	Fluoroquinolones
ARO:3000822	AnyMilk[T.Donor]	Donor milk (vs Mother's)	-0.1208007933406214	0.11070363762082695	0.27518097772908445	0.9686939300525664	pmrA	COLISTIN;QUINOLONE	Drug and biocide resistance
ARO:3003735	AnyMilk[T.Donor]	Donor milk (vs Mother's)	0.13559067515174758	0.12652752772179468	0.28388632192111574	0.9686939300525664	fusA	FUSIDIC ACID	Fusidic acid
ARO:3003077	AnyMilk[T.Donor]	Donor milk (vs Mother's)	-0.060261978736812175	0.05684815593907146	0.28912112449116534	0.9686939300525664	liaF	DAPTOMYCIN	Lipopeptides
ARO:3004639	AnyMilk[T.Donor]	Donor milk (vs Mother's)	-0.07559013151761265	0.07249275443334156	0.29707488239616786	0.9686939300525664	tetAB_A	TETRACYCLINE	Tetracyclines
ARO:3000215	AnyMilk[T.Donor]	Donor milk (vs Mother's)	0.1072657412206587	0.10643068121290916	0.31352837672161415	0.9686939300525664	mecR1	METHICILLIN	betalactams
ARO:3003291	AnyMilk[T.Donor]	Donor milk (vs Mother's)	0.15414693155429765	0.1535129254282168	0.3153159640194677	0.9686939300525664	rpoC	BETA-LACTAM;DAPTOMYCIN;FIDAXOMICIN	Lipopeptides
ARO:3003729	AnyMilk[T.Donor]	Donor milk (vs Mother's)	0.1198021001092744	0.12276480514031098	0.32913046603780804	0.9686939300525664	ileS	MUPIROCIN	Mupirocin
ARO:3003373	AnyMilk[T.Donor]	Donor milk (vs Mother's)	-0.09772054884226548	0.10020746263199858	0.32946981584354573	0.9686939300525664	acrR	AMPICILLIN/CHLORAMPHENICOL/QUINOLONE/RIFAMPIN/TETRACYCLINE;TIGECYCLINE	Drug and biocide resistance
ARO:3000217	AnyMilk[T.Donor]	Donor milk (vs Mother's)	0.16282147345393364	0.1697614926605285	0.3374987986497501	0.9686939300525664	blaR1;blaR1-2	BETA-LACTAM	betalactams
ARO:3003315	AnyMilk[T.Donor]	Donor milk (vs Mother's)	0.14626783744226812	0.15654283969037353	0.35011667642601474	0.9686939300525664	parE	QUINOLONE	Fluoroquinolones
ARO:3001387	AnyMilk[T.Donor]	Donor milk (vs Mother's)	-0.09110664865011751	0.09761225184302032	0.3506379473070037	0.9686939300525664	blaTEM	BETA-LACTAM	betalactams
ARO:3003794	AnyMilk[T.Donor]	Donor milk (vs Mother's)	0.10452670558864377	0.11307832241873328	0.35529142248006773	0.9686939300525664	walK	DAPTOMYCIN	Lipopeptides
ARO:3001044	AnyMilk[T.Donor]	Donor milk (vs Mother's)	-0.09284522611017096	0.1004835459670494	0.3554944525918857	0.9686939300525664	blaTEM	BETA-LACTAM	betalactams
ARO:3000617	AnyMilk[T.Donor]	Donor milk (vs Mother's)	0.17751726250407623	0.19598835064618852	0.365065992609068	0.9686939300525664	mecA;mecA-ceftar	CEFTAROLINE/METHICILLIN;METHICILLIN	betalactams
ARO:3003079	AnyMilk[T.Donor]	Donor milk (vs Mother's)	-0.06213645766771353	0.06993460761355864	0.37427524786413835	0.9686939300525664	liaS	DAPTOMYCIN	Lipopeptides
ARO:3003930	AnyMilk[T.Donor]	Donor milk (vs Mother's)	0.07220061987099004	0.08232461579888369	0.3804738925621929	0.9686939300525664	rpsJ	TETRACYCLINE;TIGECYCLINE	Tetracyclines
ARO:3003805	AnyMilk[T.Donor]	Donor milk (vs Mother's)	-0.07339686735509482	0.08389736513558	0.3816603438576488	0.9686939300525664	gshF	DAPTOMYCIN	Lipopeptides
ARO:3003395	AnyMilk[T.Donor]	Donor milk (vs Mother's)	0.0870653175059817	0.09986292699092265	0.38329117182236405	0.9686939300525664	rpsL	STREPTOMYCIN	Aminoglycosides
ARO:3003303	AnyMilk[T.Donor]	Donor milk (vs Mother's)	0.12000263499990435	0.14367724681900154	0.40359179423081315	0.9686939300525664	gyrB	NALIDIXIC ACID;QUINOLONE;ZOLIFLODACIN	Aminocoumarins
ARO:3003737	AnyMilk[T.Donor]	Donor milk (vs Mother's)	0.06546789261158867	0.0793094974400544	0.4091027916917972	0.9686939300525664	fusE	FUSIDIC ACID	Fusidic acid
ARO:3000194	AnyMilk[T.Donor]	Donor milk (vs Mother's)	0.14603288112472754	0.1793647288902054	0.4155491664698211	0.9686939300525664	tet(W)	TETRACYCLINE	Tetracyclines
ARO:3003197	AnyMilk[T.Donor]	Donor milk (vs Mother's)	-0.04724675402710107	0.058131360160601143	0.41635656362628415	0.9686939300525664	aadA25	STREPTOMYCIN	Aminoglycosides
ARO:3003499	AnyMilk[T.Donor]	Donor milk (vs Mother's)	0.10459967489608668	0.12997582822548778	0.42095673454037885	0.9686939300525664	tet(O/M/O);tet(O/W);tet(O/W/32/O);tet(O/W/O);tet(W/32/O);tet(W/N/W)	TETRACYCLINE	Tetracyclines
ARO:3006266	AnyMilk[T.Donor]	Donor milk (vs Mother's)	0.05234266519327214	0.0651439532194616	0.42169024206289685	0.9686939300525664	blaACT	CEPHALOSPORIN	betalactams
ARO:3003797	AnyMilk[T.Donor]	Donor milk (vs Mother's)	-0.063813510908099	0.08369327300501624	0.44578024705402397	0.9686939300525664	yybT	DAPTOMYCIN	Lipopeptides
ARO:3000179	AnyMilk[T.Donor]	Donor milk (vs Mother's)	-0.054699382168778635	0.07541789539934221	0.46827790622980037	0.9686939300525664	tet(L)	TETRACYCLINE	Tetracyclines
ARO:3005320	AnyMilk[T.Donor]	Donor milk (vs Mother's)	-0.034897726950351336	0.048547238354487945	0.4722391261972565	0.9686939300525664	blaOXA-2_fam	BETA-LACTAM	betalactams
ARO:3000565	AnyMilk[T.Donor]	Donor milk (vs Mother's)	-0.0777373382720784	0.1095660926463274	0.47801314439032927	0.9686939300525664	tet(38)	TETRACYCLINE	Tetracyclines
ARO:3002619	AnyMilk[T.Donor]	Donor milk (vs Mother's)	-0.038973411157336484	0.05499929495828422	0.4785624574113868	0.9686939300525664	aadA22	STREPTOMYCIN	Aminoglycosides
ARO:3005319	AnyMilk[T.Donor]	Donor milk (vs Mother's)	-0.03338373961311208	0.047692128328807294	0.48393712826922264	0.9686939300525664	blaOXA-2_fam	CEPHALOSPORIN	betalactams
ARO:3002591	AnyMilk[T.Donor]	Donor milk (vs Mother's)	0.10349712530611224	0.15335564808425312	0.49975007937775273	0.9686939300525664	aac(3)-IIa;aac(3)-IIc;aac(3)-IId;aac(3)-IIe;aac(3)-XI;aac(6')-IIa;aac(6')-Ib';aac(6')-Ib-AGKT;aac(6')-Ib-AKT;aac(6')-Ib-D181Y;aac(6')-Ib-G;aac(6')-Ib-K;aac(6')-Ib-W104R;aac(6')-Ib-cr;aac(6')-Ib11;aac(6')-Ie;aac(6')-Ie2;aac(6')-Im;aac(6')_Entco;aph(2'')-Ia;aph(2'')-If2	AMIKACIN/GENTAMICIN/KANAMYCIN/TOBRAMYCIN;AMIKACIN/KANAMYCIN/QUINOLONE/TOBRAMYCIN;AMIKACIN/KANAMYCIN/TOBRAMYCIN;AMINOGLYCOSIDE;GENTAMICIN;GENTAMICIN/KANAMYCIN/TOBRAMYCIN;KANAMYCIN	Aminoglycosides
ARO:3004045	AnyMilk[T.Donor]	Donor milk (vs Mother's)	0.06744531262598702	0.10203435740335944	0.508608527493802	0.9686939300525664	fabI	TRICLOSAN	Phenolic compound resistance
ARO:3005230	AnyMilk[T.Donor]	Donor milk (vs Mother's)	-0.05331736626131134	0.08563635199554007	0.5335460794293618	0.9686939300525664	blaSHV	BETA-LACTAM	betalactams
ARO:3005227	AnyMilk[T.Donor]	Donor milk (vs Mother's)	-0.05153154677472045	0.08660822657032005	0.5518461571226987	0.9686939300525664	blaSHV	BETA-LACTAM	betalactams
ARO:3006240	AnyMilk[T.Donor]	Donor milk (vs Mother's)	0.039084591163738205	0.06625776623785376	0.5552664485568077	0.9686939300525664	blaACT	CEPHALOSPORIN	betalactams
ARO:3000026	AnyMilk[T.Donor]	Donor milk (vs Mother's)	-0.044337571527300286	0.07726892226650739	0.5660973335910222	0.9686939300525664	mepA	TIGECYCLINE	Drug and biocide resistance
ARO:3001998	AnyMilk[T.Donor]	Donor milk (vs Mother's)	-0.0461073878693575	0.0813564017424858	0.5708953442677176	0.9686939300525664	blaCTX-M	CEPHALOSPORIN	betalactams
ARO:3005664	AnyMilk[T.Donor]	Donor milk (vs Mother's)	-0.04390601302956253	0.0783205133285694	0.5750743150131594	0.9686939300525664	blaCTX-M	CEPHALOSPORIN	betalactams
ARO:3006236	AnyMilk[T.Donor]	Donor milk (vs Mother's)	0.03979657442729069	0.07177920824457172	0.5792843326649916	0.9686939300525664	blaACT	CEPHALOSPORIN	betalactams
ARO:3000502	AnyMilk[T.Donor]	Donor milk (vs Mother's)	-0.0875593969538266	0.15941757993659397	0.5828369463817336	0.9686939300525664	acrF	EFFLUX	Drug and biocide resistance
ARO:3000172	AnyMilk[T.Donor]	Donor milk (vs Mother's)	0.0399654483186932	0.07685509162127663	0.6030563139300905	0.9686939300525664	fosB-Saur;fosB-Sepi;fosB_gen;fosBx1-fam	FOSFOMYCIN	Fosfomycin
ARO:3002868	AnyMilk[T.Donor]	Donor milk (vs Mother's)	-0.021428815124091203	0.04124245679203255	0.6033553362969365	0.9686939300525664	dfrG	TRIMETHOPRIM	Trimethoprim
ARO:3003378	AnyMilk[T.Donor]	Donor milk (vs Mother's)	-0.03736031495277247	0.07235860990533709	0.605629796024881	0.9686939300525664	marR	AMPICILLIN/CHLORAMPHENICOL/QUINOLONE/RIFAMPIN/TETRACYCLINE	Drug and biocide resistance
ARO:3004114	AnyMilk[T.Donor]	Donor milk (vs Mother's)	-0.0534131178368158	0.11019578341300526	0.6278813015911455	0.9686939300525664	ompC	CARBAPENEM	betalactams
ARO:3003386	AnyMilk[T.Donor]	Donor milk (vs Mother's)	-0.06169109849467182	0.128308855544608	0.6306575381664145	0.9686939300525664	folP	SULFONAMIDE	Sulfonamides
ARO:3003775	AnyMilk[T.Donor]	Donor milk (vs Mother's)	0.05926466512177404	0.12571802828571854	0.6373483771094447	0.9686939300525664	murA	FOSFOMYCIN	Fosfomycin
ARO:3007751	AnyMilk[T.Donor]	Donor milk (vs Mother's)	0.06996391237020337	0.15223925861919324	0.6458281208944243	0.9686939300525664	gyrA	QUINOLONE	Fluoroquinolones
ARO:3003380	AnyMilk[T.Donor]	Donor milk (vs Mother's)	-0.039569923181133615	0.08802861562984328	0.6530623198254613	0.9686939300525664	ramR	AMPICILLIN/CHLORAMPHENICOL/QUINOLONE/RIFAMPIN/TETRACYCLINE;TIGECYCLINE	Multi-drug resistance
ARO:3000124	AnyMilk[T.Donor]	Donor milk (vs Mother's)	0.01983653746475392	0.04443025562794405	0.6552616593699069	0.9686939300525664	mecI_of_mecA	METHICILLIN	betalactams
ARO:3000149	AnyMilk[T.Donor]	Donor milk (vs Mother's)	0.05639420234168835	0.12786189411166213	0.6591727576152	0.9686939300525664	fosA5_fam;fosA_PA1129;fosA_gen;fos_A_A2	FOSFOMYCIN	Fosfomycin
ARO:3000828	AnyMilk[T.Donor]	Donor milk (vs Mother's)	-0.040809571411734503	0.09786836953383839	0.6766899074811352	0.9686939300525664	baeR	AZTREONAM-AVIBACTAM;CEFIDEROCOL	Drug and biocide and metal resistance
ARO:3003043	AnyMilk[T.Donor]	Donor milk (vs Mother's)	0.03551949915702371	0.08906873149559519	0.6900497684308906	0.9686939300525664	pbp2x	BETA-LACTAM	betalactams
ARO:3003893	AnyMilk[T.Donor]	Donor milk (vs Mother's)	-0.04051608779805201	0.1018734534650802	0.690843989737125	0.9686939300525664	uhpA	FOSFOMYCIN	Fosfomycin
ARO:3002869	AnyMilk[T.Donor]	Donor milk (vs Mother's)	-0.022512066476933688	0.057977517872248974	0.6978017422305969	0.9686939300525664	dfrK	TRIMETHOPRIM	Trimethoprim
ARO:3003312	AnyMilk[T.Donor]	Donor milk (vs Mother's)	0.07182886750850544	0.1854984053045599	0.6985926466067081	0.9686939300525664	parC	QUINOLONE	Fluoroquinolones
ARO:3003966	AnyMilk[T.Donor]	Donor milk (vs Mother's)	-0.04047996140159457	0.10856077399465812	0.7092389920919981	0.9686939300525664	ompK35	CARBAPENEM	betalactams
ARO:3000186	AnyMilk[T.Donor]	Donor milk (vs Mother's)	0.07258326639418702	0.19514189508702376	0.7099291668429201	0.9686939300525664	tet(M)	TETRACYCLINE	Tetracyclines
ARO:3000830	AnyMilk[T.Donor]	Donor milk (vs Mother's)	0.04860737724117653	0.1327561338161308	0.7142603502329379	0.9686939300525664	cpxA	CEFTIBUTEN-AVIBACTAM	Drug and biocide resistance
ARO:3003899	AnyMilk[T.Donor]	Donor milk (vs Mother's)	0.04833025818151574	0.13376616671498695	0.7178721642575161	0.9686939300525664	ptsI	FOSFOMYCIN	Fosfomycin
ARO:3003092	AnyMilk[T.Donor]	Donor milk (vs Mother's)	-0.03764986789054791	0.10564822518997126	0.7215634230553758	0.9686939300525664	cls	DAPTOMYCIN	Lipopeptides
ARO:3003900	AnyMilk[T.Donor]	Donor milk (vs Mother's)	0.056352624909991024	0.1591201899871374	0.7232254852619265	0.9686939300525664	cyaA	FOSMIDOMYCIN	
ARO:3003890	AnyMilk[T.Donor]	Donor milk (vs Mother's)	0.05032508627795517	0.1442777469742328	0.7272342172747391	0.9686939300525664	uhpT	FOSFOMYCIN	Fosfomycin
ARO:3003922	AnyMilk[T.Donor]	Donor milk (vs Mother's)	0.07171612800325967	0.20643707479560783	0.7282912400768076	0.9686939300525664	oqxA	PHENICOL/QUINOLONE	Drug and biocide resistance;Multi-drug resistance
ARO:3004049	AnyMilk[T.Donor]	Donor milk (vs Mother's)	0.034628193178107274	0.1018309044434223	0.7338144808748479	0.9686939300525664	fabG	TRICLOSAN	Phenolic compound resistance
ARO:3006268	AnyMilk[T.Donor]	Donor milk (vs Mother's)	0.024966937076456877	0.07549594373903995	0.7408668148332014	0.9686939300525664	blaACT	CEPHALOSPORIN	betalactams
ARO:3007752	AnyMilk[T.Donor]	Donor milk (vs Mother's)	0.050515048527261804	0.15398285685501967	0.7428690836412577	0.9686939300525664	gyrB	QUINOLONE	Fluoroquinolones
ARO:3003209	AnyMilk[T.Donor]	Donor milk (vs Mother's)	0.024482130936558034	0.07584852985053189	0.7468644321868863	0.9686939300525664	fosA5_fam	FOSFOMYCIN	Fosfomycin
ARO:3006235	AnyMilk[T.Donor]	Donor milk (vs Mother's)	0.022875057781942713	0.07474156001200186	0.7595624678107493	0.9686939300525664	blaACT	CEPHALOSPORIN	betalactams
ARO:3006239	AnyMilk[T.Donor]	Donor milk (vs Mother's)	0.02281383797509754	0.07523395527390601	0.7617080475627018	0.9686939300525664	blaACT	CEPHALOSPORIN	betalactams
ARO:3000829	AnyMilk[T.Donor]	Donor milk (vs Mother's)	-0.03777175716588169	0.15255125976410586	0.8044435797615254	0.9945208180088192	baeS	AZTREONAM/AZTREONAM-AVIBACTAM;AZTREONAM/TEMOCILLIN/TICARCILLIN;CEFIDEROCOL;TEMOCILLIN	Drug and biocide and metal resistance
ARO:3003923	AnyMilk[T.Donor]	Donor milk (vs Mother's)	-0.06215384512554809	0.27471760811636636	0.8210098540844261	0.9945208180088192	oqxB	PHENICOL/QUINOLONE	Drug and biocide resistance;Multi-drug resistance
ARO:3003751	AnyMilk[T.Donor]	Donor milk (vs Mother's)	0.018137328372946626	0.08914941877773958	0.8387843822354304	0.9945208180088192	nfsA	NITROFURANTOIN	Chromium resistance
ARO:3003896	AnyMilk[T.Donor]	Donor milk (vs Mother's)	-0.02431234443820684	0.1246524544605768	0.8453608187414585	0.9945208180088192	phoQ	COLISTIN	Lipopeptides
ARO:3004956	AnyMilk[T.Donor]	Donor milk (vs Mother's)	-0.01130817253100367	0.06215413487472385	0.8556317165570357	0.9945208180088192	rplD	AZITHROMYCIN;AZITHROMYCIN/CHLORAMPHENICOL/CLARITHROMYCIN/ERYTHROMYCIN/LINEZOLID	MLS
ARO:3003756	AnyMilk[T.Donor]	Donor milk (vs Mother's)	-0.01466558719040904	0.08115729724860477	0.8565985750065475	0.9945208180088192	nfsB	NITROFURANTOIN	
ARO:3000216	AnyMilk[T.Donor]	Donor milk (vs Mother's)	-0.03514886716721644	0.23190989928949776	0.8795319338846372	0.9945208180088192	acrB	AZITHROMYCIN;AZITHROMYCIN/CLARITHROMYCIN/ERYTHROMYCIN;CEFTIBUTEN-AVIBACTAM;CEPHALOSPORIN	Drug and biocide resistance
ARO:3002703	AnyMilk[T.Donor]	Donor milk (vs Mother's)	-0.0152306057333631	0.10126188316039637	0.8804426644560608	0.9945208180088192	cmx	CHLORAMPHENICOL	Phenicol
ARO:3006251	AnyMilk[T.Donor]	Donor milk (vs Mother's)	0.010056676232039744	0.07437457517808575	0.8924406328241299	0.9945208180088192	blaACT	CEPHALOSPORIN	betalactams
ARO:3003585	AnyMilk[T.Donor]	Donor milk (vs Mother's)	0.01325221162871671	0.09999646930623292	0.8945676302763843	0.9945208180088192	phoP	COLISTIN	Drug and biocide resistance
ARO:3006238	AnyMilk[T.Donor]	Donor milk (vs Mother's)	0.009264030726182556	0.07320724966561976	0.8993003216160325	0.9945208180088192	blaACT	CEPHALOSPORIN	betalactams
ARO:3002872	AnyMilk[T.Donor]	Donor milk (vs Mother's)	-0.002780755128706174	0.022679916725146104	0.9024169640249347	0.9945208180088192	fos_A3_A4	FOSFOMYCIN	Fosfomycin
ARO:3003210	AnyMilk[T.Donor]	Donor milk (vs Mother's)	-0.0025118973003159135	0.02200061522809396	0.9090998960723946	0.9945208180088192	fos_A3_A4	FOSFOMYCIN	Fosfomycin
ARO:3003968	AnyMilk[T.Donor]	Donor milk (vs Mother's)	-0.013033785754574539	0.12330393703673807	0.915816779359492	0.9945208180088192	ompK36	CARBAPENEM	betalactams
ARO:3006265	AnyMilk[T.Donor]	Donor milk (vs Mother's)	0.0073561856800607485	0.07308101010034379	0.91982198173632	0.9945208180088192	blaACT	CEPHALOSPORIN	betalactams
ARO:3003511	AnyMilk[T.Donor]	Donor milk (vs Mother's)	0.008233356549853773	0.10602928913287281	0.9381051008507412	0.9945208180088192	soxS	AMPICILLIN/CHLORAMPHENICOL/QUINOLONE/RIFAMPIN/TETRACYCLINE	Drug and biocide and metal resistance
ARO:3003042	AnyMilk[T.Donor]	Donor milk (vs Mother's)	0.005928850271613362	0.08382143714852232	0.9436111246535922	0.9945208180088192	pbp2b	BETA-LACTAM	betalactams
ARO:3004111	AnyMilk[T.Donor]	Donor milk (vs Mother's)	0.004750380679679391	0.07611786505796779	0.950237746898901	0.9945208180088192	fosA5_fam	FOSFOMYCIN	Fosfomycin
ARO:3003323	AnyMilk[T.Donor]	Donor milk (vs Mother's)	0.0032758145722555816	0.06290965174590289	0.9584715364078552	0.9945208180088192	pgsA	DAPTOMYCIN	Lipopeptides
ARO:3006237	AnyMilk[T.Donor]	Donor milk (vs Mother's)	0.0033944398136058086	0.07204888397737594	0.9624231581253607	0.9945208180088192	blaACT	CEPHALOSPORIN	betalactams
ARO:3000521	AnyMilk[T.Donor]	Donor milk (vs Mother's)	0.005019977883553201	0.1321562154518072	0.9696994966304173	0.9945208180088192	mupA	MUPIROCIN	Mupirocin
ARO:3003381	AnyMilk[T.Donor]	Donor milk (vs Mother's)	-0.002885421998978278	0.10940322745932264	0.978958876801136	0.9945208180088192	soxR	AMPICILLIN/CHLORAMPHENICOL/QUINOLONE/RIFAMPIN/TETRACYCLINE	Drug and biocide resistance
ARO:3003901	AnyMilk[T.Donor]	Donor milk (vs Mother's)	-0.0011676011353895961	0.10224444993712326	0.9908885942310564	0.9945208180088192	glpT	FOSFOMYCIN	Fosfomycin
ARO:3000516	AnyMilk[T.Donor]	Donor milk (vs Mother's)	0.0008673739151606028	0.09221838696601278	0.9924954873513013	0.9945208180088192	emrR	NITROXOLINE	Drug and biocide resistance
ARO:3006260	AnyMilk[T.Donor]	Donor milk (vs Mother's)	0.0004978334025190267	0.07249448264302395	0.9945208180088192	0.9945208180088192	blaACT	CEPHALOSPORIN	betalactams
ARO:3007752	BodySite[T.Groin]	Groin (vs Axilla)	0.5262367529225401	0.06114831175465299	7.571489474898304e-18	6.643363093429894e-16	gyrB	QUINOLONE	Fluoroquinolones
ARO:3003900	BodySite[T.Groin]	Groin (vs Axilla)	0.5235382199102165	0.06149829634089637	1.6941345247470296e-17	6.643363093429894e-16	cyaA	FOSMIDOMYCIN	
ARO:3007751	BodySite[T.Groin]	Groin (vs Axilla)	0.5143843323988473	0.06053749725070959	1.9463043833595905e-17	6.643363093429894e-16	gyrA	QUINOLONE	Fluoroquinolones
ARO:3003794	BodySite[T.Groin]	Groin (vs Axilla)	-0.5242953845043201	0.06183452483883408	2.2712352456170582e-17	6.643363093429894e-16	walK	DAPTOMYCIN	Lipopeptides
ARO:3003899	BodySite[T.Groin]	Groin (vs Axilla)	0.44825558638405694	0.05398710160311412	1.0150408207960236e-16	2.0761945280016488e-15	ptsI	FOSFOMYCIN	Fosfomycin
ARO:3000830	BodySite[T.Groin]	Groin (vs Axilla)	0.4328425152659316	0.052166441255937245	1.0647151425649481e-16	2.0761945280016488e-15	cpxA	CEFTIBUTEN-AVIBACTAM	Drug and biocide resistance
ARO:3004049	BodySite[T.Groin]	Groin (vs Axilla)	0.34176953265641374	0.042261107488458745	6.11052990816144e-16	1.0213314275069835e-14	fabG	TRICLOSAN	Phenolic compound resistance
ARO:3003585	BodySite[T.Groin]	Groin (vs Axilla)	0.33313646404303143	0.041754725079217146	1.4822605737272903e-15	2.167806089076162e-14	phoP	COLISTIN	Drug and biocide resistance
ARO:3004045	BodySite[T.Groin]	Groin (vs Axilla)	0.3254502576294394	0.04107656560988246	2.3181904793968427e-15	3.013647623215895e-14	fabI	TRICLOSAN	Phenolic compound resistance
ARO:3000829	BodySite[T.Groin]	Groin (vs Axilla)	0.4662926293500357	0.05931651859096574	3.807979581153337e-15	4.455336109949404e-14	baeS	AZTREONAM/AZTREONAM-AVIBACTAM;AZTREONAM/TEMOCILLIN/TICARCILLIN;CEFIDEROCOL;TEMOCILLIN	Drug and biocide and metal resistance
ARO:3000502	BodySite[T.Groin]	Groin (vs Axilla)	0.513113563451356	0.06608845316721029	8.226426996219837e-15	8.749926895979281e-14	acrF	EFFLUX	Drug and biocide resistance
ARO:3000516	BodySite[T.Groin]	Groin (vs Axilla)	0.2809782399849944	0.03686444076157261	2.4990777370502223e-14	2.436600793623967e-13	emrR	NITROXOLINE	Drug and biocide resistance
ARO:3003395	BodySite[T.Groin]	Groin (vs Axilla)	0.3206051624390467	0.04217106432783244	2.904828321085841e-14	2.614345488977257e-13	rpsL	STREPTOMYCIN	Aminoglycosides
ARO:3003511	BodySite[T.Groin]	Groin (vs Axilla)	0.3105266023198661	0.04092790366063357	3.26990208946988e-14	2.7327038890569715e-13	soxS	AMPICILLIN/CHLORAMPHENICOL/QUINOLONE/RIFAMPIN/TETRACYCLINE	Drug and biocide and metal resistance
ARO:3003893	BodySite[T.Groin]	Groin (vs Axilla)	0.30417556457481565	0.04020065735070644	3.836130566161172e-14	2.968971446885461e-13	uhpA	FOSFOMYCIN	Fosfomycin
ARO:3000194	BodySite[T.Groin]	Groin (vs Axilla)	-0.6446114816743683	0.08533956954313132	4.237510085016672e-14	2.968971446885461e-13	tet(W)	TETRACYCLINE	Tetracyclines
ARO:3003386	BodySite[T.Groin]	Groin (vs Axilla)	0.37519853556213534	0.04968751738440516	4.313890136500243e-14	2.968971446885461e-13	folP	SULFONAMIDE	Sulfonamides
ARO:3000828	BodySite[T.Groin]	Groin (vs Axilla)	0.3097494683277154	0.04151348892982052	8.559662156592714e-14	5.563780401785264e-13	baeR	AZTREONAM-AVIBACTAM;CEFIDEROCOL	Drug and biocide and metal resistance
ARO:3000216	BodySite[T.Groin]	Groin (vs Axilla)	0.6081040442765078	0.08360295863699377	3.4973499922092205e-13	2.1536313109919935e-12	acrB	AZITHROMYCIN;AZITHROMYCIN/CLARITHROMYCIN/ERYTHROMYCIN;CEFTIBUTEN-AVIBACTAM;CEPHALOSPORIN	Drug and biocide resistance
ARO:3003923	BodySite[T.Groin]	Groin (vs Axilla)	0.783160472494192	0.10923694560695024	7.534170138162478e-13	4.4074895308250495e-12	oqxB	PHENICOL/QUINOLONE	Drug and biocide resistance;Multi-drug resistance
ARO:3003968	BodySite[T.Groin]	Groin (vs Axilla)	0.3439915810333386	0.048341409814462354	1.112025213683163e-12	6.195569047663337e-12	ompK36	CARBAPENEM	betalactams
ARO:3003499	BodySite[T.Groin]	Groin (vs Axilla)	-0.4487134712720707	0.06381595707218696	2.045184606318131e-12	1.0876663588146423e-11	tet(O/M/O);tet(O/W);tet(O/W/32/O);tet(O/W/O);tet(W/32/O);tet(W/N/W)	TETRACYCLINE	Tetracyclines
ARO:3000217	BodySite[T.Groin]	Groin (vs Axilla)	-0.5627814088306204	0.08016686899008564	2.2167047878901194e-12	1.1276280877528e-11	blaR1;blaR1-2	BETA-LACTAM	betalactams
ARO:3003735	BodySite[T.Groin]	Groin (vs Axilla)	-0.45207524890003303	0.0650328689749685	3.6145156168641784e-12	1.762076363221287e-11	fusA	FUSIDIC ACID	Fusidic acid
ARO:3000521	BodySite[T.Groin]	Groin (vs Axilla)	-0.4713209523616799	0.06998637304083362	1.6453141054884273e-11	7.70007001368584e-11	mupA	MUPIROCIN	Mupirocin
ARO:3003922	BodySite[T.Groin]	Groin (vs Axilla)	0.5276958419992472	0.07868014704685443	1.9887226832191663e-11	8.949252074486249e-11	oqxA	PHENICOL/QUINOLONE	Drug and biocide resistance;Multi-drug resistance
ARO:3003381	BodySite[T.Groin]	Groin (vs Axilla)	0.29245643890703893	0.043754348168003956	2.3242062533940727e-11	1.0071560431374314e-10	soxR	AMPICILLIN/CHLORAMPHENICOL/QUINOLONE/RIFAMPIN/TETRACYCLINE	Drug and biocide resistance
ARO:3003896	BodySite[T.Groin]	Groin (vs Axilla)	0.3192303932700815	0.048144071054227654	3.3402806664270396e-11	1.395760135614156e-10	phoQ	COLISTIN	Lipopeptides
ARO:3003373	BodySite[T.Groin]	Groin (vs Axilla)	0.25402549869687263	0.03883754395061733	6.122338060525389e-11	2.4700467347636916e-10	acrR	AMPICILLIN/CHLORAMPHENICOL/QUINOLONE/RIFAMPIN/TETRACYCLINE;TIGECYCLINE	Drug and biocide resistance
ARO:3000617	BodySite[T.Groin]	Groin (vs Axilla)	-0.6374753119521914	0.09772312765151311	6.878633561709364e-11	2.682667089066652e-10	mecA;mecA-ceftar	CEFTAROLINE/METHICILLIN;METHICILLIN	betalactams
ARO:3003729	BodySite[T.Groin]	Groin (vs Axilla)	-0.3713147249928123	0.06011312220358789	6.535881499336226e-10	2.466768178781737e-09	ileS	MUPIROCIN	Mupirocin
ARO:3000149	BodySite[T.Groin]	Groin (vs Axilla)	0.2963826878930236	0.04826351831109051	8.204186966268931e-10	2.9996558595420775e-09	fosA5_fam;fosA_PA1129;fosA_gen;fos_A_A2	FOSFOMYCIN	Fosfomycin
ARO:3002865	BodySite[T.Groin]	Groin (vs Axilla)	-0.25855769903337755	0.042291848032888546	9.737569903911077e-10	3.4524111477502913e-09	dfrC	TRIMETHOPRIM	Trimethoprim
ARO:3003312	BodySite[T.Groin]	Groin (vs Axilla)	0.46073788231981	0.07680142306885451	1.9843856321025825e-09	6.8286211457647686e-09	parC	QUINOLONE	Fluoroquinolones
ARO:3004114	BodySite[T.Groin]	Groin (vs Axilla)	0.26568855088043686	0.0446069782806261	2.58153836570829e-09	8.629713965367713e-09	ompC	CARBAPENEM	betalactams
ARO:3002591	BodySite[T.Groin]	Groin (vs Axilla)	-0.43730102607611504	0.07353289683292051	2.730812577221721e-09	8.875140875970594e-09	aac(3)-IIa;aac(3)-IIc;aac(3)-IId;aac(3)-IIe;aac(3)-XI;aac(6')-IIa;aac(6')-Ib';aac(6')-Ib-AGKT;aac(6')-Ib-AKT;aac(6')-Ib-D181Y;aac(6')-Ib-G;aac(6')-Ib-K;aac(6')-Ib-W104R;aac(6')-Ib-cr;aac(6')-Ib11;aac(6')-Ie;aac(6')-Ie2;aac(6')-Im;aac(6')_Entco;aph(2'')-Ia;aph(2'')-If2	AMIKACIN/GENTAMICIN/KANAMYCIN/TOBRAMYCIN;AMIKACIN/KANAMYCIN/QUINOLONE/TOBRAMYCIN;AMIKACIN/KANAMYCIN/TOBRAMYCIN;AMINOGLYCOSIDE;GENTAMICIN;GENTAMICIN/KANAMYCIN/TOBRAMYCIN;KANAMYCIN	Aminoglycosides
ARO:3003737	BodySite[T.Groin]	Groin (vs Axilla)	-0.24109814122033754	0.04079796998859152	3.4301814465783243e-09	1.0846789979720647e-08	fusE	FUSIDIC ACID	Fusidic acid
ARO:3003966	BodySite[T.Groin]	Groin (vs Axilla)	0.23936184622124607	0.04179622866971211	1.0229648885481233e-08	3.14965505158238e-08	ompK35	CARBAPENEM	betalactams
ARO:3004956	BodySite[T.Groin]	Groin (vs Axilla)	-0.16006821139295183	0.02864403028449857	2.294518555268861e-08	6.883555665806583e-08	rplD	AZITHROMYCIN;AZITHROMYCIN/CHLORAMPHENICOL/CLARITHROMYCIN/ERYTHROMYCIN/LINEZOLID	MLS
ARO:3003042	BodySite[T.Groin]	Groin (vs Axilla)	-0.21929297504879358	0.04015338805389313	4.724432667093117e-08	1.381896555124737e-07	pbp2b	BETA-LACTAM	betalactams
ARO:3003043	BodySite[T.Groin]	Groin (vs Axilla)	-0.23327101222860677	0.04327871345870341	7.046903843051806e-08	2.0109457308221008e-07	pbp2x	BETA-LACTAM	betalactams
ARO:3003291	BodySite[T.Groin]	Groin (vs Axilla)	-0.4237991515559275	0.07967524082617249	1.0429203862070958e-07	2.854775532514267e-07	rpoC	BETA-LACTAM;DAPTOMYCIN;FIDAXOMICIN	Lipopeptides
ARO:3003751	BodySite[T.Groin]	Groin (vs Axilla)	0.18861245410004812	0.03546686040964213	1.0491910076761837e-07	2.854775532514267e-07	nfsA	NITROFURANTOIN	Chromium resistance
ARO:3004639	BodySite[T.Groin]	Groin (vs Axilla)	-0.16965636216299945	0.03228870011595742	1.4854238841871902e-07	3.949877146588665e-07	tetAB_A	TETRACYCLINE	Tetracyclines
ARO:3004126	BodySite[T.Groin]	Groin (vs Axilla)	0.21673322356032784	0.0417490367123085	2.0879189013724735e-07	5.428589143568431e-07	lamB	CEFTAZIDIME-AVIBACTAM	betalactams
ARO:3003380	BodySite[T.Groin]	Groin (vs Axilla)	0.17870771429254956	0.03464361192168281	2.489882138713845e-07	6.332961091946084e-07	ramR	AMPICILLIN/CHLORAMPHENICOL/QUINOLONE/RIFAMPIN/TETRACYCLINE;TIGECYCLINE	Multi-drug resistance
ARO:3000599	BodySite[T.Groin]	Groin (vs Axilla)	-0.22692472331616226	0.04667571933045768	1.1636454374927033e-06	2.896734386949921e-06	erm(33)	CLINDAMYCIN/ERYTHROMYCIN/LINCOMYCIN	MLS
ARO:3003285	BodySite[T.Groin]	Groin (vs Axilla)	-0.3801273941961798	0.07859598723534764	1.3216301217715459e-06	3.2214734218181432e-06	rpoB	BETA-LACTAM;DAPTOMYCIN/RIFAXIMIN;FIDAXOMICIN;RIFAMPIN;RIFAMYCIN	Multi-drug resistance
ARO:3004111	BodySite[T.Groin]	Groin (vs Axilla)	0.13830596047557453	0.029611802107037847	3.0026803725020182e-06	7.169665379239513e-06	fosA5_fam	FOSFOMYCIN	Fosfomycin
ARO:3000621	BodySite[T.Groin]	Groin (vs Axilla)	-0.3414401448471545	0.07780702562083483	1.1424299527657156e-05	2.6732860894717744e-05	blaZ	BETA-LACTAM	betalactams
ARO:3003378	BodySite[T.Groin]	Groin (vs Axilla)	0.12631138124342026	0.02889457075783565	1.234200095687934e-05	2.831400219519378e-05	marR	AMPICILLIN/CHLORAMPHENICOL/QUINOLONE/RIFAMPIN/TETRACYCLINE	Drug and biocide resistance
ARO:3000172	BodySite[T.Groin]	Groin (vs Axilla)	-0.1831896258561125	0.04196256015543391	1.268036871881971e-05	2.853082961734435e-05	fosB-Saur;fosB-Sepi;fosB_gen;fosBx1-fam	FOSFOMYCIN	Fosfomycin
ARO:3003582	BodySite[T.Groin]	Groin (vs Axilla)	0.12101788587107762	0.027851444408338685	1.3919914246783603e-05	3.072886729950343e-05	basR	COLISTIN	Cationic antimicrobial peptides
ARO:3003756	BodySite[T.Groin]	Groin (vs Axilla)	0.13354063451433085	0.030778694794780216	1.4330447116599687e-05	3.1049302085965983e-05	nfsB	NITROFURANTOIN	
ARO:3003209	BodySite[T.Groin]	Groin (vs Axilla)	0.12371978736686734	0.02893300089097511	1.9021404813260122e-05	4.0463715693662444e-05	fosA5_fam	FOSFOMYCIN	Fosfomycin
ARO:3005230	BodySite[T.Groin]	Groin (vs Axilla)	0.134013624891622	0.03300293510504504	4.8934656352660416e-05	0.00010223847845109408	blaSHV	BETA-LACTAM	betalactams
ARO:3005227	BodySite[T.Groin]	Groin (vs Axilla)	0.12964612821627644	0.03284370632119829	7.901573090626416e-05	0.00016219018449180537	blaSHV	BETA-LACTAM	betalactams
ARO:3000822	BodySite[T.Groin]	Groin (vs Axilla)	0.17303660903197854	0.04458670809784366	0.00010407011432039725	0.00020993454095666342	pmrA	COLISTIN;QUINOLONE	Drug and biocide resistance
ARO:3006878	BodySite[T.Groin]	Groin (vs Axilla)	0.1032804334229441	0.02707436838204806	0.00013635172800723387	0.0002497898186167109	blaEC	CEPHALOSPORIN	betalactams
ARO:3006876	BodySite[T.Groin]	Groin (vs Axilla)	0.1033186053600112	0.0271023122436	0.00013775241235945484	0.0002497898186167109	blaEC	CEPHALOSPORIN	betalactams
ARO:3006877	BodySite[T.Groin]	Groin (vs Axilla)	0.10320478671553086	0.027075829802210172	0.00013801749132114739	0.0002497898186167109	blaEC	CEPHALOSPORIN	betalactams
ARO:3006874	BodySite[T.Groin]	Groin (vs Axilla)	0.10320475236130258	0.02707588054827772	0.00013802218972131555	0.0002497898186167109	blaEC	CEPHALOSPORIN	betalactams
ARO:3006875	BodySite[T.Groin]	Groin (vs Axilla)	0.103212454097707	0.027081868035356126	0.00013833434721969746	0.0002497898186167109	blaEC	CEPHALOSPORIN	betalactams
ARO:3004290	BodySite[T.Groin]	Groin (vs Axilla)	0.10356754178885716	0.02717852612901843	0.00013860825358012098	0.0002497898186167109	blaEC	BETA-LACTAM	betalactams
ARO:3003901	BodySite[T.Groin]	Groin (vs Axilla)	-0.17438792680286794	0.0457669464166203	0.0001387721214537283	0.0002497898186167109	glpT	FOSFOMYCIN	Fosfomycin
ARO:3003797	BodySite[T.Groin]	Groin (vs Axilla)	0.14998455478606243	0.040220534915364925	0.0001921998098585967	0.00034071784474933053	yybT	DAPTOMYCIN	Lipopeptides
ARO:3003390	BodySite[T.Groin]	Groin (vs Axilla)	0.10520462794989265	0.028459819785111935	0.00021850445503559986	0.00038156748118156993	ompF	CEPHALOSPORIN	betalactams
ARO:3006879	BodySite[T.Groin]	Groin (vs Axilla)	0.09876090624671334	0.026802514908979554	0.0002289158475289712	0.00038872645184716975	blaEC	CEPHALOSPORIN	betalactams
ARO:3001214	BodySite[T.Groin]	Groin (vs Axilla)	0.10308084626828541	0.027985909979921262	0.00023022282651910883	0.00038872645184716975	mdtM	EFFLUX	Drug and biocide resistance
ARO:3000215	BodySite[T.Groin]	Groin (vs Axilla)	-0.15686069240737596	0.0426167877459691	0.00023257138144702462	0.00038872645184716975	mecR1	METHICILLIN	betalactams
ARO:3003805	BodySite[T.Groin]	Groin (vs Axilla)	0.1515244717345694	0.04141745873771705	0.0002537268326253207	0.0004181132312276412	gshF	DAPTOMYCIN	Lipopeptides
ARO:3002703	BodySite[T.Groin]	Groin (vs Axilla)	-0.14060578782692806	0.04167469124975245	0.0007411421164348491	0.0012043559392066298	cmx	CHLORAMPHENICOL	Phenicol
ARO:3001044	BodySite[T.Groin]	Groin (vs Axilla)	0.11521645598759515	0.03430136748397935	0.0007824023173029683	0.00125398727567736	blaTEM	BETA-LACTAM	betalactams
ARO:3003323	BodySite[T.Groin]	Groin (vs Axilla)	-0.10239031823529351	0.031339637122699916	0.001086480695590939	0.0017178140727586468	pgsA	DAPTOMYCIN	Lipopeptides
ARO:3001387	BodySite[T.Groin]	Groin (vs Axilla)	0.10767662452179588	0.0336008718231802	0.0013526049687671558	0.0021100637512767627	blaTEM	BETA-LACTAM	betalactams
ARO:3000412	BodySite[T.Groin]	Groin (vs Axilla)	0.14145183355023963	0.04543110059508346	0.0018485352603984137	0.0028457713877186102	sul2	SULFONAMIDE	Sulfonamides
ARO:3003079	BodySite[T.Groin]	Groin (vs Axilla)	0.11008091860434112	0.03583802115290867	0.0021289786111373782	0.0032033454303559195	liaS	DAPTOMYCIN	Lipopeptides
ARO:3003078	BodySite[T.Groin]	Groin (vs Axilla)	0.11001770929078142	0.03582819779184047	0.0021355636202372795	0.0032033454303559195	liaR	DAPTOMYCIN	Lipopeptides
ARO:3000186	BodySite[T.Groin]	Groin (vs Axilla)	0.2634068173112895	0.08815470818923828	0.0028080382997132483	0.004158740266663925	tet(M)	TETRACYCLINE	Tetracyclines
ARO:3003315	BodySite[T.Groin]	Groin (vs Axilla)	0.17496375373011352	0.06610949215994537	0.008131138306463098	0.011857210254854426	parE	QUINOLONE	Fluoroquinolones
ARO:3003077	BodySite[T.Groin]	Groin (vs Axilla)	0.08163357508678029	0.03088253620180316	0.00820883786874537	0.011857210254854426	liaF	DAPTOMYCIN	Lipopeptides
ARO:3003937	BodySite[T.Groin]	Groin (vs Axilla)	-0.12888516840830974	0.04903152502283193	0.00857325072947518	0.012232565065226781	pbp2	CEPHALOSPORIN	betalactams
ARO:3005320	BodySite[T.Groin]	Groin (vs Axilla)	-0.056662567503607604	0.02302398555435013	0.013854132494512623	0.019529319299493697	blaOXA-2_fam	BETA-LACTAM	betalactams
ARO:3002804	BodySite[T.Groin]	Groin (vs Axilla)	0.05051303034178406	0.021062480061028236	0.01647375088492347	0.022945581589714832	fos_A_A2	FOSFOMYCIN	Fosfomycin
ARO:3005319	BodySite[T.Groin]	Groin (vs Axilla)	-0.05352356995694206	0.022489255157008333	0.017314429140014517	0.0238328024633141	blaOXA-2_fam	CEPHALOSPORIN	betalactams
ARO:3005099	BodySite[T.Groin]	Groin (vs Axilla)	-0.06391088623459425	0.028410402360246296	0.024476931407529875	0.03330001133349994	erm(A)	AZITHROMYCIN/CLARITHROMYCIN/CLINDAMYCIN/ERYTHROMYCIN/TELITHROMYCIN	MLS
ARO:3002872	BodySite[T.Groin]	Groin (vs Axilla)	0.027911688725760397	0.013683754578808086	0.04137340919605209	0.05564010202227695	fos_A3_A4	FOSFOMYCIN	Fosfomycin
ARO:3005664	BodySite[T.Groin]	Groin (vs Axilla)	0.047980867245486065	0.024196097816175658	0.047367405182699995	0.06297711825427159	blaCTX-M	CEPHALOSPORIN	betalactams
ARO:3006236	BodySite[T.Groin]	Groin (vs Axilla)	0.047842950912341566	0.02458248442652234	0.051628181366767674	0.06787075527990807	blaACT	CEPHALOSPORIN	betalactams
ARO:3006268	BodySite[T.Groin]	Groin (vs Axilla)	0.04770550935918293	0.024676142839363622	0.0532036305792466	0.06855934867589	blaACT	CEPHALOSPORIN	betalactams
ARO:3001998	BodySite[T.Groin]	Groin (vs Axilla)	0.04761024928602834	0.02464197564421171	0.05334972769748481	0.06855934867589	blaCTX-M	CEPHALOSPORIN	betalactams
ARO:3006239	BodySite[T.Groin]	Groin (vs Axilla)	0.0474106891146771	0.024596223418098338	0.053909915198135726	0.06855934867589	blaACT	CEPHALOSPORIN	betalactams
ARO:3003210	BodySite[T.Groin]	Groin (vs Axilla)	0.02462161490402096	0.012990246848580182	0.05804043733377939	0.0730186147102386	fos_A3_A4	FOSFOMYCIN	Fosfomycin
ARO:3006240	BodySite[T.Groin]	Groin (vs Axilla)	0.04401134994954287	0.024262253460158086	0.06968012329738786	0.08640929816436399	blaACT	CEPHALOSPORIN	betalactams
ARO:3006266	BodySite[T.Groin]	Groin (vs Axilla)	0.041167197157659305	0.02273341466128603	0.07016139594542375	0.08640929816436399	blaACT	CEPHALOSPORIN	betalactams
ARO:3006235	BodySite[T.Groin]	Groin (vs Axilla)	0.04387142006816452	0.024388722256108303	0.07204392302913634	0.08780353119175992	blaACT	CEPHALOSPORIN	betalactams
ARO:3002619	BodySite[T.Groin]	Groin (vs Axilla)	-0.04568706641492783	0.026136462959831096	0.08046052168241441	0.0970503199674483	aadA22	STREPTOMYCIN	Aminoglycosides
ARO:3006265	BodySite[T.Groin]	Groin (vs Axilla)	0.039641164941453005	0.024240124997949617	0.10197503614740473	0.12174570642088116	blaACT	CEPHALOSPORIN	betalactams
ARO:3006260	BodySite[T.Groin]	Groin (vs Axilla)	0.03856735689509921	0.023717812072808396	0.10392997418699593	0.12282633313008609	blaACT	CEPHALOSPORIN	betalactams
ARO:3006237	BodySite[T.Groin]	Groin (vs Axilla)	0.03789360675431169	0.02344216024873888	0.10599220021103235	0.12401087424690786	blaACT	CEPHALOSPORIN	betalactams
ARO:3003197	BodySite[T.Groin]	Groin (vs Axilla)	-0.04457801283927657	0.02833909145432444	0.11571373626171884	0.13404462517446636	aadA25	STREPTOMYCIN	Aminoglycosides
ARO:3003297	BodySite[T.Groin]	Groin (vs Axilla)	-0.12389366008239691	0.08039906751613485	0.12332073028685187	0.14145613179962419	gyrA	QUINOLONE	Fluoroquinolones
ARO:3006251	BodySite[T.Groin]	Groin (vs Axilla)	0.03444943327734188	0.024159707848120673	0.15389594451190552	0.1748138398824558	blaACT	CEPHALOSPORIN	betalactams
ARO:3006238	BodySite[T.Groin]	Groin (vs Axilla)	0.03399812648777348	0.024044612368671486	0.15737356942564262	0.17704526560384795	blaACT	CEPHALOSPORIN	betalactams
ARO:3000179	BodySite[T.Groin]	Groin (vs Axilla)	0.05369678648882319	0.03943713334650997	0.17333067501104327	0.19313989501230536	tet(L)	TETRACYCLINE	Tetracyclines
ARO:3003775	BodySite[T.Groin]	Groin (vs Axilla)	0.0638509832987459	0.0572103447687981	0.2643904231516889	0.2918271651768642	murA	FOSFOMYCIN	Fosfomycin
ARO:3002869	BodySite[T.Groin]	Groin (vs Axilla)	0.027509571459127833	0.025510190405463068	0.2808660914349247	0.30711525885874946	dfrK	TRIMETHOPRIM	Trimethoprim
ARO:3003092	BodySite[T.Groin]	Groin (vs Axilla)	-0.04942501052054974	0.05073892184500615	0.33000467081191265	0.35750506004623867	cls	DAPTOMYCIN	Lipopeptides
ARO:3002868	BodySite[T.Groin]	Groin (vs Axilla)	0.01739891108293964	0.01840373144029736	0.344454053898648	0.36973508537744787	dfrG	TRIMETHOPRIM	Trimethoprim
ARO:3003303	BodySite[T.Groin]	Groin (vs Axilla)	-0.052532715727872215	0.06634640265849685	0.4284805185446451	0.4557474606338498	gyrB	NALIDIXIC ACID;QUINOLONE;ZOLIFLODACIN	Aminocoumarins
ARO:3003890	BodySite[T.Groin]	Groin (vs Axilla)	0.027196687933211627	0.05769666324257318	0.6373739147765041	0.6718265588184773	uhpT	FOSFOMYCIN	Fosfomycin
ARO:3000565	BodySite[T.Groin]	Groin (vs Axilla)	-0.013380890060320836	0.04340475748016471	0.7578680311183958	0.7917014253647527	tet(38)	TETRACYCLINE	Tetracyclines
ARO:3000410	BodySite[T.Groin]	Groin (vs Axilla)	-0.014688003965232826	0.07004728455245744	0.8339119835148463	0.857527768445114	sul1	SULFONAMIDE	Sulfonamides
ARO:3000178	BodySite[T.Groin]	Groin (vs Axilla)	0.0046877287553929795	0.023352920898038195	0.8409064543682979	0.857527768445114	tet(K)	TETRACYCLINE	Tetracyclines
ARO:3000026	BodySite[T.Groin]	Groin (vs Axilla)	-0.006213161690968196	0.031344015785377356	0.8428691741127189	0.857527768445114	mepA	TIGECYCLINE	Drug and biocide resistance
ARO:3003930	BodySite[T.Groin]	Groin (vs Axilla)	0.007152756539367805	0.04048495508452846	0.8597621830818927	0.8619833084994906	rpsJ	TETRACYCLINE;TIGECYCLINE	Tetracyclines
ARO:3000124	BodySite[T.Groin]	Groin (vs Axilla)	-0.003400642249303605	0.01956077801379552	0.8619833084994906	0.8619833084994906	mecI_of_mecA	METHICILLIN	betalactams
ARO:3003395	BodySite[T.Stool]	Stool (vs Axilla)	0.6855890962766156	0.04202874549378516	8.058332950530823e-60	9.428249552121062e-58	rpsL	STREPTOMYCIN	Aminoglycosides
ARO:3003312	BodySite[T.Stool]	Stool (vs Axilla)	1.2298005736226205	0.0765338866010627	4.2281616868582026e-58	2.4734745868120482e-56	parC	QUINOLONE	Fluoroquinolones
ARO:3003899	BodySite[T.Stool]	Stool (vs Axilla)	0.8434069850688902	0.0538085378219048	2.2698613728661827e-55	8.852459354178113e-54	ptsI	FOSFOMYCIN	Fosfomycin
ARO:3004045	BodySite[T.Stool]	Stool (vs Axilla)	0.624489860323491	0.040946232433953456	1.6099056007035883e-52	4.7089738820579954e-51	fabI	TRICLOSAN	Phenolic compound resistance
ARO:3007752	BodySite[T.Stool]	Stool (vs Axilla)	0.9243214344565471	0.06094564929005411	5.9095532632881735e-52	1.374885031995603e-50	gyrB	QUINOLONE	Fluoroquinolones
ARO:3000829	BodySite[T.Stool]	Stool (vs Axilla)	0.8961604290278397	0.05913404983723772	7.050692471772324e-52	1.374885031995603e-50	baeS	AZTREONAM/AZTREONAM-AVIBACTAM;AZTREONAM/TEMOCILLIN/TICARCILLIN;CEFIDEROCOL;TEMOCILLIN	Drug and biocide and metal resistance
ARO:3000516	BodySite[T.Stool]	Stool (vs Axilla)	0.5565319605393776	0.0367489051700206	8.278321713034254e-52	1.3836623434642965e-50	emrR	NITROXOLINE	Drug and biocide resistance
ARO:3007751	BodySite[T.Stool]	Stool (vs Axilla)	0.9058787497832571	0.0603377494521301	5.993238465242429e-51	8.765111255417052e-50	gyrA	QUINOLONE	Fluoroquinolones
ARO:3000828	BodySite[T.Stool]	Stool (vs Axilla)	0.615697015816292	0.041375410350588365	4.395637150838362e-50	5.71432829608987e-49	baeR	AZTREONAM-AVIBACTAM;CEFIDEROCOL	Drug and biocide and metal resistance
ARO:3003900	BodySite[T.Stool]	Stool (vs Axilla)	0.9084569428556863	0.06130213370817945	1.0986438904728552e-49	1.2854133518532405e-48	cyaA	FOSMIDOMYCIN	
ARO:3004049	BodySite[T.Stool]	Stool (vs Axilla)	0.6233080636899084	0.0421218097319059	1.5146218524340328e-49	1.6110068794071075e-48	fabG	TRICLOSAN	Phenolic compound resistance
ARO:3003585	BodySite[T.Stool]	Stool (vs Axilla)	0.6053264782673066	0.041617576158183726	6.28565975232538e-48	6.128518258517246e-47	phoP	COLISTIN	Drug and biocide resistance
ARO:3000830	BodySite[T.Stool]	Stool (vs Axilla)	0.746847185439914	0.05200473480362768	9.072476098316307e-47	8.165228488484677e-46	cpxA	CEFTIBUTEN-AVIBACTAM	Drug and biocide resistance
ARO:3003386	BodySite[T.Stool]	Stool (vs Axilla)	0.7043888924583562	0.04954463568179952	7.160352568475506e-46	5.984008932225958e-45	folP	SULFONAMIDE	Sulfonamides
ARO:3003968	BodySite[T.Stool]	Stool (vs Axilla)	0.6834647242050487	0.04818738317380902	1.1595303099129052e-45	9.044336417320661e-45	ompK36	CARBAPENEM	betalactams
ARO:3000502	BodySite[T.Stool]	Stool (vs Axilla)	0.9322141170122251	0.0658789073571066	1.8564886000853245e-45	1.3575572888123935e-44	acrF	EFFLUX	Drug and biocide resistance
ARO:3000216	BodySite[T.Stool]	Stool (vs Axilla)	1.174387980030347	0.08335111355043114	4.3973833284317634e-45	3.0264344083912724e-44	acrB	AZITHROMYCIN;AZITHROMYCIN/CLARITHROMYCIN/ERYTHROMYCIN;CEFTIBUTEN-AVIBACTAM;CEPHALOSPORIN	Drug and biocide resistance
ARO:3003511	BodySite[T.Stool]	Stool (vs Axilla)	0.5719474445744648	0.04080073667952845	1.2086261257789065e-44	7.856069817562891e-44	soxS	AMPICILLIN/CHLORAMPHENICOL/QUINOLONE/RIFAMPIN/TETRACYCLINE	Drug and biocide and metal resistance
ARO:3004114	BodySite[T.Stool]	Stool (vs Axilla)	0.6150578990434936	0.04446176235359937	1.6023495463542351e-43	9.867099838076079e-43	ompC	CARBAPENEM	betalactams
ARO:3003893	BodySite[T.Stool]	Stool (vs Axilla)	0.5406152766769006	0.04007704722842545	1.8056668810469582e-41	1.0563151254124705e-40	uhpA	FOSFOMYCIN	Fosfomycin
ARO:3003373	BodySite[T.Stool]	Stool (vs Axilla)	0.47544807195855143	0.038717696243258215	1.161923915976112e-34	6.4735761032954815e-34	acrR	AMPICILLIN/CHLORAMPHENICOL/QUINOLONE/RIFAMPIN/TETRACYCLINE;TIGECYCLINE	Drug and biocide resistance
ARO:3000194	BodySite[T.Stool]	Stool (vs Axilla)	-1.0374222839287315	0.085038398186955	3.1290349078575045e-34	1.6640776555424e-33	tet(W)	TETRACYCLINE	Tetracyclines
ARO:3003922	BodySite[T.Stool]	Stool (vs Axilla)	0.9524154788916873	0.07843675708050353	6.290302251101017e-34	3.1998494059948655e-33	oqxA	PHENICOL/QUINOLONE	Drug and biocide resistance;Multi-drug resistance
ARO:3003896	BodySite[T.Stool]	Stool (vs Axilla)	0.5805400084403916	0.04798861299113639	1.0893841843911452e-33	5.310747898906833e-33	phoQ	COLISTIN	Lipopeptides
ARO:3003381	BodySite[T.Stool]	Stool (vs Axilla)	0.5156698055871856	0.04363725379902433	3.181414765982509e-32	1.4889021104798143e-31	soxR	AMPICILLIN/CHLORAMPHENICOL/QUINOLONE/RIFAMPIN/TETRACYCLINE	Drug and biocide resistance
ARO:3000149	BodySite[T.Stool]	Stool (vs Axilla)	0.5612565350412951	0.04812028126318845	1.955547076756475e-31	8.799961845404137e-31	fosA5_fam;fosA_PA1129;fosA_gen;fos_A_A2	FOSFOMYCIN	Fosfomycin
ARO:3003923	BodySite[T.Stool]	Stool (vs Axilla)	1.2547825196909215	0.10887257871998544	9.843835317040246e-31	4.26566197071744e-30	oqxB	PHENICOL/QUINOLONE	Drug and biocide resistance;Multi-drug resistance
ARO:3003315	BodySite[T.Stool]	Stool (vs Axilla)	0.7364225505272178	0.06588527466241773	5.264039331727443e-29	2.199616435043253e-28	parE	QUINOLONE	Fluoroquinolones
ARO:3003966	BodySite[T.Stool]	Stool (vs Axilla)	0.4555390820918205	0.04167860968202815	8.302652430348773e-28	3.349690808106229e-27	ompK35	CARBAPENEM	betalactams
ARO:3003079	BodySite[T.Stool]	Stool (vs Axilla)	0.3858766990200938	0.035718398521117266	3.320379986009491e-27	1.2949481945437016e-26	liaS	DAPTOMYCIN	Lipopeptides
ARO:3003499	BodySite[T.Stool]	Stool (vs Axilla)	-0.6761943011913107	0.0635940964344408	2.093313168323108e-26	7.900569054638827e-26	tet(O/M/O);tet(O/W);tet(O/W/32/O);tet(O/W/O);tet(W/32/O);tet(W/N/W)	TETRACYCLINE	Tetracyclines
ARO:3000186	BodySite[T.Stool]	Stool (vs Axilla)	0.9296321883007334	0.0878617641736221	3.6651365856514e-26	1.340065564128793e-25	tet(M)	TETRACYCLINE	Tetracyclines
ARO:3003078	BodySite[T.Stool]	Stool (vs Axilla)	0.37464958522536596	0.03570732406121414	9.378470269122691e-26	3.325094004507136e-25	liaR	DAPTOMYCIN	Lipopeptides
ARO:3003751	BodySite[T.Stool]	Stool (vs Axilla)	0.3671867710285783	0.03537176006296062	3.0325904024715795e-25	1.0435678737916905e-24	nfsA	NITROFURANTOIN	Chromium resistance
ARO:3003794	BodySite[T.Stool]	Stool (vs Axilla)	-0.6324712140569608	0.061602606449138134	9.928873798547913e-25	3.3190806698003025e-24	walK	DAPTOMYCIN	Lipopeptides
ARO:3003077	BodySite[T.Stool]	Stool (vs Axilla)	0.31110778816198015	0.030776266762409268	5.0554921699112754e-24	1.6430349552211645e-23	liaF	DAPTOMYCIN	Lipopeptides
ARO:3003380	BodySite[T.Stool]	Stool (vs Axilla)	0.343007909052778	0.0345436743870183	3.0922156072144935e-23	9.765694615619652e-23	ramR	AMPICILLIN/CHLORAMPHENICOL/QUINOLONE/RIFAMPIN/TETRACYCLINE;TIGECYCLINE	Multi-drug resistance
ARO:3004111	BodySite[T.Stool]	Stool (vs Axilla)	0.29312593753291355	0.029527688545158394	3.1717640631927077e-23	9.765694615619652e-23	fosA5_fam	FOSFOMYCIN	Fosfomycin
ARO:3000822	BodySite[T.Stool]	Stool (vs Axilla)	0.4371002733034963	0.044444296085711384	7.973458898578702e-23	2.3920376695736106e-22	pmrA	COLISTIN;QUINOLONE	Drug and biocide resistance
ARO:3003209	BodySite[T.Stool]	Stool (vs Axilla)	0.2683233628896772	0.028851830172854576	1.4038424474142185e-20	4.106239158686589e-20	fosA5_fam	FOSFOMYCIN	Fosfomycin
ARO:3003797	BodySite[T.Stool]	Stool (vs Axilla)	0.37116424230646516	0.04009554836582358	2.1026884692390852e-20	6.000354900023732e-20	yybT	DAPTOMYCIN	Lipopeptides
ARO:3003378	BodySite[T.Stool]	Stool (vs Axilla)	0.26401490626638874	0.02882792965511981	5.271995186788581e-20	1.4686272306053904e-19	marR	AMPICILLIN/CHLORAMPHENICOL/QUINOLONE/RIFAMPIN/TETRACYCLINE	Drug and biocide resistance
ARO:3003930	BodySite[T.Stool]	Stool (vs Axilla)	0.36724155815066395	0.04033502301618224	8.644051577350354e-20	2.351986126860445e-19	rpsJ	TETRACYCLINE;TIGECYCLINE	Tetracyclines
ARO:3004126	BodySite[T.Stool]	Stool (vs Axilla)	0.36844651327538125	0.04162539064221751	8.636252401808639e-19	2.2964580250263882e-18	lamB	CEFTAZIDIME-AVIBACTAM	betalactams
ARO:3003805	BodySite[T.Stool]	Stool (vs Axilla)	0.36498071865390913	0.041283715754545286	9.504297247877515e-19	2.471117284448154e-18	gshF	DAPTOMYCIN	Lipopeptides
ARO:3005230	BodySite[T.Stool]	Stool (vs Axilla)	0.27397773212279075	0.03290575992470149	8.35259909076571e-17	2.124465420912148e-16	blaSHV	BETA-LACTAM	betalactams
ARO:3005227	BodySite[T.Stool]	Stool (vs Axilla)	0.2715383931107685	0.03274770532726607	1.1151959478273924e-16	2.776126082889466e-16	blaSHV	BETA-LACTAM	betalactams
ARO:3003775	BodySite[T.Stool]	Stool (vs Axilla)	0.4651752862738434	0.057010476021227045	3.364969856852504e-16	8.202114026077979e-16	murA	FOSFOMYCIN	Fosfomycin
ARO:3000217	BodySite[T.Stool]	Stool (vs Axilla)	-0.6469141629670183	0.07988802568754973	5.597977044679771e-16	1.3366598249541494e-15	blaR1;blaR1-2	BETA-LACTAM	betalactams
ARO:3003756	BodySite[T.Stool]	Stool (vs Axilla)	0.24419285444037625	0.03070308191298802	1.8151077132403105e-15	4.247352048982327e-15	nfsB	NITROFURANTOIN	
ARO:3000599	BodySite[T.Stool]	Stool (vs Axilla)	-0.3400688482570483	0.046494424974288136	2.589472528113185e-13	5.85794121693298e-13	erm(33)	CLINDAMYCIN/ERYTHROMYCIN/LINCOMYCIN	MLS
ARO:3000521	BodySite[T.Stool]	Stool (vs Axilla)	-0.5100060825557202	0.06973528185340241	2.6035294297479907e-13	5.85794121693298e-13	mupA	MUPIROCIN	Mupirocin
ARO:3000617	BodySite[T.Stool]	Stool (vs Axilla)	-0.7092229276611866	0.09738741224327425	3.2771244620650036e-13	7.234406831351046e-13	mecA;mecA-ceftar	CEFTAROLINE/METHICILLIN;METHICILLIN	betalactams
ARO:3004639	BodySite[T.Stool]	Stool (vs Axilla)	-0.23360704900465734	0.032171701924346395	3.8350479188996254e-13	8.309270490949188e-13	tetAB_A	TETRACYCLINE	Tetracyclines
ARO:3003890	BodySite[T.Stool]	Stool (vs Axilla)	0.40831438124825636	0.05750574807491739	1.2438743332636612e-12	2.6460599453063338e-12	uhpT	FOSFOMYCIN	Fosfomycin
ARO:3003297	BodySite[T.Stool]	Stool (vs Axilla)	0.5662196922624687	0.0800718429564823	1.533829814359651e-12	3.204608719287128e-12	gyrA	QUINOLONE	Fluoroquinolones
ARO:3003582	BodySite[T.Stool]	Stool (vs Axilla)	0.18302969988350384	0.027778305256405855	4.429655818275891e-11	9.092451416461039e-11	basR	COLISTIN	Cationic antimicrobial peptides
ARO:3003390	BodySite[T.Stool]	Stool (vs Axilla)	0.1857159023750545	0.02838727450340049	6.061071425216514e-11	1.2226644081902277e-10	ompF	CEPHALOSPORIN	betalactams
ARO:3002703	BodySite[T.Stool]	Stool (vs Axilla)	-0.2689306982667015	0.041538718529721186	9.530454018060488e-11	1.8899374917170798e-10	cmx	CHLORAMPHENICOL	Phenicol
ARO:3003303	BodySite[T.Stool]	Stool (vs Axilla)	0.42543981122172825	0.06609054334376255	1.216761252516994e-10	2.3726844424081384e-10	gyrB	NALIDIXIC ACID;QUINOLONE;ZOLIFLODACIN	Aminocoumarins
ARO:3002865	BodySite[T.Stool]	Stool (vs Axilla)	-0.25820668721686696	0.04213871961083198	8.924820336014235e-10	1.7118098021535499e-09	dfrC	TRIMETHOPRIM	Trimethoprim
ARO:3001214	BodySite[T.Stool]	Stool (vs Axilla)	0.16326930580565197	0.027909187356542187	4.915137395586447e-09	9.275339923929263e-09	mdtM	EFFLUX	Drug and biocide resistance
ARO:3005099	BodySite[T.Stool]	Stool (vs Axilla)	-0.16443457140582066	0.02830807878533541	6.294074221674329e-09	1.1566913996639436e-08	erm(A)	AZITHROMYCIN/CLARITHROMYCIN/CLINDAMYCIN/ERYTHROMYCIN/TELITHROMYCIN	MLS
ARO:3006236	BodySite[T.Stool]	Stool (vs Axilla)	0.14238416902716408	0.02451572259388357	6.327200818674564e-09	1.1566913996639436e-08	blaACT	CEPHALOSPORIN	betalactams
ARO:3003210	BodySite[T.Stool]	Stool (vs Axilla)	0.07289220550525798	0.012938462456597143	1.7632131108780773e-08	3.173783599580539e-08	fos_A3_A4	FOSFOMYCIN	Fosfomycin
ARO:3004290	BodySite[T.Stool]	Stool (vs Axilla)	0.15090079675490473	0.027107338921120223	2.594784353170185e-08	4.48285146257249e-08	blaEC	BETA-LACTAM	betalactams
ARO:3006875	BodySite[T.Stool]	Stool (vs Axilla)	0.15022518493118656	0.027010858971469515	2.672221670211289e-08	4.48285146257249e-08	blaEC	CEPHALOSPORIN	betalactams
ARO:3006876	BodySite[T.Stool]	Stool (vs Axilla)	0.15032891653006303	0.027031254796283544	2.6777247414832713e-08	4.48285146257249e-08	blaEC	CEPHALOSPORIN	betalactams
ARO:3006874	BodySite[T.Stool]	Stool (vs Axilla)	0.15017513840820712	0.02700488826793859	2.6817885648600384e-08	4.48285146257249e-08	blaEC	CEPHALOSPORIN	betalactams
ARO:3006877	BodySite[T.Stool]	Stool (vs Axilla)	0.15017440080308309	0.027004837563550294	2.6820478835903783e-08	4.48285146257249e-08	blaEC	CEPHALOSPORIN	betalactams
ARO:3006878	BodySite[T.Stool]	Stool (vs Axilla)	0.15002218770172418	0.02700337646012696	2.7652902193023676e-08	4.556886699413761e-08	blaEC	CEPHALOSPORIN	betalactams
ARO:3006879	BodySite[T.Stool]	Stool (vs Axilla)	0.1472757126006433	0.0267320980933362	3.602202431069543e-08	5.853578950488007e-08	blaEC	CEPHALOSPORIN	betalactams
ARO:3006268	BodySite[T.Stool]	Stool (vs Axilla)	0.1352094635104215	0.02461263964853612	3.9405167397598825e-08	6.315622719889127e-08	blaACT	CEPHALOSPORIN	betalactams
ARO:3006239	BodySite[T.Stool]	Stool (vs Axilla)	0.1333252293910584	0.024533077591172275	5.4947543712395194e-08	8.687652181554376e-08	blaACT	CEPHALOSPORIN	betalactams
ARO:3006266	BodySite[T.Stool]	Stool (vs Axilla)	0.12251078350704953	0.02267161760599473	6.527746697777377e-08	1.0183284848532708e-07	blaACT	CEPHALOSPORIN	betalactams
ARO:3002804	BodySite[T.Stool]	Stool (vs Axilla)	0.11336419557182785	0.021003582911386993	6.762327301786929e-08	1.0410424925119352e-07	fos_A_A2	FOSFOMYCIN	Fosfomycin
ARO:3006235	BodySite[T.Stool]	Stool (vs Axilla)	0.13055398011892244	0.024325799499199725	8.010423394280777e-08	1.2171682300400662e-07	blaACT	CEPHALOSPORIN	betalactams
ARO:3006251	BodySite[T.Stool]	Stool (vs Axilla)	0.1289953554222534	0.024097973079868346	8.652957364520404e-08	1.2979436046780607e-07	blaACT	CEPHALOSPORIN	betalactams
ARO:3006240	BodySite[T.Stool]	Stool (vs Axilla)	0.129200976477444	0.02419303721430749	9.273156258819735e-08	1.373366180103682e-07	blaACT	CEPHALOSPORIN	betalactams
ARO:3006238	BodySite[T.Stool]	Stool (vs Axilla)	0.12779980448279954	0.023982659686413964	9.884092759509452e-08	1.4455485660782573e-07	blaACT	CEPHALOSPORIN	betalactams
ARO:3006265	BodySite[T.Stool]	Stool (vs Axilla)	0.12631220397482884	0.024177586715692534	1.7476680786997963e-07	2.524409447010817e-07	blaACT	CEPHALOSPORIN	betalactams
ARO:3003735	BodySite[T.Stool]	Stool (vs Axilla)	-0.33515076514044023	0.0647972849092609	2.3123436580876235e-07	3.29931960971039e-07	fusA	FUSIDIC ACID	Fusidic acid
ARO:3006260	BodySite[T.Stool]	Stool (vs Axilla)	0.12071549264916001	0.023656847065833247	3.3471447765573156e-07	4.718264323580794e-07	blaACT	CEPHALOSPORIN	betalactams
ARO:3002872	BodySite[T.Stool]	Stool (vs Axilla)	0.06926211176118946	0.01362836693193701	3.730846194868081e-07	5.196535771423398e-07	fos_A3_A4	FOSFOMYCIN	Fosfomycin
ARO:3006237	BodySite[T.Stool]	Stool (vs Axilla)	0.11729266830607164	0.023381104819049637	5.260540207122639e-07	7.240978873333514e-07	blaACT	CEPHALOSPORIN	betalactams
ARO:3000621	BodySite[T.Stool]	Stool (vs Axilla)	-0.36415598931004195	0.07757738014721866	2.6778287010847967e-06	3.643092535196758e-06	blaZ	BETA-LACTAM	betalactams
ARO:3001044	BodySite[T.Stool]	Stool (vs Axilla)	0.15819211876510605	0.034206109745382136	3.7518736265649526e-06	5.04562315296666e-06	blaTEM	BETA-LACTAM	betalactams
ARO:3003737	BodySite[T.Stool]	Stool (vs Axilla)	-0.1862801791256945	0.04066292156539649	4.62576352404195e-06	6.1501628671921385e-06	fusE	FUSIDIC ACID	Fusidic acid
ARO:3001387	BodySite[T.Stool]	Stool (vs Axilla)	0.15315679445460303	0.03350712860716615	4.85699001185021e-06	6.3850318133311754e-06	blaTEM	BETA-LACTAM	betalactams
ARO:3003729	BodySite[T.Stool]	Stool (vs Axilla)	-0.2730857014803567	0.05991855912374814	5.173785532791587e-06	6.725921192629063e-06	ileS	MUPIROCIN	Mupirocin
ARO:3005320	BodySite[T.Stool]	Stool (vs Axilla)	-0.10088606454120976	0.022948960148000647	1.1021006002009242e-05	1.4169864859726167e-05	blaOXA-2_fam	BETA-LACTAM	betalactams
ARO:3005319	BodySite[T.Stool]	Stool (vs Axilla)	-0.09620711456696777	0.02241530448877184	1.770486133348576e-05	2.2515964956715587e-05	blaOXA-2_fam	CEPHALOSPORIN	betalactams
ARO:3005664	BodySite[T.Stool]	Stool (vs Axilla)	0.10141438070199771	0.02413086475928992	2.6376958231229126e-05	3.318391519412697e-05	blaCTX-M	CEPHALOSPORIN	betalactams
ARO:3001998	BodySite[T.Stool]	Stool (vs Axilla)	0.1014880707990459	0.024576293752728396	3.6353590574849944e-05	4.524861805593025e-05	blaCTX-M	CEPHALOSPORIN	betalactams
ARO:3000412	BodySite[T.Stool]	Stool (vs Axilla)	0.18032465330715314	0.04531323161807833	6.905620579839498e-05	8.504816924644434e-05	sul2	SULFONAMIDE	Sulfonamides
ARO:3003042	BodySite[T.Stool]	Stool (vs Axilla)	-0.1578360587550765	0.040015458328884174	8.00076620488661e-05	9.750933812205556e-05	pbp2b	BETA-LACTAM	betalactams
ARO:3003092	BodySite[T.Stool]	Stool (vs Axilla)	0.18708652095947034	0.050570756868859514	0.00021602454068235345	0.0002605656830910861	cls	DAPTOMYCIN	Lipopeptides
ARO:3003043	BodySite[T.Stool]	Stool (vs Axilla)	-0.1572673297166297	0.043141062128630774	0.0002669545145591134	0.00031871100207567617	pbp2x	BETA-LACTAM	betalactams
ARO:3000179	BodySite[T.Stool]	Stool (vs Axilla)	0.1402640007660351	0.03929385353202843	0.0003575037589073834	0.00042250444234508946	tet(L)	TETRACYCLINE	Tetracyclines
ARO:3002591	BodySite[T.Stool]	Stool (vs Axilla)	-0.2566231997887202	0.0732820702177747	0.00046203062109294774	0.0005405758266787488	aac(3)-IIa;aac(3)-IIc;aac(3)-IId;aac(3)-IIe;aac(3)-XI;aac(6')-IIa;aac(6')-Ib';aac(6')-Ib-AGKT;aac(6')-Ib-AKT;aac(6')-Ib-D181Y;aac(6')-Ib-G;aac(6')-Ib-K;aac(6')-Ib-W104R;aac(6')-Ib-cr;aac(6')-Ib11;aac(6')-Ie;aac(6')-Ie2;aac(6')-Im;aac(6')_Entco;aph(2'')-Ia;aph(2'')-If2	AMIKACIN/GENTAMICIN/KANAMYCIN/TOBRAMYCIN;AMIKACIN/KANAMYCIN/QUINOLONE/TOBRAMYCIN;AMIKACIN/KANAMYCIN/TOBRAMYCIN;AMINOGLYCOSIDE;GENTAMICIN;GENTAMICIN/KANAMYCIN/TOBRAMYCIN;KANAMYCIN	Aminoglycosides
ARO:3002868	BodySite[T.Stool]	Stool (vs Axilla)	0.062176378449830566	0.01834296845636285	0.0006998002613505354	0.0008106597086931944	dfrG	TRIMETHOPRIM	Trimethoprim
ARO:3002869	BodySite[T.Stool]	Stool (vs Axilla)	0.08582645053084005	0.025426727579330295	0.0007369715758489288	0.0008453497487678889	dfrK	TRIMETHOPRIM	Trimethoprim
ARO:3000172	BodySite[T.Stool]	Stool (vs Axilla)	-0.14002937824834288	0.04182778524133391	0.0008146758606312142	0.0009254085018820589	fosB-Saur;fosB-Sepi;fosB_gen;fosBx1-fam	FOSFOMYCIN	Fosfomycin
ARO:3002619	BodySite[T.Stool]	Stool (vs Axilla)	-0.08697522213397912	0.02604304070848006	0.000838772958333694	0.0009436195781254058	aadA22	STREPTOMYCIN	Aminoglycosides
ARO:3000215	BodySite[T.Stool]	Stool (vs Axilla)	-0.13982145195606344	0.04249440693751701	0.0010006300200666805	0.0011149877366457297	mecR1	METHICILLIN	betalactams
ARO:3003197	BodySite[T.Stool]	Stool (vs Axilla)	-0.08707773290971463	0.02823563476653546	0.0020426105194733223	0.002254579535645082	aadA25	STREPTOMYCIN	Aminoglycosides
ARO:3004956	BodySite[T.Stool]	Stool (vs Axilla)	-0.08608231609262176	0.028545597628209716	0.002564650745374344	0.0028043377309233484	rplD	AZITHROMYCIN;AZITHROMYCIN/CHLORAMPHENICOL/CLARITHROMYCIN/ERYTHROMYCIN/LINEZOLID	MLS
ARO:3000026	BodySite[T.Stool]	Stool (vs Axilla)	0.08945693849060439	0.03126968202441991	0.0042254659440362895	0.004577588106039313	mepA	TIGECYCLINE	Drug and biocide resistance
ARO:3003285	BodySite[T.Stool]	Stool (vs Axilla)	0.20605191736782297	0.07828890806496853	0.008489818865624188	0.00911292483741312	rpoB	BETA-LACTAM;DAPTOMYCIN/RIFAXIMIN;FIDAXOMICIN;RIFAMPIN;RIFAMYCIN	Multi-drug resistance
ARO:3000565	BodySite[T.Stool]	Stool (vs Axilla)	0.1068512494206421	0.04330344388589226	0.013606020706569863	0.014471858387897036	tet(38)	TETRACYCLINE	Tetracyclines
ARO:3003901	BodySite[T.Stool]	Stool (vs Axilla)	-0.09355093586110519	0.04565379628788034	0.04044860752513559	0.042635018742710494	glpT	FOSFOMYCIN	Fosfomycin
ARO:3000178	BodySite[T.Stool]	Stool (vs Axilla)	0.03711954461113851	0.023265022459793238	0.11059853690843638	0.11553597159184871	tet(K)	TETRACYCLINE	Tetracyclines
ARO:3000124	BodySite[T.Stool]	Stool (vs Axilla)	0.026678173584548024	0.01950012813263329	0.17128000174083646	0.17734301065201652	mecI_of_mecA	METHICILLIN	betalactams
ARO:3000410	BodySite[T.Stool]	Stool (vs Axilla)	-0.0828877282593625	0.06983533496613244	0.23526611161475186	0.24145732507829798	sul1	SULFONAMIDE	Sulfonamides
ARO:3003291	BodySite[T.Stool]	Stool (vs Axilla)	-0.09083535815882812	0.07936637516066126	0.25241350849411703	0.2568033086418408	rpoC	BETA-LACTAM;DAPTOMYCIN;FIDAXOMICIN	Lipopeptides
ARO:3003323	BodySite[T.Stool]	Stool (vs Axilla)	-0.021131272316998465	0.03126317562351468	0.499094147143885	0.5033966828951254	pgsA	DAPTOMYCIN	Lipopeptides
ARO:3003937	BodySite[T.Stool]	Stool (vs Axilla)	-0.02722539206258202	0.04893303792135458	0.5779507112408215	0.5779507112408215	pbp2	CEPHALOSPORIN	betalactams
ARO:3000217	GestationTime	Gestational age (per week)	-0.08569037108301027	0.02403411897165932	0.00036335220409315313	0.03015345122238145	blaR1;blaR1-2	BETA-LACTAM	betalactams
ARO:3000621	GestationTime	Gestational age (per week)	-0.07718831584911225	0.022227818788509032	0.0005154436106389992	0.03015345122238145	blaZ	BETA-LACTAM	betalactams
ARO:3004956	GestationTime	Gestational age (per week)	0.02834975873352568	0.008788592267587199	0.0012564518854992497	0.04900162353447074	rplD	AZITHROMYCIN;AZITHROMYCIN/CHLORAMPHENICOL/CLARITHROMYCIN/ERYTHROMYCIN/LINEZOLID	MLS
ARO:3000124	GestationTime	Gestational age (per week)	-0.01893247776814326	0.006272644003105466	0.0025422971051440573	0.06965452449768662	mecI_of_mecA	METHICILLIN	betalactams
ARO:3003729	GestationTime	Gestational age (per week)	-0.051601615333912436	0.017413503080391746	0.0030434946123661173	0.06965452449768662	ileS	MUPIROCIN	Mupirocin
ARO:3003323	GestationTime	Gestational age (per week)	-0.02601070251836937	0.008927114822905103	0.003572026897317263	0.06965452449768662	pgsA	DAPTOMYCIN	Lipopeptides
ARO:3000617	GestationTime	Gestational age (per week)	-0.07860277699287097	0.02782120444997608	0.004723886776424085	0.0783685161515304	mecA;mecA-ceftar	CEFTAROLINE/METHICILLIN;METHICILLIN	betalactams
ARO:3003937	GestationTime	Gestational age (per week)	-0.04422074724305991	0.015880173866476884	0.005358531018908062	0.0783685161515304	pbp2	CEPHALOSPORIN	betalactams
ARO:3000521	GestationTime	Gestational age (per week)	-0.05153425253795591	0.018812030750263803	0.006154570842686147	0.0800094209549199	mupA	MUPIROCIN	Mupirocin
ARO:3002591	GestationTime	Gestational age (per week)	-0.05403833637772489	0.021732929482186844	0.012901645919563463	0.11429271917592687	aac(3)-IIa;aac(3)-IIc;aac(3)-IId;aac(3)-IIe;aac(3)-XI;aac(6')-IIa;aac(6')-Ib';aac(6')-Ib-AGKT;aac(6')-Ib-AKT;aac(6')-Ib-D181Y;aac(6')-Ib-G;aac(6')-Ib-K;aac(6')-Ib-W104R;aac(6')-Ib-cr;aac(6')-Ib11;aac(6')-Ie;aac(6')-Ie2;aac(6')-Im;aac(6')_Entco;aph(2'')-Ia;aph(2'')-If2	AMIKACIN/GENTAMICIN/KANAMYCIN/TOBRAMYCIN;AMIKACIN/KANAMYCIN/QUINOLONE/TOBRAMYCIN;AMIKACIN/KANAMYCIN/TOBRAMYCIN;AMINOGLYCOSIDE;GENTAMICIN;GENTAMICIN/KANAMYCIN/TOBRAMYCIN;KANAMYCIN	Aminoglycosides
ARO:3003735	GestationTime	Gestational age (per week)	-0.04408939059388447	0.017985557921015666	0.014231064813320968	0.11429271917592687	fusA	FUSIDIC ACID	Fusidic acid
ARO:3003092	GestationTime	Gestational age (per week)	-0.03665140951738061	0.014969310474897472	0.014347762843926987	0.11429271917592687	cls	DAPTOMYCIN	Lipopeptides
ARO:3003042	GestationTime	Gestational age (per week)	0.028927620053164665	0.011873326790237547	0.014836182029412583	0.11429271917592687	pbp2b	BETA-LACTAM	betalactams
ARO:3003737	GestationTime	Gestational age (per week)	-0.02746123581561108	0.011275600411953829	0.014873007297394285	0.11429271917592687	fusE	FUSIDIC ACID	Fusidic acid
ARO:3000215	GestationTime	Gestational age (per week)	-0.036432039190164314	0.01497211056268664	0.014960787493960416	0.11429271917592687	mecR1	METHICILLIN	betalactams
ARO:3002865	GestationTime	Gestational age (per week)	-0.029550238373766417	0.01222373355417702	0.015629773562519916	0.11429271917592687	dfrC	TRIMETHOPRIM	Trimethoprim
ARO:3003901	GestationTime	Gestational age (per week)	-0.03428582976412609	0.014443603607073358	0.01760739296547484	0.12118029276238565	glpT	FOSFOMYCIN	Fosfomycin
ARO:3003794	GestationTime	Gestational age (per week)	-0.03542005324049552	0.016122242437387357	0.02802272053397032	0.18214768347080706	walK	DAPTOMYCIN	Lipopeptides
ARO:3000516	GestationTime	Gestational age (per week)	0.026042173322039012	0.012970956251590851	0.04467202918614309	0.2643542339002788	emrR	NITROXOLINE	Drug and biocide resistance
ARO:3003893	GestationTime	Gestational age (per week)	0.028689377922301116	0.014323968228697668	0.04518875793167159	0.2643542339002788	uhpA	FOSFOMYCIN	Fosfomycin
ARO:3004045	GestationTime	Gestational age (per week)	0.0277423106457336	0.014356178968730813	0.05330645659646596	0.2969931153231675	fabI	TRICLOSAN	Phenolic compound resistance
ARO:3003511	GestationTime	Gestational age (per week)	0.028405736756089376	0.014895754088831986	0.05652464126665637	0.30060831946358163	soxS	AMPICILLIN/CHLORAMPHENICOL/QUINOLONE/RIFAMPIN/TETRACYCLINE	Drug and biocide and metal resistance
ARO:3003922	GestationTime	Gestational age (per week)	0.05418972289823448	0.0289899343890825	0.06158665919596198	0.3018466082976957	oqxA	PHENICOL/QUINOLONE	Drug and biocide resistance;Multi-drug resistance
ARO:3002804	GestationTime	Gestational age (per week)	0.014680932131849928	0.007920373250599095	0.06380131959279836	0.3018466082976957	fos_A_A2	FOSFOMYCIN	Fosfomycin
ARO:3000822	GestationTime	Gestational age (per week)	0.028460051033850936	0.015575990267955642	0.06767354816388342	0.3018466082976957	pmrA	COLISTIN;QUINOLONE	Drug and biocide resistance
ARO:3003043	GestationTime	Gestational age (per week)	0.022875177829766644	0.012625160387567625	0.0700059372165373	0.3018466082976957	pbp2x	BETA-LACTAM	betalactams
ARO:3000829	GestationTime	Gestational age (per week)	0.03859228354377928	0.021438784133135692	0.07184243264500233	0.3018466082976957	baeS	AZTREONAM/AZTREONAM-AVIBACTAM;AZTREONAM/TEMOCILLIN/TICARCILLIN;CEFIDEROCOL;TEMOCILLIN	Drug and biocide and metal resistance
ARO:3003923	GestationTime	Gestational age (per week)	0.06891615056114272	0.038634225751571424	0.07445440809772999	0.3018466082976957	oqxB	PHENICOL/QUINOLONE	Drug and biocide resistance;Multi-drug resistance
ARO:3000830	GestationTime	Gestational age (per week)	0.03253710503926803	0.018662375804169143	0.08125330189667826	0.3018466082976957	cpxA	CEFTIBUTEN-AVIBACTAM	Drug and biocide resistance
ARO:3005664	GestationTime	Gestational age (per week)	0.018990636047768197	0.010927041137036379	0.08221986781135439	0.3018466082976957	blaCTX-M	CEPHALOSPORIN	betalactams
ARO:3000149	GestationTime	Gestational age (per week)	0.031056440696359947	0.017948884960486904	0.08358181290654976	0.3018466082976957	fosA5_fam;fosA_PA1129;fosA_gen;fos_A_A2	FOSFOMYCIN	Fosfomycin
ARO:3001998	GestationTime	Gestational age (per week)	0.019447691523245988	0.011344150361604554	0.08646693531210757	0.3018466082976957	blaCTX-M	CEPHALOSPORIN	betalactams
ARO:3003381	GestationTime	Gestational age (per week)	0.02635407489191505	0.015387560152690152	0.08677013017333633	0.3018466082976957	soxR	AMPICILLIN/CHLORAMPHENICOL/QUINOLONE/RIFAMPIN/TETRACYCLINE	Drug and biocide resistance
ARO:3003751	GestationTime	Gestational age (per week)	0.021158328438078355	0.012537896981732686	0.09149763825580769	0.3018466082976957	nfsA	NITROFURANTOIN	Chromium resistance
ARO:3007752	GestationTime	Gestational age (per week)	0.036046217152130584	0.021658035938636046	0.09604559478958735	0.3018466082976957	gyrB	QUINOLONE	Fluoroquinolones
ARO:3000828	GestationTime	Gestational age (per week)	0.02293732429224296	0.013796797650122303	0.09641041142424113	0.3018466082976957	baeR	AZTREONAM-AVIBACTAM;CEFIDEROCOL	Drug and biocide and metal resistance
ARO:3003899	GestationTime	Gestational age (per week)	0.031281404084379426	0.018824156249954715	0.0965590492537449	0.3018466082976957	ptsI	FOSFOMYCIN	Fosfomycin
ARO:3001387	GestationTime	Gestational age (per week)	0.02260856847801926	0.013665288919668625	0.09803565055822597	0.3018466082976957	blaTEM	BETA-LACTAM	betalactams
ARO:3001044	GestationTime	Gestational age (per week)	0.02270970967846322	0.014063936122312338	0.10636532515197078	0.31909597545591234	blaTEM	BETA-LACTAM	betalactams
ARO:3000502	GestationTime	Gestational age (per week)	0.03525115410390265	0.02245177457486241	0.11639575612321298	0.340457586660398	acrF	EFFLUX	Drug and biocide resistance
ARO:3003585	GestationTime	Gestational age (per week)	0.021733421248419416	0.014088727872730954	0.1229252795740685	0.3507867734186833	phoP	COLISTIN	Drug and biocide resistance
ARO:3000026	GestationTime	Gestational age (per week)	-0.016062532956744924	0.010875141866872735	0.13967690867140153	0.3828336487370444	mepA	TIGECYCLINE	Drug and biocide resistance
ARO:3000565	GestationTime	Gestational age (per week)	-0.022670405801976577	0.01540677837266667	0.14116767485939258	0.3828336487370444	tet(38)	TETRACYCLINE	Tetracyclines
ARO:3003291	GestationTime	Gestational age (per week)	-0.03189848584891553	0.021830937817040826	0.1439716285848714	0.3828336487370444	rpoC	BETA-LACTAM;DAPTOMYCIN;FIDAXOMICIN	Lipopeptides
ARO:3000599	GestationTime	Gestational age (per week)	-0.01898168589484398	0.013247905099830721	0.15191311399359045	0.38647391633098965	erm(33)	CLINDAMYCIN/ERYTHROMYCIN/LINCOMYCIN	MLS
ARO:3003209	GestationTime	Gestational age (per week)	0.015259708280796	0.010651103302881194	0.15194700983953438	0.38647391633098965	fosA5_fam	FOSFOMYCIN	Fosfomycin
ARO:3003968	GestationTime	Gestational age (per week)	0.024341713793154838	0.017331673596864765	0.1601806873131496	0.3884719969014307	ompK36	CARBAPENEM	betalactams
ARO:3007751	GestationTime	Gestational age (per week)	0.02979051890275394	0.02141031353774557	0.1641012111859801	0.3884719969014307	gyrA	QUINOLONE	Fluoroquinolones
ARO:3004049	GestationTime	Gestational age (per week)	0.019887814096708686	0.014343544927185268	0.16558387649737027	0.3884719969014307	fabG	TRICLOSAN	Phenolic compound resistance
ARO:3000172	GestationTime	Gestational age (per week)	-0.01517633560959714	0.01095663929846583	0.16601367388950028	0.3884719969014307	fosB-Saur;fosB-Sepi;fosB_gen;fosBx1-fam	FOSFOMYCIN	Fosfomycin
ARO:3005227	GestationTime	Gestational age (per week)	0.01636054491290772	0.012159663950640708	0.17847133046064212	0.409434228703826	blaSHV	BETA-LACTAM	betalactams
ARO:3005230	GestationTime	Gestational age (per week)	0.015816591942219196	0.012029970657353322	0.1885886820803886	0.4224068160076374	blaSHV	BETA-LACTAM	betalactams
ARO:3003900	GestationTime	Gestational age (per week)	0.029209591972877293	0.02235532351354376	0.191346677336793	0.4224068160076374	cyaA	FOSMIDOMYCIN	
ARO:3005099	GestationTime	Gestational age (per week)	-0.010056231009617812	0.007803300952630697	0.1974971847420296	0.4279105669410641	erm(A)	AZITHROMYCIN/CLARITHROMYCIN/CLINDAMYCIN/ERYTHROMYCIN/TELITHROMYCIN	MLS
ARO:3004111	GestationTime	Gestational age (per week)	0.013669187115960709	0.010696482160693592	0.2012796584538934	0.42817672798373685	fosA5_fam	FOSFOMYCIN	Fosfomycin
ARO:3003756	GestationTime	Gestational age (per week)	0.014406383251813574	0.011395752667802806	0.20616225844294245	0.43073186138971903	nfsB	NITROFURANTOIN	
ARO:3003896	GestationTime	Gestational age (per week)	0.0209416712454896	0.01751200066257099	0.231756320170175	0.4698042208963617	phoQ	COLISTIN	Lipopeptides
ARO:3003395	GestationTime	Gestational age (per week)	0.01666963289808506	0.01407807532027029	0.2363795554998911	0.4698042208963617	rpsL	STREPTOMYCIN	Aminoglycosides
ARO:3003378	GestationTime	Gestational age (per week)	0.012036754306140433	0.010176956110894048	0.23690982079389178	0.4698042208963617	marR	AMPICILLIN/CHLORAMPHENICOL/QUINOLONE/RIFAMPIN/TETRACYCLINE	Drug and biocide resistance
ARO:3003380	GestationTime	Gestational age (per week)	0.014209156788497582	0.012375460164420558	0.25089756776519656	0.4892502571421333	ramR	AMPICILLIN/CHLORAMPHENICOL/QUINOLONE/RIFAMPIN/TETRACYCLINE;TIGECYCLINE	Multi-drug resistance
ARO:3000194	GestationTime	Gestational age (per week)	-0.027861772007755106	0.02540361421637763	0.2727445286709538	0.5096188183205242	tet(W)	TETRACYCLINE	Tetracyclines
ARO:3006237	GestationTime	Gestational age (per week)	0.010969386731222639	0.010066122131304025	0.27583071981504204	0.5096188183205242	blaACT	CEPHALOSPORIN	betalactams
ARO:3003373	GestationTime	Gestational age (per week)	0.015243405236073293	0.0140798878266843	0.27896964947478475	0.5096188183205242	acrR	AMPICILLIN/CHLORAMPHENICOL/QUINOLONE/RIFAMPIN/TETRACYCLINE;TIGECYCLINE	Drug and biocide resistance
ARO:3003285	GestationTime	Gestational age (per week)	-0.02388196697406174	0.022063667158780328	0.2790697223943369	0.5096188183205242	rpoB	BETA-LACTAM;DAPTOMYCIN/RIFAXIMIN;FIDAXOMICIN;RIFAMPIN;RIFAMYCIN	Multi-drug resistance
ARO:3003966	GestationTime	Gestational age (per week)	0.016368824906377945	0.015250457394434563	0.28312156573362457	0.5096188183205242	ompK35	CARBAPENEM	betalactams
ARO:3006238	GestationTime	Gestational age (per week)	0.010418866761182945	0.010232449955489659	0.30857427274757276	0.5372819840448827	blaACT	CEPHALOSPORIN	betalactams
ARO:3003079	GestationTime	Gestational age (per week)	-0.010012746009123125	0.009939169284104536	0.31374129259807937	0.5372819840448827	liaS	DAPTOMYCIN	Lipopeptides
ARO:3006251	GestationTime	Gestational age (per week)	0.010397902069815924	0.010392145444205953	0.3170425075590465	0.5372819840448827	blaACT	CEPHALOSPORIN	betalactams
ARO:3004114	GestationTime	Gestational age (per week)	0.015505900237940795	0.015504537139116637	0.31726796347627106	0.5372819840448827	ompC	CARBAPENEM	betalactams
ARO:3006265	GestationTime	Gestational age (per week)	0.009976381925567226	0.01021770501018042	0.32887526243888643	0.5372819840448827	blaACT	CEPHALOSPORIN	betalactams
ARO:3006260	GestationTime	Gestational age (per week)	0.009800531296093635	0.010131272233960063	0.3333668716549335	0.5372819840448827	blaACT	CEPHALOSPORIN	betalactams
ARO:3003077	GestationTime	Gestational age (per week)	-0.007796774489338737	0.008102277302056725	0.3359018394751262	0.5372819840448827	liaF	DAPTOMYCIN	Lipopeptides
ARO:3000179	GestationTime	Gestational age (per week)	0.010259090149904284	0.010739416088275269	0.339438908088027	0.5372819840448827	tet(L)	TETRACYCLINE	Tetracyclines
ARO:3006268	GestationTime	Gestational age (per week)	0.010070754094206153	0.01055057078137212	0.3398193745241138	0.5372819840448827	blaACT	CEPHALOSPORIN	betalactams
ARO:3006235	GestationTime	Gestational age (per week)	0.009819736952679297	0.01044474365613574	0.3471351642513425	0.5415308562320943	blaACT	CEPHALOSPORIN	betalactams
ARO:3006239	GestationTime	Gestational age (per week)	0.009768428871000882	0.010514208583175689	0.3528531504779626	0.5432081395516003	blaACT	CEPHALOSPORIN	betalactams
ARO:3000412	GestationTime	Gestational age (per week)	0.017891647512064117	0.019900372792263275	0.3686202114398637	0.560111230369663	sul2	SULFONAMIDE	Sulfonamides
ARO:3006236	GestationTime	Gestational age (per week)	0.008662529083032819	0.010045694074813798	0.38851549321316536	0.5724449596909104	blaACT	CEPHALOSPORIN	betalactams
ARO:3003078	GestationTime	Gestational age (per week)	-0.008469202508335633	0.009853470767223482	0.39005663925931133	0.5724449596909104	liaR	DAPTOMYCIN	Lipopeptides
ARO:3004126	GestationTime	Gestational age (per week)	0.013204523960633164	0.015406885389017692	0.39141535705361397	0.5724449596909104	lamB	CEFTAZIDIME-AVIBACTAM	betalactams
ARO:3003386	GestationTime	Gestational age (per week)	0.01465247252701887	0.018027735895573476	0.4163477241105016	0.6013911570485023	folP	SULFONAMIDE	Sulfonamides
ARO:3000186	GestationTime	Gestational age (per week)	0.020288048790202066	0.027579327695203586	0.4619588147185	0.6483162626263147	tet(M)	TETRACYCLINE	Tetracyclines
ARO:3003775	GestationTime	Gestational age (per week)	-0.013015252811334923	0.017775257615992378	0.4640393224959397	0.6483162626263147	murA	FOSFOMYCIN	Fosfomycin
ARO:3006240	GestationTime	Gestational age (per week)	0.0067298657700379854	0.009293389603202402	0.46896984049267176	0.6483162626263147	blaACT	CEPHALOSPORIN	betalactams
ARO:3002703	GestationTime	Gestational age (per week)	-0.01027596537394683	0.014255254454041326	0.4709989942156987	0.6483162626263147	cmx	CHLORAMPHENICOL	Phenicol
ARO:3006266	GestationTime	Gestational age (per week)	0.005968381408053993	0.009121931375485861	0.5129254866274606	0.6966489051971135	blaACT	CEPHALOSPORIN	betalactams
ARO:3003297	GestationTime	Gestational age (per week)	-0.014656819165475912	0.022674569294776424	0.5180209807875973	0.6966489051971135	gyrA	QUINOLONE	Fluoroquinolones
ARO:3004639	GestationTime	Gestational age (per week)	-0.00629512779727909	0.010240344009721052	0.5387278116613285	0.7162631132315391	tetAB_A	TETRACYCLINE	Tetracyclines
ARO:3000216	GestationTime	Gestational age (per week)	0.018233459965150477	0.03250429721184068	0.5748279644338672	0.755672717289466	acrB	AZITHROMYCIN;AZITHROMYCIN/CLARITHROMYCIN/ERYTHROMYCIN;CEFTIBUTEN-AVIBACTAM;CEPHALOSPORIN	Drug and biocide resistance
ARO:3003303	GestationTime	Gestational age (per week)	-0.011159822873350253	0.020339673484883553	0.5832301078869022	0.756926399331637	gyrB	NALIDIXIC ACID;QUINOLONE;ZOLIFLODACIN	Aminocoumarins
ARO:3003797	GestationTime	Gestational age (per week)	-0.00641234972824051	0.011859544299416888	0.5887205328134955	0.756926399331637	yybT	DAPTOMYCIN	Lipopeptides
ARO:3003805	GestationTime	Gestational age (per week)	-0.005979735631554602	0.01190280311464936	0.6153999255694516	0.7826281662133243	gshF	DAPTOMYCIN	Lipopeptides
ARO:3003312	GestationTime	Gestational age (per week)	0.01277214103987857	0.026126225835791727	0.6249388032919856	0.7862133331737884	parC	QUINOLONE	Fluoroquinolones
ARO:3001214	GestationTime	Gestational age (per week)	-0.004504940502158444	0.010154050713247494	0.6572888206410971	0.8111409492676174	mdtM	EFFLUX	Drug and biocide resistance
ARO:3002872	GestationTime	Gestational age (per week)	0.0014361884021547333	0.003250611232489509	0.6586187194908004	0.8111409492676174	fos_A3_A4	FOSFOMYCIN	Fosfomycin
ARO:3003582	GestationTime	Gestational age (per week)	-0.004129805415121822	0.010216332207675963	0.6860394604041986	0.823412124517679	basR	COLISTIN	Cationic antimicrobial peptides
ARO:3003499	GestationTime	Gestational age (per week)	-0.007430910647068578	0.018432576351747866	0.6868451633873878	0.823412124517679	tet(O/M/O);tet(O/W);tet(O/W/32/O);tet(O/W/O);tet(W/32/O);tet(W/N/W)	TETRACYCLINE	Tetracyclines
ARO:3003315	GestationTime	Gestational age (per week)	-0.008814927680224455	0.022077712612759995	0.6896956256643807	0.823412124517679	parE	QUINOLONE	Fluoroquinolones
ARO:3003930	GestationTime	Gestational age (per week)	-0.003959161072498255	0.011688593099554357	0.7348206198683152	0.8625177709201087	rpsJ	TETRACYCLINE;TIGECYCLINE	Tetracyclines
ARO:3002619	GestationTime	Gestational age (per week)	0.0026135271649039204	0.007788307270092644	0.7371946760000929	0.8625177709201087	aadA22	STREPTOMYCIN	Aminoglycosides
ARO:3003390	GestationTime	Gestational age (per week)	-0.003074909120667812	0.010609260902730197	0.7719443463118936	0.8942325595890251	ompF	CEPHALOSPORIN	betalactams
ARO:3003197	GestationTime	Gestational age (per week)	0.0022388656279832718	0.008241121635663474	0.7858757599559969	0.9014457246554082	aadA25	STREPTOMYCIN	Aminoglycosides
ARO:3002869	GestationTime	Gestational age (per week)	0.0021265887788615954	0.008185760968738062	0.7950248286104074	0.9030864558001714	dfrK	TRIMETHOPRIM	Trimethoprim
ARO:3003210	GestationTime	Gestational age (per week)	-0.000731564628809795	0.0031494982790840967	0.8163207503894905	0.9183608441881769	fos_A3_A4	FOSFOMYCIN	Fosfomycin
ARO:3000410	GestationTime	Gestational age (per week)	0.004378785551331049	0.02542577802520072	0.8632658718148936	0.9541451897674085	sul1	SULFONAMIDE	Sulfonamides
ARO:3003890	GestationTime	Gestational age (per week)	0.002868047563199039	0.02029343447232299	0.8876101668688325	0.9541451897674085	uhpT	FOSFOMYCIN	Fosfomycin
ARO:3000178	GestationTime	Gestational age (per week)	-0.0008032340277159798	0.0060969813281617465	0.895187648522457	0.9541451897674085	tet(K)	TETRACYCLINE	Tetracyclines
ARO:3004290	GestationTime	Gestational age (per week)	-0.0011470842283608641	0.010962846086839067	0.9166663945823108	0.9541451897674085	blaEC	BETA-LACTAM	betalactams
ARO:3006876	GestationTime	Gestational age (per week)	-0.0010922406731086129	0.01089670479209788	0.9201570701254493	0.9541451897674085	blaEC	CEPHALOSPORIN	betalactams
ARO:3006875	GestationTime	Gestational age (per week)	-0.001083504945951133	0.01088688305508341	0.920722320997903	0.9541451897674085	blaEC	CEPHALOSPORIN	betalactams
ARO:3006877	GestationTime	Gestational age (per week)	-0.0010768920764463211	0.010884497562192027	0.9211873764235183	0.9541451897674085	blaEC	CEPHALOSPORIN	betalactams
ARO:3006874	GestationTime	Gestational age (per week)	-0.001076819264756956	0.010884522696269707	0.9211928691884901	0.9541451897674085	blaEC	CEPHALOSPORIN	betalactams
ARO:3006878	GestationTime	Gestational age (per week)	-0.0010720052242706732	0.01088185052256481	0.9215248413992919	0.9541451897674085	blaEC	CEPHALOSPORIN	betalactams
ARO:3006879	GestationTime	Gestational age (per week)	-0.0008573286384494158	0.010926491887080917	0.9374595205390984	0.9543915289713137	blaEC	CEPHALOSPORIN	betalactams
ARO:3002868	GestationTime	Gestational age (per week)	0.0004097686886288286	0.005826340375427066	0.9439307086337289	0.9543915289713137	dfrG	TRIMETHOPRIM	Trimethoprim
ARO:3005320	GestationTime	Gestational age (per week)	-0.0004635986093892978	0.0068746106243371225	0.9462343364160034	0.9543915289713137	blaOXA-2_fam	BETA-LACTAM	betalactams
ARO:3005319	GestationTime	Gestational age (per week)	-0.00018782622880881772	0.006751859585653815	0.9778069553486053	0.9778069553486053	blaOXA-2_fam	CEPHALOSPORIN	betalactams
ARO:3000502	MaternalAntibiotics[T.Mat.Abx]	Maternal abx (vs None)	0.33108797474697554	0.10563978216192683	0.0017236912237335513	0.20167187317682547	acrF	EFFLUX	Drug and biocide resistance
ARO:3003077	MaternalAntibiotics[T.Mat.Abx]	Maternal abx (vs None)	-0.09713136111323693	0.03818284254034984	0.010963867224952559	0.3786905606166799	liaF	DAPTOMYCIN	Lipopeptides
ARO:3003499	MaternalAntibiotics[T.Mat.Abx]	Maternal abx (vs None)	0.21641502840617502	0.08679232401374513	0.012649728221564063	0.3786905606166799	tet(O/M/O);tet(O/W);tet(O/W/32/O);tet(O/W/O);tet(W/32/O);tet(W/N/W)	TETRACYCLINE	Tetracyclines
ARO:3000194	MaternalAntibiotics[T.Mat.Abx]	Maternal abx (vs None)	0.2921139841725835	0.11959527942005531	0.01458508013291832	0.3786905606166799	tet(W)	TETRACYCLINE	Tetracyclines
ARO:3003078	MaternalAntibiotics[T.Mat.Abx]	Maternal abx (vs None)	-0.11067303749502092	0.046418076400412234	0.017113231457742187	0.3786905606166799	liaR	DAPTOMYCIN	Lipopeptides
ARO:3004114	MaternalAntibiotics[T.Mat.Abx]	Maternal abx (vs None)	0.1704909423358656	0.07294140328628296	0.019420028749573326	0.3786905606166799	ompC	CARBAPENEM	betalactams
ARO:3003079	MaternalAntibiotics[T.Mat.Abx]	Maternal abx (vs None)	-0.101781405483575	0.04681652949440039	0.029701493406524615	0.46535904727465505	liaS	DAPTOMYCIN	Lipopeptides
ARO:3003210	MaternalAntibiotics[T.Mat.Abx]	Maternal abx (vs None)	0.030515434405585833	0.014847323383817685	0.03985178848145985	0.46535904727465505	fos_A3_A4	FOSFOMYCIN	Fosfomycin
ARO:3007752	MaternalAntibiotics[T.Mat.Abx]	Maternal abx (vs None)	0.20014664476607863	0.10185830018031496	0.049419822776660016	0.46535904727465505	gyrB	QUINOLONE	Fluoroquinolones
ARO:3000829	MaternalAntibiotics[T.Mat.Abx]	Maternal abx (vs None)	0.19552454003212452	0.1008176270227877	0.05245405751602784	0.46535904727465505	baeS	AZTREONAM/AZTREONAM-AVIBACTAM;AZTREONAM/TEMOCILLIN/TICARCILLIN;CEFIDEROCOL;TEMOCILLIN	Drug and biocide and metal resistance
ARO:3003805	MaternalAntibiotics[T.Mat.Abx]	Maternal abx (vs None)	-0.1048441713858873	0.05604936555183214	0.06140492963049647	0.46535904727465505	gshF	DAPTOMYCIN	Lipopeptides
ARO:3003735	MaternalAntibiotics[T.Mat.Abx]	Maternal abx (vs None)	-0.15485143915885793	0.08473254929275964	0.06761983021901537	0.46535904727465505	fusA	FUSIDIC ACID	Fusidic acid
ARO:3005664	MaternalAntibiotics[T.Mat.Abx]	Maternal abx (vs None)	-0.09255483259742402	0.05134733587132881	0.07146291846971743	0.46535904727465505	blaCTX-M	CEPHALOSPORIN	betalactams
ARO:3003291	MaternalAntibiotics[T.Mat.Abx]	Maternal abx (vs None)	-0.1848810021716866	0.10287257127684934	0.07230631650508461	0.46535904727465505	rpoC	BETA-LACTAM;DAPTOMYCIN;FIDAXOMICIN	Lipopeptides
ARO:3003890	MaternalAntibiotics[T.Mat.Abx]	Maternal abx (vs None)	0.17146212471354494	0.09545480731244113	0.07245238935044855	0.46535904727465505	uhpT	FOSFOMYCIN	Fosfomycin
ARO:3000516	MaternalAntibiotics[T.Mat.Abx]	Maternal abx (vs None)	0.10847202321838911	0.061010653628245134	0.07541709745827817	0.46535904727465505	emrR	NITROXOLINE	Drug and biocide resistance
ARO:3001998	MaternalAntibiotics[T.Mat.Abx]	Maternal abx (vs None)	-0.09432909347984154	0.05330615041029065	0.07679839700582014	0.46535904727465505	blaCTX-M	CEPHALOSPORIN	betalactams
ARO:3004045	MaternalAntibiotics[T.Mat.Abx]	Maternal abx (vs None)	0.11928317026252509	0.06752897003863005	0.07732877109995143	0.46535904727465505	fabI	TRICLOSAN	Phenolic compound resistance
ARO:3003899	MaternalAntibiotics[T.Mat.Abx]	Maternal abx (vs None)	0.1558761007662301	0.08854568570368156	0.07833948188989424	0.46535904727465505	ptsI	FOSFOMYCIN	Fosfomycin
ARO:3002872	MaternalAntibiotics[T.Mat.Abx]	Maternal abx (vs None)	0.026596748040845854	0.015336980241757973	0.08289004054940023	0.46535904727465505	fos_A3_A4	FOSFOMYCIN	Fosfomycin
ARO:3003381	MaternalAntibiotics[T.Mat.Abx]	Maternal abx (vs None)	0.12431714809737401	0.07238445663594707	0.08589581474597661	0.46535904727465505	soxR	AMPICILLIN/CHLORAMPHENICOL/QUINOLONE/RIFAMPIN/TETRACYCLINE	Drug and biocide resistance
ARO:3007751	MaternalAntibiotics[T.Mat.Abx]	Maternal abx (vs None)	0.17207171644402053	0.10070229952288803	0.08750341059865309	0.46535904727465505	gyrA	QUINOLONE	Fluoroquinolones
ARO:3003511	MaternalAntibiotics[T.Mat.Abx]	Maternal abx (vs None)	0.11615961022253811	0.0700516435201128	0.09727717698600938	0.4782155029231625	soxS	AMPICILLIN/CHLORAMPHENICOL/QUINOLONE/RIFAMPIN/TETRACYCLINE	Drug and biocide and metal resistance
ARO:3003900	MaternalAntibiotics[T.Mat.Abx]	Maternal abx (vs None)	0.17268807106950243	0.10513436480440407	0.10047682110945959	0.4782155029231625	cyaA	FOSMIDOMYCIN	
ARO:3000830	MaternalAntibiotics[T.Mat.Abx]	Maternal abx (vs None)	0.14307140848103764	0.0877721366354775	0.10309469289776843	0.4782155029231625	cpxA	CEFTIBUTEN-AVIBACTAM	Drug and biocide resistance
ARO:3000828	MaternalAntibiotics[T.Mat.Abx]	Maternal abx (vs None)	0.1045669007304393	0.0649133923134778	0.10720851519679674	0.4782155029231625	baeR	AZTREONAM-AVIBACTAM;CEFIDEROCOL	Drug and biocide and metal resistance
ARO:3003797	MaternalAntibiotics[T.Mat.Abx]	Maternal abx (vs None)	-0.08914872776216594	0.05583700350938567	0.11035742375149904	0.4782155029231625	yybT	DAPTOMYCIN	Lipopeptides
ARO:3000599	MaternalAntibiotics[T.Mat.Abx]	Maternal abx (vs None)	0.09814441157072877	0.062387683658293495	0.11568695792498417	0.4834062170436838	erm(33)	CLINDAMYCIN/ERYTHROMYCIN/LINCOMYCIN	MLS
ARO:3003968	MaternalAntibiotics[T.Mat.Abx]	Maternal abx (vs None)	0.12678380967756317	0.08151517321199522	0.11986511511728283	0.48359374030076174	ompK36	CARBAPENEM	betalactams
ARO:3003378	MaternalAntibiotics[T.Mat.Abx]	Maternal abx (vs None)	0.07351341455085542	0.047874066738837304	0.12464677880298626	0.48612243733164645	marR	AMPICILLIN/CHLORAMPHENICOL/QUINOLONE/RIFAMPIN/TETRACYCLINE	Drug and biocide resistance
ARO:3003395	MaternalAntibiotics[T.Mat.Abx]	Maternal abx (vs None)	0.09977879430014307	0.06624043268300882	0.13198696090211393	0.4981443363079784	rpsL	STREPTOMYCIN	Aminoglycosides
ARO:3003585	MaternalAntibiotics[T.Mat.Abx]	Maternal abx (vs None)	0.09567522472450252	0.06627969644399395	0.14887762155147571	0.5288526427274305	phoP	COLISTIN	Drug and biocide resistance
ARO:3003893	MaternalAntibiotics[T.Mat.Abx]	Maternal abx (vs None)	0.09649138755862334	0.06736570564090376	0.15204317466900485	0.5288526427274305	uhpA	FOSFOMYCIN	Fosfomycin
ARO:3003092	MaternalAntibiotics[T.Mat.Abx]	Maternal abx (vs None)	-0.09945901200008976	0.07047793839057796	0.1581833692641591	0.5288526427274305	cls	DAPTOMYCIN	Lipopeptides
ARO:3004049	MaternalAntibiotics[T.Mat.Abx]	Maternal abx (vs None)	0.09522169737219563	0.06747863365742786	0.1582037820124792	0.5288526427274305	fabG	TRICLOSAN	Phenolic compound resistance
ARO:3003794	MaternalAntibiotics[T.Mat.Abx]	Maternal abx (vs None)	-0.09899812161192326	0.07596347155361499	0.19249514310592508	0.6126456659798917	walK	DAPTOMYCIN	Lipopeptides
ARO:3000822	MaternalAntibiotics[T.Mat.Abx]	Maternal abx (vs None)	0.09521937370217663	0.0732689636719765	0.19374264650646145	0.6126456659798917	pmrA	COLISTIN;QUINOLONE	Drug and biocide resistance
ARO:3003373	MaternalAntibiotics[T.Mat.Abx]	Maternal abx (vs None)	0.08370044603527207	0.06621870119055853	0.20622998505036827	0.6275372195841106	acrR	AMPICILLIN/CHLORAMPHENICOL/QUINOLONE/RIFAMPIN/TETRACYCLINE;TIGECYCLINE	Drug and biocide resistance
ARO:3000216	MaternalAntibiotics[T.Mat.Abx]	Maternal abx (vs None)	0.19191952589369646	0.1528233451741288	0.20917907319470352	0.6275372195841106	acrB	AZITHROMYCIN;AZITHROMYCIN/CLARITHROMYCIN/ERYTHROMYCIN;CEFTIBUTEN-AVIBACTAM;CEPHALOSPORIN	Drug and biocide resistance
ARO:3003386	MaternalAntibiotics[T.Mat.Abx]	Maternal abx (vs None)	0.10183831255274262	0.08478685102541896	0.22970863548560683	0.6718977587953999	folP	SULFONAMIDE	Sulfonamides
ARO:3003756	MaternalAntibiotics[T.Mat.Abx]	Maternal abx (vs None)	0.06027841459416925	0.05358833326279849	0.2606559408063316	0.7378784365102399	nfsB	NITROFURANTOIN	
ARO:3003922	MaternalAntibiotics[T.Mat.Abx]	Maternal abx (vs None)	0.1519909706594409	0.13632305043046206	0.2648794387472656	0.7378784365102399	oqxA	PHENICOL/QUINOLONE	Drug and biocide resistance;Multi-drug resistance
ARO:3000178	MaternalAntibiotics[T.Mat.Abx]	Maternal abx (vs None)	-0.03154306002703582	0.02872765582678584	0.2722030615413593	0.7406455395427683	tet(K)	TETRACYCLINE	Tetracyclines
ARO:3000172	MaternalAntibiotics[T.Mat.Abx]	Maternal abx (vs None)	0.054375570647523686	0.05164725502624614	0.2924207665821955	0.7625812274562552	fosB-Saur;fosB-Sepi;fosB_gen;fosBx1-fam	FOSFOMYCIN	Fosfomycin
ARO:3005319	MaternalAntibiotics[T.Mat.Abx]	Maternal abx (vs None)	-0.03263970698182765	0.031795511493625146	0.30463204288473755	0.7625812274562552	blaOXA-2_fam	CEPHALOSPORIN	betalactams
ARO:3005320	MaternalAntibiotics[T.Mat.Abx]	Maternal abx (vs None)	-0.03253098516468461	0.03237532839625439	0.31498936764364105	0.7625812274562552	blaOXA-2_fam	BETA-LACTAM	betalactams
ARO:3003582	MaternalAntibiotics[T.Mat.Abx]	Maternal abx (vs None)	0.04744664149698891	0.04804558568770608	0.32338100428485983	0.7625812274562552	basR	COLISTIN	Cationic antimicrobial peptides
ARO:3002619	MaternalAntibiotics[T.Mat.Abx]	Maternal abx (vs None)	-0.035966017553858996	0.03667537284393159	0.32676115615377144	0.7625812274562552	aadA22	STREPTOMYCIN	Aminoglycosides
ARO:3002804	MaternalAntibiotics[T.Mat.Abx]	Maternal abx (vs None)	0.03647128864384487	0.037246354002602115	0.3274856940032006	0.7625812274562552	fos_A_A2	FOSFOMYCIN	Fosfomycin
ARO:3000186	MaternalAntibiotics[T.Mat.Abx]	Maternal abx (vs None)	-0.12590750113924606	0.12980298130687862	0.33205183267900207	0.7625812274562552	tet(M)	TETRACYCLINE	Tetracyclines
ARO:3003390	MaternalAntibiotics[T.Mat.Abx]	Maternal abx (vs None)	0.04835576662021813	0.049888511361063405	0.332407201711701	0.7625812274562552	ompF	CEPHALOSPORIN	betalactams
ARO:3003197	MaternalAntibiotics[T.Mat.Abx]	Maternal abx (vs None)	-0.033724521165312646	0.03881451779797883	0.38492174817296365	0.8660739333891683	aadA25	STREPTOMYCIN	Aminoglycosides
ARO:3000149	MaternalAntibiotics[T.Mat.Abx]	Maternal abx (vs None)	0.06954791573554406	0.08440679275606863	0.40996164836534066	0.9016832945721746	fosA5_fam;fosA_PA1129;fosA_gen;fos_A_A2	FOSFOMYCIN	Fosfomycin
ARO:3003285	MaternalAntibiotics[T.Mat.Abx]	Maternal abx (vs None)	-0.08448532864173268	0.10390538994887588	0.4161615205717729	0.9016832945721746	rpoB	BETA-LACTAM;DAPTOMYCIN/RIFAXIMIN;FIDAXOMICIN;RIFAMPIN;RIFAMYCIN	Multi-drug resistance
ARO:3003315	MaternalAntibiotics[T.Mat.Abx]	Maternal abx (vs None)	0.0801510489526843	0.1038080951114803	0.4400505314297347	0.9055504897136175	parE	QUINOLONE	Fluoroquinolones
ARO:3004639	MaternalAntibiotics[T.Mat.Abx]	Maternal abx (vs None)	0.03663099869938654	0.04818561969354112	0.4471314405452739	0.9055504897136175	tetAB_A	TETRACYCLINE	Tetracyclines
ARO:3003923	MaternalAntibiotics[T.Mat.Abx]	Maternal abx (vs None)	0.13642105212026012	0.18171302993909824	0.4528031425820376	0.9055504897136175	oqxB	PHENICOL/QUINOLONE	Drug and biocide resistance;Multi-drug resistance
ARO:3000617	MaternalAntibiotics[T.Mat.Abx]	Maternal abx (vs None)	-0.09736025705865646	0.1310229903172018	0.4574346640366521	0.9055504897136175	mecA;mecA-ceftar	CEFTAROLINE/METHICILLIN;METHICILLIN	betalactams
ARO:3003966	MaternalAntibiotics[T.Mat.Abx]	Maternal abx (vs None)	0.04977419844857645	0.07172183321218449	0.4876888000653722	0.9055504897136175	ompK35	CARBAPENEM	betalactams
ARO:3000215	MaternalAntibiotics[T.Mat.Abx]	Maternal abx (vs None)	0.04806545988214099	0.0704182982588474	0.49487821889695127	0.9055504897136175	mecR1	METHICILLIN	betalactams
ARO:3003896	MaternalAntibiotics[T.Mat.Abx]	Maternal abx (vs None)	0.056045544259103436	0.0823580487216489	0.4961810655036525	0.9055504897136175	phoQ	COLISTIN	Lipopeptides
ARO:3006879	MaternalAntibiotics[T.Mat.Abx]	Maternal abx (vs None)	0.03321388870690526	0.05135985216496889	0.5178327739931279	0.9055504897136175	blaEC	CEPHALOSPORIN	betalactams
ARO:3006878	MaternalAntibiotics[T.Mat.Abx]	Maternal abx (vs None)	0.032423974111170796	0.05115228700286339	0.5261647219033838	0.9055504897136175	blaEC	CEPHALOSPORIN	betalactams
ARO:3004290	MaternalAntibiotics[T.Mat.Abx]	Maternal abx (vs None)	0.03241808084139771	0.05153252166329771	0.5292966564473123	0.9055504897136175	blaEC	BETA-LACTAM	betalactams
ARO:3006876	MaternalAntibiotics[T.Mat.Abx]	Maternal abx (vs None)	0.032178775934170574	0.051222111247433685	0.5298595590716245	0.9055504897136175	blaEC	CEPHALOSPORIN	betalactams
ARO:3006875	MaternalAntibiotics[T.Mat.Abx]	Maternal abx (vs None)	0.032108630323834327	0.051175967073308765	0.5303864573546104	0.9055504897136175	blaEC	CEPHALOSPORIN	betalactams
ARO:3006877	MaternalAntibiotics[T.Mat.Abx]	Maternal abx (vs None)	0.03209308472375632	0.05116475110021232	0.530495442039838	0.9055504897136175	blaEC	CEPHALOSPORIN	betalactams
ARO:3006874	MaternalAntibiotics[T.Mat.Abx]	Maternal abx (vs None)	0.03208887007338531	0.051164869688419955	0.5305503840113649	0.9055504897136175	blaEC	CEPHALOSPORIN	betalactams
ARO:3003751	MaternalAntibiotics[T.Mat.Abx]	Maternal abx (vs None)	0.036671058326560035	0.0589712082672981	0.5340425964977744	0.9055504897136175	nfsA	NITROFURANTOIN	Chromium resistance
ARO:3005099	MaternalAntibiotics[T.Mat.Abx]	Maternal abx (vs None)	0.022364209479794395	0.0367311974244265	0.5426162899440989	0.9069443703351369	erm(A)	AZITHROMYCIN/CLARITHROMYCIN/CLINDAMYCIN/ERYTHROMYCIN/TELITHROMYCIN	MLS
ARO:3003901	MaternalAntibiotics[T.Mat.Abx]	Maternal abx (vs None)	0.03960749996996743	0.06798049423546536	0.5601421615554432	0.9230511676336177	glpT	FOSFOMYCIN	Fosfomycin
ARO:3003380	MaternalAntibiotics[T.Mat.Abx]	Maternal abx (vs None)	0.03119939967458191	0.05820887276108367	0.5919651534159676	0.9274566540045331	ramR	AMPICILLIN/CHLORAMPHENICOL/QUINOLONE/RIFAMPIN/TETRACYCLINE;TIGECYCLINE	Multi-drug resistance
ARO:3003775	MaternalAntibiotics[T.Mat.Abx]	Maternal abx (vs None)	0.04429125975747021	0.08365233270813437	0.5964806178374896	0.9274566540045331	murA	FOSFOMYCIN	Fosfomycin
ARO:3003729	MaternalAntibiotics[T.Mat.Abx]	Maternal abx (vs None)	-0.042909560817490824	0.0819786442135993	0.6006794728549678	0.9274566540045331	ileS	MUPIROCIN	Mupirocin
ARO:3004111	MaternalAntibiotics[T.Mat.Abx]	Maternal abx (vs None)	0.026223030020014332	0.050311301011511676	0.6022166561931345	0.9274566540045331	fosA5_fam	FOSFOMYCIN	Fosfomycin
ARO:3004126	MaternalAntibiotics[T.Mat.Abx]	Maternal abx (vs None)	0.0377473096505043	0.0724683628222606	0.6024504761055087	0.9274566540045331	lamB	CEFTAZIDIME-AVIBACTAM	betalactams
ARO:3003312	MaternalAntibiotics[T.Mat.Abx]	Maternal abx (vs None)	0.05902947572029223	0.12290784539689786	0.6310323820873263	0.9520967632475936	parC	QUINOLONE	Fluoroquinolones
ARO:3000124	MaternalAntibiotics[T.Mat.Abx]	Maternal abx (vs None)	0.01387869588487286	0.02951856094669565	0.638234677030153	0.9520967632475936	mecI_of_mecA	METHICILLIN	betalactams
ARO:3003043	MaternalAntibiotics[T.Mat.Abx]	Maternal abx (vs None)	0.02586671972030771	0.05945697594674791	0.6635265948523459	0.9520967632475936	pbp2x	BETA-LACTAM	betalactams
ARO:3000026	MaternalAntibiotics[T.Mat.Abx]	Maternal abx (vs None)	-0.021973193272785754	0.051163219592645796	0.6675794388596081	0.9520967632475936	mepA	TIGECYCLINE	Drug and biocide resistance
ARO:3000521	MaternalAntibiotics[T.Mat.Abx]	Maternal abx (vs None)	-0.03754351593593643	0.08861451358483428	0.6718048098068697	0.9520967632475936	mupA	MUPIROCIN	Mupirocin
ARO:3006237	MaternalAntibiotics[T.Mat.Abx]	Maternal abx (vs None)	0.018066305913155948	0.04731280027975779	0.7025739912049986	0.9520967632475936	blaACT	CEPHALOSPORIN	betalactams
ARO:3000621	MaternalAntibiotics[T.Mat.Abx]	Maternal abx (vs None)	-0.03652370294524001	0.10467895285652813	0.7271556618032545	0.9520967632475936	blaZ	BETA-LACTAM	betalactams
ARO:3000179	MaternalAntibiotics[T.Mat.Abx]	Maternal abx (vs None)	-0.01741392722423041	0.05053574528665799	0.7304053808379483	0.9520967632475936	tet(L)	TETRACYCLINE	Tetracyclines
ARO:3001214	MaternalAntibiotics[T.Mat.Abx]	Maternal abx (vs None)	0.016069326031305665	0.04775532966616766	0.7364992574510358	0.9520967632475936	mdtM	EFFLUX	Drug and biocide resistance
ARO:3003937	MaternalAntibiotics[T.Mat.Abx]	Maternal abx (vs None)	0.024600653852019445	0.07472169850523373	0.7419815551626925	0.9520967632475936	pbp2	CEPHALOSPORIN	betalactams
ARO:3003042	MaternalAntibiotics[T.Mat.Abx]	Maternal abx (vs None)	0.017571912735069382	0.055915619706765	0.7533253402050845	0.9520967632475936	pbp2b	BETA-LACTAM	betalactams
ARO:3001044	MaternalAntibiotics[T.Mat.Abx]	Maternal abx (vs None)	0.020581735013854963	0.06609909187610341	0.755514058819069	0.9520967632475936	blaTEM	BETA-LACTAM	betalactams
ARO:3003303	MaternalAntibiotics[T.Mat.Abx]	Maternal abx (vs None)	0.02885518085949653	0.09566563648160425	0.7629376828187238	0.9520967632475936	gyrB	NALIDIXIC ACID;QUINOLONE;ZOLIFLODACIN	Aminocoumarins
ARO:3001387	MaternalAntibiotics[T.Mat.Abx]	Maternal abx (vs None)	0.019177922120902087	0.06422848206569103	0.7652536132963401	0.9520967632475936	blaTEM	BETA-LACTAM	betalactams
ARO:3003209	MaternalAntibiotics[T.Mat.Abx]	Maternal abx (vs None)	0.014874845522114563	0.05009464035607856	0.7665162336975148	0.9520967632475936	fosA5_fam	FOSFOMYCIN	Fosfomycin
ARO:3002703	MaternalAntibiotics[T.Mat.Abx]	Maternal abx (vs None)	-0.019067976388371634	0.0670920905874231	0.7762524983317304	0.9520967632475936	cmx	CHLORAMPHENICOL	Phenicol
ARO:3003930	MaternalAntibiotics[T.Mat.Abx]	Maternal abx (vs None)	0.015588286616176814	0.05498894654896566	0.7768086313881014	0.9520967632475936	rpsJ	TETRACYCLINE;TIGECYCLINE	Tetracyclines
ARO:3002865	MaternalAntibiotics[T.Mat.Abx]	Maternal abx (vs None)	0.015133588180108124	0.05755358550749213	0.7925908200051579	0.9520967632475936	dfrC	TRIMETHOPRIM	Trimethoprim
ARO:3006268	MaternalAntibiotics[T.Mat.Abx]	Maternal abx (vs None)	0.012278751603321553	0.0495830109054266	0.8044127282549027	0.9520967632475936	blaACT	CEPHALOSPORIN	betalactams
ARO:3006239	MaternalAntibiotics[T.Mat.Abx]	Maternal abx (vs None)	0.010787156848622942	0.0494112029652916	0.8271844752369224	0.9520967632475936	blaACT	CEPHALOSPORIN	betalactams
ARO:3003737	MaternalAntibiotics[T.Mat.Abx]	Maternal abx (vs None)	-0.010799896572584632	0.05310269726055454	0.838839944079094	0.9520967632475936	fusE	FUSIDIC ACID	Fusidic acid
ARO:3006235	MaternalAntibiotics[T.Mat.Abx]	Maternal abx (vs None)	0.009823681889706616	0.04908482463107083	0.841373558897814	0.9520967632475936	blaACT	CEPHALOSPORIN	betalactams
ARO:3004956	MaternalAntibiotics[T.Mat.Abx]	Maternal abx (vs None)	-0.008163056604447976	0.041374055138395864	0.8435936204863753	0.9520967632475936	rplD	AZITHROMYCIN;AZITHROMYCIN/CHLORAMPHENICOL/CLARITHROMYCIN/ERYTHROMYCIN/LINEZOLID	MLS
ARO:3000410	MaternalAntibiotics[T.Mat.Abx]	Maternal abx (vs None)	0.023105468001851988	0.11958274134800091	0.8467887015690505	0.9520967632475936	sul1	SULFONAMIDE	Sulfonamides
ARO:3006265	MaternalAntibiotics[T.Mat.Abx]	Maternal abx (vs None)	0.008980332924910631	0.048020273322183865	0.8516517864447858	0.9520967632475936	blaACT	CEPHALOSPORIN	betalactams
ARO:3006260	MaternalAntibiotics[T.Mat.Abx]	Maternal abx (vs None)	0.008849179930556667	0.04761365504480105	0.8525593932314037	0.9520967632475936	blaACT	CEPHALOSPORIN	betalactams
ARO:3000565	MaternalAntibiotics[T.Mat.Abx]	Maternal abx (vs None)	-0.010958299894386809	0.07248310190763206	0.8798304123094733	0.9520967632475936	tet(38)	TETRACYCLINE	Tetracyclines
ARO:3006240	MaternalAntibiotics[T.Mat.Abx]	Maternal abx (vs None)	0.006554063638165533	0.04368847235172065	0.8807502985752914	0.9520967632475936	blaACT	CEPHALOSPORIN	betalactams
ARO:3006251	MaternalAntibiotics[T.Mat.Abx]	Maternal abx (vs None)	0.007291013527518876	0.048836750894395375	0.8813219784821099	0.9520967632475936	blaACT	CEPHALOSPORIN	betalactams
ARO:3003323	MaternalAntibiotics[T.Mat.Abx]	Maternal abx (vs None)	-0.006137922560782387	0.04203818272988048	0.8839148556268484	0.9520967632475936	pgsA	DAPTOMYCIN	Lipopeptides
ARO:3006238	MaternalAntibiotics[T.Mat.Abx]	Maternal abx (vs None)	0.006953831556673826	0.048087622789153024	0.8850207647612348	0.9520967632475936	blaACT	CEPHALOSPORIN	betalactams
ARO:3000412	MaternalAntibiotics[T.Mat.Abx]	Maternal abx (vs None)	0.013343943410549357	0.09353436082456873	0.8865559097339232	0.9520967632475936	sul2	SULFONAMIDE	Sulfonamides
ARO:3000217	MaternalAntibiotics[T.Mat.Abx]	Maternal abx (vs None)	-0.016080408012482353	0.11315768969896445	0.8869961298631428	0.9520967632475936	blaR1;blaR1-2	BETA-LACTAM	betalactams
ARO:3002868	MaternalAntibiotics[T.Mat.Abx]	Maternal abx (vs None)	0.003210044792417433	0.02741789028731308	0.9067978665896591	0.957922164806828	dfrG	TRIMETHOPRIM	Trimethoprim
ARO:3005227	MaternalAntibiotics[T.Mat.Abx]	Maternal abx (vs None)	-0.006257094616247615	0.057191576166199985	0.9128805716064811	0.957922164806828	blaSHV	BETA-LACTAM	betalactams
ARO:3002869	MaternalAntibiotics[T.Mat.Abx]	Maternal abx (vs None)	0.0037911822130698228	0.03851850957065929	0.9215948670407293	0.957922164806828	dfrK	TRIMETHOPRIM	Trimethoprim
ARO:3006266	MaternalAntibiotics[T.Mat.Abx]	Maternal abx (vs None)	0.00380866752125012	0.04287817274719167	0.9292207328095823	0.957922164806828	blaACT	CEPHALOSPORIN	betalactams
ARO:3002591	MaternalAntibiotics[T.Mat.Abx]	Maternal abx (vs None)	-0.008554422273830969	0.1023034487671483	0.9333600580169094	0.957922164806828	aac(3)-IIa;aac(3)-IIc;aac(3)-IId;aac(3)-IIe;aac(3)-XI;aac(6')-IIa;aac(6')-Ib';aac(6')-Ib-AGKT;aac(6')-Ib-AKT;aac(6')-Ib-D181Y;aac(6')-Ib-G;aac(6')-Ib-K;aac(6')-Ib-W104R;aac(6')-Ib-cr;aac(6')-Ib11;aac(6')-Ie;aac(6')-Ie2;aac(6')-Im;aac(6')_Entco;aph(2'')-Ia;aph(2'')-If2	AMIKACIN/GENTAMICIN/KANAMYCIN/TOBRAMYCIN;AMIKACIN/KANAMYCIN/QUINOLONE/TOBRAMYCIN;AMIKACIN/KANAMYCIN/TOBRAMYCIN;AMINOGLYCOSIDE;GENTAMICIN;GENTAMICIN/KANAMYCIN/TOBRAMYCIN;KANAMYCIN	Aminoglycosides
ARO:3006236	MaternalAntibiotics[T.Mat.Abx]	Maternal abx (vs None)	0.0030193982241127795	0.04721534221342661	0.9490104258503048	0.9655149549955275	blaACT	CEPHALOSPORIN	betalactams
ARO:3005230	MaternalAntibiotics[T.Mat.Abx]	Maternal abx (vs None)	-0.0027351203346392145	0.05658597236026886	0.9614487349901808	0.9656808122647748	blaSHV	BETA-LACTAM	betalactams
ARO:3003297	MaternalAntibiotics[T.Mat.Abx]	Maternal abx (vs None)	0.004593884182893474	0.10676997046063846	0.9656808122647748	0.9656808122647748	gyrA	QUINOLONE	Fluoroquinolones
ARO:3003291	PostNatalAbxCohort[T.High.Infant.Abx]	High infant abx (vs None)	-0.6937747298771734	0.10231099603189346	1.1931566373045598e-11	1.3959932656463348e-09	rpoC	BETA-LACTAM;DAPTOMYCIN;FIDAXOMICIN	Lipopeptides
ARO:3003735	PostNatalAbxCohort[T.High.Infant.Abx]	High infant abx (vs None)	-0.4690951366581155	0.0842023579627372	2.532157131138993e-08	1.4813119217163108e-06	fusA	FUSIDIC ACID	Fusidic acid
ARO:3003729	PostNatalAbxCohort[T.High.Infant.Abx]	High infant abx (vs None)	-0.40787691229351136	0.08122009593105951	5.117032520760874e-07	1.628635958498409e-05	ileS	MUPIROCIN	Mupirocin
ARO:3002865	PostNatalAbxCohort[T.High.Infant.Abx]	High infant abx (vs None)	-0.2854383593257161	0.05702347299398213	5.567986182900543e-07	1.628635958498409e-05	dfrC	TRIMETHOPRIM	Trimethoprim
ARO:3003737	PostNatalAbxCohort[T.High.Infant.Abx]	High infant abx (vs None)	-0.2535261365564933	0.05276342319711542	1.5478246662253414e-06	3.26683118094064e-05	fusE	FUSIDIC ACID	Fusidic acid
ARO:3003901	PostNatalAbxCohort[T.High.Infant.Abx]	High infant abx (vs None)	-0.3206145949236349	0.06694671237858307	1.6752980415080204e-06	3.26683118094064e-05	glpT	FOSFOMYCIN	Fosfomycin
ARO:3000621	PostNatalAbxCohort[T.High.Infant.Abx]	High infant abx (vs None)	-0.46426877264393696	0.10382364915717182	7.759827817162426e-06	0.00012969997922971483	blaZ	BETA-LACTAM	betalactams
ARO:3003797	PostNatalAbxCohort[T.High.Infant.Abx]	High infant abx (vs None)	-0.24456868702010723	0.055257328042556446	9.599851086653207e-06	0.0001371071692890822	yybT	DAPTOMYCIN	Lipopeptides
ARO:3000186	PostNatalAbxCohort[T.High.Infant.Abx]	High infant abx (vs None)	-0.563811215710731	0.12797457654600325	1.0546705329929401e-05	0.0001371071692890822	tet(M)	TETRACYCLINE	Tetracyclines
ARO:3000617	PostNatalAbxCohort[T.High.Infant.Abx]	High infant abx (vs None)	-0.5650224905641316	0.12993835788084535	1.3714136927049351e-05	0.00014737838009545103	mecA;mecA-ceftar	CEFTAROLINE/METHICILLIN;METHICILLIN	betalactams
ARO:3000215	PostNatalAbxCohort[T.High.Infant.Abx]	High infant abx (vs None)	-0.2987976714261455	0.06875029398750472	1.3856087017521038e-05	0.00014737838009545103	mecR1	METHICILLIN	betalactams
ARO:3003805	PostNatalAbxCohort[T.High.Infant.Abx]	High infant abx (vs None)	-0.23921334363308788	0.0555611343780532	1.666783701718496e-05	0.00016251141091755338	gshF	DAPTOMYCIN	Lipopeptides
ARO:3003499	PostNatalAbxCohort[T.High.Infant.Abx]	High infant abx (vs None)	-0.3690539295354278	0.08631632290762159	1.906246069126833e-05	0.000171562146221415	tet(O/M/O);tet(O/W);tet(O/W/32/O);tet(O/W/O);tet(W/32/O);tet(W/N/W)	TETRACYCLINE	Tetracyclines
ARO:3000217	PostNatalAbxCohort[T.High.Infant.Abx]	High infant abx (vs None)	-0.47488017190871396	0.11183444257856809	2.1735059036205128e-05	0.00018164299337399998	blaR1;blaR1-2	BETA-LACTAM	betalactams
ARO:3003285	PostNatalAbxCohort[T.High.Infant.Abx]	High infant abx (vs None)	-0.41753818070478127	0.10314679678043288	5.165725910962578e-05	0.00040172297282042234	rpoB	BETA-LACTAM;DAPTOMYCIN/RIFAXIMIN;FIDAXOMICIN;RIFAMPIN;RIFAMYCIN	Multi-drug resistance
ARO:3000194	PostNatalAbxCohort[T.High.Infant.Abx]	High infant abx (vs None)	-0.47857649745084135	0.11864845209629052	5.4936474915613316e-05	0.00040172297282042234	tet(W)	TETRACYCLINE	Tetracyclines
ARO:3000172	PostNatalAbxCohort[T.High.Infant.Abx]	High infant abx (vs None)	-0.20239729999367945	0.0514731807410134	8.420970300111107e-05	0.0005795608971252938	fosB-Saur;fosB-Sepi;fosB_gen;fosBx1-fam	FOSFOMYCIN	Fosfomycin
ARO:3003303	PostNatalAbxCohort[T.High.Infant.Abx]	High infant abx (vs None)	-0.3682120351182766	0.09442133017457785	9.632385776437581e-05	0.0005952383160514933	gyrB	NALIDIXIC ACID;QUINOLONE;ZOLIFLODACIN	Aminocoumarins
ARO:3003930	PostNatalAbxCohort[T.High.Infant.Abx]	High infant abx (vs None)	-0.2126213692738373	0.05453480139221624	9.666263252118269e-05	0.0005952383160514933	rpsJ	TETRACYCLINE;TIGECYCLINE	Tetracyclines
ARO:3003092	PostNatalAbxCohort[T.High.Infant.Abx]	High infant abx (vs None)	-0.2613725081661022	0.06976534153670652	0.00017935325327918779	0.0010492165316832486	cls	DAPTOMYCIN	Lipopeptides
ARO:3003323	PostNatalAbxCohort[T.High.Infant.Abx]	High infant abx (vs None)	-0.15520451900324203	0.04169680123434476	0.00019748162908102341	0.0011002547905942734	pgsA	DAPTOMYCIN	Lipopeptides
ARO:3003937	PostNatalAbxCohort[T.High.Infant.Abx]	High infant abx (vs None)	-0.2671498065388056	0.07343130829370285	0.00027466602510459973	0.001460723860783553	pbp2	CEPHALOSPORIN	betalactams
ARO:3000565	PostNatalAbxCohort[T.High.Infant.Abx]	High infant abx (vs None)	-0.2506584009471423	0.07065458860541918	0.0003886707871983963	0.0019510625732459793	tet(38)	TETRACYCLINE	Tetracyclines
ARO:3003794	PostNatalAbxCohort[T.High.Infant.Abx]	High infant abx (vs None)	-0.2678036990049165	0.07573179217956946	0.00040590827199436715	0.0019510625732459793	walK	DAPTOMYCIN	Lipopeptides
ARO:3000124	PostNatalAbxCohort[T.High.Infant.Abx]	High infant abx (vs None)	-0.10248660899608339	0.029040010448432303	0.0004168937122320468	0.0019510625732459793	mecI_of_mecA	METHICILLIN	betalactams
ARO:3003890	PostNatalAbxCohort[T.High.Infant.Abx]	High infant abx (vs None)	-0.31545199565948046	0.09311280090713371	0.0007044334798664806	0.003169950659399163	uhpT	FOSFOMYCIN	Fosfomycin
ARO:3003079	PostNatalAbxCohort[T.High.Infant.Abx]	High infant abx (vs None)	-0.15396350005458248	0.046525721492371136	0.000935587915243271	0.004054214299387507	liaS	DAPTOMYCIN	Lipopeptides
ARO:3003297	PostNatalAbxCohort[T.High.Infant.Abx]	High infant abx (vs None)	-0.3453482275949891	0.10595979559885248	0.0011171177828462589	0.004667956449750439	gyrA	QUINOLONE	Fluoroquinolones
ARO:3003315	PostNatalAbxCohort[T.High.Infant.Abx]	High infant abx (vs None)	-0.3285264489350622	0.1018504951457588	0.0012571972729168812	0.005072140721768106	parE	QUINOLONE	Fluoroquinolones
ARO:3003078	PostNatalAbxCohort[T.High.Infant.Abx]	High infant abx (vs None)	-0.14652029874686695	0.04614820420834775	0.0014983929431809091	0.005843732478405546	liaR	DAPTOMYCIN	Lipopeptides
ARO:3003775	PostNatalAbxCohort[T.High.Infant.Abx]	High infant abx (vs None)	-0.26075362853233885	0.0824678461726393	0.0015675287320619385	0.0059161568274595745	murA	FOSFOMYCIN	Fosfomycin
ARO:3000026	PostNatalAbxCohort[T.High.Infant.Abx]	High infant abx (vs None)	-0.15552050361516706	0.04997024884305645	0.0018565968545196311	0.006788182249337401	mepA	TIGECYCLINE	Drug and biocide resistance
ARO:3004639	PostNatalAbxCohort[T.High.Infant.Abx]	High infant abx (vs None)	0.14077008919468276	0.047600485408246664	0.0031032118846142796	0.011002296681814265	tetAB_A	TETRACYCLINE	Tetracyclines
ARO:3003077	PostNatalAbxCohort[T.High.Infant.Abx]	High infant abx (vs None)	-0.10754372853576623	0.03806098650178178	0.004719755404368245	0.016241511244443663	liaF	DAPTOMYCIN	Lipopeptides
ARO:3001214	PostNatalAbxCohort[T.High.Infant.Abx]	High infant abx (vs None)	-0.12730391098184715	0.04643574420386884	0.00611580848845796	0.02044427408998804	mdtM	EFFLUX	Drug and biocide resistance
ARO:3002619	PostNatalAbxCohort[T.High.Infant.Abx]	High infant abx (vs None)	0.09336936828047855	0.03632099065449086	0.010150129183778315	0.03298791984727952	aadA22	STREPTOMYCIN	Aminoglycosides
ARO:3003197	PostNatalAbxCohort[T.High.Infant.Abx]	High infant abx (vs None)	0.09626237177941438	0.0384970641363307	0.01240139229858865	0.03921521348472627	aadA25	STREPTOMYCIN	Aminoglycosides
ARO:3005099	PostNatalAbxCohort[T.High.Infant.Abx]	High infant abx (vs None)	-0.08801760644168631	0.036600127447258185	0.01617935918988662	0.04981539540044039	erm(A)	AZITHROMYCIN/CLARITHROMYCIN/CLINDAMYCIN/ERYTHROMYCIN/TELITHROMYCIN	MLS
ARO:3005320	PostNatalAbxCohort[T.High.Infant.Abx]	High infant abx (vs None)	0.07388509988030162	0.032027893142405735	0.02106047703565203	0.06318143110695609	blaOXA-2_fam	BETA-LACTAM	betalactams
ARO:3005319	PostNatalAbxCohort[T.High.Infant.Abx]	High infant abx (vs None)	0.07086465574817152	0.03144166387401371	0.024205883039257272	0.07080220788982752	blaOXA-2_fam	CEPHALOSPORIN	betalactams
ARO:3003312	PostNatalAbxCohort[T.High.Infant.Abx]	High infant abx (vs None)	-0.2624000575443566	0.12025278569547261	0.029104329184848385	0.08193575649232285	parC	QUINOLONE	Fluoroquinolones
ARO:3000599	PostNatalAbxCohort[T.High.Infant.Abx]	High infant abx (vs None)	-0.13493973619872432	0.06195839936841282	0.029412835663910765	0.08193575649232285	erm(33)	CLINDAMYCIN/ERYTHROMYCIN/LINCOMYCIN	MLS
ARO:3000216	PostNatalAbxCohort[T.High.Infant.Abx]	High infant abx (vs None)	-0.3052898549647456	0.14747796651387324	0.03844570035429552	0.10460806840587386	acrB	AZITHROMYCIN;AZITHROMYCIN/CLARITHROMYCIN/ERYTHROMYCIN;CEFTIBUTEN-AVIBACTAM;CEPHALOSPORIN	Drug and biocide resistance
ARO:3003395	PostNatalAbxCohort[T.High.Infant.Abx]	High infant abx (vs None)	-0.12259687974138699	0.06499252711611798	0.059251481059423135	0.15755507463528426	rpsL	STREPTOMYCIN	Aminoglycosides
ARO:3002591	PostNatalAbxCohort[T.High.Infant.Abx]	High infant abx (vs None)	-0.18673041776137136	0.10128213967021626	0.06523185911085896	0.16960283368823328	aac(3)-IIa;aac(3)-IIc;aac(3)-IId;aac(3)-IIe;aac(3)-XI;aac(6')-IIa;aac(6')-Ib';aac(6')-Ib-AGKT;aac(6')-Ib-AKT;aac(6')-Ib-D181Y;aac(6')-Ib-G;aac(6')-Ib-K;aac(6')-Ib-W104R;aac(6')-Ib-cr;aac(6')-Ib11;aac(6')-Ie;aac(6')-Ie2;aac(6')-Im;aac(6')_Entco;aph(2'')-Ia;aph(2'')-If2	AMIKACIN/GENTAMICIN/KANAMYCIN/TOBRAMYCIN;AMIKACIN/KANAMYCIN/QUINOLONE/TOBRAMYCIN;AMIKACIN/KANAMYCIN/TOBRAMYCIN;AMINOGLYCOSIDE;GENTAMICIN;GENTAMICIN/KANAMYCIN/TOBRAMYCIN;KANAMYCIN	Aminoglycosides
ARO:3000502	PostNatalAbxCohort[T.High.Infant.Abx]	High infant abx (vs None)	-0.18620925825390724	0.10341753199584237	0.07177258372904033	0.18255200644125474	acrF	EFFLUX	Drug and biocide resistance
ARO:3005227	PostNatalAbxCohort[T.High.Infant.Abx]	High infant abx (vs None)	0.09677301236557886	0.05550514861344328	0.08124698793625505	0.19977749385920227	blaSHV	BETA-LACTAM	betalactams
ARO:3001044	PostNatalAbxCohort[T.High.Infant.Abx]	High infant abx (vs None)	0.11064013296727747	0.06360729538022857	0.08195999748069836	0.19977749385920227	blaTEM	BETA-LACTAM	betalactams
ARO:3001387	PostNatalAbxCohort[T.High.Infant.Abx]	High infant abx (vs None)	0.10650251279275907	0.06185287231085565	0.08509334137790414	0.20318206002479153	blaTEM	BETA-LACTAM	betalactams
ARO:3000178	PostNatalAbxCohort[T.High.Infant.Abx]	High infant abx (vs None)	-0.04874913707532366	0.02863865204543117	0.0887151112500913	0.20759336032521364	tet(K)	TETRACYCLINE	Tetracyclines
ARO:3005230	PostNatalAbxCohort[T.High.Infant.Abx]	High infant abx (vs None)	0.09292444072760833	0.055003652037239364	0.09113837590535809	0.2080226476993099	blaSHV	BETA-LACTAM	betalactams
ARO:3003582	PostNatalAbxCohort[T.High.Infant.Abx]	High infant abx (vs None)	-0.07851608642384968	0.04666382870040554	0.09245451008858217	0.2080226476993099	basR	COLISTIN	Cationic antimicrobial peptides
ARO:3000521	PostNatalAbxCohort[T.High.Infant.Abx]	High infant abx (vs None)	-0.14652162541018846	0.08822452713018974	0.09675742246233111	0.21359657411495736	mupA	MUPIROCIN	Mupirocin
ARO:3005664	PostNatalAbxCohort[T.High.Infant.Abx]	High infant abx (vs None)	0.07960371732978253	0.04870005907054676	0.10213895477784783	0.219615020794684	blaCTX-M	CEPHALOSPORIN	betalactams
ARO:3004114	PostNatalAbxCohort[T.High.Infant.Abx]	High infant abx (vs None)	-0.11590820350653251	0.07126847828546126	0.10387309133895753	0.219615020794684	ompC	CARBAPENEM	betalactams
ARO:3002703	PostNatalAbxCohort[T.High.Infant.Abx]	High infant abx (vs None)	0.1063754821724345	0.06575691751689955	0.10572557177125103	0.219615020794684	cmx	CHLORAMPHENICOL	Phenicol
ARO:3001998	PostNatalAbxCohort[T.High.Infant.Abx]	High infant abx (vs None)	0.08126896598767673	0.0504193019006214	0.10699193320766656	0.219615020794684	blaCTX-M	CEPHALOSPORIN	betalactams
ARO:3002804	PostNatalAbxCohort[T.High.Infant.Abx]	High infant abx (vs None)	0.04923509805513871	0.03607504801517122	0.17231702974952412	0.34760504277059173	fos_A_A2	FOSFOMYCIN	Fosfomycin
ARO:3003386	PostNatalAbxCohort[T.High.Infant.Abx]	High infant abx (vs None)	-0.10777340111501071	0.08244222313111292	0.19112450450507268	0.3790096106287035	folP	SULFONAMIDE	Sulfonamides
ARO:3003390	PostNatalAbxCohort[T.High.Infant.Abx]	High infant abx (vs None)	-0.06040705102326482	0.04837277902516022	0.21174485492094242	0.4129024670958377	ompF	CEPHALOSPORIN	betalactams
ARO:3000410	PostNatalAbxCohort[T.High.Infant.Abx]	High infant abx (vs None)	0.14076930809958393	0.1162650435328007	0.22598659500267793	0.4334496986116937	sul1	SULFONAMIDE	Sulfonamides
ARO:3000412	PostNatalAbxCohort[T.High.Infant.Abx]	High infant abx (vs None)	0.10034827039676175	0.0889711858631739	0.2593732158721662	0.48946235898457174	sul2	SULFONAMIDE	Sulfonamides
ARO:3003042	PostNatalAbxCohort[T.High.Infant.Abx]	High infant abx (vs None)	0.05379649672637014	0.05537887933055862	0.33133606518347414	0.6153384067693092	pbp2b	BETA-LACTAM	betalactams
ARO:3002869	PostNatalAbxCohort[T.High.Infant.Abx]	High infant abx (vs None)	0.029528716027699405	0.03789986392799605	0.4359063248964693	0.7968912502013579	dfrK	TRIMETHOPRIM	Trimethoprim
ARO:3007751	PostNatalAbxCohort[T.High.Infant.Abx]	High infant abx (vs None)	-0.07518029622249299	0.09816732344153804	0.44377252126026145	0.7987905382684706	gyrA	QUINOLONE	Fluoroquinolones
ARO:3002868	PostNatalAbxCohort[T.High.Infant.Abx]	High infant abx (vs None)	0.01839278544194984	0.02701091486208311	0.49591008726250385	0.8249965276023049	dfrG	TRIMETHOPRIM	Trimethoprim
ARO:3004956	PostNatalAbxCohort[T.High.Infant.Abx]	High infant abx (vs None)	-0.0269914953591224	0.04088663362782755	0.5091546846598567	0.8249965276023049	rplD	AZITHROMYCIN;AZITHROMYCIN/CHLORAMPHENICOL/CLARITHROMYCIN/ERYTHROMYCIN/LINEZOLID	MLS
ARO:3003900	PostNatalAbxCohort[T.High.Infant.Abx]	High infant abx (vs None)	-0.06643492153031576	0.10220880845397264	0.5156973025644465	0.8249965276023049	cyaA	FOSMIDOMYCIN	
ARO:3000828	PostNatalAbxCohort[T.High.Infant.Abx]	High infant abx (vs None)	0.041286659992240106	0.06364365429600889	0.516521928588251	0.8249965276023049	baeR	AZTREONAM-AVIBACTAM;CEFIDEROCOL	Drug and biocide and metal resistance
ARO:3004290	PostNatalAbxCohort[T.High.Infant.Abx]	High infant abx (vs None)	-0.031782526817979606	0.04951370305114609	0.5209422999237466	0.8249965276023049	blaEC	BETA-LACTAM	betalactams
ARO:3006874	PostNatalAbxCohort[T.High.Infant.Abx]	High infant abx (vs None)	-0.031226435175884838	0.04918116683835736	0.5254762328148241	0.8249965276023049	blaEC	CEPHALOSPORIN	betalactams
ARO:3006875	PostNatalAbxCohort[T.High.Infant.Abx]	High infant abx (vs None)	-0.031233143781380854	0.04919186549405111	0.5254773499645249	0.8249965276023049	blaEC	CEPHALOSPORIN	betalactams
ARO:3006877	PostNatalAbxCohort[T.High.Infant.Abx]	High infant abx (vs None)	-0.03122458483998497	0.04918105664904925	0.5254998440879717	0.8249965276023049	blaEC	CEPHALOSPORIN	betalactams
ARO:3006876	PostNatalAbxCohort[T.High.Infant.Abx]	High infant abx (vs None)	-0.031206729806129627	0.04923534736895692	0.5261932362131057	0.8249965276023049	blaEC	CEPHALOSPORIN	betalactams
ARO:3006878	PostNatalAbxCohort[T.High.Infant.Abx]	High infant abx (vs None)	-0.03096610762784366	0.04917036590760641	0.5288439279501955	0.8249965276023049	blaEC	CEPHALOSPORIN	betalactams
ARO:3006237	PostNatalAbxCohort[T.High.Infant.Abx]	High infant abx (vs None)	0.027679217086349683	0.045122278969952245	0.5395941423004496	0.830690982225692	blaACT	CEPHALOSPORIN	betalactams
ARO:3003373	PostNatalAbxCohort[T.High.Infant.Abx]	High infant abx (vs None)	-0.03675110122266255	0.06439380818113857	0.5681866480268336	0.8552014123505116	acrR	AMPICILLIN/CHLORAMPHENICOL/QUINOLONE/RIFAMPIN/TETRACYCLINE;TIGECYCLINE	Drug and biocide resistance
ARO:3006879	PostNatalAbxCohort[T.High.Infant.Abx]	High infant abx (vs None)	-0.027985631183913885	0.04928316647688622	0.5701342749003411	0.8552014123505116	blaEC	CEPHALOSPORIN	betalactams
ARO:3003899	PostNatalAbxCohort[T.High.Infant.Abx]	High infant abx (vs None)	-0.044360368552523476	0.08647381383969285	0.6079569665839226	0.9003919631685942	ptsI	FOSFOMYCIN	Fosfomycin
ARO:3003751	PostNatalAbxCohort[T.High.Infant.Abx]	High infant abx (vs None)	0.02684502982727586	0.0574905957089875	0.6405381880502306	0.9283778822362219	nfsA	NITROFURANTOIN	Chromium resistance
ARO:3003210	PostNatalAbxCohort[T.High.Infant.Abx]	High infant abx (vs None)	0.006890811344000534	0.014854255705792936	0.6427231492404613	0.9283778822362219	fos_A3_A4	FOSFOMYCIN	Fosfomycin
ARO:3003968	PostNatalAbxCohort[T.High.Infant.Abx]	High infant abx (vs None)	-0.03163656431346524	0.07935596937475124	0.6901389758516485	0.9294325361563869	ompK36	CARBAPENEM	betalactams
ARO:3006240	PostNatalAbxCohort[T.High.Infant.Abx]	High infant abx (vs None)	0.015345254480471766	0.04237041964698127	0.7172257090392113	0.9294325361563869	blaACT	CEPHALOSPORIN	betalactams
ARO:3003756	PostNatalAbxCohort[T.High.Infant.Abx]	High infant abx (vs None)	0.018470458688133143	0.05198996429798836	0.7223875574575276	0.9294325361563869	nfsB	NITROFURANTOIN	
ARO:3000179	PostNatalAbxCohort[T.High.Infant.Abx]	High infant abx (vs None)	0.017777167424949794	0.05049609604013609	0.7248005153903088	0.9294325361563869	tet(L)	TETRACYCLINE	Tetracyclines
ARO:3003209	PostNatalAbxCohort[T.High.Infant.Abx]	High infant abx (vs None)	0.01656869816344588	0.04863429522585307	0.7333450157566941	0.9294325361563869	fosA5_fam	FOSFOMYCIN	Fosfomycin
ARO:3003893	PostNatalAbxCohort[T.High.Infant.Abx]	High infant abx (vs None)	0.02196033407889346	0.06563339108903997	0.7379337255141609	0.9294325361563869	uhpA	FOSFOMYCIN	Fosfomycin
ARO:3002872	PostNatalAbxCohort[T.High.Infant.Abx]	High infant abx (vs None)	0.0050717380855201675	0.015377176741405534	0.7415341241207928	0.9294325361563869	fos_A3_A4	FOSFOMYCIN	Fosfomycin
ARO:3004049	PostNatalAbxCohort[T.High.Infant.Abx]	High infant abx (vs None)	-0.021605609967388813	0.0660365249432386	0.7435342695065046	0.9294325361563869	fabG	TRICLOSAN	Phenolic compound resistance
ARO:3004045	PostNatalAbxCohort[T.High.Infant.Abx]	High infant abx (vs None)	-0.021360126712935544	0.06590438840136933	0.7458564175210356	0.9294325361563869	fabI	TRICLOSAN	Phenolic compound resistance
ARO:3000830	PostNatalAbxCohort[T.High.Infant.Abx]	High infant abx (vs None)	-0.027232135699951417	0.08546717787601495	0.7500095079275143	0.9294325361563869	cpxA	CEFTIBUTEN-AVIBACTAM	Drug and biocide resistance
ARO:3003966	PostNatalAbxCohort[T.High.Infant.Abx]	High infant abx (vs None)	-0.021521533766246298	0.06970283576106537	0.7575031579746756	0.9294325361563869	ompK35	CARBAPENEM	betalactams
ARO:3006266	PostNatalAbxCohort[T.High.Infant.Abx]	High infant abx (vs None)	0.01271578256813476	0.041343695262521414	0.7584150321914602	0.9294325361563869	blaACT	CEPHALOSPORIN	betalactams
ARO:3003381	PostNatalAbxCohort[T.High.Infant.Abx]	High infant abx (vs None)	0.02096876206592926	0.07061900032638682	0.7665214405326655	0.9294325361563869	soxR	AMPICILLIN/CHLORAMPHENICOL/QUINOLONE/RIFAMPIN/TETRACYCLINE	Drug and biocide resistance
ARO:3007752	PostNatalAbxCohort[T.High.Infant.Abx]	High infant abx (vs None)	-0.02916581305701711	0.0993093409314202	0.7689974687574923	0.9294325361563869	gyrB	QUINOLONE	Fluoroquinolones
ARO:3000149	PostNatalAbxCohort[T.High.Infant.Abx]	High infant abx (vs None)	0.023793025026816784	0.08185653800191238	0.7713057257278124	0.9294325361563869	fosA5_fam;fosA_PA1129;fosA_gen;fos_A_A2	FOSFOMYCIN	Fosfomycin
ARO:3006260	PostNatalAbxCohort[T.High.Infant.Abx]	High infant abx (vs None)	0.01266000954824571	0.04555295090890548	0.7810748925099292	0.9294325361563869	blaACT	CEPHALOSPORIN	betalactams
ARO:3006265	PostNatalAbxCohort[T.High.Infant.Abx]	High infant abx (vs None)	0.012586061042011482	0.046035849880257114	0.7845480954906673	0.9294325361563869	blaACT	CEPHALOSPORIN	betalactams
ARO:3006238	PostNatalAbxCohort[T.High.Infant.Abx]	High infant abx (vs None)	0.01175375694128657	0.04605429667185613	0.7985568850135354	0.9294325361563869	blaACT	CEPHALOSPORIN	betalactams
ARO:3000822	PostNatalAbxCohort[T.High.Infant.Abx]	High infant abx (vs None)	0.017387334036249924	0.07150944591441946	0.8078912325195459	0.9294325361563869	pmrA	COLISTIN;QUINOLONE	Drug and biocide resistance
ARO:3006235	PostNatalAbxCohort[T.High.Infant.Abx]	High infant abx (vs None)	0.011266757530862266	0.04695881953271309	0.8103857126934095	0.9294325361563869	blaACT	CEPHALOSPORIN	betalactams
ARO:3006251	PostNatalAbxCohort[T.High.Infant.Abx]	High infant abx (vs None)	0.010616590407672603	0.046705217978217604	0.8201822431123533	0.9294325361563869	blaACT	CEPHALOSPORIN	betalactams
ARO:3003380	PostNatalAbxCohort[T.High.Infant.Abx]	High infant abx (vs None)	0.011786346640518959	0.05668524446077611	0.8352866030980798	0.9294325361563869	ramR	AMPICILLIN/CHLORAMPHENICOL/QUINOLONE/RIFAMPIN/TETRACYCLINE;TIGECYCLINE	Multi-drug resistance
ARO:3003511	PostNatalAbxCohort[T.High.Infant.Abx]	High infant abx (vs None)	-0.013223062463455509	0.06809244121016131	0.846024912901602	0.9294325361563869	soxS	AMPICILLIN/CHLORAMPHENICOL/QUINOLONE/RIFAMPIN/TETRACYCLINE	Drug and biocide and metal resistance
ARO:3006268	PostNatalAbxCohort[T.High.Infant.Abx]	High infant abx (vs None)	0.009168710032044608	0.04743077022193946	0.8467183772174437	0.9294325361563869	blaACT	CEPHALOSPORIN	betalactams
ARO:3003585	PostNatalAbxCohort[T.High.Infant.Abx]	High infant abx (vs None)	-0.012153877689157083	0.06489812588387169	0.8514440427908557	0.9294325361563869	phoP	COLISTIN	Drug and biocide resistance
ARO:3003923	PostNatalAbxCohort[T.High.Infant.Abx]	High infant abx (vs None)	0.03279136797702899	0.17714049050824388	0.8531388097312738	0.9294325361563869	oqxB	PHENICOL/QUINOLONE	Drug and biocide resistance;Multi-drug resistance
ARO:3006239	PostNatalAbxCohort[T.High.Infant.Abx]	High infant abx (vs None)	0.008149529294898098	0.04728485902467217	0.8631626467269553	0.9294325361563869	blaACT	CEPHALOSPORIN	betalactams
ARO:3004111	PostNatalAbxCohort[T.High.Infant.Abx]	High infant abx (vs None)	0.00826511328914413	0.04893726991692316	0.8658815935132151	0.9294325361563869	fosA5_fam	FOSFOMYCIN	Fosfomycin
ARO:3003378	PostNatalAbxCohort[T.High.Infant.Abx]	High infant abx (vs None)	-0.006405483134944094	0.04668636509366139	0.8908707835061654	0.935193948745313	marR	AMPICILLIN/CHLORAMPHENICOL/QUINOLONE/RIFAMPIN/TETRACYCLINE	Drug and biocide resistance
ARO:3003896	PostNatalAbxCohort[T.High.Infant.Abx]	High infant abx (vs None)	0.01073876038642292	0.08005803285872741	0.8932940838819583	0.935193948745313	phoQ	COLISTIN	Lipopeptides
ARO:3006236	PostNatalAbxCohort[T.High.Infant.Abx]	High infant abx (vs None)	0.0059811334256033265	0.04541780135135451	0.8952283953801288	0.935193948745313	blaACT	CEPHALOSPORIN	betalactams
ARO:3003043	PostNatalAbxCohort[T.High.Infant.Abx]	High infant abx (vs None)	0.004788535988157783	0.05888478738516785	0.9351871302807662	0.9649800511813877	pbp2x	BETA-LACTAM	betalactams
ARO:3004126	PostNatalAbxCohort[T.High.Infant.Abx]	High infant abx (vs None)	-0.005066047831189018	0.07036312170044708	0.9426030041619794	0.9649800511813877	lamB	CEFTAZIDIME-AVIBACTAM	betalactams
ARO:3003922	PostNatalAbxCohort[T.High.Infant.Abx]	High infant abx (vs None)	0.007382734043506318	0.13234893988301794	0.9555152007832228	0.9649800511813877	oqxA	PHENICOL/QUINOLONE	Drug and biocide resistance;Multi-drug resistance
ARO:3000829	PostNatalAbxCohort[T.High.Infant.Abx]	High infant abx (vs None)	-0.005321627800956917	0.09808629146636716	0.9567323584362477	0.9649800511813877	baeS	AZTREONAM/AZTREONAM-AVIBACTAM;AZTREONAM/TEMOCILLIN/TICARCILLIN;CEFIDEROCOL;TEMOCILLIN	Drug and biocide and metal resistance
ARO:3000516	PostNatalAbxCohort[T.High.Infant.Abx]	High infant abx (vs None)	4.395035657071692e-05	0.05951688811050933	0.9994108007176493	0.9994108007176493	emrR	NITROXOLINE	Drug and biocide resistance
ARO:3003291	PostNatalAbxCohort[T.Low.Infant.Abx]	Low infant abx (vs None)	-0.4460022652175766	0.10902733353820943	4.3000253391794155e-05	0.005031029646839916	rpoC	BETA-LACTAM;DAPTOMYCIN;FIDAXOMICIN	Lipopeptides
ARO:3000186	PostNatalAbxCohort[T.Low.Infant.Abx]	Low infant abx (vs None)	-0.515984570640413	0.13732441192109726	0.00017167882509117684	0.010043211267833843	tet(M)	TETRACYCLINE	Tetracyclines
ARO:3003735	PostNatalAbxCohort[T.Low.Infant.Abx]	Low infant abx (vs None)	-0.2883427080011408	0.08980759275740278	0.0013242507127563658	0.051645777797498266	fusA	FUSIDIC ACID	Fusidic acid
ARO:3003797	PostNatalAbxCohort[T.Low.Infant.Abx]	Low infant abx (vs None)	-0.16599779631549882	0.059165223116616796	0.005021286433034163	0.14687262816624924	yybT	DAPTOMYCIN	Lipopeptides
ARO:3003499	PostNatalAbxCohort[T.Low.Infant.Abx]	Low infant abx (vs None)	-0.2509784655487186	0.09200628971022537	0.006375046226497877	0.14917608170005034	tet(O/M/O);tet(O/W);tet(O/W/32/O);tet(O/W/O);tet(W/32/O);tet(W/N/W)	TETRACYCLINE	Tetracyclines
ARO:3000412	PostNatalAbxCohort[T.Low.Infant.Abx]	Low infant abx (vs None)	0.2526265941824437	0.09711118814623507	0.009283981052098668	0.1741310380047819	sul2	SULFONAMIDE	Sulfonamides
ARO:3003805	PostNatalAbxCohort[T.Low.Infant.Abx]	Low infant abx (vs None)	-0.15212746380900022	0.05940833913366293	0.010445883633348082	0.1741310380047819	gshF	DAPTOMYCIN	Lipopeptides
ARO:3003729	PostNatalAbxCohort[T.Low.Infant.Abx]	Low infant abx (vs None)	-0.2165548995599705	0.08686076301523142	0.012662360395166666	0.1741310380047819	ileS	MUPIROCIN	Mupirocin
ARO:3000194	PostNatalAbxCohort[T.Low.Infant.Abx]	Low infant abx (vs None)	-0.31334477920709597	0.12678620079280836	0.013456926692104495	0.1741310380047819	tet(W)	TETRACYCLINE	Tetracyclines
ARO:3003285	PostNatalAbxCohort[T.Low.Infant.Abx]	Low infant abx (vs None)	-0.2682820993952375	0.1101677823742455	0.014882994701263412	0.1741310380047819	rpoB	BETA-LACTAM;DAPTOMYCIN/RIFAXIMIN;FIDAXOMICIN;RIFAMPIN;RIFAMYCIN	Multi-drug resistance
ARO:3003737	PostNatalAbxCohort[T.Low.Infant.Abx]	Low infant abx (vs None)	-0.12917392925251162	0.056304371422489764	0.021778564309807756	0.23164472947704615	fusE	FUSIDIC ACID	Fusidic acid
ARO:3003079	PostNatalAbxCohort[T.Low.Infant.Abx]	Low infant abx (vs None)	-0.10920688937104693	0.04964516855629842	0.027824737525618568	0.26455565805157333	liaS	DAPTOMYCIN	Lipopeptides
ARO:3002865	PostNatalAbxCohort[T.Low.Infant.Abx]	Low infant abx (vs None)	-0.1328212896525636	0.06097902125051027	0.02939507311684148	0.26455565805157333	dfrC	TRIMETHOPRIM	Trimethoprim
ARO:3003297	PostNatalAbxCohort[T.Low.Infant.Abx]	Low infant abx (vs None)	-0.23616559631549366	0.11322429520475437	0.03699485350777954	0.30917127574358616	gyrA	QUINOLONE	Fluoroquinolones
ARO:3003078	PostNatalAbxCohort[T.Low.Infant.Abx]	Low infant abx (vs None)	-0.09825056514251888	0.049211558028410304	0.04588021176843257	0.33456469708438114	liaR	DAPTOMYCIN	Lipopeptides
ARO:3003303	PostNatalAbxCohort[T.Low.Infant.Abx]	Low infant abx (vs None)	-0.1920914035248086	0.10124605430203866	0.0577919187177068	0.33456469708438114	gyrB	NALIDIXIC ACID;QUINOLONE;ZOLIFLODACIN	Aminocoumarins
ARO:3003395	PostNatalAbxCohort[T.Low.Infant.Abx]	Low infant abx (vs None)	-0.13190722737052796	0.07003139017568581	0.05962663913995052	0.33456469708438114	rpsL	STREPTOMYCIN	Aminoglycosides
ARO:3003901	PostNatalAbxCohort[T.Low.Infant.Abx]	Low infant abx (vs None)	-0.1353213157180469	0.07188668844898558	0.059778303571927156	0.33456469708438114	glpT	FOSFOMYCIN	Fosfomycin
ARO:3001387	PostNatalAbxCohort[T.Low.Infant.Abx]	Low infant abx (vs None)	0.12601163675408486	0.0670464656690535	0.0601807206491092	0.33456469708438114	blaTEM	BETA-LACTAM	betalactams
ARO:3000217	PostNatalAbxCohort[T.Low.Infant.Abx]	Low infant abx (vs None)	-0.22472996091433547	0.1198057269259171	0.0606846073746448	0.33456469708438114	blaR1;blaR1-2	BETA-LACTAM	betalactams
ARO:3001044	PostNatalAbxCohort[T.Low.Infant.Abx]	Low infant abx (vs None)	0.12859319155994314	0.06895874542150696	0.062211633129309406	0.33456469708438114	blaTEM	BETA-LACTAM	betalactams
ARO:3003077	PostNatalAbxCohort[T.Low.Infant.Abx]	Low infant abx (vs None)	-0.07530161497493498	0.04048844281479767	0.06290960116116569	0.33456469708438114	liaF	DAPTOMYCIN	Lipopeptides
ARO:3000621	PostNatalAbxCohort[T.Low.Infant.Abx]	Low infant abx (vs None)	-0.2034826749265648	0.11093875945490349	0.06662591339937206	0.33892312468376223	blaZ	BETA-LACTAM	betalactams
ARO:3000172	PostNatalAbxCohort[T.Low.Infant.Abx]	Low infant abx (vs None)	-0.09477839573598915	0.054756541952499106	0.08346863319315653	0.40690958681663814	fosB-Saur;fosB-Sepi;fosB_gen;fosBx1-fam	FOSFOMYCIN	Fosfomycin
ARO:3000617	PostNatalAbxCohort[T.Low.Infant.Abx]	Low infant abx (vs None)	-0.22903589574266486	0.1388405640507934	0.09901813984290332	0.46340489446478755	mecA;mecA-ceftar	CEFTAROLINE/METHICILLIN;METHICILLIN	betalactams
ARO:3003794	PostNatalAbxCohort[T.Low.Infant.Abx]	Low infant abx (vs None)	-0.12849477967784767	0.08056242340422853	0.11071858031489717	0.4736200204425307	walK	DAPTOMYCIN	Lipopeptides
ARO:3003092	PostNatalAbxCohort[T.Low.Infant.Abx]	Low infant abx (vs None)	-0.11858145713908794	0.07465138320418804	0.11218017690827001	0.4736200204425307	cls	DAPTOMYCIN	Lipopeptides
ARO:3003751	PostNatalAbxCohort[T.Low.Infant.Abx]	Low infant abx (vs None)	0.09737022327972032	0.06213523296370288	0.1170984668644017	0.4736200204425307	nfsA	NITROFURANTOIN	Chromium resistance
ARO:3000565	PostNatalAbxCohort[T.Low.Infant.Abx]	Low infant abx (vs None)	-0.11914645361828868	0.07633382154836998	0.11855664806767399	0.4736200204425307	tet(38)	TETRACYCLINE	Tetracyclines
ARO:3003315	PostNatalAbxCohort[T.Low.Infant.Abx]	Low infant abx (vs None)	-0.16795234947651863	0.10956524280219394	0.1253009709467077	0.4736200204425307	parE	QUINOLONE	Fluoroquinolones
ARO:3000410	PostNatalAbxCohort[T.Low.Infant.Abx]	Low infant abx (vs None)	0.19317034169797162	0.1260791715241927	0.12548906524545686	0.4736200204425307	sul1	SULFONAMIDE	Sulfonamides
ARO:3003930	PostNatalAbxCohort[T.Low.Infant.Abx]	Low infant abx (vs None)	-0.08773360402551836	0.05826385121794151	0.13211897790695	0.48306001297228596	rpsJ	TETRACYCLINE;TIGECYCLINE	Tetracyclines
ARO:3005664	PostNatalAbxCohort[T.Low.Infant.Abx]	Low infant abx (vs None)	0.07702753611511967	0.05314051117659518	0.1471960827109659	0.4957482647603676	blaCTX-M	CEPHALOSPORIN	betalactams
ARO:3001998	PostNatalAbxCohort[T.Low.Infant.Abx]	Low infant abx (vs None)	0.07905782865726974	0.055066157168688804	0.15109110205860202	0.4957482647603676	blaCTX-M	CEPHALOSPORIN	betalactams
ARO:3006879	PostNatalAbxCohort[T.Low.Infant.Abx]	Low infant abx (vs None)	0.0738416340908074	0.053621241023084146	0.1684823526864384	0.4957482647603676	blaEC	CEPHALOSPORIN	betalactams
ARO:3006878	PostNatalAbxCohort[T.Low.Infant.Abx]	Low infant abx (vs None)	0.07293166883563379	0.05345879848048862	0.17248593616620578	0.4957482647603676	blaEC	CEPHALOSPORIN	betalactams
ARO:3004290	PostNatalAbxCohort[T.Low.Infant.Abx]	Low infant abx (vs None)	0.07331906216276043	0.053842826351961685	0.17328504349259732	0.4957482647603676	blaEC	BETA-LACTAM	betalactams
ARO:3006877	PostNatalAbxCohort[T.Low.Infant.Abx]	Low infant abx (vs None)	0.07275833908653069	0.053471096944144855	0.17360722879592982	0.4957482647603676	blaEC	CEPHALOSPORIN	betalactams
ARO:3006874	PostNatalAbxCohort[T.Low.Infant.Abx]	Low infant abx (vs None)	0.07275467604058866	0.0534712179276003	0.17362986085004994	0.4957482647603676	blaEC	CEPHALOSPORIN	betalactams
ARO:3006875	PostNatalAbxCohort[T.Low.Infant.Abx]	Low infant abx (vs None)	0.07276980656797297	0.0534828344619822	0.173633853131976	0.4957482647603676	blaEC	CEPHALOSPORIN	betalactams
ARO:3006876	PostNatalAbxCohort[T.Low.Infant.Abx]	Low infant abx (vs None)	0.07281944342859586	0.05353049936986717	0.17372375089893222	0.4957482647603676	blaEC	CEPHALOSPORIN	betalactams
ARO:3000178	PostNatalAbxCohort[T.Low.Infant.Abx]	Low infant abx (vs None)	-0.03932326707355481	0.03046625870895262	0.19680240791052905	0.5482352791793309	tet(K)	TETRACYCLINE	Tetracyclines
ARO:3003890	PostNatalAbxCohort[T.Low.Infant.Abx]	Low infant abx (vs None)	-0.12542039392131835	0.10061498911982901	0.21256699624191422	0.5783799665186968	uhpT	FOSFOMYCIN	Fosfomycin
ARO:3000216	PostNatalAbxCohort[T.Low.Infant.Abx]	Low infant abx (vs None)	-0.1955350145882987	0.16012958565263777	0.2220463214404188	0.5876520436095897	acrB	AZITHROMYCIN;AZITHROMYCIN/CLARITHROMYCIN/ERYTHROMYCIN;CEFTIBUTEN-AVIBACTAM;CEPHALOSPORIN	Drug and biocide resistance
ARO:3003323	PostNatalAbxCohort[T.Low.Infant.Abx]	Low infant abx (vs None)	-0.05369841366933678	0.044573873401790746	0.22831681081065902	0.5876520436095897	pgsA	DAPTOMYCIN	Lipopeptides
ARO:3000026	PostNatalAbxCohort[T.Low.Infant.Abx]	Low infant abx (vs None)	-0.06460162596765705	0.05393909352891581	0.2310426838123173	0.5876520436095897	mepA	TIGECYCLINE	Drug and biocide resistance
ARO:3003756	PostNatalAbxCohort[T.Low.Infant.Abx]	Low infant abx (vs None)	0.06357530842599006	0.05635269456469382	0.2592489627223935	0.6341809894329753	nfsB	NITROFURANTOIN	
ARO:3003312	PostNatalAbxCohort[T.Low.Infant.Abx]	Low infant abx (vs None)	-0.14621479539226606	0.12985635975463333	0.2601768161776309	0.6341809894329753	parC	QUINOLONE	Fluoroquinolones
ARO:3003378	PostNatalAbxCohort[T.Low.Infant.Abx]	Low infant abx (vs None)	0.05476268148252086	0.050464319963941386	0.27784360115723417	0.6634224762325795	marR	AMPICILLIN/CHLORAMPHENICOL/QUINOLONE/RIFAMPIN/TETRACYCLINE	Drug and biocide resistance
ARO:3003210	PostNatalAbxCohort[T.Low.Infant.Abx]	Low infant abx (vs None)	-0.016852627753887975	0.015740894622284642	0.2843371505847052	0.6653489323682102	fos_A3_A4	FOSFOMYCIN	Fosfomycin
ARO:3003390	PostNatalAbxCohort[T.Low.Infant.Abx]	Low infant abx (vs None)	0.054265758093323894	0.05238523254530098	0.30024972659911064	0.6888081963156067	ompF	CEPHALOSPORIN	betalactams
ARO:3005099	PostNatalAbxCohort[T.Low.Infant.Abx]	Low infant abx (vs None)	-0.03955859384319635	0.038966189494742	0.3100090541006951	0.6932900117782043	erm(A)	AZITHROMYCIN/CLARITHROMYCIN/CLINDAMYCIN/ERYTHROMYCIN/TELITHROMYCIN	MLS
ARO:3000215	PostNatalAbxCohort[T.Low.Infant.Abx]	Low infant abx (vs None)	-0.07466779206176534	0.07416709044538601	0.3140544497798703	0.6932900117782043	mecR1	METHICILLIN	betalactams
ARO:3003775	PostNatalAbxCohort[T.Low.Infant.Abx]	Low infant abx (vs None)	-0.08126842696992252	0.0885009964177323	0.3584738802762417	0.7766934072651903	murA	FOSFOMYCIN	Fosfomycin
ARO:3007751	PostNatalAbxCohort[T.Low.Infant.Abx]	Low infant abx (vs None)	-0.09615045335402055	0.10616796368893128	0.365123942569877	0.7767182051031929	gyrA	QUINOLONE	Fluoroquinolones
ARO:3004639	PostNatalAbxCohort[T.Low.Infant.Abx]	Low infant abx (vs None)	0.042370703252897	0.05096179536614938	0.4057358798375986	0.8430504461685625	tetAB_A	TETRACYCLINE	Tetracyclines
ARO:3000521	PostNatalAbxCohort[T.Low.Infant.Abx]	Low infant abx (vs None)	0.07685311306395004	0.09396975692730078	0.4134431635193654	0.8430504461685625	mupA	MUPIROCIN	Mupirocin
ARO:3007752	PostNatalAbxCohort[T.Low.Infant.Abx]	Low infant abx (vs None)	-0.08692047694379514	0.10730514348719669	0.4179224433998002	0.8430504461685625	gyrB	QUINOLONE	Fluoroquinolones
ARO:3002591	PostNatalAbxCohort[T.Low.Infant.Abx]	Low infant abx (vs None)	0.08532739965913821	0.10836352567434758	0.4310371645114627	0.8547686143701887	aac(3)-IIa;aac(3)-IIc;aac(3)-IId;aac(3)-IIe;aac(3)-XI;aac(6')-IIa;aac(6')-Ib';aac(6')-Ib-AGKT;aac(6')-Ib-AKT;aac(6')-Ib-D181Y;aac(6')-Ib-G;aac(6')-Ib-K;aac(6')-Ib-W104R;aac(6')-Ib-cr;aac(6')-Ib11;aac(6')-Ie;aac(6')-Ie2;aac(6')-Im;aac(6')_Entco;aph(2'')-Ia;aph(2'')-If2	AMIKACIN/GENTAMICIN/KANAMYCIN/TOBRAMYCIN;AMIKACIN/KANAMYCIN/QUINOLONE/TOBRAMYCIN;AMIKACIN/KANAMYCIN/TOBRAMYCIN;AMINOGLYCOSIDE;GENTAMICIN;GENTAMICIN/KANAMYCIN/TOBRAMYCIN;KANAMYCIN	Aminoglycosides
ARO:3003582	PostNatalAbxCohort[T.Low.Infant.Abx]	Low infant abx (vs None)	0.03897579318051375	0.050491278203692445	0.4401551747054224	0.8583025906755738	basR	COLISTIN	Cationic antimicrobial peptides
ARO:3002703	PostNatalAbxCohort[T.Low.Infant.Abx]	Low infant abx (vs None)	-0.05371756945548113	0.0707960062397213	0.4479928267905635	0.8592649300737037	cmx	CHLORAMPHENICOL	Phenicol
ARO:3004956	PostNatalAbxCohort[T.Low.Infant.Abx]	Low infant abx (vs None)	-0.03172413951863042	0.04379065648725253	0.46878953501249543	0.8846512192977736	rplD	AZITHROMYCIN;AZITHROMYCIN/CHLORAMPHENICOL/CLARITHROMYCIN/ERYTHROMYCIN/LINEZOLID	MLS
ARO:3003900	PostNatalAbxCohort[T.Low.Infant.Abx]	Low infant abx (vs None)	-0.07626549241961186	0.11068873793174706	0.490817855277241	0.9115188740863047	cyaA	FOSMIDOMYCIN	
ARO:3000502	PostNatalAbxCohort[T.Low.Infant.Abx]	Low infant abx (vs None)	-0.07353474735705284	0.11176043545257319	0.510558940036066	0.9333655622534329	acrF	EFFLUX	Drug and biocide resistance
ARO:3003899	PostNatalAbxCohort[T.Low.Infant.Abx]	Low infant abx (vs None)	-0.059487771524940274	0.09336149650061584	0.5240097439012172	0.943217539022191	ptsI	FOSFOMYCIN	Fosfomycin
ARO:3005319	PostNatalAbxCohort[T.Low.Infant.Abx]	Low infant abx (vs None)	0.02042775280708545	0.03366474208169851	0.5439838982955979	0.9643350924331053	blaOXA-2_fam	CEPHALOSPORIN	betalactams
ARO:3005320	PostNatalAbxCohort[T.Low.Infant.Abx]	Low infant abx (vs None)	0.020150577139210268	0.034282194010592536	0.5566762662854037	0.9721063157521229	blaOXA-2_fam	BETA-LACTAM	betalactams
ARO:3000822	PostNatalAbxCohort[T.Low.Infant.Abx]	Low infant abx (vs None)	0.041893001933901476	0.07718692363394304	0.5873037352797534	0.977767634024137	pmrA	COLISTIN;QUINOLONE	Drug and biocide resistance
ARO:3004114	PostNatalAbxCohort[T.Low.Infant.Abx]	Low infant abx (vs None)	-0.04167230226431715	0.077060489515218	0.5886634274115714	0.977767634024137	ompC	CARBAPENEM	betalactams
ARO:3003386	PostNatalAbxCohort[T.Low.Infant.Abx]	Low infant abx (vs None)	-0.04666795966216812	0.0891475690325312	0.6006325375318307	0.977767634024137	folP	SULFONAMIDE	Sulfonamides
ARO:3003381	PostNatalAbxCohort[T.Low.Infant.Abx]	Low infant abx (vs None)	0.03946738792663003	0.0763257615666596	0.605092420547364	0.977767634024137	soxR	AMPICILLIN/CHLORAMPHENICOL/QUINOLONE/RIFAMPIN/TETRACYCLINE	Drug and biocide resistance
ARO:3002619	PostNatalAbxCohort[T.Low.Infant.Abx]	Low infant abx (vs None)	0.01967717837833858	0.03884656604682372	0.6124805287924444	0.977767634024137	aadA22	STREPTOMYCIN	Aminoglycosides
ARO:3003893	PostNatalAbxCohort[T.Low.Infant.Abx]	Low infant abx (vs None)	0.034690758711989546	0.07101375442929816	0.6251903441471943	0.977767634024137	uhpA	FOSFOMYCIN	Fosfomycin
ARO:3000179	PostNatalAbxCohort[T.Low.Infant.Abx]	Low infant abx (vs None)	-0.025943404261548737	0.05365542755297887	0.6287274630449662	0.977767634024137	tet(L)	TETRACYCLINE	Tetracyclines
ARO:3003968	PostNatalAbxCohort[T.Low.Infant.Abx]	Low infant abx (vs None)	-0.041206814000686764	0.0858971482223259	0.6314245668324615	0.977767634024137	ompK36	CARBAPENEM	betalactams
ARO:3003209	PostNatalAbxCohort[T.Low.Infant.Abx]	Low infant abx (vs None)	-0.02497193179534016	0.05262597458703173	0.6351311126994394	0.977767634024137	fosA5_fam	FOSFOMYCIN	Fosfomycin
ARO:3000149	PostNatalAbxCohort[T.Low.Infant.Abx]	Low infant abx (vs None)	-0.038878088012215185	0.08866344069686402	0.6610306606956177	0.9952339073643837	fosA5_fam;fosA_PA1129;fosA_gen;fos_A_A2	FOSFOMYCIN	Fosfomycin
ARO:3006240	PostNatalAbxCohort[T.Low.Infant.Abx]	Low infant abx (vs None)	0.019910960514359963	0.045823662770273464	0.663916220726603	0.9952339073643837	blaACT	CEPHALOSPORIN	betalactams
ARO:3003922	PostNatalAbxCohort[T.Low.Infant.Abx]	Low infant abx (vs None)	-0.06034286532034514	0.1435376842885688	0.674195187291622	0.9952339073643837	oqxA	PHENICOL/QUINOLONE	Drug and biocide resistance;Multi-drug resistance
ARO:3003197	PostNatalAbxCohort[T.Low.Infant.Abx]	Low infant abx (vs None)	0.016899152349137244	0.04113267305611643	0.6811862066761071	0.9952339073643837	aadA25	STREPTOMYCIN	Aminoglycosides
ARO:3000124	PostNatalAbxCohort[T.Low.Infant.Abx]	Low infant abx (vs None)	-0.011158389796305852	0.03124661567002715	0.7210115937446557	0.9952339073643837	mecI_of_mecA	METHICILLIN	betalactams
ARO:3006237	PostNatalAbxCohort[T.Low.Infant.Abx]	Low infant abx (vs None)	0.017258558873482054	0.04918566158623657	0.725673892893546	0.9952339073643837	blaACT	CEPHALOSPORIN	betalactams
ARO:3003380	PostNatalAbxCohort[T.Low.Infant.Abx]	Low infant abx (vs None)	0.021111160850657194	0.061253832570143614	0.7303571746305848	0.9952339073643837	ramR	AMPICILLIN/CHLORAMPHENICOL/QUINOLONE/RIFAMPIN/TETRACYCLINE;TIGECYCLINE	Multi-drug resistance
ARO:3006236	PostNatalAbxCohort[T.Low.Infant.Abx]	Low infant abx (vs None)	0.01699290581963331	0.049310963785321515	0.7303898041065673	0.9952339073643837	blaACT	CEPHALOSPORIN	betalactams
ARO:3003923	PostNatalAbxCohort[T.Low.Infant.Abx]	Low infant abx (vs None)	-0.059487895029219556	0.19168103097963612	0.7562960537198191	0.9952339073643837	oqxB	PHENICOL/QUINOLONE	Drug and biocide resistance;Multi-drug resistance
ARO:3000830	PostNatalAbxCohort[T.Low.Infant.Abx]	Low infant abx (vs None)	-0.02827712270044226	0.09249398070510542	0.7598189726693572	0.9952339073643837	cpxA	CEFTIBUTEN-AVIBACTAM	Drug and biocide resistance
ARO:3000599	PostNatalAbxCohort[T.Low.Infant.Abx]	Low infant abx (vs None)	-0.018896881346394282	0.06614127719762057	0.7751042167446909	0.9952339073643837	erm(33)	CLINDAMYCIN/ERYTHROMYCIN/LINCOMYCIN	MLS
ARO:3000828	PostNatalAbxCohort[T.Low.Infant.Abx]	Low infant abx (vs None)	0.018601013256759207	0.06856659451771138	0.7861726873070212	0.9952339073643837	baeR	AZTREONAM-AVIBACTAM;CEFIDEROCOL	Drug and biocide and metal resistance
ARO:3006235	PostNatalAbxCohort[T.Low.Infant.Abx]	Low infant abx (vs None)	0.012686449532391213	0.05106782207400373	0.8038067160900838	0.9952339073643837	blaACT	CEPHALOSPORIN	betalactams
ARO:3003511	PostNatalAbxCohort[T.Low.Infant.Abx]	Low infant abx (vs None)	0.01773447136422283	0.0737617818796156	0.8099976996387865	0.9952339073643837	soxS	AMPICILLIN/CHLORAMPHENICOL/QUINOLONE/RIFAMPIN/TETRACYCLINE	Drug and biocide and metal resistance
ARO:3006239	PostNatalAbxCohort[T.Low.Infant.Abx]	Low infant abx (vs None)	0.012043595219634037	0.0514168269369831	0.8148029256716224	0.9952339073643837	blaACT	CEPHALOSPORIN	betalactams
ARO:3006268	PostNatalAbxCohort[T.Low.Infant.Abx]	Low infant abx (vs None)	0.011752597363577295	0.051591087479935537	0.8197995019096275	0.9952339073643837	blaACT	CEPHALOSPORIN	betalactams
ARO:3001214	PostNatalAbxCohort[T.Low.Infant.Abx]	Low infant abx (vs None)	0.010703983116052678	0.050218663218397484	0.8312119068743663	0.9952339073643837	mdtM	EFFLUX	Drug and biocide resistance
ARO:3006265	PostNatalAbxCohort[T.Low.Infant.Abx]	Low infant abx (vs None)	0.010319581660083527	0.050021437596727614	0.8365540944383308	0.9952339073643837	blaACT	CEPHALOSPORIN	betalactams
ARO:3004045	PostNatalAbxCohort[T.Low.Infant.Abx]	Low infant abx (vs None)	-0.014051006190031615	0.07125460623972876	0.8436754471564489	0.9952339073643837	fabI	TRICLOSAN	Phenolic compound resistance
ARO:3003585	PostNatalAbxCohort[T.Low.Infant.Abx]	Low infant abx (vs None)	-0.013400304398393369	0.07001145230150727	0.8482109620379403	0.9952339073643837	phoP	COLISTIN	Drug and biocide resistance
ARO:3000516	PostNatalAbxCohort[T.Low.Infant.Abx]	Low infant abx (vs None)	0.011369804346375549	0.06430259586156155	0.859651985690564	0.9952339073643837	emrR	NITROXOLINE	Drug and biocide resistance
ARO:3003373	PostNatalAbxCohort[T.Low.Infant.Abx]	Low infant abx (vs None)	0.012194386500650268	0.0696318155976133	0.860980119291463	0.9952339073643837	acrR	AMPICILLIN/CHLORAMPHENICOL/QUINOLONE/RIFAMPIN/TETRACYCLINE;TIGECYCLINE	Drug and biocide resistance
ARO:3004049	PostNatalAbxCohort[T.Low.Infant.Abx]	Low infant abx (vs None)	-0.012309322947107824	0.07125481958117355	0.8628473570587833	0.9952339073643837	fabG	TRICLOSAN	Phenolic compound resistance
ARO:3002872	PostNatalAbxCohort[T.Low.Infant.Abx]	Low infant abx (vs None)	-0.002746100009367651	0.016242965431390487	0.8657463349217815	0.9952339073643837	fos_A3_A4	FOSFOMYCIN	Fosfomycin
ARO:3006260	PostNatalAbxCohort[T.Low.Infant.Abx]	Low infant abx (vs None)	0.007067689514964483	0.04953768562553186	0.8865484526736701	0.9952339073643837	blaACT	CEPHALOSPORIN	betalactams
ARO:3003043	PostNatalAbxCohort[T.Low.Infant.Abx]	Low infant abx (vs None)	-0.008504097993523115	0.06299373887212154	0.892612586664626	0.9952339073643837	pbp2x	BETA-LACTAM	betalactams
ARO:3006266	PostNatalAbxCohort[T.Low.Infant.Abx]	Low infant abx (vs None)	0.0049640431370757965	0.04483135834194515	0.9118328113412664	0.9952339073643837	blaACT	CEPHALOSPORIN	betalactams
ARO:3003937	PostNatalAbxCohort[T.Low.Infant.Abx]	Low infant abx (vs None)	-0.00866960720139595	0.07895769474202119	0.9125674655309097	0.9952339073643837	pbp2	CEPHALOSPORIN	betalactams
ARO:3003896	PostNatalAbxCohort[T.Low.Infant.Abx]	Low infant abx (vs None)	0.009302589935378375	0.08662290334503449	0.9144781556559279	0.9952339073643837	phoQ	COLISTIN	Lipopeptides
ARO:3004126	PostNatalAbxCohort[T.Low.Infant.Abx]	Low infant abx (vs None)	0.007849080336124331	0.07627295863317574	0.9180361682552417	0.9952339073643837	lamB	CEFTAZIDIME-AVIBACTAM	betalactams
ARO:3002868	PostNatalAbxCohort[T.Low.Infant.Abx]	Low infant abx (vs None)	-0.0028154766603076874	0.02899120434926324	0.9226351825705269	0.9952339073643837	dfrG	TRIMETHOPRIM	Trimethoprim
ARO:3005230	PostNatalAbxCohort[T.Low.Infant.Abx]	Low infant abx (vs None)	-0.005293950182393105	0.05947825648958825	0.9290767611260154	0.9952339073643837	blaSHV	BETA-LACTAM	betalactams
ARO:3002869	PostNatalAbxCohort[T.Low.Infant.Abx]	Low infant abx (vs None)	-0.003402989916524148	0.040712439056436865	0.933385598643776	0.9952339073643837	dfrK	TRIMETHOPRIM	Trimethoprim
ARO:3000829	PostNatalAbxCohort[T.Low.Infant.Abx]	Low infant abx (vs None)	-0.008068160062181641	0.10624280098128279	0.9394662211059224	0.9952339073643837	baeS	AZTREONAM/AZTREONAM-AVIBACTAM;AZTREONAM/TEMOCILLIN/TICARCILLIN;CEFIDEROCOL;TEMOCILLIN	Drug and biocide and metal resistance
ARO:3003966	PostNatalAbxCohort[T.Low.Infant.Abx]	Low infant abx (vs None)	-0.00527712192819998	0.07539098979605686	0.944196271089287	0.9952339073643837	ompK35	CARBAPENEM	betalactams
ARO:3006238	PostNatalAbxCohort[T.Low.Infant.Abx]	Low infant abx (vs None)	0.0025651083825176603	0.05005009921162594	0.959125660389829	0.9979681835129393	blaACT	CEPHALOSPORIN	betalactams
ARO:3005227	PostNatalAbxCohort[T.Low.Infant.Abx]	Low infant abx (vs None)	-0.002689379505918536	0.06006469959937621	0.9642868833653402	0.9979681835129393	blaSHV	BETA-LACTAM	betalactams
ARO:3002804	PostNatalAbxCohort[T.Low.Infant.Abx]	Low infant abx (vs None)	0.0011236908017146748	0.03919158321928815	0.977126396990871	0.9979681835129393	fos_A_A2	FOSFOMYCIN	Fosfomycin
ARO:3003042	PostNatalAbxCohort[T.Low.Infant.Abx]	Low infant abx (vs None)	-0.0010148604932155776	0.05921021631995306	0.9863249634338177	0.9979681835129393	pbp2b	BETA-LACTAM	betalactams
ARO:3004111	PostNatalAbxCohort[T.Low.Infant.Abx]	Low infant abx (vs None)	-0.0003286806945979132	0.05290951601589274	0.9950434707272428	0.9979681835129393	fosA5_fam	FOSFOMYCIN	Fosfomycin
ARO:3006251	PostNatalAbxCohort[T.Low.Infant.Abx]	Low infant abx (vs None)	-0.00012932521672301238	0.05078533562488894	0.9979681835129393	0.9979681835129393	blaACT	CEPHALOSPORIN	betalactams
ARO:3000829	Week[T.Week.3]	Postnatal Week 3 (vs Week 1)	0.5247262144512514	0.049438578949978634	2.5735343368984583e-26	3.011035174171196e-24	baeS	AZTREONAM/AZTREONAM-AVIBACTAM;AZTREONAM/TEMOCILLIN/TICARCILLIN;CEFIDEROCOL;TEMOCILLIN	Drug and biocide and metal resistance
ARO:3003922	Week[T.Week.3]	Postnatal Week 3 (vs Week 1)	0.6537497059545792	0.06560624262321743	2.17423510917618e-23	1.2719275388680652e-21	oqxA	PHENICOL/QUINOLONE	Drug and biocide resistance;Multi-drug resistance
ARO:3000516	Week[T.Week.3]	Postnatal Week 3 (vs Week 1)	0.3031383697630461	0.030702661613280967	5.431520507106428e-23	1.7826875300675534e-21	emrR	NITROXOLINE	Drug and biocide resistance
ARO:3007752	Week[T.Week.3]	Postnatal Week 3 (vs Week 1)	0.5023401104557585	0.05093797159325109	6.094658222453175e-23	1.7826875300675534e-21	gyrB	QUINOLONE	Fluoroquinolones
ARO:3000502	Week[T.Week.3]	Postnatal Week 3 (vs Week 1)	0.5350275426276865	0.05498760894930529	2.2466895871261425e-22	5.257253633875174e-21	acrF	EFFLUX	Drug and biocide resistance
ARO:3003968	Week[T.Week.3]	Postnatal Week 3 (vs Week 1)	0.3900088958034523	0.040278329955494456	3.5664437251586666e-22	6.9545652640594e-21	ompK36	CARBAPENEM	betalactams
ARO:3003896	Week[T.Week.3]	Postnatal Week 3 (vs Week 1)	0.38754719204874194	0.0401264096040447	4.539538860506359e-22	7.587514952560629e-21	phoQ	COLISTIN	Lipopeptides
ARO:3000830	Week[T.Week.3]	Postnatal Week 3 (vs Week 1)	0.41867640872774475	0.043468073999491944	5.868414556324495e-22	8.582556288624574e-21	cpxA	CEFTIBUTEN-AVIBACTAM	Drug and biocide resistance
ARO:3003900	Week[T.Week.3]	Postnatal Week 3 (vs Week 1)	0.49190429677645064	0.05126519139147762	8.368273229179172e-22	1.0878755197932922e-20	cyaA	FOSMIDOMYCIN	
ARO:3000822	Week[T.Week.3]	Postnatal Week 3 (vs Week 1)	0.35576906376628836	0.03712626828920001	9.456092643860454e-22	1.1063628393316732e-20	pmrA	COLISTIN;QUINOLONE	Drug and biocide resistance
ARO:3003893	Week[T.Week.3]	Postnatal Week 3 (vs Week 1)	0.3198659403337866	0.0334935140102704	1.295886292264428e-21	1.3783517835903462e-20	uhpA	FOSFOMYCIN	Fosfomycin
ARO:3000216	Week[T.Week.3]	Postnatal Week 3 (vs Week 1)	0.6620451053854773	0.06981610471506423	2.477894568586622e-21	2.3938016346565258e-20	acrB	AZITHROMYCIN;AZITHROMYCIN/CLARITHROMYCIN/ERYTHROMYCIN;CEFTIBUTEN-AVIBACTAM;CEPHALOSPORIN	Drug and biocide resistance
ARO:3007751	Week[T.Week.3]	Postnatal Week 3 (vs Week 1)	0.47777890968755926	0.050423582079113884	2.6597795940628062e-21	2.3938016346565258e-20	gyrA	QUINOLONE	Fluoroquinolones
ARO:3004045	Week[T.Week.3]	Postnatal Week 3 (vs Week 1)	0.3237830815821056	0.034204741827216355	2.9068443309478964e-21	2.4292913337207418e-20	fabI	TRICLOSAN	Phenolic compound resistance
ARO:3003923	Week[T.Week.3]	Postnatal Week 3 (vs Week 1)	0.8556469552581578	0.09097034630671574	5.16462935139118e-21	4.0284108940851204e-20	oqxB	PHENICOL/QUINOLONE	Drug and biocide resistance;Multi-drug resistance
ARO:3003511	Week[T.Week.3]	Postnatal Week 3 (vs Week 1)	0.31975367123405435	0.03411876514699641	7.131726343139836e-21	5.215074888421005e-20	soxS	AMPICILLIN/CHLORAMPHENICOL/QUINOLONE/RIFAMPIN/TETRACYCLINE	Drug and biocide and metal resistance
ARO:3003899	Week[T.Week.3]	Postnatal Week 3 (vs Week 1)	0.41970036778976477	0.04495397483700824	9.983123837421617e-21	6.87073817046076e-20	ptsI	FOSFOMYCIN	Fosfomycin
ARO:3000828	Week[T.Week.3]	Postnatal Week 3 (vs Week 1)	0.32015765358632736	0.03451507199470873	1.7615939689406525e-20	1.145036079811424e-19	baeR	AZTREONAM-AVIBACTAM;CEFIDEROCOL	Drug and biocide and metal resistance
ARO:3003297	Week[T.Week.3]	Postnatal Week 3 (vs Week 1)	0.6059978166272428	0.06649117158278946	7.942927519997468e-20	4.891171157051072e-19	gyrA	QUINOLONE	Fluoroquinolones
ARO:3000149	Week[T.Week.3]	Postnatal Week 3 (vs Week 1)	0.3592298129917662	0.04025711277788987	4.522394832792822e-19	2.6456009771838006e-18	fosA5_fam;fosA_PA1129;fosA_gen;fos_A_A2	FOSFOMYCIN	Fosfomycin
ARO:3003585	Week[T.Week.3]	Postnatal Week 3 (vs Week 1)	0.3095504135866515	0.034731130612684506	4.97753013301377e-19	2.7731953598219573e-18	phoP	COLISTIN	Drug and biocide resistance
ARO:3004049	Week[T.Week.3]	Postnatal Week 3 (vs Week 1)	0.30844748954158974	0.035159640153563675	1.7432153344799975e-18	9.27073609700726e-18	fabG	TRICLOSAN	Phenolic compound resistance
ARO:3003381	Week[T.Week.3]	Postnatal Week 3 (vs Week 1)	0.31780231814839993	0.036441824994866784	2.7621282564874467e-18	1.4050826348218752e-17	soxR	AMPICILLIN/CHLORAMPHENICOL/QUINOLONE/RIFAMPIN/TETRACYCLINE	Drug and biocide resistance
ARO:3003395	Week[T.Week.3]	Postnatal Week 3 (vs Week 1)	0.3032186382581223	0.03506775669275313	5.303305065463223e-18	2.5853612194133214e-17	rpsL	STREPTOMYCIN	Aminoglycosides
ARO:3003373	Week[T.Week.3]	Postnatal Week 3 (vs Week 1)	0.27608737657645716	0.03237455162567613	1.4901086468692742e-17	6.973708467348204e-17	acrR	AMPICILLIN/CHLORAMPHENICOL/QUINOLONE/RIFAMPIN/TETRACYCLINE;TIGECYCLINE	Drug and biocide resistance
ARO:3003966	Week[T.Week.3]	Postnatal Week 3 (vs Week 1)	0.29264539370487835	0.03484389534526758	4.512312760373651e-17	2.030540742168143e-16	ompK35	CARBAPENEM	betalactams
ARO:3004126	Week[T.Week.3]	Postnatal Week 3 (vs Week 1)	0.2910774403762471	0.03482244274748892	6.330383641336443e-17	2.743166244579125e-16	lamB	CEFTAZIDIME-AVIBACTAM	betalactams
ARO:3003386	Week[T.Week.3]	Postnatal Week 3 (vs Week 1)	0.3454889889329861	0.04141846175235949	7.340062630830886e-17	3.0670975993114773e-16	folP	SULFONAMIDE	Sulfonamides
ARO:3003312	Week[T.Week.3]	Postnatal Week 3 (vs Week 1)	0.5234534147993254	0.06388481310482336	2.533020856108922e-16	1.0219428971198066e-15	parC	QUINOLONE	Fluoroquinolones
ARO:3003285	Week[T.Week.3]	Postnatal Week 3 (vs Week 1)	0.5318859137198284	0.06499876273512448	2.7682644915010956e-16	1.0796231516854274e-15	rpoB	BETA-LACTAM;DAPTOMYCIN/RIFAXIMIN;FIDAXOMICIN;RIFAMPIN;RIFAMYCIN	Multi-drug resistance
ARO:3004114	Week[T.Week.3]	Postnatal Week 3 (vs Week 1)	0.28240322872044665	0.037134690670200324	2.852656262979596e-14	1.0766476863503635e-13	ompC	CARBAPENEM	betalactams
ARO:3003380	Week[T.Week.3]	Postnatal Week 3 (vs Week 1)	0.21929646669408795	0.028863852628225096	3.0163595335369665e-14	1.1028564544494533e-13	ramR	AMPICILLIN/CHLORAMPHENICOL/QUINOLONE/RIFAMPIN/TETRACYCLINE;TIGECYCLINE	Multi-drug resistance
ARO:3004111	Week[T.Week.3]	Postnatal Week 3 (vs Week 1)	0.18148221702858888	0.02468040322800665	1.9338352098768925e-13	6.856324835018074e-13	fosA5_fam	FOSFOMYCIN	Fosfomycin
ARO:3003209	Week[T.Week.3]	Postnatal Week 3 (vs Week 1)	0.17601929333287936	0.024130166762477423	2.996049451268237e-13	1.030993487642305e-12	fosA5_fam	FOSFOMYCIN	Fosfomycin
ARO:3003315	Week[T.Week.3]	Postnatal Week 3 (vs Week 1)	0.37323277511371694	0.05497101625979037	1.1242270896517475e-11	3.7581305568358414e-11	parE	QUINOLONE	Fluoroquinolones
ARO:3003303	Week[T.Week.3]	Postnatal Week 3 (vs Week 1)	0.36879737633960313	0.05501642393316191	2.03617963480251e-11	6.617583813108157e-11	gyrB	NALIDIXIC ACID;QUINOLONE;ZOLIFLODACIN	Aminocoumarins
ARO:3003890	Week[T.Week.3]	Postnatal Week 3 (vs Week 1)	0.3161064474057095	0.04804040012158986	4.7040779098672996e-11	1.4875057174445245e-10	uhpT	FOSFOMYCIN	Fosfomycin
ARO:3005230	Week[T.Week.3]	Postnatal Week 3 (vs Week 1)	0.17551898432644134	0.027517929663028167	1.7900614922070417e-10	5.511505120742734e-10	blaSHV	BETA-LACTAM	betalactams
ARO:3005227	Week[T.Week.3]	Postnatal Week 3 (vs Week 1)	0.17451642296336833	0.0273970429274475	1.8915152216909984e-10	5.674545665072996e-10	blaSHV	BETA-LACTAM	betalactams
ARO:3000194	Week[T.Week.3]	Postnatal Week 3 (vs Week 1)	0.44022571832244306	0.07071143544419393	4.795172787497895e-10	1.4025880403431343e-09	tet(W)	TETRACYCLINE	Tetracyclines
ARO:3003499	Week[T.Week.3]	Postnatal Week 3 (vs Week 1)	0.3216907227427311	0.05283331539230411	1.1377045142464503e-09	3.2466201991910903e-09	tet(O/M/O);tet(O/W);tet(O/W/32/O);tet(O/W/O);tet(W/32/O);tet(W/N/W)	TETRACYCLINE	Tetracyclines
ARO:3003751	Week[T.Week.3]	Postnatal Week 3 (vs Week 1)	0.17165677742477167	0.02954528873810129	6.24898972325371e-09	1.740789994334962e-08	nfsA	NITROFURANTOIN	Chromium resistance
ARO:3003378	Week[T.Week.3]	Postnatal Week 3 (vs Week 1)	0.1367262831130604	0.02406602506457113	1.3367558143124076e-08	3.637219308710504e-08	marR	AMPICILLIN/CHLORAMPHENICOL/QUINOLONE/RIFAMPIN/TETRACYCLINE	Drug and biocide resistance
ARO:3003775	Week[T.Week.3]	Postnatal Week 3 (vs Week 1)	0.2685394805471137	0.04747177976222657	1.5420016867125757e-08	4.100322666940258e-08	murA	FOSFOMYCIN	Fosfomycin
ARO:3001214	Week[T.Week.3]	Postnatal Week 3 (vs Week 1)	0.12769676369781846	0.023331407548541468	4.42055260347114e-08	1.1493436769024962e-07	mdtM	EFFLUX	Drug and biocide resistance
ARO:3003582	Week[T.Week.3]	Postnatal Week 3 (vs Week 1)	0.12474068679587591	0.02322387073614998	7.82025932211699e-08	1.989065958016713e-07	basR	COLISTIN	Cationic antimicrobial peptides
ARO:3000410	Week[T.Week.3]	Postnatal Week 3 (vs Week 1)	0.2870055248359339	0.058400534983243	8.903970162925974e-07	2.2165202320475296e-06	sul1	SULFONAMIDE	Sulfonamides
ARO:3003390	Week[T.Week.3]	Postnatal Week 3 (vs Week 1)	0.11469397288731172	0.02374172348808151	1.3591493444841512e-06	3.312926527180119e-06	ompF	CEPHALOSPORIN	betalactams
ARO:3000124	Week[T.Week.3]	Postnatal Week 3 (vs Week 1)	-0.07572591046303455	0.01624979008256127	3.1603087892630233e-06	7.546043435587219e-06	mecI_of_mecA	METHICILLIN	betalactams
ARO:3003930	Week[T.Week.3]	Postnatal Week 3 (vs Week 1)	0.15085789224115112	0.033512246653668684	6.745175004248461e-06	1.5783709509941397e-05	rpsJ	TETRACYCLINE;TIGECYCLINE	Tetracyclines
ARO:3003756	Week[T.Week.3]	Postnatal Week 3 (vs Week 1)	0.11424830703675189	0.02567261016155317	8.578946623746713e-06	1.968111284271305e-05	nfsB	NITROFURANTOIN	
ARO:3001044	Week[T.Week.3]	Postnatal Week 3 (vs Week 1)	0.11806083806791641	0.028690933905881875	3.873172144101265e-05	8.714637324227847e-05	blaTEM	BETA-LACTAM	betalactams
ARO:3006878	Week[T.Week.3]	Postnatal Week 3 (vs Week 1)	0.09243670086299362	0.022634003499160033	4.427182601792528e-05	8.993020116120232e-05	blaEC	CEPHALOSPORIN	betalactams
ARO:3006879	Week[T.Week.3]	Postnatal Week 3 (vs Week 1)	0.09151537158265027	0.02241488677550529	4.4497410181699835e-05	8.993020116120232e-05	blaEC	CEPHALOSPORIN	betalactams
ARO:3004290	Week[T.Week.3]	Postnatal Week 3 (vs Week 1)	0.09277315232599455	0.022723193019894863	4.450558936405973e-05	8.993020116120232e-05	blaEC	BETA-LACTAM	betalactams
ARO:3006875	Week[T.Week.3]	Postnatal Week 3 (vs Week 1)	0.09236013772156561	0.022640365683454317	4.514325302540138e-05	8.993020116120232e-05	blaEC	CEPHALOSPORIN	betalactams
ARO:3006877	Week[T.Week.3]	Postnatal Week 3 (vs Week 1)	0.09233595059624149	0.02263532023708654	4.5174184625784284e-05	8.993020116120232e-05	blaEC	CEPHALOSPORIN	betalactams
ARO:3006874	Week[T.Week.3]	Postnatal Week 3 (vs Week 1)	0.0923340419539019	0.022635362850644124	4.519206426336398e-05	8.993020116120232e-05	blaEC	CEPHALOSPORIN	betalactams
ARO:3006876	Week[T.Week.3]	Postnatal Week 3 (vs Week 1)	0.09240622523453873	0.022657547338576344	4.5349417679580656e-05	8.993020116120232e-05	blaEC	CEPHALOSPORIN	betalactams
ARO:3001387	Week[T.Week.3]	Postnatal Week 3 (vs Week 1)	0.11432365930272845	0.028098371292584235	4.7277499141037227e-05	9.21911233250226e-05	blaTEM	BETA-LACTAM	betalactams
ARO:3003210	Week[T.Week.3]	Postnatal Week 3 (vs Week 1)	0.04308210910796204	0.010697145333407283	5.638749295412735e-05	0.00010815306025627704	fos_A3_A4	FOSFOMYCIN	Fosfomycin
ARO:3002872	Week[T.Week.3]	Postnatal Week 3 (vs Week 1)	0.04066392209366516	0.011263534601443397	0.0003059285865840288	0.0005773168488763125	fos_A3_A4	FOSFOMYCIN	Fosfomycin
ARO:3000412	Week[T.Week.3]	Postnatal Week 3 (vs Week 1)	0.13492300304688695	0.03806620796265753	0.00039346322133253583	0.000730717411046138	sul2	SULFONAMIDE	Sulfonamides
ARO:3003291	Week[T.Week.3]	Postnatal Week 3 (vs Week 1)	0.22729747381074167	0.06585204020497168	0.0005571925603569076	0.0010186176494024716	rpoC	BETA-LACTAM;DAPTOMYCIN;FIDAXOMICIN	Lipopeptides
ARO:3000186	Week[T.Week.3]	Postnatal Week 3 (vs Week 1)	0.24912657910133634	0.07317489216173523	0.0006627648261209687	0.0011929766870177436	tet(M)	TETRACYCLINE	Tetracyclines
ARO:3006239	Week[T.Week.3]	Postnatal Week 3 (vs Week 1)	0.06895015694146803	0.020602247081115195	0.0008177083359468041	0.0014495738682693347	blaACT	CEPHALOSPORIN	betalactams
ARO:3006268	Week[T.Week.3]	Postnatal Week 3 (vs Week 1)	0.06901068276279981	0.02066881155761497	0.000841168750892189	0.0014689066246923303	blaACT	CEPHALOSPORIN	betalactams
ARO:3006237	Week[T.Week.3]	Postnatal Week 3 (vs Week 1)	0.06473861742887571	0.019635384464533185	0.000977101261186341	0.0016811889346882631	blaACT	CEPHALOSPORIN	betalactams
ARO:3006236	Week[T.Week.3]	Postnatal Week 3 (vs Week 1)	0.06682700749583885	0.020564815219031484	0.0011557565862294038	0.0019597611679542065	blaACT	CEPHALOSPORIN	betalactams
ARO:3000215	Week[T.Week.3]	Postnatal Week 3 (vs Week 1)	-0.1149970298968981	0.035491090893113204	0.0011946008624456872	0.0019966900129449344	mecR1	METHICILLIN	betalactams
ARO:3006235	Week[T.Week.3]	Postnatal Week 3 (vs Week 1)	0.0660141679514222	0.02042930671401841	0.0012320849777779411	0.0020303372169016777	blaACT	CEPHALOSPORIN	betalactams
ARO:3006240	Week[T.Week.3]	Postnatal Week 3 (vs Week 1)	0.06502260080069326	0.02026112619329076	0.0013309128293205476	0.00216273334764589	blaACT	CEPHALOSPORIN	betalactams
ARO:3006265	Week[T.Week.3]	Postnatal Week 3 (vs Week 1)	0.06467113695665122	0.020296557824531693	0.0014409981315993245	0.0023095449506454926	blaACT	CEPHALOSPORIN	betalactams
ARO:3006260	Week[T.Week.3]	Postnatal Week 3 (vs Week 1)	0.06171690302081234	0.01986594965626912	0.001892089910251214	0.002991547560802595	blaACT	CEPHALOSPORIN	betalactams
ARO:3001998	Week[T.Week.3]	Postnatal Week 3 (vs Week 1)	0.0621530357589752	0.020671171569056568	0.0026405721984964184	0.004119292629654412	blaCTX-M	CEPHALOSPORIN	betalactams
ARO:3002804	Week[T.Week.3]	Postnatal Week 3 (vs Week 1)	0.05192910600395034	0.017574994341669585	0.003129576267880272	0.004817900307131471	fos_A_A2	FOSFOMYCIN	Fosfomycin
ARO:3006251	Week[T.Week.3]	Postnatal Week 3 (vs Week 1)	0.05907807345428503	0.02024053381970689	0.0035138139957431405	0.005273217596189695	blaACT	CEPHALOSPORIN	betalactams
ARO:3006238	Week[T.Week.3]	Postnatal Week 3 (vs Week 1)	0.05877667284623952	0.020138290607740306	0.0035154783974597967	0.005273217596189695	blaACT	CEPHALOSPORIN	betalactams
ARO:3005664	Week[T.Week.3]	Postnatal Week 3 (vs Week 1)	0.05909211502637331	0.020287065759435476	0.003582067744133103	0.0053050876716907985	blaCTX-M	CEPHALOSPORIN	betalactams
ARO:3002703	Week[T.Week.3]	Postnatal Week 3 (vs Week 1)	0.09734465122823084	0.03467758828746319	0.004998438131223292	0.0073102157669140645	cmx	CHLORAMPHENICOL	Phenicol
ARO:3003323	Week[T.Week.3]	Postnatal Week 3 (vs Week 1)	-0.07189360125444816	0.025938270870614084	0.005576112906694833	0.008054385309670314	pgsA	DAPTOMYCIN	Lipopeptides
ARO:3000026	Week[T.Week.3]	Postnatal Week 3 (vs Week 1)	-0.07086575421091165	0.026094415570648042	0.0066127015646432205	0.009435196134917766	mepA	TIGECYCLINE	Drug and biocide resistance
ARO:3006266	Week[T.Week.3]	Postnatal Week 3 (vs Week 1)	0.051473812601935384	0.019010178453543344	0.006775174592652111	0.009550547317352975	blaACT	CEPHALOSPORIN	betalactams
ARO:3004639	Week[T.Week.3]	Postnatal Week 3 (vs Week 1)	0.07117747263976756	0.026803647567660592	0.007918754772127362	0.011029694146891682	tetAB_A	TETRACYCLINE	Tetracyclines
ARO:3003737	Week[T.Week.3]	Postnatal Week 3 (vs Week 1)	-0.08827440230355432	0.033732069714867946	0.008872501893402105	0.012212737900329958	fusE	FUSIDIC ACID	Fusidic acid
ARO:3000565	Week[T.Week.3]	Postnatal Week 3 (vs Week 1)	-0.0892476661341669	0.03615756473605166	0.013575702498620905	0.018469269678356347	tet(38)	TETRACYCLINE	Tetracyclines
ARO:3003197	Week[T.Week.3]	Postnatal Week 3 (vs Week 1)	0.05539274448101647	0.023464501923875572	0.018240281078927133	0.02420848477803006	aadA25	STREPTOMYCIN	Aminoglycosides
ARO:3002865	Week[T.Week.3]	Postnatal Week 3 (vs Week 1)	-0.08257730056795236	0.035013034354909905	0.018350288429869275	0.02420848477803006	dfrC	TRIMETHOPRIM	Trimethoprim
ARO:3003729	Week[T.Week.3]	Postnatal Week 3 (vs Week 1)	-0.11733262675292543	0.04977698436524566	0.01841500124140748	0.02420848477803006	ileS	MUPIROCIN	Mupirocin
ARO:3000621	Week[T.Week.3]	Postnatal Week 3 (vs Week 1)	-0.14967863498829798	0.06439715078469258	0.020109140193033996	0.026141882250944194	blaZ	BETA-LACTAM	betalactams
ARO:3003937	Week[T.Week.3]	Postnatal Week 3 (vs Week 1)	-0.09322010538292909	0.04073920863518607	0.02212495060483595	0.028446365063360506	pbp2	CEPHALOSPORIN	betalactams
ARO:3002591	Week[T.Week.3]	Postnatal Week 3 (vs Week 1)	0.13596788126634574	0.06096408407026755	0.025727876456647175	0.032719147232909994	aac(3)-IIa;aac(3)-IIc;aac(3)-IId;aac(3)-IIe;aac(3)-XI;aac(6')-IIa;aac(6')-Ib';aac(6')-Ib-AGKT;aac(6')-Ib-AKT;aac(6')-Ib-D181Y;aac(6')-Ib-G;aac(6')-Ib-K;aac(6')-Ib-W104R;aac(6')-Ib-cr;aac(6')-Ib11;aac(6')-Ie;aac(6')-Ie2;aac(6')-Im;aac(6')_Entco;aph(2'')-Ia;aph(2'')-If2	AMIKACIN/GENTAMICIN/KANAMYCIN/TOBRAMYCIN;AMIKACIN/KANAMYCIN/QUINOLONE/TOBRAMYCIN;AMIKACIN/KANAMYCIN/TOBRAMYCIN;AMINOGLYCOSIDE;GENTAMICIN;GENTAMICIN/KANAMYCIN/TOBRAMYCIN;KANAMYCIN	Aminoglycosides
ARO:3002619	Week[T.Week.3]	Postnatal Week 3 (vs Week 1)	0.045951496347266814	0.02165733701559037	0.03385857628840869	0.04235948987612334	aadA22	STREPTOMYCIN	Aminoglycosides
ARO:3000179	Week[T.Week.3]	Postnatal Week 3 (vs Week 1)	0.06908918168315217	0.03259404170417376	0.034032410669705936	0.04235948987612334	tet(L)	TETRACYCLINE	Tetracyclines
ARO:3003043	Week[T.Week.3]	Postnatal Week 3 (vs Week 1)	0.07583645280317332	0.03585515547477083	0.03442329453733677	0.04239500485124634	pbp2x	BETA-LACTAM	betalactams
ARO:3003042	Week[T.Week.3]	Postnatal Week 3 (vs Week 1)	0.0690313081053168	0.0332879961841066	0.03810162492374252	0.0464363553758112	pbp2b	BETA-LACTAM	betalactams
ARO:3003079	Week[T.Week.3]	Postnatal Week 3 (vs Week 1)	0.05110053744770792	0.029642843772391063	0.08473053234657614	0.10220074520154028	liaS	DAPTOMYCIN	Lipopeptides
ARO:3004956	Week[T.Week.3]	Postnatal Week 3 (vs Week 1)	0.03991227080801071	0.023774156627550752	0.0931892519274617	0.11125655587258183	rplD	AZITHROMYCIN;AZITHROMYCIN/CHLORAMPHENICOL/CLARITHROMYCIN/ERYTHROMYCIN/LINEZOLID	MLS
ARO:3000217	Week[T.Week.3]	Postnatal Week 3 (vs Week 1)	-0.10864057651965076	0.06644370111447398	0.10203287851564084	0.12058431097303009	blaR1;blaR1-2	BETA-LACTAM	betalactams
ARO:3003078	Week[T.Week.3]	Postnatal Week 3 (vs Week 1)	0.047901592792090185	0.029628020215799446	0.10592867683150918	0.12393655189286575	liaR	DAPTOMYCIN	Lipopeptides
ARO:3000599	Week[T.Week.3]	Postnatal Week 3 (vs Week 1)	-0.0584342988652015	0.03861753877954892	0.13024044312022331	0.1508725925254072	erm(33)	CLINDAMYCIN/ERYTHROMYCIN/LINCOMYCIN	MLS
ARO:3003092	Week[T.Week.3]	Postnatal Week 3 (vs Week 1)	-0.0633005251624916	0.04204869652545737	0.13221871848122974	0.15166264766964588	cls	DAPTOMYCIN	Lipopeptides
ARO:3005320	Week[T.Week.3]	Postnatal Week 3 (vs Week 1)	0.028620759690029057	0.01908214648898249	0.13364780021867423	0.15181352063674647	blaOXA-2_fam	BETA-LACTAM	betalactams
ARO:3005319	Week[T.Week.3]	Postnatal Week 3 (vs Week 1)	0.027552492558268086	0.01864177607474569	0.13940853176240028	0.15683459823270032	blaOXA-2_fam	CEPHALOSPORIN	betalactams
ARO:3003901	Week[T.Week.3]	Postnatal Week 3 (vs Week 1)	-0.05591411686136003	0.03800089431729091	0.14118581158269153	0.1573213329064277	glpT	FOSFOMYCIN	Fosfomycin
ARO:3003077	Week[T.Week.3]	Postnatal Week 3 (vs Week 1)	0.03579792543521143	0.025498972466140267	0.1603495875459251	0.17698963908370977	liaF	DAPTOMYCIN	Lipopeptides
ARO:3002868	Week[T.Week.3]	Postnatal Week 3 (vs Week 1)	0.019270842977284028	0.015280655545137368	0.20726319581642794	0.2266335879488044	dfrG	TRIMETHOPRIM	Trimethoprim
ARO:3002869	Week[T.Week.3]	Postnatal Week 3 (vs Week 1)	0.026158345163093066	0.021189640639953898	0.217021325249934	0.2351064356874285	dfrK	TRIMETHOPRIM	Trimethoprim
ARO:3003794	Week[T.Week.3]	Postnatal Week 3 (vs Week 1)	-0.05946814344217666	0.0510510201076903	0.24406890929471414	0.2619822237383629	walK	DAPTOMYCIN	Lipopeptides
ARO:3000172	Week[T.Week.3]	Postnatal Week 3 (vs Week 1)	-0.037850954784120365	0.03464095841677541	0.2745410142657698	0.29201180608268246	fosB-Saur;fosB-Sepi;fosB_gen;fosBx1-fam	FOSFOMYCIN	Fosfomycin
ARO:3005099	Week[T.Week.3]	Postnatal Week 3 (vs Week 1)	-0.025415662648963163	0.023480901151007653	0.2790760532051827	0.2941612452703277	erm(A)	AZITHROMYCIN/CLARITHROMYCIN/CLINDAMYCIN/ERYTHROMYCIN/TELITHROMYCIN	MLS
ARO:3000617	Week[T.Week.3]	Postnatal Week 3 (vs Week 1)	-0.07086594515300518	0.08087689639882696	0.380910506406694	0.39791543972842136	mecA;mecA-ceftar	CEFTAROLINE/METHICILLIN;METHICILLIN	betalactams
ARO:3000178	Week[T.Week.3]	Postnatal Week 3 (vs Week 1)	0.016679902136623334	0.019281654093040158	0.38700260015176724	0.40070180723678556	tet(K)	TETRACYCLINE	Tetracyclines
ARO:3003735	Week[T.Week.3]	Postnatal Week 3 (vs Week 1)	-0.032740903165078564	0.053775454945472534	0.5426273517941912	0.5569070189466699	fusA	FUSIDIC ACID	Fusidic acid
ARO:3003797	Week[T.Week.3]	Postnatal Week 3 (vs Week 1)	0.017168722241399932	0.033332484386367954	0.6065007616763588	0.6170486010098607	yybT	DAPTOMYCIN	Lipopeptides
ARO:3000521	Week[T.Week.3]	Postnatal Week 3 (vs Week 1)	-0.018893801641741672	0.05781439376392864	0.7438184037521951	0.7502306313707485	mupA	MUPIROCIN	Mupirocin
ARO:3003805	Week[T.Week.3]	Postnatal Week 3 (vs Week 1)	0.00723397803480168	0.03429721790784337	0.8329494964558775	0.8329494964558775	gshF	DAPTOMYCIN	Lipopeptides
