aro_id	SampleType	SampleCollectionWeek	n_samples	prevalence_pct	median_rpm	mean_rpm
ARO:3000005	Axilla	Week.1	114	0.0	0.0	0.0
ARO:3000005	Axilla	Week.3	103	0.0	0.0	0.0
ARO:3000005	Groin	Week.1	107	0.0	0.0	0.0
ARO:3000005	Groin	Week.3	100	1.0	0.0	0.0500675
ARO:3000005	Stool	Week.1	116	0.0	0.0	0.0
ARO:3000005	Stool	Week.3	102	1.9607843137254901	0.0	0.4115682352941176
ARO:3000026	Axilla	Week.1	114	11.403508771929824	0.0	1.1146918859649124
ARO:3000026	Axilla	Week.3	103	8.737864077669903	0.0	0.2591680873786408
ARO:3000026	Groin	Week.1	107	9.345794392523365	0.0	0.9494876261682244
ARO:3000026	Groin	Week.3	100	8.0	0.0	0.4167263799999999
ARO:3000026	Stool	Week.1	116	14.655172413793101	0.0	6.786326655172414
ARO:3000026	Stool	Week.3	102	11.76470588235294	0.0	1.1355087450980392
ARO:3000027	Axilla	Week.1	114	0.0	0.0	0.0
ARO:3000027	Axilla	Week.3	103	0.0	0.0	0.0
ARO:3000027	Groin	Week.1	107	0.0	0.0	0.0
ARO:3000027	Groin	Week.3	100	0.0	0.0	0.0
ARO:3000027	Stool	Week.1	116	0.8620689655172413	0.0	0.012700344827586208
ARO:3000027	Stool	Week.3	102	0.0	0.0	0.0
ARO:3000074	Axilla	Week.1	114	0.0	0.0	0.0
ARO:3000074	Axilla	Week.3	103	0.0	0.0	0.0
ARO:3000074	Groin	Week.1	107	0.0	0.0	0.0
ARO:3000074	Groin	Week.3	100	0.0	0.0	0.0
ARO:3000074	Stool	Week.1	116	0.8620689655172413	0.0	0.009525258620689654
ARO:3000074	Stool	Week.3	102	0.0	0.0	0.0
ARO:3000090	Axilla	Week.1	114	0.0	0.0	0.0
ARO:3000090	Axilla	Week.3	103	0.0	0.0	0.0
ARO:3000090	Groin	Week.1	107	0.0	0.0	0.0
ARO:3000090	Groin	Week.3	100	0.0	0.0	0.0
ARO:3000090	Stool	Week.1	116	2.586206896551724	0.0	0.026111456896551727
ARO:3000090	Stool	Week.3	102	2.941176470588235	0.0	0.08885617647058824
ARO:3000124	Axilla	Week.1	114	23.684210526315788	0.0	0.6220976929824561
ARO:3000124	Axilla	Week.3	103	8.737864077669903	0.0	0.10652046601941748
ARO:3000124	Groin	Week.1	107	17.75700934579439	0.0	0.3452190504672897
ARO:3000124	Groin	Week.3	100	17.0	0.0	0.21308962
ARO:3000124	Stool	Week.1	116	21.551724137931032	0.0	1.097352327586207
ARO:3000124	Stool	Week.3	102	6.862745098039216	0.0	0.160577
ARO:3000149	Axilla	Week.1	114	5.263157894736842	0.0	0.6039723771929825
ARO:3000149	Axilla	Week.3	103	14.563106796116504	0.0	1.4001516893203882
ARO:3000149	Groin	Week.1	107	16.822429906542055	0.0	2.61355576635514
ARO:3000149	Groin	Week.3	100	56.99999999999999	2.117753	11.97474125
ARO:3000149	Stool	Week.1	116	25.0	0.0	9.414118344827584
ARO:3000149	Stool	Week.3	102	68.62745098039215	11.43851	27.88162342156863
ARO:3000165	Axilla	Week.1	114	0.0	0.0	0.0
ARO:3000165	Axilla	Week.3	103	3.8834951456310676	0.0	1.0183731067961166
ARO:3000165	Groin	Week.1	107	1.8691588785046727	0.0	4.437379345794392
ARO:3000165	Groin	Week.3	100	10.0	0.0	23.689599209999997
ARO:3000165	Stool	Week.1	116	3.4482758620689653	0.0	9.073956344827586
ARO:3000165	Stool	Week.3	102	10.784313725490197	0.0	31.342624813725493
ARO:3000166	Axilla	Week.1	114	1.7543859649122806	0.0	2.2225082456140353
ARO:3000166	Axilla	Week.3	103	0.0	0.0	0.0
ARO:3000166	Groin	Week.1	107	0.9345794392523363	0.0	0.2571603738317757
ARO:3000166	Groin	Week.3	100	3.0	0.0	3.6005963399999996
ARO:3000166	Stool	Week.1	116	6.0344827586206895	0.0	17.229609051724136
ARO:3000166	Stool	Week.3	102	4.901960784313726	0.0	4.278070078431372
ARO:3000167	Axilla	Week.1	114	6.140350877192982	0.0	1.2767086315789473
ARO:3000167	Axilla	Week.3	103	4.854368932038835	0.0	2.3139252815533977
ARO:3000167	Groin	Week.1	107	4.672897196261682	0.0	3.45341261682243
ARO:3000167	Groin	Week.3	100	0.0	0.0	0.0
ARO:3000167	Stool	Week.1	116	0.0	0.0	0.0
ARO:3000167	Stool	Week.3	102	0.0	0.0	0.0
ARO:3000168	Axilla	Week.1	114	0.0	0.0	0.0
ARO:3000168	Axilla	Week.3	103	0.0	0.0	0.0
ARO:3000168	Groin	Week.1	107	0.0	0.0	0.0
ARO:3000168	Groin	Week.3	100	1.0	0.0	1.281256
ARO:3000168	Stool	Week.1	116	0.8620689655172413	0.0	0.02822451724137931
ARO:3000168	Stool	Week.3	102	0.9803921568627451	0.0	1.962806862745098
ARO:3000172	Axilla	Week.1	114	50.0	0.18485400000000002	3.709404675438597
ARO:3000172	Axilla	Week.3	103	55.33980582524271	0.634536	3.056740368932039
ARO:3000172	Groin	Week.1	107	28.971962616822427	0.0	1.2739967757009345
ARO:3000172	Groin	Week.3	100	38.0	0.0	1.71934078
ARO:3000172	Stool	Week.1	116	36.206896551724135	0.0	4.005151405172414
ARO:3000172	Stool	Week.3	102	22.54901960784314	0.0	2.222698147058823
ARO:3000173	Axilla	Week.1	114	0.0	0.0	0.0
ARO:3000173	Axilla	Week.3	103	0.0	0.0	0.0
ARO:3000173	Groin	Week.1	107	0.0	0.0	0.0
ARO:3000173	Groin	Week.3	100	0.0	0.0	0.0
ARO:3000173	Stool	Week.1	116	0.0	0.0	0.0
ARO:3000173	Stool	Week.3	102	0.9803921568627451	0.0	0.036137843137254905
ARO:3000175	Axilla	Week.1	114	0.0	0.0	0.0
ARO:3000175	Axilla	Week.3	103	0.0	0.0	0.0
ARO:3000175	Groin	Week.1	107	0.0	0.0	0.0
ARO:3000175	Groin	Week.3	100	1.0	0.0	0.300184
ARO:3000175	Stool	Week.1	116	0.0	0.0	0.0
ARO:3000175	Stool	Week.3	102	0.0	0.0	0.0
ARO:3000177	Axilla	Week.1	114	0.0	0.0	0.0
ARO:3000177	Axilla	Week.3	103	0.9708737864077669	0.0	0.00666673786407767
ARO:3000177	Groin	Week.1	107	0.0	0.0	0.0
ARO:3000177	Groin	Week.3	100	4.0	0.0	0.4455214
ARO:3000177	Stool	Week.1	116	1.7241379310344827	0.0	0.18644827586206897
ARO:3000177	Stool	Week.3	102	3.9215686274509802	0.0	0.28426715686274506
ARO:3000178	Axilla	Week.1	114	4.385964912280701	0.0	0.13610122807017544
ARO:3000178	Axilla	Week.3	103	5.825242718446602	0.0	0.24731871844660194
ARO:3000178	Groin	Week.1	107	2.803738317757009	0.0	0.22634955140186916
ARO:3000178	Groin	Week.3	100	7.000000000000001	0.0	1.14173818
ARO:3000178	Stool	Week.1	116	7.758620689655173	0.0	2.200729206896552
ARO:3000178	Stool	Week.3	102	6.862745098039216	0.0	1.993238450980392
ARO:3000179	Axilla	Week.1	114	1.7543859649122806	0.0	1.3924578508771928
ARO:3000179	Axilla	Week.3	103	2.912621359223301	0.0	0.6462624466019418
ARO:3000179	Groin	Week.1	107	4.672897196261682	0.0	0.607594
ARO:3000179	Groin	Week.3	100	8.0	0.0	3.31922723
ARO:3000179	Stool	Week.1	116	8.620689655172415	0.0	16.141795913793104
ARO:3000179	Stool	Week.3	102	15.686274509803921	0.0	16.75884605882353
ARO:3000180	Axilla	Week.1	114	0.0	0.0	0.0
ARO:3000180	Axilla	Week.3	103	0.0	0.0	0.0
ARO:3000180	Groin	Week.1	107	0.9345794392523363	0.0	0.062365981308411214
ARO:3000180	Groin	Week.3	100	9.0	0.0	3.2318990599999995
ARO:3000180	Stool	Week.1	116	1.7241379310344827	0.0	0.7705356034482759
ARO:3000180	Stool	Week.3	102	14.705882352941178	0.0	4.968184509803921
ARO:3000186	Axilla	Week.1	114	7.017543859649122	0.0	11.38517592105263
ARO:3000186	Axilla	Week.3	103	14.563106796116504	0.0	19.078496796116504
ARO:3000186	Groin	Week.1	107	13.084112149532709	0.0	20.711326869158878
ARO:3000186	Groin	Week.3	100	35.0	0.0	75.44750943000001
ARO:3000186	Stool	Week.1	116	37.93103448275862	0.0	359.7935807413793
ARO:3000186	Stool	Week.3	102	51.9607843137255	2.6343550000000002	321.61027675490203
ARO:3000190	Axilla	Week.1	114	0.8771929824561403	0.0	0.06936611403508772
ARO:3000190	Axilla	Week.3	103	1.9417475728155338	0.0	0.20422135922330098
ARO:3000190	Groin	Week.1	107	2.803738317757009	0.0	7.238607476635513
ARO:3000190	Groin	Week.3	100	4.0	0.0	2.83508734
ARO:3000190	Stool	Week.1	116	4.310344827586207	0.0	20.246880948275862
ARO:3000190	Stool	Week.3	102	2.941176470588235	0.0	5.443439215686275
ARO:3000191	Axilla	Week.1	114	0.8771929824561403	0.0	0.03787612280701755
ARO:3000191	Axilla	Week.3	103	0.0	0.0	0.0
ARO:3000191	Groin	Week.1	107	1.8691588785046727	0.0	8.955726168224299
ARO:3000191	Groin	Week.3	100	0.0	0.0	0.0
ARO:3000191	Stool	Week.1	116	1.7241379310344827	0.0	3.3782763793103445
ARO:3000191	Stool	Week.3	102	0.0	0.0	0.0
ARO:3000194	Axilla	Week.1	114	28.07017543859649	0.0	102.09907144736842
ARO:3000194	Axilla	Week.3	103	51.45631067961165	21.74958	380.9931480485437
ARO:3000194	Groin	Week.1	107	12.149532710280374	0.0	15.938089719626166
ARO:3000194	Groin	Week.3	100	30.0	0.0	114.44997939999999
ARO:3000194	Stool	Week.1	116	0.8620689655172413	0.0	0.24983413793103448
ARO:3000194	Stool	Week.3	102	4.901960784313726	0.0	5.548476960784314
ARO:3000195	Axilla	Week.1	114	0.0	0.0	0.0
ARO:3000195	Axilla	Week.3	103	0.0	0.0	0.0
ARO:3000195	Groin	Week.1	107	0.9345794392523363	0.0	0.03140897196261682
ARO:3000195	Groin	Week.3	100	7.000000000000001	0.0	1.7043873500000002
ARO:3000195	Stool	Week.1	116	0.0	0.0	0.0
ARO:3000195	Stool	Week.3	102	9.803921568627452	0.0	2.0270401274509804
ARO:3000215	Axilla	Week.1	114	35.08771929824561	0.0	6.126288403508772
ARO:3000215	Axilla	Week.3	103	34.95145631067961	0.0	3.6092572135922327
ARO:3000215	Groin	Week.1	107	26.168224299065418	0.0	2.480612710280374
ARO:3000215	Groin	Week.3	100	25.0	0.0	1.4261560700000002
ARO:3000215	Stool	Week.1	116	25.0	0.0	6.758287077586206
ARO:3000215	Stool	Week.3	102	11.76470588235294	0.0	0.8149829509803922
ARO:3000216	Axilla	Week.1	114	25.438596491228072	0.0	7.454150701754386
ARO:3000216	Axilla	Week.3	103	44.66019417475729	0.0	18.124727912621356
ARO:3000216	Groin	Week.1	107	35.51401869158878	0.0	54.1362761682243
ARO:3000216	Groin	Week.3	100	74.0	83.13225	187.77344915999998
ARO:3000216	Stool	Week.1	116	48.275862068965516	0.0	149.45699362068964
ARO:3000216	Stool	Week.3	102	80.3921568627451	331.17124	353.8534324705883
ARO:3000217	Axilla	Week.1	114	65.78947368421053	18.841365	79.80745365789475
ARO:3000217	Axilla	Week.3	103	72.81553398058253	15.53719	48.85608650485436
ARO:3000217	Groin	Week.1	107	40.18691588785047	0.0	27.908090841121492
ARO:3000217	Groin	Week.3	100	40.0	0.0	16.919130619999997
ARO:3000217	Stool	Week.1	116	37.06896551724138	0.0	48.31128629310345
ARO:3000217	Stool	Week.3	102	25.49019607843137	0.0	26.66245492156862
ARO:3000377	Axilla	Week.1	114	0.0	0.0	0.0
ARO:3000377	Axilla	Week.3	103	0.9708737864077669	0.0	0.006755184466019417
ARO:3000377	Groin	Week.1	107	0.0	0.0	0.0
ARO:3000377	Groin	Week.3	100	1.0	0.0	0.42428699999999997
ARO:3000377	Stool	Week.1	116	0.8620689655172413	0.0	0.05304
ARO:3000377	Stool	Week.3	102	1.9607843137254901	0.0	0.021383401960784313
ARO:3000378	Axilla	Week.1	114	0.0	0.0	0.0
ARO:3000378	Axilla	Week.3	103	1.9417475728155338	0.0	0.13839543689320388
ARO:3000378	Groin	Week.1	107	0.0	0.0	0.0
ARO:3000378	Groin	Week.3	100	1.0	0.0	1.54337
ARO:3000378	Stool	Week.1	116	0.8620689655172413	0.0	1.106405172413793
ARO:3000378	Stool	Week.3	102	1.9607843137254901	0.0	0.7326019607843136
ARO:3000410	Axilla	Week.1	114	14.035087719298245	0.0	60.12554601754386
ARO:3000410	Axilla	Week.3	103	25.24271844660194	0.0	69.73989626213593
ARO:3000410	Groin	Week.1	107	8.411214953271028	0.0	18.46386348598131
ARO:3000410	Groin	Week.3	100	23.0	0.0	81.13267593
ARO:3000410	Stool	Week.1	116	5.172413793103448	0.0	17.263031137931033
ARO:3000410	Stool	Week.3	102	16.666666666666664	0.0	74.88529327450979
ARO:3000412	Axilla	Week.1	114	0.0	0.0	0.0
ARO:3000412	Axilla	Week.3	103	5.825242718446602	0.0	1.353003776699029
ARO:3000412	Groin	Week.1	107	3.7383177570093453	0.0	8.138837794392524
ARO:3000412	Groin	Week.3	100	11.0	0.0	25.861499549999998
ARO:3000412	Stool	Week.1	116	7.758620689655173	0.0	18.87257762068965
ARO:3000412	Stool	Week.3	102	9.803921568627452	0.0	29.838441529411767
ARO:3000502	Axilla	Week.1	114	6.140350877192982	0.0	0.9402259649122806
ARO:3000502	Axilla	Week.3	103	15.53398058252427	0.0	1.327733786407767
ARO:3000502	Groin	Week.1	107	19.626168224299064	0.0	9.251269439252336
ARO:3000502	Groin	Week.3	100	62.0	12.6893	43.181819700000005
ARO:3000502	Stool	Week.1	116	32.758620689655174	0.0	33.03108103448276
ARO:3000502	Stool	Week.3	102	70.58823529411765	87.18925	84.54551254901962
ARO:3000506	Axilla	Week.1	114	0.0	0.0	0.0
ARO:3000506	Axilla	Week.3	103	0.0	0.0	0.0
ARO:3000506	Groin	Week.1	107	0.0	0.0	0.0
ARO:3000506	Groin	Week.3	100	1.0	0.0	0.215696
ARO:3000506	Stool	Week.1	116	0.8620689655172413	0.0	0.003788568965517241
ARO:3000506	Stool	Week.3	102	0.9803921568627451	0.0	0.002516352941176471
ARO:3000516	Axilla	Week.1	114	5.263157894736842	0.0	0.08358199122807018
ARO:3000516	Axilla	Week.3	103	15.53398058252427	0.0	0.3682704077669903
ARO:3000516	Groin	Week.1	107	19.626168224299064	0.0	1.4029355327102804
ARO:3000516	Groin	Week.3	100	64.0	2.31824	4.89152943
ARO:3000516	Stool	Week.1	116	29.310344827586203	0.0	3.82702551724138
ARO:3000516	Stool	Week.3	102	76.47058823529412	11.206	10.557079225490199
ARO:3000521	Axilla	Week.1	114	64.03508771929825	6.2524	31.638283929824564
ARO:3000521	Axilla	Week.3	103	70.87378640776699	6.82956	23.083602233009714
ARO:3000521	Groin	Week.1	107	28.037383177570092	0.0	8.011153794392524
ARO:3000521	Groin	Week.3	100	33.0	0.0	8.25786306
ARO:3000521	Stool	Week.1	116	29.310344827586203	0.0	23.006655879310344
ARO:3000521	Stool	Week.3	102	15.686274509803921	0.0	23.239777254901963
ARO:3000549	Axilla	Week.1	114	0.0	0.0	0.0
ARO:3000549	Axilla	Week.3	103	0.0	0.0	0.0
ARO:3000549	Groin	Week.1	107	0.0	0.0	0.0
ARO:3000549	Groin	Week.3	100	0.0	0.0	0.0
ARO:3000549	Stool	Week.1	116	0.8620689655172413	0.0	0.003204543103448276
ARO:3000549	Stool	Week.3	102	1.9607843137254901	0.0	0.3942253921568627
ARO:3000553	Axilla	Week.1	114	0.0	0.0	0.0
ARO:3000553	Axilla	Week.3	103	0.0	0.0	0.0
ARO:3000553	Groin	Week.1	107	0.0	0.0	0.0
ARO:3000553	Groin	Week.3	100	0.0	0.0	0.0
ARO:3000553	Stool	Week.1	116	0.8620689655172413	0.0	0.002975646551724138
ARO:3000553	Stool	Week.3	102	1.9607843137254901	0.0	0.26227093137254903
ARO:3000556	Axilla	Week.1	114	0.0	0.0	0.0
ARO:3000556	Axilla	Week.3	103	0.0	0.0	0.0
ARO:3000556	Groin	Week.1	107	0.0	0.0	0.0
ARO:3000556	Groin	Week.3	100	0.0	0.0	0.0
ARO:3000556	Stool	Week.1	116	0.8620689655172413	0.0	0.08665534482758622
ARO:3000556	Stool	Week.3	102	0.9803921568627451	0.0	0.15905735294117646
ARO:3000565	Axilla	Week.1	114	13.157894736842104	0.0	4.194480754385965
ARO:3000565	Axilla	Week.3	103	7.766990291262135	0.0	0.9010874563106797
ARO:3000565	Groin	Week.1	107	9.345794392523365	0.0	3.0799048598130847
ARO:3000565	Groin	Week.3	100	10.0	0.0	1.3009639199999998
ARO:3000565	Stool	Week.1	116	14.655172413793101	0.0	21.96240925862069
ARO:3000565	Stool	Week.3	102	11.76470588235294	0.0	3.307398705882353
ARO:3000566	Axilla	Week.1	114	0.8771929824561403	0.0	0.1144921052631579
ARO:3000566	Axilla	Week.3	103	2.912621359223301	0.0	0.06217135922330097
ARO:3000566	Groin	Week.1	107	0.0	0.0	0.0
ARO:3000566	Groin	Week.3	100	3.0	0.0	0.0488677
ARO:3000566	Stool	Week.1	116	0.0	0.0	0.0
ARO:3000566	Stool	Week.3	102	1.9607843137254901	0.0	0.8207466176470588
ARO:3000567	Axilla	Week.1	114	0.0	0.0	0.0
ARO:3000567	Axilla	Week.3	103	0.0	0.0	0.0
ARO:3000567	Groin	Week.1	107	0.0	0.0	0.0
ARO:3000567	Groin	Week.3	100	1.0	0.0	0.024744799999999997
ARO:3000567	Stool	Week.1	116	0.0	0.0	0.0
ARO:3000567	Stool	Week.3	102	0.9803921568627451	0.0	0.04633960784313725
ARO:3000569	Axilla	Week.1	114	0.0	0.0	0.0
ARO:3000569	Axilla	Week.3	103	0.9708737864077669	0.0	0.0092366213592233
ARO:3000569	Groin	Week.1	107	0.9345794392523363	0.0	0.5064429906542056
ARO:3000569	Groin	Week.3	100	1.0	0.0	0.00937124
ARO:3000569	Stool	Week.1	116	0.8620689655172413	0.0	0.46454396551724136
ARO:3000569	Stool	Week.3	102	3.9215686274509802	0.0	0.45529038235294117
ARO:3000599	Axilla	Week.1	114	27.192982456140353	0.0	13.72692447368421
ARO:3000599	Axilla	Week.3	103	32.038834951456316	0.0	10.523444427184467
ARO:3000599	Groin	Week.1	107	18.69158878504673	0.0	3.0036641775700934
ARO:3000599	Groin	Week.3	100	20.0	0.0	0.75856444
ARO:3000599	Stool	Week.1	116	5.172413793103448	0.0	4.9257187931034485
ARO:3000599	Stool	Week.3	102	3.9215686274509802	0.0	4.740307823529412
ARO:3000617	Axilla	Week.1	114	71.9298245614035	57.5873	169.83727754385964
ARO:3000617	Axilla	Week.3	103	78.64077669902912	37.78726	141.3991751165049
ARO:3000617	Groin	Week.1	107	41.1214953271028	0.0	56.283740317757015
ARO:3000617	Groin	Week.3	100	49.0	0.0	60.35128227999999
ARO:3000617	Stool	Week.1	116	41.37931034482759	0.0	146.6490131551724
ARO:3000617	Stool	Week.3	102	27.450980392156865	0.0	67.54023253921568
ARO:3000620	Axilla	Week.1	114	0.0	0.0	0.0
ARO:3000620	Axilla	Week.3	103	0.0	0.0	0.0
ARO:3000620	Groin	Week.1	107	0.9345794392523363	0.0	0.014141121495327102
ARO:3000620	Groin	Week.3	100	1.0	0.0	0.00455336
ARO:3000620	Stool	Week.1	116	0.8620689655172413	0.0	0.0034334396551724137
ARO:3000620	Stool	Week.3	102	6.862745098039216	0.0	1.2561553921568627
ARO:3000621	Axilla	Week.1	114	59.64912280701754	7.779648	53.55326970175438
ARO:3000621	Axilla	Week.3	103	64.07766990291263	9.28056	22.76533804854369
ARO:3000621	Groin	Week.1	107	40.18691588785047	0.0	21.748545775700933
ARO:3000621	Groin	Week.3	100	39.0	0.0	16.11105343
ARO:3000621	Stool	Week.1	116	41.37931034482759	0.0	49.79745501724137
ARO:3000621	Stool	Week.3	102	27.450980392156865	0.0	21.86126599019608
ARO:3000801	Axilla	Week.1	114	0.0	0.0	0.0
ARO:3000801	Axilla	Week.3	103	0.0	0.0	0.0
ARO:3000801	Groin	Week.1	107	0.0	0.0	0.0
ARO:3000801	Groin	Week.3	100	1.0	0.0	1.23327
ARO:3000801	Stool	Week.1	116	0.8620689655172413	0.0	0.03367620689655172
ARO:3000801	Stool	Week.3	102	1.9607843137254901	0.0	0.02753980392156863
ARO:3000803	Axilla	Week.1	114	0.0	0.0	0.0
ARO:3000803	Axilla	Week.3	103	0.0	0.0	0.0
ARO:3000803	Groin	Week.1	107	0.9345794392523363	0.0	0.006658177570093458
ARO:3000803	Groin	Week.3	100	1.0	0.0	0.382162
ARO:3000803	Stool	Week.1	116	0.8620689655172413	0.0	0.00617396551724138
ARO:3000803	Stool	Week.3	102	0.0	0.0	0.0
ARO:3000814	Axilla	Week.1	114	0.0	0.0	0.0
ARO:3000814	Axilla	Week.3	103	0.0	0.0	0.0
ARO:3000814	Groin	Week.1	107	0.0	0.0	0.0
ARO:3000814	Groin	Week.3	100	1.0	0.0	0.288271
ARO:3000814	Stool	Week.1	116	0.8620689655172413	0.0	0.009120603448275862
ARO:3000814	Stool	Week.3	102	0.9803921568627451	0.0	0.0030555686274509803
ARO:3000818	Axilla	Week.1	114	0.0	0.0	0.0
ARO:3000818	Axilla	Week.3	103	0.0	0.0	0.0
ARO:3000818	Groin	Week.1	107	0.0	0.0	0.0
ARO:3000818	Groin	Week.3	100	1.0	0.0	0.216203
ARO:3000818	Stool	Week.1	116	0.8620689655172413	0.0	0.00617396551724138
ARO:3000818	Stool	Week.3	102	0.9803921568627451	0.0	0.003954274509803921
ARO:3000819	Axilla	Week.1	114	0.0	0.0	0.0
ARO:3000819	Axilla	Week.3	103	0.0	0.0	0.0
ARO:3000819	Groin	Week.1	107	0.0	0.0	0.0
ARO:3000819	Groin	Week.3	100	1.0	0.0	0.297407
ARO:3000819	Stool	Week.1	116	0.8620689655172413	0.0	0.006875551724137932
ARO:3000819	Stool	Week.3	102	1.9607843137254901	0.0	0.006701196078431372
ARO:3000822	Axilla	Week.1	114	17.543859649122805	0.0	0.9269902192982457
ARO:3000822	Axilla	Week.3	103	38.83495145631068	0.0	1.482966582524272
ARO:3000822	Groin	Week.1	107	17.75700934579439	0.0	2.148313476635514
ARO:3000822	Groin	Week.3	100	57.99999999999999	2.12727	7.779220850000001
ARO:3000822	Stool	Week.1	116	29.310344827586203	0.0	4.913959172413794
ARO:3000822	Stool	Week.3	102	73.52941176470588	13.700775	15.960419715686276
ARO:3000828	Axilla	Week.1	114	6.140350877192982	0.0	0.1614020789473684
ARO:3000828	Axilla	Week.3	103	17.475728155339805	0.0	0.5228477378640777
ARO:3000828	Groin	Week.1	107	21.49532710280374	0.0	1.897332635514019
ARO:3000828	Groin	Week.3	100	65.0	2.99786	6.832329560000001
ARO:3000828	Stool	Week.1	116	33.62068965517241	0.0	5.2672543189655165
ARO:3000828	Stool	Week.3	102	77.45098039215686	12.966899999999999	14.670534303921563
ARO:3000829	Axilla	Week.1	114	5.263157894736842	0.0	0.3978788596491228
ARO:3000829	Axilla	Week.3	103	19.41747572815534	0.0	1.6923352330097088
ARO:3000829	Groin	Week.1	107	21.49532710280374	0.0	7.703955140186916
ARO:3000829	Groin	Week.3	100	63.0	7.72238	27.663700119999994
ARO:3000829	Stool	Week.1	116	31.896551724137932	0.0	20.6816905
ARO:3000829	Stool	Week.3	102	79.41176470588235	58.037400000000005	66.68757671568626
ARO:3000830	Axilla	Week.1	114	6.140350877192982	0.0	0.4095704385964912
ARO:3000830	Axilla	Week.3	103	19.41747572815534	0.0	1.5098836116504855
ARO:3000830	Groin	Week.1	107	24.299065420560748	0.0	4.9425296822429905
ARO:3000830	Groin	Week.3	100	66.0	7.7262699999999995	17.00000237
ARO:3000830	Stool	Week.1	116	33.62068965517241	0.0	11.579231439655173
ARO:3000830	Stool	Week.3	102	75.49019607843137	29.173650000000002	31.876141392156864
ARO:3000860	Axilla	Week.1	114	1.7543859649122806	0.0	0.08682563157894738
ARO:3000860	Axilla	Week.3	103	4.854368932038835	0.0	2.5446763495145635
ARO:3000860	Groin	Week.1	107	2.803738317757009	0.0	10.70100261682243
ARO:3000860	Groin	Week.3	100	6.0	0.0	4.0627842
ARO:3000860	Stool	Week.1	116	4.310344827586207	0.0	12.022413344827585
ARO:3000860	Stool	Week.3	102	8.823529411764707	0.0	13.059181274509804
ARO:3000896	Axilla	Week.1	114	0.0	0.0	0.0
ARO:3000896	Axilla	Week.3	103	0.0	0.0	0.0
ARO:3000896	Groin	Week.1	107	0.0	0.0	0.0
ARO:3000896	Groin	Week.3	100	0.0	0.0	0.0
ARO:3000896	Stool	Week.1	116	0.0	0.0	0.0
ARO:3000896	Stool	Week.3	102	0.9803921568627451	0.0	0.9860392156862744
ARO:3001044	Axilla	Week.1	114	7.017543859649122	0.0	0.0803711052631579
ARO:3001044	Axilla	Week.3	103	21.35922330097087	0.0	0.7903343786407766
ARO:3001044	Groin	Week.1	107	19.626168224299064	0.0	3.9749607102803735
ARO:3001044	Groin	Week.3	100	28.999999999999996	0.0	5.39018884
ARO:3001044	Stool	Week.1	116	11.206896551724139	0.0	4.495971413793104
ARO:3001044	Stool	Week.3	102	19.607843137254903	0.0	13.52165529411765
ARO:3001214	Axilla	Week.1	114	0.0	0.0	0.0
ARO:3001214	Axilla	Week.3	103	1.9417475728155338	0.0	0.03217344660194175
ARO:3001214	Groin	Week.1	107	2.803738317757009	0.0	0.5616313364485982
ARO:3001214	Groin	Week.3	100	17.0	0.0	2.2528750900000003
ARO:3001214	Stool	Week.1	116	4.310344827586207	0.0	1.333906896551724
ARO:3001214	Stool	Week.3	102	18.627450980392158	0.0	3.646398235294118
ARO:3001387	Axilla	Week.1	114	7.017543859649122	0.0	0.07474
ARO:3001387	Axilla	Week.3	103	21.35922330097087	0.0	0.6995120582524271
ARO:3001387	Groin	Week.1	107	17.75700934579439	0.0	3.593779532710281
ARO:3001387	Groin	Week.3	100	27.0	0.0	5.0070988199999995
ARO:3001387	Stool	Week.1	116	10.344827586206897	0.0	4.087086344827586
ARO:3001387	Stool	Week.3	102	19.607843137254903	0.0	12.253743235294118
ARO:3001581	Axilla	Week.1	114	0.0	0.0	0.0
ARO:3001581	Axilla	Week.3	103	0.0	0.0	0.0
ARO:3001581	Groin	Week.1	107	0.0	0.0	0.0
ARO:3001581	Groin	Week.3	100	1.0	0.0	0.322275
ARO:3001581	Stool	Week.1	116	0.0	0.0	0.0
ARO:3001581	Stool	Week.3	102	0.0	0.0	0.0
ARO:3001582	Axilla	Week.1	114	0.0	0.0	0.0
ARO:3001582	Axilla	Week.3	103	0.0	0.0	0.0
ARO:3001582	Groin	Week.1	107	0.0	0.0	0.0
ARO:3001582	Groin	Week.3	100	1.0	0.0	0.21721800000000002
ARO:3001582	Stool	Week.1	116	0.8620689655172413	0.0	0.008138413793103448
ARO:3001582	Stool	Week.3	102	0.0	0.0	0.0
ARO:3001854	Axilla	Week.1	114	0.0	0.0	0.0
ARO:3001854	Axilla	Week.3	103	0.0	0.0	0.0
ARO:3001854	Groin	Week.1	107	0.0	0.0	0.0
ARO:3001854	Groin	Week.3	100	2.0	0.0	0.04833743
ARO:3001854	Stool	Week.1	116	0.0	0.0	0.0
ARO:3001854	Stool	Week.3	102	2.941176470588235	0.0	0.47238862745098037
ARO:3001998	Axilla	Week.1	114	1.7543859649122806	0.0	0.01987701754385965
ARO:3001998	Axilla	Week.3	103	6.796116504854369	0.0	0.6953416019417475
ARO:3001998	Groin	Week.1	107	2.803738317757009	0.0	2.7783177570093454
ARO:3001998	Groin	Week.3	100	10.0	0.0	1.7149899
ARO:3001998	Stool	Week.1	116	5.172413793103448	0.0	6.275394965517242
ARO:3001998	Stool	Week.3	102	13.725490196078432	0.0	5.638774803921569
ARO:3002004	Axilla	Week.1	114	0.0	0.0	0.0
ARO:3002004	Axilla	Week.3	103	0.0	0.0	0.0
ARO:3002004	Groin	Week.1	107	0.0	0.0	0.0
ARO:3002004	Groin	Week.3	100	0.0	0.0	0.0
ARO:3002004	Stool	Week.1	116	0.0	0.0	0.0
ARO:3002004	Stool	Week.3	102	0.9803921568627451	0.0	0.006134843137254902
ARO:3002007	Axilla	Week.1	114	0.0	0.0	0.0
ARO:3002007	Axilla	Week.3	103	1.9417475728155338	0.0	0.06031854368932039
ARO:3002007	Groin	Week.1	107	0.0	0.0	0.0
ARO:3002007	Groin	Week.3	100	5.0	0.0	0.9724564
ARO:3002007	Stool	Week.1	116	0.8620689655172413	0.0	0.003848793103448276
ARO:3002007	Stool	Week.3	102	3.9215686274509802	0.0	4.656045098039216
ARO:3002109	Axilla	Week.1	114	0.0	0.0	0.0
ARO:3002109	Axilla	Week.3	103	0.0	0.0	0.0
ARO:3002109	Groin	Week.1	107	0.0	0.0	0.0
ARO:3002109	Groin	Week.3	100	0.0	0.0	0.0
ARO:3002109	Stool	Week.1	116	0.0	0.0	0.0
ARO:3002109	Stool	Week.3	102	0.9803921568627451	0.0	0.030611568627450982
ARO:3002118	Axilla	Week.1	114	0.0	0.0	0.0
ARO:3002118	Axilla	Week.3	103	0.0	0.0	0.0
ARO:3002118	Groin	Week.1	107	0.0	0.0	0.0
ARO:3002118	Groin	Week.3	100	0.0	0.0	0.0
ARO:3002118	Stool	Week.1	116	0.0	0.0	0.0
ARO:3002118	Stool	Week.3	102	1.9607843137254901	0.0	0.16346460784313727
ARO:3002119	Axilla	Week.1	114	0.0	0.0	0.0
ARO:3002119	Axilla	Week.3	103	0.0	0.0	0.0
ARO:3002119	Groin	Week.1	107	0.0	0.0	0.0
ARO:3002119	Groin	Week.3	100	2.0	0.0	0.1275851
ARO:3002119	Stool	Week.1	116	0.0	0.0	0.0
ARO:3002119	Stool	Week.3	102	1.9607843137254901	0.0	0.19798176470588236
ARO:3002121	Axilla	Week.1	114	0.0	0.0	0.0
ARO:3002121	Axilla	Week.3	103	0.0	0.0	0.0
ARO:3002121	Groin	Week.1	107	0.0	0.0	0.0
ARO:3002121	Groin	Week.3	100	2.0	0.0	0.286444
ARO:3002121	Stool	Week.1	116	0.0	0.0	0.0
ARO:3002121	Stool	Week.3	102	5.88235294117647	0.0	0.44854960784313724
ARO:3002172	Axilla	Week.1	114	0.0	0.0	0.0
ARO:3002172	Axilla	Week.3	103	0.9708737864077669	0.0	0.009635592233009709
ARO:3002172	Groin	Week.1	107	0.0	0.0	0.0
ARO:3002172	Groin	Week.3	100	1.0	0.0	0.0277927
ARO:3002172	Stool	Week.1	116	0.8620689655172413	0.0	0.008776206896551725
ARO:3002172	Stool	Week.3	102	3.9215686274509802	0.0	1.0504432352941178
ARO:3002406	Axilla	Week.1	114	0.0	0.0	0.0
ARO:3002406	Axilla	Week.3	103	0.0	0.0	0.0
ARO:3002406	Groin	Week.1	107	0.9345794392523363	0.0	0.14556448598130842
ARO:3002406	Groin	Week.3	100	5.0	0.0	0.7290565999999999
ARO:3002406	Stool	Week.1	116	2.586206896551724	0.0	0.5860146551724138
ARO:3002406	Stool	Week.3	102	6.862745098039216	0.0	0.42405393137254904
ARO:3002407	Axilla	Week.1	114	0.0	0.0	0.0
ARO:3002407	Axilla	Week.3	103	0.0	0.0	0.0
ARO:3002407	Groin	Week.1	107	0.9345794392523363	0.0	0.15609719626168225
ARO:3002407	Groin	Week.3	100	5.0	0.0	0.7362924
ARO:3002407	Stool	Week.1	116	2.586206896551724	0.0	0.5962129310344828
ARO:3002407	Stool	Week.3	102	6.862745098039216	0.0	0.42571945098039216
ARO:3002408	Axilla	Week.1	114	0.0	0.0	0.0
ARO:3002408	Axilla	Week.3	103	0.0	0.0	0.0
ARO:3002408	Groin	Week.1	107	0.9345794392523363	0.0	0.10046355140186915
ARO:3002408	Groin	Week.3	100	4.0	0.0	0.49325969999999997
ARO:3002408	Stool	Week.1	116	2.586206896551724	0.0	0.3869344827586207
ARO:3002408	Stool	Week.3	102	3.9215686274509802	0.0	0.23238026470588236
ARO:3002546	Axilla	Week.1	114	0.8771929824561403	0.0	0.005251850877192982
ARO:3002546	Axilla	Week.3	103	1.9417475728155338	0.0	0.07671860194174758
ARO:3002546	Groin	Week.1	107	0.9345794392523363	0.0	7.929321495327103
ARO:3002546	Groin	Week.3	100	4.0	0.0	3.7544127199999995
ARO:3002546	Stool	Week.1	116	3.4482758620689653	0.0	7.857
ARO:3002546	Stool	Week.3	102	5.88235294117647	0.0	7.620125901960784
ARO:3002547	Axilla	Week.1	114	0.0	0.0	0.0
ARO:3002547	Axilla	Week.3	103	0.9708737864077669	0.0	0.007797893203883495
ARO:3002547	Groin	Week.1	107	0.0	0.0	0.0
ARO:3002547	Groin	Week.3	100	1.0	0.0	0.0278096
ARO:3002547	Stool	Week.1	116	0.0	0.0	0.0
ARO:3002547	Stool	Week.3	102	0.9803921568627451	0.0	0.1701529411764706
ARO:3002591	Axilla	Week.1	114	58.77192982456141	2.5988255	24.736614666666668
ARO:3002591	Axilla	Week.3	103	79.6116504854369	10.12435	16.79594781553398
ARO:3002591	Groin	Week.1	107	32.71028037383177	0.0	9.834031794392525
ARO:3002591	Groin	Week.3	100	51.0	0.1709074	13.358286558000001
ARO:3002591	Stool	Week.1	116	31.896551724137932	0.0	35.24934407758621
ARO:3002591	Stool	Week.3	102	44.11764705882353	0.0	71.2573043627451
ARO:3002602	Axilla	Week.1	114	0.0	0.0	0.0
ARO:3002602	Axilla	Week.3	103	1.9417475728155338	0.0	0.3683935048543689
ARO:3002602	Groin	Week.1	107	0.9345794392523363	0.0	0.8617564485981309
ARO:3002602	Groin	Week.3	100	5.0	0.0	2.01134787
ARO:3002602	Stool	Week.1	116	0.8620689655172413	0.0	1.4267610344827586
ARO:3002602	Stool	Week.3	102	4.901960784313726	0.0	28.020846078431372
ARO:3002603	Axilla	Week.1	114	0.0	0.0	0.0
ARO:3002603	Axilla	Week.3	103	1.9417475728155338	0.0	0.041056417475728156
ARO:3002603	Groin	Week.1	107	0.9345794392523363	0.0	0.08628953271028039
ARO:3002603	Groin	Week.3	100	3.0	0.0	0.1973586
ARO:3002603	Stool	Week.1	116	0.8620689655172413	0.0	0.12693189655172413
ARO:3002603	Stool	Week.3	102	4.901960784313726	0.0	2.8746875490196078
ARO:3002604	Axilla	Week.1	114	0.0	0.0	0.0
ARO:3002604	Axilla	Week.3	103	1.9417475728155338	0.0	0.09177425242718447
ARO:3002604	Groin	Week.1	107	1.8691588785046727	0.0	0.749112570093458
ARO:3002604	Groin	Week.3	100	3.0	0.0	2.267964
ARO:3002604	Stool	Week.1	116	1.7241379310344827	0.0	1.2276784482758623
ARO:3002604	Stool	Week.3	102	2.941176470588235	0.0	2.0236107843137257
ARO:3002605	Axilla	Week.1	114	0.0	0.0	0.0
ARO:3002605	Axilla	Week.3	103	1.9417475728155338	0.0	0.6861038446601941
ARO:3002605	Groin	Week.1	107	1.8691588785046727	0.0	5.382472102803739
ARO:3002605	Groin	Week.3	100	3.0	0.0	16.415618
ARO:3002605	Stool	Week.1	116	1.7241379310344827	0.0	8.868862068965518
ARO:3002605	Stool	Week.3	102	2.941176470588235	0.0	14.61317450980392
ARO:3002606	Axilla	Week.1	114	0.0	0.0	0.0
ARO:3002606	Axilla	Week.3	103	0.9708737864077669	0.0	0.07651669902912621
ARO:3002606	Groin	Week.1	107	0.0	0.0	0.0
ARO:3002606	Groin	Week.3	100	2.0	0.0	2.5257926
ARO:3002606	Stool	Week.1	116	0.8620689655172413	0.0	0.013067586206896553
ARO:3002606	Stool	Week.3	102	2.941176470588235	0.0	2.0583597549019608
ARO:3002607	Axilla	Week.1	114	0.0	0.0	0.0
ARO:3002607	Axilla	Week.3	103	0.0	0.0	0.0
ARO:3002607	Groin	Week.1	107	0.0	0.0	0.0
ARO:3002607	Groin	Week.3	100	0.0	0.0	0.0
ARO:3002607	Stool	Week.1	116	0.0	0.0	0.0
ARO:3002607	Stool	Week.3	102	0.9803921568627451	0.0	0.08923029411764706
ARO:3002608	Axilla	Week.1	114	0.0	0.0	0.0
ARO:3002608	Axilla	Week.3	103	0.0	0.0	0.0
ARO:3002608	Groin	Week.1	107	0.0	0.0	0.0
ARO:3002608	Groin	Week.3	100	1.0	0.0	0.0872283
ARO:3002608	Stool	Week.1	116	0.0	0.0	0.0
ARO:3002608	Stool	Week.3	102	3.9215686274509802	0.0	1.9539686274509804
ARO:3002611	Axilla	Week.1	114	0.0	0.0	0.0
ARO:3002611	Axilla	Week.3	103	0.9708737864077669	0.0	0.03216621359223301
ARO:3002611	Groin	Week.1	107	0.0	0.0	0.0
ARO:3002611	Groin	Week.3	100	2.0	0.0	0.7442519999999999
ARO:3002611	Stool	Week.1	116	0.8620689655172413	0.0	0.005227034482758621
ARO:3002611	Stool	Week.3	102	2.941176470588235	0.0	0.587745843137255
ARO:3002612	Axilla	Week.1	114	0.0	0.0	0.0
ARO:3002612	Axilla	Week.3	103	0.0	0.0	0.0
ARO:3002612	Groin	Week.1	107	0.0	0.0	0.0
ARO:3002612	Groin	Week.3	100	1.0	0.0	0.016394
ARO:3002612	Stool	Week.1	116	0.0	0.0	0.0
ARO:3002612	Stool	Week.3	102	0.9803921568627451	0.0	0.11217254901960784
ARO:3002615	Axilla	Week.1	114	0.0	0.0	0.0
ARO:3002615	Axilla	Week.3	103	0.0	0.0	0.0
ARO:3002615	Groin	Week.1	107	0.0	0.0	0.0
ARO:3002615	Groin	Week.3	100	1.0	0.0	0.01287
ARO:3002615	Stool	Week.1	116	0.0	0.0	0.0
ARO:3002615	Stool	Week.3	102	0.0	0.0	0.0
ARO:3002616	Axilla	Week.1	114	0.0	0.0	0.0
ARO:3002616	Axilla	Week.3	103	0.9708737864077669	0.0	0.0389895145631068
ARO:3002616	Groin	Week.1	107	0.0	0.0	0.0
ARO:3002616	Groin	Week.3	100	2.0	0.0	0.6223168
ARO:3002616	Stool	Week.1	116	0.8620689655172413	0.0	0.007152793103448276
ARO:3002616	Stool	Week.3	102	1.9607843137254901	0.0	0.7767002549019607
ARO:3002617	Axilla	Week.1	114	0.0	0.0	0.0
ARO:3002617	Axilla	Week.3	103	0.0	0.0	0.0
ARO:3002617	Groin	Week.1	107	0.0	0.0	0.0
ARO:3002617	Groin	Week.3	100	1.0	0.0	0.010265400000000001
ARO:3002617	Stool	Week.1	116	0.0	0.0	0.0
ARO:3002617	Stool	Week.3	102	0.0	0.0	0.0
ARO:3002618	Axilla	Week.1	114	7.894736842105263	0.0	1.0034459122807018
ARO:3002618	Axilla	Week.3	103	9.70873786407767	0.0	1.4477572815533981
ARO:3002618	Groin	Week.1	107	0.9345794392523363	0.0	0.04474626168224299
ARO:3002618	Groin	Week.3	100	7.000000000000001	0.0	0.4890592
ARO:3002618	Stool	Week.1	116	0.0	0.0	0.0
ARO:3002618	Stool	Week.3	102	2.941176470588235	0.0	0.2223130392156863
ARO:3002619	Axilla	Week.1	114	10.526315789473683	0.0	2.690771929824561
ARO:3002619	Axilla	Week.3	103	12.62135922330097	0.0	3.6535485048543688
ARO:3002619	Groin	Week.1	107	2.803738317757009	0.0	0.14934428971962618
ARO:3002619	Groin	Week.3	100	13.0	0.0	1.38418463
ARO:3002619	Stool	Week.1	116	0.0	0.0	0.0
ARO:3002619	Stool	Week.3	102	3.9215686274509802	0.0	0.5916383823529412
ARO:3002658	Axilla	Week.1	114	0.0	0.0	0.0
ARO:3002658	Axilla	Week.3	103	0.0	0.0	0.0
ARO:3002658	Groin	Week.1	107	0.0	0.0	0.0
ARO:3002658	Groin	Week.3	100	0.0	0.0	0.0
ARO:3002658	Stool	Week.1	116	0.8620689655172413	0.0	0.011906586206896552
ARO:3002658	Stool	Week.3	102	0.0	0.0	0.0
ARO:3002679	Axilla	Week.1	114	0.0	0.0	0.0
ARO:3002679	Axilla	Week.3	103	0.0	0.0	0.0
ARO:3002679	Groin	Week.1	107	0.0	0.0	0.0
ARO:3002679	Groin	Week.3	100	1.0	0.0	0.27203099999999997
ARO:3002679	Stool	Week.1	116	0.8620689655172413	0.0	0.004770793103448276
ARO:3002679	Stool	Week.3	102	0.9803921568627451	0.0	0.005392186274509804
ARO:3002683	Axilla	Week.1	114	0.0	0.0	0.0
ARO:3002683	Axilla	Week.3	103	0.0	0.0	0.0
ARO:3002683	Groin	Week.1	107	0.0	0.0	0.0
ARO:3002683	Groin	Week.3	100	1.0	0.0	0.023183219999999997
ARO:3002683	Stool	Week.1	116	1.7241379310344827	0.0	2.009804137931035
ARO:3002683	Stool	Week.3	102	1.9607843137254901	0.0	0.5246671764705882
ARO:3002689	Axilla	Week.1	114	2.631578947368421	0.0	0.0769421052631579
ARO:3002689	Axilla	Week.3	103	2.912621359223301	0.0	0.03273560194174757
ARO:3002689	Groin	Week.1	107	0.9345794392523363	0.0	0.008109747663551402
ARO:3002689	Groin	Week.3	100	2.0	0.0	0.06669587
ARO:3002689	Stool	Week.1	116	1.7241379310344827	0.0	0.005619568965517241
ARO:3002689	Stool	Week.3	102	12.745098039215685	0.0	0.36880884313725487
ARO:3002691	Axilla	Week.1	114	0.0	0.0	0.0
ARO:3002691	Axilla	Week.3	103	0.9708737864077669	0.0	0.15752854368932037
ARO:3002691	Groin	Week.1	107	0.0	0.0	0.0
ARO:3002691	Groin	Week.3	100	1.0	0.0	1.6120049999999997
ARO:3002691	Stool	Week.1	116	0.0	0.0	0.0
ARO:3002691	Stool	Week.3	102	1.9607843137254901	0.0	1.429879411764706
ARO:3002693	Axilla	Week.1	114	0.0	0.0	0.0
ARO:3002693	Axilla	Week.3	103	0.9708737864077669	0.0	0.15704912621359224
ARO:3002693	Groin	Week.1	107	0.0	0.0	0.0
ARO:3002693	Groin	Week.3	100	1.0	0.0	1.6093959999999998
ARO:3002693	Stool	Week.1	116	0.0	0.0	0.0
ARO:3002693	Stool	Week.3	102	1.9607843137254901	0.0	1.4274264705882354
ARO:3002694	Axilla	Week.1	114	0.0	0.0	0.0
ARO:3002694	Axilla	Week.3	103	0.9708737864077669	0.0	0.15608999999999998
ARO:3002694	Groin	Week.1	107	0.0	0.0	0.0
ARO:3002694	Groin	Week.3	100	1.0	0.0	1.605921
ARO:3002694	Stool	Week.1	116	0.0	0.0	0.0
ARO:3002694	Stool	Week.3	102	1.9607843137254901	0.0	1.4190186274509802
ARO:3002695	Axilla	Week.1	114	0.0	0.0	0.0
ARO:3002695	Axilla	Week.3	103	0.9708737864077669	0.0	0.1050190291262136
ARO:3002695	Groin	Week.1	107	0.0	0.0	0.0
ARO:3002695	Groin	Week.3	100	1.0	0.0	1.075636
ARO:3002695	Stool	Week.1	116	0.0	0.0	0.0
ARO:3002695	Stool	Week.3	102	1.9607843137254901	0.0	0.9532529411764705
ARO:3002696	Axilla	Week.1	114	0.0	0.0	0.0
ARO:3002696	Axilla	Week.3	103	0.9708737864077669	0.0	0.052269805825242724
ARO:3002696	Groin	Week.1	107	0.0	0.0	0.0
ARO:3002696	Groin	Week.3	100	1.0	0.0	0.537238
ARO:3002696	Stool	Week.1	116	0.0	0.0	0.0
ARO:3002696	Stool	Week.3	102	1.9607843137254901	0.0	0.47662647058823526
ARO:3002699	Axilla	Week.1	114	0.0	0.0	0.0
ARO:3002699	Axilla	Week.3	103	0.9708737864077669	0.0	0.01158504854368932
ARO:3002699	Groin	Week.1	107	0.0	0.0	0.0
ARO:3002699	Groin	Week.3	100	0.0	0.0	0.0
ARO:3002699	Stool	Week.1	116	0.0	0.0	0.0
ARO:3002699	Stool	Week.3	102	0.0	0.0	0.0
ARO:3002702	Axilla	Week.1	114	0.0	0.0	0.0
ARO:3002702	Axilla	Week.3	103	0.0	0.0	0.0
ARO:3002702	Groin	Week.1	107	0.0	0.0	0.0
ARO:3002702	Groin	Week.3	100	1.0	0.0	0.268986
ARO:3002702	Stool	Week.1	116	0.8620689655172413	0.0	0.003788568965517241
ARO:3002702	Stool	Week.3	102	0.0	0.0	0.0
ARO:3002703	Axilla	Week.1	114	13.157894736842104	0.0	10.170251789473683
ARO:3002703	Axilla	Week.3	103	24.271844660194176	0.0	18.958745242718447
ARO:3002703	Groin	Week.1	107	5.607476635514018	0.0	0.8683195700934578
ARO:3002703	Groin	Week.3	100	14.000000000000002	0.0	8.05251834
ARO:3002703	Stool	Week.1	116	0.8620689655172413	0.0	0.016748922413793103
ARO:3002703	Stool	Week.3	102	2.941176470588235	0.0	0.37864539215686277
ARO:3002705	Axilla	Week.1	114	0.0	0.0	0.0
ARO:3002705	Axilla	Week.3	103	1.9417475728155338	0.0	1.0925266019417477
ARO:3002705	Groin	Week.1	107	0.0	0.0	0.0
ARO:3002705	Groin	Week.3	100	3.0	0.0	10.335651
ARO:3002705	Stool	Week.1	116	1.7241379310344827	0.0	11.229944879310345
ARO:3002705	Stool	Week.3	102	5.88235294117647	0.0	27.188519745098038
ARO:3002737	Axilla	Week.1	114	0.0	0.0	0.0
ARO:3002737	Axilla	Week.3	103	0.0	0.0	0.0
ARO:3002737	Groin	Week.1	107	0.0	0.0	0.0
ARO:3002737	Groin	Week.3	100	0.0	0.0	0.0
ARO:3002737	Stool	Week.1	116	0.0	0.0	0.0
ARO:3002737	Stool	Week.3	102	2.941176470588235	0.0	0.18753245098039215
ARO:3002761	Axilla	Week.1	114	0.0	0.0	0.0
ARO:3002761	Axilla	Week.3	103	0.0	0.0	0.0
ARO:3002761	Groin	Week.1	107	0.0	0.0	0.0
ARO:3002761	Groin	Week.3	100	2.0	0.0	0.08364239999999999
ARO:3002761	Stool	Week.1	116	0.0	0.0	0.0
ARO:3002761	Stool	Week.3	102	2.941176470588235	0.0	0.15417588235294116
ARO:3002764	Axilla	Week.1	114	0.0	0.0	0.0
ARO:3002764	Axilla	Week.3	103	0.0	0.0	0.0
ARO:3002764	Groin	Week.1	107	0.0	0.0	0.0
ARO:3002764	Groin	Week.3	100	0.0	0.0	0.0
ARO:3002764	Stool	Week.1	116	0.0	0.0	0.0
ARO:3002764	Stool	Week.3	102	2.941176470588235	0.0	0.23667450980392155
ARO:3002769	Axilla	Week.1	114	0.0	0.0	0.0
ARO:3002769	Axilla	Week.3	103	0.0	0.0	0.0
ARO:3002769	Groin	Week.1	107	0.0	0.0	0.0
ARO:3002769	Groin	Week.3	100	1.0	0.0	0.0677486
ARO:3002769	Stool	Week.1	116	0.0	0.0	0.0
ARO:3002769	Stool	Week.3	102	0.9803921568627451	0.0	0.010903039215686274
ARO:3002790	Axilla	Week.1	114	0.0	0.0	0.0
ARO:3002790	Axilla	Week.3	103	0.0	0.0	0.0
ARO:3002790	Groin	Week.1	107	0.0	0.0	0.0
ARO:3002790	Groin	Week.3	100	2.0	0.0	0.2073796
ARO:3002790	Stool	Week.1	116	0.8620689655172413	0.0	0.014731551724137931
ARO:3002790	Stool	Week.3	102	2.941176470588235	0.0	0.19629913725490195
ARO:3002791	Axilla	Week.1	114	0.0	0.0	0.0
ARO:3002791	Axilla	Week.3	103	0.9708737864077669	0.0	0.030165048543689323
ARO:3002791	Groin	Week.1	107	0.0	0.0	0.0
ARO:3002791	Groin	Week.3	100	1.0	0.0	0.0899477
ARO:3002791	Stool	Week.1	116	0.8620689655172413	0.0	0.05399258620689655
ARO:3002791	Stool	Week.3	102	0.9803921568627451	0.0	1.0791764705882352
ARO:3002793	Axilla	Week.1	114	0.0	0.0	0.0
ARO:3002793	Axilla	Week.3	103	0.0	0.0	0.0
ARO:3002793	Groin	Week.1	107	0.0	0.0	0.0
ARO:3002793	Groin	Week.3	100	3.0	0.0	0.21918009000000002
ARO:3002793	Stool	Week.1	116	0.8620689655172413	0.0	0.014888275862068964
ARO:3002793	Stool	Week.3	102	3.9215686274509802	0.0	1.3152951176470589
ARO:3002794	Axilla	Week.1	114	0.0	0.0	0.0
ARO:3002794	Axilla	Week.3	103	0.9708737864077669	0.0	0.03544398058252427
ARO:3002794	Groin	Week.1	107	0.0	0.0	0.0
ARO:3002794	Groin	Week.3	100	4.0	0.0	0.32881226999999996
ARO:3002794	Stool	Week.1	116	1.7241379310344827	0.0	0.08139948275862069
ARO:3002794	Stool	Week.3	102	4.901960784313726	0.0	1.5869500686274507
ARO:3002795	Axilla	Week.1	114	0.0	0.0	0.0
ARO:3002795	Axilla	Week.3	103	0.9708737864077669	0.0	0.030165048543689323
ARO:3002795	Groin	Week.1	107	0.0	0.0	0.0
ARO:3002795	Groin	Week.3	100	1.0	0.0	0.0899477
ARO:3002795	Stool	Week.1	116	0.8620689655172413	0.0	0.05399258620689655
ARO:3002795	Stool	Week.3	102	0.9803921568627451	0.0	1.0788039215686274
ARO:3002797	Axilla	Week.1	114	0.0	0.0	0.0
ARO:3002797	Axilla	Week.3	103	0.0	0.0	0.0
ARO:3002797	Groin	Week.1	107	0.0	0.0	0.0
ARO:3002797	Groin	Week.3	100	4.0	0.0	0.31398808
ARO:3002797	Stool	Week.1	116	1.7241379310344827	0.0	0.07403991379310346
ARO:3002797	Stool	Week.3	102	4.901960784313726	0.0	1.3087404607843136
ARO:3002798	Axilla	Week.1	114	0.0	0.0	0.0
ARO:3002798	Axilla	Week.3	103	0.0	0.0	0.0
ARO:3002798	Groin	Week.1	107	0.0	0.0	0.0
ARO:3002798	Groin	Week.3	100	4.0	0.0	0.3417557
ARO:3002798	Stool	Week.1	116	1.7241379310344827	0.0	0.07846577586206896
ARO:3002798	Stool	Week.3	102	4.901960784313726	0.0	1.49296368627451
ARO:3002804	Axilla	Week.1	114	0.8771929824561403	0.0	0.005531280701754386
ARO:3002804	Axilla	Week.3	103	3.8834951456310676	0.0	0.060913621359223305
ARO:3002804	Groin	Week.1	107	4.672897196261682	0.0	0.36526104672897197
ARO:3002804	Groin	Week.3	100	15.0	0.0	0.72624037
ARO:3002804	Stool	Week.1	116	6.896551724137931	0.0	0.7289760086206898
ARO:3002804	Stool	Week.3	102	19.607843137254903	0.0	1.9564037843137254
ARO:3002853	Axilla	Week.1	114	0.0	0.0	0.0
ARO:3002853	Axilla	Week.3	103	1.9417475728155338	0.0	0.12534567961165047
ARO:3002853	Groin	Week.1	107	0.0	0.0	0.0
ARO:3002853	Groin	Week.3	100	2.0	0.0	0.922859
ARO:3002853	Stool	Week.1	116	0.0	0.0	0.0
ARO:3002853	Stool	Week.3	102	3.9215686274509802	0.0	1.8095122549019609
ARO:3002854	Axilla	Week.1	114	1.7543859649122806	0.0	0.10258171929824562
ARO:3002854	Axilla	Week.3	103	0.9708737864077669	0.0	0.17539909708737864
ARO:3002854	Groin	Week.1	107	0.0	0.0	0.0
ARO:3002854	Groin	Week.3	100	4.0	0.0	12.567698089999999
ARO:3002854	Stool	Week.1	116	0.8620689655172413	0.0	0.013634525862068965
ARO:3002854	Stool	Week.3	102	2.941176470588235	0.0	3.3300095098039217
ARO:3002858	Axilla	Week.1	114	0.0	0.0	0.0
ARO:3002858	Axilla	Week.3	103	1.9417475728155338	0.0	0.24308306796116502
ARO:3002858	Groin	Week.1	107	0.9345794392523363	0.0	0.5630178504672897
ARO:3002858	Groin	Week.3	100	3.0	0.0	1.0499004
ARO:3002858	Stool	Week.1	116	0.8620689655172413	0.0	0.7005718965517241
ARO:3002858	Stool	Week.3	102	4.901960784313726	0.0	12.969298039215685
ARO:3002859	Axilla	Week.1	114	0.0	0.0	0.0
ARO:3002859	Axilla	Week.3	103	0.9708737864077669	0.0	0.05754466019417475
ARO:3002859	Groin	Week.1	107	0.0	0.0	0.0
ARO:3002859	Groin	Week.3	100	1.0	0.0	0.7638390000000002
ARO:3002859	Stool	Week.1	116	1.7241379310344827	0.0	0.06466202586206897
ARO:3002859	Stool	Week.3	102	2.941176470588235	0.0	0.8671039509803922
ARO:3002860	Axilla	Week.1	114	0.0	0.0	0.0
ARO:3002860	Axilla	Week.3	103	1.9417475728155338	0.0	0.3057684563106796
ARO:3002860	Groin	Week.1	107	2.803738317757009	0.0	2.779737906542056
ARO:3002860	Groin	Week.3	100	4.0	0.0	8.5454395
ARO:3002860	Stool	Week.1	116	3.4482758620689653	0.0	9.086121551724137
ARO:3002860	Stool	Week.3	102	2.941176470588235	0.0	9.2089531372549
ARO:3002861	Axilla	Week.1	114	0.0	0.0	0.0
ARO:3002861	Axilla	Week.3	103	0.9708737864077669	0.0	0.039322184466019414
ARO:3002861	Groin	Week.1	107	0.0	0.0	0.0
ARO:3002861	Groin	Week.3	100	1.0	0.0	0.48855600000000005
ARO:3002861	Stool	Week.1	116	1.7241379310344827	0.0	0.04267131034482759
ARO:3002861	Stool	Week.3	102	1.9607843137254901	0.0	0.5946611764705882
ARO:3002862	Axilla	Week.1	114	0.0	0.0	0.0
ARO:3002862	Axilla	Week.3	103	1.9417475728155338	0.0	0.09178656310679612
ARO:3002862	Groin	Week.1	107	2.803738317757009	0.0	1.0803239813084113
ARO:3002862	Groin	Week.3	100	4.0	0.0	2.7599308
ARO:3002862	Stool	Week.1	116	3.4482758620689653	0.0	3.0927706896551728
ARO:3002862	Stool	Week.3	102	2.941176470588235	0.0	3.031630980392157
ARO:3002865	Axilla	Week.1	114	64.91228070175438	1.1825899999999998	7.6387427894736835
ARO:3002865	Axilla	Week.3	103	74.75728155339806	1.28738	4.3766842233009715
ARO:3002865	Groin	Week.1	107	38.31775700934579	0.0	2.0985527570093456
ARO:3002865	Groin	Week.3	100	50.0	0.0847025	1.4390222700000002
ARO:3002865	Stool	Week.1	116	41.37931034482759	0.0	5.090484931034483
ARO:3002865	Stool	Week.3	102	24.509803921568626	0.0	1.1153612450980392
ARO:3002867	Axilla	Week.1	114	0.0	0.0	0.0
ARO:3002867	Axilla	Week.3	103	0.0	0.0	0.0
ARO:3002867	Groin	Week.1	107	1.8691588785046727	0.0	0.011798
ARO:3002867	Groin	Week.3	100	3.0	0.0	0.23219172
ARO:3002867	Stool	Week.1	116	4.310344827586207	0.0	0.8908671896551725
ARO:3002867	Stool	Week.3	102	5.88235294117647	0.0	0.09933723529411763
ARO:3002868	Axilla	Week.1	114	3.508771929824561	0.0	0.19721115789473684
ARO:3002868	Axilla	Week.3	103	4.854368932038835	0.0	0.23741180582524274
ARO:3002868	Groin	Week.1	107	4.672897196261682	0.0	0.06322335514018693
ARO:3002868	Groin	Week.3	100	14.000000000000002	0.0	0.31294878
ARO:3002868	Stool	Week.1	116	10.344827586206897	0.0	0.7612094224137932
ARO:3002868	Stool	Week.3	102	14.705882352941178	0.0	0.9881782843137255
ARO:3002869	Axilla	Week.1	114	3.508771929824561	0.0	0.5405290701754386
ARO:3002869	Axilla	Week.3	103	3.8834951456310676	0.0	0.5958726990291262
ARO:3002869	Groin	Week.1	107	4.672897196261682	0.0	0.16410404672897194
ARO:3002869	Groin	Week.3	100	10.0	0.0	0.7806155499999999
ARO:3002869	Stool	Week.1	116	9.482758620689655	0.0	1.9765671120689654
ARO:3002869	Stool	Week.3	102	13.725490196078432	0.0	2.454815754901961
ARO:3002872	Axilla	Week.1	114	0.0	0.0	0.0
ARO:3002872	Axilla	Week.3	103	0.0	0.0	0.0
ARO:3002872	Groin	Week.1	107	0.0	0.0	0.0
ARO:3002872	Groin	Week.3	100	13.0	0.0	0.27999016
ARO:3002872	Stool	Week.1	116	5.172413793103448	0.0	0.15648094827586206
ARO:3002872	Stool	Week.3	102	15.686274509803921	0.0	0.5530562352941176
ARO:3002873	Axilla	Week.1	114	0.8771929824561403	0.0	0.040301228070175436
ARO:3002873	Axilla	Week.3	103	4.854368932038835	0.0	0.2749008834951457
ARO:3002873	Groin	Week.1	107	0.9345794392523363	0.0	0.07121831775700935
ARO:3002873	Groin	Week.3	100	5.0	0.0	0.23979438999999997
ARO:3002873	Stool	Week.1	116	0.8620689655172413	0.0	0.002426646551724138
ARO:3002873	Stool	Week.3	102	2.941176470588235	0.0	1.01696431372549
ARO:3002878	Axilla	Week.1	114	0.0	0.0	0.0
ARO:3002878	Axilla	Week.3	103	0.0	0.0	0.0
ARO:3002878	Groin	Week.1	107	0.0	0.0	0.0
ARO:3002878	Groin	Week.3	100	0.0	0.0	0.0
ARO:3002878	Stool	Week.1	116	2.586206896551724	0.0	0.08068261206896553
ARO:3002878	Stool	Week.3	102	2.941176470588235	0.0	0.546792843137255
ARO:3002921	Axilla	Week.1	114	0.0	0.0	0.0
ARO:3002921	Axilla	Week.3	103	0.0	0.0	0.0
ARO:3002921	Groin	Week.1	107	0.9345794392523363	0.0	0.10965607476635514
ARO:3002921	Groin	Week.3	100	4.0	0.0	0.08086385
ARO:3002921	Stool	Week.1	116	9.482758620689655	0.0	0.7168463448275861
ARO:3002921	Stool	Week.3	102	12.745098039215685	0.0	1.6861319019607843
ARO:3002933	Axilla	Week.1	114	0.0	0.0	0.0
ARO:3002933	Axilla	Week.3	103	0.0	0.0	0.0
ARO:3002933	Groin	Week.1	107	0.9345794392523363	0.0	0.16836093457943926
ARO:3002933	Groin	Week.3	100	3.0	0.0	0.10943156
ARO:3002933	Stool	Week.1	116	8.620689655172415	0.0	1.1069633620689654
ARO:3002933	Stool	Week.3	102	12.745098039215685	0.0	1.7032938235294115
ARO:3002948	Axilla	Week.1	114	0.0	0.0	0.0
ARO:3002948	Axilla	Week.3	103	0.0	0.0	0.0
ARO:3002948	Groin	Week.1	107	0.0	0.0	0.0
ARO:3002948	Groin	Week.3	100	1.0	0.0	0.041198399999999996
ARO:3002948	Stool	Week.1	116	0.0	0.0	0.0
ARO:3002948	Stool	Week.3	102	1.9607843137254901	0.0	0.40803098039215685
ARO:3002952	Axilla	Week.1	114	0.0	0.0	0.0
ARO:3002952	Axilla	Week.3	103	0.0	0.0	0.0
ARO:3002952	Groin	Week.1	107	0.0	0.0	0.0
ARO:3002952	Groin	Week.3	100	1.0	0.0	0.03948183
ARO:3002952	Stool	Week.1	116	0.0	0.0	0.0
ARO:3002952	Stool	Week.3	102	1.9607843137254901	0.0	0.3417430392156863
ARO:3002956	Axilla	Week.1	114	0.0	0.0	0.0
ARO:3002956	Axilla	Week.3	103	0.0	0.0	0.0
ARO:3002956	Groin	Week.1	107	0.0	0.0	0.0
ARO:3002956	Groin	Week.3	100	1.0	0.0	0.0232694
ARO:3002956	Stool	Week.1	116	0.0	0.0	0.0
ARO:3002956	Stool	Week.3	102	1.9607843137254901	0.0	0.2843220588235294
ARO:3002972	Axilla	Week.1	114	0.0	0.0	0.0
ARO:3002972	Axilla	Week.3	103	0.0	0.0	0.0
ARO:3002972	Groin	Week.1	107	0.9345794392523363	0.0	0.14122336448598133
ARO:3002972	Groin	Week.3	100	3.0	0.0	0.06270732
ARO:3002972	Stool	Week.1	116	6.896551724137931	0.0	0.9761009482758621
ARO:3002972	Stool	Week.3	102	11.76470588235294	0.0	1.1409190196078431
ARO:3002987	Axilla	Week.1	114	0.0	0.0	0.0
ARO:3002987	Axilla	Week.3	103	0.0	0.0	0.0
ARO:3002987	Groin	Week.1	107	0.0	0.0	0.0
ARO:3002987	Groin	Week.3	100	0.0	0.0	0.0
ARO:3002987	Stool	Week.1	116	0.8620689655172413	0.0	0.02834741379310345
ARO:3002987	Stool	Week.3	102	0.0	0.0	0.0
ARO:3003001	Axilla	Week.1	114	1.7543859649122806	0.0	0.08573326315789474
ARO:3003001	Axilla	Week.3	103	0.0	0.0	0.0
ARO:3003001	Groin	Week.1	107	1.8691588785046727	0.0	11.64719813084112
ARO:3003001	Groin	Week.3	100	1.0	0.0	0.109266
ARO:3003001	Stool	Week.1	116	0.8620689655172413	0.0	8.98121551724138
ARO:3003001	Stool	Week.3	102	0.0	0.0	0.0
ARO:3003002	Axilla	Week.1	114	1.7543859649122806	0.0	0.028348912280701754
ARO:3003002	Axilla	Week.3	103	0.0	0.0	0.0
ARO:3003002	Groin	Week.1	107	1.8691588785046727	0.0	3.8808261682242984
ARO:3003002	Groin	Week.3	100	1.0	0.0	0.036421999999999996
ARO:3003002	Stool	Week.1	116	0.8620689655172413	0.0	2.992456896551724
ARO:3003002	Stool	Week.3	102	0.0	0.0	0.0
ARO:3003003	Axilla	Week.1	114	1.7543859649122806	0.0	0.014288877192982455
ARO:3003003	Axilla	Week.3	103	0.0	0.0	0.0
ARO:3003003	Groin	Week.1	107	1.8691588785046727	0.0	1.9376663551401871
ARO:3003003	Groin	Week.3	100	1.0	0.0	0.018210999999999998
ARO:3003003	Stool	Week.1	116	0.8620689655172413	0.0	1.4911120689655173
ARO:3003003	Stool	Week.3	102	0.0	0.0	0.0
ARO:3003005	Axilla	Week.1	114	1.7543859649122806	0.0	0.014288877192982455
ARO:3003005	Axilla	Week.3	103	0.0	0.0	0.0
ARO:3003005	Groin	Week.1	107	1.8691588785046727	0.0	1.9373
ARO:3003005	Groin	Week.3	100	1.0	0.0	0.018210999999999998
ARO:3003005	Stool	Week.1	116	0.8620689655172413	0.0	1.490896551724138
ARO:3003005	Stool	Week.3	102	0.0	0.0	0.0
ARO:3003012	Axilla	Week.1	114	0.0	0.0	0.0
ARO:3003012	Axilla	Week.3	103	0.0	0.0	0.0
ARO:3003012	Groin	Week.1	107	1.8691588785046727	0.0	0.02634866355140187
ARO:3003012	Groin	Week.3	100	3.0	0.0	0.059668
ARO:3003012	Stool	Week.1	116	0.0	0.0	0.0
ARO:3003012	Stool	Week.3	102	2.941176470588235	0.0	0.2508727450980392
ARO:3003013	Axilla	Week.1	114	0.8771929824561403	0.0	0.009695719298245614
ARO:3003013	Axilla	Week.3	103	0.9708737864077669	0.0	0.04263844660194174
ARO:3003013	Groin	Week.1	107	0.0	0.0	0.0
ARO:3003013	Groin	Week.3	100	4.0	0.0	2.74288493
ARO:3003013	Stool	Week.1	116	0.0	0.0	0.0
ARO:3003013	Stool	Week.3	102	2.941176470588235	0.0	0.7787813725490196
ARO:3003014	Axilla	Week.1	114	0.8771929824561403	0.0	0.8124552631578947
ARO:3003014	Axilla	Week.3	103	1.9417475728155338	0.0	0.19885621359223304
ARO:3003014	Groin	Week.1	107	0.0	0.0	0.0
ARO:3003014	Groin	Week.3	100	0.0	0.0	0.0
ARO:3003014	Stool	Week.1	116	0.0	0.0	0.0
ARO:3003014	Stool	Week.3	102	0.0	0.0	0.0
ARO:3003017	Axilla	Week.1	114	0.0	0.0	0.0
ARO:3003017	Axilla	Week.3	103	0.0	0.0	0.0
ARO:3003017	Groin	Week.1	107	0.9345794392523363	0.0	0.0029375233644859814
ARO:3003017	Groin	Week.3	100	2.0	0.0	0.044987599999999996
ARO:3003017	Stool	Week.1	116	0.8620689655172413	0.0	0.025904482758620687
ARO:3003017	Stool	Week.3	102	4.901960784313726	0.0	0.47536490196078435
ARO:3003018	Axilla	Week.1	114	0.0	0.0	0.0
ARO:3003018	Axilla	Week.3	103	0.0	0.0	0.0
ARO:3003018	Groin	Week.1	107	0.9345794392523363	0.0	0.005875046728971963
ARO:3003018	Groin	Week.3	100	1.0	0.0	0.0269719
ARO:3003018	Stool	Week.1	116	0.0	0.0	0.0
ARO:3003018	Stool	Week.3	102	1.9607843137254901	0.0	0.16353568627450982
ARO:3003020	Axilla	Week.1	114	0.0	0.0	0.0
ARO:3003020	Axilla	Week.3	103	0.0	0.0	0.0
ARO:3003020	Groin	Week.1	107	0.0	0.0	0.0
ARO:3003020	Groin	Week.3	100	0.0	0.0	0.0
ARO:3003020	Stool	Week.1	116	0.0	0.0	0.0
ARO:3003020	Stool	Week.3	102	0.9803921568627451	0.0	0.09711294117647058
ARO:3003033	Axilla	Week.1	114	0.0	0.0	0.0
ARO:3003033	Axilla	Week.3	103	0.0	0.0	0.0
ARO:3003033	Groin	Week.1	107	0.0	0.0	0.0
ARO:3003033	Groin	Week.3	100	1.0	0.0	0.9262239999999999
ARO:3003033	Stool	Week.1	116	0.8620689655172413	0.0	0.02483620689655172
ARO:3003033	Stool	Week.3	102	1.9607843137254901	0.0	0.02322607843137255
ARO:3003034	Axilla	Week.1	114	0.0	0.0	0.0
ARO:3003034	Axilla	Week.3	103	0.0	0.0	0.0
ARO:3003034	Groin	Week.1	107	0.0	0.0	0.0
ARO:3003034	Groin	Week.3	100	1.0	0.0	0.7617879999999999
ARO:3003034	Stool	Week.1	116	0.8620689655172413	0.0	0.021749224137931036
ARO:3003034	Stool	Week.3	102	0.9803921568627451	0.0	0.0044637450980392155
ARO:3003041	Axilla	Week.1	114	7.894736842105263	0.0	2.6211434210526314
ARO:3003041	Axilla	Week.3	103	6.796116504854369	0.0	1.3281441067961166
ARO:3003041	Groin	Week.1	107	0.9345794392523363	0.0	0.12654607476635515
ARO:3003041	Groin	Week.3	100	2.0	0.0	0.09444914
ARO:3003041	Stool	Week.1	116	2.586206896551724	0.0	0.3581017155172414
ARO:3003041	Stool	Week.3	102	0.0	0.0	0.0
ARO:3003042	Axilla	Week.1	114	14.035087719298245	0.0	5.688409289473685
ARO:3003042	Axilla	Week.3	103	22.330097087378643	0.0	6.046366485436892
ARO:3003042	Groin	Week.1	107	3.7383177570093453	0.0	1.7935789252336447
ARO:3003042	Groin	Week.3	100	5.0	0.0	0.54203394
ARO:3003042	Stool	Week.1	116	4.310344827586207	0.0	0.48709558620689647
ARO:3003042	Stool	Week.3	102	11.76470588235294	0.0	10.372075833333332
ARO:3003043	Axilla	Week.1	114	13.157894736842104	0.0	8.815079245614035
ARO:3003043	Axilla	Week.3	103	21.35922330097087	0.0	6.2023644951456305
ARO:3003043	Groin	Week.1	107	2.803738317757009	0.0	1.8664647009345794
ARO:3003043	Groin	Week.3	100	5.0	0.0	0.7883565299999999
ARO:3003043	Stool	Week.1	116	3.4482758620689653	0.0	0.8323675862068964
ARO:3003043	Stool	Week.3	102	11.76470588235294	0.0	18.390078676470587
ARO:3003057	Axilla	Week.1	114	0.0	0.0	0.0
ARO:3003057	Axilla	Week.3	103	0.0	0.0	0.0
ARO:3003057	Groin	Week.1	107	0.0	0.0	0.0
ARO:3003057	Groin	Week.3	100	0.0	0.0	0.0
ARO:3003057	Stool	Week.1	116	0.8620689655172413	0.0	0.009326810344827586
ARO:3003057	Stool	Week.3	102	0.0	0.0	0.0
ARO:3003069	Axilla	Week.1	114	0.0	0.0	0.0
ARO:3003069	Axilla	Week.3	103	0.0	0.0	0.0
ARO:3003069	Groin	Week.1	107	0.9345794392523363	0.0	0.08639570093457943
ARO:3003069	Groin	Week.3	100	3.0	0.0	0.02624447
ARO:3003069	Stool	Week.1	116	8.620689655172415	0.0	0.5349297758620689
ARO:3003069	Stool	Week.3	102	13.725490196078432	0.0	0.6209616764705882
ARO:3003072	Axilla	Week.1	114	0.0	0.0	0.0
ARO:3003072	Axilla	Week.3	103	0.0	0.0	0.0
ARO:3003072	Groin	Week.1	107	0.0	0.0	0.0
ARO:3003072	Groin	Week.3	100	0.0	0.0	0.0
ARO:3003072	Stool	Week.1	116	0.0	0.0	0.0
ARO:3003072	Stool	Week.3	102	1.9607843137254901	0.0	0.043046274509803924
ARO:3003077	Axilla	Week.1	114	0.8771929824561403	0.0	0.028147105263157893
ARO:3003077	Axilla	Week.3	103	1.9417475728155338	0.0	0.011113980582524273
ARO:3003077	Groin	Week.1	107	10.2803738317757	0.0	0.31261850467289715
ARO:3003077	Groin	Week.3	100	35.0	0.0	0.6475627199999999
ARO:3003077	Stool	Week.1	116	29.310344827586203	0.0	4.654067905172414
ARO:3003077	Stool	Week.3	102	50.98039215686274	0.2344265	3.8957756666666663
ARO:3003078	Axilla	Week.1	114	0.8771929824561403	0.0	0.05400587719298246
ARO:3003078	Axilla	Week.3	103	0.9708737864077669	0.0	0.005384679611650485
ARO:3003078	Groin	Week.1	107	10.2803738317757	0.0	0.5299793364485982
ARO:3003078	Groin	Week.3	100	33.0	0.0	1.07804642
ARO:3003078	Stool	Week.1	116	33.62068965517241	0.0	7.427955784482759
ARO:3003078	Stool	Week.3	102	49.01960784313725	0.0	6.197720970588236
ARO:3003079	Axilla	Week.1	114	0.8771929824561403	0.0	0.058582631578947365
ARO:3003079	Axilla	Week.3	103	0.9708737864077669	0.0	0.007179572815533981
ARO:3003079	Groin	Week.1	107	9.345794392523365	0.0	0.5127681121495328
ARO:3003079	Groin	Week.3	100	34.0	0.0	1.0621926799999997
ARO:3003079	Stool	Week.1	116	31.03448275862069	0.0	7.610386836206897
ARO:3003079	Stool	Week.3	102	54.90196078431373	0.4202325	6.096785647058823
ARO:3003092	Axilla	Week.1	114	35.08771929824561	0.0	5.309107964912281
ARO:3003092	Axilla	Week.3	103	35.92233009708738	0.0	2.0787963203883493
ARO:3003092	Groin	Week.1	107	29.906542056074763	0.0	2.418080028037383
ARO:3003092	Groin	Week.3	100	40.0	0.0	2.42501223
ARO:3003092	Stool	Week.1	116	43.96551724137931	0.0	13.127266086206895
ARO:3003092	Stool	Week.3	102	47.05882352941176	0.0	8.099896274509804
ARO:3003093	Axilla	Week.1	114	0.0	0.0	0.0
ARO:3003093	Axilla	Week.3	103	0.0	0.0	0.0
ARO:3003093	Groin	Week.1	107	0.0	0.0	0.0
ARO:3003093	Groin	Week.3	100	0.0	0.0	0.0
ARO:3003093	Stool	Week.1	116	0.8620689655172413	0.0	0.014452672413793104
ARO:3003093	Stool	Week.3	102	0.0	0.0	0.0
ARO:3003094	Axilla	Week.1	114	0.0	0.0	0.0
ARO:3003094	Axilla	Week.3	103	0.0	0.0	0.0
ARO:3003094	Groin	Week.1	107	0.0	0.0	0.0
ARO:3003094	Groin	Week.3	100	0.0	0.0	0.0
ARO:3003094	Stool	Week.1	116	0.8620689655172413	0.0	0.015294568965517242
ARO:3003094	Stool	Week.3	102	0.0	0.0	0.0
ARO:3003095	Axilla	Week.1	114	0.0	0.0	0.0
ARO:3003095	Axilla	Week.3	103	0.0	0.0	0.0
ARO:3003095	Groin	Week.1	107	0.0	0.0	0.0
ARO:3003095	Groin	Week.3	100	0.0	0.0	0.0
ARO:3003095	Stool	Week.1	116	0.8620689655172413	0.0	0.015575258620689654
ARO:3003095	Stool	Week.3	102	0.0	0.0	0.0
ARO:3003096	Axilla	Week.1	114	1.7543859649122806	0.0	0.014288877192982455
ARO:3003096	Axilla	Week.3	103	0.0	0.0	0.0
ARO:3003096	Groin	Week.1	107	1.8691588785046727	0.0	1.9373
ARO:3003096	Groin	Week.3	100	1.0	0.0	0.018210999999999998
ARO:3003096	Stool	Week.1	116	0.8620689655172413	0.0	1.490896551724138
ARO:3003096	Stool	Week.3	102	0.0	0.0	0.0
ARO:3003099	Axilla	Week.1	114	0.0	0.0	0.0
ARO:3003099	Axilla	Week.3	103	0.0	0.0	0.0
ARO:3003099	Groin	Week.1	107	0.0	0.0	0.0
ARO:3003099	Groin	Week.3	100	0.0	0.0	0.0
ARO:3003099	Stool	Week.1	116	0.8620689655172413	0.0	0.015294568965517242
ARO:3003099	Stool	Week.3	102	0.0	0.0	0.0
ARO:3003100	Axilla	Week.1	114	0.0	0.0	0.0
ARO:3003100	Axilla	Week.3	103	0.0	0.0	0.0
ARO:3003100	Groin	Week.1	107	0.0	0.0	0.0
ARO:3003100	Groin	Week.3	100	0.0	0.0	0.0
ARO:3003100	Stool	Week.1	116	0.8620689655172413	0.0	0.014031724137931035
ARO:3003100	Stool	Week.3	102	0.0	0.0	0.0
ARO:3003101	Axilla	Week.1	114	0.0	0.0	0.0
ARO:3003101	Axilla	Week.3	103	0.0	0.0	0.0
ARO:3003101	Groin	Week.1	107	0.0	0.0	0.0
ARO:3003101	Groin	Week.3	100	0.0	0.0	0.0
ARO:3003101	Stool	Week.1	116	0.8620689655172413	0.0	0.014873620689655174
ARO:3003101	Stool	Week.3	102	0.0	0.0	0.0
ARO:3003102	Axilla	Week.1	114	0.0	0.0	0.0
ARO:3003102	Axilla	Week.3	103	0.0	0.0	0.0
ARO:3003102	Groin	Week.1	107	0.0	0.0	0.0
ARO:3003102	Groin	Week.3	100	0.0	0.0	0.0
ARO:3003102	Stool	Week.1	116	0.8620689655172413	0.0	0.013891465517241379
ARO:3003102	Stool	Week.3	102	0.0	0.0	0.0
ARO:3003103	Axilla	Week.1	114	0.0	0.0	0.0
ARO:3003103	Axilla	Week.3	103	0.0	0.0	0.0
ARO:3003103	Groin	Week.1	107	0.0	0.0	0.0
ARO:3003103	Groin	Week.3	100	0.0	0.0	0.0
ARO:3003103	Stool	Week.1	116	0.8620689655172413	0.0	0.015154310344827586
ARO:3003103	Stool	Week.3	102	0.0	0.0	0.0
ARO:3003104	Axilla	Week.1	114	0.0	0.0	0.0
ARO:3003104	Axilla	Week.3	103	0.0	0.0	0.0
ARO:3003104	Groin	Week.1	107	0.0	0.0	0.0
ARO:3003104	Groin	Week.3	100	0.0	0.0	0.0
ARO:3003104	Stool	Week.1	116	0.8620689655172413	0.0	0.01347051724137931
ARO:3003104	Stool	Week.3	102	0.0	0.0	0.0
ARO:3003139	Axilla	Week.1	114	0.0	0.0	0.0
ARO:3003139	Axilla	Week.3	103	0.0	0.0	0.0
ARO:3003139	Groin	Week.1	107	0.0	0.0	0.0
ARO:3003139	Groin	Week.3	100	1.0	0.0	0.0228466
ARO:3003139	Stool	Week.1	116	0.0	0.0	0.0
ARO:3003139	Stool	Week.3	102	3.9215686274509802	0.0	0.99254931372549
ARO:3003140	Axilla	Week.1	114	0.0	0.0	0.0
ARO:3003140	Axilla	Week.3	103	0.0	0.0	0.0
ARO:3003140	Groin	Week.1	107	0.0	0.0	0.0
ARO:3003140	Groin	Week.3	100	0.0	0.0	0.0
ARO:3003140	Stool	Week.1	116	0.8620689655172413	0.0	0.011646379310344828
ARO:3003140	Stool	Week.3	102	0.9803921568627451	0.0	0.013171764705882353
ARO:3003141	Axilla	Week.1	114	0.0	0.0	0.0
ARO:3003141	Axilla	Week.3	103	0.0	0.0	0.0
ARO:3003141	Groin	Week.1	107	0.0	0.0	0.0
ARO:3003141	Groin	Week.3	100	0.0	0.0	0.0
ARO:3003141	Stool	Week.1	116	0.8620689655172413	0.0	0.011646379310344828
ARO:3003141	Stool	Week.3	102	0.9803921568627451	0.0	0.013002843137254902
ARO:3003197	Axilla	Week.1	114	10.526315789473683	0.0	3.232299649122807
ARO:3003197	Axilla	Week.3	103	12.62135922330097	0.0	4.333944349514563
ARO:3003197	Groin	Week.1	107	2.803738317757009	0.0	0.19423315887850465
ARO:3003197	Groin	Week.3	100	15.0	0.0	1.69536049
ARO:3003197	Stool	Week.1	116	0.0	0.0	0.0
ARO:3003197	Stool	Week.3	102	4.901960784313726	0.0	0.8668843725490195
ARO:3003209	Axilla	Week.1	114	4.385964912280701	0.0	0.12181209649122807
ARO:3003209	Axilla	Week.3	103	12.62135922330097	0.0	0.2740517572815534
ARO:3003209	Groin	Week.1	107	11.214953271028037	0.0	0.4478941308411215
ARO:3003209	Groin	Week.3	100	43.0	0.0	2.24781296
ARO:3003209	Stool	Week.1	116	16.379310344827587	0.0	1.702903448275862
ARO:3003209	Stool	Week.3	102	53.92156862745098	1.1594415	5.228137666666666
ARO:3003210	Axilla	Week.1	114	0.0	0.0	0.0
ARO:3003210	Axilla	Week.3	103	0.0	0.0	0.0
ARO:3003210	Groin	Week.1	107	0.9345794392523363	0.0	0.003939878504672897
ARO:3003210	Groin	Week.3	100	12.0	0.0	0.19285517
ARO:3003210	Stool	Week.1	116	4.310344827586207	0.0	0.13252818965517243
ARO:3003210	Stool	Week.3	102	21.568627450980394	0.0	0.640274568627451
ARO:3003285	Axilla	Week.1	114	87.71929824561403	73.1429	150.66978991228072
ARO:3003285	Axilla	Week.3	103	98.05825242718447	133.3338	163.95098961165053
ARO:3003285	Groin	Week.1	107	62.616822429906534	16.90428	76.94104245794394
ARO:3003285	Groin	Week.3	100	90.0	139.24205	182.7470607
ARO:3003285	Stool	Week.1	116	75.86206896551724	265.59024999999997	249.35614258620691
ARO:3003285	Stool	Week.3	102	96.07843137254902	290.42	289.62556872549015
ARO:3003291	Axilla	Week.1	114	79.82456140350878	23.10755	56.81790868421053
ARO:3003291	Axilla	Week.3	103	91.2621359223301	32.7032	50.279865436893196
ARO:3003291	Groin	Week.1	107	53.271028037383175	3.49191	25.057329813084113
ARO:3003291	Groin	Week.3	100	69.0	16.39735	48.083403600000004
ARO:3003291	Stool	Week.1	116	58.620689655172406	19.89842	106.55157629310345
ARO:3003291	Stool	Week.3	102	69.6078431372549	32.459050000000005	79.22582588235295
ARO:3003297	Axilla	Week.1	114	83.33333333333334	26.37913	55.35297780701754
ARO:3003297	Axilla	Week.3	103	95.14563106796116	53.9958	76.5648904368932
ARO:3003297	Groin	Week.1	107	58.87850467289719	4.72763	70.65883433644859
ARO:3003297	Groin	Week.3	100	85.0	138.54630400000002	192.17497468999994
ARO:3003297	Stool	Week.1	116	74.13793103448276	155.78445	203.79997836206897
ARO:3003297	Stool	Week.3	102	96.07843137254902	342.997565	359.4164871862745
ARO:3003303	Axilla	Week.1	114	83.33333333333334	11.67127	29.506137421052635
ARO:3003303	Axilla	Week.3	103	93.20388349514563	9.27275	22.77375749514563
ARO:3003303	Groin	Week.1	107	56.074766355140184	2.88869	19.300039046728973
ARO:3003303	Groin	Week.3	100	85.0	27.307355	43.89918811
ARO:3003303	Stool	Week.1	116	66.37931034482759	38.605599999999995	53.959603112068955
ARO:3003303	Stool	Week.3	102	92.15686274509804	70.20779999999999	72.92973231372551
ARO:3003312	Axilla	Week.1	114	46.49122807017544	0.0	10.522108657894735
ARO:3003312	Axilla	Week.3	103	55.33980582524271	2.03652	15.076058543689317
ARO:3003312	Groin	Week.1	107	42.05607476635514	0.0	42.610132271028036
ARO:3003312	Groin	Week.3	100	80.0	65.29939999999999	128.73069816
ARO:3003312	Stool	Week.1	116	69.82758620689656	48.954049999999995	125.09001806896552
ARO:3003312	Stool	Week.3	102	94.11764705882352	244.17705	263.2698150392157
ARO:3003315	Axilla	Week.1	114	67.54385964912281	3.462745	12.656452745614034
ARO:3003315	Axilla	Week.3	103	73.7864077669903	4.66128	10.221119563106797
ARO:3003315	Groin	Week.1	107	49.532710280373834	0.0	18.45851486915888
ARO:3003315	Groin	Week.3	100	80.0	24.483935	45.334926319999994
ARO:3003315	Stool	Week.1	116	66.37931034482759	29.53425	51.63093606896552
ARO:3003315	Stool	Week.3	102	90.19607843137256	83.71345	88.25925382352939
ARO:3003323	Axilla	Week.1	114	34.21052631578947	0.0	1.8095617543859648
ARO:3003323	Axilla	Week.3	103	30.097087378640776	0.0	0.9494210194174757
ARO:3003323	Groin	Week.1	107	19.626168224299064	0.0	0.7078692336448598
ARO:3003323	Groin	Week.3	100	19.0	0.0	0.3756773200000001
ARO:3003323	Stool	Week.1	116	30.17241379310345	0.0	2.3099113275862067
ARO:3003323	Stool	Week.3	102	19.607843137254903	0.0	1.0391839705882353
ARO:3003373	Axilla	Week.1	114	2.631578947368421	0.0	0.08057728070175439
ARO:3003373	Axilla	Week.3	103	11.650485436893204	0.0	0.3120189611650485
ARO:3003373	Groin	Week.1	107	14.953271028037381	0.0	1.3838120280373833
ARO:3003373	Groin	Week.3	100	51.0	0.550028	5.390513340000001
ARO:3003373	Stool	Week.1	116	24.137931034482758	0.0	4.075825568965517
ARO:3003373	Stool	Week.3	102	61.76470588235294	8.171520000000001	10.208132794117645
ARO:3003378	Axilla	Week.1	114	0.8771929824561403	0.0	0.0021834035087719295
ARO:3003378	Axilla	Week.3	103	5.825242718446602	0.0	0.0610558640776699
ARO:3003378	Groin	Week.1	107	7.476635514018691	0.0	0.5325730654205607
ARO:3003378	Groin	Week.3	100	28.000000000000004	0.0	1.5458743900000003
ARO:3003378	Stool	Week.1	116	14.655172413793101	0.0	1.3428600517241378
ARO:3003378	Stool	Week.3	102	35.294117647058826	0.0	3.5505680294117643
ARO:3003380	Axilla	Week.1	114	4.385964912280701	0.0	0.12007806140350877
ARO:3003380	Axilla	Week.3	103	13.592233009708737	0.0	0.41339968932038834
ARO:3003380	Groin	Week.1	107	14.018691588785046	0.0	0.9308703644859813
ARO:3003380	Groin	Week.3	100	47.0	0.0	4.345718300000001
ARO:3003380	Stool	Week.1	116	18.96551724137931	0.0	2.612437672413793
ARO:3003380	Stool	Week.3	102	57.84313725490197	2.220415	7.418921137254901
ARO:3003381	Axilla	Week.1	114	5.263157894736842	0.0	0.13778933333333332
ARO:3003381	Axilla	Week.3	103	14.563106796116504	0.0	0.5183975048543689
ARO:3003381	Groin	Week.1	107	18.69158878504673	0.0	2.18590938317757
ARO:3003381	Groin	Week.3	100	55.00000000000001	1.121767	7.654334629999999
ARO:3003381	Stool	Week.1	116	25.0	0.0	5.081713224137932
ARO:3003381	Stool	Week.3	102	63.725490196078425	10.797350000000002	15.283042254901959
ARO:3003386	Axilla	Week.1	114	23.684210526315788	0.0	0.8265546754385964
ARO:3003386	Axilla	Week.3	103	27.184466019417474	0.0	1.3293601941747575
ARO:3003386	Groin	Week.1	107	29.906542056074763	0.0	4.470303523364485
ARO:3003386	Groin	Week.3	100	72.0	7.275690000000001	13.36794465
ARO:3003386	Stool	Week.1	116	40.51724137931034	0.0	11.458567827586206
ARO:3003386	Stool	Week.3	102	79.41176470588235	23.37545	26.133480598039217
ARO:3003390	Axilla	Week.1	114	0.0	0.0	0.0
ARO:3003390	Axilla	Week.3	103	1.9417475728155338	0.0	0.018440446601941746
ARO:3003390	Groin	Week.1	107	3.7383177570093453	0.0	0.5980810186915888
ARO:3003390	Groin	Week.3	100	16.0	0.0	1.8672179999999998
ARO:3003390	Stool	Week.1	116	6.0344827586206895	0.0	1.7784241379310344
ARO:3003390	Stool	Week.3	102	19.607843137254903	0.0	3.4451980588235296
ARO:3003395	Axilla	Week.1	114	10.526315789473683	0.0	0.27286976315789474
ARO:3003395	Axilla	Week.3	103	33.00970873786408	0.0	0.7204761941747573
ARO:3003395	Groin	Week.1	107	25.233644859813083	0.0	2.4996447009345792
ARO:3003395	Groin	Week.3	100	70.0	5.05255	7.4780729500000005
ARO:3003395	Stool	Week.1	116	48.275862068965516	0.0	7.153498301724136
ARO:3003395	Stool	Week.3	102	78.43137254901961	16.5506	13.719132941176472
ARO:3003470	Axilla	Week.1	114	0.0	0.0	0.0
ARO:3003470	Axilla	Week.3	103	0.0	0.0	0.0
ARO:3003470	Groin	Week.1	107	0.0	0.0	0.0
ARO:3003470	Groin	Week.3	100	0.0	0.0	0.0
ARO:3003470	Stool	Week.1	116	0.8620689655172413	0.0	1.3887120689655172
ARO:3003470	Stool	Week.3	102	3.9215686274509802	0.0	0.7821026470588235
ARO:3003499	Axilla	Week.1	114	27.192982456140353	0.0	18.297188719298248
ARO:3003499	Axilla	Week.3	103	52.42718446601942	2.67489	71.02417716504854
ARO:3003499	Groin	Week.1	107	12.149532710280374	0.0	5.159234579439252
ARO:3003499	Groin	Week.3	100	34.0	0.0	23.82566137
ARO:3003499	Stool	Week.1	116	4.310344827586207	0.0	1.4442222413793104
ARO:3003499	Stool	Week.3	102	6.862745098039216	0.0	1.9387123039215686
ARO:3003511	Axilla	Week.1	114	6.140350877192982	0.0	0.19249207017543857
ARO:3003511	Axilla	Week.3	103	19.41747572815534	0.0	0.5379737572815534
ARO:3003511	Groin	Week.1	107	21.49532710280374	0.0	1.8814489906542053
ARO:3003511	Groin	Week.3	100	64.0	3.0243450000000003	6.934059161
ARO:3003511	Stool	Week.1	116	30.17241379310345	0.0	4.943063612068965
ARO:3003511	Stool	Week.3	102	73.52941176470588	12.328	13.4098183627451
ARO:3003552	Axilla	Week.1	114	0.0	0.0	0.0
ARO:3003552	Axilla	Week.3	103	1.9417475728155338	0.0	0.07260854368932039
ARO:3003552	Groin	Week.1	107	0.0	0.0	0.0
ARO:3003552	Groin	Week.3	100	1.0	0.0	0.08385139999999999
ARO:3003552	Stool	Week.1	116	4.310344827586207	0.0	0.4882615
ARO:3003552	Stool	Week.3	102	4.901960784313726	0.0	0.7733066470588235
ARO:3003574	Axilla	Week.1	114	0.8771929824561403	0.0	0.015039210526315789
ARO:3003574	Axilla	Week.3	103	0.0	0.0	0.0
ARO:3003574	Groin	Week.1	107	0.9345794392523363	0.0	0.018215607476635514
ARO:3003574	Groin	Week.3	100	1.0	0.0	0.006335110000000001
ARO:3003574	Stool	Week.1	116	2.586206896551724	0.0	0.37034743965517236
ARO:3003574	Stool	Week.3	102	8.823529411764707	0.0	1.5828329411764706
ARO:3003582	Axilla	Week.1	114	0.0	0.0	0.0
ARO:3003582	Axilla	Week.3	103	1.9417475728155338	0.0	0.018578038834951457
ARO:3003582	Groin	Week.1	107	3.7383177570093453	0.0	0.6172967289719625
ARO:3003582	Groin	Week.3	100	22.0	0.0	1.91458069
ARO:3003582	Stool	Week.1	116	6.0344827586206895	0.0	1.3078051724137931
ARO:3003582	Stool	Week.3	102	21.568627450980394	0.0	3.0676310784313725
ARO:3003585	Axilla	Week.1	114	3.508771929824561	0.0	0.13631491228070175
ARO:3003585	Axilla	Week.3	103	17.475728155339805	0.0	0.4786004466019418
ARO:3003585	Groin	Week.1	107	23.364485981308412	0.0	2.203423598130841
ARO:3003585	Groin	Week.3	100	66.0	3.510945	7.13136854
ARO:3003585	Stool	Week.1	116	34.48275862068966	0.0	5.361612646551725
ARO:3003585	Stool	Week.3	102	76.47058823529412	12.41075	13.642689245098039
ARO:3003686	Axilla	Week.1	114	0.0	0.0	0.0
ARO:3003686	Axilla	Week.3	103	0.0	0.0	0.0
ARO:3003686	Groin	Week.1	107	0.0	0.0	0.0
ARO:3003686	Groin	Week.3	100	1.0	0.0	0.533403
ARO:3003686	Stool	Week.1	116	0.8620689655172413	0.0	0.012909224137931035
ARO:3003686	Stool	Week.3	102	1.9607843137254901	0.0	0.012602843137254903
ARO:3003709	Axilla	Week.1	114	0.0	0.0	0.0
ARO:3003709	Axilla	Week.3	103	0.0	0.0	0.0
ARO:3003709	Groin	Week.1	107	0.0	0.0	0.0
ARO:3003709	Groin	Week.3	100	1.0	0.0	0.207068
ARO:3003709	Stool	Week.1	116	0.8620689655172413	0.0	0.00308698275862069
ARO:3003709	Stool	Week.3	102	0.9803921568627451	0.0	0.003235313725490196
ARO:3003729	Axilla	Week.1	114	67.54385964912281	4.87609	17.4370449122807
ARO:3003729	Axilla	Week.3	103	70.87378640776699	4.09934	10.229218932038837
ARO:3003729	Groin	Week.1	107	37.38317757009346	0.0	5.743950841121496
ARO:3003729	Groin	Week.3	100	40.0	0.0	4.71725538
ARO:3003729	Stool	Week.1	116	43.103448275862064	0.0	19.69638802586207
ARO:3003729	Stool	Week.3	102	28.431372549019606	0.0	7.615315284313726
ARO:3003733	Axilla	Week.1	114	0.0	0.0	0.0
ARO:3003733	Axilla	Week.3	103	0.0	0.0	0.0
ARO:3003733	Groin	Week.1	107	0.0	0.0	0.0
ARO:3003733	Groin	Week.3	100	0.0	0.0	0.0
ARO:3003733	Stool	Week.1	116	1.7241379310344827	0.0	0.0036179137931034483
ARO:3003733	Stool	Week.3	102	0.0	0.0	0.0
ARO:3003735	Axilla	Week.1	114	79.82456140350878	9.877365000000001	28.635687543859646
ARO:3003735	Axilla	Week.3	103	93.20388349514563	9.28627	19.942904271844657
ARO:3003735	Groin	Week.1	107	48.598130841121495	0.0	9.019394485981309
ARO:3003735	Groin	Week.3	100	59.0	2.5281849999999997	10.370722349999996
ARO:3003735	Stool	Week.1	116	54.310344827586206	2.31554	30.109066741379312
ARO:3003735	Stool	Week.3	102	42.15686274509804	0.0	14.147634313725494
ARO:3003737	Axilla	Week.1	114	75.43859649122807	1.93783	5.210005921052632
ARO:3003737	Axilla	Week.3	103	80.58252427184466	1.24452	3.1855591359223294
ARO:3003737	Groin	Week.1	107	43.925233644859816	0.0	1.599284476635514
ARO:3003737	Groin	Week.3	100	48.0	0.0	1.72734282
ARO:3003737	Stool	Week.1	116	43.96551724137931	0.0	5.482383275862069
ARO:3003737	Stool	Week.3	102	32.35294117647059	0.0	1.8592343039215684
ARO:3003751	Axilla	Week.1	114	0.0	0.0	0.0
ARO:3003751	Axilla	Week.3	103	7.766990291262135	0.0	0.27224019417475726
ARO:3003751	Groin	Week.1	107	14.018691588785046	0.0	1.0580970467289719
ARO:3003751	Groin	Week.3	100	33.0	0.0	3.04168655
ARO:3003751	Stool	Week.1	116	21.551724137931032	0.0	2.824627543103449
ARO:3003751	Stool	Week.3	102	47.05882352941176	0.0	6.534500078431372
ARO:3003756	Axilla	Week.1	114	0.8771929824561403	0.0	0.005531280701754386
ARO:3003756	Axilla	Week.3	103	2.912621359223301	0.0	0.07330657281553399
ARO:3003756	Groin	Week.1	107	11.214953271028037	0.0	0.7964829626168225
ARO:3003756	Groin	Week.3	100	23.0	0.0	1.8661553600000003
ARO:3003756	Stool	Week.1	116	12.068965517241379	0.0	1.7906928534482758
ARO:3003756	Stool	Week.3	102	28.431372549019606	0.0	4.2469286274509805
ARO:3003775	Axilla	Week.1	114	74.56140350877193	3.1454199999999997	9.879703605263156
ARO:3003775	Axilla	Week.3	103	79.6116504854369	3.05434	7.119265757281552
ARO:3003775	Groin	Week.1	107	52.336448598130836	0.745655	8.13995428037383
ARO:3003775	Groin	Week.3	100	82.0	11.55435	17.83783094
ARO:3003775	Stool	Week.1	116	65.51724137931035	9.833925	21.224565982758623
ARO:3003775	Stool	Week.3	102	90.19607843137256	30.482045	31.55197893137255
ARO:3003794	Axilla	Week.1	114	87.71929824561403	11.929549999999999	35.93609078947369
ARO:3003794	Axilla	Week.3	103	96.11650485436894	9.60812	26.621738873786413
ARO:3003794	Groin	Week.1	107	51.4018691588785	1.03413	8.95697223364486
ARO:3003794	Groin	Week.3	100	60.0	2.5206	11.97856544
ARO:3003794	Stool	Week.1	116	47.41379310344828	0.0	15.853058327586208
ARO:3003794	Stool	Week.3	102	34.31372549019608	0.0	6.227737598039216
ARO:3003797	Axilla	Week.1	114	0.8771929824561403	0.0	0.1173938596491228
ARO:3003797	Axilla	Week.3	103	0.9708737864077669	0.0	0.017777961165048543
ARO:3003797	Groin	Week.1	107	7.476635514018691	0.0	1.2079254205607477
ARO:3003797	Groin	Week.3	100	34.0	0.0	1.92998105
ARO:3003797	Stool	Week.1	116	26.72413793103448	0.0	11.413143189655173
ARO:3003797	Stool	Week.3	102	36.27450980392157	0.0	5.2191595784313725
ARO:3003805	Axilla	Week.1	114	0.8771929824561403	0.0	0.11167280701754387
ARO:3003805	Axilla	Week.3	103	0.9708737864077669	0.0	0.01632495145631068
ARO:3003805	Groin	Week.1	107	8.411214953271028	0.0	1.7179703738317755
ARO:3003805	Groin	Week.3	100	33.0	0.0	2.06665294
ARO:3003805	Stool	Week.1	116	25.862068965517242	0.0	12.402938215517242
ARO:3003805	Stool	Week.3	102	32.35294117647059	0.0	5.557975421568628
ARO:3003890	Axilla	Week.1	114	64.91228070175438	2.79822	10.961634771929825
ARO:3003890	Axilla	Week.3	103	77.66990291262135	4.0316399999999994	10.289908087378642
ARO:3003890	Groin	Week.1	107	53.271028037383175	0.864268	8.102096654205608
ARO:3003890	Groin	Week.3	100	83.0	11.542950000000001	20.586400980000004
ARO:3003890	Stool	Week.1	116	58.620689655172406	5.40733	23.86125540517241
ARO:3003890	Stool	Week.3	102	89.2156862745098	33.51284	34.45489897058823
ARO:3003893	Axilla	Week.1	114	6.140350877192982	0.0	0.20036079824561404
ARO:3003893	Axilla	Week.3	103	20.388349514563107	0.0	0.7050943786407767
ARO:3003893	Groin	Week.1	107	20.5607476635514	0.0	1.9280330186915884
ARO:3003893	Groin	Week.3	100	64.0	2.697345	6.98968607
ARO:3003893	Stool	Week.1	116	30.17241379310345	0.0	4.46031252586207
ARO:3003893	Stool	Week.3	102	75.49019607843137	10.6814	12.64801767647059
ARO:3003896	Axilla	Week.1	114	4.385964912280701	0.0	0.25272579824561403
ARO:3003896	Axilla	Week.3	103	14.563106796116504	0.0	0.891725640776699
ARO:3003896	Groin	Week.1	107	14.018691588785046	0.0	2.7818818130841123
ARO:3003896	Groin	Week.3	100	57.99999999999999	3.66436	12.007480820000001
ARO:3003896	Stool	Week.1	116	23.275862068965516	0.0	7.838809827586205
ARO:3003896	Stool	Week.3	102	65.68627450980392	18.7568	21.846231588235295
ARO:3003899	Axilla	Week.1	114	7.017543859649122	0.0	0.3870126052631579
ARO:3003899	Axilla	Week.3	103	18.446601941747574	0.0	1.1149213592233012
ARO:3003899	Groin	Week.1	107	24.299065420560748	0.0	5.780404457943924
ARO:3003899	Groin	Week.3	100	67.0	8.566189999999999	16.87926768
ARO:3003899	Stool	Week.1	116	36.206896551724135	0.0	15.330323586206896
ARO:3003899	Stool	Week.3	102	78.43137254901961	37.6555	35.75944995098039
ARO:3003900	Axilla	Week.1	114	7.017543859649122	0.0	0.7195944736842105
ARO:3003900	Axilla	Week.3	103	24.271844660194176	0.0	2.4138837572815537
ARO:3003900	Groin	Week.1	107	26.168224299065418	0.0	10.557694579439254
ARO:3003900	Groin	Week.3	100	67.0	16.0709	31.2986213
ARO:3003900	Stool	Week.1	116	35.3448275862069	0.0	24.380787353448277
ARO:3003900	Stool	Week.3	102	76.47058823529412	61.7426	60.32665156862745
ARO:3003901	Axilla	Week.1	114	48.24561403508772	0.0	5.643248815789474
ARO:3003901	Axilla	Week.3	103	52.42718446601942	0.58501	4.387828834951455
ARO:3003901	Groin	Week.1	107	30.8411214953271	0.0	2.0214371121495325
ARO:3003901	Groin	Week.3	100	41.0	0.0	2.5143258100000003
ARO:3003901	Stool	Week.1	116	36.206896551724135	0.0	8.916007879310346
ARO:3003901	Stool	Week.3	102	30.392156862745097	0.0	1.8271825882352943
ARO:3003922	Axilla	Week.1	114	6.140350877192982	0.0	2.3493593859649122
ARO:3003922	Axilla	Week.3	103	17.475728155339805	0.0	10.312564572815534
ARO:3003922	Groin	Week.1	107	16.822429906542055	0.0	26.67867611214953
ARO:3003922	Groin	Week.3	100	59.0	28.829405	101.24042149
ARO:3003922	Stool	Week.1	116	25.862068965517242	0.0	73.39381558620688
ARO:3003922	Stool	Week.3	102	70.58823529411765	137.03525000000002	222.49104450980388
ARO:3003923	Axilla	Week.1	114	6.140350877192982	0.0	15.061792456140351
ARO:3003923	Axilla	Week.3	103	20.388349514563107	0.0	66.30371834951455
ARO:3003923	Groin	Week.1	107	20.5607476635514	0.0	198.95853738317754
ARO:3003923	Groin	Week.3	100	62.0	210.59749	668.6109596399999
ARO:3003923	Stool	Week.1	116	28.448275862068968	0.0	471.4667067241379
ARO:3003923	Stool	Week.3	102	69.6078431372549	705.76585	1310.390428823529
ARO:3003930	Axilla	Week.1	114	72.80701754385966	1.21462	3.4285801666666664
ARO:3003930	Axilla	Week.3	103	85.43689320388349	1.38686	2.550471561165048
ARO:3003930	Groin	Week.1	107	53.271028037383175	0.21656	2.2029234831775706
ARO:3003930	Groin	Week.3	100	83.0	3.498195	4.70044623
ARO:3003930	Stool	Week.1	116	66.37931034482759	7.296925	8.130102339655172
ARO:3003930	Stool	Week.3	102	88.23529411764706	8.335183	9.644530652941176
ARO:3003937	Axilla	Week.1	114	29.82456140350877	0.0	6.862695263157895
ARO:3003937	Axilla	Week.3	103	33.00970873786408	0.0	3.8940195631067964
ARO:3003937	Groin	Week.1	107	20.5607476635514	0.0	2.858430345794392
ARO:3003937	Groin	Week.3	100	20.0	0.0	1.7322366
ARO:3003937	Stool	Week.1	116	25.0	0.0	10.428773620689656
ARO:3003937	Stool	Week.3	102	19.607843137254903	0.0	2.8770496078431376
ARO:3003953	Axilla	Week.1	114	0.8771929824561403	0.0	0.009440842105263159
ARO:3003953	Axilla	Week.3	103	0.9708737864077669	0.0	0.02130368932038835
ARO:3003953	Groin	Week.1	107	0.0	0.0	0.0
ARO:3003953	Groin	Week.3	100	0.0	0.0	0.0
ARO:3003953	Stool	Week.1	116	0.8620689655172413	0.0	0.02578387931034483
ARO:3003953	Stool	Week.3	102	0.0	0.0	0.0
ARO:3003966	Axilla	Week.1	114	4.385964912280701	0.0	0.20100599122807017
ARO:3003966	Axilla	Week.3	103	13.592233009708737	0.0	0.6114576504854369
ARO:3003966	Groin	Week.1	107	13.084112149532709	0.0	1.8130100560747664
ARO:3003966	Groin	Week.3	100	51.0	0.807205	7.2813932999999995
ARO:3003966	Stool	Week.1	116	20.689655172413794	0.0	5.229656103448276
ARO:3003966	Stool	Week.3	102	60.78431372549019	6.490595	13.815920833333335
ARO:3003968	Axilla	Week.1	114	5.263157894736842	0.0	0.2880051228070175
ARO:3003968	Axilla	Week.3	103	15.53398058252427	0.0	0.7606005922330097
ARO:3003968	Groin	Week.1	107	17.75700934579439	0.0	2.789578373831776
ARO:3003968	Groin	Week.3	100	61.0	4.341975	11.36089138
ARO:3003968	Stool	Week.1	116	29.310344827586203	0.0	9.39760225
ARO:3003968	Stool	Week.3	102	71.56862745098039	23.789749999999998	23.95746107843137
ARO:3004032	Axilla	Week.1	114	0.0	0.0	0.0
ARO:3004032	Axilla	Week.3	103	1.9417475728155338	0.0	0.024401524271844662
ARO:3004032	Groin	Week.1	107	0.9345794392523363	0.0	0.08978196261682242
ARO:3004032	Groin	Week.3	100	2.0	0.0	0.0098563
ARO:3004032	Stool	Week.1	116	1.7241379310344827	0.0	0.8036448275862069
ARO:3004032	Stool	Week.3	102	0.9803921568627451	0.0	0.0389228431372549
ARO:3004033	Axilla	Week.1	114	0.0	0.0	0.0
ARO:3004033	Axilla	Week.3	103	0.9708737864077669	0.0	0.029729417475728152
ARO:3004033	Groin	Week.1	107	1.8691588785046727	0.0	0.0708518691588785
ARO:3004033	Groin	Week.3	100	2.0	0.0	0.009122030000000001
ARO:3004033	Stool	Week.1	116	1.7241379310344827	0.0	0.8026870689655172
ARO:3004033	Stool	Week.3	102	0.9803921568627451	0.0	0.04046137254901961
ARO:3004045	Axilla	Week.1	114	4.385964912280701	0.0	0.14285966666666666
ARO:3004045	Axilla	Week.3	103	16.50485436893204	0.0	0.5138250776699029
ARO:3004045	Groin	Week.1	107	22.429906542056074	0.0	2.1802689532710278
ARO:3004045	Groin	Week.3	100	64.0	3.54631	6.91858258
ARO:3004045	Stool	Week.1	116	32.758620689655174	0.0	5.426188724137931
ARO:3004045	Stool	Week.3	102	77.45098039215686	13.37195	14.241901078431374
ARO:3004049	Axilla	Week.1	114	4.385964912280701	0.0	0.12398178070175438
ARO:3004049	Axilla	Week.3	103	17.475728155339805	0.0	0.4583596504854369
ARO:3004049	Groin	Week.1	107	22.429906542056074	0.0	2.363161355140187
ARO:3004049	Groin	Week.3	100	67.0	3.7046349999999997	7.227407840000001
ARO:3004049	Stool	Week.1	116	35.3448275862069	0.0	5.663162853448276
ARO:3004049	Stool	Week.3	102	75.49019607843137	13.68675	13.720293098039216
ARO:3004054	Axilla	Week.1	114	0.0	0.0	0.0
ARO:3004054	Axilla	Week.3	103	0.0	0.0	0.0
ARO:3004054	Groin	Week.1	107	0.0	0.0	0.0
ARO:3004054	Groin	Week.3	100	1.0	0.0	0.19438
ARO:3004054	Stool	Week.1	116	0.8620689655172413	0.0	0.005191741379310345
ARO:3004054	Stool	Week.3	102	0.9803921568627451	0.0	0.002403549019607843
ARO:3004059	Axilla	Week.1	114	0.0	0.0	0.0
ARO:3004059	Axilla	Week.3	103	0.0	0.0	0.0
ARO:3004059	Groin	Week.1	107	0.0	0.0	0.0
ARO:3004059	Groin	Week.3	100	1.0	0.0	0.31922999999999996
ARO:3004059	Stool	Week.1	116	0.8620689655172413	0.0	0.006314284482758621
ARO:3004059	Stool	Week.3	102	1.9607843137254901	0.0	0.006014460784313725
ARO:3004097	Axilla	Week.1	114	0.8771929824561403	0.0	0.026816315789473685
ARO:3004097	Axilla	Week.3	103	0.9708737864077669	0.0	0.0035634757281553394
ARO:3004097	Groin	Week.1	107	0.0	0.0	0.0
ARO:3004097	Groin	Week.3	100	0.0	0.0	0.0
ARO:3004097	Stool	Week.1	116	0.0	0.0	0.0
ARO:3004097	Stool	Week.3	102	0.0	0.0	0.0
ARO:3004111	Axilla	Week.1	114	4.385964912280701	0.0	0.12181209649122807
ARO:3004111	Axilla	Week.3	103	11.650485436893204	0.0	0.27346320388349515
ARO:3004111	Groin	Week.1	107	12.149532710280374	0.0	0.4780293644859814
ARO:3004111	Groin	Week.3	100	45.0	0.0	2.36445896
ARO:3004111	Stool	Week.1	116	18.96551724137931	0.0	1.8496048793103446
ARO:3004111	Stool	Week.3	102	56.86274509803921	1.72619	5.3614104313725495
ARO:3004113	Axilla	Week.1	114	0.0	0.0	0.0
ARO:3004113	Axilla	Week.3	103	0.0	0.0	0.0
ARO:3004113	Groin	Week.1	107	0.0	0.0	0.0
ARO:3004113	Groin	Week.3	100	0.0	0.0	0.0
ARO:3004113	Stool	Week.1	116	0.0	0.0	0.0
ARO:3004113	Stool	Week.3	102	2.941176470588235	0.0	0.8642531372549019
ARO:3004114	Axilla	Week.1	114	1.7543859649122806	0.0	0.023578157894736843
ARO:3004114	Axilla	Week.3	103	6.796116504854369	0.0	0.3096047184466019
ARO:3004114	Groin	Week.1	107	11.214953271028037	0.0	2.099163738317757
ARO:3004114	Groin	Week.3	100	42.0	0.0	6.10935296
ARO:3004114	Stool	Week.1	116	26.72413793103448	0.0	6.500010172413793
ARO:3004114	Stool	Week.3	102	56.86274509803921	10.874099999999999	14.03495068627451
ARO:3004126	Axilla	Week.1	114	4.385964912280701	0.0	0.08687063157894737
ARO:3004126	Axilla	Week.3	103	11.650485436893204	0.0	0.9187011067961165
ARO:3004126	Groin	Week.1	107	8.411214953271028	0.0	1.8760506542056077
ARO:3004126	Groin	Week.3	100	42.0	0.0	8.12399767
ARO:3004126	Stool	Week.1	116	15.517241379310345	0.0	4.3911834396551725
ARO:3004126	Stool	Week.3	102	47.05882352941176	0.0	14.403498999999996
ARO:3004290	Axilla	Week.1	114	0.0	0.0	0.0
ARO:3004290	Axilla	Week.3	103	1.9417475728155338	0.0	0.03470339805825243
ARO:3004290	Groin	Week.1	107	3.7383177570093453	0.0	0.8504640093457945
ARO:3004290	Groin	Week.3	100	15.0	0.0	1.9600838099999998
ARO:3004290	Stool	Week.1	116	6.0344827586206895	0.0	1.9477318965517243
ARO:3004290	Stool	Week.3	102	14.705882352941178	0.0	2.851383156862745
ARO:3004291	Axilla	Week.1	114	0.8771929824561403	0.0	0.20500701754385964
ARO:3004291	Axilla	Week.3	103	0.9708737864077669	0.0	0.023204757281553395
ARO:3004291	Groin	Week.1	107	1.8691588785046727	0.0	0.1066366261682243
ARO:3004291	Groin	Week.3	100	6.0	0.0	0.9763049699999999
ARO:3004291	Stool	Week.1	116	5.172413793103448	0.0	1.3343560344827587
ARO:3004291	Stool	Week.3	102	5.88235294117647	0.0	1.440661931372549
ARO:3004550	Axilla	Week.1	114	0.0	0.0	0.0
ARO:3004550	Axilla	Week.3	103	0.9708737864077669	0.0	0.006335786407766991
ARO:3004550	Groin	Week.1	107	0.0	0.0	0.0
ARO:3004550	Groin	Week.3	100	1.0	0.0	0.0302544
ARO:3004550	Stool	Week.1	116	1.7241379310344827	0.0	0.004020586206896552
ARO:3004550	Stool	Week.3	102	0.9803921568627451	0.0	0.23169117647058823
ARO:3004551	Axilla	Week.1	114	0.0	0.0	0.0
ARO:3004551	Axilla	Week.3	103	0.9708737864077669	0.0	0.0058484174757281555
ARO:3004551	Groin	Week.1	107	0.0	0.0	0.0
ARO:3004551	Groin	Week.3	100	1.0	0.0	0.0302544
ARO:3004551	Stool	Week.1	116	1.7241379310344827	0.0	0.004020586206896552
ARO:3004551	Stool	Week.3	102	0.9803921568627451	0.0	0.23092156862745097
ARO:3004552	Axilla	Week.1	114	0.0	0.0	0.0
ARO:3004552	Axilla	Week.3	103	0.9708737864077669	0.0	0.009830582524271846
ARO:3004552	Groin	Week.1	107	0.0	0.0	0.0
ARO:3004552	Groin	Week.3	100	1.0	0.0	0.126341
ARO:3004552	Stool	Week.1	116	1.7241379310344827	0.0	0.011183431034482758
ARO:3004552	Stool	Week.3	102	1.9607843137254901	0.0	0.15359607843137257
ARO:3004555	Axilla	Week.1	114	0.0	0.0	0.0
ARO:3004555	Axilla	Week.3	103	1.9417475728155338	0.0	0.021199097087378643
ARO:3004555	Groin	Week.1	107	1.8691588785046727	0.0	0.06781824299065421
ARO:3004555	Groin	Week.3	100	3.0	0.0	0.5324658
ARO:3004555	Stool	Week.1	116	2.586206896551724	0.0	0.5675681034482759
ARO:3004555	Stool	Week.3	102	2.941176470588235	0.0	0.6784074509803922
ARO:3004561	Axilla	Week.1	114	0.0	0.0	0.0
ARO:3004561	Axilla	Week.3	103	0.0	0.0	0.0
ARO:3004561	Groin	Week.1	107	1.8691588785046727	0.0	0.11837456074766356
ARO:3004561	Groin	Week.3	100	5.0	0.0	0.06449447999999999
ARO:3004561	Stool	Week.1	116	8.620689655172415	0.0	0.7620174137931034
ARO:3004561	Stool	Week.3	102	13.725490196078432	0.0	0.7161429411764706
ARO:3004573	Axilla	Week.1	114	0.0	0.0	0.0
ARO:3004573	Axilla	Week.3	103	0.0	0.0	0.0
ARO:3004573	Groin	Week.1	107	0.0	0.0	0.0
ARO:3004573	Groin	Week.3	100	1.0	0.0	0.00554322
ARO:3004573	Stool	Week.1	116	0.8620689655172413	0.0	0.00434901724137931
ARO:3004573	Stool	Week.3	102	5.88235294117647	0.0	1.4448448921568626
ARO:3004577	Axilla	Week.1	114	0.0	0.0	0.0
ARO:3004577	Axilla	Week.3	103	0.0	0.0	0.0
ARO:3004577	Groin	Week.1	107	0.9345794392523363	0.0	0.020133084112149535
ARO:3004577	Groin	Week.3	100	0.0	0.0	0.0
ARO:3004577	Stool	Week.1	116	0.8620689655172413	0.0	0.004463465517241379
ARO:3004577	Stool	Week.3	102	7.8431372549019605	0.0	1.6440626372549019
ARO:3004595	Axilla	Week.1	114	3.508771929824561	0.0	0.17892333333333332
ARO:3004595	Axilla	Week.3	103	2.912621359223301	0.0	0.08852021359223301
ARO:3004595	Groin	Week.1	107	2.803738317757009	0.0	0.017005420560747664
ARO:3004595	Groin	Week.3	100	2.0	0.0	0.0553728
ARO:3004595	Stool	Week.1	116	2.586206896551724	0.0	0.1130662672413793
ARO:3004595	Stool	Week.3	102	0.0	0.0	0.0
ARO:3004622	Axilla	Week.1	114	0.0	0.0	0.0
ARO:3004622	Axilla	Week.3	103	0.0	0.0	0.0
ARO:3004622	Groin	Week.1	107	0.0	0.0	0.0
ARO:3004622	Groin	Week.3	100	2.0	0.0	0.2062988
ARO:3004622	Stool	Week.1	116	0.8620689655172413	0.0	0.015358448275862068
ARO:3004622	Stool	Week.3	102	2.941176470588235	0.0	0.19428673529411766
ARO:3004624	Axilla	Week.1	114	0.0	0.0	0.0
ARO:3004624	Axilla	Week.3	103	0.0	0.0	0.0
ARO:3004624	Groin	Week.1	107	0.0	0.0	0.0
ARO:3004624	Groin	Week.3	100	3.0	0.0	0.22429197
ARO:3004624	Stool	Week.1	116	1.7241379310344827	0.0	0.07629051724137931
ARO:3004624	Stool	Week.3	102	3.9215686274509802	0.0	0.2075283039215686
ARO:3004627	Axilla	Week.1	114	0.0	0.0	0.0
ARO:3004627	Axilla	Week.3	103	0.0	0.0	0.0
ARO:3004627	Groin	Week.1	107	0.0	0.0	0.0
ARO:3004627	Groin	Week.3	100	2.0	0.0	0.2065877
ARO:3004627	Stool	Week.1	116	0.8620689655172413	0.0	0.014888275862068964
ARO:3004627	Stool	Week.3	102	2.941176470588235	0.0	0.19459048039215687
ARO:3004639	Axilla	Week.1	114	14.035087719298245	0.0	4.894808280701754
ARO:3004639	Axilla	Week.3	103	26.21359223300971	0.0	11.412290970873785
ARO:3004639	Groin	Week.1	107	3.7383177570093453	0.0	0.13995719626168224
ARO:3004639	Groin	Week.3	100	12.0	0.0	2.5238203099999996
ARO:3004639	Stool	Week.1	116	0.0	0.0	0.0
ARO:3004639	Stool	Week.3	102	0.9803921568627451	0.0	0.024053039215686273
ARO:3004657	Axilla	Week.1	114	0.0	0.0	0.0
ARO:3004657	Axilla	Week.3	103	0.9708737864077669	0.0	0.002136776699029126
ARO:3004657	Groin	Week.1	107	0.0	0.0	0.0
ARO:3004657	Groin	Week.3	100	4.0	0.0	0.1614454
ARO:3004657	Stool	Week.1	116	1.7241379310344827	0.0	0.058051379310344826
ARO:3004657	Stool	Week.3	102	2.941176470588235	0.0	0.05985519607843138
ARO:3004658	Axilla	Week.1	114	1.7543859649122806	0.0	0.938043596491228
ARO:3004658	Axilla	Week.3	103	0.9708737864077669	0.0	0.0222626213592233
ARO:3004658	Groin	Week.1	107	0.9345794392523363	0.0	0.028413794392523364
ARO:3004658	Groin	Week.3	100	0.0	0.0	0.0
ARO:3004658	Stool	Week.1	116	3.4482758620689653	0.0	4.115746465517241
ARO:3004658	Stool	Week.3	102	2.941176470588235	0.0	6.277099117647058
ARO:3004662	Axilla	Week.1	114	0.0	0.0	0.0
ARO:3004662	Axilla	Week.3	103	0.0	0.0	0.0
ARO:3004662	Groin	Week.1	107	0.0	0.0	0.0
ARO:3004662	Groin	Week.3	100	5.0	0.0	0.78891491
ARO:3004662	Stool	Week.1	116	0.0	0.0	0.0
ARO:3004662	Stool	Week.3	102	7.8431372549019605	0.0	10.686650980392159
ARO:3004665	Axilla	Week.1	114	0.0	0.0	0.0
ARO:3004665	Axilla	Week.3	103	0.9708737864077669	0.0	0.05179019417475728
ARO:3004665	Groin	Week.1	107	0.0	0.0	0.0
ARO:3004665	Groin	Week.3	100	1.0	0.0	0.536369
ARO:3004665	Stool	Week.1	116	0.0	0.0	0.0
ARO:3004665	Stool	Week.3	102	1.9607843137254901	0.0	0.47625686274509804
ARO:3004670	Axilla	Week.1	114	0.8771929824561403	0.0	0.04053824561403509
ARO:3004670	Axilla	Week.3	103	4.854368932038835	0.0	0.27553247572815537
ARO:3004670	Groin	Week.1	107	0.9345794392523363	0.0	0.07156747663551402
ARO:3004670	Groin	Week.3	100	5.0	0.0	0.24008438999999998
ARO:3004670	Stool	Week.1	116	0.8620689655172413	0.0	0.002426646551724138
ARO:3004670	Stool	Week.3	102	2.941176470588235	0.0	1.0176146078431372
ARO:3004671	Axilla	Week.1	114	0.8771929824561403	0.0	0.04053824561403509
ARO:3004671	Axilla	Week.3	103	4.854368932038835	0.0	0.27553247572815537
ARO:3004671	Groin	Week.1	107	0.9345794392523363	0.0	0.07156747663551402
ARO:3004671	Groin	Week.3	100	5.0	0.0	0.24008438999999998
ARO:3004671	Stool	Week.1	116	0.8620689655172413	0.0	0.002426646551724138
ARO:3004671	Stool	Week.3	102	2.941176470588235	0.0	1.0174469607843137
ARO:3004672	Axilla	Week.1	114	0.8771929824561403	0.0	0.040301228070175436
ARO:3004672	Axilla	Week.3	103	4.854368932038835	0.0	0.2749008834951457
ARO:3004672	Groin	Week.1	107	0.9345794392523363	0.0	0.07121831775700935
ARO:3004672	Groin	Week.3	100	5.0	0.0	0.23979438999999997
ARO:3004672	Stool	Week.1	116	0.8620689655172413	0.0	0.002426646551724138
ARO:3004672	Stool	Week.3	102	2.941176470588235	0.0	1.01696431372549
ARO:3004673	Axilla	Week.1	114	0.8771929824561403	0.0	0.04053824561403509
ARO:3004673	Axilla	Week.3	103	4.854368932038835	0.0	0.27448008737864077
ARO:3004673	Groin	Week.1	107	0.9345794392523363	0.0	0.07156747663551402
ARO:3004673	Groin	Week.3	100	5.0	0.0	0.23979438999999997
ARO:3004673	Stool	Week.1	116	0.8620689655172413	0.0	0.002426646551724138
ARO:3004673	Stool	Week.3	102	2.941176470588235	0.0	1.0161280392156862
ARO:3004674	Axilla	Week.1	114	0.8771929824561403	0.0	0.01795
ARO:3004674	Axilla	Week.3	103	1.9417475728155338	0.0	0.027770699029126215
ARO:3004674	Groin	Week.1	107	0.0	0.0	0.0
ARO:3004674	Groin	Week.3	100	2.0	0.0	0.00426233
ARO:3004674	Stool	Week.1	116	1.7241379310344827	0.0	0.14447172413793102
ARO:3004674	Stool	Week.3	102	1.9607843137254901	0.0	0.10906726470588236
ARO:3004692	Axilla	Week.1	114	0.0	0.0	0.0
ARO:3004692	Axilla	Week.3	103	0.9708737864077669	0.0	0.05848427184466019
ARO:3004692	Groin	Week.1	107	0.0	0.0	0.0
ARO:3004692	Groin	Week.3	100	2.0	0.0	1.2798166
ARO:3004692	Stool	Week.1	116	0.8620689655172413	0.0	0.014580663793103448
ARO:3004692	Stool	Week.3	102	1.9607843137254901	0.0	1.535976156862745
ARO:3004869	Axilla	Week.1	114	0.0	0.0	0.0
ARO:3004869	Axilla	Week.3	103	0.0	0.0	0.0
ARO:3004869	Groin	Week.1	107	2.803738317757009	0.0	1.1406057009345794
ARO:3004869	Groin	Week.3	100	2.0	0.0	0.3581882
ARO:3004869	Stool	Week.1	116	3.4482758620689653	0.0	2.0608025862068966
ARO:3004869	Stool	Week.3	102	6.862745098039216	0.0	1.139757843137255
ARO:3004956	Axilla	Week.1	114	26.31578947368421	0.0	1.4819256578947368
ARO:3004956	Axilla	Week.3	103	53.398058252427184	0.438879	1.8996441262135921
ARO:3004956	Groin	Week.1	107	12.149532710280374	0.0	0.7148960747663551
ARO:3004956	Groin	Week.3	100	16.0	0.0	0.40587029999999996
ARO:3004956	Stool	Week.1	116	13.793103448275861	0.0	1.2022074655172412
ARO:3004956	Stool	Week.3	102	27.450980392156865	0.0	1.6450915392156862
ARO:3005045	Axilla	Week.1	114	0.0	0.0	0.0
ARO:3005045	Axilla	Week.3	103	0.0	0.0	0.0
ARO:3005045	Groin	Week.1	107	0.0	0.0	0.0
ARO:3005045	Groin	Week.3	100	0.0	0.0	0.0
ARO:3005045	Stool	Week.1	116	1.7241379310344827	0.0	0.013793060344827584
ARO:3005045	Stool	Week.3	102	2.941176470588235	0.0	0.04649637254901961
ARO:3005064	Axilla	Week.1	114	0.0	0.0	0.0
ARO:3005064	Axilla	Week.3	103	0.0	0.0	0.0
ARO:3005064	Groin	Week.1	107	0.0	0.0	0.0
ARO:3005064	Groin	Week.3	100	1.0	0.0	0.46336599999999994
ARO:3005064	Stool	Week.1	116	0.8620689655172413	0.0	0.008699655172413794
ARO:3005064	Stool	Week.3	102	1.9607843137254901	0.0	0.01209586274509804
ARO:3005067	Axilla	Week.1	114	0.0	0.0	0.0
ARO:3005067	Axilla	Week.3	103	0.0	0.0	0.0
ARO:3005067	Groin	Week.1	107	0.0	0.0	0.0
ARO:3005067	Groin	Week.3	100	1.0	0.0	0.37099699999999997
ARO:3005067	Stool	Week.1	116	0.8620689655172413	0.0	0.008138413793103448
ARO:3005067	Stool	Week.3	102	0.9803921568627451	0.0	0.006008882352941176
ARO:3005068	Axilla	Week.1	114	0.0	0.0	0.0
ARO:3005068	Axilla	Week.3	103	0.0	0.0	0.0
ARO:3005068	Groin	Week.1	107	0.0	0.0	0.0
ARO:3005068	Groin	Week.3	100	1.0	0.0	0.218741
ARO:3005068	Stool	Week.1	116	0.8620689655172413	0.0	0.00308698275862069
ARO:3005068	Stool	Week.3	102	0.0	0.0	0.0
ARO:3005099	Axilla	Week.1	114	22.807017543859647	0.0	3.6992078333333334
ARO:3005099	Axilla	Week.3	103	23.300970873786408	0.0	1.2532685145631068
ARO:3005099	Groin	Week.1	107	14.953271028037381	0.0	1.1095404672897196
ARO:3005099	Groin	Week.3	100	19.0	0.0	0.75754456
ARO:3005099	Stool	Week.1	116	2.586206896551724	0.0	0.04665410344827586
ARO:3005099	Stool	Week.3	102	5.88235294117647	0.0	0.0814897843137255
ARO:3005112	Axilla	Week.1	114	0.0	0.0	0.0
ARO:3005112	Axilla	Week.3	103	0.9708737864077669	0.0	0.006823155339805825
ARO:3005112	Groin	Week.1	107	0.0	0.0	0.0
ARO:3005112	Groin	Week.3	100	1.0	0.0	0.029643199999999998
ARO:3005112	Stool	Week.1	116	0.0	0.0	0.0
ARO:3005112	Stool	Week.3	102	0.9803921568627451	0.0	0.1818450980392157
ARO:3005114	Axilla	Week.1	114	0.0	0.0	0.0
ARO:3005114	Axilla	Week.3	103	0.9708737864077669	0.0	0.008285252427184465
ARO:3005114	Groin	Week.1	107	0.0	0.0	0.0
ARO:3005114	Groin	Week.3	100	1.0	0.0	0.0308656
ARO:3005114	Stool	Week.1	116	0.8620689655172413	0.0	0.0018806206896551725
ARO:3005114	Stool	Week.3	102	1.9607843137254901	0.0	0.20721057843137256
ARO:3005116	Axilla	Week.1	114	0.0	0.0	0.0
ARO:3005116	Axilla	Week.3	103	0.9708737864077669	0.0	0.007797893203883495
ARO:3005116	Groin	Week.1	107	0.0	0.0	0.0
ARO:3005116	Groin	Week.3	100	1.0	0.0	0.0268928
ARO:3005116	Stool	Week.1	116	0.8620689655172413	0.0	0.0018806206896551725
ARO:3005116	Stool	Week.3	102	1.9607843137254901	0.0	0.1839561862745098
ARO:3005128	Axilla	Week.1	114	0.0	0.0	0.0
ARO:3005128	Axilla	Week.3	103	0.0	0.0	0.0
ARO:3005128	Groin	Week.1	107	0.0	0.0	0.0
ARO:3005128	Groin	Week.3	100	1.0	0.0	0.203008
ARO:3005128	Stool	Week.1	116	0.0	0.0	0.0
ARO:3005128	Stool	Week.3	102	0.0	0.0	0.0
ARO:3005227	Axilla	Week.1	114	1.7543859649122806	0.0	0.01990594736842105
ARO:3005227	Axilla	Week.3	103	8.737864077669903	0.0	0.738121718446602
ARO:3005227	Groin	Week.1	107	8.411214953271028	0.0	2.441606046728972
ARO:3005227	Groin	Week.3	100	37.0	0.0	3.200961
ARO:3005227	Stool	Week.1	116	12.931034482758621	0.0	5.430719310344828
ARO:3005227	Stool	Week.3	102	46.07843137254902	0.0	8.490055647058824
ARO:3005230	Axilla	Week.1	114	1.7543859649122806	0.0	0.018838666666666667
ARO:3005230	Axilla	Week.3	103	7.766990291262135	0.0	0.6957839514563107
ARO:3005230	Groin	Week.1	107	8.411214953271028	0.0	2.3141800093457947
ARO:3005230	Groin	Week.3	100	38.0	0.0	3.20800929
ARO:3005230	Stool	Week.1	116	13.793103448275861	0.0	5.198597379310344
ARO:3005230	Stool	Week.3	102	46.07843137254902	0.0	8.414396049019608
ARO:3005258	Axilla	Week.1	114	0.0	0.0	0.0
ARO:3005258	Axilla	Week.3	103	0.0	0.0	0.0
ARO:3005258	Groin	Week.1	107	0.0	0.0	0.0
ARO:3005258	Groin	Week.3	100	0.0	0.0	0.0
ARO:3005258	Stool	Week.1	116	0.0	0.0	0.0
ARO:3005258	Stool	Week.3	102	0.9803921568627451	0.0	0.006320745098039216
ARO:3005306	Axilla	Week.1	114	0.0	0.0	0.0
ARO:3005306	Axilla	Week.3	103	0.0	0.0	0.0
ARO:3005306	Groin	Week.1	107	0.0	0.0	0.0
ARO:3005306	Groin	Week.3	100	1.0	0.0	0.222801
ARO:3005306	Stool	Week.1	116	0.8620689655172413	0.0	0.009401293103448276
ARO:3005306	Stool	Week.3	102	0.0	0.0	0.0
ARO:3005307	Axilla	Week.1	114	0.0	0.0	0.0
ARO:3005307	Axilla	Week.3	103	0.0	0.0	0.0
ARO:3005307	Groin	Week.1	107	0.0	0.0	0.0
ARO:3005307	Groin	Week.3	100	1.0	0.0	0.273046
ARO:3005307	Stool	Week.1	116	0.8620689655172413	0.0	0.007156189655172414
ARO:3005307	Stool	Week.3	102	0.0	0.0	0.0
ARO:3005319	Axilla	Week.1	114	10.526315789473683	0.0	2.211202456140351
ARO:3005319	Axilla	Week.3	103	13.592233009708737	0.0	2.729255242718446
ARO:3005319	Groin	Week.1	107	2.803738317757009	0.0	0.14242244859813086
ARO:3005319	Groin	Week.3	100	13.0	0.0	0.83058217
ARO:3005319	Stool	Week.1	116	0.0	0.0	0.0
ARO:3005319	Stool	Week.3	102	1.9607843137254901	0.0	0.08948082352941177
ARO:3005320	Axilla	Week.1	114	11.403508771929824	0.0	2.3695252719298243
ARO:3005320	Axilla	Week.3	103	14.563106796116504	0.0	2.9305727766990293
ARO:3005320	Groin	Week.1	107	3.7383177570093453	0.0	0.15925334579439251
ARO:3005320	Groin	Week.3	100	13.0	0.0	0.8859880200000001
ARO:3005320	Stool	Week.1	116	0.0	0.0	0.0
ARO:3005320	Stool	Week.3	102	1.9607843137254901	0.0	0.09921125490196078
ARO:3005326	Axilla	Week.1	114	0.0	0.0	0.0
ARO:3005326	Axilla	Week.3	103	0.0	0.0	0.0
ARO:3005326	Groin	Week.1	107	0.0	0.0	0.0
ARO:3005326	Groin	Week.3	100	0.0	0.0	0.0
ARO:3005326	Stool	Week.1	116	0.8620689655172413	0.0	0.0024034051724137933
ARO:3005326	Stool	Week.3	102	0.0	0.0	0.0
ARO:3005347	Axilla	Week.1	114	0.8771929824561403	0.0	0.0038378947368421052
ARO:3005347	Axilla	Week.3	103	0.9708737864077669	0.0	0.011305631067961164
ARO:3005347	Groin	Week.1	107	0.0	0.0	0.0
ARO:3005347	Groin	Week.3	100	3.0	0.0	0.85197089
ARO:3005347	Stool	Week.1	116	0.0	0.0	0.0
ARO:3005347	Stool	Week.3	102	2.941176470588235	0.0	0.16537950980392158
ARO:3005590	Axilla	Week.1	114	0.0	0.0	0.0
ARO:3005590	Axilla	Week.3	103	0.0	0.0	0.0
ARO:3005590	Groin	Week.1	107	0.0	0.0	0.0
ARO:3005590	Groin	Week.3	100	0.0	0.0	0.0
ARO:3005590	Stool	Week.1	116	0.0	0.0	0.0
ARO:3005590	Stool	Week.3	102	1.9607843137254901	0.0	1.004370588235294
ARO:3005591	Axilla	Week.1	114	0.0	0.0	0.0
ARO:3005591	Axilla	Week.3	103	0.0	0.0	0.0
ARO:3005591	Groin	Week.1	107	1.8691588785046727	0.0	1.1581747663551403
ARO:3005591	Groin	Week.3	100	0.0	0.0	0.0
ARO:3005591	Stool	Week.1	116	2.586206896551724	0.0	2.9383
ARO:3005591	Stool	Week.3	102	4.901960784313726	0.0	1.555005882352941
ARO:3005597	Axilla	Week.1	114	0.0	0.0	0.0
ARO:3005597	Axilla	Week.3	103	0.0	0.0	0.0
ARO:3005597	Groin	Week.1	107	0.9345794392523363	0.0	0.3007682242990654
ARO:3005597	Groin	Week.3	100	2.0	0.0	0.1578071
ARO:3005597	Stool	Week.1	116	4.310344827586207	0.0	1.5470375862068968
ARO:3005597	Stool	Week.3	102	7.8431372549019605	0.0	1.001652156862745
ARO:3005664	Axilla	Week.1	114	1.7543859649122806	0.0	0.01711744736842105
ARO:3005664	Axilla	Week.3	103	5.825242718446602	0.0	0.5996725145631068
ARO:3005664	Groin	Week.1	107	2.803738317757009	0.0	2.395614953271028
ARO:3005664	Groin	Week.3	100	10.0	0.0	1.5208861100000002
ARO:3005664	Stool	Week.1	116	5.172413793103448	0.0	5.61167078448276
ARO:3005664	Stool	Week.3	102	13.725490196078432	0.0	5.05924794117647
ARO:3005700	Axilla	Week.1	114	0.0	0.0	0.0
ARO:3005700	Axilla	Week.3	103	0.9708737864077669	0.0	0.07660058252427183
ARO:3005700	Groin	Week.1	107	1.8691588785046727	0.0	2.057971962616822
ARO:3005700	Groin	Week.3	100	1.0	0.0	0.479693
ARO:3005700	Stool	Week.1	116	3.4482758620689653	0.0	3.0879698275862073
ARO:3005700	Stool	Week.3	102	4.901960784313726	0.0	1.3727686274509805
ARO:3005701	Axilla	Week.1	114	0.0	0.0	0.0
ARO:3005701	Axilla	Week.3	103	2.912621359223301	0.0	0.4313496116504854
ARO:3005701	Groin	Week.1	107	2.803738317757009	0.0	2.2116130841121495
ARO:3005701	Groin	Week.3	100	3.0	0.0	0.781598
ARO:3005701	Stool	Week.1	116	3.4482758620689653	0.0	3.5328189655172415
ARO:3005701	Stool	Week.3	102	8.823529411764707	0.0	2.3411440196078432
ARO:3005727	Axilla	Week.1	114	0.0	0.0	0.0
ARO:3005727	Axilla	Week.3	103	0.0	0.0	0.0
ARO:3005727	Groin	Week.1	107	0.0	0.0	0.0
ARO:3005727	Groin	Week.3	100	1.0	0.0	0.21721800000000002
ARO:3005727	Stool	Week.1	116	0.8620689655172413	0.0	0.01038344827586207
ARO:3005727	Stool	Week.3	102	0.0	0.0	0.0
ARO:3005729	Axilla	Week.1	114	0.8771929824561403	0.0	0.01067298245614035
ARO:3005729	Axilla	Week.3	103	0.0	0.0	0.0
ARO:3005729	Groin	Week.1	107	0.0	0.0	0.0
ARO:3005729	Groin	Week.3	100	0.0	0.0	0.0
ARO:3005729	Stool	Week.1	116	0.0	0.0	0.0
ARO:3005729	Stool	Week.3	102	0.0	0.0	0.0
ARO:3005734	Axilla	Week.1	114	0.0	0.0	0.0
ARO:3005734	Axilla	Week.3	103	0.0	0.0	0.0
ARO:3005734	Groin	Week.1	107	0.0	0.0	0.0
ARO:3005734	Groin	Week.3	100	0.0	0.0	0.0
ARO:3005734	Stool	Week.1	116	0.8620689655172413	0.0	0.0066009741379310346
ARO:3005734	Stool	Week.3	102	0.9803921568627451	0.0	0.013678333333333332
ARO:3005742	Axilla	Week.1	114	0.0	0.0	0.0
ARO:3005742	Axilla	Week.3	103	0.0	0.0	0.0
ARO:3005742	Groin	Week.1	107	0.0	0.0	0.0
ARO:3005742	Groin	Week.3	100	1.0	0.0	0.00492613
ARO:3005742	Stool	Week.1	116	0.0	0.0	0.0
ARO:3005742	Stool	Week.3	102	0.0	0.0	0.0
ARO:3005750	Axilla	Week.1	114	0.0	0.0	0.0
ARO:3005750	Axilla	Week.3	103	0.9708737864077669	0.0	0.021099708737864077
ARO:3005750	Groin	Week.1	107	0.0	0.0	0.0
ARO:3005750	Groin	Week.3	100	1.0	0.0	0.214432
ARO:3005750	Stool	Week.1	116	0.0	0.0	0.0
ARO:3005750	Stool	Week.3	102	1.9607843137254901	0.0	0.26546470588235294
ARO:3005789	Axilla	Week.1	114	0.0	0.0	0.0
ARO:3005789	Axilla	Week.3	103	0.0	0.0	0.0
ARO:3005789	Groin	Week.1	107	0.0	0.0	0.0
ARO:3005789	Groin	Week.3	100	0.0	0.0	0.0
ARO:3005789	Stool	Week.1	116	0.8620689655172413	0.0	0.3396344827586207
ARO:3005789	Stool	Week.3	102	0.0	0.0	0.0
ARO:3005794	Axilla	Week.1	114	0.0	0.0	0.0
ARO:3005794	Axilla	Week.3	103	0.0	0.0	0.0
ARO:3005794	Groin	Week.1	107	0.0	0.0	0.0
ARO:3005794	Groin	Week.3	100	0.0	0.0	0.0
ARO:3005794	Stool	Week.1	116	0.8620689655172413	0.0	0.002174508620689655
ARO:3005794	Stool	Week.3	102	0.0	0.0	0.0
ARO:3005863	Axilla	Week.1	114	0.8771929824561403	0.0	0.01067298245614035
ARO:3005863	Axilla	Week.3	103	0.0	0.0	0.0
ARO:3005863	Groin	Week.1	107	0.0	0.0	0.0
ARO:3005863	Groin	Week.3	100	0.0	0.0	0.0
ARO:3005863	Stool	Week.1	116	0.0	0.0	0.0
ARO:3005863	Stool	Week.3	102	0.0	0.0	0.0
ARO:3005864	Axilla	Week.1	114	0.8771929824561403	0.0	0.011643245614035087
ARO:3005864	Axilla	Week.3	103	0.0	0.0	0.0
ARO:3005864	Groin	Week.1	107	0.0	0.0	0.0
ARO:3005864	Groin	Week.3	100	0.0	0.0	0.0
ARO:3005864	Stool	Week.1	116	0.0	0.0	0.0
ARO:3005864	Stool	Week.3	102	0.0	0.0	0.0
ARO:3005865	Axilla	Week.1	114	0.8771929824561403	0.0	0.011643245614035087
ARO:3005865	Axilla	Week.3	103	0.0	0.0	0.0
ARO:3005865	Groin	Week.1	107	0.0	0.0	0.0
ARO:3005865	Groin	Week.3	100	0.0	0.0	0.0
ARO:3005865	Stool	Week.1	116	0.0	0.0	0.0
ARO:3005865	Stool	Week.3	102	0.0	0.0	0.0
ARO:3005866	Axilla	Week.1	114	0.8771929824561403	0.0	0.011643245614035087
ARO:3005866	Axilla	Week.3	103	0.0	0.0	0.0
ARO:3005866	Groin	Week.1	107	0.0	0.0	0.0
ARO:3005866	Groin	Week.3	100	0.0	0.0	0.0
ARO:3005866	Stool	Week.1	116	0.0	0.0	0.0
ARO:3005866	Stool	Week.3	102	0.0	0.0	0.0
ARO:3005867	Axilla	Week.1	114	0.8771929824561403	0.0	0.011643245614035087
ARO:3005867	Axilla	Week.3	103	0.0	0.0	0.0
ARO:3005867	Groin	Week.1	107	0.0	0.0	0.0
ARO:3005867	Groin	Week.3	100	0.0	0.0	0.0
ARO:3005867	Stool	Week.1	116	0.0	0.0	0.0
ARO:3005867	Stool	Week.3	102	0.0	0.0	0.0
ARO:3005868	Axilla	Week.1	114	0.8771929824561403	0.0	0.011643245614035087
ARO:3005868	Axilla	Week.3	103	0.0	0.0	0.0
ARO:3005868	Groin	Week.1	107	0.0	0.0	0.0
ARO:3005868	Groin	Week.3	100	0.0	0.0	0.0
ARO:3005868	Stool	Week.1	116	0.0	0.0	0.0
ARO:3005868	Stool	Week.3	102	0.0	0.0	0.0
ARO:3005870	Axilla	Week.1	114	0.0	0.0	0.0
ARO:3005870	Axilla	Week.3	103	0.9708737864077669	0.0	0.017263398058252426
ARO:3005870	Groin	Week.1	107	0.0	0.0	0.0
ARO:3005870	Groin	Week.3	100	1.0	0.0	0.17241499999999998
ARO:3005870	Stool	Week.1	116	0.0	0.0	0.0
ARO:3005870	Stool	Week.3	102	1.9607843137254901	0.0	0.21964450980392156
ARO:3005871	Axilla	Week.1	114	0.0	0.0	0.0
ARO:3005871	Axilla	Week.3	103	0.9708737864077669	0.0	0.019661067961165048
ARO:3005871	Groin	Week.1	107	0.0	0.0	0.0
ARO:3005871	Groin	Week.3	100	1.0	0.0	0.192699
ARO:3005871	Stool	Week.1	116	0.0	0.0	0.0
ARO:3005871	Stool	Week.3	102	1.9607843137254901	0.0	0.24000892156862746
ARO:3005872	Axilla	Week.1	114	0.0	0.0	0.0
ARO:3005872	Axilla	Week.3	103	0.0	0.0	0.0
ARO:3005872	Groin	Week.1	107	0.0	0.0	0.0
ARO:3005872	Groin	Week.3	100	0.0	0.0	0.0
ARO:3005872	Stool	Week.1	116	0.8620689655172413	0.0	0.3861965517241379
ARO:3005872	Stool	Week.3	102	0.0	0.0	0.0
ARO:3005877	Axilla	Week.1	114	0.8771929824561403	0.0	0.011158157894736842
ARO:3005877	Axilla	Week.3	103	0.0	0.0	0.0
ARO:3005877	Groin	Week.1	107	0.0	0.0	0.0
ARO:3005877	Groin	Week.3	100	0.0	0.0	0.0
ARO:3005877	Stool	Week.1	116	0.0	0.0	0.0
ARO:3005877	Stool	Week.3	102	0.0	0.0	0.0
ARO:3005879	Axilla	Week.1	114	0.8771929824561403	0.0	0.014554035087719299
ARO:3005879	Axilla	Week.3	103	0.0	0.0	0.0
ARO:3005879	Groin	Week.1	107	0.0	0.0	0.0
ARO:3005879	Groin	Week.3	100	0.0	0.0	0.0
ARO:3005879	Stool	Week.1	116	0.0	0.0	0.0
ARO:3005879	Stool	Week.3	102	0.0	0.0	0.0
ARO:3005880	Axilla	Week.1	114	0.8771929824561403	0.0	0.011158157894736842
ARO:3005880	Axilla	Week.3	103	0.0	0.0	0.0
ARO:3005880	Groin	Week.1	107	0.0	0.0	0.0
ARO:3005880	Groin	Week.3	100	0.0	0.0	0.0
ARO:3005880	Stool	Week.1	116	0.0	0.0	0.0
ARO:3005880	Stool	Week.3	102	0.0	0.0	0.0
ARO:3005885	Axilla	Week.1	114	0.0	0.0	0.0
ARO:3005885	Axilla	Week.3	103	0.9708737864077669	0.0	0.021099708737864077
ARO:3005885	Groin	Week.1	107	0.0	0.0	0.0
ARO:3005885	Groin	Week.3	100	1.0	0.0	0.20950600000000003
ARO:3005885	Stool	Week.1	116	0.0	0.0	0.0
ARO:3005885	Stool	Week.3	102	1.9607843137254901	0.0	0.2636823529411765
ARO:3005922	Axilla	Week.1	114	0.0	0.0	0.0
ARO:3005922	Axilla	Week.3	103	0.0	0.0	0.0
ARO:3005922	Groin	Week.1	107	0.0	0.0	0.0
ARO:3005922	Groin	Week.3	100	0.0	0.0	0.0
ARO:3005922	Stool	Week.1	116	0.8620689655172413	0.0	0.0022889568965517243
ARO:3005922	Stool	Week.3	102	3.9215686274509802	0.0	0.544565137254902
ARO:3005923	Axilla	Week.1	114	0.0	0.0	0.0
ARO:3005923	Axilla	Week.3	103	0.0	0.0	0.0
ARO:3005923	Groin	Week.1	107	0.0	0.0	0.0
ARO:3005923	Groin	Week.3	100	0.0	0.0	0.0
ARO:3005923	Stool	Week.1	116	0.0	0.0	0.0
ARO:3005923	Stool	Week.3	102	0.9803921568627451	0.0	0.009213088235294117
ARO:3005924	Axilla	Week.1	114	0.0	0.0	0.0
ARO:3005924	Axilla	Week.3	103	0.0	0.0	0.0
ARO:3005924	Groin	Week.1	107	0.0	0.0	0.0
ARO:3005924	Groin	Week.3	100	0.0	0.0	0.0
ARO:3005924	Stool	Week.1	116	0.0	0.0	0.0
ARO:3005924	Stool	Week.3	102	0.9803921568627451	0.0	0.007984676470588235
ARO:3005931	Axilla	Week.1	114	0.0	0.0	0.0
ARO:3005931	Axilla	Week.3	103	0.0	0.0	0.0
ARO:3005931	Groin	Week.1	107	0.0	0.0	0.0
ARO:3005931	Groin	Week.3	100	0.0	0.0	0.0
ARO:3005931	Stool	Week.1	116	0.8620689655172413	0.0	0.021328275862068966
ARO:3005931	Stool	Week.3	102	0.0	0.0	0.0
ARO:3005983	Axilla	Week.1	114	0.0	0.0	0.0
ARO:3005983	Axilla	Week.3	103	0.0	0.0	0.0
ARO:3005983	Groin	Week.1	107	0.0	0.0	0.0
ARO:3005983	Groin	Week.3	100	0.0	0.0	0.0
ARO:3005983	Stool	Week.1	116	0.8620689655172413	0.0	0.0066009741379310346
ARO:3005983	Stool	Week.3	102	0.9803921568627451	0.0	0.013678333333333332
ARO:3005994	Axilla	Week.1	114	0.0	0.0	0.0
ARO:3005994	Axilla	Week.3	103	0.9708737864077669	0.0	0.021099708737864077
ARO:3005994	Groin	Week.1	107	0.0	0.0	0.0
ARO:3005994	Groin	Week.3	100	1.0	0.0	0.212403
ARO:3005994	Stool	Week.1	116	0.0	0.0	0.0
ARO:3005994	Stool	Week.3	102	1.9607843137254901	0.0	0.25876607843137256
ARO:3005995	Axilla	Week.1	114	0.0	0.0	0.0
ARO:3005995	Axilla	Week.3	103	0.9708737864077669	0.0	0.021099708737864077
ARO:3005995	Groin	Week.1	107	0.0	0.0	0.0
ARO:3005995	Groin	Week.3	100	1.0	0.0	0.213562
ARO:3005995	Stool	Week.1	116	0.0	0.0	0.0
ARO:3005995	Stool	Week.3	102	1.9607843137254901	0.0	0.2649970588235294
ARO:3006006	Axilla	Week.1	114	0.0	0.0	0.0
ARO:3006006	Axilla	Week.3	103	0.0	0.0	0.0
ARO:3006006	Groin	Week.1	107	0.0	0.0	0.0
ARO:3006006	Groin	Week.3	100	0.0	0.0	0.0
ARO:3006006	Stool	Week.1	116	0.8620689655172413	0.0	0.2093956896551724
ARO:3006006	Stool	Week.3	102	0.0	0.0	0.0
ARO:3006007	Axilla	Week.1	114	0.0	0.0	0.0
ARO:3006007	Axilla	Week.3	103	0.0	0.0	0.0
ARO:3006007	Groin	Week.1	107	0.0	0.0	0.0
ARO:3006007	Groin	Week.3	100	0.0	0.0	0.0
ARO:3006007	Stool	Week.1	116	0.8620689655172413	0.0	0.06861155172413794
ARO:3006007	Stool	Week.3	102	0.0	0.0	0.0
ARO:3006008	Axilla	Week.1	114	0.0	0.0	0.0
ARO:3006008	Axilla	Week.3	103	0.0	0.0	0.0
ARO:3006008	Groin	Week.1	107	0.0	0.0	0.0
ARO:3006008	Groin	Week.3	100	0.0	0.0	0.0
ARO:3006008	Stool	Week.1	116	0.8620689655172413	0.0	0.06861155172413794
ARO:3006008	Stool	Week.3	102	0.0	0.0	0.0
ARO:3006010	Axilla	Week.1	114	0.0	0.0	0.0
ARO:3006010	Axilla	Week.3	103	0.0	0.0	0.0
ARO:3006010	Groin	Week.1	107	0.0	0.0	0.0
ARO:3006010	Groin	Week.3	100	0.0	0.0	0.0
ARO:3006010	Stool	Week.1	116	0.8620689655172413	0.0	0.27786982758620693
ARO:3006010	Stool	Week.3	102	0.0	0.0	0.0
ARO:3006011	Axilla	Week.1	114	0.0	0.0	0.0
ARO:3006011	Axilla	Week.3	103	0.0	0.0	0.0
ARO:3006011	Groin	Week.1	107	0.0	0.0	0.0
ARO:3006011	Groin	Week.3	100	0.0	0.0	0.0
ARO:3006011	Stool	Week.1	116	0.8620689655172413	0.0	0.1717344827586207
ARO:3006011	Stool	Week.3	102	0.0	0.0	0.0
ARO:3006012	Axilla	Week.1	114	0.0	0.0	0.0
ARO:3006012	Axilla	Week.3	103	0.0	0.0	0.0
ARO:3006012	Groin	Week.1	107	0.0	0.0	0.0
ARO:3006012	Groin	Week.3	100	0.0	0.0	0.0
ARO:3006012	Stool	Week.1	116	0.8620689655172413	0.0	0.4926068965517242
ARO:3006012	Stool	Week.3	102	0.0	0.0	0.0
ARO:3006013	Axilla	Week.1	114	0.0	0.0	0.0
ARO:3006013	Axilla	Week.3	103	0.0	0.0	0.0
ARO:3006013	Groin	Week.1	107	0.0	0.0	0.0
ARO:3006013	Groin	Week.3	100	0.0	0.0	0.0
ARO:3006013	Stool	Week.1	116	0.8620689655172413	0.0	0.28526551724137933
ARO:3006013	Stool	Week.3	102	0.0	0.0	0.0
ARO:3006014	Axilla	Week.1	114	0.0	0.0	0.0
ARO:3006014	Axilla	Week.3	103	0.0	0.0	0.0
ARO:3006014	Groin	Week.1	107	0.0	0.0	0.0
ARO:3006014	Groin	Week.3	100	0.0	0.0	0.0
ARO:3006014	Stool	Week.1	116	0.8620689655172413	0.0	0.2715706896551724
ARO:3006014	Stool	Week.3	102	0.0	0.0	0.0
ARO:3006015	Axilla	Week.1	114	0.0	0.0	0.0
ARO:3006015	Axilla	Week.3	103	0.0	0.0	0.0
ARO:3006015	Groin	Week.1	107	0.0	0.0	0.0
ARO:3006015	Groin	Week.3	100	0.0	0.0	0.0
ARO:3006015	Stool	Week.1	116	0.8620689655172413	0.0	0.36031379310344824
ARO:3006015	Stool	Week.3	102	0.0	0.0	0.0
ARO:3006016	Axilla	Week.1	114	0.0	0.0	0.0
ARO:3006016	Axilla	Week.3	103	0.0	0.0	0.0
ARO:3006016	Groin	Week.1	107	0.0	0.0	0.0
ARO:3006016	Groin	Week.3	100	0.0	0.0	0.0
ARO:3006016	Stool	Week.1	116	0.8620689655172413	0.0	0.2219948275862069
ARO:3006016	Stool	Week.3	102	0.0	0.0	0.0
ARO:3006021	Axilla	Week.1	114	0.0	0.0	0.0
ARO:3006021	Axilla	Week.3	103	0.9708737864077669	0.0	0.021099708737864077
ARO:3006021	Groin	Week.1	107	0.0	0.0	0.0
ARO:3006021	Groin	Week.3	100	1.0	0.0	0.214142
ARO:3006021	Stool	Week.1	116	0.0	0.0	0.0
ARO:3006021	Stool	Week.3	102	1.9607843137254901	0.0	0.25960392156862744
ARO:3006022	Axilla	Week.1	114	0.0	0.0	0.0
ARO:3006022	Axilla	Week.3	103	0.9708737864077669	0.0	0.021339514563106798
ARO:3006022	Groin	Week.1	107	0.0	0.0	0.0
ARO:3006022	Groin	Week.3	100	1.0	0.0	0.21530100000000002
ARO:3006022	Stool	Week.1	116	0.0	0.0	0.0
ARO:3006022	Stool	Week.3	102	1.9607843137254901	0.0	0.25997401960784317
ARO:3006024	Axilla	Week.1	114	0.0	0.0	0.0
ARO:3006024	Axilla	Week.3	103	0.9708737864077669	0.0	0.019900873786407765
ARO:3006024	Groin	Week.1	107	0.0	0.0	0.0
ARO:3006024	Groin	Week.3	100	1.0	0.0	0.166909
ARO:3006024	Stool	Week.1	116	0.0	0.0	0.0
ARO:3006024	Stool	Week.3	102	1.9607843137254901	0.0	0.214743431372549
ARO:3006040	Axilla	Week.1	114	0.0	0.0	0.0
ARO:3006040	Axilla	Week.3	103	0.0	0.0	0.0
ARO:3006040	Groin	Week.1	107	0.0	0.0	0.0
ARO:3006040	Groin	Week.3	100	1.0	0.0	0.156824
ARO:3006040	Stool	Week.1	116	0.8620689655172413	0.0	0.01038344827586207
ARO:3006040	Stool	Week.3	102	0.0	0.0	0.0
ARO:3006041	Axilla	Week.1	114	0.0	0.0	0.0
ARO:3006041	Axilla	Week.3	103	0.0	0.0	0.0
ARO:3006041	Groin	Week.1	107	0.0	0.0	0.0
ARO:3006041	Groin	Week.3	100	1.0	0.0	0.322275
ARO:3006041	Stool	Week.1	116	0.0	0.0	0.0
ARO:3006041	Stool	Week.3	102	0.0	0.0	0.0
ARO:3006043	Axilla	Week.1	114	0.0	0.0	0.0
ARO:3006043	Axilla	Week.3	103	0.0	0.0	0.0
ARO:3006043	Groin	Week.1	107	0.0	0.0	0.0
ARO:3006043	Groin	Week.3	100	1.0	0.0	0.349681
ARO:3006043	Stool	Week.1	116	0.8620689655172413	0.0	0.008980344827586207
ARO:3006043	Stool	Week.3	102	0.9803921568627451	0.0	0.003415049019607843
ARO:3006048	Axilla	Week.1	114	0.0	0.0	0.0
ARO:3006048	Axilla	Week.3	103	0.0	0.0	0.0
ARO:3006048	Groin	Week.1	107	0.0	0.0	0.0
ARO:3006048	Groin	Week.3	100	0.0	0.0	0.0
ARO:3006048	Stool	Week.1	116	0.0	0.0	0.0
ARO:3006048	Stool	Week.3	102	4.901960784313726	0.0	0.4634984803921568
ARO:3006089	Axilla	Week.1	114	0.0	0.0	0.0
ARO:3006089	Axilla	Week.3	103	0.0	0.0	0.0
ARO:3006089	Groin	Week.1	107	0.0	0.0	0.0
ARO:3006089	Groin	Week.3	100	1.0	0.0	0.30704899999999996
ARO:3006089	Stool	Week.1	116	0.0	0.0	0.0
ARO:3006089	Stool	Week.3	102	0.9803921568627451	0.0	0.0023366176470588237
ARO:3006092	Axilla	Week.1	114	0.0	0.0	0.0
ARO:3006092	Axilla	Week.3	103	0.0	0.0	0.0
ARO:3006092	Groin	Week.1	107	0.0	0.0	0.0
ARO:3006092	Groin	Week.3	100	1.0	0.0	0.280658
ARO:3006092	Stool	Week.1	116	0.8620689655172413	0.0	0.010664137931034483
ARO:3006092	Stool	Week.3	102	0.0	0.0	0.0
ARO:3006093	Axilla	Week.1	114	0.0	0.0	0.0
ARO:3006093	Axilla	Week.3	103	0.0	0.0	0.0
ARO:3006093	Groin	Week.1	107	0.0	0.0	0.0
ARO:3006093	Groin	Week.3	100	1.0	0.0	0.30908
ARO:3006093	Stool	Week.1	116	0.0	0.0	0.0
ARO:3006093	Stool	Week.3	102	0.9803921568627451	0.0	0.003235313725490196
ARO:3006095	Axilla	Week.1	114	0.0	0.0	0.0
ARO:3006095	Axilla	Week.3	103	0.0	0.0	0.0
ARO:3006095	Groin	Week.1	107	0.0	0.0	0.0
ARO:3006095	Groin	Week.3	100	1.0	0.0	0.22432400000000002
ARO:3006095	Stool	Week.1	116	0.0	0.0	0.0
ARO:3006095	Stool	Week.3	102	0.0	0.0	0.0
ARO:3006099	Axilla	Week.1	114	0.0	0.0	0.0
ARO:3006099	Axilla	Week.3	103	0.0	0.0	0.0
ARO:3006099	Groin	Week.1	107	0.0	0.0	0.0
ARO:3006099	Groin	Week.3	100	0.0	0.0	0.0
ARO:3006099	Stool	Week.1	116	0.8620689655172413	0.0	0.019925086206896554
ARO:3006099	Stool	Week.3	102	0.0	0.0	0.0
ARO:3006100	Axilla	Week.1	114	0.0	0.0	0.0
ARO:3006100	Axilla	Week.3	103	0.0	0.0	0.0
ARO:3006100	Groin	Week.1	107	0.0	0.0	0.0
ARO:3006100	Groin	Week.3	100	1.0	0.0	0.32278300000000004
ARO:3006100	Stool	Week.1	116	0.0	0.0	0.0
ARO:3006100	Stool	Week.3	102	0.0	0.0	0.0
ARO:3006101	Axilla	Week.1	114	0.0	0.0	0.0
ARO:3006101	Axilla	Week.3	103	0.0	0.0	0.0
ARO:3006101	Groin	Week.1	107	0.0	0.0	0.0
ARO:3006101	Groin	Week.3	100	1.0	0.0	0.27101600000000003
ARO:3006101	Stool	Week.1	116	0.8620689655172413	0.0	0.007857775862068966
ARO:3006101	Stool	Week.3	102	0.0	0.0	0.0
ARO:3006103	Axilla	Week.1	114	0.0	0.0	0.0
ARO:3006103	Axilla	Week.3	103	0.0	0.0	0.0
ARO:3006103	Groin	Week.1	107	0.0	0.0	0.0
ARO:3006103	Groin	Week.3	100	0.0	0.0	0.0
ARO:3006103	Stool	Week.1	116	0.8620689655172413	0.0	0.008293525862068966
ARO:3006103	Stool	Week.3	102	0.9803921568627451	0.0	0.01198970588235294
ARO:3006113	Axilla	Week.1	114	0.0	0.0	0.0
ARO:3006113	Axilla	Week.3	103	0.9708737864077669	0.0	0.022538349514563107
ARO:3006113	Groin	Week.1	107	0.0	0.0	0.0
ARO:3006113	Groin	Week.3	100	1.0	0.0	0.196466
ARO:3006113	Stool	Week.1	116	0.0	0.0	0.0
ARO:3006113	Stool	Week.3	102	1.9607843137254901	0.0	0.2561578431372549
ARO:3006116	Axilla	Week.1	114	0.0	0.0	0.0
ARO:3006116	Axilla	Week.3	103	0.9708737864077669	0.0	0.02086
ARO:3006116	Groin	Week.1	107	0.0	0.0	0.0
ARO:3006116	Groin	Week.3	100	1.0	0.0	0.208347
ARO:3006116	Stool	Week.1	116	0.0	0.0	0.0
ARO:3006116	Stool	Week.3	102	1.9607843137254901	0.0	0.2523006862745098
ARO:3006129	Axilla	Week.1	114	0.0	0.0	0.0
ARO:3006129	Axilla	Week.3	103	0.0	0.0	0.0
ARO:3006129	Groin	Week.1	107	0.9345794392523363	0.0	0.11909813084112149
ARO:3006129	Groin	Week.3	100	4.0	0.0	0.5883606
ARO:3006129	Stool	Week.1	116	2.586206896551724	0.0	0.4692043103448276
ARO:3006129	Stool	Week.3	102	4.901960784313726	0.0	0.32815488235294116
ARO:3006130	Axilla	Week.1	114	0.0	0.0	0.0
ARO:3006130	Axilla	Week.3	103	0.0	0.0	0.0
ARO:3006130	Groin	Week.1	107	0.9345794392523363	0.0	0.10613457943925235
ARO:3006130	Groin	Week.3	100	4.0	0.0	0.5187569
ARO:3006130	Stool	Week.1	116	2.586206896551724	0.0	0.4158405172413793
ARO:3006130	Stool	Week.3	102	5.88235294117647	0.0	0.29849140196078433
ARO:3006142	Axilla	Week.1	114	0.0	0.0	0.0
ARO:3006142	Axilla	Week.3	103	0.0	0.0	0.0
ARO:3006142	Groin	Week.1	107	0.0	0.0	0.0
ARO:3006142	Groin	Week.3	100	1.0	0.0	0.0116628
ARO:3006142	Stool	Week.1	116	0.0	0.0	0.0
ARO:3006142	Stool	Week.3	102	0.0	0.0	0.0
ARO:3006150	Axilla	Week.1	114	0.0	0.0	0.0
ARO:3006150	Axilla	Week.3	103	0.0	0.0	0.0
ARO:3006150	Groin	Week.1	107	0.0	0.0	0.0
ARO:3006150	Groin	Week.3	100	2.0	0.0	0.02879635
ARO:3006150	Stool	Week.1	116	0.0	0.0	0.0
ARO:3006150	Stool	Week.3	102	0.0	0.0	0.0
ARO:3006151	Axilla	Week.1	114	0.0	0.0	0.0
ARO:3006151	Axilla	Week.3	103	0.0	0.0	0.0
ARO:3006151	Groin	Week.1	107	0.0	0.0	0.0
ARO:3006151	Groin	Week.3	100	2.0	0.0	0.03254277
ARO:3006151	Stool	Week.1	116	0.0	0.0	0.0
ARO:3006151	Stool	Week.3	102	0.0	0.0	0.0
ARO:3006228	Axilla	Week.1	114	0.0	0.0	0.0
ARO:3006228	Axilla	Week.3	103	0.0	0.0	0.0
ARO:3006228	Groin	Week.1	107	0.0	0.0	0.0
ARO:3006228	Groin	Week.3	100	0.0	0.0	0.0
ARO:3006228	Stool	Week.1	116	0.0	0.0	0.0
ARO:3006228	Stool	Week.3	102	0.9803921568627451	0.0	0.03616372549019608
ARO:3006229	Axilla	Week.1	114	0.0	0.0	0.0
ARO:3006229	Axilla	Week.3	103	0.0	0.0	0.0
ARO:3006229	Groin	Week.1	107	0.0	0.0	0.0
ARO:3006229	Groin	Week.3	100	0.0	0.0	0.0
ARO:3006229	Stool	Week.1	116	0.0	0.0	0.0
ARO:3006229	Stool	Week.3	102	0.9803921568627451	0.0	0.03616372549019608
ARO:3006230	Axilla	Week.1	114	0.0	0.0	0.0
ARO:3006230	Axilla	Week.3	103	0.0	0.0	0.0
ARO:3006230	Groin	Week.1	107	0.0	0.0	0.0
ARO:3006230	Groin	Week.3	100	0.0	0.0	0.0
ARO:3006230	Stool	Week.1	116	0.0	0.0	0.0
ARO:3006230	Stool	Week.3	102	0.9803921568627451	0.0	0.03616372549019608
ARO:3006231	Axilla	Week.1	114	0.0	0.0	0.0
ARO:3006231	Axilla	Week.3	103	0.0	0.0	0.0
ARO:3006231	Groin	Week.1	107	0.0	0.0	0.0
ARO:3006231	Groin	Week.3	100	0.0	0.0	0.0
ARO:3006231	Stool	Week.1	116	0.0	0.0	0.0
ARO:3006231	Stool	Week.3	102	0.9803921568627451	0.0	0.03616372549019608
ARO:3006232	Axilla	Week.1	114	0.0	0.0	0.0
ARO:3006232	Axilla	Week.3	103	0.0	0.0	0.0
ARO:3006232	Groin	Week.1	107	0.0	0.0	0.0
ARO:3006232	Groin	Week.3	100	0.0	0.0	0.0
ARO:3006232	Stool	Week.1	116	0.0	0.0	0.0
ARO:3006232	Stool	Week.3	102	0.9803921568627451	0.0	0.03543323529411765
ARO:3006234	Axilla	Week.1	114	0.0	0.0	0.0
ARO:3006234	Axilla	Week.3	103	0.0	0.0	0.0
ARO:3006234	Groin	Week.1	107	0.0	0.0	0.0
ARO:3006234	Groin	Week.3	100	2.0	0.0	0.05344486
ARO:3006234	Stool	Week.1	116	0.0	0.0	0.0
ARO:3006234	Stool	Week.3	102	2.941176470588235	0.0	0.7535489215686275
ARO:3006235	Axilla	Week.1	114	1.7543859649122806	0.0	0.019640570175438594
ARO:3006235	Axilla	Week.3	103	2.912621359223301	0.0	0.15684291262135924
ARO:3006235	Groin	Week.1	107	3.7383177570093453	0.0	0.7971620373831775
ARO:3006235	Groin	Week.3	100	9.0	0.0	1.3595571999999998
ARO:3006235	Stool	Week.1	116	9.482758620689655	0.0	1.386313525862069
ARO:3006235	Stool	Week.3	102	18.627450980392158	0.0	3.3722021862745106
ARO:3006236	Axilla	Week.1	114	0.8771929824561403	0.0	0.009315877192982455
ARO:3006236	Axilla	Week.3	103	2.912621359223301	0.0	0.12397640776699029
ARO:3006236	Groin	Week.1	107	3.7383177570093453	0.0	0.6457096635514018
ARO:3006236	Groin	Week.3	100	11.0	0.0	1.24305572
ARO:3006236	Stool	Week.1	116	9.482758620689655	0.0	1.2994184482758622
ARO:3006236	Stool	Week.3	102	19.607843137254903	0.0	3.1129544803921565
ARO:3006237	Axilla	Week.1	114	1.7543859649122806	0.0	0.01724009649122807
ARO:3006237	Axilla	Week.3	103	2.912621359223301	0.0	0.14735514563106794
ARO:3006237	Groin	Week.1	107	2.803738317757009	0.0	0.736488691588785
ARO:3006237	Groin	Week.3	100	8.0	0.0	1.2281312
ARO:3006237	Stool	Week.1	116	6.896551724137931	0.0	1.205102051724138
ARO:3006237	Stool	Week.3	102	17.647058823529413	0.0	3.103988892156863
ARO:3006238	Axilla	Week.1	114	1.7543859649122806	0.0	0.01860440350877193
ARO:3006238	Axilla	Week.3	103	2.912621359223301	0.0	0.1476642718446602
ARO:3006238	Groin	Week.1	107	3.7383177570093453	0.0	0.8126846915887851
ARO:3006238	Groin	Week.3	100	7.000000000000001	0.0	1.1539078999999999
ARO:3006238	Stool	Week.1	116	8.620689655172415	0.0	1.384084551724138
ARO:3006238	Stool	Week.3	102	17.647058823529413	0.0	3.532892117647059
ARO:3006239	Axilla	Week.1	114	1.7543859649122806	0.0	0.017568245614035086
ARO:3006239	Axilla	Week.3	103	2.912621359223301	0.0	0.1619919417475728
ARO:3006239	Groin	Week.1	107	3.7383177570093453	0.0	0.7932070654205609
ARO:3006239	Groin	Week.3	100	11.0	0.0	1.40709627
ARO:3006239	Stool	Week.1	116	9.482758620689655	0.0	1.3884265948275862
ARO:3006239	Stool	Week.3	102	18.627450980392158	0.0	3.4509100000000004
ARO:3006240	Axilla	Week.1	114	0.0	0.0	0.0
ARO:3006240	Axilla	Week.3	103	1.9417475728155338	0.0	0.09829356310679613
ARO:3006240	Groin	Week.1	107	2.803738317757009	0.0	0.5730128971962617
ARO:3006240	Groin	Week.3	100	9.0	0.0	1.0662318499999999
ARO:3006240	Stool	Week.1	116	6.896551724137931	0.0	1.108993448275862
ARO:3006240	Stool	Week.3	102	16.666666666666664	0.0	3.0775744411764707
ARO:3006241	Axilla	Week.1	114	0.0	0.0	0.0
ARO:3006241	Axilla	Week.3	103	0.9708737864077669	0.0	0.09122864077669902
ARO:3006241	Groin	Week.1	107	0.9345794392523363	0.0	0.5185177570093458
ARO:3006241	Groin	Week.3	100	6.0	0.0	0.4617223
ARO:3006241	Stool	Week.1	116	6.0344827586206895	0.0	0.7588633620689655
ARO:3006241	Stool	Week.3	102	12.745098039215685	0.0	1.9873716960784311
ARO:3006242	Axilla	Week.1	114	0.0	0.0	0.0
ARO:3006242	Axilla	Week.3	103	0.0	0.0	0.0
ARO:3006242	Groin	Week.1	107	0.0	0.0	0.0
ARO:3006242	Groin	Week.3	100	5.0	0.0	0.32304778
ARO:3006242	Stool	Week.1	116	3.4482758620689653	0.0	0.286976551724138
ARO:3006242	Stool	Week.3	102	7.8431372549019605	0.0	1.5517778529411765
ARO:3006244	Axilla	Week.1	114	0.0	0.0	0.0
ARO:3006244	Axilla	Week.3	103	0.0	0.0	0.0
ARO:3006244	Groin	Week.1	107	0.9345794392523363	0.0	0.046710373831775696
ARO:3006244	Groin	Week.3	100	0.0	0.0	0.0
ARO:3006244	Stool	Week.1	116	0.8620689655172413	0.0	0.11873362068965516
ARO:3006244	Stool	Week.3	102	1.9607843137254901	0.0	0.1689843137254902
ARO:3006245	Axilla	Week.1	114	0.0	0.0	0.0
ARO:3006245	Axilla	Week.3	103	0.0	0.0	0.0
ARO:3006245	Groin	Week.1	107	0.9345794392523363	0.0	0.04835897196261682
ARO:3006245	Groin	Week.3	100	0.0	0.0	0.0
ARO:3006245	Stool	Week.1	116	0.0	0.0	0.0
ARO:3006245	Stool	Week.3	102	0.9803921568627451	0.0	0.12250882352941177
ARO:3006246	Axilla	Week.1	114	0.0	0.0	0.0
ARO:3006246	Axilla	Week.3	103	0.0	0.0	0.0
ARO:3006246	Groin	Week.1	107	0.9345794392523363	0.0	0.08673495327102804
ARO:3006246	Groin	Week.3	100	2.0	0.0	0.09446679999999999
ARO:3006246	Stool	Week.1	116	0.8620689655172413	0.0	0.2099844827586207
ARO:3006246	Stool	Week.3	102	1.9607843137254901	0.0	0.14583088235294117
ARO:3006247	Axilla	Week.1	114	0.0	0.0	0.0
ARO:3006247	Axilla	Week.3	103	0.0	0.0	0.0
ARO:3006247	Groin	Week.1	107	0.9345794392523363	0.0	0.07602691588785047
ARO:3006247	Groin	Week.3	100	2.0	0.0	0.0860303
ARO:3006247	Stool	Week.1	116	0.8620689655172413	0.0	0.1854905172413793
ARO:3006247	Stool	Week.3	102	2.941176470588235	0.0	0.36754205882352936
ARO:3006248	Axilla	Week.1	114	0.0	0.0	0.0
ARO:3006248	Axilla	Week.3	103	0.0	0.0	0.0
ARO:3006248	Groin	Week.1	107	0.0	0.0	0.0
ARO:3006248	Groin	Week.3	100	0.0	0.0	0.0
ARO:3006248	Stool	Week.1	116	0.0	0.0	0.0
ARO:3006248	Stool	Week.3	102	0.9803921568627451	0.0	0.08965813725490196
ARO:3006249	Axilla	Week.1	114	0.0	0.0	0.0
ARO:3006249	Axilla	Week.3	103	0.0	0.0	0.0
ARO:3006249	Groin	Week.1	107	0.0	0.0	0.0
ARO:3006249	Groin	Week.3	100	1.0	0.0	0.022374900000000003
ARO:3006249	Stool	Week.1	116	0.0	0.0	0.0
ARO:3006249	Stool	Week.3	102	0.9803921568627451	0.0	0.1348470588235294
ARO:3006250	Axilla	Week.1	114	0.0	0.0	0.0
ARO:3006250	Axilla	Week.3	103	0.0	0.0	0.0
ARO:3006250	Groin	Week.1	107	1.8691588785046727	0.0	0.36477542056074763
ARO:3006250	Groin	Week.3	100	6.0	0.0	0.77775654
ARO:3006250	Stool	Week.1	116	6.896551724137931	0.0	0.7591704310344828
ARO:3006250	Stool	Week.3	102	11.76470588235294	0.0	2.254588607843137
ARO:3006251	Axilla	Week.1	114	1.7543859649122806	0.0	0.020222850877192982
ARO:3006251	Axilla	Week.3	103	2.912621359223301	0.0	0.15953242718446603
ARO:3006251	Groin	Week.1	107	3.7383177570093453	0.0	0.8418994953271027
ARO:3006251	Groin	Week.3	100	7.000000000000001	0.0	1.2041963999999998
ARO:3006251	Stool	Week.1	116	8.620689655172415	0.0	1.4541198965517241
ARO:3006251	Stool	Week.3	102	17.647058823529413	0.0	3.470943078431372
ARO:3006252	Axilla	Week.1	114	0.0	0.0	0.0
ARO:3006252	Axilla	Week.3	103	0.0	0.0	0.0
ARO:3006252	Groin	Week.1	107	0.0	0.0	0.0
ARO:3006252	Groin	Week.3	100	1.0	0.0	0.0388595
ARO:3006252	Stool	Week.1	116	0.0	0.0	0.0
ARO:3006252	Stool	Week.3	102	2.941176470588235	0.0	0.36067333333333335
ARO:3006253	Axilla	Week.1	114	0.0	0.0	0.0
ARO:3006253	Axilla	Week.3	103	0.0	0.0	0.0
ARO:3006253	Groin	Week.1	107	0.0	0.0	0.0
ARO:3006253	Groin	Week.3	100	1.0	0.0	0.0352326
ARO:3006253	Stool	Week.1	116	0.0	0.0	0.0
ARO:3006253	Stool	Week.3	102	1.9607843137254901	0.0	0.21668186274509804
ARO:3006255	Axilla	Week.1	114	0.0	0.0	0.0
ARO:3006255	Axilla	Week.3	103	0.0	0.0	0.0
ARO:3006255	Groin	Week.1	107	0.0	0.0	0.0
ARO:3006255	Groin	Week.3	100	1.0	0.0	0.144065
ARO:3006255	Stool	Week.1	116	0.8620689655172413	0.0	0.06150146551724138
ARO:3006255	Stool	Week.3	102	2.941176470588235	0.0	0.4456179411764706
ARO:3006259	Axilla	Week.1	114	0.0	0.0	0.0
ARO:3006259	Axilla	Week.3	103	0.0	0.0	0.0
ARO:3006259	Groin	Week.1	107	0.9345794392523363	0.0	0.06290962616822429
ARO:3006259	Groin	Week.3	100	2.0	0.0	0.06185988
ARO:3006259	Stool	Week.1	116	0.8620689655172413	0.0	0.14466724137931036
ARO:3006259	Stool	Week.3	102	1.9607843137254901	0.0	0.10095411764705883
ARO:3006260	Axilla	Week.1	114	1.7543859649122806	0.0	0.018712929824561405
ARO:3006260	Axilla	Week.3	103	2.912621359223301	0.0	0.15573271844660194
ARO:3006260	Groin	Week.1	107	2.803738317757009	0.0	0.7328593457943925
ARO:3006260	Groin	Week.3	100	8.0	0.0	1.2514453
ARO:3006260	Stool	Week.1	116	8.620689655172415	0.0	1.235121551724138
ARO:3006260	Stool	Week.3	102	16.666666666666664	0.0	3.069581980392157
ARO:3006261	Axilla	Week.1	114	0.0	0.0	0.0
ARO:3006261	Axilla	Week.3	103	0.0	0.0	0.0
ARO:3006261	Groin	Week.1	107	0.0	0.0	0.0
ARO:3006261	Groin	Week.3	100	4.0	0.0	0.2541666
ARO:3006261	Stool	Week.1	116	2.586206896551724	0.0	0.2235093103448276
ARO:3006261	Stool	Week.3	102	6.862745098039216	0.0	1.3847106862745098
ARO:3006262	Axilla	Week.1	114	0.0	0.0	0.0
ARO:3006262	Axilla	Week.3	103	0.0	0.0	0.0
ARO:3006262	Groin	Week.1	107	0.0	0.0	0.0
ARO:3006262	Groin	Week.3	100	2.0	0.0	0.05468675
ARO:3006262	Stool	Week.1	116	0.0	0.0	0.0
ARO:3006262	Stool	Week.3	102	2.941176470588235	0.0	0.7845412745098039
ARO:3006263	Axilla	Week.1	114	0.0	0.0	0.0
ARO:3006263	Axilla	Week.3	103	0.0	0.0	0.0
ARO:3006263	Groin	Week.1	107	0.0	0.0	0.0
ARO:3006263	Groin	Week.3	100	1.0	0.0	0.040413899999999996
ARO:3006263	Stool	Week.1	116	0.0	0.0	0.0
ARO:3006263	Stool	Week.3	102	2.941176470588235	0.0	0.4142003921568628
ARO:3006264	Axilla	Week.1	114	0.0	0.0	0.0
ARO:3006264	Axilla	Week.3	103	0.9708737864077669	0.0	0.07285281553398058
ARO:3006264	Groin	Week.1	107	0.0	0.0	0.0
ARO:3006264	Groin	Week.3	100	5.0	0.0	0.60418309
ARO:3006264	Stool	Week.1	116	5.172413793103448	0.0	0.48433793103448275
ARO:3006264	Stool	Week.3	102	10.784313725490197	0.0	1.2511054705882352
ARO:3006265	Axilla	Week.1	114	1.7543859649122806	0.0	0.01805913157894737
ARO:3006265	Axilla	Week.3	103	2.912621359223301	0.0	0.15453990291262135
ARO:3006265	Groin	Week.1	107	2.803738317757009	0.0	0.7512957009345794
ARO:3006265	Groin	Week.3	100	8.0	0.0	1.3101525
ARO:3006265	Stool	Week.1	116	8.620689655172415	0.0	1.2665456206896553
ARO:3006265	Stool	Week.3	102	17.647058823529413	0.0	3.2889446274509804
ARO:3006266	Axilla	Week.1	114	0.8771929824561403	0.0	0.008151359649122808
ARO:3006266	Axilla	Week.3	103	1.9417475728155338	0.0	0.09773106796116506
ARO:3006266	Groin	Week.1	107	2.803738317757009	0.0	0.46759990654205613
ARO:3006266	Groin	Week.3	100	8.0	0.0	0.9985899
ARO:3006266	Stool	Week.1	116	8.620689655172415	0.0	1.0405488793103448
ARO:3006266	Stool	Week.3	102	16.666666666666664	0.0	2.248232098039216
ARO:3006268	Axilla	Week.1	114	1.7543859649122806	0.0	0.018313263157894735
ARO:3006268	Axilla	Week.3	103	2.912621359223301	0.0	0.15474543689320389
ARO:3006268	Groin	Week.1	107	3.7383177570093453	0.0	0.8076322803738318
ARO:3006268	Groin	Week.3	100	11.0	0.0	1.39815751
ARO:3006268	Stool	Week.1	116	9.482758620689655	0.0	1.4243835172413792
ARO:3006268	Stool	Week.3	102	18.627450980392158	0.0	3.478353117647058
ARO:3006269	Axilla	Week.1	114	0.0	0.0	0.0
ARO:3006269	Axilla	Week.3	103	0.9708737864077669	0.0	0.07220242718446601
ARO:3006269	Groin	Week.1	107	0.9345794392523363	0.0	0.4216682242990654
ARO:3006269	Groin	Week.3	100	2.0	0.0	0.060794100000000004
ARO:3006269	Stool	Week.1	116	6.0344827586206895	0.0	0.6273212931034483
ARO:3006269	Stool	Week.3	102	6.862745098039216	0.0	0.8173331078431372
ARO:3006271	Axilla	Week.1	114	0.0	0.0	0.0
ARO:3006271	Axilla	Week.3	103	0.0	0.0	0.0
ARO:3006271	Groin	Week.1	107	0.0	0.0	0.0
ARO:3006271	Groin	Week.3	100	0.0	0.0	0.0
ARO:3006271	Stool	Week.1	116	0.0	0.0	0.0
ARO:3006271	Stool	Week.3	102	0.9803921568627451	0.0	0.00805086274509804
ARO:3006277	Axilla	Week.1	114	0.0	0.0	0.0
ARO:3006277	Axilla	Week.3	103	0.0	0.0	0.0
ARO:3006277	Groin	Week.1	107	0.0	0.0	0.0
ARO:3006277	Groin	Week.3	100	0.0	0.0	0.0
ARO:3006277	Stool	Week.1	116	1.7241379310344827	0.0	0.03659060344827586
ARO:3006277	Stool	Week.3	102	0.0	0.0	0.0
ARO:3006278	Axilla	Week.1	114	0.0	0.0	0.0
ARO:3006278	Axilla	Week.3	103	0.0	0.0	0.0
ARO:3006278	Groin	Week.1	107	0.0	0.0	0.0
ARO:3006278	Groin	Week.3	100	0.0	0.0	0.0
ARO:3006278	Stool	Week.1	116	1.7241379310344827	0.0	0.037881896551724144
ARO:3006278	Stool	Week.3	102	0.9803921568627451	0.0	0.003990901960784314
ARO:3006279	Axilla	Week.1	114	0.0	0.0	0.0
ARO:3006279	Axilla	Week.3	103	0.0	0.0	0.0
ARO:3006279	Groin	Week.1	107	0.9345794392523363	0.0	0.060232616822429905
ARO:3006279	Groin	Week.3	100	2.0	0.0	0.07885062000000001
ARO:3006279	Stool	Week.1	116	0.8620689655172413	0.0	0.14951551724137932
ARO:3006279	Stool	Week.3	102	1.9607843137254901	0.0	0.12425107843137255
ARO:3006293	Axilla	Week.1	114	0.0	0.0	0.0
ARO:3006293	Axilla	Week.3	103	0.0	0.0	0.0
ARO:3006293	Groin	Week.1	107	0.9345794392523363	0.0	0.014620467289719625
ARO:3006293	Groin	Week.3	100	0.0	0.0	0.0
ARO:3006293	Stool	Week.1	116	0.0	0.0	0.0
ARO:3006293	Stool	Week.3	102	3.9215686274509802	0.0	0.6791230392156864
ARO:3006295	Axilla	Week.1	114	0.0	0.0	0.0
ARO:3006295	Axilla	Week.3	103	0.0	0.0	0.0
ARO:3006295	Groin	Week.1	107	0.0	0.0	0.0
ARO:3006295	Groin	Week.3	100	0.0	0.0	0.0
ARO:3006295	Stool	Week.1	116	0.0	0.0	0.0
ARO:3006295	Stool	Week.3	102	0.9803921568627451	0.0	0.22829019607843137
ARO:3006296	Axilla	Week.1	114	0.0	0.0	0.0
ARO:3006296	Axilla	Week.3	103	0.0	0.0	0.0
ARO:3006296	Groin	Week.1	107	0.0	0.0	0.0
ARO:3006296	Groin	Week.3	100	0.0	0.0	0.0
ARO:3006296	Stool	Week.1	116	0.0	0.0	0.0
ARO:3006296	Stool	Week.3	102	1.9607843137254901	0.0	0.6041725490196079
ARO:3006297	Axilla	Week.1	114	0.0	0.0	0.0
ARO:3006297	Axilla	Week.3	103	0.0	0.0	0.0
ARO:3006297	Groin	Week.1	107	0.0	0.0	0.0
ARO:3006297	Groin	Week.3	100	0.0	0.0	0.0
ARO:3006297	Stool	Week.1	116	0.0	0.0	0.0
ARO:3006297	Stool	Week.3	102	0.9803921568627451	0.0	0.021190098039215687
ARO:3006300	Axilla	Week.1	114	0.0	0.0	0.0
ARO:3006300	Axilla	Week.3	103	0.0	0.0	0.0
ARO:3006300	Groin	Week.1	107	0.0	0.0	0.0
ARO:3006300	Groin	Week.3	100	0.0	0.0	0.0
ARO:3006300	Stool	Week.1	116	0.0	0.0	0.0
ARO:3006300	Stool	Week.3	102	0.9803921568627451	0.0	0.01120921568627451
ARO:3006306	Axilla	Week.1	114	0.0	0.0	0.0
ARO:3006306	Axilla	Week.3	103	0.0	0.0	0.0
ARO:3006306	Groin	Week.1	107	0.0	0.0	0.0
ARO:3006306	Groin	Week.3	100	0.0	0.0	0.0
ARO:3006306	Stool	Week.1	116	0.0	0.0	0.0
ARO:3006306	Stool	Week.3	102	0.9803921568627451	0.0	0.015048039215686274
ARO:3006315	Axilla	Week.1	114	0.0	0.0	0.0
ARO:3006315	Axilla	Week.3	103	0.0	0.0	0.0
ARO:3006315	Groin	Week.1	107	0.9345794392523363	0.0	0.014380747663551402
ARO:3006315	Groin	Week.3	100	0.0	0.0	0.0
ARO:3006315	Stool	Week.1	116	0.0	0.0	0.0
ARO:3006315	Stool	Week.3	102	3.9215686274509802	0.0	0.720968137254902
ARO:3006318	Axilla	Week.1	114	0.0	0.0	0.0
ARO:3006318	Axilla	Week.3	103	0.0	0.0	0.0
ARO:3006318	Groin	Week.1	107	0.9345794392523363	0.0	0.018215607476635514
ARO:3006318	Groin	Week.3	100	0.0	0.0	0.0
ARO:3006318	Stool	Week.1	116	0.0	0.0	0.0
ARO:3006318	Stool	Week.3	102	4.901960784313726	0.0	0.9849861764705883
ARO:3006326	Axilla	Week.1	114	0.0	0.0	0.0
ARO:3006326	Axilla	Week.3	103	0.0	0.0	0.0
ARO:3006326	Groin	Week.1	107	0.0	0.0	0.0
ARO:3006326	Groin	Week.3	100	0.0	0.0	0.0
ARO:3006326	Stool	Week.1	116	0.0	0.0	0.0
ARO:3006326	Stool	Week.3	102	1.9607843137254901	0.0	0.41381666666666667
ARO:3006330	Axilla	Week.1	114	0.0	0.0	0.0
ARO:3006330	Axilla	Week.3	103	0.0	0.0	0.0
ARO:3006330	Groin	Week.1	107	0.9345794392523363	0.0	0.016058504672897194
ARO:3006330	Groin	Week.3	100	0.0	0.0	0.0
ARO:3006330	Stool	Week.1	116	0.0	0.0	0.0
ARO:3006330	Stool	Week.3	102	0.9803921568627451	0.0	0.03684372549019608
ARO:3006332	Axilla	Week.1	114	0.0	0.0	0.0
ARO:3006332	Axilla	Week.3	103	0.0	0.0	0.0
ARO:3006332	Groin	Week.1	107	0.0	0.0	0.0
ARO:3006332	Groin	Week.3	100	1.0	0.0	0.00455336
ARO:3006332	Stool	Week.1	116	0.0	0.0	0.0
ARO:3006332	Stool	Week.3	102	6.862745098039216	0.0	1.1897116176470588
ARO:3006337	Axilla	Week.1	114	0.0	0.0	0.0
ARO:3006337	Axilla	Week.3	103	0.0	0.0	0.0
ARO:3006337	Groin	Week.1	107	0.0	0.0	0.0
ARO:3006337	Groin	Week.3	100	0.0	0.0	0.0
ARO:3006337	Stool	Week.1	116	0.0	0.0	0.0
ARO:3006337	Stool	Week.3	102	3.9215686274509802	0.0	0.927101568627451
ARO:3006341	Axilla	Week.1	114	0.0	0.0	0.0
ARO:3006341	Axilla	Week.3	103	0.0	0.0	0.0
ARO:3006341	Groin	Week.1	107	0.9345794392523363	0.0	0.01653785046728972
ARO:3006341	Groin	Week.3	100	0.0	0.0	0.0
ARO:3006341	Stool	Week.1	116	0.0	0.0	0.0
ARO:3006341	Stool	Week.3	102	5.88235294117647	0.0	1.120138
ARO:3006347	Axilla	Week.1	114	0.0	0.0	0.0
ARO:3006347	Axilla	Week.3	103	0.0	0.0	0.0
ARO:3006347	Groin	Week.1	107	0.0	0.0	0.0
ARO:3006347	Groin	Week.3	100	0.0	0.0	0.0
ARO:3006347	Stool	Week.1	116	0.0	0.0	0.0
ARO:3006347	Stool	Week.3	102	3.9215686274509802	0.0	0.6359169607843137
ARO:3006354	Axilla	Week.1	114	0.0	0.0	0.0
ARO:3006354	Axilla	Week.3	103	0.0	0.0	0.0
ARO:3006354	Groin	Week.1	107	0.0	0.0	0.0
ARO:3006354	Groin	Week.3	100	0.0	0.0	0.0
ARO:3006354	Stool	Week.1	116	0.0	0.0	0.0
ARO:3006354	Stool	Week.3	102	3.9215686274509802	0.0	0.7810516666666667
ARO:3006392	Axilla	Week.1	114	0.0	0.0	0.0
ARO:3006392	Axilla	Week.3	103	0.0	0.0	0.0
ARO:3006392	Groin	Week.1	107	0.0	0.0	0.0
ARO:3006392	Groin	Week.3	100	0.0	0.0	0.0
ARO:3006392	Stool	Week.1	116	0.0	0.0	0.0
ARO:3006392	Stool	Week.3	102	2.941176470588235	0.0	0.7943029411764706
ARO:3006395	Axilla	Week.1	114	0.0	0.0	0.0
ARO:3006395	Axilla	Week.3	103	0.0	0.0	0.0
ARO:3006395	Groin	Week.1	107	0.0	0.0	0.0
ARO:3006395	Groin	Week.3	100	0.0	0.0	0.0
ARO:3006395	Stool	Week.1	116	0.0	0.0	0.0
ARO:3006395	Stool	Week.3	102	3.9215686274509802	0.0	0.7525163725490196
ARO:3006403	Axilla	Week.1	114	0.0	0.0	0.0
ARO:3006403	Axilla	Week.3	103	0.0	0.0	0.0
ARO:3006403	Groin	Week.1	107	0.9345794392523363	0.0	0.011984018691588784
ARO:3006403	Groin	Week.3	100	0.0	0.0	0.0
ARO:3006403	Stool	Week.1	116	0.0	0.0	0.0
ARO:3006403	Stool	Week.3	102	4.901960784313726	0.0	0.9117524509803921
ARO:3006407	Axilla	Week.1	114	0.0	0.0	0.0
ARO:3006407	Axilla	Week.3	103	0.0	0.0	0.0
ARO:3006407	Groin	Week.1	107	0.0	0.0	0.0
ARO:3006407	Groin	Week.3	100	0.0	0.0	0.0
ARO:3006407	Stool	Week.1	116	0.0	0.0	0.0
ARO:3006407	Stool	Week.3	102	1.9607843137254901	0.0	0.4010632352941177
ARO:3006410	Axilla	Week.1	114	0.0	0.0	0.0
ARO:3006410	Axilla	Week.3	103	0.0	0.0	0.0
ARO:3006410	Groin	Week.1	107	0.9345794392523363	0.0	0.014380747663551402
ARO:3006410	Groin	Week.3	100	0.0	0.0	0.0
ARO:3006410	Stool	Week.1	116	0.0	0.0	0.0
ARO:3006410	Stool	Week.3	102	3.9215686274509802	0.0	0.682368431372549
ARO:3006411	Axilla	Week.1	114	0.0	0.0	0.0
ARO:3006411	Axilla	Week.3	103	0.0	0.0	0.0
ARO:3006411	Groin	Week.1	107	0.0	0.0	0.0
ARO:3006411	Groin	Week.3	100	0.0	0.0	0.0
ARO:3006411	Stool	Week.1	116	0.0	0.0	0.0
ARO:3006411	Stool	Week.3	102	5.88235294117647	0.0	1.0061076078431372
ARO:3006413	Axilla	Week.1	114	0.0	0.0	0.0
ARO:3006413	Axilla	Week.3	103	0.0	0.0	0.0
ARO:3006413	Groin	Week.1	107	0.9345794392523363	0.0	0.016298224299065422
ARO:3006413	Groin	Week.3	100	0.0	0.0	0.0
ARO:3006413	Stool	Week.1	116	0.0	0.0	0.0
ARO:3006413	Stool	Week.3	102	5.88235294117647	0.0	1.047021205882353
ARO:3006419	Axilla	Week.1	114	0.0	0.0	0.0
ARO:3006419	Axilla	Week.3	103	0.0	0.0	0.0
ARO:3006419	Groin	Week.1	107	0.0	0.0	0.0
ARO:3006419	Groin	Week.3	100	0.0	0.0	0.0
ARO:3006419	Stool	Week.1	116	0.0	0.0	0.0
ARO:3006419	Stool	Week.3	102	3.9215686274509802	0.0	0.8947024411764706
ARO:3006428	Axilla	Week.1	114	0.0	0.0	0.0
ARO:3006428	Axilla	Week.3	103	0.0	0.0	0.0
ARO:3006428	Groin	Week.1	107	0.0	0.0	0.0
ARO:3006428	Groin	Week.3	100	0.0	0.0	0.0
ARO:3006428	Stool	Week.1	116	0.0	0.0	0.0
ARO:3006428	Stool	Week.3	102	1.9607843137254901	0.0	0.40281459803921565
ARO:3006432	Axilla	Week.1	114	0.0	0.0	0.0
ARO:3006432	Axilla	Week.3	103	0.0	0.0	0.0
ARO:3006432	Groin	Week.1	107	0.0	0.0	0.0
ARO:3006432	Groin	Week.3	100	0.0	0.0	0.0
ARO:3006432	Stool	Week.1	116	0.0	0.0	0.0
ARO:3006432	Stool	Week.3	102	4.901960784313726	0.0	0.6705667647058824
ARO:3006435	Axilla	Week.1	114	0.0	0.0	0.0
ARO:3006435	Axilla	Week.3	103	0.0	0.0	0.0
ARO:3006435	Groin	Week.1	107	0.9345794392523363	0.0	0.014380747663551402
ARO:3006435	Groin	Week.3	100	0.0	0.0	0.0
ARO:3006435	Stool	Week.1	116	0.0	0.0	0.0
ARO:3006435	Stool	Week.3	102	6.862745098039216	0.0	1.1147652549019609
ARO:3006445	Axilla	Week.1	114	0.0	0.0	0.0
ARO:3006445	Axilla	Week.3	103	0.0	0.0	0.0
ARO:3006445	Groin	Week.1	107	0.0	0.0	0.0
ARO:3006445	Groin	Week.3	100	0.0	0.0	0.0
ARO:3006445	Stool	Week.1	116	0.0	0.0	0.0
ARO:3006445	Stool	Week.3	102	1.9607843137254901	0.0	0.4221449019607843
ARO:3006457	Axilla	Week.1	114	0.0	0.0	0.0
ARO:3006457	Axilla	Week.3	103	0.0	0.0	0.0
ARO:3006457	Groin	Week.1	107	0.0	0.0	0.0
ARO:3006457	Groin	Week.3	100	1.0	0.0	0.0788819
ARO:3006457	Stool	Week.1	116	0.0	0.0	0.0
ARO:3006457	Stool	Week.3	102	0.9803921568627451	0.0	0.25616764705882356
ARO:3006458	Axilla	Week.1	114	0.0	0.0	0.0
ARO:3006458	Axilla	Week.3	103	0.0	0.0	0.0
ARO:3006458	Groin	Week.1	107	0.0	0.0	0.0
ARO:3006458	Groin	Week.3	100	0.0	0.0	0.0
ARO:3006458	Stool	Week.1	116	0.0	0.0	0.0
ARO:3006458	Stool	Week.3	102	0.9803921568627451	0.0	0.018019509803921568
ARO:3006461	Axilla	Week.1	114	0.0	0.0	0.0
ARO:3006461	Axilla	Week.3	103	0.0	0.0	0.0
ARO:3006461	Groin	Week.1	107	0.0	0.0	0.0
ARO:3006461	Groin	Week.3	100	4.0	0.0	0.4058992
ARO:3006461	Stool	Week.1	116	0.0	0.0	0.0
ARO:3006461	Stool	Week.3	102	6.862745098039216	0.0	0.6391030392156863
ARO:3006464	Axilla	Week.1	114	0.0	0.0	0.0
ARO:3006464	Axilla	Week.3	103	0.0	0.0	0.0
ARO:3006464	Groin	Week.1	107	0.0	0.0	0.0
ARO:3006464	Groin	Week.3	100	0.0	0.0	0.0
ARO:3006464	Stool	Week.1	116	0.8620689655172413	0.0	0.010102844827586206
ARO:3006464	Stool	Week.3	102	0.0	0.0	0.0
ARO:3006477	Axilla	Week.1	114	0.0	0.0	0.0
ARO:3006477	Axilla	Week.3	103	0.0	0.0	0.0
ARO:3006477	Groin	Week.1	107	0.0	0.0	0.0
ARO:3006477	Groin	Week.3	100	0.0	0.0	0.0
ARO:3006477	Stool	Week.1	116	0.0	0.0	0.0
ARO:3006477	Stool	Week.3	102	0.9803921568627451	0.0	0.020264215686274508
ARO:3006478	Axilla	Week.1	114	0.0	0.0	0.0
ARO:3006478	Axilla	Week.3	103	0.0	0.0	0.0
ARO:3006478	Groin	Week.1	107	0.0	0.0	0.0
ARO:3006478	Groin	Week.3	100	0.0	0.0	0.0
ARO:3006478	Stool	Week.1	116	0.0	0.0	0.0
ARO:3006478	Stool	Week.3	102	0.9803921568627451	0.0	0.020095392156862745
ARO:3006603	Axilla	Week.1	114	0.0	0.0	0.0
ARO:3006603	Axilla	Week.3	103	0.0	0.0	0.0
ARO:3006603	Groin	Week.1	107	0.0	0.0	0.0
ARO:3006603	Groin	Week.3	100	1.0	0.0	0.297914
ARO:3006603	Stool	Week.1	116	0.8620689655172413	0.0	0.009260948275862069
ARO:3006603	Stool	Week.3	102	0.0	0.0	0.0
ARO:3006614	Axilla	Week.1	114	0.0	0.0	0.0
ARO:3006614	Axilla	Week.3	103	0.0	0.0	0.0
ARO:3006614	Groin	Week.1	107	0.0	0.0	0.0
ARO:3006614	Groin	Week.3	100	1.0	0.0	0.382162
ARO:3006614	Stool	Week.1	116	0.0	0.0	0.0
ARO:3006614	Stool	Week.3	102	0.0	0.0	0.0
ARO:3006622	Axilla	Week.1	114	0.0	0.0	0.0
ARO:3006622	Axilla	Week.3	103	0.0	0.0	0.0
ARO:3006622	Groin	Week.1	107	0.0	0.0	0.0
ARO:3006622	Groin	Week.3	100	1.0	0.0	0.23295200000000002
ARO:3006622	Stool	Week.1	116	0.8620689655172413	0.0	0.009401293103448276
ARO:3006622	Stool	Week.3	102	0.0	0.0	0.0
ARO:3006641	Axilla	Week.1	114	0.0	0.0	0.0
ARO:3006641	Axilla	Week.3	103	0.0	0.0	0.0
ARO:3006641	Groin	Week.1	107	0.0	0.0	0.0
ARO:3006641	Groin	Week.3	100	1.0	0.0	0.41464399999999996
ARO:3006641	Stool	Week.1	116	0.0	0.0	0.0
ARO:3006641	Stool	Week.3	102	0.9803921568627451	0.0	0.0048529705882352945
ARO:3006663	Axilla	Week.1	114	0.0	0.0	0.0
ARO:3006663	Axilla	Week.3	103	0.0	0.0	0.0
ARO:3006663	Groin	Week.1	107	0.0	0.0	0.0
ARO:3006663	Groin	Week.3	100	1.0	0.0	0.309587
ARO:3006663	Stool	Week.1	116	0.8620689655172413	0.0	0.008559362068965518
ARO:3006663	Stool	Week.3	102	0.0	0.0	0.0
ARO:3006695	Axilla	Week.1	114	0.0	0.0	0.0
ARO:3006695	Axilla	Week.3	103	0.0	0.0	0.0
ARO:3006695	Groin	Week.1	107	0.0	0.0	0.0
ARO:3006695	Groin	Week.3	100	1.0	0.0	0.445095
ARO:3006695	Stool	Week.1	116	0.8620689655172413	0.0	0.007296508620689655
ARO:3006695	Stool	Week.3	102	0.9803921568627451	0.0	0.0048529705882352945
ARO:3006701	Axilla	Week.1	114	0.0	0.0	0.0
ARO:3006701	Axilla	Week.3	103	0.0	0.0	0.0
ARO:3006701	Groin	Week.1	107	0.0	0.0	0.0
ARO:3006701	Groin	Week.3	100	1.0	0.0	0.29131599999999996
ARO:3006701	Stool	Week.1	116	0.8620689655172413	0.0	0.009822241379310346
ARO:3006701	Stool	Week.3	102	0.0	0.0	0.0
ARO:3006702	Axilla	Week.1	114	0.0	0.0	0.0
ARO:3006702	Axilla	Week.3	103	0.0	0.0	0.0
ARO:3006702	Groin	Week.1	107	0.0	0.0	0.0
ARO:3006702	Groin	Week.3	100	1.0	0.0	0.224831
ARO:3006702	Stool	Week.1	116	0.8620689655172413	0.0	0.00954155172413793
ARO:3006702	Stool	Week.3	102	0.0	0.0	0.0
ARO:3006708	Axilla	Week.1	114	0.0	0.0	0.0
ARO:3006708	Axilla	Week.3	103	0.0	0.0	0.0
ARO:3006708	Groin	Week.1	107	0.0	0.0	0.0
ARO:3006708	Groin	Week.3	100	1.0	0.0	0.278121
ARO:3006708	Stool	Week.1	116	0.0	0.0	0.0
ARO:3006708	Stool	Week.3	102	0.0	0.0	0.0
ARO:3006709	Axilla	Week.1	114	0.0	0.0	0.0
ARO:3006709	Axilla	Week.3	103	0.0	0.0	0.0
ARO:3006709	Groin	Week.1	107	0.0	0.0	0.0
ARO:3006709	Groin	Week.3	100	1.0	0.0	0.271523
ARO:3006709	Stool	Week.1	116	0.0	0.0	0.0
ARO:3006709	Stool	Week.3	102	0.0	0.0	0.0
ARO:3006720	Axilla	Week.1	114	0.0	0.0	0.0
ARO:3006720	Axilla	Week.3	103	0.0	0.0	0.0
ARO:3006720	Groin	Week.1	107	0.0	0.0	0.0
ARO:3006720	Groin	Week.3	100	1.0	0.0	0.398911
ARO:3006720	Stool	Week.1	116	0.0	0.0	0.0
ARO:3006720	Stool	Week.3	102	0.9803921568627451	0.0	0.0043137450980392155
ARO:3006749	Axilla	Week.1	114	0.0	0.0	0.0
ARO:3006749	Axilla	Week.3	103	0.0	0.0	0.0
ARO:3006749	Groin	Week.1	107	0.0	0.0	0.0
ARO:3006749	Groin	Week.3	100	0.0	0.0	0.0
ARO:3006749	Stool	Week.1	116	0.8620689655172413	0.0	0.007156189655172414
ARO:3006749	Stool	Week.3	102	0.0	0.0	0.0
ARO:3006762	Axilla	Week.1	114	0.0	0.0	0.0
ARO:3006762	Axilla	Week.3	103	0.0	0.0	0.0
ARO:3006762	Groin	Week.1	107	0.0	0.0	0.0
ARO:3006762	Groin	Week.3	100	1.0	0.0	0.288779
ARO:3006762	Stool	Week.1	116	0.8620689655172413	0.0	0.009962500000000001
ARO:3006762	Stool	Week.3	102	0.0	0.0	0.0
ARO:3006787	Axilla	Week.1	114	0.0	0.0	0.0
ARO:3006787	Axilla	Week.3	103	0.0	0.0	0.0
ARO:3006787	Groin	Week.1	107	0.0	0.0	0.0
ARO:3006787	Groin	Week.3	100	1.0	0.0	0.29030100000000003
ARO:3006787	Stool	Week.1	116	0.8620689655172413	0.0	0.009401293103448276
ARO:3006787	Stool	Week.3	102	0.0	0.0	0.0
ARO:3006839	Axilla	Week.1	114	0.0	0.0	0.0
ARO:3006839	Axilla	Week.3	103	0.0	0.0	0.0
ARO:3006839	Groin	Week.1	107	0.0	0.0	0.0
ARO:3006839	Groin	Week.3	100	1.0	0.0	0.31517
ARO:3006839	Stool	Week.1	116	0.0	0.0	0.0
ARO:3006839	Stool	Week.3	102	0.0	0.0	0.0
ARO:3006853	Axilla	Week.1	114	0.0	0.0	0.0
ARO:3006853	Axilla	Week.3	103	0.9708737864077669	0.0	0.010183980582524272
ARO:3006853	Groin	Week.1	107	0.9345794392523363	0.0	0.5939261682242991
ARO:3006853	Groin	Week.3	100	2.0	0.0	0.15413224
ARO:3006853	Stool	Week.1	116	3.4482758620689653	0.0	0.6786901379310346
ARO:3006853	Stool	Week.3	102	4.901960784313726	0.0	0.5887782450980392
ARO:3006859	Axilla	Week.1	114	0.0	0.0	0.0
ARO:3006859	Axilla	Week.3	103	0.0	0.0	0.0
ARO:3006859	Groin	Week.1	107	0.0	0.0	0.0
ARO:3006859	Groin	Week.3	100	2.0	0.0	0.033287889999999994
ARO:3006859	Stool	Week.1	116	0.8620689655172413	0.0	0.07431241379310345
ARO:3006859	Stool	Week.3	102	3.9215686274509802	0.0	1.054609117647059
ARO:3006860	Axilla	Week.1	114	0.0	0.0	0.0
ARO:3006860	Axilla	Week.3	103	0.9708737864077669	0.0	0.009635592233009709
ARO:3006860	Groin	Week.1	107	0.0	0.0	0.0
ARO:3006860	Groin	Week.3	100	1.0	0.0	0.0275572
ARO:3006860	Stool	Week.1	116	0.0	0.0	0.0
ARO:3006860	Stool	Week.3	102	3.9215686274509802	0.0	1.024125882352941
ARO:3006861	Axilla	Week.1	114	0.0	0.0	0.0
ARO:3006861	Axilla	Week.3	103	0.9708737864077669	0.0	0.009635592233009709
ARO:3006861	Groin	Week.1	107	0.0	0.0	0.0
ARO:3006861	Groin	Week.3	100	1.0	0.0	0.029912499999999998
ARO:3006861	Stool	Week.1	116	0.0	0.0	0.0
ARO:3006861	Stool	Week.3	102	3.9215686274509802	0.0	1.119059411764706
ARO:3006862	Axilla	Week.1	114	0.0	0.0	0.0
ARO:3006862	Axilla	Week.3	103	0.0	0.0	0.0
ARO:3006862	Groin	Week.1	107	0.0	0.0	0.0
ARO:3006862	Groin	Week.3	100	1.0	0.0	0.0219044
ARO:3006862	Stool	Week.1	116	0.0	0.0	0.0
ARO:3006862	Stool	Week.3	102	3.9215686274509802	0.0	0.9814527352941177
ARO:3006874	Axilla	Week.1	114	0.0	0.0	0.0
ARO:3006874	Axilla	Week.3	103	1.9417475728155338	0.0	0.0334252427184466
ARO:3006874	Groin	Week.1	107	3.7383177570093453	0.0	0.8336210560747663
ARO:3006874	Groin	Week.3	100	15.0	0.0	1.92569531
ARO:3006874	Stool	Week.1	116	6.0344827586206895	0.0	1.9084577586206894
ARO:3006874	Stool	Week.3	102	14.705882352941178	0.0	2.8064983529411767
ARO:3006875	Axilla	Week.1	114	0.0	0.0	0.0
ARO:3006875	Axilla	Week.3	103	1.9417475728155338	0.0	0.0334252427184466
ARO:3006875	Groin	Week.1	107	3.7383177570093453	0.0	0.8338154485981307
ARO:3006875	Groin	Week.3	100	15.0	0.0	1.92663331
ARO:3006875	Stool	Week.1	116	6.0344827586206895	0.0	1.9095405172413793
ARO:3006875	Stool	Week.3	102	14.705882352941178	0.0	2.8094405098039217
ARO:3006876	Axilla	Week.1	114	0.0	0.0	0.0
ARO:3006876	Axilla	Week.3	103	1.9417475728155338	0.0	0.0334252427184466
ARO:3006876	Groin	Week.1	107	3.7383177570093453	0.0	0.8359098411214955
ARO:3006876	Groin	Week.3	100	15.0	0.0	1.9332563100000002
ARO:3006876	Stool	Week.1	116	6.0344827586206895	0.0	1.9156844827586208
ARO:3006876	Stool	Week.3	102	14.705882352941178	0.0	2.81443168627451
ARO:3006877	Axilla	Week.1	114	0.0	0.0	0.0
ARO:3006877	Axilla	Week.3	103	1.9417475728155338	0.0	0.0334252427184466
ARO:3006877	Groin	Week.1	107	3.7383177570093453	0.0	0.8336210560747663
ARO:3006877	Groin	Week.3	100	15.0	0.0	1.92569531
ARO:3006877	Stool	Week.1	116	6.0344827586206895	0.0	1.908406896551724
ARO:3006877	Stool	Week.3	102	14.705882352941178	0.0	2.8066424705882356
ARO:3006878	Axilla	Week.1	114	0.0	0.0	0.0
ARO:3006878	Axilla	Week.3	103	1.9417475728155338	0.0	0.0331578640776699
ARO:3006878	Groin	Week.1	107	3.7383177570093453	0.0	0.8349275981308412
ARO:3006878	Groin	Week.3	100	15.0	0.0	1.93115861
ARO:3006878	Stool	Week.1	116	6.0344827586206895	0.0	1.8980043103448276
ARO:3006878	Stool	Week.3	102	14.705882352941178	0.0	2.8103669019607844
ARO:3006879	Axilla	Week.1	114	0.0	0.0	0.0
ARO:3006879	Axilla	Week.3	103	2.912621359223301	0.0	0.045051067961165044
ARO:3006879	Groin	Week.1	107	3.7383177570093453	0.0	0.8100272242990654
ARO:3006879	Groin	Week.3	100	14.000000000000002	0.0	1.8844123099999999
ARO:3006879	Stool	Week.1	116	6.0344827586206895	0.0	1.8746086206896555
ARO:3006879	Stool	Week.3	102	14.705882352941178	0.0	2.774769774509804
ARO:3006904	Axilla	Week.1	114	0.0	0.0	0.0
ARO:3006904	Axilla	Week.3	103	0.0	0.0	0.0
ARO:3006904	Groin	Week.1	107	0.9345794392523363	0.0	0.04209018691588785
ARO:3006904	Groin	Week.3	100	1.0	0.0	0.00289078
ARO:3006904	Stool	Week.1	116	2.586206896551724	0.0	0.1457116379310345
ARO:3006904	Stool	Week.3	102	7.8431372549019605	0.0	0.28073805882352937
ARO:3006905	Axilla	Week.1	114	0.0	0.0	0.0
ARO:3006905	Axilla	Week.3	103	0.0	0.0	0.0
ARO:3006905	Groin	Week.1	107	0.9345794392523363	0.0	0.041813271028037384
ARO:3006905	Groin	Week.3	100	0.0	0.0	0.0
ARO:3006905	Stool	Week.1	116	3.4482758620689653	0.0	0.15191350862068964
ARO:3006905	Stool	Week.3	102	6.862745098039216	0.0	0.2605793137254902
ARO:3006932	Axilla	Week.1	114	0.0	0.0	0.0
ARO:3006932	Axilla	Week.3	103	0.0	0.0	0.0
ARO:3006932	Groin	Week.1	107	0.9345794392523363	0.0	0.004744514018691588
ARO:3006932	Groin	Week.3	100	2.0	0.0	0.0684013
ARO:3006932	Stool	Week.1	116	0.8620689655172413	0.0	0.06052629310344827
ARO:3006932	Stool	Week.3	102	1.9607843137254901	0.0	0.060577058823529414
ARO:3006933	Axilla	Week.1	114	0.0	0.0	0.0
ARO:3006933	Axilla	Week.3	103	0.0	0.0	0.0
ARO:3006933	Groin	Week.1	107	0.0	0.0	0.0
ARO:3006933	Groin	Week.3	100	1.0	0.0	0.025437400000000002
ARO:3006933	Stool	Week.1	116	0.8620689655172413	0.0	0.029898534482758622
ARO:3006933	Stool	Week.3	102	1.9607843137254901	0.0	0.04097617647058824
ARO:3006934	Axilla	Week.1	114	0.0	0.0	0.0
ARO:3006934	Axilla	Week.3	103	0.0	0.0	0.0
ARO:3006934	Groin	Week.1	107	0.9345794392523363	0.0	0.00509596261682243
ARO:3006934	Groin	Week.3	100	2.0	0.0	0.0489614
ARO:3006934	Stool	Week.1	116	0.8620689655172413	0.0	0.059797068965517244
ARO:3006934	Stool	Week.3	102	1.9607843137254901	0.0	0.048848431372549024
ARO:3006956	Axilla	Week.1	114	0.0	0.0	0.0
ARO:3006956	Axilla	Week.3	103	0.0	0.0	0.0
ARO:3006956	Groin	Week.1	107	0.0	0.0	0.0
ARO:3006956	Groin	Week.3	100	0.0	0.0	0.0
ARO:3006956	Stool	Week.1	116	0.8620689655172413	0.0	0.024760431034482756
ARO:3006956	Stool	Week.3	102	0.0	0.0	0.0
ARO:3006957	Axilla	Week.1	114	0.0	0.0	0.0
ARO:3006957	Axilla	Week.3	103	0.0	0.0	0.0
ARO:3006957	Groin	Week.1	107	0.0	0.0	0.0
ARO:3006957	Groin	Week.3	100	0.0	0.0	0.0
ARO:3006957	Stool	Week.1	116	0.0	0.0	0.0
ARO:3006957	Stool	Week.3	102	0.9803921568627451	0.0	0.0026441274509803924
ARO:3006958	Axilla	Week.1	114	0.0	0.0	0.0
ARO:3006958	Axilla	Week.3	103	0.0	0.0	0.0
ARO:3006958	Groin	Week.1	107	0.0	0.0	0.0
ARO:3006958	Groin	Week.3	100	0.0	0.0	0.0
ARO:3006958	Stool	Week.1	116	0.0	0.0	0.0
ARO:3006958	Stool	Week.3	102	0.9803921568627451	0.0	0.0026441274509803924
ARO:3006959	Axilla	Week.1	114	0.0	0.0	0.0
ARO:3006959	Axilla	Week.3	103	0.0	0.0	0.0
ARO:3006959	Groin	Week.1	107	0.0	0.0	0.0
ARO:3006959	Groin	Week.3	100	0.0	0.0	0.0
ARO:3006959	Stool	Week.1	116	0.0	0.0	0.0
ARO:3006959	Stool	Week.3	102	0.9803921568627451	0.0	0.0026441274509803924
ARO:3006960	Axilla	Week.1	114	0.0	0.0	0.0
ARO:3006960	Axilla	Week.3	103	0.0	0.0	0.0
ARO:3006960	Groin	Week.1	107	0.0	0.0	0.0
ARO:3006960	Groin	Week.3	100	0.0	0.0	0.0
ARO:3006960	Stool	Week.1	116	0.0	0.0	0.0
ARO:3006960	Stool	Week.3	102	0.9803921568627451	0.0	0.0026441274509803924
ARO:3006961	Axilla	Week.1	114	0.0	0.0	0.0
ARO:3006961	Axilla	Week.3	103	0.0	0.0	0.0
ARO:3006961	Groin	Week.1	107	0.0	0.0	0.0
ARO:3006961	Groin	Week.3	100	0.0	0.0	0.0
ARO:3006961	Stool	Week.1	116	0.0	0.0	0.0
ARO:3006961	Stool	Week.3	102	0.9803921568627451	0.0	0.0026441274509803924
ARO:3006962	Axilla	Week.1	114	0.0	0.0	0.0
ARO:3006962	Axilla	Week.3	103	0.0	0.0	0.0
ARO:3006962	Groin	Week.1	107	0.0	0.0	0.0
ARO:3006962	Groin	Week.3	100	0.0	0.0	0.0
ARO:3006962	Stool	Week.1	116	0.0	0.0	0.0
ARO:3006962	Stool	Week.3	102	0.9803921568627451	0.0	0.0026441274509803924
ARO:3006968	Axilla	Week.1	114	0.0	0.0	0.0
ARO:3006968	Axilla	Week.3	103	0.0	0.0	0.0
ARO:3006968	Groin	Week.1	107	0.0	0.0	0.0
ARO:3006968	Groin	Week.3	100	0.0	0.0	0.0
ARO:3006968	Stool	Week.1	116	0.0	0.0	0.0
ARO:3006968	Stool	Week.3	102	0.9803921568627451	0.0	0.0027590882352941173
ARO:3006969	Axilla	Week.1	114	0.0	0.0	0.0
ARO:3006969	Axilla	Week.3	103	0.0	0.0	0.0
ARO:3006969	Groin	Week.1	107	0.0	0.0	0.0
ARO:3006969	Groin	Week.3	100	0.0	0.0	0.0
ARO:3006969	Stool	Week.1	116	0.0	0.0	0.0
ARO:3006969	Stool	Week.3	102	0.9803921568627451	0.0	0.0027590882352941173
ARO:3006970	Axilla	Week.1	114	0.0	0.0	0.0
ARO:3006970	Axilla	Week.3	103	0.0	0.0	0.0
ARO:3006970	Groin	Week.1	107	0.0	0.0	0.0
ARO:3006970	Groin	Week.3	100	0.0	0.0	0.0
ARO:3006970	Stool	Week.1	116	0.0	0.0	0.0
ARO:3006970	Stool	Week.3	102	0.9803921568627451	0.0	0.0027590882352941173
ARO:3006971	Axilla	Week.1	114	0.0	0.0	0.0
ARO:3006971	Axilla	Week.3	103	0.0	0.0	0.0
ARO:3006971	Groin	Week.1	107	0.0	0.0	0.0
ARO:3006971	Groin	Week.3	100	0.0	0.0	0.0
ARO:3006971	Stool	Week.1	116	0.0	0.0	0.0
ARO:3006971	Stool	Week.3	102	0.9803921568627451	0.0	0.0027590882352941173
ARO:3006999	Axilla	Week.1	114	0.0	0.0	0.0
ARO:3006999	Axilla	Week.3	103	0.9708737864077669	0.0	0.010183980582524272
ARO:3006999	Groin	Week.1	107	0.9345794392523363	0.0	0.5936859813084112
ARO:3006999	Groin	Week.3	100	2.0	0.0	0.15413224
ARO:3006999	Stool	Week.1	116	3.4482758620689653	0.0	0.6783331724137931
ARO:3006999	Stool	Week.3	102	4.901960784313726	0.0	0.5887782450980392
ARO:3007042	Axilla	Week.1	114	0.0	0.0	0.0
ARO:3007042	Axilla	Week.3	103	0.0	0.0	0.0
ARO:3007042	Groin	Week.1	107	0.0	0.0	0.0
ARO:3007042	Groin	Week.3	100	0.0	0.0	0.0
ARO:3007042	Stool	Week.1	116	1.7241379310344827	0.0	0.04017034482758621
ARO:3007042	Stool	Week.3	102	0.0	0.0	0.0
ARO:3007248	Axilla	Week.1	114	0.0	0.0	0.0
ARO:3007248	Axilla	Week.3	103	0.0	0.0	0.0
ARO:3007248	Groin	Week.1	107	0.0	0.0	0.0
ARO:3007248	Groin	Week.3	100	0.0	0.0	0.0
ARO:3007248	Stool	Week.1	116	0.0	0.0	0.0
ARO:3007248	Stool	Week.3	102	0.9803921568627451	0.0	0.021784019607843135
ARO:3007249	Axilla	Week.1	114	0.0	0.0	0.0
ARO:3007249	Axilla	Week.3	103	0.0	0.0	0.0
ARO:3007249	Groin	Week.1	107	0.0	0.0	0.0
ARO:3007249	Groin	Week.3	100	0.0	0.0	0.0
ARO:3007249	Stool	Week.1	116	0.0	0.0	0.0
ARO:3007249	Stool	Week.3	102	0.9803921568627451	0.0	0.02364156862745098
ARO:3007250	Axilla	Week.1	114	0.0	0.0	0.0
ARO:3007250	Axilla	Week.3	103	0.0	0.0	0.0
ARO:3007250	Groin	Week.1	107	0.0	0.0	0.0
ARO:3007250	Groin	Week.3	100	0.0	0.0	0.0
ARO:3007250	Stool	Week.1	116	0.0	0.0	0.0
ARO:3007250	Stool	Week.3	102	0.9803921568627451	0.0	0.021952941176470588
ARO:3007251	Axilla	Week.1	114	0.0	0.0	0.0
ARO:3007251	Axilla	Week.3	103	0.0	0.0	0.0
ARO:3007251	Groin	Week.1	107	0.0	0.0	0.0
ARO:3007251	Groin	Week.3	100	0.0	0.0	0.0
ARO:3007251	Stool	Week.1	116	0.0	0.0	0.0
ARO:3007251	Stool	Week.3	102	0.9803921568627451	0.0	0.021108529411764707
ARO:3007252	Axilla	Week.1	114	0.0	0.0	0.0
ARO:3007252	Axilla	Week.3	103	0.0	0.0	0.0
ARO:3007252	Groin	Week.1	107	0.0	0.0	0.0
ARO:3007252	Groin	Week.3	100	0.0	0.0	0.0
ARO:3007252	Stool	Week.1	116	0.0	0.0	0.0
ARO:3007252	Stool	Week.3	102	0.9803921568627451	0.0	0.018237843137254902
ARO:3007253	Axilla	Week.1	114	0.0	0.0	0.0
ARO:3007253	Axilla	Week.3	103	0.0	0.0	0.0
ARO:3007253	Groin	Week.1	107	0.0	0.0	0.0
ARO:3007253	Groin	Week.3	100	0.0	0.0	0.0
ARO:3007253	Stool	Week.1	116	0.0	0.0	0.0
ARO:3007253	Stool	Week.3	102	0.9803921568627451	0.0	0.021784019607843135
ARO:3007254	Axilla	Week.1	114	0.0	0.0	0.0
ARO:3007254	Axilla	Week.3	103	0.0	0.0	0.0
ARO:3007254	Groin	Week.1	107	0.0	0.0	0.0
ARO:3007254	Groin	Week.3	100	0.0	0.0	0.0
ARO:3007254	Stool	Week.1	116	0.0	0.0	0.0
ARO:3007254	Stool	Week.3	102	0.9803921568627451	0.0	0.024485980392156863
ARO:3007255	Axilla	Week.1	114	0.0	0.0	0.0
ARO:3007255	Axilla	Week.3	103	0.0	0.0	0.0
ARO:3007255	Groin	Week.1	107	0.0	0.0	0.0
ARO:3007255	Groin	Week.3	100	0.0	0.0	0.0
ARO:3007255	Stool	Week.1	116	0.0	0.0	0.0
ARO:3007255	Stool	Week.3	102	0.9803921568627451	0.0	0.02093970588235294
ARO:3007256	Axilla	Week.1	114	0.0	0.0	0.0
ARO:3007256	Axilla	Week.3	103	0.0	0.0	0.0
ARO:3007256	Groin	Week.1	107	0.0	0.0	0.0
ARO:3007256	Groin	Week.3	100	0.0	0.0	0.0
ARO:3007256	Stool	Week.1	116	0.0	0.0	0.0
ARO:3007256	Stool	Week.3	102	0.9803921568627451	0.0	0.016042549019607843
ARO:3007257	Axilla	Week.1	114	0.0	0.0	0.0
ARO:3007257	Axilla	Week.3	103	0.0	0.0	0.0
ARO:3007257	Groin	Week.1	107	0.0	0.0	0.0
ARO:3007257	Groin	Week.3	100	0.0	0.0	0.0
ARO:3007257	Stool	Week.1	116	0.0	0.0	0.0
ARO:3007257	Stool	Week.3	102	0.9803921568627451	0.0	0.023303823529411766
ARO:3007258	Axilla	Week.1	114	0.0	0.0	0.0
ARO:3007258	Axilla	Week.3	103	0.0	0.0	0.0
ARO:3007258	Groin	Week.1	107	0.0	0.0	0.0
ARO:3007258	Groin	Week.3	100	0.0	0.0	0.0
ARO:3007258	Stool	Week.1	116	0.0	0.0	0.0
ARO:3007258	Stool	Week.3	102	0.9803921568627451	0.0	0.024992549019607846
ARO:3007259	Axilla	Week.1	114	0.0	0.0	0.0
ARO:3007259	Axilla	Week.3	103	0.0	0.0	0.0
ARO:3007259	Groin	Week.1	107	0.0	0.0	0.0
ARO:3007259	Groin	Week.3	100	0.0	0.0	0.0
ARO:3007259	Stool	Week.1	116	0.0	0.0	0.0
ARO:3007259	Stool	Week.3	102	0.9803921568627451	0.0	0.01469156862745098
ARO:3007260	Axilla	Week.1	114	0.0	0.0	0.0
ARO:3007260	Axilla	Week.3	103	0.0	0.0	0.0
ARO:3007260	Groin	Week.1	107	0.0	0.0	0.0
ARO:3007260	Groin	Week.3	100	0.0	0.0	0.0
ARO:3007260	Stool	Week.1	116	0.0	0.0	0.0
ARO:3007260	Stool	Week.3	102	0.9803921568627451	0.0	0.02364156862745098
ARO:3007263	Axilla	Week.1	114	0.0	0.0	0.0
ARO:3007263	Axilla	Week.3	103	0.0	0.0	0.0
ARO:3007263	Groin	Week.1	107	0.0	0.0	0.0
ARO:3007263	Groin	Week.3	100	0.0	0.0	0.0
ARO:3007263	Stool	Week.1	116	0.0	0.0	0.0
ARO:3007263	Stool	Week.3	102	0.9803921568627451	0.0	0.021952941176470588
ARO:3007265	Axilla	Week.1	114	0.0	0.0	0.0
ARO:3007265	Axilla	Week.3	103	0.0	0.0	0.0
ARO:3007265	Groin	Week.1	107	0.0	0.0	0.0
ARO:3007265	Groin	Week.3	100	0.0	0.0	0.0
ARO:3007265	Stool	Week.1	116	0.0	0.0	0.0
ARO:3007265	Stool	Week.3	102	0.9803921568627451	0.0	0.013002843137254902
ARO:3007267	Axilla	Week.1	114	0.0	0.0	0.0
ARO:3007267	Axilla	Week.3	103	0.0	0.0	0.0
ARO:3007267	Groin	Week.1	107	0.0	0.0	0.0
ARO:3007267	Groin	Week.3	100	0.0	0.0	0.0
ARO:3007267	Stool	Week.1	116	0.0	0.0	0.0
ARO:3007267	Stool	Week.3	102	0.9803921568627451	0.0	0.022797254901960783
ARO:3007268	Axilla	Week.1	114	0.0	0.0	0.0
ARO:3007268	Axilla	Week.3	103	0.0	0.0	0.0
ARO:3007268	Groin	Week.1	107	0.0	0.0	0.0
ARO:3007268	Groin	Week.3	100	0.0	0.0	0.0
ARO:3007268	Stool	Week.1	116	0.0	0.0	0.0
ARO:3007268	Stool	Week.3	102	0.9803921568627451	0.0	0.021615196078431376
ARO:3007269	Axilla	Week.1	114	0.0	0.0	0.0
ARO:3007269	Axilla	Week.3	103	0.0	0.0	0.0
ARO:3007269	Groin	Week.1	107	0.0	0.0	0.0
ARO:3007269	Groin	Week.3	100	0.0	0.0	0.0
ARO:3007269	Stool	Week.1	116	0.0	0.0	0.0
ARO:3007269	Stool	Week.3	102	0.9803921568627451	0.0	0.022797254901960783
ARO:3007274	Axilla	Week.1	114	0.0	0.0	0.0
ARO:3007274	Axilla	Week.3	103	0.0	0.0	0.0
ARO:3007274	Groin	Week.1	107	0.0	0.0	0.0
ARO:3007274	Groin	Week.3	100	4.0	0.0	0.19015871
ARO:3007274	Stool	Week.1	116	0.0	0.0	0.0
ARO:3007274	Stool	Week.3	102	4.901960784313726	0.0	2.4289116666666666
ARO:3007371	Axilla	Week.1	114	0.0	0.0	0.0
ARO:3007371	Axilla	Week.3	103	0.0	0.0	0.0
ARO:3007371	Groin	Week.1	107	0.9345794392523363	0.0	0.02702355140186916
ARO:3007371	Groin	Week.3	100	0.0	0.0	0.0
ARO:3007371	Stool	Week.1	116	0.8620689655172413	0.0	0.05110612068965517
ARO:3007371	Stool	Week.3	102	0.9803921568627451	0.0	0.00374656862745098
ARO:3007372	Axilla	Week.1	114	0.0	0.0	0.0
ARO:3007372	Axilla	Week.3	103	0.0	0.0	0.0
ARO:3007372	Groin	Week.1	107	0.0	0.0	0.0
ARO:3007372	Groin	Week.3	100	0.0	0.0	0.0
ARO:3007372	Stool	Week.1	116	1.7241379310344827	0.0	0.015212784482758621
ARO:3007372	Stool	Week.3	102	2.941176470588235	0.0	0.04100990196078431
ARO:3007491	Axilla	Week.1	114	0.0	0.0	0.0
ARO:3007491	Axilla	Week.3	103	0.0	0.0	0.0
ARO:3007491	Groin	Week.1	107	0.0	0.0	0.0
ARO:3007491	Groin	Week.3	100	1.0	0.0	0.265433
ARO:3007491	Stool	Week.1	116	0.8620689655172413	0.0	0.01192698275862069
ARO:3007491	Stool	Week.3	102	0.0	0.0	0.0
ARO:3007527	Axilla	Week.1	114	1.7543859649122806	0.0	0.062000000000000006
ARO:3007527	Axilla	Week.3	103	1.9417475728155338	0.0	0.015816
ARO:3007527	Groin	Week.1	107	0.0	0.0	0.0
ARO:3007527	Groin	Week.3	100	0.0	0.0	0.0
ARO:3007527	Stool	Week.1	116	0.0	0.0	0.0
ARO:3007527	Stool	Week.3	102	0.0	0.0	0.0
ARO:3007637	Axilla	Week.1	114	0.0	0.0	0.0
ARO:3007637	Axilla	Week.3	103	0.0	0.0	0.0
ARO:3007637	Groin	Week.1	107	0.9345794392523363	0.0	0.09221084112149533
ARO:3007637	Groin	Week.3	100	3.0	0.0	0.0347134
ARO:3007637	Stool	Week.1	116	6.896551724137931	0.0	0.5094128448275861
ARO:3007637	Stool	Week.3	102	11.76470588235294	0.0	0.6942744117647058
ARO:3007671	Axilla	Week.1	114	0.0	0.0	0.0
ARO:3007671	Axilla	Week.3	103	0.0	0.0	0.0
ARO:3007671	Groin	Week.1	107	0.9345794392523363	0.0	0.015506915887850468
ARO:3007671	Groin	Week.3	100	0.0	0.0	0.0
ARO:3007671	Stool	Week.1	116	6.0344827586206895	0.0	0.0828161724137931
ARO:3007671	Stool	Week.3	102	9.803921568627452	0.0	0.17131819607843138
ARO:3007751	Axilla	Week.1	114	7.894736842105263	0.0	0.6467743859649123
ARO:3007751	Axilla	Week.3	103	19.41747572815534	0.0	2.2125547572815534
ARO:3007751	Groin	Week.1	107	24.299065420560748	0.0	9.43801257009346
ARO:3007751	Groin	Week.3	100	67.0	15.8171	28.219471699999996
ARO:3007751	Stool	Week.1	116	36.206896551724135	0.0	23.112415043103447
ARO:3007751	Stool	Week.3	102	76.47058823529412	55.4025	55.03838362745099
ARO:3007752	Axilla	Week.1	114	7.017543859649122	0.0	0.7979346491228071
ARO:3007752	Axilla	Week.3	103	25.24271844660194	0.0	2.7221997572815533
ARO:3007752	Groin	Week.1	107	28.037383177570092	0.0	10.290808579439252
ARO:3007752	Groin	Week.3	100	68.0	16.29935	31.4461136
ARO:3007752	Stool	Week.1	116	37.06896551724138	0.0	24.315133879310345
ARO:3007752	Stool	Week.3	102	78.43137254901961	59.49025	59.15782382352941
ARO:3007770	Axilla	Week.1	114	0.0	0.0	0.0
ARO:3007770	Axilla	Week.3	103	0.0	0.0	0.0
ARO:3007770	Groin	Week.1	107	0.0	0.0	0.0
ARO:3007770	Groin	Week.3	100	0.0	0.0	0.0
ARO:3007770	Stool	Week.1	116	0.0	0.0	0.0
ARO:3007770	Stool	Week.3	102	0.9803921568627451	0.0	0.1550764705882353
ARO:3007771	Axilla	Week.1	114	0.0	0.0	0.0
ARO:3007771	Axilla	Week.3	103	0.0	0.0	0.0
ARO:3007771	Groin	Week.1	107	0.0	0.0	0.0
ARO:3007771	Groin	Week.3	100	0.0	0.0	0.0
ARO:3007771	Stool	Week.1	116	0.0	0.0	0.0
ARO:3007771	Stool	Week.3	102	0.9803921568627451	0.0	0.1344607843137255
